run_id,block,arm,uclamp_min_arm,cycle_id,req_min_at_wake,eff_min_at_wake,eff_active_at_wake,eff_bucket_at_wake,req_min_at_place,eff_min_at_place,eff_active_at_place,eff_bucket_at_place,eff_max_at_place,start_cpu,candidate_mask,min_util,most_spare_cap,order_index,end_index,skip,prev_cpu,util_raw,best_energy_cpu,fastpath,demand_raw,pred_demand,misfit,selected_cpu,first_run_cpu,wake_latency_us,initial_junction_c,peak_junction_c
s2b-r01,1,A,0,s2b-r01-0,0,0,0,0,0,0,1,0,1024,0,16,152,-1,0,0,-1,4,152,4,2,2379757,164,0,4,4,22.0,44.8,50.5
s2b-r01,1,A,0,s2b-r01-1,0,0,0,0,0,0,1,0,1024,0,16,96,-1,0,0,-1,4,96,4,2,1509537,85,0,4,4,62.0,44.8,50.5
s2b-r01,1,A,0,s2b-r01-2,0,0,0,0,0,0,1,0,1024,0,16,92,-1,0,0,-1,4,92,4,2,1440434,68,0,4,4,33.0,44.8,50.5
s2b-r01,1,A,0,s2b-r01-3,0,0,0,0,0,0,1,0,1024,0,16,77,-1,0,0,-1,4,77,4,2,1211588,31,0,4,4,73.0,44.8,50.5
s2b-r01,1,A,0,s2b-r01-4,0,0,0,0,0,0,1,0,1024,0,16,148,-1,0,0,-1,4,148,4,2,2321380,148,0,4,4,80.0,44.8,50.5
s2b-r01,1,A,0,s2b-r01-5,0,0,0,0,0,0,1,0,1024,0,8,154,1,0,0,-1,4,154,3,0,2413009,154,0,3,3,37.0,44.8,50.5
s2b-r01,1,A,0,s2b-r01-6,0,0,0,0,0,0,1,0,1024,0,4,164,-1,0,0,-1,2,164,2,2,2569798,164,0,2,2,21.0,44.8,50.5
s2b-r01,1,A,0,s2b-r01-7,0,0,0,0,0,0,1,0,1024,0,4,123,-1,0,0,-1,2,123,2,2,1933822,107,0,2,2,44.0,44.8,50.5
s2b-r01,1,A,0,s2b-r01-8,0,0,0,0,0,0,1,0,1024,0,32,153,-1,0,0,-1,5,153,5,2,2391287,153,0,5,5,64.0,44.8,50.5
s2b-r01,1,A,0,s2b-r01-9,0,0,0,0,0,0,1,0,1024,0,32,152,-1,0,0,-1,5,152,5,2,2377156,153,0,5,5,65.0,44.8,50.5
s2b-r01,1,A,0,s2b-r01-10,0,0,0,0,0,0,1,0,1024,0,32,151,-1,0,0,-1,5,151,5,2,2367578,153,0,5,5,82.0,44.8,50.5
s2b-r01,1,A,0,s2b-r01-11,0,0,0,0,0,0,1,0,1024,0,32,121,-1,0,0,-1,5,121,5,2,1898803,14,0,5,5,111.0,44.8,50.5
s2b-r01,1,A,0,s2b-r01-12,0,0,0,0,0,0,1,0,1024,0,32,90,-1,0,0,-1,5,90,5,2,1413826,66,0,5,5,78.0,44.8,50.5
s2b-r01,1,A,0,s2b-r01-13,0,0,0,0,0,0,1,0,1024,0,16,116,4,0,0,-1,2,116,2,0,1821041,116,0,2,2,56.0,44.8,50.5
s2b-r01,1,A,0,s2b-r01-14,0,0,0,0,0,0,1,0,1024,0,4,142,-1,0,0,-1,2,142,2,2,2220651,142,0,2,2,42.0,44.8,50.5
s2b-r01,1,A,0,s2b-r01-15,0,0,0,0,0,0,1,0,1024,0,4,83,-1,0,0,-1,2,83,2,2,1310079,55,0,2,2,67.0,44.8,50.5
s2b-r01,1,A,0,s2b-r01-16,0,0,0,0,0,0,1,0,1024,0,1,89,0,0,0,-1,2,89,0,0,1391562,83,0,0,0,103.0,44.8,50.5
s2b-r01,1,A,0,s2b-r01-17,0,0,0,0,0,0,1,0,1024,0,2,154,1,0,0,-1,0,154,1,0,2413795,154,0,1,1,22.0,44.8,50.5
s2b-r01,1,A,0,s2b-r01-18,0,0,0,0,0,0,1,0,1024,0,1,174,0,0,0,-1,5,174,0,0,2719876,174,0,0,0,23.0,44.8,50.5
s2b-r01,1,A,0,s2b-r01-19,0,0,0,0,0,0,1,0,1024,0,2,151,1,0,0,-1,0,151,1,0,2374402,154,0,1,1,226.0,44.8,50.5
s2b-r01,1,A,0,s2b-r01-20,0,0,0,0,0,0,1,0,1024,0,1,127,0,0,0,-1,1,127,0,0,1987026,95,0,0,0,78.0,44.8,50.5
s2b-r01,1,A,0,s2b-r01-21,0,0,0,0,0,0,1,0,1024,0,2,65,-1,0,0,-1,1,65,1,2,1018173,95,0,1,1,62.0,44.8,50.5
s2b-r01,1,A,0,s2b-r01-22,0,0,0,0,0,0,1,0,1024,0,32,65,5,0,0,-1,0,65,5,0,1015694,11,0,5,5,117.0,44.8,50.5
s2b-r01,1,A,0,s2b-r01-23,0,0,0,0,0,0,1,0,1024,0,32,152,-1,0,0,-1,5,152,5,2,2375654,152,0,5,5,109.0,44.8,50.5
s2b-r01,1,A,0,s2b-r01-24,0,0,0,0,0,0,1,0,1024,0,16,92,-1,0,0,-1,4,92,4,2,1452947,53,0,4,4,47.0,44.8,50.5
s2b-r01,1,A,0,s2b-r01-25,0,0,0,0,0,0,1,0,1024,0,16,92,-1,0,0,-1,4,92,4,2,1439798,21,0,4,4,106.0,44.8,50.5
s2b-r01,1,A,0,s2b-r01-26,0,0,0,0,0,0,1,0,1024,0,8,70,1,0,0,-1,4,70,3,0,1101234,66,0,3,3,216.0,44.8,50.5
s2b-r01,1,A,0,s2b-r01-27,0,0,0,0,0,0,1,0,1024,0,32,125,5,0,0,-1,3,125,3,0,1963295,125,0,0,5,98.0,44.8,50.5
s2b-r01,1,A,0,s2b-r01-28,0,0,0,0,0,0,1,0,1024,0,2,150,0,0,0,-1,5,150,1,0,2343816,150,0,1,1,35.0,44.8,50.5
s2b-r01,1,A,0,s2b-r01-29,0,0,0,0,0,0,1,0,1024,0,2,90,-1,0,0,-1,1,90,1,2,1419230,125,0,1,1,27.0,44.8,50.5
s2b-r01,1,A,0,s2b-r01-30,0,0,0,0,0,0,1,0,1024,0,2,90,-1,0,0,-1,1,90,1,2,1409222,3,0,1,1,53.0,44.8,50.5
s2b-r01,1,A,0,s2b-r01-31,0,0,0,0,0,0,1,0,1024,0,32,73,-1,0,0,-1,5,73,5,2,1143122,61,0,5,5,55.0,44.8,50.5
s2b-r01,1,A,0,s2b-r01-32,0,0,0,0,0,0,1,0,1024,0,16,119,-1,0,0,-1,4,119,4,2,1859878,119,0,4,4,26.0,44.8,50.5
s2b-r01,1,A,0,s2b-r01-33,0,0,0,0,0,0,1,0,1024,0,16,138,-1,0,0,-1,4,138,4,2,2163461,138,0,4,4,45.0,44.8,50.5
s2b-r01,1,A,0,s2b-r01-34,0,0,0,0,0,0,1,0,1024,0,16,60,-1,0,0,-1,4,60,4,2,944247,11,0,4,4,81.0,44.8,50.5
s2b-r01,1,A,0,s2b-r01-35,0,0,0,0,0,0,1,0,1024,0,32,60,4,0,0,-1,1,60,5,0,951693,120,0,5,5,164.0,44.8,50.5
s2b-r01,1,A,0,s2b-r01-36,0,0,0,0,0,0,1,0,1024,0,2,74,-1,0,0,-1,1,74,1,2,1167995,120,0,1,1,101.0,44.8,50.5
s2b-r01,1,A,0,s2b-r01-37,0,0,0,0,0,0,1,0,1024,0,2,110,-1,0,0,-1,1,110,1,2,1730932,110,0,1,1,35.0,44.8,50.5
s2b-r01,1,A,0,s2b-r01-38,0,0,0,0,0,0,1,0,1024,0,32,159,-1,0,0,-1,5,159,5,2,2499381,159,0,5,5,32.0,44.8,50.5
s2b-r01,1,A,0,s2b-r01-39,0,0,0,0,0,0,1,0,1024,0,32,136,-1,0,0,-1,5,136,5,2,2138786,159,0,5,5,20.0,44.8,50.5
s2b-r01,1,A,0,s2b-r01-40,0,0,0,0,0,0,1,0,1024,0,1,96,-1,0,0,-1,0,96,0,2,1509889,41,0,0,0,17.0,44.8,50.5
s2b-r01,1,A,0,s2b-r01-41,0,0,0,0,0,0,1,0,1024,0,16,150,1,0,0,-1,0,150,4,0,2356063,150,0,4,4,122.0,44.8,50.5
s2b-r01,1,A,0,s2b-r01-42,0,0,0,0,0,0,1,0,1024,0,32,69,1,0,0,-1,4,69,5,0,1079253,41,0,5,5,91.0,44.8,50.5
s2b-r01,1,A,0,s2b-r01-43,0,0,0,0,0,0,1,0,1024,0,2,70,1,0,0,-1,5,70,5,0,1100883,82,0,5,1,120.0,44.8,50.5
s2b-r01,1,A,0,s2b-r01-44,0,0,0,0,0,0,1,0,1024,0,2,99,-1,0,0,-1,1,99,1,2,1555632,99,0,1,1,103.0,44.8,50.5
s2b-r01,1,A,0,s2b-r01-45,0,0,0,0,0,0,1,0,1024,0,1,74,0,0,0,-1,1,74,0,0,1169586,34,0,0,0,83.0,44.8,50.5
s2b-r01,1,A,0,s2b-r01-46,0,0,0,0,0,0,1,0,1024,0,16,93,-1,0,0,-1,4,93,4,2,1456376,93,0,4,4,79.0,44.8,50.5
s2b-r01,1,A,0,s2b-r01-47,0,0,0,0,0,0,1,0,1024,0,16,142,-1,0,0,-1,4,142,4,2,2224751,142,0,4,4,44.0,44.8,50.5
s2b-r01,1,A,0,s2b-r01-48,0,0,0,0,0,0,1,0,1024,0,16,136,-1,0,0,-1,4,136,4,2,2130143,136,0,4,4,19.0,44.8,50.5
s2b-r01,1,A,0,s2b-r01-49,0,0,0,0,0,0,1,0,1024,0,2,151,-1,0,0,-1,1,151,1,2,2368702,151,0,1,1,18.0,44.8,50.5
s2b-r01,1,A,0,s2b-r01-50,0,0,0,0,0,0,1,0,1024,0,32,151,4,0,0,-1,1,151,5,0,2373343,151,0,5,5,46.0,44.8,50.5
s2b-r01,1,A,0,s2b-r01-51,0,0,0,0,0,0,1,0,1024,0,2,118,-1,0,0,-1,1,118,1,2,1857884,23,0,1,1,63.0,44.8,50.5
s2b-r01,1,A,0,s2b-r01-52,0,0,0,0,0,0,1,0,1024,0,2,91,-1,0,0,-1,1,91,1,2,1432139,68,0,1,1,64.0,44.8,50.5
s2b-r01,1,A,0,s2b-r01-53,0,0,0,0,0,0,1,0,1024,0,2,65,-1,0,0,-1,1,65,1,2,1029675,52,0,1,1,26.0,44.8,50.5
s2b-r01,1,A,0,s2b-r01-54,0,0,0,0,0,0,1,0,1024,0,16,152,-1,0,0,-1,4,152,4,2,2379156,152,0,4,4,53.0,44.8,50.5
s2b-r01,1,A,0,s2b-r01-55,0,0,0,0,0,0,1,0,1024,0,16,138,-1,0,0,-1,4,138,4,2,2157483,152,0,4,4,45.0,44.8,50.5
s2b-r01,1,A,0,s2b-r01-56,0,0,0,0,0,0,1,0,1024,0,16,148,-1,0,0,-1,4,148,4,2,2313562,152,0,4,4,106.0,44.8,50.5
s2b-r01,1,A,0,s2b-r01-57,0,0,0,0,0,0,1,0,1024,0,32,94,5,0,0,-1,0,94,0,0,1473186,76,0,0,0,58.0,44.8,50.5
s2b-r01,1,A,0,s2b-r01-58,0,0,0,0,0,0,1,0,1024,0,8,133,-1,0,0,-1,3,133,3,2,2084145,133,0,3,3,46.0,44.8,50.5
s2b-r01,1,A,0,s2b-r01-59,0,0,0,0,0,0,1,0,1024,0,8,112,-1,0,0,-1,3,112,3,2,1756650,112,0,3,3,26.0,44.8,50.5
s2b-r01,1,A,0,s2b-r01-60,0,0,0,0,0,0,1,0,1024,0,8,148,-1,0,0,-1,3,148,3,2,2317380,148,0,3,3,29.0,44.8,50.5
s2b-r01,1,A,0,s2b-r01-61,0,0,0,0,0,0,1,0,1024,0,8,149,-1,0,0,-1,3,149,3,2,2335356,149,0,3,3,29.0,44.8,50.5
s2b-r01,1,A,0,s2b-r01-62,0,0,0,0,0,0,1,0,1024,0,2,146,0,0,0,-1,3,146,1,0,2286833,148,0,1,1,59.0,44.8,50.5
s2b-r01,1,A,0,s2b-r01-63,0,0,0,0,0,0,1,0,1024,0,2,111,-1,0,0,-1,1,111,1,2,1743620,111,0,1,1,79.0,44.8,50.5
s2b-r01,1,A,0,s2b-r01-64,0,0,0,0,0,0,1,0,1024,0,2,60,-1,0,0,-1,1,60,1,2,944003,111,0,1,1,102.0,44.8,50.5
s2b-r01,1,A,0,s2b-r01-65,0,0,0,0,0,0,1,0,1024,0,2,78,-1,0,0,-1,1,78,1,2,1220173,78,0,1,1,21.0,44.8,50.5
s2b-r01,1,A,0,s2b-r01-66,0,0,0,0,0,0,1,0,1024,0,16,97,-1,0,0,-1,4,97,4,2,1524228,97,0,4,4,33.0,44.8,50.5
s2b-r01,1,A,0,s2b-r01-67,0,0,0,0,0,0,1,0,1024,0,16,75,-1,0,0,-1,4,75,4,2,1186950,78,0,4,4,35.0,44.8,50.5
s2b-r01,1,A,0,s2b-r01-68,0,0,0,0,0,0,1,0,1024,0,32,82,-1,0,0,-1,5,82,5,2,1284085,5,0,5,5,78.0,44.8,50.5
s2b-r01,1,A,0,s2b-r01-69,0,0,0,0,0,0,1,0,1024,0,1,73,0,0,0,-1,1,73,0,0,1150483,44,0,0,0,50.0,44.8,50.5
s2b-r01,1,A,0,s2b-r01-70,0,0,0,0,0,0,1,0,1024,0,2,67,-1,0,0,-1,1,67,1,2,1054642,62,0,1,1,16.0,44.8,50.5
s2b-r01,1,A,0,s2b-r01-71,0,0,0,0,0,0,1,0,1024,0,2,153,-1,0,0,-1,1,153,1,2,2392804,153,0,1,1,22.0,44.8,50.5
s2b-r01,1,A,0,s2b-r01-72,0,0,0,0,0,0,1,0,1024,0,32,94,5,0,0,-1,1,94,5,0,1471508,63,0,5,5,79.0,44.8,50.5
s2b-r01,1,A,0,s2b-r01-73,0,0,0,0,0,0,1,0,1024,0,16,118,-1,0,0,-1,4,118,4,2,1852364,118,0,4,4,17.0,44.8,50.5
s2b-r01,1,A,0,s2b-r01-74,0,0,0,0,0,0,1,0,1024,0,16,132,-1,0,0,-1,4,132,4,2,2076160,132,0,4,4,31.0,44.8,50.5
s2b-r01,1,A,0,s2b-r01-75,0,0,0,0,0,0,1,0,1024,0,32,84,5,0,0,-1,4,84,4,0,1326656,118,0,4,5,198.0,44.8,50.5
s2b-r01,1,A,0,s2b-r01-76,0,0,0,0,0,0,1,0,1024,0,8,106,1,0,0,-1,0,106,3,0,1660516,106,0,3,3,37.0,44.8,50.5
s2b-r01,1,A,0,s2b-r01-77,0,0,0,0,0,0,1,0,1024,0,4,113,0,0,0,-1,3,113,2,0,1767376,113,0,2,2,29.0,44.8,50.5
s2b-r01,1,A,0,s2b-r01-78,0,0,0,0,0,0,1,0,1024,0,4,151,-1,0,0,-1,2,151,2,2,2371691,151,0,2,2,63.0,44.8,50.5
s2b-r01,1,A,0,s2b-r01-79,0,0,0,0,0,0,1,0,1024,0,4,145,-1,0,0,-1,2,145,2,2,2278801,145,0,2,2,65.0,44.8,50.5
s2b-r01,1,A,0,s2b-r01-80,0,0,0,0,0,0,1,0,1024,0,1,112,0,0,0,-1,4,112,0,0,1763328,97,0,0,0,177.0,44.8,50.5
s2b-r01,1,A,0,s2b-r01-81,0,0,0,0,0,0,1,0,1024,0,16,92,-1,0,0,-1,4,92,4,2,1440266,55,0,4,4,78.0,44.8,50.5
s2b-r01,1,A,0,s2b-r01-82,0,0,0,0,0,0,1,0,1024,0,16,88,-1,0,0,-1,4,88,4,2,1379738,88,0,4,4,107.0,44.8,50.5
s2b-r01,1,A,0,s2b-r01-83,0,0,0,0,0,0,1,0,1024,0,16,122,-1,0,0,-1,4,122,4,2,1913936,122,0,4,4,105.0,44.8,50.5
s2b-r01,1,A,0,s2b-r01-84,0,0,0,0,0,0,1,0,1024,0,16,77,-1,0,0,-1,4,77,4,2,1212465,56,0,4,4,104.0,44.8,50.5
s2b-r01,1,A,0,s2b-r01-85,0,0,0,0,0,0,1,0,1024,0,32,123,-1,0,0,-1,5,123,5,2,1934091,123,0,5,5,20.0,44.8,50.5
s2b-r01,1,A,0,s2b-r01-86,0,0,0,0,0,0,1,0,1024,0,32,146,-1,0,0,-1,5,146,5,2,2296755,146,0,5,5,52.0,44.8,50.5
s2b-r01,1,A,0,s2b-r01-87,0,0,0,0,0,0,1,0,1024,0,32,84,-1,0,0,-1,5,84,5,2,1321635,83,0,5,5,49.0,44.8,50.5
s2b-r01,1,A,0,s2b-r01-88,0,0,0,0,0,0,1,0,1024,0,16,93,4,0,0,-1,5,93,5,0,1459600,83,0,5,0,386.0,44.8,50.5
s2b-r01,1,A,0,s2b-r01-89,0,0,0,0,0,0,1,0,1024,0,16,177,-1,0,0,-1,4,177,4,2,2768707,177,0,4,4,44.0,44.8,50.5
s2b-r01,1,A,0,s2b-r01-90,0,0,0,0,0,0,1,0,1024,0,16,149,-1,0,0,-1,4,149,4,2,2336123,149,0,4,4,62.0,44.8,50.5
s2b-r01,1,A,0,s2b-r01-91,0,0,0,0,0,0,1,0,1024,0,16,95,-1,0,0,-1,4,95,4,2,1493608,17,0,4,4,79.0,44.8,50.5
s2b-r01,1,A,0,s2b-r01-92,0,0,0,0,0,0,1,0,1024,0,32,60,-1,0,0,-1,5,60,5,2,951117,34,0,5,5,55.0,44.8,50.5
s2b-r01,1,A,0,s2b-r01-93,0,0,0,0,0,0,1,0,1024,0,16,73,-1,0,0,-1,4,73,4,2,1143455,73,0,4,4,73.0,44.8,50.5
s2b-r01,1,A,0,s2b-r01-94,0,0,0,0,0,0,1,0,1024,0,16,89,-1,0,0,-1,4,89,4,2,1395946,89,0,4,4,85.0,44.8,50.5
s2b-r01,1,A,0,s2b-r01-95,0,0,0,0,0,0,1,0,1024,0,16,115,-1,0,0,-1,4,115,4,2,1800566,115,0,4,4,52.0,44.8,50.5
s2b-r01,1,A,0,s2b-r01-96,0,0,0,0,0,0,1,0,1024,0,16,77,0,0,0,-1,4,77,4,0,1217384,34,0,4,4,321.0,44.8,50.5
s2b-r01,1,A,0,s2b-r01-97,0,0,0,0,0,0,1,0,1024,0,32,85,-1,0,0,-1,5,85,5,2,1332819,12,0,5,5,36.0,44.8,50.5
s2b-r01,1,A,0,s2b-r01-98,0,0,0,0,0,0,1,0,1024,0,32,157,-1,0,0,-1,5,157,5,2,2468640,157,0,5,5,21.0,44.8,50.5
s2b-r01,1,A,0,s2b-r01-99,0,0,0,0,0,0,1,0,1024,0,16,151,4,0,0,-1,5,151,5,0,2369101,157,0,5,2,121.0,44.8,50.5
s2b-r01,1,A,0,s2b-r01-100,0,0,0,0,0,0,1,0,1024,0,4,153,-1,0,0,-1,2,153,2,2,2390909,157,0,2,2,65.0,44.8,50.5
s2b-r01,1,A,0,s2b-r01-101,0,0,0,0,0,0,1,0,1024,0,2,123,-1,0,0,-1,1,123,1,2,1930637,27,0,1,1,34.0,44.8,50.5
s2b-r01,1,A,0,s2b-r01-102,0,0,0,0,0,0,1,0,1024,0,2,149,-1,0,0,-1,1,149,1,2,2340369,149,0,1,1,106.0,44.8,50.5
s2b-r01,1,A,0,s2b-r01-103,0,0,0,0,0,0,1,0,1024,0,16,93,-1,0,0,-1,4,93,4,2,1463618,56,0,4,4,81.0,44.8,50.5
s2b-r01,1,A,0,s2b-r01-104,0,0,0,0,0,0,1,0,1024,0,16,94,1,0,0,-1,0,94,4,0,1482305,94,0,4,4,26.0,44.8,50.5
s2b-r01,1,A,0,s2b-r01-105,0,0,0,0,0,0,1,0,1024,0,16,148,4,0,0,-1,4,148,4,0,2324069,148,0,4,4,83.0,44.8,50.5
s2b-r01,1,A,0,s2b-r01-106,0,0,0,0,0,0,1,0,1024,0,16,92,-1,0,0,-1,4,92,4,2,1442327,94,0,4,4,101.0,44.8,50.5
s2b-r01,1,A,0,s2b-r01-107,0,0,0,0,0,0,1,0,1024,0,2,90,1,0,0,-1,5,90,1,0,1421290,78,0,1,1,100.0,44.8,50.5
s2b-r01,1,A,0,s2b-r01-108,0,0,0,0,0,0,1,0,1024,0,1,63,0,0,0,-1,5,63,0,0,990576,78,0,0,0,73.0,44.8,50.5
s2b-r01,1,A,0,s2b-r01-109,0,0,0,0,0,0,1,0,1024,0,16,64,4,0,0,-1,1,64,1,0,1009058,58,0,1,1,83.0,44.8,50.5
s2b-r01,1,A,0,s2b-r01-110,0,0,0,0,0,0,1,0,1024,0,16,74,-1,0,0,-1,4,74,4,2,1160250,74,0,4,4,24.0,44.8,50.5
s2b-r01,1,A,0,s2b-r01-111,0,0,0,0,0,0,1,0,1024,0,1,152,0,0,0,-1,3,152,0,0,2384450,152,0,0,0,31.0,44.8,50.5
s2b-r01,1,A,0,s2b-r01-112,0,0,0,0,0,0,1,0,1024,0,32,128,1,0,0,-1,0,128,5,0,2014021,128,0,5,5,137.0,44.8,50.5
s2b-r01,1,A,0,s2b-r01-113,0,0,0,0,0,0,1,0,1024,0,32,153,-1,0,0,-1,5,153,5,2,2396794,153,0,5,5,27.0,44.8,50.5
s2b-r01,1,A,0,s2b-r01-114,0,0,0,0,0,0,1,0,1024,0,1,138,0,0,0,-1,5,138,0,0,2165945,138,0,0,0,63.0,44.8,50.5
s2b-r01,1,A,0,s2b-r01-115,0,0,0,0,0,0,1,0,1024,0,1,62,0,0,0,-1,5,62,5,0,983527,125,0,5,4,274.0,44.8,50.5
s2b-r01,1,A,0,s2b-r01-116,0,0,0,0,0,0,1,0,1024,0,16,85,-1,0,0,-1,4,85,4,2,1329280,125,0,4,4,108.0,44.8,50.5
s2b-r01,1,A,0,s2b-r01-117,0,0,0,0,0,0,1,0,1024,0,16,60,-1,0,0,-1,4,60,4,2,942533,125,0,4,4,62.0,44.8,50.5
s2b-r01,1,A,0,s2b-r01-118,0,0,0,0,0,0,1,0,1024,0,16,60,-1,0,0,-1,4,60,4,2,943494,125,0,4,4,85.0,44.8,50.5
s2b-r01,1,A,0,s2b-r01-119,0,0,0,0,0,0,1,0,1024,0,32,80,-1,0,0,-1,5,80,5,2,1255210,80,0,5,5,50.0,44.8,50.5
s2b-r01,1,A,0,s2b-r01-120,0,0,0,0,0,0,1,0,1024,0,16,72,4,0,0,-1,1,72,4,0,1125389,80,0,4,4,30.0,44.8,50.5
s2b-r01,1,A,0,s2b-r01-121,0,0,0,0,0,0,1,0,1024,0,1,155,0,0,0,-1,4,155,0,0,2430463,155,0,0,0,45.0,44.8,50.5
s2b-r01,1,A,0,s2b-r01-122,0,0,0,0,0,0,1,0,1024,0,32,121,5,0,0,-1,1,121,5,0,1904359,121,0,5,5,104.0,44.8,50.5
s2b-r01,1,A,0,s2b-r01-123,0,0,0,0,0,0,1,0,1024,0,32,97,-1,0,0,-1,5,97,5,2,1520375,121,0,5,5,102.0,44.8,50.5
s2b-r01,1,A,0,s2b-r01-124,0,0,0,0,0,0,1,0,1024,0,16,98,-1,0,0,-1,4,98,4,2,1533664,121,0,4,4,24.0,44.8,50.5
s2b-r01,1,A,0,s2b-r01-125,0,0,0,0,0,0,1,0,1024,0,16,147,-1,0,0,-1,4,147,4,2,2304693,147,0,4,4,25.0,44.8,50.5
s2b-r01,1,A,0,s2b-r01-126,0,0,0,0,0,0,1,0,1024,0,32,91,1,0,0,-1,0,91,5,0,1436260,90,0,5,5,48.0,44.8,50.5
s2b-r01,1,A,0,s2b-r01-127,0,0,0,0,0,0,1,0,1024,0,1,91,0,0,0,-1,5,91,0,0,1427946,75,0,0,0,82.0,44.8,50.5
s2b-r01,1,A,0,s2b-r01-128,0,0,0,0,0,0,1,0,1024,0,32,105,-1,0,0,-1,5,105,5,2,1653630,105,0,5,5,78.0,44.8,50.5
s2b-r01,1,A,0,s2b-r01-129,0,0,0,0,0,0,1,0,1024,0,2,61,1,0,0,-1,5,61,5,0,963324,49,0,5,1,30.0,44.8,50.5
s2b-r01,1,A,0,s2b-r01-130,0,0,0,0,0,0,1,0,1024,0,16,231,-1,0,0,-1,4,231,4,2,3617927,231,0,4,4,18.0,44.8,50.5
s2b-r01,1,A,0,s2b-r01-131,0,0,0,0,0,0,1,0,1024,0,16,128,-1,0,0,-1,4,128,4,2,2013604,128,0,4,4,40.0,44.8,50.5
s2b-r01,1,A,0,s2b-r01-132,0,0,0,0,0,0,1,0,1024,0,16,148,-1,0,0,-1,4,148,4,2,2317383,148,0,4,4,105.0,44.8,50.5
s2b-r01,1,A,0,s2b-r01-133,0,0,0,0,0,0,1,0,1024,0,16,89,-1,0,0,-1,4,89,4,2,1400424,51,0,4,4,85.0,44.8,50.5
s2b-r01,1,A,0,s2b-r01-134,0,0,0,0,0,0,1,0,1024,0,2,91,-1,0,0,-1,1,91,1,2,1434681,89,0,1,1,51.0,44.8,50.5
s2b-r01,1,A,0,s2b-r01-135,0,0,0,0,0,0,1,0,1024,0,16,120,-1,0,0,-1,4,120,4,2,1889794,120,0,4,4,102.0,44.8,50.5
s2b-r01,1,A,0,s2b-r01-136,0,0,0,0,0,0,1,0,1024,0,2,81,-1,0,0,-1,1,81,1,2,1271658,96,0,1,1,78.0,44.8,50.5
s2b-r01,1,A,0,s2b-r01-137,0,0,0,0,0,0,1,0,1024,0,2,149,-1,0,0,-1,1,149,1,2,2336570,149,0,1,1,28.0,44.8,50.5
s2b-r01,1,A,0,s2b-r01-138,0,0,0,0,0,0,1,0,1024,0,2,156,-1,0,0,-1,1,156,1,2,2444563,156,0,1,1,59.0,44.8,50.5
s2b-r01,1,A,0,s2b-r01-139,0,0,0,0,0,0,1,0,1024,0,2,151,-1,0,0,-1,1,151,1,2,2373325,151,0,1,1,18.0,44.8,50.5
s2b-r01,1,A,0,s2b-r01-140,0,0,0,0,0,0,1,0,1024,0,32,137,-1,0,0,-1,5,137,5,2,2141396,151,0,5,5,17.0,44.8,50.5
s2b-r01,1,A,0,s2b-r01-141,0,0,0,0,0,0,1,0,1024,0,16,148,0,0,0,-1,5,148,4,0,2327849,151,0,4,4,27.0,44.8,50.5
s2b-r01,1,A,0,s2b-r01-142,0,0,0,0,0,0,1,0,1024,0,16,151,-1,0,0,-1,4,151,4,2,2360313,151,0,4,4,45.0,44.8,50.5
s2b-r01,1,A,0,s2b-r01-143,0,0,0,0,0,0,1,0,1024,0,16,117,-1,0,0,-1,4,117,4,2,1840232,110,0,4,4,42.0,44.8,50.5
s2b-r01,1,A,0,s2b-r01-144,0,0,0,0,0,0,1,0,1024,0,16,90,-1,0,0,-1,4,90,4,2,1410163,110,0,4,4,58.0,44.8,50.5
s2b-r01,1,A,0,s2b-r01-145,0,0,0,0,0,0,1,0,1024,0,2,130,-1,0,0,-1,1,130,1,2,2035193,130,0,1,1,42.0,44.8,50.5
s2b-r01,1,A,0,s2b-r01-146,0,0,0,0,0,0,1,0,1024,0,2,74,-1,0,0,-1,1,74,1,2,1168548,87,0,1,1,103.0,44.8,50.5
s2b-r01,1,A,0,s2b-r01-147,0,0,0,0,0,0,1,0,1024,0,1,105,-1,0,0,-1,0,105,0,2,1653730,105,0,0,0,53.0,44.8,50.5
s2b-r01,1,A,0,s2b-r01-148,0,0,0,0,0,0,1,0,1024,0,16,175,-1,0,0,-1,4,175,4,2,2747615,175,0,4,4,34.0,44.8,50.5
s2b-r01,1,A,0,s2b-r01-149,0,0,0,0,0,0,1,0,1024,0,32,152,1,0,0,-1,0,152,5,0,2383036,175,0,5,5,47.0,44.8,50.5
s2b-r01,1,A,0,s2b-r01-150,0,0,0,0,0,0,1,0,1024,0,2,150,1,0,0,-1,5,150,1,0,2352908,175,0,1,1,143.0,44.8,50.5
s2b-r01,1,A,0,s2b-r01-151,0,0,0,0,0,0,1,0,1024,0,2,146,1,0,0,-1,1,146,1,0,2282075,175,0,1,1,37.0,44.8,50.5
s2b-r01,1,A,0,s2b-r01-152,0,0,0,0,0,0,1,0,1024,0,8,145,3,0,0,-1,2,145,3,0,2279762,145,0,3,3,151.0,44.8,50.5
s2b-r01,1,A,0,s2b-r01-153,0,0,0,0,0,0,1,0,1024,0,8,92,-1,0,0,-1,3,92,3,2,1446091,51,0,3,3,64.0,44.8,50.5
s2b-r01,1,A,0,s2b-r01-154,0,0,0,0,0,0,1,0,1024,0,8,90,-1,0,0,-1,3,90,3,2,1408346,30,0,3,3,104.0,44.8,50.5
s2b-r01,1,A,0,s2b-r01-155,0,0,0,0,0,0,1,0,1024,0,2,81,1,0,0,-1,3,81,1,0,1270584,81,0,1,1,102.0,44.8,50.5
s2b-r01,1,A,0,s2b-r01-156,0,0,0,0,0,0,1,0,1024,0,32,61,5,0,0,-1,4,61,4,0,968366,22,0,4,4,170.0,44.8,50.5
s2b-r01,1,A,0,s2b-r01-157,0,0,0,0,0,0,1,0,1024,0,32,64,-1,0,0,-1,5,64,5,2,1004026,30,0,5,5,62.0,44.8,50.5
s2b-r01,1,A,0,s2b-r01-158,0,0,0,0,0,0,1,0,1024,0,32,66,-1,0,0,-1,5,66,5,2,1041926,22,0,5,5,64.0,44.8,50.5
s2b-r01,1,A,0,s2b-r01-159,0,0,0,0,0,0,1,0,1024,0,32,65,-1,0,0,-1,5,65,5,2,1028669,86,0,5,5,52.0,44.8,50.5
s2b-r01,1,A,0,s2b-r01-160,0,0,0,0,0,0,1,0,1024,0,32,62,-1,0,0,-1,5,62,5,2,972770,86,0,5,5,78.0,44.8,50.5
s2b-r01,1,A,0,s2b-r01-161,0,0,0,0,0,0,1,0,1024,0,1,75,0,0,0,-1,5,75,0,0,1172685,75,0,0,0,22.0,44.8,50.5
s2b-r01,1,A,0,s2b-r01-162,0,0,0,0,0,0,1,0,1024,0,2,158,1,0,0,-1,0,158,1,0,2482256,158,0,1,1,20.0,44.8,50.5
s2b-r01,1,A,0,s2b-r01-163,0,0,0,0,0,0,1,0,1024,0,1,156,-1,0,0,-1,0,156,0,2,2448960,158,0,0,0,32.0,44.8,50.5
s2b-r01,1,A,0,s2b-r01-164,0,0,0,0,0,0,1,0,1024,0,2,109,1,0,0,-1,0,109,1,0,1706190,75,0,1,1,26.0,44.8,50.5
s2b-r01,1,A,0,s2b-r01-165,0,0,0,0,0,0,1,0,1024,0,32,168,-1,0,0,-1,5,168,5,2,2626878,168,0,5,5,35.0,44.8,50.5
s2b-r01,1,A,0,s2b-r01-166,0,0,0,0,0,0,1,0,1024,0,32,158,-1,0,0,-1,5,158,5,2,2471838,168,0,5,5,45.0,44.8,50.5
s2b-r01,1,A,0,s2b-r01-167,0,0,0,0,0,0,1,0,1024,0,16,94,0,0,0,-1,5,94,4,0,1481675,23,0,4,4,56.0,44.8,50.5
s2b-r01,1,A,0,s2b-r01-168,0,0,0,0,0,0,1,0,1024,0,1,93,0,0,0,-1,4,93,0,0,1458954,18,0,0,0,49.0,44.8,50.5
s2b-r01,1,A,0,s2b-r01-169,0,0,0,0,0,0,1,0,1024,0,16,75,-1,0,0,-1,4,75,4,2,1175409,45,0,4,4,17.0,44.8,50.5
s2b-r01,1,A,0,s2b-r01-170,0,0,0,0,0,0,1,0,1024,0,16,149,-1,0,0,-1,4,149,4,2,2341115,149,0,4,4,19.0,44.8,50.5
s2b-r01,1,A,0,s2b-r01-171,0,0,0,0,0,0,1,0,1024,0,2,98,-1,0,0,-1,1,98,1,2,1534071,80,0,1,1,79.0,44.8,50.5
s2b-r01,1,A,0,s2b-r01-172,0,0,0,0,0,0,1,0,1024,0,1,90,0,0,0,-1,1,90,0,0,1416411,84,0,0,0,94.0,44.8,50.5
s2b-r01,1,A,0,s2b-r01-173,0,0,0,0,0,0,1,0,1024,0,1,160,0,0,0,-1,1,160,0,0,2506358,160,0,0,0,33.0,44.8,50.5
s2b-r01,1,A,0,s2b-r01-174,0,0,0,0,0,0,1,0,1024,0,1,160,-1,0,0,-1,0,160,0,2,2503853,160,0,0,0,17.0,44.8,50.5
s2b-r01,1,A,0,s2b-r01-175,0,0,0,0,0,0,1,0,1024,0,2,97,1,0,0,-1,0,97,1,0,1516231,87,0,1,1,38.0,44.8,50.5
s2b-r01,1,A,0,s2b-r01-176,0,0,0,0,0,0,1,0,1024,0,1,93,0,0,0,-1,1,93,1,0,1466413,33,0,1,0,85.0,44.8,50.5
s2b-r01,1,A,0,s2b-r01-177,0,0,0,0,0,0,1,0,1024,0,16,155,-1,0,0,-1,4,155,4,2,2431443,155,0,4,4,77.0,44.8,50.5
s2b-r01,1,A,0,s2b-r01-178,0,0,0,0,0,0,1,0,1024,0,16,91,-1,0,0,-1,4,91,4,2,1426670,33,0,4,4,103.0,44.8,50.5
s2b-r01,1,A,0,s2b-r01-179,0,0,0,0,0,0,1,0,1024,0,2,91,1,0,0,-1,4,91,4,0,1433269,68,0,4,1,1619.0,44.8,50.5
s2b-r01,1,A,0,s2b-r01-180,0,0,0,0,0,0,1,0,1024,0,2,148,1,0,0,-1,2,148,1,0,2317646,148,0,1,1,124.0,44.8,50.5
s2b-r01,1,A,0,s2b-r01-181,0,0,0,0,0,0,1,0,1024,0,2,137,-1,0,0,-1,1,137,1,2,2149490,148,0,1,1,16.0,44.8,50.5
s2b-r01,1,A,0,s2b-r01-182,0,0,0,0,0,0,1,0,1024,0,2,148,-1,0,0,-1,1,148,1,2,2316439,148,0,1,1,66.0,44.8,50.5
s2b-r01,1,A,0,s2b-r01-183,0,0,0,0,0,0,1,0,1024,0,1,89,0,0,0,-1,1,89,0,0,1404175,108,0,0,0,80.0,44.8,50.5
s2b-r01,1,A,0,s2b-r01-184,0,0,0,0,0,0,1,0,1024,0,16,71,1,0,0,-1,2,71,4,0,1116716,20,0,4,4,37.0,44.8,50.5
s2b-r01,1,A,0,s2b-r01-185,0,0,0,0,0,0,1,0,1024,0,1,183,0,0,0,-1,4,183,4,0,2864004,183,0,4,0,438.0,44.8,50.5
s2b-r01,1,A,0,s2b-r01-186,0,0,0,0,0,0,1,0,1024,0,32,173,-1,0,0,-1,5,173,5,2,2703250,183,0,5,5,22.0,44.8,50.5
s2b-r01,1,A,0,s2b-r01-187,0,0,0,0,0,0,1,0,1024,0,32,124,-1,0,0,-1,5,124,5,2,1937513,124,0,5,5,105.0,44.8,50.5
s2b-r01,1,A,0,s2b-r01-188,0,0,0,0,0,0,1,0,1024,0,32,94,-1,0,0,-1,5,94,5,2,1481028,94,0,5,5,49.0,44.8,50.5
s2b-r01,1,A,0,s2b-r01-189,0,0,0,0,0,0,1,0,1024,0,32,103,-1,0,0,-1,5,103,5,2,1614979,103,0,5,5,86.0,44.8,50.5
s2b-r01,1,A,0,s2b-r01-190,0,0,0,0,0,0,1,0,1024,0,32,131,5,0,0,-1,5,131,5,0,2051103,131,0,5,5,26.0,44.8,50.5
s2b-r01,1,A,0,s2b-r01-191,0,0,0,0,0,0,1,0,1024,0,2,158,-1,0,0,-1,1,158,1,2,2481093,158,0,1,1,23.0,44.8,50.5
s2b-r01,1,A,0,s2b-r01-192,0,0,0,0,0,0,1,0,1024,0,2,147,-1,0,0,-1,1,147,1,2,2312006,147,0,1,1,59.0,44.8,50.5
s2b-r01,1,A,0,s2b-r01-193,0,0,0,0,0,0,1,0,1024,0,2,117,1,0,0,-1,1,117,1,0,1841468,99,0,1,1,559.0,44.8,50.5
s2b-r01,1,A,0,s2b-r01-194,0,0,0,0,0,0,1,0,1024,0,16,123,2,0,0,-1,1,123,4,0,1922893,103,0,4,4,44.0,44.8,50.5
s2b-r01,1,A,0,s2b-r01-195,0,0,0,0,0,0,1,0,1024,0,16,113,-1,0,0,-1,4,113,4,2,1771664,103,0,4,4,52.0,44.8,50.5
s2b-r01,1,A,0,s2b-r01-196,0,0,0,0,0,0,1,0,1024,0,16,147,-1,0,0,-1,4,147,4,2,2308515,147,0,4,4,106.0,44.8,50.5
s2b-r01,1,A,0,s2b-r01-197,0,0,0,0,0,0,1,0,1024,0,16,89,-1,0,0,-1,4,89,4,2,1406005,96,0,4,4,107.0,44.8,50.5
s2b-r01,1,A,0,s2b-r01-198,0,0,0,0,0,0,1,0,1024,0,1,117,0,0,0,-1,4,117,0,0,1837238,117,0,0,0,78.0,44.8,50.5
s2b-r01,1,A,0,s2b-r01-199,0,0,0,0,0,0,1,0,1024,0,1,74,0,0,0,-1,1,74,0,0,1160813,25,0,0,0,56.0,44.8,50.5
s2b-r01,1,A,0,s2b-r01-200,0,0,0,0,0,0,1,0,1024,0,2,151,-1,0,0,-1,1,151,1,2,2371729,151,0,1,1,24.0,44.8,50.5
s2b-r01,1,A,0,s2b-r01-201,0,0,0,0,0,0,1,0,1024,0,2,151,-1,0,0,-1,1,151,1,2,2363683,151,0,1,1,46.0,44.8,50.5
s2b-r01,1,A,0,s2b-r01-202,0,0,0,0,0,0,1,0,1024,0,2,114,-1,0,0,-1,1,114,1,2,1790101,114,0,1,1,19.0,44.8,50.5
s2b-r01,1,A,0,s2b-r01-203,0,0,0,0,0,0,1,0,1024,0,16,156,-1,0,0,-1,4,156,4,2,2438156,156,0,4,4,109.0,44.8,50.5
s2b-r01,1,A,0,s2b-r01-204,0,0,0,0,0,0,1,0,1024,0,16,97,-1,0,0,-1,4,97,4,2,1517920,117,0,4,4,103.0,44.8,50.5
s2b-r01,1,A,0,s2b-r01-205,0,0,0,0,0,0,1,0,1024,0,16,91,-1,0,0,-1,4,91,4,2,1425939,117,0,4,4,103.0,44.8,50.5
s2b-r01,1,A,0,s2b-r01-206,0,0,0,0,0,0,1,0,1024,0,16,60,-1,0,0,-1,4,60,4,2,949514,19,0,4,4,65.0,44.8,50.5
s2b-r01,1,A,0,s2b-r01-207,0,0,0,0,0,0,1,0,1024,0,16,60,-1,0,0,-1,4,60,4,2,945135,15,0,4,4,105.0,44.8,50.5
s2b-r01,1,A,0,s2b-r01-208,0,0,0,0,0,0,1,0,1024,0,16,65,-1,0,0,-1,4,65,4,2,1021371,83,0,4,4,104.0,44.8,50.5
s2b-r01,1,A,0,s2b-r01-209,0,0,0,0,0,0,1,0,1024,0,1,122,0,0,0,-1,4,122,0,0,1906754,122,0,0,0,53.0,44.8,50.5
s2b-r01,1,A,0,s2b-r01-210,0,0,0,0,0,0,1,0,1024,0,1,164,0,0,0,-1,5,164,0,0,2563069,164,0,0,0,35.0,44.8,50.5
s2b-r01,1,A,0,s2b-r01-211,0,0,0,0,0,0,1,0,1024,0,1,153,-1,0,0,-1,0,153,0,2,2399469,153,0,0,0,31.0,44.8,50.5
s2b-r01,1,A,0,s2b-r01-212,0,0,0,0,0,0,1,0,1024,0,16,136,-1,0,0,-1,4,136,4,2,2134686,153,0,4,4,56.0,44.8,50.5
s2b-r01,1,A,0,s2b-r01-213,0,0,0,0,0,0,1,0,1024,0,2,98,0,0,0,-1,4,98,1,0,1532898,98,0,1,1,69.0,44.8,50.5
s2b-r01,1,A,0,s2b-r01-214,0,0,0,0,0,0,1,0,1024,0,16,148,-1,0,0,-1,4,148,4,2,2321793,148,0,4,4,52.0,44.8,50.5
s2b-r01,1,A,0,s2b-r01-215,0,0,0,0,0,0,1,0,1024,0,16,85,-1,0,0,-1,4,85,4,2,1336004,67,0,4,4,105.0,44.8,50.5
s2b-r01,1,A,0,s2b-r01-216,0,0,0,0,0,0,1,0,1024,0,32,117,-1,0,0,-1,5,117,5,2,1829084,117,0,5,5,57.0,44.8,50.5
s2b-r01,1,A,0,s2b-r01-217,0,0,0,0,0,0,1,0,1024,0,32,74,-1,0,0,-1,5,74,5,2,1170108,117,0,5,5,106.0,44.8,50.5
s2b-r01,1,A,0,s2b-r01-218,0,0,0,0,0,0,1,0,1024,0,32,83,-1,0,0,-1,5,83,5,2,1298094,117,0,5,5,105.0,44.8,50.5
s2b-r01,1,A,0,s2b-r01-219,0,0,0,0,0,0,1,0,1024,0,2,129,1,0,0,-1,5,129,5,0,2017554,129,0,5,4,116.0,44.8,50.5
s2b-r01,1,A,0,s2b-r01-220,0,0,0,0,0,0,1,0,1024,0,1,159,0,0,0,-1,1,159,0,0,2493099,159,0,0,0,28.0,44.8,50.5
s2b-r01,1,A,0,s2b-r01-221,0,0,0,0,0,0,1,0,1024,0,16,162,0,0,0,-1,5,162,4,0,2539327,162,0,4,4,30.0,44.8,50.5
s2b-r01,1,A,0,s2b-r01-222,0,0,0,0,0,0,1,0,1024,0,16,150,-1,0,0,-1,4,150,4,2,2351655,150,0,4,4,52.0,44.8,50.5
s2b-r01,1,A,0,s2b-r01-223,0,0,0,0,0,0,1,0,1024,0,2,124,1,0,0,-1,4,124,1,0,1952656,83,0,1,1,255.0,44.8,50.5
s2b-r01,1,A,0,s2b-r01-224,0,0,0,0,0,0,1,0,1024,0,16,64,4,0,0,-1,0,64,4,0,1003864,83,0,4,4,83.0,44.8,50.5
s2b-r01,1,A,0,s2b-r01-225,0,0,0,0,0,0,1,0,1024,0,2,75,-1,0,0,-1,1,75,1,2,1187434,80,0,1,1,75.0,44.8,50.5
s2b-r01,1,A,0,s2b-r01-226,0,0,0,0,0,0,1,0,1024,0,2,104,-1,0,0,-1,1,104,1,2,1633828,104,0,1,1,64.0,44.8,50.5
s2b-r01,1,A,0,s2b-r01-227,0,0,0,0,0,0,1,0,1024,0,2,148,1,0,0,-1,1,148,1,0,2316323,148,0,1,1,360.0,44.8,50.5
s2b-r01,1,A,0,s2b-r01-228,0,0,0,0,0,0,1,0,1024,0,16,94,-1,0,0,-1,4,94,4,2,1473446,121,0,4,4,26.0,44.8,50.5
s2b-r01,1,A,0,s2b-r01-229,0,0,0,0,0,0,1,0,1024,0,2,149,0,0,0,-1,4,149,1,0,2329855,149,0,1,1,43.0,44.8,50.5
s2b-r01,1,A,0,s2b-r01-230,0,0,0,0,0,0,1,0,1024,0,4,149,-1,0,0,-1,2,149,2,2,2336309,149,0,2,2,31.0,44.8,50.5
s2b-r01,1,A,0,s2b-r01-231,0,0,0,0,0,0,1,0,1024,0,1,199,0,0,0,-1,2,199,0,0,3116563,199,0,0,0,38.0,44.8,50.5
s2b-r01,1,A,0,s2b-r01-232,0,0,0,0,0,0,1,0,1024,0,1,154,-1,0,0,-1,0,154,0,2,2409968,154,0,0,0,22.0,44.8,50.5
s2b-r01,1,A,0,s2b-r01-233,0,0,0,0,0,0,1,0,1024,0,1,161,-1,0,0,-1,0,161,0,2,2519535,154,0,0,0,31.0,44.8,50.5
s2b-r01,1,A,0,s2b-r01-234,0,0,0,0,0,0,1,0,1024,0,2,93,1,0,0,-1,0,93,1,0,1456037,18,0,1,1,80.0,44.8,50.5
s2b-r01,1,A,0,s2b-r01-235,0,0,0,0,0,0,1,0,1024,0,32,83,5,0,0,-1,3,83,3,0,1297430,83,0,3,1,109.0,44.8,50.5
s2b-r01,1,A,0,s2b-r01-236,0,0,0,0,0,0,1,0,1024,0,32,101,-1,0,0,-1,5,101,5,2,1582940,101,0,5,5,44.0,44.8,50.5
s2b-r01,1,A,0,s2b-r01-237,0,0,0,0,0,0,1,0,1024,0,32,92,-1,0,0,-1,5,92,5,2,1446940,92,0,5,5,54.0,44.8,50.5
s2b-r01,1,A,0,s2b-r01-238,0,0,0,0,0,0,1,0,1024,0,32,149,-1,0,0,-1,5,149,5,2,2341736,149,0,5,5,54.0,44.8,50.5
s2b-r01,1,A,0,s2b-r01-239,0,0,0,0,0,0,1,0,1024,0,16,150,4,0,0,-1,5,150,4,0,2347576,150,0,4,4,48.0,44.8,50.5
s2b-r01,1,A,0,s2b-r01-240,0,0,0,0,0,0,1,0,1024,0,1,158,-1,0,0,-1,0,158,0,2,2481652,158,0,0,0,16.0,44.8,50.5
s2b-r01,1,A,0,s2b-r01-241,0,0,0,0,0,0,1,0,1024,0,1,153,-1,0,0,-1,0,153,0,2,2397696,153,0,0,0,19.0,44.8,50.5
s2b-r01,1,A,0,s2b-r01-242,0,0,0,0,0,0,1,0,1024,0,2,158,1,0,0,-1,0,158,1,0,2482255,158,0,1,1,171.0,44.8,50.5
s2b-r01,1,A,0,s2b-r01-243,0,0,0,0,0,0,1,0,1024,0,1,126,0,0,0,-1,2,126,0,0,1975094,104,0,0,0,96.0,44.8,50.5
s2b-r01,1,A,0,s2b-r01-244,0,0,0,0,0,0,1,0,1024,0,32,115,-1,0,0,-1,5,115,5,2,1807438,115,0,5,5,78.0,44.8,50.5
s2b-r01,1,A,0,s2b-r01-245,0,0,0,0,0,0,1,0,1024,0,32,63,-1,0,0,-1,5,63,5,2,996014,115,0,5,5,101.0,44.8,50.5
s2b-r01,1,A,0,s2b-r01-246,0,0,0,0,0,0,1,0,1024,0,1,92,0,0,0,-1,4,92,0,0,1446131,92,0,0,0,64.0,44.8,50.5
s2b-r01,1,A,0,s2b-r01-247,0,0,0,0,0,0,1,0,1024,0,1,208,-1,0,0,-1,0,208,0,2,3263692,208,0,0,0,19.0,44.8,50.5
s2b-r01,1,A,0,s2b-r01-248,0,0,0,0,0,0,1,0,1024,0,1,132,-1,0,0,-1,0,132,0,2,2065859,132,0,0,0,24.0,44.8,50.5
s2b-r01,1,A,0,s2b-r01-249,0,0,0,0,0,0,1,0,1024,0,32,65,-1,0,0,-1,5,65,5,2,1017066,41,0,5,5,70.0,44.8,50.5
s2b-r01,1,A,0,s2b-r01-250,0,0,0,0,0,0,1,0,1024,0,1,66,0,0,0,-1,5,66,0,0,1042165,57,0,0,0,44.0,44.8,50.5
s2b-r01,1,A,0,s2b-r01-251,0,0,0,0,0,0,1,0,1024,0,2,71,-1,0,0,-1,1,71,1,2,1110322,5,0,1,1,29.0,44.8,50.5
s2b-r01,1,A,0,s2b-r01-252,0,0,0,0,0,0,1,0,1024,0,16,155,-1,0,0,-1,4,155,4,2,2422882,155,0,4,4,14.0,44.8,50.5
s2b-r01,1,A,0,s2b-r01-253,0,0,0,0,0,0,1,0,1024,0,16,92,-1,0,0,-1,4,92,4,2,1450249,35,0,4,4,85.0,44.8,50.5
s2b-r01,1,A,0,s2b-r01-254,0,0,0,0,0,0,1,0,1024,0,4,176,2,0,0,-1,4,176,2,0,2752409,176,0,2,2,119.0,44.8,50.5
s2b-r01,1,A,0,s2b-r01-255,0,0,0,0,0,0,1,0,1024,0,4,119,-1,0,0,-1,2,119,2,2,1865824,119,0,2,2,39.0,44.8,50.5
s2b-r01,1,A,0,s2b-r01-256,0,0,0,0,0,0,1,0,1024,0,4,154,-1,0,0,-1,2,154,2,2,2406450,176,0,2,2,101.0,44.8,50.5
s2b-r01,1,A,0,s2b-r01-257,0,0,0,0,0,0,1,0,1024,0,4,92,-1,0,0,-1,2,92,2,2,1437837,111,0,2,2,106.0,44.8,50.5
s2b-r01,1,A,0,s2b-r01-258,0,0,0,0,0,0,1,0,1024,0,32,98,4,0,0,-1,1,98,5,0,1543245,111,0,5,5,121.0,44.8,50.5
s2b-r01,1,A,0,s2b-r01-259,0,0,0,0,0,0,1,0,1024,0,32,125,-1,0,0,-1,5,125,5,2,1957587,125,0,5,5,50.0,44.8,50.5
s2b-r01,1,A,0,s2b-r01-260,0,0,0,0,0,0,1,0,1024,0,1,83,0,0,0,-1,5,83,0,0,1298344,125,0,0,0,30.0,44.8,50.5
s2b-r01,1,A,0,s2b-r01-261,0,0,0,0,0,0,1,0,1024,0,16,157,-1,0,0,-1,4,157,4,2,2457980,157,0,4,4,39.0,44.8,50.5
s2b-r01,1,A,0,s2b-r01-262,0,0,0,0,0,0,1,0,1024,0,16,152,-1,0,0,-1,4,152,4,2,2380385,157,0,4,4,28.0,44.8,50.5
s2b-r01,1,A,0,s2b-r01-263,0,0,0,0,0,0,1,0,1024,0,16,108,-1,0,0,-1,4,108,4,2,1692211,80,0,4,4,63.0,44.8,50.5
s2b-r01,1,A,0,s2b-r01-264,0,0,0,0,0,0,1,0,1024,0,16,90,-1,0,0,-1,4,90,4,2,1411104,80,0,4,4,79.0,44.8,50.5
s2b-r01,1,A,0,s2b-r01-265,0,0,0,0,0,0,1,0,1024,0,32,87,-1,0,0,-1,5,87,5,2,1360754,87,0,5,5,44.0,44.8,50.5
s2b-r01,1,A,0,s2b-r01-266,0,0,0,0,0,0,1,0,1024,0,32,102,-1,0,0,-1,5,102,5,2,1596175,102,0,5,5,48.0,44.8,50.5
s2b-r01,1,A,0,s2b-r01-267,0,0,0,0,0,0,1,0,1024,0,32,90,-1,0,0,-1,5,90,5,2,1408577,90,0,5,5,106.0,44.8,50.5
s2b-r01,1,A,0,s2b-r01-268,0,0,0,0,0,0,1,0,1024,0,32,124,-1,0,0,-1,5,124,5,2,1951069,124,0,5,5,70.0,44.8,50.5
s2b-r01,1,A,0,s2b-r01-269,0,0,0,0,0,0,1,0,1024,0,2,79,-1,0,0,-1,1,79,1,2,1244490,64,0,1,1,40.0,44.8,50.5
s2b-r01,1,A,0,s2b-r01-270,0,0,0,0,0,0,1,0,1024,0,16,155,1,0,0,-1,0,155,4,0,2434903,155,0,4,4,65.0,44.8,50.5
s2b-r01,1,A,0,s2b-r01-271,0,0,0,0,0,0,1,0,1024,0,16,149,-1,0,0,-1,4,149,4,2,2342583,149,0,4,4,22.0,44.8,50.5
s2b-r01,1,A,0,s2b-r01-272,0,0,0,0,0,0,1,0,1024,0,16,149,-1,0,0,-1,4,149,4,2,2329406,149,0,4,4,106.0,44.8,50.5
s2b-r01,1,A,0,s2b-r01-273,0,0,0,0,0,0,1,0,1024,0,32,127,-1,0,0,-1,5,127,5,2,1991356,95,0,5,5,68.0,44.8,50.5
s2b-r01,1,A,0,s2b-r01-274,0,0,0,0,0,0,1,0,1024,0,2,70,-1,0,0,-1,1,70,1,2,1099314,125,0,1,1,43.0,44.8,50.5
s2b-r01,1,A,0,s2b-r01-275,0,0,0,0,0,0,1,0,1024,0,1,63,0,0,0,-1,1,63,1,0,994783,125,0,1,1,118.0,44.8,50.5
s2b-r01,1,A,0,s2b-r01-276,0,0,0,0,0,0,1,0,1024,0,16,62,4,0,0,-1,1,62,4,0,982328,32,0,4,4,99.0,44.8,50.5
s2b-r01,1,A,0,s2b-r01-277,0,0,0,0,0,0,1,0,1024,0,32,85,0,0,0,-1,4,85,5,0,1331678,85,0,5,5,76.0,44.8,50.5
s2b-r01,1,A,0,s2b-r01-278,0,0,0,0,0,0,1,0,1024,0,32,93,-1,0,0,-1,5,93,5,2,1455677,93,0,5,5,110.0,44.8,50.5
s2b-r01,1,A,0,s2b-r01-279,0,0,0,0,0,0,1,0,1024,0,1,61,0,0,0,-1,5,61,0,0,957716,29,0,0,0,53.0,44.8,50.5
s2b-r01,1,A,0,s2b-r01-280,0,0,0,0,0,0,1,0,1024,0,16,63,-1,0,0,-1,4,63,4,2,988706,38,0,4,4,28.0,44.8,50.5
s2b-r01,1,A,0,s2b-r01-281,0,0,0,0,0,0,1,0,1024,0,16,159,4,0,0,-1,0,159,4,0,2487513,159,0,4,4,26.0,44.8,50.5
s2b-r01,1,A,0,s2b-r01-282,0,0,0,0,0,0,1,0,1024,0,16,149,0,0,0,-1,5,149,4,0,2341623,159,0,4,4,56.0,44.8,50.5
s2b-r01,1,A,0,s2b-r01-283,0,0,0,0,0,0,1,0,1024,0,16,95,-1,0,0,-1,4,95,4,2,1490204,77,0,4,4,27.0,44.8,50.5
s2b-r01,1,A,0,s2b-r01-284,0,0,0,0,0,0,1,0,1024,0,32,151,5,0,0,-1,4,151,4,0,2363173,151,0,4,4,65.0,44.8,50.5
s2b-r01,1,A,0,s2b-r01-285,0,0,0,0,0,0,1,0,1024,0,16,92,-1,0,0,-1,4,92,4,2,1443405,94,0,4,4,107.0,44.8,50.5
s2b-r01,1,A,0,s2b-r01-286,0,0,0,0,0,0,1,0,1024,0,1,104,0,0,0,-1,4,104,0,0,1627993,104,0,0,0,92.0,44.8,50.5
s2b-r01,1,A,0,s2b-r01-287,0,0,0,0,0,0,1,0,1024,0,32,73,-1,0,0,-1,5,73,5,2,1149855,3,0,5,5,50.0,44.8,50.5
s2b-r01,1,A,0,s2b-r01-288,0,0,0,0,0,0,1,0,1024,0,32,151,-1,0,0,-1,5,151,5,2,2371357,153,0,5,5,23.0,44.8,50.5
s2b-r01,1,A,0,s2b-r01-289,0,0,0,0,0,0,1,0,1024,0,8,153,0,0,0,-1,1,153,3,0,2392222,153,0,3,3,29.0,44.8,50.5
s2b-r01,1,A,0,s2b-r01-290,0,0,0,0,0,0,1,0,1024,0,8,91,-1,0,0,-1,3,91,3,2,1429024,62,0,3,3,44.0,44.8,50.5
s2b-r01,1,A,0,s2b-r01-291,0,0,0,0,0,0,1,0,1024,0,8,148,-1,0,0,-1,3,148,3,2,2327399,148,0,3,3,72.0,44.8,50.5
s2b-r01,1,A,0,s2b-r01-292,0,0,0,0,0,0,1,0,1024,0,8,148,-1,0,0,-1,3,148,3,2,2320986,148,0,3,3,30.0,44.8,50.5
s2b-r01,1,A,0,s2b-r01-293,0,0,0,0,0,0,1,0,1024,0,1,116,0,0,0,-1,3,116,0,0,1824555,116,0,0,0,76.0,44.8,50.5
s2b-r01,1,A,0,s2b-r01-294,0,0,0,0,0,0,1,0,1024,0,1,96,-1,0,0,-1,0,96,0,2,1502606,96,0,0,0,154.0,44.8,50.5
s2b-r01,1,A,0,s2b-r01-295,0,0,0,0,0,0,1,0,1024,0,16,87,-1,0,0,-1,4,87,4,2,1360889,60,0,4,4,149.0,44.8,50.5
s2b-r01,1,A,0,s2b-r01-296,0,0,0,0,0,0,1,0,1024,0,2,93,-1,0,0,-1,1,93,1,2,1466866,93,0,1,1,58.0,44.8,50.5
s2b-r01,1,A,0,s2b-r01-297,0,0,0,0,0,0,1,0,1024,0,32,153,-1,0,0,-1,5,153,5,2,2394289,153,0,5,5,102.0,44.8,50.5
s2b-r01,1,A,0,s2b-r01-298,0,0,0,0,0,0,1,0,1024,0,2,92,-1,0,0,-1,1,92,1,2,1442353,93,0,1,1,40.0,44.8,50.5
s2b-r01,1,A,0,s2b-r01-299,0,0,0,0,0,0,1,0,1024,0,1,91,0,0,0,-1,5,91,0,0,1431432,76,0,0,0,61.0,44.8,50.5
s2b-r01,1,A,0,s2b-r01-300,0,0,0,0,0,0,1,0,1024,0,1,107,0,0,0,-1,4,107,0,0,1679858,107,0,0,0,34.0,44.8,50.5
s2b-r01,1,A,0,s2b-r01-301,0,0,0,0,0,0,1,0,1024,0,1,156,-1,0,0,-1,0,156,0,2,2448827,156,0,0,0,24.0,44.8,50.5
s2b-r01,1,A,0,s2b-r01-302,0,0,0,0,0,0,1,0,1024,0,1,153,-1,0,0,-1,0,153,0,2,2394973,156,0,0,0,27.0,44.8,50.5
s2b-r01,1,A,0,s2b-r01-303,0,0,0,0,0,0,1,0,1024,0,2,114,1,0,0,-1,0,114,1,0,1794168,109,0,1,1,57.0,44.8,50.5
s2b-r01,1,A,0,s2b-r01-304,0,0,0,0,0,0,1,0,1024,0,16,126,4,0,0,-1,1,126,1,0,1978826,126,0,1,4,82.0,44.8,50.5
s2b-r01,1,A,0,s2b-r01-305,0,0,0,0,0,0,1,0,1024,0,16,151,-1,0,0,-1,4,151,4,2,2365590,151,0,4,4,36.0,44.8,50.5
s2b-r01,1,A,0,s2b-r01-306,0,0,0,0,0,0,1,0,1024,0,32,148,0,0,0,-1,4,148,5,0,2321951,148,0,5,5,47.0,44.8,50.5
s2b-r01,1,A,0,s2b-r01-307,0,0,0,0,0,0,1,0,1024,0,32,116,-1,0,0,-1,5,116,5,2,1814968,105,0,5,5,38.0,44.8,50.5
s2b-r01,1,A,0,s2b-r01-308,0,0,0,0,0,0,1,0,1024,0,2,91,-1,0,0,-1,1,91,1,2,1426754,105,0,1,1,37.0,44.8,50.5
s2b-r01,1,A,0,s2b-r01-309,0,0,0,0,0,0,1,0,1024,0,2,70,-1,0,0,-1,1,70,1,2,1096693,18,0,1,1,40.0,44.8,50.5
s2b-r01,1,A,0,s2b-r01-310,0,0,0,0,0,0,1,0,1024,0,2,65,-1,0,0,-1,1,65,1,2,1021573,38,0,1,1,20.0,44.8,50.5
s2b-r01,1,A,0,s2b-r01-311,0,0,0,0,0,0,1,0,1024,0,16,152,4,0,0,-1,5,152,4,0,2381272,152,0,4,4,35.0,44.8,50.5
s2b-r01,1,A,0,s2b-r01-312,0,0,0,0,0,0,1,0,1024,0,16,131,-1,0,0,-1,4,131,4,2,2051493,131,0,4,4,29.0,44.8,50.5
s2b-r01,1,A,0,s2b-r01-313,0,0,0,0,0,0,1,0,1024,0,2,90,1,0,0,-1,4,90,1,0,1414447,21,0,1,1,89.0,44.8,50.5
s2b-r01,1,A,0,s2b-r01-314,0,0,0,0,0,0,1,0,1024,0,16,86,-1,0,0,-1,4,86,4,2,1351391,71,0,4,4,65.0,44.8,50.5
s2b-r01,1,A,0,s2b-r01-315,0,0,0,0,0,0,1,0,1024,0,2,113,1,0,0,-1,4,113,4,0,1766508,113,0,4,1,137.0,44.8,50.5
s2b-r01,1,A,0,s2b-r01-316,0,0,0,0,0,0,1,0,1024,0,8,152,-1,0,0,-1,3,152,3,2,2379953,152,0,3,3,53.0,44.8,50.5
s2b-r01,1,A,0,s2b-r01-317,0,0,0,0,0,0,1,0,1024,0,8,89,-1,0,0,-1,3,89,3,2,1400713,89,0,3,3,77.0,44.8,50.5
s2b-r01,1,A,0,s2b-r01-318,0,0,0,0,0,0,1,0,1024,0,1,60,0,0,0,-1,3,60,0,0,946368,61,0,0,0,34.0,44.8,50.5
s2b-r01,1,A,0,s2b-r01-319,0,0,0,0,0,0,1,0,1024,0,1,152,-1,0,0,-1,0,152,0,2,2388025,152,0,0,0,16.0,44.8,50.5
s2b-r01,1,A,0,s2b-r01-320,0,0,0,0,0,0,1,0,1024,0,1,111,-1,0,0,-1,0,111,0,2,1741483,111,0,0,0,32.0,44.8,50.5
s2b-r01,1,A,0,s2b-r01-321,0,0,0,0,0,0,1,0,1024,0,16,102,-1,0,0,-1,4,102,4,2,1599413,102,0,4,4,42.0,44.8,50.5
s2b-r01,1,A,0,s2b-r01-322,0,0,0,0,0,0,1,0,1024,0,16,82,-1,0,0,-1,4,82,4,2,1294475,121,0,4,4,47.0,44.8,50.5
s2b-r01,1,A,0,s2b-r01-323,0,0,0,0,0,0,1,0,1024,0,1,149,0,0,0,-1,4,149,0,0,2341816,149,0,0,0,42.0,44.8,50.5
s2b-r01,1,A,0,s2b-r01-324,0,0,0,0,0,0,1,0,1024,0,1,160,-1,0,0,-1,0,160,0,2,2501679,160,0,0,0,27.0,44.8,50.5
s2b-r01,1,A,0,s2b-r01-325,0,0,0,0,0,0,1,0,1024,0,16,145,1,0,0,-1,0,145,4,0,2280329,145,0,4,4,55.0,44.8,50.5
s2b-r01,1,A,0,s2b-r01-326,0,0,0,0,0,0,1,0,1024,0,16,138,-1,0,0,-1,4,138,4,2,2166690,145,0,4,4,27.0,44.8,50.5
s2b-r01,1,A,0,s2b-r01-327,0,0,0,0,0,0,1,0,1024,0,16,151,-1,0,0,-1,4,151,4,2,2366255,151,0,4,4,52.0,44.8,50.5
s2b-r01,1,A,0,s2b-r01-328,0,0,0,0,0,0,1,0,1024,0,16,91,-1,0,0,-1,4,91,4,2,1427605,80,0,4,4,58.0,44.8,50.5
s2b-r01,1,A,0,s2b-r01-329,0,0,0,0,0,0,1,0,1024,0,16,150,-1,0,0,-1,4,150,4,2,2346919,150,0,4,4,29.0,44.8,50.5
s2b-r01,1,A,0,s2b-r01-330,0,0,0,0,0,0,1,0,1024,0,16,154,-1,0,0,-1,4,154,4,2,2412576,154,0,4,4,64.0,44.8,50.5
s2b-r01,1,A,0,s2b-r01-331,0,0,0,0,0,0,1,0,1024,0,16,112,-1,0,0,-1,4,112,4,2,1758212,112,0,4,4,88.0,44.8,50.5
s2b-r01,1,A,0,s2b-r01-332,0,0,0,0,0,0,1,0,1024,0,1,143,0,0,0,-1,4,143,4,0,2237925,143,0,4,5,58.0,44.8,50.5
s2b-r01,1,A,0,s2b-r01-333,0,0,0,0,0,0,1,0,1024,0,32,110,-1,0,0,-1,5,110,5,2,1723643,110,0,5,5,42.0,44.8,50.5
s2b-r01,1,A,0,s2b-r01-334,0,0,0,0,0,0,1,0,1024,0,32,150,-1,0,0,-1,5,150,5,2,2356186,150,0,5,5,79.0,44.8,50.5
s2b-r01,1,A,0,s2b-r01-335,0,0,0,0,0,0,1,0,1024,0,2,90,1,0,0,-1,5,90,5,0,1411497,8,0,5,1,101.0,44.8,50.5
s2b-r01,1,A,0,s2b-r01-336,0,0,0,0,0,0,1,0,1024,0,2,96,-1,0,0,-1,1,96,1,2,1502455,28,0,1,1,100.0,44.8,50.5
s2b-r01,1,A,0,s2b-r01-337,0,0,0,0,0,0,1,0,1024,0,2,80,-1,0,0,-1,1,80,1,2,1254763,80,0,1,1,50.0,44.8,50.5
s2b-r01,1,A,0,s2b-r01-338,0,0,0,0,0,0,1,0,1024,0,1,149,0,0,0,-1,5,149,0,0,2329543,149,0,0,0,50.0,44.8,50.5
s2b-r01,1,A,0,s2b-r01-339,0,0,0,0,0,0,1,0,1024,0,1,167,-1,0,0,-1,0,167,0,2,2624944,167,0,0,0,22.0,44.8,50.5
s2b-r01,1,A,0,s2b-r01-340,0,0,0,0,0,0,1,0,1024,0,2,114,1,0,0,-1,0,114,0,0,1786625,114,0,0,5,205.0,44.8,50.5
s2b-r01,1,A,0,s2b-r01-341,0,0,0,0,0,0,1,0,1024,0,32,94,-1,0,0,-1,5,94,5,2,1484350,114,0,5,5,65.0,44.8,50.5
s2b-r01,1,A,0,s2b-r01-342,0,0,0,0,0,0,1,0,1024,0,32,83,-1,0,0,-1,5,83,5,2,1299333,114,0,5,5,34.0,44.8,50.5
s2b-r01,1,A,0,s2b-r01-343,0,0,0,0,0,0,1,0,1024,0,2,114,-1,0,0,-1,1,114,1,2,1784504,114,0,1,1,33.0,44.8,50.5
s2b-r01,1,A,0,s2b-r01-344,0,0,0,0,0,0,1,0,1024,0,2,79,-1,0,0,-1,1,79,1,2,1245969,52,0,1,1,16.0,44.8,50.5
s2b-r01,1,A,0,s2b-r01-345,0,0,0,0,0,0,1,0,1024,0,2,155,-1,0,0,-1,1,155,1,2,2429974,155,0,1,1,15.0,44.8,50.5
s2b-r01,1,A,0,s2b-r01-346,0,0,0,0,0,0,1,0,1024,0,2,152,1,0,0,-1,1,152,1,0,2387112,152,0,1,1,1184.0,44.8,50.5
s2b-r01,1,A,0,s2b-r01-347,0,0,0,0,0,0,1,0,1024,0,4,109,0,0,0,-1,5,109,2,0,1716613,73,0,2,2,22.0,44.8,50.5
s2b-r01,1,A,0,s2b-r01-348,0,0,0,0,0,0,1,0,1024,0,4,151,-1,0,0,-1,2,151,2,2,2362525,152,0,2,2,50.0,44.8,50.5
s2b-r01,1,A,0,s2b-r01-349,0,0,0,0,0,0,1,0,1024,0,4,120,-1,0,0,-1,2,120,2,2,1876158,120,0,2,2,109.0,44.8,50.5
s2b-r01,1,A,0,s2b-r01-350,0,0,0,0,0,0,1,0,1024,0,8,90,-1,0,0,-1,3,90,3,2,1416774,120,0,3,3,85.0,44.8,50.5
s2b-r01,1,A,0,s2b-r01-351,0,0,0,0,0,0,1,0,1024,0,1,113,-1,0,0,-1,0,113,0,2,1778457,120,0,0,0,18.0,44.8,50.5
s2b-r01,1,A,0,s2b-r01-352,0,0,0,0,0,0,1,0,1024,0,1,152,-1,0,0,-1,0,152,0,2,2385915,152,0,0,0,21.0,44.8,50.5
s2b-r01,1,A,0,s2b-r01-353,0,0,0,0,0,0,1,0,1024,0,1,155,-1,0,0,-1,0,155,0,2,2422055,155,0,0,0,22.0,44.8,50.5
s2b-r01,1,A,0,s2b-r01-354,0,0,0,0,0,0,1,0,1024,0,16,116,-1,0,0,-1,4,116,4,2,1813328,126,0,4,4,55.0,44.8,50.5
s2b-r01,1,A,0,s2b-r01-355,0,0,0,0,0,0,1,0,1024,0,32,150,0,0,0,-1,4,150,5,0,2350173,152,0,5,5,42.0,44.8,50.5
s2b-r01,1,A,0,s2b-r01-356,0,0,0,0,0,0,1,0,1024,0,1,161,0,0,0,-1,4,161,0,0,2516390,161,0,0,0,47.0,44.8,50.5
s2b-r01,1,A,0,s2b-r01-357,0,0,0,0,0,0,1,0,1024,0,16,165,-1,0,0,-1,4,165,4,2,2589424,165,0,4,4,103.0,44.8,50.5
s2b-r01,1,A,0,s2b-r01-358,0,0,0,0,0,0,1,0,1024,0,2,125,1,0,0,-1,4,125,1,0,1966760,109,0,1,1,55.0,44.8,50.5
s2b-r01,1,A,0,s2b-r01-359,0,0,0,0,0,0,1,0,1024,0,2,95,-1,0,0,-1,1,95,1,2,1493795,77,0,1,1,74.0,44.8,50.5
s2b-r01,1,A,0,s2b-r01-360,0,0,0,0,0,0,1,0,1024,0,2,71,-1,0,0,-1,1,71,1,2,1113989,77,0,1,1,69.0,44.8,50.5
s2b-r01,1,A,0,s2b-r01-361,0,0,0,0,0,0,1,0,1024,0,32,62,-1,0,0,-1,5,62,5,2,978189,12,0,5,5,28.0,44.8,50.5
s2b-r01,1,A,0,s2b-r01-362,0,0,0,0,0,0,1,0,1024,0,1,160,-1,0,0,-1,0,160,0,2,2503721,160,0,0,0,34.0,44.8,50.5
s2b-r01,1,A,0,s2b-r01-363,0,0,0,0,0,0,1,0,1024,0,16,134,-1,0,0,-1,4,134,4,2,2106372,160,0,4,4,25.0,44.8,50.5
s2b-r01,1,A,0,s2b-r01-364,0,0,0,0,0,0,1,0,1024,0,16,152,-1,0,0,-1,4,152,4,2,2387099,160,0,4,4,108.0,44.8,50.5
s2b-r01,1,A,0,s2b-r01-365,0,0,0,0,0,0,1,0,1024,0,16,94,-1,0,0,-1,4,94,4,2,1482963,117,0,4,4,48.0,44.8,50.5
s2b-r01,1,A,0,s2b-r01-366,0,0,0,0,0,0,1,0,1024,0,16,94,-1,0,0,-1,4,94,4,2,1472206,117,0,4,4,58.0,44.8,50.5
s2b-r01,1,A,0,s2b-r01-367,0,0,0,0,0,0,1,0,1024,0,16,70,-1,0,0,-1,4,70,4,2,1096766,42,0,4,4,100.0,44.8,50.5
s2b-r01,1,A,0,s2b-r01-368,0,0,0,0,0,0,1,0,1024,0,1,82,0,0,0,-1,4,82,0,0,1292673,82,0,0,0,104.0,44.8,50.5
s2b-r01,1,A,0,s2b-r01-369,0,0,0,0,0,0,1,0,1024,0,32,63,-1,0,0,-1,5,63,5,2,992823,31,0,5,5,109.0,44.8,50.5
s2b-r01,1,A,0,s2b-r01-370,0,0,0,0,0,0,1,0,1024,0,2,91,1,0,0,-1,0,91,0,0,1434935,91,0,0,1,110.0,44.8,50.5
s2b-r01,1,A,0,s2b-r01-371,0,0,0,0,0,0,1,0,1024,0,16,64,-1,0,0,-1,4,64,4,2,1013382,5,0,4,4,77.0,44.8,50.5
s2b-r01,1,A,0,s2b-r01-372,0,0,0,0,0,0,1,0,1024,0,16,63,-1,0,0,-1,4,63,4,2,989045,33,0,4,4,19.0,44.8,50.5
s2b-r01,1,A,0,s2b-r01-373,0,0,0,0,0,0,1,0,1024,0,32,152,0,0,0,-1,4,152,5,0,2378755,152,0,5,5,30.0,44.8,50.5
s2b-r01,1,A,0,s2b-r01-374,0,0,0,0,0,0,1,0,1024,0,32,102,-1,0,0,-1,5,102,5,2,1606772,102,0,5,5,36.0,44.8,50.5
s2b-r01,1,A,0,s2b-r01-375,0,0,0,0,0,0,1,0,1024,0,32,148,-1,0,0,-1,5,148,5,2,2324742,148,0,5,5,101.0,44.8,50.5
s2b-r01,1,A,0,s2b-r01-376,0,0,0,0,0,0,1,0,1024,0,32,89,-1,0,0,-1,5,89,5,2,1396687,102,0,5,5,66.0,44.8,50.5
s2b-r01,1,A,0,s2b-r01-377,0,0,0,0,0,0,1,0,1024,0,32,90,-1,0,0,-1,5,90,5,2,1411033,90,0,5,5,45.0,44.8,50.5
s2b-r01,1,A,0,s2b-r01-378,0,0,0,0,0,0,1,0,1024,0,32,61,-1,0,0,-1,5,61,5,2,965646,90,0,5,5,62.0,44.8,50.5
s2b-r01,1,A,0,s2b-r01-379,0,0,0,0,0,0,1,0,1024,0,2,61,-1,0,0,-1,1,61,1,2,966173,55,0,1,1,61.0,44.8,50.5
s2b-r01,1,A,0,s2b-r01-380,0,0,0,0,0,0,1,0,1024,0,2,112,-1,0,0,-1,1,112,1,2,1762595,112,0,1,1,27.0,44.8,50.5
s2b-r01,1,A,0,s2b-r01-381,0,0,0,0,0,0,1,0,1024,0,16,172,2,0,0,-1,0,172,4,0,2697264,172,0,4,4,40.0,44.8,50.5
s2b-r01,1,A,0,s2b-r01-382,0,0,0,0,0,0,1,0,1024,0,16,146,-1,0,0,-1,4,146,4,2,2292687,146,0,4,4,34.0,44.8,50.5
s2b-r01,1,A,0,s2b-r01-383,0,0,0,0,0,0,1,0,1024,0,32,150,1,0,0,-1,0,150,5,0,2351849,150,0,5,5,101.0,44.8,50.5
s2b-r01,1,A,0,s2b-r01-384,0,0,0,0,0,0,1,0,1024,0,32,149,-1,0,0,-1,5,149,5,2,2337473,149,0,5,5,69.0,44.8,50.5
s2b-r01,1,A,0,s2b-r01-385,0,0,0,0,0,0,1,0,1024,0,32,154,-1,0,0,-1,5,154,5,2,2410339,154,0,5,5,63.0,44.8,50.5
s2b-r01,1,A,0,s2b-r01-386,0,0,0,0,0,0,1,0,1024,0,2,91,1,0,0,-1,5,91,1,0,1428952,125,0,1,1,93.0,44.8,50.5
s2b-r01,1,A,0,s2b-r01-387,0,0,0,0,0,0,1,0,1024,0,32,116,2,0,0,-1,1,116,5,0,1825066,125,0,5,5,289.0,44.8,50.5
s2b-r01,1,A,0,s2b-r01-388,0,0,0,0,0,0,1,0,1024,0,2,149,-1,0,0,-1,1,149,1,2,2334272,149,0,1,1,40.0,44.8,50.5
s2b-r01,1,A,0,s2b-r01-389,0,0,0,0,0,0,1,0,1024,0,2,84,-1,0,0,-1,1,84,1,2,1321706,75,0,1,1,59.0,44.8,50.5
s2b-r01,1,A,0,s2b-r01-390,0,0,0,0,0,0,1,0,1024,0,32,101,0,0,0,-1,1,101,5,0,1581412,101,0,5,5,43.0,44.8,50.5
s2b-r01,1,A,0,s2b-r01-391,0,0,0,0,0,0,1,0,1024,0,2,174,1,0,0,-1,5,174,1,0,2722906,174,0,1,1,40.0,44.8,50.5
s2b-r01,1,A,0,s2b-r01-392,0,0,0,0,0,0,1,0,1024,0,16,156,1,0,0,-1,0,156,4,0,2438894,174,0,4,4,27.0,44.8,50.5
s2b-r01,1,A,0,s2b-r01-393,0,0,0,0,0,0,1,0,1024,0,16,149,-1,0,0,-1,4,149,4,2,2340042,174,0,4,4,42.0,44.8,50.5
s2b-r01,1,A,0,s2b-r01-394,0,0,0,0,0,0,1,0,1024,0,16,150,-1,0,0,-1,4,150,4,2,2349728,174,0,4,4,56.0,44.8,50.5
s2b-r01,1,A,0,s2b-r01-395,0,0,0,0,0,0,1,0,1024,0,32,91,-1,0,0,-1,5,91,5,2,1427641,19,0,5,5,33.0,44.8,50.5
s2b-r01,1,A,0,s2b-r01-396,0,0,0,0,0,0,1,0,1024,0,16,177,-1,0,0,-1,4,177,4,2,2767838,177,0,4,4,51.0,44.8,50.5
s2b-r01,1,A,0,s2b-r01-397,0,0,0,0,0,0,1,0,1024,0,16,92,-1,0,0,-1,4,92,4,2,1446222,5,0,4,4,45.0,44.8,50.5
s2b-r01,1,A,0,s2b-r01-398,0,0,0,0,0,0,1,0,1024,0,1,94,0,0,0,-1,4,94,0,0,1482128,28,0,0,0,159.0,44.8,50.5
s2b-r01,1,A,0,s2b-r01-399,0,0,0,0,0,0,1,0,1024,0,32,90,-1,0,0,-1,5,90,5,2,1417023,90,0,5,5,40.0,44.8,50.5
s2b-r01,1,A,0,s2b-r01-400,0,0,0,0,0,0,1,0,1024,0,32,113,-1,0,0,-1,5,113,5,2,1774993,113,0,5,5,44.0,44.8,50.5
s2b-r01,1,A,0,s2b-r01-401,0,0,0,0,0,0,1,0,1024,0,32,79,-1,0,0,-1,5,79,5,2,1234557,56,0,5,5,70.0,44.8,50.5
s2b-r01,1,A,0,s2b-r01-402,0,0,0,0,0,0,1,0,1024,0,16,154,-1,0,0,-1,4,154,4,2,2410783,154,0,4,4,37.0,44.8,50.5
s2b-r01,1,A,0,s2b-r01-403,0,0,0,0,0,0,1,0,1024,0,16,152,-1,0,0,-1,4,152,4,2,2376082,154,0,4,4,18.0,44.8,50.5
s2b-r01,1,A,0,s2b-r01-404,0,0,0,0,0,0,1,0,1024,0,16,109,-1,0,0,-1,4,109,4,2,1715220,109,0,4,4,27.0,44.8,50.5
s2b-r01,1,A,0,s2b-r01-405,0,0,0,0,0,0,1,0,1024,0,16,90,-1,0,0,-1,4,90,4,2,1408275,11,0,4,4,109.0,44.8,50.5
s2b-r01,1,A,0,s2b-r01-406,0,0,0,0,0,0,1,0,1024,0,16,81,-1,0,0,-1,4,81,4,2,1278485,64,0,4,4,114.0,44.8,50.5
s2b-r01,1,A,0,s2b-r01-407,0,0,0,0,0,0,1,0,1024,0,16,62,-1,0,0,-1,4,62,4,2,973096,7,0,4,4,77.0,44.8,50.5
s2b-r01,1,A,0,s2b-r01-408,0,0,0,0,0,0,1,0,1024,0,16,61,-1,0,0,-1,4,61,4,2,965738,32,0,4,4,29.0,44.8,50.5
s2b-r01,1,A,0,s2b-r01-409,0,0,0,0,0,0,1,0,1024,0,2,167,-1,0,0,-1,1,167,1,2,2618281,167,0,1,1,106.0,44.8,50.5
s2b-r01,1,A,0,s2b-r01-410,0,0,0,0,0,0,1,0,1024,0,2,94,-1,0,0,-1,1,94,1,2,1478185,35,0,1,1,46.0,44.8,50.5
s2b-r01,1,A,0,s2b-r01-411,0,0,0,0,0,0,1,0,1024,0,32,98,-1,0,0,-1,5,98,5,2,1545584,35,0,5,5,111.0,44.8,50.5
s2b-r01,1,A,0,s2b-r01-412,0,0,0,0,0,0,1,0,1024,0,16,71,1,0,0,-1,5,71,4,0,1118945,63,0,4,4,91.0,44.8,50.5
s2b-r01,1,A,0,s2b-r01-413,0,0,0,0,0,0,1,0,1024,0,16,117,-1,0,0,-1,4,117,4,2,1834431,117,0,4,4,21.0,44.8,50.5
s2b-r01,1,A,0,s2b-r01-414,0,0,0,0,0,0,1,0,1024,0,16,149,4,0,0,-1,4,149,4,0,2337454,149,0,4,5,123.0,44.8,50.5
s2b-r01,1,A,0,s2b-r01-415,0,0,0,0,0,0,1,0,1024,0,1,152,0,0,0,-1,5,152,0,0,2383625,152,0,0,0,52.0,44.8,50.5
s2b-r01,1,A,0,s2b-r01-416,0,0,0,0,0,0,1,0,1024,0,1,117,-1,0,0,-1,0,117,0,2,1842452,117,0,0,0,91.0,44.8,50.5
s2b-r01,1,A,0,s2b-r01-417,0,0,0,0,0,0,1,0,1024,0,2,95,-1,0,0,-1,1,95,1,2,1487678,117,0,1,1,55.0,44.8,50.5
s2b-r01,1,A,0,s2b-r01-418,0,0,0,0,0,0,1,0,1024,0,2,101,-1,0,0,-1,1,101,1,2,1593521,117,0,1,1,50.0,44.8,50.5
s2b-r01,1,A,0,s2b-r01-419,0,0,0,0,0,0,1,0,1024,0,2,75,-1,0,0,-1,1,75,1,2,1172225,101,0,1,1,102.0,44.8,50.5
s2b-r01,1,A,0,s2b-r01-420,0,0,0,0,0,0,1,0,1024,0,2,91,-1,0,0,-1,1,91,1,2,1437250,101,0,1,1,104.0,44.8,50.5
s2b-r01,1,A,0,s2b-r01-421,0,0,0,0,0,0,1,0,1024,0,2,60,-1,0,0,-1,1,60,1,2,945374,124,0,1,1,102.0,44.8,50.5
s2b-r01,1,A,0,s2b-r01-422,0,0,0,0,0,0,1,0,1024,0,16,103,-1,0,0,-1,4,103,4,2,1622363,124,0,4,4,80.0,44.8,50.5
s2b-r01,1,A,0,s2b-r01-423,0,0,0,0,0,0,1,0,1024,0,16,148,-1,0,0,-1,4,148,4,2,2316370,148,0,4,4,16.0,44.8,50.5
s2b-r01,1,A,0,s2b-r01-424,0,0,0,0,0,0,1,0,1024,0,32,156,-1,0,0,-1,5,156,5,2,2439548,156,0,5,5,88.0,44.8,50.5
s2b-r01,1,A,0,s2b-r01-425,0,0,0,0,0,0,1,0,1024,0,2,120,0,0,0,-1,5,120,1,0,1880253,120,0,1,1,38.0,44.8,50.5
s2b-r01,1,A,0,s2b-r01-426,0,0,0,0,0,0,1,0,1024,0,2,95,-1,0,0,-1,1,95,1,2,1484625,47,0,1,1,37.0,44.8,50.5
s2b-r01,1,A,0,s2b-r01-427,0,0,0,0,0,0,1,0,1024,0,2,84,-1,0,0,-1,1,84,1,2,1313326,3,0,1,1,103.0,44.8,50.5
s2b-r01,1,A,0,s2b-r01-428,0,0,0,0,0,0,1,0,1024,0,2,77,-1,0,0,-1,1,77,1,2,1209309,77,0,1,1,88.0,44.8,50.5
s2b-r01,1,A,0,s2b-r01-429,0,0,0,0,0,0,1,0,1024,0,2,65,-1,0,0,-1,1,65,1,2,1026290,125,0,1,1,76.0,44.8,50.5
s2b-r01,1,A,0,s2b-r01-430,0,0,0,0,0,0,1,0,1024,0,2,64,-1,0,0,-1,1,64,1,2,1002271,125,0,1,1,100.0,44.8,50.5
s2b-r01,1,A,0,s2b-r01-431,0,0,0,0,0,0,1,0,1024,0,1,101,0,0,0,-1,1,101,0,0,1588645,101,0,0,0,39.0,44.8,50.5
s2b-r01,1,A,0,s2b-r01-432,0,0,0,0,0,0,1,0,1024,0,1,174,0,0,0,-1,4,174,0,0,2731733,174,0,0,0,32.0,44.8,50.5
s2b-r01,1,A,0,s2b-r01-433,0,0,0,0,0,0,1,0,1024,0,1,108,-1,0,0,-1,0,108,0,2,1700275,108,0,0,0,14.0,44.8,50.5
s2b-r01,1,A,0,s2b-r01-434,0,0,0,0,0,0,1,0,1024,0,1,153,-1,0,0,-1,0,153,0,2,2400460,174,0,0,0,13.0,44.8,50.5
s2b-r01,1,A,0,s2b-r01-435,0,0,0,0,0,0,1,0,1024,0,1,119,-1,0,0,-1,0,119,0,2,1865573,119,0,0,0,23.0,44.8,50.5
s2b-r01,1,A,0,s2b-r01-436,0,0,0,0,0,0,1,0,1024,0,2,162,1,0,0,-1,0,162,1,0,2541241,162,0,1,1,126.0,44.8,50.5
s2b-r01,1,A,0,s2b-r01-437,0,0,0,0,0,0,1,0,1024,0,16,164,-1,0,0,-1,4,164,4,2,2574392,164,0,4,4,100.0,44.8,50.5
s2b-r01,1,A,0,s2b-r01-438,0,0,0,0,0,0,1,0,1024,0,2,119,1,0,0,-1,4,119,4,0,1862111,54,0,4,0,108.0,44.8,50.5
s2b-r01,1,A,0,s2b-r01-439,0,0,0,0,0,0,1,0,1024,0,32,124,3,0,0,-1,1,124,5,0,1952969,124,0,5,5,37.0,44.8,50.5
s2b-r01,1,A,0,s2b-r01-440,0,0,0,0,0,0,1,0,1024,0,8,157,-1,0,0,-1,3,157,3,2,2467814,157,0,3,3,18.0,44.8,50.5
s2b-r01,1,A,0,s2b-r01-441,0,0,0,0,0,0,1,0,1024,0,8,149,-1,0,0,-1,3,149,3,2,2339043,149,0,3,3,26.0,44.8,50.5
s2b-r01,1,A,0,s2b-r01-442,0,0,0,0,0,0,1,0,1024,0,8,151,-1,0,0,-1,3,151,3,2,2362638,151,0,3,3,47.0,44.8,50.5
s2b-r01,1,A,0,s2b-r01-443,0,0,0,0,0,0,1,0,1024,0,16,124,4,0,0,-1,3,124,4,0,1950453,98,0,4,4,92.0,44.8,50.5
s2b-r01,1,A,0,s2b-r01-444,0,0,0,0,0,0,1,0,1024,0,16,159,-1,0,0,-1,4,159,4,2,2487038,159,0,4,4,40.0,44.8,50.5
s2b-r01,1,A,0,s2b-r01-445,0,0,0,0,0,0,1,0,1024,0,1,157,0,0,0,-1,4,157,4,0,2453819,157,0,4,0,118.0,44.8,50.5
s2b-r01,1,A,0,s2b-r01-446,0,0,0,0,0,0,1,0,1024,0,4,162,2,0,0,-1,0,162,2,0,2543880,162,0,2,2,37.0,44.8,50.5
s2b-r01,1,A,0,s2b-r01-447,0,0,0,0,0,0,1,0,1024,0,4,156,-1,0,0,-1,2,156,2,2,2442423,157,0,2,2,39.0,44.8,50.5
s2b-r01,1,A,0,s2b-r01-448,0,0,0,0,0,0,1,0,1024,0,16,124,4,0,0,-1,2,124,2,0,1951284,112,0,2,4,62.0,44.8,50.5
s2b-r01,1,A,0,s2b-r01-449,0,0,0,0,0,0,1,0,1024,0,16,90,-1,0,0,-1,4,90,4,2,1421007,82,0,4,4,103.0,44.8,50.5
s2b-r01,1,A,0,s2b-r01-450,0,0,0,0,0,0,1,0,1024,0,2,100,1,0,0,-1,4,100,4,0,1566150,100,0,4,4,274.0,44.8,50.5
s2b-r01,1,A,0,s2b-r01-451,0,0,0,0,0,0,1,0,1024,0,1,79,0,0,0,-1,4,79,4,0,1244996,59,0,4,4,66.0,44.8,50.5
s2b-r01,1,A,0,s2b-r01-452,0,0,0,0,0,0,1,0,1024,0,1,88,0,0,0,-1,1,88,0,0,1376382,79,0,0,0,25.0,44.8,50.5
s2b-r01,1,A,0,s2b-r01-453,0,0,0,0,0,0,1,0,1024,0,1,150,-1,0,0,-1,0,150,0,2,2355686,150,0,0,0,36.0,44.8,50.5
s2b-r01,1,A,0,s2b-r01-454,0,0,0,0,0,0,1,0,1024,0,1,155,-1,0,0,-1,0,155,0,2,2435680,155,0,0,0,63.0,44.8,50.5
s2b-r01,1,A,0,s2b-r01-455,0,0,0,0,0,0,1,0,1024,0,16,111,-1,0,0,-1,4,111,4,2,1734761,116,0,4,4,26.0,44.8,50.5
s2b-r01,1,A,0,s2b-r01-456,0,0,0,0,0,0,1,0,1024,0,32,95,-1,0,0,-1,5,95,5,2,1485447,116,0,5,5,35.0,44.8,50.5
s2b-r01,1,A,0,s2b-r01-457,0,0,0,0,0,0,1,0,1024,0,32,70,-1,0,0,-1,5,70,5,2,1094182,3,0,5,5,103.0,44.8,50.5
s2b-r01,1,A,0,s2b-r01-458,0,0,0,0,0,0,1,0,1024,0,32,63,-1,0,0,-1,5,63,5,2,994500,63,0,5,5,98.0,44.8,50.5
s2b-r01,1,A,0,s2b-r01-459,0,0,0,0,0,0,1,0,1024,0,32,118,-1,0,0,-1,5,118,5,2,1855815,118,0,5,5,108.0,44.8,50.5
s2b-r01,1,A,0,s2b-r01-460,0,0,0,0,0,0,1,0,1024,0,2,75,0,0,0,-1,4,75,1,0,1176291,98,0,1,1,83.0,44.8,50.5
s2b-r01,1,A,0,s2b-r01-461,0,0,0,0,0,0,1,0,1024,0,16,109,0,0,0,-1,1,109,4,0,1711750,109,0,4,4,42.0,44.8,50.5
s2b-r01,1,A,0,s2b-r01-462,0,0,0,0,0,0,1,0,1024,0,16,106,-1,0,0,-1,4,106,4,2,1668619,106,0,4,4,23.0,44.8,50.5
s2b-r01,1,A,0,s2b-r01-463,0,0,0,0,0,0,1,0,1024,0,32,157,-1,0,0,-1,5,157,5,2,2461352,157,0,5,5,40.0,44.8,50.5
s2b-r01,1,A,0,s2b-r01-464,0,0,0,0,0,0,1,0,1024,0,32,149,-1,0,0,-1,5,149,5,2,2343169,157,0,5,5,140.0,44.8,50.5
s2b-r01,1,A,0,s2b-r01-465,0,0,0,0,0,0,1,0,1024,0,32,113,-1,0,0,-1,5,113,5,2,1767609,106,0,5,5,104.0,44.8,50.5
s2b-r01,1,A,0,s2b-r01-466,0,0,0,0,0,0,1,0,1024,0,32,90,-1,0,0,-1,5,90,5,2,1416628,90,0,5,5,109.0,44.8,50.5
s2b-r02,1,B,512,s2b-r02-0,512,512,0,10,512,512,1,10,1024,0,2,512,-1,0,0,-1,1,128,1,2,2012118,178,0,1,1,19.0,45.1,56.7
s2b-r02,1,B,512,s2b-r02-1,512,512,0,10,512,512,1,10,1024,0,1,512,-1,0,0,-1,0,152,0,2,2385496,152,0,0,0,12.0,45.1,56.7
s2b-r02,1,B,512,s2b-r02-2,512,512,0,10,512,512,1,10,1024,0,1,512,-1,0,0,-1,0,137,0,2,2145613,152,0,0,0,13.0,45.1,56.7
s2b-r02,1,B,512,s2b-r02-3,512,512,0,10,512,512,1,10,1024,0,1,512,-1,0,0,-1,0,155,0,2,2436460,155,0,0,0,26.0,45.1,56.7
s2b-r02,1,B,512,s2b-r02-4,512,512,0,10,512,512,1,10,1024,0,32,512,-1,0,0,-1,5,138,5,2,2164061,138,0,5,5,13.0,45.1,56.7
s2b-r02,1,B,512,s2b-r02-5,512,512,0,10,512,512,1,10,1024,0,32,512,-1,0,0,-1,5,148,5,2,2322422,148,0,5,5,29.0,45.1,56.7
s2b-r02,1,B,512,s2b-r02-6,512,512,0,10,512,512,1,10,1024,0,2,512,-1,0,0,-1,1,142,1,2,2223619,142,0,1,1,29.0,45.1,56.7
s2b-r02,1,B,512,s2b-r02-7,512,512,0,10,512,512,1,10,1024,0,2,512,-1,0,0,-1,1,146,1,2,2295557,146,0,1,1,26.0,45.1,56.7
s2b-r02,1,B,512,s2b-r02-8,512,512,0,10,512,512,1,10,1024,0,2,512,-1,0,0,-1,1,145,1,2,2272988,145,0,1,1,16.0,45.1,56.7
s2b-r02,1,B,512,s2b-r02-9,512,512,0,10,512,512,1,10,1024,0,16,512,0,0,0,-1,1,147,4,0,2310351,147,0,4,4,26.0,45.1,56.7
s2b-r02,1,B,512,s2b-r02-10,512,512,0,10,512,512,1,10,1024,0,16,512,-1,0,0,-1,4,193,4,2,3016302,193,0,4,4,15.0,45.1,56.7
s2b-r02,1,B,512,s2b-r02-11,512,512,0,10,512,512,1,10,1024,0,16,512,-1,0,0,-1,4,148,4,2,2326054,148,0,4,4,72.0,45.1,56.7
s2b-r02,1,B,512,s2b-r02-12,512,512,0,10,512,512,1,10,1024,0,1,512,0,0,0,-1,4,148,0,0,2313363,148,0,0,0,39.0,45.1,56.7
s2b-r02,1,B,512,s2b-r02-13,512,512,0,10,512,512,1,10,1024,0,32,512,1,0,0,-1,0,158,5,0,2475670,158,0,5,5,73.0,45.1,56.7
s2b-r02,1,B,512,s2b-r02-14,512,512,0,10,512,512,1,10,1024,0,32,512,-1,0,0,-1,5,160,5,2,2510795,155,0,5,5,29.0,45.1,56.7
s2b-r02,1,B,512,s2b-r02-15,512,512,0,10,512,512,1,10,1024,0,16,512,4,0,0,-1,0,127,0,0,1995715,28,0,0,4,74.0,45.1,56.7
s2b-r02,1,B,512,s2b-r02-16,512,512,0,10,512,512,1,10,1024,0,16,512,-1,0,0,-1,4,148,4,2,2321953,148,0,4,4,102.0,45.1,56.7
s2b-r02,1,B,512,s2b-r02-17,512,512,0,10,512,512,1,10,1024,0,16,512,-1,0,0,-1,4,96,4,2,1502133,61,0,4,4,23.0,45.1,56.7
s2b-r02,1,B,512,s2b-r02-18,512,512,0,10,512,512,1,10,1024,0,16,512,-1,0,0,-1,4,153,4,2,2394220,153,0,4,4,41.0,45.1,56.7
s2b-r02,1,B,512,s2b-r02-19,512,512,0,10,512,512,1,10,1024,0,16,512,-1,0,0,-1,4,137,4,2,2141115,137,0,4,4,50.0,45.1,56.7
s2b-r02,1,B,512,s2b-r02-20,512,512,0,10,512,512,1,10,1024,0,16,512,-1,0,0,-1,4,150,4,2,2348194,150,0,4,4,37.0,45.1,56.7
s2b-r02,1,B,512,s2b-r02-21,512,512,0,10,512,512,1,10,1024,0,16,512,-1,0,0,-1,4,151,4,2,2373460,151,0,4,4,28.0,45.1,56.7
s2b-r02,1,B,512,s2b-r02-22,512,512,0,10,512,512,1,10,1024,0,16,512,-1,0,0,-1,4,118,4,2,1847565,88,0,4,4,45.0,45.1,56.7
s2b-r02,1,B,512,s2b-r02-23,512,512,0,10,512,512,1,10,1024,0,16,512,-1,0,0,-1,4,152,4,2,2385635,152,0,4,4,17.0,45.1,56.7
s2b-r02,1,B,512,s2b-r02-24,512,512,0,10,512,512,1,10,1024,0,1,512,0,0,0,-1,4,128,0,0,2001457,152,0,0,0,45.0,45.1,56.7
s2b-r02,1,B,512,s2b-r02-25,512,512,0,10,512,512,1,10,1024,0,1,512,-1,0,0,-1,0,93,0,2,1463070,48,0,0,0,43.0,45.1,56.7
s2b-r02,1,B,512,s2b-r02-26,512,512,0,10,512,512,1,10,1024,0,1,512,-1,0,0,-1,0,89,0,2,1397470,48,0,0,0,61.0,45.1,56.7
s2b-r02,1,B,512,s2b-r02-27,512,512,0,10,512,512,1,10,1024,0,16,512,0,0,0,-1,1,108,4,0,1693743,108,0,4,4,24.0,45.1,56.7
s2b-r02,1,B,512,s2b-r02-28,512,512,0,10,512,512,1,10,1024,0,2,512,-1,0,0,-1,1,161,1,2,2516615,161,0,1,1,27.0,45.1,56.7
s2b-r02,1,B,512,s2b-r02-29,512,512,0,10,512,512,1,10,1024,0,32,512,-1,0,0,-1,5,138,5,2,2161077,161,0,5,5,44.0,45.1,56.7
s2b-r02,1,B,512,s2b-r02-30,512,512,0,10,512,512,1,10,1024,0,2,512,0,0,0,-1,5,149,1,0,2338793,161,0,1,1,113.0,45.1,56.7
s2b-r02,1,B,512,s2b-r02-31,512,512,0,10,512,512,1,10,1024,0,2,512,-1,0,0,-1,1,155,1,2,2434405,161,0,1,1,27.0,45.1,56.7
s2b-r02,1,B,512,s2b-r02-32,512,512,0,10,512,512,1,10,1024,0,1,512,0,0,0,-1,1,153,0,0,2400522,153,0,0,0,86.0,45.1,56.7
s2b-r02,1,B,512,s2b-r02-33,512,512,0,10,512,512,1,10,1024,0,32,512,1,0,0,-1,4,155,5,0,2428930,155,0,5,5,24.0,45.1,56.7
s2b-r02,1,B,512,s2b-r02-34,512,512,0,10,512,512,1,10,1024,0,32,512,-1,0,0,-1,5,152,5,2,2384987,153,0,5,5,16.0,45.1,56.7
s2b-r02,1,B,512,s2b-r02-35,512,512,0,10,512,512,1,10,1024,0,32,512,-1,0,0,-1,5,144,5,2,2253342,153,0,5,5,61.0,45.1,56.7
s2b-r02,1,B,512,s2b-r02-36,512,512,0,10,512,512,1,10,1024,6,32,512,1,1,0,-1,5,153,5,0,2404354,153,1,5,5,79.0,45.1,56.7
s2b-r02,1,B,512,s2b-r02-37,512,512,0,10,512,512,1,10,1024,0,32,512,-1,0,0,-1,5,151,5,2,2360315,153,0,5,5,44.0,45.1,56.7
s2b-r02,1,B,512,s2b-r02-38,512,512,0,10,512,512,1,10,1024,6,64,512,-1,1,0,-1,6,158,6,2,2475743,158,0,6,6,77.0,45.1,56.7
s2b-r02,1,B,512,s2b-r02-39,512,512,0,10,512,512,1,10,1024,6,64,512,-1,1,0,-1,6,83,6,2,1298673,25,0,6,6,173.0,45.1,56.7
s2b-r02,1,B,512,s2b-r02-40,512,512,0,10,512,512,1,10,1024,6,64,512,-1,1,0,-1,6,106,6,2,1658470,106,0,6,6,51.0,45.1,56.7
s2b-r02,1,B,512,s2b-r02-41,512,512,0,10,512,512,1,10,1024,6,64,512,-1,1,0,-1,6,99,6,2,1548551,99,0,6,6,140.0,45.1,56.7
s2b-r02,1,B,512,s2b-r02-42,512,512,0,10,512,512,1,10,1024,6,64,512,-1,1,0,-1,6,91,6,2,1431358,91,0,6,6,51.0,45.1,56.7
s2b-r02,1,B,512,s2b-r02-43,512,512,0,10,512,512,1,10,1024,6,64,512,-1,1,0,-1,6,99,6,2,1549248,99,0,6,6,145.0,45.1,56.7
s2b-r02,1,B,512,s2b-r02-44,512,512,0,10,512,512,1,10,1024,6,64,512,-1,1,0,-1,6,84,6,2,1320229,99,0,6,6,48.0,45.1,56.7
s2b-r02,1,B,512,s2b-r02-45,512,512,0,10,512,512,1,10,1024,6,64,512,-1,1,0,-1,6,98,6,2,1539973,99,0,6,6,143.0,45.1,56.7
s2b-r02,1,B,512,s2b-r02-46,512,512,0,10,512,512,1,10,1024,6,64,512,-1,1,0,-1,6,103,6,2,1620283,103,0,6,6,49.0,45.1,56.7
s2b-r02,1,B,512,s2b-r02-47,512,512,0,10,512,512,1,10,1024,6,64,512,-1,1,0,-1,6,100,6,2,1563007,100,0,6,6,127.0,45.1,56.7
s2b-r02,1,B,512,s2b-r02-48,512,512,0,10,512,512,1,10,1024,6,64,512,-1,1,0,-1,6,105,6,2,1650599,105,0,6,6,183.0,45.1,56.7
s2b-r02,1,B,512,s2b-r02-49,512,512,0,10,512,512,1,10,1024,6,64,512,-1,1,0,-1,6,83,6,2,1297553,100,0,6,6,50.0,45.1,56.7
s2b-r02,1,B,512,s2b-r02-50,512,512,0,10,512,512,1,10,1024,6,64,512,-1,1,0,-1,6,98,6,2,1542256,100,0,6,6,146.0,45.1,56.7
s2b-r02,1,B,512,s2b-r02-51,512,512,0,10,512,512,1,10,1024,6,64,512,-1,1,0,-1,6,83,6,2,1307979,83,0,6,6,123.0,45.1,56.7
s2b-r02,1,B,512,s2b-r02-52,512,512,0,10,512,512,1,10,1024,6,64,512,-1,1,0,-1,6,101,6,2,1584143,101,0,6,6,49.0,45.1,56.7
s2b-r02,1,B,512,s2b-r02-53,512,512,0,10,512,512,1,10,1024,6,64,512,-1,1,0,-1,6,85,6,2,1340402,85,0,6,6,201.0,45.1,56.7
s2b-r02,1,B,512,s2b-r02-54,512,512,0,10,512,512,1,10,1024,6,64,512,-1,1,0,-1,6,105,6,2,1645319,105,0,6,6,57.0,45.1,56.7
s2b-r02,1,B,512,s2b-r02-55,512,512,0,10,512,512,1,10,1024,6,64,512,-1,1,0,-1,6,103,6,2,1620571,105,0,6,6,150.0,45.1,56.7
s2b-r02,1,B,512,s2b-r02-56,512,512,0,10,512,512,1,10,1024,6,64,512,-1,1,0,-1,6,80,6,2,1252643,105,0,6,6,54.0,45.1,56.7
s2b-r02,1,B,512,s2b-r02-57,512,512,0,10,512,512,1,10,1024,6,64,512,-1,1,0,-1,6,101,6,2,1585120,105,0,6,6,155.0,45.1,56.7
s2b-r02,1,B,512,s2b-r02-58,512,512,0,10,512,512,1,10,1024,6,64,512,-1,1,0,-1,6,103,6,2,1616237,103,0,6,6,49.0,45.1,56.7
s2b-r02,1,B,512,s2b-r02-59,512,512,0,10,512,512,1,10,1024,6,64,512,-1,1,0,-1,6,98,6,2,1537636,103,0,6,6,129.0,45.1,56.7
s2b-r02,1,B,512,s2b-r02-60,512,512,0,10,512,512,1,10,1024,6,64,512,-1,1,0,-1,6,100,6,2,1569698,103,0,6,6,55.0,45.1,56.7
s2b-r02,1,B,512,s2b-r02-61,512,512,0,10,512,512,1,10,1024,6,64,512,-1,1,0,-1,6,102,6,2,1596564,103,0,6,6,224.0,45.1,56.7
s2b-r02,1,B,512,s2b-r02-62,512,512,0,10,512,512,1,10,1024,6,64,512,-1,1,0,-1,6,132,6,2,2065242,132,0,6,6,39.0,45.1,56.7
s2b-r02,1,B,512,s2b-r02-63,512,512,0,10,512,512,1,10,1024,6,64,512,-1,1,0,-1,6,86,6,2,1355083,71,0,6,6,150.0,45.1,56.7
s2b-r02,1,B,512,s2b-r02-64,512,512,0,10,512,512,1,10,1024,6,64,512,-1,1,0,-1,6,103,6,2,1614496,103,0,6,6,57.0,45.1,56.7
s2b-r02,1,B,512,s2b-r02-65,512,512,0,10,512,512,1,10,1024,6,64,512,-1,1,0,-1,6,86,6,2,1355297,86,0,6,6,480.0,45.1,56.7
s2b-r02,1,B,512,s2b-r02-66,512,512,0,10,512,512,1,10,1024,6,64,512,-1,1,0,-1,6,129,6,2,2017918,129,0,6,6,41.0,45.1,56.7
s2b-r02,1,B,512,s2b-r02-67,512,512,0,10,512,512,1,10,1024,6,64,512,-1,1,0,-1,6,100,6,2,1574770,100,0,6,6,149.0,45.1,56.7
s2b-r02,1,B,512,s2b-r02-68,512,512,0,10,512,512,1,10,1024,6,64,512,-1,1,0,-1,6,106,6,2,1669404,106,0,6,6,54.0,45.1,56.7
s2b-r02,1,B,512,s2b-r02-69,512,512,0,10,512,512,1,10,1024,6,128,512,7,1,0,-1,6,105,7,0,1645205,102,0,7,7,114.0,45.1,56.7
s2b-r02,1,B,512,s2b-r02-70,512,512,0,10,512,512,1,10,1024,0,4,512,0,0,0,-1,7,109,2,0,1707585,106,0,2,2,25.0,45.1,56.7
s2b-r02,1,B,512,s2b-r02-71,512,512,0,10,512,512,1,10,1024,0,4,512,-1,0,0,-1,2,149,2,2,2339301,149,0,2,2,21.0,45.1,56.7
s2b-r02,1,B,512,s2b-r02-72,512,512,0,10,512,512,1,10,1024,0,2,512,-1,0,0,-1,1,158,1,2,2474721,158,0,1,1,17.0,45.1,56.7
s2b-r02,1,B,512,s2b-r02-73,512,512,0,10,512,512,1,10,1024,0,2,512,-1,0,0,-1,1,149,1,2,2331564,149,0,1,1,23.0,45.1,56.7
s2b-r02,1,B,512,s2b-r02-74,512,512,0,10,512,512,1,10,1024,0,4,512,-1,0,0,-1,2,121,2,2,1903679,111,0,2,2,46.0,45.1,56.7
s2b-r02,1,B,512,s2b-r02-75,512,512,0,10,512,512,1,10,1024,0,32,512,0,0,0,-1,2,160,5,0,2507190,160,0,5,5,40.0,45.1,56.7
s2b-r02,1,B,512,s2b-r02-76,512,512,0,10,512,512,1,10,1024,0,32,512,-1,0,0,-1,5,145,5,2,2280478,160,0,5,5,19.0,45.1,56.7
s2b-r02,1,B,512,s2b-r02-77,512,512,0,10,512,512,1,10,1024,0,32,512,-1,0,0,-1,5,209,5,2,3277531,209,0,5,5,15.0,45.1,56.7
s2b-r02,1,B,512,s2b-r02-78,512,512,0,10,512,512,1,10,1024,0,32,512,-1,0,0,-1,5,155,5,2,2433219,160,0,5,5,20.0,45.1,56.7
s2b-r02,1,B,512,s2b-r02-79,512,512,0,10,512,512,1,10,1024,0,32,512,-1,0,0,-1,5,154,5,2,2419584,154,0,5,5,101.0,45.1,56.7
s2b-r02,1,B,512,s2b-r02-80,512,512,0,10,512,512,1,10,1024,0,2,512,-1,0,0,-1,1,163,1,2,2550941,154,0,1,1,30.0,45.1,56.7
s2b-r02,1,B,512,s2b-r02-81,512,512,0,10,512,512,1,10,1024,0,2,512,-1,0,0,-1,1,163,1,2,2557819,154,0,1,1,29.0,45.1,56.7
s2b-r02,1,B,512,s2b-r02-82,512,512,0,10,512,512,1,10,1024,0,16,512,-1,0,0,-1,4,158,4,2,2481260,158,0,4,4,22.0,45.1,56.7
s2b-r02,1,B,512,s2b-r02-83,512,512,0,10,512,512,1,10,1024,0,1,512,0,0,0,-1,0,121,0,0,1905842,67,0,0,0,294.0,45.1,56.7
s2b-r02,1,B,512,s2b-r02-84,512,512,0,10,512,512,1,10,1024,6,64,512,6,1,0,-1,0,263,6,0,4118930,263,0,6,6,58.0,45.1,56.7
s2b-r02,1,B,512,s2b-r02-85,512,512,0,10,512,512,1,10,1024,6,64,512,-1,1,0,-1,6,135,6,2,2109787,99,0,6,6,17.0,45.1,56.7
s2b-r02,1,B,512,s2b-r02-86,512,512,0,10,512,512,1,10,1024,6,64,512,-1,1,0,-1,6,122,6,2,1918690,97,0,6,6,18.0,45.1,56.7
s2b-r02,1,B,512,s2b-r02-87,512,512,0,10,512,512,1,10,1024,6,64,512,-1,1,0,-1,6,125,6,2,1958810,98,0,6,6,49.0,45.1,56.7
s2b-r02,1,B,512,s2b-r02-88,512,512,0,10,512,512,1,10,1024,6,64,512,-1,1,0,-1,6,131,6,2,2054253,98,0,6,6,101.0,45.1,56.7
s2b-r02,1,B,512,s2b-r02-89,512,512,0,10,512,512,1,10,1024,6,64,512,-1,1,0,-1,6,87,6,2,1373047,98,0,6,6,47.0,45.1,56.7
s2b-r02,1,B,512,s2b-r02-90,512,512,0,10,512,512,1,10,1024,6,64,512,-1,1,0,-1,6,98,6,2,1535673,98,0,6,6,142.0,45.1,56.7
s2b-r02,1,B,512,s2b-r02-91,512,512,0,10,512,512,1,10,1024,6,128,512,7,1,0,-1,6,103,6,0,1620977,103,0,6,7,148.0,45.1,56.7
s2b-r02,1,B,512,s2b-r02-92,512,512,0,10,512,512,1,10,1024,6,128,512,-1,1,0,-1,7,108,7,2,1691000,108,0,7,7,52.0,45.1,56.7
s2b-r02,1,B,512,s2b-r02-93,512,512,0,10,512,512,1,10,1024,6,128,512,-1,1,0,-1,7,82,7,2,1283518,108,0,7,7,48.0,45.1,56.7
s2b-r02,1,B,512,s2b-r02-94,512,512,0,10,512,512,1,10,1024,6,128,512,-1,1,0,-1,7,99,7,2,1557457,108,0,7,7,292.0,45.1,56.7
s2b-r02,1,B,512,s2b-r02-95,512,512,0,10,512,512,1,10,1024,6,128,512,-1,1,0,-1,7,108,7,2,1694600,108,0,7,7,49.0,45.1,56.7
s2b-r02,1,B,512,s2b-r02-96,512,512,0,10,512,512,1,10,1024,6,128,512,-1,1,0,-1,7,75,7,2,1173122,65,0,7,7,136.0,45.1,56.7
s2b-r02,1,B,512,s2b-r02-97,512,512,0,10,512,512,1,10,1024,6,128,512,-1,1,0,-1,7,105,7,2,1645583,105,0,7,7,48.0,45.1,56.7
s2b-r02,1,B,512,s2b-r02-98,512,512,0,10,512,512,1,10,1024,6,128,512,-1,1,0,-1,7,64,7,2,1006874,65,0,7,7,148.0,45.1,56.7
s2b-r02,1,B,512,s2b-r02-99,512,512,0,10,512,512,1,10,1024,6,128,512,-1,1,0,-1,7,101,7,2,1591445,101,0,7,7,61.0,45.1,56.7
s2b-r02,1,B,512,s2b-r02-100,512,512,0,10,512,512,1,10,1024,6,128,512,-1,1,0,-1,7,101,7,2,1578474,101,0,7,7,107.0,45.1,56.7
s2b-r02,1,B,512,s2b-r02-101,512,512,0,10,512,512,1,10,1024,6,128,512,-1,1,0,-1,7,75,7,2,1172316,101,0,7,7,55.0,45.1,56.7
s2b-r02,1,B,512,s2b-r02-102,512,512,0,10,512,512,1,10,1024,6,128,512,-1,1,0,-1,7,98,7,2,1536698,101,0,7,7,159.0,45.1,56.7
s2b-r02,1,B,512,s2b-r02-103,512,512,0,10,512,512,1,10,1024,6,128,512,-1,1,0,-1,7,103,7,2,1621237,103,0,7,7,55.0,45.1,56.7
s2b-r02,1,B,512,s2b-r02-104,512,512,0,10,512,512,1,10,1024,6,128,512,-1,1,0,-1,7,71,7,2,1120132,103,0,7,7,135.0,45.1,56.7
s2b-r02,1,B,512,s2b-r02-105,512,512,0,10,512,512,1,10,1024,6,128,512,-1,1,0,-1,7,110,7,2,1728039,110,0,7,7,47.0,45.1,56.7
s2b-r02,1,B,512,s2b-r02-106,512,512,0,10,512,512,1,10,1024,6,128,512,-1,1,0,-1,7,87,7,2,1372722,87,0,7,7,57.0,45.1,56.7
s2b-r02,1,B,512,s2b-r02-107,512,512,0,10,512,512,1,10,1024,6,128,512,-1,1,0,-1,7,101,7,2,1586737,101,0,7,7,173.0,45.1,56.7
s2b-r02,1,B,512,s2b-r02-108,512,512,0,10,512,512,1,10,1024,6,128,512,-1,1,0,-1,7,105,7,2,1643705,105,0,7,7,56.0,45.1,56.7
s2b-r02,1,B,512,s2b-r02-109,512,512,0,10,512,512,1,10,1024,6,128,512,-1,1,0,-1,7,79,7,2,1239528,87,0,7,7,144.0,45.1,56.7
s2b-r02,1,B,512,s2b-r02-110,512,512,0,10,512,512,1,10,1024,6,128,512,-1,1,0,-1,7,102,7,2,1597771,102,0,7,7,48.0,45.1,56.7
s2b-r02,1,B,512,s2b-r02-111,512,512,0,10,512,512,1,10,1024,0,16,512,1,0,0,-1,7,98,4,0,1536506,102,0,4,4,112.0,45.1,56.7
s2b-r02,1,B,512,s2b-r02-112,512,512,0,10,512,512,1,10,1024,0,2,512,1,0,0,-1,4,140,1,0,2193474,140,0,1,1,57.0,45.1,56.7
s2b-r02,1,B,512,s2b-r02-113,512,512,0,10,512,512,1,10,1024,6,64,512,-1,1,0,-1,6,174,6,2,2726348,174,0,6,6,30.0,45.1,56.7
s2b-r02,1,B,512,s2b-r02-114,512,512,0,10,512,512,1,10,1024,0,32,512,1,0,0,-1,6,105,5,0,1641508,99,0,5,5,55.0,45.1,56.7
s2b-r02,1,B,512,s2b-r02-115,512,512,0,10,512,512,1,10,1024,0,32,512,-1,0,0,-1,5,155,5,2,2428025,155,0,5,5,32.0,45.1,56.7
s2b-r02,1,B,512,s2b-r02-116,512,512,0,10,512,512,1,10,1024,6,64,512,6,1,0,-1,5,147,6,0,2307056,155,0,6,6,102.0,45.1,56.7
s2b-r02,1,B,512,s2b-r02-117,512,512,0,10,512,512,1,10,1024,6,64,512,-1,1,0,-1,6,135,6,2,2123343,102,0,6,6,51.0,45.1,56.7
s2b-r02,1,B,512,s2b-r02-118,512,512,0,10,512,512,1,10,1024,0,32,512,1,0,0,-1,6,120,5,0,1888174,99,0,5,5,158.0,45.1,56.7
s2b-r02,1,B,512,s2b-r02-119,512,512,0,10,512,512,1,10,1024,6,128,512,-1,1,0,-1,7,104,7,2,1638500,119,0,7,7,48.0,45.1,56.7
s2b-r02,1,B,512,s2b-r02-120,512,512,0,10,512,512,1,10,1024,6,128,512,-1,1,0,-1,7,98,7,2,1532152,119,0,7,7,214.0,45.1,56.7
s2b-r02,1,B,512,s2b-r02-121,512,512,0,10,512,512,1,10,1024,6,128,512,-1,1,0,-1,7,106,7,2,1658273,119,0,7,7,50.0,45.1,56.7
s2b-r02,1,B,512,s2b-r02-122,512,512,0,10,512,512,1,10,1024,6,128,512,-1,1,0,-1,7,99,7,2,1553543,119,0,7,7,250.0,45.1,56.7
s2b-r02,1,B,512,s2b-r02-123,512,512,0,10,512,512,1,10,1024,6,128,512,-1,1,0,-1,7,107,7,2,1686239,107,0,7,7,52.0,45.1,56.7
s2b-r02,1,B,512,s2b-r02-124,512,512,0,10,512,512,1,10,1024,6,128,512,-1,1,0,-1,7,102,7,2,1605830,107,0,7,7,65.0,45.1,56.7
s2b-r02,1,B,512,s2b-r02-125,512,512,0,10,512,512,1,10,1024,6,128,512,-1,1,0,-1,7,103,7,2,1611928,107,0,7,7,50.0,45.1,56.7
s2b-r02,1,B,512,s2b-r02-126,512,512,0,10,512,512,1,10,1024,6,128,512,-1,1,0,-1,7,81,7,2,1278430,107,0,7,7,183.0,45.1,56.7
s2b-r02,1,B,512,s2b-r02-127,512,512,0,10,512,512,1,10,1024,6,128,512,-1,1,0,-1,7,104,7,2,1626848,104,0,7,7,55.0,45.1,56.7
s2b-r02,1,B,512,s2b-r02-128,512,512,0,10,512,512,1,10,1024,6,128,512,-1,1,0,-1,7,100,7,2,1571251,104,0,7,7,201.0,45.1,56.7
s2b-r02,1,B,512,s2b-r02-129,512,512,0,10,512,512,1,10,1024,6,128,512,-1,1,0,-1,7,103,7,2,1624340,104,0,7,7,54.0,45.1,56.7
s2b-r02,1,B,512,s2b-r02-130,512,512,0,10,512,512,1,10,1024,6,128,512,-1,1,0,-1,7,98,7,2,1540959,104,0,7,7,155.0,45.1,56.7
s2b-r02,1,B,512,s2b-r02-131,512,512,0,10,512,512,1,10,1024,6,128,512,-1,1,0,-1,7,111,7,2,1745681,111,0,7,7,58.0,45.1,56.7
s2b-r02,1,B,512,s2b-r02-132,512,512,0,10,512,512,1,10,1024,6,128,512,-1,1,0,-1,7,102,7,2,1599838,111,0,7,7,180.0,45.1,56.7
s2b-r02,1,B,512,s2b-r02-133,512,512,0,10,512,512,1,10,1024,6,128,512,-1,1,0,-1,7,104,7,2,1635566,111,0,7,7,49.0,45.1,56.7
s2b-r02,1,B,512,s2b-r02-134,512,512,0,10,512,512,1,10,1024,6,128,512,-1,1,0,-1,7,103,7,2,1613985,111,0,7,7,127.0,45.1,56.7
s2b-r02,1,B,512,s2b-r02-135,512,512,0,10,512,512,1,10,1024,6,128,512,-1,1,0,-1,7,103,7,2,1622778,111,0,7,7,49.0,45.1,56.7
s2b-r02,1,B,512,s2b-r02-136,512,512,0,10,512,512,1,10,1024,6,128,512,-1,1,0,-1,7,80,7,2,1259617,65,0,7,7,148.0,45.1,56.7
s2b-r02,1,B,512,s2b-r02-137,512,512,0,10,512,512,1,10,1024,6,128,512,-1,1,0,-1,7,104,7,2,1625624,104,0,7,7,51.0,45.1,56.7
s2b-r02,1,B,512,s2b-r02-138,512,512,0,10,512,512,1,10,1024,6,128,512,-1,1,0,-1,7,97,7,2,1528422,97,0,7,7,157.0,45.1,56.7
s2b-r02,1,B,512,s2b-r02-139,512,512,0,10,512,512,1,10,1024,6,128,512,-1,1,0,-1,7,111,7,2,1738769,111,0,7,7,50.0,45.1,56.7
s2b-r02,1,B,512,s2b-r02-140,512,512,0,10,512,512,1,10,1024,6,128,512,-1,1,0,-1,7,102,7,2,1607388,111,0,7,7,53.0,45.1,56.7
s2b-r02,1,B,512,s2b-r02-141,512,512,0,10,512,512,1,10,1024,6,128,512,-1,1,0,-1,7,83,7,2,1311105,111,0,7,7,180.0,45.1,56.7
s2b-r02,1,B,512,s2b-r02-142,512,512,0,10,512,512,1,10,1024,6,128,512,-1,1,0,-1,7,113,7,2,1770193,113,0,7,7,53.0,45.1,56.7
s2b-r02,1,B,512,s2b-r02-143,512,512,0,10,512,512,1,10,1024,6,128,512,-1,1,0,-1,7,94,7,2,1482835,94,0,7,7,126.0,45.1,56.7
s2b-r02,1,B,512,s2b-r02-144,512,512,0,10,512,512,1,10,1024,6,128,512,-1,1,0,-1,7,101,7,2,1578339,101,0,7,7,51.0,45.1,56.7
s2b-r02,1,B,512,s2b-r02-145,512,512,0,10,512,512,1,10,1024,6,128,512,-1,1,0,-1,7,103,7,2,1617750,103,0,7,7,147.0,45.1,56.7
s2b-r02,1,B,512,s2b-r02-146,512,512,0,10,512,512,1,10,1024,6,128,512,-1,1,0,-1,7,81,7,2,1267123,59,0,7,7,51.0,45.1,56.7
s2b-r02,1,B,512,s2b-r02-147,512,512,0,10,512,512,1,10,1024,0,16,512,4,0,0,-1,7,99,7,0,1555405,99,0,7,7,220.0,45.1,56.7
s2b-r02,1,B,512,s2b-r02-148,512,512,0,10,512,512,1,10,1024,6,128,512,-1,1,0,-1,7,105,7,2,1644956,105,0,7,7,51.0,45.1,56.7
s2b-r02,1,B,512,s2b-r02-149,512,512,0,10,512,512,1,10,1024,6,128,512,-1,1,0,-1,7,96,7,2,1513717,96,0,7,7,136.0,45.1,56.7
s2b-r02,1,B,512,s2b-r02-150,512,512,0,10,512,512,1,10,1024,6,128,512,-1,1,0,-1,7,106,7,2,1658743,106,0,7,7,54.0,45.1,56.7
s2b-r02,1,B,512,s2b-r02-151,512,512,0,10,512,512,1,10,1024,6,128,512,-1,1,0,-1,7,101,7,2,1591384,101,0,7,7,455.0,45.1,56.7
s2b-r02,1,B,512,s2b-r02-152,512,512,0,10,512,512,1,10,1024,6,128,512,-1,1,0,-1,7,122,7,2,1906900,122,0,7,7,48.0,45.1,56.7
s2b-r02,1,B,512,s2b-r02-153,512,512,0,10,512,512,1,10,1024,6,128,512,-1,1,0,-1,7,86,7,2,1343914,101,0,7,7,157.0,45.1,56.7
s2b-r02,1,B,512,s2b-r02-154,512,512,0,10,512,512,1,10,1024,6,128,512,-1,1,0,-1,7,103,7,2,1615932,103,0,7,7,50.0,45.1,56.7
s2b-r02,1,B,512,s2b-r02-155,512,512,0,10,512,512,1,10,1024,6,128,512,-1,1,0,-1,7,99,7,2,1550467,99,0,7,7,101.0,45.1,56.7
s2b-r02,1,B,512,s2b-r02-156,512,512,0,10,512,512,1,10,1024,6,128,512,-1,1,0,-1,7,92,7,2,1441257,99,0,7,7,48.0,45.1,56.7
s2b-r02,1,B,512,s2b-r02-157,512,512,0,10,512,512,1,10,1024,6,128,512,-1,1,0,-1,7,98,7,2,1538985,99,0,7,7,73.0,45.1,56.7
s2b-r02,1,B,512,s2b-r02-158,512,512,0,10,512,512,1,10,1024,6,128,512,-1,1,0,-1,7,82,7,2,1282522,82,0,7,7,117.0,45.1,56.7
s2b-r02,1,B,512,s2b-r02-159,512,512,0,10,512,512,1,10,1024,6,128,512,-1,1,0,-1,7,112,7,2,1750100,112,0,7,7,49.0,45.1,56.7
s2b-r02,1,B,512,s2b-r02-160,512,512,0,10,512,512,1,10,1024,6,128,512,-1,1,0,-1,7,80,7,2,1259525,82,0,7,7,138.0,45.1,56.7
s2b-r02,1,B,512,s2b-r02-161,512,512,0,10,512,512,1,10,1024,6,128,512,-1,1,0,-1,7,104,7,2,1636922,104,0,7,7,50.0,45.1,56.7
s2b-r02,1,B,512,s2b-r02-162,512,512,0,10,512,512,1,10,1024,6,128,512,-1,1,0,-1,7,86,7,2,1354876,86,0,7,7,125.0,45.1,56.7
s2b-r02,1,B,512,s2b-r02-163,512,512,0,10,512,512,1,10,1024,6,128,512,-1,1,0,-1,7,102,7,2,1605415,102,0,7,7,48.0,45.1,56.7
s2b-r02,1,B,512,s2b-r02-164,512,512,0,10,512,512,1,10,1024,6,128,512,-1,1,0,-1,7,86,7,2,1345455,86,0,7,7,146.0,45.1,56.7
s2b-r02,1,B,512,s2b-r02-165,512,512,0,10,512,512,1,10,1024,6,128,512,-1,1,0,-1,7,107,7,2,1686751,107,0,7,7,48.0,45.1,56.7
s2b-r02,1,B,512,s2b-r02-166,512,512,0,10,512,512,1,10,1024,6,128,512,-1,1,0,-1,7,88,7,2,1383975,107,0,7,7,130.0,45.1,56.7
s2b-r02,1,B,512,s2b-r02-167,512,512,0,10,512,512,1,10,1024,6,128,512,-1,1,0,-1,7,100,7,2,1575448,107,0,7,7,52.0,45.1,56.7
s2b-r02,1,B,512,s2b-r02-168,512,512,0,10,512,512,1,10,1024,6,128,512,-1,1,0,-1,7,100,7,2,1564772,107,0,7,7,168.0,45.1,56.7
s2b-r02,1,B,512,s2b-r02-169,512,512,0,10,512,512,1,10,1024,6,128,512,-1,1,0,-1,7,79,7,2,1240038,58,0,7,7,49.0,45.1,56.7
s2b-r02,1,B,512,s2b-r02-170,512,512,0,10,512,512,1,10,1024,6,128,512,-1,1,0,-1,7,101,7,2,1585086,101,0,7,7,135.0,45.1,56.7
s2b-r02,1,B,512,s2b-r02-171,512,512,0,10,512,512,1,10,1024,6,128,512,-1,1,0,-1,7,82,7,2,1291333,82,0,7,7,50.0,45.1,56.7
s2b-r02,1,B,512,s2b-r02-172,512,512,0,10,512,512,1,10,1024,6,128,512,-1,1,0,-1,7,101,7,2,1578531,101,0,7,7,181.0,45.1,56.7
s2b-r02,1,B,512,s2b-r02-173,512,512,0,10,512,512,1,10,1024,6,128,512,-1,1,0,-1,7,111,7,2,1736578,111,0,7,7,52.0,45.1,56.7
s2b-r02,1,B,512,s2b-r02-174,512,512,0,10,512,512,1,10,1024,6,128,512,-1,1,0,-1,7,101,7,2,1592876,101,0,7,7,129.0,45.1,56.7
s2b-r02,1,B,512,s2b-r02-175,512,512,0,10,512,512,1,10,1024,6,128,512,-1,1,0,-1,7,91,7,2,1433735,101,0,7,7,155.0,45.1,56.7
s2b-r02,1,B,512,s2b-r02-176,512,512,0,10,512,512,1,10,1024,6,128,512,-1,1,0,-1,7,107,7,2,1679056,107,0,7,7,46.0,45.1,56.7
s2b-r02,1,B,512,s2b-r02-177,512,512,0,10,512,512,1,10,1024,6,128,512,-1,1,0,-1,7,89,7,2,1402772,107,0,7,7,155.0,45.1,56.7
s2b-r02,1,B,512,s2b-r02-178,512,512,0,10,512,512,1,10,1024,6,128,512,-1,1,0,-1,7,102,7,2,1601370,107,0,7,7,50.0,45.1,56.7
s2b-r02,1,B,512,s2b-r02-179,512,512,0,10,512,512,1,10,1024,6,128,512,-1,1,0,-1,7,98,7,2,1532658,107,0,7,7,178.0,45.1,56.7
s2b-r02,1,B,512,s2b-r02-180,512,512,0,10,512,512,1,10,1024,6,128,512,-1,1,0,-1,7,79,7,2,1240718,60,0,7,7,52.0,45.1,56.7
s2b-r02,1,B,512,s2b-r02-181,512,512,0,10,512,512,1,10,1024,6,128,512,-1,1,0,-1,7,100,7,2,1577109,100,0,7,7,167.0,45.1,56.7
s2b-r02,1,B,512,s2b-r02-182,512,512,0,10,512,512,1,10,1024,6,128,512,-1,1,0,-1,7,85,7,2,1338797,85,0,7,7,49.0,45.1,56.7
s2b-r02,1,B,512,s2b-r02-183,512,512,0,10,512,512,1,10,1024,6,128,512,-1,1,0,-1,7,98,7,2,1537475,98,0,7,7,167.0,45.1,56.7
s2b-r02,1,B,512,s2b-r02-184,512,512,0,10,512,512,1,10,1024,6,128,512,-1,1,0,-1,7,103,7,2,1617213,103,0,7,7,56.0,45.1,56.7
s2b-r02,1,B,512,s2b-r02-185,512,512,0,10,512,512,1,10,1024,6,128,512,-1,1,0,-1,7,77,7,2,1217030,98,0,7,7,471.0,45.1,56.7
s2b-r02,1,B,512,s2b-r02-186,512,512,0,10,512,512,1,10,1024,6,128,512,-1,1,0,-1,7,115,7,2,1798757,115,0,7,7,58.0,45.1,56.7
s2b-r02,1,B,512,s2b-r02-187,512,512,0,10,512,512,1,10,1024,6,128,512,-1,1,0,-1,7,100,7,2,1569415,100,0,7,7,153.0,45.1,56.7
s2b-r02,1,B,512,s2b-r02-188,512,512,0,10,512,512,1,10,1024,6,128,512,-1,1,0,-1,7,102,7,2,1605260,102,0,7,7,52.0,45.1,56.7
s2b-r02,1,B,512,s2b-r02-189,512,512,0,10,512,512,1,10,1024,6,128,512,-1,1,0,-1,7,83,7,2,1309773,100,0,7,7,153.0,45.1,56.7
s2b-r02,1,B,512,s2b-r02-190,512,512,0,10,512,512,1,10,1024,6,128,512,-1,1,0,-1,7,102,7,2,1607538,102,0,7,7,60.0,45.1,56.7
s2b-r02,1,B,512,s2b-r02-191,512,512,0,10,512,512,1,10,1024,6,128,512,-1,1,0,-1,7,99,7,2,1547575,99,0,7,7,100.0,45.1,56.7
s2b-r02,1,B,512,s2b-r02-192,512,512,0,10,512,512,1,10,1024,6,128,512,-1,1,0,-1,7,100,7,2,1567736,100,0,7,7,51.0,45.1,56.7
s2b-r02,1,B,512,s2b-r02-193,512,512,0,10,512,512,1,10,1024,6,128,512,-1,1,0,-1,7,98,7,2,1532211,99,0,7,7,175.0,45.1,56.7
s2b-r02,1,B,512,s2b-r02-194,512,512,0,10,512,512,1,10,1024,6,128,512,-1,1,0,-1,7,81,7,2,1276269,99,0,7,7,52.0,45.1,56.7
s2b-r02,1,B,512,s2b-r02-195,512,512,0,10,512,512,1,10,1024,6,128,512,-1,1,0,-1,7,98,7,2,1544389,98,0,7,7,122.0,45.1,56.7
s2b-r02,1,B,512,s2b-r02-196,512,512,0,10,512,512,1,10,1024,6,64,512,-1,1,0,-1,6,76,6,2,1194873,98,0,6,6,55.0,45.1,56.7
s2b-r02,1,B,512,s2b-r02-197,512,512,0,10,512,512,1,10,1024,6,64,512,-1,1,0,-1,6,99,6,2,1554190,99,0,6,6,282.0,45.1,56.7
s2b-r02,1,B,512,s2b-r02-198,512,512,0,10,512,512,1,10,1024,6,64,512,-1,1,0,-1,6,113,6,2,1779862,113,0,6,6,58.0,45.1,56.7
s2b-r02,1,B,512,s2b-r02-199,512,512,0,10,512,512,1,10,1024,6,64,512,-1,1,0,-1,6,102,6,2,1605328,102,0,6,6,215.0,45.1,56.7
s2b-r02,1,B,512,s2b-r02-200,512,512,0,10,512,512,1,10,1024,6,64,512,-1,1,0,-1,6,104,6,2,1628577,104,0,6,6,50.0,45.1,56.7
s2b-r02,1,B,512,s2b-r02-201,512,512,0,10,512,512,1,10,1024,6,64,512,-1,1,0,-1,6,104,6,2,1625187,102,0,6,6,132.0,45.1,56.7
s2b-r02,1,B,512,s2b-r02-202,512,512,0,10,512,512,1,10,1024,6,64,512,-1,1,0,-1,6,104,6,2,1633406,102,0,6,6,49.0,45.1,56.7
s2b-r02,1,B,512,s2b-r02-203,512,512,0,10,512,512,1,10,1024,6,64,512,-1,1,0,-1,6,81,6,2,1268975,68,0,6,6,174.0,45.1,56.7
s2b-r02,1,B,512,s2b-r02-204,512,512,0,10,512,512,1,10,1024,6,64,512,-1,1,0,-1,6,104,6,2,1636098,104,0,6,6,59.0,45.1,56.7
s2b-r02,1,B,512,s2b-r02-205,512,512,0,10,512,512,1,10,1024,6,64,512,-1,1,0,-1,6,99,6,2,1557663,99,0,6,6,122.0,45.1,56.7
s2b-r02,1,B,512,s2b-r02-206,512,512,0,10,512,512,1,10,1024,6,64,512,-1,1,0,-1,6,101,6,2,1580276,101,0,6,6,47.0,45.1,56.7
s2b-r02,1,B,512,s2b-r02-207,512,512,0,10,512,512,1,10,1024,6,64,512,-1,1,0,-1,6,99,6,2,1560050,99,0,6,6,298.0,45.1,56.7
s2b-r02,1,B,512,s2b-r02-208,512,512,0,10,512,512,1,10,1024,6,64,512,-1,1,0,-1,6,113,6,2,1768525,113,0,6,6,53.0,45.1,56.7
s2b-r02,1,B,512,s2b-r02-209,512,512,0,10,512,512,1,10,1024,6,64,512,-1,1,0,-1,6,99,6,2,1555744,99,0,6,6,126.0,45.1,56.7
s2b-r02,1,B,512,s2b-r02-210,512,512,0,10,512,512,1,10,1024,6,64,512,-1,1,0,-1,6,103,6,2,1614125,102,0,6,6,53.0,45.1,56.7
s2b-r02,1,B,512,s2b-r02-211,512,512,0,10,512,512,1,10,1024,6,64,512,-1,1,0,-1,6,83,6,2,1297896,74,0,6,6,147.0,45.1,56.7
s2b-r02,1,B,512,s2b-r02-212,512,512,0,10,512,512,1,10,1024,6,64,512,-1,1,0,-1,6,102,6,2,1605064,102,0,6,6,55.0,45.1,56.7
s2b-r02,1,B,512,s2b-r02-213,512,512,0,10,512,512,1,10,1024,6,64,512,-1,1,0,-1,6,100,6,2,1562670,100,0,6,6,173.0,45.1,56.7
s2b-r02,1,B,512,s2b-r02-214,512,512,0,10,512,512,1,10,1024,6,64,512,-1,1,0,-1,6,105,6,2,1642279,105,0,6,6,51.0,45.1,56.7
s2b-r02,1,B,512,s2b-r02-215,512,512,0,10,512,512,1,10,1024,6,64,512,-1,1,0,-1,6,81,6,2,1273650,31,0,6,6,120.0,45.1,56.7
s2b-r02,1,B,512,s2b-r02-216,512,512,0,10,512,512,1,10,1024,0,32,512,0,0,0,-1,6,101,5,0,1579445,101,0,5,5,61.0,45.1,56.7
s2b-r02,1,B,512,s2b-r02-217,512,512,0,10,512,512,1,10,1024,6,128,512,6,1,0,-1,5,154,7,0,2409191,154,0,7,7,2156.0,45.1,56.7
s2b-r02,1,B,512,s2b-r02-218,512,512,0,10,512,512,1,10,1024,6,128,512,-1,1,0,-1,7,120,7,2,1883078,120,0,7,7,53.0,45.1,56.7
s2b-r02,1,B,512,s2b-r02-219,512,512,0,10,512,512,1,10,1024,6,128,512,-1,1,0,-1,7,101,7,2,1589141,101,0,7,7,149.0,45.1,56.7
s2b-r02,1,B,512,s2b-r02-220,512,512,0,10,512,512,1,10,1024,6,128,512,-1,1,0,-1,7,97,7,2,1523807,62,0,7,7,60.0,45.1,56.7
s2b-r02,1,B,512,s2b-r02-221,512,512,0,10,512,512,1,10,1024,6,128,512,-1,1,0,-1,7,98,7,2,1542333,98,0,7,7,148.0,45.1,56.7
s2b-r02,1,B,512,s2b-r02-222,512,512,0,10,512,512,1,10,1024,6,128,512,-1,1,0,-1,7,103,7,2,1611663,103,0,7,7,47.0,45.1,56.7
s2b-r02,1,B,512,s2b-r02-223,512,512,0,10,512,512,1,10,1024,6,128,512,-1,1,0,-1,7,72,7,2,1134069,26,0,7,7,146.0,45.1,56.7
s2b-r02,1,B,512,s2b-r02-224,512,512,0,10,512,512,1,10,1024,6,128,512,-1,1,0,-1,7,104,7,2,1634633,104,0,7,7,57.0,45.1,56.7
s2b-r02,1,B,512,s2b-r02-225,512,512,0,10,512,512,1,10,1024,6,128,512,-1,1,0,-1,7,99,7,2,1557732,99,0,7,7,147.0,45.1,56.7
s2b-r02,1,B,512,s2b-r02-226,512,512,0,10,512,512,1,10,1024,6,128,512,-1,1,0,-1,7,92,7,2,1440349,92,0,7,7,50.0,45.1,56.7
s2b-r02,1,B,512,s2b-r02-227,512,512,0,10,512,512,1,10,1024,6,128,512,-1,1,0,-1,7,98,7,2,1540715,98,0,7,7,248.0,45.1,56.7
s2b-r02,1,B,512,s2b-r02-228,512,512,0,10,512,512,1,10,1024,0,2,512,1,0,0,-1,7,108,1,0,1697520,108,0,1,1,197.0,45.1,56.7
s2b-r02,1,B,512,s2b-r02-229,512,512,0,10,512,512,1,10,1024,0,1,512,-1,0,0,-1,0,170,0,2,2660969,170,0,0,0,14.0,45.1,56.7
s2b-r02,1,B,512,s2b-r02-230,512,512,0,10,512,512,1,10,1024,0,1,512,0,0,0,-1,0,144,0,0,2254634,170,0,0,0,453.0,45.1,56.7
s2b-r02,1,B,512,s2b-r02-231,512,512,0,10,512,512,1,10,1024,6,64,512,-1,1,0,-1,6,151,6,2,2367183,151,0,6,6,49.0,45.1,56.7
s2b-r02,1,B,512,s2b-r02-232,512,512,0,10,512,512,1,10,1024,6,64,512,-1,1,0,-1,6,115,6,2,1805549,98,0,6,6,43.0,45.1,56.7
s2b-r02,1,B,512,s2b-r02-233,512,512,0,10,512,512,1,10,1024,6,64,512,-1,1,0,-1,6,106,6,2,1665893,106,0,6,6,19.0,45.1,56.7
s2b-r02,1,B,512,s2b-r02-234,512,512,0,10,512,512,1,10,1024,6,128,512,7,1,0,-1,6,120,7,0,1876802,99,0,7,7,73.0,45.1,56.7
s2b-r02,1,B,512,s2b-r02-235,512,512,0,10,512,512,1,10,1024,6,128,512,-1,1,0,-1,7,110,7,2,1732815,98,0,7,7,33.0,45.1,56.7
s2b-r02,1,B,512,s2b-r02-236,512,512,0,10,512,512,1,10,1024,6,128,512,-1,1,0,-1,7,102,7,2,1600025,102,0,7,7,67.0,45.1,56.7
s2b-r02,1,B,512,s2b-r02-237,512,512,0,10,512,512,1,10,1024,6,128,512,-1,1,0,-1,7,105,7,2,1650961,105,0,7,7,151.0,45.1,56.7
s2b-r02,1,B,512,s2b-r02-238,512,512,0,10,512,512,1,10,1024,6,128,512,-1,1,0,-1,7,84,7,2,1325290,102,0,7,7,48.0,45.1,56.7
s2b-r02,1,B,512,s2b-r02-239,512,512,0,10,512,512,1,10,1024,6,128,512,-1,1,0,-1,7,97,7,2,1522201,102,0,7,7,135.0,45.1,56.7
s2b-r02,1,B,512,s2b-r02-240,512,512,0,10,512,512,1,10,1024,6,128,512,-1,1,0,-1,7,102,7,2,1594175,102,0,7,7,50.0,45.1,56.7
s2b-r02,1,B,512,s2b-r02-241,512,512,0,10,512,512,1,10,1024,6,128,512,-1,1,0,-1,7,74,7,2,1158670,102,0,7,7,203.0,45.1,56.7
s2b-r02,1,B,512,s2b-r02-242,512,512,0,10,512,512,1,10,1024,6,128,512,-1,1,0,-1,7,109,7,2,1708937,109,0,7,7,49.0,45.1,56.7
s2b-r02,1,B,512,s2b-r02-243,512,512,0,10,512,512,1,10,1024,6,128,512,-1,1,0,-1,7,99,7,2,1550307,102,0,7,7,62.0,45.1,56.7
s2b-r02,1,B,512,s2b-r02-244,512,512,0,10,512,512,1,10,1024,6,128,512,-1,1,0,-1,7,67,7,2,1047833,62,0,7,7,50.0,45.1,56.7
s2b-r02,1,B,512,s2b-r02-245,512,512,0,10,512,512,1,10,1024,6,128,512,-1,1,0,-1,7,97,7,2,1519096,97,0,7,7,52.0,45.1,56.7
s2b-r02,1,B,512,s2b-r02-246,512,512,0,10,512,512,1,10,1024,6,128,512,-1,1,0,-1,7,100,7,2,1570261,100,0,7,7,180.0,45.1,56.7
s2b-r02,1,B,512,s2b-r02-247,512,512,0,10,512,512,1,10,1024,6,128,512,-1,1,0,-1,7,108,7,2,1696967,108,0,7,7,54.0,45.1,56.7
s2b-r02,1,B,512,s2b-r02-248,512,512,0,10,512,512,1,10,1024,6,128,512,-1,1,0,-1,7,98,7,2,1540557,98,0,7,7,123.0,45.1,56.7
s2b-r02,1,B,512,s2b-r02-249,512,512,0,10,512,512,1,10,1024,6,128,512,-1,1,0,-1,7,105,7,2,1640678,105,0,7,7,174.0,45.1,56.7
s2b-r02,1,B,512,s2b-r02-250,512,512,0,10,512,512,1,10,1024,6,128,512,-1,1,0,-1,7,110,7,2,1728073,110,0,7,7,54.0,45.1,56.7
s2b-r02,1,B,512,s2b-r02-251,512,512,0,10,512,512,1,10,1024,6,128,512,-1,1,0,-1,7,105,7,2,1642130,102,0,7,7,210.0,45.1,56.7
s2b-r02,1,B,512,s2b-r02-252,512,512,0,10,512,512,1,10,1024,6,128,512,-1,1,0,-1,7,105,7,2,1650196,105,0,7,7,169.0,45.1,56.7
s2b-r02,1,B,512,s2b-r02-253,512,512,0,10,512,512,1,10,1024,6,128,512,-1,1,0,-1,7,104,7,2,1636613,99,0,7,7,111.0,45.1,56.7
s2b-r02,1,B,512,s2b-r02-254,512,512,0,10,512,512,1,10,1024,6,128,512,-1,1,0,-1,7,104,7,2,1629811,102,0,7,7,49.0,45.1,56.7
s2b-r02,1,B,512,s2b-r02-255,512,512,0,10,512,512,1,10,1024,6,128,512,-1,1,0,-1,7,81,7,2,1271513,99,0,7,7,150.0,45.1,56.7
s2b-r02,1,B,512,s2b-r02-256,512,512,0,10,512,512,1,10,1024,6,128,512,-1,1,0,-1,7,103,7,2,1615934,103,0,7,7,54.0,45.1,56.7
s2b-r02,1,B,512,s2b-r02-257,512,512,0,10,512,512,1,10,1024,6,128,512,-1,1,0,-1,7,86,7,2,1356825,86,0,7,7,147.0,45.1,56.7
s2b-r02,1,B,512,s2b-r02-258,512,512,0,10,512,512,1,10,1024,6,128,512,-1,1,0,-1,7,110,7,2,1719497,110,0,7,7,49.0,45.1,56.7
s2b-r02,1,B,512,s2b-r02-259,512,512,0,10,512,512,1,10,1024,6,128,512,-1,1,0,-1,7,88,7,2,1387057,88,0,7,7,181.0,45.1,56.7
s2b-r02,1,B,512,s2b-r02-260,512,512,0,10,512,512,1,10,1024,6,128,512,-1,1,0,-1,7,102,7,2,1607909,102,0,7,7,57.0,45.1,56.7
s2b-r02,1,B,512,s2b-r02-261,512,512,0,10,512,512,1,10,1024,6,128,512,-1,1,0,-1,7,102,7,2,1598169,102,0,7,7,191.0,45.1,56.7
s2b-r02,1,B,512,s2b-r02-262,512,512,0,10,512,512,1,10,1024,6,128,512,-1,1,0,-1,7,79,7,2,1247061,102,0,7,7,49.0,45.1,56.7
s2b-r02,1,B,512,s2b-r02-263,512,512,0,10,512,512,1,10,1024,6,128,512,-1,1,0,-1,7,102,7,2,1601646,102,0,7,7,107.0,45.1,56.7
s2b-r02,1,B,512,s2b-r02-264,512,512,0,10,512,512,1,10,1024,6,128,512,-1,1,0,-1,7,86,7,2,1344606,86,0,7,7,51.0,45.1,56.7
s2b-r02,1,B,512,s2b-r02-265,512,512,0,10,512,512,1,10,1024,6,128,512,-1,1,0,-1,7,100,7,2,1572301,100,0,7,7,155.0,45.1,56.7
s2b-r02,1,B,512,s2b-r02-266,512,512,0,10,512,512,1,10,1024,6,128,512,-1,1,0,-1,7,105,7,2,1642504,105,0,7,7,57.0,45.1,56.7
s2b-r02,1,B,512,s2b-r02-267,512,512,0,10,512,512,1,10,1024,6,128,512,-1,1,0,-1,7,79,7,2,1240922,74,0,7,7,151.0,45.1,56.7
s2b-r02,1,B,512,s2b-r02-268,512,512,0,10,512,512,1,10,1024,6,128,512,-1,1,0,-1,7,102,7,2,1597210,102,0,7,7,51.0,45.1,56.7
s2b-r02,1,B,512,s2b-r02-269,512,512,0,10,512,512,1,10,1024,6,128,512,-1,1,0,-1,7,98,7,2,1533686,98,0,7,7,148.0,45.1,56.7
s2b-r02,1,B,512,s2b-r02-270,512,512,0,10,512,512,1,10,1024,6,128,512,-1,1,0,-1,7,101,7,2,1583175,101,0,7,7,51.0,45.1,56.7
s2b-r02,1,B,512,s2b-r02-271,512,512,0,10,512,512,1,10,1024,6,128,512,-1,1,0,-1,7,99,7,2,1549843,99,0,7,7,156.0,45.1,56.7
s2b-r02,1,B,512,s2b-r02-272,512,512,0,10,512,512,1,10,1024,6,128,512,-1,1,0,-1,7,110,7,2,1729911,110,0,7,7,54.0,45.1,56.7
s2b-r02,1,B,512,s2b-r02-273,512,512,0,10,512,512,1,10,1024,6,128,512,-1,1,0,-1,7,102,7,2,1594176,102,0,7,7,69.0,45.1,56.7
s2b-r02,1,B,512,s2b-r02-274,512,512,0,10,512,512,1,10,1024,6,128,512,-1,1,0,-1,7,87,7,2,1367014,99,0,7,7,51.0,45.1,56.7
s2b-r02,1,B,512,s2b-r02-275,512,512,0,10,512,512,1,10,1024,6,128,512,-1,1,0,-1,7,99,7,2,1547856,99,0,7,7,199.0,45.1,56.7
s2b-r02,1,B,512,s2b-r02-276,512,512,0,10,512,512,1,10,1024,6,128,512,-1,1,0,-1,7,105,7,2,1648472,105,0,7,7,54.0,45.1,56.7
s2b-r02,1,B,512,s2b-r02-277,512,512,0,10,512,512,1,10,1024,6,128,512,-1,1,0,-1,7,78,7,2,1232582,99,0,7,7,50.0,45.1,56.7
s2b-r02,1,B,512,s2b-r02-278,512,512,0,10,512,512,1,10,1024,6,128,512,-1,1,0,-1,7,98,7,2,1537288,99,0,7,7,150.0,45.1,56.7
s2b-r02,1,B,512,s2b-r02-279,512,512,0,10,512,512,1,10,1024,6,128,512,-1,1,0,-1,7,102,7,2,1600908,102,0,7,7,51.0,45.1,56.7
s2b-r02,1,B,512,s2b-r02-280,512,512,0,10,512,512,1,10,1024,6,128,512,-1,1,0,-1,7,102,7,2,1597734,102,0,7,7,155.0,45.1,56.7
s2b-r02,1,B,512,s2b-r02-281,512,512,0,10,512,512,1,10,1024,6,128,512,-1,1,0,-1,7,103,7,2,1615168,103,0,7,7,48.0,45.1,56.7
s2b-r02,1,B,512,s2b-r02-282,512,512,0,10,512,512,1,10,1024,6,128,512,-1,1,0,-1,7,81,7,2,1270499,102,0,7,7,115.0,45.1,56.7
s2b-r02,1,B,512,s2b-r02-283,512,512,0,10,512,512,1,10,1024,6,128,512,-1,1,0,-1,7,101,7,2,1586446,101,0,7,7,53.0,45.1,56.7
s2b-r02,1,B,512,s2b-r02-284,512,512,0,10,512,512,1,10,1024,6,128,512,-1,1,0,-1,7,98,7,2,1539540,101,0,7,7,156.0,45.1,56.7
s2b-r02,1,B,512,s2b-r02-285,512,512,0,10,512,512,1,10,1024,6,128,512,-1,1,0,-1,7,74,7,2,1162771,101,0,7,7,50.0,45.1,56.7
s2b-r02,1,B,512,s2b-r02-286,512,512,0,10,512,512,1,10,1024,6,128,512,-1,1,0,-1,7,100,7,2,1565125,101,0,7,7,305.0,45.1,56.7
s2b-r02,1,B,512,s2b-r02-287,512,512,0,10,512,512,1,10,1024,6,128,512,-1,1,0,-1,7,117,7,2,1830476,117,0,7,7,47.0,45.1,56.7
s2b-r02,1,B,512,s2b-r02-288,512,512,0,10,512,512,1,10,1024,6,128,512,-1,1,0,-1,7,97,7,2,1529573,117,0,7,7,184.0,45.1,56.7
s2b-r02,1,B,512,s2b-r02-289,512,512,0,10,512,512,1,10,1024,6,128,512,-1,1,0,-1,7,105,7,2,1646152,117,0,7,7,54.0,45.1,56.7
s2b-r02,1,B,512,s2b-r02-290,512,512,0,10,512,512,1,10,1024,6,128,512,-1,1,0,-1,7,104,7,2,1629845,117,0,7,7,163.0,45.1,56.7
s2b-r02,1,B,512,s2b-r02-291,512,512,0,10,512,512,1,10,1024,6,128,512,-1,1,0,-1,7,105,7,2,1640876,117,0,7,7,52.0,45.1,56.7
s2b-r02,1,B,512,s2b-r02-292,512,512,0,10,512,512,1,10,1024,6,128,512,-1,1,0,-1,7,81,7,2,1279462,67,0,7,7,126.0,45.1,56.7
s2b-r02,1,B,512,s2b-r02-293,512,512,0,10,512,512,1,10,1024,6,128,512,-1,1,0,-1,7,101,7,2,1587131,101,0,7,7,48.0,45.1,56.7
s2b-r02,1,B,512,s2b-r02-294,512,512,0,10,512,512,1,10,1024,6,128,512,-1,1,0,-1,7,81,7,2,1275760,81,0,7,7,144.0,45.1,56.7
s2b-r02,1,B,512,s2b-r02-295,512,512,0,10,512,512,1,10,1024,6,128,512,-1,1,0,-1,7,103,7,2,1623402,103,0,7,7,49.0,45.1,56.7
s2b-r02,1,B,512,s2b-r02-296,512,512,0,10,512,512,1,10,1024,6,128,512,-1,1,0,-1,7,86,7,2,1351290,103,0,7,7,144.0,45.1,56.7
s2b-r02,1,B,512,s2b-r02-297,512,512,0,10,512,512,1,10,1024,6,128,512,-1,1,0,-1,7,107,7,2,1682580,107,0,7,7,199.0,45.1,56.7
s2b-r02,1,B,512,s2b-r02-298,512,512,0,10,512,512,1,10,1024,6,128,512,-1,1,0,-1,7,107,7,2,1672826,107,0,7,7,56.0,45.1,56.7
s2b-r02,1,B,512,s2b-r02-299,512,512,0,10,512,512,1,10,1024,6,128,512,-1,1,0,-1,7,82,7,2,1287098,82,0,7,7,212.0,45.1,56.7
s2b-r02,1,B,512,s2b-r02-300,512,512,0,10,512,512,1,10,1024,6,64,512,6,1,0,-1,7,108,6,0,1691457,108,0,6,6,68.0,45.1,56.7
s2b-r02,1,B,512,s2b-r02-301,512,512,0,10,512,512,1,10,1024,6,64,512,-1,1,0,-1,6,100,6,2,1572432,100,0,6,6,32.0,45.1,56.7
s2b-r02,1,B,512,s2b-r02-302,512,512,0,10,512,512,1,10,1024,0,2,512,0,0,0,-1,6,103,1,0,1615404,103,0,1,1,51.0,45.1,56.7
s2b-r02,1,B,512,s2b-r02-303,512,512,0,10,512,512,1,10,1024,0,2,512,-1,0,0,-1,1,150,1,2,2345388,150,0,1,1,18.0,45.1,56.7
s2b-r02,1,B,512,s2b-r02-304,512,512,0,10,512,512,1,10,1024,0,2,512,-1,0,0,-1,1,150,1,2,2346300,150,0,1,1,49.0,45.1,56.7
s2b-r02,1,B,512,s2b-r02-305,512,512,0,10,512,512,1,10,1024,0,2,512,-1,0,0,-1,1,152,1,2,2379939,152,0,1,1,30.0,45.1,56.7
s2b-r02,1,B,512,s2b-r02-306,512,512,0,10,512,512,1,10,1024,0,32,512,-1,0,0,-1,5,158,5,2,2480688,158,0,5,5,17.0,45.1,56.7
s2b-r02,1,B,512,s2b-r02-307,512,512,0,10,512,512,1,10,1024,0,32,512,-1,0,0,-1,5,152,5,2,2376064,150,0,5,5,21.0,45.1,56.7
s2b-r02,1,B,512,s2b-r02-308,512,512,0,10,512,512,1,10,1024,0,32,512,-1,0,0,-1,5,121,5,2,1900017,96,0,5,5,51.0,45.1,56.7
s2b-r02,1,B,512,s2b-r02-309,512,512,0,10,512,512,1,10,1024,0,32,512,-1,0,0,-1,5,89,5,2,1391409,96,0,5,5,43.0,45.1,56.7
s2b-r02,1,B,512,s2b-r02-310,512,512,0,10,512,512,1,10,1024,0,16,512,0,0,0,-1,5,70,4,0,1103818,44,0,4,4,29.0,45.1,56.7
s2b-r02,1,B,512,s2b-r02-311,512,512,0,10,512,512,1,10,1024,0,16,512,-1,0,0,-1,4,147,4,2,2302864,147,0,4,4,52.0,45.1,56.7
s2b-r02,1,B,512,s2b-r02-312,512,512,0,10,512,512,1,10,1024,0,16,512,-1,0,0,-1,4,122,4,2,1912257,122,0,4,4,68.0,45.1,56.7
s2b-r02,1,B,512,s2b-r02-313,512,512,0,10,512,512,1,10,1024,0,32,512,-1,0,0,-1,5,153,5,2,2403494,153,0,5,5,84.0,45.1,56.7
s2b-r02,1,B,512,s2b-r02-314,512,512,0,10,512,512,1,10,1024,0,32,512,-1,0,0,-1,5,160,5,2,2503042,160,0,5,5,20.0,45.1,56.7
s2b-r02,1,B,512,s2b-r02-315,512,512,0,10,512,512,1,10,1024,6,1,512,0,1,0,-1,5,151,0,0,2366375,160,1,0,0,34.0,45.1,56.7
s2b-r02,1,B,512,s2b-r02-316,512,512,0,10,512,512,1,10,1024,6,32,512,5,1,0,-1,0,160,5,0,2510393,160,1,5,5,109.0,45.1,56.7
s2b-r02,1,B,512,s2b-r02-317,512,512,0,10,512,512,1,10,1024,0,32,512,-1,0,0,-1,5,155,5,2,2429823,160,0,5,5,41.0,45.1,56.7
s2b-r02,1,B,512,s2b-r02-318,512,512,0,10,512,512,1,10,1024,0,32,512,-1,0,0,-1,5,154,5,2,2417486,160,0,5,5,14.0,45.1,56.7
s2b-r02,1,B,512,s2b-r02-319,512,512,0,10,512,512,1,10,1024,6,16,512,1,1,0,-1,0,126,4,0,1979277,17,1,4,4,86.0,45.1,56.7
s2b-r02,1,B,512,s2b-r02-320,512,512,0,10,512,512,1,10,1024,6,16,512,0,1,0,-1,4,151,4,0,2359832,153,1,4,4,25.0,45.1,56.7
s2b-r02,1,B,512,s2b-r02-321,512,512,0,10,512,512,1,10,1024,0,16,512,-1,0,0,-1,4,94,4,2,1469809,50,0,4,4,57.0,45.1,56.7
s2b-r02,1,B,512,s2b-r02-322,512,512,0,10,512,512,1,10,1024,0,16,512,-1,0,0,-1,4,149,4,2,2337795,149,0,4,4,137.0,45.1,56.7
s2b-r02,1,B,512,s2b-r02-323,512,512,0,10,512,512,1,10,1024,0,16,512,-1,0,0,-1,4,154,4,2,2416981,154,1,4,4,196.0,45.1,56.7
s2b-r02,1,B,512,s2b-r02-324,512,512,0,10,512,512,1,10,1024,6,1,512,0,1,0,-1,4,237,0,0,3710999,237,1,0,0,46.0,45.1,56.7
s2b-r02,1,B,512,s2b-r02-325,512,512,0,10,512,512,1,10,1024,6,1,512,0,1,0,-1,0,152,0,0,2387864,152,1,0,0,27.0,45.1,56.7
s2b-r02,1,B,512,s2b-r02-326,512,512,0,10,512,512,1,10,1024,6,1,512,0,1,0,-1,0,141,0,0,2217048,95,1,0,0,47.0,45.1,56.7
s2b-r02,1,B,512,s2b-r02-327,512,512,0,10,512,512,1,10,1024,6,16,512,4,1,0,-1,0,96,4,0,1506956,95,1,4,4,139.0,45.1,56.7
s2b-r02,1,B,512,s2b-r02-328,512,512,0,10,512,512,1,10,1024,6,16,512,0,1,0,-1,4,151,4,0,2361303,151,1,4,4,109.0,45.1,56.7
s2b-r02,1,B,512,s2b-r02-329,512,512,0,10,512,512,1,10,1024,0,16,512,4,0,0,-1,4,154,4,0,2408486,154,0,4,4,451.0,45.1,56.7
s2b-r02,1,B,512,s2b-r02-330,512,512,0,10,512,512,1,10,1024,6,16,512,0,1,0,-1,4,218,4,0,3420187,218,1,4,4,26.0,45.1,56.7
s2b-r02,1,B,512,s2b-r02-331,512,512,0,10,512,512,1,10,1024,6,16,512,0,1,0,-1,4,150,4,0,2345515,150,1,4,4,32.0,45.1,56.7
s2b-r02,1,B,512,s2b-r02-332,512,512,0,10,512,512,1,10,1024,6,16,512,0,1,0,-1,4,164,4,0,2573152,150,1,4,4,107.0,45.1,56.7
s2b-r02,1,B,512,s2b-r02-333,512,512,0,10,512,512,1,10,1024,0,1,512,0,0,0,-1,4,164,4,0,2570840,150,0,4,4,163.0,45.1,56.7
s2b-r02,1,B,512,s2b-r02-334,512,512,0,10,512,512,1,10,1024,6,32,512,0,1,0,-1,4,127,5,0,1990591,46,1,5,5,42.0,45.1,56.7
s2b-r02,1,B,512,s2b-r02-335,512,512,0,10,512,512,1,10,1024,6,32,512,0,1,0,-1,5,157,5,0,2468498,157,1,5,5,28.0,45.1,56.7
s2b-r02,1,B,512,s2b-r02-336,512,512,0,10,512,512,1,10,1024,0,32,512,-1,0,0,-1,5,99,5,2,1558203,99,0,5,5,81.0,45.1,56.7
s2b-r02,1,B,512,s2b-r02-337,512,512,0,10,512,512,1,10,1024,6,32,512,0,1,0,-1,5,152,5,0,2387485,157,1,5,5,146.0,45.1,56.7
s2b-r02,1,B,512,s2b-r02-338,512,512,0,10,512,512,1,10,1024,6,32,512,0,1,0,-1,5,154,5,0,2419937,154,1,5,5,16.0,45.1,56.7
s2b-r02,1,B,512,s2b-r02-339,512,512,0,10,512,512,1,10,1024,6,32,512,5,1,0,-1,5,155,5,0,2424756,155,1,5,5,47.0,45.1,56.7
s2b-r02,1,B,512,s2b-r02-340,512,512,0,10,512,512,1,10,1024,6,32,512,0,1,0,-1,5,154,5,0,2406595,154,1,5,5,93.0,45.1,56.7
s2b-r02,1,B,512,s2b-r02-341,512,512,0,10,512,512,1,10,1024,6,32,512,0,1,0,-1,5,122,5,0,1918443,9,1,5,5,56.0,45.1,56.7
s2b-r02,1,B,512,s2b-r02-342,512,512,0,10,512,512,1,10,1024,6,16,512,1,1,0,-1,5,153,4,0,2405492,153,1,4,4,48.0,45.1,56.7
s2b-r02,1,B,512,s2b-r02-343,512,512,0,10,512,512,1,10,1024,0,16,512,4,0,0,-1,1,181,4,0,2839683,181,0,4,4,23.0,45.1,56.7
s2b-r02,1,B,512,s2b-r02-344,512,512,0,10,512,512,1,10,1024,0,32,512,5,0,0,-1,4,157,4,0,2465323,157,0,4,4,236.0,45.1,56.7
s2b-r02,1,B,512,s2b-r02-345,512,512,0,10,512,512,1,10,1024,6,128,512,6,1,0,-1,4,163,7,0,2552184,163,0,7,7,76.0,45.1,56.7
s2b-r02,1,B,512,s2b-r02-346,512,512,0,10,512,512,1,10,1024,0,1,512,0,0,0,-1,7,138,0,0,2167104,103,0,0,0,55.0,45.1,56.7
s2b-r02,1,B,512,s2b-r02-347,512,512,0,10,512,512,1,10,1024,0,16,512,-1,0,0,-1,4,137,4,2,2150685,137,0,4,4,50.0,45.1,56.7
s2b-r02,1,B,512,s2b-r02-348,512,512,0,10,512,512,1,10,1024,6,64,512,-1,1,0,-1,6,151,6,2,2368164,151,0,6,6,19.0,45.1,56.7
s2b-r02,1,B,512,s2b-r02-349,512,512,0,10,512,512,1,10,1024,6,64,512,-1,1,0,-1,6,104,6,2,1631910,103,0,6,6,22.0,45.1,56.7
s2b-r02,1,B,512,s2b-r02-350,512,512,0,10,512,512,1,10,1024,6,64,512,-1,1,0,-1,6,103,6,2,1617158,99,0,6,6,49.0,45.1,56.7
s2b-r02,1,B,512,s2b-r02-351,512,512,0,10,512,512,1,10,1024,6,64,512,-1,1,0,-1,6,89,6,2,1394581,99,0,6,6,145.0,45.1,56.7
s2b-r02,1,B,512,s2b-r02-352,512,512,0,10,512,512,1,10,1024,6,64,512,-1,1,0,-1,6,102,6,2,1604633,102,0,6,6,55.0,45.1,56.7
s2b-r02,1,B,512,s2b-r02-353,512,512,0,10,512,512,1,10,1024,6,64,512,-1,1,0,-1,6,98,6,2,1542651,99,0,6,6,150.0,45.1,56.7
s2b-r02,1,B,512,s2b-r02-354,512,512,0,10,512,512,1,10,1024,6,64,512,-1,1,0,-1,6,101,6,2,1589996,101,0,6,6,49.0,45.1,56.7
s2b-r02,1,B,512,s2b-r02-355,512,512,0,10,512,512,1,10,1024,6,64,512,-1,1,0,-1,6,98,6,2,1535413,98,0,6,6,150.0,45.1,56.7
s2b-r02,1,B,512,s2b-r02-356,512,512,0,10,512,512,1,10,1024,6,64,512,-1,1,0,-1,6,110,6,2,1718865,110,0,6,6,52.0,45.1,56.7
s2b-r02,1,B,512,s2b-r02-357,512,512,0,10,512,512,1,10,1024,6,64,512,-1,1,0,-1,6,106,6,2,1665458,106,0,6,6,207.0,45.1,56.7
s2b-r02,1,B,512,s2b-r02-358,512,512,0,10,512,512,1,10,1024,6,64,512,-1,1,0,-1,6,104,6,2,1630736,104,0,6,6,49.0,45.1,56.7
s2b-r02,1,B,512,s2b-r02-359,512,512,0,10,512,512,1,10,1024,6,64,512,-1,1,0,-1,6,84,6,2,1317188,104,0,6,6,131.0,45.1,56.7
s2b-r02,1,B,512,s2b-r02-360,512,512,0,10,512,512,1,10,1024,6,64,512,-1,1,0,-1,6,101,6,2,1591915,104,0,6,6,52.0,45.1,56.7
s2b-r02,1,B,512,s2b-r02-361,512,512,0,10,512,512,1,10,1024,6,64,512,-1,1,0,-1,6,101,6,2,1591407,104,0,6,6,175.0,45.1,56.7
s2b-r02,1,B,512,s2b-r02-362,512,512,0,10,512,512,1,10,1024,6,64,512,-1,1,0,-1,6,109,6,2,1708562,109,0,6,6,53.0,45.1,56.7
s2b-r02,1,B,512,s2b-r02-363,512,512,0,10,512,512,1,10,1024,6,64,512,-1,1,0,-1,6,98,6,2,1536561,109,0,6,6,140.0,45.1,56.7
s2b-r02,1,B,512,s2b-r02-364,512,512,0,10,512,512,1,10,1024,6,64,512,-1,1,0,-1,6,86,6,2,1350482,109,0,6,6,46.0,45.1,56.7
s2b-r02,1,B,512,s2b-r02-365,512,512,0,10,512,512,1,10,1024,6,64,512,-1,1,0,-1,6,97,6,2,1519011,109,0,6,6,128.0,45.1,56.7
s2b-r02,1,B,512,s2b-r02-366,512,512,0,10,512,512,1,10,1024,6,64,512,-1,1,0,-1,6,102,6,2,1602909,102,0,6,6,51.0,45.1,56.7
s2b-r02,1,B,512,s2b-r02-367,512,512,0,10,512,512,1,10,1024,6,64,512,-1,1,0,-1,6,72,6,2,1139807,102,0,6,6,201.0,45.1,56.7
s2b-r02,1,B,512,s2b-r02-368,512,512,0,10,512,512,1,10,1024,6,64,512,-1,1,0,-1,6,107,6,2,1679341,107,0,6,6,51.0,45.1,56.7
s2b-r02,1,B,512,s2b-r02-369,512,512,0,10,512,512,1,10,1024,6,64,512,-1,1,0,-1,6,102,6,2,1599409,102,0,6,6,151.0,45.1,56.7
s2b-r02,1,B,512,s2b-r02-370,512,512,0,10,512,512,1,10,1024,6,64,512,-1,1,0,-1,6,89,6,2,1406033,89,0,6,6,49.0,45.1,56.7
s2b-r02,1,B,512,s2b-r02-371,512,512,0,10,512,512,1,10,1024,6,64,512,-1,1,0,-1,6,100,6,2,1563705,100,0,6,6,211.0,45.1,56.7
s2b-r02,1,B,512,s2b-r02-372,512,512,0,10,512,512,1,10,1024,6,64,512,-1,1,0,-1,6,104,6,2,1627529,104,0,6,6,52.0,45.1,56.7
s2b-r02,1,B,512,s2b-r02-373,512,512,0,10,512,512,1,10,1024,6,64,512,-1,1,0,-1,6,99,6,2,1558872,99,0,6,6,157.0,45.1,56.7
s2b-r02,1,B,512,s2b-r02-374,512,512,0,10,512,512,1,10,1024,6,64,512,-1,1,0,-1,6,106,6,2,1660571,106,0,6,6,49.0,45.1,56.7
s2b-r02,1,B,512,s2b-r02-375,512,512,0,10,512,512,1,10,1024,6,64,512,-1,1,0,-1,6,82,6,2,1284000,106,0,6,6,53.0,45.1,56.7
s2b-r02,1,B,512,s2b-r02-376,512,512,0,10,512,512,1,10,1024,6,64,512,-1,1,0,-1,6,99,6,2,1559537,106,0,6,6,197.0,45.1,56.7
s2b-r02,1,B,512,s2b-r02-377,512,512,0,10,512,512,1,10,1024,6,64,512,-1,1,0,-1,6,108,6,2,1691776,108,0,6,6,49.0,45.1,56.7
s2b-r02,1,B,512,s2b-r02-378,512,512,0,10,512,512,1,10,1024,6,64,512,-1,1,0,-1,6,75,6,2,1184027,65,0,6,6,123.0,45.1,56.7
s2b-r02,1,B,512,s2b-r02-379,512,512,0,10,512,512,1,10,1024,6,64,512,-1,1,0,-1,6,101,6,2,1586410,101,0,6,6,50.0,45.1,56.7
s2b-r02,1,B,512,s2b-r02-380,512,512,0,10,512,512,1,10,1024,6,64,512,-1,1,0,-1,6,98,6,2,1538876,98,0,6,6,91.0,45.1,56.7
s2b-r02,1,B,512,s2b-r02-381,512,512,0,10,512,512,1,10,1024,6,64,512,-1,1,0,-1,6,67,6,2,1061255,53,0,6,6,196.0,45.1,56.7
s2b-r02,1,B,512,s2b-r02-382,512,512,0,10,512,512,1,10,1024,6,64,512,-1,1,0,-1,6,111,6,2,1742331,111,0,6,6,54.0,45.1,56.7
s2b-r02,1,B,512,s2b-r02-383,512,512,0,10,512,512,1,10,1024,6,64,512,-1,1,0,-1,6,94,6,2,1478810,94,0,6,6,177.0,45.1,56.7
s2b-r02,1,B,512,s2b-r02-384,512,512,0,10,512,512,1,10,1024,6,64,512,-1,1,0,-1,6,65,6,2,1018005,0,0,6,6,56.0,45.1,56.7
s2b-r02,1,B,512,s2b-r02-385,512,512,0,10,512,512,1,10,1024,6,64,512,-1,1,0,-1,6,100,6,2,1569349,100,0,6,6,195.0,45.1,56.7
s2b-r02,1,B,512,s2b-r02-386,512,512,0,10,512,512,1,10,1024,6,64,512,-1,1,0,-1,6,67,6,2,1047707,67,0,6,6,48.0,45.1,56.7
s2b-r02,1,B,512,s2b-r02-387,512,512,0,10,512,512,1,10,1024,6,64,512,-1,1,0,-1,6,97,6,2,1528318,97,0,6,6,87.0,45.1,56.7
s2b-r02,1,B,512,s2b-r02-388,512,512,0,10,512,512,1,10,1024,6,64,512,-1,1,0,-1,6,86,6,2,1354679,86,0,6,6,49.0,45.1,56.7
s2b-r02,1,B,512,s2b-r02-389,512,512,0,10,512,512,1,10,1024,6,64,512,-1,1,0,-1,6,100,6,2,1567351,100,0,6,6,50.0,45.1,56.7
s2b-r02,1,B,512,s2b-r02-390,512,512,0,10,512,512,1,10,1024,6,64,512,-1,1,0,-1,6,97,6,2,1517423,97,0,6,6,144.0,45.1,56.7
s2b-r02,1,B,512,s2b-r02-391,512,512,0,10,512,512,1,10,1024,6,64,512,-1,1,0,-1,6,78,6,2,1219998,69,0,6,6,50.0,45.1,56.7
s2b-r02,1,B,512,s2b-r02-392,512,512,0,10,512,512,1,10,1024,6,64,512,-1,1,0,-1,6,98,6,2,1543882,98,0,6,6,169.0,45.1,56.7
s2b-r02,1,B,512,s2b-r02-393,512,512,0,10,512,512,1,10,1024,6,64,512,-1,1,0,-1,6,82,6,2,1290938,82,0,6,6,51.0,45.1,56.7
s2b-r02,1,B,512,s2b-r02-394,512,512,0,10,512,512,1,10,1024,6,64,512,-1,1,0,-1,6,100,6,2,1562582,100,0,6,6,181.0,45.1,56.7
s2b-r02,1,B,512,s2b-r02-395,512,512,0,10,512,512,1,10,1024,6,64,512,-1,1,0,-1,6,103,6,2,1616629,103,0,6,6,47.0,45.1,56.7
s2b-r02,1,B,512,s2b-r02-396,512,512,0,10,512,512,1,10,1024,6,64,512,-1,1,0,-1,6,99,6,2,1554445,103,0,6,6,136.0,45.1,56.7
s2b-r02,1,B,512,s2b-r02-397,512,512,0,10,512,512,1,10,1024,6,64,512,-1,1,0,-1,6,106,6,2,1664767,106,0,6,6,53.0,45.1,56.7
s2b-r02,1,B,512,s2b-r02-398,512,512,0,10,512,512,1,10,1024,6,64,512,-1,1,0,-1,6,82,6,2,1286376,103,0,6,6,207.0,45.1,56.7
s2b-r02,1,B,512,s2b-r02-399,512,512,0,10,512,512,1,10,1024,6,64,512,-1,1,0,-1,6,106,6,2,1664923,106,0,6,6,70.0,45.1,56.7
s2b-r02,1,B,512,s2b-r02-400,512,512,0,10,512,512,1,10,1024,6,64,512,-1,1,0,-1,6,102,6,2,1598972,106,0,6,6,132.0,45.1,56.7
s2b-r02,1,B,512,s2b-r02-401,512,512,0,10,512,512,1,10,1024,6,64,512,-1,1,0,-1,6,100,6,2,1563787,106,0,6,6,49.0,45.1,56.7
s2b-r02,1,B,512,s2b-r02-402,512,512,0,10,512,512,1,10,1024,6,64,512,-1,1,0,-1,6,100,6,2,1567390,106,0,6,6,157.0,45.1,56.7
s2b-r02,1,B,512,s2b-r02-403,512,512,0,10,512,512,1,10,1024,6,64,512,-1,1,0,-1,6,106,6,2,1660999,106,0,6,6,49.0,45.1,56.7
s2b-r02,1,B,512,s2b-r02-404,512,512,0,10,512,512,1,10,1024,6,64,512,-1,1,0,-1,6,97,6,2,1526946,106,0,6,6,265.0,45.1,56.7
s2b-r02,1,B,512,s2b-r02-405,512,512,0,10,512,512,1,10,1024,6,64,512,-1,1,0,-1,6,111,6,2,1736865,111,0,6,6,50.0,45.1,56.7
s2b-r02,1,B,512,s2b-r02-406,512,512,0,10,512,512,1,10,1024,6,64,512,-1,1,0,-1,6,103,6,2,1610723,106,0,6,6,163.0,45.1,56.7
s2b-r02,1,B,512,s2b-r02-407,512,512,0,10,512,512,1,10,1024,6,64,512,-1,1,0,-1,6,104,6,2,1635269,106,0,6,6,54.0,45.1,56.7
s2b-r02,1,B,512,s2b-r02-408,512,512,0,10,512,512,1,10,1024,6,64,512,-1,1,0,-1,6,83,6,2,1308747,80,0,6,6,170.0,45.1,56.7
s2b-r02,1,B,512,s2b-r02-409,512,512,0,10,512,512,1,10,1024,6,64,512,-1,1,0,-1,6,106,6,2,1664285,106,0,6,6,57.0,45.1,56.7
s2b-r02,1,B,512,s2b-r02-410,512,512,0,10,512,512,1,10,1024,6,64,512,-1,1,0,-1,6,101,6,2,1585401,101,0,6,6,150.0,45.1,56.7
s2b-r02,1,B,512,s2b-r02-411,512,512,0,10,512,512,1,10,1024,6,64,512,-1,1,0,-1,6,103,6,2,1622981,103,0,6,6,52.0,45.1,56.7
s2b-r02,1,B,512,s2b-r02-412,512,512,0,10,512,512,1,10,1024,6,64,512,-1,1,0,-1,6,82,6,2,1292566,69,0,6,6,167.0,45.1,56.7
s2b-r02,1,B,512,s2b-r02-413,512,512,0,10,512,512,1,10,1024,6,64,512,-1,1,0,-1,6,104,6,2,1630865,104,0,6,6,54.0,45.1,56.7
s2b-r02,1,B,512,s2b-r02-414,512,512,0,10,512,512,1,10,1024,6,64,512,-1,1,0,-1,6,105,6,2,1649670,105,0,6,6,167.0,45.1,56.7
s2b-r02,1,B,512,s2b-r02-415,512,512,0,10,512,512,1,10,1024,6,64,512,-1,1,0,-1,6,104,6,2,1630657,104,0,6,6,52.0,45.1,56.7
s2b-r02,1,B,512,s2b-r02-416,512,512,0,10,512,512,1,10,1024,6,64,512,-1,1,0,-1,6,99,6,2,1550822,99,0,6,6,153.0,45.1,56.7
s2b-r02,1,B,512,s2b-r02-417,512,512,0,10,512,512,1,10,1024,6,64,512,-1,1,0,-1,6,107,6,2,1680993,107,0,6,6,52.0,45.1,56.7
s2b-r02,1,B,512,s2b-r02-418,512,512,0,10,512,512,1,10,1024,6,64,512,-1,1,0,-1,6,103,6,2,1610869,99,0,6,6,146.0,45.1,56.7
s2b-r02,1,B,512,s2b-r02-419,512,512,0,10,512,512,1,10,1024,6,64,512,-1,1,0,-1,6,83,6,2,1299185,99,0,6,6,52.0,45.1,56.7
s2b-r02,1,B,512,s2b-r02-420,512,512,0,10,512,512,1,10,1024,6,64,512,-1,1,0,-1,6,101,6,2,1579529,101,0,6,6,147.0,45.1,56.7
s2b-r02,1,B,512,s2b-r02-421,512,512,0,10,512,512,1,10,1024,6,64,512,-1,1,0,-1,6,101,6,2,1592617,101,0,6,6,51.0,45.1,56.7
s2b-r02,1,B,512,s2b-r02-422,512,512,0,10,512,512,1,10,1024,6,64,512,-1,1,0,-1,6,72,6,2,1139721,101,0,6,6,193.0,45.1,56.7
s2b-r02,1,B,512,s2b-r02-423,512,512,0,10,512,512,1,10,1024,6,64,512,-1,1,0,-1,6,106,6,2,1658748,106,0,6,6,60.0,45.1,56.7
s2b-r02,1,B,512,s2b-r02-424,512,512,0,10,512,512,1,10,1024,6,64,512,-1,1,0,-1,6,101,6,2,1584579,101,0,6,6,52.0,45.1,56.7
s2b-r02,1,B,512,s2b-r02-425,512,512,0,10,512,512,1,10,1024,6,64,512,-1,1,0,-1,6,68,6,2,1063161,101,0,6,6,50.0,45.1,56.7
s2b-r02,1,B,512,s2b-r02-426,512,512,0,10,512,512,1,10,1024,6,64,512,-1,1,0,-1,6,99,6,2,1556577,101,0,6,6,168.0,45.1,56.7
s2b-r02,1,B,512,s2b-r02-427,512,512,0,10,512,512,1,10,1024,6,64,512,-1,1,0,-1,6,107,6,2,1684894,107,0,6,6,49.0,45.1,56.7
s2b-r02,1,B,512,s2b-r02-428,512,512,0,10,512,512,1,10,1024,6,64,512,-1,1,0,-1,6,98,6,2,1536973,98,0,6,6,128.0,45.1,56.7
s2b-r02,1,B,512,s2b-r02-429,512,512,0,10,512,512,1,10,1024,6,64,512,-1,1,0,-1,6,103,6,2,1619047,103,0,6,6,54.0,45.1,56.7
s2b-r02,1,B,512,s2b-r02-430,512,512,0,10,512,512,1,10,1024,6,64,512,-1,1,0,-1,6,102,6,2,1608615,102,0,6,6,71.0,45.1,56.7
s2b-r02,1,B,512,s2b-r02-431,512,512,0,10,512,512,1,10,1024,6,64,512,-1,1,0,-1,6,102,6,2,1604765,100,0,6,6,154.0,45.1,56.7
s2b-r02,1,B,512,s2b-r02-432,512,512,0,10,512,512,1,10,1024,6,64,512,-1,1,0,-1,6,92,6,2,1444158,92,0,6,6,53.0,45.1,56.7
s2b-r02,1,B,512,s2b-r02-433,512,512,0,10,512,512,1,10,1024,6,64,512,-1,1,0,-1,6,106,6,2,1668212,106,0,6,6,204.0,45.1,56.7
s2b-r02,1,B,512,s2b-r02-434,512,512,0,10,512,512,1,10,1024,6,64,512,-1,1,0,-1,6,104,6,2,1637883,104,0,6,6,52.0,45.1,56.7
s2b-r02,1,B,512,s2b-r02-435,512,512,0,10,512,512,1,10,1024,6,64,512,-1,1,0,-1,6,102,6,2,1609065,102,0,6,6,172.0,45.1,56.7
s2b-r02,1,B,512,s2b-r02-436,512,512,0,10,512,512,1,10,1024,6,64,512,-1,1,0,-1,6,108,6,2,1687927,108,0,6,6,55.0,45.1,56.7
s2b-r02,1,B,512,s2b-r02-437,512,512,0,10,512,512,1,10,1024,6,64,512,-1,1,0,-1,6,83,6,2,1306333,74,0,6,6,51.0,45.1,56.7
s2b-r02,1,B,512,s2b-r02-438,512,512,0,10,512,512,1,10,1024,6,64,512,-1,1,0,-1,6,98,6,2,1544952,98,0,6,6,213.0,45.1,56.7
s2b-r02,1,B,512,s2b-r02-439,512,512,0,10,512,512,1,10,1024,6,64,512,-1,1,0,-1,6,106,6,2,1660864,106,0,6,6,47.0,45.1,56.7
s2b-r02,1,B,512,s2b-r02-440,512,512,0,10,512,512,1,10,1024,6,64,512,-1,1,0,-1,6,75,6,2,1186929,71,0,6,6,173.0,45.1,56.7
s2b-r02,1,B,512,s2b-r02-441,512,512,0,10,512,512,1,10,1024,6,64,512,-1,1,0,-1,6,103,6,2,1612977,103,0,6,6,56.0,45.1,56.7
s2b-r02,1,B,512,s2b-r02-442,512,512,0,10,512,512,1,10,1024,6,64,512,-1,1,0,-1,6,98,6,2,1545912,98,0,6,6,51.0,45.1,56.7
s2b-r02,1,B,512,s2b-r02-443,512,512,0,10,512,512,1,10,1024,6,64,512,-1,1,0,-1,6,75,6,2,1172479,71,0,6,6,46.0,45.1,56.7
s2b-r02,1,B,512,s2b-r02-444,512,512,0,10,512,512,1,10,1024,6,64,512,-1,1,0,-1,6,97,6,2,1529189,97,0,6,6,151.0,45.1,56.7
s2b-r02,1,B,512,s2b-r02-445,512,512,0,10,512,512,1,10,1024,0,16,512,0,0,0,-1,6,104,4,0,1628491,104,0,4,4,56.0,45.1,56.7
s2b-r02,1,B,512,s2b-r02-446,512,512,0,10,512,512,1,10,1024,6,128,512,6,1,0,-1,5,153,7,0,2395734,153,0,7,7,825.0,45.1,56.7
s2b-r02,1,B,512,s2b-r02-447,512,512,0,10,512,512,1,10,1024,6,128,512,-1,1,0,-1,7,110,7,2,1727278,110,0,7,7,57.0,45.1,56.7
s2b-r02,1,B,512,s2b-r02-448,512,512,0,10,512,512,1,10,1024,6,128,512,-1,1,0,-1,7,93,7,2,1453868,1,0,7,7,128.0,45.1,56.7
s2b-r02,1,B,512,s2b-r02-449,512,512,0,10,512,512,1,10,1024,6,128,512,-1,1,0,-1,7,102,7,2,1601826,102,0,7,7,54.0,45.1,56.7
s2b-r02,1,B,512,s2b-r02-450,512,512,0,10,512,512,1,10,1024,6,128,512,-1,1,0,-1,7,98,7,2,1540896,98,0,7,7,155.0,45.1,56.7
s2b-r02,1,B,512,s2b-r02-451,512,512,0,10,512,512,1,10,1024,6,128,512,-1,1,0,-1,7,72,7,2,1134971,72,0,7,7,48.0,45.1,56.7
s2b-r02,1,B,512,s2b-r02-452,512,512,0,10,512,512,1,10,1024,6,128,512,-1,1,0,-1,7,98,7,2,1540880,98,0,7,7,103.0,45.1,56.7
s2b-r02,1,B,512,s2b-r02-453,512,512,0,10,512,512,1,10,1024,6,128,512,-1,1,0,-1,7,103,7,2,1610995,103,0,7,7,46.0,45.1,56.7
s2b-r02,1,B,512,s2b-r02-454,512,512,0,10,512,512,1,10,1024,6,128,512,-1,1,0,-1,7,97,7,2,1530926,98,0,7,7,144.0,45.1,56.7
s2b-r02,1,B,512,s2b-r02-455,512,512,0,10,512,512,1,10,1024,6,128,512,-1,1,0,-1,7,105,7,2,1645907,105,0,7,7,52.0,45.1,56.7
s2b-r02,1,B,512,s2b-r02-456,512,512,0,10,512,512,1,10,1024,6,128,512,-1,1,0,-1,7,102,7,2,1597346,102,0,7,7,174.0,45.1,56.7
s2b-r02,1,B,512,s2b-r02-457,512,512,0,10,512,512,1,10,1024,0,32,512,5,0,0,-1,7,104,5,0,1633618,104,0,5,5,64.0,45.1,56.7
s2b-r02,1,B,512,s2b-r02-458,512,512,0,10,512,512,1,10,1024,0,2,512,1,0,0,-1,4,188,1,0,2939616,188,0,1,1,74.0,45.1,56.7
s2b-r02,1,B,512,s2b-r02-459,512,512,0,10,512,512,1,10,1024,6,64,512,6,1,0,-1,1,148,6,0,2327243,188,0,6,6,103.0,45.1,56.7
s2b-r02,1,B,512,s2b-r02-460,512,512,0,10,512,512,1,10,1024,0,32,512,4,0,0,-1,6,109,5,0,1717279,106,0,5,5,60.0,45.1,56.7
s2b-r02,1,B,512,s2b-r02-461,512,512,0,10,512,512,1,10,1024,0,32,512,-1,0,0,-1,5,156,5,2,2450724,156,0,5,5,30.0,45.1,56.7
s2b-r02,1,B,512,s2b-r02-462,512,512,0,10,512,512,1,10,1024,6,128,512,7,1,0,-1,5,134,7,0,2106644,156,0,7,7,95.0,45.1,56.7
s2b-r02,1,B,512,s2b-r02-463,512,512,0,10,512,512,1,10,1024,6,64,512,6,1,0,-1,7,103,6,0,1618524,102,0,6,6,54.0,45.1,56.7
s2b-r02,1,B,512,s2b-r02-464,512,512,0,10,512,512,1,10,1024,6,64,512,-1,1,0,-1,6,101,6,2,1590535,98,0,6,6,53.0,45.1,56.7
s2b-r02,1,B,512,s2b-r02-465,512,512,0,10,512,512,1,10,1024,6,64,512,-1,1,0,-1,6,101,6,2,1591213,101,0,6,6,145.0,45.1,56.7
s2b-r02,1,B,512,s2b-r02-466,512,512,0,10,512,512,1,10,1024,6,64,512,-1,1,0,-1,6,81,6,2,1277254,101,0,6,6,49.0,45.1,56.7
s2b-r02,1,B,512,s2b-r02-467,512,512,0,10,512,512,1,10,1024,6,64,512,-1,1,0,-1,6,98,6,2,1538396,101,0,6,6,212.0,45.1,56.7
s2b-r02,1,B,512,s2b-r02-468,512,512,0,10,512,512,1,10,1024,6,64,512,-1,1,0,-1,6,104,6,2,1640599,104,0,6,6,48.0,45.1,56.7
s2b-r02,1,B,512,s2b-r02-469,512,512,0,10,512,512,1,10,1024,6,64,512,-1,1,0,-1,6,100,6,2,1576046,100,0,6,6,48.0,45.1,56.7
s2b-r02,1,B,512,s2b-r02-470,512,512,0,10,512,512,1,10,1024,6,64,512,-1,1,0,-1,6,81,6,2,1268057,100,0,6,6,144.0,45.1,56.7
s2b-r02,1,B,512,s2b-r02-471,512,512,0,10,512,512,1,10,1024,6,64,512,-1,1,0,-1,6,105,6,2,1640941,105,0,6,6,55.0,45.1,56.7
s2b-r02,1,B,512,s2b-r02-472,512,512,0,10,512,512,1,10,1024,6,64,512,-1,1,0,-1,6,88,6,2,1390521,88,0,6,6,167.0,45.1,56.7
s2b-r02,1,B,512,s2b-r02-473,512,512,0,10,512,512,1,10,1024,6,64,512,-1,1,0,-1,6,110,6,2,1721173,110,0,6,6,54.0,45.1,56.7
s2b-r02,1,B,512,s2b-r02-474,512,512,0,10,512,512,1,10,1024,6,64,512,-1,1,0,-1,6,92,6,2,1448763,92,0,6,6,66.0,45.1,56.7
s2b-r02,1,B,512,s2b-r02-475,512,512,0,10,512,512,1,10,1024,6,64,512,-1,1,0,-1,6,104,6,2,1638569,104,0,6,6,174.0,45.1,56.7
s2b-r02,1,B,512,s2b-r02-476,512,512,0,10,512,512,1,10,1024,6,64,512,-1,1,0,-1,6,106,6,2,1659692,106,0,6,6,53.0,45.1,56.7
s2b-r02,1,B,512,s2b-r02-477,512,512,0,10,512,512,1,10,1024,6,64,512,-1,1,0,-1,6,81,6,2,1266012,106,0,6,6,150.0,45.1,56.7
s2b-r02,1,B,512,s2b-r02-478,512,512,0,10,512,512,1,10,1024,6,64,512,-1,1,0,-1,6,102,6,2,1602314,106,0,6,6,52.0,45.1,56.7
s2b-r02,1,B,512,s2b-r02-479,512,512,0,10,512,512,1,10,1024,6,64,512,-1,1,0,-1,6,99,6,2,1555470,106,0,6,6,242.0,45.1,56.7
s2b-r02,1,B,512,s2b-r02-480,512,512,0,10,512,512,1,10,1024,6,64,512,-1,1,0,-1,6,109,6,2,1718475,109,0,6,6,51.0,45.1,56.7
s2b-r02,1,B,512,s2b-r02-481,512,512,0,10,512,512,1,10,1024,6,64,512,-1,1,0,-1,6,100,6,2,1573665,109,0,6,6,122.0,45.1,56.7
s2b-r02,1,B,512,s2b-r02-482,512,512,0,10,512,512,1,10,1024,6,64,512,-1,1,0,-1,6,103,6,2,1624410,109,0,6,6,51.0,45.1,56.7
s2b-r02,1,B,512,s2b-r02-483,512,512,0,10,512,512,1,10,1024,6,64,512,-1,1,0,-1,6,102,6,2,1605373,109,0,6,6,154.0,45.1,56.7
s2b-r02,1,B,512,s2b-r02-484,512,512,0,10,512,512,1,10,1024,6,64,512,-1,1,0,-1,6,103,6,2,1611762,109,0,6,6,51.0,45.1,56.7
s2b-r02,1,B,512,s2b-r02-485,512,512,0,10,512,512,1,10,1024,6,64,512,-1,1,0,-1,6,101,6,2,1582824,100,0,6,6,208.0,45.1,56.7
s2b-r02,1,B,512,s2b-r02-486,512,512,0,10,512,512,1,10,1024,6,64,512,-1,1,0,-1,6,109,6,2,1711631,109,0,6,6,51.0,45.1,56.7
s2b-r02,1,B,512,s2b-r02-487,512,512,0,10,512,512,1,10,1024,6,128,512,-1,1,0,-1,7,84,7,2,1327333,100,0,7,7,51.0,45.1,56.7
s2b-r02,1,B,512,s2b-r02-488,512,512,0,10,512,512,1,10,1024,6,128,512,-1,1,0,-1,7,98,7,2,1541232,100,0,7,7,53.0,45.1,56.7
s2b-r02,1,B,512,s2b-r02-489,512,512,0,10,512,512,1,10,1024,6,128,512,-1,1,0,-1,7,73,7,2,1144867,73,0,7,7,176.0,45.1,56.7
s2b-r02,1,B,512,s2b-r02-490,512,512,0,10,512,512,1,10,1024,6,128,512,-1,1,0,-1,7,104,7,2,1634829,104,0,7,7,52.0,45.1,56.7
s2b-r02,1,B,512,s2b-r02-491,512,512,0,10,512,512,1,10,1024,6,128,512,-1,1,0,-1,7,99,7,2,1550701,99,0,7,7,257.0,45.1,56.7
s2b-r02,1,B,512,s2b-r02-492,512,512,0,10,512,512,1,10,1024,6,128,512,-1,1,0,-1,7,110,7,2,1730522,110,0,7,7,48.0,45.1,56.7
s2b-r02,1,B,512,s2b-r02-493,512,512,0,10,512,512,1,10,1024,6,128,512,-1,1,0,-1,7,98,7,2,1532332,98,0,7,7,156.0,45.1,56.7
s2b-r02,1,B,512,s2b-r02-494,512,512,0,10,512,512,1,10,1024,0,1,512,0,0,0,-1,7,102,0,0,1606540,101,0,0,0,145.0,45.1,56.7
s2b-r02,1,B,512,s2b-r02-495,512,512,0,10,512,512,1,10,1024,6,128,512,6,1,0,-1,0,152,7,0,2378516,152,0,7,7,2209.0,45.1,56.7
s2b-r02,1,B,512,s2b-r02-496,512,512,0,10,512,512,1,10,1024,6,128,512,-1,1,0,-1,7,116,7,2,1823301,116,0,7,7,57.0,45.1,56.7
s2b-r02,1,B,512,s2b-r02-497,512,512,0,10,512,512,1,10,1024,6,128,512,-1,1,0,-1,7,94,7,2,1470811,49,0,7,7,55.0,45.1,56.7
s2b-r02,1,B,512,s2b-r02-498,512,512,0,10,512,512,1,10,1024,6,64,512,6,1,0,-1,7,101,6,0,1592741,101,0,6,6,134.0,45.1,56.7
s2b-r02,1,B,512,s2b-r02-499,512,512,0,10,512,512,1,10,1024,6,64,512,-1,1,0,-1,6,94,6,2,1473103,94,0,6,6,52.0,45.1,56.7
s2b-r02,1,B,512,s2b-r02-500,512,512,0,10,512,512,1,10,1024,6,64,512,-1,1,0,-1,6,100,6,2,1565586,100,0,6,6,164.0,45.1,56.7
s2b-r02,1,B,512,s2b-r02-501,512,512,0,10,512,512,1,10,1024,6,64,512,-1,1,0,-1,6,106,6,2,1666660,106,0,6,6,49.0,45.1,56.7
s2b-r02,1,B,512,s2b-r02-502,512,512,0,10,512,512,1,10,1024,6,64,512,-1,1,0,-1,6,99,6,2,1557818,106,0,6,6,184.0,45.1,56.7
s2b-r02,1,B,512,s2b-r02-503,512,512,0,10,512,512,1,10,1024,6,64,512,-1,1,0,-1,6,103,6,2,1621456,106,0,6,6,49.0,45.1,56.7
s2b-r02,1,B,512,s2b-r02-504,512,512,0,10,512,512,1,10,1024,6,64,512,-1,1,0,-1,6,102,6,2,1594983,106,0,6,6,127.0,45.1,56.7
s2b-r02,1,B,512,s2b-r02-505,512,512,0,10,512,512,1,10,1024,6,64,512,-1,1,0,-1,6,103,6,2,1622762,106,0,6,6,51.0,45.1,56.7
s2b-r02,1,B,512,s2b-r02-506,512,512,0,10,512,512,1,10,1024,6,64,512,-1,1,0,-1,6,81,6,2,1271149,67,0,6,6,125.0,45.1,56.7
s2b-r02,1,B,512,s2b-r02-507,512,512,0,10,512,512,1,10,1024,6,64,512,-1,1,0,-1,6,102,6,2,1607422,102,0,6,6,51.0,45.1,56.7
s2b-r02,1,B,512,s2b-r02-508,512,512,0,10,512,512,1,10,1024,6,64,512,-1,1,0,-1,6,99,6,2,1558691,99,0,6,6,162.0,45.1,56.7
s2b-r02,1,B,512,s2b-r02-509,512,512,0,10,512,512,1,10,1024,6,64,512,-1,1,0,-1,6,104,6,2,1640413,104,0,6,6,48.0,45.1,56.7
s2b-r02,1,B,512,s2b-r02-510,512,512,0,10,512,512,1,10,1024,6,64,512,-1,1,0,-1,6,98,6,2,1545142,104,0,6,6,140.0,45.1,56.7
s2b-r02,1,B,512,s2b-r02-511,512,512,0,10,512,512,1,10,1024,6,64,512,-1,1,0,-1,6,103,6,2,1623554,104,0,6,6,49.0,45.1,56.7
s2b-r02,1,B,512,s2b-r02-512,512,512,0,10,512,512,1,10,1024,6,64,512,-1,1,0,-1,6,98,6,2,1540739,104,0,6,6,203.0,45.1,56.7
s2b-r02,1,B,512,s2b-r02-513,512,512,0,10,512,512,1,10,1024,6,64,512,-1,1,0,-1,6,104,6,2,1640565,104,0,6,6,55.0,45.1,56.7
s2b-r02,1,B,512,s2b-r02-514,512,512,0,10,512,512,1,10,1024,6,64,512,-1,1,0,-1,6,101,6,2,1581841,99,0,6,6,177.0,45.1,56.7
s2b-r02,1,B,512,s2b-r02-515,512,512,0,10,512,512,1,10,1024,6,64,512,-1,1,0,-1,6,107,6,2,1679171,107,0,6,6,47.0,45.1,56.7
s2b-r02,1,B,512,s2b-r02-516,512,512,0,10,512,512,1,10,1024,6,64,512,-1,1,0,-1,6,82,6,2,1286105,99,0,6,6,149.0,45.1,56.7
s2b-r02,1,B,512,s2b-r02-517,512,512,0,10,512,512,1,10,1024,6,64,512,-1,1,0,-1,6,103,6,2,1610559,103,0,6,6,60.0,45.1,56.7
s2b-r02,1,B,512,s2b-r02-518,512,512,0,10,512,512,1,10,1024,6,64,512,-1,1,0,-1,6,102,6,2,1595953,102,0,6,6,321.0,45.1,56.7
s2b-r02,1,B,512,s2b-r02-519,512,512,0,10,512,512,1,10,1024,6,64,512,-1,1,0,-1,6,107,6,2,1682278,107,0,6,6,56.0,45.1,56.7
s2b-r02,1,B,512,s2b-r02-520,512,512,0,10,512,512,1,10,1024,6,64,512,-1,1,0,-1,6,99,6,2,1552133,102,0,6,6,87.0,45.1,56.7
s2b-r02,1,B,512,s2b-r02-521,512,512,0,10,512,512,1,10,1024,6,64,512,-1,1,0,-1,6,79,6,2,1235835,79,0,6,6,124.0,45.1,56.7
s2b-r02,1,B,512,s2b-r02-522,512,512,0,10,512,512,1,10,1024,6,64,512,-1,1,0,-1,6,103,6,2,1619705,103,0,6,6,49.0,45.1,56.7
s2b-r02,1,B,512,s2b-r02-523,512,512,0,10,512,512,1,10,1024,6,64,512,-1,1,0,-1,6,90,6,2,1406325,90,0,6,6,146.0,45.1,56.7
s2b-r02,1,B,512,s2b-r02-524,512,512,0,10,512,512,1,10,1024,6,64,512,-1,1,0,-1,6,102,6,2,1602434,102,0,6,6,54.0,45.1,56.7
s2b-r02,1,B,512,s2b-r02-525,512,512,0,10,512,512,1,10,1024,6,64,512,-1,1,0,-1,6,99,6,2,1556467,99,0,6,6,144.0,45.1,56.7
s2b-r02,1,B,512,s2b-r02-526,512,512,0,10,512,512,1,10,1024,6,64,512,-1,1,0,-1,6,80,6,2,1254922,99,0,6,6,54.0,45.1,56.7
s2b-r02,1,B,512,s2b-r02-527,512,512,0,10,512,512,1,10,1024,6,64,512,-1,1,0,-1,6,100,6,2,1571092,100,0,6,6,151.0,45.1,56.7
s2b-r02,1,B,512,s2b-r02-528,512,512,0,10,512,512,1,10,1024,6,64,512,-1,1,0,-1,6,102,6,2,1599762,102,0,6,6,47.0,45.1,56.7
s2b-r02,1,B,512,s2b-r02-529,512,512,0,10,512,512,1,10,1024,6,128,512,7,1,0,-1,6,72,7,0,1133651,73,0,7,7,265.0,45.1,56.7
s2b-r02,1,B,512,s2b-r02-530,512,512,0,10,512,512,1,10,1024,6,128,512,-1,1,0,-1,7,115,7,2,1798762,115,0,7,7,54.0,45.1,56.7
s2b-r02,1,B,512,s2b-r02-531,512,512,0,10,512,512,1,10,1024,6,128,512,-1,1,0,-1,7,86,7,2,1347250,86,0,7,7,145.0,45.1,56.7
s2b-r02,1,B,512,s2b-r02-532,512,512,0,10,512,512,1,10,1024,6,128,512,-1,1,0,-1,7,106,7,2,1669249,106,0,7,7,50.0,45.1,56.7
s2b-r02,1,B,512,s2b-r02-533,512,512,0,10,512,512,1,10,1024,6,128,512,-1,1,0,-1,7,90,7,2,1410379,106,0,7,7,128.0,45.1,56.7
s2b-r02,1,B,512,s2b-r02-534,512,512,0,10,512,512,1,10,1024,6,128,512,-1,1,0,-1,7,107,7,2,1678987,107,0,7,7,54.0,45.1,56.7
s2b-r02,1,B,512,s2b-r02-535,512,512,0,10,512,512,1,10,1024,6,128,512,-1,1,0,-1,7,89,7,2,1405481,89,0,7,7,156.0,45.1,56.7
s2b-r02,1,B,512,s2b-r02-536,512,512,0,10,512,512,1,10,1024,6,128,512,-1,1,0,-1,7,106,7,2,1663616,106,0,7,7,52.0,45.1,56.7
s2b-r02,1,B,512,s2b-r02-537,512,512,0,10,512,512,1,10,1024,6,128,512,-1,1,0,-1,7,93,7,2,1457802,93,0,7,7,182.0,45.1,56.7
s2b-r02,1,B,512,s2b-r02-538,512,512,0,10,512,512,1,10,1024,6,128,512,-1,1,0,-1,7,103,7,2,1610519,103,0,7,7,59.0,45.1,56.7
s2b-r02,1,B,512,s2b-r02-539,512,512,0,10,512,512,1,10,1024,6,128,512,-1,1,0,-1,7,100,7,2,1569569,100,0,7,7,176.0,45.1,56.7
s2b-r02,1,B,512,s2b-r02-540,512,512,0,10,512,512,1,10,1024,0,4,512,0,0,0,-1,7,81,2,0,1279204,100,0,2,2,69.0,45.1,56.7
s2b-r02,1,B,512,s2b-r02-541,512,512,0,10,512,512,1,10,1024,6,64,512,6,1,0,-1,2,157,6,0,2458484,157,0,6,6,2147.0,45.1,56.7
s2b-r02,1,B,512,s2b-r02-542,512,512,0,10,512,512,1,10,1024,6,64,512,-1,1,0,-1,6,113,6,2,1773998,113,0,6,6,71.0,45.1,56.7
s2b-r02,1,B,512,s2b-r02-543,512,512,0,10,512,512,1,10,1024,6,64,512,-1,1,0,-1,6,103,6,2,1615780,113,0,6,6,156.0,45.1,56.7
s2b-r02,1,B,512,s2b-r02-544,512,512,0,10,512,512,1,10,1024,6,64,512,-1,1,0,-1,6,101,6,2,1587616,113,0,6,6,52.0,45.1,56.7
s2b-r02,1,B,512,s2b-r02-545,512,512,0,10,512,512,1,10,1024,6,64,512,-1,1,0,-1,6,101,6,2,1583293,113,0,6,6,128.0,45.1,56.7
s2b-r02,1,B,512,s2b-r02-546,512,512,0,10,512,512,1,10,1024,6,64,512,-1,1,0,-1,6,104,6,2,1630942,113,0,6,6,51.0,45.1,56.7
s2b-r02,1,B,512,s2b-r02-547,512,512,0,10,512,512,1,10,1024,6,64,512,-1,1,0,-1,6,80,6,2,1260759,66,0,6,6,153.0,45.1,56.7
s2b-r02,1,B,512,s2b-r02-548,512,512,0,10,512,512,1,10,1024,6,64,512,-1,1,0,-1,6,105,6,2,1641199,105,0,6,6,58.0,45.1,56.7
s2b-r02,1,B,512,s2b-r02-549,512,512,0,10,512,512,1,10,1024,6,64,512,-1,1,0,-1,6,99,6,2,1562209,99,0,6,6,266.0,45.1,56.7
s2b-r02,1,B,512,s2b-r02-550,512,512,0,10,512,512,1,10,1024,6,64,512,-1,1,0,-1,6,112,6,2,1764676,112,0,6,6,51.0,45.1,56.7
s2b-r02,1,B,512,s2b-r02-551,512,512,0,10,512,512,1,10,1024,6,64,512,-1,1,0,-1,6,98,6,2,1533550,98,0,6,6,180.0,45.1,56.7
s2b-r02,1,B,512,s2b-r02-552,512,512,0,10,512,512,1,10,1024,6,64,512,-1,1,0,-1,6,104,6,2,1625363,104,0,6,6,55.0,45.1,56.7
s2b-r02,1,B,512,s2b-r02-553,512,512,0,10,512,512,1,10,1024,6,64,512,-1,1,0,-1,6,103,6,2,1620081,103,0,6,6,123.0,45.1,56.7
s2b-r02,1,B,512,s2b-r02-554,512,512,0,10,512,512,1,10,1024,6,64,512,-1,1,0,-1,6,142,6,2,2227211,142,0,6,6,48.0,45.1,56.7
s2b-r02,1,B,512,s2b-r02-555,512,512,0,10,512,512,1,10,1024,6,64,512,-1,1,0,-1,6,89,6,2,1405004,79,0,6,6,49.0,45.1,56.7
s2b-r02,1,B,512,s2b-r02-556,512,512,0,10,512,512,1,10,1024,6,64,512,-1,1,0,-1,6,99,6,2,1558381,99,0,6,6,138.0,45.1,56.7
s2b-r02,1,B,512,s2b-r02-557,512,512,0,10,512,512,1,10,1024,6,64,512,-1,1,0,-1,6,103,6,2,1618472,103,0,6,6,53.0,45.1,56.7
s2b-r02,1,B,512,s2b-r02-558,512,512,0,10,512,512,1,10,1024,6,64,512,-1,1,0,-1,6,76,6,2,1200427,79,0,6,6,46.0,45.1,56.7
s2b-r02,1,B,512,s2b-r02-559,512,512,0,10,512,512,1,10,1024,0,2,512,0,0,0,-1,6,97,1,0,1525066,97,0,1,1,110.0,45.1,56.7
s2b-r02,1,B,512,s2b-r02-560,512,512,0,10,512,512,1,10,1024,6,128,512,6,1,0,-1,1,149,7,0,2335491,149,0,7,7,2079.0,45.1,56.7
s2b-r02,1,B,512,s2b-r02-561,512,512,0,10,512,512,1,10,1024,6,128,512,-1,1,0,-1,7,123,7,2,1925125,123,0,7,7,114.0,45.1,56.7
s2b-r02,1,B,512,s2b-r02-562,512,512,0,10,512,512,1,10,1024,6,128,512,-1,1,0,-1,7,108,7,2,1691521,102,0,7,7,113.0,45.1,56.7
s2b-r02,1,B,512,s2b-r02-563,512,512,0,10,512,512,1,10,1024,6,128,512,-1,1,0,-1,7,96,7,2,1515483,33,0,7,7,49.0,45.1,56.7
s2b-r02,1,B,512,s2b-r02-564,512,512,0,10,512,512,1,10,1024,6,128,512,-1,1,0,-1,7,98,7,2,1533076,98,0,7,7,346.0,45.1,56.7
s2b-r02,1,B,512,s2b-r02-565,512,512,0,10,512,512,1,10,1024,6,128,512,-1,1,0,-1,7,120,7,2,1877519,120,0,7,7,49.0,45.1,56.7
s2b-r02,1,B,512,s2b-r02-566,512,512,0,10,512,512,1,10,1024,6,128,512,-1,1,0,-1,7,98,7,2,1540883,98,0,7,7,163.0,45.1,56.7
s2b-r02,1,B,512,s2b-r02-567,512,512,0,10,512,512,1,10,1024,6,128,512,-1,1,0,-1,7,102,7,2,1605701,102,0,7,7,50.0,45.1,56.7
s2b-r02,1,B,512,s2b-r02-568,512,512,0,10,512,512,1,10,1024,6,128,512,-1,1,0,-1,7,103,7,2,1623143,99,0,7,7,143.0,45.1,56.7
s2b-r02,1,B,512,s2b-r02-569,512,512,0,10,512,512,1,10,1024,6,128,512,-1,1,0,-1,7,104,7,2,1635307,102,0,7,7,54.0,45.1,56.7
s2b-r02,1,B,512,s2b-r02-570,512,512,0,10,512,512,1,10,1024,6,128,512,-1,1,0,-1,7,82,7,2,1289115,99,0,7,7,146.0,45.1,56.7
s2b-r02,1,B,512,s2b-r02-571,512,512,0,10,512,512,1,10,1024,6,128,512,-1,1,0,-1,7,102,7,2,1608051,102,0,7,7,55.0,45.1,56.7
s2b-r02,1,B,512,s2b-r02-572,512,512,0,10,512,512,1,10,1024,0,2,512,1,0,0,-1,7,99,1,0,1547152,99,0,1,1,199.0,45.1,56.7
s2b-r02,1,B,512,s2b-r02-573,512,512,0,10,512,512,1,10,1024,6,128,512,7,1,0,-1,1,136,7,0,2131148,136,0,7,7,73.0,45.1,56.7
s2b-r02,1,B,512,s2b-r02-574,512,512,0,10,512,512,1,10,1024,0,1,512,0,0,0,-1,7,102,0,0,1607454,102,0,0,0,33.0,45.1,56.7
s2b-r02,1,B,512,s2b-r02-575,512,512,0,10,512,512,1,10,1024,6,64,512,6,1,0,-1,0,82,6,0,1288198,64,0,6,6,114.0,45.1,56.7
s2b-r02,1,B,512,s2b-r02-576,512,512,0,10,512,512,1,10,1024,6,64,512,-1,1,0,-1,6,107,6,2,1679979,107,0,6,6,17.0,45.1,56.7
s2b-r02,1,B,512,s2b-r02-577,512,512,0,10,512,512,1,10,1024,6,128,512,7,1,0,-1,6,96,7,0,1511471,96,0,7,7,71.0,45.1,56.7
s2b-r02,1,B,512,s2b-r02-578,512,512,0,10,512,512,1,10,1024,6,128,512,-1,1,0,-1,7,98,7,2,1536143,98,0,7,7,30.0,45.1,56.7
s2b-r02,1,B,512,s2b-r02-579,512,512,0,10,512,512,1,10,1024,6,1,512,0,1,0,-1,7,101,0,0,1592155,101,1,0,0,134.0,45.1,56.7
s2b-r02,1,B,512,s2b-r02-580,512,512,0,10,512,512,1,10,1024,6,1,512,0,1,0,-1,0,161,0,0,2528415,161,1,0,0,19.0,45.1,56.7
s2b-r02,1,B,512,s2b-r02-581,512,512,0,10,512,512,1,10,1024,6,32,512,1,1,0,-1,0,152,5,0,2378033,161,1,5,5,32.0,45.1,56.7
s2b-r02,1,B,512,s2b-r02-582,512,512,0,10,512,512,1,10,1024,0,32,512,-1,0,0,-1,5,149,5,2,2334400,161,0,5,5,26.0,45.1,56.7
s2b-r02,1,B,512,s2b-r02-583,512,512,0,10,512,512,1,10,1024,6,32,512,0,1,0,-1,5,152,5,0,2382263,161,1,5,5,77.0,45.1,56.7
s2b-r02,1,B,512,s2b-r02-584,512,512,0,10,512,512,1,10,1024,6,64,512,-1,1,0,-1,6,123,6,2,1925926,32,0,6,6,76.0,45.1,56.7
s2b-r02,1,B,512,s2b-r02-585,512,512,0,10,512,512,1,10,1024,6,64,512,-1,1,0,-1,6,113,6,2,1770913,102,0,6,6,152.0,45.1,56.7
s2b-r02,1,B,512,s2b-r02-586,512,512,0,10,512,512,1,10,1024,6,64,512,-1,1,0,-1,6,106,6,2,1665943,106,0,6,6,49.0,45.1,56.7
s2b-r02,1,B,512,s2b-r02-587,512,512,0,10,512,512,1,10,1024,6,64,512,-1,1,0,-1,6,99,6,2,1559273,99,0,6,6,86.0,45.1,56.7
s2b-r02,1,B,512,s2b-r02-588,512,512,0,10,512,512,1,10,1024,6,64,512,-1,1,0,-1,6,102,6,2,1601525,102,0,6,6,52.0,45.1,56.7
s2b-r02,1,B,512,s2b-r02-589,512,512,0,10,512,512,1,10,1024,6,64,512,-1,1,0,-1,6,82,6,2,1284401,59,0,6,6,184.0,45.1,56.7
s2b-r03,1,B,512,s2b-r03-0,512,512,0,10,512,512,1,10,1024,6,16,512,0,1,0,-1,4,94,4,0,1470549,55,1,4,4,25.0,44.0,51.7
s2b-r03,1,B,512,s2b-r03-1,512,512,0,10,512,512,1,10,1024,6,16,512,0,1,0,-1,4,150,4,0,2350339,150,1,4,4,42.0,44.0,51.7
s2b-r03,1,B,512,s2b-r03-2,512,512,0,10,512,512,1,10,1024,0,16,512,-1,0,0,-1,4,127,4,2,1998191,127,0,4,4,43.0,44.0,51.7
s2b-r03,1,B,512,s2b-r03-3,512,512,0,10,512,512,1,10,1024,6,16,512,1,1,0,-1,0,157,4,0,2457529,157,1,4,4,192.0,44.0,51.7
s2b-r03,1,B,512,s2b-r03-4,512,512,0,10,512,512,1,10,1024,6,64,512,6,1,0,-1,4,151,6,0,2366417,151,0,6,6,2104.0,44.0,51.7
s2b-r03,1,B,512,s2b-r03-5,512,512,0,10,512,512,1,10,1024,6,64,512,-1,1,0,-1,6,127,6,2,1988220,127,0,6,6,63.0,44.0,51.7
s2b-r03,1,B,512,s2b-r03-6,512,512,0,10,512,512,1,10,1024,6,64,512,-1,1,0,-1,6,133,6,2,2080897,127,0,6,6,51.0,44.0,51.7
s2b-r03,1,B,512,s2b-r03-7,512,512,0,10,512,512,1,10,1024,6,64,512,-1,1,0,-1,6,127,6,2,1990490,127,0,6,6,169.0,44.0,51.7
s2b-r03,1,B,512,s2b-r03-8,512,512,0,10,512,512,1,10,1024,6,64,512,-1,1,0,-1,6,101,6,2,1588076,127,0,6,6,49.0,44.0,51.7
s2b-r03,1,B,512,s2b-r03-9,512,512,0,10,512,512,1,10,1024,6,64,512,-1,1,0,-1,6,99,6,2,1549924,99,0,6,6,172.0,44.0,51.7
s2b-r03,1,B,512,s2b-r03-10,512,512,0,10,512,512,1,10,1024,6,64,512,-1,1,0,-1,6,104,6,2,1633586,104,0,6,6,47.0,44.0,51.7
s2b-r03,1,B,512,s2b-r03-11,512,512,0,10,512,512,1,10,1024,6,64,512,-1,1,0,-1,6,101,6,2,1578815,101,0,6,6,49.0,44.0,51.7
s2b-r03,1,B,512,s2b-r03-12,512,512,0,10,512,512,1,10,1024,6,64,512,-1,1,0,-1,6,100,6,2,1577616,99,0,6,6,110.0,44.0,51.7
s2b-r03,1,B,512,s2b-r03-13,512,512,0,10,512,512,1,10,1024,0,32,512,1,0,0,-1,6,81,5,0,1266406,19,0,5,5,74.0,44.0,51.7
s2b-r03,1,B,512,s2b-r03-14,512,512,0,10,512,512,1,10,1024,6,128,512,-1,1,0,-1,7,155,7,2,2435554,155,0,7,7,82.0,44.0,51.7
s2b-r03,1,B,512,s2b-r03-15,512,512,0,10,512,512,1,10,1024,6,128,512,-1,1,0,-1,7,90,7,2,1416808,90,0,7,7,204.0,44.0,51.7
s2b-r03,1,B,512,s2b-r03-16,512,512,0,10,512,512,1,10,1024,6,128,512,-1,1,0,-1,7,110,7,2,1733474,110,0,7,7,54.0,44.0,51.7
s2b-r03,1,B,512,s2b-r03-17,512,512,0,10,512,512,1,10,1024,6,128,512,-1,1,0,-1,7,101,7,2,1579105,101,0,7,7,85.0,44.0,51.7
s2b-r03,1,B,512,s2b-r03-18,512,512,0,10,512,512,1,10,1024,6,128,512,-1,1,0,-1,7,112,7,2,1754149,112,0,7,7,52.0,44.0,51.7
s2b-r03,1,B,512,s2b-r03-19,512,512,0,10,512,512,1,10,1024,6,128,512,-1,1,0,-1,7,102,7,2,1603183,101,0,7,7,145.0,44.0,51.7
s2b-r03,1,B,512,s2b-r03-20,512,512,0,10,512,512,1,10,1024,6,128,512,-1,1,0,-1,7,107,7,2,1677156,107,0,7,7,52.0,44.0,51.7
s2b-r03,1,B,512,s2b-r03-21,512,512,0,10,512,512,1,10,1024,6,128,512,-1,1,0,-1,7,104,7,2,1626280,101,0,7,7,184.0,44.0,51.7
s2b-r03,1,B,512,s2b-r03-22,512,512,0,10,512,512,1,10,1024,6,128,512,-1,1,0,-1,7,82,7,2,1292227,58,0,7,7,49.0,44.0,51.7
s2b-r03,1,B,512,s2b-r03-23,512,512,0,10,512,512,1,10,1024,0,32,512,2,0,0,-1,7,99,5,0,1553647,99,0,5,5,251.0,44.0,51.7
s2b-r03,1,B,512,s2b-r03-24,512,512,0,10,512,512,1,10,1024,0,32,512,0,0,0,-1,6,165,5,0,2588496,165,0,5,5,103.0,44.0,51.7
s2b-r03,1,B,512,s2b-r03-25,512,512,0,10,512,512,1,10,1024,0,32,512,-1,0,0,-1,5,158,5,2,2483206,165,0,5,5,101.0,44.0,51.7
s2b-r03,1,B,512,s2b-r03-26,512,512,0,10,512,512,1,10,1024,6,64,512,6,1,0,-1,5,151,6,0,2372700,151,0,6,6,121.0,44.0,51.7
s2b-r03,1,B,512,s2b-r03-27,512,512,0,10,512,512,1,10,1024,6,64,512,-1,1,0,-1,6,136,6,2,2132532,106,0,6,6,49.0,44.0,51.7
s2b-r03,1,B,512,s2b-r03-28,512,512,0,10,512,512,1,10,1024,0,1,512,0,0,0,-1,6,136,0,0,2130751,106,0,0,0,92.0,44.0,51.7
s2b-r03,1,B,512,s2b-r03-29,512,512,0,10,512,512,1,10,1024,6,128,512,7,1,0,-1,5,156,7,0,2450612,156,0,7,7,94.0,44.0,51.7
s2b-r03,1,B,512,s2b-r03-30,512,512,0,10,512,512,1,10,1024,6,64,512,6,1,0,-1,7,122,6,0,1920988,106,0,6,6,20.0,44.0,51.7
s2b-r03,1,B,512,s2b-r03-31,512,512,0,10,512,512,1,10,1024,6,64,512,-1,1,0,-1,6,111,6,2,1749745,97,0,6,6,26.0,44.0,51.7
s2b-r03,1,B,512,s2b-r03-32,512,512,0,10,512,512,1,10,1024,6,64,512,-1,1,0,-1,6,90,6,2,1418776,97,0,6,6,59.0,44.0,51.7
s2b-r03,1,B,512,s2b-r03-33,512,512,0,10,512,512,1,10,1024,6,64,512,-1,1,0,-1,6,98,6,2,1543994,98,0,6,6,48.0,44.0,51.7
s2b-r03,1,B,512,s2b-r03-34,512,512,0,10,512,512,1,10,1024,6,64,512,-1,1,0,-1,6,59,6,2,929069,51,0,6,6,94.0,44.0,51.7
s2b-r03,1,B,512,s2b-r03-35,512,512,0,10,512,512,1,10,1024,6,64,512,-1,1,0,-1,6,101,6,2,1587275,101,0,6,6,123.0,44.0,51.7
s2b-r03,1,B,512,s2b-r03-36,512,512,0,10,512,512,1,10,1024,6,64,512,-1,1,0,-1,6,100,6,2,1566455,100,0,6,6,148.0,44.0,51.7
s2b-r03,1,B,512,s2b-r03-37,512,512,0,10,512,512,1,10,1024,6,64,512,-1,1,0,-1,6,103,6,2,1617426,103,0,6,6,49.0,44.0,51.7
s2b-r03,1,B,512,s2b-r03-38,512,512,0,10,512,512,1,10,1024,6,64,512,-1,1,0,-1,6,96,6,2,1507330,96,0,6,6,156.0,44.0,51.7
s2b-r03,1,B,512,s2b-r03-39,512,512,0,10,512,512,1,10,1024,6,64,512,-1,1,0,-1,6,81,6,2,1276878,82,0,6,6,56.0,44.0,51.7
s2b-r03,1,B,512,s2b-r03-40,512,512,0,10,512,512,1,10,1024,6,64,512,-1,1,0,-1,6,98,6,2,1536304,98,0,6,6,141.0,44.0,51.7
s2b-r03,1,B,512,s2b-r03-41,512,512,0,10,512,512,1,10,1024,6,64,512,-1,1,0,-1,6,102,6,2,1598411,102,0,6,6,50.0,44.0,51.7
s2b-r03,1,B,512,s2b-r03-42,512,512,0,10,512,512,1,10,1024,6,64,512,-1,1,0,-1,6,65,6,2,1021023,27,0,6,6,179.0,44.0,51.7
s2b-r03,1,B,512,s2b-r03-43,512,512,0,10,512,512,1,10,1024,6,64,512,-1,1,0,-1,6,105,6,2,1648742,105,0,6,6,56.0,44.0,51.7
s2b-r03,1,B,512,s2b-r03-44,512,512,0,10,512,512,1,10,1024,6,64,512,-1,1,0,-1,6,100,6,2,1571917,100,0,6,6,282.0,44.0,51.7
s2b-r03,1,B,512,s2b-r03-45,512,512,0,10,512,512,1,10,1024,6,64,512,-1,1,0,-1,6,101,6,2,1580581,101,0,6,6,50.0,44.0,51.7
s2b-r03,1,B,512,s2b-r03-46,512,512,0,10,512,512,1,10,1024,6,64,512,-1,1,0,-1,6,98,6,2,1536914,98,0,6,6,69.0,44.0,51.7
s2b-r03,1,B,512,s2b-r03-47,512,512,0,10,512,512,1,10,1024,6,64,512,-1,1,0,-1,6,84,6,2,1317697,98,0,6,6,54.0,44.0,51.7
s2b-r03,1,B,512,s2b-r03-48,512,512,0,10,512,512,1,10,1024,6,64,512,-1,1,0,-1,6,102,6,2,1594186,102,0,6,6,55.0,44.0,51.7
s2b-r03,1,B,512,s2b-r03-49,512,512,0,10,512,512,1,10,1024,6,64,512,-1,1,0,-1,6,80,6,2,1253277,80,0,6,6,146.0,44.0,51.7
s2b-r03,1,B,512,s2b-r03-50,512,512,0,10,512,512,1,10,1024,6,64,512,-1,1,0,-1,6,106,6,2,1667674,106,0,6,6,49.0,44.0,51.7
s2b-r03,1,B,512,s2b-r03-51,512,512,0,10,512,512,1,10,1024,6,64,512,-1,1,0,-1,6,89,6,2,1391072,89,0,6,6,57.0,44.0,51.7
s2b-r03,1,B,512,s2b-r03-52,512,512,0,10,512,512,1,10,1024,6,64,512,-1,1,0,-1,6,104,6,2,1625398,104,0,6,6,150.0,44.0,51.7
s2b-r03,1,B,512,s2b-r03-53,512,512,0,10,512,512,1,10,1024,6,64,512,-1,1,0,-1,6,102,6,2,1605743,102,0,6,6,49.0,44.0,51.7
s2b-r03,1,B,512,s2b-r03-54,512,512,0,10,512,512,1,10,1024,6,64,512,-1,1,0,-1,6,79,6,2,1241354,102,0,6,6,171.0,44.0,51.7
s2b-r03,1,B,512,s2b-r03-55,512,512,0,10,512,512,1,10,1024,6,64,512,-1,1,0,-1,6,106,6,2,1661402,106,0,6,6,58.0,44.0,51.7
s2b-r03,1,B,512,s2b-r03-56,512,512,0,10,512,512,1,10,1024,6,64,512,-1,1,0,-1,6,100,6,2,1562716,102,0,6,6,63.0,44.0,51.7
s2b-r03,1,B,512,s2b-r03-57,512,512,0,10,512,512,1,10,1024,6,64,512,-1,1,0,-1,6,105,6,2,1642989,105,0,6,6,50.0,44.0,51.7
s2b-r03,1,B,512,s2b-r03-58,512,512,0,10,512,512,1,10,1024,6,64,512,-1,1,0,-1,6,100,6,2,1564161,105,0,6,6,165.0,44.0,51.7
s2b-r03,1,B,512,s2b-r03-59,512,512,0,10,512,512,1,10,1024,6,64,512,-1,1,0,-1,6,98,6,2,1537276,105,0,6,6,46.0,44.0,51.7
s2b-r03,1,B,512,s2b-r03-60,512,512,0,10,512,512,1,10,1024,6,64,512,-1,1,0,-1,6,99,6,2,1560011,105,0,6,6,50.0,44.0,51.7
s2b-r03,1,B,512,s2b-r03-61,512,512,0,10,512,512,1,10,1024,6,64,512,-1,1,0,-1,6,97,6,2,1529042,97,0,6,6,146.0,44.0,51.7
s2b-r03,1,B,512,s2b-r03-62,512,512,0,10,512,512,1,10,1024,6,64,512,-1,1,0,-1,6,80,6,2,1258769,97,0,6,6,49.0,44.0,51.7
s2b-r03,1,B,512,s2b-r03-63,512,512,0,10,512,512,1,10,1024,6,64,512,-1,1,0,-1,6,99,6,2,1554146,99,0,6,6,122.0,44.0,51.7
s2b-r03,1,B,512,s2b-r03-64,512,512,0,10,512,512,1,10,1024,6,64,512,-1,1,0,-1,6,102,6,2,1602214,102,0,6,6,51.0,44.0,51.7
s2b-r03,1,B,512,s2b-r03-65,512,512,0,10,512,512,1,10,1024,6,64,512,-1,1,0,-1,6,99,6,2,1547337,99,0,6,6,143.0,44.0,51.7
s2b-r03,1,B,512,s2b-r03-66,512,512,0,10,512,512,1,10,1024,6,64,512,-1,1,0,-1,6,101,6,2,1583621,101,0,6,6,50.0,44.0,51.7
s2b-r03,1,B,512,s2b-r03-67,512,512,0,10,512,512,1,10,1024,6,64,512,-1,1,0,-1,6,100,6,2,1566979,99,0,6,6,190.0,44.0,51.7
s2b-r03,1,B,512,s2b-r03-68,512,512,0,10,512,512,1,10,1024,6,64,512,-1,1,0,-1,6,108,6,2,1700585,108,0,6,6,51.0,44.0,51.7
s2b-r03,1,B,512,s2b-r03-69,512,512,0,10,512,512,1,10,1024,6,64,512,-1,1,0,-1,6,81,6,2,1279693,71,0,6,6,149.0,44.0,51.7
s2b-r03,1,B,512,s2b-r03-70,512,512,0,10,512,512,1,10,1024,6,64,512,-1,1,0,-1,6,102,6,2,1595184,102,0,6,6,51.0,44.0,51.7
s2b-r03,1,B,512,s2b-r03-71,512,512,0,10,512,512,1,10,1024,6,64,512,-1,1,0,-1,6,99,6,2,1550665,99,0,6,6,152.0,44.0,51.7
s2b-r03,1,B,512,s2b-r03-72,512,512,0,10,512,512,1,10,1024,6,64,512,-1,1,0,-1,6,110,6,2,1719861,110,0,6,6,50.0,44.0,51.7
s2b-r03,1,B,512,s2b-r03-73,512,512,0,10,512,512,1,10,1024,6,64,512,-1,1,0,-1,6,100,6,2,1566314,100,0,6,6,268.0,44.0,51.7
s2b-r03,1,B,512,s2b-r03-74,512,512,0,10,512,512,1,10,1024,6,64,512,-1,1,0,-1,6,112,6,2,1764645,112,0,6,6,50.0,44.0,51.7
s2b-r03,1,B,512,s2b-r03-75,512,512,0,10,512,512,1,10,1024,0,16,512,0,0,0,-1,6,100,4,0,1562937,100,0,4,4,54.0,44.0,51.7
s2b-r03,1,B,512,s2b-r03-76,512,512,0,10,512,512,1,10,1024,6,128,512,6,1,0,-1,4,103,7,0,1624349,103,0,7,7,2081.0,44.0,51.7
s2b-r03,1,B,512,s2b-r03-77,512,512,0,10,512,512,1,10,1024,6,128,512,-1,1,0,-1,7,107,7,2,1672655,107,0,7,7,62.0,44.0,51.7
s2b-r03,1,B,512,s2b-r03-78,512,512,0,10,512,512,1,10,1024,6,128,512,-1,1,0,-1,7,93,7,2,1457942,107,0,7,7,195.0,44.0,51.7
s2b-r03,1,B,512,s2b-r03-79,512,512,0,10,512,512,1,10,1024,6,128,512,-1,1,0,-1,7,104,7,2,1626606,107,0,7,7,51.0,44.0,51.7
s2b-r03,1,B,512,s2b-r03-80,512,512,0,10,512,512,1,10,1024,6,128,512,-1,1,0,-1,7,100,7,2,1573842,107,0,7,7,153.0,44.0,51.7
s2b-r03,1,B,512,s2b-r03-81,512,512,0,10,512,512,1,10,1024,6,128,512,-1,1,0,-1,7,80,7,2,1259586,52,0,7,7,63.0,44.0,51.7
s2b-r03,1,B,512,s2b-r03-82,512,512,0,10,512,512,1,10,1024,6,128,512,-1,1,0,-1,7,97,7,2,1529761,97,0,7,7,262.0,44.0,51.7
s2b-r03,1,B,512,s2b-r03-83,512,512,0,10,512,512,1,10,1024,6,128,512,-1,1,0,-1,7,88,7,2,1375076,88,0,7,7,54.0,44.0,51.7
s2b-r03,1,B,512,s2b-r03-84,512,512,0,10,512,512,1,10,1024,6,128,512,-1,1,0,-1,7,101,7,2,1580716,101,0,7,7,175.0,44.0,51.7
s2b-r03,1,B,512,s2b-r03-85,512,512,0,10,512,512,1,10,1024,6,128,512,-1,1,0,-1,7,108,7,2,1687629,108,0,7,7,55.0,44.0,51.7
s2b-r03,1,B,512,s2b-r03-86,512,512,0,10,512,512,1,10,1024,6,128,512,-1,1,0,-1,7,98,7,2,1541463,101,0,7,7,154.0,44.0,51.7
s2b-r03,1,B,512,s2b-r03-87,512,512,0,10,512,512,1,10,1024,6,128,512,-1,1,0,-1,7,106,7,2,1669193,106,0,7,7,50.0,44.0,51.7
s2b-r03,1,B,512,s2b-r03-88,512,512,0,10,512,512,1,10,1024,6,128,512,-1,1,0,-1,7,102,7,2,1602385,101,0,7,7,124.0,44.0,51.7
s2b-r03,1,B,512,s2b-r03-89,512,512,0,10,512,512,1,10,1024,6,128,512,-1,1,0,-1,7,102,7,2,1605876,102,0,7,7,51.0,44.0,51.7
s2b-r03,1,B,512,s2b-r03-90,512,512,0,10,512,512,1,10,1024,6,128,512,-1,1,0,-1,7,81,7,2,1280070,102,0,7,7,176.0,44.0,51.7
s2b-r03,1,B,512,s2b-r03-91,512,512,0,10,512,512,1,10,1024,6,128,512,-1,1,0,-1,7,105,7,2,1651966,105,0,7,7,56.0,44.0,51.7
s2b-r03,1,B,512,s2b-r03-92,512,512,0,10,512,512,1,10,1024,6,128,512,-1,1,0,-1,7,100,7,2,1564556,102,0,7,7,200.0,44.0,51.7
s2b-r03,1,B,512,s2b-r03-93,512,512,0,10,512,512,1,10,1024,6,128,512,-1,1,0,-1,7,107,7,2,1672163,107,0,7,7,58.0,44.0,51.7
s2b-r03,1,B,512,s2b-r03-94,512,512,0,10,512,512,1,10,1024,6,128,512,-1,1,0,-1,7,98,7,2,1545249,107,0,7,7,130.0,44.0,51.7
s2b-r03,1,B,512,s2b-r03-95,512,512,0,10,512,512,1,10,1024,6,128,512,-1,1,0,-1,7,102,7,2,1606744,107,0,7,7,47.0,44.0,51.7
s2b-r03,1,B,512,s2b-r03-96,512,512,0,10,512,512,1,10,1024,6,128,512,-1,1,0,-1,7,81,7,2,1272333,107,0,7,7,143.0,44.0,51.7
s2b-r03,1,B,512,s2b-r03-97,512,512,0,10,512,512,1,10,1024,6,128,512,-1,1,0,-1,7,101,7,2,1588975,101,0,7,7,70.0,44.0,51.7
s2b-r03,1,B,512,s2b-r03-98,512,512,0,10,512,512,1,10,1024,6,128,512,-1,1,0,-1,7,100,7,2,1572402,101,0,7,7,126.0,44.0,51.7
s2b-r03,1,B,512,s2b-r03-99,512,512,0,10,512,512,1,10,1024,6,128,512,-1,1,0,-1,7,98,7,2,1545222,101,0,7,7,49.0,44.0,51.7
s2b-r03,1,B,512,s2b-r03-100,512,512,0,10,512,512,1,10,1024,6,128,512,-1,1,0,-1,7,97,7,2,1519589,101,0,7,7,48.0,44.0,51.7
s2b-r03,1,B,512,s2b-r03-101,512,512,0,10,512,512,1,10,1024,6,128,512,-1,1,0,-1,7,74,7,2,1163283,74,0,7,7,618.0,44.0,51.7
s2b-r03,1,B,512,s2b-r03-102,512,512,0,10,512,512,1,10,1024,6,128,512,-1,1,0,-1,7,124,7,2,1951396,124,0,7,7,51.0,44.0,51.7
s2b-r03,1,B,512,s2b-r03-103,512,512,0,10,512,512,1,10,1024,6,128,512,-1,1,0,-1,7,94,7,2,1469011,94,0,7,7,169.0,44.0,51.7
s2b-r03,1,B,512,s2b-r03-104,512,512,0,10,512,512,1,10,1024,6,128,512,-1,1,0,-1,7,102,7,2,1599019,102,0,7,7,55.0,44.0,51.7
s2b-r03,1,B,512,s2b-r03-105,512,512,0,10,512,512,1,10,1024,6,128,512,-1,1,0,-1,7,103,7,2,1624827,103,0,7,7,171.0,44.0,51.7
s2b-r03,1,B,512,s2b-r03-106,512,512,0,10,512,512,1,10,1024,6,128,512,-1,1,0,-1,7,81,7,2,1279096,102,0,7,7,51.0,44.0,51.7
s2b-r03,1,B,512,s2b-r03-107,512,512,0,10,512,512,1,10,1024,6,128,512,-1,1,0,-1,7,99,7,2,1557479,102,0,7,7,176.0,44.0,51.7
s2b-r03,1,B,512,s2b-r03-108,512,512,0,10,512,512,1,10,1024,6,128,512,-1,1,0,-1,7,105,7,2,1647798,105,0,7,7,55.0,44.0,51.7
s2b-r03,1,B,512,s2b-r03-109,512,512,0,10,512,512,1,10,1024,6,128,512,-1,1,0,-1,7,111,7,2,1741317,111,0,7,7,152.0,44.0,51.7
s2b-r03,1,B,512,s2b-r03-110,512,512,0,10,512,512,1,10,1024,6,128,512,-1,1,0,-1,7,103,7,2,1618393,105,0,7,7,49.0,44.0,51.7
s2b-r03,1,B,512,s2b-r03-111,512,512,0,10,512,512,1,10,1024,6,128,512,-1,1,0,-1,7,90,7,2,1421434,105,0,7,7,146.0,44.0,51.7
s2b-r03,1,B,512,s2b-r03-112,512,512,0,10,512,512,1,10,1024,6,128,512,-1,1,0,-1,7,101,7,2,1591433,101,0,7,7,54.0,44.0,51.7
s2b-r03,1,B,512,s2b-r03-113,512,512,0,10,512,512,1,10,1024,6,128,512,-1,1,0,-1,7,98,7,2,1533864,101,0,7,7,121.0,44.0,51.7
s2b-r03,1,B,512,s2b-r03-114,512,512,0,10,512,512,1,10,1024,6,128,512,-1,1,0,-1,7,106,7,2,1668009,106,0,7,7,48.0,44.0,51.7
s2b-r03,1,B,512,s2b-r03-115,512,512,0,10,512,512,1,10,1024,6,128,512,-1,1,0,-1,7,100,7,2,1562625,101,0,7,7,307.0,44.0,51.7
s2b-r03,1,B,512,s2b-r03-116,512,512,0,10,512,512,1,10,1024,6,128,512,-1,1,0,-1,7,109,7,2,1705156,109,0,7,7,54.0,44.0,51.7
s2b-r03,1,B,512,s2b-r03-117,512,512,0,10,512,512,1,10,1024,6,128,512,-1,1,0,-1,7,101,7,2,1578146,109,0,7,7,144.0,44.0,51.7
s2b-r03,1,B,512,s2b-r03-118,512,512,0,10,512,512,1,10,1024,6,128,512,-1,1,0,-1,7,103,7,2,1621099,109,0,7,7,52.0,44.0,51.7
s2b-r03,1,B,512,s2b-r03-119,512,512,0,10,512,512,1,10,1024,6,128,512,-1,1,0,-1,7,102,7,2,1605071,109,0,7,7,163.0,44.0,51.7
s2b-r03,1,B,512,s2b-r03-120,512,512,0,10,512,512,1,10,1024,6,128,512,-1,1,0,-1,7,106,7,2,1665337,109,0,7,7,71.0,44.0,51.7
s2b-r03,1,B,512,s2b-r03-121,512,512,0,10,512,512,1,10,1024,6,128,512,-1,1,0,-1,7,82,7,2,1285229,73,0,7,7,153.0,44.0,51.7
s2b-r03,1,B,512,s2b-r03-122,512,512,0,10,512,512,1,10,1024,6,128,512,-1,1,0,-1,7,105,7,2,1642729,105,0,7,7,52.0,44.0,51.7
s2b-r03,1,B,512,s2b-r03-123,512,512,0,10,512,512,1,10,1024,6,128,512,-1,1,0,-1,7,98,7,2,1543097,98,0,7,7,156.0,44.0,51.7
s2b-r03,1,B,512,s2b-r03-124,512,512,0,10,512,512,1,10,1024,6,128,512,-1,1,0,-1,7,104,7,2,1625580,104,0,7,7,50.0,44.0,51.7
s2b-r03,1,B,512,s2b-r03-125,512,512,0,10,512,512,1,10,1024,6,128,512,-1,1,0,-1,7,81,7,2,1278683,73,0,7,7,174.0,44.0,51.7
s2b-r03,1,B,512,s2b-r03-126,512,512,0,10,512,512,1,10,1024,6,128,512,-1,1,0,-1,7,104,7,2,1633975,104,0,7,7,49.0,44.0,51.7
s2b-r03,1,B,512,s2b-r03-127,512,512,0,10,512,512,1,10,1024,6,128,512,-1,1,0,-1,7,99,7,2,1558010,99,0,7,7,144.0,44.0,51.7
s2b-r03,1,B,512,s2b-r03-128,512,512,0,10,512,512,1,10,1024,6,128,512,-1,1,0,-1,7,98,7,2,1540227,98,0,7,7,51.0,44.0,51.7
s2b-r03,1,B,512,s2b-r03-129,512,512,0,10,512,512,1,10,1024,6,128,512,-1,1,0,-1,7,102,7,2,1598461,102,0,7,7,307.0,44.0,51.7
s2b-r03,1,B,512,s2b-r03-130,512,512,0,10,512,512,1,10,1024,6,128,512,-1,1,0,-1,7,113,7,2,1778384,113,0,7,7,50.0,44.0,51.7
s2b-r03,1,B,512,s2b-r03-131,512,512,0,10,512,512,1,10,1024,6,128,512,-1,1,0,-1,7,100,7,2,1563275,100,0,7,7,57.0,44.0,51.7
s2b-r03,1,B,512,s2b-r03-132,512,512,0,10,512,512,1,10,1024,6,128,512,-1,1,0,-1,7,103,7,2,1613915,101,0,7,7,49.0,44.0,51.7
s2b-r03,1,B,512,s2b-r03-133,512,512,0,10,512,512,1,10,1024,6,128,512,-1,1,0,-1,7,82,7,2,1294139,89,0,7,7,51.0,44.0,51.7
s2b-r03,1,B,512,s2b-r03-134,512,512,0,10,512,512,1,10,1024,6,128,512,-1,1,0,-1,7,98,7,2,1536180,98,0,7,7,153.0,44.0,51.7
s2b-r03,1,B,512,s2b-r03-135,512,512,0,10,512,512,1,10,1024,6,128,512,-1,1,0,-1,7,102,7,2,1603612,102,0,7,7,54.0,44.0,51.7
s2b-r03,1,B,512,s2b-r03-136,512,512,0,10,512,512,1,10,1024,6,128,512,-1,1,0,-1,7,62,7,2,975661,44,0,7,7,106.0,44.0,51.7
s2b-r03,1,B,512,s2b-r03-137,512,512,0,10,512,512,1,10,1024,6,128,512,-1,1,0,-1,7,102,7,2,1608157,102,0,7,7,53.0,44.0,51.7
s2b-r03,1,B,512,s2b-r03-138,512,512,0,10,512,512,1,10,1024,6,128,512,-1,1,0,-1,7,97,7,2,1529929,97,0,7,7,126.0,44.0,51.7
s2b-r03,1,B,512,s2b-r03-139,512,512,0,10,512,512,1,10,1024,0,1,512,0,0,0,-1,7,79,0,0,1236435,79,0,0,0,64.0,44.0,51.7
s2b-r03,1,B,512,s2b-r03-140,512,512,0,10,512,512,1,10,1024,0,32,512,-1,0,0,-1,5,159,5,2,2493880,159,0,5,5,17.0,44.0,51.7
s2b-r03,1,B,512,s2b-r03-141,512,512,0,10,512,512,1,10,1024,6,64,512,6,1,0,-1,5,92,6,0,1444002,92,0,6,6,65.0,44.0,51.7
s2b-r03,1,B,512,s2b-r03-142,512,512,0,10,512,512,1,10,1024,6,64,512,-1,1,0,-1,6,100,6,2,1575586,100,0,6,6,50.0,44.0,51.7
s2b-r03,1,B,512,s2b-r03-143,512,512,0,10,512,512,1,10,1024,0,2,512,0,0,0,-1,6,70,1,0,1103348,46,0,1,1,122.0,44.0,51.7
s2b-r03,1,B,512,s2b-r03-144,512,512,0,10,512,512,1,10,1024,0,16,512,0,0,0,-1,1,152,4,0,2379331,152,0,4,4,28.0,44.0,51.7
s2b-r03,1,B,512,s2b-r03-145,512,512,0,10,512,512,1,10,1024,6,128,512,7,1,0,-1,4,87,7,0,1374813,87,0,7,7,84.0,44.0,51.7
s2b-r03,1,B,512,s2b-r03-146,512,512,0,10,512,512,1,10,1024,6,128,512,-1,1,0,-1,7,98,7,2,1539545,98,0,7,7,25.0,44.0,51.7
s2b-r03,1,B,512,s2b-r03-147,512,512,0,10,512,512,1,10,1024,6,128,512,-1,1,0,-1,7,99,7,2,1555015,98,0,7,7,56.0,44.0,51.7
s2b-r03,1,B,512,s2b-r03-148,512,512,0,10,512,512,1,10,1024,6,128,512,-1,1,0,-1,7,100,7,2,1563472,100,0,7,7,163.0,44.0,51.7
s2b-r03,1,B,512,s2b-r03-149,512,512,0,10,512,512,1,10,1024,6,128,512,-1,1,0,-1,7,97,7,2,1528380,98,0,7,7,46.0,44.0,51.7
s2b-r03,1,B,512,s2b-r03-150,512,512,0,10,512,512,1,10,1024,6,64,512,6,1,0,-1,7,100,6,0,1563887,100,0,6,6,225.0,44.0,51.7
s2b-r03,1,B,512,s2b-r03-151,512,512,0,10,512,512,1,10,1024,6,64,512,-1,1,0,-1,6,105,6,2,1647246,105,0,6,6,52.0,44.0,51.7
s2b-r03,1,B,512,s2b-r03-152,512,512,0,10,512,512,1,10,1024,6,64,512,-1,1,0,-1,6,99,6,2,1550432,105,0,6,6,145.0,44.0,51.7
s2b-r03,1,B,512,s2b-r03-153,512,512,0,10,512,512,1,10,1024,6,64,512,-1,1,0,-1,6,102,6,2,1606141,105,0,6,6,54.0,44.0,51.7
s2b-r03,1,B,512,s2b-r03-154,512,512,0,10,512,512,1,10,1024,6,64,512,-1,1,0,-1,6,104,6,2,1636226,105,0,6,6,202.0,44.0,51.7
s2b-r03,1,B,512,s2b-r03-155,512,512,0,10,512,512,1,10,1024,6,64,512,-1,1,0,-1,6,109,6,2,1703136,109,0,6,6,53.0,44.0,51.7
s2b-r03,1,B,512,s2b-r03-156,512,512,0,10,512,512,1,10,1024,6,64,512,-1,1,0,-1,6,83,6,2,1311581,76,0,6,6,69.0,44.0,51.7
s2b-r03,1,B,512,s2b-r03-157,512,512,0,10,512,512,1,10,1024,6,64,512,-1,1,0,-1,6,101,6,2,1592395,101,0,6,6,50.0,44.0,51.7
s2b-r03,1,B,512,s2b-r03-158,512,512,0,10,512,512,1,10,1024,6,64,512,-1,1,0,-1,6,74,6,2,1168244,74,0,6,6,167.0,44.0,51.7
s2b-r03,1,B,512,s2b-r03-159,512,512,0,10,512,512,1,10,1024,6,64,512,-1,1,0,-1,6,106,6,2,1663114,106,0,6,6,52.0,44.0,51.7
s2b-r03,1,B,512,s2b-r03-160,512,512,0,10,512,512,1,10,1024,6,64,512,-1,1,0,-1,6,92,6,2,1446149,106,0,6,6,55.0,44.0,51.7
s2b-r03,1,B,512,s2b-r03-161,512,512,0,10,512,512,1,10,1024,6,64,512,-1,1,0,-1,6,105,6,2,1646571,106,0,6,6,49.0,44.0,51.7
s2b-r03,1,B,512,s2b-r03-162,512,512,0,10,512,512,1,10,1024,6,64,512,-1,1,0,-1,6,76,6,2,1192095,76,0,6,6,149.0,44.0,51.7
s2b-r03,1,B,512,s2b-r03-163,512,512,0,10,512,512,1,10,1024,6,64,512,-1,1,0,-1,6,103,6,2,1623605,103,0,6,6,50.0,44.0,51.7
s2b-r03,1,B,512,s2b-r03-164,512,512,0,10,512,512,1,10,1024,6,64,512,-1,1,0,-1,6,79,6,2,1245878,79,0,6,6,147.0,44.0,51.7
s2b-r03,1,B,512,s2b-r03-165,512,512,0,10,512,512,1,10,1024,6,64,512,-1,1,0,-1,6,105,6,2,1646782,105,0,6,6,49.0,44.0,51.7
s2b-r03,1,B,512,s2b-r03-166,512,512,0,10,512,512,1,10,1024,6,64,512,-1,1,0,-1,6,86,6,2,1358801,86,0,6,6,176.0,44.0,51.7
s2b-r03,1,B,512,s2b-r03-167,512,512,0,10,512,512,1,10,1024,6,64,512,-1,1,0,-1,6,102,6,2,1608741,102,0,6,6,60.0,44.0,51.7
s2b-r03,1,B,512,s2b-r03-168,512,512,0,10,512,512,1,10,1024,6,128,512,7,1,0,-1,6,102,7,0,1597667,102,0,7,7,337.0,44.0,51.7
s2b-r03,1,B,512,s2b-r03-169,512,512,0,10,512,512,1,10,1024,6,128,512,-1,1,0,-1,7,82,7,2,1288366,74,0,7,7,57.0,44.0,51.7
s2b-r03,1,B,512,s2b-r03-170,512,512,0,10,512,512,1,10,1024,6,128,512,-1,1,0,-1,7,102,7,2,1606043,102,0,7,7,145.0,44.0,51.7
s2b-r03,1,B,512,s2b-r03-171,512,512,0,10,512,512,1,10,1024,6,128,512,-1,1,0,-1,7,107,7,2,1683867,107,0,7,7,47.0,44.0,51.7
s2b-r03,1,B,512,s2b-r03-172,512,512,0,10,512,512,1,10,1024,6,128,512,-1,1,0,-1,7,97,7,2,1523146,97,0,7,7,145.0,44.0,51.7
s2b-r03,1,B,512,s2b-r03-173,512,512,0,10,512,512,1,10,1024,6,128,512,-1,1,0,-1,7,101,7,2,1591623,101,0,7,7,55.0,44.0,51.7
s2b-r03,1,B,512,s2b-r03-174,512,512,0,10,512,512,1,10,1024,6,128,512,-1,1,0,-1,7,103,7,2,1613856,103,0,7,7,172.0,44.0,51.7
s2b-r03,1,B,512,s2b-r03-175,512,512,0,10,512,512,1,10,1024,6,128,512,-1,1,0,-1,7,107,7,2,1681441,107,0,7,7,56.0,44.0,51.7
s2b-r03,1,B,512,s2b-r03-176,512,512,0,10,512,512,1,10,1024,6,128,512,-1,1,0,-1,7,82,7,2,1294761,103,0,7,7,149.0,44.0,51.7
s2b-r03,1,B,512,s2b-r03-177,512,512,0,10,512,512,1,10,1024,6,128,512,-1,1,0,-1,7,103,7,2,1618270,103,0,7,7,54.0,44.0,51.7
s2b-r03,1,B,512,s2b-r03-178,512,512,0,10,512,512,1,10,1024,6,128,512,-1,1,0,-1,7,100,7,2,1565550,100,0,7,7,248.0,44.0,51.7
s2b-r03,1,B,512,s2b-r03-179,512,512,0,10,512,512,1,10,1024,6,128,512,-1,1,0,-1,7,109,7,2,1712583,109,0,7,7,57.0,44.0,51.7
s2b-r03,1,B,512,s2b-r03-180,512,512,0,10,512,512,1,10,1024,6,128,512,-1,1,0,-1,7,100,7,2,1571831,100,0,7,7,151.0,44.0,51.7
s2b-r03,1,B,512,s2b-r03-181,512,512,0,10,512,512,1,10,1024,6,128,512,-1,1,0,-1,7,104,7,2,1629747,104,0,7,7,54.0,44.0,51.7
s2b-r03,1,B,512,s2b-r03-182,512,512,0,10,512,512,1,10,1024,6,128,512,-1,1,0,-1,7,103,7,2,1618329,103,0,7,7,143.0,44.0,51.7
s2b-r03,1,B,512,s2b-r03-183,512,512,0,10,512,512,1,10,1024,6,128,512,-1,1,0,-1,7,104,7,2,1629012,103,0,7,7,49.0,44.0,51.7
s2b-r03,1,B,512,s2b-r03-184,512,512,0,10,512,512,1,10,1024,6,128,512,-1,1,0,-1,7,81,7,2,1278863,103,0,7,7,121.0,44.0,51.7
s2b-r03,1,B,512,s2b-r03-185,512,512,0,10,512,512,1,10,1024,6,128,512,-1,1,0,-1,7,101,7,2,1583495,103,0,7,7,48.0,44.0,51.7
s2b-r03,1,B,512,s2b-r03-186,512,512,0,10,512,512,1,10,1024,6,128,512,-1,1,0,-1,7,98,7,2,1543241,103,0,7,7,145.0,44.0,51.7
s2b-r03,1,B,512,s2b-r03-187,512,512,0,10,512,512,1,10,1024,6,128,512,-1,1,0,-1,7,78,7,2,1221404,78,0,7,7,52.0,44.0,51.7
s2b-r03,1,B,512,s2b-r03-188,512,512,0,10,512,512,1,10,1024,6,128,512,-1,1,0,-1,7,100,7,2,1576289,100,0,7,7,149.0,44.0,51.7
s2b-r03,1,B,512,s2b-r03-189,512,512,0,10,512,512,1,10,1024,6,128,512,-1,1,0,-1,7,87,7,2,1363740,87,0,7,7,71.0,44.0,51.7
s2b-r03,1,B,512,s2b-r03-190,512,512,0,10,512,512,1,10,1024,6,128,512,-1,1,0,-1,7,105,7,2,1652754,105,0,7,7,54.0,44.0,51.7
s2b-r03,1,B,512,s2b-r03-191,512,512,0,10,512,512,1,10,1024,0,8,512,1,0,0,-1,7,79,3,0,1246711,105,0,3,3,105.0,44.0,51.7
s2b-r03,1,B,512,s2b-r03-192,512,512,0,10,512,512,1,10,1024,6,128,512,6,1,0,-1,3,155,7,0,2424424,155,0,7,7,2138.0,44.0,51.7
s2b-r03,1,B,512,s2b-r03-193,512,512,0,10,512,512,1,10,1024,6,128,512,-1,1,0,-1,7,116,7,2,1817332,116,0,7,7,67.0,44.0,51.7
s2b-r03,1,B,512,s2b-r03-194,512,512,0,10,512,512,1,10,1024,6,128,512,-1,1,0,-1,7,98,7,2,1540088,116,0,7,7,214.0,44.0,51.7
s2b-r03,1,B,512,s2b-r03-195,512,512,0,10,512,512,1,10,1024,6,128,512,-1,1,0,-1,7,107,7,2,1683427,116,0,7,7,54.0,44.0,51.7
s2b-r03,1,B,512,s2b-r03-196,512,512,0,10,512,512,1,10,1024,6,128,512,-1,1,0,-1,7,104,7,2,1625652,116,0,7,7,178.0,44.0,51.7
s2b-r03,1,B,512,s2b-r03-197,512,512,0,10,512,512,1,10,1024,6,128,512,-1,1,0,-1,7,107,7,2,1680322,116,0,7,7,51.0,44.0,51.7
s2b-r03,1,B,512,s2b-r03-198,512,512,0,10,512,512,1,10,1024,6,128,512,-1,1,0,-1,7,83,7,2,1304568,71,0,7,7,108.0,44.0,51.7
s2b-r03,1,B,512,s2b-r03-199,512,512,0,10,512,512,1,10,1024,6,128,512,-1,1,0,-1,7,105,7,2,1653174,105,0,7,7,65.0,44.0,51.7
s2b-r03,1,B,512,s2b-r03-200,512,512,0,10,512,512,1,10,1024,6,128,512,-1,1,0,-1,7,82,7,2,1289901,82,0,7,7,178.0,44.0,51.7
s2b-r03,1,B,512,s2b-r03-201,512,512,0,10,512,512,1,10,1024,6,128,512,-1,1,0,-1,7,115,7,2,1810025,115,0,7,7,56.0,44.0,51.7
s2b-r03,1,B,512,s2b-r03-202,512,512,0,10,512,512,1,10,1024,6,128,512,-1,1,0,-1,7,100,7,2,1568996,115,0,7,7,172.0,44.0,51.7
s2b-r03,1,B,512,s2b-r03-203,512,512,0,10,512,512,1,10,1024,6,128,512,-1,1,0,-1,7,103,7,2,1613591,115,0,7,7,52.0,44.0,51.7
s2b-r03,1,B,512,s2b-r03-204,512,512,0,10,512,512,1,10,1024,6,128,512,-1,1,0,-1,7,99,7,2,1557233,115,0,7,7,127.0,44.0,51.7
s2b-r03,1,B,512,s2b-r03-205,512,512,0,10,512,512,1,10,1024,6,128,512,-1,1,0,-1,7,104,7,2,1629601,104,0,7,7,50.0,44.0,51.7
s2b-r03,1,B,512,s2b-r03-206,512,512,0,10,512,512,1,10,1024,6,128,512,-1,1,0,-1,7,101,7,2,1588885,104,0,7,7,152.0,44.0,51.7
s2b-r03,1,B,512,s2b-r03-207,512,512,0,10,512,512,1,10,1024,6,128,512,-1,1,0,-1,7,98,7,2,1535114,104,0,7,7,54.0,44.0,51.7
s2b-r03,1,B,512,s2b-r03-208,512,512,0,10,512,512,1,10,1024,6,128,512,-1,1,0,-1,7,99,7,2,1550514,104,0,7,7,174.0,44.0,51.7
s2b-r03,1,B,512,s2b-r03-209,512,512,0,10,512,512,1,10,1024,6,128,512,-1,1,0,-1,7,103,7,2,1613346,103,0,7,7,56.0,44.0,51.7
s2b-r03,1,B,512,s2b-r03-210,512,512,0,10,512,512,1,10,1024,6,128,512,-1,1,0,-1,7,99,7,2,1547925,103,0,7,7,156.0,44.0,51.7
s2b-r03,1,B,512,s2b-r03-211,512,512,0,10,512,512,1,10,1024,6,128,512,-1,1,0,-1,7,107,7,2,1678582,107,0,7,7,55.0,44.0,51.7
s2b-r03,1,B,512,s2b-r03-212,512,512,0,10,512,512,1,10,1024,6,128,512,-1,1,0,-1,7,83,7,2,1304335,103,0,7,7,395.0,44.0,51.7
s2b-r03,1,B,512,s2b-r03-213,512,512,0,10,512,512,1,10,1024,6,128,512,-1,1,0,-1,7,115,7,2,1804061,115,0,7,7,53.0,44.0,51.7
s2b-r03,1,B,512,s2b-r03-214,512,512,0,10,512,512,1,10,1024,6,128,512,-1,1,0,-1,7,99,7,2,1552086,115,0,7,7,150.0,44.0,51.7
s2b-r03,1,B,512,s2b-r03-215,512,512,0,10,512,512,1,10,1024,6,128,512,-1,1,0,-1,7,90,7,2,1417461,115,0,7,7,58.0,44.0,51.7
s2b-r03,1,B,512,s2b-r03-216,512,512,0,10,512,512,1,10,1024,6,128,512,-1,1,0,-1,7,103,7,2,1609691,115,0,7,7,178.0,44.0,51.7
s2b-r03,1,B,512,s2b-r03-217,512,512,0,10,512,512,1,10,1024,6,128,512,-1,1,0,-1,7,102,7,2,1608233,102,0,7,7,48.0,44.0,51.7
s2b-r03,1,B,512,s2b-r03-218,512,512,0,10,512,512,1,10,1024,6,128,512,-1,1,0,-1,7,98,7,2,1538495,102,0,7,7,152.0,44.0,51.7
s2b-r03,1,B,512,s2b-r03-219,512,512,0,10,512,512,1,10,1024,6,128,512,-1,1,0,-1,7,103,7,2,1615760,103,0,7,7,50.0,44.0,51.7
s2b-r03,1,B,512,s2b-r03-220,512,512,0,10,512,512,1,10,1024,6,128,512,-1,1,0,-1,7,80,7,2,1262276,102,0,7,7,55.0,44.0,51.7
s2b-r03,1,B,512,s2b-r03-221,512,512,0,10,512,512,1,10,1024,6,128,512,-1,1,0,-1,7,102,7,2,1597489,102,0,7,7,334.0,44.0,51.7
s2b-r03,1,B,512,s2b-r03-222,512,512,0,10,512,512,1,10,1024,6,128,512,-1,1,0,-1,7,118,7,2,1859017,118,0,7,7,54.0,44.0,51.7
s2b-r03,1,B,512,s2b-r03-223,512,512,0,10,512,512,1,10,1024,6,128,512,-1,1,0,-1,7,101,7,2,1585607,102,0,7,7,201.0,44.0,51.7
s2b-r03,1,B,512,s2b-r03-224,512,512,0,10,512,512,1,10,1024,6,128,512,-1,1,0,-1,7,109,7,2,1713553,109,0,7,7,50.0,44.0,51.7
s2b-r03,1,B,512,s2b-r03-225,512,512,0,10,512,512,1,10,1024,6,128,512,-1,1,0,-1,7,106,7,2,1659433,102,0,7,7,92.0,44.0,51.7
s2b-r03,1,B,512,s2b-r03-226,512,512,0,10,512,512,1,10,1024,6,128,512,-1,1,0,-1,7,107,7,2,1678922,107,0,7,7,55.0,44.0,51.7
s2b-r03,1,B,512,s2b-r03-227,512,512,0,10,512,512,1,10,1024,6,128,512,-1,1,0,-1,7,104,7,2,1625497,107,0,7,7,176.0,44.0,51.7
s2b-r03,1,B,512,s2b-r03-228,512,512,0,10,512,512,1,10,1024,6,128,512,-1,1,0,-1,7,116,7,2,1813714,116,0,7,7,48.0,44.0,51.7
s2b-r03,1,B,512,s2b-r03-229,512,512,0,10,512,512,1,10,1024,6,128,512,-1,1,0,-1,7,104,7,2,1636792,107,0,7,7,152.0,44.0,51.7
s2b-r03,1,B,512,s2b-r03-230,512,512,0,10,512,512,1,10,1024,6,128,512,-1,1,0,-1,7,105,7,2,1646258,107,0,7,7,56.0,44.0,51.7
s2b-r03,1,B,512,s2b-r03-231,512,512,0,10,512,512,1,10,1024,6,128,512,-1,1,0,-1,7,104,7,2,1630228,104,0,7,7,182.0,44.0,51.7
s2b-r03,1,B,512,s2b-r03-232,512,512,0,10,512,512,1,10,1024,6,128,512,-1,1,0,-1,7,104,7,2,1631792,104,0,7,7,51.0,44.0,51.7
s2b-r03,1,B,512,s2b-r03-233,512,512,0,10,512,512,1,10,1024,6,128,512,-1,1,0,-1,7,98,7,2,1542950,98,0,7,7,242.0,44.0,51.7
s2b-r03,1,B,512,s2b-r03-234,512,512,0,10,512,512,1,10,1024,6,128,512,-1,1,0,-1,7,82,7,2,1290405,52,0,7,7,52.0,44.0,51.7
s2b-r03,1,B,512,s2b-r03-235,512,512,0,10,512,512,1,10,1024,6,128,512,-1,1,0,-1,7,99,7,2,1559913,99,0,7,7,74.0,44.0,51.7
s2b-r03,1,B,512,s2b-r03-236,512,512,0,10,512,512,1,10,1024,6,128,512,-1,1,0,-1,7,102,7,2,1603448,102,0,7,7,50.0,44.0,51.7
s2b-r03,1,B,512,s2b-r03-237,512,512,0,10,512,512,1,10,1024,6,128,512,-1,1,0,-1,7,70,7,2,1103643,52,0,7,7,134.0,44.0,51.7
s2b-r03,1,B,512,s2b-r03-238,512,512,0,10,512,512,1,10,1024,6,128,512,-1,1,0,-1,7,101,7,2,1590305,101,0,7,7,51.0,44.0,51.7
s2b-r03,1,B,512,s2b-r03-239,512,512,0,10,512,512,1,10,1024,6,128,512,-1,1,0,-1,7,97,7,2,1523072,101,0,7,7,189.0,44.0,51.7
s2b-r03,1,B,512,s2b-r03-240,512,512,0,10,512,512,1,10,1024,6,128,512,-1,1,0,-1,7,89,7,2,1392509,101,0,7,7,51.0,44.0,51.7
s2b-r03,1,B,512,s2b-r03-241,512,512,0,10,512,512,1,10,1024,6,128,512,-1,1,0,-1,7,108,7,2,1702885,108,0,7,7,146.0,44.0,51.7
s2b-r03,1,B,512,s2b-r03-242,512,512,0,10,512,512,1,10,1024,6,128,512,-1,1,0,-1,7,103,7,2,1620552,103,0,7,7,48.0,44.0,51.7
s2b-r03,1,B,512,s2b-r03-243,512,512,0,10,512,512,1,10,1024,6,128,512,-1,1,0,-1,7,80,7,2,1251945,103,0,7,7,116.0,44.0,51.7
s2b-r03,1,B,512,s2b-r03-244,512,512,0,10,512,512,1,10,1024,6,128,512,-1,1,0,-1,7,100,7,2,1577219,103,0,7,7,51.0,44.0,51.7
s2b-r03,1,B,512,s2b-r03-245,512,512,0,10,512,512,1,10,1024,6,128,512,-1,1,0,-1,7,99,7,2,1547259,103,0,7,7,459.0,44.0,51.7
s2b-r03,1,B,512,s2b-r03-246,512,512,0,10,512,512,1,10,1024,6,128,512,-1,1,0,-1,7,107,7,2,1682999,107,0,7,7,53.0,44.0,51.7
s2b-r03,1,B,512,s2b-r03-247,512,512,0,10,512,512,1,10,1024,6,128,512,-1,1,0,-1,7,102,7,2,1605047,102,0,7,7,63.0,44.0,51.7
s2b-r03,1,B,512,s2b-r03-248,512,512,0,10,512,512,1,10,1024,6,128,512,-1,1,0,-1,7,90,7,2,1415472,90,0,7,7,49.0,44.0,51.7
s2b-r03,1,B,512,s2b-r03-249,512,512,0,10,512,512,1,10,1024,6,128,512,-1,1,0,-1,7,98,7,2,1546015,98,0,7,7,50.0,44.0,51.7
s2b-r03,1,B,512,s2b-r03-250,512,512,0,10,512,512,1,10,1024,6,128,512,-1,1,0,-1,7,97,7,2,1525755,98,0,7,7,144.0,44.0,51.7
s2b-r03,1,B,512,s2b-r03-251,512,512,0,10,512,512,1,10,1024,6,128,512,-1,1,0,-1,7,78,7,2,1233819,98,0,7,7,54.0,44.0,51.7
s2b-r03,1,B,512,s2b-r03-252,512,512,0,10,512,512,1,10,1024,6,128,512,-1,1,0,-1,7,98,7,2,1546445,98,0,7,7,51.0,44.0,51.7
s2b-r03,1,B,512,s2b-r03-253,512,512,0,10,512,512,1,10,1024,0,1,512,0,0,0,-1,7,97,0,0,1526162,97,0,0,0,115.0,44.0,51.7
s2b-r03,1,B,512,s2b-r03-254,512,512,0,10,512,512,1,10,1024,0,32,512,1,0,0,-1,0,87,5,0,1364642,97,0,5,5,37.0,44.0,51.7
s2b-r03,1,B,512,s2b-r03-255,512,512,0,10,512,512,1,10,1024,0,32,512,5,0,0,-1,5,148,5,0,2323659,148,0,5,5,794.0,44.0,51.7
s2b-r03,1,B,512,s2b-r03-256,512,512,0,10,512,512,1,10,1024,0,32,512,-1,0,0,-1,5,185,5,2,2903793,185,0,5,5,30.0,44.0,51.7
s2b-r03,1,B,512,s2b-r03-257,512,512,0,10,512,512,1,10,1024,6,64,512,6,1,0,-1,5,98,6,0,1544285,6,0,6,6,103.0,44.0,51.7
s2b-r03,1,B,512,s2b-r03-258,512,512,0,10,512,512,1,10,1024,6,64,512,-1,1,0,-1,6,103,6,2,1623748,103,0,6,6,20.0,44.0,51.7
s2b-r03,1,B,512,s2b-r03-259,512,512,0,10,512,512,1,10,1024,0,4,512,1,0,0,-1,6,107,2,0,1685394,103,0,2,2,49.0,44.0,51.7
s2b-r03,1,B,512,s2b-r03-260,512,512,0,10,512,512,1,10,1024,6,128,512,7,1,0,-1,2,150,7,0,2355773,150,0,7,7,83.0,44.0,51.7
s2b-r03,1,B,512,s2b-r03-261,512,512,0,10,512,512,1,10,1024,6,128,512,-1,1,0,-1,7,99,7,2,1558830,99,0,7,7,18.0,44.0,51.7
s2b-r03,1,B,512,s2b-r03-262,512,512,0,10,512,512,1,10,1024,6,128,512,-1,1,0,-1,7,90,7,2,1412217,99,0,7,7,123.0,44.0,51.7
s2b-r03,1,B,512,s2b-r03-263,512,512,0,10,512,512,1,10,1024,6,128,512,-1,1,0,-1,7,102,7,2,1603288,102,0,7,7,49.0,44.0,51.7
s2b-r03,1,B,512,s2b-r03-264,512,512,0,10,512,512,1,10,1024,6,128,512,-1,1,0,-1,7,81,7,2,1270539,81,0,7,7,122.0,44.0,51.7
s2b-r03,1,B,512,s2b-r03-265,512,512,0,10,512,512,1,10,1024,6,128,512,-1,1,0,-1,7,102,7,2,1594968,102,0,7,7,49.0,44.0,51.7
s2b-r03,1,B,512,s2b-r03-266,512,512,0,10,512,512,1,10,1024,6,128,512,-1,1,0,-1,7,84,7,2,1325766,84,0,7,7,111.0,44.0,51.7
s2b-r03,1,B,512,s2b-r03-267,512,512,0,10,512,512,1,10,1024,6,128,512,-1,1,0,-1,7,103,7,2,1615742,103,0,7,7,17.0,44.0,51.7
s2b-r03,1,B,512,s2b-r03-268,512,512,0,10,512,512,1,10,1024,6,128,512,-1,1,0,-1,7,98,7,2,1534863,103,0,7,7,20.0,44.0,51.7
s2b-r03,1,B,512,s2b-r03-269,512,512,0,10,512,512,1,10,1024,6,128,512,7,1,0,-1,7,98,7,0,1534093,103,0,7,6,160.0,44.0,51.7
s2b-r03,1,B,512,s2b-r03-270,512,512,0,10,512,512,1,10,1024,6,64,512,-1,1,0,-1,6,104,6,2,1639051,104,0,6,6,46.0,44.0,51.7
s2b-r03,1,B,512,s2b-r03-271,512,512,0,10,512,512,1,10,1024,6,64,512,-1,1,0,-1,6,100,6,2,1570120,100,0,6,6,268.0,44.0,51.7
s2b-r03,1,B,512,s2b-r03-272,512,512,0,10,512,512,1,10,1024,0,1,512,0,0,0,-1,6,111,0,0,1746668,111,0,0,0,61.0,44.0,51.7
s2b-r03,1,B,512,s2b-r03-273,512,512,0,10,512,512,1,10,1024,6,128,512,6,1,0,-1,0,156,7,0,2451707,156,0,7,7,2146.0,44.0,51.7
s2b-r03,1,B,512,s2b-r03-274,512,512,0,10,512,512,1,10,1024,6,128,512,-1,1,0,-1,7,113,7,2,1769818,113,0,7,7,68.0,44.0,51.7
s2b-r03,1,B,512,s2b-r03-275,512,512,0,10,512,512,1,10,1024,6,128,512,-1,1,0,-1,7,105,7,2,1649758,105,0,7,7,197.0,44.0,51.7
s2b-r03,1,B,512,s2b-r03-276,512,512,0,10,512,512,1,10,1024,6,128,512,-1,1,0,-1,7,105,7,2,1647756,105,0,7,7,51.0,44.0,51.7
s2b-r03,1,B,512,s2b-r03-277,512,512,0,10,512,512,1,10,1024,6,128,512,-1,1,0,-1,7,84,7,2,1324481,105,0,7,7,154.0,44.0,51.7
s2b-r03,1,B,512,s2b-r03-278,512,512,0,10,512,512,1,10,1024,6,128,512,-1,1,0,-1,7,104,7,2,1636329,105,0,7,7,56.0,44.0,51.7
s2b-r03,1,B,512,s2b-r03-279,512,512,0,10,512,512,1,10,1024,6,128,512,-1,1,0,-1,7,87,7,2,1366128,87,0,7,7,193.0,44.0,51.7
s2b-r03,1,B,512,s2b-r03-280,512,512,0,10,512,512,1,10,1024,6,128,512,-1,1,0,-1,7,106,7,2,1658713,106,0,7,7,48.0,44.0,51.7
s2b-r03,1,B,512,s2b-r03-281,512,512,0,10,512,512,1,10,1024,6,128,512,-1,1,0,-1,7,88,7,2,1381369,88,0,7,7,174.0,44.0,51.7
s2b-r03,1,B,512,s2b-r03-282,512,512,0,10,512,512,1,10,1024,6,128,512,-1,1,0,-1,7,108,7,2,1687916,108,0,7,7,52.0,44.0,51.7
s2b-r03,1,B,512,s2b-r03-283,512,512,0,10,512,512,1,10,1024,6,128,512,-1,1,0,-1,7,99,7,2,1556711,108,0,7,7,169.0,44.0,51.7
s2b-r03,1,B,512,s2b-r03-284,512,512,0,10,512,512,1,10,1024,6,128,512,-1,1,0,-1,7,83,7,2,1301650,108,0,7,7,49.0,44.0,51.7
s2b-r03,1,B,512,s2b-r03-285,512,512,0,10,512,512,1,10,1024,6,128,512,-1,1,0,-1,7,98,7,2,1531616,108,0,7,7,130.0,44.0,51.7
s2b-r03,1,B,512,s2b-r03-286,512,512,0,10,512,512,1,10,1024,6,128,512,-1,1,0,-1,7,101,7,2,1592147,101,0,7,7,54.0,44.0,51.7
s2b-r03,1,B,512,s2b-r03-287,512,512,0,10,512,512,1,10,1024,6,128,512,-1,1,0,-1,7,76,7,2,1202867,101,0,7,7,176.0,44.0,51.7
s2b-r03,1,B,512,s2b-r03-288,512,512,0,10,512,512,1,10,1024,6,128,512,-1,1,0,-1,7,102,7,2,1605962,102,0,7,7,64.0,44.0,51.7
s2b-r03,1,B,512,s2b-r03-289,512,512,0,10,512,512,1,10,1024,6,128,512,-1,1,0,-1,7,102,7,2,1601386,102,0,7,7,173.0,44.0,51.7
s2b-r03,1,B,512,s2b-r03-290,512,512,0,10,512,512,1,10,1024,6,128,512,-1,1,0,-1,7,94,7,2,1472672,94,0,7,7,53.0,44.0,51.7
s2b-r03,1,B,512,s2b-r03-291,512,512,0,10,512,512,1,10,1024,6,128,512,-1,1,0,-1,7,106,7,2,1670372,106,0,7,7,177.0,44.0,51.7
s2b-r03,1,B,512,s2b-r03-292,512,512,0,10,512,512,1,10,1024,0,32,512,5,0,0,-1,7,100,5,0,1575313,100,0,5,5,53.0,44.0,51.7
s2b-r03,1,B,512,s2b-r03-293,512,512,0,10,512,512,1,10,1024,6,128,512,6,1,0,-1,0,165,7,0,2589386,165,0,7,7,2072.0,44.0,51.7
s2b-r03,1,B,512,s2b-r03-294,512,512,0,10,512,512,1,10,1024,6,128,512,-1,1,0,-1,7,107,7,2,1684551,107,0,7,7,59.0,44.0,51.7
s2b-r03,1,B,512,s2b-r03-295,512,512,0,10,512,512,1,10,1024,6,128,512,-1,1,0,-1,7,97,7,2,1523291,97,0,7,7,151.0,44.0,51.7
s2b-r03,1,B,512,s2b-r03-296,512,512,0,10,512,512,1,10,1024,6,128,512,-1,1,0,-1,7,101,7,2,1586172,101,0,7,7,52.0,44.0,51.7
s2b-r03,1,B,512,s2b-r03-297,512,512,0,10,512,512,1,10,1024,6,128,512,-1,1,0,-1,7,100,7,2,1571294,100,0,7,7,144.0,44.0,51.7
s2b-r03,1,B,512,s2b-r03-298,512,512,0,10,512,512,1,10,1024,6,128,512,-1,1,0,-1,7,105,7,2,1644722,105,0,7,7,55.0,44.0,51.7
s2b-r03,1,B,512,s2b-r03-299,512,512,0,10,512,512,1,10,1024,6,128,512,-1,1,0,-1,7,82,7,2,1285203,100,0,7,7,150.0,44.0,51.7
s2b-r03,1,B,512,s2b-r03-300,512,512,0,10,512,512,1,10,1024,6,128,512,-1,1,0,-1,7,106,7,2,1657517,106,0,7,7,53.0,44.0,51.7
s2b-r03,1,B,512,s2b-r03-301,512,512,0,10,512,512,1,10,1024,6,128,512,-1,1,0,-1,7,95,7,2,1495286,95,0,7,7,57.0,44.0,51.7
s2b-r03,1,B,512,s2b-r03-302,512,512,0,10,512,512,1,10,1024,6,128,512,-1,1,0,-1,7,104,7,2,1629314,104,0,7,7,52.0,44.0,51.7
s2b-r03,1,B,512,s2b-r03-303,512,512,0,10,512,512,1,10,1024,6,128,512,-1,1,0,-1,7,82,7,2,1292024,82,0,7,7,173.0,44.0,51.7
s2b-r03,1,B,512,s2b-r03-304,512,512,0,10,512,512,1,10,1024,6,128,512,-1,1,0,-1,7,115,7,2,1802482,115,0,7,7,55.0,44.0,51.7
s2b-r03,1,B,512,s2b-r03-305,512,512,0,10,512,512,1,10,1024,6,128,512,-1,1,0,-1,7,95,7,2,1493070,115,0,7,7,152.0,44.0,51.7
s2b-r03,1,B,512,s2b-r03-306,512,512,0,10,512,512,1,10,1024,6,128,512,-1,1,0,-1,7,102,7,2,1607291,115,0,7,7,49.0,44.0,51.7
s2b-r03,1,B,512,s2b-r03-307,512,512,0,10,512,512,1,10,1024,6,128,512,-1,1,0,-1,7,99,7,2,1558391,115,0,7,7,146.0,44.0,51.7
s2b-r03,1,B,512,s2b-r03-308,512,512,0,10,512,512,1,10,1024,6,128,512,-1,1,0,-1,7,80,7,2,1262357,58,0,7,7,54.0,44.0,51.7
s2b-r03,1,B,512,s2b-r03-309,512,512,0,10,512,512,1,10,1024,6,128,512,-1,1,0,-1,7,104,7,2,1628724,104,0,7,7,142.0,44.0,51.7
s2b-r03,1,B,512,s2b-r03-310,512,512,0,10,512,512,1,10,1024,6,128,512,-1,1,0,-1,7,84,7,2,1323815,84,0,7,7,115.0,44.0,51.7
s2b-r03,1,B,512,s2b-r03-311,512,512,0,10,512,512,1,10,1024,6,128,512,-1,1,0,-1,7,104,7,2,1640596,104,0,7,7,50.0,44.0,51.7
s2b-r03,1,B,512,s2b-r03-312,512,512,0,10,512,512,1,10,1024,6,128,512,-1,1,0,-1,7,78,7,2,1225464,104,0,7,7,190.0,44.0,51.7
s2b-r03,1,B,512,s2b-r03-313,512,512,0,10,512,512,1,10,1024,6,128,512,-1,1,0,-1,7,116,7,2,1824006,116,0,7,7,54.0,44.0,51.7
s2b-r03,1,B,512,s2b-r03-314,512,512,0,10,512,512,1,10,1024,6,128,512,-1,1,0,-1,7,99,7,2,1554202,99,0,7,7,128.0,44.0,51.7
s2b-r03,1,B,512,s2b-r03-315,512,512,0,10,512,512,1,10,1024,6,128,512,-1,1,0,-1,7,100,7,2,1566919,100,0,7,7,54.0,44.0,51.7
s2b-r03,1,B,512,s2b-r03-316,512,512,0,10,512,512,1,10,1024,6,128,512,-1,1,0,-1,7,98,7,2,1544178,99,0,7,7,47.0,44.0,51.7
s2b-r03,1,B,512,s2b-r03-317,512,512,0,10,512,512,1,10,1024,6,128,512,-1,1,0,-1,7,98,7,2,1532038,99,0,7,7,144.0,44.0,51.7
s2b-r03,1,B,512,s2b-r03-318,512,512,0,10,512,512,1,10,1024,6,128,512,-1,1,0,-1,7,104,7,2,1634805,104,0,7,7,48.0,44.0,51.7
s2b-r03,1,B,512,s2b-r03-319,512,512,0,10,512,512,1,10,1024,6,128,512,-1,1,0,-1,7,99,7,2,1560640,97,0,7,7,141.0,44.0,51.7
s2b-r03,1,B,512,s2b-r03-320,512,512,0,10,512,512,1,10,1024,6,128,512,-1,1,0,-1,7,104,7,2,1628503,104,0,7,7,47.0,44.0,51.7
s2b-r03,1,B,512,s2b-r03-321,512,512,0,10,512,512,1,10,1024,6,128,512,-1,1,0,-1,7,100,7,2,1567303,97,0,7,7,147.0,44.0,51.7
s2b-r03,1,B,512,s2b-r03-322,512,512,0,10,512,512,1,10,1024,6,128,512,-1,1,0,-1,7,102,7,2,1599681,102,0,7,7,56.0,44.0,51.7
s2b-r03,1,B,512,s2b-r03-323,512,512,0,10,512,512,1,10,1024,6,128,512,-1,1,0,-1,7,98,7,2,1534230,98,0,7,7,165.0,44.0,51.7
s2b-r03,1,B,512,s2b-r03-324,512,512,0,10,512,512,1,10,1024,6,128,512,-1,1,0,-1,7,111,7,2,1742823,111,0,7,7,176.0,44.0,51.7
s2b-r03,1,B,512,s2b-r03-325,512,512,0,10,512,512,1,10,1024,6,128,512,-1,1,0,-1,7,105,7,2,1643744,105,0,7,7,55.0,44.0,51.7
s2b-r03,1,B,512,s2b-r03-326,512,512,0,10,512,512,1,10,1024,6,128,512,-1,1,0,-1,7,99,7,2,1559988,99,0,7,7,185.0,44.0,51.7
s2b-r03,1,B,512,s2b-r03-327,512,512,0,10,512,512,1,10,1024,6,128,512,-1,1,0,-1,7,104,7,2,1640458,104,0,7,7,56.0,44.0,51.7
s2b-r03,1,B,512,s2b-r03-328,512,512,0,10,512,512,1,10,1024,6,128,512,-1,1,0,-1,7,98,7,2,1534633,98,0,7,7,377.0,44.0,51.7
s2b-r03,1,B,512,s2b-r03-329,512,512,0,10,512,512,1,10,1024,6,128,512,-1,1,0,-1,7,109,7,2,1705516,109,0,7,7,52.0,44.0,51.7
s2b-r03,1,B,512,s2b-r03-330,512,512,0,10,512,512,1,10,1024,6,128,512,-1,1,0,-1,7,97,7,2,1531243,97,0,7,7,154.0,44.0,51.7
s2b-r03,1,B,512,s2b-r03-331,512,512,0,10,512,512,1,10,1024,6,128,512,-1,1,0,-1,7,82,7,2,1290268,51,0,7,7,55.0,44.0,51.7
s2b-r03,1,B,512,s2b-r03-332,512,512,0,10,512,512,1,10,1024,6,128,512,-1,1,0,-1,7,99,7,2,1550718,99,0,7,7,456.0,44.0,51.7
s2b-r03,1,B,512,s2b-r03-333,512,512,0,10,512,512,1,10,1024,6,128,512,-1,1,0,-1,7,116,7,2,1815649,116,0,7,7,51.0,44.0,51.7
s2b-r03,1,B,512,s2b-r03-334,512,512,0,10,512,512,1,10,1024,6,128,512,-1,1,0,-1,7,81,7,2,1280284,81,0,7,7,74.0,44.0,51.7
s2b-r03,1,B,512,s2b-r03-335,512,512,0,10,512,512,1,10,1024,6,128,512,-1,1,0,-1,7,100,7,2,1569767,100,0,7,7,52.0,44.0,51.7
s2b-r03,1,B,512,s2b-r03-336,512,512,0,10,512,512,1,10,1024,6,128,512,-1,1,0,-1,7,98,7,2,1543628,100,0,7,7,151.0,44.0,51.7
s2b-r03,1,B,512,s2b-r03-337,512,512,0,10,512,512,1,10,1024,6,128,512,-1,1,0,-1,7,77,7,2,1211692,100,0,7,7,56.0,44.0,51.7
s2b-r03,1,B,512,s2b-r03-338,512,512,0,10,512,512,1,10,1024,6,128,512,-1,1,0,-1,7,103,7,2,1621787,103,0,7,7,281.0,44.0,51.7
s2b-r03,1,B,512,s2b-r03-339,512,512,0,10,512,512,1,10,1024,6,128,512,-1,1,0,-1,7,107,7,2,1675683,107,0,7,7,52.0,44.0,51.7
s2b-r03,1,B,512,s2b-r03-340,512,512,0,10,512,512,1,10,1024,6,128,512,-1,1,0,-1,7,99,7,2,1553603,107,0,7,7,149.0,44.0,51.7
s2b-r03,1,B,512,s2b-r03-341,512,512,0,10,512,512,1,10,1024,6,128,512,-1,1,0,-1,7,102,7,2,1601430,107,0,7,7,51.0,44.0,51.7
s2b-r03,1,B,512,s2b-r03-342,512,512,0,10,512,512,1,10,1024,6,128,512,-1,1,0,-1,7,87,7,2,1365809,107,0,7,7,143.0,44.0,51.7
s2b-r03,1,B,512,s2b-r03-343,512,512,0,10,512,512,1,10,1024,6,128,512,-1,1,0,-1,7,103,7,2,1613441,103,0,7,7,50.0,44.0,51.7
s2b-r03,1,B,512,s2b-r03-344,512,512,0,10,512,512,1,10,1024,6,128,512,-1,1,0,-1,7,97,7,2,1525049,103,0,7,7,122.0,44.0,51.7
s2b-r03,1,B,512,s2b-r03-345,512,512,0,10,512,512,1,10,1024,6,128,512,-1,1,0,-1,7,104,7,2,1630118,104,0,7,7,48.0,44.0,51.7
s2b-r03,1,B,512,s2b-r03-346,512,512,0,10,512,512,1,10,1024,6,128,512,-1,1,0,-1,7,99,7,2,1560320,103,0,7,7,128.0,44.0,51.7
s2b-r03,1,B,512,s2b-r03-347,512,512,0,10,512,512,1,10,1024,6,128,512,-1,1,0,-1,7,103,7,2,1610305,103,0,7,7,48.0,44.0,51.7
s2b-r03,1,B,512,s2b-r03-348,512,512,0,10,512,512,1,10,1024,6,128,512,-1,1,0,-1,7,97,7,2,1522073,103,0,7,7,161.0,44.0,51.7
s2b-r03,1,B,512,s2b-r03-349,512,512,0,10,512,512,1,10,1024,6,128,512,-1,1,0,-1,7,101,7,2,1580183,103,0,7,7,47.0,44.0,51.7
s2b-r03,1,B,512,s2b-r03-350,512,512,0,10,512,512,1,10,1024,6,128,512,-1,1,0,-1,7,99,7,2,1561568,103,0,7,7,48.0,44.0,51.7
s2b-r03,1,B,512,s2b-r03-351,512,512,0,10,512,512,1,10,1024,6,128,512,-1,1,0,-1,7,100,7,2,1563562,103,0,7,7,176.0,44.0,51.7
s2b-r03,1,B,512,s2b-r03-352,512,512,0,10,512,512,1,10,1024,6,128,512,-1,1,0,-1,7,82,7,2,1281771,58,0,7,7,58.0,44.0,51.7
s2b-r03,1,B,512,s2b-r03-353,512,512,0,10,512,512,1,10,1024,6,128,512,-1,1,0,-1,7,102,7,2,1605531,102,0,7,7,154.0,44.0,51.7
s2b-r03,1,B,512,s2b-r03-354,512,512,0,10,512,512,1,10,1024,6,128,512,-1,1,0,-1,7,105,7,2,1655630,105,0,7,7,55.0,44.0,51.7
s2b-r03,1,B,512,s2b-r03-355,512,512,0,10,512,512,1,10,1024,6,128,512,-1,1,0,-1,7,104,7,2,1626412,104,0,7,7,213.0,44.0,51.7
s2b-r03,1,B,512,s2b-r03-356,512,512,0,10,512,512,1,10,1024,6,128,512,-1,1,0,-1,7,104,7,2,1639668,104,0,7,7,56.0,44.0,51.7
s2b-r03,1,B,512,s2b-r03-357,512,512,0,10,512,512,1,10,1024,6,128,512,-1,1,0,-1,7,103,7,2,1623417,104,0,7,7,94.0,44.0,51.7
s2b-r03,1,B,512,s2b-r03-358,512,512,0,10,512,512,1,10,1024,6,128,512,-1,1,0,-1,7,104,7,2,1625393,104,0,7,7,50.0,44.0,51.7
s2b-r03,1,B,512,s2b-r03-359,512,512,0,10,512,512,1,10,1024,6,128,512,-1,1,0,-1,7,81,7,2,1279322,104,0,7,7,175.0,44.0,51.7
s2b-r03,1,B,512,s2b-r03-360,512,512,0,10,512,512,1,10,1024,6,128,512,-1,1,0,-1,7,105,7,2,1644302,105,0,7,7,51.0,44.0,51.7
s2b-r03,1,B,512,s2b-r03-361,512,512,0,10,512,512,1,10,1024,6,128,512,-1,1,0,-1,7,99,7,2,1549880,105,0,7,7,194.0,44.0,51.7
s2b-r03,1,B,512,s2b-r03-362,512,512,0,10,512,512,1,10,1024,6,128,512,-1,1,0,-1,7,100,7,2,1563112,105,0,7,7,54.0,44.0,51.7
s2b-r03,1,B,512,s2b-r03-363,512,512,0,10,512,512,1,10,1024,6,128,512,-1,1,0,-1,7,103,7,2,1618946,105,0,7,7,178.0,44.0,51.7
s2b-r03,1,B,512,s2b-r03-364,512,512,0,10,512,512,1,10,1024,6,128,512,-1,1,0,-1,7,97,7,2,1528439,97,0,7,7,48.0,44.0,51.7
s2b-r03,1,B,512,s2b-r03-365,512,512,0,10,512,512,1,10,1024,6,128,512,-1,1,0,-1,7,98,7,2,1542156,98,0,7,7,203.0,44.0,51.7
s2b-r03,1,B,512,s2b-r03-366,512,512,0,10,512,512,1,10,1024,6,128,512,-1,1,0,-1,7,106,7,2,1656482,106,0,7,7,55.0,44.0,51.7
s2b-r03,1,B,512,s2b-r03-367,512,512,0,10,512,512,1,10,1024,6,128,512,-1,1,0,-1,7,81,7,2,1272809,79,0,7,7,98.0,44.0,51.7
s2b-r03,1,B,512,s2b-r03-368,512,512,0,10,512,512,1,10,1024,6,128,512,-1,1,0,-1,7,100,7,2,1576586,100,0,7,7,49.0,44.0,51.7
s2b-r03,1,B,512,s2b-r03-369,512,512,0,10,512,512,1,10,1024,6,128,512,-1,1,0,-1,7,97,7,2,1522703,97,0,7,7,182.0,44.0,51.7
s2b-r03,1,B,512,s2b-r03-370,512,512,0,10,512,512,1,10,1024,6,128,512,-1,1,0,-1,7,88,7,2,1387750,88,0,7,7,50.0,44.0,51.7
s2b-r03,1,B,512,s2b-r03-371,512,512,0,10,512,512,1,10,1024,6,128,512,-1,1,0,-1,7,99,7,2,1556054,99,0,7,7,157.0,44.0,51.7
s2b-r03,1,B,512,s2b-r03-372,512,512,0,10,512,512,1,10,1024,6,128,512,-1,1,0,-1,7,102,7,2,1602570,102,0,7,7,50.0,44.0,51.7
s2b-r03,1,B,512,s2b-r03-373,512,512,0,10,512,512,1,10,1024,0,16,512,0,0,0,-1,7,78,4,0,1222432,99,0,4,4,124.0,44.0,51.7
s2b-r03,1,B,512,s2b-r03-374,512,512,0,10,512,512,1,10,1024,0,16,512,-1,0,0,-1,4,156,4,2,2447622,156,0,4,4,23.0,44.0,51.7
s2b-r03,1,B,512,s2b-r03-375,512,512,0,10,512,512,1,10,1024,6,128,512,6,1,0,-1,4,148,7,0,2323815,148,0,7,7,87.0,44.0,51.7
s2b-r03,1,B,512,s2b-r03-376,512,512,0,10,512,512,1,10,1024,0,16,512,0,0,0,-1,7,104,4,0,1630677,104,0,4,4,53.0,44.0,51.7
s2b-r03,1,B,512,s2b-r03-377,512,512,0,10,512,512,1,10,1024,0,16,512,-1,0,0,-1,4,81,4,2,1268957,74,0,4,4,32.0,44.0,51.7
s2b-r03,1,B,512,s2b-r03-378,512,512,0,10,512,512,1,10,1024,0,16,512,-1,0,0,-1,4,146,4,2,2293398,146,0,4,4,113.0,44.0,51.7
s2b-r03,1,B,512,s2b-r03-379,512,512,0,10,512,512,1,10,1024,6,64,512,-1,1,0,-1,6,147,6,2,2300873,147,0,6,6,30.0,44.0,51.7
s2b-r03,1,B,512,s2b-r03-380,512,512,0,10,512,512,1,10,1024,6,64,512,-1,1,0,-1,6,108,6,2,1702572,100,0,6,6,198.0,44.0,51.7
s2b-r03,1,B,512,s2b-r03-381,512,512,0,10,512,512,1,10,1024,6,64,512,-1,1,0,-1,6,115,6,2,1805490,109,0,6,6,51.0,44.0,51.7
s2b-r03,1,B,512,s2b-r03-382,512,512,0,10,512,512,1,10,1024,6,64,512,-1,1,0,-1,6,90,6,2,1421519,13,0,6,6,153.0,44.0,51.7
s2b-r03,1,B,512,s2b-r03-383,512,512,0,10,512,512,1,10,1024,6,64,512,-1,1,0,-1,6,102,6,2,1608960,102,0,6,6,52.0,44.0,51.7
s2b-r03,1,B,512,s2b-r03-384,512,512,0,10,512,512,1,10,1024,6,64,512,-1,1,0,-1,6,76,6,2,1195563,76,0,6,6,144.0,44.0,51.7
s2b-r03,1,B,512,s2b-r03-385,512,512,0,10,512,512,1,10,1024,6,64,512,-1,1,0,-1,6,104,6,2,1631341,104,0,6,6,48.0,44.0,51.7
s2b-r03,1,B,512,s2b-r03-386,512,512,0,10,512,512,1,10,1024,6,64,512,-1,1,0,-1,6,87,6,2,1365933,87,0,6,6,169.0,44.0,51.7
s2b-r03,1,B,512,s2b-r03-387,512,512,0,10,512,512,1,10,1024,6,64,512,-1,1,0,-1,6,187,6,2,2933281,187,0,6,6,48.0,44.0,51.7
s2b-r03,1,B,512,s2b-r03-388,512,512,0,10,512,512,1,10,1024,6,64,512,-1,1,0,-1,6,98,6,2,1540280,98,0,6,6,50.0,44.0,51.7
s2b-r03,1,B,512,s2b-r03-389,512,512,0,10,512,512,1,10,1024,6,64,512,-1,1,0,-1,6,94,6,2,1477484,7,0,6,6,54.0,44.0,51.7
s2b-r03,1,B,512,s2b-r03-390,512,512,0,10,512,512,1,10,1024,6,64,512,-1,1,0,-1,6,99,6,2,1560992,99,0,6,6,201.0,44.0,51.7
s2b-r03,1,B,512,s2b-r03-391,512,512,0,10,512,512,1,10,1024,6,64,512,-1,1,0,-1,6,114,6,2,1791098,114,0,6,6,41.0,44.0,51.7
s2b-r03,1,B,512,s2b-r03-392,512,512,0,10,512,512,1,10,1024,6,64,512,-1,1,0,-1,6,97,6,2,1519232,97,0,6,6,59.0,44.0,51.7
s2b-r03,1,B,512,s2b-r03-393,512,512,0,10,512,512,1,10,1024,6,64,512,-1,1,0,-1,6,102,6,2,1603818,102,0,6,6,54.0,44.0,51.7
s2b-r03,1,B,512,s2b-r03-394,512,512,0,10,512,512,1,10,1024,6,64,512,-1,1,0,-1,6,83,6,2,1303917,79,0,6,6,187.0,44.0,51.7
s2b-r03,1,B,512,s2b-r03-395,512,512,0,10,512,512,1,10,1024,6,64,512,-1,1,0,-1,6,105,6,2,1642563,105,0,6,6,57.0,44.0,51.7
s2b-r03,1,B,512,s2b-r03-396,512,512,0,10,512,512,1,10,1024,6,64,512,-1,1,0,-1,6,104,6,2,1629697,104,0,6,6,48.0,44.0,51.7
s2b-r03,1,B,512,s2b-r03-397,512,512,0,10,512,512,1,10,1024,6,64,512,-1,1,0,-1,6,77,6,2,1212492,77,0,6,6,140.0,44.0,51.7
s2b-r03,1,B,512,s2b-r03-398,512,512,0,10,512,512,1,10,1024,6,64,512,-1,1,0,-1,6,104,6,2,1633297,104,0,6,6,53.0,44.0,51.7
s2b-r03,1,B,512,s2b-r03-399,512,512,0,10,512,512,1,10,1024,6,64,512,-1,1,0,-1,6,99,6,2,1555057,99,0,6,6,199.0,44.0,51.7
s2b-r03,1,B,512,s2b-r03-400,512,512,0,10,512,512,1,10,1024,6,64,512,-1,1,0,-1,6,105,6,2,1646603,105,0,6,6,48.0,44.0,51.7
s2b-r03,1,B,512,s2b-r03-401,512,512,0,10,512,512,1,10,1024,6,64,512,-1,1,0,-1,6,96,6,2,1503591,16,0,6,6,149.0,44.0,51.7
s2b-r03,1,B,512,s2b-r03-402,512,512,0,10,512,512,1,10,1024,6,64,512,-1,1,0,-1,6,104,6,2,1629266,104,0,6,6,52.0,44.0,51.7
s2b-r03,1,B,512,s2b-r03-403,512,512,0,10,512,512,1,10,1024,6,64,512,-1,1,0,-1,6,75,6,2,1179237,70,0,6,6,184.0,44.0,51.7
s2b-r03,1,B,512,s2b-r03-404,512,512,0,10,512,512,1,10,1024,6,64,512,-1,1,0,-1,6,105,6,2,1652663,105,0,6,6,57.0,44.0,51.7
s2b-r03,1,B,512,s2b-r03-405,512,512,0,10,512,512,1,10,1024,6,64,512,-1,1,0,-1,6,100,6,2,1565436,100,0,6,6,88.0,44.0,51.7
s2b-r03,1,B,512,s2b-r03-406,512,512,0,10,512,512,1,10,1024,6,64,512,-1,1,0,-1,6,87,6,2,1371811,100,0,6,6,53.0,44.0,51.7
s2b-r03,1,B,512,s2b-r03-407,512,512,0,10,512,512,1,10,1024,6,64,512,-1,1,0,-1,6,98,6,2,1546807,100,0,6,6,140.0,44.0,51.7
s2b-r03,1,B,512,s2b-r03-408,512,512,0,10,512,512,1,10,1024,6,64,512,-1,1,0,-1,6,103,6,2,1610434,103,0,6,6,47.0,44.0,51.7
s2b-r03,1,B,512,s2b-r03-409,512,512,0,10,512,512,1,10,1024,6,64,512,-1,1,0,-1,6,77,6,2,1217264,70,0,6,6,146.0,44.0,51.7
s2b-r03,1,B,512,s2b-r03-410,512,512,0,10,512,512,1,10,1024,6,64,512,-1,1,0,-1,6,102,6,2,1602834,102,0,6,6,49.0,44.0,51.7
s2b-r03,1,B,512,s2b-r03-411,512,512,0,10,512,512,1,10,1024,6,64,512,-1,1,0,-1,6,97,6,2,1527419,97,0,6,6,122.0,44.0,51.7
s2b-r03,1,B,512,s2b-r03-412,512,512,0,10,512,512,1,10,1024,6,64,512,-1,1,0,-1,6,96,6,2,1510352,96,0,6,6,53.0,44.0,51.7
s2b-r03,1,B,512,s2b-r03-413,512,512,0,10,512,512,1,10,1024,6,64,512,-1,1,0,-1,6,103,6,2,1609968,103,0,6,6,205.0,44.0,51.7
s2b-r03,1,B,512,s2b-r03-414,512,512,0,10,512,512,1,10,1024,6,64,512,-1,1,0,-1,6,104,6,2,1627644,104,0,6,6,52.0,44.0,51.7
s2b-r03,1,B,512,s2b-r03-415,512,512,0,10,512,512,1,10,1024,6,64,512,-1,1,0,-1,6,101,6,2,1584018,101,0,6,6,107.0,44.0,51.7
s2b-r03,1,B,512,s2b-r03-416,512,512,0,10,512,512,1,10,1024,6,64,512,-1,1,0,-1,6,108,6,2,1702335,108,0,6,6,49.0,44.0,51.7
s2b-r03,1,B,512,s2b-r03-417,512,512,0,10,512,512,1,10,1024,6,64,512,-1,1,0,-1,6,82,6,2,1286810,89,0,6,6,173.0,44.0,51.7
s2b-r03,1,B,512,s2b-r03-418,512,512,0,10,512,512,1,10,1024,6,64,512,-1,1,0,-1,6,105,6,2,1648600,105,0,6,6,59.0,44.0,51.7
s2b-r03,1,B,512,s2b-r03-419,512,512,0,10,512,512,1,10,1024,6,64,512,-1,1,0,-1,6,98,6,2,1539871,98,0,6,6,140.0,44.0,51.7
s2b-r03,1,B,512,s2b-r03-420,512,512,0,10,512,512,1,10,1024,6,64,512,-1,1,0,-1,6,86,6,2,1352283,86,0,6,6,52.0,44.0,51.7
s2b-r03,1,B,512,s2b-r03-421,512,512,0,10,512,512,1,10,1024,6,64,512,-1,1,0,-1,6,101,6,2,1582782,101,0,6,6,150.0,44.0,51.7
s2b-r03,1,B,512,s2b-r03-422,512,512,0,10,512,512,1,10,1024,6,64,512,-1,1,0,-1,6,103,6,2,1616777,103,0,6,6,49.0,44.0,51.7
s2b-r03,1,B,512,s2b-r03-423,512,512,0,10,512,512,1,10,1024,6,64,512,-1,1,0,-1,6,78,6,2,1219871,86,0,6,6,117.0,44.0,51.7
s2b-r03,1,B,512,s2b-r03-424,512,512,0,10,512,512,1,10,1024,6,64,512,-1,1,0,-1,6,102,6,2,1593979,102,0,6,6,49.0,44.0,51.7
s2b-r03,1,B,512,s2b-r03-425,512,512,0,10,512,512,1,10,1024,6,64,512,-1,1,0,-1,6,97,6,2,1525492,102,0,6,6,144.0,44.0,51.7
s2b-r03,1,B,512,s2b-r03-426,512,512,0,10,512,512,1,10,1024,6,64,512,-1,1,0,-1,6,96,6,2,1511775,102,0,6,6,51.0,44.0,51.7
s2b-r03,1,B,512,s2b-r03-427,512,512,0,10,512,512,1,10,1024,6,64,512,-1,1,0,-1,6,103,6,2,1617906,103,0,6,6,132.0,44.0,51.7
s2b-r03,1,B,512,s2b-r03-428,512,512,0,10,512,512,1,10,1024,6,64,512,-1,1,0,-1,6,106,6,2,1671765,106,0,6,6,47.0,44.0,51.7
s2b-r03,1,B,512,s2b-r03-429,512,512,0,10,512,512,1,10,1024,6,64,512,-1,1,0,-1,6,97,6,2,1530701,106,0,6,6,153.0,44.0,51.7
s2b-r03,1,B,512,s2b-r03-430,512,512,0,10,512,512,1,10,1024,6,64,512,-1,1,0,-1,6,102,6,2,1602897,106,0,6,6,48.0,44.0,51.7
s2b-r03,1,B,512,s2b-r03-431,512,512,0,10,512,512,1,10,1024,6,64,512,-1,1,0,-1,6,101,6,2,1593099,106,0,6,6,155.0,44.0,51.7
s2b-r03,1,B,512,s2b-r03-432,512,512,0,10,512,512,1,10,1024,6,64,512,-1,1,0,-1,6,106,6,2,1660783,106,0,6,6,48.0,44.0,51.7
s2b-r03,1,B,512,s2b-r03-433,512,512,0,10,512,512,1,10,1024,6,64,512,-1,1,0,-1,6,81,6,2,1277529,71,0,6,6,69.0,44.0,51.7
s2b-r03,1,B,512,s2b-r03-434,512,512,0,10,512,512,1,10,1024,6,64,512,-1,1,0,-1,6,102,6,2,1595570,102,0,6,6,51.0,44.0,51.7
s2b-r03,1,B,512,s2b-r03-435,512,512,0,10,512,512,1,10,1024,6,64,512,-1,1,0,-1,6,97,6,2,1529530,97,0,6,6,142.0,44.0,51.7
s2b-r03,1,B,512,s2b-r03-436,512,512,0,10,512,512,1,10,1024,6,64,512,-1,1,0,-1,6,76,6,2,1189807,72,0,6,6,52.0,44.0,51.7
s2b-r03,1,B,512,s2b-r03-437,512,512,0,10,512,512,1,10,1024,6,64,512,-1,1,0,-1,6,103,6,2,1614113,103,0,6,6,176.0,44.0,51.7
s2b-r03,1,B,512,s2b-r03-438,512,512,0,10,512,512,1,10,1024,6,64,512,-1,1,0,-1,6,91,6,2,1424268,91,0,6,6,51.0,44.0,51.7
s2b-r03,1,B,512,s2b-r03-439,512,512,0,10,512,512,1,10,1024,6,64,512,-1,1,0,-1,6,98,6,2,1537759,98,0,6,6,191.0,44.0,51.7
s2b-r03,1,B,512,s2b-r03-440,512,512,0,10,512,512,1,10,1024,6,64,512,-1,1,0,-1,6,105,6,2,1647076,105,0,6,6,59.0,44.0,51.7
s2b-r03,1,B,512,s2b-r03-441,512,512,0,10,512,512,1,10,1024,6,64,512,-1,1,0,-1,6,79,6,2,1242137,105,0,6,6,422.0,44.0,51.7
s2b-r03,1,B,512,s2b-r03-442,512,512,0,10,512,512,1,10,1024,6,64,512,-1,1,0,-1,6,111,6,2,1747633,111,0,6,6,50.0,44.0,51.7
s2b-r03,1,B,512,s2b-r03-443,512,512,0,10,512,512,1,10,1024,6,64,512,-1,1,0,-1,6,98,6,2,1531311,105,0,6,6,143.0,44.0,51.7
s2b-r03,1,B,512,s2b-r03-444,512,512,0,10,512,512,1,10,1024,6,64,512,-1,1,0,-1,6,78,6,2,1227939,84,0,6,6,141.0,44.0,51.7
s2b-r03,1,B,512,s2b-r03-445,512,512,0,10,512,512,1,10,1024,6,64,512,-1,1,0,-1,6,106,6,2,1659244,106,0,6,6,160.0,44.0,51.7
s2b-r03,1,B,512,s2b-r03-446,512,512,0,10,512,512,1,10,1024,6,64,512,-1,1,0,-1,6,104,6,2,1628021,104,0,6,6,51.0,44.0,51.7
s2b-r03,1,B,512,s2b-r03-447,512,512,0,10,512,512,1,10,1024,6,64,512,-1,1,0,-1,6,67,6,2,1048977,65,0,6,6,176.0,44.0,51.7
s2b-r03,1,B,512,s2b-r03-448,512,512,0,10,512,512,1,10,1024,6,64,512,-1,1,0,-1,6,104,6,2,1630873,104,0,6,6,55.0,44.0,51.7
s2b-r03,1,B,512,s2b-r03-449,512,512,0,10,512,512,1,10,1024,6,64,512,-1,1,0,-1,6,98,6,2,1543921,98,0,6,6,125.0,44.0,51.7
s2b-r03,1,B,512,s2b-r03-450,512,512,0,10,512,512,1,10,1024,6,64,512,-1,1,0,-1,6,98,6,2,1535801,98,0,6,6,49.0,44.0,51.7
s2b-r03,1,B,512,s2b-r03-451,512,512,0,10,512,512,1,10,1024,6,64,512,-1,1,0,-1,6,98,6,2,1541382,98,0,6,6,49.0,44.0,51.7
s2b-r03,1,B,512,s2b-r03-452,512,512,0,10,512,512,1,10,1024,6,64,512,-1,1,0,-1,6,77,6,2,1208765,98,0,6,6,145.0,44.0,51.7
s2b-r03,1,B,512,s2b-r03-453,512,512,0,10,512,512,1,10,1024,6,64,512,-1,1,0,-1,6,106,6,2,1665203,106,0,6,6,53.0,44.0,51.7
s2b-r03,1,B,512,s2b-r03-454,512,512,0,10,512,512,1,10,1024,6,64,512,-1,1,0,-1,6,95,6,2,1497239,95,0,6,6,447.0,44.0,51.7
s2b-r03,1,B,512,s2b-r03-455,512,512,0,10,512,512,1,10,1024,6,64,512,-1,1,0,-1,6,65,6,2,1027456,95,0,6,6,55.0,44.0,51.7
s2b-r03,1,B,512,s2b-r03-456,512,512,0,10,512,512,1,10,1024,6,64,512,-1,1,0,-1,6,100,6,2,1573453,100,0,6,6,174.0,44.0,51.7
s2b-r03,1,B,512,s2b-r03-457,512,512,0,10,512,512,1,10,1024,6,64,512,-1,1,0,-1,6,65,6,2,1030818,52,0,6,6,56.0,44.0,51.7
s2b-r03,1,B,512,s2b-r03-458,512,512,0,10,512,512,1,10,1024,6,64,512,-1,1,0,-1,6,101,6,2,1581881,101,0,6,6,188.0,44.0,51.7
s2b-r03,1,B,512,s2b-r03-459,512,512,0,10,512,512,1,10,1024,6,64,512,-1,1,0,-1,6,105,6,2,1651052,105,0,6,6,54.0,44.0,51.7
s2b-r03,1,B,512,s2b-r03-460,512,512,0,10,512,512,1,10,1024,6,64,512,-1,1,0,-1,6,72,6,2,1128446,52,0,6,6,147.0,44.0,51.7
s2b-r03,1,B,512,s2b-r03-461,512,512,0,10,512,512,1,10,1024,6,64,512,-1,1,0,-1,6,101,6,2,1588910,101,0,6,6,49.0,44.0,51.7
s2b-r03,1,B,512,s2b-r03-462,512,512,0,10,512,512,1,10,1024,6,64,512,-1,1,0,-1,6,99,6,2,1556023,101,0,6,6,51.0,44.0,51.7
s2b-r03,1,B,512,s2b-r03-463,512,512,0,10,512,512,1,10,1024,6,64,512,-1,1,0,-1,6,66,6,2,1039017,101,0,6,6,145.0,44.0,51.7
s2b-r03,1,B,512,s2b-r03-464,512,512,0,10,512,512,1,10,1024,6,64,512,-1,1,0,-1,6,102,6,2,1599985,102,0,6,6,53.0,44.0,51.7
s2b-r03,1,B,512,s2b-r03-465,512,512,0,10,512,512,1,10,1024,6,64,512,-1,1,0,-1,6,99,6,2,1562075,99,0,6,6,145.0,44.0,51.7
s2b-r03,1,B,512,s2b-r03-466,512,512,0,10,512,512,1,10,1024,6,64,512,-1,1,0,-1,6,93,6,2,1455885,99,0,6,6,56.0,44.0,51.7
s2b-r03,1,B,512,s2b-r03-467,512,512,0,10,512,512,1,10,1024,6,64,512,-1,1,0,-1,6,99,6,2,1550699,99,0,6,6,49.0,44.0,51.7
s2b-r03,1,B,512,s2b-r03-468,512,512,0,10,512,512,1,10,1024,0,16,512,0,0,0,-1,6,76,4,0,1192525,76,0,4,4,115.0,44.0,51.7
s2b-r03,1,B,512,s2b-r03-469,512,512,0,10,512,512,1,10,1024,0,16,512,-1,0,0,-1,4,155,4,2,2427078,155,0,4,4,39.0,44.0,51.7
s2b-r03,1,B,512,s2b-r03-470,512,512,0,10,512,512,1,10,1024,6,128,512,6,1,0,-1,4,118,7,0,1856382,118,0,7,7,128.0,44.0,51.7
s2b-r03,1,B,512,s2b-r03-471,512,512,0,10,512,512,1,10,1024,6,128,512,-1,1,0,-1,7,107,7,2,1676038,107,0,7,7,59.0,44.0,51.7
s2b-r03,1,B,512,s2b-r03-472,512,512,0,10,512,512,1,10,1024,6,128,512,-1,1,0,-1,7,71,7,2,1111068,66,0,7,7,159.0,44.0,51.7
s2b-r03,1,B,512,s2b-r03-473,512,512,0,10,512,512,1,10,1024,6,128,512,-1,1,0,-1,7,102,7,2,1603488,102,0,7,7,50.0,44.0,51.7
s2b-r03,1,B,512,s2b-r03-474,512,512,0,10,512,512,1,10,1024,6,128,512,-1,1,0,-1,7,98,7,2,1535096,98,0,7,7,140.0,44.0,51.7
s2b-r03,1,B,512,s2b-r03-475,512,512,0,10,512,512,1,10,1024,6,128,512,-1,1,0,-1,7,102,7,2,1594906,102,0,7,7,50.0,44.0,51.7
s2b-r03,1,B,512,s2b-r03-476,512,512,0,10,512,512,1,10,1024,6,128,512,-1,1,0,-1,7,97,7,2,1530688,102,0,7,7,206.0,44.0,51.7
s2b-r03,1,B,512,s2b-r03-477,512,512,0,10,512,512,1,10,1024,6,128,512,-1,1,0,-1,7,109,7,2,1714490,109,0,7,7,48.0,44.0,51.7
s2b-r03,1,B,512,s2b-r03-478,512,512,0,10,512,512,1,10,1024,6,128,512,-1,1,0,-1,7,99,7,2,1551108,102,0,7,7,178.0,44.0,51.7
s2b-r03,1,B,512,s2b-r03-479,512,512,0,10,512,512,1,10,1024,6,128,512,-1,1,0,-1,7,105,7,2,1654565,105,0,7,7,55.0,44.0,51.7
s2b-r03,1,B,512,s2b-r03-480,512,512,0,10,512,512,1,10,1024,6,128,512,-1,1,0,-1,7,102,7,2,1608748,101,0,7,7,202.0,44.0,51.7
s2b-r03,1,B,512,s2b-r03-481,512,512,0,10,512,512,1,10,1024,6,128,512,-1,1,0,-1,7,116,7,2,1817613,116,0,7,7,53.0,44.0,51.7
s2b-r03,1,B,512,s2b-r03-482,512,512,0,10,512,512,1,10,1024,6,128,512,-1,1,0,-1,7,84,7,2,1320509,101,0,7,7,60.0,44.0,51.7
s2b-r03,1,B,512,s2b-r03-483,512,512,0,10,512,512,1,10,1024,6,128,512,-1,1,0,-1,7,101,7,2,1593630,101,0,7,7,50.0,44.0,51.7
s2b-r03,1,B,512,s2b-r03-484,512,512,0,10,512,512,1,10,1024,6,128,512,-1,1,0,-1,7,64,7,2,1006361,64,0,7,7,142.0,44.0,51.7
s2b-r03,1,B,512,s2b-r03-485,512,512,0,10,512,512,1,10,1024,6,128,512,-1,1,0,-1,7,106,7,2,1662595,106,0,7,7,50.0,44.0,51.7
s2b-r03,1,B,512,s2b-r03-486,512,512,0,10,512,512,1,10,1024,6,128,512,-1,1,0,-1,7,90,7,2,1419616,90,0,7,7,126.0,44.0,51.7
s2b-r03,1,B,512,s2b-r03-487,512,512,0,10,512,512,1,10,1024,6,128,512,-1,1,0,-1,7,104,7,2,1632518,104,0,7,7,52.0,44.0,51.7
s2b-r03,1,B,512,s2b-r03-488,512,512,0,10,512,512,1,10,1024,6,128,512,-1,1,0,-1,7,91,7,2,1424281,104,0,7,7,139.0,44.0,51.7
s2b-r03,1,B,512,s2b-r03-489,512,512,0,10,512,512,1,10,1024,6,128,512,-1,1,0,-1,7,106,7,2,1663237,106,0,7,7,47.0,44.0,51.7
s2b-r03,1,B,512,s2b-r03-490,512,512,0,10,512,512,1,10,1024,6,128,512,-1,1,0,-1,7,89,7,2,1401233,89,0,7,7,125.0,44.0,51.7
s2b-r03,1,B,512,s2b-r03-491,512,512,0,10,512,512,1,10,1024,0,32,512,0,0,0,-1,7,105,5,0,1643617,105,0,5,5,65.0,44.0,51.7
s2b-r03,1,B,512,s2b-r03-492,512,512,0,10,512,512,1,10,1024,0,32,512,-1,0,0,-1,5,129,5,2,2020986,129,0,5,5,38.0,44.0,51.7
s2b-r03,1,B,512,s2b-r03-493,512,512,0,10,512,512,1,10,1024,6,64,512,6,1,0,-1,5,150,6,0,2357993,150,0,6,6,2554.0,44.0,51.7
s2b-r03,1,B,512,s2b-r03-494,512,512,0,10,512,512,1,10,1024,0,32,512,0,0,0,-1,6,118,5,0,1844549,118,0,5,5,54.0,44.0,51.7
s2b-r03,1,B,512,s2b-r03-495,512,512,0,10,512,512,1,10,1024,0,32,512,-1,0,0,-1,5,151,5,2,2369803,151,0,5,5,43.0,44.0,51.7
s2b-r03,1,B,512,s2b-r03-496,512,512,0,10,512,512,1,10,1024,6,128,512,7,1,0,-1,5,148,7,0,2324528,151,0,7,7,100.0,44.0,51.7
s2b-r03,1,B,512,s2b-r03-497,512,512,0,10,512,512,1,10,1024,6,128,512,-1,1,0,-1,7,134,7,2,2102391,118,0,7,7,31.0,44.0,51.7
s2b-r03,1,B,512,s2b-r03-498,512,512,0,10,512,512,1,10,1024,6,128,512,-1,1,0,-1,7,124,7,2,1948577,118,0,7,7,53.0,44.0,51.7
s2b-r03,1,B,512,s2b-r03-499,512,512,0,10,512,512,1,10,1024,6,128,512,-1,1,0,-1,7,120,7,2,1880663,96,0,7,7,125.0,44.0,51.7
s2b-r03,1,B,512,s2b-r03-500,512,512,0,10,512,512,1,10,1024,6,64,512,6,1,0,-1,7,110,6,0,1729713,103,0,6,6,133.0,44.0,51.7
s2b-r03,1,B,512,s2b-r03-501,512,512,0,10,512,512,1,10,1024,6,64,512,-1,1,0,-1,6,100,6,2,1572729,98,0,6,6,126.0,44.0,51.7
s2b-r03,1,B,512,s2b-r03-502,512,512,0,10,512,512,1,10,1024,6,64,512,-1,1,0,-1,6,102,6,2,1607621,102,0,6,6,50.0,44.0,51.7
s2b-r03,1,B,512,s2b-r03-503,512,512,0,10,512,512,1,10,1024,6,64,512,-1,1,0,-1,6,80,6,2,1262361,61,0,6,6,54.0,44.0,51.7
s2b-r03,1,B,512,s2b-r03-504,512,512,0,10,512,512,1,10,1024,6,64,512,-1,1,0,-1,6,101,6,2,1589921,101,0,6,6,231.0,44.0,51.7
s2b-r03,1,B,512,s2b-r03-505,512,512,0,10,512,512,1,10,1024,6,64,512,-1,1,0,-1,6,107,6,2,1682234,107,0,6,6,49.0,44.0,51.7
s2b-r03,1,B,512,s2b-r03-506,512,512,0,10,512,512,1,10,1024,6,64,512,-1,1,0,-1,6,73,6,2,1151974,61,0,6,6,55.0,44.0,51.7
s2b-r03,1,B,512,s2b-r03-507,512,512,0,10,512,512,1,10,1024,6,64,512,-1,1,0,-1,6,98,6,2,1535763,98,0,6,6,169.0,44.0,51.7
s2b-r03,1,B,512,s2b-r03-508,512,512,0,10,512,512,1,10,1024,6,64,512,-1,1,0,-1,6,105,6,2,1655325,105,0,6,6,57.0,44.0,51.7
s2b-r03,1,B,512,s2b-r03-509,512,512,0,10,512,512,1,10,1024,6,64,512,-1,1,0,-1,6,67,6,2,1055397,98,0,6,6,127.0,44.0,51.7
s2b-r03,1,B,512,s2b-r03-510,512,512,0,10,512,512,1,10,1024,6,64,512,-1,1,0,-1,6,103,6,2,1609822,103,0,6,6,49.0,44.0,51.7
s2b-r03,1,B,512,s2b-r03-511,512,512,0,10,512,512,1,10,1024,6,64,512,-1,1,0,-1,6,97,6,2,1525403,97,0,6,6,140.0,44.0,51.7
s2b-r03,1,B,512,s2b-r03-512,512,512,0,10,512,512,1,10,1024,6,64,512,-1,1,0,-1,6,73,6,2,1143727,97,0,6,6,52.0,44.0,51.7
s2b-r03,1,B,512,s2b-r03-513,512,512,0,10,512,512,1,10,1024,6,64,512,-1,1,0,-1,6,100,6,2,1566787,100,0,6,6,122.0,44.0,51.7
s2b-r03,1,B,512,s2b-r03-514,512,512,0,10,512,512,1,10,1024,6,64,512,-1,1,0,-1,6,101,6,2,1579203,101,0,6,6,51.0,44.0,51.7
s2b-r03,1,B,512,s2b-r03-515,512,512,0,10,512,512,1,10,1024,6,64,512,-1,1,0,-1,6,73,6,2,1147682,65,0,6,6,146.0,44.0,51.7
s2b-r03,1,B,512,s2b-r03-516,512,512,0,10,512,512,1,10,1024,6,64,512,-1,1,0,-1,6,102,6,2,1606335,102,0,6,6,57.0,44.0,51.7
s2b-r03,1,B,512,s2b-r03-517,512,512,0,10,512,512,1,10,1024,6,64,512,-1,1,0,-1,6,99,6,2,1553299,99,0,6,6,252.0,44.0,51.7
s2b-r03,1,B,512,s2b-r03-518,512,512,0,10,512,512,1,10,1024,6,64,512,-1,1,0,-1,6,119,6,2,1865111,119,0,6,6,55.0,44.0,51.7
s2b-r03,1,B,512,s2b-r03-519,512,512,0,10,512,512,1,10,1024,6,64,512,-1,1,0,-1,6,103,6,2,1615789,103,0,6,6,130.0,44.0,51.7
s2b-r03,1,B,512,s2b-r03-520,512,512,0,10,512,512,1,10,1024,6,64,512,-1,1,0,-1,6,105,6,2,1648912,103,0,6,6,54.0,44.0,51.7
s2b-r03,1,B,512,s2b-r03-521,512,512,0,10,512,512,1,10,1024,6,64,512,-1,1,0,-1,6,104,6,2,1635623,103,0,6,6,200.0,44.0,51.7
s2b-r03,1,B,512,s2b-r03-522,512,512,0,10,512,512,1,10,1024,6,64,512,-1,1,0,-1,6,107,6,2,1678562,107,0,6,6,55.0,44.0,51.7
s2b-r03,1,B,512,s2b-r03-523,512,512,0,10,512,512,1,10,1024,6,128,512,7,1,0,-1,6,83,7,0,1304774,79,0,7,7,249.0,44.0,51.7
s2b-r03,1,B,512,s2b-r03-524,512,512,0,10,512,512,1,10,1024,6,128,512,-1,1,0,-1,7,108,7,2,1689096,108,0,7,7,56.0,44.0,51.7
s2b-r03,1,B,512,s2b-r03-525,512,512,0,10,512,512,1,10,1024,6,128,512,-1,1,0,-1,7,83,7,2,1302064,83,0,7,7,177.0,44.0,51.7
s2b-r03,1,B,512,s2b-r03-526,512,512,0,10,512,512,1,10,1024,6,128,512,-1,1,0,-1,7,114,7,2,1781809,114,0,7,7,53.0,44.0,51.7
s2b-r03,1,B,512,s2b-r03-527,512,512,0,10,512,512,1,10,1024,6,128,512,-1,1,0,-1,7,91,7,2,1435777,91,0,7,7,164.0,44.0,51.7
s2b-r03,1,B,512,s2b-r03-528,512,512,0,10,512,512,1,10,1024,6,128,512,-1,1,0,-1,7,102,7,2,1606444,102,0,7,7,48.0,44.0,51.7
s2b-r03,1,B,512,s2b-r03-529,512,512,0,10,512,512,1,10,1024,6,128,512,-1,1,0,-1,7,98,7,2,1532263,98,0,7,7,151.0,44.0,51.7
s2b-r03,1,B,512,s2b-r03-530,512,512,0,10,512,512,1,10,1024,6,128,512,-1,1,0,-1,7,80,7,2,1254268,60,0,7,7,54.0,44.0,51.7
s2b-r03,1,B,512,s2b-r03-531,512,512,0,10,512,512,1,10,1024,6,128,512,-1,1,0,-1,7,102,7,2,1597025,102,0,7,7,356.0,44.0,51.7
s2b-r03,1,B,512,s2b-r03-532,512,512,0,10,512,512,1,10,1024,6,128,512,-1,1,0,-1,7,116,7,2,1820431,116,0,7,7,63.0,44.0,51.7
s2b-r03,1,B,512,s2b-r03-533,512,512,0,10,512,512,1,10,1024,6,128,512,-1,1,0,-1,7,109,7,2,1710442,109,0,7,7,77.0,44.0,51.7
s2b-r03,1,B,512,s2b-r03-534,512,512,0,10,512,512,1,10,1024,6,128,512,-1,1,0,-1,7,94,7,2,1479160,94,0,7,7,54.0,44.0,51.7
s2b-r03,1,B,512,s2b-r03-535,512,512,0,10,512,512,1,10,1024,6,128,512,-1,1,0,-1,7,101,7,2,1590090,101,0,7,7,59.0,44.0,51.7
s2b-r03,1,B,512,s2b-r03-536,512,512,0,10,512,512,1,10,1024,6,128,512,-1,1,0,-1,7,99,7,2,1560220,99,0,7,7,176.0,44.0,51.7
s2b-r03,1,B,512,s2b-r03-537,512,512,0,10,512,512,1,10,1024,6,128,512,-1,1,0,-1,7,81,7,2,1278700,94,0,7,7,53.0,44.0,51.7
s2b-r03,1,B,512,s2b-r03-538,512,512,0,10,512,512,1,10,1024,6,128,512,-1,1,0,-1,7,103,7,2,1615684,103,0,7,7,54.0,44.0,51.7
s2b-r03,1,B,512,s2b-r03-539,512,512,0,10,512,512,1,10,1024,6,128,512,-1,1,0,-1,7,78,7,2,1230485,103,0,7,7,150.0,44.0,51.7
s2b-r03,1,B,512,s2b-r03-540,512,512,0,10,512,512,1,10,1024,6,128,512,-1,1,0,-1,7,109,7,2,1705923,109,0,7,7,52.0,44.0,51.7
s2b-r03,1,B,512,s2b-r03-541,512,512,0,10,512,512,1,10,1024,6,128,512,-1,1,0,-1,7,91,7,2,1425142,91,0,7,7,55.0,44.0,51.7
s2b-r03,1,B,512,s2b-r03-542,512,512,0,10,512,512,1,10,1024,6,128,512,-1,1,0,-1,7,97,7,2,1529800,97,0,7,7,118.0,44.0,51.7
s2b-r03,1,B,512,s2b-r03-543,512,512,0,10,512,512,1,10,1024,6,128,512,-1,1,0,-1,7,80,7,2,1254112,91,0,7,7,120.0,44.0,51.7
s2b-r03,1,B,512,s2b-r03-544,512,512,0,10,512,512,1,10,1024,6,128,512,-1,1,0,-1,7,103,7,2,1616235,103,0,7,7,50.0,44.0,51.7
s2b-r03,1,B,512,s2b-r03-545,512,512,0,10,512,512,1,10,1024,6,128,512,-1,1,0,-1,7,76,7,2,1190290,76,0,7,7,138.0,44.0,51.7
s2b-r03,1,B,512,s2b-r03-546,512,512,0,10,512,512,1,10,1024,6,128,512,-1,1,0,-1,7,103,7,2,1612817,103,0,7,7,51.0,44.0,51.7
s2b-r03,1,B,512,s2b-r03-547,512,512,0,10,512,512,1,10,1024,6,128,512,-1,1,0,-1,7,99,7,2,1551699,99,0,7,7,244.0,44.0,51.7
s2b-r03,1,B,512,s2b-r03-548,512,512,0,10,512,512,1,10,1024,6,128,512,-1,1,0,-1,7,114,7,2,1781763,114,0,7,7,53.0,44.0,51.7
s2b-r03,1,B,512,s2b-r03-549,512,512,0,10,512,512,1,10,1024,6,128,512,-1,1,0,-1,7,103,7,2,1618534,103,0,7,7,176.0,44.0,51.7
s2b-r03,1,B,512,s2b-r03-550,512,512,0,10,512,512,1,10,1024,6,128,512,-1,1,0,-1,7,104,7,2,1639442,104,0,7,7,56.0,44.0,51.7
s2b-r03,1,B,512,s2b-r03-551,512,512,0,10,512,512,1,10,1024,6,128,512,-1,1,0,-1,7,104,7,2,1639761,103,0,7,7,175.0,44.0,51.7
s2b-r03,1,B,512,s2b-r03-552,512,512,0,10,512,512,1,10,1024,6,128,512,-1,1,0,-1,7,107,7,2,1682721,107,0,7,7,54.0,44.0,51.7
s2b-r03,1,B,512,s2b-r03-553,512,512,0,10,512,512,1,10,1024,6,128,512,-1,1,0,-1,7,83,7,2,1309362,76,0,7,7,155.0,44.0,51.7
s2b-r03,1,B,512,s2b-r03-554,512,512,0,10,512,512,1,10,1024,6,128,512,-1,1,0,-1,7,107,7,2,1674900,107,0,7,7,47.0,44.0,51.7
s2b-r03,1,B,512,s2b-r03-555,512,512,0,10,512,512,1,10,1024,6,128,512,-1,1,0,-1,7,88,7,2,1385920,88,0,7,7,123.0,44.0,51.7
s2b-r03,1,B,512,s2b-r03-556,512,512,0,10,512,512,1,10,1024,6,128,512,-1,1,0,-1,7,101,7,2,1582483,101,0,7,7,50.0,44.0,51.7
s2b-r03,1,B,512,s2b-r03-557,512,512,0,10,512,512,1,10,1024,6,128,512,-1,1,0,-1,7,98,7,2,1545123,98,0,7,7,105.0,44.0,51.7
s2b-r03,1,B,512,s2b-r03-558,512,512,0,10,512,512,1,10,1024,6,128,512,-1,1,0,-1,7,101,7,2,1591480,101,0,7,7,52.0,44.0,51.7
s2b-r03,1,B,512,s2b-r03-559,512,512,0,10,512,512,1,10,1024,6,128,512,-1,1,0,-1,7,100,7,2,1567690,100,0,7,7,160.0,44.0,51.7
s2b-r03,1,B,512,s2b-r03-560,512,512,0,10,512,512,1,10,1024,6,128,512,-1,1,0,-1,7,94,7,2,1472552,98,0,7,7,54.0,44.0,51.7
s2b-r03,1,B,512,s2b-r03-561,512,512,0,10,512,512,1,10,1024,6,128,512,-1,1,0,-1,7,100,7,2,1577581,100,0,7,7,205.0,44.0,51.7
s2b-r03,1,B,512,s2b-r03-562,512,512,0,10,512,512,1,10,1024,6,128,512,-1,1,0,-1,7,106,7,2,1670891,106,0,7,7,51.0,44.0,51.7
s2b-r03,1,B,512,s2b-r03-563,512,512,0,10,512,512,1,10,1024,6,128,512,-1,1,0,-1,7,100,7,2,1572156,100,0,7,7,125.0,44.0,51.7
s2b-r03,1,B,512,s2b-r03-564,512,512,0,10,512,512,1,10,1024,6,128,512,-1,1,0,-1,7,103,7,2,1616447,103,0,7,7,133.0,44.0,51.7
s2b-r03,1,B,512,s2b-r03-565,512,512,0,10,512,512,1,10,1024,6,128,512,-1,1,0,-1,7,83,7,2,1298929,53,0,7,7,53.0,44.0,51.7
s2b-r03,1,B,512,s2b-r03-566,512,512,0,10,512,512,1,10,1024,6,128,512,-1,1,0,-1,7,102,7,2,1595454,102,0,7,7,415.0,44.0,51.7
s2b-r03,1,B,512,s2b-r03-567,512,512,0,10,512,512,1,10,1024,6,128,512,-1,1,0,-1,7,122,7,2,1907395,122,0,7,7,48.0,44.0,51.7
s2b-r03,1,B,512,s2b-r03-568,512,512,0,10,512,512,1,10,1024,6,128,512,-1,1,0,-1,7,97,7,2,1527662,97,0,7,7,128.0,44.0,51.7
s2b-r03,1,B,512,s2b-r03-569,512,512,0,10,512,512,1,10,1024,6,128,512,-1,1,0,-1,7,100,7,2,1572589,100,0,7,7,50.0,44.0,51.7
s2b-r03,1,B,512,s2b-r03-570,512,512,0,10,512,512,1,10,1024,6,128,512,-1,1,0,-1,7,104,7,2,1628523,98,0,7,7,155.0,44.0,51.7
s2b-r03,1,B,512,s2b-r03-571,512,512,0,10,512,512,1,10,1024,6,128,512,-1,1,0,-1,7,104,7,2,1636011,104,0,7,7,50.0,44.0,51.7
s2b-r03,1,B,512,s2b-r03-572,512,512,0,10,512,512,1,10,1024,6,128,512,-1,1,0,-1,7,80,7,2,1259469,98,0,7,7,68.0,44.0,51.7
s2b-r03,1,B,512,s2b-r03-573,512,512,0,10,512,512,1,10,1024,6,128,512,-1,1,0,-1,7,101,7,2,1580691,101,0,7,7,53.0,44.0,51.7
s2b-r03,1,B,512,s2b-r03-574,512,512,0,10,512,512,1,10,1024,6,128,512,-1,1,0,-1,7,74,7,2,1158152,74,0,7,7,179.0,44.0,51.7
s2b-r03,1,B,512,s2b-r03-575,512,512,0,10,512,512,1,10,1024,6,128,512,-1,1,0,-1,7,106,7,2,1664418,106,0,7,7,56.0,44.0,51.7
s2b-r03,1,B,512,s2b-r03-576,512,512,0,10,512,512,1,10,1024,6,128,512,-1,1,0,-1,7,101,7,2,1584351,101,0,7,7,53.0,44.0,51.7
s2b-r03,1,B,512,s2b-r03-577,512,512,0,10,512,512,1,10,1024,6,128,512,-1,1,0,-1,7,99,7,2,1548220,99,0,7,7,167.0,44.0,51.7
s2b-r03,1,B,512,s2b-r03-578,512,512,0,10,512,512,1,10,1024,6,128,512,-1,1,0,-1,7,103,7,2,1612393,103,0,7,7,56.0,44.0,51.7
s2b-r03,1,B,512,s2b-r03-579,512,512,0,10,512,512,1,10,1024,6,128,512,-1,1,0,-1,7,96,7,2,1507774,103,0,7,7,151.0,44.0,51.7
s2b-r03,1,B,512,s2b-r03-580,512,512,0,10,512,512,1,10,1024,6,128,512,-1,1,0,-1,7,104,7,2,1631998,104,0,7,7,50.0,44.0,51.7
s2b-r03,1,B,512,s2b-r03-581,512,512,0,10,512,512,1,10,1024,6,128,512,-1,1,0,-1,7,101,7,2,1588827,103,0,7,7,124.0,44.0,51.7
s2b-r03,1,B,512,s2b-r03-582,512,512,0,10,512,512,1,10,1024,6,128,512,-1,1,0,-1,7,102,7,2,1596451,102,0,7,7,51.0,44.0,51.7
s2b-r03,1,B,512,s2b-r03-583,512,512,0,10,512,512,1,10,1024,6,128,512,-1,1,0,-1,7,100,7,2,1575989,102,0,7,7,159.0,44.0,51.7
s2b-r03,1,B,512,s2b-r03-584,512,512,0,10,512,512,1,10,1024,6,128,512,-1,1,0,-1,7,107,7,2,1684064,107,0,7,7,58.0,44.0,51.7
s2b-r03,1,B,512,s2b-r03-585,512,512,0,10,512,512,1,10,1024,6,128,512,-1,1,0,-1,7,102,7,2,1600972,102,0,7,7,165.0,44.0,51.7
s2b-r03,1,B,512,s2b-r03-586,512,512,0,10,512,512,1,10,1024,6,128,512,-1,1,0,-1,7,83,7,2,1303923,60,0,7,7,48.0,44.0,51.7
s2b-r03,1,B,512,s2b-r03-587,512,512,0,10,512,512,1,10,1024,6,128,512,-1,1,0,-1,7,98,7,2,1544586,98,0,7,7,141.0,44.0,51.7
s2b-r03,1,B,512,s2b-r03-588,512,512,0,10,512,512,1,10,1024,6,128,512,-1,1,0,-1,7,82,7,2,1292701,82,0,7,7,48.0,44.0,51.7
s2b-r03,1,B,512,s2b-r03-589,512,512,0,10,512,512,1,10,1024,6,128,512,-1,1,0,-1,7,100,7,2,1570122,100,0,7,7,176.0,44.0,51.7
s2b-r03,1,B,512,s2b-r03-590,512,512,0,10,512,512,1,10,1024,6,128,512,-1,1,0,-1,7,104,7,2,1635093,104,0,7,7,57.0,44.0,51.7
s2b-r04,1,A,0,s2b-r04-0,0,0,0,0,0,0,1,0,1024,0,32,166,5,0,0,-1,5,166,5,0,2599382,166,0,5,5,73.0,43.2,44.8
s2b-r04,1,A,0,s2b-r04-1,0,0,0,0,0,0,1,0,1024,0,16,155,0,0,0,-1,1,155,4,0,2436822,166,0,4,4,28.0,43.2,44.8
s2b-r04,1,A,0,s2b-r04-2,0,0,0,0,0,0,1,0,1024,0,16,95,-1,0,0,-1,4,95,4,2,1492099,37,0,4,4,61.0,43.2,44.8
s2b-r04,1,A,0,s2b-r04-3,0,0,0,0,0,0,1,0,1024,0,16,91,-1,0,0,-1,4,91,4,2,1424991,123,0,4,4,27.0,43.2,44.8
s2b-r04,1,A,0,s2b-r04-4,0,0,0,0,0,0,1,0,1024,0,1,160,0,0,0,-1,4,160,0,0,2504070,160,0,0,0,32.0,43.2,44.8
s2b-r04,1,A,0,s2b-r04-5,0,0,0,0,0,0,1,0,1024,0,32,154,5,0,0,-1,0,154,0,0,2421565,160,0,0,4,130.0,43.2,44.8
s2b-r04,1,A,0,s2b-r04-6,0,0,0,0,0,0,1,0,1024,0,16,100,-1,0,0,-1,4,100,4,2,1575460,34,0,4,4,18.0,43.2,44.8
s2b-r04,1,A,0,s2b-r04-7,0,0,0,0,0,0,1,0,1024,0,16,149,-1,0,0,-1,4,149,4,2,2343398,149,0,4,4,25.0,43.2,44.8
s2b-r04,1,A,0,s2b-r04-8,0,0,0,0,0,0,1,0,1024,0,16,106,-1,0,0,-1,4,106,4,2,1662895,106,0,4,4,27.0,43.2,44.8
s2b-r04,1,A,0,s2b-r04-9,0,0,0,0,0,0,1,0,1024,0,32,152,1,0,0,-1,4,152,5,0,2375390,152,0,5,5,88.0,43.2,44.8
s2b-r04,1,A,0,s2b-r04-10,0,0,0,0,0,0,1,0,1024,0,16,90,4,0,0,-1,5,90,4,0,1418381,101,0,4,1,76.0,43.2,44.8
s2b-r04,1,A,0,s2b-r04-11,0,0,0,0,0,0,1,0,1024,0,2,90,-1,0,0,-1,1,90,1,2,1420007,101,0,1,1,104.0,43.2,44.8
s2b-r04,1,A,0,s2b-r04-12,0,0,0,0,0,0,1,0,1024,0,2,91,-1,0,0,-1,1,91,1,2,1433935,91,0,1,1,104.0,43.2,44.8
s2b-r04,1,A,0,s2b-r04-13,0,0,0,0,0,0,1,0,1024,0,16,62,4,0,0,-1,1,62,4,0,970234,91,0,4,4,94.0,43.2,44.8
s2b-r04,1,A,0,s2b-r04-14,0,0,0,0,0,0,1,0,1024,0,32,70,1,0,0,-1,4,70,5,0,1108362,70,0,5,5,31.0,43.2,44.8
s2b-r04,1,A,0,s2b-r04-15,0,0,0,0,0,0,1,0,1024,0,16,161,1,0,0,-1,0,161,4,0,2529995,161,0,4,4,71.0,43.2,44.8
s2b-r04,1,A,0,s2b-r04-16,0,0,0,0,0,0,1,0,1024,0,16,130,-1,0,0,-1,4,130,4,2,2045174,161,0,4,4,17.0,43.2,44.8
s2b-r04,1,A,0,s2b-r04-17,0,0,0,0,0,0,1,0,1024,0,2,152,-1,0,0,-1,1,152,1,2,2380922,161,0,1,1,108.0,43.2,44.8
s2b-r04,1,A,0,s2b-r04-18,0,0,0,0,0,0,1,0,1024,0,2,94,-1,0,0,-1,1,94,1,2,1479248,105,0,1,1,36.0,43.2,44.8
s2b-r04,1,A,0,s2b-r04-19,0,0,0,0,0,0,1,0,1024,0,16,94,4,0,0,-1,2,94,4,0,1471688,105,0,4,4,73.0,43.2,44.8
s2b-r04,1,A,0,s2b-r04-20,0,0,0,0,0,0,1,0,1024,0,16,60,-1,0,0,-1,4,60,4,2,938762,124,0,4,4,46.0,43.2,44.8
s2b-r04,1,A,0,s2b-r04-21,0,0,0,0,0,0,1,0,1024,0,16,152,-1,0,0,-1,4,152,4,2,2378350,152,0,4,4,23.0,43.2,44.8
s2b-r04,1,A,0,s2b-r04-22,0,0,0,0,0,0,1,0,1024,0,16,150,-1,0,0,-1,4,150,4,2,2344426,152,0,4,4,37.0,43.2,44.8
s2b-r04,1,A,0,s2b-r04-23,0,0,0,0,0,0,1,0,1024,0,16,90,-1,0,0,-1,4,90,4,2,1409810,71,0,4,4,21.0,43.2,44.8
s2b-r04,1,A,0,s2b-r04-24,0,0,0,0,0,0,1,0,1024,0,2,147,0,0,0,-1,4,147,1,0,2308510,147,0,1,1,82.0,43.2,44.8
s2b-r04,1,A,0,s2b-r04-25,0,0,0,0,0,0,1,0,1024,0,32,90,5,0,0,-1,4,90,5,0,1415747,71,0,5,5,57.0,43.2,44.8
s2b-r04,1,A,0,s2b-r04-26,0,0,0,0,0,0,1,0,1024,0,32,93,-1,0,0,-1,5,93,5,2,1463710,72,0,5,5,49.0,43.2,44.8
s2b-r04,1,A,0,s2b-r04-27,0,0,0,0,0,0,1,0,1024,0,2,150,-1,0,0,-1,1,150,1,2,2349449,150,0,1,1,29.0,43.2,44.8
s2b-r04,1,A,0,s2b-r04-28,0,0,0,0,0,0,1,0,1024,0,2,149,-1,0,0,-1,1,149,1,2,2337962,150,0,1,1,63.0,43.2,44.8
s2b-r04,1,A,0,s2b-r04-29,0,0,0,0,0,0,1,0,1024,0,16,91,-1,0,0,-1,4,91,4,2,1429027,16,0,4,4,83.0,43.2,44.8
s2b-r04,1,A,0,s2b-r04-30,0,0,0,0,0,0,1,0,1024,0,32,63,-1,0,0,-1,5,63,5,2,986604,52,0,5,5,76.0,43.2,44.8
s2b-r04,1,A,0,s2b-r04-31,0,0,0,0,0,0,1,0,1024,0,2,77,0,0,0,-1,5,77,1,0,1203387,77,0,1,1,54.0,43.2,44.8
s2b-r04,1,A,0,s2b-r04-32,0,0,0,0,0,0,1,0,1024,0,2,92,-1,0,0,-1,1,92,1,2,1439446,92,0,1,1,33.0,43.2,44.8
s2b-r04,1,A,0,s2b-r04-33,0,0,0,0,0,0,1,0,1024,0,16,174,-1,0,0,-1,4,174,4,2,2719098,174,0,4,4,29.0,43.2,44.8
s2b-r04,1,A,0,s2b-r04-34,0,0,0,0,0,0,1,0,1024,0,16,148,-1,0,0,-1,4,148,4,2,2313541,174,0,4,4,32.0,43.2,44.8
s2b-r04,1,A,0,s2b-r04-35,0,0,0,0,0,0,1,0,1024,0,2,95,-1,0,0,-1,1,95,1,2,1487837,125,0,1,1,109.0,43.2,44.8
s2b-r04,1,A,0,s2b-r04-36,0,0,0,0,0,0,1,0,1024,0,2,71,-1,0,0,-1,1,71,1,2,1117073,125,0,1,1,81.0,43.2,44.8
s2b-r04,1,A,0,s2b-r04-37,0,0,0,0,0,0,1,0,1024,0,2,124,-1,0,0,-1,1,124,1,2,1945086,124,0,1,1,25.0,43.2,44.8
s2b-r04,1,A,0,s2b-r04-38,0,0,0,0,0,0,1,0,1024,0,2,151,-1,0,0,-1,1,151,1,2,2370049,151,0,1,1,122.0,43.2,44.8
s2b-r04,1,A,0,s2b-r04-39,0,0,0,0,0,0,1,0,1024,0,2,148,-1,0,0,-1,1,148,1,2,2328046,151,0,1,1,58.0,43.2,44.8
s2b-r04,1,A,0,s2b-r04-40,0,0,0,0,0,0,1,0,1024,0,4,93,2,0,0,-1,1,93,1,0,1468354,41,0,1,2,1953.0,43.2,44.8
s2b-r04,1,A,0,s2b-r04-41,0,0,0,0,0,0,1,0,1024,0,2,156,1,0,0,-1,4,156,1,0,2440237,156,0,1,1,28.0,43.2,44.8
s2b-r04,1,A,0,s2b-r04-42,0,0,0,0,0,0,1,0,1024,0,2,154,-1,0,0,-1,1,154,1,2,2412818,156,0,1,1,67.0,43.2,44.8
s2b-r04,1,A,0,s2b-r04-43,0,0,0,0,0,0,1,0,1024,0,4,145,2,0,0,-1,1,145,2,0,2274404,34,0,2,2,34.0,43.2,44.8
s2b-r04,1,A,0,s2b-r04-44,0,0,0,0,0,0,1,0,1024,0,4,149,-1,0,0,-1,2,149,2,2,2340030,149,0,2,2,102.0,43.2,44.8
s2b-r04,1,A,0,s2b-r04-45,0,0,0,0,0,0,1,0,1024,0,2,90,1,0,0,-1,3,90,1,0,1408217,53,0,1,1,105.0,43.2,44.8
s2b-r04,1,A,0,s2b-r04-46,0,0,0,0,0,0,1,0,1024,0,1,113,0,0,0,-1,1,113,0,0,1779134,113,0,0,0,31.0,43.2,44.8
s2b-r04,1,A,0,s2b-r04-47,0,0,0,0,0,0,1,0,1024,0,32,177,5,0,0,-1,5,177,5,0,2766699,177,0,5,5,33.0,43.2,44.8
s2b-r04,1,A,0,s2b-r04-48,0,0,0,0,0,0,1,0,1024,0,2,166,-1,0,0,-1,1,166,1,2,2597640,177,0,1,1,41.0,43.2,44.8
s2b-r04,1,A,0,s2b-r04-49,0,0,0,0,0,0,1,0,1024,0,2,148,1,0,0,-1,1,148,1,0,2326906,177,0,1,1,251.0,43.2,44.8
s2b-r04,1,A,0,s2b-r04-50,0,0,0,0,0,0,1,0,1024,0,4,162,-1,0,0,-1,2,162,2,2,2545594,162,0,2,2,26.0,43.2,44.8
s2b-r04,1,A,0,s2b-r04-51,0,0,0,0,0,0,1,0,1024,0,4,94,-1,0,0,-1,2,94,2,2,1473586,84,0,2,2,77.0,43.2,44.8
s2b-r04,1,A,0,s2b-r04-52,0,0,0,0,0,0,1,0,1024,0,1,92,0,0,0,-1,2,92,0,0,1445449,77,0,0,0,88.0,43.2,44.8
s2b-r04,1,A,0,s2b-r04-53,0,0,0,0,0,0,1,0,1024,0,2,62,1,0,0,-1,5,62,5,0,970647,21,0,5,5,49.0,43.2,44.8
s2b-r04,1,A,0,s2b-r04-54,0,0,0,0,0,0,1,0,1024,0,32,166,-1,0,0,-1,5,166,5,2,2600279,166,0,5,5,29.0,43.2,44.8
s2b-r04,1,A,0,s2b-r04-55,0,0,0,0,0,0,1,0,1024,0,2,150,-1,0,0,-1,1,150,1,2,2349707,166,0,1,1,43.0,43.2,44.8
s2b-r04,1,A,0,s2b-r04-56,0,0,0,0,0,0,1,0,1024,0,2,127,-1,0,0,-1,1,127,1,2,1985275,127,0,1,1,28.0,43.2,44.8
s2b-r04,1,A,0,s2b-r04-57,0,0,0,0,0,0,1,0,1024,0,2,224,-1,0,0,-1,1,224,1,2,3502278,224,0,1,1,71.0,43.2,44.8
s2b-r04,1,A,0,s2b-r04-58,0,0,0,0,0,0,1,0,1024,0,2,106,1,0,0,-1,4,106,1,0,1661048,48,0,1,1,73.0,43.2,44.8
s2b-r04,1,A,0,s2b-r04-59,0,0,0,0,0,0,1,0,1024,0,16,107,4,0,0,-1,5,107,5,0,1679231,99,0,5,0,1240.0,43.2,44.8
s2b-r04,1,A,0,s2b-r04-60,0,0,0,0,0,0,1,0,1024,0,2,153,1,0,0,-1,0,153,1,0,2399541,153,0,1,1,31.0,43.2,44.8
s2b-r04,1,A,0,s2b-r04-61,0,0,0,0,0,0,1,0,1024,0,2,150,-1,0,0,-1,1,150,1,2,2346968,153,0,1,1,64.0,43.2,44.8
s2b-r04,1,A,0,s2b-r04-62,0,0,0,0,0,0,1,0,1024,0,8,97,-1,0,0,-1,3,97,3,2,1529161,112,0,3,3,36.0,43.2,44.8
s2b-r04,1,A,0,s2b-r04-63,0,0,0,0,0,0,1,0,1024,0,2,90,1,0,0,-1,3,90,1,0,1420511,112,0,1,1,44.0,43.2,44.8
s2b-r04,1,A,0,s2b-r04-64,0,0,0,0,0,0,1,0,1024,0,2,172,1,0,0,-1,4,172,4,0,2698482,172,0,4,5,305.0,43.2,44.8
s2b-r04,1,A,0,s2b-r04-65,0,0,0,0,0,0,1,0,1024,0,16,170,0,0,0,-1,5,170,4,0,2667185,170,0,4,4,28.0,43.2,44.8
s2b-r04,1,A,0,s2b-r04-66,0,0,0,0,0,0,1,0,1024,0,1,108,-1,0,0,-1,0,108,0,2,1696907,106,0,0,0,17.0,43.2,44.8
s2b-r04,1,A,0,s2b-r04-67,0,0,0,0,0,0,1,0,1024,0,1,147,-1,0,0,-1,0,147,0,2,2303923,170,0,0,0,17.0,43.2,44.8
s2b-r04,1,A,0,s2b-r04-68,0,0,0,0,0,0,1,0,1024,0,16,117,1,0,0,-1,5,117,4,0,1837467,117,0,4,4,71.0,43.2,44.8
s2b-r04,1,A,0,s2b-r04-69,0,0,0,0,0,0,1,0,1024,0,2,68,-1,0,0,-1,1,68,1,2,1074738,117,0,1,1,39.0,43.2,44.8
s2b-r04,1,A,0,s2b-r04-70,0,0,0,0,0,0,1,0,1024,0,2,148,-1,0,0,-1,1,148,1,2,2327336,168,0,1,1,61.0,43.2,44.8
s2b-r04,1,A,0,s2b-r04-71,0,0,0,0,0,0,1,0,1024,0,16,62,0,0,0,-1,1,62,4,0,972739,17,0,4,4,103.0,43.2,44.8
s2b-r04,1,A,0,s2b-r04-72,0,0,0,0,0,0,1,0,1024,0,16,75,1,0,0,-1,0,75,4,0,1173278,75,0,4,4,56.0,43.2,44.8
s2b-r04,1,A,0,s2b-r04-73,0,0,0,0,0,0,1,0,1024,0,16,86,-1,0,0,-1,4,86,4,2,1347737,86,0,4,4,106.0,43.2,44.8
s2b-r04,1,A,0,s2b-r04-74,0,0,0,0,0,0,1,0,1024,0,16,122,-1,0,0,-1,4,122,4,2,1909850,122,0,4,4,102.0,43.2,44.8
s2b-r04,1,A,0,s2b-r04-75,0,0,0,0,0,0,1,0,1024,0,1,82,0,0,0,-1,5,82,5,0,1289947,80,0,5,5,92.0,43.2,44.8
s2b-r04,1,A,0,s2b-r04-76,0,0,0,0,0,0,1,0,1024,0,1,107,-1,0,0,-1,0,107,0,2,1677724,107,0,0,0,22.0,43.2,44.8
s2b-r04,1,A,0,s2b-r04-77,0,0,0,0,0,0,1,0,1024,0,16,150,-1,0,0,-1,4,150,4,2,2353128,150,0,4,4,27.0,43.2,44.8
s2b-r04,1,A,0,s2b-r04-78,0,0,0,0,0,0,1,0,1024,0,32,151,5,0,0,-1,4,151,4,0,2366682,151,0,4,5,103.0,43.2,44.8
s2b-r04,1,A,0,s2b-r04-79,0,0,0,0,0,0,1,0,1024,0,32,115,-1,0,0,-1,5,115,5,2,1803241,106,0,5,5,55.0,43.2,44.8
s2b-r04,1,A,0,s2b-r04-80,0,0,0,0,0,0,1,0,1024,0,32,120,-1,0,0,-1,5,120,5,2,1889395,120,0,5,5,48.0,43.2,44.8
s2b-r04,1,A,0,s2b-r04-81,0,0,0,0,0,0,1,0,1024,0,32,126,-1,0,0,-1,5,126,5,2,1969542,126,0,5,5,46.0,43.2,44.8
s2b-r04,1,A,0,s2b-r04-82,0,0,0,0,0,0,1,0,1024,0,32,85,-1,0,0,-1,5,85,5,2,1333351,126,0,5,5,55.0,43.2,44.8
s2b-r04,1,A,0,s2b-r04-83,0,0,0,0,0,0,1,0,1024,0,2,120,1,0,0,-1,0,120,1,0,1886957,126,0,1,1,93.0,43.2,44.8
s2b-r04,1,A,0,s2b-r04-84,0,0,0,0,0,0,1,0,1024,0,16,78,-1,0,0,-1,4,78,4,2,1233613,97,0,4,4,102.0,43.2,44.8
s2b-r04,1,A,0,s2b-r04-85,0,0,0,0,0,0,1,0,1024,0,2,111,-1,0,0,-1,1,111,1,2,1738695,111,0,1,1,19.0,43.2,44.8
s2b-r04,1,A,0,s2b-r04-86,0,0,0,0,0,0,1,0,1024,0,16,154,0,0,0,-1,1,154,4,0,2418890,154,0,4,4,30.0,43.2,44.8
s2b-r04,1,A,0,s2b-r04-87,0,0,0,0,0,0,1,0,1024,0,16,100,-1,0,0,-1,4,100,4,2,1576406,9,0,4,4,35.0,43.2,44.8
s2b-r04,1,A,0,s2b-r04-88,0,0,0,0,0,0,1,0,1024,0,16,151,-1,0,0,-1,4,151,4,2,2371307,183,0,4,4,59.0,43.2,44.8
s2b-r04,1,A,0,s2b-r04-89,0,0,0,0,0,0,1,0,1024,0,16,62,-1,0,0,-1,4,62,4,2,975715,4,0,4,4,102.0,43.2,44.8
s2b-r04,1,A,0,s2b-r04-90,0,0,0,0,0,0,1,0,1024,0,16,61,-1,0,0,-1,4,61,4,2,953901,61,0,4,4,105.0,43.2,44.8
s2b-r04,1,A,0,s2b-r04-91,0,0,0,0,0,0,1,0,1024,0,16,119,-1,0,0,-1,4,119,4,2,1860066,119,0,4,4,75.0,43.2,44.8
s2b-r04,1,A,0,s2b-r04-92,0,0,0,0,0,0,1,0,1024,0,16,120,-1,0,0,-1,4,120,4,2,1881018,120,0,4,4,104.0,43.2,44.8
s2b-r04,1,A,0,s2b-r04-93,0,0,0,0,0,0,1,0,1024,0,1,84,0,0,0,-1,4,84,0,0,1314753,53,0,0,0,85.0,43.2,44.8
s2b-r04,1,A,0,s2b-r04-94,0,0,0,0,0,0,1,0,1024,0,1,129,0,0,0,-1,1,129,0,0,2019974,129,0,0,0,24.0,43.2,44.8
s2b-r04,1,A,0,s2b-r04-95,0,0,0,0,0,0,1,0,1024,0,1,165,-1,0,0,-1,0,165,0,2,2590918,165,0,0,0,21.0,43.2,44.8
s2b-r04,1,A,0,s2b-r04-96,0,0,0,0,0,0,1,0,1024,0,2,157,-1,0,0,-1,1,157,1,2,2455882,157,0,1,1,23.0,43.2,44.8
s2b-r04,1,A,0,s2b-r04-97,0,0,0,0,0,0,1,0,1024,0,2,151,-1,0,0,-1,1,151,1,2,2361100,151,0,1,1,31.0,43.2,44.8
s2b-r04,1,A,0,s2b-r04-98,0,0,0,0,0,0,1,0,1024,0,2,125,-1,0,0,-1,1,125,1,2,1965612,123,0,1,1,34.0,43.2,44.8
s2b-r04,1,A,0,s2b-r04-99,0,0,0,0,0,0,1,0,1024,0,2,96,-1,0,0,-1,1,96,1,2,1511101,123,0,1,1,97.0,43.2,44.8
s2b-r04,1,A,0,s2b-r04-100,0,0,0,0,0,0,1,0,1024,0,2,112,-1,0,0,-1,1,112,1,2,1754226,123,0,1,1,102.0,43.2,44.8
s2b-r04,1,A,0,s2b-r04-101,0,0,0,0,0,0,1,0,1024,0,1,80,0,0,0,-1,1,80,0,0,1260194,104,0,0,0,117.0,43.2,44.8
s2b-r04,1,A,0,s2b-r04-102,0,0,0,0,0,0,1,0,1024,0,2,85,-1,0,0,-1,1,85,1,2,1331919,104,0,1,1,102.0,43.2,44.8
s2b-r04,1,A,0,s2b-r04-103,0,0,0,0,0,0,1,0,1024,0,2,108,-1,0,0,-1,1,108,1,2,1689374,108,0,1,1,31.0,43.2,44.8
s2b-r04,1,A,0,s2b-r04-104,0,0,0,0,0,0,1,0,1024,0,32,151,4,0,0,-1,1,151,5,0,2370988,151,0,5,5,43.0,43.2,44.8
s2b-r04,1,A,0,s2b-r04-105,0,0,0,0,0,0,1,0,1024,0,16,158,-1,0,0,-1,4,158,4,2,2469796,158,0,4,4,49.0,43.2,44.8
s2b-r04,1,A,0,s2b-r04-106,0,0,0,0,0,0,1,0,1024,0,16,134,-1,0,0,-1,4,134,4,2,2104632,151,0,4,4,49.0,43.2,44.8
s2b-r04,1,A,0,s2b-r04-107,0,0,0,0,0,0,1,0,1024,0,16,92,-1,0,0,-1,4,92,4,2,1440269,92,0,4,4,51.0,43.2,44.8
s2b-r04,1,A,0,s2b-r04-108,0,0,0,0,0,0,1,0,1024,0,32,87,5,0,0,-1,4,87,4,0,1364179,92,0,4,4,131.0,43.2,44.8
s2b-r04,1,A,0,s2b-r04-109,0,0,0,0,0,0,1,0,1024,0,2,74,-1,0,0,-1,1,74,1,2,1157965,50,0,1,1,36.0,43.2,44.8
s2b-r04,1,A,0,s2b-r04-110,0,0,0,0,0,0,1,0,1024,0,2,148,-1,0,0,-1,1,148,1,2,2324752,148,0,1,1,102.0,43.2,44.8
s2b-r04,1,A,0,s2b-r04-111,0,0,0,0,0,0,1,0,1024,0,32,91,5,0,0,-1,1,91,1,0,1433756,52,0,1,1,113.0,43.2,44.8
s2b-r04,1,A,0,s2b-r04-112,0,0,0,0,0,0,1,0,1024,0,8,122,-1,0,0,-1,3,122,3,2,1920480,122,0,3,3,34.0,43.2,44.8
s2b-r04,1,A,0,s2b-r04-113,0,0,0,0,0,0,1,0,1024,0,4,155,-1,0,0,-1,2,155,2,2,2433703,155,0,2,2,125.0,43.2,44.8
s2b-r04,1,A,0,s2b-r04-114,0,0,0,0,0,0,1,0,1024,0,4,93,-1,0,0,-1,2,93,2,2,1463804,122,0,2,2,105.0,43.2,44.8
s2b-r04,1,A,0,s2b-r04-115,0,0,0,0,0,0,1,0,1024,0,1,92,0,0,0,-1,1,92,1,0,1450360,86,0,1,1,2595.0,43.2,44.8
s2b-r04,1,A,0,s2b-r04-116,0,0,0,0,0,0,1,0,1024,0,2,83,-1,0,0,-1,1,83,1,2,1298584,86,0,1,1,29.0,43.2,44.8
s2b-r04,1,A,0,s2b-r04-117,0,0,0,0,0,0,1,0,1024,0,2,152,-1,0,0,-1,1,152,1,2,2386630,152,0,1,1,45.0,43.2,44.8
s2b-r04,1,A,0,s2b-r04-118,0,0,0,0,0,0,1,0,1024,0,32,150,5,0,0,-1,1,150,1,0,2348063,150,0,1,4,106.0,43.2,44.8
s2b-r04,1,A,0,s2b-r04-119,0,0,0,0,0,0,1,0,1024,0,16,110,-1,0,0,-1,4,110,4,2,1721593,110,0,4,4,75.0,43.2,44.8
s2b-r04,1,A,0,s2b-r04-120,0,0,0,0,0,0,1,0,1024,0,32,115,-1,0,0,-1,5,115,5,2,1799356,115,0,5,5,43.0,43.2,44.8
s2b-r04,1,A,0,s2b-r04-121,0,0,0,0,0,0,1,0,1024,0,16,160,-1,0,0,-1,4,160,4,2,2506502,160,0,4,4,34.0,43.2,44.8
s2b-r04,1,A,0,s2b-r04-122,0,0,0,0,0,0,1,0,1024,0,16,154,-1,0,0,-1,4,154,4,2,2416846,160,0,4,4,58.0,43.2,44.8
s2b-r04,1,A,0,s2b-r04-123,0,0,0,0,0,0,1,0,1024,0,16,96,-1,0,0,-1,4,96,4,2,1506570,90,0,4,4,102.0,43.2,44.8
s2b-r04,1,A,0,s2b-r04-124,0,0,0,0,0,0,1,0,1024,0,16,62,4,0,0,-1,5,62,4,0,971516,28,0,4,4,241.0,43.2,44.8
s2b-r04,1,A,0,s2b-r04-125,0,0,0,0,0,0,1,0,1024,0,1,62,0,0,0,-1,4,62,0,0,975201,58,0,0,0,67.0,43.2,44.8
s2b-r04,1,A,0,s2b-r04-126,0,0,0,0,0,0,1,0,1024,0,1,103,0,0,0,-1,2,103,2,0,1619249,103,0,2,4,131.0,43.2,44.8
s2b-r04,1,A,0,s2b-r04-127,0,0,0,0,0,0,1,0,1024,0,16,157,-1,0,0,-1,4,157,4,2,2455143,157,0,4,4,16.0,43.2,44.8
s2b-r04,1,A,0,s2b-r04-128,0,0,0,0,0,0,1,0,1024,0,4,150,2,0,0,-1,4,150,2,0,2343880,157,0,2,2,137.0,43.2,44.8
s2b-r04,1,A,0,s2b-r04-129,0,0,0,0,0,0,1,0,1024,0,4,112,-1,0,0,-1,2,112,2,2,1752921,54,0,2,2,103.0,43.2,44.8
s2b-r04,1,A,0,s2b-r04-130,0,0,0,0,0,0,1,0,1024,0,16,65,4,0,0,-1,0,65,4,0,1016336,54,0,4,4,107.0,43.2,44.8
s2b-r04,1,A,0,s2b-r04-131,0,0,0,0,0,0,1,0,1024,0,16,159,-1,0,0,-1,4,159,4,2,2498855,159,0,4,4,80.0,43.2,44.8
s2b-r04,1,A,0,s2b-r04-132,0,0,0,0,0,0,1,0,1024,0,16,90,-1,0,0,-1,4,90,4,2,1408149,3,0,4,4,28.0,43.2,44.8
s2b-r04,1,A,0,s2b-r04-133,0,0,0,0,0,0,1,0,1024,0,16,149,-1,0,0,-1,4,149,4,2,2333127,153,0,4,4,55.0,43.2,44.8
s2b-r04,1,A,0,s2b-r04-134,0,0,0,0,0,0,1,0,1024,0,32,94,-1,0,0,-1,5,94,5,2,1472449,52,0,5,5,86.0,43.2,44.8
s2b-r04,1,A,0,s2b-r04-135,0,0,0,0,0,0,1,0,1024,0,32,92,-1,0,0,-1,5,92,5,2,1450149,78,0,5,5,81.0,43.2,44.8
s2b-r04,1,A,0,s2b-r04-136,0,0,0,0,0,0,1,0,1024,0,32,104,-1,0,0,-1,5,104,5,2,1625028,104,0,5,5,40.0,43.2,44.8
s2b-r04,1,A,0,s2b-r04-137,0,0,0,0,0,0,1,0,1024,0,32,148,-1,0,0,-1,5,148,5,2,2326258,148,0,5,5,25.0,43.2,44.8
s2b-r04,1,A,0,s2b-r04-138,0,0,0,0,0,0,1,0,1024,0,16,169,-1,0,0,-1,4,169,4,2,2646619,169,0,4,4,14.0,43.2,44.8
s2b-r04,1,A,0,s2b-r04-139,0,0,0,0,0,0,1,0,1024,0,16,153,-1,0,0,-1,4,153,4,2,2398104,169,0,4,4,14.0,43.2,44.8
s2b-r04,1,A,0,s2b-r04-140,0,0,0,0,0,0,1,0,1024,0,16,166,-1,0,0,-1,4,166,4,2,2601783,169,0,4,4,18.0,43.2,44.8
s2b-r04,1,A,0,s2b-r04-141,0,0,0,0,0,0,1,0,1024,0,32,159,-1,0,0,-1,5,159,5,2,2488136,169,0,5,5,61.0,43.2,44.8
s2b-r04,1,A,0,s2b-r04-142,0,0,0,0,0,0,1,0,1024,0,2,125,1,0,0,-1,5,125,5,0,1957547,46,0,5,4,150.0,43.2,44.8
s2b-r04,1,A,0,s2b-r04-143,0,0,0,0,0,0,1,0,1024,0,1,92,0,0,0,-1,4,92,0,0,1451122,79,0,0,0,24.0,43.2,44.8
s2b-r04,1,A,0,s2b-r04-144,0,0,0,0,0,0,1,0,1024,0,32,209,5,0,0,-1,0,209,5,0,3265675,209,0,5,5,81.0,43.2,44.8
s2b-r04,1,A,0,s2b-r04-145,0,0,0,0,0,0,1,0,1024,0,32,153,-1,0,0,-1,5,153,5,2,2391143,153,0,5,5,18.0,43.2,44.8
s2b-r04,1,A,0,s2b-r04-146,0,0,0,0,0,0,1,0,1024,0,32,118,-1,0,0,-1,5,118,5,2,1849134,78,0,5,5,50.0,43.2,44.8
s2b-r04,1,A,0,s2b-r04-147,0,0,0,0,0,0,1,0,1024,0,32,93,-1,0,0,-1,5,93,5,2,1454194,71,0,5,5,110.0,43.2,44.8
s2b-r04,1,A,0,s2b-r04-148,0,0,0,0,0,0,1,0,1024,0,32,104,-1,0,0,-1,5,104,5,2,1631831,104,0,5,5,82.0,43.2,44.8
s2b-r04,1,A,0,s2b-r04-149,0,0,0,0,0,0,1,0,1024,0,32,150,-1,0,0,-1,5,150,5,2,2345616,150,0,5,5,51.0,43.2,44.8
s2b-r04,1,A,0,s2b-r04-150,0,0,0,0,0,0,1,0,1024,0,32,150,-1,0,0,-1,5,150,5,2,2358301,150,0,5,5,68.0,43.2,44.8
s2b-r04,1,A,0,s2b-r04-151,0,0,0,0,0,0,1,0,1024,0,16,114,1,0,0,-1,3,114,4,0,1788702,104,0,4,4,55.0,43.2,44.8
s2b-r04,1,A,0,s2b-r04-152,0,0,0,0,0,0,1,0,1024,0,2,152,-1,0,0,-1,1,152,1,2,2376997,152,0,1,1,102.0,43.2,44.8
s2b-r04,1,A,0,s2b-r04-153,0,0,0,0,0,0,1,0,1024,0,1,93,0,0,0,-1,1,93,0,0,1465946,96,0,0,0,143.0,43.2,44.8
s2b-r04,1,A,0,s2b-r04-154,0,0,0,0,0,0,1,0,1024,0,2,128,1,0,0,-1,5,128,1,0,2010924,152,0,1,1,61.0,43.2,44.8
s2b-r04,1,A,0,s2b-r04-155,0,0,0,0,0,0,1,0,1024,0,16,195,-1,0,0,-1,4,195,4,2,3055095,195,0,4,4,25.0,43.2,44.8
s2b-r04,1,A,0,s2b-r04-156,0,0,0,0,0,0,1,0,1024,0,32,112,-1,0,0,-1,5,112,5,2,1762509,112,0,5,5,27.0,43.2,44.8
s2b-r04,1,A,0,s2b-r04-157,0,0,0,0,0,0,1,0,1024,0,1,156,0,0,0,-1,5,156,0,0,2451070,156,0,0,0,168.0,43.2,44.8
s2b-r04,1,A,0,s2b-r04-158,0,0,0,0,0,0,1,0,1024,0,32,96,-1,0,0,-1,5,96,5,2,1514055,14,0,5,5,38.0,43.2,44.8
s2b-r04,1,A,0,s2b-r04-159,0,0,0,0,0,0,1,0,1024,0,32,154,-1,0,0,-1,5,154,5,2,2408791,154,0,5,5,136.0,43.2,44.8
s2b-r04,1,A,0,s2b-r04-160,0,0,0,0,0,0,1,0,1024,0,32,103,-1,0,0,-1,5,103,5,2,1618582,64,0,5,5,46.0,43.2,44.8
s2b-r04,1,A,0,s2b-r04-161,0,0,0,0,0,0,1,0,1024,0,32,98,-1,0,0,-1,5,98,5,2,1546502,43,0,5,5,22.0,43.2,44.8
s2b-r04,1,A,0,s2b-r04-162,0,0,0,0,0,0,1,0,1024,0,1,158,-1,0,0,-1,0,158,0,2,2471524,158,0,0,0,20.0,43.2,44.8
s2b-r04,1,A,0,s2b-r04-163,0,0,0,0,0,0,1,0,1024,0,1,73,-1,0,0,-1,0,73,0,2,1144920,43,0,0,0,55.0,43.2,44.8
s2b-r04,1,A,0,s2b-r04-164,0,0,0,0,0,0,1,0,1024,0,16,74,4,0,0,-1,0,74,0,0,1165913,83,0,0,4,153.0,43.2,44.8
s2b-r04,1,A,0,s2b-r04-165,0,0,0,0,0,0,1,0,1024,0,16,131,-1,0,0,-1,4,131,4,2,2053288,131,0,4,4,36.0,43.2,44.8
s2b-r04,1,A,0,s2b-r04-166,0,0,0,0,0,0,1,0,1024,0,32,155,5,0,0,-1,4,155,4,0,2428199,155,0,4,4,98.0,43.2,44.8
s2b-r04,1,A,0,s2b-r04-167,0,0,0,0,0,0,1,0,1024,0,16,154,-1,0,0,-1,4,154,4,2,2420190,154,0,4,4,23.0,43.2,44.8
s2b-r04,1,A,0,s2b-r04-168,0,0,0,0,0,0,1,0,1024,0,16,118,-1,0,0,-1,4,118,4,2,1847209,16,0,4,4,101.0,43.2,44.8
s2b-r04,1,A,0,s2b-r04-169,0,0,0,0,0,0,1,0,1024,0,16,91,-1,0,0,-1,4,91,4,2,1425265,67,0,4,4,80.0,43.2,44.8
s2b-r04,1,A,0,s2b-r04-170,0,0,0,0,0,0,1,0,1024,0,16,61,-1,0,0,-1,4,61,4,2,960012,26,0,4,4,103.0,43.2,44.8
s2b-r04,1,A,0,s2b-r04-171,0,0,0,0,0,0,1,0,1024,0,32,75,-1,0,0,-1,5,75,5,2,1171970,75,0,5,5,79.0,43.2,44.8
s2b-r04,1,A,0,s2b-r04-172,0,0,0,0,0,0,1,0,1024,0,16,62,4,0,0,-1,5,62,5,0,980084,18,0,5,4,74.0,43.2,44.8
s2b-r04,1,A,0,s2b-r04-173,0,0,0,0,0,0,1,0,1024,0,16,159,4,0,0,-1,1,159,1,0,2489293,159,0,1,4,42.0,43.2,44.8
s2b-r04,1,A,0,s2b-r04-174,0,0,0,0,0,0,1,0,1024,0,32,150,5,0,0,-1,4,150,4,0,2358107,159,0,4,5,76.0,43.2,44.8
s2b-r04,1,A,0,s2b-r04-175,0,0,0,0,0,0,1,0,1024,0,32,116,-1,0,0,-1,5,116,5,2,1822175,116,0,5,5,22.0,43.2,44.8
s2b-r04,1,A,0,s2b-r04-176,0,0,0,0,0,0,1,0,1024,0,32,154,-1,0,0,-1,5,154,5,2,2420033,154,0,5,5,25.0,43.2,44.8
s2b-r04,1,A,0,s2b-r04-177,0,0,0,0,0,0,1,0,1024,0,32,147,-1,0,0,-1,5,147,5,2,2309380,154,0,5,5,52.0,43.2,44.8
s2b-r04,1,A,0,s2b-r04-178,0,0,0,0,0,0,1,0,1024,0,32,114,-1,0,0,-1,5,114,5,2,1787738,77,0,5,5,39.0,43.2,44.8
s2b-r04,1,A,0,s2b-r04-179,0,0,0,0,0,0,1,0,1024,0,32,90,-1,0,0,-1,5,90,5,2,1408398,77,0,5,5,64.0,43.2,44.8
s2b-r04,1,A,0,s2b-r04-180,0,0,0,0,0,0,1,0,1024,0,32,95,-1,0,0,-1,5,95,5,2,1495957,95,0,5,5,115.0,43.2,44.8
s2b-r04,1,A,0,s2b-r04-181,0,0,0,0,0,0,1,0,1024,0,2,76,1,0,0,-1,5,76,1,0,1201592,121,0,1,1,106.0,43.2,44.8
s2b-r04,1,A,0,s2b-r04-182,0,0,0,0,0,0,1,0,1024,0,4,82,-1,0,0,-1,2,82,2,2,1295102,121,0,2,2,79.0,43.2,44.8
s2b-r04,1,A,0,s2b-r04-183,0,0,0,0,0,0,1,0,1024,0,4,69,-1,0,0,-1,2,69,2,2,1090542,69,0,2,2,103.0,43.2,44.8
s2b-r04,1,A,0,s2b-r04-184,0,0,0,0,0,0,1,0,1024,0,4,128,-1,0,0,-1,2,128,2,2,2013807,128,0,2,2,25.0,43.2,44.8
s2b-r04,1,A,0,s2b-r04-185,0,0,0,0,0,0,1,0,1024,0,8,156,0,0,0,-1,2,156,3,0,2440873,156,0,3,3,32.0,43.2,44.8
s2b-r04,1,A,0,s2b-r04-186,0,0,0,0,0,0,1,0,1024,0,8,148,-1,0,0,-1,3,148,3,2,2313753,148,0,3,3,25.0,43.2,44.8
s2b-r04,1,A,0,s2b-r04-187,0,0,0,0,0,0,1,0,1024,0,8,149,-1,0,0,-1,3,149,3,2,2329926,149,0,3,3,65.0,43.2,44.8
s2b-r04,1,A,0,s2b-r04-188,0,0,0,0,0,0,1,0,1024,0,8,120,-1,0,0,-1,3,120,3,2,1886864,78,0,3,3,59.0,43.2,44.8
s2b-r04,1,A,0,s2b-r04-189,0,0,0,0,0,0,1,0,1024,0,2,61,1,0,0,-1,0,61,1,0,956428,15,0,1,1,43.0,43.2,44.8
s2b-r04,1,A,0,s2b-r04-190,0,0,0,0,0,0,1,0,1024,0,32,171,-1,0,0,-1,5,171,5,2,2678144,171,0,5,5,80.0,43.2,44.8
s2b-r04,1,A,0,s2b-r04-191,0,0,0,0,0,0,1,0,1024,0,32,149,-1,0,0,-1,5,149,5,2,2343385,171,0,5,5,54.0,43.2,44.8
s2b-r04,1,A,0,s2b-r04-192,0,0,0,0,0,0,1,0,1024,0,16,152,1,0,0,-1,5,152,4,0,2390131,171,0,4,4,48.0,43.2,44.8
s2b-r04,1,A,0,s2b-r04-193,0,0,0,0,0,0,1,0,1024,0,16,162,1,0,0,-1,0,162,4,0,2532062,171,0,4,4,36.0,43.2,44.8
s2b-r04,1,A,0,s2b-r04-194,0,0,0,0,0,0,1,0,1024,0,2,144,-1,0,0,-1,1,144,1,2,2254794,144,0,1,1,89.0,43.2,44.8
s2b-r04,1,A,0,s2b-r04-195,0,0,0,0,0,0,1,0,1024,0,32,92,5,0,0,-1,1,92,5,0,1447181,68,0,5,5,82.0,43.2,44.8
s2b-r04,1,A,0,s2b-r04-196,0,0,0,0,0,0,1,0,1024,0,16,119,4,0,0,-1,5,119,5,0,1863434,119,0,5,4,164.0,43.2,44.8
s2b-r04,1,A,0,s2b-r04-197,0,0,0,0,0,0,1,0,1024,0,2,108,-1,0,0,-1,1,108,1,2,1688477,119,0,1,1,31.0,43.2,44.8
s2b-r04,1,A,0,s2b-r04-198,0,0,0,0,0,0,1,0,1024,0,2,151,-1,0,0,-1,1,151,1,2,2366261,151,0,1,1,99.0,43.2,44.8
s2b-r04,1,A,0,s2b-r04-199,0,0,0,0,0,0,1,0,1024,0,2,94,-1,0,0,-1,1,94,1,2,1469416,43,0,1,1,100.0,43.2,44.8
s2b-r04,1,A,0,s2b-r04-200,0,0,0,0,0,0,1,0,1024,0,1,92,0,0,0,-1,1,92,0,0,1444483,92,0,0,0,102.0,43.2,44.8
s2b-r04,1,A,0,s2b-r04-201,0,0,0,0,0,0,1,0,1024,0,16,60,-1,0,0,-1,4,60,4,2,953110,27,0,4,4,76.0,43.2,44.8
s2b-r04,1,A,0,s2b-r04-202,0,0,0,0,0,0,1,0,1024,0,16,75,-1,0,0,-1,4,75,4,2,1184488,75,0,4,4,27.0,43.2,44.8
s2b-r04,1,A,0,s2b-r04-203,0,0,0,0,0,0,1,0,1024,0,16,152,-1,0,0,-1,4,152,4,2,2387321,152,0,4,4,108.0,43.2,44.8
s2b-r04,1,A,0,s2b-r04-204,0,0,0,0,0,0,1,0,1024,0,16,188,-1,0,0,-1,4,188,4,2,2944934,188,0,4,4,41.0,43.2,44.8
s2b-r04,1,A,0,s2b-r04-205,0,0,0,0,0,0,1,0,1024,0,16,151,-1,0,0,-1,4,151,4,2,2366799,151,0,4,4,70.0,43.2,44.8
s2b-r04,1,A,0,s2b-r04-206,0,0,0,0,0,0,1,0,1024,0,2,130,-1,0,0,-1,1,130,1,2,2044341,116,0,1,1,38.0,43.2,44.8
s2b-r04,1,A,0,s2b-r04-207,0,0,0,0,0,0,1,0,1024,0,2,92,-1,0,0,-1,1,92,1,2,1443256,116,0,1,1,65.0,43.2,44.8
s2b-r04,1,A,0,s2b-r04-208,0,0,0,0,0,0,1,0,1024,0,2,69,-1,0,0,-1,1,69,1,2,1089519,114,0,1,1,17.0,43.2,44.8
s2b-r04,1,A,0,s2b-r04-209,0,0,0,0,0,0,1,0,1024,0,2,153,-1,0,0,-1,1,153,1,2,2401662,153,0,1,1,35.0,43.2,44.8
s2b-r04,1,A,0,s2b-r04-210,0,0,0,0,0,0,1,0,1024,0,32,69,-1,0,0,-1,5,69,5,2,1087534,18,0,5,5,65.0,43.2,44.8
s2b-r04,1,A,0,s2b-r04-211,0,0,0,0,0,0,1,0,1024,0,2,87,-1,0,0,-1,1,87,1,2,1365437,87,0,1,1,46.0,43.2,44.8
s2b-r04,1,A,0,s2b-r04-212,0,0,0,0,0,0,1,0,1024,0,16,125,-1,0,0,-1,4,125,4,2,1957488,125,0,4,4,66.0,43.2,44.8
s2b-r04,1,A,0,s2b-r04-213,0,0,0,0,0,0,1,0,1024,0,16,95,-1,0,0,-1,4,95,4,2,1491958,95,0,4,4,169.0,43.2,44.8
s2b-r04,1,A,0,s2b-r04-214,0,0,0,0,0,0,1,0,1024,0,2,86,-1,0,0,-1,1,86,1,2,1346810,55,0,1,1,45.0,43.2,44.8
s2b-r04,1,A,0,s2b-r04-215,0,0,0,0,0,0,1,0,1024,0,2,79,-1,0,0,-1,1,79,1,2,1248661,41,0,1,1,99.0,43.2,44.8
s2b-r04,1,A,0,s2b-r04-216,0,0,0,0,0,0,1,0,1024,0,32,96,-1,0,0,-1,5,96,5,2,1507582,96,0,5,5,214.0,43.2,44.8
s2b-r04,1,A,0,s2b-r04-217,0,0,0,0,0,0,1,0,1024,0,32,151,-1,0,0,-1,5,151,5,2,2359678,151,0,5,5,51.0,43.2,44.8
s2b-r04,1,A,0,s2b-r04-218,0,0,0,0,0,0,1,0,1024,0,2,157,-1,0,0,-1,1,157,1,2,2464750,157,0,1,1,16.0,43.2,44.8
s2b-r04,1,A,0,s2b-r04-219,0,0,0,0,0,0,1,0,1024,0,2,150,1,0,0,-1,5,150,1,0,2357224,150,0,1,1,76.0,43.2,44.8
s2b-r04,1,A,0,s2b-r04-220,0,0,0,0,0,0,1,0,1024,0,2,153,-1,0,0,-1,1,153,1,2,2397135,153,0,1,1,26.0,43.2,44.8
s2b-r04,1,A,0,s2b-r04-221,0,0,0,0,0,0,1,0,1024,0,2,152,-1,0,0,-1,1,152,1,2,2383036,150,0,1,1,31.0,43.2,44.8
s2b-r04,1,A,0,s2b-r04-222,0,0,0,0,0,0,1,0,1024,0,32,121,5,0,0,-1,0,121,5,0,1904014,106,0,5,5,236.0,43.2,44.8
s2b-r04,1,A,0,s2b-r04-223,0,0,0,0,0,0,1,0,1024,0,2,92,-1,0,0,-1,1,92,1,2,1446510,112,0,1,1,52.0,43.2,44.8
s2b-r04,1,A,0,s2b-r04-224,0,0,0,0,0,0,1,0,1024,0,2,82,-1,0,0,-1,1,82,1,2,1295468,112,0,1,1,104.0,43.2,44.8
s2b-r04,1,A,0,s2b-r04-225,0,0,0,0,0,0,1,0,1024,0,2,111,-1,0,0,-1,1,111,1,2,1735626,111,0,1,1,109.0,43.2,44.8
s2b-r04,1,A,0,s2b-r04-226,0,0,0,0,0,0,1,0,1024,0,16,78,-1,0,0,-1,4,78,4,2,1219653,111,0,4,4,28.0,43.2,44.8
s2b-r04,1,A,0,s2b-r04-227,0,0,0,0,0,0,1,0,1024,0,16,156,-1,0,0,-1,4,156,4,2,2438875,165,0,4,4,132.0,43.2,44.8
s2b-r04,1,A,0,s2b-r04-228,0,0,0,0,0,0,1,0,1024,0,16,150,-1,0,0,-1,4,150,4,2,2357496,165,0,4,4,18.0,43.2,44.8
s2b-r04,1,A,0,s2b-r04-229,0,0,0,0,0,0,1,0,1024,0,16,149,-1,0,0,-1,4,149,4,2,2340044,149,0,4,4,22.0,43.2,44.8
s2b-r04,1,A,0,s2b-r04-230,0,0,0,0,0,0,1,0,1024,0,2,159,1,0,0,-1,0,159,1,0,2499718,159,0,1,1,132.0,43.2,44.8
s2b-r04,1,A,0,s2b-r04-231,0,0,0,0,0,0,1,0,1024,0,2,179,-1,0,0,-1,1,179,1,2,2802527,179,0,1,1,14.0,43.2,44.8
s2b-r04,1,A,0,s2b-r04-232,0,0,0,0,0,0,1,0,1024,0,1,103,0,0,0,-1,1,103,0,0,1619053,103,0,0,0,59.0,43.2,44.8
s2b-r04,1,A,0,s2b-r04-233,0,0,0,0,0,0,1,0,1024,0,2,118,1,0,0,-1,5,118,1,0,1844256,118,0,1,1,74.0,43.2,44.8
s2b-r04,1,A,0,s2b-r04-234,0,0,0,0,0,0,1,0,1024,0,4,87,-1,0,0,-1,2,87,2,2,1372088,75,0,2,2,47.0,43.2,44.8
s2b-r04,1,A,0,s2b-r04-235,0,0,0,0,0,0,1,0,1024,0,4,88,-1,0,0,-1,2,88,2,2,1389993,75,0,2,2,59.0,43.2,44.8
s2b-r04,1,A,0,s2b-r04-236,0,0,0,0,0,0,1,0,1024,0,32,77,5,0,0,-1,2,77,5,0,1205972,75,0,5,5,29.0,43.2,44.8
s2b-r04,1,A,0,s2b-r04-237,0,0,0,0,0,0,1,0,1024,0,32,162,-1,0,0,-1,5,162,5,2,2531438,162,0,5,5,26.0,43.2,44.8
s2b-r04,1,A,0,s2b-r04-238,0,0,0,0,0,0,1,0,1024,0,32,112,-1,0,0,-1,5,112,5,2,1756937,112,0,5,5,78.0,43.2,44.8
s2b-r04,1,A,0,s2b-r04-239,0,0,0,0,0,0,1,0,1024,0,32,92,-1,0,0,-1,5,92,5,2,1444768,77,0,5,5,112.0,43.2,44.8
s2b-r04,1,A,0,s2b-r04-240,0,0,0,0,0,0,1,0,1024,0,32,59,-1,0,0,-1,5,59,5,2,931792,15,0,5,5,105.0,43.2,44.8
s2b-r04,1,A,0,s2b-r04-241,0,0,0,0,0,0,1,0,1024,0,1,79,0,0,0,-1,1,79,0,0,1245499,79,0,0,0,39.0,43.2,44.8
s2b-r04,1,A,0,s2b-r04-242,0,0,0,0,0,0,1,0,1024,0,16,103,1,0,0,-1,0,103,4,0,1619627,103,0,4,4,38.0,43.2,44.8
s2b-r04,1,A,0,s2b-r04-243,0,0,0,0,0,0,1,0,1024,0,4,76,1,0,0,-1,4,76,2,0,1192493,49,0,2,2,242.0,43.2,44.8
s2b-r04,1,A,0,s2b-r04-244,0,0,0,0,0,0,1,0,1024,0,4,95,-1,0,0,-1,2,95,2,2,1496887,95,0,2,2,41.0,43.2,44.8
s2b-r04,1,A,0,s2b-r04-245,0,0,0,0,0,0,1,0,1024,0,4,118,-1,0,0,-1,2,118,2,2,1855329,118,0,2,2,28.0,43.2,44.8
s2b-r04,1,A,0,s2b-r04-246,0,0,0,0,0,0,1,0,1024,0,4,127,-1,0,0,-1,2,127,2,2,1993650,127,0,2,2,50.0,43.2,44.8
s2b-r04,1,A,0,s2b-r04-247,0,0,0,0,0,0,1,0,1024,0,4,83,-1,0,0,-1,2,83,2,2,1301378,6,0,2,2,56.0,43.2,44.8
s2b-r04,1,A,0,s2b-r04-248,0,0,0,0,0,0,1,0,1024,0,4,149,-1,0,0,-1,2,149,2,2,2336903,149,0,2,2,80.0,43.2,44.8
s2b-r04,1,A,0,s2b-r04-249,0,0,0,0,0,0,1,0,1024,0,16,89,0,0,0,-1,2,89,4,0,1400237,6,0,4,4,71.0,43.2,44.8
s2b-r04,1,A,0,s2b-r04-250,0,0,0,0,0,0,1,0,1024,0,16,150,-1,0,0,-1,4,150,4,2,2356059,150,0,4,4,104.0,43.2,44.8
s2b-r04,1,A,0,s2b-r04-251,0,0,0,0,0,0,1,0,1024,0,16,90,-1,0,0,-1,4,90,4,2,1414427,95,0,4,4,61.0,43.2,44.8
s2b-r04,1,A,0,s2b-r04-252,0,0,0,0,0,0,1,0,1024,0,16,102,-1,0,0,-1,4,102,4,2,1597075,102,0,4,4,88.0,43.2,44.8
s2b-r04,1,A,0,s2b-r04-253,0,0,0,0,0,0,1,0,1024,0,1,157,0,0,0,-1,4,157,0,0,2457425,157,0,0,0,32.0,43.2,44.8
s2b-r04,1,A,0,s2b-r04-254,0,0,0,0,0,0,1,0,1024,0,32,161,1,0,0,-1,0,161,5,0,2516357,161,0,5,5,66.0,43.2,44.8
s2b-r04,1,A,0,s2b-r04-255,0,0,0,0,0,0,1,0,1024,0,32,98,-1,0,0,-1,5,98,5,2,1532125,21,0,5,5,65.0,43.2,44.8
s2b-r04,1,A,0,s2b-r04-256,0,0,0,0,0,0,1,0,1024,0,2,93,1,0,0,-1,5,93,1,0,1456637,2,0,1,1,67.0,43.2,44.8
s2b-r04,1,A,0,s2b-r04-257,0,0,0,0,0,0,1,0,1024,0,2,72,-1,0,0,-1,1,72,1,2,1130656,31,0,1,1,20.0,43.2,44.8
s2b-r04,1,A,0,s2b-r04-258,0,0,0,0,0,0,1,0,1024,0,2,148,-1,0,0,-1,1,148,1,2,2318902,152,0,1,1,27.0,43.2,44.8
s2b-r04,1,A,0,s2b-r04-259,0,0,0,0,0,0,1,0,1024,0,16,118,4,0,0,-1,1,118,4,0,1846591,118,0,4,4,197.0,43.2,44.8
s2b-r04,1,A,0,s2b-r04-260,0,0,0,0,0,0,1,0,1024,0,32,98,-1,0,0,-1,5,98,5,2,1533542,98,0,5,5,78.0,43.2,44.8
s2b-r04,1,A,0,s2b-r04-261,0,0,0,0,0,0,1,0,1024,0,32,86,4,0,0,-1,1,86,5,0,1344641,33,0,5,5,230.0,43.2,44.8
s2b-r04,1,A,0,s2b-r04-262,0,0,0,0,0,0,1,0,1024,0,32,84,-1,0,0,-1,5,84,5,2,1324307,84,0,5,5,68.0,43.2,44.8
s2b-r04,1,A,0,s2b-r04-263,0,0,0,0,0,0,1,0,1024,0,32,138,-1,0,0,-1,5,138,5,2,2163346,138,0,5,5,34.0,43.2,44.8
s2b-r04,1,A,0,s2b-r04-264,0,0,0,0,0,0,1,0,1024,0,2,126,1,0,0,-1,5,126,1,0,1981110,126,0,1,1,146.0,43.2,44.8
s2b-r04,1,A,0,s2b-r04-265,0,0,0,0,0,0,1,0,1024,0,1,152,0,0,0,-1,1,152,0,0,2385720,152,0,0,0,56.0,43.2,44.8
s2b-r04,1,A,0,s2b-r04-266,0,0,0,0,0,0,1,0,1024,0,32,87,-1,0,0,-1,5,87,5,2,1361728,24,0,5,5,40.0,43.2,44.8
s2b-r04,1,A,0,s2b-r04-267,0,0,0,0,0,0,1,0,1024,0,32,61,-1,0,0,-1,5,61,5,2,968716,24,0,5,5,17.0,43.2,44.8
s2b-r04,1,A,0,s2b-r04-268,0,0,0,0,0,0,1,0,1024,0,32,155,-1,0,0,-1,5,155,5,2,2435425,155,0,5,5,24.0,43.2,44.8
s2b-r04,1,A,0,s2b-r04-269,0,0,0,0,0,0,1,0,1024,0,32,93,-1,0,0,-1,5,93,5,2,1465395,93,0,5,5,77.0,43.2,44.8
s2b-r04,1,A,0,s2b-r04-270,0,0,0,0,0,0,1,0,1024,0,16,91,4,0,0,-1,5,91,4,0,1425007,93,0,4,4,352.0,43.2,44.8
s2b-r04,1,A,0,s2b-r04-271,0,0,0,0,0,0,1,0,1024,0,32,62,-1,0,0,-1,5,62,5,2,976060,13,0,5,5,35.0,43.2,44.8
s2b-r04,1,A,0,s2b-r04-272,0,0,0,0,0,0,1,0,1024,0,32,158,-1,0,0,-1,5,158,5,2,2474903,158,0,5,5,52.0,43.2,44.8
s2b-r04,1,A,0,s2b-r04-273,0,0,0,0,0,0,1,0,1024,0,32,149,5,0,0,-1,5,149,5,0,2341893,158,0,5,1,161.0,43.2,44.8
s2b-r04,1,A,0,s2b-r04-274,0,0,0,0,0,0,1,0,1024,0,2,94,-1,0,0,-1,1,94,1,2,1479274,32,0,1,1,102.0,43.2,44.8
s2b-r04,1,A,0,s2b-r04-275,0,0,0,0,0,0,1,0,1024,0,16,91,0,0,0,-1,1,91,4,0,1427284,87,0,4,4,73.0,43.2,44.8
s2b-r04,1,A,0,s2b-r04-276,0,0,0,0,0,0,1,0,1024,0,16,61,-1,0,0,-1,4,61,4,2,965616,67,0,4,4,39.0,43.2,44.8
s2b-r04,1,A,0,s2b-r04-277,0,0,0,0,0,0,1,0,1024,0,16,61,-1,0,0,-1,4,61,4,2,957484,13,0,4,4,36.0,43.2,44.8
s2b-r04,1,A,0,s2b-r04-278,0,0,0,0,0,0,1,0,1024,0,2,153,1,0,0,-1,4,153,1,0,2396328,153,0,1,1,40.0,43.2,44.8
s2b-r04,1,A,0,s2b-r04-279,0,0,0,0,0,0,1,0,1024,0,2,160,-1,0,0,-1,1,160,1,2,2508700,160,0,1,1,44.0,43.2,44.8
s2b-r04,1,A,0,s2b-r04-280,0,0,0,0,0,0,1,0,1024,0,2,97,-1,0,0,-1,1,97,1,2,1523158,103,0,1,1,16.0,43.2,44.8
s2b-r04,1,A,0,s2b-r04-281,0,0,0,0,0,0,1,0,1024,0,2,156,-1,0,0,-1,1,156,1,2,2447858,156,0,1,1,109.0,43.2,44.8
s2b-r04,1,A,0,s2b-r04-282,0,0,0,0,0,0,1,0,1024,0,2,93,1,0,0,-1,4,93,4,0,1460372,103,0,4,0,122.0,43.2,44.8
s2b-r04,1,A,0,s2b-r04-283,0,0,0,0,0,0,1,0,1024,0,32,106,-1,0,0,-1,5,106,5,2,1668877,106,0,5,5,77.0,43.2,44.8
s2b-r04,1,A,0,s2b-r04-284,0,0,0,0,0,0,1,0,1024,0,32,63,-1,0,0,-1,5,63,5,2,999747,61,0,5,5,83.0,43.2,44.8
s2b-r04,1,A,0,s2b-r04-285,0,0,0,0,0,0,1,0,1024,0,32,64,-1,0,0,-1,5,64,5,2,1003337,85,0,5,5,108.0,43.2,44.8
s2b-r04,1,A,0,s2b-r04-286,0,0,0,0,0,0,1,0,1024,0,2,61,-1,0,0,-1,1,61,1,2,962399,85,0,1,1,66.0,43.2,44.8
s2b-r04,1,A,0,s2b-r04-287,0,0,0,0,0,0,1,0,1024,0,4,63,0,0,0,-1,1,63,2,0,990436,6,0,2,2,36.0,43.2,44.8
s2b-r04,1,A,0,s2b-r04-288,0,0,0,0,0,0,1,0,1024,0,32,207,-1,0,0,-1,5,207,5,2,3237695,207,0,5,5,24.0,43.2,44.8
s2b-r04,1,A,0,s2b-r04-289,0,0,0,0,0,0,1,0,1024,0,32,148,-1,0,0,-1,5,148,5,2,2322686,152,0,5,5,24.0,43.2,44.8
s2b-r04,1,A,0,s2b-r04-290,0,0,0,0,0,0,1,0,1024,0,32,101,-1,0,0,-1,5,101,5,2,1591960,70,0,5,5,67.0,43.2,44.8
s2b-r04,1,A,0,s2b-r04-291,0,0,0,0,0,0,1,0,1024,0,32,89,-1,0,0,-1,5,89,5,2,1395931,70,0,5,5,106.0,43.2,44.8
s2b-r04,1,A,0,s2b-r04-292,0,0,0,0,0,0,1,0,1024,0,32,87,-1,0,0,-1,5,87,5,2,1365660,87,0,5,5,100.0,43.2,44.8
s2b-r04,1,A,0,s2b-r04-293,0,0,0,0,0,0,1,0,1024,0,16,60,4,0,0,-1,5,60,5,0,940397,20,0,5,1,162.0,43.2,44.8
s2b-r04,1,A,0,s2b-r04-294,0,0,0,0,0,0,1,0,1024,0,2,61,-1,0,0,-1,1,61,1,2,956453,50,0,1,1,76.0,43.2,44.8
s2b-r04,1,A,0,s2b-r04-295,0,0,0,0,0,0,1,0,1024,0,2,77,-1,0,0,-1,1,77,1,2,1212124,77,0,1,1,102.0,43.2,44.8
s2b-r04,1,A,0,s2b-r04-296,0,0,0,0,0,0,1,0,1024,0,32,120,5,0,0,-1,1,120,1,0,1883198,120,0,1,4,522.0,43.2,44.8
s2b-r04,1,A,0,s2b-r04-297,0,0,0,0,0,0,1,0,1024,0,16,95,-1,0,0,-1,4,95,4,2,1486205,73,0,4,4,19.0,43.2,44.8
s2b-r04,1,A,0,s2b-r04-298,0,0,0,0,0,0,1,0,1024,0,16,149,-1,0,0,-1,4,149,4,2,2342017,149,0,4,4,29.0,43.2,44.8
s2b-r04,1,A,0,s2b-r04-299,0,0,0,0,0,0,1,0,1024,0,16,111,-1,0,0,-1,4,111,4,2,1737109,111,0,4,4,73.0,43.2,44.8
s2b-r04,1,A,0,s2b-r04-300,0,0,0,0,0,0,1,0,1024,0,32,99,5,0,0,-1,4,99,5,0,1557182,99,0,5,5,52.0,43.2,44.8
s2b-r04,1,A,0,s2b-r04-301,0,0,0,0,0,0,1,0,1024,0,16,164,4,0,0,-1,5,164,4,0,2573970,164,0,4,4,38.0,43.2,44.8
s2b-r04,1,A,0,s2b-r04-302,0,0,0,0,0,0,1,0,1024,0,16,93,-1,0,0,-1,4,93,4,2,1457455,99,0,4,4,100.0,43.2,44.8
s2b-r04,1,A,0,s2b-r04-303,0,0,0,0,0,0,1,0,1024,0,16,110,-1,0,0,-1,4,110,4,2,1724409,110,0,4,4,98.0,43.2,44.8
s2b-r04,1,A,0,s2b-r04-304,0,0,0,0,0,0,1,0,1024,0,16,79,-1,0,0,-1,4,79,4,2,1245117,110,0,4,4,44.0,43.2,44.8
s2b-r04,1,A,0,s2b-r04-305,0,0,0,0,0,0,1,0,1024,0,16,84,-1,0,0,-1,4,84,4,2,1313512,110,0,4,4,68.0,43.2,44.8
s2b-r04,1,A,0,s2b-r04-306,0,0,0,0,0,0,1,0,1024,0,16,70,-1,0,0,-1,4,70,4,2,1104304,6,0,4,4,147.0,43.2,44.8
s2b-r04,1,A,0,s2b-r04-307,0,0,0,0,0,0,1,0,1024,0,16,149,-1,0,0,-1,4,149,4,2,2334132,149,0,4,4,97.0,43.2,44.8
s2b-r04,1,A,0,s2b-r04-308,0,0,0,0,0,0,1,0,1024,0,1,91,0,0,0,-1,4,91,4,0,1431128,31,0,4,4,166.0,43.2,44.8
s2b-r04,1,A,0,s2b-r04-309,0,0,0,0,0,0,1,0,1024,0,2,94,-1,0,0,-1,1,94,1,2,1482218,127,0,1,1,17.0,43.2,44.8
s2b-r04,1,A,0,s2b-r04-310,0,0,0,0,0,0,1,0,1024,0,2,148,-1,0,0,-1,1,148,1,2,2327336,148,0,1,1,40.0,43.2,44.8
s2b-r04,1,A,0,s2b-r04-311,0,0,0,0,0,0,1,0,1024,0,8,121,-1,0,0,-1,3,121,3,2,1898075,127,0,3,3,64.0,43.2,44.8
s2b-r04,1,A,0,s2b-r04-312,0,0,0,0,0,0,1,0,1024,0,32,151,1,0,0,-1,3,151,5,0,2362216,151,0,5,5,65.0,43.2,44.8
s2b-r04,1,A,0,s2b-r04-313,0,0,0,0,0,0,1,0,1024,0,32,153,-1,0,0,-1,5,153,5,2,2405091,153,0,5,5,106.0,43.2,44.8
s2b-r04,1,A,0,s2b-r04-314,0,0,0,0,0,0,1,0,1024,0,32,118,5,0,0,-1,0,118,5,0,1854315,110,0,5,5,58.0,43.2,44.8
s2b-r04,1,A,0,s2b-r04-315,0,0,0,0,0,0,1,0,1024,0,1,96,-1,0,0,-1,0,96,0,2,1512132,76,0,0,0,18.0,43.2,44.8
s2b-r04,1,A,0,s2b-r04-316,0,0,0,0,0,0,1,0,1024,0,2,165,1,0,0,-1,0,165,1,0,2592358,165,0,1,1,85.0,43.2,44.8
s2b-r04,1,A,0,s2b-r04-317,0,0,0,0,0,0,1,0,1024,0,32,96,-1,0,0,-1,5,96,5,2,1502618,76,0,5,5,104.0,43.2,44.8
s2b-r04,1,A,0,s2b-r04-318,0,0,0,0,0,0,1,0,1024,0,2,104,1,0,0,-1,5,104,1,0,1628433,104,0,1,1,63.0,43.2,44.8
s2b-r04,1,A,0,s2b-r04-319,0,0,0,0,0,0,1,0,1024,0,16,76,-1,0,0,-1,4,76,4,2,1197331,104,0,4,4,37.0,43.2,44.8
s2b-r04,1,A,0,s2b-r04-320,0,0,0,0,0,0,1,0,1024,0,16,151,-1,0,0,-1,4,151,4,2,2365803,153,0,4,4,17.0,43.2,44.8
s2b-r04,1,A,0,s2b-r04-321,0,0,0,0,0,0,1,0,1024,0,16,130,-1,0,0,-1,4,130,4,2,2043915,130,0,4,4,22.0,43.2,44.8
s2b-r04,1,A,0,s2b-r04-322,0,0,0,0,0,0,1,0,1024,0,16,151,-1,0,0,-1,4,151,4,2,2373818,151,0,4,4,43.0,43.2,44.8
s2b-r04,1,A,0,s2b-r04-323,0,0,0,0,0,0,1,0,1024,0,1,154,0,0,0,-1,4,154,0,0,2407240,154,0,0,0,139.0,43.2,44.8
s2b-r04,1,A,0,s2b-r04-324,0,0,0,0,0,0,1,0,1024,0,1,153,-1,0,0,-1,0,153,0,2,2400467,153,0,0,0,25.0,43.2,44.8
s2b-r04,1,A,0,s2b-r04-325,0,0,0,0,0,0,1,0,1024,0,1,117,-1,0,0,-1,0,117,0,2,1838289,117,0,0,0,52.0,43.2,44.8
s2b-r04,1,A,0,s2b-r04-326,0,0,0,0,0,0,1,0,1024,0,16,93,1,0,0,-1,2,93,4,0,1462146,60,0,4,4,81.0,43.2,44.8
s2b-r04,1,A,0,s2b-r04-327,0,0,0,0,0,0,1,0,1024,0,16,92,-1,0,0,-1,4,92,4,2,1442119,92,0,4,4,17.0,43.2,44.8
s2b-r04,1,A,0,s2b-r04-328,0,0,0,0,0,0,1,0,1024,0,16,148,-1,0,0,-1,4,148,4,2,2325473,148,0,4,4,28.0,43.2,44.8
s2b-r04,1,A,0,s2b-r04-329,0,0,0,0,0,0,1,0,1024,0,16,136,-1,0,0,-1,4,136,4,2,2130568,148,0,4,4,50.0,43.2,44.8
s2b-r04,1,A,0,s2b-r04-330,0,0,0,0,0,0,1,0,1024,0,16,91,-1,0,0,-1,4,91,4,2,1423885,36,0,4,4,103.0,43.2,44.8
s2b-r04,1,A,0,s2b-r04-331,0,0,0,0,0,0,1,0,1024,0,16,87,-1,0,0,-1,4,87,4,2,1369966,84,0,4,4,50.0,43.2,44.8
s2b-r04,1,A,0,s2b-r04-332,0,0,0,0,0,0,1,0,1024,0,32,106,-1,0,0,-1,5,106,5,2,1663560,106,0,5,5,47.0,43.2,44.8
s2b-r04,1,A,0,s2b-r04-333,0,0,0,0,0,0,1,0,1024,0,2,176,-1,0,0,-1,1,176,1,2,2754616,176,0,1,1,57.0,43.2,44.8
s2b-r04,1,A,0,s2b-r04-334,0,0,0,0,0,0,1,0,1024,0,2,91,-1,0,0,-1,1,91,1,2,1426707,33,0,1,1,52.0,43.2,44.8
s2b-r04,1,A,0,s2b-r04-335,0,0,0,0,0,0,1,0,1024,0,2,95,-1,0,0,-1,1,95,1,2,1491756,60,0,1,1,80.0,43.2,44.8
s2b-r04,1,A,0,s2b-r04-336,0,0,0,0,0,0,1,0,1024,0,16,97,4,0,0,-1,5,97,5,0,1522529,97,0,5,5,285.0,43.2,44.8
s2b-r04,1,A,0,s2b-r04-337,0,0,0,0,0,0,1,0,1024,0,16,76,-1,0,0,-1,4,76,4,2,1199864,60,0,4,4,65.0,43.2,44.8
s2b-r04,1,A,0,s2b-r04-338,0,0,0,0,0,0,1,0,1024,0,32,83,-1,0,0,-1,5,83,5,2,1309144,99,0,5,5,26.0,43.2,44.8
s2b-r04,1,A,0,s2b-r04-339,0,0,0,0,0,0,1,0,1024,0,32,152,-1,0,0,-1,5,152,5,2,2376630,152,0,5,5,79.0,43.2,44.8
s2b-r04,1,A,0,s2b-r04-340,0,0,0,0,0,0,1,0,1024,0,32,150,-1,0,0,-1,5,150,5,2,2354494,152,0,5,5,107.0,43.2,44.8
s2b-r04,1,A,0,s2b-r04-341,0,0,0,0,0,0,1,0,1024,0,32,126,-1,0,0,-1,5,126,5,2,1971214,126,0,5,5,53.0,43.2,44.8
s2b-r04,1,A,0,s2b-r04-342,0,0,0,0,0,0,1,0,1024,0,16,95,-1,0,0,-1,4,95,4,2,1490857,126,0,4,4,107.0,43.2,44.8
s2b-r04,1,A,0,s2b-r04-343,0,0,0,0,0,0,1,0,1024,0,2,89,1,0,0,-1,4,89,1,0,1395105,126,0,1,1,85.0,43.2,44.8
s2b-r04,1,A,0,s2b-r04-344,0,0,0,0,0,0,1,0,1024,0,2,80,1,0,0,-1,5,80,1,0,1263385,80,0,1,1,59.0,43.2,44.8
s2b-r04,1,A,0,s2b-r04-345,0,0,0,0,0,0,1,0,1024,0,2,136,-1,0,0,-1,1,136,1,2,2126330,136,0,1,1,52.0,43.2,44.8
s2b-r04,1,A,0,s2b-r04-346,0,0,0,0,0,0,1,0,1024,0,8,76,3,0,0,-1,1,76,3,0,1200509,76,0,3,3,99.0,43.2,44.8
s2b-r04,1,A,0,s2b-r04-347,0,0,0,0,0,0,1,0,1024,0,8,111,-1,0,0,-1,3,111,3,2,1749037,111,0,3,3,89.0,43.2,44.8
s2b-r04,1,A,0,s2b-r04-348,0,0,0,0,0,0,1,0,1024,0,1,153,0,0,0,-1,3,153,0,0,2401930,153,0,0,0,37.0,43.2,44.8
s2b-r04,1,A,0,s2b-r04-349,0,0,0,0,0,0,1,0,1024,0,1,166,-1,0,0,-1,0,166,0,2,2605763,166,0,0,0,14.0,43.2,44.8
s2b-r04,1,A,0,s2b-r04-350,0,0,0,0,0,0,1,0,1024,0,1,118,-1,0,0,-1,0,118,0,2,1848276,106,0,0,0,12.0,43.2,44.8
s2b-r04,1,A,0,s2b-r04-351,0,0,0,0,0,0,1,0,1024,0,4,160,-1,0,0,-1,2,160,2,2,2506002,160,0,2,2,26.0,43.2,44.8
s2b-r04,1,A,0,s2b-r04-352,0,0,0,0,0,0,1,0,1024,0,4,94,-1,0,0,-1,2,94,2,2,1473746,106,0,2,2,17.0,43.2,44.8
s2b-r04,1,A,0,s2b-r04-353,0,0,0,0,0,0,1,0,1024,0,4,152,-1,0,0,-1,2,152,2,2,2386326,152,0,2,2,28.0,43.2,44.8
s2b-r04,1,A,0,s2b-r04-354,0,0,0,0,0,0,1,0,1024,0,2,91,0,0,0,-1,2,91,1,0,1426994,75,0,1,1,30.0,43.2,44.8
s2b-r04,1,A,0,s2b-r04-355,0,0,0,0,0,0,1,0,1024,0,2,151,-1,0,0,-1,1,151,1,2,2360151,152,0,1,1,23.0,43.2,44.8
s2b-r04,1,A,0,s2b-r04-356,0,0,0,0,0,0,1,0,1024,0,2,90,-1,0,0,-1,1,90,1,2,1415114,88,0,1,1,29.0,43.2,44.8
s2b-r04,1,A,0,s2b-r04-357,0,0,0,0,0,0,1,0,1024,0,32,154,-1,0,0,-1,5,154,5,2,2406708,154,0,5,5,30.0,43.2,44.8
s2b-r04,1,A,0,s2b-r04-358,0,0,0,0,0,0,1,0,1024,0,1,109,-1,0,0,-1,0,109,0,2,1704937,109,0,0,0,15.0,43.2,44.8
s2b-r04,1,A,0,s2b-r04-359,0,0,0,0,0,0,1,0,1024,0,2,156,0,0,0,-1,5,156,1,0,2450512,156,0,1,1,23.0,43.2,44.8
s2b-r04,1,A,0,s2b-r04-360,0,0,0,0,0,0,1,0,1024,0,1,122,0,0,0,-1,1,122,1,0,1920656,122,0,1,1,22.0,43.2,44.8
s2b-r04,1,A,0,s2b-r04-361,0,0,0,0,0,0,1,0,1024,0,32,155,5,0,0,-1,1,155,5,0,2426183,155,0,5,5,23.0,43.2,44.8
s2b-r04,1,A,0,s2b-r04-362,0,0,0,0,0,0,1,0,1024,0,32,131,-1,0,0,-1,5,131,5,2,2052543,155,0,5,5,16.0,43.2,44.8
s2b-r04,1,A,0,s2b-r04-363,0,0,0,0,0,0,1,0,1024,0,32,152,-1,0,0,-1,5,152,5,2,2387954,152,0,5,5,15.0,43.2,44.8
s2b-r04,1,A,0,s2b-r04-364,0,0,0,0,0,0,1,0,1024,0,2,140,0,0,0,-1,3,140,1,0,2202413,152,0,1,1,21.0,43.2,44.8
s2b-r04,1,A,0,s2b-r04-365,0,0,0,0,0,0,1,0,1024,0,2,153,-1,0,0,-1,1,153,1,2,2404025,153,0,1,1,16.0,43.2,44.8
s2b-r04,1,A,0,s2b-r04-366,0,0,0,0,0,0,1,0,1024,0,8,125,-1,0,0,-1,3,125,3,2,1965598,125,0,3,3,55.0,43.2,44.8
s2b-r04,1,A,0,s2b-r04-367,0,0,0,0,0,0,1,0,1024,0,32,91,4,0,0,-1,3,91,5,0,1434356,125,0,5,5,100.0,43.2,44.8
s2b-r04,1,A,0,s2b-r04-368,0,0,0,0,0,0,1,0,1024,0,32,108,-1,0,0,-1,5,108,5,2,1696311,125,0,5,5,104.0,43.2,44.8
s2b-r04,1,A,0,s2b-r04-369,0,0,0,0,0,0,1,0,1024,0,1,74,0,0,0,-1,4,74,4,0,1163669,108,0,4,4,731.0,43.2,44.8
s2b-r04,1,A,0,s2b-r04-370,0,0,0,0,0,0,1,0,1024,0,2,111,-1,0,0,-1,1,111,1,2,1740643,111,0,1,1,16.0,43.2,44.8
s2b-r04,1,A,0,s2b-r04-371,0,0,0,0,0,0,1,0,1024,0,2,94,-1,0,0,-1,1,94,1,2,1483822,94,0,1,1,23.0,43.2,44.8
s2b-r04,1,A,0,s2b-r04-372,0,0,0,0,0,0,1,0,1024,0,2,151,-1,0,0,-1,1,151,1,2,2360313,151,0,1,1,31.0,43.2,44.8
s2b-r04,1,A,0,s2b-r04-373,0,0,0,0,0,0,1,0,1024,0,2,148,-1,0,0,-1,1,148,1,2,2313822,151,0,1,1,59.0,43.2,44.8
s2b-r04,1,A,0,s2b-r04-374,0,0,0,0,0,0,1,0,1024,0,32,91,-1,0,0,-1,5,91,5,2,1421987,5,0,5,5,103.0,43.2,44.8
s2b-r04,1,A,0,s2b-r04-375,0,0,0,0,0,0,1,0,1024,0,16,80,-1,0,0,-1,4,80,4,2,1251623,80,0,4,4,62.0,43.2,44.8
s2b-r04,1,A,0,s2b-r04-376,0,0,0,0,0,0,1,0,1024,0,16,73,-1,0,0,-1,4,73,4,2,1141672,73,0,4,4,83.0,43.2,44.8
s2b-r04,1,A,0,s2b-r04-377,0,0,0,0,0,0,1,0,1024,0,32,109,1,0,0,-1,4,109,5,0,1712948,109,0,5,4,177.0,43.2,44.8
s2b-r04,1,A,0,s2b-r04-378,0,0,0,0,0,0,1,0,1024,0,16,81,-1,0,0,-1,4,81,4,2,1272488,51,0,4,4,48.0,43.2,44.8
s2b-r04,1,A,0,s2b-r04-379,0,0,0,0,0,0,1,0,1024,0,32,87,-1,0,0,-1,5,87,5,2,1363385,47,0,5,5,48.0,43.2,44.8
s2b-r04,1,A,0,s2b-r04-380,0,0,0,0,0,0,1,0,1024,0,1,150,0,0,0,-1,5,150,0,0,2355127,150,0,0,0,52.0,43.2,44.8
s2b-r04,1,A,0,s2b-r04-381,0,0,0,0,0,0,1,0,1024,0,1,152,0,0,0,-1,1,152,1,0,2384440,152,0,1,1,655.0,43.2,44.8
s2b-r04,1,A,0,s2b-r04-382,0,0,0,0,0,0,1,0,1024,0,1,163,-1,0,0,-1,0,163,0,2,2560652,124,0,0,0,18.0,43.2,44.8
s2b-r04,1,A,0,s2b-r04-383,0,0,0,0,0,0,1,0,1024,0,8,186,-1,0,0,-1,3,186,3,2,2918922,162,0,3,3,64.0,43.2,44.8
s2b-r04,1,A,0,s2b-r04-384,0,0,0,0,0,0,1,0,1024,0,8,155,-1,0,0,-1,3,155,3,2,2436988,113,0,3,3,108.0,43.2,44.8
s2b-r04,1,A,0,s2b-r04-385,0,0,0,0,0,0,1,0,1024,0,16,93,-1,0,0,-1,4,93,4,2,1456247,113,0,4,4,81.0,43.2,44.8
s2b-r04,1,A,0,s2b-r04-386,0,0,0,0,0,0,1,0,1024,0,16,61,-1,0,0,-1,4,61,4,2,957142,21,0,4,4,55.0,43.2,44.8
s2b-r04,1,A,0,s2b-r04-387,0,0,0,0,0,0,1,0,1024,0,16,61,0,0,0,-1,1,61,4,0,964312,54,0,4,4,68.0,43.2,44.8
s2b-r04,1,A,0,s2b-r04-388,0,0,0,0,0,0,1,0,1024,0,32,81,1,0,0,-1,4,81,5,0,1276925,81,0,5,5,64.0,43.2,44.8
s2b-r04,1,A,0,s2b-r04-389,0,0,0,0,0,0,1,0,1024,0,2,113,1,0,0,-1,4,113,4,0,1765987,113,0,4,1,243.0,43.2,44.8
s2b-r04,1,A,0,s2b-r04-390,0,0,0,0,0,0,1,0,1024,0,2,146,-1,0,0,-1,1,146,1,2,2290215,146,0,1,1,37.0,43.2,44.8
s2b-r04,1,A,0,s2b-r04-391,0,0,0,0,0,0,1,0,1024,0,32,195,-1,0,0,-1,5,195,5,2,3056571,195,0,5,5,14.0,43.2,44.8
s2b-r04,1,A,0,s2b-r04-392,0,0,0,0,0,0,1,0,1024,0,32,150,-1,0,0,-1,5,150,5,2,2344966,150,0,5,5,26.0,43.2,44.8
s2b-r04,1,A,0,s2b-r04-393,0,0,0,0,0,0,1,0,1024,0,16,167,-1,0,0,-1,4,167,4,2,2617082,167,0,4,4,25.0,43.2,44.8
s2b-r04,1,A,0,s2b-r04-394,0,0,0,0,0,0,1,0,1024,0,16,133,-1,0,0,-1,4,133,4,2,2087754,119,0,4,4,52.0,43.2,44.8
s2b-r04,1,A,0,s2b-r04-395,0,0,0,0,0,0,1,0,1024,0,16,94,-1,0,0,-1,4,94,4,2,1475259,46,0,4,4,100.0,43.2,44.8
s2b-r04,1,A,0,s2b-r04-396,0,0,0,0,0,0,1,0,1024,0,16,96,4,0,0,-1,5,96,5,0,1513714,96,0,5,0,853.0,43.2,44.8
s2b-r04,1,A,0,s2b-r04-397,0,0,0,0,0,0,1,0,1024,0,16,73,4,0,0,-1,5,73,4,0,1153237,96,0,4,4,30.0,43.2,44.8
s2b-r04,1,A,0,s2b-r04-398,0,0,0,0,0,0,1,0,1024,0,16,171,-1,0,0,-1,4,171,4,2,2673863,171,0,4,4,53.0,43.2,44.8
s2b-r04,1,A,0,s2b-r04-399,0,0,0,0,0,0,1,0,1024,0,16,109,-1,0,0,-1,4,109,4,2,1704444,109,0,4,4,104.0,43.2,44.8
s2b-r04,1,A,0,s2b-r04-400,0,0,0,0,0,0,1,0,1024,0,16,94,-1,0,0,-1,4,94,4,2,1470028,109,0,4,4,82.0,43.2,44.8
s2b-r04,1,A,0,s2b-r04-401,0,0,0,0,0,0,1,0,1024,0,16,83,-1,0,0,-1,4,83,4,2,1303952,109,0,4,4,20.0,43.2,44.8
s2b-r04,1,A,0,s2b-r04-402,0,0,0,0,0,0,1,0,1024,0,16,149,-1,0,0,-1,4,149,4,2,2332163,149,0,4,4,77.0,43.2,44.8
s2b-r04,1,A,0,s2b-r04-403,0,0,0,0,0,0,1,0,1024,0,16,151,-1,0,0,-1,4,151,4,2,2361952,151,0,4,4,40.0,43.2,44.8
s2b-r04,1,A,0,s2b-r04-404,0,0,0,0,0,0,1,0,1024,0,16,104,-1,0,0,-1,4,104,4,2,1632046,94,0,4,4,113.0,43.2,44.8
s2b-r04,1,A,0,s2b-r04-405,0,0,0,0,0,0,1,0,1024,0,32,101,5,0,0,-1,4,101,4,0,1591836,101,0,4,5,655.0,43.2,44.8
s2b-r04,1,A,0,s2b-r04-406,0,0,0,0,0,0,1,0,1024,0,16,73,-1,0,0,-1,4,73,4,2,1142174,101,0,4,4,67.0,43.2,44.8
s2b-r04,1,A,0,s2b-r04-407,0,0,0,0,0,0,1,0,1024,0,16,82,-1,0,0,-1,4,82,4,2,1282846,101,0,4,4,105.0,43.2,44.8
s2b-r04,1,A,0,s2b-r04-408,0,0,0,0,0,0,1,0,1024,0,8,100,3,0,0,-1,5,100,3,0,1574279,100,0,3,3,46.0,43.2,44.8
s2b-r04,1,A,0,s2b-r04-409,0,0,0,0,0,0,1,0,1024,0,8,152,-1,0,0,-1,3,152,3,2,2387757,152,0,3,3,64.0,43.2,44.8
s2b-r04,1,A,0,s2b-r04-410,0,0,0,0,0,0,1,0,1024,0,8,111,-1,0,0,-1,3,111,3,2,1748282,111,0,3,3,48.0,43.2,44.8
s2b-r04,1,A,0,s2b-r04-411,0,0,0,0,0,0,1,0,1024,0,8,150,-1,0,0,-1,3,150,3,2,2349978,150,0,3,3,46.0,43.2,44.8
s2b-r04,1,A,0,s2b-r04-412,0,0,0,0,0,0,1,0,1024,0,32,151,0,0,0,-1,3,151,5,0,2361736,151,0,5,5,60.0,43.2,44.8
s2b-r04,1,A,0,s2b-r04-413,0,0,0,0,0,0,1,0,1024,0,32,112,-1,0,0,-1,5,112,5,2,1762234,92,0,5,5,22.0,43.2,44.8
s2b-r04,1,A,0,s2b-r04-414,0,0,0,0,0,0,1,0,1024,0,2,156,1,0,0,-1,5,156,1,0,2446666,156,0,1,1,79.0,43.2,44.8
s2b-r04,1,A,0,s2b-r04-415,0,0,0,0,0,0,1,0,1024,0,32,113,-1,0,0,-1,5,113,5,2,1770761,113,0,5,5,98.0,43.2,44.8
s2b-r04,1,A,0,s2b-r04-416,0,0,0,0,0,0,1,0,1024,0,32,92,-1,0,0,-1,5,92,5,2,1447031,76,0,5,5,46.0,43.2,44.8
s2b-r04,1,A,0,s2b-r04-417,0,0,0,0,0,0,1,0,1024,0,32,150,-1,0,0,-1,5,150,5,2,2350242,150,0,5,5,98.0,43.2,44.8
s2b-r04,1,A,0,s2b-r04-418,0,0,0,0,0,0,1,0,1024,0,16,90,2,0,0,-1,5,90,4,0,1409159,102,0,4,4,225.0,43.2,44.8
s2b-r04,1,A,0,s2b-r04-419,0,0,0,0,0,0,1,0,1024,0,1,102,0,0,0,-1,4,102,0,0,1608175,102,0,0,0,34.0,43.2,44.8
s2b-r04,1,A,0,s2b-r04-420,0,0,0,0,0,0,1,0,1024,0,32,115,4,0,0,-1,0,115,5,0,1800535,115,0,5,5,111.0,43.2,44.8
s2b-r04,1,A,0,s2b-r04-421,0,0,0,0,0,0,1,0,1024,0,16,86,-1,0,0,-1,4,86,4,2,1345308,115,0,4,4,31.0,43.2,44.8
s2b-r04,1,A,0,s2b-r04-422,0,0,0,0,0,0,1,0,1024,0,1,151,0,0,0,-1,1,151,0,0,2362821,151,0,0,0,40.0,43.2,44.8
s2b-r04,1,A,0,s2b-r04-423,0,0,0,0,0,0,1,0,1024,0,1,138,-1,0,0,-1,0,138,0,2,2169909,138,0,0,0,28.0,43.2,44.8
s2b-r04,1,A,0,s2b-r04-424,0,0,0,0,0,0,1,0,1024,0,32,91,1,0,0,-1,0,91,5,0,1430098,78,0,5,5,56.0,43.2,44.8
s2b-r04,1,A,0,s2b-r04-425,0,0,0,0,0,0,1,0,1024,0,16,77,-1,0,0,-1,4,77,4,2,1213805,17,0,4,4,50.0,43.2,44.8
s2b-r04,1,A,0,s2b-r04-426,0,0,0,0,0,0,1,0,1024,0,16,151,-1,0,0,-1,4,151,4,2,2368617,151,0,4,4,135.0,43.2,44.8
s2b-r04,1,A,0,s2b-r04-427,0,0,0,0,0,0,1,0,1024,0,4,97,1,0,0,-1,4,97,2,0,1525161,35,0,2,2,134.0,43.2,44.8
s2b-r04,1,A,0,s2b-r04-428,0,0,0,0,0,0,1,0,1024,0,1,90,0,0,0,-1,2,90,0,0,1416384,85,0,0,0,76.0,43.2,44.8
s2b-r04,1,A,0,s2b-r04-429,0,0,0,0,0,0,1,0,1024,0,32,152,-1,0,0,-1,5,152,5,2,2381273,152,0,5,5,62.0,43.2,44.8
s2b-r04,1,A,0,s2b-r04-430,0,0,0,0,0,0,1,0,1024,0,32,145,-1,0,0,-1,5,145,5,2,2276396,152,0,5,5,33.0,43.2,44.8
s2b-r04,1,A,0,s2b-r04-431,0,0,0,0,0,0,1,0,1024,0,1,151,0,0,0,-1,1,151,1,0,2373190,151,0,1,0,94.0,43.2,44.8
s2b-r04,1,A,0,s2b-r04-432,0,0,0,0,0,0,1,0,1024,0,2,165,-1,0,0,-1,1,165,1,2,2585200,165,0,1,1,20.0,43.2,44.8
s2b-r04,1,A,0,s2b-r04-433,0,0,0,0,0,0,1,0,1024,0,16,152,4,0,0,-1,2,152,4,0,2376453,152,0,4,4,93.0,43.2,44.8
s2b-r04,1,A,0,s2b-r04-434,0,0,0,0,0,0,1,0,1024,0,16,96,-1,0,0,-1,4,96,4,2,1515438,41,0,4,4,61.0,43.2,44.8
s2b-r04,1,A,0,s2b-r04-435,0,0,0,0,0,0,1,0,1024,0,16,91,-1,0,0,-1,4,91,4,2,1423491,46,0,4,4,103.0,43.2,44.8
s2b-r04,1,A,0,s2b-r04-436,0,0,0,0,0,0,1,0,1024,0,16,85,-1,0,0,-1,4,85,4,2,1330385,85,0,4,4,82.0,43.2,44.8
s2b-r04,1,A,0,s2b-r04-437,0,0,0,0,0,0,1,0,1024,0,16,60,-1,0,0,-1,4,60,4,2,944790,19,0,4,4,107.0,43.2,44.8
s2b-r04,1,A,0,s2b-r04-438,0,0,0,0,0,0,1,0,1024,0,16,77,-1,0,0,-1,4,77,4,2,1210714,77,0,4,4,71.0,43.2,44.8
s2b-r04,1,A,0,s2b-r04-439,0,0,0,0,0,0,1,0,1024,0,16,136,4,0,0,-1,1,136,1,0,2130918,136,0,1,4,74.0,43.2,44.8
s2b-r04,1,A,0,s2b-r04-440,0,0,0,0,0,0,1,0,1024,0,16,164,-1,0,0,-1,4,164,4,2,2566847,164,0,4,4,32.0,43.2,44.8
s2b-r04,1,A,0,s2b-r04-441,0,0,0,0,0,0,1,0,1024,0,16,156,-1,0,0,-1,4,156,4,2,2440457,156,0,4,4,29.0,43.2,44.8
s2b-r04,1,A,0,s2b-r04-442,0,0,0,0,0,0,1,0,1024,0,16,157,-1,0,0,-1,4,157,4,2,2453502,157,0,4,4,31.0,43.2,44.8
s2b-r04,1,A,0,s2b-r04-443,0,0,0,0,0,0,1,0,1024,0,16,150,-1,0,0,-1,4,150,4,2,2344310,157,0,4,4,24.0,43.2,44.8
s2b-r04,1,A,0,s2b-r04-444,0,0,0,0,0,0,1,0,1024,0,16,122,-1,0,0,-1,4,122,4,2,1919780,119,0,4,4,104.0,43.2,44.8
s2b-r04,1,A,0,s2b-r04-445,0,0,0,0,0,0,1,0,1024,0,16,90,-1,0,0,-1,4,90,4,2,1413059,68,0,4,4,58.0,43.2,44.8
s2b-r04,1,A,0,s2b-r04-446,0,0,0,0,0,0,1,0,1024,0,16,61,-1,0,0,-1,4,61,4,2,959499,68,0,4,4,59.0,43.2,44.8
s2b-r04,1,A,0,s2b-r04-447,0,0,0,0,0,0,1,0,1024,0,16,61,-1,0,0,-1,4,61,4,2,954260,47,0,4,4,97.0,43.2,44.8
s2b-r04,1,A,0,s2b-r04-448,0,0,0,0,0,0,1,0,1024,0,32,87,-1,0,0,-1,5,87,5,2,1373120,87,0,5,5,65.0,43.2,44.8
s2b-r04,1,A,0,s2b-r04-449,0,0,0,0,0,0,1,0,1024,0,2,104,1,0,0,-1,5,104,5,0,1626922,104,0,5,0,346.0,43.2,44.8
s2b-r04,1,A,0,s2b-r04-450,0,0,0,0,0,0,1,0,1024,0,2,87,-1,0,0,-1,1,87,1,2,1367900,64,0,1,1,34.0,43.2,44.8
s2b-r04,1,A,0,s2b-r04-451,0,0,0,0,0,0,1,0,1024,0,2,92,-1,0,0,-1,1,92,1,2,1446794,64,0,1,1,47.0,43.2,44.8
s2b-r04,1,A,0,s2b-r04-452,0,0,0,0,0,0,1,0,1024,0,2,149,-1,0,0,-1,1,149,1,2,2337966,149,0,1,1,37.0,43.2,44.8
s2b-r04,1,A,0,s2b-r04-453,0,0,0,0,0,0,1,0,1024,0,2,154,-1,0,0,-1,1,154,1,2,2417453,154,0,1,1,56.0,43.2,44.8
s2b-r04,1,A,0,s2b-r04-454,0,0,0,0,0,0,1,0,1024,0,16,92,-1,0,0,-1,4,92,4,2,1445947,23,0,4,4,68.0,43.2,44.8
s2b-r04,1,A,0,s2b-r04-455,0,0,0,0,0,0,1,0,1024,0,16,63,-1,0,0,-1,4,63,4,2,990646,30,0,4,4,106.0,43.2,44.8
s2b-r04,1,A,0,s2b-r04-456,0,0,0,0,0,0,1,0,1024,0,16,82,-1,0,0,-1,4,82,4,2,1283324,82,0,4,4,106.0,43.2,44.8
s2b-r04,1,A,0,s2b-r04-457,0,0,0,0,0,0,1,0,1024,0,32,61,0,0,0,-1,1,61,5,0,955134,19,0,5,5,70.0,43.2,44.8
s2b-r04,1,A,0,s2b-r04-458,0,0,0,0,0,0,1,0,1024,0,32,61,-1,0,0,-1,5,61,5,2,959538,19,0,5,5,65.0,43.2,44.8
s2b-r04,1,A,0,s2b-r04-459,0,0,0,0,0,0,1,0,1024,0,16,64,4,0,0,-1,5,64,5,0,1015120,19,0,5,4,65.0,43.2,44.8
s2b-r04,1,A,0,s2b-r04-460,0,0,0,0,0,0,1,0,1024,0,16,150,-1,0,0,-1,4,150,4,2,2354255,150,0,4,4,35.0,43.2,44.8
s2b-r04,1,A,0,s2b-r04-461,0,0,0,0,0,0,1,0,1024,0,1,169,0,0,0,-1,5,169,0,0,2646816,169,0,0,0,41.0,43.2,44.8
s2b-r04,1,A,0,s2b-r04-462,0,0,0,0,0,0,1,0,1024,0,2,150,-1,0,0,-1,1,150,1,2,2356286,150,0,1,1,31.0,43.2,44.8
s2b-r04,1,A,0,s2b-r04-463,0,0,0,0,0,0,1,0,1024,0,2,126,-1,0,0,-1,1,126,1,2,1983918,126,0,1,1,41.0,43.2,44.8
s2b-r04,1,A,0,s2b-r04-464,0,0,0,0,0,0,1,0,1024,0,2,90,-1,0,0,-1,1,90,1,2,1419511,5,0,1,1,104.0,43.2,44.8
s2b-r04,1,A,0,s2b-r04-465,0,0,0,0,0,0,1,0,1024,0,2,86,-1,0,0,-1,1,86,1,2,1352412,62,0,1,1,45.0,43.2,44.8
s2b-r04,1,A,0,s2b-r04-466,0,0,0,0,0,0,1,0,1024,0,32,112,-1,0,0,-1,5,112,5,2,1759437,112,0,5,5,62.0,43.2,44.8
s2b-r04,1,A,0,s2b-r04-467,0,0,0,0,0,0,1,0,1024,0,32,62,-1,0,0,-1,5,62,5,2,984045,112,0,5,5,159.0,43.2,44.8
s2b-r04,1,A,0,s2b-r04-468,0,0,0,0,0,0,1,0,1024,0,32,101,-1,0,0,-1,5,101,5,2,1586222,101,0,5,5,65.0,43.2,44.8
s2b-r05,2,B,512,s2b-r05-0,512,512,0,10,512,512,1,10,1024,0,32,512,-1,0,0,-1,5,107,5,2,1685722,107,0,5,5,26.0,44.8,49.4
s2b-r05,2,B,512,s2b-r05-1,512,512,0,10,512,512,1,10,1024,0,32,512,-1,0,0,-1,5,148,5,2,2316420,149,0,5,5,37.0,44.8,49.4
s2b-r05,2,B,512,s2b-r05-2,512,512,0,10,512,512,1,10,1024,6,1,512,0,1,0,-1,0,151,0,0,2372615,151,1,0,0,19.0,44.8,49.4
s2b-r05,2,B,512,s2b-r05-3,512,512,0,10,512,512,1,10,1024,6,1,512,0,1,0,-1,0,153,0,0,2406012,153,1,0,0,59.0,44.8,49.4
s2b-r05,2,B,512,s2b-r05-4,512,512,0,10,512,512,1,10,1024,0,1,512,-1,0,0,-1,0,170,0,2,2667614,170,0,0,0,35.0,44.8,49.4
s2b-r05,2,B,512,s2b-r05-5,512,512,0,10,512,512,1,10,1024,6,16,512,1,1,0,-1,0,218,4,0,3408862,218,1,4,4,23.0,44.8,49.4
s2b-r05,2,B,512,s2b-r05-6,512,512,0,10,512,512,1,10,1024,6,16,512,0,1,0,-1,4,148,4,0,2327666,148,1,4,4,26.0,44.8,49.4
s2b-r05,2,B,512,s2b-r05-7,512,512,0,10,512,512,1,10,1024,6,1,512,0,1,0,-1,4,156,0,0,2442337,156,1,0,0,28.0,44.8,49.4
s2b-r05,2,B,512,s2b-r05-8,512,512,0,10,512,512,1,10,1024,6,1,512,0,1,0,-1,0,135,0,0,2113087,13,1,0,0,23.0,44.8,49.4
s2b-r05,2,B,512,s2b-r05-9,512,512,0,10,512,512,1,10,1024,6,1,512,0,1,0,-1,0,157,0,0,2463690,157,1,0,0,135.0,44.8,49.4
s2b-r05,2,B,512,s2b-r05-10,512,512,0,10,512,512,1,10,1024,6,1,512,0,1,0,-1,0,119,0,0,1860142,119,1,0,0,24.0,44.8,49.4
s2b-r05,2,B,512,s2b-r05-11,512,512,0,10,512,512,1,10,1024,6,16,512,0,1,0,-1,4,160,4,0,2503446,160,1,4,4,35.0,44.8,49.4
s2b-r05,2,B,512,s2b-r05-12,512,512,0,10,512,512,1,10,1024,6,16,512,0,1,0,-1,4,148,4,0,2314411,157,1,4,4,36.0,44.8,49.4
s2b-r05,2,B,512,s2b-r05-13,512,512,0,10,512,512,1,10,1024,6,16,512,1,1,0,-1,4,135,4,0,2118787,135,1,4,4,35.0,44.8,49.4
s2b-r05,2,B,512,s2b-r05-14,512,512,0,10,512,512,1,10,1024,6,32,512,0,1,0,-1,4,94,5,0,1480056,74,1,5,5,39.0,44.8,49.4
s2b-r05,2,B,512,s2b-r05-15,512,512,0,10,512,512,1,10,1024,0,16,512,4,0,0,-1,5,159,5,0,2497770,159,0,5,4,30.0,44.8,49.4
s2b-r05,2,B,512,s2b-r05-16,512,512,0,10,512,512,1,10,1024,6,32,512,0,1,0,-1,5,150,5,0,2352092,150,1,5,5,22.0,44.8,49.4
s2b-r05,2,B,512,s2b-r05-17,512,512,0,10,512,512,1,10,1024,0,32,512,-1,0,0,-1,5,157,5,2,2456494,157,0,5,5,97.0,44.8,49.4
s2b-r05,2,B,512,s2b-r05-18,512,512,0,10,512,512,1,10,1024,0,32,512,-1,0,0,-1,5,147,5,2,2298507,150,0,5,5,63.0,44.8,49.4
s2b-r05,2,B,512,s2b-r05-19,512,512,0,10,512,512,1,10,1024,6,64,512,-1,1,0,-1,6,121,6,2,1899752,39,0,6,6,18.0,44.8,49.4
s2b-r05,2,B,512,s2b-r05-20,512,512,0,10,512,512,1,10,1024,6,64,512,-1,1,0,-1,6,111,6,2,1744250,100,0,6,6,21.0,44.8,49.4
s2b-r05,2,B,512,s2b-r05-21,512,512,0,10,512,512,1,10,1024,6,64,512,-1,1,0,-1,6,100,6,2,1564406,99,0,6,6,48.0,44.8,49.4
s2b-r05,2,B,512,s2b-r05-22,512,512,0,10,512,512,1,10,1024,6,64,512,-1,1,0,-1,6,99,6,2,1548080,99,0,6,6,163.0,44.8,49.4
s2b-r05,2,B,512,s2b-r05-23,512,512,0,10,512,512,1,10,1024,6,64,512,-1,1,0,-1,6,109,6,2,1713321,109,0,6,6,61.0,44.8,49.4
s2b-r05,2,B,512,s2b-r05-24,512,512,0,10,512,512,1,10,1024,6,64,512,-1,1,0,-1,6,103,6,2,1611973,103,0,6,6,63.0,44.8,49.4
s2b-r05,2,B,512,s2b-r05-25,512,512,0,10,512,512,1,10,1024,6,64,512,-1,1,0,-1,6,83,6,2,1303776,103,0,6,6,153.0,44.8,49.4
s2b-r05,2,B,512,s2b-r05-26,512,512,0,10,512,512,1,10,1024,6,64,512,-1,1,0,-1,6,102,6,2,1600147,103,0,6,6,55.0,44.8,49.4
s2b-r05,2,B,512,s2b-r05-27,512,512,0,10,512,512,1,10,1024,6,64,512,-1,1,0,-1,6,98,6,2,1541608,103,0,6,6,148.0,44.8,49.4
s2b-r05,2,B,512,s2b-r05-28,512,512,0,10,512,512,1,10,1024,6,64,512,-1,1,0,-1,6,89,6,2,1400053,89,0,6,6,50.0,44.8,49.4
s2b-r05,2,B,512,s2b-r05-29,512,512,0,10,512,512,1,10,1024,6,64,512,-1,1,0,-1,6,100,6,2,1577674,100,0,6,6,347.0,44.8,49.4
s2b-r05,2,B,512,s2b-r05-30,512,512,0,10,512,512,1,10,1024,6,64,512,-1,1,0,-1,6,113,6,2,1770569,113,0,6,6,52.0,44.8,49.4
s2b-r05,2,B,512,s2b-r05-31,512,512,0,10,512,512,1,10,1024,6,64,512,-1,1,0,-1,6,101,6,2,1587582,101,0,6,6,142.0,44.8,49.4
s2b-r05,2,B,512,s2b-r05-32,512,512,0,10,512,512,1,10,1024,6,64,512,-1,1,0,-1,6,102,6,2,1605971,102,0,6,6,51.0,44.8,49.4
s2b-r05,2,B,512,s2b-r05-33,512,512,0,10,512,512,1,10,1024,6,64,512,-1,1,0,-1,6,83,6,2,1303517,102,0,6,6,147.0,44.8,49.4
s2b-r05,2,B,512,s2b-r05-34,512,512,0,10,512,512,1,10,1024,6,64,512,-1,1,0,-1,6,103,6,2,1613473,103,0,6,6,50.0,44.8,49.4
s2b-r05,2,B,512,s2b-r05-35,512,512,0,10,512,512,1,10,1024,6,64,512,-1,1,0,-1,6,99,6,2,1549648,102,0,6,6,142.0,44.8,49.4
s2b-r05,2,B,512,s2b-r05-36,512,512,0,10,512,512,1,10,1024,6,64,512,-1,1,0,-1,6,107,6,2,1683198,107,0,6,6,48.0,44.8,49.4
s2b-r05,2,B,512,s2b-r05-37,512,512,0,10,512,512,1,10,1024,6,64,512,-1,1,0,-1,6,100,6,2,1565034,100,0,6,6,206.0,44.8,49.4
s2b-r05,2,B,512,s2b-r05-38,512,512,0,10,512,512,1,10,1024,6,64,512,-1,1,0,-1,6,104,6,2,1632018,104,0,6,6,54.0,44.8,49.4
s2b-r05,2,B,512,s2b-r05-39,512,512,0,10,512,512,1,10,1024,6,64,512,-1,1,0,-1,6,103,6,2,1621753,103,0,6,6,54.0,44.8,49.4
s2b-r05,2,B,512,s2b-r05-40,512,512,0,10,512,512,1,10,1024,6,64,512,-1,1,0,-1,6,103,6,2,1620379,102,0,6,6,50.0,44.8,49.4
s2b-r05,2,B,512,s2b-r05-41,512,512,0,10,512,512,1,10,1024,6,64,512,-1,1,0,-1,6,82,6,2,1285097,102,0,6,6,168.0,44.8,49.4
s2b-r05,2,B,512,s2b-r05-42,512,512,0,10,512,512,1,10,1024,6,64,512,-1,1,0,-1,6,104,6,2,1627208,104,0,6,6,59.0,44.8,49.4
s2b-r05,2,B,512,s2b-r05-43,512,512,0,10,512,512,1,10,1024,6,64,512,-1,1,0,-1,6,99,6,2,1553096,102,0,6,6,168.0,44.8,49.4
s2b-r05,2,B,512,s2b-r05-44,512,512,0,10,512,512,1,10,1024,6,64,512,-1,1,0,-1,6,91,6,2,1431008,91,0,6,6,54.0,44.8,49.4
s2b-r05,2,B,512,s2b-r05-45,512,512,0,10,512,512,1,10,1024,6,64,512,-1,1,0,-1,6,102,6,2,1607550,102,0,6,6,150.0,44.8,49.4
s2b-r05,2,B,512,s2b-r05-46,512,512,0,10,512,512,1,10,1024,6,64,512,-1,1,0,-1,6,101,6,2,1591709,101,0,6,6,53.0,44.8,49.4
s2b-r05,2,B,512,s2b-r05-47,512,512,0,10,512,512,1,10,1024,6,64,512,-1,1,0,-1,6,99,6,2,1548222,99,0,6,6,145.0,44.8,49.4
s2b-r05,2,B,512,s2b-r05-48,512,512,0,10,512,512,1,10,1024,6,64,512,-1,1,0,-1,6,105,6,2,1643088,105,0,6,6,51.0,44.8,49.4
s2b-r05,2,B,512,s2b-r05-49,512,512,0,10,512,512,1,10,1024,6,64,512,-1,1,0,-1,6,81,6,2,1269100,105,0,6,6,141.0,44.8,49.4
s2b-r05,2,B,512,s2b-r05-50,512,512,0,10,512,512,1,10,1024,6,64,512,-1,1,0,-1,6,104,6,2,1631910,105,0,6,6,51.0,44.8,49.4
s2b-r05,2,B,512,s2b-r05-51,512,512,0,10,512,512,1,10,1024,6,64,512,-1,1,0,-1,6,84,6,2,1321776,84,0,6,6,154.0,44.8,49.4
s2b-r05,2,B,512,s2b-r05-52,512,512,0,10,512,512,1,10,1024,6,64,512,-1,1,0,-1,6,104,6,2,1636763,104,0,6,6,47.0,44.8,49.4
s2b-r05,2,B,512,s2b-r05-53,512,512,0,10,512,512,1,10,1024,6,64,512,-1,1,0,-1,6,87,6,2,1365361,87,0,6,6,141.0,44.8,49.4
s2b-r05,2,B,512,s2b-r05-54,512,512,0,10,512,512,1,10,1024,6,64,512,-1,1,0,-1,6,103,6,2,1616669,103,0,6,6,51.0,44.8,49.4
s2b-r05,2,B,512,s2b-r05-55,512,512,0,10,512,512,1,10,1024,6,64,512,-1,1,0,-1,6,90,6,2,1414252,90,0,6,6,162.0,44.8,49.4
s2b-r05,2,B,512,s2b-r05-56,512,512,0,10,512,512,1,10,1024,6,64,512,-1,1,0,-1,6,105,6,2,1643796,105,0,6,6,54.0,44.8,49.4
s2b-r05,2,B,512,s2b-r05-57,512,512,0,10,512,512,1,10,1024,6,64,512,-1,1,0,-1,6,90,6,2,1411491,90,0,6,6,167.0,44.8,49.4
s2b-r05,2,B,512,s2b-r05-58,512,512,0,10,512,512,1,10,1024,6,64,512,-1,1,0,-1,6,106,6,2,1668068,106,0,6,6,57.0,44.8,49.4
s2b-r05,2,B,512,s2b-r05-59,512,512,0,10,512,512,1,10,1024,6,64,512,-1,1,0,-1,6,105,6,2,1642110,106,0,6,6,122.0,44.8,49.4
s2b-r05,2,B,512,s2b-r05-60,512,512,0,10,512,512,1,10,1024,6,64,512,-1,1,0,-1,6,81,6,2,1267138,106,0,6,6,48.0,44.8,49.4
s2b-r05,2,B,512,s2b-r05-61,512,512,0,10,512,512,1,10,1024,0,16,512,1,0,0,-1,6,98,4,0,1539484,106,0,4,4,228.0,44.8,49.4
s2b-r05,2,B,512,s2b-r05-62,512,512,0,10,512,512,1,10,1024,0,16,512,-1,0,0,-1,4,156,4,2,2450376,156,0,4,4,49.0,44.8,49.4
s2b-r05,2,B,512,s2b-r05-63,512,512,0,10,512,512,1,10,1024,6,128,512,-1,1,0,-1,7,163,7,2,2559935,163,0,7,7,77.0,44.8,49.4
s2b-r05,2,B,512,s2b-r05-64,512,512,0,10,512,512,1,10,1024,6,128,512,-1,1,0,-1,7,115,7,2,1809227,100,0,7,7,172.0,44.8,49.4
s2b-r05,2,B,512,s2b-r05-65,512,512,0,10,512,512,1,10,1024,6,128,512,-1,1,0,-1,7,106,7,2,1657423,100,0,7,7,52.0,44.8,49.4
s2b-r05,2,B,512,s2b-r05-66,512,512,0,10,512,512,1,10,1024,6,128,512,-1,1,0,-1,7,98,7,2,1534496,98,0,7,7,700.0,44.8,49.4
s2b-r05,2,B,512,s2b-r05-67,512,512,0,10,512,512,1,10,1024,6,128,512,-1,1,0,-1,7,140,7,2,2188456,140,0,7,7,57.0,44.8,49.4
s2b-r05,2,B,512,s2b-r05-68,512,512,0,10,512,512,1,10,1024,6,128,512,-1,1,0,-1,7,98,7,2,1535217,98,0,7,7,104.0,44.8,49.4
s2b-r05,2,B,512,s2b-r05-69,512,512,0,10,512,512,1,10,1024,6,128,512,-1,1,0,-1,7,102,7,2,1599301,102,0,7,7,52.0,44.8,49.4
s2b-r05,2,B,512,s2b-r05-70,512,512,0,10,512,512,1,10,1024,6,128,512,-1,1,0,-1,7,107,7,2,1685563,100,0,7,7,151.0,44.8,49.4
s2b-r05,2,B,512,s2b-r05-71,512,512,0,10,512,512,1,10,1024,6,128,512,-1,1,0,-1,7,108,7,2,1699037,102,0,7,7,49.0,44.8,49.4
s2b-r05,2,B,512,s2b-r05-72,512,512,0,10,512,512,1,10,1024,6,128,512,-1,1,0,-1,7,88,7,2,1384101,102,0,7,7,143.0,44.8,49.4
s2b-r05,2,B,512,s2b-r05-73,512,512,0,10,512,512,1,10,1024,6,128,512,-1,1,0,-1,7,101,7,2,1590106,102,0,7,7,50.0,44.8,49.4
s2b-r05,2,B,512,s2b-r05-74,512,512,0,10,512,512,1,10,1024,6,128,512,-1,1,0,-1,7,98,7,2,1540465,102,0,7,7,214.0,44.8,49.4
s2b-r05,2,B,512,s2b-r05-75,512,512,0,10,512,512,1,10,1024,6,128,512,-1,1,0,-1,7,106,7,2,1660516,106,0,7,7,47.0,44.8,49.4
s2b-r05,2,B,512,s2b-r05-76,512,512,0,10,512,512,1,10,1024,6,128,512,-1,1,0,-1,7,98,7,2,1541550,106,0,7,7,143.0,44.8,49.4
s2b-r05,2,B,512,s2b-r05-77,512,512,0,10,512,512,1,10,1024,6,128,512,-1,1,0,-1,7,104,7,2,1632209,106,0,7,7,51.0,44.8,49.4
s2b-r05,2,B,512,s2b-r05-78,512,512,0,10,512,512,1,10,1024,6,128,512,-1,1,0,-1,7,101,7,2,1580300,106,0,7,7,205.0,44.8,49.4
s2b-r05,2,B,512,s2b-r05-79,512,512,0,10,512,512,1,10,1024,6,128,512,-1,1,0,-1,7,104,7,2,1638125,106,0,7,7,51.0,44.8,49.4
s2b-r05,2,B,512,s2b-r05-80,512,512,0,10,512,512,1,10,1024,6,128,512,-1,1,0,-1,7,103,7,2,1610485,103,0,7,7,126.0,44.8,49.4
s2b-r05,2,B,512,s2b-r05-81,512,512,0,10,512,512,1,10,1024,6,128,512,-1,1,0,-1,7,104,7,2,1636935,104,0,7,7,47.0,44.8,49.4
s2b-r05,2,B,512,s2b-r05-82,512,512,0,10,512,512,1,10,1024,6,128,512,-1,1,0,-1,7,82,7,2,1290777,103,0,7,7,139.0,44.8,49.4
s2b-r05,2,B,512,s2b-r05-83,512,512,0,10,512,512,1,10,1024,6,128,512,-1,1,0,-1,7,102,7,2,1604860,103,0,7,7,58.0,44.8,49.4
s2b-r05,2,B,512,s2b-r05-84,512,512,0,10,512,512,1,10,1024,6,128,512,-1,1,0,-1,7,99,7,2,1548169,99,0,7,7,174.0,44.8,49.4
s2b-r05,2,B,512,s2b-r05-85,512,512,0,10,512,512,1,10,1024,6,128,512,-1,1,0,-1,7,83,7,2,1303789,99,0,7,7,50.0,44.8,49.4
s2b-r05,2,B,512,s2b-r05-86,512,512,0,10,512,512,1,10,1024,0,1,512,0,0,0,-1,7,100,0,0,1565011,100,0,0,0,88.0,44.8,49.4
s2b-r05,2,B,512,s2b-r05-87,512,512,0,10,512,512,1,10,1024,0,1,512,-1,0,0,-1,0,172,0,2,2702533,172,0,0,0,14.0,44.8,49.4
s2b-r05,2,B,512,s2b-r05-88,512,512,0,10,512,512,1,10,1024,6,64,512,6,1,0,-1,4,165,6,0,2586246,165,0,6,6,106.0,44.8,49.4
s2b-r05,2,B,512,s2b-r05-89,512,512,0,10,512,512,1,10,1024,6,64,512,-1,1,0,-1,6,124,6,2,1942617,99,0,6,6,65.0,44.8,49.4
s2b-r05,2,B,512,s2b-r05-90,512,512,0,10,512,512,1,10,1024,6,64,512,-1,1,0,-1,6,127,6,2,1995472,100,0,6,6,70.0,44.8,49.4
s2b-r05,2,B,512,s2b-r05-91,512,512,0,10,512,512,1,10,1024,6,64,512,-1,1,0,-1,6,128,6,2,2012207,105,0,6,6,16.0,44.8,49.4
s2b-r05,2,B,512,s2b-r05-92,512,512,0,10,512,512,1,10,1024,6,64,512,-1,1,0,-1,6,113,6,2,1778344,99,0,6,6,16.0,44.8,49.4
s2b-r05,2,B,512,s2b-r05-93,512,512,0,10,512,512,1,10,1024,6,128,512,7,1,0,-1,6,99,7,0,1562362,96,0,7,7,95.0,44.8,49.4
s2b-r05,2,B,512,s2b-r05-94,512,512,0,10,512,512,1,10,1024,6,128,512,-1,1,0,-1,7,101,7,2,1593384,101,0,7,7,49.0,44.8,49.4
s2b-r05,2,B,512,s2b-r05-95,512,512,0,10,512,512,1,10,1024,6,128,512,-1,1,0,-1,7,101,7,2,1591688,101,0,7,7,147.0,44.8,49.4
s2b-r05,2,B,512,s2b-r05-96,512,512,0,10,512,512,1,10,1024,6,128,512,-1,1,0,-1,7,107,7,2,1680664,107,0,7,7,47.0,44.8,49.4
s2b-r05,2,B,512,s2b-r05-97,512,512,0,10,512,512,1,10,1024,6,128,512,-1,1,0,-1,7,101,7,2,1579255,97,0,7,7,63.0,44.8,49.4
s2b-r05,2,B,512,s2b-r05-98,512,512,0,10,512,512,1,10,1024,6,128,512,-1,1,0,-1,7,102,7,2,1594801,101,0,7,7,48.0,44.8,49.4
s2b-r05,2,B,512,s2b-r05-99,512,512,0,10,512,512,1,10,1024,6,128,512,-1,1,0,-1,7,81,7,2,1266516,101,0,7,7,170.0,44.8,49.4
s2b-r05,2,B,512,s2b-r05-100,512,512,0,10,512,512,1,10,1024,6,128,512,-1,1,0,-1,7,105,7,2,1644241,105,0,7,7,52.0,44.8,49.4
s2b-r05,2,B,512,s2b-r05-101,512,512,0,10,512,512,1,10,1024,6,128,512,-1,1,0,-1,7,97,7,2,1525531,101,0,7,7,172.0,44.8,49.4
s2b-r05,2,B,512,s2b-r05-102,512,512,0,10,512,512,1,10,1024,6,128,512,-1,1,0,-1,7,103,7,2,1622880,103,0,7,7,52.0,44.8,49.4
s2b-r05,2,B,512,s2b-r05-103,512,512,0,10,512,512,1,10,1024,6,128,512,-1,1,0,-1,7,97,7,2,1530965,97,0,7,7,155.0,44.8,49.4
s2b-r05,2,B,512,s2b-r05-104,512,512,0,10,512,512,1,10,1024,6,128,512,-1,1,0,-1,7,108,7,2,1688904,108,0,7,7,54.0,44.8,49.4
s2b-r05,2,B,512,s2b-r05-105,512,512,0,10,512,512,1,10,1024,6,128,512,-1,1,0,-1,7,99,7,2,1560203,99,0,7,7,180.0,44.8,49.4
s2b-r05,2,B,512,s2b-r05-106,512,512,0,10,512,512,1,10,1024,6,128,512,-1,1,0,-1,7,105,7,2,1640869,105,0,7,7,61.0,44.8,49.4
s2b-r05,2,B,512,s2b-r05-107,512,512,0,10,512,512,1,10,1024,6,128,512,-1,1,0,-1,7,102,7,2,1603570,105,0,7,7,155.0,44.8,49.4
s2b-r05,2,B,512,s2b-r05-108,512,512,0,10,512,512,1,10,1024,6,128,512,-1,1,0,-1,7,103,7,2,1618505,105,0,7,7,50.0,44.8,49.4
s2b-r05,2,B,512,s2b-r05-109,512,512,0,10,512,512,1,10,1024,0,2,512,0,0,0,-1,7,81,1,0,1277370,105,0,1,1,123.0,44.8,49.4
s2b-r05,2,B,512,s2b-r05-110,512,512,0,10,512,512,1,10,1024,6,128,512,6,1,0,-1,4,157,7,0,2462430,157,0,7,7,2140.0,44.8,49.4
s2b-r05,2,B,512,s2b-r05-111,512,512,0,10,512,512,1,10,1024,6,128,512,-1,1,0,-1,7,115,7,2,1801253,115,0,7,7,58.0,44.8,49.4
s2b-r05,2,B,512,s2b-r05-112,512,512,0,10,512,512,1,10,1024,6,128,512,-1,1,0,-1,7,98,7,2,1537977,115,0,7,7,160.0,44.8,49.4
s2b-r05,2,B,512,s2b-r05-113,512,512,0,10,512,512,1,10,1024,6,128,512,-1,1,0,-1,7,108,7,2,1699522,115,0,7,7,54.0,44.8,49.4
s2b-r05,2,B,512,s2b-r05-114,512,512,0,10,512,512,1,10,1024,6,128,512,-1,1,0,-1,7,86,7,2,1345154,86,0,7,7,458.0,44.8,49.4
s2b-r05,2,B,512,s2b-r05-115,512,512,0,10,512,512,1,10,1024,6,128,512,-1,1,0,-1,7,117,7,2,1835649,117,0,7,7,47.0,44.8,49.4
s2b-r05,2,B,512,s2b-r05-116,512,512,0,10,512,512,1,10,1024,6,128,512,-1,1,0,-1,7,96,7,2,1508264,96,0,7,7,171.0,44.8,49.4
s2b-r05,2,B,512,s2b-r05-117,512,512,0,10,512,512,1,10,1024,6,128,512,-1,1,0,-1,7,81,7,2,1266002,86,0,7,7,55.0,44.8,49.4
s2b-r05,2,B,512,s2b-r05-118,512,512,0,10,512,512,1,10,1024,6,128,512,-1,1,0,-1,7,98,7,2,1545825,98,0,7,7,185.0,44.8,49.4
s2b-r05,2,B,512,s2b-r05-119,512,512,0,10,512,512,1,10,1024,6,128,512,-1,1,0,-1,7,103,7,2,1624797,103,0,7,7,50.0,44.8,49.4
s2b-r05,2,B,512,s2b-r05-120,512,512,0,10,512,512,1,10,1024,6,128,512,-1,1,0,-1,7,70,7,2,1105110,98,0,7,7,124.0,44.8,49.4
s2b-r05,2,B,512,s2b-r05-121,512,512,0,10,512,512,1,10,1024,6,128,512,-1,1,0,-1,7,101,7,2,1581760,101,0,7,7,55.0,44.8,49.4
s2b-r05,2,B,512,s2b-r05-122,512,512,0,10,512,512,1,10,1024,6,128,512,-1,1,0,-1,7,99,7,2,1556998,99,0,7,7,152.0,44.8,49.4
s2b-r05,2,B,512,s2b-r05-123,512,512,0,10,512,512,1,10,1024,6,128,512,-1,1,0,-1,7,93,7,2,1454269,99,0,7,7,52.0,44.8,49.4
s2b-r05,2,B,512,s2b-r05-124,512,512,0,10,512,512,1,10,1024,6,128,512,-1,1,0,-1,7,99,7,2,1548026,99,0,7,7,155.0,44.8,49.4
s2b-r05,2,B,512,s2b-r05-125,512,512,0,10,512,512,1,10,1024,6,128,512,-1,1,0,-1,7,111,7,2,1736464,111,0,7,7,50.0,44.8,49.4
s2b-r05,2,B,512,s2b-r05-126,512,512,0,10,512,512,1,10,1024,6,128,512,-1,1,0,-1,7,100,7,2,1574681,100,0,7,7,163.0,44.8,49.4
s2b-r05,2,B,512,s2b-r05-127,512,512,0,10,512,512,1,10,1024,6,128,512,-1,1,0,-1,7,104,7,2,1631105,104,0,7,7,48.0,44.8,49.4
s2b-r05,2,B,512,s2b-r05-128,512,512,0,10,512,512,1,10,1024,6,128,512,-1,1,0,-1,7,103,7,2,1610964,100,0,7,7,154.0,44.8,49.4
s2b-r05,2,B,512,s2b-r05-129,512,512,0,10,512,512,1,10,1024,6,128,512,-1,1,0,-1,7,103,7,2,1624176,103,0,7,7,50.0,44.8,49.4
s2b-r05,2,B,512,s2b-r05-130,512,512,0,10,512,512,1,10,1024,6,128,512,-1,1,0,-1,7,81,7,2,1272389,68,0,7,7,56.0,44.8,49.4
s2b-r05,2,B,512,s2b-r05-131,512,512,0,10,512,512,1,10,1024,0,1,512,0,0,0,-1,7,97,0,0,1517668,97,0,0,0,120.0,44.8,49.4
s2b-r05,2,B,512,s2b-r05-132,512,512,0,10,512,512,1,10,1024,6,128,512,6,1,0,-1,0,154,7,0,2410713,154,0,7,7,2033.0,44.8,49.4
s2b-r05,2,B,512,s2b-r05-133,512,512,0,10,512,512,1,10,1024,6,128,512,-1,1,0,-1,7,113,7,2,1780002,113,0,7,7,74.0,44.8,49.4
s2b-r05,2,B,512,s2b-r05-134,512,512,0,10,512,512,1,10,1024,6,128,512,-1,1,0,-1,7,106,7,2,1671561,101,0,7,7,55.0,44.8,49.4
s2b-r05,2,B,512,s2b-r05-135,512,512,0,10,512,512,1,10,1024,6,128,512,-1,1,0,-1,7,94,7,2,1476770,88,0,7,7,153.0,44.8,49.4
s2b-r05,2,B,512,s2b-r05-136,512,512,0,10,512,512,1,10,1024,6,128,512,-1,1,0,-1,7,104,7,2,1637367,104,0,7,7,55.0,44.8,49.4
s2b-r05,2,B,512,s2b-r05-137,512,512,0,10,512,512,1,10,1024,6,128,512,-1,1,0,-1,7,98,7,2,1534483,98,0,7,7,124.0,44.8,49.4
s2b-r05,2,B,512,s2b-r05-138,512,512,0,10,512,512,1,10,1024,6,128,512,-1,1,0,-1,7,68,7,2,1073495,68,0,7,7,49.0,44.8,49.4
s2b-r05,2,B,512,s2b-r05-139,512,512,0,10,512,512,1,10,1024,6,128,512,-1,1,0,-1,7,99,7,2,1560363,99,0,7,7,73.0,44.8,49.4
s2b-r05,2,B,512,s2b-r05-140,512,512,0,10,512,512,1,10,1024,6,128,512,-1,1,0,-1,7,101,7,2,1582518,101,0,7,7,51.0,44.8,49.4
s2b-r05,2,B,512,s2b-r05-141,512,512,0,10,512,512,1,10,1024,6,128,512,-1,1,0,-1,7,73,7,2,1154161,68,0,7,7,50.0,44.8,49.4
s2b-r05,2,B,512,s2b-r05-142,512,512,0,10,512,512,1,10,1024,6,128,512,-1,1,0,-1,7,97,7,2,1530800,97,0,7,7,170.0,44.8,49.4
s2b-r05,2,B,512,s2b-r05-143,512,512,0,10,512,512,1,10,1024,6,128,512,-1,1,0,-1,7,109,7,2,1707132,109,0,7,7,49.0,44.8,49.4
s2b-r05,2,B,512,s2b-r05-144,512,512,0,10,512,512,1,10,1024,6,128,512,-1,1,0,-1,7,98,7,2,1541162,98,0,7,7,209.0,44.8,49.4
s2b-r05,2,B,512,s2b-r05-145,512,512,0,10,512,512,1,10,1024,6,128,512,-1,1,0,-1,7,106,7,2,1665317,106,0,7,7,54.0,44.8,49.4
s2b-r05,2,B,512,s2b-r05-146,512,512,0,10,512,512,1,10,1024,6,128,512,-1,1,0,-1,7,103,7,2,1621785,103,0,7,7,197.0,44.8,49.4
s2b-r05,2,B,512,s2b-r05-147,512,512,0,10,512,512,1,10,1024,6,128,512,-1,1,0,-1,7,108,7,2,1690923,108,0,7,7,52.0,44.8,49.4
s2b-r05,2,B,512,s2b-r05-148,512,512,0,10,512,512,1,10,1024,6,128,512,-1,1,0,-1,7,84,7,2,1320885,103,0,7,7,159.0,44.8,49.4
s2b-r05,2,B,512,s2b-r05-149,512,512,0,10,512,512,1,10,1024,6,128,512,-1,1,0,-1,7,104,7,2,1634889,104,0,7,7,48.0,44.8,49.4
s2b-r05,2,B,512,s2b-r05-150,512,512,0,10,512,512,1,10,1024,6,128,512,-1,1,0,-1,7,89,7,2,1396432,89,0,7,7,126.0,44.8,49.4
s2b-r05,2,B,512,s2b-r05-151,512,512,0,10,512,512,1,10,1024,0,2,512,1,0,0,-1,7,105,1,0,1640824,105,0,1,1,120.0,44.8,49.4
s2b-r05,2,B,512,s2b-r05-152,512,512,0,10,512,512,1,10,1024,6,64,512,6,1,0,-1,1,125,6,0,1953780,125,0,6,6,2294.0,44.8,49.4
s2b-r05,2,B,512,s2b-r05-153,512,512,0,10,512,512,1,10,1024,6,64,512,-1,1,0,-1,6,132,6,2,2072590,132,0,6,6,75.0,44.8,49.4
s2b-r05,2,B,512,s2b-r05-154,512,512,0,10,512,512,1,10,1024,6,64,512,-1,1,0,-1,6,100,6,2,1576217,100,0,6,6,147.0,44.8,49.4
s2b-r05,2,B,512,s2b-r05-155,512,512,0,10,512,512,1,10,1024,6,64,512,-1,1,0,-1,6,93,6,2,1464380,100,0,6,6,57.0,44.8,49.4
s2b-r05,2,B,512,s2b-r05-156,512,512,0,10,512,512,1,10,1024,6,64,512,-1,1,0,-1,6,99,6,2,1551493,100,0,6,6,142.0,44.8,49.4
s2b-r05,2,B,512,s2b-r05-157,512,512,0,10,512,512,1,10,1024,6,64,512,-1,1,0,-1,6,102,6,2,1600166,102,0,6,6,47.0,44.8,49.4
s2b-r05,2,B,512,s2b-r05-158,512,512,0,10,512,512,1,10,1024,6,64,512,-1,1,0,-1,6,64,6,2,1002227,102,0,6,6,167.0,44.8,49.4
s2b-r05,2,B,512,s2b-r05-159,512,512,0,10,512,512,1,10,1024,6,64,512,-1,1,0,-1,6,104,6,2,1630229,104,0,6,6,49.0,44.8,49.4
s2b-r05,2,B,512,s2b-r05-160,512,512,0,10,512,512,1,10,1024,6,64,512,-1,1,0,-1,6,98,6,2,1545208,102,0,6,6,50.0,44.8,49.4
s2b-r05,2,B,512,s2b-r05-161,512,512,0,10,512,512,1,10,1024,6,64,512,-1,1,0,-1,6,69,6,2,1085887,56,0,6,6,144.0,44.8,49.4
s2b-r05,2,B,512,s2b-r05-162,512,512,0,10,512,512,1,10,1024,6,64,512,-1,1,0,-1,6,102,6,2,1595540,102,0,6,6,54.0,44.8,49.4
s2b-r05,2,B,512,s2b-r05-163,512,512,0,10,512,512,1,10,1024,6,64,512,-1,1,0,-1,6,99,6,2,1551415,99,0,6,6,110.0,44.8,49.4
s2b-r05,2,B,512,s2b-r05-164,512,512,0,10,512,512,1,10,1024,6,64,512,-1,1,0,-1,6,72,6,2,1132992,62,0,6,6,51.0,44.8,49.4
s2b-r05,2,B,512,s2b-r05-165,512,512,0,10,512,512,1,10,1024,6,64,512,-1,1,0,-1,6,98,6,2,1546335,98,0,6,6,151.0,44.8,49.4
s2b-r05,2,B,512,s2b-r05-166,512,512,0,10,512,512,1,10,1024,6,64,512,-1,1,0,-1,6,104,6,2,1625326,104,0,6,6,50.0,44.8,49.4
s2b-r05,2,B,512,s2b-r05-167,512,512,0,10,512,512,1,10,1024,6,64,512,-1,1,0,-1,6,73,6,2,1143744,63,0,6,6,203.0,44.8,49.4
s2b-r05,2,B,512,s2b-r05-168,512,512,0,10,512,512,1,10,1024,6,64,512,-1,1,0,-1,6,107,6,2,1675532,107,0,6,6,48.0,44.8,49.4
s2b-r05,2,B,512,s2b-r05-169,512,512,0,10,512,512,1,10,1024,6,64,512,-1,1,0,-1,6,100,6,2,1571837,107,0,6,6,53.0,44.8,49.4
s2b-r05,2,B,512,s2b-r05-170,512,512,0,10,512,512,1,10,1024,6,64,512,-1,1,0,-1,6,75,6,2,1178465,107,0,6,6,160.0,44.8,49.4
s2b-r05,2,B,512,s2b-r05-171,512,512,0,10,512,512,1,10,1024,6,64,512,-1,1,0,-1,6,103,6,2,1623776,107,0,6,6,55.0,44.8,49.4
s2b-r05,2,B,512,s2b-r05-172,512,512,0,10,512,512,1,10,1024,6,128,512,7,1,0,-1,6,100,7,0,1563138,100,0,7,7,208.0,44.8,49.4
s2b-r05,2,B,512,s2b-r05-173,512,512,0,10,512,512,1,10,1024,6,128,512,-1,1,0,-1,7,90,7,2,1416943,100,0,7,7,48.0,44.8,49.4
s2b-r05,2,B,512,s2b-r05-174,512,512,0,10,512,512,1,10,1024,6,128,512,-1,1,0,-1,7,100,7,2,1565713,100,0,7,7,183.0,44.8,49.4
s2b-r05,2,B,512,s2b-r05-175,512,512,0,10,512,512,1,10,1024,6,128,512,-1,1,0,-1,7,104,7,2,1633809,104,0,7,7,51.0,44.8,49.4
s2b-r05,2,B,512,s2b-r05-176,512,512,0,10,512,512,1,10,1024,6,128,512,-1,1,0,-1,7,79,7,2,1236543,72,0,7,7,149.0,44.8,49.4
s2b-r05,2,B,512,s2b-r05-177,512,512,0,10,512,512,1,10,1024,6,128,512,-1,1,0,-1,7,103,7,2,1620544,103,0,7,7,51.0,44.8,49.4
s2b-r05,2,B,512,s2b-r05-178,512,512,0,10,512,512,1,10,1024,6,128,512,-1,1,0,-1,7,98,7,2,1539709,98,0,7,7,241.0,44.8,49.4
s2b-r05,2,B,512,s2b-r05-179,512,512,0,10,512,512,1,10,1024,6,128,512,-1,1,0,-1,7,112,7,2,1755698,112,0,7,7,51.0,44.8,49.4
s2b-r05,2,B,512,s2b-r05-180,512,512,0,10,512,512,1,10,1024,6,128,512,-1,1,0,-1,7,100,7,2,1565853,100,0,7,7,186.0,44.8,49.4
s2b-r05,2,B,512,s2b-r05-181,512,512,0,10,512,512,1,10,1024,6,128,512,-1,1,0,-1,7,104,7,2,1627304,104,0,7,7,54.0,44.8,49.4
s2b-r05,2,B,512,s2b-r05-182,512,512,0,10,512,512,1,10,1024,6,128,512,-1,1,0,-1,7,103,7,2,1616571,102,0,7,7,128.0,44.8,49.4
s2b-r05,2,B,512,s2b-r05-183,512,512,0,10,512,512,1,10,1024,6,128,512,-1,1,0,-1,7,104,7,2,1631982,103,0,7,7,55.0,44.8,49.4
s2b-r05,2,B,512,s2b-r05-184,512,512,0,10,512,512,1,10,1024,6,128,512,-1,1,0,-1,7,82,7,2,1283832,71,0,7,7,155.0,44.8,49.4
s2b-r05,2,B,512,s2b-r05-185,512,512,0,10,512,512,1,10,1024,6,128,512,-1,1,0,-1,7,102,7,2,1594846,102,0,7,7,53.0,44.8,49.4
s2b-r05,2,B,512,s2b-r05-186,512,512,0,10,512,512,1,10,1024,0,2,512,1,0,0,-1,7,98,7,0,1541835,98,0,7,7,121.0,44.8,49.4
s2b-r05,2,B,512,s2b-r05-187,512,512,0,10,512,512,1,10,1024,6,128,512,-1,1,0,-1,7,83,7,2,1311572,83,0,7,7,47.0,44.8,49.4
s2b-r05,2,B,512,s2b-r05-188,512,512,0,10,512,512,1,10,1024,6,128,512,-1,1,0,-1,7,99,7,2,1553027,99,0,7,7,148.0,44.8,49.4
s2b-r05,2,B,512,s2b-r05-189,512,512,0,10,512,512,1,10,1024,6,128,512,-1,1,0,-1,7,102,7,2,1601590,102,0,7,7,51.0,44.8,49.4
s2b-r05,2,B,512,s2b-r05-190,512,512,0,10,512,512,1,10,1024,6,128,512,-1,1,0,-1,7,77,7,2,1205067,99,0,7,7,150.0,44.8,49.4
s2b-r05,2,B,512,s2b-r05-191,512,512,0,10,512,512,1,10,1024,6,128,512,-1,1,0,-1,7,102,7,2,1603931,102,0,7,7,52.0,44.8,49.4
s2b-r05,2,B,512,s2b-r05-192,512,512,0,10,512,512,1,10,1024,6,128,512,-1,1,0,-1,7,99,7,2,1558073,99,0,7,7,153.0,44.8,49.4
s2b-r05,2,B,512,s2b-r05-193,512,512,0,10,512,512,1,10,1024,6,128,512,-1,1,0,-1,7,97,7,2,1529208,99,0,7,7,49.0,44.8,49.4
s2b-r05,2,B,512,s2b-r05-194,512,512,0,10,512,512,1,10,1024,6,128,512,-1,1,0,-1,7,100,7,2,1565898,100,0,7,7,199.0,44.8,49.4
s2b-r05,2,B,512,s2b-r05-195,512,512,0,10,512,512,1,10,1024,6,128,512,-1,1,0,-1,7,107,7,2,1677760,107,0,7,7,54.0,44.8,49.4
s2b-r05,2,B,512,s2b-r05-196,512,512,0,10,512,512,1,10,1024,6,128,512,-1,1,0,-1,7,101,7,2,1590590,101,0,7,7,50.0,44.8,49.4
s2b-r05,2,B,512,s2b-r05-197,512,512,0,10,512,512,1,10,1024,6,128,512,-1,1,0,-1,7,101,7,2,1578167,101,0,7,7,177.0,44.8,49.4
s2b-r05,2,B,512,s2b-r05-198,512,512,0,10,512,512,1,10,1024,6,128,512,-1,1,0,-1,7,83,7,2,1308080,101,0,7,7,56.0,44.8,49.4
s2b-r05,2,B,512,s2b-r05-199,512,512,0,10,512,512,1,10,1024,6,128,512,-1,1,0,-1,7,102,7,2,1605671,102,0,7,7,53.0,44.8,49.4
s2b-r05,2,B,512,s2b-r05-200,512,512,0,10,512,512,1,10,1024,6,128,512,-1,1,0,-1,7,81,7,2,1274733,81,0,7,7,218.0,44.8,49.4
s2b-r05,2,B,512,s2b-r05-201,512,512,0,10,512,512,1,10,1024,6,128,512,-1,1,0,-1,7,115,7,2,1803602,115,0,7,7,52.0,44.8,49.4
s2b-r05,2,B,512,s2b-r05-202,512,512,0,10,512,512,1,10,1024,0,1,512,0,0,0,-1,7,100,0,0,1564456,100,0,0,0,140.0,44.8,49.4
s2b-r05,2,B,512,s2b-r05-203,512,512,0,10,512,512,1,10,1024,0,1,512,-1,0,0,-1,0,171,0,2,2672325,171,0,0,0,54.0,44.8,49.4
s2b-r05,2,B,512,s2b-r05-204,512,512,0,10,512,512,1,10,1024,6,128,512,6,1,0,-1,0,159,7,0,2498395,171,0,7,7,249.0,44.8,49.4
s2b-r05,2,B,512,s2b-r05-205,512,512,0,10,512,512,1,10,1024,0,2,512,1,0,0,-1,7,115,1,0,1807572,115,0,1,1,68.0,44.8,49.4
s2b-r05,2,B,512,s2b-r05-206,512,512,0,10,512,512,1,10,1024,6,128,512,7,1,0,-1,1,151,7,0,2361455,171,0,7,7,86.0,44.8,49.4
s2b-r05,2,B,512,s2b-r05-207,512,512,0,10,512,512,1,10,1024,0,32,512,4,0,0,-1,7,139,5,0,2186545,115,0,5,5,56.0,44.8,49.4
s2b-r05,2,B,512,s2b-r05-208,512,512,0,10,512,512,1,10,1024,6,128,512,6,1,0,-1,5,149,7,0,2336994,149,0,7,7,27.0,44.8,49.4
s2b-r05,2,B,512,s2b-r05-209,512,512,0,10,512,512,1,10,1024,6,128,512,-1,1,0,-1,7,123,7,2,1922128,96,0,7,7,50.0,44.8,49.4
s2b-r05,2,B,512,s2b-r05-210,512,512,0,10,512,512,1,10,1024,6,128,512,-1,1,0,-1,7,89,7,2,1394496,96,0,7,7,122.0,44.8,49.4
s2b-r05,2,B,512,s2b-r05-211,512,512,0,10,512,512,1,10,1024,6,128,512,-1,1,0,-1,7,105,7,2,1651191,105,0,7,7,50.0,44.8,49.4
s2b-r05,2,B,512,s2b-r05-212,512,512,0,10,512,512,1,10,1024,6,128,512,-1,1,0,-1,7,88,7,2,1382226,88,0,7,7,98.0,44.8,49.4
s2b-r05,2,B,512,s2b-r05-213,512,512,0,10,512,512,1,10,1024,6,128,512,-1,1,0,-1,7,100,7,2,1562882,100,0,7,7,47.0,44.8,49.4
s2b-r05,2,B,512,s2b-r05-214,512,512,0,10,512,512,1,10,1024,6,128,512,-1,1,0,-1,7,86,7,2,1351259,86,0,7,7,101.0,44.8,49.4
s2b-r05,2,B,512,s2b-r05-215,512,512,0,10,512,512,1,10,1024,6,128,512,-1,1,0,-1,7,101,7,2,1584636,101,0,7,7,47.0,44.8,49.4
s2b-r05,2,B,512,s2b-r05-216,512,512,0,10,512,512,1,10,1024,6,128,512,-1,1,0,-1,7,85,7,2,1331398,101,0,7,7,105.0,44.8,49.4
s2b-r05,2,B,512,s2b-r05-217,512,512,0,10,512,512,1,10,1024,6,128,512,-1,1,0,-1,7,101,7,2,1582810,101,0,7,7,49.0,44.8,49.4
s2b-r05,2,B,512,s2b-r05-218,512,512,0,10,512,512,1,10,1024,6,128,512,-1,1,0,-1,7,87,7,2,1371778,87,0,7,7,100.0,44.8,49.4
s2b-r05,2,B,512,s2b-r05-219,512,512,0,10,512,512,1,10,1024,6,128,512,-1,1,0,-1,7,102,7,2,1606428,102,0,7,7,50.0,44.8,49.4
s2b-r05,2,B,512,s2b-r05-220,512,512,0,10,512,512,1,10,1024,6,128,512,-1,1,0,-1,7,85,7,2,1341219,87,0,7,7,100.0,44.8,49.4
s2b-r05,2,B,512,s2b-r05-221,512,512,0,10,512,512,1,10,1024,6,128,512,-1,1,0,-1,7,101,7,2,1584815,101,0,7,7,47.0,44.8,49.4
s2b-r05,2,B,512,s2b-r05-222,512,512,0,10,512,512,1,10,1024,6,128,512,-1,1,0,-1,7,85,7,2,1339929,85,0,7,7,103.0,44.8,49.4
s2b-r05,2,B,512,s2b-r05-223,512,512,0,10,512,512,1,10,1024,6,128,512,-1,1,0,-1,7,101,7,2,1580557,101,0,7,7,48.0,44.8,49.4
s2b-r05,2,B,512,s2b-r05-224,512,512,0,10,512,512,1,10,1024,6,128,512,-1,1,0,-1,7,86,7,2,1352419,86,0,7,7,103.0,44.8,49.4
s2b-r05,2,B,512,s2b-r05-225,512,512,0,10,512,512,1,10,1024,6,128,512,-1,1,0,-1,7,101,7,2,1582144,101,0,7,7,48.0,44.8,49.4
s2b-r05,2,B,512,s2b-r05-226,512,512,0,10,512,512,1,10,1024,6,128,512,-1,1,0,-1,7,86,7,2,1343848,101,0,7,7,101.0,44.8,49.4
s2b-r05,2,B,512,s2b-r05-227,512,512,0,10,512,512,1,10,1024,6,128,512,-1,1,0,-1,7,101,7,2,1589380,101,0,7,7,46.0,44.8,49.4
s2b-r05,2,B,512,s2b-r05-228,512,512,0,10,512,512,1,10,1024,6,128,512,-1,1,0,-1,7,84,7,2,1326117,84,0,7,7,48.0,44.8,49.4
s2b-r05,2,B,512,s2b-r05-229,512,512,0,10,512,512,1,10,1024,6,128,512,-1,1,0,-1,7,97,7,2,1516824,97,0,7,7,174.0,44.8,49.4
s2b-r05,2,B,512,s2b-r05-230,512,512,0,10,512,512,1,10,1024,6,128,512,-1,1,0,-1,7,103,7,2,1614869,103,0,7,7,49.0,44.8,49.4
s2b-r05,2,B,512,s2b-r05-231,512,512,0,10,512,512,1,10,1024,6,128,512,-1,1,0,-1,7,98,7,2,1546668,98,0,7,7,90.0,44.8,49.4
s2b-r05,2,B,512,s2b-r05-232,512,512,0,10,512,512,1,10,1024,6,128,512,-1,1,0,-1,7,88,7,2,1386043,88,0,7,7,48.0,44.8,49.4
s2b-r05,2,B,512,s2b-r05-233,512,512,0,10,512,512,1,10,1024,6,128,512,-1,1,0,-1,7,100,7,2,1571191,100,0,7,7,132.0,44.8,49.4
s2b-r05,2,B,512,s2b-r05-234,512,512,0,10,512,512,1,10,1024,6,128,512,-1,1,0,-1,7,100,7,2,1575347,100,0,7,7,50.0,44.8,49.4
s2b-r05,2,B,512,s2b-r05-235,512,512,0,10,512,512,1,10,1024,6,128,512,-1,1,0,-1,7,78,7,2,1226394,88,0,7,7,197.0,44.8,49.4
s2b-r05,2,B,512,s2b-r05-236,512,512,0,10,512,512,1,10,1024,6,128,512,-1,1,0,-1,7,105,7,2,1655930,105,0,7,7,47.0,44.8,49.4
s2b-r05,2,B,512,s2b-r05-237,512,512,0,10,512,512,1,10,1024,6,128,512,-1,1,0,-1,7,81,7,2,1275248,105,0,7,7,151.0,44.8,49.4
s2b-r05,2,B,512,s2b-r05-238,512,512,0,10,512,512,1,10,1024,6,128,512,-1,1,0,-1,7,103,7,2,1617827,105,0,7,7,48.0,44.8,49.4
s2b-r05,2,B,512,s2b-r05-239,512,512,0,10,512,512,1,10,1024,6,128,512,-1,1,0,-1,7,85,7,2,1331531,85,0,7,7,91.0,44.8,49.4
s2b-r05,2,B,512,s2b-r05-240,512,512,0,10,512,512,1,10,1024,6,128,512,-1,1,0,-1,7,101,7,2,1592070,101,0,7,7,17.0,44.8,49.4
s2b-r05,2,B,512,s2b-r05-241,512,512,0,10,512,512,1,10,1024,6,128,512,-1,1,0,-1,7,59,7,2,934372,85,0,7,7,48.0,44.8,49.4
s2b-r05,2,B,512,s2b-r05-242,512,512,0,10,512,512,1,10,1024,6,128,512,-1,1,0,-1,7,100,7,2,1568013,100,0,7,7,188.0,44.8,49.4
s2b-r05,2,B,512,s2b-r05-243,512,512,0,10,512,512,1,10,1024,6,128,512,-1,1,0,-1,7,108,7,2,1690778,108,0,7,7,57.0,44.8,49.4
s2b-r05,2,B,512,s2b-r05-244,512,512,0,10,512,512,1,10,1024,6,128,512,-1,1,0,-1,7,74,7,2,1157524,108,0,7,7,150.0,44.8,49.4
s2b-r05,2,B,512,s2b-r05-245,512,512,0,10,512,512,1,10,1024,6,128,512,-1,1,0,-1,7,102,7,2,1602538,108,0,7,7,55.0,44.8,49.4
s2b-r05,2,B,512,s2b-r05-246,512,512,0,10,512,512,1,10,1024,6,128,512,-1,1,0,-1,7,100,7,2,1571162,108,0,7,7,48.0,44.8,49.4
s2b-r05,2,B,512,s2b-r05-247,512,512,0,10,512,512,1,10,1024,6,128,512,-1,1,0,-1,7,68,7,2,1069688,54,0,7,7,57.0,44.8,49.4
s2b-r05,2,B,512,s2b-r05-248,512,512,0,10,512,512,1,10,1024,6,128,512,-1,1,0,-1,7,100,7,2,1568866,100,0,7,7,219.0,44.8,49.4
s2b-r05,2,B,512,s2b-r05-249,512,512,0,10,512,512,1,10,1024,6,128,512,-1,1,0,-1,7,105,7,2,1651952,105,0,7,7,53.0,44.8,49.4
s2b-r05,2,B,512,s2b-r05-250,512,512,0,10,512,512,1,10,1024,6,128,512,-1,1,0,-1,7,73,7,2,1145143,38,0,7,7,90.0,44.8,49.4
s2b-r05,2,B,512,s2b-r05-251,512,512,0,10,512,512,1,10,1024,6,128,512,-1,1,0,-1,7,101,7,2,1585933,101,0,7,7,152.0,44.8,49.4
s2b-r05,2,B,512,s2b-r05-252,512,512,0,10,512,512,1,10,1024,6,128,512,-1,1,0,-1,7,102,7,2,1598578,102,0,7,7,47.0,44.8,49.4
s2b-r05,2,B,512,s2b-r05-253,512,512,0,10,512,512,1,10,1024,6,128,512,-1,1,0,-1,7,68,7,2,1064468,54,0,7,7,112.0,44.8,49.4
s2b-r05,2,B,512,s2b-r05-254,512,512,0,10,512,512,1,10,1024,6,128,512,-1,1,0,-1,7,104,7,2,1630852,104,0,7,7,47.0,44.8,49.4
s2b-r05,2,B,512,s2b-r05-255,512,512,0,10,512,512,1,10,1024,6,64,512,-1,1,0,-1,6,79,6,2,1242847,104,0,6,6,152.0,44.8,49.4
s2b-r05,2,B,512,s2b-r05-256,512,512,0,10,512,512,1,10,1024,6,64,512,-1,1,0,-1,6,108,6,2,1690491,108,0,6,6,53.0,44.8,49.4
s2b-r05,2,B,512,s2b-r05-257,512,512,0,10,512,512,1,10,1024,6,64,512,-1,1,0,-1,6,93,6,2,1455462,93,0,6,6,148.0,44.8,49.4
s2b-r05,2,B,512,s2b-r05-258,512,512,0,10,512,512,1,10,1024,6,128,512,-1,1,0,-1,7,114,7,2,1782499,114,0,7,7,53.0,44.8,49.4
s2b-r05,2,B,512,s2b-r05-259,512,512,0,10,512,512,1,10,1024,6,128,512,-1,1,0,-1,7,99,7,2,1557713,99,0,7,7,59.0,44.8,49.4
s2b-r05,2,B,512,s2b-r05-260,512,512,0,10,512,512,1,10,1024,6,128,512,-1,1,0,-1,7,100,7,2,1577023,100,0,7,7,51.0,44.8,49.4
s2b-r05,2,B,512,s2b-r05-261,512,512,0,10,512,512,1,10,1024,6,128,512,-1,1,0,-1,7,76,7,2,1187843,76,0,7,7,157.0,44.8,49.4
s2b-r05,2,B,512,s2b-r05-262,512,512,0,10,512,512,1,10,1024,6,128,512,-1,1,0,-1,7,108,7,2,1691693,108,0,7,7,49.0,44.8,49.4
s2b-r05,2,B,512,s2b-r05-263,512,512,0,10,512,512,1,10,1024,6,128,512,-1,1,0,-1,7,88,7,2,1382264,88,0,7,7,202.0,44.8,49.4
s2b-r05,2,B,512,s2b-r05-264,512,512,0,10,512,512,1,10,1024,6,128,512,-1,1,0,-1,7,109,7,2,1704229,109,0,7,7,54.0,44.8,49.4
s2b-r05,2,B,512,s2b-r05-265,512,512,0,10,512,512,1,10,1024,6,128,512,-1,1,0,-1,7,101,7,2,1590510,109,0,7,7,57.0,44.8,49.4
s2b-r05,2,B,512,s2b-r05-266,512,512,0,10,512,512,1,10,1024,6,128,512,-1,1,0,-1,7,102,7,2,1599164,109,0,7,7,54.0,44.8,49.4
s2b-r05,2,B,512,s2b-r05-267,512,512,0,10,512,512,1,10,1024,0,1,512,0,0,0,-1,7,100,0,0,1567914,109,0,0,0,102.0,44.8,49.4
s2b-r05,2,B,512,s2b-r05-268,512,512,0,10,512,512,1,10,1024,6,64,512,6,1,0,-1,0,109,6,0,1716023,109,0,6,6,2380.0,44.8,49.4
s2b-r05,2,B,512,s2b-r05-269,512,512,0,10,512,512,1,10,1024,6,64,512,-1,1,0,-1,6,117,6,2,1835709,117,0,6,6,129.0,44.8,49.4
s2b-r05,2,B,512,s2b-r05-270,512,512,0,10,512,512,1,10,1024,6,64,512,-1,1,0,-1,6,102,6,2,1596139,109,0,6,6,145.0,44.8,49.4
s2b-r05,2,B,512,s2b-r05-271,512,512,0,10,512,512,1,10,1024,6,64,512,-1,1,0,-1,6,106,6,2,1660479,109,0,6,6,53.0,44.8,49.4
s2b-r05,2,B,512,s2b-r05-272,512,512,0,10,512,512,1,10,1024,6,64,512,-1,1,0,-1,6,107,6,2,1673056,109,0,6,6,155.0,44.8,49.4
s2b-r05,2,B,512,s2b-r05-273,512,512,0,10,512,512,1,10,1024,6,64,512,-1,1,0,-1,6,82,6,2,1293295,56,0,6,6,54.0,44.8,49.4
s2b-r05,2,B,512,s2b-r05-274,512,512,0,10,512,512,1,10,1024,6,64,512,-1,1,0,-1,6,99,6,2,1550484,99,0,6,6,149.0,44.8,49.4
s2b-r05,2,B,512,s2b-r05-275,512,512,0,10,512,512,1,10,1024,6,64,512,-1,1,0,-1,6,103,6,2,1612617,103,0,6,6,49.0,44.8,49.4
s2b-r05,2,B,512,s2b-r05-276,512,512,0,10,512,512,1,10,1024,6,64,512,-1,1,0,-1,6,70,6,2,1095024,60,0,6,6,50.0,44.8,49.4
s2b-r05,2,B,512,s2b-r05-277,512,512,0,10,512,512,1,10,1024,6,64,512,-1,1,0,-1,6,99,6,2,1554668,99,0,6,6,209.0,44.8,49.4
s2b-r05,2,B,512,s2b-r05-278,512,512,0,10,512,512,1,10,1024,6,64,512,-1,1,0,-1,6,107,6,2,1675399,107,0,6,6,52.0,44.8,49.4
s2b-r05,2,B,512,s2b-r05-279,512,512,0,10,512,512,1,10,1024,6,64,512,-1,1,0,-1,6,73,6,2,1143691,70,0,6,6,149.0,44.8,49.4
s2b-r05,2,B,512,s2b-r05-280,512,512,0,10,512,512,1,10,1024,6,64,512,-1,1,0,-1,6,101,6,2,1588928,101,0,6,6,51.0,44.8,49.4
s2b-r05,2,B,512,s2b-r05-281,512,512,0,10,512,512,1,10,1024,6,64,512,-1,1,0,-1,6,98,6,2,1540897,101,0,6,6,126.0,44.8,49.4
s2b-r05,2,B,512,s2b-r05-282,512,512,0,10,512,512,1,10,1024,6,64,512,-1,1,0,-1,6,96,6,2,1506074,101,0,6,6,49.0,44.8,49.4
s2b-r05,2,B,512,s2b-r05-283,512,512,0,10,512,512,1,10,1024,6,64,512,-1,1,0,-1,6,99,6,2,1554251,101,0,6,6,94.0,44.8,49.4
s2b-r05,2,B,512,s2b-r05-284,512,512,0,10,512,512,1,10,1024,6,64,512,-1,1,0,-1,6,82,6,2,1287566,82,0,6,6,140.0,44.8,49.4
s2b-r05,2,B,512,s2b-r05-285,512,512,0,10,512,512,1,10,1024,6,64,512,-1,1,0,-1,6,103,6,2,1610678,103,0,6,6,51.0,44.8,49.4
s2b-r05,2,B,512,s2b-r05-286,512,512,0,10,512,512,1,10,1024,6,64,512,-1,1,0,-1,6,99,6,2,1554245,99,0,6,6,202.0,44.8,49.4
s2b-r05,2,B,512,s2b-r05-287,512,512,0,10,512,512,1,10,1024,6,64,512,-1,1,0,-1,6,109,6,2,1713755,109,0,6,6,40.0,44.8,49.4
s2b-r05,2,B,512,s2b-r05-288,512,512,0,10,512,512,1,10,1024,6,64,512,-1,1,0,-1,6,99,6,2,1548879,99,0,6,6,49.0,44.8,49.4
s2b-r05,2,B,512,s2b-r05-289,512,512,0,10,512,512,1,10,1024,0,1,512,0,0,0,-1,6,85,0,0,1329670,99,0,0,0,101.0,44.8,49.4
s2b-r05,2,B,512,s2b-r05-290,512,512,0,10,512,512,1,10,1024,6,128,512,6,1,0,-1,0,152,7,0,2384651,152,0,7,7,2108.0,44.8,49.4
s2b-r05,2,B,512,s2b-r05-291,512,512,0,10,512,512,1,10,1024,6,128,512,-1,1,0,-1,7,112,7,2,1759294,112,0,7,7,58.0,44.8,49.4
s2b-r05,2,B,512,s2b-r05-292,512,512,0,10,512,512,1,10,1024,6,128,512,-1,1,0,-1,7,98,7,2,1538892,98,0,7,7,151.0,44.8,49.4
s2b-r05,2,B,512,s2b-r05-293,512,512,0,10,512,512,1,10,1024,6,128,512,-1,1,0,-1,7,110,7,2,1723465,102,0,7,7,47.0,44.8,49.4
s2b-r05,2,B,512,s2b-r05-294,512,512,0,10,512,512,1,10,1024,6,128,512,-1,1,0,-1,7,82,7,2,1288629,98,0,7,7,133.0,44.8,49.4
s2b-r05,2,B,512,s2b-r05-295,512,512,0,10,512,512,1,10,1024,6,128,512,-1,1,0,-1,7,102,7,2,1598734,102,0,7,7,49.0,44.8,49.4
s2b-r05,2,B,512,s2b-r05-296,512,512,0,10,512,512,1,10,1024,6,128,512,-1,1,0,-1,7,98,7,2,1533218,98,0,7,7,124.0,44.8,49.4
s2b-r05,2,B,512,s2b-r05-297,512,512,0,10,512,512,1,10,1024,6,128,512,-1,1,0,-1,7,100,7,2,1573991,100,0,7,7,53.0,44.8,49.4
s2b-r05,2,B,512,s2b-r05-298,512,512,0,10,512,512,1,10,1024,6,128,512,-1,1,0,-1,7,97,7,2,1524140,98,0,7,7,51.0,44.8,49.4
s2b-r05,2,B,512,s2b-r05-299,512,512,0,10,512,512,1,10,1024,6,128,512,-1,1,0,-1,7,75,7,2,1173162,75,0,7,7,155.0,44.8,49.4
s2b-r05,2,B,512,s2b-r05-300,512,512,0,10,512,512,1,10,1024,6,128,512,-1,1,0,-1,7,105,7,2,1642962,105,0,7,7,54.0,44.8,49.4
s2b-r05,2,B,512,s2b-r05-301,512,512,0,10,512,512,1,10,1024,6,128,512,-1,1,0,-1,7,87,7,2,1374119,87,0,7,7,144.0,44.8,49.4
s2b-r05,2,B,512,s2b-r05-302,512,512,0,10,512,512,1,10,1024,6,128,512,-1,1,0,-1,7,106,7,2,1669019,106,0,7,7,49.0,44.8,49.4
s2b-r05,2,B,512,s2b-r05-303,512,512,0,10,512,512,1,10,1024,6,128,512,-1,1,0,-1,7,87,7,2,1369057,87,0,7,7,51.0,44.8,49.4
s2b-r05,2,B,512,s2b-r05-304,512,512,0,10,512,512,1,10,1024,6,128,512,-1,1,0,-1,7,99,7,2,1548084,99,0,7,7,177.0,44.8,49.4
s2b-r05,2,B,512,s2b-r05-305,512,512,0,10,512,512,1,10,1024,6,128,512,-1,1,0,-1,7,104,7,2,1638645,104,0,7,7,53.0,44.8,49.4
s2b-r05,2,B,512,s2b-r05-306,512,512,0,10,512,512,1,10,1024,6,128,512,-1,1,0,-1,7,78,7,2,1221742,69,0,7,7,123.0,44.8,49.4
s2b-r05,2,B,512,s2b-r05-307,512,512,0,10,512,512,1,10,1024,6,64,512,-1,1,0,-1,6,112,6,2,1763276,112,0,6,6,47.0,44.8,49.4
s2b-r05,2,B,512,s2b-r05-308,512,512,0,10,512,512,1,10,1024,6,64,512,-1,1,0,-1,6,68,6,2,1062895,69,0,6,6,149.0,44.8,49.4
s2b-r05,2,B,512,s2b-r05-309,512,512,0,10,512,512,1,10,1024,6,64,512,-1,1,0,-1,6,104,6,2,1627596,104,0,6,6,55.0,44.8,49.4
s2b-r05,2,B,512,s2b-r05-310,512,512,0,10,512,512,1,10,1024,6,64,512,-1,1,0,-1,6,100,6,2,1575682,100,0,6,6,203.0,44.8,49.4
s2b-r05,2,B,512,s2b-r05-311,512,512,0,10,512,512,1,10,1024,6,64,512,-1,1,0,-1,6,114,6,2,1789400,114,0,6,6,52.0,44.8,49.4
s2b-r05,2,B,512,s2b-r05-312,512,512,0,10,512,512,1,10,1024,6,64,512,-1,1,0,-1,6,99,6,2,1558802,100,0,6,6,130.0,44.8,49.4
s2b-r05,2,B,512,s2b-r05-313,512,512,0,10,512,512,1,10,1024,6,64,512,-1,1,0,-1,6,105,6,2,1644612,105,0,6,6,51.0,44.8,49.4
s2b-r05,2,B,512,s2b-r05-314,512,512,0,10,512,512,1,10,1024,6,64,512,-1,1,0,-1,6,97,6,2,1529499,97,0,6,6,189.0,44.8,49.4
s2b-r05,2,B,512,s2b-r05-315,512,512,0,10,512,512,1,10,1024,6,64,512,-1,1,0,-1,6,105,6,2,1640746,105,0,6,6,50.0,44.8,49.4
s2b-r05,2,B,512,s2b-r05-316,512,512,0,10,512,512,1,10,1024,6,64,512,-1,1,0,-1,6,103,6,2,1612329,103,0,6,6,105.0,44.8,49.4
s2b-r05,2,B,512,s2b-r05-317,512,512,0,10,512,512,1,10,1024,6,64,512,-1,1,0,-1,6,105,6,2,1648636,105,0,6,6,53.0,44.8,49.4
s2b-r05,2,B,512,s2b-r05-318,512,512,0,10,512,512,1,10,1024,6,64,512,-1,1,0,-1,6,82,6,2,1296678,22,0,6,6,172.0,44.8,49.4
s2b-r05,2,B,512,s2b-r05-319,512,512,0,10,512,512,1,10,1024,6,64,512,-1,1,0,-1,6,105,6,2,1645545,105,0,6,6,64.0,44.8,49.4
s2b-r05,2,B,512,s2b-r05-320,512,512,0,10,512,512,1,10,1024,6,64,512,-1,1,0,-1,6,100,6,2,1563905,100,0,6,6,171.0,44.8,49.4
s2b-r05,2,B,512,s2b-r05-321,512,512,0,10,512,512,1,10,1024,0,32,512,1,0,0,-1,6,90,5,0,1412762,90,0,5,5,132.0,44.8,49.4
s2b-r05,2,B,512,s2b-r05-322,512,512,0,10,512,512,1,10,1024,0,32,512,-1,0,0,-1,5,152,5,2,2387802,152,0,5,5,15.0,44.8,49.4
s2b-r05,2,B,512,s2b-r05-323,512,512,0,10,512,512,1,10,1024,6,64,512,6,1,0,-1,5,87,6,0,1370276,87,0,6,6,75.0,44.8,49.4
s2b-r05,2,B,512,s2b-r05-324,512,512,0,10,512,512,1,10,1024,0,2,512,1,0,0,-1,6,101,1,0,1584206,101,0,1,1,53.0,44.8,49.4
s2b-r05,2,B,512,s2b-r05-325,512,512,0,10,512,512,1,10,1024,6,128,512,7,1,0,-1,5,81,7,0,1280405,20,0,7,7,119.0,44.8,49.4
s2b-r05,2,B,512,s2b-r05-326,512,512,0,10,512,512,1,10,1024,6,128,512,-1,1,0,-1,7,104,7,2,1635625,104,0,7,7,16.0,44.8,49.4
s2b-r05,2,B,512,s2b-r05-327,512,512,0,10,512,512,1,10,1024,6,64,512,6,1,0,-1,7,98,6,0,1546251,98,0,6,6,71.0,44.8,49.4
s2b-r05,2,B,512,s2b-r05-328,512,512,0,10,512,512,1,10,1024,0,16,512,1,0,0,-1,6,97,4,0,1519778,97,0,4,4,57.0,44.8,49.4
s2b-r05,2,B,512,s2b-r05-329,512,512,0,10,512,512,1,10,1024,6,64,512,6,1,0,-1,4,159,6,0,2491566,159,0,6,6,2150.0,44.8,49.4
s2b-r05,2,B,512,s2b-r05-330,512,512,0,10,512,512,1,10,1024,6,64,512,-1,1,0,-1,6,117,6,2,1836916,117,0,6,6,61.0,44.8,49.4
s2b-r05,2,B,512,s2b-r05-331,512,512,0,10,512,512,1,10,1024,6,64,512,-1,1,0,-1,6,96,6,2,1511989,96,0,6,6,159.0,44.8,49.4
s2b-r05,2,B,512,s2b-r05-332,512,512,0,10,512,512,1,10,1024,6,64,512,-1,1,0,-1,6,106,6,2,1657594,106,0,6,6,52.0,44.8,49.4
s2b-r05,2,B,512,s2b-r05-333,512,512,0,10,512,512,1,10,1024,6,64,512,-1,1,0,-1,6,99,6,2,1558836,99,0,6,6,155.0,44.8,49.4
s2b-r05,2,B,512,s2b-r05-334,512,512,0,10,512,512,1,10,1024,6,64,512,-1,1,0,-1,6,104,6,2,1638157,104,0,6,6,50.0,44.8,49.4
s2b-r05,2,B,512,s2b-r05-335,512,512,0,10,512,512,1,10,1024,6,64,512,-1,1,0,-1,6,92,6,2,1446448,104,0,6,6,149.0,44.8,49.4
s2b-r05,2,B,512,s2b-r05-336,512,512,0,10,512,512,1,10,1024,6,64,512,-1,1,0,-1,6,106,6,2,1659394,106,0,6,6,50.0,44.8,49.4
s2b-r05,2,B,512,s2b-r05-337,512,512,0,10,512,512,1,10,1024,6,64,512,-1,1,0,-1,6,97,6,2,1521015,104,0,6,6,147.0,44.8,49.4
s2b-r05,2,B,512,s2b-r05-338,512,512,0,10,512,512,1,10,1024,6,64,512,-1,1,0,-1,6,89,6,2,1396093,89,0,6,6,54.0,44.8,49.4
s2b-r05,2,B,512,s2b-r05-339,512,512,0,10,512,512,1,10,1024,6,64,512,-1,1,0,-1,6,103,6,2,1611715,103,0,6,6,156.0,44.8,49.4
s2b-r05,2,B,512,s2b-r05-340,512,512,0,10,512,512,1,10,1024,6,64,512,-1,1,0,-1,6,88,6,2,1379510,88,0,6,6,105.0,44.8,49.4
s2b-r05,2,B,512,s2b-r05-341,512,512,0,10,512,512,1,10,1024,6,64,512,-1,1,0,-1,6,107,6,2,1685830,107,0,6,6,177.0,44.8,49.4
s2b-r05,2,B,512,s2b-r05-342,512,512,0,10,512,512,1,10,1024,6,64,512,-1,1,0,-1,6,103,6,2,1617920,107,0,6,6,174.0,44.8,49.4
s2b-r05,2,B,512,s2b-r05-343,512,512,0,10,512,512,1,10,1024,6,64,512,-1,1,0,-1,6,103,6,2,1609392,107,0,6,6,52.0,44.8,49.4
s2b-r05,2,B,512,s2b-r05-344,512,512,0,10,512,512,1,10,1024,6,64,512,-1,1,0,-1,6,100,6,2,1566712,107,0,6,6,172.0,44.8,49.4
s2b-r05,2,B,512,s2b-r05-345,512,512,0,10,512,512,1,10,1024,6,64,512,-1,1,0,-1,6,82,6,2,1287510,50,0,6,6,46.0,44.8,49.4
s2b-r05,2,B,512,s2b-r05-346,512,512,0,10,512,512,1,10,1024,6,64,512,-1,1,0,-1,6,98,6,2,1538907,98,0,6,6,140.0,44.8,49.4
s2b-r05,2,B,512,s2b-r05-347,512,512,0,10,512,512,1,10,1024,6,64,512,-1,1,0,-1,6,89,6,2,1405776,89,0,6,6,50.0,44.8,49.4
s2b-r05,2,B,512,s2b-r05-348,512,512,0,10,512,512,1,10,1024,6,64,512,-1,1,0,-1,6,98,6,2,1544803,98,0,6,6,145.0,44.8,49.4
s2b-r05,2,B,512,s2b-r05-349,512,512,0,10,512,512,1,10,1024,6,64,512,-1,1,0,-1,6,107,6,2,1684111,107,0,6,6,55.0,44.8,49.4
s2b-r05,2,B,512,s2b-r05-350,512,512,0,10,512,512,1,10,1024,6,64,512,-1,1,0,-1,6,106,6,2,1661419,107,0,6,6,210.0,44.8,49.4
s2b-r05,2,B,512,s2b-r05-351,512,512,0,10,512,512,1,10,1024,6,64,512,-1,1,0,-1,6,105,6,2,1641052,107,0,6,6,54.0,44.8,49.4
s2b-r05,2,B,512,s2b-r05-352,512,512,0,10,512,512,1,10,1024,6,64,512,-1,1,0,-1,6,84,6,2,1322447,107,0,6,6,157.0,44.8,49.4
s2b-r05,2,B,512,s2b-r05-353,512,512,0,10,512,512,1,10,1024,6,64,512,-1,1,0,-1,6,102,6,2,1608547,102,0,6,6,61.0,44.8,49.4
s2b-r05,2,B,512,s2b-r05-354,512,512,0,10,512,512,1,10,1024,6,64,512,-1,1,0,-1,6,100,6,2,1573910,102,0,6,6,317.0,44.8,49.4
s2b-r05,2,B,512,s2b-r05-355,512,512,0,10,512,512,1,10,1024,6,64,512,-1,1,0,-1,6,71,6,2,1117456,102,0,6,6,47.0,44.8,49.4
s2b-r05,2,B,512,s2b-r05-356,512,512,0,10,512,512,1,10,1024,6,64,512,-1,1,0,-1,6,97,6,2,1526628,102,0,6,6,146.0,44.8,49.4
s2b-r05,2,B,512,s2b-r05-357,512,512,0,10,512,512,1,10,1024,6,64,512,-1,1,0,-1,6,105,6,2,1641110,105,0,6,6,48.0,44.8,49.4
s2b-r05,2,B,512,s2b-r05-358,512,512,0,10,512,512,1,10,1024,6,64,512,-1,1,0,-1,6,74,6,2,1168983,105,0,6,6,151.0,44.8,49.4
s2b-r05,2,B,512,s2b-r05-359,512,512,0,10,512,512,1,10,1024,6,64,512,-1,1,0,-1,6,104,6,2,1625521,105,0,6,6,52.0,44.8,49.4
s2b-r05,2,B,512,s2b-r05-360,512,512,0,10,512,512,1,10,1024,6,64,512,-1,1,0,-1,6,99,6,2,1550500,105,0,6,6,186.0,44.8,49.4
s2b-r05,2,B,512,s2b-r05-361,512,512,0,10,512,512,1,10,1024,6,64,512,-1,1,0,-1,6,103,6,2,1615903,103,0,6,6,55.0,44.8,49.4
s2b-r05,2,B,512,s2b-r05-362,512,512,0,10,512,512,1,10,1024,6,64,512,-1,1,0,-1,6,100,6,2,1563843,100,0,6,6,195.0,44.8,49.4
s2b-r05,2,B,512,s2b-r05-363,512,512,0,10,512,512,1,10,1024,6,64,512,-1,1,0,-1,6,107,6,2,1685347,107,0,6,6,49.0,44.8,49.4
s2b-r05,2,B,512,s2b-r05-364,512,512,0,10,512,512,1,10,1024,6,64,512,-1,1,0,-1,6,101,6,2,1584747,101,0,6,6,146.0,44.8,49.4
s2b-r05,2,B,512,s2b-r05-365,512,512,0,10,512,512,1,10,1024,6,64,512,-1,1,0,-1,6,104,6,2,1635078,104,0,6,6,49.0,44.8,49.4
s2b-r05,2,B,512,s2b-r05-366,512,512,0,10,512,512,1,10,1024,6,64,512,-1,1,0,-1,6,82,6,2,1292712,104,0,6,6,175.0,44.8,49.4
s2b-r05,2,B,512,s2b-r05-367,512,512,0,10,512,512,1,10,1024,6,64,512,-1,1,0,-1,6,106,6,2,1659919,106,0,6,6,57.0,44.8,49.4
s2b-r05,2,B,512,s2b-r05-368,512,512,0,10,512,512,1,10,1024,6,64,512,-1,1,0,-1,6,88,6,2,1386712,88,0,6,6,175.0,44.8,49.4
s2b-r05,2,B,512,s2b-r05-369,512,512,0,10,512,512,1,10,1024,6,64,512,-1,1,0,-1,6,116,6,2,1816230,116,0,6,6,47.0,44.8,49.4
s2b-r05,2,B,512,s2b-r05-370,512,512,0,10,512,512,1,10,1024,6,64,512,-1,1,0,-1,6,92,6,2,1442886,92,0,6,6,142.0,44.8,49.4
s2b-r05,2,B,512,s2b-r05-371,512,512,0,10,512,512,1,10,1024,6,64,512,-1,1,0,-1,6,105,6,2,1655635,105,0,6,6,49.0,44.8,49.4
s2b-r05,2,B,512,s2b-r05-372,512,512,0,10,512,512,1,10,1024,6,64,512,-1,1,0,-1,6,88,6,2,1377742,88,0,6,6,206.0,44.8,49.4
s2b-r05,2,B,512,s2b-r05-373,512,512,0,10,512,512,1,10,1024,6,64,512,-1,1,0,-1,6,105,6,2,1655709,105,0,6,6,57.0,44.8,49.4
s2b-r05,2,B,512,s2b-r05-374,512,512,0,10,512,512,1,10,1024,6,64,512,-1,1,0,-1,6,102,6,2,1598221,102,0,6,6,61.0,44.8,49.4
s2b-r05,2,B,512,s2b-r05-375,512,512,0,10,512,512,1,10,1024,6,64,512,-1,1,0,-1,6,104,6,2,1637857,104,0,6,6,52.0,44.8,49.4
s2b-r05,2,B,512,s2b-r05-376,512,512,0,10,512,512,1,10,1024,0,1,512,0,0,0,-1,6,102,0,0,1598879,102,0,0,0,181.0,44.8,49.4
s2b-r05,2,B,512,s2b-r05-377,512,512,0,10,512,512,1,10,1024,6,64,512,-1,1,0,-1,6,118,6,2,1844944,118,0,6,6,56.0,44.8,49.4
s2b-r05,2,B,512,s2b-r05-378,512,512,0,10,512,512,1,10,1024,6,64,512,-1,1,0,-1,6,105,6,2,1651685,102,0,6,6,204.0,44.8,49.4
s2b-r05,2,B,512,s2b-r05-379,512,512,0,10,512,512,1,10,1024,6,64,512,-1,1,0,-1,6,86,6,2,1356265,102,0,6,6,53.0,44.8,49.4
s2b-r05,2,B,512,s2b-r05-380,512,512,0,10,512,512,1,10,1024,6,64,512,-1,1,0,-1,6,102,6,2,1594622,102,0,6,6,210.0,44.8,49.4
s2b-r05,2,B,512,s2b-r05-381,512,512,0,10,512,512,1,10,1024,6,64,512,-1,1,0,-1,6,104,6,2,1633387,104,0,6,6,50.0,44.8,49.4
s2b-r05,2,B,512,s2b-r05-382,512,512,0,10,512,512,1,10,1024,6,64,512,-1,1,0,-1,6,98,6,2,1536807,102,0,6,6,307.0,44.8,49.4
s2b-r05,2,B,512,s2b-r05-383,512,512,0,10,512,512,1,10,1024,6,64,512,-1,1,0,-1,6,113,6,2,1766424,113,0,6,6,55.0,44.8,49.4
s2b-r05,2,B,512,s2b-r05-384,512,512,0,10,512,512,1,10,1024,6,64,512,-1,1,0,-1,6,103,6,2,1614135,102,0,6,6,151.0,44.8,49.4
s2b-r05,2,B,512,s2b-r05-385,512,512,0,10,512,512,1,10,1024,6,64,512,-1,1,0,-1,6,103,6,2,1612550,101,0,6,6,50.0,44.8,49.4
s2b-r05,2,B,512,s2b-r05-386,512,512,0,10,512,512,1,10,1024,6,64,512,-1,1,0,-1,6,82,6,2,1286275,101,0,6,6,145.0,44.8,49.4
s2b-r05,2,B,512,s2b-r05-387,512,512,0,10,512,512,1,10,1024,6,64,512,-1,1,0,-1,6,102,6,2,1604308,102,0,6,6,50.0,44.8,49.4
s2b-r05,2,B,512,s2b-r05-388,512,512,0,10,512,512,1,10,1024,6,64,512,-1,1,0,-1,6,99,6,2,1560881,101,0,6,6,142.0,44.8,49.4
s2b-r05,2,B,512,s2b-r05-389,512,512,0,10,512,512,1,10,1024,6,64,512,-1,1,0,-1,6,100,6,2,1569561,100,0,6,6,46.0,44.8,49.4
s2b-r05,2,B,512,s2b-r05-390,512,512,0,10,512,512,1,10,1024,6,64,512,-1,1,0,-1,6,99,6,2,1552794,99,0,6,6,165.0,44.8,49.4
s2b-r05,2,B,512,s2b-r05-391,512,512,0,10,512,512,1,10,1024,6,64,512,-1,1,0,-1,6,104,6,2,1630578,104,0,6,6,56.0,44.8,49.4
s2b-r05,2,B,512,s2b-r05-392,512,512,0,10,512,512,1,10,1024,6,64,512,-1,1,0,-1,6,81,6,2,1266313,34,0,6,6,195.0,44.8,49.4
s2b-r05,2,B,512,s2b-r05-393,512,512,0,10,512,512,1,10,1024,6,64,512,-1,1,0,-1,6,105,6,2,1641984,105,0,6,6,55.0,44.8,49.4
s2b-r05,2,B,512,s2b-r05-394,512,512,0,10,512,512,1,10,1024,6,64,512,-1,1,0,-1,6,100,6,2,1575294,100,0,6,6,126.0,44.8,49.4
s2b-r05,2,B,512,s2b-r05-395,512,512,0,10,512,512,1,10,1024,6,64,512,-1,1,0,-1,6,87,6,2,1365578,87,0,6,6,54.0,44.8,49.4
s2b-r05,2,B,512,s2b-r05-396,512,512,0,10,512,512,1,10,1024,6,64,512,-1,1,0,-1,6,101,6,2,1592234,101,0,6,6,164.0,44.8,49.4
s2b-r05,2,B,512,s2b-r05-397,512,512,0,10,512,512,1,10,1024,6,64,512,-1,1,0,-1,6,113,6,2,1770017,113,0,6,6,50.0,44.8,49.4
s2b-r05,2,B,512,s2b-r05-398,512,512,0,10,512,512,1,10,1024,6,64,512,-1,1,0,-1,6,100,6,2,1568552,101,0,6,6,128.0,44.8,49.4
s2b-r05,2,B,512,s2b-r05-399,512,512,0,10,512,512,1,10,1024,6,64,512,-1,1,0,-1,6,102,6,2,1600651,102,0,6,6,48.0,44.8,49.4
s2b-r05,2,B,512,s2b-r05-400,512,512,0,10,512,512,1,10,1024,6,64,512,-1,1,0,-1,6,103,6,2,1615001,101,0,6,6,154.0,44.8,49.4
s2b-r05,2,B,512,s2b-r05-401,512,512,0,10,512,512,1,10,1024,6,64,512,-1,1,0,-1,6,107,6,2,1683047,107,0,6,6,57.0,44.8,49.4
s2b-r05,2,B,512,s2b-r05-402,512,512,0,10,512,512,1,10,1024,6,64,512,-1,1,0,-1,6,81,6,2,1279917,107,0,6,6,127.0,44.8,49.4
s2b-r05,2,B,512,s2b-r05-403,512,512,0,10,512,512,1,10,1024,6,64,512,-1,1,0,-1,6,160,6,2,2505089,160,0,6,6,40.0,44.8,49.4
s2b-r05,2,B,512,s2b-r05-404,512,512,0,10,512,512,1,10,1024,6,64,512,-1,1,0,-1,6,97,6,2,1515809,97,0,6,6,178.0,44.8,49.4
s2b-r05,2,B,512,s2b-r05-405,512,512,0,10,512,512,1,10,1024,6,64,512,-1,1,0,-1,6,103,6,2,1617924,103,0,6,6,56.0,44.8,49.4
s2b-r05,2,B,512,s2b-r05-406,512,512,0,10,512,512,1,10,1024,6,64,512,-1,1,0,-1,6,105,6,2,1649752,105,0,6,6,193.0,44.8,49.4
s2b-r05,2,B,512,s2b-r05-407,512,512,0,10,512,512,1,10,1024,6,64,512,-1,1,0,-1,6,83,6,2,1303764,97,0,6,6,53.0,44.8,49.4
s2b-r05,2,B,512,s2b-r05-408,512,512,0,10,512,512,1,10,1024,6,64,512,-1,1,0,-1,6,102,6,2,1596788,102,0,6,6,71.0,44.8,49.4
s2b-r05,2,B,512,s2b-r05-409,512,512,0,10,512,512,1,10,1024,6,64,512,-1,1,0,-1,6,64,6,2,1014606,102,0,6,6,184.0,44.8,49.4
s2b-r05,2,B,512,s2b-r05-410,512,512,0,10,512,512,1,10,1024,6,64,512,-1,1,0,-1,6,109,6,2,1717559,109,0,6,6,54.0,44.8,49.4
s2b-r05,2,B,512,s2b-r05-411,512,512,0,10,512,512,1,10,1024,6,64,512,-1,1,0,-1,6,89,6,2,1404319,89,0,6,6,175.0,44.8,49.4
s2b-r05,2,B,512,s2b-r05-412,512,512,0,10,512,512,1,10,1024,6,64,512,-1,1,0,-1,6,105,6,2,1649565,105,0,6,6,51.0,44.8,49.4
s2b-r05,2,B,512,s2b-r05-413,512,512,0,10,512,512,1,10,1024,6,64,512,-1,1,0,-1,6,99,6,2,1551882,99,0,6,6,52.0,44.8,49.4
s2b-r05,2,B,512,s2b-r05-414,512,512,0,10,512,512,1,10,1024,6,64,512,-1,1,0,-1,6,99,6,2,1551886,99,0,6,6,130.0,44.8,49.4
s2b-r05,2,B,512,s2b-r05-415,512,512,0,10,512,512,1,10,1024,6,64,512,-1,1,0,-1,6,105,6,2,1647859,105,0,6,6,52.0,44.8,49.4
s2b-r05,2,B,512,s2b-r05-416,512,512,0,10,512,512,1,10,1024,6,64,512,-1,1,0,-1,6,81,6,2,1267091,81,0,6,6,167.0,44.8,49.4
s2b-r05,2,B,512,s2b-r05-417,512,512,0,10,512,512,1,10,1024,6,64,512,-1,1,0,-1,6,104,6,2,1631350,104,0,6,6,57.0,44.8,49.4
s2b-r05,2,B,512,s2b-r05-418,512,512,0,10,512,512,1,10,1024,6,64,512,-1,1,0,-1,6,98,6,2,1534187,98,0,6,6,57.0,44.8,49.4
s2b-r05,2,B,512,s2b-r05-419,512,512,0,10,512,512,1,10,1024,6,64,512,-1,1,0,-1,6,64,6,2,1011907,50,0,6,6,178.0,44.8,49.4
s2b-r05,2,B,512,s2b-r05-420,512,512,0,10,512,512,1,10,1024,6,64,512,-1,1,0,-1,6,110,6,2,1725062,110,0,6,6,54.0,44.8,49.4
s2b-r05,2,B,512,s2b-r05-421,512,512,0,10,512,512,1,10,1024,6,64,512,-1,1,0,-1,6,93,6,2,1465381,93,0,6,6,178.0,44.8,49.4
s2b-r05,2,B,512,s2b-r05-422,512,512,0,10,512,512,1,10,1024,6,64,512,-1,1,0,-1,6,103,6,2,1617824,103,0,6,6,60.0,44.8,49.4
s2b-r05,2,B,512,s2b-r05-423,512,512,0,10,512,512,1,10,1024,6,64,512,-1,1,0,-1,6,101,6,2,1581635,101,0,6,6,167.0,44.8,49.4
s2b-r05,2,B,512,s2b-r05-424,512,512,0,10,512,512,1,10,1024,6,64,512,-1,1,0,-1,6,81,6,2,1277102,101,0,6,6,50.0,44.8,49.4
s2b-r05,2,B,512,s2b-r05-425,512,512,0,10,512,512,1,10,1024,6,64,512,-1,1,0,-1,6,99,6,2,1547833,101,0,6,6,157.0,44.8,49.4
s2b-r05,2,B,512,s2b-r05-426,512,512,0,10,512,512,1,10,1024,6,64,512,-1,1,0,-1,6,105,6,2,1646926,105,0,6,6,51.0,44.8,49.4
s2b-r05,2,B,512,s2b-r05-427,512,512,0,10,512,512,1,10,1024,6,64,512,-1,1,0,-1,6,73,6,2,1146375,69,0,6,6,120.0,44.8,49.4
s2b-r05,2,B,512,s2b-r05-428,512,512,0,10,512,512,1,10,1024,6,64,512,-1,1,0,-1,6,100,6,2,1575830,100,0,6,6,53.0,44.8,49.4
s2b-r05,2,B,512,s2b-r05-429,512,512,0,10,512,512,1,10,1024,6,64,512,-1,1,0,-1,6,96,6,2,1513348,96,0,6,6,306.0,44.8,49.4
s2b-r05,2,B,512,s2b-r05-430,512,512,0,10,512,512,1,10,1024,6,64,512,-1,1,0,-1,6,95,6,2,1488761,95,0,6,6,53.0,44.8,49.4
s2b-r05,2,B,512,s2b-r05-431,512,512,0,10,512,512,1,10,1024,6,64,512,-1,1,0,-1,6,103,6,2,1622853,103,0,6,6,77.0,44.8,49.4
s2b-r05,2,B,512,s2b-r05-432,512,512,0,10,512,512,1,10,1024,6,64,512,-1,1,0,-1,6,85,6,2,1343657,95,0,6,6,53.0,44.8,49.4
s2b-r05,2,B,512,s2b-r05-433,512,512,0,10,512,512,1,10,1024,6,64,512,-1,1,0,-1,6,100,6,2,1573547,100,0,6,6,378.0,44.8,49.4
s2b-r05,2,B,512,s2b-r05-434,512,512,0,10,512,512,1,10,1024,6,64,512,-1,1,0,-1,6,114,6,2,1795616,114,0,6,6,53.0,44.8,49.4
s2b-r05,2,B,512,s2b-r05-435,512,512,0,10,512,512,1,10,1024,6,64,512,-1,1,0,-1,6,104,6,2,1635698,114,0,6,6,195.0,44.8,49.4
s2b-r05,2,B,512,s2b-r05-436,512,512,0,10,512,512,1,10,1024,6,64,512,-1,1,0,-1,6,107,6,2,1687383,114,0,6,6,54.0,44.8,49.4
s2b-r05,2,B,512,s2b-r05-437,512,512,0,10,512,512,1,10,1024,6,64,512,-1,1,0,-1,6,105,6,2,1652906,114,0,6,6,146.0,44.8,49.4
s2b-r05,2,B,512,s2b-r05-438,512,512,0,10,512,512,1,10,1024,0,32,512,1,0,0,-1,6,106,5,0,1668015,114,0,5,5,65.0,44.8,49.4
s2b-r05,2,B,512,s2b-r05-439,512,512,0,10,512,512,1,10,1024,0,32,512,-1,0,0,-1,5,95,5,2,1484647,90,0,5,5,55.0,44.8,49.4
s2b-r05,2,B,512,s2b-r05-440,512,512,0,10,512,512,1,10,1024,6,64,512,6,1,0,-1,5,152,6,0,2379585,152,0,6,6,113.0,44.8,49.4
s2b-r05,2,B,512,s2b-r05-441,512,512,0,10,512,512,1,10,1024,0,1,512,0,0,0,-1,6,103,0,0,1622532,103,0,0,0,52.0,44.8,49.4
s2b-r05,2,B,512,s2b-r05-442,512,512,0,10,512,512,1,10,1024,6,128,512,7,1,0,-1,3,168,7,0,2633395,168,0,7,7,116.0,44.8,49.4
s2b-r05,2,B,512,s2b-r05-443,512,512,0,10,512,512,1,10,1024,6,128,512,-1,1,0,-1,7,76,7,2,1193002,64,0,7,7,17.0,44.8,49.4
s2b-r05,2,B,512,s2b-r05-444,512,512,0,10,512,512,1,10,1024,6,64,512,6,1,0,-1,7,96,6,0,1513916,96,0,6,6,58.0,44.8,49.4
s2b-r05,2,B,512,s2b-r05-445,512,512,0,10,512,512,1,10,1024,6,64,512,-1,1,0,-1,6,100,6,2,1569579,100,0,6,6,58.0,44.8,49.4
s2b-r05,2,B,512,s2b-r05-446,512,512,0,10,512,512,1,10,1024,6,64,512,-1,1,0,-1,6,104,6,2,1626638,104,0,6,6,49.0,44.8,49.4
s2b-r05,2,B,512,s2b-r05-447,512,512,0,10,512,512,1,10,1024,6,64,512,-1,1,0,-1,6,105,6,2,1640976,105,0,6,6,49.0,44.8,49.4
s2b-r05,2,B,512,s2b-r05-448,512,512,0,10,512,512,1,10,1024,6,64,512,-1,1,0,-1,6,101,6,2,1581302,104,0,6,6,128.0,44.8,49.4
s2b-r05,2,B,512,s2b-r05-449,512,512,0,10,512,512,1,10,1024,6,64,512,-1,1,0,-1,6,85,6,2,1329185,104,0,6,6,49.0,44.8,49.4
s2b-r05,2,B,512,s2b-r05-450,512,512,0,10,512,512,1,10,1024,6,64,512,-1,1,0,-1,6,100,6,2,1569549,100,0,6,6,155.0,44.8,49.4
s2b-r05,2,B,512,s2b-r05-451,512,512,0,10,512,512,1,10,1024,6,64,512,-1,1,0,-1,6,87,6,2,1372112,100,0,6,6,32.0,44.8,49.4
s2b-r05,2,B,512,s2b-r05-452,512,512,0,10,512,512,1,10,1024,6,64,512,-1,1,0,-1,6,99,6,2,1560352,100,0,6,6,60.0,44.8,49.4
s2b-r05,2,B,512,s2b-r05-453,512,512,0,10,512,512,1,10,1024,6,64,512,-1,1,0,-1,6,100,6,2,1568147,100,0,6,6,48.0,44.8,49.4
s2b-r05,2,B,512,s2b-r05-454,512,512,0,10,512,512,1,10,1024,6,64,512,-1,1,0,-1,6,77,6,2,1213694,64,0,6,6,193.0,44.8,49.4
s2b-r05,2,B,512,s2b-r05-455,512,512,0,10,512,512,1,10,1024,6,64,512,-1,1,0,-1,6,106,6,2,1656735,106,0,6,6,54.0,44.8,49.4
s2b-r05,2,B,512,s2b-r05-456,512,512,0,10,512,512,1,10,1024,6,64,512,-1,1,0,-1,6,99,6,2,1555055,99,0,6,6,48.0,44.8,49.4
s2b-r05,2,B,512,s2b-r05-457,512,512,0,10,512,512,1,10,1024,6,64,512,-1,1,0,-1,6,67,6,2,1061693,38,0,6,6,165.0,44.8,49.4
s2b-r05,2,B,512,s2b-r05-458,512,512,0,10,512,512,1,10,1024,6,64,512,-1,1,0,-1,6,103,6,2,1619517,103,0,6,6,56.0,44.8,49.4
s2b-r05,2,B,512,s2b-r05-459,512,512,0,10,512,512,1,10,1024,6,64,512,-1,1,0,-1,6,101,6,2,1592162,101,0,6,6,169.0,44.8,49.4
s2b-r05,2,B,512,s2b-r05-460,512,512,0,10,512,512,1,10,1024,6,64,512,-1,1,0,-1,6,106,6,2,1662988,106,0,6,6,49.0,44.8,49.4
s2b-r05,2,B,512,s2b-r05-461,512,512,0,10,512,512,1,10,1024,6,64,512,-1,1,0,-1,6,99,6,2,1552676,99,0,6,6,147.0,44.8,49.4
s2b-r05,2,B,512,s2b-r05-462,512,512,0,10,512,512,1,10,1024,6,64,512,-1,1,0,-1,6,106,6,2,1666572,106,0,6,6,48.0,44.8,49.4
s2b-r05,2,B,512,s2b-r05-463,512,512,0,10,512,512,1,10,1024,6,64,512,-1,1,0,-1,6,99,6,2,1558222,99,0,6,6,140.0,44.8,49.4
s2b-r05,2,B,512,s2b-r05-464,512,512,0,10,512,512,1,10,1024,6,64,512,-1,1,0,-1,6,102,6,2,1604186,101,0,6,6,50.0,44.8,49.4
s2b-r05,2,B,512,s2b-r05-465,512,512,0,10,512,512,1,10,1024,6,64,512,-1,1,0,-1,6,101,6,2,1583734,99,0,6,6,59.0,44.8,49.4
s2b-r05,2,B,512,s2b-r05-466,512,512,0,10,512,512,1,10,1024,6,64,512,-1,1,0,-1,6,101,6,2,1590413,101,0,6,6,48.0,44.8,49.4
s2b-r05,2,B,512,s2b-r05-467,512,512,0,10,512,512,1,10,1024,6,64,512,-1,1,0,-1,6,81,6,2,1267559,101,0,6,6,165.0,44.8,49.4
s2b-r05,2,B,512,s2b-r05-468,512,512,0,10,512,512,1,10,1024,6,64,512,-1,1,0,-1,6,105,6,2,1648022,105,0,6,6,59.0,44.8,49.4
s2b-r05,2,B,512,s2b-r05-469,512,512,0,10,512,512,1,10,1024,6,64,512,-1,1,0,-1,6,99,6,2,1548030,101,0,6,6,108.0,44.8,49.4
s2b-r05,2,B,512,s2b-r05-470,512,512,0,10,512,512,1,10,1024,6,64,512,-1,1,0,-1,6,65,6,2,1027506,55,0,6,6,52.0,44.8,49.4
s2b-r05,2,B,512,s2b-r05-471,512,512,0,10,512,512,1,10,1024,6,64,512,-1,1,0,-1,6,101,6,2,1584049,101,0,6,6,54.0,44.8,49.4
s2b-r05,2,B,512,s2b-r05-472,512,512,0,10,512,512,1,10,1024,6,64,512,-1,1,0,-1,6,79,6,2,1241420,79,0,6,6,148.0,44.8,49.4
s2b-r05,2,B,512,s2b-r05-473,512,512,0,10,512,512,1,10,1024,6,64,512,-1,1,0,-1,6,102,6,2,1594227,102,0,6,6,50.0,44.8,49.4
s2b-r05,2,B,512,s2b-r05-474,512,512,0,10,512,512,1,10,1024,6,64,512,-1,1,0,-1,6,97,6,2,1523709,102,0,6,6,123.0,44.8,49.4
s2b-r05,2,B,512,s2b-r05-475,512,512,0,10,512,512,1,10,1024,6,64,512,-1,1,0,-1,6,96,6,2,1500695,102,0,6,6,48.0,44.8,49.4
s2b-r05,2,B,512,s2b-r05-476,512,512,0,10,512,512,1,10,1024,6,64,512,-1,1,0,-1,6,98,6,2,1543910,102,0,6,6,235.0,44.8,49.4
s2b-r05,2,B,512,s2b-r05-477,512,512,0,10,512,512,1,10,1024,6,64,512,-1,1,0,-1,6,105,6,2,1648017,105,0,6,6,54.0,44.8,49.4
s2b-r05,2,B,512,s2b-r05-478,512,512,0,10,512,512,1,10,1024,6,64,512,-1,1,0,-1,6,102,6,2,1608203,105,0,6,6,210.0,44.8,49.4
s2b-r05,2,B,512,s2b-r05-479,512,512,0,10,512,512,1,10,1024,6,64,512,-1,1,0,-1,6,106,6,2,1659816,106,0,6,6,49.0,44.8,49.4
s2b-r05,2,B,512,s2b-r05-480,512,512,0,10,512,512,1,10,1024,6,64,512,-1,1,0,-1,6,82,6,2,1294739,105,0,6,6,139.0,44.8,49.4
s2b-r05,2,B,512,s2b-r05-481,512,512,0,10,512,512,1,10,1024,6,64,512,-1,1,0,-1,6,103,6,2,1623353,103,0,6,6,57.0,44.8,49.4
s2b-r05,2,B,512,s2b-r05-482,512,512,0,10,512,512,1,10,1024,6,128,512,7,1,0,-1,6,98,7,0,1535910,103,0,7,7,211.0,44.8,49.4
s2b-r05,2,B,512,s2b-r05-483,512,512,0,10,512,512,1,10,1024,6,128,512,-1,1,0,-1,7,82,7,2,1290297,103,0,7,7,49.0,44.8,49.4
s2b-r05,2,B,512,s2b-r05-484,512,512,0,10,512,512,1,10,1024,6,128,512,-1,1,0,-1,7,98,7,2,1540205,103,0,7,7,71.0,44.8,49.4
s2b-r05,2,B,512,s2b-r05-485,512,512,0,10,512,512,1,10,1024,6,128,512,-1,1,0,-1,7,76,7,2,1192321,76,0,7,7,53.0,44.8,49.4
s2b-r05,2,B,512,s2b-r05-486,512,512,0,10,512,512,1,10,1024,6,128,512,-1,1,0,-1,7,99,7,2,1556652,99,0,7,7,48.0,44.8,49.4
s2b-r05,2,B,512,s2b-r05-487,512,512,0,10,512,512,1,10,1024,6,128,512,-1,1,0,-1,7,75,7,2,1185311,75,0,7,7,152.0,44.8,49.4
s2b-r05,2,B,512,s2b-r05-488,512,512,0,10,512,512,1,10,1024,6,128,512,-1,1,0,-1,7,103,7,2,1610186,103,0,7,7,48.0,44.8,49.4
s2b-r05,2,B,512,s2b-r05-489,512,512,0,10,512,512,1,10,1024,6,128,512,-1,1,0,-1,7,84,7,2,1312858,103,0,7,7,125.0,44.8,49.4
s2b-r05,2,B,512,s2b-r05-490,512,512,0,10,512,512,1,10,1024,6,128,512,-1,1,0,-1,7,101,7,2,1590516,103,0,7,7,48.0,44.8,49.4
s2b-r05,2,B,512,s2b-r05-491,512,512,0,10,512,512,1,10,1024,6,128,512,-1,1,0,-1,7,83,7,2,1300461,83,0,7,7,153.0,44.8,49.4
s2b-r05,2,B,512,s2b-r05-492,512,512,0,10,512,512,1,10,1024,6,128,512,-1,1,0,-1,7,104,7,2,1627301,104,0,7,7,48.0,44.8,49.4
s2b-r05,2,B,512,s2b-r05-493,512,512,0,10,512,512,1,10,1024,6,128,512,-1,1,0,-1,7,87,7,2,1368666,87,0,7,7,203.0,44.8,49.4
s2b-r05,2,B,512,s2b-r05-494,512,512,0,10,512,512,1,10,1024,6,128,512,-1,1,0,-1,7,117,7,2,1836908,117,0,7,7,59.0,44.8,49.4
s2b-r05,2,B,512,s2b-r05-495,512,512,0,10,512,512,1,10,1024,6,128,512,-1,1,0,-1,7,93,7,2,1464219,93,0,7,7,122.0,44.8,49.4
s2b-r05,2,B,512,s2b-r05-496,512,512,0,10,512,512,1,10,1024,6,128,512,-1,1,0,-1,7,103,7,2,1613221,103,0,7,7,49.0,44.8,49.4
s2b-r05,2,B,512,s2b-r05-497,512,512,0,10,512,512,1,10,1024,6,128,512,-1,1,0,-1,7,84,7,2,1318000,84,0,7,7,162.0,44.8,49.4
s2b-r05,2,B,512,s2b-r05-498,512,512,0,10,512,512,1,10,1024,6,128,512,-1,1,0,-1,7,106,7,2,1669337,106,0,7,7,49.0,44.8,49.4
s2b-r05,2,B,512,s2b-r05-499,512,512,0,10,512,512,1,10,1024,6,128,512,-1,1,0,-1,7,89,7,2,1395928,106,0,7,7,148.0,44.8,49.4
s2b-r05,2,B,512,s2b-r05-500,512,512,0,10,512,512,1,10,1024,6,128,512,-1,1,0,-1,7,108,7,2,1698417,108,0,7,7,49.0,44.8,49.4
s2b-r05,2,B,512,s2b-r05-501,512,512,0,10,512,512,1,10,1024,6,128,512,-1,1,0,-1,7,88,7,2,1386505,88,0,7,7,141.0,44.8,49.4
s2b-r05,2,B,512,s2b-r05-502,512,512,0,10,512,512,1,10,1024,6,128,512,-1,1,0,-1,7,101,7,2,1585500,101,0,7,7,48.0,44.8,49.4
s2b-r05,2,B,512,s2b-r05-503,512,512,0,10,512,512,1,10,1024,6,128,512,-1,1,0,-1,7,86,7,2,1344414,88,0,7,7,141.0,44.8,49.4
s2b-r05,2,B,512,s2b-r05-504,512,512,0,10,512,512,1,10,1024,6,128,512,-1,1,0,-1,7,101,7,2,1586536,101,0,7,7,54.0,44.8,49.4
s2b-r05,2,B,512,s2b-r05-505,512,512,0,10,512,512,1,10,1024,6,128,512,-1,1,0,-1,7,98,7,2,1538574,98,0,7,7,175.0,44.8,49.4
s2b-r05,2,B,512,s2b-r05-506,512,512,0,10,512,512,1,10,1024,6,128,512,-1,1,0,-1,7,78,7,2,1231379,98,0,7,7,48.0,44.8,49.4
s2b-r05,2,B,512,s2b-r05-507,512,512,0,10,512,512,1,10,1024,6,128,512,-1,1,0,-1,7,99,7,2,1554571,99,0,7,7,209.0,44.8,49.4
s2b-r05,2,B,512,s2b-r05-508,512,512,0,10,512,512,1,10,1024,6,128,512,-1,1,0,-1,7,106,7,2,1661482,106,0,7,7,52.0,44.8,49.4
s2b-r05,2,B,512,s2b-r05-509,512,512,0,10,512,512,1,10,1024,6,128,512,-1,1,0,-1,7,101,7,2,1583284,101,0,7,7,48.0,44.8,49.4
s2b-r05,2,B,512,s2b-r05-510,512,512,0,10,512,512,1,10,1024,6,128,512,-1,1,0,-1,7,80,7,2,1263492,101,0,7,7,214.0,44.8,49.4
s2b-r05,2,B,512,s2b-r05-511,512,512,0,10,512,512,1,10,1024,6,128,512,-1,1,0,-1,7,111,7,2,1747652,111,0,7,7,51.0,44.8,49.4
s2b-r05,2,B,512,s2b-r05-512,512,512,0,10,512,512,1,10,1024,6,128,512,-1,1,0,-1,7,93,7,2,1454644,93,0,7,7,159.0,44.8,49.4
s2b-r05,2,B,512,s2b-r05-513,512,512,0,10,512,512,1,10,1024,6,128,512,-1,1,0,-1,7,103,7,2,1610596,103,0,7,7,51.0,44.8,49.4
s2b-r05,2,B,512,s2b-r05-514,512,512,0,10,512,512,1,10,1024,6,128,512,-1,1,0,-1,7,100,7,2,1569347,100,0,7,7,80.0,44.8,49.4
s2b-r05,2,B,512,s2b-r05-515,512,512,0,10,512,512,1,10,1024,6,128,512,-1,1,0,-1,7,101,7,2,1590982,101,0,7,7,48.0,44.8,49.4
s2b-r05,2,B,512,s2b-r05-516,512,512,0,10,512,512,1,10,1024,6,128,512,-1,1,0,-1,7,99,7,2,1554385,98,0,7,7,185.0,44.8,49.4
s2b-r05,2,B,512,s2b-r05-517,512,512,0,10,512,512,1,10,1024,6,128,512,-1,1,0,-1,7,94,7,2,1481955,94,0,7,7,56.0,44.8,49.4
s2b-r05,2,B,512,s2b-r05-518,512,512,0,10,512,512,1,10,1024,6,128,512,-1,1,0,-1,7,101,7,2,1592721,101,0,7,7,265.0,44.8,49.4
s2b-r05,2,B,512,s2b-r05-519,512,512,0,10,512,512,1,10,1024,6,128,512,-1,1,0,-1,7,110,7,2,1731486,110,0,7,7,51.0,44.8,49.4
s2b-r05,2,B,512,s2b-r05-520,512,512,0,10,512,512,1,10,1024,6,128,512,-1,1,0,-1,7,99,7,2,1548087,99,0,7,7,160.0,44.8,49.4
s2b-r05,2,B,512,s2b-r05-521,512,512,0,10,512,512,1,10,1024,6,128,512,-1,1,0,-1,7,103,7,2,1622286,103,0,7,7,52.0,44.8,49.4
s2b-r05,2,B,512,s2b-r05-522,512,512,0,10,512,512,1,10,1024,6,128,512,-1,1,0,-1,7,83,7,2,1301393,103,0,7,7,158.0,44.8,49.4
s2b-r05,2,B,512,s2b-r05-523,512,512,0,10,512,512,1,10,1024,6,128,512,-1,1,0,-1,7,103,7,2,1617154,103,0,7,7,55.0,44.8,49.4
s2b-r05,2,B,512,s2b-r05-524,512,512,0,10,512,512,1,10,1024,6,128,512,-1,1,0,-1,7,98,7,2,1541142,103,0,7,7,147.0,44.8,49.4
s2b-r05,2,B,512,s2b-r05-525,512,512,0,10,512,512,1,10,1024,6,128,512,-1,1,0,-1,7,103,7,2,1615819,103,0,7,7,48.0,44.8,49.4
s2b-r05,2,B,512,s2b-r05-526,512,512,0,10,512,512,1,10,1024,0,2,512,1,0,0,-1,7,99,7,0,1556636,99,0,7,7,153.0,44.8,49.4
s2b-r05,2,B,512,s2b-r05-527,512,512,0,10,512,512,1,10,1024,6,128,512,-1,1,0,-1,7,108,7,2,1692695,108,0,7,7,47.0,44.8,49.4
s2b-r05,2,B,512,s2b-r05-528,512,512,0,10,512,512,1,10,1024,6,128,512,-1,1,0,-1,7,100,7,2,1564137,100,0,7,7,127.0,44.8,49.4
s2b-r05,2,B,512,s2b-r05-529,512,512,0,10,512,512,1,10,1024,6,128,512,-1,1,0,-1,7,102,7,2,1602347,101,0,7,7,49.0,44.8,49.4
s2b-r05,2,B,512,s2b-r05-530,512,512,0,10,512,512,1,10,1024,6,128,512,-1,1,0,-1,7,101,7,2,1589564,101,0,7,7,160.0,44.8,49.4
s2b-r05,2,B,512,s2b-r05-531,512,512,0,10,512,512,1,10,1024,6,128,512,-1,1,0,-1,7,104,7,2,1632963,104,0,7,7,54.0,44.8,49.4
s2b-r05,2,B,512,s2b-r05-532,512,512,0,10,512,512,1,10,1024,6,128,512,-1,1,0,-1,7,81,7,2,1268635,101,0,7,7,174.0,44.8,49.4
s2b-r05,2,B,512,s2b-r05-533,512,512,0,10,512,512,1,10,1024,6,128,512,-1,1,0,-1,7,104,7,2,1626394,104,0,7,7,54.0,44.8,49.4
s2b-r05,2,B,512,s2b-r05-534,512,512,0,10,512,512,1,10,1024,6,128,512,-1,1,0,-1,7,98,7,2,1533556,104,0,7,7,48.0,44.8,49.4
s2b-r05,2,B,512,s2b-r05-535,512,512,0,10,512,512,1,10,1024,6,128,512,-1,1,0,-1,7,74,7,2,1160708,104,0,7,7,173.0,44.8,49.4
s2b-r05,2,B,512,s2b-r05-536,512,512,0,10,512,512,1,10,1024,6,128,512,-1,1,0,-1,7,106,7,2,1662846,106,0,7,7,55.0,44.8,49.4
s2b-r05,2,B,512,s2b-r05-537,512,512,0,10,512,512,1,10,1024,6,128,512,-1,1,0,-1,7,98,7,2,1538077,98,0,7,7,167.0,44.8,49.4
s2b-r05,2,B,512,s2b-r05-538,512,512,0,10,512,512,1,10,1024,6,128,512,-1,1,0,-1,7,120,7,2,1876727,120,0,7,7,49.0,44.8,49.4
s2b-r05,2,B,512,s2b-r05-539,512,512,0,10,512,512,1,10,1024,6,128,512,-1,1,0,-1,7,98,7,2,1545103,98,0,7,7,275.0,44.8,49.4
s2b-r05,2,B,512,s2b-r05-540,512,512,0,10,512,512,1,10,1024,6,128,512,-1,1,0,-1,7,109,7,2,1704444,109,0,7,7,49.0,44.8,49.4
s2b-r05,2,B,512,s2b-r05-541,512,512,0,10,512,512,1,10,1024,6,128,512,-1,1,0,-1,7,99,7,2,1555253,99,0,7,7,183.0,44.8,49.4
s2b-r05,2,B,512,s2b-r05-542,512,512,0,10,512,512,1,10,1024,6,128,512,-1,1,0,-1,7,106,7,2,1663065,104,0,7,7,70.0,44.8,49.4
s2b-r05,2,B,512,s2b-r05-543,512,512,0,10,512,512,1,10,1024,6,128,512,-1,1,0,-1,7,83,7,2,1301723,99,0,7,7,179.0,44.8,49.4
s2b-r05,2,B,512,s2b-r05-544,512,512,0,10,512,512,1,10,1024,6,128,512,-1,1,0,-1,7,105,7,2,1645295,105,0,7,7,55.0,44.8,49.4
s2b-r05,2,B,512,s2b-r05-545,512,512,0,10,512,512,1,10,1024,6,128,512,-1,1,0,-1,7,99,7,2,1558344,99,0,7,7,204.0,44.8,49.4
s2b-r05,2,B,512,s2b-r05-546,512,512,0,10,512,512,1,10,1024,6,128,512,-1,1,0,-1,7,106,7,2,1665105,106,0,7,7,58.0,44.8,49.4
s2b-r05,2,B,512,s2b-r05-547,512,512,0,10,512,512,1,10,1024,6,128,512,-1,1,0,-1,7,83,7,2,1301296,99,0,7,7,154.0,44.8,49.4
s2b-r05,2,B,512,s2b-r05-548,512,512,0,10,512,512,1,10,1024,6,128,512,-1,1,0,-1,7,102,7,2,1598388,102,0,7,7,52.0,44.8,49.4
s2b-r05,2,B,512,s2b-r05-549,512,512,0,10,512,512,1,10,1024,6,128,512,-1,1,0,-1,7,97,7,2,1528112,97,0,7,7,169.0,44.8,49.4
s2b-r05,2,B,512,s2b-r05-550,512,512,0,10,512,512,1,10,1024,6,128,512,-1,1,0,-1,7,89,7,2,1391514,97,0,7,7,54.0,44.8,49.4
s2b-r05,2,B,512,s2b-r05-551,512,512,0,10,512,512,1,10,1024,6,128,512,-1,1,0,-1,7,100,7,2,1563937,100,0,7,7,54.0,44.8,49.4
s2b-r05,2,B,512,s2b-r05-552,512,512,0,10,512,512,1,10,1024,6,128,512,-1,1,0,-1,7,79,7,2,1244107,79,0,7,7,50.0,44.8,49.4
s2b-r05,2,B,512,s2b-r05-553,512,512,0,10,512,512,1,10,1024,0,4,512,0,0,0,-1,7,97,2,0,1523714,97,0,2,2,114.0,44.8,49.4
s2b-r05,2,B,512,s2b-r05-554,512,512,0,10,512,512,1,10,1024,0,4,512,-1,0,0,-1,2,152,2,2,2386333,152,0,2,2,62.0,44.8,49.4
s2b-r05,2,B,512,s2b-r05-555,512,512,0,10,512,512,1,10,1024,6,128,512,6,1,0,-1,2,153,7,0,2400995,153,0,7,7,170.0,44.8,49.4
s2b-r05,2,B,512,s2b-r05-556,512,512,0,10,512,512,1,10,1024,6,128,512,-1,1,0,-1,7,119,7,2,1860031,111,0,7,7,49.0,44.8,49.4
s2b-r05,2,B,512,s2b-r05-557,512,512,0,10,512,512,1,10,1024,0,16,512,4,0,0,-1,7,122,4,0,1917067,97,0,4,4,225.0,44.8,49.4
s2b-r05,2,B,512,s2b-r05-558,512,512,0,10,512,512,1,10,1024,6,64,512,6,1,0,-1,4,157,6,0,2454383,157,0,6,6,163.0,44.8,49.4
s2b-r05,2,B,512,s2b-r05-559,512,512,0,10,512,512,1,10,1024,6,64,512,-1,1,0,-1,6,126,6,2,1974357,111,0,6,6,17.0,44.8,49.4
s2b-r05,2,B,512,s2b-r05-560,512,512,0,10,512,512,1,10,1024,6,64,512,-1,1,0,-1,6,92,6,2,1448288,97,0,6,6,22.0,44.8,49.4
s2b-r05,2,B,512,s2b-r05-561,512,512,0,10,512,512,1,10,1024,6,64,512,-1,1,0,-1,6,96,6,2,1511257,96,0,6,6,53.0,44.8,49.4
s2b-r05,2,B,512,s2b-r05-562,512,512,0,10,512,512,1,10,1024,6,64,512,-1,1,0,-1,6,101,6,2,1590101,101,0,6,6,143.0,44.8,49.4
s2b-r05,2,B,512,s2b-r05-563,512,512,0,10,512,512,1,10,1024,6,64,512,-1,1,0,-1,6,100,6,2,1576225,100,0,6,6,54.0,44.8,49.4
s2b-r05,2,B,512,s2b-r05-564,512,512,0,10,512,512,1,10,1024,6,64,512,-1,1,0,-1,6,99,6,2,1556897,99,0,6,6,148.0,44.8,49.4
s2b-r05,2,B,512,s2b-r05-565,512,512,0,10,512,512,1,10,1024,6,64,512,-1,1,0,-1,6,103,6,2,1621601,103,0,6,6,48.0,44.8,49.4
s2b-r05,2,B,512,s2b-r05-566,512,512,0,10,512,512,1,10,1024,6,64,512,-1,1,0,-1,6,98,6,2,1542044,103,0,6,6,100.0,44.8,49.4
s2b-r05,2,B,512,s2b-r05-567,512,512,0,10,512,512,1,10,1024,6,64,512,-1,1,0,-1,6,80,6,2,1263989,103,0,6,6,54.0,44.8,49.4
s2b-r05,2,B,512,s2b-r05-568,512,512,0,10,512,512,1,10,1024,6,64,512,-1,1,0,-1,6,97,6,2,1523799,103,0,6,6,173.0,44.8,49.4
s2b-r05,2,B,512,s2b-r05-569,512,512,0,10,512,512,1,10,1024,6,64,512,-1,1,0,-1,6,104,6,2,1638521,104,0,6,6,53.0,44.8,49.4
s2b-r05,2,B,512,s2b-r05-570,512,512,0,10,512,512,1,10,1024,6,64,512,-1,1,0,-1,6,66,6,2,1039530,104,0,6,6,200.0,44.8,49.4
s2b-r05,2,B,512,s2b-r05-571,512,512,0,10,512,512,1,10,1024,6,64,512,-1,1,0,-1,6,107,6,2,1674171,107,0,6,6,48.0,44.8,49.4
s2b-r05,2,B,512,s2b-r05-572,512,512,0,10,512,512,1,10,1024,6,64,512,-1,1,0,-1,6,98,6,2,1537247,104,0,6,6,178.0,44.8,49.4
s2b-r05,2,B,512,s2b-r05-573,512,512,0,10,512,512,1,10,1024,6,64,512,-1,1,0,-1,6,102,6,2,1597660,102,0,6,6,50.0,44.8,49.4
s2b-r05,2,B,512,s2b-r05-574,512,512,0,10,512,512,1,10,1024,6,64,512,-1,1,0,-1,6,99,6,2,1547826,99,0,6,6,159.0,44.8,49.4
s2b-r05,2,B,512,s2b-r05-575,512,512,0,10,512,512,1,10,1024,6,64,512,-1,1,0,-1,6,102,6,2,1602224,102,0,6,6,47.0,44.8,49.4
s2b-r05,2,B,512,s2b-r05-576,512,512,0,10,512,512,1,10,1024,6,64,512,-1,1,0,-1,6,98,6,2,1534517,98,0,6,6,123.0,44.8,49.4
s2b-r05,2,B,512,s2b-r05-577,512,512,0,10,512,512,1,10,1024,6,64,512,-1,1,0,-1,6,102,6,2,1603893,102,0,6,6,48.0,44.8,49.4
s2b-r05,2,B,512,s2b-r05-578,512,512,0,10,512,512,1,10,1024,6,64,512,-1,1,0,-1,6,80,6,2,1254394,102,0,6,6,146.0,44.8,49.4
s2b-r05,2,B,512,s2b-r05-579,512,512,0,10,512,512,1,10,1024,6,64,512,-1,1,0,-1,6,101,6,2,1593216,102,0,6,6,51.0,44.8,49.4
s2b-r05,2,B,512,s2b-r05-580,512,512,0,10,512,512,1,10,1024,6,64,512,-1,1,0,-1,6,100,6,2,1568233,102,0,6,6,252.0,44.8,49.4
s2b-r05,2,B,512,s2b-r05-581,512,512,0,10,512,512,1,10,1024,6,64,512,-1,1,0,-1,6,113,6,2,1765920,113,0,6,6,56.0,44.8,49.4
s2b-r05,2,B,512,s2b-r05-582,512,512,0,10,512,512,1,10,1024,6,64,512,-1,1,0,-1,6,99,6,2,1561504,113,0,6,6,53.0,44.8,49.4
s2b-r05,2,B,512,s2b-r05-583,512,512,0,10,512,512,1,10,1024,6,64,512,-1,1,0,-1,6,82,6,2,1292972,113,0,6,6,172.0,44.8,49.4
s2b-r05,2,B,512,s2b-r05-584,512,512,0,10,512,512,1,10,1024,6,64,512,-1,1,0,-1,6,110,6,2,1718866,113,0,6,6,53.0,44.8,49.4
s2b-r05,2,B,512,s2b-r05-585,512,512,0,10,512,512,1,10,1024,6,64,512,-1,1,0,-1,6,90,6,2,1418631,90,0,6,6,145.0,44.8,49.4
s2b-r05,2,B,512,s2b-r05-586,512,512,0,10,512,512,1,10,1024,6,64,512,-1,1,0,-1,6,105,6,2,1645234,105,0,6,6,52.0,44.8,49.4
s2b-r05,2,B,512,s2b-r05-587,512,512,0,10,512,512,1,10,1024,6,64,512,-1,1,0,-1,6,88,6,2,1386132,88,0,6,6,144.0,44.8,49.4
s2b-r05,2,B,512,s2b-r05-588,512,512,0,10,512,512,1,10,1024,6,64,512,-1,1,0,-1,6,107,6,2,1675282,107,0,6,6,48.0,44.8,49.4
s2b-r05,2,B,512,s2b-r05-589,512,512,0,10,512,512,1,10,1024,6,64,512,-1,1,0,-1,6,88,6,2,1383269,107,0,6,6,211.0,44.8,49.4
s2b-r05,2,B,512,s2b-r05-590,512,512,0,10,512,512,1,10,1024,6,64,512,-1,1,0,-1,6,106,6,2,1665212,107,0,6,6,51.0,44.8,49.4
s2b-r05,2,B,512,s2b-r05-591,512,512,0,10,512,512,1,10,1024,6,64,512,-1,1,0,-1,6,102,6,2,1594842,107,0,6,6,321.0,44.8,49.4
s2b-r06,2,A,0,s2b-r06-0,0,0,0,0,0,0,1,0,1024,0,1,117,0,0,0,-1,5,117,5,0,1836523,0,0,5,0,40.0,43.2,43.2
s2b-r06,2,A,0,s2b-r06-1,0,0,0,0,0,0,1,0,1024,0,32,181,-1,0,0,-1,5,181,5,2,2829893,181,0,5,5,15.0,43.2,43.2
s2b-r06,2,A,0,s2b-r06-2,0,0,0,0,0,0,1,0,1024,0,32,99,-1,0,0,-1,5,99,5,2,1558955,58,0,5,5,22.0,43.2,43.2
s2b-r06,2,A,0,s2b-r06-3,0,0,0,0,0,0,1,0,1024,0,32,150,-1,0,0,-1,5,150,5,2,2353356,181,0,5,5,57.0,43.2,43.2
s2b-r06,2,A,0,s2b-r06-4,0,0,0,0,0,0,1,0,1024,0,1,75,0,0,0,-1,5,75,0,0,1175712,35,0,0,0,31.0,43.2,43.2
s2b-r06,2,A,0,s2b-r06-5,0,0,0,0,0,0,1,0,1024,0,1,154,-1,0,0,-1,0,154,0,2,2411767,154,0,0,0,75.0,43.2,43.2
s2b-r06,2,A,0,s2b-r06-6,0,0,0,0,0,0,1,0,1024,0,4,87,1,0,0,-1,0,87,2,0,1373034,80,0,2,2,105.0,43.2,43.2
s2b-r06,2,A,0,s2b-r06-7,0,0,0,0,0,0,1,0,1024,0,4,91,-1,0,0,-1,2,91,2,2,1430049,80,0,2,2,103.0,43.2,43.2
s2b-r06,2,A,0,s2b-r06-8,0,0,0,0,0,0,1,0,1024,0,2,75,1,0,0,-1,2,75,2,0,1182144,80,0,0,1,310.0,43.2,43.2
s2b-r06,2,A,0,s2b-r06-9,0,0,0,0,0,0,1,0,1024,0,2,125,1,0,0,-1,4,125,1,0,1967830,125,0,1,1,59.0,43.2,43.2
s2b-r06,2,A,0,s2b-r06-10,0,0,0,0,0,0,1,0,1024,0,1,90,0,0,0,-1,1,90,0,0,1413168,88,0,0,0,39.0,43.2,43.2
s2b-r06,2,A,0,s2b-r06-11,0,0,0,0,0,0,1,0,1024,0,1,165,-1,0,0,-1,0,165,0,2,2578884,165,0,0,0,21.0,43.2,43.2
s2b-r06,2,A,0,s2b-r06-12,0,0,0,0,0,0,1,0,1024,0,16,154,-1,0,0,-1,4,154,4,2,2409146,154,0,4,4,34.0,43.2,43.2
s2b-r06,2,A,0,s2b-r06-13,0,0,0,0,0,0,1,0,1024,0,1,123,0,0,0,-1,4,123,0,0,1928702,123,0,0,0,95.0,43.2,43.2
s2b-r06,2,A,0,s2b-r06-14,0,0,0,0,0,0,1,0,1024,0,1,162,-1,0,0,-1,0,162,0,2,2532247,162,0,0,0,66.0,43.2,43.2
s2b-r06,2,A,0,s2b-r06-15,0,0,0,0,0,0,1,0,1024,0,1,154,-1,0,0,-1,0,154,0,2,2409853,154,0,0,0,27.0,43.2,43.2
s2b-r06,2,A,0,s2b-r06-16,0,0,0,0,0,0,1,0,1024,0,16,119,1,0,0,-1,0,119,4,0,1863025,84,0,4,4,54.0,43.2,43.2
s2b-r06,2,A,0,s2b-r06-17,0,0,0,0,0,0,1,0,1024,0,2,93,0,0,0,-1,4,93,1,0,1460825,93,0,1,1,54.0,43.2,43.2
s2b-r06,2,A,0,s2b-r06-18,0,0,0,0,0,0,1,0,1024,0,2,93,-1,0,0,-1,1,93,1,2,1456862,93,0,1,1,68.0,43.2,43.2
s2b-r06,2,A,0,s2b-r06-19,0,0,0,0,0,0,1,0,1024,0,2,80,-1,0,0,-1,1,80,1,2,1256816,93,0,1,1,58.0,43.2,43.2
s2b-r06,2,A,0,s2b-r06-20,0,0,0,0,0,0,1,0,1024,0,2,122,-1,0,0,-1,1,122,1,2,1915387,122,0,1,1,17.0,43.2,43.2
s2b-r06,2,A,0,s2b-r06-21,0,0,0,0,0,0,1,0,1024,0,2,140,-1,0,0,-1,1,140,1,2,2194564,140,0,1,1,18.0,43.2,43.2
s2b-r06,2,A,0,s2b-r06-22,0,0,0,0,0,0,1,0,1024,0,2,153,-1,0,0,-1,1,153,1,2,2400576,153,0,1,1,68.0,43.2,43.2
s2b-r06,2,A,0,s2b-r06-23,0,0,0,0,0,0,1,0,1024,0,2,90,-1,0,0,-1,1,90,1,2,1413068,34,0,1,1,55.0,43.2,43.2
s2b-r06,2,A,0,s2b-r06-24,0,0,0,0,0,0,1,0,1024,0,2,93,-1,0,0,-1,1,93,1,2,1456723,88,0,1,1,49.0,43.2,43.2
s2b-r06,2,A,0,s2b-r06-25,0,0,0,0,0,0,1,0,1024,0,32,104,-1,0,0,-1,5,104,5,2,1632709,104,0,5,5,50.0,43.2,43.2
s2b-r06,2,A,0,s2b-r06-26,0,0,0,0,0,0,1,0,1024,0,32,149,-1,0,0,-1,5,149,5,2,2331590,149,0,5,5,112.0,43.2,43.2
s2b-r06,2,A,0,s2b-r06-27,0,0,0,0,0,0,1,0,1024,0,2,91,1,0,0,-1,5,91,1,0,1428303,95,0,1,1,80.0,43.2,43.2
s2b-r06,2,A,0,s2b-r06-28,0,0,0,0,0,0,1,0,1024,0,2,104,-1,0,0,-1,1,104,1,2,1632493,104,0,1,1,42.0,43.2,43.2
s2b-r06,2,A,0,s2b-r06-29,0,0,0,0,0,0,1,0,1024,0,2,149,-1,0,0,-1,1,149,1,2,2328913,149,0,1,1,26.0,43.2,43.2
s2b-r06,2,A,0,s2b-r06-30,0,0,0,0,0,0,1,0,1024,0,1,150,-1,0,0,-1,0,150,0,2,2349830,150,0,0,0,16.0,43.2,43.2
s2b-r06,2,A,0,s2b-r06-31,0,0,0,0,0,0,1,0,1024,0,2,94,1,0,0,-1,0,94,0,0,1472458,89,0,0,0,766.0,43.2,43.2
s2b-r06,2,A,0,s2b-r06-32,0,0,0,0,0,0,1,0,1024,0,1,186,-1,0,0,-1,0,186,0,2,2909649,186,0,0,0,21.0,43.2,43.2
s2b-r06,2,A,0,s2b-r06-33,0,0,0,0,0,0,1,0,1024,0,32,159,-1,0,0,-1,5,159,5,2,2488717,159,0,5,5,43.0,43.2,43.2
s2b-r06,2,A,0,s2b-r06-34,0,0,0,0,0,0,1,0,1024,0,16,117,-1,0,0,-1,4,117,4,2,1841761,84,0,4,4,76.0,43.2,43.2
s2b-r06,2,A,0,s2b-r06-35,0,0,0,0,0,0,1,0,1024,0,16,92,-1,0,0,-1,4,92,4,2,1442760,89,0,4,4,106.0,43.2,43.2
s2b-r06,2,A,0,s2b-r06-36,0,0,0,0,0,0,1,0,1024,0,16,62,-1,0,0,-1,4,62,4,2,968805,32,0,4,4,31.0,43.2,43.2
s2b-r06,2,A,0,s2b-r06-37,0,0,0,0,0,0,1,0,1024,0,16,151,-1,0,0,-1,4,151,4,2,2364808,151,0,4,4,104.0,43.2,43.2
s2b-r06,2,A,0,s2b-r06-38,0,0,0,0,0,0,1,0,1024,0,16,92,-1,0,0,-1,4,92,4,2,1440852,54,0,4,4,82.0,43.2,43.2
s2b-r06,2,A,0,s2b-r06-39,0,0,0,0,0,0,1,0,1024,0,16,113,-1,0,0,-1,4,113,4,2,1772741,113,0,4,4,66.0,43.2,43.2
s2b-r06,2,A,0,s2b-r06-40,0,0,0,0,0,0,1,0,1024,0,2,86,1,0,0,-1,5,86,1,0,1349985,54,0,1,1,41.0,43.2,43.2
s2b-r06,2,A,0,s2b-r06-41,0,0,0,0,0,0,1,0,1024,0,2,156,-1,0,0,-1,1,156,1,2,2438644,156,0,1,1,18.0,43.2,43.2
s2b-r06,2,A,0,s2b-r06-42,0,0,0,0,0,0,1,0,1024,0,2,151,-1,0,0,-1,1,151,1,2,2373532,156,0,1,1,41.0,43.2,43.2
s2b-r06,2,A,0,s2b-r06-43,0,0,0,0,0,0,1,0,1024,0,16,97,-1,0,0,-1,4,97,4,2,1524074,121,0,4,4,49.0,43.2,43.2
s2b-r06,2,A,0,s2b-r06-44,0,0,0,0,0,0,1,0,1024,0,2,92,-1,0,0,-1,1,92,1,2,1447730,57,0,1,1,76.0,43.2,43.2
s2b-r06,2,A,0,s2b-r06-45,0,0,0,0,0,0,1,0,1024,0,32,73,-1,0,0,-1,5,73,5,2,1155935,73,0,5,5,109.0,43.2,43.2
s2b-r06,2,A,0,s2b-r06-46,0,0,0,0,0,0,1,0,1024,0,2,130,1,0,0,-1,5,130,1,0,2032009,130,0,1,1,252.0,43.2,43.2
s2b-r06,2,A,0,s2b-r06-47,0,0,0,0,0,0,1,0,1024,0,2,152,-1,0,0,-1,1,152,1,2,2381569,152,0,1,1,17.0,43.2,43.2
s2b-r06,2,A,0,s2b-r06-48,0,0,0,0,0,0,1,0,1024,0,2,147,-1,0,0,-1,1,147,1,2,2304698,152,0,1,1,102.0,43.2,43.2
s2b-r06,2,A,0,s2b-r06-49,0,0,0,0,0,0,1,0,1024,0,1,119,0,0,0,-1,4,119,0,0,1860765,95,0,0,0,52.0,43.2,43.2
s2b-r06,2,A,0,s2b-r06-50,0,0,0,0,0,0,1,0,1024,0,32,93,-1,0,0,-1,5,93,5,2,1459343,83,0,5,5,45.0,43.2,43.2
s2b-r06,2,A,0,s2b-r06-51,0,0,0,0,0,0,1,0,1024,0,1,78,-1,0,0,-1,0,78,0,2,1223787,83,0,0,0,20.0,43.2,43.2
s2b-r06,2,A,0,s2b-r06-52,0,0,0,0,0,0,1,0,1024,0,16,157,-1,0,0,-1,4,157,4,2,2461485,157,0,4,4,27.0,43.2,43.2
s2b-r06,2,A,0,s2b-r06-53,0,0,0,0,0,0,1,0,1024,0,16,151,-1,0,0,-1,4,151,4,2,2361131,157,0,4,4,32.0,43.2,43.2
s2b-r06,2,A,0,s2b-r06-54,0,0,0,0,0,0,1,0,1024,0,2,123,-1,0,0,-1,1,123,1,2,1922508,123,0,1,1,85.0,43.2,43.2
s2b-r06,2,A,0,s2b-r06-55,0,0,0,0,0,0,1,0,1024,0,2,91,-1,0,0,-1,1,91,1,2,1426101,31,0,1,1,77.0,43.2,43.2
s2b-r06,2,A,0,s2b-r06-56,0,0,0,0,0,0,1,0,1024,0,32,86,-1,0,0,-1,5,86,5,2,1351801,63,0,5,5,105.0,43.2,43.2
s2b-r06,2,A,0,s2b-r06-57,0,0,0,0,0,0,1,0,1024,0,32,120,-1,0,0,-1,5,120,5,2,1883751,120,0,5,5,105.0,43.2,43.2
s2b-r06,2,A,0,s2b-r06-58,0,0,0,0,0,0,1,0,1024,0,2,82,-1,0,0,-1,1,82,1,2,1292653,82,0,1,1,32.0,43.2,43.2
s2b-r06,2,A,0,s2b-r06-59,0,0,0,0,0,0,1,0,1024,0,32,145,-1,0,0,-1,5,145,5,2,2267682,145,0,5,5,36.0,43.2,43.2
s2b-r06,2,A,0,s2b-r06-60,0,0,0,0,0,0,1,0,1024,0,32,140,-1,0,0,-1,5,140,5,2,2189330,145,0,5,5,28.0,43.2,43.2
s2b-r06,2,A,0,s2b-r06-61,0,0,0,0,0,0,1,0,1024,0,32,150,-1,0,0,-1,5,150,5,2,2352934,150,0,5,5,49.0,43.2,43.2
s2b-r06,2,A,0,s2b-r06-62,0,0,0,0,0,0,1,0,1024,0,32,91,-1,0,0,-1,5,91,5,2,1427507,78,0,5,5,17.0,43.2,43.2
s2b-r06,2,A,0,s2b-r06-63,0,0,0,0,0,0,1,0,1024,0,16,153,-1,0,0,-1,4,153,4,2,2399107,153,0,4,4,21.0,43.2,43.2
s2b-r06,2,A,0,s2b-r06-64,0,0,0,0,0,0,1,0,1024,0,16,148,-1,0,0,-1,4,148,4,2,2316436,153,0,4,4,26.0,43.2,43.2
s2b-r06,2,A,0,s2b-r06-65,0,0,0,0,0,0,1,0,1024,0,16,106,-1,0,0,-1,4,106,4,2,1657456,22,0,4,4,105.0,43.2,43.2
s2b-r06,2,A,0,s2b-r06-66,0,0,0,0,0,0,1,0,1024,0,16,89,-1,0,0,-1,4,89,4,2,1403894,71,0,4,4,44.0,43.2,43.2
s2b-r06,2,A,0,s2b-r06-67,0,0,0,0,0,0,1,0,1024,0,32,162,-1,0,0,-1,5,162,5,2,2531806,162,0,5,5,52.0,43.2,43.2
s2b-r06,2,A,0,s2b-r06-68,0,0,0,0,0,0,1,0,1024,0,32,149,-1,0,0,-1,5,149,5,2,2333271,149,0,5,5,63.0,43.2,43.2
s2b-r06,2,A,0,s2b-r06-69,0,0,0,0,0,0,1,0,1024,0,32,97,-1,0,0,-1,5,97,5,2,1526653,118,0,5,5,76.0,43.2,43.2
s2b-r06,2,A,0,s2b-r06-70,0,0,0,0,0,0,1,0,1024,0,1,89,0,0,0,-1,5,89,5,0,1403001,118,0,5,5,96.0,43.2,43.2
s2b-r06,2,A,0,s2b-r06-71,0,0,0,0,0,0,1,0,1024,0,32,99,-1,0,0,-1,5,99,5,2,1547012,99,0,5,5,60.0,43.2,43.2
s2b-r06,2,A,0,s2b-r06-72,0,0,0,0,0,0,1,0,1024,0,32,125,-1,0,0,-1,5,125,5,2,1964689,125,0,5,5,43.0,43.2,43.2
s2b-r06,2,A,0,s2b-r06-73,0,0,0,0,0,0,1,0,1024,0,8,86,1,0,0,-1,5,86,3,0,1349444,7,0,3,3,32.0,43.2,43.2
s2b-r06,2,A,0,s2b-r06-74,0,0,0,0,0,0,1,0,1024,0,8,150,-1,0,0,-1,3,150,3,2,2352816,150,0,3,3,43.0,43.2,43.2
s2b-r06,2,A,0,s2b-r06-75,0,0,0,0,0,0,1,0,1024,0,32,134,-1,0,0,-1,5,134,5,2,2097249,150,0,5,5,136.0,43.2,43.2
s2b-r06,2,A,0,s2b-r06-76,0,0,0,0,0,0,1,0,1024,0,32,150,-1,0,0,-1,5,150,5,2,2345148,150,0,5,5,50.0,43.2,43.2
s2b-r06,2,A,0,s2b-r06-77,0,0,0,0,0,0,1,0,1024,0,32,149,-1,0,0,-1,5,149,5,2,2337441,149,0,5,5,61.0,43.2,43.2
s2b-r06,2,A,0,s2b-r06-78,0,0,0,0,0,0,1,0,1024,0,8,136,-1,0,0,-1,3,136,3,2,2133947,149,0,3,3,107.0,43.2,43.2
s2b-r06,2,A,0,s2b-r06-79,0,0,0,0,0,0,1,0,1024,0,8,90,-1,0,0,-1,3,90,3,2,1407681,33,0,3,3,107.0,43.2,43.2
s2b-r06,2,A,0,s2b-r06-80,0,0,0,0,0,0,1,0,1024,0,16,89,-1,0,0,-1,4,89,4,2,1390745,89,0,4,4,51.0,43.2,43.2
s2b-r06,2,A,0,s2b-r06-81,0,0,0,0,0,0,1,0,1024,0,1,146,0,0,0,-1,4,146,0,0,2283889,146,0,0,0,54.0,43.2,43.2
s2b-r06,2,A,0,s2b-r06-82,0,0,0,0,0,0,1,0,1024,0,32,141,-1,0,0,-1,5,141,5,2,2204549,141,0,5,5,69.0,43.2,43.2
s2b-r06,2,A,0,s2b-r06-83,0,0,0,0,0,0,1,0,1024,0,1,132,0,0,0,-1,5,132,0,0,2072152,141,0,0,0,102.0,43.2,43.2
s2b-r06,2,A,0,s2b-r06-84,0,0,0,0,0,0,1,0,1024,0,1,122,-1,0,0,-1,0,122,0,2,1921284,122,0,0,0,30.0,43.2,43.2
s2b-r06,2,A,0,s2b-r06-85,0,0,0,0,0,0,1,0,1024,0,1,151,0,0,0,-1,1,151,0,0,2359654,151,0,0,0,37.0,43.2,43.2
s2b-r06,2,A,0,s2b-r06-86,0,0,0,0,0,0,1,0,1024,0,2,151,-1,0,0,-1,1,151,1,2,2369557,151,0,1,1,64.0,43.2,43.2
s2b-r06,2,A,0,s2b-r06-87,0,0,0,0,0,0,1,0,1024,0,32,115,5,0,0,-1,1,115,1,0,1802411,77,0,1,5,884.0,43.2,43.2
s2b-r06,2,A,0,s2b-r06-88,0,0,0,0,0,0,1,0,1024,0,1,61,0,0,0,-1,5,61,5,0,965539,124,0,5,1,38.0,43.2,43.2
s2b-r06,2,A,0,s2b-r06-89,0,0,0,0,0,0,1,0,1024,0,32,65,-1,0,0,-1,5,65,5,2,1023335,124,0,5,5,15.0,43.2,43.2
s2b-r06,2,A,0,s2b-r06-90,0,0,0,0,0,0,1,0,1024,0,32,150,-1,0,0,-1,5,150,5,2,2351739,156,0,5,5,18.0,43.2,43.2
s2b-r06,2,A,0,s2b-r06-91,0,0,0,0,0,0,1,0,1024,0,32,94,-1,0,0,-1,5,94,5,2,1471242,87,0,5,5,109.0,43.2,43.2
s2b-r06,2,A,0,s2b-r06-92,0,0,0,0,0,0,1,0,1024,0,32,109,-1,0,0,-1,5,109,5,2,1716433,109,0,5,5,30.0,43.2,43.2
s2b-r06,2,A,0,s2b-r06-93,0,0,0,0,0,0,1,0,1024,0,16,191,-1,0,0,-1,4,191,4,2,2998910,191,0,4,4,85.0,43.2,43.2
s2b-r06,2,A,0,s2b-r06-94,0,0,0,0,0,0,1,0,1024,0,16,154,-1,0,0,-1,4,154,4,2,2409825,154,0,4,4,15.0,43.2,43.2
s2b-r06,2,A,0,s2b-r06-95,0,0,0,0,0,0,1,0,1024,0,16,153,-1,0,0,-1,4,153,4,2,2398859,154,0,4,4,28.0,43.2,43.2
s2b-r06,2,A,0,s2b-r06-96,0,0,0,0,0,0,1,0,1024,0,32,151,1,0,0,-1,4,151,5,0,2374840,154,0,5,5,46.0,43.2,43.2
s2b-r06,2,A,0,s2b-r06-97,0,0,0,0,0,0,1,0,1024,0,1,124,-1,0,0,-1,0,124,0,2,1938631,115,0,0,0,20.0,43.2,43.2
s2b-r06,2,A,0,s2b-r06-98,0,0,0,0,0,0,1,0,1024,0,32,154,-1,0,0,-1,5,154,5,2,2420708,154,0,5,5,98.0,43.2,43.2
s2b-r06,2,A,0,s2b-r06-99,0,0,0,0,0,0,1,0,1024,0,16,93,4,0,0,-1,5,93,4,0,1455810,112,0,4,4,212.0,43.2,43.2
s2b-r06,2,A,0,s2b-r06-100,0,0,0,0,0,0,1,0,1024,0,16,107,-1,0,0,-1,4,107,4,2,1680210,112,0,4,4,34.0,43.2,43.2
s2b-r06,2,A,0,s2b-r06-101,0,0,0,0,0,0,1,0,1024,0,16,126,-1,0,0,-1,4,126,4,2,1976454,126,0,4,4,18.0,43.2,43.2
s2b-r06,2,A,0,s2b-r06-102,0,0,0,0,0,0,1,0,1024,0,16,147,-1,0,0,-1,4,147,4,2,2297591,147,0,4,4,27.0,43.2,43.2
s2b-r06,2,A,0,s2b-r06-103,0,0,0,0,0,0,1,0,1024,0,1,142,0,0,0,-1,4,142,0,0,2224582,147,0,0,0,60.0,43.2,43.2
s2b-r06,2,A,0,s2b-r06-104,0,0,0,0,0,0,1,0,1024,0,32,98,0,0,0,-1,1,98,5,0,1541626,98,0,5,5,121.0,43.2,43.2
s2b-r06,2,A,0,s2b-r06-105,0,0,0,0,0,0,1,0,1024,0,32,157,-1,0,0,-1,5,157,5,2,2459584,157,0,5,1,63.0,43.2,43.2
s2b-r06,2,A,0,s2b-r06-106,0,0,0,0,0,0,1,0,1024,0,16,160,-1,0,0,-1,4,160,4,2,2509191,160,0,4,4,107.0,43.2,43.2
s2b-r06,2,A,0,s2b-r06-107,0,0,0,0,0,0,1,0,1024,0,16,113,-1,0,0,-1,4,113,4,2,1769272,41,0,4,4,100.0,43.2,43.2
s2b-r06,2,A,0,s2b-r06-108,0,0,0,0,0,0,1,0,1024,0,16,95,4,0,0,-1,4,95,4,0,1491380,95,0,4,0,247.0,43.2,43.2
s2b-r06,2,A,0,s2b-r06-109,0,0,0,0,0,0,1,0,1024,0,16,76,-1,0,0,-1,4,76,4,2,1193141,41,0,4,4,107.0,43.2,43.2
s2b-r06,2,A,0,s2b-r06-110,0,0,0,0,0,0,1,0,1024,0,4,86,1,0,0,-1,4,86,2,0,1344609,83,0,2,2,110.0,43.2,43.2
s2b-r06,2,A,0,s2b-r06-111,0,0,0,0,0,0,1,0,1024,0,2,128,-1,0,0,-1,1,128,1,2,2010455,128,0,1,1,17.0,43.2,43.2
s2b-r06,2,A,0,s2b-r06-112,0,0,0,0,0,0,1,0,1024,0,2,150,-1,0,0,-1,1,150,1,2,2350056,150,0,1,1,21.0,43.2,43.2
s2b-r06,2,A,0,s2b-r06-113,0,0,0,0,0,0,1,0,1024,0,2,148,-1,0,0,-1,1,148,1,2,2321100,148,0,1,1,26.0,43.2,43.2
s2b-r06,2,A,0,s2b-r06-114,0,0,0,0,0,0,1,0,1024,0,2,149,-1,0,0,-1,1,149,1,2,2343407,149,0,1,1,60.0,43.2,43.2
s2b-r06,2,A,0,s2b-r06-115,0,0,0,0,0,0,1,0,1024,0,2,130,-1,0,0,-1,1,130,1,2,2041565,148,0,1,1,178.0,43.2,43.2
s2b-r06,2,A,0,s2b-r06-116,0,0,0,0,0,0,1,0,1024,0,16,90,4,0,0,-1,1,90,4,0,1413722,31,0,4,4,188.0,43.2,43.2
s2b-r06,2,A,0,s2b-r06-117,0,0,0,0,0,0,1,0,1024,0,16,87,-1,0,0,-1,4,87,4,2,1363450,61,0,4,4,111.0,43.2,43.2
s2b-r06,2,A,0,s2b-r06-118,0,0,0,0,0,0,1,0,1024,0,16,105,-1,0,0,-1,4,105,4,2,1642358,105,0,4,4,83.0,43.2,43.2
s2b-r06,2,A,0,s2b-r06-119,0,0,0,0,0,0,1,0,1024,0,1,73,0,0,0,-1,5,73,0,0,1148488,113,0,0,0,39.0,43.2,43.2
s2b-r06,2,A,0,s2b-r06-120,0,0,0,0,0,0,1,0,1024,0,2,86,1,0,0,-1,0,86,1,0,1349431,113,0,1,1,38.0,43.2,43.2
s2b-r06,2,A,0,s2b-r06-121,0,0,0,0,0,0,1,0,1024,0,32,152,4,0,0,-1,1,152,5,0,2381069,152,0,5,5,106.0,43.2,43.2
s2b-r06,2,A,0,s2b-r06-122,0,0,0,0,0,0,1,0,1024,0,2,149,1,0,0,-1,5,149,1,0,2339554,149,0,1,1,103.0,43.2,43.2
s2b-r06,2,A,0,s2b-r06-123,0,0,0,0,0,0,1,0,1024,0,32,95,5,0,0,-1,1,95,1,0,1492744,81,0,1,5,77.0,43.2,43.2
s2b-r06,2,A,0,s2b-r06-124,0,0,0,0,0,0,1,0,1024,0,32,153,-1,0,0,-1,5,153,5,2,2404028,153,0,5,5,45.0,43.2,43.2
s2b-r06,2,A,0,s2b-r06-125,0,0,0,0,0,0,1,0,1024,0,32,147,-1,0,0,-1,5,147,5,2,2303366,149,0,5,5,66.0,43.2,43.2
s2b-r06,2,A,0,s2b-r06-126,0,0,0,0,0,0,1,0,1024,0,1,90,0,0,0,-1,5,90,0,0,1417226,14,0,0,0,68.0,43.2,43.2
s2b-r06,2,A,0,s2b-r06-127,0,0,0,0,0,0,1,0,1024,0,2,65,-1,0,0,-1,1,65,1,2,1023728,64,0,1,1,44.0,43.2,43.2
s2b-r06,2,A,0,s2b-r06-128,0,0,0,0,0,0,1,0,1024,0,2,71,-1,0,0,-1,1,71,1,2,1112224,109,0,1,1,76.0,43.2,43.2
s2b-r06,2,A,0,s2b-r06-129,0,0,0,0,0,0,1,0,1024,0,16,76,4,0,0,-1,1,76,4,0,1190190,109,0,4,4,67.0,43.2,43.2
s2b-r06,2,A,0,s2b-r06-130,0,0,0,0,0,0,1,0,1024,0,4,84,2,0,0,-1,4,84,2,0,1320498,7,0,2,2,39.0,43.2,43.2
s2b-r06,2,A,0,s2b-r06-131,0,0,0,0,0,0,1,0,1024,0,16,155,-1,0,0,-1,4,155,4,2,2435914,155,0,4,4,53.0,43.2,43.2
s2b-r06,2,A,0,s2b-r06-132,0,0,0,0,0,0,1,0,1024,0,16,131,-1,0,0,-1,4,131,4,2,2047757,155,0,4,4,34.0,43.2,43.2
s2b-r06,2,A,0,s2b-r06-133,0,0,0,0,0,0,1,0,1024,0,16,90,-1,0,0,-1,4,90,4,2,1419711,86,0,4,3,76.0,43.2,43.2
s2b-r06,2,A,0,s2b-r06-134,0,0,0,0,0,0,1,0,1024,0,2,87,-1,0,0,-1,1,87,1,2,1364266,61,0,1,1,43.0,43.2,43.2
s2b-r06,2,A,0,s2b-r06-135,0,0,0,0,0,0,1,0,1024,0,1,79,0,0,0,-1,5,79,5,0,1241603,20,0,5,1,96.0,43.2,43.2
s2b-r06,2,A,0,s2b-r06-136,0,0,0,0,0,0,1,0,1024,0,16,70,-1,0,0,-1,4,70,4,2,1101656,69,0,4,4,107.0,43.2,43.2
s2b-r06,2,A,0,s2b-r06-137,0,0,0,0,0,0,1,0,1024,0,16,100,-1,0,0,-1,4,100,4,2,1576876,100,0,4,4,60.0,43.2,43.2
s2b-r06,2,A,0,s2b-r06-138,0,0,0,0,0,0,1,0,1024,0,32,61,5,0,0,-1,4,61,5,0,961988,23,0,5,5,50.0,43.2,43.2
s2b-r06,2,A,0,s2b-r06-139,0,0,0,0,0,0,1,0,1024,0,32,68,-1,0,0,-1,5,68,5,2,1073407,23,0,5,5,39.0,43.2,43.2
s2b-r06,2,A,0,s2b-r06-140,0,0,0,0,0,0,1,0,1024,0,32,149,-1,0,0,-1,5,149,5,2,2336569,149,0,5,5,107.0,43.2,43.2
s2b-r06,2,A,0,s2b-r06-141,0,0,0,0,0,0,1,0,1024,0,32,97,5,0,0,-1,5,97,5,0,1530357,111,0,5,4,191.0,43.2,43.2
s2b-r06,2,A,0,s2b-r06-142,0,0,0,0,0,0,1,0,1024,0,32,154,-1,0,0,-1,5,154,5,2,2414897,154,0,5,5,22.0,43.2,43.2
s2b-r06,2,A,0,s2b-r06-143,0,0,0,0,0,0,1,0,1024,0,2,150,1,0,0,-1,5,150,1,0,2348271,150,0,1,1,56.0,43.2,43.2
s2b-r06,2,A,0,s2b-r06-144,0,0,0,0,0,0,1,0,1024,0,2,103,-1,0,0,-1,1,103,1,2,1613938,90,0,1,1,59.0,43.2,43.2
s2b-r06,2,A,0,s2b-r06-145,0,0,0,0,0,0,1,0,1024,0,2,90,-1,0,0,-1,1,90,1,2,1409422,65,0,1,1,66.0,43.2,43.2
s2b-r06,2,A,0,s2b-r06-146,0,0,0,0,0,0,1,0,1024,0,32,118,-1,0,0,-1,5,118,5,2,1845224,118,0,5,5,77.0,43.2,43.2
s2b-r06,2,A,0,s2b-r06-147,0,0,0,0,0,0,1,0,1024,0,16,147,-1,0,0,-1,4,147,4,2,2302656,147,0,4,4,61.0,43.2,43.2
s2b-r06,2,A,0,s2b-r06-148,0,0,0,0,0,0,1,0,1024,0,2,143,-1,0,0,-1,1,143,1,2,2235528,143,0,1,1,64.0,43.2,43.2
s2b-r06,2,A,0,s2b-r06-149,0,0,0,0,0,0,1,0,1024,0,2,61,1,0,0,-1,4,61,1,0,966801,16,0,1,1,51.0,43.2,43.2
s2b-r06,2,A,0,s2b-r06-150,0,0,0,0,0,0,1,0,1024,0,1,63,-1,0,0,-1,0,63,0,2,985899,18,0,0,0,52.0,43.2,43.2
s2b-r06,2,A,0,s2b-r06-151,0,0,0,0,0,0,1,0,1024,0,32,72,4,0,0,-1,0,72,5,0,1135062,72,0,5,5,208.0,43.2,43.2
s2b-r06,2,A,0,s2b-r06-152,0,0,0,0,0,0,1,0,1024,0,1,66,0,0,0,-1,5,66,0,0,1041327,30,0,0,0,155.0,43.2,43.2
s2b-r06,2,A,0,s2b-r06-153,0,0,0,0,0,0,1,0,1024,0,2,68,-1,0,0,-1,1,68,1,2,1070339,47,0,1,1,78.0,43.2,43.2
s2b-r06,2,A,0,s2b-r06-154,0,0,0,0,0,0,1,0,1024,0,8,69,-1,0,0,-1,3,69,3,2,1090391,63,0,3,3,82.0,43.2,43.2
s2b-r06,2,A,0,s2b-r06-155,0,0,0,0,0,0,1,0,1024,0,32,92,5,0,0,-1,3,92,3,0,1450048,92,0,0,0,111.0,43.2,43.2
s2b-r06,2,A,0,s2b-r06-156,0,0,0,0,0,0,1,0,1024,0,2,159,-1,0,0,-1,1,159,1,2,2486688,159,0,1,1,41.0,43.2,43.2
s2b-r06,2,A,0,s2b-r06-157,0,0,0,0,0,0,1,0,1024,0,32,156,5,0,0,-1,4,156,5,0,2443152,159,0,5,5,185.0,43.2,43.2
s2b-r06,2,A,0,s2b-r06-158,0,0,0,0,0,0,1,0,1024,0,2,155,-1,0,0,-1,1,155,1,2,2430307,159,0,1,1,104.0,43.2,43.2
s2b-r06,2,A,0,s2b-r06-159,0,0,0,0,0,0,1,0,1024,0,2,124,-1,0,0,-1,1,124,1,2,1943450,109,0,1,1,117.0,43.2,43.2
s2b-r06,2,A,0,s2b-r06-160,0,0,0,0,0,0,1,0,1024,0,32,93,-1,0,0,-1,5,93,5,2,1454516,109,0,5,5,167.0,43.2,43.2
s2b-r06,2,A,0,s2b-r06-161,0,0,0,0,0,0,1,0,1024,0,1,70,-1,0,0,-1,0,70,0,2,1100651,32,0,0,0,62.0,43.2,43.2
s2b-r06,2,A,0,s2b-r06-162,0,0,0,0,0,0,1,0,1024,0,16,90,-1,0,0,-1,4,90,4,2,1410145,90,0,4,4,110.0,43.2,43.2
s2b-r06,2,A,0,s2b-r06-163,0,0,0,0,0,0,1,0,1024,0,8,84,3,0,0,-1,4,84,4,0,1326540,84,0,4,5,198.0,43.2,43.2
s2b-r06,2,A,0,s2b-r06-164,0,0,0,0,0,0,1,0,1024,0,32,73,-1,0,0,-1,5,73,5,2,1141803,84,0,5,5,54.0,43.2,43.2
s2b-r06,2,A,0,s2b-r06-165,0,0,0,0,0,0,1,0,1024,0,32,77,-1,0,0,-1,5,77,5,2,1212083,84,0,5,5,65.0,43.2,43.2
s2b-r06,2,A,0,s2b-r06-166,0,0,0,0,0,0,1,0,1024,0,32,72,-1,0,0,-1,5,72,5,2,1135719,5,0,5,5,105.0,43.2,43.2
s2b-r06,2,A,0,s2b-r06-167,0,0,0,0,0,0,1,0,1024,0,32,64,-1,0,0,-1,5,64,5,2,1006470,61,0,5,5,61.0,43.2,43.2
s2b-r06,2,A,0,s2b-r06-168,0,0,0,0,0,0,1,0,1024,0,2,100,1,0,0,-1,5,100,1,0,1570058,100,0,1,1,190.0,43.2,43.2
s2b-r06,2,A,0,s2b-r06-169,0,0,0,0,0,0,1,0,1024,0,2,125,-1,0,0,-1,1,125,1,2,1968641,125,0,1,1,109.0,43.2,43.2
s2b-r06,2,A,0,s2b-r06-170,0,0,0,0,0,0,1,0,1024,0,2,80,-1,0,0,-1,1,80,1,2,1251356,100,0,1,1,42.0,43.2,43.2
s2b-r06,2,A,0,s2b-r06-171,0,0,0,0,0,0,1,0,1024,0,2,86,-1,0,0,-1,1,86,1,2,1345637,99,0,1,1,40.0,43.2,43.2
s2b-r06,2,A,0,s2b-r06-172,0,0,0,0,0,0,1,0,1024,0,2,69,-1,0,0,-1,1,69,1,2,1082655,99,0,1,1,33.0,43.2,43.2
s2b-r06,2,A,0,s2b-r06-173,0,0,0,0,0,0,1,0,1024,0,2,73,-1,0,0,-1,1,73,1,2,1142773,41,0,1,1,35.0,43.2,43.2
s2b-r06,2,A,0,s2b-r06-174,0,0,0,0,0,0,1,0,1024,0,2,78,-1,0,0,-1,1,78,1,2,1220919,41,0,1,1,16.0,43.2,43.2
s2b-r06,2,A,0,s2b-r06-175,0,0,0,0,0,0,1,0,1024,0,1,149,0,0,0,-1,1,149,0,0,2339791,149,0,0,0,29.0,43.2,43.2
s2b-r06,2,A,0,s2b-r06-176,0,0,0,0,0,0,1,0,1024,0,1,94,-1,0,0,-1,0,94,0,2,1470978,90,0,0,0,38.0,43.2,43.2
s2b-r06,2,A,0,s2b-r06-177,0,0,0,0,0,0,1,0,1024,0,32,90,-1,0,0,-1,5,90,5,2,1417840,90,0,5,5,104.0,43.2,43.2
s2b-r06,2,A,0,s2b-r06-178,0,0,0,0,0,0,1,0,1024,0,32,89,-1,0,0,-1,5,89,5,2,1402242,90,0,5,5,113.0,43.2,43.2
s2b-r06,2,A,0,s2b-r06-179,0,0,0,0,0,0,1,0,1024,0,1,61,0,0,0,-1,5,61,5,0,959475,25,0,5,1,165.0,43.2,43.2
s2b-r06,2,A,0,s2b-r06-180,0,0,0,0,0,0,1,0,1024,0,2,79,-1,0,0,-1,1,79,1,2,1248626,79,0,1,1,104.0,43.2,43.2
s2b-r06,2,A,0,s2b-r06-181,0,0,0,0,0,0,1,0,1024,0,16,70,-1,0,0,-1,4,70,4,2,1107737,12,0,4,4,27.0,43.2,43.2
s2b-r06,2,A,0,s2b-r06-182,0,0,0,0,0,0,1,0,1024,0,16,148,-1,0,0,-1,4,148,4,2,2326098,188,0,4,4,134.0,43.2,43.2
s2b-r06,2,A,0,s2b-r06-183,0,0,0,0,0,0,1,0,1024,0,16,97,-1,0,0,-1,4,97,4,2,1529430,26,0,4,4,21.0,43.2,43.2
s2b-r06,2,A,0,s2b-r06-184,0,0,0,0,0,0,1,0,1024,0,16,155,-1,0,0,-1,4,155,4,2,2432126,155,0,4,4,28.0,43.2,43.2
s2b-r06,2,A,0,s2b-r06-185,0,0,0,0,0,0,1,0,1024,0,32,116,1,0,0,-1,4,116,5,0,1814608,116,0,5,5,22.0,43.2,43.2
s2b-r06,2,A,0,s2b-r06-186,0,0,0,0,0,0,1,0,1024,0,32,148,-1,0,0,-1,5,148,5,2,2319325,155,0,5,5,35.0,43.2,43.2
s2b-r06,2,A,0,s2b-r06-187,0,0,0,0,0,0,1,0,1024,0,32,127,-1,0,0,-1,5,127,5,2,1998270,127,0,5,5,21.0,43.2,43.2
s2b-r06,2,A,0,s2b-r06-188,0,0,0,0,0,0,1,0,1024,0,32,151,-1,0,0,-1,5,151,5,2,2373300,151,0,5,5,57.0,43.2,43.2
s2b-r06,2,A,0,s2b-r06-189,0,0,0,0,0,0,1,0,1024,0,32,92,-1,0,0,-1,5,92,5,2,1452635,61,0,5,5,113.0,43.2,43.2
s2b-r06,2,A,0,s2b-r06-190,0,0,0,0,0,0,1,0,1024,0,32,117,-1,0,0,-1,5,117,5,2,1841033,117,0,5,5,19.0,43.2,43.2
s2b-r06,2,A,0,s2b-r06-191,0,0,0,0,0,0,1,0,1024,0,32,155,-1,0,0,-1,5,155,5,2,2422765,155,0,5,5,32.0,43.2,43.2
s2b-r06,2,A,0,s2b-r06-192,0,0,0,0,0,0,1,0,1024,0,32,91,-1,0,0,-1,5,91,5,2,1424482,34,0,5,5,67.0,43.2,43.2
s2b-r06,2,A,0,s2b-r06-193,0,0,0,0,0,0,1,0,1024,0,32,148,-1,0,0,-1,5,148,5,2,2326852,148,0,5,5,34.0,43.2,43.2
s2b-r06,2,A,0,s2b-r06-194,0,0,0,0,0,0,1,0,1024,0,32,145,-1,0,0,-1,5,145,5,2,2276810,148,0,5,5,61.0,43.2,43.2
s2b-r06,2,A,0,s2b-r06-195,0,0,0,0,0,0,1,0,1024,0,32,60,-1,0,0,-1,5,60,5,2,951248,10,0,5,5,111.0,43.2,43.2
s2b-r06,2,A,0,s2b-r06-196,0,0,0,0,0,0,1,0,1024,0,32,80,0,0,0,-1,4,80,5,0,1263381,80,0,5,5,224.0,43.2,43.2
s2b-r06,2,A,0,s2b-r06-197,0,0,0,0,0,0,1,0,1024,0,32,63,-1,0,0,-1,5,63,5,2,993579,12,0,5,5,79.0,43.2,43.2
s2b-r06,2,A,0,s2b-r06-198,0,0,0,0,0,0,1,0,1024,0,32,60,-1,0,0,-1,5,60,5,2,944456,38,0,5,5,80.0,43.2,43.2
s2b-r06,2,A,0,s2b-r06-199,0,0,0,0,0,0,1,0,1024,0,32,66,-1,0,0,-1,5,66,5,2,1034817,66,0,5,5,24.0,43.2,43.2
s2b-r06,2,A,0,s2b-r06-200,0,0,0,0,0,0,1,0,1024,0,2,154,-1,0,0,-1,1,154,1,2,2414964,154,0,1,1,17.0,43.2,43.2
s2b-r06,2,A,0,s2b-r06-201,0,0,0,0,0,0,1,0,1024,0,2,157,-1,0,0,-1,1,157,1,2,2462080,157,0,1,1,17.0,43.2,43.2
s2b-r06,2,A,0,s2b-r06-202,0,0,0,0,0,0,1,0,1024,0,2,151,-1,0,0,-1,1,151,1,2,2370763,154,0,1,1,17.0,43.2,43.2
s2b-r06,2,A,0,s2b-r06-203,0,0,0,0,0,0,1,0,1024,0,2,148,-1,0,0,-1,1,148,1,2,2326125,154,0,1,1,49.0,43.2,43.2
s2b-r06,2,A,0,s2b-r06-204,0,0,0,0,0,0,1,0,1024,0,16,122,-1,0,0,-1,4,122,4,2,1906627,95,0,4,4,117.0,43.2,43.2
s2b-r06,2,A,0,s2b-r06-205,0,0,0,0,0,0,1,0,1024,0,2,90,1,0,0,-1,4,90,1,0,1416324,95,0,1,1,58.0,43.2,43.2
s2b-r06,2,A,0,s2b-r06-206,0,0,0,0,0,0,1,0,1024,0,32,80,-1,0,0,-1,5,80,5,2,1257640,95,0,5,5,103.0,43.2,43.2
s2b-r06,2,A,0,s2b-r06-207,0,0,0,0,0,0,1,0,1024,0,2,70,1,0,0,-1,5,70,1,0,1096297,79,0,1,1,82.0,43.2,43.2
s2b-r06,2,A,0,s2b-r06-208,0,0,0,0,0,0,1,0,1024,0,2,63,-1,0,0,-1,1,63,1,2,998689,79,0,1,1,41.0,43.2,43.2
s2b-r06,2,A,0,s2b-r06-209,0,0,0,0,0,0,1,0,1024,0,2,67,-1,0,0,-1,1,67,1,2,1054295,35,0,1,1,56.0,43.2,43.2
s2b-r06,2,A,0,s2b-r06-210,0,0,0,0,0,0,1,0,1024,0,4,78,-1,0,0,-1,2,78,2,2,1233501,45,0,2,2,15.0,43.2,43.2
s2b-r06,2,A,0,s2b-r06-211,0,0,0,0,0,0,1,0,1024,0,4,162,-1,0,0,-1,2,162,2,2,2533858,162,0,2,2,24.0,43.2,43.2
s2b-r06,2,A,0,s2b-r06-212,0,0,0,0,0,0,1,0,1024,0,4,128,-1,0,0,-1,2,128,2,2,2001592,128,0,2,2,27.0,43.2,43.2
s2b-r06,2,A,0,s2b-r06-213,0,0,0,0,0,0,1,0,1024,0,4,149,-1,0,0,-1,2,149,2,2,2341992,149,0,2,2,32.0,43.2,43.2
s2b-r06,2,A,0,s2b-r06-214,0,0,0,0,0,0,1,0,1024,0,2,148,1,0,0,-1,2,148,1,0,2315409,148,0,1,1,27.0,43.2,43.2
s2b-r06,2,A,0,s2b-r06-215,0,0,0,0,0,0,1,0,1024,0,2,114,-1,0,0,-1,1,114,1,2,1795513,97,0,1,1,25.0,43.2,43.2
s2b-r06,2,A,0,s2b-r06-216,0,0,0,0,0,0,1,0,1024,0,16,149,0,0,0,-1,1,149,4,0,2328720,149,0,4,1,131.0,43.2,43.2
s2b-r06,2,A,0,s2b-r06-217,0,0,0,0,0,0,1,0,1024,0,32,153,-1,0,0,-1,5,153,5,2,2393740,153,0,5,5,66.0,43.2,43.2
s2b-r06,2,A,0,s2b-r06-218,0,0,0,0,0,0,1,0,1024,0,1,152,0,0,0,-1,4,152,0,0,2387560,152,0,0,0,28.0,43.2,43.2
s2b-r06,2,A,0,s2b-r06-219,0,0,0,0,0,0,1,0,1024,0,1,154,-1,0,0,-1,0,154,0,2,2406349,154,0,0,0,27.0,43.2,43.2
s2b-r06,2,A,0,s2b-r06-220,0,0,0,0,0,0,1,0,1024,0,2,124,1,0,0,-1,0,124,1,0,1950115,109,0,1,1,54.0,43.2,43.2
s2b-r06,2,A,0,s2b-r06-221,0,0,0,0,0,0,1,0,1024,0,32,93,4,0,0,-1,1,93,5,0,1465204,109,0,5,5,42.0,43.2,43.2
s2b-r06,2,A,0,s2b-r06-222,0,0,0,0,0,0,1,0,1024,0,32,148,-1,0,0,-1,5,148,5,2,2324653,148,0,5,5,42.0,43.2,43.2
s2b-r06,2,A,0,s2b-r06-223,0,0,0,0,0,0,1,0,1024,0,32,150,-1,0,0,-1,5,150,5,2,2352308,150,0,5,5,29.0,43.2,43.2
s2b-r06,2,A,0,s2b-r06-224,0,0,0,0,0,0,1,0,1024,0,1,128,0,0,0,-1,1,128,0,0,2007257,150,0,0,0,29.0,43.2,43.2
s2b-r06,2,A,0,s2b-r06-225,0,0,0,0,0,0,1,0,1024,0,32,100,-1,0,0,-1,5,100,5,2,1573380,37,0,5,5,27.0,43.2,43.2
s2b-r06,2,A,0,s2b-r06-226,0,0,0,0,0,0,1,0,1024,0,32,146,-1,0,0,-1,5,146,5,2,2295849,146,0,5,5,77.0,43.2,43.2
s2b-r06,2,A,0,s2b-r06-227,0,0,0,0,0,0,1,0,1024,0,32,96,-1,0,0,-1,5,96,5,2,1513945,14,0,5,5,64.0,43.2,43.2
s2b-r06,2,A,0,s2b-r06-228,0,0,0,0,0,0,1,0,1024,0,16,101,4,0,0,-1,0,101,4,0,1590663,65,0,4,4,53.0,43.2,43.2
s2b-r06,2,A,0,s2b-r06-229,0,0,0,0,0,0,1,0,1024,0,32,76,-1,0,0,-1,5,76,5,2,1195469,95,0,5,5,37.0,43.2,43.2
s2b-r06,2,A,0,s2b-r06-230,0,0,0,0,0,0,1,0,1024,0,32,74,-1,0,0,-1,5,74,5,2,1162215,95,0,5,5,101.0,43.2,43.2
s2b-r06,2,A,0,s2b-r06-231,0,0,0,0,0,0,1,0,1024,0,32,81,-1,0,0,-1,5,81,5,2,1277522,81,0,5,5,66.0,43.2,43.2
s2b-r06,2,A,0,s2b-r06-232,0,0,0,0,0,0,1,0,1024,0,32,62,-1,0,0,-1,5,62,5,2,971586,81,0,5,5,30.0,43.2,43.2
s2b-r06,2,A,0,s2b-r06-233,0,0,0,0,0,0,1,0,1024,0,32,148,-1,0,0,-1,5,148,5,2,2322481,148,0,5,5,47.0,43.2,43.2
s2b-r06,2,A,0,s2b-r06-234,0,0,0,0,0,0,1,0,1024,0,32,149,-1,0,0,-1,5,149,5,2,2328843,149,0,5,5,38.0,43.2,43.2
s2b-r06,2,A,0,s2b-r06-235,0,0,0,0,0,0,1,0,1024,0,32,119,-1,0,0,-1,5,119,5,2,1869825,119,0,5,5,46.0,43.2,43.2
s2b-r06,2,A,0,s2b-r06-236,0,0,0,0,0,0,1,0,1024,0,32,95,-1,0,0,-1,5,95,5,2,1490946,30,0,5,5,46.0,43.2,43.2
s2b-r06,2,A,0,s2b-r06-237,0,0,0,0,0,0,1,0,1024,0,32,151,-1,0,0,-1,5,151,5,2,2367765,151,0,5,5,45.0,43.2,43.2
s2b-r06,2,A,0,s2b-r06-238,0,0,0,0,0,0,1,0,1024,0,32,150,-1,0,0,-1,5,150,5,2,2355814,151,0,5,5,39.0,43.2,43.2
s2b-r06,2,A,0,s2b-r06-239,0,0,0,0,0,0,1,0,1024,0,1,104,0,0,0,-1,5,104,0,0,1638017,104,0,0,0,70.0,43.2,43.2
s2b-r06,2,A,0,s2b-r06-240,0,0,0,0,0,0,1,0,1024,0,16,93,-1,0,0,-1,4,93,4,2,1464186,54,0,4,4,109.0,43.2,43.2
s2b-r06,2,A,0,s2b-r06-241,0,0,0,0,0,0,1,0,1024,0,2,108,1,0,0,-1,4,108,1,0,1702079,108,0,1,1,61.0,43.2,43.2
s2b-r06,2,A,0,s2b-r06-242,0,0,0,0,0,0,1,0,1024,0,2,113,-1,0,0,-1,1,113,1,2,1767060,113,0,1,1,63.0,43.2,43.2
s2b-r06,2,A,0,s2b-r06-243,0,0,0,0,0,0,1,0,1024,0,16,137,0,0,0,-1,1,137,4,0,2155162,137,0,4,4,37.0,43.2,43.2
s2b-r06,2,A,0,s2b-r06-244,0,0,0,0,0,0,1,0,1024,0,2,88,1,0,0,-1,0,88,0,0,1382765,76,0,0,5,43.0,43.2,43.2
s2b-r06,2,A,0,s2b-r06-245,0,0,0,0,0,0,1,0,1024,0,2,151,-1,0,0,-1,1,151,1,2,2363127,151,0,1,1,13.0,43.2,43.2
s2b-r06,2,A,0,s2b-r06-246,0,0,0,0,0,0,1,0,1024,0,2,110,-1,0,0,-1,1,110,1,2,1732140,110,0,1,1,34.0,43.2,43.2
s2b-r06,2,A,0,s2b-r06-247,0,0,0,0,0,0,1,0,1024,0,1,92,-1,0,0,-1,0,92,0,2,1441061,72,0,0,0,42.0,43.2,43.2
s2b-r06,2,A,0,s2b-r06-248,0,0,0,0,0,0,1,0,1024,0,32,85,-1,0,0,-1,5,85,5,2,1329243,54,0,5,5,47.0,43.2,43.2
s2b-r06,2,A,0,s2b-r06-249,0,0,0,0,0,0,1,0,1024,0,32,106,-1,0,0,-1,5,106,5,2,1656554,106,0,5,5,72.0,43.2,43.2
s2b-r06,2,A,0,s2b-r06-250,0,0,0,0,0,0,1,0,1024,0,32,126,-1,0,0,-1,5,126,5,2,1971799,126,0,5,5,77.0,43.2,43.2
s2b-r06,2,A,0,s2b-r06-251,0,0,0,0,0,0,1,0,1024,0,32,81,-1,0,0,-1,5,81,5,2,1277944,127,0,5,5,92.0,43.2,43.2
s2b-r06,2,A,0,s2b-r06-252,0,0,0,0,0,0,1,0,1024,0,32,154,-1,0,0,-1,5,154,5,2,2419584,154,0,5,5,45.0,43.2,43.2
s2b-r06,2,A,0,s2b-r06-253,0,0,0,0,0,0,1,0,1024,0,32,150,-1,0,0,-1,5,150,5,2,2350274,154,0,5,5,62.0,43.2,43.2
s2b-r06,2,A,0,s2b-r06-254,0,0,0,0,0,0,1,0,1024,0,1,137,0,0,0,-1,5,137,5,0,2148878,137,0,5,5,235.0,43.2,43.2
s2b-r06,2,A,0,s2b-r06-255,0,0,0,0,0,0,1,0,1024,0,8,141,-1,0,0,-1,3,141,3,2,2214145,141,0,3,3,26.0,43.2,43.2
s2b-r06,2,A,0,s2b-r06-256,0,0,0,0,0,0,1,0,1024,0,32,150,0,0,0,-1,3,150,5,0,2354291,150,0,5,5,55.0,43.2,43.2
s2b-r06,2,A,0,s2b-r06-257,0,0,0,0,0,0,1,0,1024,0,32,149,-1,0,0,-1,5,149,5,2,2341375,149,0,5,5,108.0,43.2,43.2
s2b-r06,2,A,0,s2b-r06-258,0,0,0,0,0,0,1,0,1024,0,32,118,-1,0,0,-1,5,118,5,2,1859173,122,0,5,5,107.0,43.2,43.2
s2b-r06,2,A,0,s2b-r06-259,0,0,0,0,0,0,1,0,1024,0,32,91,-1,0,0,-1,5,91,5,2,1427151,122,0,5,5,103.0,43.2,43.2
s2b-r06,2,A,0,s2b-r06-260,0,0,0,0,0,0,1,0,1024,0,32,61,-1,0,0,-1,5,61,5,2,954643,125,0,5,5,53.0,43.2,43.2
s2b-r06,2,A,0,s2b-r06-261,0,0,0,0,0,0,1,0,1024,0,32,60,-1,0,0,-1,5,60,5,2,939233,125,0,5,5,107.0,43.2,43.2
s2b-r06,2,A,0,s2b-r06-262,0,0,0,0,0,0,1,0,1024,0,1,90,0,0,0,-1,5,90,0,0,1421559,90,0,0,0,114.0,43.2,43.2
s2b-r06,2,A,0,s2b-r06-263,0,0,0,0,0,0,1,0,1024,0,1,67,0,0,0,-1,4,67,0,0,1050242,90,0,0,0,23.0,43.2,43.2
s2b-r06,2,A,0,s2b-r06-264,0,0,0,0,0,0,1,0,1024,0,1,152,-1,0,0,-1,0,152,0,2,2385026,166,0,0,0,17.0,43.2,43.2
s2b-r06,2,A,0,s2b-r06-265,0,0,0,0,0,0,1,0,1024,0,4,97,-1,0,0,-1,2,97,2,2,1528634,82,0,2,2,26.0,43.2,43.2
s2b-r06,2,A,0,s2b-r06-266,0,0,0,0,0,0,1,0,1024,0,16,151,4,0,0,-1,2,151,4,0,2367037,151,0,4,4,137.0,43.2,43.2
s2b-r06,2,A,0,s2b-r06-267,0,0,0,0,0,0,1,0,1024,0,16,145,-1,0,0,-1,4,145,4,2,2278169,151,0,4,4,44.0,43.2,43.2
s2b-r06,2,A,0,s2b-r06-268,0,0,0,0,0,0,1,0,1024,0,16,136,-1,0,0,-1,4,136,4,2,2132952,136,0,4,4,66.0,43.2,43.2
s2b-r06,2,A,0,s2b-r06-269,0,0,0,0,0,0,1,0,1024,0,16,105,-1,0,0,-1,4,105,4,2,1655375,105,0,4,4,106.0,43.2,43.2
s2b-r06,2,A,0,s2b-r06-270,0,0,0,0,0,0,1,0,1024,0,16,88,-1,0,0,-1,4,88,4,2,1377577,40,0,4,4,83.0,43.2,43.2
s2b-r06,2,A,0,s2b-r06-271,0,0,0,0,0,0,1,0,1024,0,32,84,-1,0,0,-1,5,84,5,2,1322121,40,0,5,5,39.0,43.2,43.2
s2b-r06,2,A,0,s2b-r06-272,0,0,0,0,0,0,1,0,1024,0,32,70,-1,0,0,-1,5,70,5,2,1105521,40,0,5,5,63.0,43.2,43.2
s2b-r06,2,A,0,s2b-r06-273,0,0,0,0,0,0,1,0,1024,0,32,68,-1,0,0,-1,5,68,5,2,1064153,15,0,5,5,30.0,43.2,43.2
s2b-r06,2,A,0,s2b-r06-274,0,0,0,0,0,0,1,0,1024,0,1,150,0,0,0,-1,5,150,0,0,2348990,150,0,0,0,35.0,43.2,43.2
s2b-r06,2,A,0,s2b-r06-275,0,0,0,0,0,0,1,0,1024,0,32,155,-1,0,0,-1,5,155,5,2,2431309,155,0,5,5,19.0,43.2,43.2
s2b-r06,2,A,0,s2b-r06-276,0,0,0,0,0,0,1,0,1024,0,32,149,-1,0,0,-1,5,149,5,2,2338180,149,0,5,5,17.0,43.2,43.2
s2b-r06,2,A,0,s2b-r06-277,0,0,0,0,0,0,1,0,1024,0,1,152,0,0,0,-1,5,152,0,0,2387553,152,0,0,0,53.0,43.2,43.2
s2b-r06,2,A,0,s2b-r06-278,0,0,0,0,0,0,1,0,1024,0,1,126,-1,0,0,-1,0,126,0,2,1974828,106,0,0,0,15.0,43.2,43.2
s2b-r06,2,A,0,s2b-r06-279,0,0,0,0,0,0,1,0,1024,0,1,97,0,0,0,-1,4,97,0,0,1531136,67,0,0,0,38.0,43.2,43.2
s2b-r06,2,A,0,s2b-r06-280,0,0,0,0,0,0,1,0,1024,0,2,155,-1,0,0,-1,1,155,1,2,2435594,155,0,1,1,97.0,43.2,43.2
s2b-r06,2,A,0,s2b-r06-281,0,0,0,0,0,0,1,0,1024,0,2,94,-1,0,0,-1,1,94,1,2,1477353,109,0,1,1,49.0,43.2,43.2
s2b-r06,2,A,0,s2b-r06-282,0,0,0,0,0,0,1,0,1024,0,4,92,1,0,0,-1,5,92,2,0,1450277,109,0,2,2,25.0,43.2,43.2
s2b-r06,2,A,0,s2b-r06-283,0,0,0,0,0,0,1,0,1024,0,1,152,0,0,0,-1,2,152,0,0,2375861,152,0,0,0,29.0,43.2,43.2
s2b-r06,2,A,0,s2b-r06-284,0,0,0,0,0,0,1,0,1024,0,1,106,-1,0,0,-1,0,106,0,2,1668136,106,0,0,0,17.0,43.2,43.2
s2b-r06,2,A,0,s2b-r06-285,0,0,0,0,0,0,1,0,1024,0,1,153,-1,0,0,-1,0,153,0,2,2396787,153,0,0,0,53.0,43.2,43.2
s2b-r06,2,A,0,s2b-r06-286,0,0,0,0,0,0,1,0,1024,0,1,92,0,0,0,-1,0,92,0,0,1443115,42,0,0,0,132.0,43.2,43.2
s2b-r06,2,A,0,s2b-r06-287,0,0,0,0,0,0,1,0,1024,0,32,106,-1,0,0,-1,5,106,5,2,1660378,106,0,5,5,43.0,43.2,43.2
s2b-r06,2,A,0,s2b-r06-288,0,0,0,0,0,0,1,0,1024,0,32,151,-1,0,0,-1,5,151,5,2,2364633,151,0,5,5,85.0,43.2,43.2
s2b-r06,2,A,0,s2b-r06-289,0,0,0,0,0,0,1,0,1024,0,32,150,-1,0,0,-1,5,150,5,2,2357183,151,0,5,5,106.0,43.2,43.2
s2b-r06,2,A,0,s2b-r06-290,0,0,0,0,0,0,1,0,1024,0,32,111,-1,0,0,-1,5,111,5,2,1749880,96,0,5,5,73.0,43.2,43.2
s2b-r06,2,A,0,s2b-r06-291,0,0,0,0,0,0,1,0,1024,0,32,120,5,0,0,-1,1,120,5,0,1888801,120,0,5,5,49.0,43.2,43.2
s2b-r06,2,A,0,s2b-r06-292,0,0,0,0,0,0,1,0,1024,0,2,158,-1,0,0,-1,1,158,1,2,2476001,158,0,1,1,24.0,43.2,43.2
s2b-r06,2,A,0,s2b-r06-293,0,0,0,0,0,0,1,0,1024,0,16,118,-1,0,0,-1,4,118,4,2,1847182,118,0,4,4,17.0,43.2,43.2
s2b-r06,2,A,0,s2b-r06-294,0,0,0,0,0,0,1,0,1024,0,32,163,0,0,0,-1,4,163,5,0,2559389,163,0,5,5,30.0,43.2,43.2
s2b-r06,2,A,0,s2b-r06-295,0,0,0,0,0,0,1,0,1024,0,32,151,-1,0,0,-1,5,151,5,2,2361018,158,0,5,5,42.0,43.2,43.2
s2b-r06,2,A,0,s2b-r06-296,0,0,0,0,0,0,1,0,1024,0,16,116,4,0,0,-1,5,116,5,0,1823077,94,0,5,1,88.0,43.2,43.2
s2b-r06,2,A,0,s2b-r06-297,0,0,0,0,0,0,1,0,1024,0,2,114,1,0,0,-1,0,114,1,0,1786924,114,0,1,1,240.0,43.2,43.2
s2b-r06,2,A,0,s2b-r06-298,0,0,0,0,0,0,1,0,1024,0,2,73,-1,0,0,-1,1,73,1,2,1148321,48,0,1,1,66.0,43.2,43.2
s2b-r06,2,A,0,s2b-r06-299,0,0,0,0,0,0,1,0,1024,0,4,120,2,0,0,-1,4,120,2,0,1884891,120,0,2,2,50.0,43.2,43.2
s2b-r06,2,A,0,s2b-r06-300,0,0,0,0,0,0,1,0,1024,0,4,148,-1,0,0,-1,2,148,2,2,2325728,148,0,2,2,52.0,43.2,43.2
s2b-r06,2,A,0,s2b-r06-301,0,0,0,0,0,0,1,0,1024,0,4,140,-1,0,0,-1,2,140,2,2,2196413,140,0,2,2,64.0,43.2,43.2
s2b-r06,2,A,0,s2b-r06-302,0,0,0,0,0,0,1,0,1024,0,1,101,0,0,0,-1,4,101,0,0,1586698,110,0,0,0,34.0,43.2,43.2
s2b-r06,2,A,0,s2b-r06-303,0,0,0,0,0,0,1,0,1024,0,32,154,1,0,0,-1,0,154,5,0,2407905,154,0,5,5,102.0,43.2,43.2
s2b-r06,2,A,0,s2b-r06-304,0,0,0,0,0,0,1,0,1024,0,32,153,-1,0,0,-1,5,153,5,2,2404439,153,0,5,5,23.0,43.2,43.2
s2b-r06,2,A,0,s2b-r06-305,0,0,0,0,0,0,1,0,1024,0,32,111,-1,0,0,-1,5,111,5,2,1742276,12,0,5,5,108.0,43.2,43.2
s2b-r06,2,A,0,s2b-r06-306,0,0,0,0,0,0,1,0,1024,0,16,92,4,0,0,-1,5,92,4,0,1447323,71,0,4,1,200.0,43.2,43.2
s2b-r06,2,A,0,s2b-r06-307,0,0,0,0,0,0,1,0,1024,0,2,149,-1,0,0,-1,1,149,1,2,2333360,149,0,1,1,63.0,43.2,43.2
s2b-r06,2,A,0,s2b-r06-308,0,0,0,0,0,0,1,0,1024,0,2,64,-1,0,0,-1,1,64,1,2,1004566,13,0,1,1,104.0,43.2,43.2
s2b-r06,2,A,0,s2b-r06-309,0,0,0,0,0,0,1,0,1024,0,1,94,0,0,0,-1,1,94,0,0,1479437,94,0,0,0,72.0,43.2,43.2
s2b-r06,2,A,0,s2b-r06-310,0,0,0,0,0,0,1,0,1024,0,32,159,-1,0,0,-1,5,159,5,2,2498609,159,0,5,5,29.0,43.2,43.2
s2b-r06,2,A,0,s2b-r06-311,0,0,0,0,0,0,1,0,1024,0,32,155,5,0,0,-1,4,155,4,0,2432325,159,0,4,0,77.0,43.2,43.2
s2b-r06,2,A,0,s2b-r06-312,0,0,0,0,0,0,1,0,1024,0,2,96,-1,0,0,-1,1,96,1,2,1507144,2,0,1,1,81.0,43.2,43.2
s2b-r06,2,A,0,s2b-r06-313,0,0,0,0,0,0,1,0,1024,0,16,66,-1,0,0,-1,4,66,4,2,1042619,2,0,4,4,25.0,43.2,43.2
s2b-r06,2,A,0,s2b-r06-314,0,0,0,0,0,0,1,0,1024,0,32,152,0,0,0,-1,4,152,5,0,2376879,165,0,5,5,32.0,43.2,43.2
s2b-r06,2,A,0,s2b-r06-315,0,0,0,0,0,0,1,0,1024,0,32,104,-1,0,0,-1,5,104,5,2,1632623,104,0,5,5,42.0,43.2,43.2
s2b-r06,2,A,0,s2b-r06-316,0,0,0,0,0,0,1,0,1024,0,32,150,-1,0,0,-1,5,150,5,2,2350754,150,0,5,5,47.0,43.2,43.2
s2b-r06,2,A,0,s2b-r06-317,0,0,0,0,0,0,1,0,1024,0,32,153,-1,0,0,-1,5,153,5,2,2395059,153,0,5,5,71.0,43.2,43.2
s2b-r06,2,A,0,s2b-r06-318,0,0,0,0,0,0,1,0,1024,0,2,154,-1,0,0,-1,1,154,1,2,2417229,154,0,1,1,85.0,43.2,43.2
s2b-r06,2,A,0,s2b-r06-319,0,0,0,0,0,0,1,0,1024,0,32,95,2,0,0,-1,1,95,5,0,1495997,12,0,5,5,136.0,43.2,43.2
s2b-r06,2,A,0,s2b-r06-320,0,0,0,0,0,0,1,0,1024,0,32,90,-1,0,0,-1,5,90,5,2,1418952,12,0,5,5,110.0,43.2,43.2
s2b-r06,2,A,0,s2b-r06-321,0,0,0,0,0,0,1,0,1024,0,32,62,-1,0,0,-1,5,62,5,2,981246,61,0,5,5,113.0,43.2,43.2
s2b-r06,2,A,0,s2b-r06-322,0,0,0,0,0,0,1,0,1024,0,32,124,-1,0,0,-1,5,124,5,2,1946955,124,0,5,5,109.0,43.2,43.2
s2b-r06,2,A,0,s2b-r06-323,0,0,0,0,0,0,1,0,1024,0,16,75,4,0,0,-1,5,75,4,0,1184082,69,0,4,4,27.0,43.2,43.2
s2b-r06,2,A,0,s2b-r06-324,0,0,0,0,0,0,1,0,1024,0,16,161,4,0,0,-1,5,161,4,0,2521231,161,0,4,4,29.0,43.2,43.2
s2b-r06,2,A,0,s2b-r06-325,0,0,0,0,0,0,1,0,1024,0,16,152,-1,0,0,-1,4,152,4,2,2384845,161,0,4,4,28.0,43.2,43.2
s2b-r06,2,A,0,s2b-r06-326,0,0,0,0,0,0,1,0,1024,0,32,106,1,0,0,-1,4,106,5,0,1670858,123,0,5,5,209.0,43.2,43.2
s2b-r06,2,A,0,s2b-r06-327,0,0,0,0,0,0,1,0,1024,0,32,91,5,0,0,-1,1,91,1,0,1428918,72,0,1,1,100.0,43.2,43.2
s2b-r06,2,A,0,s2b-r06-328,0,0,0,0,0,0,1,0,1024,0,1,60,0,0,0,-1,1,60,0,0,950654,72,0,0,0,37.0,43.2,43.2
s2b-r06,2,A,0,s2b-r06-329,0,0,0,0,0,0,1,0,1024,0,32,180,1,0,0,-1,0,180,5,0,2819269,180,0,5,5,35.0,43.2,43.2
s2b-r06,2,A,0,s2b-r06-330,0,0,0,0,0,0,1,0,1024,0,32,100,-1,0,0,-1,5,100,5,2,1570134,100,0,5,5,81.0,43.2,43.2
s2b-r06,2,A,0,s2b-r06-331,0,0,0,0,0,0,1,0,1024,0,32,106,-1,0,0,-1,5,106,5,2,1668411,106,0,5,5,65.0,43.2,43.2
s2b-r06,2,A,0,s2b-r06-332,0,0,0,0,0,0,1,0,1024,0,32,80,-1,0,0,-1,5,80,5,2,1261414,36,0,5,5,46.0,43.2,43.2
s2b-r06,2,A,0,s2b-r06-333,0,0,0,0,0,0,1,0,1024,0,2,149,-1,0,0,-1,1,149,1,2,2340443,149,0,1,1,15.0,43.2,43.2
s2b-r06,2,A,0,s2b-r06-334,0,0,0,0,0,0,1,0,1024,0,2,150,-1,0,0,-1,1,150,1,2,2355682,150,0,1,1,25.0,43.2,43.2
s2b-r06,2,A,0,s2b-r06-335,0,0,0,0,0,0,1,0,1024,0,2,98,-1,0,0,-1,1,98,1,2,1533771,36,0,1,1,28.0,43.2,43.2
s2b-r06,2,A,0,s2b-r06-336,0,0,0,0,0,0,1,0,1024,0,32,151,0,0,0,-1,1,151,5,0,2363826,151,0,5,5,50.0,43.2,43.2
s2b-r06,2,A,0,s2b-r06-337,0,0,0,0,0,0,1,0,1024,0,1,178,-1,0,0,-1,0,178,0,2,2792576,178,0,0,0,35.0,43.2,43.2
s2b-r06,2,A,0,s2b-r06-338,0,0,0,0,0,0,1,0,1024,0,1,154,-1,0,0,-1,0,154,0,2,2418429,154,0,0,0,43.0,43.2,43.2
s2b-r06,2,A,0,s2b-r06-339,0,0,0,0,0,0,1,0,1024,0,32,129,1,0,0,-1,0,129,5,0,2017878,15,0,5,5,73.0,43.2,43.2
s2b-r06,2,A,0,s2b-r06-340,0,0,0,0,0,0,1,0,1024,0,32,166,-1,0,0,-1,5,166,5,2,2602074,166,0,5,5,42.0,43.2,43.2
s2b-r06,2,A,0,s2b-r06-341,0,0,0,0,0,0,1,0,1024,0,32,153,-1,0,0,-1,5,153,5,2,2396531,166,0,5,5,111.0,43.2,43.2
s2b-r06,2,A,0,s2b-r06-342,0,0,0,0,0,0,1,0,1024,0,32,97,-1,0,0,-1,5,97,5,2,1522399,97,0,5,5,66.0,43.2,43.2
s2b-r06,2,A,0,s2b-r06-343,0,0,0,0,0,0,1,0,1024,0,16,139,-1,0,0,-1,4,139,4,2,2172959,139,0,4,4,35.0,43.2,43.2
s2b-r06,2,A,0,s2b-r06-344,0,0,0,0,0,0,1,0,1024,0,4,153,-1,0,0,-1,2,153,2,2,2398127,153,0,2,2,19.0,43.2,43.2
s2b-r06,2,A,0,s2b-r06-345,0,0,0,0,0,0,1,0,1024,0,4,96,-1,0,0,-1,2,96,2,2,1507199,12,0,2,2,45.0,43.2,43.2
s2b-r06,2,A,0,s2b-r06-346,0,0,0,0,0,0,1,0,1024,0,4,149,-1,0,0,-1,2,149,2,2,2340609,149,0,2,2,45.0,43.2,43.2
s2b-r06,2,A,0,s2b-r06-347,0,0,0,0,0,0,1,0,1024,0,1,151,0,0,0,-1,2,151,0,0,2366919,151,0,0,0,213.0,43.2,43.2
s2b-r06,2,A,0,s2b-r06-348,0,0,0,0,0,0,1,0,1024,0,1,115,-1,0,0,-1,0,115,0,2,1807742,115,0,0,0,36.0,43.2,43.2
s2b-r06,2,A,0,s2b-r06-349,0,0,0,0,0,0,1,0,1024,0,16,143,-1,0,0,-1,4,143,4,2,2246538,151,0,4,4,61.0,43.2,43.2
s2b-r06,2,A,0,s2b-r06-350,0,0,0,0,0,0,1,0,1024,0,16,63,4,0,0,-1,4,63,4,0,985217,16,0,4,1,213.0,43.2,43.2
s2b-r06,2,A,0,s2b-r06-351,0,0,0,0,0,0,1,0,1024,0,16,73,-1,0,0,-1,4,73,4,2,1150592,73,0,4,4,106.0,43.2,43.2
s2b-r06,2,A,0,s2b-r06-352,0,0,0,0,0,0,1,0,1024,0,16,131,-1,0,0,-1,4,131,4,2,2050207,131,0,4,4,108.0,43.2,43.2
s2b-r06,2,A,0,s2b-r06-353,0,0,0,0,0,0,1,0,1024,0,16,74,-1,0,0,-1,4,74,4,2,1166702,30,0,4,4,46.0,43.2,43.2
s2b-r06,2,A,0,s2b-r06-354,0,0,0,0,0,0,1,0,1024,0,16,86,-1,0,0,-1,4,86,4,2,1355049,32,0,4,4,68.0,43.2,43.2
s2b-r06,2,A,0,s2b-r06-355,0,0,0,0,0,0,1,0,1024,0,8,73,-1,0,0,-1,3,73,3,2,1153885,64,0,3,3,18.0,43.2,43.2
s2b-r06,2,A,0,s2b-r06-356,0,0,0,0,0,0,1,0,1024,0,8,149,-1,0,0,-1,3,149,3,2,2336781,149,0,3,3,20.0,43.2,43.2
s2b-r06,2,A,0,s2b-r06-357,0,0,0,0,0,0,1,0,1024,0,8,109,-1,0,0,-1,3,109,3,2,1707358,109,0,3,3,151.0,43.2,43.2
s2b-r06,2,A,0,s2b-r06-358,0,0,0,0,0,0,1,0,1024,0,2,93,1,0,0,-1,3,93,1,0,1457954,109,0,1,1,66.0,43.2,43.2
s2b-r06,2,A,0,s2b-r06-359,0,0,0,0,0,0,1,0,1024,0,1,130,-1,0,0,-1,0,130,0,2,2045529,130,0,0,0,21.0,43.2,43.2
s2b-r06,2,A,0,s2b-r06-360,0,0,0,0,0,0,1,0,1024,0,16,86,4,0,0,-1,0,86,4,0,1348926,124,0,4,4,210.0,43.2,43.2
s2b-r06,2,A,0,s2b-r06-361,0,0,0,0,0,0,1,0,1024,0,16,87,-1,0,0,-1,4,87,4,2,1374981,124,0,4,4,79.0,43.2,43.2
s2b-r06,2,A,0,s2b-r06-362,0,0,0,0,0,0,1,0,1024,0,2,126,-1,0,0,-1,1,126,1,2,1973335,126,0,1,1,120.0,43.2,43.2
s2b-r06,2,A,0,s2b-r06-363,0,0,0,0,0,0,1,0,1024,0,2,163,-1,0,0,-1,1,163,1,2,2551018,163,0,1,1,35.0,43.2,43.2
s2b-r06,2,A,0,s2b-r06-364,0,0,0,0,0,0,1,0,1024,0,2,154,-1,0,0,-1,1,154,1,2,2417079,163,0,1,1,15.0,43.2,43.2
s2b-r06,2,A,0,s2b-r06-365,0,0,0,0,0,0,1,0,1024,0,2,160,-1,0,0,-1,1,160,1,2,2501274,163,0,1,1,19.0,43.2,43.2
s2b-r06,2,A,0,s2b-r06-366,0,0,0,0,0,0,1,0,1024,0,32,159,5,0,0,-1,1,159,5,0,2495306,163,0,5,5,165.0,43.2,43.2
s2b-r06,2,A,0,s2b-r06-367,0,0,0,0,0,0,1,0,1024,0,2,126,-1,0,0,-1,1,126,1,2,1969199,3,0,1,1,107.0,43.2,43.2
s2b-r06,2,A,0,s2b-r06-368,0,0,0,0,0,0,1,0,1024,0,2,93,-1,0,0,-1,1,93,1,2,1454465,59,0,1,1,95.0,43.2,43.2
s2b-r06,2,A,0,s2b-r06-369,0,0,0,0,0,0,1,0,1024,0,4,64,-1,0,0,-1,2,64,2,2,1003398,125,0,2,2,28.0,43.2,43.2
s2b-r06,2,A,0,s2b-r06-370,0,0,0,0,0,0,1,0,1024,0,1,154,0,0,0,-1,2,154,0,0,2419014,154,0,0,0,47.0,43.2,43.2
s2b-r06,2,A,0,s2b-r06-371,0,0,0,0,0,0,1,0,1024,0,2,160,-1,0,0,-1,1,160,1,2,2502653,160,0,1,1,15.0,43.2,43.2
s2b-r06,2,A,0,s2b-r06-372,0,0,0,0,0,0,1,0,1024,0,32,151,0,0,0,-1,1,151,5,0,2369902,151,0,5,5,30.0,43.2,43.2
s2b-r06,2,A,0,s2b-r06-373,0,0,0,0,0,0,1,0,1024,0,16,163,4,0,0,-1,0,163,4,0,2553175,163,0,4,4,53.0,43.2,43.2
s2b-r06,2,A,0,s2b-r06-374,0,0,0,0,0,0,1,0,1024,0,16,125,4,0,0,-1,4,125,4,0,1968671,78,0,4,5,62.0,43.2,43.2
s2b-r06,2,A,0,s2b-r06-375,0,0,0,0,0,0,1,0,1024,0,32,94,-1,0,0,-1,5,94,5,2,1469712,67,0,5,5,105.0,43.2,43.2
s2b-r06,2,A,0,s2b-r06-376,0,0,0,0,0,0,1,0,1024,0,32,89,-1,0,0,-1,5,89,5,2,1405226,89,0,5,5,101.0,43.2,43.2
s2b-r06,2,A,0,s2b-r06-377,0,0,0,0,0,0,1,0,1024,0,2,64,-1,0,0,-1,1,64,1,2,1012651,43,0,1,1,44.0,43.2,43.2
s2b-r06,2,A,0,s2b-r06-378,0,0,0,0,0,0,1,0,1024,0,8,71,-1,0,0,-1,3,71,3,2,1123347,71,0,3,3,111.0,43.2,43.2
s2b-r06,2,A,0,s2b-r06-379,0,0,0,0,0,0,1,0,1024,0,8,110,-1,0,0,-1,3,110,3,2,1727926,110,0,3,3,31.0,43.2,43.2
s2b-r06,2,A,0,s2b-r06-380,0,0,0,0,0,0,1,0,1024,0,32,126,5,0,0,-1,3,126,3,0,1979378,126,0,0,4,569.0,43.2,43.2
s2b-r06,2,A,0,s2b-r06-381,0,0,0,0,0,0,1,0,1024,0,32,124,-1,0,0,-1,5,124,5,2,1950491,124,0,5,5,17.0,43.2,43.2
s2b-r06,2,A,0,s2b-r06-382,0,0,0,0,0,0,1,0,1024,0,32,149,-1,0,0,-1,5,149,5,2,2332916,149,0,5,5,19.0,43.2,43.2
s2b-r06,2,A,0,s2b-r06-383,0,0,0,0,0,0,1,0,1024,0,32,147,-1,0,0,-1,5,147,5,2,2303368,147,0,5,5,64.0,43.2,43.2
s2b-r06,2,A,0,s2b-r06-384,0,0,0,0,0,0,1,0,1024,0,32,114,-1,0,0,-1,5,114,5,2,1782972,98,0,5,5,212.0,43.2,43.2
s2b-r06,2,A,0,s2b-r06-385,0,0,0,0,0,0,1,0,1024,0,32,89,-1,0,0,-1,5,89,5,2,1399597,50,0,5,5,89.0,43.2,43.2
s2b-r06,2,A,0,s2b-r06-386,0,0,0,0,0,0,1,0,1024,0,32,80,-1,0,0,-1,5,80,5,2,1257222,92,0,5,5,83.0,43.2,43.2
s2b-r06,2,A,0,s2b-r06-387,0,0,0,0,0,0,1,0,1024,0,16,90,4,0,0,-1,5,90,5,0,1407459,92,0,5,5,128.0,43.2,43.2
s2b-r06,2,A,0,s2b-r06-388,0,0,0,0,0,0,1,0,1024,0,32,116,-1,0,0,-1,5,116,5,2,1826198,116,0,5,5,85.0,43.2,43.2
s2b-r06,2,A,0,s2b-r06-389,0,0,0,0,0,0,1,0,1024,0,32,61,-1,0,0,-1,5,61,5,2,959412,116,0,5,5,27.0,43.2,43.2
s2b-r06,2,A,0,s2b-r06-390,0,0,0,0,0,0,1,0,1024,0,32,150,-1,0,0,-1,5,150,5,2,2351219,150,0,5,5,18.0,43.2,43.2
s2b-r06,2,A,0,s2b-r06-391,0,0,0,0,0,0,1,0,1024,0,32,97,-1,0,0,-1,5,97,5,2,1530836,97,0,5,5,23.0,43.2,43.2
s2b-r06,2,A,0,s2b-r06-392,0,0,0,0,0,0,1,0,1024,0,32,153,-1,0,0,-1,5,153,5,2,2390848,153,0,5,5,27.0,43.2,43.2
s2b-r06,2,A,0,s2b-r06-393,0,0,0,0,0,0,1,0,1024,0,1,149,0,0,0,-1,5,149,0,0,2339296,153,0,0,0,39.0,43.2,43.2
s2b-r06,2,A,0,s2b-r06-394,0,0,0,0,0,0,1,0,1024,0,32,130,-1,0,0,-1,5,130,5,2,2036291,130,0,5,5,52.0,43.2,43.2
s2b-r06,2,A,0,s2b-r06-395,0,0,0,0,0,0,1,0,1024,0,32,91,-1,0,0,-1,5,91,5,2,1436988,81,0,5,5,102.0,43.2,43.2
s2b-r06,2,A,0,s2b-r06-396,0,0,0,0,0,0,1,0,1024,0,32,60,-1,0,0,-1,5,60,5,2,949359,3,0,5,5,121.0,43.2,43.2
s2b-r06,2,A,0,s2b-r06-397,0,0,0,0,0,0,1,0,1024,0,2,62,-1,0,0,-1,1,62,1,2,979910,39,0,1,1,74.0,43.2,43.2
s2b-r06,2,A,0,s2b-r06-398,0,0,0,0,0,0,1,0,1024,0,2,62,-1,0,0,-1,1,62,1,2,975172,48,0,1,1,89.0,43.2,43.2
s2b-r06,2,A,0,s2b-r06-399,0,0,0,0,0,0,1,0,1024,0,2,75,-1,0,0,-1,1,75,1,2,1185167,75,0,1,1,38.0,43.2,43.2
s2b-r06,2,A,0,s2b-r06-400,0,0,0,0,0,0,1,0,1024,0,1,70,0,0,0,-1,1,70,1,0,1106715,75,0,1,0,46.0,43.2,43.2
s2b-r06,2,A,0,s2b-r06-401,0,0,0,0,0,0,1,0,1024,0,2,79,0,0,0,-1,4,79,1,0,1239215,35,0,1,1,76.0,43.2,43.2
s2b-r06,2,A,0,s2b-r06-402,0,0,0,0,0,0,1,0,1024,0,1,150,0,0,0,-1,1,150,0,0,2348815,150,0,0,0,44.0,43.2,43.2
s2b-r06,2,A,0,s2b-r06-403,0,0,0,0,0,0,1,0,1024,0,32,155,-1,0,0,-1,5,155,5,2,2430476,155,0,5,5,24.0,43.2,43.2
s2b-r06,2,A,0,s2b-r06-404,0,0,0,0,0,0,1,0,1024,0,16,94,-1,0,0,-1,4,94,4,2,1470505,88,0,4,4,78.0,43.2,43.2
s2b-r06,2,A,0,s2b-r06-405,0,0,0,0,0,0,1,0,1024,0,2,123,1,0,0,-1,4,123,1,0,1932291,123,0,1,1,121.0,43.2,43.2
s2b-r06,2,A,0,s2b-r06-406,0,0,0,0,0,0,1,0,1024,0,16,145,-1,0,0,-1,4,145,4,2,2276606,145,0,4,4,108.0,43.2,43.2
s2b-r06,2,A,0,s2b-r06-407,0,0,0,0,0,0,1,0,1024,0,4,89,2,0,0,-1,4,89,2,0,1406153,108,0,2,2,68.0,43.2,43.2
s2b-r06,2,A,0,s2b-r06-408,0,0,0,0,0,0,1,0,1024,0,1,90,0,0,0,-1,2,90,0,0,1407380,108,0,0,0,42.0,43.2,43.2
s2b-r06,2,A,0,s2b-r06-409,0,0,0,0,0,0,1,0,1024,0,32,72,1,0,0,-1,0,72,5,0,1132244,14,0,5,5,231.0,43.2,43.2
s2b-r06,2,A,0,s2b-r06-410,0,0,0,0,0,0,1,0,1024,0,32,77,-1,0,0,-1,5,77,5,2,1210227,63,0,5,5,103.0,43.2,43.2
s2b-r06,2,A,0,s2b-r06-411,0,0,0,0,0,0,1,0,1024,0,32,129,-1,0,0,-1,5,129,5,2,2028733,129,0,5,5,26.0,43.2,43.2
s2b-r06,2,A,0,s2b-r06-412,0,0,0,0,0,0,1,0,1024,0,32,148,-1,0,0,-1,5,148,5,2,2314777,148,0,5,5,27.0,43.2,43.2
s2b-r06,2,A,0,s2b-r06-413,0,0,0,0,0,0,1,0,1024,0,32,91,-1,0,0,-1,5,91,5,2,1432535,102,0,5,5,28.0,43.2,43.2
s2b-r06,2,A,0,s2b-r06-414,0,0,0,0,0,0,1,0,1024,0,32,149,-1,0,0,-1,5,149,5,2,2336153,149,0,5,5,107.0,43.2,43.2
s2b-r06,2,A,0,s2b-r06-415,0,0,0,0,0,0,1,0,1024,0,32,91,-1,0,0,-1,5,91,5,2,1426240,50,0,5,5,83.0,43.2,43.2
s2b-r06,2,A,0,s2b-r06-416,0,0,0,0,0,0,1,0,1024,0,16,96,4,0,0,-1,5,96,4,0,1514991,96,0,4,4,81.0,43.2,43.2
s2b-r06,2,A,0,s2b-r06-417,0,0,0,0,0,0,1,0,1024,0,16,122,-1,0,0,-1,4,122,4,2,1913295,122,0,4,4,69.0,43.2,43.2
s2b-r06,2,A,0,s2b-r06-418,0,0,0,0,0,0,1,0,1024,0,32,147,5,0,0,-1,4,147,5,0,2303275,147,0,5,5,98.0,43.2,43.2
s2b-r06,2,A,0,s2b-r06-419,0,0,0,0,0,0,1,0,1024,0,32,85,-1,0,0,-1,5,85,5,2,1339229,10,0,5,5,84.0,43.2,43.2
s2b-r06,2,A,0,s2b-r06-420,0,0,0,0,0,0,1,0,1024,0,32,95,-1,0,0,-1,5,95,5,2,1485474,54,0,5,5,93.0,43.2,43.2
s2b-r06,2,A,0,s2b-r06-421,0,0,0,0,0,0,1,0,1024,0,16,97,1,0,0,-1,5,97,4,0,1531037,97,0,4,4,65.0,43.2,43.2
s2b-r06,2,A,0,s2b-r06-422,0,0,0,0,0,0,1,0,1024,0,32,154,-1,0,0,-1,5,154,5,2,2412799,154,0,5,5,18.0,43.2,43.2
s2b-r06,2,A,0,s2b-r06-423,0,0,0,0,0,0,1,0,1024,0,1,159,-1,0,0,-1,0,159,0,2,2491951,159,0,0,0,39.0,43.2,43.2
s2b-r06,2,A,0,s2b-r06-424,0,0,0,0,0,0,1,0,1024,0,32,113,-1,0,0,-1,5,113,5,2,1773331,83,0,5,5,53.0,43.2,43.2
s2b-r06,2,A,0,s2b-r06-425,0,0,0,0,0,0,1,0,1024,0,1,93,0,0,0,-1,5,93,5,0,1460359,72,0,5,0,594.0,43.2,43.2
s2b-r06,2,A,0,s2b-r06-426,0,0,0,0,0,0,1,0,1024,0,32,114,-1,0,0,-1,5,114,5,2,1783886,114,0,5,5,18.0,43.2,43.2
s2b-r06,2,A,0,s2b-r06-427,0,0,0,0,0,0,1,0,1024,0,2,120,-1,0,0,-1,1,120,1,2,1877470,120,0,1,1,75.0,43.2,43.2
s2b-r06,2,A,0,s2b-r06-428,0,0,0,0,0,0,1,0,1024,0,2,83,-1,0,0,-1,1,83,1,2,1309614,114,0,1,1,103.0,43.2,43.2
s2b-r06,2,A,0,s2b-r06-429,0,0,0,0,0,0,1,0,1024,0,16,62,-1,0,0,-1,4,62,4,2,982063,27,0,4,4,77.0,43.2,43.2
s2b-r06,2,A,0,s2b-r06-430,0,0,0,0,0,0,1,0,1024,0,16,62,-1,0,0,-1,4,62,4,2,984126,38,0,4,4,78.0,43.2,43.2
s2b-r06,2,A,0,s2b-r06-431,0,0,0,0,0,0,1,0,1024,0,16,63,-1,0,0,-1,4,63,4,2,993661,85,0,4,4,89.0,43.2,43.2
s2b-r06,2,A,0,s2b-r06-432,0,0,0,0,0,0,1,0,1024,0,1,112,0,0,0,-1,4,112,0,0,1755287,112,0,0,0,31.0,43.2,43.2
s2b-r06,2,A,0,s2b-r06-433,0,0,0,0,0,0,1,0,1024,0,32,159,5,0,0,-1,0,159,5,0,2485920,159,0,5,5,107.0,43.2,43.2
s2b-r06,2,A,0,s2b-r06-434,0,0,0,0,0,0,1,0,1024,0,32,151,-1,0,0,-1,5,151,5,2,2363723,151,0,5,5,30.0,43.2,43.2
s2b-r06,2,A,0,s2b-r06-435,0,0,0,0,0,0,1,0,1024,0,1,116,-1,0,0,-1,0,116,0,2,1815734,90,0,0,0,29.0,43.2,43.2
s2b-r06,2,A,0,s2b-r06-436,0,0,0,0,0,0,1,0,1024,0,1,153,-1,0,0,-1,0,153,0,2,2402876,153,0,0,0,41.0,43.2,43.2
s2b-r06,2,A,0,s2b-r06-437,0,0,0,0,0,0,1,0,1024,0,32,93,-1,0,0,-1,5,93,5,2,1454014,15,0,5,5,75.0,43.2,43.2
s2b-r06,2,A,0,s2b-r06-438,0,0,0,0,0,0,1,0,1024,0,2,92,1,0,0,-1,4,92,1,0,1442837,70,0,1,1,47.0,43.2,43.2
s2b-r06,2,A,0,s2b-r06-439,0,0,0,0,0,0,1,0,1024,0,32,65,1,0,0,-1,0,65,5,0,1027625,59,0,5,5,64.0,43.2,43.2
s2b-r06,2,A,0,s2b-r06-440,0,0,0,0,0,0,1,0,1024,0,32,75,-1,0,0,-1,5,75,5,2,1185876,86,0,5,5,103.0,43.2,43.2
s2b-r06,2,A,0,s2b-r06-441,0,0,0,0,0,0,1,0,1024,0,32,124,-1,0,0,-1,5,124,5,2,1943966,124,0,5,5,45.0,43.2,43.2
s2b-r06,2,A,0,s2b-r06-442,0,0,0,0,0,0,1,0,1024,0,32,150,-1,0,0,-1,5,150,5,2,2345005,150,0,5,5,139.0,43.2,43.2
s2b-r06,2,A,0,s2b-r06-443,0,0,0,0,0,0,1,0,1024,0,32,149,-1,0,0,-1,5,149,5,2,2342668,149,0,5,5,42.0,43.2,43.2
s2b-r06,2,A,0,s2b-r06-444,0,0,0,0,0,0,1,0,1024,0,32,149,-1,0,0,-1,5,149,5,2,2328572,149,0,5,5,27.0,43.2,43.2
s2b-r06,2,A,0,s2b-r06-445,0,0,0,0,0,0,1,0,1024,0,32,141,-1,0,0,-1,5,141,5,2,2206671,149,0,5,5,51.0,43.2,43.2
s2b-r06,2,A,0,s2b-r06-446,0,0,0,0,0,0,1,0,1024,0,32,89,-1,0,0,-1,5,89,5,2,1399214,58,0,5,5,103.0,43.2,43.2
s2b-r06,2,A,0,s2b-r06-447,0,0,0,0,0,0,1,0,1024,0,32,100,-1,0,0,-1,5,100,5,2,1569503,100,0,5,5,101.0,43.2,43.2
s2b-r06,2,A,0,s2b-r06-448,0,0,0,0,0,0,1,0,1024,0,32,72,-1,0,0,-1,5,72,5,2,1128880,58,0,5,5,78.0,43.2,43.2
s2b-r06,2,A,0,s2b-r06-449,0,0,0,0,0,0,1,0,1024,0,2,82,-1,0,0,-1,1,82,1,2,1283110,89,0,1,1,34.0,43.2,43.2
s2b-r06,2,A,0,s2b-r06-450,0,0,0,0,0,0,1,0,1024,0,32,68,5,0,0,-1,1,68,5,0,1076550,89,0,5,5,227.0,43.2,43.2
s2b-r06,2,A,0,s2b-r06-451,0,0,0,0,0,0,1,0,1024,0,2,87,1,0,0,-1,5,87,5,0,1363470,87,0,5,5,105.0,43.2,43.2
s2b-r06,2,A,0,s2b-r06-452,0,0,0,0,0,0,1,0,1024,0,32,148,-1,0,0,-1,5,148,5,2,2326369,148,0,5,5,18.0,43.2,43.2
s2b-r06,2,A,0,s2b-r06-453,0,0,0,0,0,0,1,0,1024,0,2,150,1,0,0,-1,5,150,1,0,2357467,150,0,1,1,30.0,43.2,43.2
s2b-r06,2,A,0,s2b-r06-454,0,0,0,0,0,0,1,0,1024,0,2,154,-1,0,0,-1,1,154,1,2,2406774,154,0,1,1,19.0,43.2,43.2
s2b-r06,2,A,0,s2b-r06-455,0,0,0,0,0,0,1,0,1024,0,1,152,0,0,0,-1,1,152,1,0,2377170,152,0,1,0,735.0,43.2,43.2
s2b-r06,2,A,0,s2b-r06-456,0,0,0,0,0,0,1,0,1024,0,8,136,-1,0,0,-1,3,136,3,2,2126208,118,0,3,3,30.0,43.2,43.2
s2b-r06,2,A,0,s2b-r06-457,0,0,0,0,0,0,1,0,1024,0,8,105,-1,0,0,-1,3,105,3,2,1652433,118,0,3,3,76.0,43.2,43.2
s2b-r06,2,A,0,s2b-r06-458,0,0,0,0,0,0,1,0,1024,0,8,81,-1,0,0,-1,3,81,3,2,1271739,78,0,3,3,109.0,43.2,43.2
s2b-r06,2,A,0,s2b-r06-459,0,0,0,0,0,0,1,0,1024,0,1,60,0,0,0,-1,3,60,3,0,938385,78,0,0,0,287.0,43.2,43.2
s2b-r06,2,A,0,s2b-r06-460,0,0,0,0,0,0,1,0,1024,0,2,62,1,0,0,-1,0,62,1,0,972185,119,0,1,1,26.0,43.2,43.2
s2b-r06,2,A,0,s2b-r06-461,0,0,0,0,0,0,1,0,1024,0,32,151,-1,0,0,-1,5,151,5,2,2369237,151,0,5,5,15.0,43.2,43.2
s2b-r06,2,A,0,s2b-r06-462,0,0,0,0,0,0,1,0,1024,0,32,108,-1,0,0,-1,5,108,5,2,1694350,119,0,5,5,26.0,43.2,43.2
s2b-r06,2,A,0,s2b-r06-463,0,0,0,0,0,0,1,0,1024,0,16,149,1,0,0,-1,5,149,4,0,2333973,149,0,4,4,242.0,43.2,43.2
s2b-r06,2,A,0,s2b-r06-464,0,0,0,0,0,0,1,0,1024,0,32,91,-1,0,0,-1,5,91,5,2,1425468,109,0,5,5,90.0,43.2,43.2
s2b-r06,2,A,0,s2b-r06-465,0,0,0,0,0,0,1,0,1024,0,32,91,-1,0,0,-1,5,91,5,2,1430121,109,0,5,5,107.0,43.2,43.2
s2b-r06,2,A,0,s2b-r06-466,0,0,0,0,0,0,1,0,1024,0,32,60,-1,0,0,-1,5,60,5,2,945985,16,0,5,5,82.0,43.2,43.2
s2b-r06,2,A,0,s2b-r06-467,0,0,0,0,0,0,1,0,1024,0,8,75,0,0,0,-1,5,75,3,0,1186440,75,0,3,3,65.0,43.2,43.2
s2b-r06,2,A,0,s2b-r06-468,0,0,0,0,0,0,1,0,1024,0,8,103,-1,0,0,-1,3,103,3,2,1611674,103,0,3,3,28.0,43.2,43.2
s2b-r06,2,A,0,s2b-r06-469,0,0,0,0,0,0,1,0,1024,0,1,79,0,0,0,-1,3,79,0,0,1244107,48,0,0,0,27.0,43.2,43.2
s2b-r07,2,A,0,s2b-r07-0,0,0,0,0,0,0,1,0,1024,0,16,90,1,0,0,-1,2,90,4,0,1420617,6,0,4,4,30.0,42.8,48.2
s2b-r07,2,A,0,s2b-r07-1,0,0,0,0,0,0,1,0,1024,0,32,151,-1,0,0,-1,5,151,5,2,2371399,151,0,5,5,40.0,42.8,48.2
s2b-r07,2,A,0,s2b-r07-2,0,0,0,0,0,0,1,0,1024,0,2,91,-1,0,0,-1,1,91,1,2,1436519,89,0,1,1,105.0,42.8,48.2
s2b-r07,2,A,0,s2b-r07-3,0,0,0,0,0,0,1,0,1024,0,2,61,-1,0,0,-1,1,61,1,2,960137,125,0,1,1,65.0,42.8,48.2
s2b-r07,2,A,0,s2b-r07-4,0,0,0,0,0,0,1,0,1024,0,16,86,-1,0,0,-1,4,86,4,2,1350151,125,0,4,4,79.0,42.8,48.2
s2b-r07,2,A,0,s2b-r07-5,0,0,0,0,0,0,1,0,1024,0,16,116,-1,0,0,-1,4,116,4,2,1823376,116,0,4,4,69.0,42.8,48.2
s2b-r07,2,A,0,s2b-r07-6,0,0,0,0,0,0,1,0,1024,0,16,78,-1,0,0,-1,4,78,4,2,1221988,116,0,4,4,47.0,42.8,48.2
s2b-r07,2,A,0,s2b-r07-7,0,0,0,0,0,0,1,0,1024,0,16,152,-1,0,0,-1,4,152,4,2,2381097,152,0,4,4,21.0,42.8,48.2
s2b-r07,2,A,0,s2b-r07-8,0,0,0,0,0,0,1,0,1024,0,16,150,-1,0,0,-1,4,150,4,2,2345062,152,0,4,4,37.0,42.8,48.2
s2b-r07,2,A,0,s2b-r07-9,0,0,0,0,0,0,1,0,1024,0,16,108,-1,0,0,-1,4,108,4,2,1687751,108,0,4,4,82.0,42.8,48.2
s2b-r07,2,A,0,s2b-r07-10,0,0,0,0,0,0,1,0,1024,0,1,60,0,0,0,-1,4,60,0,0,943600,40,0,0,0,92.0,42.8,48.2
s2b-r07,2,A,0,s2b-r07-11,0,0,0,0,0,0,1,0,1024,0,32,77,-1,0,0,-1,5,77,5,2,1212409,85,0,5,5,66.0,42.8,48.2
s2b-r07,2,A,0,s2b-r07-12,0,0,0,0,0,0,1,0,1024,0,2,68,-1,0,0,-1,1,68,1,2,1074215,85,0,1,1,59.0,42.8,48.2
s2b-r07,2,A,0,s2b-r07-13,0,0,0,0,0,0,1,0,1024,0,32,87,-1,0,0,-1,5,87,5,2,1364011,87,0,5,5,30.0,42.8,48.2
s2b-r07,2,A,0,s2b-r07-14,0,0,0,0,0,0,1,0,1024,0,16,69,-1,0,0,-1,4,69,4,2,1079580,62,0,4,4,53.0,42.8,48.2
s2b-r07,2,A,0,s2b-r07-15,0,0,0,0,0,0,1,0,1024,0,16,151,1,0,0,-1,0,151,4,0,2370772,151,0,4,4,125.0,42.8,48.2
s2b-r07,2,A,0,s2b-r07-16,0,0,0,0,0,0,1,0,1024,0,16,91,-1,0,0,-1,4,91,4,2,1429627,102,0,4,4,71.0,42.8,48.2
s2b-r07,2,A,0,s2b-r07-17,0,0,0,0,0,0,1,0,1024,0,1,96,0,0,0,-1,5,96,0,0,1505838,102,0,0,0,43.0,42.8,48.2
s2b-r07,2,A,0,s2b-r07-18,0,0,0,0,0,0,1,0,1024,0,32,105,1,0,0,-1,0,105,5,0,1642189,105,0,5,5,32.0,42.8,48.2
s2b-r07,2,A,0,s2b-r07-19,0,0,0,0,0,0,1,0,1024,0,32,151,-1,0,0,-1,5,151,5,2,2365925,151,0,5,5,24.0,42.8,48.2
s2b-r07,2,A,0,s2b-r07-20,0,0,0,0,0,0,1,0,1024,0,32,154,-1,0,0,-1,5,154,5,2,2406843,154,0,5,5,23.0,42.8,48.2
s2b-r07,2,A,0,s2b-r07-21,0,0,0,0,0,0,1,0,1024,0,1,152,0,0,0,-1,5,152,0,0,2388257,152,0,0,0,42.0,42.8,48.2
s2b-r07,2,A,0,s2b-r07-22,0,0,0,0,0,0,1,0,1024,0,32,158,0,0,0,-1,1,158,5,0,2480661,158,0,5,5,24.0,42.8,48.2
s2b-r07,2,A,0,s2b-r07-23,0,0,0,0,0,0,1,0,1024,0,32,153,-1,0,0,-1,5,153,5,2,2403757,152,0,5,5,32.0,42.8,48.2
s2b-r07,2,A,0,s2b-r07-24,0,0,0,0,0,0,1,0,1024,0,2,153,0,0,0,-1,5,153,1,0,2392649,152,0,1,1,57.0,42.8,48.2
s2b-r07,2,A,0,s2b-r07-25,0,0,0,0,0,0,1,0,1024,0,32,122,-1,0,0,-1,5,122,5,2,1910772,17,0,5,5,27.0,42.8,48.2
s2b-r07,2,A,0,s2b-r07-26,0,0,0,0,0,0,1,0,1024,0,2,149,0,0,0,-1,5,149,1,0,2337303,152,0,1,1,40.0,42.8,48.2
s2b-r07,2,A,0,s2b-r07-27,0,0,0,0,0,0,1,0,1024,0,1,155,0,0,0,-1,1,155,0,0,2430994,155,0,0,0,32.0,42.8,48.2
s2b-r07,2,A,0,s2b-r07-28,0,0,0,0,0,0,1,0,1024,0,16,128,-1,0,0,-1,4,128,4,2,2014506,155,0,4,4,17.0,42.8,48.2
s2b-r07,2,A,0,s2b-r07-29,0,0,0,0,0,0,1,0,1024,0,16,146,-1,0,0,-1,4,146,4,2,2293837,155,0,4,4,61.0,42.8,48.2
s2b-r07,2,A,0,s2b-r07-30,0,0,0,0,0,0,1,0,1024,0,16,89,-1,0,0,-1,4,89,4,2,1405178,29,0,4,4,73.0,42.8,48.2
s2b-r07,2,A,0,s2b-r07-31,0,0,0,0,0,0,1,0,1024,0,2,89,1,0,0,-1,4,89,4,0,1402563,56,0,4,5,143.0,42.8,48.2
s2b-r07,2,A,0,s2b-r07-32,0,0,0,0,0,0,1,0,1024,0,32,66,-1,0,0,-1,5,66,5,2,1042219,29,0,5,5,56.0,42.8,48.2
s2b-r07,2,A,0,s2b-r07-33,0,0,0,0,0,0,1,0,1024,0,32,151,-1,0,0,-1,5,151,5,2,2363735,151,0,5,5,110.0,42.8,48.2
s2b-r07,2,A,0,s2b-r07-34,0,0,0,0,0,0,1,0,1024,0,16,92,-1,0,0,-1,4,92,4,2,1444685,100,0,4,4,61.0,42.8,48.2
s2b-r07,2,A,0,s2b-r07-35,0,0,0,0,0,0,1,0,1024,0,32,108,4,0,0,-1,0,108,5,0,1698004,108,0,5,5,61.0,42.8,48.2
s2b-r07,2,A,0,s2b-r07-36,0,0,0,0,0,0,1,0,1024,0,32,133,-1,0,0,-1,5,133,5,2,2087909,133,0,5,0,31.0,42.8,48.2
s2b-r07,2,A,0,s2b-r07-37,0,0,0,0,0,0,1,0,1024,0,1,155,-1,0,0,-1,0,155,0,2,2434357,155,0,0,0,27.0,42.8,48.2
s2b-r07,2,A,0,s2b-r07-38,0,0,0,0,0,0,1,0,1024,0,16,162,4,0,0,-1,1,162,4,0,2543763,162,0,4,4,28.0,42.8,48.2
s2b-r07,2,A,0,s2b-r07-39,0,0,0,0,0,0,1,0,1024,0,32,155,5,0,0,-1,0,155,5,0,2424604,155,0,5,5,43.0,42.8,48.2
s2b-r07,2,A,0,s2b-r07-40,0,0,0,0,0,0,1,0,1024,0,2,125,-1,0,0,-1,1,125,1,2,1957517,111,0,1,1,76.0,42.8,48.2
s2b-r07,2,A,0,s2b-r07-41,0,0,0,0,0,0,1,0,1024,0,2,117,-1,0,0,-1,1,117,1,2,1828496,117,0,1,1,29.0,42.8,48.2
s2b-r07,2,A,0,s2b-r07-42,0,0,0,0,0,0,1,0,1024,0,32,169,5,0,0,-1,0,169,0,0,2652407,169,0,0,4,2148.0,42.8,48.2
s2b-r07,2,A,0,s2b-r07-43,0,0,0,0,0,0,1,0,1024,0,1,107,0,0,0,-1,4,107,0,0,1673774,107,0,0,0,63.0,42.8,48.2
s2b-r07,2,A,0,s2b-r07-44,0,0,0,0,0,0,1,0,1024,0,2,107,1,0,0,-1,0,107,1,0,1681772,86,0,1,1,65.0,42.8,48.2
s2b-r07,2,A,0,s2b-r07-45,0,0,0,0,0,0,1,0,1024,0,32,87,2,0,0,-1,1,87,5,0,1365121,54,0,5,5,196.0,42.8,48.2
s2b-r07,2,A,0,s2b-r07-46,0,0,0,0,0,0,1,0,1024,0,16,77,4,0,0,-1,5,77,5,0,1211934,72,0,5,0,364.0,42.8,48.2
s2b-r07,2,A,0,s2b-r07-47,0,0,0,0,0,0,1,0,1024,0,1,112,-1,0,0,-1,0,112,0,2,1760250,112,0,0,0,18.0,42.8,48.2
s2b-r07,2,A,0,s2b-r07-48,0,0,0,0,0,0,1,0,1024,0,32,79,5,0,0,-1,0,79,5,0,1237100,119,0,5,5,33.0,42.8,48.2
s2b-r07,2,A,0,s2b-r07-49,0,0,0,0,0,0,1,0,1024,0,32,152,-1,0,0,-1,5,152,5,2,2388771,152,0,5,5,37.0,42.8,48.2
s2b-r07,2,A,0,s2b-r07-50,0,0,0,0,0,0,1,0,1024,0,32,148,-1,0,0,-1,5,148,5,2,2327693,152,0,5,1,39.0,42.8,48.2
s2b-r07,2,A,0,s2b-r07-51,0,0,0,0,0,0,1,0,1024,0,2,152,-1,0,0,-1,1,152,1,2,2387011,152,0,1,1,23.0,42.8,48.2
s2b-r07,2,A,0,s2b-r07-52,0,0,0,0,0,0,1,0,1024,0,2,93,-1,0,0,-1,1,93,1,2,1467092,115,0,1,1,58.0,42.8,48.2
s2b-r07,2,A,0,s2b-r07-53,0,0,0,0,0,0,1,0,1024,0,32,90,5,0,0,-1,1,90,5,0,1419180,115,0,5,5,70.0,42.8,48.2
s2b-r07,2,A,0,s2b-r07-54,0,0,0,0,0,0,1,0,1024,0,2,125,1,0,0,-1,4,125,1,0,1968066,125,0,1,1,111.0,42.8,48.2
s2b-r07,2,A,0,s2b-r07-55,0,0,0,0,0,0,1,0,1024,0,2,77,-1,0,0,-1,1,77,1,2,1218614,47,0,1,1,47.0,42.8,48.2
s2b-r07,2,A,0,s2b-r07-56,0,0,0,0,0,0,1,0,1024,0,2,88,-1,0,0,-1,1,88,1,2,1386766,7,0,1,1,220.0,42.8,48.2
s2b-r07,2,A,0,s2b-r07-57,0,0,0,0,0,0,1,0,1024,0,8,74,-1,0,0,-1,3,74,3,2,1159645,58,0,3,3,31.0,42.8,48.2
s2b-r07,2,A,0,s2b-r07-58,0,0,0,0,0,0,1,0,1024,0,32,66,1,0,0,-1,3,66,5,0,1035183,25,0,5,5,40.0,42.8,48.2
s2b-r07,2,A,0,s2b-r07-59,0,0,0,0,0,0,1,0,1024,0,1,150,0,0,0,-1,1,150,0,0,2354542,150,0,0,0,41.0,42.8,48.2
s2b-r07,2,A,0,s2b-r07-60,0,0,0,0,0,0,1,0,1024,0,16,152,4,0,0,-1,0,152,4,0,2385312,152,0,4,4,95.0,42.8,48.2
s2b-r07,2,A,0,s2b-r07-61,0,0,0,0,0,0,1,0,1024,0,16,95,-1,0,0,-1,4,95,4,2,1489165,14,0,4,4,101.0,42.8,48.2
s2b-r07,2,A,0,s2b-r07-62,0,0,0,0,0,0,1,0,1024,0,1,92,0,0,0,-1,0,92,0,0,1440892,74,0,0,5,81.0,42.8,48.2
s2b-r07,2,A,0,s2b-r07-63,0,0,0,0,0,0,1,0,1024,0,32,129,-1,0,0,-1,5,129,5,2,2027376,129,0,5,5,60.0,42.8,48.2
s2b-r07,2,A,0,s2b-r07-64,0,0,0,0,0,0,1,0,1024,0,32,81,-1,0,0,-1,5,81,5,2,1278224,81,0,5,5,81.0,42.8,48.2
s2b-r07,2,A,0,s2b-r07-65,0,0,0,0,0,0,1,0,1024,0,16,111,-1,0,0,-1,4,111,4,2,1747742,111,0,4,4,81.0,42.8,48.2
s2b-r07,2,A,0,s2b-r07-66,0,0,0,0,0,0,1,0,1024,0,16,119,4,0,0,-1,1,119,4,0,1868621,119,0,4,4,81.0,42.8,48.2
s2b-r07,2,A,0,s2b-r07-67,0,0,0,0,0,0,1,0,1024,0,32,84,-1,0,0,-1,5,84,5,2,1322752,54,0,5,5,119.0,42.8,48.2
s2b-r07,2,A,0,s2b-r07-68,0,0,0,0,0,0,1,0,1024,0,2,111,-1,0,0,-1,1,111,1,2,1738500,111,0,1,1,17.0,42.8,48.2
s2b-r07,2,A,0,s2b-r07-69,0,0,0,0,0,0,1,0,1024,0,16,101,0,0,0,-1,1,101,4,0,1593592,101,0,4,4,35.0,42.8,48.2
s2b-r07,2,A,0,s2b-r07-70,0,0,0,0,0,0,1,0,1024,0,1,150,0,0,0,-1,4,150,0,0,2349121,150,0,0,0,32.0,42.8,48.2
s2b-r07,2,A,0,s2b-r07-71,0,0,0,0,0,0,1,0,1024,0,32,150,1,0,0,-1,0,150,5,0,2349459,150,0,5,5,42.0,42.8,48.2
s2b-r07,2,A,0,s2b-r07-72,0,0,0,0,0,0,1,0,1024,0,32,90,-1,0,0,-1,5,90,5,2,1408216,84,0,5,5,37.0,42.8,48.2
s2b-r07,2,A,0,s2b-r07-73,0,0,0,0,0,0,1,0,1024,0,32,148,-1,0,0,-1,5,148,5,2,2318032,148,0,5,5,52.0,42.8,48.2
s2b-r07,2,A,0,s2b-r07-74,0,0,0,0,0,0,1,0,1024,0,32,147,-1,0,0,-1,5,147,5,2,2309576,148,0,5,5,63.0,42.8,48.2
s2b-r07,2,A,0,s2b-r07-75,0,0,0,0,0,0,1,0,1024,0,32,89,-1,0,0,-1,5,89,5,2,1398548,20,0,5,5,81.0,42.8,48.2
s2b-r07,2,A,0,s2b-r07-76,0,0,0,0,0,0,1,0,1024,0,16,81,-1,0,0,-1,4,81,4,2,1276055,81,0,4,4,104.0,42.8,48.2
s2b-r07,2,A,0,s2b-r07-77,0,0,0,0,0,0,1,0,1024,0,16,63,-1,0,0,-1,4,63,4,2,996828,77,0,4,4,70.0,42.8,48.2
s2b-r07,2,A,0,s2b-r07-78,0,0,0,0,0,0,1,0,1024,0,32,65,-1,0,0,-1,5,65,5,2,1016444,126,0,5,5,36.0,42.8,48.2
s2b-r07,2,A,0,s2b-r07-79,0,0,0,0,0,0,1,0,1024,0,32,67,-1,0,0,-1,5,67,5,2,1059219,126,0,5,5,52.0,42.8,48.2
s2b-r07,2,A,0,s2b-r07-80,0,0,0,0,0,0,1,0,1024,0,2,153,-1,0,0,-1,1,153,1,2,2403714,153,0,1,1,24.0,42.8,48.2
s2b-r07,2,A,0,s2b-r07-81,0,0,0,0,0,0,1,0,1024,0,2,150,-1,0,0,-1,1,150,1,2,2351075,150,0,1,1,51.0,42.8,48.2
s2b-r07,2,A,0,s2b-r07-82,0,0,0,0,0,0,1,0,1024,0,2,91,-1,0,0,-1,1,91,1,2,1430599,87,0,1,1,77.0,42.8,48.2
s2b-r07,2,A,0,s2b-r07-83,0,0,0,0,0,0,1,0,1024,0,1,106,0,0,0,-1,1,106,1,0,1667832,106,0,1,1,119.0,42.8,48.2
s2b-r07,2,A,0,s2b-r07-84,0,0,0,0,0,0,1,0,1024,0,16,74,-1,0,0,-1,4,74,4,2,1170221,111,0,4,4,45.0,42.8,48.2
s2b-r07,2,A,0,s2b-r07-85,0,0,0,0,0,0,1,0,1024,0,16,82,-1,0,0,-1,4,82,4,2,1295550,111,0,4,4,103.0,42.8,48.2
s2b-r07,2,A,0,s2b-r07-86,0,0,0,0,0,0,1,0,1024,0,16,69,1,0,0,-1,5,69,4,0,1088066,63,0,4,4,110.0,42.8,48.2
s2b-r07,2,A,0,s2b-r07-87,0,0,0,0,0,0,1,0,1024,0,16,127,-1,0,0,-1,4,127,4,2,1989340,127,0,4,4,97.0,42.8,48.2
s2b-r07,2,A,0,s2b-r07-88,0,0,0,0,0,0,1,0,1024,0,2,148,1,0,0,-1,4,148,4,0,2326270,148,0,4,4,133.0,42.8,48.2
s2b-r07,2,A,0,s2b-r07-89,0,0,0,0,0,0,1,0,1024,0,32,94,-1,0,0,-1,5,94,5,2,1471368,94,0,5,5,35.0,42.8,48.2
s2b-r07,2,A,0,s2b-r07-90,0,0,0,0,0,0,1,0,1024,0,16,148,0,0,0,-1,5,148,4,0,2317279,148,0,4,4,37.0,42.8,48.2
s2b-r07,2,A,0,s2b-r07-91,0,0,0,0,0,0,1,0,1024,0,32,150,5,0,0,-1,4,150,5,0,2353537,150,0,5,5,205.0,42.8,48.2
s2b-r07,2,A,0,s2b-r07-92,0,0,0,0,0,0,1,0,1024,0,32,109,-1,0,0,-1,5,109,5,2,1713948,94,0,5,5,52.0,42.8,48.2
s2b-r07,2,A,0,s2b-r07-93,0,0,0,0,0,0,1,0,1024,0,16,138,-1,0,0,-1,4,138,4,2,2161277,138,0,4,4,108.0,42.8,48.2
s2b-r07,2,A,0,s2b-r07-94,0,0,0,0,0,0,1,0,1024,0,16,78,-1,0,0,-1,4,78,4,2,1220019,37,0,4,4,99.0,42.8,48.2
s2b-r07,2,A,0,s2b-r07-95,0,0,0,0,0,0,1,0,1024,0,16,88,-1,0,0,-1,4,88,4,2,1375790,86,0,4,4,107.0,42.8,48.2
s2b-r07,2,A,0,s2b-r07-96,0,0,0,0,0,0,1,0,1024,0,16,126,-1,0,0,-1,4,126,4,2,1980144,126,0,4,4,82.0,42.8,48.2
s2b-r07,2,A,0,s2b-r07-97,0,0,0,0,0,0,1,0,1024,0,16,150,-1,0,0,-1,4,150,4,2,2355340,150,0,4,4,70.0,42.8,48.2
s2b-r07,2,A,0,s2b-r07-98,0,0,0,0,0,0,1,0,1024,0,16,154,-1,0,0,-1,4,154,4,2,2408641,154,0,4,4,53.0,42.8,48.2
s2b-r07,2,A,0,s2b-r07-99,0,0,0,0,0,0,1,0,1024,0,16,151,-1,0,0,-1,4,151,4,2,2363255,151,0,4,4,17.0,42.8,48.2
s2b-r07,2,A,0,s2b-r07-100,0,0,0,0,0,0,1,0,1024,0,2,142,-1,0,0,-1,1,142,1,2,2230664,151,0,1,1,25.0,42.8,48.2
s2b-r07,2,A,0,s2b-r07-101,0,0,0,0,0,0,1,0,1024,0,1,151,0,0,0,-1,1,151,1,0,2366302,151,0,1,0,127.0,42.8,48.2
s2b-r07,2,A,0,s2b-r07-102,0,0,0,0,0,0,1,0,1024,0,1,169,0,0,0,-1,1,169,0,0,2641503,169,0,0,0,45.0,42.8,48.2
s2b-r07,2,A,0,s2b-r07-103,0,0,0,0,0,0,1,0,1024,0,32,156,1,0,0,-1,0,156,5,0,2447685,156,0,5,5,47.0,42.8,48.2
s2b-r07,2,A,0,s2b-r07-104,0,0,0,0,0,0,1,0,1024,0,32,154,-1,0,0,-1,5,154,5,2,2410501,156,0,5,5,18.0,42.8,48.2
s2b-r07,2,A,0,s2b-r07-105,0,0,0,0,0,0,1,0,1024,0,8,157,-1,0,0,-1,3,157,3,2,2467366,157,0,3,3,62.0,42.8,48.2
s2b-r07,2,A,0,s2b-r07-106,0,0,0,0,0,0,1,0,1024,0,4,123,-1,0,0,-1,2,123,2,2,1930487,76,0,2,2,49.0,42.8,48.2
s2b-r07,2,A,0,s2b-r07-107,0,0,0,0,0,0,1,0,1024,0,1,129,0,0,0,-1,1,129,0,0,2030492,129,0,0,0,38.0,42.8,48.2
s2b-r07,2,A,0,s2b-r07-108,0,0,0,0,0,0,1,0,1024,0,8,93,-1,0,0,-1,3,93,3,2,1467873,62,0,3,3,44.0,42.8,48.2
s2b-r07,2,A,0,s2b-r07-109,0,0,0,0,0,0,1,0,1024,0,8,149,-1,0,0,-1,3,149,3,2,2339386,149,0,3,3,104.0,42.8,48.2
s2b-r07,2,A,0,s2b-r07-110,0,0,0,0,0,0,1,0,1024,0,8,106,-1,0,0,-1,3,106,3,2,1661737,104,0,3,3,80.0,42.8,48.2
s2b-r07,2,A,0,s2b-r07-111,0,0,0,0,0,0,1,0,1024,0,1,145,-1,0,0,-1,0,145,0,2,2269549,145,0,0,0,35.0,42.8,48.2
s2b-r07,2,A,0,s2b-r07-112,0,0,0,0,0,0,1,0,1024,0,1,150,-1,0,0,-1,0,150,0,2,2356638,150,0,0,0,41.0,42.8,48.2
s2b-r07,2,A,0,s2b-r07-113,0,0,0,0,0,0,1,0,1024,0,2,165,1,0,0,-1,0,165,1,0,2582966,165,0,1,1,116.0,42.8,48.2
s2b-r07,2,A,0,s2b-r07-114,0,0,0,0,0,0,1,0,1024,0,2,122,-1,0,0,-1,1,122,1,2,1909250,81,0,1,1,36.0,42.8,48.2
s2b-r07,2,A,0,s2b-r07-115,0,0,0,0,0,0,1,0,1024,0,32,93,5,0,0,-1,1,93,1,0,1456334,81,0,1,3,93.0,42.8,48.2
s2b-r07,2,A,0,s2b-r07-116,0,0,0,0,0,0,1,0,1024,0,8,74,-1,0,0,-1,3,74,3,2,1169334,115,0,3,3,89.0,42.8,48.2
s2b-r07,2,A,0,s2b-r07-117,0,0,0,0,0,0,1,0,1024,0,8,66,-1,0,0,-1,3,66,3,2,1045671,115,0,3,3,30.0,42.8,48.2
s2b-r07,2,A,0,s2b-r07-118,0,0,0,0,0,0,1,0,1024,0,8,152,-1,0,0,-1,3,152,3,2,2387337,152,0,3,3,21.0,42.8,48.2
s2b-r07,2,A,0,s2b-r07-119,0,0,0,0,0,0,1,0,1024,0,1,133,0,0,0,-1,5,133,0,0,2087301,133,0,0,0,43.0,42.8,48.2
s2b-r07,2,A,0,s2b-r07-120,0,0,0,0,0,0,1,0,1024,0,2,94,-1,0,0,-1,1,94,1,2,1475462,50,0,1,1,30.0,42.8,48.2
s2b-r07,2,A,0,s2b-r07-121,0,0,0,0,0,0,1,0,1024,0,32,150,-1,0,0,-1,5,150,5,2,2355333,150,0,5,5,64.0,42.8,48.2
s2b-r07,2,A,0,s2b-r07-122,0,0,0,0,0,0,1,0,1024,0,32,148,-1,0,0,-1,5,148,5,2,2325255,148,0,5,5,153.0,42.8,48.2
s2b-r07,2,A,0,s2b-r07-123,0,0,0,0,0,0,1,0,1024,0,32,149,-1,0,0,-1,5,149,5,2,2334638,149,0,5,5,37.0,42.8,48.2
s2b-r07,2,A,0,s2b-r07-124,0,0,0,0,0,0,1,0,1024,0,32,90,-1,0,0,-1,5,90,5,2,1408701,25,0,5,5,65.0,42.8,48.2
s2b-r07,2,A,0,s2b-r07-125,0,0,0,0,0,0,1,0,1024,0,2,106,1,0,0,-1,0,106,1,0,1664381,106,0,1,1,31.0,42.8,48.2
s2b-r07,2,A,0,s2b-r07-126,0,0,0,0,0,0,1,0,1024,0,2,71,-1,0,0,-1,1,71,1,2,1113309,73,0,1,1,58.0,42.8,48.2
s2b-r07,2,A,0,s2b-r07-127,0,0,0,0,0,0,1,0,1024,0,2,81,-1,0,0,-1,1,81,1,2,1273542,26,0,1,1,74.0,42.8,48.2
s2b-r07,2,A,0,s2b-r07-128,0,0,0,0,0,0,1,0,1024,0,2,99,-1,0,0,-1,1,99,1,2,1561700,99,0,1,1,48.0,42.8,48.2
s2b-r07,2,A,0,s2b-r07-129,0,0,0,0,0,0,1,0,1024,0,2,121,-1,0,0,-1,1,121,1,2,1893715,121,0,1,1,44.0,42.8,48.2
s2b-r07,2,A,0,s2b-r07-130,0,0,0,0,0,0,1,0,1024,0,1,81,0,0,0,-1,1,81,0,0,1269375,81,0,0,0,68.0,42.8,48.2
s2b-r07,2,A,0,s2b-r07-131,0,0,0,0,0,0,1,0,1024,0,1,86,-1,0,0,-1,0,86,0,2,1345706,84,0,0,0,25.0,42.8,48.2
s2b-r07,2,A,0,s2b-r07-132,0,0,0,0,0,0,1,0,1024,0,16,158,0,0,0,-1,2,158,4,0,2471324,158,0,4,4,59.0,42.8,48.2
s2b-r07,2,A,0,s2b-r07-133,0,0,0,0,0,0,1,0,1024,0,16,150,-1,0,0,-1,4,150,4,2,2345852,150,0,4,4,64.0,42.8,48.2
s2b-r07,2,A,0,s2b-r07-134,0,0,0,0,0,0,1,0,1024,0,16,148,-1,0,0,-1,4,148,4,2,2317139,150,0,4,4,40.0,42.8,48.2
s2b-r07,2,A,0,s2b-r07-135,0,0,0,0,0,0,1,0,1024,0,32,127,-1,0,0,-1,5,127,5,2,1999682,7,0,5,5,35.0,42.8,48.2
s2b-r07,2,A,0,s2b-r07-136,0,0,0,0,0,0,1,0,1024,0,32,151,-1,0,0,-1,5,151,5,2,2362782,151,0,5,5,61.0,42.8,48.2
s2b-r07,2,A,0,s2b-r07-137,0,0,0,0,0,0,1,0,1024,0,32,150,-1,0,0,-1,5,150,5,2,2352633,150,0,5,5,60.0,42.8,48.2
s2b-r07,2,A,0,s2b-r07-138,0,0,0,0,0,0,1,0,1024,0,32,90,-1,0,0,-1,5,90,5,2,1415742,19,0,5,5,94.0,42.8,48.2
s2b-r07,2,A,0,s2b-r07-139,0,0,0,0,0,0,1,0,1024,0,2,77,1,0,0,-1,5,77,5,0,1207669,77,0,5,5,263.0,42.8,48.2
s2b-r07,2,A,0,s2b-r07-140,0,0,0,0,0,0,1,0,1024,0,2,146,-1,0,0,-1,1,146,1,2,2289012,146,0,1,1,33.0,42.8,48.2
s2b-r07,2,A,0,s2b-r07-141,0,0,0,0,0,0,1,0,1024,0,2,149,-1,0,0,-1,1,149,1,2,2329612,149,0,1,1,26.0,42.8,48.2
s2b-r07,2,A,0,s2b-r07-142,0,0,0,0,0,0,1,0,1024,0,32,127,-1,0,0,-1,5,127,5,2,1985083,127,0,5,5,45.0,42.8,48.2
s2b-r07,2,A,0,s2b-r07-143,0,0,0,0,0,0,1,0,1024,0,32,91,-1,0,0,-1,5,91,5,2,1428780,127,0,5,5,73.0,42.8,48.2
s2b-r07,2,A,0,s2b-r07-144,0,0,0,0,0,0,1,0,1024,0,2,92,-1,0,0,-1,1,92,1,2,1443360,127,0,1,1,25.0,42.8,48.2
s2b-r07,2,A,0,s2b-r07-145,0,0,0,0,0,0,1,0,1024,0,2,149,-1,0,0,-1,1,149,1,2,2339873,149,0,1,1,127.0,42.8,48.2
s2b-r07,2,A,0,s2b-r07-146,0,0,0,0,0,0,1,0,1024,0,32,95,4,0,0,-1,1,95,5,0,1498083,121,0,5,5,63.0,42.8,48.2
s2b-r07,2,A,0,s2b-r07-147,0,0,0,0,0,0,1,0,1024,0,1,90,0,0,0,-1,5,90,0,0,1414509,121,0,0,0,73.0,42.8,48.2
s2b-r07,2,A,0,s2b-r07-148,0,0,0,0,0,0,1,0,1024,0,16,67,4,0,0,-1,0,67,4,0,1058524,89,0,4,4,38.0,42.8,48.2
s2b-r07,2,A,0,s2b-r07-149,0,0,0,0,0,0,1,0,1024,0,16,73,-1,0,0,-1,4,73,4,2,1148222,89,0,4,4,16.0,42.8,48.2
s2b-r07,2,A,0,s2b-r07-150,0,0,0,0,0,0,1,0,1024,0,32,152,0,0,0,-1,4,152,5,0,2380659,152,0,5,5,44.0,42.8,48.2
s2b-r07,2,A,0,s2b-r07-151,0,0,0,0,0,0,1,0,1024,0,2,121,1,0,0,-1,5,121,5,0,1894416,121,0,5,5,266.0,42.8,48.2
s2b-r07,2,A,0,s2b-r07-152,0,0,0,0,0,0,1,0,1024,0,16,181,4,0,0,-1,5,181,5,0,2829873,181,0,5,1,90.0,42.8,48.2
s2b-r07,2,A,0,s2b-r07-153,0,0,0,0,0,0,1,0,1024,0,16,154,-1,0,0,-1,4,154,4,2,2418238,181,0,4,4,43.0,42.8,48.2
s2b-r07,2,A,0,s2b-r07-154,0,0,0,0,0,0,1,0,1024,0,2,151,-1,0,0,-1,1,151,1,2,2367210,151,0,1,1,31.0,42.8,48.2
s2b-r07,2,A,0,s2b-r07-155,0,0,0,0,0,0,1,0,1024,0,32,94,-1,0,0,-1,5,94,5,2,1469018,19,0,5,5,82.0,42.8,48.2
s2b-r07,2,A,0,s2b-r07-156,0,0,0,0,0,0,1,0,1024,0,32,64,-1,0,0,-1,5,64,5,2,1009088,54,0,5,5,76.0,42.8,48.2
s2b-r07,2,A,0,s2b-r07-157,0,0,0,0,0,0,1,0,1024,0,32,79,-1,0,0,-1,5,79,5,2,1240405,79,0,5,5,104.0,42.8,48.2
s2b-r07,2,A,0,s2b-r07-158,0,0,0,0,0,0,1,0,1024,0,16,59,4,0,0,-1,5,59,5,0,934066,9,0,5,4,161.0,42.8,48.2
s2b-r07,2,A,0,s2b-r07-159,0,0,0,0,0,0,1,0,1024,0,16,80,-1,0,0,-1,4,80,4,2,1258329,80,0,4,4,81.0,42.8,48.2
s2b-r07,2,A,0,s2b-r07-160,0,0,0,0,0,0,1,0,1024,0,16,92,3,0,0,-1,4,92,4,0,1450423,92,0,4,4,178.0,42.8,48.2
s2b-r07,2,A,0,s2b-r07-161,0,0,0,0,0,0,1,0,1024,0,16,125,-1,0,0,-1,4,125,4,2,1968618,125,0,4,4,86.0,42.8,48.2
s2b-r07,2,A,0,s2b-r07-162,0,0,0,0,0,0,1,0,1024,0,16,163,-1,0,0,-1,4,163,4,2,2556375,163,0,4,4,16.0,42.8,48.2
s2b-r07,2,A,0,s2b-r07-163,0,0,0,0,0,0,1,0,1024,0,2,157,-1,0,0,-1,1,157,1,2,2468715,163,0,1,1,23.0,42.8,48.2
s2b-r07,2,A,0,s2b-r07-164,0,0,0,0,0,0,1,0,1024,0,2,147,-1,0,0,-1,1,147,1,2,2305554,163,0,1,1,51.0,42.8,48.2
s2b-r07,2,A,0,s2b-r07-165,0,0,0,0,0,0,1,0,1024,0,2,123,-1,0,0,-1,1,123,1,2,1934185,94,0,1,1,200.0,42.8,48.2
s2b-r07,2,A,0,s2b-r07-166,0,0,0,0,0,0,1,0,1024,0,32,91,5,0,0,-1,5,91,5,0,1426877,55,0,5,5,137.0,42.8,48.2
s2b-r07,2,A,0,s2b-r07-167,0,0,0,0,0,0,1,0,1024,0,16,81,-1,0,0,-1,4,81,4,2,1267742,63,0,4,4,61.0,42.8,48.2
s2b-r07,2,A,0,s2b-r07-168,0,0,0,0,0,0,1,0,1024,0,16,67,-1,0,0,-1,4,67,4,2,1056220,63,0,4,4,101.0,42.8,48.2
s2b-r07,2,A,0,s2b-r07-169,0,0,0,0,0,0,1,0,1024,0,16,96,-1,0,0,-1,4,96,4,2,1512323,96,0,4,4,45.0,42.8,48.2
s2b-r07,2,A,0,s2b-r07-170,0,0,0,0,0,0,1,0,1024,0,4,154,2,0,0,-1,4,154,2,0,2417246,154,0,2,2,38.0,42.8,48.2
s2b-r07,2,A,0,s2b-r07-171,0,0,0,0,0,0,1,0,1024,0,4,150,-1,0,0,-1,2,150,2,2,2349190,154,0,2,2,30.0,42.8,48.2
s2b-r07,2,A,0,s2b-r07-172,0,0,0,0,0,0,1,0,1024,0,4,109,-1,0,0,-1,2,109,2,2,1715165,95,0,2,2,46.0,42.8,48.2
s2b-r07,2,A,0,s2b-r07-173,0,0,0,0,0,0,1,0,1024,0,1,89,0,0,0,-1,2,89,0,0,1404785,30,0,0,0,28.0,42.8,48.2
s2b-r07,2,A,0,s2b-r07-174,0,0,0,0,0,0,1,0,1024,0,1,155,-1,0,0,-1,0,155,0,2,2424439,155,0,0,0,27.0,42.8,48.2
s2b-r07,2,A,0,s2b-r07-175,0,0,0,0,0,0,1,0,1024,0,2,160,-1,0,0,-1,1,160,1,2,2507427,160,0,1,1,71.0,42.8,48.2
s2b-r07,2,A,0,s2b-r07-176,0,0,0,0,0,0,1,0,1024,0,16,95,-1,0,0,-1,4,95,4,2,1485172,53,0,4,4,104.0,42.8,48.2
s2b-r07,2,A,0,s2b-r07-177,0,0,0,0,0,0,1,0,1024,0,1,101,0,0,0,-1,5,101,5,0,1590233,101,0,5,0,112.0,42.8,48.2
s2b-r07,2,A,0,s2b-r07-178,0,0,0,0,0,0,1,0,1024,0,2,141,-1,0,0,-1,1,141,1,2,2214991,141,0,1,1,35.0,42.8,48.2
s2b-r07,2,A,0,s2b-r07-179,0,0,0,0,0,0,1,0,1024,0,2,64,1,0,0,-1,4,64,4,0,1010460,18,0,4,5,84.0,42.8,48.2
s2b-r07,2,A,0,s2b-r07-180,0,0,0,0,0,0,1,0,1024,0,2,64,-1,0,0,-1,1,64,1,2,1004518,20,0,1,1,100.0,42.8,48.2
s2b-r07,2,A,0,s2b-r07-181,0,0,0,0,0,0,1,0,1024,0,32,83,-1,0,0,-1,5,83,5,2,1301888,83,0,5,5,84.0,42.8,48.2
s2b-r07,2,A,0,s2b-r07-182,0,0,0,0,0,0,1,0,1024,0,32,161,-1,0,0,-1,5,161,5,2,2529013,161,0,5,5,34.0,42.8,48.2
s2b-r07,2,A,0,s2b-r07-183,0,0,0,0,0,0,1,0,1024,0,1,156,0,0,0,-1,5,156,0,0,2442562,161,0,0,0,26.0,42.8,48.2
s2b-r07,2,A,0,s2b-r07-184,0,0,0,0,0,0,1,0,1024,0,32,97,-1,0,0,-1,5,97,5,2,1518384,27,0,5,5,62.0,42.8,48.2
s2b-r07,2,A,0,s2b-r07-185,0,0,0,0,0,0,1,0,1024,0,16,92,-1,0,0,-1,4,92,4,2,1447896,27,0,4,4,50.0,42.8,48.2
s2b-r07,2,A,0,s2b-r07-186,0,0,0,0,0,0,1,0,1024,0,16,151,-1,0,0,-1,4,151,4,2,2361008,151,0,4,4,103.0,42.8,48.2
s2b-r07,2,A,0,s2b-r07-187,0,0,0,0,0,0,1,0,1024,0,2,90,1,0,0,-1,4,90,1,0,1412063,109,0,1,1,110.0,42.8,48.2
s2b-r07,2,A,0,s2b-r07-188,0,0,0,0,0,0,1,0,1024,0,16,67,-1,0,0,-1,4,67,4,2,1060225,109,0,4,4,62.0,42.8,48.2
s2b-r07,2,A,0,s2b-r07-189,0,0,0,0,0,0,1,0,1024,0,2,70,-1,0,0,-1,1,70,1,2,1103218,6,0,1,1,81.0,42.8,48.2
s2b-r07,2,A,0,s2b-r07-190,0,0,0,0,0,0,1,0,1024,0,2,64,-1,0,0,-1,1,64,1,2,1006473,37,0,1,1,98.0,42.8,48.2
s2b-r07,2,A,0,s2b-r07-191,0,0,0,0,0,0,1,0,1024,0,32,89,-1,0,0,-1,5,89,5,2,1395801,89,0,5,5,68.0,42.8,48.2
s2b-r07,2,A,0,s2b-r07-192,0,0,0,0,0,0,1,0,1024,0,32,162,0,0,0,-1,4,162,5,0,2546239,162,0,5,5,46.0,42.8,48.2
s2b-r07,2,A,0,s2b-r07-193,0,0,0,0,0,0,1,0,1024,0,32,156,-1,0,0,-1,5,156,5,2,2445681,162,0,5,5,30.0,42.8,48.2
s2b-r07,2,A,0,s2b-r07-194,0,0,0,0,0,0,1,0,1024,0,32,94,-1,0,0,-1,5,94,5,2,1483599,54,0,5,5,59.0,42.8,48.2
s2b-r07,2,A,0,s2b-r07-195,0,0,0,0,0,0,1,0,1024,0,2,94,-1,0,0,-1,1,94,1,2,1473918,54,0,1,1,44.0,42.8,48.2
s2b-r07,2,A,0,s2b-r07-196,0,0,0,0,0,0,1,0,1024,0,16,76,-1,0,0,-1,4,76,4,2,1192629,54,0,4,4,73.0,42.8,48.2
s2b-r07,2,A,0,s2b-r07-197,0,0,0,0,0,0,1,0,1024,0,32,112,1,0,0,-1,0,112,5,0,1750149,112,0,5,5,26.0,42.8,48.2
s2b-r07,2,A,0,s2b-r07-198,0,0,0,0,0,0,1,0,1024,0,32,107,-1,0,0,-1,5,107,5,2,1679090,107,0,5,5,82.0,42.8,48.2
s2b-r07,2,A,0,s2b-r07-199,0,0,0,0,0,0,1,0,1024,0,1,84,0,0,0,-1,5,84,0,0,1317122,84,0,0,0,45.0,42.8,48.2
s2b-r07,2,A,0,s2b-r07-200,0,0,0,0,0,0,1,0,1024,0,1,83,-1,0,0,-1,0,83,0,2,1304249,84,0,0,0,16.0,42.8,48.2
s2b-r07,2,A,0,s2b-r07-201,0,0,0,0,0,0,1,0,1024,0,1,150,-1,0,0,-1,0,150,0,2,2350387,150,0,0,0,36.0,42.8,48.2
s2b-r07,2,A,0,s2b-r07-202,0,0,0,0,0,0,1,0,1024,0,1,153,-1,0,0,-1,0,153,0,2,2403544,153,0,0,0,24.0,42.8,48.2
s2b-r07,2,A,0,s2b-r07-203,0,0,0,0,0,0,1,0,1024,0,32,159,5,0,0,-1,1,159,5,0,2489904,159,0,5,5,21.0,42.8,48.2
s2b-r07,2,A,0,s2b-r07-204,0,0,0,0,0,0,1,0,1024,0,32,154,-1,0,0,-1,5,154,5,2,2410707,159,0,5,5,17.0,42.8,48.2
s2b-r07,2,A,0,s2b-r07-205,0,0,0,0,0,0,1,0,1024,0,32,153,-1,0,0,-1,5,153,5,2,2398944,159,0,5,5,22.0,42.8,48.2
s2b-r07,2,A,0,s2b-r07-206,0,0,0,0,0,0,1,0,1024,0,32,157,-1,0,0,-1,5,157,5,2,2465253,159,0,5,5,15.0,42.8,48.2
s2b-r07,2,A,0,s2b-r07-207,0,0,0,0,0,0,1,0,1024,0,32,193,-1,0,0,-1,5,193,5,2,3030907,193,0,5,5,17.0,42.8,48.2
s2b-r07,2,A,0,s2b-r07-208,0,0,0,0,0,0,1,0,1024,0,32,160,-1,0,0,-1,5,160,5,2,2512541,148,0,5,5,16.0,42.8,48.2
s2b-r07,2,A,0,s2b-r07-209,0,0,0,0,0,0,1,0,1024,0,16,160,4,0,0,-1,5,160,5,0,2504850,151,0,5,4,126.0,42.8,48.2
s2b-r07,2,A,0,s2b-r07-210,0,0,0,0,0,0,1,0,1024,0,16,160,-1,0,0,-1,4,160,4,2,2515565,153,0,4,4,18.0,42.8,48.2
s2b-r07,2,A,0,s2b-r07-211,0,0,0,0,0,0,1,0,1024,0,16,142,-1,0,0,-1,4,142,4,2,2231297,44,0,4,4,17.0,42.8,48.2
s2b-r07,2,A,0,s2b-r07-212,0,0,0,0,0,0,1,0,1024,0,16,148,-1,0,0,-1,4,148,4,2,2324527,148,0,4,4,15.0,42.8,48.2
s2b-r07,2,A,0,s2b-r07-213,0,0,0,0,0,0,1,0,1024,0,4,112,0,0,0,-1,4,112,2,0,1752847,100,0,2,2,21.0,42.8,48.2
s2b-r07,2,A,0,s2b-r07-214,0,0,0,0,0,0,1,0,1024,0,1,162,-1,0,0,-1,0,162,0,2,2539742,162,0,0,0,12.0,42.8,48.2
s2b-r07,2,A,0,s2b-r07-215,0,0,0,0,0,0,1,0,1024,0,1,94,-1,0,0,-1,0,94,0,2,1470790,57,0,0,0,23.0,42.8,48.2
s2b-r07,2,A,0,s2b-r07-216,0,0,0,0,0,0,1,0,1024,0,1,149,-1,0,0,-1,0,149,0,2,2328980,149,0,0,0,14.0,42.8,48.2
s2b-r07,2,A,0,s2b-r07-217,0,0,0,0,0,0,1,0,1024,0,1,91,-1,0,0,-1,0,91,0,2,1428416,57,0,0,0,55.0,42.8,48.2
s2b-r07,2,A,0,s2b-r07-218,0,0,0,0,0,0,1,0,1024,0,16,91,-1,0,0,-1,4,91,4,2,1433443,82,0,4,4,43.0,42.8,48.2
s2b-r07,2,A,0,s2b-r07-219,0,0,0,0,0,0,1,0,1024,0,1,144,-1,0,0,-1,0,144,0,2,2265292,144,0,0,0,16.0,42.8,48.2
s2b-r07,2,A,0,s2b-r07-220,0,0,0,0,0,0,1,0,1024,0,1,153,-1,0,0,-1,0,153,0,2,2397468,153,0,0,0,27.0,42.8,48.2
s2b-r07,2,A,0,s2b-r07-221,0,0,0,0,0,0,1,0,1024,0,1,91,0,0,0,-1,1,91,0,0,1426549,125,0,0,5,256.0,42.8,48.2
s2b-r07,2,A,0,s2b-r07-222,0,0,0,0,0,0,1,0,1024,0,16,63,1,0,0,-1,5,63,4,0,984389,125,0,4,4,55.0,42.8,48.2
s2b-r07,2,A,0,s2b-r07-223,0,0,0,0,0,0,1,0,1024,0,32,74,0,0,0,-1,4,74,5,0,1171091,74,0,5,5,54.0,42.8,48.2
s2b-r07,2,A,0,s2b-r07-224,0,0,0,0,0,0,1,0,1024,0,32,155,-1,0,0,-1,5,155,5,2,2422720,155,0,5,5,15.0,42.8,48.2
s2b-r07,2,A,0,s2b-r07-225,0,0,0,0,0,0,1,0,1024,0,32,76,5,0,0,-1,5,76,5,0,1198417,74,0,5,5,164.0,42.8,48.2
s2b-r07,2,A,0,s2b-r07-226,0,0,0,0,0,0,1,0,1024,0,16,61,-1,0,0,-1,4,61,4,2,956117,116,0,4,4,32.0,42.8,48.2
s2b-r07,2,A,0,s2b-r07-227,0,0,0,0,0,0,1,0,1024,0,16,149,-1,0,0,-1,4,149,4,2,2340178,149,0,4,4,34.0,42.8,48.2
s2b-r07,2,A,0,s2b-r07-228,0,0,0,0,0,0,1,0,1024,0,16,151,-1,0,0,-1,4,151,4,2,2360655,151,0,4,4,78.0,42.8,48.2
s2b-r07,2,A,0,s2b-r07-229,0,0,0,0,0,0,1,0,1024,0,16,98,-1,0,0,-1,4,98,4,2,1537376,38,0,4,4,66.0,42.8,48.2
s2b-r07,2,A,0,s2b-r07-230,0,0,0,0,0,0,1,0,1024,0,32,108,2,0,0,-1,1,108,5,0,1688889,108,0,5,5,118.0,42.8,48.2
s2b-r07,2,A,0,s2b-r07-231,0,0,0,0,0,0,1,0,1024,0,32,72,-1,0,0,-1,5,72,5,2,1131169,40,0,5,5,109.0,42.8,48.2
s2b-r07,2,A,0,s2b-r07-232,0,0,0,0,0,0,1,0,1024,0,8,98,-1,0,0,-1,3,98,3,2,1538757,98,0,3,3,63.0,42.8,48.2
s2b-r07,2,A,0,s2b-r07-233,0,0,0,0,0,0,1,0,1024,0,16,124,4,0,0,-1,3,124,3,0,1945431,124,0,0,0,163.0,42.8,48.2
s2b-r07,2,A,0,s2b-r07-234,0,0,0,0,0,0,1,0,1024,0,1,155,-1,0,0,-1,0,155,0,2,2436907,155,0,0,0,40.0,42.8,48.2
s2b-r07,2,A,0,s2b-r07-235,0,0,0,0,0,0,1,0,1024,0,16,94,0,0,0,-1,5,94,4,0,1481283,15,0,4,4,57.0,42.8,48.2
s2b-r07,2,A,0,s2b-r07-236,0,0,0,0,0,0,1,0,1024,0,16,99,-1,0,0,-1,4,99,4,2,1549671,31,0,4,4,56.0,42.8,48.2
s2b-r07,2,A,0,s2b-r07-237,0,0,0,0,0,0,1,0,1024,0,2,156,-1,0,0,-1,1,156,1,2,2443319,156,0,1,1,19.0,42.8,48.2
s2b-r07,2,A,0,s2b-r07-238,0,0,0,0,0,0,1,0,1024,0,2,146,-1,0,0,-1,1,146,1,2,2285790,146,0,1,1,38.0,42.8,48.2
s2b-r07,2,A,0,s2b-r07-239,0,0,0,0,0,0,1,0,1024,0,2,96,-1,0,0,-1,1,96,1,2,1514596,82,0,1,1,98.0,42.8,48.2
s2b-r07,2,A,0,s2b-r07-240,0,0,0,0,0,0,1,0,1024,0,32,60,4,0,0,-1,1,60,5,0,951287,15,0,5,5,86.0,42.8,48.2
s2b-r07,2,A,0,s2b-r07-241,0,0,0,0,0,0,1,0,1024,0,32,79,-1,0,0,-1,5,79,5,2,1242069,79,0,5,5,67.0,42.8,48.2
s2b-r07,2,A,0,s2b-r07-242,0,0,0,0,0,0,1,0,1024,0,2,137,1,0,0,-1,5,137,5,0,2142656,137,0,5,0,62.0,42.8,48.2
s2b-r07,2,A,0,s2b-r07-243,0,0,0,0,0,0,1,0,1024,0,32,158,-1,0,0,-1,5,158,5,2,2472351,158,0,5,5,40.0,42.8,48.2
s2b-r07,2,A,0,s2b-r07-244,0,0,0,0,0,0,1,0,1024,0,2,114,1,0,0,-1,5,114,1,0,1781382,114,0,1,1,27.0,42.8,48.2
s2b-r07,2,A,0,s2b-r07-245,0,0,0,0,0,0,1,0,1024,0,16,157,-1,0,0,-1,4,157,4,2,2463276,158,0,4,4,15.0,42.8,48.2
s2b-r07,2,A,0,s2b-r07-246,0,0,0,0,0,0,1,0,1024,0,16,147,-1,0,0,-1,4,147,4,2,2311600,147,0,4,4,60.0,42.8,48.2
s2b-r07,2,A,0,s2b-r07-247,0,0,0,0,0,0,1,0,1024,0,16,91,-1,0,0,-1,4,91,4,2,1429311,88,0,4,4,113.0,42.8,48.2
s2b-r07,2,A,0,s2b-r07-248,0,0,0,0,0,0,1,0,1024,0,2,63,-1,0,0,-1,1,63,1,2,998018,10,0,1,1,61.0,42.8,48.2
s2b-r07,2,A,0,s2b-r07-249,0,0,0,0,0,0,1,0,1024,0,16,76,4,0,0,-1,0,76,4,0,1193366,76,0,4,4,153.0,42.8,48.2
s2b-r07,2,A,0,s2b-r07-250,0,0,0,0,0,0,1,0,1024,0,16,106,-1,0,0,-1,4,106,4,2,1661680,106,0,4,4,73.0,42.8,48.2
s2b-r07,2,A,0,s2b-r07-251,0,0,0,0,0,0,1,0,1024,0,16,61,-1,0,0,-1,4,61,4,2,957182,17,0,4,4,65.0,42.8,48.2
s2b-r07,2,A,0,s2b-r07-252,0,0,0,0,0,0,1,0,1024,0,32,61,5,0,0,-1,4,61,5,0,953198,17,0,5,5,57.0,42.8,48.2
s2b-r07,2,A,0,s2b-r07-253,0,0,0,0,0,0,1,0,1024,0,32,62,-1,0,0,-1,5,62,5,2,978815,1,0,5,5,31.0,42.8,48.2
s2b-r07,2,A,0,s2b-r07-254,0,0,0,0,0,0,1,0,1024,0,2,153,-1,0,0,-1,1,153,1,2,2405236,153,0,1,1,22.0,42.8,48.2
s2b-r07,2,A,0,s2b-r07-255,0,0,0,0,0,0,1,0,1024,0,2,91,-1,0,0,-1,1,91,1,2,1431306,81,0,1,1,41.0,42.8,48.2
s2b-r07,2,A,0,s2b-r07-256,0,0,0,0,0,0,1,0,1024,0,1,151,0,0,0,-1,1,151,0,0,2368731,151,0,0,4,473.0,42.8,48.2
s2b-r07,2,A,0,s2b-r07-257,0,0,0,0,0,0,1,0,1024,0,2,157,-1,0,0,-1,1,157,1,2,2462513,157,0,1,1,104.0,42.8,48.2
s2b-r07,2,A,0,s2b-r07-258,0,0,0,0,0,0,1,0,1024,0,2,108,-1,0,0,-1,1,108,1,2,1701323,107,0,1,1,56.0,42.8,48.2
s2b-r07,2,A,0,s2b-r07-259,0,0,0,0,0,0,1,0,1024,0,16,98,-1,0,0,-1,4,98,4,2,1535825,98,0,4,4,52.0,42.8,48.2
s2b-r07,2,A,0,s2b-r07-260,0,0,0,0,0,0,1,0,1024,0,32,73,5,0,0,-1,0,73,5,0,1141073,98,0,5,5,86.0,42.8,48.2
s2b-r07,2,A,0,s2b-r07-261,0,0,0,0,0,0,1,0,1024,0,16,82,-1,0,0,-1,4,82,4,2,1293363,98,0,4,4,80.0,42.8,48.2
s2b-r07,2,A,0,s2b-r07-262,0,0,0,0,0,0,1,0,1024,0,16,96,-1,0,0,-1,4,96,4,2,1506859,96,0,4,4,34.0,42.8,48.2
s2b-r07,2,A,0,s2b-r07-263,0,0,0,0,0,0,1,0,1024,0,8,76,3,0,0,-1,1,76,3,0,1199649,73,0,3,3,50.0,42.8,48.2
s2b-r07,2,A,0,s2b-r07-264,0,0,0,0,0,0,1,0,1024,0,8,152,-1,0,0,-1,3,152,3,2,2380237,152,0,3,3,20.0,42.8,48.2
s2b-r07,2,A,0,s2b-r07-265,0,0,0,0,0,0,1,0,1024,0,8,159,-1,0,0,-1,3,159,3,2,2488682,159,0,3,3,65.0,42.8,48.2
s2b-r07,2,A,0,s2b-r07-266,0,0,0,0,0,0,1,0,1024,0,32,107,-1,0,0,-1,5,107,5,2,1678724,82,0,5,5,176.0,42.8,48.2
s2b-r07,2,A,0,s2b-r07-267,0,0,0,0,0,0,1,0,1024,0,32,118,-1,0,0,-1,5,118,5,2,1857472,118,0,5,5,92.0,42.8,48.2
s2b-r07,2,A,0,s2b-r07-268,0,0,0,0,0,0,1,0,1024,0,1,77,-1,0,0,-1,0,77,0,2,1206393,29,0,0,0,56.0,42.8,48.2
s2b-r07,2,A,0,s2b-r07-269,0,0,0,0,0,0,1,0,1024,0,32,91,-1,0,0,-1,5,91,5,2,1431752,91,0,5,5,106.0,42.8,48.2
s2b-r07,2,A,0,s2b-r07-270,0,0,0,0,0,0,1,0,1024,0,32,66,-1,0,0,-1,5,66,5,2,1046284,125,0,5,5,69.0,42.8,48.2
s2b-r07,2,A,0,s2b-r07-271,0,0,0,0,0,0,1,0,1024,0,2,66,-1,0,0,-1,1,66,1,2,1040758,125,0,1,1,41.0,42.8,48.2
s2b-r07,2,A,0,s2b-r07-272,0,0,0,0,0,0,1,0,1024,0,32,152,5,0,0,-1,1,152,1,0,2380288,152,0,1,1,23.0,42.8,48.2
s2b-r07,2,A,0,s2b-r07-273,0,0,0,0,0,0,1,0,1024,0,16,159,0,0,0,-1,1,159,4,0,2488758,159,0,4,4,25.0,42.8,48.2
s2b-r07,2,A,0,s2b-r07-274,0,0,0,0,0,0,1,0,1024,0,16,150,-1,0,0,-1,4,150,4,2,2356522,159,0,4,4,33.0,42.8,48.2
s2b-r07,2,A,0,s2b-r07-275,0,0,0,0,0,0,1,0,1024,0,2,179,-1,0,0,-1,1,179,1,2,2802119,179,0,1,1,21.0,42.8,48.2
s2b-r07,2,A,0,s2b-r07-276,0,0,0,0,0,0,1,0,1024,0,2,128,-1,0,0,-1,1,128,1,2,2000347,111,0,1,1,57.0,42.8,48.2
s2b-r07,2,A,0,s2b-r07-277,0,0,0,0,0,0,1,0,1024,0,2,95,-1,0,0,-1,1,95,1,2,1496172,78,0,1,1,106.0,42.8,48.2
s2b-r07,2,A,0,s2b-r07-278,0,0,0,0,0,0,1,0,1024,0,2,60,-1,0,0,-1,1,60,1,2,949395,70,0,1,1,52.0,42.8,48.2
s2b-r07,2,A,0,s2b-r07-279,0,0,0,0,0,0,1,0,1024,0,2,61,-1,0,0,-1,1,61,1,2,960546,108,0,1,1,141.0,42.8,48.2
s2b-r07,2,A,0,s2b-r07-280,0,0,0,0,0,0,1,0,1024,0,2,93,-1,0,0,-1,1,93,1,2,1465639,108,0,1,1,45.0,42.8,48.2
s2b-r07,2,A,0,s2b-r07-281,0,0,0,0,0,0,1,0,1024,0,2,116,-1,0,0,-1,1,116,1,2,1818273,116,0,1,1,26.0,42.8,48.2
s2b-r07,2,A,0,s2b-r07-282,0,0,0,0,0,0,1,0,1024,0,2,77,-1,0,0,-1,1,77,1,2,1217796,116,0,1,1,28.0,42.8,48.2
s2b-r07,2,A,0,s2b-r07-283,0,0,0,0,0,0,1,0,1024,0,1,154,0,0,0,-1,1,154,1,0,2417966,154,0,1,1,233.0,42.8,48.2
s2b-r07,2,A,0,s2b-r07-284,0,0,0,0,0,0,1,0,1024,0,2,154,-1,0,0,-1,1,154,1,2,2413909,154,0,1,1,30.0,42.8,48.2
s2b-r07,2,A,0,s2b-r07-285,0,0,0,0,0,0,1,0,1024,0,1,147,0,0,0,-1,1,147,0,0,2308358,147,0,0,0,42.0,42.8,48.2
s2b-r07,2,A,0,s2b-r07-286,0,0,0,0,0,0,1,0,1024,0,16,144,-1,0,0,-1,4,144,4,2,2255537,147,0,4,4,32.0,42.8,48.2
s2b-r07,2,A,0,s2b-r07-287,0,0,0,0,0,0,1,0,1024,0,16,90,-1,0,0,-1,4,90,4,2,1419343,41,0,4,4,104.0,42.8,48.2
s2b-r07,2,A,0,s2b-r07-288,0,0,0,0,0,0,1,0,1024,0,16,88,-1,0,0,-1,4,88,4,2,1387913,80,0,4,4,74.0,42.8,48.2
s2b-r07,2,A,0,s2b-r07-289,0,0,0,0,0,0,1,0,1024,0,2,60,-1,0,0,-1,1,60,1,2,950179,69,0,1,1,32.0,42.8,48.2
s2b-r07,2,A,0,s2b-r07-290,0,0,0,0,0,0,1,0,1024,0,1,154,0,0,0,-1,4,154,4,0,2412676,154,0,4,0,74.0,42.8,48.2
s2b-r07,2,A,0,s2b-r07-291,0,0,0,0,0,0,1,0,1024,0,16,162,4,0,0,-1,5,162,4,0,2534907,162,0,4,4,74.0,42.8,48.2
s2b-r07,2,A,0,s2b-r07-292,0,0,0,0,0,0,1,0,1024,0,16,96,-1,0,0,-1,4,96,4,2,1509827,99,0,4,4,102.0,42.8,48.2
s2b-r07,2,A,0,s2b-r07-293,0,0,0,0,0,0,1,0,1024,0,16,97,4,0,0,-1,4,97,4,0,1516105,97,0,4,0,480.0,42.8,48.2
s2b-r07,2,A,0,s2b-r07-294,0,0,0,0,0,0,1,0,1024,0,2,166,-1,0,0,-1,1,166,1,2,2608340,166,0,1,1,49.0,42.8,48.2
s2b-r07,2,A,0,s2b-r07-295,0,0,0,0,0,0,1,0,1024,0,1,93,0,0,0,-1,1,93,0,0,1454185,97,0,0,0,26.0,42.8,48.2
s2b-r07,2,A,0,s2b-r07-296,0,0,0,0,0,0,1,0,1024,0,1,154,-1,0,0,-1,0,154,0,2,2411129,166,0,0,0,13.0,42.8,48.2
s2b-r07,2,A,0,s2b-r07-297,0,0,0,0,0,0,1,0,1024,0,16,125,4,0,0,-1,0,125,4,0,1955988,125,0,4,4,47.0,42.8,48.2
s2b-r07,2,A,0,s2b-r07-298,0,0,0,0,0,0,1,0,1024,0,16,187,1,0,0,-1,4,187,4,0,2924094,187,0,4,4,53.0,42.8,48.2
s2b-r07,2,A,0,s2b-r07-299,0,0,0,0,0,0,1,0,1024,0,16,152,-1,0,0,-1,4,152,4,2,2378917,187,0,4,4,31.0,42.8,48.2
s2b-r07,2,A,0,s2b-r07-300,0,0,0,0,0,0,1,0,1024,0,16,122,-1,0,0,-1,4,122,4,2,1914610,20,0,4,4,237.0,42.8,48.2
s2b-r07,2,A,0,s2b-r07-301,0,0,0,0,0,0,1,0,1024,0,2,113,-1,0,0,-1,1,113,1,2,1772341,113,0,1,1,32.0,42.8,48.2
s2b-r07,2,A,0,s2b-r07-302,0,0,0,0,0,0,1,0,1024,0,2,157,-1,0,0,-1,1,157,1,2,2459095,157,0,1,1,18.0,42.8,48.2
s2b-r07,2,A,0,s2b-r07-303,0,0,0,0,0,0,1,0,1024,0,1,153,0,0,0,-1,1,153,0,0,2401745,153,0,0,0,22.0,42.8,48.2
s2b-r07,2,A,0,s2b-r07-304,0,0,0,0,0,0,1,0,1024,0,32,151,1,0,0,-1,0,151,5,0,2369767,153,0,5,5,98.0,42.8,48.2
s2b-r07,2,A,0,s2b-r07-305,0,0,0,0,0,0,1,0,1024,0,16,124,-1,0,0,-1,4,124,4,2,1944235,96,0,4,4,103.0,42.8,48.2
s2b-r07,2,A,0,s2b-r07-306,0,0,0,0,0,0,1,0,1024,0,16,92,-1,0,0,-1,4,92,4,2,1444648,85,0,4,4,109.0,42.8,48.2
s2b-r07,2,A,0,s2b-r07-307,0,0,0,0,0,0,1,0,1024,0,4,146,2,0,0,-1,4,146,2,0,2285065,146,0,2,2,75.0,42.8,48.2
s2b-r07,2,A,0,s2b-r07-308,0,0,0,0,0,0,1,0,1024,0,32,77,0,0,0,-1,2,77,5,0,1213943,85,0,5,5,33.0,42.8,48.2
s2b-r07,2,A,0,s2b-r07-309,0,0,0,0,0,0,1,0,1024,0,32,158,1,0,0,-1,0,158,5,0,2475250,158,0,5,5,27.0,42.8,48.2
s2b-r07,2,A,0,s2b-r07-310,0,0,0,0,0,0,1,0,1024,0,32,91,-1,0,0,-1,5,91,5,2,1429512,107,0,5,5,60.0,42.8,48.2
s2b-r07,2,A,0,s2b-r07-311,0,0,0,0,0,0,1,0,1024,0,32,92,-1,0,0,-1,5,92,5,2,1447109,107,0,5,5,103.0,42.8,48.2
s2b-r07,2,A,0,s2b-r07-312,0,0,0,0,0,0,1,0,1024,0,2,82,1,0,0,-1,1,82,1,0,1296541,82,0,1,1,459.0,42.8,48.2
s2b-r07,2,A,0,s2b-r07-313,0,0,0,0,0,0,1,0,1024,0,1,213,-1,0,0,-1,0,213,0,2,3333778,213,0,0,0,17.0,42.8,48.2
s2b-r07,2,A,0,s2b-r07-314,0,0,0,0,0,0,1,0,1024,0,2,148,1,0,0,-1,0,148,1,0,2327831,148,0,1,1,39.0,42.8,48.2
s2b-r07,2,A,0,s2b-r07-315,0,0,0,0,0,0,1,0,1024,0,4,105,-1,0,0,-1,2,105,2,2,1653806,82,0,2,2,81.0,42.8,48.2
s2b-r07,2,A,0,s2b-r07-316,0,0,0,0,0,0,1,0,1024,0,4,90,-1,0,0,-1,2,90,2,2,1411745,78,0,2,2,113.0,42.8,48.2
s2b-r07,2,A,0,s2b-r07-317,0,0,0,0,0,0,1,0,1024,0,16,61,-1,0,0,-1,4,61,4,2,954477,125,0,4,4,34.0,42.8,48.2
s2b-r07,2,A,0,s2b-r07-318,0,0,0,0,0,0,1,0,1024,0,2,155,-1,0,0,-1,1,155,1,2,2422320,155,0,1,1,21.0,42.8,48.2
s2b-r07,2,A,0,s2b-r07-319,0,0,0,0,0,0,1,0,1024,0,2,97,-1,0,0,-1,1,97,1,2,1523559,125,0,1,1,103.0,42.8,48.2
s2b-r07,2,A,0,s2b-r07-320,0,0,0,0,0,0,1,0,1024,0,1,61,-1,0,0,-1,0,61,0,2,968386,28,0,0,0,63.0,42.8,48.2
s2b-r07,2,A,0,s2b-r07-321,0,0,0,0,0,0,1,0,1024,0,32,94,-1,0,0,-1,5,94,5,2,1474270,94,0,5,5,154.0,42.8,48.2
s2b-r07,2,A,0,s2b-r07-322,0,0,0,0,0,0,1,0,1024,0,32,68,-1,0,0,-1,5,68,5,2,1073556,122,0,5,5,46.0,42.8,48.2
s2b-r07,2,A,0,s2b-r07-323,0,0,0,0,0,0,1,0,1024,0,1,149,0,0,0,-1,5,149,0,0,2338929,149,0,0,0,27.0,42.8,48.2
s2b-r07,2,A,0,s2b-r07-324,0,0,0,0,0,0,1,0,1024,0,2,156,-1,0,0,-1,1,156,1,2,2447232,156,0,1,1,17.0,42.8,48.2
s2b-r07,2,A,0,s2b-r07-325,0,0,0,0,0,0,1,0,1024,0,2,149,1,0,0,-1,3,149,1,0,2340694,149,0,1,1,68.0,42.8,48.2
s2b-r07,2,A,0,s2b-r07-326,0,0,0,0,0,0,1,0,1024,0,2,156,-1,0,0,-1,1,156,1,2,2438617,156,0,1,1,25.0,42.8,48.2
s2b-r07,2,A,0,s2b-r07-327,0,0,0,0,0,0,1,0,1024,0,2,152,-1,0,0,-1,1,152,1,2,2379965,156,0,1,1,48.0,42.8,48.2
s2b-r07,2,A,0,s2b-r07-328,0,0,0,0,0,0,1,0,1024,0,1,120,0,0,0,-1,1,120,0,0,1889786,87,0,0,0,82.0,42.8,48.2
s2b-r07,2,A,0,s2b-r07-329,0,0,0,0,0,0,1,0,1024,0,32,125,-1,0,0,-1,5,125,5,2,1964896,125,0,5,5,142.0,42.8,48.2
s2b-r07,2,A,0,s2b-r07-330,0,0,0,0,0,0,1,0,1024,0,32,80,-1,0,0,-1,5,80,5,2,1260091,125,0,5,5,44.0,42.8,48.2
s2b-r07,2,A,0,s2b-r07-331,0,0,0,0,0,0,1,0,1024,0,32,148,-1,0,0,-1,5,148,5,2,2321785,148,0,5,5,21.0,42.8,48.2
s2b-r07,2,A,0,s2b-r07-332,0,0,0,0,0,0,1,0,1024,0,2,150,1,0,0,-1,4,150,1,0,2351488,150,0,1,1,43.0,42.8,48.2
s2b-r07,2,A,0,s2b-r07-333,0,0,0,0,0,0,1,0,1024,0,16,96,-1,0,0,-1,4,96,4,2,1505713,81,0,4,4,29.0,42.8,48.2
s2b-r07,2,A,0,s2b-r07-334,0,0,0,0,0,0,1,0,1024,0,16,91,-1,0,0,-1,4,91,4,2,1423681,74,0,4,4,33.0,42.8,48.2
s2b-r07,2,A,0,s2b-r07-335,0,0,0,0,0,0,1,0,1024,0,1,83,0,0,0,-1,4,83,4,0,1302405,30,0,4,0,1755.0,42.8,48.2
s2b-r07,2,A,0,s2b-r07-336,0,0,0,0,0,0,1,0,1024,0,16,86,-1,0,0,-1,4,86,4,2,1354971,47,0,4,4,29.0,42.8,48.2
s2b-r07,2,A,0,s2b-r07-337,0,0,0,0,0,0,1,0,1024,0,16,148,-1,0,0,-1,4,148,4,2,2324249,162,0,4,4,63.0,42.8,48.2
s2b-r07,2,A,0,s2b-r07-338,0,0,0,0,0,0,1,0,1024,0,16,69,-1,0,0,-1,4,69,4,2,1081128,125,0,4,4,108.0,42.8,48.2
s2b-r07,2,A,0,s2b-r07-339,0,0,0,0,0,0,1,0,1024,0,1,63,0,0,0,-1,4,63,0,0,994164,125,0,0,0,104.0,42.8,48.2
s2b-r07,2,A,0,s2b-r07-340,0,0,0,0,0,0,1,0,1024,0,1,66,-1,0,0,-1,0,66,0,2,1035904,125,0,0,0,58.0,42.8,48.2
s2b-r07,2,A,0,s2b-r07-341,0,0,0,0,0,0,1,0,1024,0,8,78,1,0,0,-1,0,78,3,0,1222887,125,0,3,3,106.0,42.8,48.2
s2b-r07,2,A,0,s2b-r07-342,0,0,0,0,0,0,1,0,1024,0,8,61,-1,0,0,-1,3,61,3,2,962251,125,0,3,3,60.0,42.8,48.2
s2b-r07,2,A,0,s2b-r07-343,0,0,0,0,0,0,1,0,1024,0,16,98,4,0,0,-1,4,98,4,0,1543747,125,0,4,4,32.0,42.8,48.2
s2b-r07,2,A,0,s2b-r07-344,0,0,0,0,0,0,1,0,1024,0,16,167,-1,0,0,-1,4,167,4,2,2621340,167,0,4,4,18.0,42.8,48.2
s2b-r07,2,A,0,s2b-r07-345,0,0,0,0,0,0,1,0,1024,0,16,153,-1,0,0,-1,4,153,4,2,2399190,153,0,4,4,17.0,42.8,48.2
s2b-r07,2,A,0,s2b-r07-346,0,0,0,0,0,0,1,0,1024,0,16,149,-1,0,0,-1,4,149,4,2,2330372,153,0,4,4,63.0,42.8,48.2
s2b-r07,2,A,0,s2b-r07-347,0,0,0,0,0,0,1,0,1024,0,16,124,-1,0,0,-1,4,124,4,2,1938552,80,0,4,4,106.0,42.8,48.2
s2b-r07,2,A,0,s2b-r07-348,0,0,0,0,0,0,1,0,1024,0,16,136,-1,0,0,-1,4,136,4,2,2135940,136,0,4,4,109.0,42.8,48.2
s2b-r07,2,A,0,s2b-r07-349,0,0,0,0,0,0,1,0,1024,0,16,76,-1,0,0,-1,4,76,4,2,1192562,114,0,4,4,103.0,42.8,48.2
s2b-r07,2,A,0,s2b-r07-350,0,0,0,0,0,0,1,0,1024,0,16,124,-1,0,0,-1,4,124,4,2,1945769,124,0,4,4,101.0,42.8,48.2
s2b-r07,2,A,0,s2b-r07-351,0,0,0,0,0,0,1,0,1024,0,16,75,-1,0,0,-1,4,75,4,2,1175074,93,0,4,4,108.0,42.8,48.2
s2b-r07,2,A,0,s2b-r07-352,0,0,0,0,0,0,1,0,1024,0,16,117,-1,0,0,-1,4,117,4,2,1834091,117,0,4,4,32.0,42.8,48.2
s2b-r07,2,A,0,s2b-r07-353,0,0,0,0,0,0,1,0,1024,0,16,162,-1,0,0,-1,4,162,4,2,2533435,162,0,4,4,24.0,42.8,48.2
s2b-r07,2,A,0,s2b-r07-354,0,0,0,0,0,0,1,0,1024,0,32,94,0,0,0,-1,1,94,5,0,1476311,123,0,5,5,26.0,42.8,48.2
s2b-r07,2,A,0,s2b-r07-355,0,0,0,0,0,0,1,0,1024,0,32,149,-1,0,0,-1,5,149,5,2,2339433,149,0,5,5,38.0,42.8,48.2
s2b-r07,2,A,0,s2b-r07-356,0,0,0,0,0,0,1,0,1024,0,16,107,-1,0,0,-1,4,107,4,2,1675978,123,0,4,4,31.0,42.8,48.2
s2b-r07,2,A,0,s2b-r07-357,0,0,0,0,0,0,1,0,1024,0,16,97,2,0,0,-1,4,97,4,0,1529360,97,0,4,2,547.0,42.8,48.2
s2b-r07,2,A,0,s2b-r07-358,0,0,0,0,0,0,1,0,1024,0,4,82,-1,0,0,-1,2,82,2,2,1287300,77,0,2,2,80.0,42.8,48.2
s2b-r07,2,A,0,s2b-r07-359,0,0,0,0,0,0,1,0,1024,0,32,103,5,0,0,-1,2,103,5,0,1616367,103,0,5,5,52.0,42.8,48.2
s2b-r07,2,A,0,s2b-r07-360,0,0,0,0,0,0,1,0,1024,0,32,150,-1,0,0,-1,5,150,5,2,2355872,150,0,5,5,53.0,42.8,48.2
s2b-r07,2,A,0,s2b-r07-361,0,0,0,0,0,0,1,0,1024,0,32,91,-1,0,0,-1,5,91,5,2,1422633,103,0,5,5,14.0,42.8,48.2
s2b-r07,2,A,0,s2b-r07-362,0,0,0,0,0,0,1,0,1024,0,2,154,0,0,0,-1,4,154,1,0,2409033,154,0,1,1,80.0,42.8,48.2
s2b-r07,2,A,0,s2b-r07-363,0,0,0,0,0,0,1,0,1024,0,2,91,0,0,0,-1,4,91,1,0,1436781,109,0,1,1,51.0,42.8,48.2
s2b-r07,2,A,0,s2b-r07-364,0,0,0,0,0,0,1,0,1024,0,16,91,-1,0,0,-1,4,91,4,2,1428582,109,0,4,4,27.0,42.8,48.2
s2b-r07,2,A,0,s2b-r07-365,0,0,0,0,0,0,1,0,1024,0,2,175,-1,0,0,-1,1,175,1,2,2742341,175,0,1,1,27.0,42.8,48.2
s2b-r07,2,A,0,s2b-r07-366,0,0,0,0,0,0,1,0,1024,0,32,130,2,0,0,-1,1,130,5,0,2044653,130,0,5,5,39.0,42.8,48.2
s2b-r07,2,A,0,s2b-r07-367,0,0,0,0,0,0,1,0,1024,0,4,96,1,0,0,-1,0,96,2,0,1500527,39,0,2,2,224.0,42.8,48.2
s2b-r07,2,A,0,s2b-r07-368,0,0,0,0,0,0,1,0,1024,0,4,87,-1,0,0,-1,2,87,2,2,1367163,85,0,2,2,76.0,42.8,48.2
s2b-r07,2,A,0,s2b-r07-369,0,0,0,0,0,0,1,0,1024,0,32,61,-1,0,0,-1,5,61,5,2,966089,85,0,5,5,59.0,42.8,48.2
s2b-r07,2,A,0,s2b-r07-370,0,0,0,0,0,0,1,0,1024,0,32,60,-1,0,0,-1,5,60,5,2,952673,15,0,5,5,31.0,42.8,48.2
s2b-r07,2,A,0,s2b-r07-371,0,0,0,0,0,0,1,0,1024,0,32,150,-1,0,0,-1,5,150,5,2,2349555,150,0,5,5,23.0,42.8,48.2
s2b-r07,2,A,0,s2b-r07-372,0,0,0,0,0,0,1,0,1024,0,1,99,0,0,0,-1,4,99,0,0,1550977,99,0,0,0,93.0,42.8,48.2
s2b-r07,2,A,0,s2b-r07-373,0,0,0,0,0,0,1,0,1024,0,1,124,-1,0,0,-1,0,124,0,2,1939489,124,0,0,0,81.0,42.8,48.2
s2b-r07,2,A,0,s2b-r07-374,0,0,0,0,0,0,1,0,1024,0,2,158,1,0,0,-1,0,158,1,0,2476311,158,0,1,1,44.0,42.8,48.2
s2b-r07,2,A,0,s2b-r07-375,0,0,0,0,0,0,1,0,1024,0,2,93,-1,0,0,-1,1,93,1,2,1459570,124,0,1,1,19.0,42.8,48.2
s2b-r07,2,A,0,s2b-r07-376,0,0,0,0,0,0,1,0,1024,0,16,153,-1,0,0,-1,4,153,4,2,2395825,158,0,4,4,20.0,42.8,48.2
s2b-r07,2,A,0,s2b-r07-377,0,0,0,0,0,0,1,0,1024,0,16,112,-1,0,0,-1,4,112,4,2,1758825,112,0,4,4,78.0,42.8,48.2
s2b-r07,2,A,0,s2b-r07-378,0,0,0,0,0,0,1,0,1024,0,16,91,-1,0,0,-1,4,91,4,2,1431994,88,0,4,4,80.0,42.8,48.2
s2b-r07,2,A,0,s2b-r07-379,0,0,0,0,0,0,1,0,1024,0,16,114,-1,0,0,-1,4,114,4,2,1786983,114,0,4,4,38.0,42.8,48.2
s2b-r07,2,A,0,s2b-r07-380,0,0,0,0,0,0,1,0,1024,0,16,151,-1,0,0,-1,4,151,4,2,2364355,151,0,4,4,33.0,42.8,48.2
s2b-r07,2,A,0,s2b-r07-381,0,0,0,0,0,0,1,0,1024,0,16,156,4,0,0,-1,0,156,4,0,2439305,156,0,4,4,49.0,42.8,48.2
s2b-r07,2,A,0,s2b-r07-382,0,0,0,0,0,0,1,0,1024,0,16,147,-1,0,0,-1,4,147,4,2,2308525,151,0,4,4,62.0,42.8,48.2
s2b-r07,2,A,0,s2b-r07-383,0,0,0,0,0,0,1,0,1024,0,2,91,1,0,0,-1,4,91,1,0,1424197,12,0,1,1,83.0,42.8,48.2
s2b-r07,2,A,0,s2b-r07-384,0,0,0,0,0,0,1,0,1024,0,16,84,4,0,0,-1,1,84,4,0,1315192,84,0,4,4,163.0,42.8,48.2
s2b-r07,2,A,0,s2b-r07-385,0,0,0,0,0,0,1,0,1024,0,32,169,-1,0,0,-1,5,169,5,2,2642868,169,0,5,5,23.0,42.8,48.2
s2b-r07,2,A,0,s2b-r07-386,0,0,0,0,0,0,1,0,1024,0,32,82,-1,0,0,-1,5,82,5,2,1287611,80,0,5,5,14.0,42.8,48.2
s2b-r07,2,A,0,s2b-r07-387,0,0,0,0,0,0,1,0,1024,0,32,150,-1,0,0,-1,5,150,5,2,2355037,169,0,5,5,16.0,42.8,48.2
s2b-r07,2,A,0,s2b-r07-388,0,0,0,0,0,0,1,0,1024,0,32,154,1,0,0,-1,5,154,5,0,2415995,154,0,5,5,831.0,42.8,48.2
s2b-r07,2,A,0,s2b-r07-389,0,0,0,0,0,0,1,0,1024,0,32,196,-1,0,0,-1,5,196,5,2,3063199,196,0,5,5,51.0,42.8,48.2
s2b-r07,2,A,0,s2b-r07-390,0,0,0,0,0,0,1,0,1024,0,32,148,-1,0,0,-1,5,148,5,2,2319821,154,0,5,5,58.0,42.8,48.2
s2b-r07,2,A,0,s2b-r07-391,0,0,0,0,0,0,1,0,1024,0,32,98,-1,0,0,-1,5,98,5,2,1539769,5,0,5,5,152.0,42.8,48.2
s2b-r07,2,A,0,s2b-r07-392,0,0,0,0,0,0,1,0,1024,0,32,65,-1,0,0,-1,5,65,5,2,1024157,65,0,5,5,52.0,42.8,48.2
s2b-r07,2,A,0,s2b-r07-393,0,0,0,0,0,0,1,0,1024,0,32,126,-1,0,0,-1,5,126,5,2,1976446,126,0,5,5,18.0,42.8,48.2
s2b-r07,2,A,0,s2b-r07-394,0,0,0,0,0,0,1,0,1024,0,32,148,-1,0,0,-1,5,148,5,2,2327994,148,0,5,5,30.0,42.8,48.2
s2b-r07,2,A,0,s2b-r07-395,0,0,0,0,0,0,1,0,1024,0,32,152,-1,0,0,-1,5,152,5,2,2381068,152,0,5,5,52.0,42.8,48.2
s2b-r07,2,A,0,s2b-r07-396,0,0,0,0,0,0,1,0,1024,0,32,115,-1,0,0,-1,5,115,5,2,1810304,80,0,5,5,109.0,42.8,48.2
s2b-r07,2,A,0,s2b-r07-397,0,0,0,0,0,0,1,0,1024,0,32,60,-1,0,0,-1,5,60,5,2,947376,125,0,5,5,41.0,42.8,48.2
s2b-r07,2,A,0,s2b-r07-398,0,0,0,0,0,0,1,0,1024,0,32,156,-1,0,0,-1,5,156,5,2,2440324,156,0,5,5,64.0,42.8,48.2
s2b-r07,2,A,0,s2b-r07-399,0,0,0,0,0,0,1,0,1024,0,32,149,-1,0,0,-1,5,149,5,2,2341578,156,0,5,5,103.0,42.8,48.2
s2b-r07,2,A,0,s2b-r07-400,0,0,0,0,0,0,1,0,1024,0,32,96,-1,0,0,-1,5,96,5,2,1505413,74,0,5,5,78.0,42.8,48.2
s2b-r07,2,A,0,s2b-r07-401,0,0,0,0,0,0,1,0,1024,0,2,65,1,0,0,-1,4,65,1,0,1015745,74,0,1,1,94.0,42.8,48.2
s2b-r07,2,A,0,s2b-r07-402,0,0,0,0,0,0,1,0,1024,0,16,61,4,0,0,-1,1,61,4,0,966316,61,0,4,4,81.0,42.8,48.2
s2b-r07,2,A,0,s2b-r07-403,0,0,0,0,0,0,1,0,1024,0,32,75,-1,0,0,-1,5,75,5,2,1174506,75,0,5,5,32.0,42.8,48.2
s2b-r07,2,A,0,s2b-r07-404,0,0,0,0,0,0,1,0,1024,0,1,74,0,0,0,-1,1,74,0,0,1168468,62,0,0,0,38.0,42.8,48.2
s2b-r07,2,A,0,s2b-r07-405,0,0,0,0,0,0,1,0,1024,0,1,158,-1,0,0,-1,0,158,0,2,2472523,158,0,0,0,28.0,42.8,48.2
s2b-r07,2,A,0,s2b-r07-406,0,0,0,0,0,0,1,0,1024,0,32,153,-1,0,0,-1,5,153,5,2,2391335,158,0,5,5,57.0,42.8,48.2
s2b-r07,2,A,0,s2b-r07-407,0,0,0,0,0,0,1,0,1024,0,16,185,-1,0,0,-1,4,185,4,2,2899826,185,0,4,4,50.0,42.8,48.2
s2b-r07,2,A,0,s2b-r07-408,0,0,0,0,0,0,1,0,1024,0,16,152,-1,0,0,-1,4,152,4,2,2385992,158,0,4,4,52.0,42.8,48.2
s2b-r07,2,A,0,s2b-r07-409,0,0,0,0,0,0,1,0,1024,0,4,122,-1,0,0,-1,2,122,2,2,1910260,122,0,2,2,86.0,42.8,48.2
s2b-r07,2,A,0,s2b-r07-410,0,0,0,0,0,0,1,0,1024,0,32,90,0,0,0,-1,2,90,5,0,1417032,50,0,5,5,119.0,42.8,48.2
s2b-r07,2,A,0,s2b-r07-411,0,0,0,0,0,0,1,0,1024,0,16,116,-1,0,0,-1,4,116,4,2,1812939,116,0,4,4,75.0,42.8,48.2
s2b-r07,2,A,0,s2b-r07-412,0,0,0,0,0,0,1,0,1024,0,16,71,-1,0,0,-1,4,71,4,2,1122505,116,0,4,4,74.0,42.8,48.2
s2b-r07,2,A,0,s2b-r07-413,0,0,0,0,0,0,1,0,1024,0,16,96,-1,0,0,-1,4,96,4,2,1508592,116,0,4,4,62.0,42.8,48.2
s2b-r07,2,A,0,s2b-r07-414,0,0,0,0,0,0,1,0,1024,0,32,152,5,0,0,-1,1,152,5,0,2387344,152,0,5,5,56.0,42.8,48.2
s2b-r07,2,A,0,s2b-r07-415,0,0,0,0,0,0,1,0,1024,0,32,160,3,0,0,-1,1,160,5,0,2501377,160,0,5,5,25.0,42.8,48.2
s2b-r07,2,A,0,s2b-r07-416,0,0,0,0,0,0,1,0,1024,0,32,150,-1,0,0,-1,5,150,5,2,2358596,152,0,5,5,23.0,42.8,48.2
s2b-r07,2,A,0,s2b-r07-417,0,0,0,0,0,0,1,0,1024,0,8,156,-1,0,0,-1,3,156,3,2,2452704,156,0,3,3,43.0,42.8,48.2
s2b-r07,2,A,0,s2b-r07-418,0,0,0,0,0,0,1,0,1024,0,8,126,-1,0,0,-1,3,126,3,2,1976504,122,0,3,3,47.0,42.8,48.2
s2b-r07,2,A,0,s2b-r07-419,0,0,0,0,0,0,1,0,1024,0,8,145,-1,0,0,-1,3,145,3,2,2266929,145,0,3,3,38.0,42.8,48.2
s2b-r07,2,A,0,s2b-r07-420,0,0,0,0,0,0,1,0,1024,0,8,109,-1,0,0,-1,3,109,3,2,1717643,109,0,3,3,80.0,42.8,48.2
s2b-r07,2,A,0,s2b-r07-421,0,0,0,0,0,0,1,0,1024,0,1,60,0,0,0,-1,3,60,3,0,938228,109,0,0,1,333.0,42.8,48.2
s2b-r07,2,A,0,s2b-r07-422,0,0,0,0,0,0,1,0,1024,0,4,96,-1,0,0,-1,2,96,2,2,1510925,96,0,2,2,81.0,42.8,48.2
s2b-r07,2,A,0,s2b-r07-423,0,0,0,0,0,0,1,0,1024,0,4,124,-1,0,0,-1,2,124,2,2,1943326,124,0,2,2,83.0,42.8,48.2
s2b-r07,2,A,0,s2b-r07-424,0,0,0,0,0,0,1,0,1024,0,2,80,1,0,0,-1,2,80,1,0,1251426,96,0,1,4,117.0,42.8,48.2
s2b-r07,2,A,0,s2b-r07-425,0,0,0,0,0,0,1,0,1024,0,2,178,1,0,0,-1,0,178,1,0,2784296,178,0,1,1,32.0,42.8,48.2
s2b-r07,2,A,0,s2b-r07-426,0,0,0,0,0,0,1,0,1024,0,2,150,-1,0,0,-1,1,150,1,2,2354526,178,0,1,1,39.0,42.8,48.2
s2b-r07,2,A,0,s2b-r07-427,0,0,0,0,0,0,1,0,1024,0,2,100,-1,0,0,-1,1,100,1,2,1575984,99,0,1,1,74.0,42.8,48.2
s2b-r07,2,A,0,s2b-r07-428,0,0,0,0,0,0,1,0,1024,0,16,89,4,0,0,-1,1,89,4,0,1404583,77,0,4,4,74.0,42.8,48.2
s2b-r07,2,A,0,s2b-r07-429,0,0,0,0,0,0,1,0,1024,0,16,145,4,0,0,-1,4,145,4,0,2270681,145,0,4,5,67.0,42.8,48.2
s2b-r07,2,A,0,s2b-r07-430,0,0,0,0,0,0,1,0,1024,0,2,166,-1,0,0,-1,1,166,1,2,2604426,166,0,1,1,138.0,42.8,48.2
s2b-r07,2,A,0,s2b-r07-431,0,0,0,0,0,0,1,0,1024,0,2,97,-1,0,0,-1,1,97,1,2,1522753,31,0,1,1,103.0,42.8,48.2
s2b-r07,2,A,0,s2b-r07-432,0,0,0,0,0,0,1,0,1024,0,1,96,0,0,0,-1,5,96,0,0,1512805,96,0,0,0,80.0,42.8,48.2
s2b-r07,2,A,0,s2b-r07-433,0,0,0,0,0,0,1,0,1024,0,16,79,-1,0,0,-1,4,79,4,2,1234973,35,0,4,4,44.0,42.8,48.2
s2b-r07,2,A,0,s2b-r07-434,0,0,0,0,0,0,1,0,1024,0,16,150,-1,0,0,-1,4,150,4,2,2349899,150,0,4,4,26.0,42.8,48.2
s2b-r07,2,A,0,s2b-r07-435,0,0,0,0,0,0,1,0,1024,0,16,150,-1,0,0,-1,4,150,4,2,2347427,150,0,4,4,27.0,42.8,48.2
s2b-r07,2,A,0,s2b-r07-436,0,0,0,0,0,0,1,0,1024,0,16,96,-1,0,0,-1,4,96,4,2,1508992,3,0,4,4,60.0,42.8,48.2
s2b-r07,2,A,0,s2b-r07-437,0,0,0,0,0,0,1,0,1024,0,32,90,-1,0,0,-1,5,90,5,2,1411059,52,0,5,5,26.0,42.8,48.2
s2b-r07,2,A,0,s2b-r07-438,0,0,0,0,0,0,1,0,1024,0,32,61,-1,0,0,-1,5,61,5,2,966747,52,0,5,5,20.0,42.8,48.2
s2b-r07,2,A,0,s2b-r07-439,0,0,0,0,0,0,1,0,1024,0,32,149,-1,0,0,-1,5,149,5,2,2341498,149,0,5,5,31.0,42.8,48.2
s2b-r07,2,A,0,s2b-r07-440,0,0,0,0,0,0,1,0,1024,0,32,124,-1,0,0,-1,5,124,5,2,1948883,124,0,5,5,103.0,42.8,48.2
s2b-r07,2,A,0,s2b-r07-441,0,0,0,0,0,0,1,0,1024,0,2,91,-1,0,0,-1,1,91,1,2,1423743,124,0,1,1,43.0,42.8,48.2
s2b-r07,2,A,0,s2b-r07-442,0,0,0,0,0,0,1,0,1024,0,16,87,-1,0,0,-1,4,87,4,2,1368573,124,0,4,4,45.0,42.8,48.2
s2b-r07,2,A,0,s2b-r07-443,0,0,0,0,0,0,1,0,1024,0,16,72,-1,0,0,-1,4,72,4,2,1125469,106,0,4,4,60.0,42.8,48.2
s2b-r07,2,A,0,s2b-r07-444,0,0,0,0,0,0,1,0,1024,0,32,101,-1,0,0,-1,5,101,5,2,1581913,106,0,5,5,28.0,42.8,48.2
s2b-r07,2,A,0,s2b-r07-445,0,0,0,0,0,0,1,0,1024,0,32,74,-1,0,0,-1,5,74,5,2,1170450,74,0,5,5,16.0,42.8,48.2
s2b-r07,2,A,0,s2b-r07-446,0,0,0,0,0,0,1,0,1024,0,32,147,-1,0,0,-1,5,147,5,2,2308673,147,0,5,5,36.0,42.8,48.2
s2b-r07,2,A,0,s2b-r07-447,0,0,0,0,0,0,1,0,1024,0,32,75,-1,0,0,-1,5,75,5,2,1179447,74,0,5,5,65.0,42.8,48.2
s2b-r07,2,A,0,s2b-r07-448,0,0,0,0,0,0,1,0,1024,0,32,65,-1,0,0,-1,5,65,5,2,1029171,86,0,5,5,46.0,42.8,48.2
s2b-r07,2,A,0,s2b-r07-449,0,0,0,0,0,0,1,0,1024,0,2,91,1,0,0,-1,5,91,1,0,1432564,91,0,1,1,54.0,42.8,48.2
s2b-r07,2,A,0,s2b-r07-450,0,0,0,0,0,0,1,0,1024,0,2,73,-1,0,0,-1,1,73,1,2,1146381,68,0,1,1,58.0,42.8,48.2
s2b-r07,2,A,0,s2b-r07-451,0,0,0,0,0,0,1,0,1024,0,1,108,0,0,0,-1,1,108,1,0,1688891,108,0,1,1,375.0,42.8,48.2
s2b-r07,2,A,0,s2b-r07-452,0,0,0,0,0,0,1,0,1024,0,2,184,-1,0,0,-1,1,184,1,2,2886392,184,0,1,1,41.0,42.8,48.2
s2b-r07,2,A,0,s2b-r07-453,0,0,0,0,0,0,1,0,1024,0,2,99,1,0,0,-1,0,99,1,0,1559264,38,0,1,1,199.0,42.8,48.2
s2b-r07,2,A,0,s2b-r07-454,0,0,0,0,0,0,1,0,1024,0,32,100,5,0,0,-1,5,100,5,0,1569496,94,0,5,5,88.0,42.8,48.2
s2b-r07,2,A,0,s2b-r07-455,0,0,0,0,0,0,1,0,1024,0,32,74,-1,0,0,-1,5,74,5,2,1160068,38,0,5,5,22.0,42.8,48.2
s2b-r07,2,A,0,s2b-r07-456,0,0,0,0,0,0,1,0,1024,0,16,155,4,0,0,-1,0,155,4,0,2432497,155,0,4,4,28.0,42.8,48.2
s2b-r07,2,A,0,s2b-r07-457,0,0,0,0,0,0,1,0,1024,0,32,101,-1,0,0,-1,5,101,5,2,1583787,101,0,5,5,38.0,42.8,48.2
s2b-r07,2,A,0,s2b-r07-458,0,0,0,0,0,0,1,0,1024,0,32,147,-1,0,0,-1,5,147,5,2,2300078,155,0,5,5,103.0,42.8,48.2
s2b-r07,2,A,0,s2b-r07-459,0,0,0,0,0,0,1,0,1024,0,32,89,-1,0,0,-1,5,89,5,2,1403583,58,0,5,5,107.0,42.8,48.2
s2b-r07,2,A,0,s2b-r07-460,0,0,0,0,0,0,1,0,1024,0,32,117,-1,0,0,-1,5,117,5,2,1830297,117,0,5,5,85.0,42.8,48.2
s2b-r07,2,A,0,s2b-r07-461,0,0,0,0,0,0,1,0,1024,0,32,72,-1,0,0,-1,5,72,5,2,1125753,58,0,5,5,88.0,42.8,48.2
s2b-r07,2,A,0,s2b-r07-462,0,0,0,0,0,0,1,0,1024,0,16,85,-1,0,0,-1,4,85,4,2,1331813,109,0,4,4,21.0,42.8,48.2
s2b-r07,2,A,0,s2b-r07-463,0,0,0,0,0,0,1,0,1024,0,2,86,-1,0,0,-1,1,86,1,2,1352635,109,0,1,1,97.0,42.8,48.2
s2b-r07,2,A,0,s2b-r07-464,0,0,0,0,0,0,1,0,1024,0,32,153,1,0,0,-1,4,153,5,0,2400408,153,0,5,5,76.0,42.8,48.2
s2b-r07,2,A,0,s2b-r07-465,0,0,0,0,0,0,1,0,1024,0,32,65,-1,0,0,-1,5,65,5,2,1024170,21,0,5,5,63.0,42.8,48.2
s2b-r07,2,A,0,s2b-r07-466,0,0,0,0,0,0,1,0,1024,0,2,66,-1,0,0,-1,1,66,1,2,1039661,66,0,1,1,16.0,42.8,48.2
s2b-r07,2,A,0,s2b-r07-467,0,0,0,0,0,0,1,0,1024,0,16,157,4,0,0,-1,1,157,4,0,2457944,157,0,4,4,35.0,42.8,48.2
s2b-r07,2,A,0,s2b-r07-468,0,0,0,0,0,0,1,0,1024,0,16,150,-1,0,0,-1,4,150,4,2,2352849,157,0,4,4,45.0,42.8,48.2
s2b-r07,2,A,0,s2b-r07-469,0,0,0,0,0,0,1,0,1024,0,2,105,1,0,0,-1,4,105,4,0,1648240,79,0,4,1,215.0,42.8,48.2
s2b-r07,2,A,0,s2b-r07-470,0,0,0,0,0,0,1,0,1024,0,16,134,-1,0,0,-1,4,134,4,2,2097423,134,0,4,4,64.0,42.8,48.2
s2b-r07,2,A,0,s2b-r07-471,0,0,0,0,0,0,1,0,1024,0,16,130,-1,0,0,-1,4,130,4,2,2031812,134,0,4,4,50.0,42.8,48.2
s2b-r07,2,A,0,s2b-r07-472,0,0,0,0,0,0,1,0,1024,0,16,87,-1,0,0,-1,4,87,4,2,1367035,24,0,4,4,156.0,42.8,48.2
s2b-r07,2,A,0,s2b-r07-473,0,0,0,0,0,0,1,0,1024,0,16,85,-1,0,0,-1,4,85,4,2,1342559,80,0,4,4,156.0,42.8,48.2
s2b-r08,2,B,512,s2b-r08-0,512,512,0,10,512,512,1,10,1024,6,1,512,0,1,0,-1,0,94,0,0,1480149,94,1,0,0,16.0,43.6,55.6
s2b-r08,2,B,512,s2b-r08-1,512,512,0,10,512,512,1,10,1024,6,1,512,0,1,0,-1,0,154,0,0,2412077,154,1,0,0,73.0,43.6,55.6
s2b-r08,2,B,512,s2b-r08-2,512,512,0,10,512,512,1,10,1024,6,2,512,1,1,0,-1,0,133,1,0,2080190,154,1,1,1,169.0,43.6,55.6
s2b-r08,2,B,512,s2b-r08-3,512,512,0,10,512,512,1,10,1024,6,2,512,1,1,0,-1,1,157,1,0,2464505,157,1,1,1,60.0,43.6,55.6
s2b-r08,2,B,512,s2b-r08-4,512,512,0,10,512,512,1,10,1024,6,128,512,7,1,0,-1,1,165,7,0,2579557,165,0,7,7,2044.0,43.6,55.6
s2b-r08,2,B,512,s2b-r08-5,512,512,0,10,512,512,1,10,1024,6,128,512,-1,1,0,-1,7,125,7,2,1960688,125,0,7,7,59.0,43.6,55.6
s2b-r08,2,B,512,s2b-r08-6,512,512,0,10,512,512,1,10,1024,6,128,512,-1,1,0,-1,7,109,7,2,1712804,99,0,7,7,150.0,43.6,55.6
s2b-r08,2,B,512,s2b-r08-7,512,512,0,10,512,512,1,10,1024,6,128,512,-1,1,0,-1,7,101,7,2,1590755,101,0,7,7,47.0,43.6,55.6
s2b-r08,2,B,512,s2b-r08-8,512,512,0,10,512,512,1,10,1024,6,128,512,-1,1,0,-1,7,84,7,2,1325862,77,0,7,7,163.0,43.6,55.6
s2b-r08,2,B,512,s2b-r08-9,512,512,0,10,512,512,1,10,1024,6,128,512,-1,1,0,-1,7,102,7,2,1604929,102,0,7,7,57.0,43.6,55.6
s2b-r08,2,B,512,s2b-r08-10,512,512,0,10,512,512,1,10,1024,6,128,512,-1,1,0,-1,7,100,7,2,1564639,100,0,7,7,127.0,43.6,55.6
s2b-r08,2,B,512,s2b-r08-11,512,512,0,10,512,512,1,10,1024,6,128,512,-1,1,0,-1,7,100,7,2,1575929,100,0,7,7,50.0,43.6,55.6
s2b-r08,2,B,512,s2b-r08-12,512,512,0,10,512,512,1,10,1024,6,128,512,-1,1,0,-1,7,98,7,2,1537786,100,0,7,7,124.0,43.6,55.6
s2b-r08,2,B,512,s2b-r08-13,512,512,0,10,512,512,1,10,1024,6,128,512,-1,1,0,-1,7,103,7,2,1617365,103,0,7,7,49.0,43.6,55.6
s2b-r08,2,B,512,s2b-r08-14,512,512,0,10,512,512,1,10,1024,6,128,512,-1,1,0,-1,7,97,7,2,1523589,100,0,7,7,305.0,43.6,55.6
s2b-r08,2,B,512,s2b-r08-15,512,512,0,10,512,512,1,10,1024,6,128,512,-1,1,0,-1,7,107,7,2,1675641,107,0,7,7,51.0,43.6,55.6
s2b-r08,2,B,512,s2b-r08-16,512,512,0,10,512,512,1,10,1024,6,128,512,-1,1,0,-1,7,101,7,2,1581876,99,0,7,7,52.0,43.6,55.6
s2b-r08,2,B,512,s2b-r08-17,512,512,0,10,512,512,1,10,1024,6,128,512,-1,1,0,-1,7,81,7,2,1273807,99,0,7,7,133.0,43.6,55.6
s2b-r08,2,B,512,s2b-r08-18,512,512,0,10,512,512,1,10,1024,6,128,512,-1,1,0,-1,7,102,7,2,1601186,102,0,7,7,51.0,43.6,55.6
s2b-r08,2,B,512,s2b-r08-19,512,512,0,10,512,512,1,10,1024,6,128,512,-1,1,0,-1,7,85,7,2,1332683,85,0,7,7,151.0,43.6,55.6
s2b-r08,2,B,512,s2b-r08-20,512,512,0,10,512,512,1,10,1024,6,128,512,-1,1,0,-1,7,102,7,2,1607555,102,0,7,7,53.0,43.6,55.6
s2b-r08,2,B,512,s2b-r08-21,512,512,0,10,512,512,1,10,1024,6,128,512,-1,1,0,-1,7,87,7,2,1365182,87,0,7,7,151.0,43.6,55.6
s2b-r08,2,B,512,s2b-r08-22,512,512,0,10,512,512,1,10,1024,6,128,512,-1,1,0,-1,7,103,7,2,1624112,103,0,7,7,47.0,43.6,55.6
s2b-r08,2,B,512,s2b-r08-23,512,512,0,10,512,512,1,10,1024,6,128,512,-1,1,0,-1,7,98,7,2,1531549,98,0,7,7,131.0,43.6,55.6
s2b-r08,2,B,512,s2b-r08-24,512,512,0,10,512,512,1,10,1024,6,128,512,-1,1,0,-1,7,78,7,2,1222760,98,0,7,7,49.0,43.6,55.6
s2b-r08,2,B,512,s2b-r08-25,512,512,0,10,512,512,1,10,1024,6,128,512,-1,1,0,-1,7,97,7,2,1527811,98,0,7,7,128.0,43.6,55.6
s2b-r08,2,B,512,s2b-r08-26,512,512,0,10,512,512,1,10,1024,6,128,512,-1,1,0,-1,7,102,7,2,1597508,102,0,7,7,47.0,43.6,55.6
s2b-r08,2,B,512,s2b-r08-27,512,512,0,10,512,512,1,10,1024,6,128,512,-1,1,0,-1,7,68,7,2,1065580,54,0,7,7,132.0,43.6,55.6
s2b-r08,2,B,512,s2b-r08-28,512,512,0,10,512,512,1,10,1024,6,128,512,-1,1,0,-1,7,100,7,2,1577950,100,0,7,7,52.0,43.6,55.6
s2b-r08,2,B,512,s2b-r08-29,512,512,0,10,512,512,1,10,1024,6,128,512,-1,1,0,-1,7,99,7,2,1547925,99,0,7,7,404.0,43.6,55.6
s2b-r08,2,B,512,s2b-r08-30,512,512,0,10,512,512,1,10,1024,6,128,512,-1,1,0,-1,7,139,7,2,2178905,139,0,7,7,50.0,43.6,55.6
s2b-r08,2,B,512,s2b-r08-31,512,512,0,10,512,512,1,10,1024,6,128,512,-1,1,0,-1,7,98,7,2,1542503,98,0,7,7,82.0,43.6,55.6
s2b-r08,2,B,512,s2b-r08-32,512,512,0,10,512,512,1,10,1024,6,128,512,-1,1,0,-1,7,91,7,2,1426137,98,0,7,7,51.0,43.6,55.6
s2b-r08,2,B,512,s2b-r08-33,512,512,0,10,512,512,1,10,1024,6,128,512,-1,1,0,-1,7,100,7,2,1566132,100,0,7,7,174.0,43.6,55.6
s2b-r08,2,B,512,s2b-r08-34,512,512,0,10,512,512,1,10,1024,6,128,512,-1,1,0,-1,7,106,7,2,1667032,106,0,7,7,52.0,43.6,55.6
s2b-r08,2,B,512,s2b-r08-35,512,512,0,10,512,512,1,10,1024,6,128,512,-1,1,0,-1,7,80,7,2,1257756,106,0,7,7,53.0,43.6,55.6
s2b-r08,2,B,512,s2b-r08-36,512,512,0,10,512,512,1,10,1024,6,128,512,-1,1,0,-1,7,101,7,2,1582691,106,0,7,7,50.0,43.6,55.6
s2b-r08,2,B,512,s2b-r08-37,512,512,0,10,512,512,1,10,1024,0,32,512,0,0,0,-1,7,75,5,0,1176928,75,0,5,5,118.0,43.6,55.6
s2b-r08,2,B,512,s2b-r08-38,512,512,0,10,512,512,1,10,1024,0,1,512,-1,0,0,-1,0,168,0,2,2628803,168,0,0,0,36.0,43.6,55.6
s2b-r08,2,B,512,s2b-r08-39,512,512,0,10,512,512,1,10,1024,6,64,512,6,1,0,-1,0,152,6,0,2375068,168,0,6,6,78.0,43.6,55.6
s2b-r08,2,B,512,s2b-r08-40,512,512,0,10,512,512,1,10,1024,0,32,512,1,0,0,-1,6,104,5,0,1630375,102,0,5,5,31.0,43.6,55.6
s2b-r08,2,B,512,s2b-r08-41,512,512,0,10,512,512,1,10,1024,0,2,512,-1,0,0,-1,1,116,1,2,1818513,88,0,1,1,52.0,43.6,55.6
s2b-r08,2,B,512,s2b-r08-42,512,512,0,10,512,512,1,10,1024,0,2,512,-1,0,0,-1,1,153,1,2,2400273,153,0,1,1,66.0,43.6,55.6
s2b-r08,2,B,512,s2b-r08-43,512,512,0,10,512,512,1,10,1024,6,128,512,-1,1,0,-1,7,149,7,2,2332975,153,0,7,7,23.0,43.6,55.6
s2b-r08,2,B,512,s2b-r08-44,512,512,0,10,512,512,1,10,1024,6,128,512,-1,1,0,-1,7,112,7,2,1755354,99,0,7,7,154.0,43.6,55.6
s2b-r08,2,B,512,s2b-r08-45,512,512,0,10,512,512,1,10,1024,6,128,512,-1,1,0,-1,7,118,7,2,1858567,103,0,7,7,51.0,43.6,55.6
s2b-r08,2,B,512,s2b-r08-46,512,512,0,10,512,512,1,10,1024,6,128,512,-1,1,0,-1,7,90,7,2,1412042,70,0,7,7,129.0,43.6,55.6
s2b-r08,2,B,512,s2b-r08-47,512,512,0,10,512,512,1,10,1024,6,128,512,-1,1,0,-1,7,101,7,2,1593104,101,0,7,7,49.0,43.6,55.6
s2b-r08,2,B,512,s2b-r08-48,512,512,0,10,512,512,1,10,1024,6,128,512,-1,1,0,-1,7,82,7,2,1290716,82,0,7,7,146.0,43.6,55.6
s2b-r08,2,B,512,s2b-r08-49,512,512,0,10,512,512,1,10,1024,6,128,512,-1,1,0,-1,7,104,7,2,1632869,104,0,7,7,50.0,43.6,55.6
s2b-r08,2,B,512,s2b-r08-50,512,512,0,10,512,512,1,10,1024,6,128,512,-1,1,0,-1,7,90,7,2,1407369,104,0,7,7,210.0,43.6,55.6
s2b-r08,2,B,512,s2b-r08-51,512,512,0,10,512,512,1,10,1024,6,128,512,-1,1,0,-1,7,102,7,2,1600650,104,0,7,7,55.0,43.6,55.6
s2b-r08,2,B,512,s2b-r08-52,512,512,0,10,512,512,1,10,1024,6,128,512,-1,1,0,-1,7,98,7,2,1535532,104,0,7,7,126.0,43.6,55.6
s2b-r08,2,B,512,s2b-r08-53,512,512,0,10,512,512,1,10,1024,6,128,512,-1,1,0,-1,7,79,7,2,1234558,87,0,7,7,179.0,43.6,55.6
s2b-r08,2,B,512,s2b-r08-54,512,512,0,10,512,512,1,10,1024,6,128,512,-1,1,0,-1,7,106,7,2,1668030,106,0,7,7,53.0,43.6,55.6
s2b-r08,2,B,512,s2b-r08-55,512,512,0,10,512,512,1,10,1024,6,128,512,-1,1,0,-1,7,79,7,2,1248440,87,0,7,7,76.0,43.6,55.6
s2b-r08,2,B,512,s2b-r08-56,512,512,0,10,512,512,1,10,1024,6,128,512,-1,1,0,-1,7,106,7,2,1668128,106,0,7,7,50.0,43.6,55.6
s2b-r08,2,B,512,s2b-r08-57,512,512,0,10,512,512,1,10,1024,6,128,512,-1,1,0,-1,7,77,7,2,1218630,106,0,7,7,196.0,43.6,55.6
s2b-r08,2,B,512,s2b-r08-58,512,512,0,10,512,512,1,10,1024,6,128,512,-1,1,0,-1,7,104,7,2,1634551,106,0,7,7,56.0,43.6,55.6
s2b-r08,2,B,512,s2b-r08-59,512,512,0,10,512,512,1,10,1024,6,128,512,-1,1,0,-1,7,101,7,2,1589553,106,0,7,7,135.0,43.6,55.6
s2b-r08,2,B,512,s2b-r08-60,512,512,0,10,512,512,1,10,1024,6,128,512,-1,1,0,-1,7,106,7,2,1666831,106,0,7,7,54.0,43.6,55.6
s2b-r08,2,B,512,s2b-r08-61,512,512,0,10,512,512,1,10,1024,6,128,512,-1,1,0,-1,7,99,7,2,1557659,106,0,7,7,153.0,43.6,55.6
s2b-r08,2,B,512,s2b-r08-62,512,512,0,10,512,512,1,10,1024,6,128,512,-1,1,0,-1,7,88,7,2,1389982,106,0,7,7,48.0,43.6,55.6
s2b-r08,2,B,512,s2b-r08-63,512,512,0,10,512,512,1,10,1024,6,128,512,-1,1,0,-1,7,97,7,2,1524724,106,0,7,7,149.0,43.6,55.6
s2b-r08,2,B,512,s2b-r08-64,512,512,0,10,512,512,1,10,1024,6,128,512,-1,1,0,-1,7,108,7,2,1695085,108,0,7,7,49.0,43.6,55.6
s2b-r08,2,B,512,s2b-r08-65,512,512,0,10,512,512,1,10,1024,6,128,512,-1,1,0,-1,7,97,7,2,1521895,108,0,7,7,152.0,43.6,55.6
s2b-r08,2,B,512,s2b-r08-66,512,512,0,10,512,512,1,10,1024,6,128,512,-1,1,0,-1,7,101,7,2,1586580,108,0,7,7,50.0,43.6,55.6
s2b-r08,2,B,512,s2b-r08-67,512,512,0,10,512,512,1,10,1024,6,128,512,-1,1,0,-1,7,100,7,2,1575824,108,0,7,7,52.0,43.6,55.6
s2b-r08,2,B,512,s2b-r08-68,512,512,0,10,512,512,1,10,1024,6,128,512,-1,1,0,-1,7,101,7,2,1583864,108,0,7,7,139.0,43.6,55.6
s2b-r08,2,B,512,s2b-r08-69,512,512,0,10,512,512,1,10,1024,6,128,512,-1,1,0,-1,7,106,7,2,1662193,106,0,7,7,49.0,43.6,55.6
s2b-r08,2,B,512,s2b-r08-70,512,512,0,10,512,512,1,10,1024,6,128,512,-1,1,0,-1,7,101,7,2,1578638,106,0,7,7,210.0,43.6,55.6
s2b-r08,2,B,512,s2b-r08-71,512,512,0,10,512,512,1,10,1024,6,128,512,-1,1,0,-1,7,103,7,2,1614688,106,0,7,7,55.0,43.6,55.6
s2b-r08,2,B,512,s2b-r08-72,512,512,0,10,512,512,1,10,1024,6,128,512,-1,1,0,-1,7,101,7,2,1591822,106,0,7,7,185.0,43.6,55.6
s2b-r08,2,B,512,s2b-r08-73,512,512,0,10,512,512,1,10,1024,6,128,512,-1,1,0,-1,7,81,7,2,1273502,58,0,7,7,54.0,43.6,55.6
s2b-r08,2,B,512,s2b-r08-74,512,512,0,10,512,512,1,10,1024,6,128,512,-1,1,0,-1,7,98,7,2,1542834,98,0,7,7,83.0,43.6,55.6
s2b-r08,2,B,512,s2b-r08-75,512,512,0,10,512,512,1,10,1024,6,128,512,-1,1,0,-1,7,74,7,2,1168303,74,0,7,7,48.0,43.6,55.6
s2b-r08,2,B,512,s2b-r08-76,512,512,0,10,512,512,1,10,1024,6,128,512,-1,1,0,-1,7,97,7,2,1530474,97,0,7,7,47.0,43.6,55.6
s2b-r08,2,B,512,s2b-r08-77,512,512,0,10,512,512,1,10,1024,6,128,512,-1,1,0,-1,7,70,7,2,1109199,70,0,7,7,51.0,43.6,55.6
s2b-r08,2,B,512,s2b-r08-78,512,512,0,10,512,512,1,10,1024,6,128,512,-1,1,0,-1,7,98,7,2,1535503,98,0,7,7,248.0,43.6,55.6
s2b-r08,2,B,512,s2b-r08-79,512,512,0,10,512,512,1,10,1024,6,128,512,-1,1,0,-1,7,110,7,2,1720979,110,0,7,7,49.0,43.6,55.6
s2b-r08,2,B,512,s2b-r08-80,512,512,0,10,512,512,1,10,1024,6,128,512,-1,1,0,-1,7,98,7,2,1545477,98,0,7,7,126.0,43.6,55.6
s2b-r08,2,B,512,s2b-r08-81,512,512,0,10,512,512,1,10,1024,6,128,512,-1,1,0,-1,7,86,7,2,1352780,86,0,7,7,73.0,43.6,55.6
s2b-r08,2,B,512,s2b-r08-82,512,512,0,10,512,512,1,10,1024,6,128,512,-1,1,0,-1,7,103,7,2,1622323,103,0,7,7,50.0,43.6,55.6
s2b-r08,2,B,512,s2b-r08-83,512,512,0,10,512,512,1,10,1024,6,128,512,-1,1,0,-1,7,77,7,2,1214836,77,0,7,7,162.0,43.6,55.6
s2b-r08,2,B,512,s2b-r08-84,512,512,0,10,512,512,1,10,1024,6,128,512,-1,1,0,-1,7,114,7,2,1796808,114,0,7,7,52.0,43.6,55.6
s2b-r08,2,B,512,s2b-r08-85,512,512,0,10,512,512,1,10,1024,6,128,512,-1,1,0,-1,7,98,7,2,1533521,114,0,7,7,126.0,43.6,55.6
s2b-r08,2,B,512,s2b-r08-86,512,512,0,10,512,512,1,10,1024,6,128,512,-1,1,0,-1,7,102,7,2,1597622,114,0,7,7,52.0,43.6,55.6
s2b-r08,2,B,512,s2b-r08-87,512,512,0,10,512,512,1,10,1024,6,128,512,-1,1,0,-1,7,100,7,2,1563075,114,0,7,7,130.0,43.6,55.6
s2b-r08,2,B,512,s2b-r08-88,512,512,0,10,512,512,1,10,1024,6,128,512,-1,1,0,-1,7,80,7,2,1261004,55,0,7,7,53.0,43.6,55.6
s2b-r08,2,B,512,s2b-r08-89,512,512,0,10,512,512,1,10,1024,6,128,512,-1,1,0,-1,7,99,7,2,1547805,99,0,7,7,124.0,43.6,55.6
s2b-r08,2,B,512,s2b-r08-90,512,512,0,10,512,512,1,10,1024,6,128,512,-1,1,0,-1,7,101,7,2,1578976,101,0,7,7,49.0,43.6,55.6
s2b-r08,2,B,512,s2b-r08-91,512,512,0,10,512,512,1,10,1024,6,128,512,-1,1,0,-1,7,71,7,2,1116022,26,0,7,7,157.0,43.6,55.6
s2b-r08,2,B,512,s2b-r08-92,512,512,0,10,512,512,1,10,1024,6,128,512,-1,1,0,-1,7,111,7,2,1742676,111,0,7,7,54.0,43.6,55.6
s2b-r08,2,B,512,s2b-r08-93,512,512,0,10,512,512,1,10,1024,6,128,512,-1,1,0,-1,7,64,7,2,1000965,36,0,7,7,215.0,43.6,55.6
s2b-r08,2,B,512,s2b-r08-94,512,512,0,10,512,512,1,10,1024,6,128,512,-1,1,0,-1,7,109,7,2,1711954,109,0,7,7,54.0,43.6,55.6
s2b-r08,2,B,512,s2b-r08-95,512,512,0,10,512,512,1,10,1024,6,128,512,-1,1,0,-1,7,87,7,2,1373358,87,0,7,7,149.0,43.6,55.6
s2b-r08,2,B,512,s2b-r08-96,512,512,0,10,512,512,1,10,1024,6,128,512,-1,1,0,-1,7,105,7,2,1654105,105,0,7,7,50.0,43.6,55.6
s2b-r08,2,B,512,s2b-r08-97,512,512,0,10,512,512,1,10,1024,6,128,512,-1,1,0,-1,7,87,7,2,1361511,87,0,7,7,144.0,43.6,55.6
s2b-r08,2,B,512,s2b-r08-98,512,512,0,10,512,512,1,10,1024,6,128,512,-1,1,0,-1,7,101,7,2,1588750,101,0,7,7,48.0,43.6,55.6
s2b-r08,2,B,512,s2b-r08-99,512,512,0,10,512,512,1,10,1024,6,128,512,-1,1,0,-1,7,97,7,2,1525532,101,0,7,7,56.0,43.6,55.6
s2b-r08,2,B,512,s2b-r08-100,512,512,0,10,512,512,1,10,1024,6,128,512,-1,1,0,-1,7,78,7,2,1219624,101,0,7,7,54.0,43.6,55.6
s2b-r08,2,B,512,s2b-r08-101,512,512,0,10,512,512,1,10,1024,6,128,512,-1,1,0,-1,7,99,7,2,1554222,101,0,7,7,176.0,43.6,55.6
s2b-r08,2,B,512,s2b-r08-102,512,512,0,10,512,512,1,10,1024,6,128,512,-1,1,0,-1,7,103,7,2,1620073,103,0,7,7,53.0,43.6,55.6
s2b-r08,2,B,512,s2b-r08-103,512,512,0,10,512,512,1,10,1024,6,128,512,-1,1,0,-1,7,63,7,2,990947,103,0,7,7,143.0,43.6,55.6
s2b-r08,2,B,512,s2b-r08-104,512,512,0,10,512,512,1,10,1024,6,128,512,-1,1,0,-1,7,103,7,2,1609649,103,0,7,7,51.0,43.6,55.6
s2b-r08,2,B,512,s2b-r08-105,512,512,0,10,512,512,1,10,1024,6,128,512,-1,1,0,-1,7,95,7,2,1490374,95,0,7,7,154.0,43.6,55.6
s2b-r08,2,B,512,s2b-r08-106,512,512,0,10,512,512,1,10,1024,6,128,512,-1,1,0,-1,7,102,7,2,1594156,102,0,7,7,56.0,43.6,55.6
s2b-r08,2,B,512,s2b-r08-107,512,512,0,10,512,512,1,10,1024,6,128,512,-1,1,0,-1,7,98,7,2,1542360,98,0,7,7,162.0,43.6,55.6
s2b-r08,2,B,512,s2b-r08-108,512,512,0,10,512,512,1,10,1024,6,128,512,-1,1,0,-1,7,80,7,2,1256015,95,0,7,7,54.0,43.6,55.6
s2b-r08,2,B,512,s2b-r08-109,512,512,0,10,512,512,1,10,1024,6,128,512,-1,1,0,-1,7,101,7,2,1586419,101,0,7,7,132.0,43.6,55.6
s2b-r08,2,B,512,s2b-r08-110,512,512,0,10,512,512,1,10,1024,6,128,512,-1,1,0,-1,7,100,7,2,1575997,101,0,7,7,48.0,43.6,55.6
s2b-r08,2,B,512,s2b-r08-111,512,512,0,10,512,512,1,10,1024,6,128,512,-1,1,0,-1,7,71,7,2,1119817,101,0,7,7,174.0,43.6,55.6
s2b-r08,2,B,512,s2b-r08-112,512,512,0,10,512,512,1,10,1024,6,128,512,-1,1,0,-1,7,104,7,2,1631603,104,0,7,7,57.0,43.6,55.6
s2b-r08,2,B,512,s2b-r08-113,512,512,0,10,512,512,1,10,1024,6,128,512,-1,1,0,-1,7,101,7,2,1580356,101,0,7,7,65.0,43.6,55.6
s2b-r08,2,B,512,s2b-r08-114,512,512,0,10,512,512,1,10,1024,6,128,512,-1,1,0,-1,7,68,7,2,1070112,101,0,7,7,147.0,43.6,55.6
s2b-r08,2,B,512,s2b-r08-115,512,512,0,10,512,512,1,10,1024,6,128,512,-1,1,0,-1,7,103,7,2,1620204,103,0,7,7,52.0,43.6,55.6
s2b-r08,2,B,512,s2b-r08-116,512,512,0,10,512,512,1,10,1024,6,128,512,-1,1,0,-1,7,97,7,2,1528201,101,0,7,7,140.0,43.6,55.6
s2b-r08,2,B,512,s2b-r08-117,512,512,0,10,512,512,1,10,1024,6,128,512,-1,1,0,-1,7,95,7,2,1491175,95,0,7,7,49.0,43.6,55.6
s2b-r08,2,B,512,s2b-r08-118,512,512,0,10,512,512,1,10,1024,6,128,512,-1,1,0,-1,7,99,7,2,1554210,99,0,7,7,57.0,43.6,55.6
s2b-r08,2,B,512,s2b-r08-119,512,512,0,10,512,512,1,10,1024,6,128,512,-1,1,0,-1,7,80,7,2,1264011,80,0,7,7,58.0,43.6,55.6
s2b-r08,2,B,512,s2b-r08-120,512,512,0,10,512,512,1,10,1024,6,128,512,-1,1,0,-1,7,99,7,2,1555028,99,0,7,7,165.0,43.6,55.6
s2b-r08,2,B,512,s2b-r08-121,512,512,0,10,512,512,1,10,1024,6,128,512,-1,1,0,-1,7,102,7,2,1603172,102,0,7,7,57.0,43.6,55.6
s2b-r08,2,B,512,s2b-r08-122,512,512,0,10,512,512,1,10,1024,6,128,512,-1,1,0,-1,7,76,7,2,1197772,99,0,7,7,175.0,43.6,55.6
s2b-r08,2,B,512,s2b-r08-123,512,512,0,10,512,512,1,10,1024,6,128,512,-1,1,0,-1,7,103,7,2,1619786,103,0,7,7,52.0,43.6,55.6
s2b-r08,2,B,512,s2b-r08-124,512,512,0,10,512,512,1,10,1024,6,128,512,-1,1,0,-1,7,99,7,2,1552939,99,0,7,7,128.0,43.6,55.6
s2b-r08,2,B,512,s2b-r08-125,512,512,0,10,512,512,1,10,1024,6,128,512,-1,1,0,-1,7,87,7,2,1363244,99,0,7,7,48.0,43.6,55.6
s2b-r08,2,B,512,s2b-r08-126,512,512,0,10,512,512,1,10,1024,6,128,512,-1,1,0,-1,7,97,7,2,1522525,99,0,7,7,143.0,43.6,55.6
s2b-r08,2,B,512,s2b-r08-127,512,512,0,10,512,512,1,10,1024,6,128,512,-1,1,0,-1,7,104,7,2,1627443,104,0,7,7,54.0,43.6,55.6
s2b-r08,2,B,512,s2b-r08-128,512,512,0,10,512,512,1,10,1024,6,128,512,-1,1,0,-1,7,102,7,2,1604178,102,0,7,7,122.0,43.6,55.6
s2b-r08,2,B,512,s2b-r08-129,512,512,0,10,512,512,1,10,1024,6,128,512,-1,1,0,-1,7,87,7,2,1373720,102,0,7,7,154.0,43.6,55.6
s2b-r08,2,B,512,s2b-r08-130,512,512,0,10,512,512,1,10,1024,6,128,512,-1,1,0,-1,7,105,7,2,1641013,105,0,7,7,48.0,43.6,55.6
s2b-r08,2,B,512,s2b-r08-131,512,512,0,10,512,512,1,10,1024,6,64,512,6,1,0,-1,7,88,6,0,1377333,88,0,6,6,144.0,43.6,55.6
s2b-r08,2,B,512,s2b-r08-132,512,512,0,10,512,512,1,10,1024,6,64,512,-1,1,0,-1,6,111,6,2,1745847,111,0,6,6,130.0,43.6,55.6
s2b-r08,2,B,512,s2b-r08-133,512,512,0,10,512,512,1,10,1024,0,32,512,1,0,0,-1,6,71,5,0,1124848,88,0,5,0,84.0,43.6,55.6
s2b-r08,2,B,512,s2b-r08-134,512,512,0,10,512,512,1,10,1024,0,1,512,-1,0,0,-1,0,154,0,2,2408850,154,0,0,0,17.0,43.6,55.6
s2b-r08,2,B,512,s2b-r08-135,512,512,0,10,512,512,1,10,1024,0,1,512,-1,0,0,-1,0,91,0,2,1432494,5,0,0,0,62.0,43.6,55.6
s2b-r08,2,B,512,s2b-r08-136,512,512,0,10,512,512,1,10,1024,0,16,512,-1,0,0,-1,4,181,4,2,2831473,181,0,4,4,50.0,43.6,55.6
s2b-r08,2,B,512,s2b-r08-137,512,512,0,10,512,512,1,10,1024,0,16,512,-1,0,0,-1,4,99,4,2,1546919,85,0,4,4,20.0,43.6,55.6
s2b-r08,2,B,512,s2b-r08-138,512,512,0,10,512,512,1,10,1024,0,2,512,-1,0,0,-1,1,148,1,2,2326262,148,0,1,1,73.0,43.6,55.6
s2b-r08,2,B,512,s2b-r08-139,512,512,0,10,512,512,1,10,1024,0,2,512,-1,0,0,-1,1,148,1,2,2318129,148,0,1,1,67.0,43.6,55.6
s2b-r08,2,B,512,s2b-r08-140,512,512,0,10,512,512,1,10,1024,0,32,512,4,0,0,-1,1,157,5,0,2466647,157,0,5,5,48.0,43.6,55.6
s2b-r08,2,B,512,s2b-r08-141,512,512,0,10,512,512,1,10,1024,0,16,512,1,0,0,-1,5,163,4,0,2556329,163,0,4,4,39.0,43.6,55.6
s2b-r08,2,B,512,s2b-r08-142,512,512,0,10,512,512,1,10,1024,0,16,512,-1,0,0,-1,4,153,4,2,2400580,149,0,4,4,19.0,43.6,55.6
s2b-r08,2,B,512,s2b-r08-143,512,512,0,10,512,512,1,10,1024,0,16,512,-1,0,0,-1,4,173,4,2,2704076,173,0,4,4,16.0,43.6,55.6
s2b-r08,2,B,512,s2b-r08-144,512,512,0,10,512,512,1,10,1024,0,16,512,-1,0,0,-1,4,159,4,2,2490266,173,0,4,4,105.0,43.6,55.6
s2b-r08,2,B,512,s2b-r08-145,512,512,0,10,512,512,1,10,1024,0,16,512,-1,0,0,-1,4,157,4,2,2467155,173,0,4,4,59.0,43.6,55.6
s2b-r08,2,B,512,s2b-r08-146,512,512,0,10,512,512,1,10,1024,6,16,512,1,1,0,-1,4,127,4,0,1994892,19,1,4,4,35.0,43.6,55.6
s2b-r08,2,B,512,s2b-r08-147,512,512,0,10,512,512,1,10,1024,0,32,512,5,0,0,-1,4,155,4,0,2432030,155,0,4,5,417.0,43.6,55.6
s2b-r08,2,B,512,s2b-r08-148,512,512,0,10,512,512,1,10,1024,0,32,512,-1,0,0,-1,5,104,5,2,1631174,104,0,5,5,65.0,43.6,55.6
s2b-r08,2,B,512,s2b-r08-149,512,512,0,10,512,512,1,10,1024,6,32,512,0,1,0,-1,5,149,5,0,2334287,155,1,5,5,117.0,43.6,55.6
s2b-r08,2,B,512,s2b-r08-150,512,512,0,10,512,512,1,10,1024,6,2,512,1,1,0,-1,5,156,1,0,2449107,156,1,1,1,152.0,43.6,55.6
s2b-r08,2,B,512,s2b-r08-151,512,512,0,10,512,512,1,10,1024,0,1,512,0,0,0,-1,1,121,0,0,1892540,5,0,0,0,57.0,43.6,55.6
s2b-r08,2,B,512,s2b-r08-152,512,512,0,10,512,512,1,10,1024,6,1,512,0,1,0,-1,0,193,0,0,3017807,193,1,0,0,21.0,43.6,55.6
s2b-r08,2,B,512,s2b-r08-153,512,512,0,10,512,512,1,10,1024,6,1,512,0,1,0,-1,0,108,0,0,1691392,103,1,0,0,33.0,43.6,55.6
s2b-r08,2,B,512,s2b-r08-154,512,512,0,10,512,512,1,10,1024,0,1,512,-1,0,0,-1,0,161,0,2,2528395,161,0,0,0,18.0,43.6,55.6
s2b-r08,2,B,512,s2b-r08-155,512,512,0,10,512,512,1,10,1024,0,2,512,-1,0,0,-1,1,154,1,2,2409927,161,0,1,1,13.0,43.6,55.6
s2b-r08,2,B,512,s2b-r08-156,512,512,0,10,512,512,1,10,1024,0,1,512,-1,0,0,-1,0,151,0,2,2373611,161,0,0,0,21.0,43.6,55.6
s2b-r08,2,B,512,s2b-r08-157,512,512,0,10,512,512,1,10,1024,6,64,512,6,1,0,-1,1,160,6,0,2500406,161,0,6,6,73.0,43.6,55.6
s2b-r08,2,B,512,s2b-r08-158,512,512,0,10,512,512,1,10,1024,0,1,512,0,0,0,-1,6,146,0,0,2282174,102,0,0,0,134.0,43.6,55.6
s2b-r08,2,B,512,s2b-r08-159,512,512,0,10,512,512,1,10,1024,6,128,512,7,1,0,-1,0,161,7,0,2529139,161,0,7,7,69.0,43.6,55.6
s2b-r08,2,B,512,s2b-r08-160,512,512,0,10,512,512,1,10,1024,6,64,512,6,1,0,-1,7,135,6,0,2111350,99,0,6,6,52.0,43.6,55.6
s2b-r08,2,B,512,s2b-r08-161,512,512,0,10,512,512,1,10,1024,6,64,512,-1,1,0,-1,6,125,6,2,1954106,101,0,6,6,124.0,43.6,55.6
s2b-r08,2,B,512,s2b-r08-162,512,512,0,10,512,512,1,10,1024,6,64,512,-1,1,0,-1,6,114,6,2,1789505,107,0,6,6,47.0,43.6,55.6
s2b-r08,2,B,512,s2b-r08-163,512,512,0,10,512,512,1,10,1024,6,64,512,-1,1,0,-1,6,113,6,2,1779706,99,0,6,6,146.0,43.6,55.6
s2b-r08,2,B,512,s2b-r08-164,512,512,0,10,512,512,1,10,1024,6,64,512,-1,1,0,-1,6,101,6,2,1591985,101,0,6,6,52.0,43.6,55.6
s2b-r08,2,B,512,s2b-r08-165,512,512,0,10,512,512,1,10,1024,6,64,512,-1,1,0,-1,6,101,6,2,1590866,101,0,6,6,148.0,43.6,55.6
s2b-r08,2,B,512,s2b-r08-166,512,512,0,10,512,512,1,10,1024,6,64,512,-1,1,0,-1,6,80,6,2,1262685,101,0,6,6,49.0,43.6,55.6
s2b-r08,2,B,512,s2b-r08-167,512,512,0,10,512,512,1,10,1024,6,64,512,-1,1,0,-1,6,99,6,2,1561276,101,0,6,6,137.0,43.6,55.6
s2b-r08,2,B,512,s2b-r08-168,512,512,0,10,512,512,1,10,1024,6,64,512,-1,1,0,-1,6,102,6,2,1594807,102,0,6,6,54.0,43.6,55.6
s2b-r08,2,B,512,s2b-r08-169,512,512,0,10,512,512,1,10,1024,6,64,512,-1,1,0,-1,6,72,6,2,1138254,102,0,6,6,172.0,43.6,55.6
s2b-r08,2,B,512,s2b-r08-170,512,512,0,10,512,512,1,10,1024,6,64,512,-1,1,0,-1,6,105,6,2,1649221,105,0,6,6,61.0,43.6,55.6
s2b-r08,2,B,512,s2b-r08-171,512,512,0,10,512,512,1,10,1024,6,64,512,-1,1,0,-1,6,99,6,2,1557296,102,0,6,6,73.0,43.6,55.6
s2b-r08,2,B,512,s2b-r08-172,512,512,0,10,512,512,1,10,1024,6,64,512,-1,1,0,-1,6,68,6,2,1067245,60,0,6,6,51.0,43.6,55.6
s2b-r08,2,B,512,s2b-r08-173,512,512,0,10,512,512,1,10,1024,6,64,512,-1,1,0,-1,6,97,6,2,1527824,97,0,6,6,51.0,43.6,55.6
s2b-r08,2,B,512,s2b-r08-174,512,512,0,10,512,512,1,10,1024,6,64,512,-1,1,0,-1,6,99,6,2,1552647,99,0,6,6,175.0,43.6,55.6
s2b-r08,2,B,512,s2b-r08-175,512,512,0,10,512,512,1,10,1024,6,64,512,-1,1,0,-1,6,77,6,2,1204167,77,0,6,6,51.0,43.6,55.6
s2b-r08,2,B,512,s2b-r08-176,512,512,0,10,512,512,1,10,1024,6,64,512,-1,1,0,-1,6,99,6,2,1552506,99,0,6,6,48.0,43.6,55.6
s2b-r08,2,B,512,s2b-r08-177,512,512,0,10,512,512,1,10,1024,6,64,512,-1,1,0,-1,6,74,6,2,1164363,77,0,6,6,146.0,43.6,55.6
s2b-r08,2,B,512,s2b-r08-178,512,512,0,10,512,512,1,10,1024,6,64,512,-1,1,0,-1,6,104,6,2,1639868,104,0,6,6,48.0,43.6,55.6
s2b-r08,2,B,512,s2b-r08-179,512,512,0,10,512,512,1,10,1024,6,64,512,-1,1,0,-1,6,86,6,2,1349533,86,0,6,6,153.0,43.6,55.6
s2b-r08,2,B,512,s2b-r08-180,512,512,0,10,512,512,1,10,1024,6,64,512,-1,1,0,-1,6,105,6,2,1653065,105,0,6,6,57.0,43.6,55.6
s2b-r08,2,B,512,s2b-r08-181,512,512,0,10,512,512,1,10,1024,6,64,512,-1,1,0,-1,6,100,6,2,1570225,100,0,6,6,172.0,43.6,55.6
s2b-r08,2,B,512,s2b-r08-182,512,512,0,10,512,512,1,10,1024,6,64,512,-1,1,0,-1,6,80,6,2,1264369,67,0,6,6,54.0,43.6,55.6
s2b-r08,2,B,512,s2b-r08-183,512,512,0,10,512,512,1,10,1024,6,64,512,-1,1,0,-1,6,100,6,2,1570160,100,0,6,6,150.0,43.6,55.6
s2b-r08,2,B,512,s2b-r08-184,512,512,0,10,512,512,1,10,1024,6,64,512,-1,1,0,-1,6,101,6,2,1589514,101,0,6,6,55.0,43.6,55.6
s2b-r08,2,B,512,s2b-r08-185,512,512,0,10,512,512,1,10,1024,6,64,512,-1,1,0,-1,6,74,6,2,1166023,67,0,6,6,155.0,43.6,55.6
s2b-r08,2,B,512,s2b-r08-186,512,512,0,10,512,512,1,10,1024,6,64,512,-1,1,0,-1,6,102,6,2,1599221,102,0,6,6,50.0,43.6,55.6
s2b-r08,2,B,512,s2b-r08-187,512,512,0,10,512,512,1,10,1024,6,64,512,-1,1,0,-1,6,97,6,2,1521632,102,0,6,6,102.0,43.6,55.6
s2b-r08,2,B,512,s2b-r08-188,512,512,0,10,512,512,1,10,1024,6,64,512,-1,1,0,-1,6,75,6,2,1185507,102,0,6,6,46.0,43.6,55.6
s2b-r08,2,B,512,s2b-r08-189,512,512,0,10,512,512,1,10,1024,6,64,512,-1,1,0,-1,6,98,6,2,1539246,102,0,6,6,126.0,43.6,55.6
s2b-r08,2,B,512,s2b-r08-190,512,512,0,10,512,512,1,10,1024,6,64,512,-1,1,0,-1,6,101,6,2,1591346,101,0,6,6,49.0,43.6,55.6
s2b-r08,2,B,512,s2b-r08-191,512,512,0,10,512,512,1,10,1024,6,64,512,-1,1,0,-1,6,75,6,2,1187375,101,0,6,6,139.0,43.6,55.6
s2b-r08,2,B,512,s2b-r08-192,512,512,0,10,512,512,1,10,1024,6,64,512,-1,1,0,-1,6,101,6,2,1587497,101,0,6,6,51.0,43.6,55.6
s2b-r08,2,B,512,s2b-r08-193,512,512,0,10,512,512,1,10,1024,6,64,512,-1,1,0,-1,6,97,6,2,1528591,101,0,6,6,500.0,43.6,55.6
s2b-r08,2,B,512,s2b-r08-194,512,512,0,10,512,512,1,10,1024,6,64,512,-1,1,0,-1,6,117,6,2,1839785,117,0,6,6,48.0,43.6,55.6
s2b-r08,2,B,512,s2b-r08-195,512,512,0,10,512,512,1,10,1024,6,64,512,-1,1,0,-1,6,99,6,2,1549351,117,0,6,6,132.0,43.6,55.6
s2b-r08,2,B,512,s2b-r08-196,512,512,0,10,512,512,1,10,1024,6,64,512,-1,1,0,-1,6,103,6,2,1617412,117,0,6,6,49.0,43.6,55.6
s2b-r08,2,B,512,s2b-r08-197,512,512,0,10,512,512,1,10,1024,6,64,512,-1,1,0,-1,6,102,6,2,1606629,117,0,6,6,180.0,43.6,55.6
s2b-r08,2,B,512,s2b-r08-198,512,512,0,10,512,512,1,10,1024,6,64,512,-1,1,0,-1,6,103,6,2,1624402,117,0,6,6,50.0,43.6,55.6
s2b-r08,2,B,512,s2b-r08-199,512,512,0,10,512,512,1,10,1024,6,64,512,-1,1,0,-1,6,80,6,2,1264203,70,0,6,6,148.0,43.6,55.6
s2b-r08,2,B,512,s2b-r08-200,512,512,0,10,512,512,1,10,1024,6,64,512,-1,1,0,-1,6,102,6,2,1600085,102,0,6,6,49.0,43.6,55.6
s2b-r08,2,B,512,s2b-r08-201,512,512,0,10,512,512,1,10,1024,6,64,512,-1,1,0,-1,6,98,6,2,1534879,98,0,6,6,143.0,43.6,55.6
s2b-r08,2,B,512,s2b-r08-202,512,512,0,10,512,512,1,10,1024,6,64,512,-1,1,0,-1,6,106,6,2,1657089,106,0,6,6,53.0,43.6,55.6
s2b-r08,2,B,512,s2b-r08-203,512,512,0,10,512,512,1,10,1024,6,64,512,-1,1,0,-1,6,100,6,2,1563310,106,0,6,6,194.0,43.6,55.6
s2b-r08,2,B,512,s2b-r08-204,512,512,0,10,512,512,1,10,1024,6,64,512,-1,1,0,-1,6,104,6,2,1631940,106,0,6,6,49.0,43.6,55.6
s2b-r08,2,B,512,s2b-r08-205,512,512,0,10,512,512,1,10,1024,6,64,512,-1,1,0,-1,6,98,6,2,1541414,106,0,6,6,176.0,43.6,55.6
s2b-r08,2,B,512,s2b-r08-206,512,512,0,10,512,512,1,10,1024,6,64,512,-1,1,0,-1,6,102,6,2,1596568,106,0,6,6,51.0,43.6,55.6
s2b-r08,2,B,512,s2b-r08-207,512,512,0,10,512,512,1,10,1024,6,64,512,-1,1,0,-1,6,80,6,2,1264775,68,0,6,6,149.0,43.6,55.6
s2b-r08,2,B,512,s2b-r08-208,512,512,0,10,512,512,1,10,1024,6,64,512,-1,1,0,-1,6,104,6,2,1639303,104,0,6,6,49.0,43.6,55.6
s2b-r08,2,B,512,s2b-r08-209,512,512,0,10,512,512,1,10,1024,6,64,512,-1,1,0,-1,6,98,6,2,1536842,98,0,6,6,125.0,43.6,55.6
s2b-r08,2,B,512,s2b-r08-210,512,512,0,10,512,512,1,10,1024,6,64,512,-1,1,0,-1,6,97,6,2,1517806,97,0,6,6,50.0,43.6,55.6
s2b-r08,2,B,512,s2b-r08-211,512,512,0,10,512,512,1,10,1024,6,64,512,-1,1,0,-1,6,99,6,2,1559808,99,0,6,6,208.0,43.6,55.6
s2b-r08,2,B,512,s2b-r08-212,512,512,0,10,512,512,1,10,1024,6,64,512,-1,1,0,-1,6,106,6,2,1657790,106,0,6,6,54.0,43.6,55.6
s2b-r08,2,B,512,s2b-r08-213,512,512,0,10,512,512,1,10,1024,6,64,512,-1,1,0,-1,6,81,6,2,1272921,97,0,6,6,208.0,43.6,55.6
s2b-r08,2,B,512,s2b-r08-214,512,512,0,10,512,512,1,10,1024,6,64,512,-1,1,0,-1,6,105,6,2,1654432,105,0,6,6,48.0,43.6,55.6
s2b-r08,2,B,512,s2b-r08-215,512,512,0,10,512,512,1,10,1024,6,64,512,-1,1,0,-1,6,99,6,2,1548670,105,0,6,6,171.0,43.6,55.6
s2b-r08,2,B,512,s2b-r08-216,512,512,0,10,512,512,1,10,1024,6,64,512,-1,1,0,-1,6,103,6,2,1610365,105,0,6,6,50.0,43.6,55.6
s2b-r08,2,B,512,s2b-r08-217,512,512,0,10,512,512,1,10,1024,6,64,512,-1,1,0,-1,6,97,6,2,1528596,105,0,6,6,131.0,43.6,55.6
s2b-r08,2,B,512,s2b-r08-218,512,512,0,10,512,512,1,10,1024,6,64,512,-1,1,0,-1,6,100,6,2,1576666,100,0,6,6,52.0,43.6,55.6
s2b-r08,2,B,512,s2b-r08-219,512,512,0,10,512,512,1,10,1024,6,64,512,-1,1,0,-1,6,80,6,2,1250285,100,0,6,6,150.0,43.6,55.6
s2b-r08,2,B,512,s2b-r08-220,512,512,0,10,512,512,1,10,1024,6,64,512,-1,1,0,-1,6,102,6,2,1607154,102,0,6,6,51.0,43.6,55.6
s2b-r08,2,B,512,s2b-r08-221,512,512,0,10,512,512,1,10,1024,6,64,512,-1,1,0,-1,6,98,6,2,1537904,100,0,6,6,202.0,43.6,55.6
s2b-r08,2,B,512,s2b-r08-222,512,512,0,10,512,512,1,10,1024,6,64,512,-1,1,0,-1,6,94,6,2,1476425,94,0,6,6,46.0,43.6,55.6
s2b-r08,2,B,512,s2b-r08-223,512,512,0,10,512,512,1,10,1024,6,64,512,-1,1,0,-1,6,98,6,2,1546801,98,0,6,6,161.0,43.6,55.6
s2b-r08,2,B,512,s2b-r08-224,512,512,0,10,512,512,1,10,1024,6,64,512,-1,1,0,-1,6,104,6,2,1632385,104,0,6,6,48.0,43.6,55.6
s2b-r08,2,B,512,s2b-r08-225,512,512,0,10,512,512,1,10,1024,6,64,512,-1,1,0,-1,6,79,6,2,1244083,69,0,6,6,158.0,43.6,55.6
s2b-r08,2,B,512,s2b-r08-226,512,512,0,10,512,512,1,10,1024,6,64,512,-1,1,0,-1,6,103,6,2,1623170,103,0,6,6,51.0,43.6,55.6
s2b-r08,2,B,512,s2b-r08-227,512,512,0,10,512,512,1,10,1024,6,64,512,-1,1,0,-1,6,97,6,2,1519447,97,0,6,6,149.0,43.6,55.6
s2b-r08,2,B,512,s2b-r08-228,512,512,0,10,512,512,1,10,1024,6,64,512,-1,1,0,-1,6,102,6,2,1608904,102,0,6,6,49.0,43.6,55.6
s2b-r08,2,B,512,s2b-r08-229,512,512,0,10,512,512,1,10,1024,6,64,512,-1,1,0,-1,6,100,6,2,1575155,100,0,6,6,160.0,43.6,55.6
s2b-r08,2,B,512,s2b-r08-230,512,512,0,10,512,512,1,10,1024,6,64,512,-1,1,0,-1,6,107,6,2,1676700,107,0,6,6,58.0,43.6,55.6
s2b-r08,2,B,512,s2b-r08-231,512,512,0,10,512,512,1,10,1024,6,64,512,-1,1,0,-1,6,97,6,2,1528297,100,0,6,6,126.0,43.6,55.6
s2b-r08,2,B,512,s2b-r08-232,512,512,0,10,512,512,1,10,1024,6,64,512,-1,1,0,-1,6,101,6,2,1591627,100,0,6,6,47.0,43.6,55.6
s2b-r08,2,B,512,s2b-r08-233,512,512,0,10,512,512,1,10,1024,6,64,512,-1,1,0,-1,6,100,6,2,1575806,100,0,6,6,148.0,43.6,55.6
s2b-r08,2,B,512,s2b-r08-234,512,512,0,10,512,512,1,10,1024,6,64,512,-1,1,0,-1,6,104,6,2,1633985,104,0,6,6,56.0,43.6,55.6
s2b-r08,2,B,512,s2b-r08-235,512,512,0,10,512,512,1,10,1024,6,64,512,-1,1,0,-1,6,81,6,2,1269273,104,0,6,6,173.0,43.6,55.6
s2b-r08,2,B,512,s2b-r08-236,512,512,0,10,512,512,1,10,1024,6,64,512,-1,1,0,-1,6,104,6,2,1633917,104,0,6,6,48.0,43.6,55.6
s2b-r08,2,B,512,s2b-r08-237,512,512,0,10,512,512,1,10,1024,6,64,512,-1,1,0,-1,6,99,6,2,1553214,104,0,6,6,294.0,43.6,55.6
s2b-r08,2,B,512,s2b-r08-238,512,512,0,10,512,512,1,10,1024,6,64,512,-1,1,0,-1,6,116,6,2,1817902,116,0,6,6,57.0,43.6,55.6
s2b-r08,2,B,512,s2b-r08-239,512,512,0,10,512,512,1,10,1024,6,64,512,-1,1,0,-1,6,100,6,2,1570775,116,0,6,6,445.0,43.6,55.6
s2b-r08,2,B,512,s2b-r08-240,512,512,0,10,512,512,1,10,1024,6,64,512,-1,1,0,-1,6,116,6,2,1827418,116,0,6,6,57.0,43.6,55.6
s2b-r08,2,B,512,s2b-r08-241,512,512,0,10,512,512,1,10,1024,6,128,512,7,1,0,-1,6,87,7,0,1363439,116,0,7,7,212.0,43.6,55.6
s2b-r08,2,B,512,s2b-r08-242,512,512,0,10,512,512,1,10,1024,6,128,512,-1,1,0,-1,7,106,7,2,1665294,106,0,7,7,52.0,43.6,55.6
s2b-r08,2,B,512,s2b-r08-243,512,512,0,10,512,512,1,10,1024,6,128,512,-1,1,0,-1,7,75,7,2,1185256,106,0,7,7,47.0,43.6,55.6
s2b-r08,2,B,512,s2b-r08-244,512,512,0,10,512,512,1,10,1024,6,128,512,-1,1,0,-1,7,98,7,2,1540230,106,0,7,7,153.0,43.6,55.6
s2b-r08,2,B,512,s2b-r08-245,512,512,0,10,512,512,1,10,1024,6,128,512,-1,1,0,-1,7,102,7,2,1608003,106,0,7,7,53.0,43.6,55.6
s2b-r08,2,B,512,s2b-r08-246,512,512,0,10,512,512,1,10,1024,6,128,512,-1,1,0,-1,7,75,7,2,1181755,72,0,7,7,55.0,43.6,55.6
s2b-r08,2,B,512,s2b-r08-247,512,512,0,10,512,512,1,10,1024,6,128,512,-1,1,0,-1,7,97,7,2,1523244,97,0,7,7,156.0,43.6,55.6
s2b-r08,2,B,512,s2b-r08-248,512,512,0,10,512,512,1,10,1024,6,128,512,-1,1,0,-1,7,103,7,2,1610369,103,0,7,7,54.0,43.6,55.6
s2b-r08,2,B,512,s2b-r08-249,512,512,0,10,512,512,1,10,1024,6,128,512,-1,1,0,-1,7,66,7,2,1041838,52,0,7,7,197.0,43.6,55.6
s2b-r08,2,B,512,s2b-r08-250,512,512,0,10,512,512,1,10,1024,6,128,512,-1,1,0,-1,7,108,7,2,1693960,108,0,7,7,56.0,43.6,55.6
s2b-r08,2,B,512,s2b-r08-251,512,512,0,10,512,512,1,10,1024,6,128,512,-1,1,0,-1,7,87,7,2,1368713,87,0,7,7,50.0,43.6,55.6
s2b-r08,2,B,512,s2b-r08-252,512,512,0,10,512,512,1,10,1024,6,128,512,-1,1,0,-1,7,98,7,2,1541929,98,0,7,7,155.0,43.6,55.6
s2b-r08,2,B,512,s2b-r08-253,512,512,0,10,512,512,1,10,1024,6,128,512,-1,1,0,-1,7,111,7,2,1740328,111,0,7,7,52.0,43.6,55.6
s2b-r08,2,B,512,s2b-r08-254,512,512,0,10,512,512,1,10,1024,6,128,512,-1,1,0,-1,7,102,7,2,1595530,111,0,7,7,357.0,43.6,55.6
s2b-r08,2,B,512,s2b-r08-255,512,512,0,10,512,512,1,10,1024,6,128,512,-1,1,0,-1,7,104,7,2,1637273,111,0,7,7,48.0,43.6,55.6
s2b-r08,2,B,512,s2b-r08-256,512,512,0,10,512,512,1,10,1024,6,128,512,-1,1,0,-1,7,102,7,2,1608157,111,0,7,7,128.0,43.6,55.6
s2b-r08,2,B,512,s2b-r08-257,512,512,0,10,512,512,1,10,1024,6,128,512,-1,1,0,-1,7,103,7,2,1620004,111,0,7,7,48.0,43.6,55.6
s2b-r08,2,B,512,s2b-r08-258,512,512,0,10,512,512,1,10,1024,6,128,512,-1,1,0,-1,7,80,7,2,1263458,68,0,7,7,154.0,43.6,55.6
s2b-r08,2,B,512,s2b-r08-259,512,512,0,10,512,512,1,10,1024,6,128,512,-1,1,0,-1,7,104,7,2,1636923,104,0,7,7,57.0,43.6,55.6
s2b-r08,2,B,512,s2b-r08-260,512,512,0,10,512,512,1,10,1024,6,128,512,-1,1,0,-1,7,98,7,2,1538419,98,0,7,7,88.0,43.6,55.6
s2b-r08,2,B,512,s2b-r08-261,512,512,0,10,512,512,1,10,1024,6,128,512,-1,1,0,-1,7,77,7,2,1208768,77,0,7,7,53.0,43.6,55.6
s2b-r08,2,B,512,s2b-r08-262,512,512,0,10,512,512,1,10,1024,6,128,512,-1,1,0,-1,7,100,7,2,1567639,100,0,7,7,179.0,43.6,55.6
s2b-r08,2,B,512,s2b-r08-263,512,512,0,10,512,512,1,10,1024,6,128,512,-1,1,0,-1,7,104,7,2,1635198,104,0,7,7,53.0,43.6,55.6
s2b-r08,2,B,512,s2b-r08-264,512,512,0,10,512,512,1,10,1024,6,128,512,-1,1,0,-1,7,77,7,2,1210325,77,0,7,7,147.0,43.6,55.6
s2b-r08,2,B,512,s2b-r08-265,512,512,0,10,512,512,1,10,1024,6,128,512,-1,1,0,-1,7,103,7,2,1620044,103,0,7,7,53.0,43.6,55.6
s2b-r08,2,B,512,s2b-r08-266,512,512,0,10,512,512,1,10,1024,6,128,512,-1,1,0,-1,7,98,7,2,1533978,103,0,7,7,149.0,43.6,55.6
s2b-r08,2,B,512,s2b-r08-267,512,512,0,10,512,512,1,10,1024,6,128,512,-1,1,0,-1,7,106,7,2,1671371,106,0,7,7,53.0,43.6,55.6
s2b-r08,2,B,512,s2b-r08-268,512,512,0,10,512,512,1,10,1024,6,128,512,-1,1,0,-1,7,100,7,2,1574581,103,0,7,7,129.0,43.6,55.6
s2b-r08,2,B,512,s2b-r08-269,512,512,0,10,512,512,1,10,1024,0,1,512,0,0,0,-1,7,101,0,0,1583138,101,0,0,0,64.0,43.6,55.6
s2b-r08,2,B,512,s2b-r08-270,512,512,0,10,512,512,1,10,1024,0,1,512,-1,0,0,-1,0,150,0,2,2356873,150,0,0,0,14.0,43.6,55.6
s2b-r08,2,B,512,s2b-r08-271,512,512,0,10,512,512,1,10,1024,6,64,512,6,1,0,-1,0,152,6,0,2380618,152,0,6,6,85.0,43.6,55.6
s2b-r08,2,B,512,s2b-r08-272,512,512,0,10,512,512,1,10,1024,6,64,512,-1,1,0,-1,6,122,6,2,1914377,107,0,6,6,56.0,43.6,55.6
s2b-r08,2,B,512,s2b-r08-273,512,512,0,10,512,512,1,10,1024,0,16,512,0,0,0,-1,6,122,4,0,1908956,101,0,4,4,122.0,43.6,55.6
s2b-r08,2,B,512,s2b-r08-274,512,512,0,10,512,512,1,10,1024,6,128,512,7,1,0,-1,4,103,7,0,1616503,3,0,7,7,102.0,43.6,55.6
s2b-r08,2,B,512,s2b-r08-275,512,512,0,10,512,512,1,10,1024,6,128,512,-1,1,0,-1,7,101,7,2,1581318,101,0,7,7,17.0,43.6,55.6
s2b-r08,2,B,512,s2b-r08-276,512,512,0,10,512,512,1,10,1024,6,128,512,-1,1,0,-1,7,96,7,2,1512448,96,0,7,7,24.0,43.6,55.6
s2b-r08,2,B,512,s2b-r08-277,512,512,0,10,512,512,1,10,1024,6,128,512,-1,1,0,-1,7,101,7,2,1592822,101,0,7,7,36.0,43.6,55.6
s2b-r08,2,B,512,s2b-r08-278,512,512,0,10,512,512,1,10,1024,6,128,512,-1,1,0,-1,7,101,7,2,1580650,101,0,7,7,61.0,43.6,55.6
s2b-r08,2,B,512,s2b-r08-279,512,512,0,10,512,512,1,10,1024,6,128,512,-1,1,0,-1,7,80,7,2,1253149,101,0,7,7,48.0,43.6,55.6
s2b-r08,2,B,512,s2b-r08-280,512,512,0,10,512,512,1,10,1024,6,128,512,-1,1,0,-1,7,98,7,2,1543833,101,0,7,7,160.0,43.6,55.6
s2b-r08,2,B,512,s2b-r08-281,512,512,0,10,512,512,1,10,1024,6,128,512,-1,1,0,-1,7,102,7,2,1609320,102,0,7,7,48.0,43.6,55.6
s2b-r08,2,B,512,s2b-r08-282,512,512,0,10,512,512,1,10,1024,6,128,512,-1,1,0,-1,7,76,7,2,1187790,65,0,7,7,153.0,43.6,55.6
s2b-r08,2,B,512,s2b-r08-283,512,512,0,10,512,512,1,10,1024,6,128,512,-1,1,0,-1,7,101,7,2,1588260,101,0,7,7,58.0,43.6,55.6
s2b-r08,2,B,512,s2b-r08-284,512,512,0,10,512,512,1,10,1024,6,128,512,-1,1,0,-1,7,102,7,2,1602590,102,0,7,7,263.0,43.6,55.6
s2b-r08,2,B,512,s2b-r08-285,512,512,0,10,512,512,1,10,1024,6,128,512,-1,1,0,-1,7,108,7,2,1701061,108,0,7,7,48.0,43.6,55.6
s2b-r08,2,B,512,s2b-r08-286,512,512,0,10,512,512,1,10,1024,6,128,512,-1,1,0,-1,7,97,7,2,1527431,97,0,7,7,158.0,43.6,55.6
s2b-r08,2,B,512,s2b-r08-287,512,512,0,10,512,512,1,10,1024,6,128,512,-1,1,0,-1,7,107,7,2,1674923,107,0,7,7,48.0,43.6,55.6
s2b-r08,2,B,512,s2b-r08-288,512,512,0,10,512,512,1,10,1024,6,128,512,-1,1,0,-1,7,102,7,2,1609265,98,0,7,7,152.0,43.6,55.6
s2b-r08,2,B,512,s2b-r08-289,512,512,0,10,512,512,1,10,1024,6,128,512,-1,1,0,-1,7,102,7,2,1607268,101,0,7,7,51.0,43.6,55.6
s2b-r08,2,B,512,s2b-r08-290,512,512,0,10,512,512,1,10,1024,6,128,512,-1,1,0,-1,7,100,7,2,1577260,99,0,7,7,118.0,43.6,55.6
s2b-r08,2,B,512,s2b-r08-291,512,512,0,10,512,512,1,10,1024,6,128,512,-1,1,0,-1,7,101,7,2,1591827,101,0,7,7,47.0,43.6,55.6
s2b-r08,2,B,512,s2b-r08-292,512,512,0,10,512,512,1,10,1024,6,128,512,-1,1,0,-1,7,80,7,2,1253055,101,0,7,7,123.0,43.6,55.6
s2b-r08,2,B,512,s2b-r08-293,512,512,0,10,512,512,1,10,1024,6,128,512,-1,1,0,-1,7,100,7,2,1570267,101,0,7,7,51.0,43.6,55.6
s2b-r08,2,B,512,s2b-r08-294,512,512,0,10,512,512,1,10,1024,6,128,512,-1,1,0,-1,7,98,7,2,1545847,101,0,7,7,131.0,43.6,55.6
s2b-r08,2,B,512,s2b-r08-295,512,512,0,10,512,512,1,10,1024,6,128,512,-1,1,0,-1,7,91,7,2,1424964,91,0,7,7,48.0,43.6,55.6
s2b-r08,2,B,512,s2b-r08-296,512,512,0,10,512,512,1,10,1024,6,128,512,-1,1,0,-1,7,97,7,2,1522323,97,0,7,7,142.0,43.6,55.6
s2b-r08,2,B,512,s2b-r08-297,512,512,0,10,512,512,1,10,1024,6,128,512,-1,1,0,-1,7,103,7,2,1624856,103,0,7,7,47.0,43.6,55.6
s2b-r08,2,B,512,s2b-r08-298,512,512,0,10,512,512,1,10,1024,6,128,512,-1,1,0,-1,7,98,7,2,1544752,98,0,7,7,143.0,43.6,55.6
s2b-r08,2,B,512,s2b-r08-299,512,512,0,10,512,512,1,10,1024,6,128,512,-1,1,0,-1,7,102,7,2,1597684,102,0,7,7,50.0,43.6,55.6
s2b-r08,2,B,512,s2b-r08-300,512,512,0,10,512,512,1,10,1024,6,128,512,-1,1,0,-1,7,100,7,2,1570032,102,0,7,7,93.0,43.6,55.6
s2b-r08,2,B,512,s2b-r08-301,512,512,0,10,512,512,1,10,1024,6,128,512,-1,1,0,-1,7,103,7,2,1616915,103,0,7,7,48.0,43.6,55.6
s2b-r08,2,B,512,s2b-r08-302,512,512,0,10,512,512,1,10,1024,6,128,512,-1,1,0,-1,7,80,7,2,1260350,102,0,7,7,153.0,43.6,55.6
s2b-r08,2,B,512,s2b-r08-303,512,512,0,10,512,512,1,10,1024,6,128,512,-1,1,0,-1,7,105,7,2,1653077,105,0,7,7,50.0,43.6,55.6
s2b-r08,2,B,512,s2b-r08-304,512,512,0,10,512,512,1,10,1024,0,1,512,0,0,0,-1,7,97,0,0,1524796,105,0,0,0,57.0,43.6,55.6
s2b-r08,2,B,512,s2b-r08-305,512,512,0,10,512,512,1,10,1024,6,128,512,6,1,0,-1,0,74,7,0,1168621,105,0,7,7,2071.0,43.6,55.6
s2b-r08,2,B,512,s2b-r08-306,512,512,0,10,512,512,1,10,1024,6,128,512,-1,1,0,-1,7,109,7,2,1708450,109,0,7,7,48.0,43.6,55.6
s2b-r08,2,B,512,s2b-r08-307,512,512,0,10,512,512,1,10,1024,6,128,512,-1,1,0,-1,7,72,7,2,1131258,54,0,7,7,51.0,43.6,55.6
s2b-r08,2,B,512,s2b-r08-308,512,512,0,10,512,512,1,10,1024,6,128,512,-1,1,0,-1,7,97,7,2,1518039,97,0,7,7,152.0,43.6,55.6
s2b-r08,2,B,512,s2b-r08-309,512,512,0,10,512,512,1,10,1024,6,128,512,-1,1,0,-1,7,103,7,2,1616716,103,0,7,7,52.0,43.6,55.6
s2b-r08,2,B,512,s2b-r08-310,512,512,0,10,512,512,1,10,1024,6,128,512,-1,1,0,-1,7,70,7,2,1102481,54,0,7,7,189.0,43.6,55.6
s2b-r08,2,B,512,s2b-r08-311,512,512,0,10,512,512,1,10,1024,6,128,512,-1,1,0,-1,7,106,7,2,1664461,106,0,7,7,64.0,43.6,55.6
s2b-r08,2,B,512,s2b-r08-312,512,512,0,10,512,512,1,10,1024,6,128,512,-1,1,0,-1,7,100,7,2,1569718,100,0,7,7,73.0,43.6,55.6
s2b-r08,2,B,512,s2b-r08-313,512,512,0,10,512,512,1,10,1024,6,128,512,-1,1,0,-1,7,74,7,2,1168983,54,0,7,7,50.0,43.6,55.6
s2b-r08,2,B,512,s2b-r08-314,512,512,0,10,512,512,1,10,1024,6,128,512,-1,1,0,-1,7,96,7,2,1513343,96,0,7,7,165.0,43.6,55.6
s2b-r08,2,B,512,s2b-r08-315,512,512,0,10,512,512,1,10,1024,6,128,512,-1,1,0,-1,7,108,7,2,1687637,108,0,7,7,51.0,43.6,55.6
s2b-r08,2,B,512,s2b-r08-316,512,512,0,10,512,512,1,10,1024,6,128,512,-1,1,0,-1,7,99,7,2,1552740,99,0,7,7,272.0,43.6,55.6
s2b-r08,2,B,512,s2b-r08-317,512,512,0,10,512,512,1,10,1024,6,128,512,-1,1,0,-1,7,108,7,2,1702107,108,0,7,7,58.0,43.6,55.6
s2b-r08,2,B,512,s2b-r08-318,512,512,0,10,512,512,1,10,1024,6,128,512,-1,1,0,-1,7,99,7,2,1558358,99,0,7,7,125.0,43.6,55.6
s2b-r08,2,B,512,s2b-r08-319,512,512,0,10,512,512,1,10,1024,6,128,512,-1,1,0,-1,7,103,7,2,1622570,103,0,7,7,49.0,43.6,55.6
s2b-r08,2,B,512,s2b-r08-320,512,512,0,10,512,512,1,10,1024,6,128,512,-1,1,0,-1,7,102,7,2,1596896,99,0,7,7,131.0,43.6,55.6
s2b-r08,2,B,512,s2b-r08-321,512,512,0,10,512,512,1,10,1024,6,128,512,-1,1,0,-1,7,102,7,2,1607022,102,0,7,7,53.0,43.6,55.6
s2b-r08,2,B,512,s2b-r08-322,512,512,0,10,512,512,1,10,1024,6,128,512,-1,1,0,-1,7,88,7,2,1380923,88,0,7,7,158.0,43.6,55.6
s2b-r08,2,B,512,s2b-r08-323,512,512,0,10,512,512,1,10,1024,6,128,512,-1,1,0,-1,7,107,7,2,1682071,107,0,7,7,47.0,43.6,55.6
s2b-r08,2,B,512,s2b-r08-324,512,512,0,10,512,512,1,10,1024,6,128,512,-1,1,0,-1,7,91,7,2,1424647,91,0,7,7,186.0,43.6,55.6
s2b-r08,2,B,512,s2b-r08-325,512,512,0,10,512,512,1,10,1024,6,128,512,-1,1,0,-1,7,101,7,2,1592091,101,0,7,7,52.0,43.6,55.6
s2b-r08,2,B,512,s2b-r08-326,512,512,0,10,512,512,1,10,1024,6,128,512,-1,1,0,-1,7,98,7,2,1540025,98,0,7,7,145.0,43.6,55.6
s2b-r08,2,B,512,s2b-r08-327,512,512,0,10,512,512,1,10,1024,6,128,512,-1,1,0,-1,7,107,7,2,1676211,107,0,7,7,55.0,43.6,55.6
s2b-r08,2,B,512,s2b-r08-328,512,512,0,10,512,512,1,10,1024,6,128,512,-1,1,0,-1,7,99,7,2,1554164,98,0,7,7,147.0,43.6,55.6
s2b-r08,2,B,512,s2b-r08-329,512,512,0,10,512,512,1,10,1024,6,128,512,-1,1,0,-1,7,112,7,2,1752679,112,0,7,7,55.0,43.6,55.6
s2b-r08,2,B,512,s2b-r08-330,512,512,0,10,512,512,1,10,1024,6,128,512,-1,1,0,-1,7,103,7,2,1621312,102,0,7,7,128.0,43.6,55.6
s2b-r08,2,B,512,s2b-r08-331,512,512,0,10,512,512,1,10,1024,6,128,512,-1,1,0,-1,7,89,7,2,1398592,89,0,7,7,55.0,43.6,55.6
s2b-r08,2,B,512,s2b-r08-332,512,512,0,10,512,512,1,10,1024,6,128,512,-1,1,0,-1,7,101,7,2,1583468,101,0,7,7,61.0,43.6,55.6
s2b-r08,2,B,512,s2b-r08-333,512,512,0,10,512,512,1,10,1024,6,128,512,-1,1,0,-1,7,82,7,2,1290224,82,0,7,7,49.0,43.6,55.6
s2b-r08,2,B,512,s2b-r08-334,512,512,0,10,512,512,1,10,1024,6,128,512,-1,1,0,-1,7,99,7,2,1547027,99,0,7,7,149.0,43.6,55.6
s2b-r08,2,B,512,s2b-r08-335,512,512,0,10,512,512,1,10,1024,6,128,512,-1,1,0,-1,7,102,7,2,1609301,102,0,7,7,60.0,43.6,55.6
s2b-r08,2,B,512,s2b-r08-336,512,512,0,10,512,512,1,10,1024,6,128,512,-1,1,0,-1,7,77,7,2,1206786,99,0,7,7,142.0,43.6,55.6
s2b-r08,2,B,512,s2b-r08-337,512,512,0,10,512,512,1,10,1024,6,128,512,-1,1,0,-1,7,103,7,2,1610053,103,0,7,7,52.0,43.6,55.6
s2b-r08,2,B,512,s2b-r08-338,512,512,0,10,512,512,1,10,1024,6,128,512,-1,1,0,-1,7,98,7,2,1537317,98,0,7,7,146.0,43.6,55.6
s2b-r08,2,B,512,s2b-r08-339,512,512,0,10,512,512,1,10,1024,6,128,512,-1,1,0,-1,7,99,7,2,1560269,99,0,7,7,52.0,43.6,55.6
s2b-r08,2,B,512,s2b-r08-340,512,512,0,10,512,512,1,10,1024,6,128,512,-1,1,0,-1,7,99,7,2,1553598,99,0,7,7,126.0,43.6,55.6
s2b-r08,2,B,512,s2b-r08-341,512,512,0,10,512,512,1,10,1024,6,128,512,-1,1,0,-1,7,106,7,2,1656761,106,0,7,7,51.0,43.6,55.6
s2b-r08,2,B,512,s2b-r08-342,512,512,0,10,512,512,1,10,1024,6,128,512,-1,1,0,-1,7,98,7,2,1534161,98,0,7,7,153.0,43.6,55.6
s2b-r08,2,B,512,s2b-r08-343,512,512,0,10,512,512,1,10,1024,6,128,512,-1,1,0,-1,7,103,7,2,1621527,103,0,7,7,49.0,43.6,55.6
s2b-r08,2,B,512,s2b-r08-344,512,512,0,10,512,512,1,10,1024,6,128,512,-1,1,0,-1,7,101,7,2,1584888,99,0,7,7,117.0,43.6,55.6
s2b-r08,2,B,512,s2b-r08-345,512,512,0,10,512,512,1,10,1024,6,128,512,-1,1,0,-1,7,102,7,2,1594494,102,0,7,7,50.0,43.6,55.6
s2b-r08,2,B,512,s2b-r08-346,512,512,0,10,512,512,1,10,1024,6,128,512,-1,1,0,-1,7,80,7,2,1264422,18,0,7,7,128.0,43.6,55.6
s2b-r08,2,B,512,s2b-r08-347,512,512,0,10,512,512,1,10,1024,6,128,512,-1,1,0,-1,7,101,7,2,1587715,101,0,7,7,56.0,43.6,55.6
s2b-r08,2,B,512,s2b-r08-348,512,512,0,10,512,512,1,10,1024,6,128,512,-1,1,0,-1,7,99,7,2,1549819,99,0,7,7,152.0,43.6,55.6
s2b-r08,2,B,512,s2b-r08-349,512,512,0,10,512,512,1,10,1024,6,128,512,-1,1,0,-1,7,81,7,2,1277541,81,0,7,7,50.0,43.6,55.6
s2b-r08,2,B,512,s2b-r08-350,512,512,0,10,512,512,1,10,1024,6,128,512,-1,1,0,-1,7,98,7,2,1534784,98,0,7,7,212.0,43.6,55.6
s2b-r08,2,B,512,s2b-r08-351,512,512,0,10,512,512,1,10,1024,6,128,512,-1,1,0,-1,7,106,7,2,1660877,106,0,7,7,49.0,43.6,55.6
s2b-r08,2,B,512,s2b-r08-352,512,512,0,10,512,512,1,10,1024,6,128,512,-1,1,0,-1,7,101,7,2,1584098,101,0,7,7,132.0,43.6,55.6
s2b-r08,2,B,512,s2b-r08-353,512,512,0,10,512,512,1,10,1024,6,128,512,-1,1,0,-1,7,103,7,2,1611904,103,0,7,7,50.0,43.6,55.6
s2b-r08,2,B,512,s2b-r08-354,512,512,0,10,512,512,1,10,1024,6,128,512,-1,1,0,-1,7,101,7,2,1590801,99,0,7,7,154.0,43.6,55.6
s2b-r08,2,B,512,s2b-r08-355,512,512,0,10,512,512,1,10,1024,6,128,512,-1,1,0,-1,7,104,7,2,1625800,104,0,7,7,53.0,43.6,55.6
s2b-r08,2,B,512,s2b-r08-356,512,512,0,10,512,512,1,10,1024,6,128,512,-1,1,0,-1,7,81,7,2,1278032,104,0,7,7,131.0,43.6,55.6
s2b-r08,2,B,512,s2b-r08-357,512,512,0,10,512,512,1,10,1024,6,128,512,-1,1,0,-1,7,102,7,2,1603120,104,0,7,7,51.0,43.6,55.6
s2b-r08,2,B,512,s2b-r08-358,512,512,0,10,512,512,1,10,1024,6,128,512,-1,1,0,-1,7,84,7,2,1324078,84,0,7,7,54.0,43.6,55.6
s2b-r08,2,B,512,s2b-r08-359,512,512,0,10,512,512,1,10,1024,6,128,512,-1,1,0,-1,7,100,7,2,1563653,100,0,7,7,46.0,43.6,55.6
s2b-r08,2,B,512,s2b-r08-360,512,512,0,10,512,512,1,10,1024,6,128,512,-1,1,0,-1,7,74,7,2,1168493,84,0,7,7,146.0,43.6,55.6
s2b-r08,2,B,512,s2b-r08-361,512,512,0,10,512,512,1,10,1024,6,128,512,-1,1,0,-1,7,105,7,2,1648213,105,0,7,7,48.0,43.6,55.6
s2b-r08,2,B,512,s2b-r08-362,512,512,0,10,512,512,1,10,1024,6,128,512,-1,1,0,-1,7,86,7,2,1352943,86,0,7,7,152.0,43.6,55.6
s2b-r08,2,B,512,s2b-r08-363,512,512,0,10,512,512,1,10,1024,6,128,512,-1,1,0,-1,7,104,7,2,1637423,104,0,7,7,52.0,43.6,55.6
s2b-r08,2,B,512,s2b-r08-364,512,512,0,10,512,512,1,10,1024,6,128,512,-1,1,0,-1,7,88,7,2,1386315,88,0,7,7,288.0,43.6,55.6
s2b-r08,2,B,512,s2b-r08-365,512,512,0,10,512,512,1,10,1024,6,128,512,-1,1,0,-1,7,109,7,2,1718040,109,0,7,7,51.0,43.6,55.6
s2b-r08,2,B,512,s2b-r08-366,512,512,0,10,512,512,1,10,1024,6,128,512,-1,1,0,-1,7,95,7,2,1492160,109,0,7,7,128.0,43.6,55.6
s2b-r08,2,B,512,s2b-r08-367,512,512,0,10,512,512,1,10,1024,6,128,512,-1,1,0,-1,7,102,7,2,1605925,109,0,7,7,53.0,43.6,55.6
s2b-r08,2,B,512,s2b-r08-368,512,512,0,10,512,512,1,10,1024,6,128,512,-1,1,0,-1,7,98,7,2,1539070,109,0,7,7,156.0,43.6,55.6
s2b-r08,2,B,512,s2b-r08-369,512,512,0,10,512,512,1,10,1024,6,128,512,-1,1,0,-1,7,80,7,2,1263607,60,0,7,7,52.0,43.6,55.6
s2b-r08,2,B,512,s2b-r08-370,512,512,0,10,512,512,1,10,1024,6,128,512,-1,1,0,-1,7,99,7,2,1548951,99,0,7,7,165.0,43.6,55.6
s2b-r08,2,B,512,s2b-r08-371,512,512,0,10,512,512,1,10,1024,6,128,512,-1,1,0,-1,7,103,7,2,1621702,103,0,7,7,47.0,43.6,55.6
s2b-r08,2,B,512,s2b-r08-372,512,512,0,10,512,512,1,10,1024,6,128,512,-1,1,0,-1,7,98,7,2,1534260,98,0,7,7,148.0,43.6,55.6
s2b-r08,2,B,512,s2b-r08-373,512,512,0,10,512,512,1,10,1024,6,128,512,-1,1,0,-1,7,85,7,2,1338043,85,0,7,7,48.0,43.6,55.6
s2b-r08,2,B,512,s2b-r08-374,512,512,0,10,512,512,1,10,1024,6,128,512,-1,1,0,-1,7,99,7,2,1560904,99,0,7,7,152.0,43.6,55.6
s2b-r08,2,B,512,s2b-r08-375,512,512,0,10,512,512,1,10,1024,6,128,512,-1,1,0,-1,7,104,7,2,1635094,104,0,7,7,47.0,43.6,55.6
s2b-r08,2,B,512,s2b-r08-376,512,512,0,10,512,512,1,10,1024,6,128,512,-1,1,0,-1,7,77,7,2,1216201,11,0,7,7,181.0,43.6,55.6
s2b-r08,2,B,512,s2b-r08-377,512,512,0,10,512,512,1,10,1024,6,128,512,-1,1,0,-1,7,105,7,2,1642273,105,0,7,7,58.0,43.6,55.6
s2b-r08,2,B,512,s2b-r08-378,512,512,0,10,512,512,1,10,1024,6,128,512,-1,1,0,-1,7,97,7,2,1524869,97,0,7,7,158.0,43.6,55.6
s2b-r08,2,B,512,s2b-r08-379,512,512,0,10,512,512,1,10,1024,6,128,512,-1,1,0,-1,7,85,7,2,1340234,85,0,7,7,48.0,43.6,55.6
s2b-r08,2,B,512,s2b-r08-380,512,512,0,10,512,512,1,10,1024,6,128,512,-1,1,0,-1,7,97,7,2,1524128,97,0,7,7,86.0,43.6,55.6
s2b-r08,2,B,512,s2b-r08-381,512,512,0,10,512,512,1,10,1024,6,128,512,-1,1,0,-1,7,78,7,2,1222919,97,0,7,7,174.0,43.6,55.6
s2b-r08,2,B,512,s2b-r08-382,512,512,0,10,512,512,1,10,1024,6,128,512,-1,1,0,-1,7,104,7,2,1630587,104,0,7,7,53.0,43.6,55.6
s2b-r08,2,B,512,s2b-r08-383,512,512,0,10,512,512,1,10,1024,6,128,512,-1,1,0,-1,7,99,7,2,1552991,99,0,7,7,135.0,43.6,55.6
s2b-r08,2,B,512,s2b-r08-384,512,512,0,10,512,512,1,10,1024,6,128,512,-1,1,0,-1,7,101,7,2,1590406,101,0,7,7,51.0,43.6,55.6
s2b-r08,2,B,512,s2b-r08-385,512,512,0,10,512,512,1,10,1024,0,1,512,0,0,0,-1,7,81,0,0,1266223,101,0,0,0,121.0,43.6,55.6
s2b-r08,2,B,512,s2b-r08-386,512,512,0,10,512,512,1,10,1024,0,1,512,-1,0,0,-1,0,185,0,2,2898916,185,0,0,0,13.0,43.6,55.6
s2b-r08,2,B,512,s2b-r08-387,512,512,0,10,512,512,1,10,1024,6,2,512,0,1,0,-1,1,134,1,0,2101559,134,1,1,1,119.0,43.6,55.6
s2b-r08,2,B,512,s2b-r08-388,512,512,0,10,512,512,1,10,1024,0,2,512,-1,0,0,-1,1,148,1,2,2324075,148,0,1,1,100.0,43.6,55.6
s2b-r08,2,B,512,s2b-r08-389,512,512,0,10,512,512,1,10,1024,0,2,512,-1,0,0,-1,1,147,1,2,2307850,147,0,1,1,21.0,43.6,55.6
s2b-r08,2,B,512,s2b-r08-390,512,512,0,10,512,512,1,10,1024,0,2,512,-1,0,0,-1,1,147,1,2,2307913,147,0,1,1,60.0,43.6,55.6
s2b-r08,2,B,512,s2b-r08-391,512,512,0,10,512,512,1,10,1024,6,128,512,-1,1,0,-1,7,160,7,2,2508437,160,0,7,7,19.0,43.6,55.6
s2b-r08,2,B,512,s2b-r08-392,512,512,0,10,512,512,1,10,1024,6,128,512,-1,1,0,-1,7,140,7,2,2200866,99,0,7,7,53.0,43.6,55.6
s2b-r08,2,B,512,s2b-r08-393,512,512,0,10,512,512,1,10,1024,0,16,512,4,0,0,-1,7,101,4,0,1592203,99,0,4,4,107.0,43.6,55.6
s2b-r08,2,B,512,s2b-r08-394,512,512,0,10,512,512,1,10,1024,6,128,512,6,1,0,-1,5,181,7,0,2838445,181,0,7,7,2132.0,43.6,55.6
s2b-r08,2,B,512,s2b-r08-395,512,512,0,10,512,512,1,10,1024,6,128,512,-1,1,0,-1,7,113,7,2,1770124,113,0,7,7,64.0,43.6,55.6
s2b-r08,2,B,512,s2b-r08-396,512,512,0,10,512,512,1,10,1024,6,128,512,-1,1,0,-1,7,98,7,2,1546691,98,0,7,7,128.0,43.6,55.6
s2b-r08,2,B,512,s2b-r08-397,512,512,0,10,512,512,1,10,1024,6,128,512,-1,1,0,-1,7,117,7,2,1839413,102,0,7,7,52.0,43.6,55.6
s2b-r08,2,B,512,s2b-r08-398,512,512,0,10,512,512,1,10,1024,6,128,512,-1,1,0,-1,7,87,7,2,1365456,98,0,7,7,173.0,43.6,55.6
s2b-r08,2,B,512,s2b-r08-399,512,512,0,10,512,512,1,10,1024,6,128,512,-1,1,0,-1,7,106,7,2,1671824,106,0,7,7,53.0,43.6,55.6
s2b-r08,2,B,512,s2b-r08-400,512,512,0,10,512,512,1,10,1024,6,128,512,-1,1,0,-1,7,100,7,2,1577579,100,0,7,7,145.0,43.6,55.6
s2b-r08,2,B,512,s2b-r08-401,512,512,0,10,512,512,1,10,1024,6,128,512,-1,1,0,-1,7,80,7,2,1256605,100,0,7,7,54.0,43.6,55.6
s2b-r08,2,B,512,s2b-r08-402,512,512,0,10,512,512,1,10,1024,6,128,512,-1,1,0,-1,7,100,7,2,1568221,100,0,7,7,173.0,43.6,55.6
s2b-r08,2,B,512,s2b-r08-403,512,512,0,10,512,512,1,10,1024,6,128,512,-1,1,0,-1,7,103,7,2,1623085,103,0,7,7,58.0,43.6,55.6
s2b-r08,2,B,512,s2b-r08-404,512,512,0,10,512,512,1,10,1024,6,128,512,-1,1,0,-1,7,66,7,2,1033449,55,0,7,7,125.0,43.6,55.6
s2b-r08,2,B,512,s2b-r08-405,512,512,0,10,512,512,1,10,1024,6,128,512,-1,1,0,-1,7,102,7,2,1604817,102,0,7,7,52.0,43.6,55.6
s2b-r08,2,B,512,s2b-r08-406,512,512,0,10,512,512,1,10,1024,6,128,512,-1,1,0,-1,7,99,7,2,1546880,99,0,7,7,147.0,43.6,55.6
s2b-r08,2,B,512,s2b-r08-407,512,512,0,10,512,512,1,10,1024,6,128,512,-1,1,0,-1,7,97,7,2,1523566,97,0,7,7,54.0,43.6,55.6
s2b-r08,2,B,512,s2b-r08-408,512,512,0,10,512,512,1,10,1024,6,128,512,-1,1,0,-1,7,98,7,2,1545725,98,0,7,7,212.0,43.6,55.6
s2b-r08,2,B,512,s2b-r08-409,512,512,0,10,512,512,1,10,1024,6,128,512,-1,1,0,-1,7,105,7,2,1642987,105,0,7,7,49.0,43.6,55.6
s2b-r08,2,B,512,s2b-r08-410,512,512,0,10,512,512,1,10,1024,6,128,512,-1,1,0,-1,7,99,7,2,1559458,99,0,7,7,345.0,43.6,55.6
s2b-r08,2,B,512,s2b-r08-411,512,512,0,10,512,512,1,10,1024,6,128,512,-1,1,0,-1,7,113,7,2,1767260,113,0,7,7,53.0,43.6,55.6
s2b-r08,2,B,512,s2b-r08-412,512,512,0,10,512,512,1,10,1024,6,128,512,-1,1,0,-1,7,103,7,2,1623307,102,0,7,7,97.0,43.6,55.6
s2b-r08,2,B,512,s2b-r08-413,512,512,0,10,512,512,1,10,1024,6,128,512,-1,1,0,-1,7,105,7,2,1652200,105,0,7,7,53.0,43.6,55.6
s2b-r08,2,B,512,s2b-r08-414,512,512,0,10,512,512,1,10,1024,6,128,512,-1,1,0,-1,7,83,7,2,1309516,102,0,7,7,127.0,43.6,55.6
s2b-r08,2,B,512,s2b-r08-415,512,512,0,10,512,512,1,10,1024,6,128,512,-1,1,0,-1,7,102,7,2,1606126,102,0,7,7,50.0,43.6,55.6
s2b-r08,2,B,512,s2b-r08-416,512,512,0,10,512,512,1,10,1024,6,128,512,-1,1,0,-1,7,97,7,2,1528193,97,0,7,7,153.0,43.6,55.6
s2b-r08,2,B,512,s2b-r08-417,512,512,0,10,512,512,1,10,1024,6,128,512,-1,1,0,-1,7,80,7,2,1258063,97,0,7,7,46.0,43.6,55.6
s2b-r08,2,B,512,s2b-r08-418,512,512,0,10,512,512,1,10,1024,6,128,512,-1,1,0,-1,7,99,7,2,1555859,99,0,7,7,50.0,43.6,55.6
s2b-r08,2,B,512,s2b-r08-419,512,512,0,10,512,512,1,10,1024,6,128,512,-1,1,0,-1,7,91,7,2,1430167,91,0,7,7,49.0,43.6,55.6
s2b-r08,2,B,512,s2b-r08-420,512,512,0,10,512,512,1,10,1024,6,128,512,-1,1,0,-1,7,98,7,2,1531920,98,0,7,7,245.0,43.6,55.6
s2b-r08,2,B,512,s2b-r08-421,512,512,0,10,512,512,1,10,1024,6,128,512,-1,1,0,-1,7,108,7,2,1688907,108,0,7,7,49.0,43.6,55.6
s2b-r08,2,B,512,s2b-r08-422,512,512,0,10,512,512,1,10,1024,6,128,512,-1,1,0,-1,7,98,7,2,1539527,98,0,7,7,145.0,43.6,55.6
s2b-r08,2,B,512,s2b-r08-423,512,512,0,10,512,512,1,10,1024,6,128,512,-1,1,0,-1,7,102,7,2,1601180,102,0,7,7,50.0,43.6,55.6
s2b-r08,2,B,512,s2b-r08-424,512,512,0,10,512,512,1,10,1024,6,128,512,-1,1,0,-1,7,101,7,2,1582637,99,0,7,7,176.0,43.6,55.6
s2b-r08,2,B,512,s2b-r08-425,512,512,0,10,512,512,1,10,1024,6,128,512,-1,1,0,-1,7,103,7,2,1620795,103,0,7,7,52.0,43.6,55.6
s2b-r08,2,B,512,s2b-r08-426,512,512,0,10,512,512,1,10,1024,6,128,512,-1,1,0,-1,7,82,7,2,1293279,99,0,7,7,69.0,43.6,55.6
s2b-r08,2,B,512,s2b-r08-427,512,512,0,10,512,512,1,10,1024,6,128,512,-1,1,0,-1,7,99,7,2,1552198,99,0,7,7,368.0,43.6,55.6
s2b-r08,2,B,512,s2b-r08-428,512,512,0,10,512,512,1,10,1024,6,128,512,-1,1,0,-1,7,113,7,2,1780815,113,0,7,7,52.0,43.6,55.6
s2b-r08,2,B,512,s2b-r08-429,512,512,0,10,512,512,1,10,1024,6,128,512,-1,1,0,-1,7,100,7,2,1575364,113,0,7,7,50.0,43.6,55.6
s2b-r08,2,B,512,s2b-r08-430,512,512,0,10,512,512,1,10,1024,6,128,512,-1,1,0,-1,7,88,7,2,1375045,113,0,7,7,186.0,43.6,55.6
s2b-r08,2,B,512,s2b-r08-431,512,512,0,10,512,512,1,10,1024,6,128,512,-1,1,0,-1,7,102,7,2,1606769,113,0,7,7,53.0,43.6,55.6
s2b-r08,2,B,512,s2b-r08-432,512,512,0,10,512,512,1,10,1024,6,128,512,-1,1,0,-1,7,101,7,2,1584165,101,0,7,7,48.0,43.6,55.6
s2b-r08,2,B,512,s2b-r08-433,512,512,0,10,512,512,1,10,1024,6,128,512,-1,1,0,-1,7,98,7,2,1533762,101,0,7,7,131.0,43.6,55.6
s2b-r08,2,B,512,s2b-r08-434,512,512,0,10,512,512,1,10,1024,6,128,512,-1,1,0,-1,7,103,7,2,1616147,103,0,7,7,48.0,43.6,55.6
s2b-r08,2,B,512,s2b-r08-435,512,512,0,10,512,512,1,10,1024,6,128,512,-1,1,0,-1,7,100,7,2,1577257,101,0,7,7,152.0,43.6,55.6
s2b-r08,2,B,512,s2b-r08-436,512,512,0,10,512,512,1,10,1024,6,128,512,-1,1,0,-1,7,101,7,2,1585369,101,0,7,7,53.0,43.6,55.6
s2b-r08,2,B,512,s2b-r08-437,512,512,0,10,512,512,1,10,1024,6,128,512,-1,1,0,-1,7,93,7,2,1457670,93,0,7,7,63.0,43.6,55.6
s2b-r08,2,B,512,s2b-r08-438,512,512,0,10,512,512,1,10,1024,6,128,512,-1,1,0,-1,7,102,7,2,1600490,102,0,7,7,51.0,43.6,55.6
s2b-r08,2,B,512,s2b-r08-439,512,512,0,10,512,512,1,10,1024,6,128,512,-1,1,0,-1,7,78,7,2,1229909,78,0,7,7,173.0,43.6,55.6
s2b-r08,2,B,512,s2b-r08-440,512,512,0,10,512,512,1,10,1024,6,128,512,-1,1,0,-1,7,106,7,2,1659413,106,0,7,7,55.0,43.6,55.6
s2b-r08,2,B,512,s2b-r08-441,512,512,0,10,512,512,1,10,1024,6,128,512,-1,1,0,-1,7,90,7,2,1415324,106,0,7,7,179.0,43.6,55.6
s2b-r08,2,B,512,s2b-r08-442,512,512,0,10,512,512,1,10,1024,6,128,512,-1,1,0,-1,7,102,7,2,1607031,106,0,7,7,53.0,43.6,55.6
s2b-r08,2,B,512,s2b-r08-443,512,512,0,10,512,512,1,10,1024,6,128,512,-1,1,0,-1,7,98,7,2,1536799,106,0,7,7,146.0,43.6,55.6
s2b-r08,2,B,512,s2b-r08-444,512,512,0,10,512,512,1,10,1024,6,128,512,-1,1,0,-1,7,79,7,2,1235502,55,0,7,7,52.0,43.6,55.6
s2b-r08,2,B,512,s2b-r08-445,512,512,0,10,512,512,1,10,1024,6,128,512,-1,1,0,-1,7,99,7,2,1549408,99,0,7,7,222.0,43.6,55.6
s2b-r08,2,B,512,s2b-r08-446,512,512,0,10,512,512,1,10,1024,6,128,512,-1,1,0,-1,7,106,7,2,1671026,106,0,7,7,51.0,43.6,55.6
s2b-r08,2,B,512,s2b-r08-447,512,512,0,10,512,512,1,10,1024,6,128,512,-1,1,0,-1,7,97,7,2,1529174,97,0,7,7,159.0,43.6,55.6
s2b-r08,2,B,512,s2b-r08-448,512,512,0,10,512,512,1,10,1024,6,128,512,-1,1,0,-1,7,108,7,2,1697153,108,0,7,7,48.0,43.6,55.6
s2b-r08,2,B,512,s2b-r08-449,512,512,0,10,512,512,1,10,1024,6,128,512,-1,1,0,-1,7,102,7,2,1598508,108,0,7,7,52.0,43.6,55.6
s2b-r08,2,B,512,s2b-r08-450,512,512,0,10,512,512,1,10,1024,6,128,512,-1,1,0,-1,7,80,7,2,1263348,108,0,7,7,415.0,43.6,55.6
s2b-r08,2,B,512,s2b-r08-451,512,512,0,10,512,512,1,10,1024,6,128,512,-1,1,0,-1,7,62,7,2,977018,8,0,7,7,53.0,43.6,55.6
s2b-r08,2,B,512,s2b-r08-452,512,512,0,10,512,512,1,10,1024,6,128,512,-1,1,0,-1,7,102,7,2,1606342,102,0,7,7,70.0,43.6,55.6
s2b-r08,2,B,512,s2b-r08-453,512,512,0,10,512,512,1,10,1024,6,128,512,-1,1,0,-1,7,105,7,2,1641000,105,0,7,7,52.0,43.6,55.6
s2b-r08,2,B,512,s2b-r08-454,512,512,0,10,512,512,1,10,1024,6,128,512,-1,1,0,-1,7,98,7,2,1535070,98,0,7,7,51.0,43.6,55.6
s2b-r08,2,B,512,s2b-r08-455,512,512,0,10,512,512,1,10,1024,6,128,512,-1,1,0,-1,7,81,7,2,1268638,17,0,7,7,191.0,43.6,55.6
s2b-r08,2,B,512,s2b-r08-456,512,512,0,10,512,512,1,10,1024,6,128,512,-1,1,0,-1,7,104,7,2,1638720,104,0,7,7,51.0,43.6,55.6
s2b-r08,2,B,512,s2b-r08-457,512,512,0,10,512,512,1,10,1024,6,128,512,-1,1,0,-1,7,98,7,2,1545612,98,0,7,7,176.0,43.6,55.6
s2b-r08,2,B,512,s2b-r08-458,512,512,0,10,512,512,1,10,1024,6,128,512,-1,1,0,-1,7,66,7,2,1036733,37,0,7,7,55.0,43.6,55.6
s2b-r08,2,B,512,s2b-r08-459,512,512,0,10,512,512,1,10,1024,6,128,512,-1,1,0,-1,7,97,7,2,1530027,97,0,7,7,48.0,43.6,55.6
s2b-r08,2,B,512,s2b-r08-460,512,512,0,10,512,512,1,10,1024,6,128,512,-1,1,0,-1,7,98,7,2,1542903,98,0,7,7,183.0,43.6,55.6
s2b-r08,2,B,512,s2b-r08-461,512,512,0,10,512,512,1,10,1024,6,128,512,-1,1,0,-1,7,104,7,2,1626341,104,0,7,7,54.0,43.6,55.6
s2b-r08,2,B,512,s2b-r08-462,512,512,0,10,512,512,1,10,1024,6,128,512,-1,1,0,-1,7,99,7,2,1547467,99,0,7,7,129.0,43.6,55.6
s2b-r08,2,B,512,s2b-r08-463,512,512,0,10,512,512,1,10,1024,6,128,512,-1,1,0,-1,7,81,7,2,1280153,57,0,7,7,48.0,43.6,55.6
s2b-r08,2,B,512,s2b-r08-464,512,512,0,10,512,512,1,10,1024,6,128,512,-1,1,0,-1,7,98,7,2,1531307,98,0,7,7,62.0,43.6,55.6
s2b-r08,2,B,512,s2b-r08-465,512,512,0,10,512,512,1,10,1024,6,128,512,-1,1,0,-1,7,102,7,2,1599313,102,0,7,7,49.0,43.6,55.6
s2b-r08,2,B,512,s2b-r08-466,512,512,0,10,512,512,1,10,1024,6,128,512,-1,1,0,-1,7,99,7,2,1549015,99,0,7,7,168.0,43.6,55.6
s2b-r08,2,B,512,s2b-r08-467,512,512,0,10,512,512,1,10,1024,6,128,512,-1,1,0,-1,7,101,7,2,1585109,101,0,7,7,52.0,43.6,55.6
s2b-r08,2,B,512,s2b-r08-468,512,512,0,10,512,512,1,10,1024,6,128,512,-1,1,0,-1,7,100,7,2,1565516,101,0,7,7,137.0,43.6,55.6
s2b-r08,2,B,512,s2b-r08-469,512,512,0,10,512,512,1,10,1024,6,128,512,-1,1,0,-1,7,102,7,2,1603857,102,0,7,7,47.0,43.6,55.6
s2b-r08,2,B,512,s2b-r08-470,512,512,0,10,512,512,1,10,1024,6,128,512,-1,1,0,-1,7,80,7,2,1255248,101,0,7,7,214.0,43.6,55.6
s2b-r08,2,B,512,s2b-r08-471,512,512,0,10,512,512,1,10,1024,6,128,512,-1,1,0,-1,7,105,7,2,1641856,105,0,7,7,49.0,43.6,55.6
s2b-r08,2,B,512,s2b-r08-472,512,512,0,10,512,512,1,10,1024,6,128,512,-1,1,0,-1,7,98,7,2,1540368,105,0,7,7,52.0,43.6,55.6
s2b-r08,2,B,512,s2b-r08-473,512,512,0,10,512,512,1,10,1024,6,128,512,-1,1,0,-1,7,73,7,2,1150416,105,0,7,7,171.0,43.6,55.6
s2b-r08,2,B,512,s2b-r08-474,512,512,0,10,512,512,1,10,1024,6,128,512,-1,1,0,-1,7,105,7,2,1642053,105,0,7,7,52.0,43.6,55.6
s2b-r08,2,B,512,s2b-r08-475,512,512,0,10,512,512,1,10,1024,6,128,512,-1,1,0,-1,7,98,7,2,1545752,98,0,7,7,160.0,43.6,55.6
s2b-r08,2,B,512,s2b-r08-476,512,512,0,10,512,512,1,10,1024,6,128,512,-1,1,0,-1,7,111,7,2,1736349,111,0,7,7,50.0,43.6,55.6
s2b-r08,2,B,512,s2b-r08-477,512,512,0,10,512,512,1,10,1024,6,128,512,-1,1,0,-1,7,97,7,2,1527353,98,0,7,7,152.0,43.6,55.6
s2b-r08,2,B,512,s2b-r08-478,512,512,0,10,512,512,1,10,1024,6,128,512,-1,1,0,-1,7,106,7,2,1667854,106,0,7,7,53.0,43.6,55.6
s2b-r08,2,B,512,s2b-r08-479,512,512,0,10,512,512,1,10,1024,6,128,512,-1,1,0,-1,7,103,7,2,1616774,103,0,7,7,156.0,43.6,55.6
s2b-r08,2,B,512,s2b-r08-480,512,512,0,10,512,512,1,10,1024,6,128,512,-1,1,0,-1,7,104,7,2,1635646,104,0,7,7,51.0,43.6,55.6
s2b-r08,2,B,512,s2b-r08-481,512,512,0,10,512,512,1,10,1024,6,128,512,-1,1,0,-1,7,102,7,2,1601189,103,0,7,7,157.0,43.6,55.6
s2b-r08,2,B,512,s2b-r08-482,512,512,0,10,512,512,1,10,1024,6,128,512,-1,1,0,-1,7,102,7,2,1607714,103,0,7,7,172.0,43.6,55.6
s2b-r08,2,B,512,s2b-r08-483,512,512,0,10,512,512,1,10,1024,6,128,512,-1,1,0,-1,7,108,7,2,1700155,108,0,7,7,51.0,43.6,55.6
s2b-r08,2,B,512,s2b-r08-484,512,512,0,10,512,512,1,10,1024,6,128,512,-1,1,0,-1,7,102,7,2,1606928,101,0,7,7,157.0,43.6,55.6
s2b-r08,2,B,512,s2b-r08-485,512,512,0,10,512,512,1,10,1024,6,128,512,-1,1,0,-1,7,89,7,2,1394505,101,0,7,7,53.0,43.6,55.6
s2b-r08,2,B,512,s2b-r08-486,512,512,0,10,512,512,1,10,1024,6,128,512,-1,1,0,-1,7,99,7,2,1558612,101,0,7,7,148.0,43.6,55.6
s2b-r08,2,B,512,s2b-r08-487,512,512,0,10,512,512,1,10,1024,6,128,512,-1,1,0,-1,7,90,7,2,1408178,90,0,7,7,47.0,43.6,55.6
s2b-r08,2,B,512,s2b-r08-488,512,512,0,10,512,512,1,10,1024,6,128,512,-1,1,0,-1,7,100,7,2,1569000,100,0,7,7,150.0,43.6,55.6
s2b-r08,2,B,512,s2b-r08-489,512,512,0,10,512,512,1,10,1024,6,128,512,-1,1,0,-1,7,102,7,2,1608439,102,0,7,7,50.0,43.6,55.6
s2b-r08,2,B,512,s2b-r08-490,512,512,0,10,512,512,1,10,1024,6,128,512,-1,1,0,-1,7,78,7,2,1223868,90,0,7,7,123.0,43.6,55.6
s2b-r08,2,B,512,s2b-r08-491,512,512,0,10,512,512,1,10,1024,0,2,512,0,0,0,-1,7,101,1,0,1584599,101,0,1,1,64.0,43.6,55.6
s2b-r08,2,B,512,s2b-r08-492,512,512,0,10,512,512,1,10,1024,0,2,512,-1,0,0,-1,1,155,1,2,2435990,155,0,1,1,63.0,43.6,55.6
s2b-r08,2,B,512,s2b-r08-493,512,512,0,10,512,512,1,10,1024,0,2,512,-1,0,0,-1,1,153,1,2,2395523,155,0,1,1,79.0,43.6,55.6
s2b-r08,2,B,512,s2b-r08-494,512,512,0,10,512,512,1,10,1024,6,128,512,-1,1,0,-1,7,160,7,2,2503898,160,0,7,7,94.0,43.6,55.6
s2b-r08,2,B,512,s2b-r08-495,512,512,0,10,512,512,1,10,1024,6,128,512,-1,1,0,-1,7,114,7,2,1790686,65,0,7,7,197.0,43.6,55.6
s2b-r08,2,B,512,s2b-r08-496,512,512,0,10,512,512,1,10,1024,6,128,512,-1,1,0,-1,7,107,7,2,1681142,107,0,7,7,50.0,43.6,55.6
s2b-r08,2,B,512,s2b-r08-497,512,512,0,10,512,512,1,10,1024,6,128,512,-1,1,0,-1,7,87,7,2,1362015,87,0,7,7,137.0,43.6,55.6
s2b-r08,2,B,512,s2b-r08-498,512,512,0,10,512,512,1,10,1024,6,128,512,-1,1,0,-1,7,102,7,2,1601990,102,0,7,7,50.0,43.6,55.6
s2b-r08,2,B,512,s2b-r08-499,512,512,0,10,512,512,1,10,1024,6,128,512,-1,1,0,-1,7,98,7,2,1538616,98,0,7,7,137.0,43.6,55.6
s2b-r08,2,B,512,s2b-r08-500,512,512,0,10,512,512,1,10,1024,6,128,512,-1,1,0,-1,7,78,7,2,1223942,98,0,7,7,46.0,43.6,55.6
s2b-r08,2,B,512,s2b-r08-501,512,512,0,10,512,512,1,10,1024,6,128,512,-1,1,0,-1,7,97,7,2,1525835,98,0,7,7,153.0,43.6,55.6
s2b-r08,2,B,512,s2b-r08-502,512,512,0,10,512,512,1,10,1024,0,32,512,1,0,0,-1,7,102,5,0,1596135,102,0,5,5,149.0,43.6,55.6
s2b-r08,2,B,512,s2b-r08-503,512,512,0,10,512,512,1,10,1024,0,1,512,-1,0,0,-1,0,155,0,2,2435151,155,0,0,0,12.0,43.6,55.6
s2b-r08,2,B,512,s2b-r08-504,512,512,0,10,512,512,1,10,1024,0,1,512,-1,0,0,-1,0,154,0,2,2415857,155,0,0,0,19.0,43.6,55.6
s2b-r08,2,B,512,s2b-r08-505,512,512,0,10,512,512,1,10,1024,6,64,512,-1,1,0,-1,6,127,6,2,1987411,125,0,6,6,52.0,43.6,55.6
s2b-r08,2,B,512,s2b-r08-506,512,512,0,10,512,512,1,10,1024,0,32,512,1,0,0,-1,6,127,5,0,1990561,125,0,5,5,65.0,43.6,55.6
s2b-r08,2,B,512,s2b-r08-507,512,512,0,10,512,512,1,10,1024,0,32,512,-1,0,0,-1,5,152,5,2,2384371,155,0,5,5,98.0,43.6,55.6
s2b-r08,2,B,512,s2b-r08-508,512,512,0,10,512,512,1,10,1024,6,64,512,6,1,0,-1,5,147,6,0,2301328,147,0,6,6,137.0,43.6,55.6
s2b-r08,2,B,512,s2b-r08-509,512,512,0,10,512,512,1,10,1024,0,2,512,0,0,0,-1,6,99,1,0,1560194,96,0,1,1,80.0,43.6,55.6
s2b-r08,2,B,512,s2b-r08-510,512,512,0,10,512,512,1,10,1024,6,128,512,6,1,0,-1,1,148,7,0,2326303,148,0,7,7,2076.0,43.6,55.6
s2b-r08,2,B,512,s2b-r08-511,512,512,0,10,512,512,1,10,1024,6,128,512,-1,1,0,-1,7,110,7,2,1727598,110,0,7,7,61.0,43.6,55.6
s2b-r08,2,B,512,s2b-r08-512,512,512,0,10,512,512,1,10,1024,6,128,512,-1,1,0,-1,7,98,7,2,1539260,110,0,7,7,156.0,43.6,55.6
s2b-r08,2,B,512,s2b-r08-513,512,512,0,10,512,512,1,10,1024,6,128,512,-1,1,0,-1,7,107,7,2,1676776,110,0,7,7,47.0,43.6,55.6
s2b-r08,2,B,512,s2b-r08-514,512,512,0,10,512,512,1,10,1024,6,128,512,-1,1,0,-1,7,98,7,2,1532985,110,0,7,7,84.0,43.6,55.6
s2b-r08,2,B,512,s2b-r08-515,512,512,0,10,512,512,1,10,1024,6,128,512,-1,1,0,-1,7,86,7,2,1353472,86,0,7,7,55.0,43.6,55.6
s2b-r08,2,B,512,s2b-r08-516,512,512,0,10,512,512,1,10,1024,6,128,512,-1,1,0,-1,7,98,7,2,1544278,98,0,7,7,72.0,43.6,55.6
s2b-r08,2,B,512,s2b-r08-517,512,512,0,10,512,512,1,10,1024,6,128,512,-1,1,0,-1,7,101,7,2,1580258,101,0,7,7,52.0,43.6,55.6
s2b-r08,2,B,512,s2b-r08-518,512,512,0,10,512,512,1,10,1024,6,128,512,-1,1,0,-1,7,77,7,2,1209244,86,0,7,7,425.0,43.6,55.6
s2b-r08,2,B,512,s2b-r08-519,512,512,0,10,512,512,1,10,1024,6,128,512,-1,1,0,-1,7,117,7,2,1833632,117,0,7,7,56.0,43.6,55.6
s2b-r08,2,B,512,s2b-r08-520,512,512,0,10,512,512,1,10,1024,6,128,512,-1,1,0,-1,7,98,7,2,1543634,117,0,7,7,160.0,43.6,55.6
s2b-r08,2,B,512,s2b-r08-521,512,512,0,10,512,512,1,10,1024,6,128,512,-1,1,0,-1,7,78,7,2,1225744,117,0,7,7,50.0,43.6,55.6
s2b-r08,2,B,512,s2b-r08-522,512,512,0,10,512,512,1,10,1024,6,128,512,-1,1,0,-1,7,100,7,2,1569782,117,0,7,7,126.0,43.6,55.6
s2b-r08,2,B,512,s2b-r08-523,512,512,0,10,512,512,1,10,1024,6,128,512,-1,1,0,-1,7,102,7,2,1602545,102,0,7,7,53.0,43.6,55.6
s2b-r08,2,B,512,s2b-r08-524,512,512,0,10,512,512,1,10,1024,6,128,512,-1,1,0,-1,7,75,7,2,1184523,102,0,7,7,49.0,43.6,55.6
s2b-r08,2,B,512,s2b-r08-525,512,512,0,10,512,512,1,10,1024,6,128,512,-1,1,0,-1,7,98,7,2,1540268,102,0,7,7,187.0,43.6,55.6
s2b-r08,2,B,512,s2b-r08-526,512,512,0,10,512,512,1,10,1024,6,128,512,-1,1,0,-1,7,105,7,2,1644482,105,0,7,7,56.0,43.6,55.6
s2b-r08,2,B,512,s2b-r08-527,512,512,0,10,512,512,1,10,1024,6,64,512,6,1,0,-1,7,73,6,0,1150081,64,0,6,6,132.0,43.6,55.6
s2b-r08,2,B,512,s2b-r08-528,512,512,0,10,512,512,1,10,1024,6,64,512,-1,1,0,-1,6,101,6,2,1588993,101,0,6,6,49.0,43.6,55.6
s2b-r08,2,B,512,s2b-r08-529,512,512,0,10,512,512,1,10,1024,6,64,512,-1,1,0,-1,6,74,6,2,1168171,74,0,6,6,50.0,43.6,55.6
s2b-r08,2,B,512,s2b-r08-530,512,512,0,10,512,512,1,10,1024,6,64,512,-1,1,0,-1,6,98,6,2,1540223,98,0,6,6,55.0,43.6,55.6
s2b-r08,2,B,512,s2b-r08-531,512,512,0,10,512,512,1,10,1024,6,64,512,-1,1,0,-1,6,76,6,2,1192977,98,0,6,6,156.0,43.6,55.6
s2b-r08,2,B,512,s2b-r08-532,512,512,0,10,512,512,1,10,1024,6,64,512,-1,1,0,-1,6,103,6,2,1623360,103,0,6,6,50.0,43.6,55.6
s2b-r08,2,B,512,s2b-r08-533,512,512,0,10,512,512,1,10,1024,6,64,512,-1,1,0,-1,6,87,6,2,1372378,87,0,6,6,192.0,43.6,55.6
s2b-r08,2,B,512,s2b-r08-534,512,512,0,10,512,512,1,10,1024,6,64,512,-1,1,0,-1,6,104,6,2,1632582,104,0,6,6,49.0,43.6,55.6
s2b-r08,2,B,512,s2b-r08-535,512,512,0,10,512,512,1,10,1024,6,64,512,-1,1,0,-1,6,97,6,2,1524686,97,0,6,6,48.0,43.6,55.6
s2b-r08,2,B,512,s2b-r08-536,512,512,0,10,512,512,1,10,1024,6,64,512,-1,1,0,-1,6,97,6,2,1520644,97,0,6,6,129.0,43.6,55.6
s2b-r08,2,B,512,s2b-r08-537,512,512,0,10,512,512,1,10,1024,6,64,512,-1,1,0,-1,6,102,6,2,1607262,102,0,6,6,48.0,43.6,55.6
s2b-r08,2,B,512,s2b-r08-538,512,512,0,10,512,512,1,10,1024,6,64,512,-1,1,0,-1,6,100,6,2,1564531,98,0,6,6,108.0,43.6,55.6
s2b-r08,2,B,512,s2b-r08-539,512,512,0,10,512,512,1,10,1024,6,64,512,-1,1,0,-1,6,103,6,2,1621975,103,0,6,6,51.0,43.6,55.6
s2b-r08,2,B,512,s2b-r08-540,512,512,0,10,512,512,1,10,1024,6,64,512,-1,1,0,-1,6,80,6,2,1263438,98,0,6,6,142.0,43.6,55.6
s2b-r08,2,B,512,s2b-r08-541,512,512,0,10,512,512,1,10,1024,6,64,512,-1,1,0,-1,6,102,6,2,1606293,102,0,6,6,48.0,43.6,55.6
s2b-r08,2,B,512,s2b-r08-542,512,512,0,10,512,512,1,10,1024,6,64,512,-1,1,0,-1,6,99,6,2,1551790,99,0,6,6,126.0,43.6,55.6
s2b-r08,2,B,512,s2b-r08-543,512,512,0,10,512,512,1,10,1024,6,64,512,-1,1,0,-1,6,91,6,2,1431578,99,0,6,6,53.0,43.6,55.6
s2b-r08,2,B,512,s2b-r08-544,512,512,0,10,512,512,1,10,1024,6,64,512,-1,1,0,-1,6,99,6,2,1554686,99,0,6,6,303.0,43.6,55.6
s2b-r08,2,B,512,s2b-r08-545,512,512,0,10,512,512,1,10,1024,6,64,512,-1,1,0,-1,6,112,6,2,1751439,112,0,6,6,53.0,43.6,55.6
s2b-r08,2,B,512,s2b-r08-546,512,512,0,10,512,512,1,10,1024,6,64,512,-1,1,0,-1,6,101,6,2,1581403,101,0,6,6,147.0,43.6,55.6
s2b-r08,2,B,512,s2b-r08-547,512,512,0,10,512,512,1,10,1024,6,64,512,-1,1,0,-1,6,101,6,2,1589029,101,0,6,6,49.0,43.6,55.6
s2b-r08,2,B,512,s2b-r08-548,512,512,0,10,512,512,1,10,1024,6,64,512,-1,1,0,-1,6,82,6,2,1296284,101,0,6,6,147.0,43.6,55.6
s2b-r08,2,B,512,s2b-r08-549,512,512,0,10,512,512,1,10,1024,6,64,512,-1,1,0,-1,6,101,6,2,1593564,101,0,6,6,51.0,43.6,55.6
s2b-r08,2,B,512,s2b-r08-550,512,512,0,10,512,512,1,10,1024,6,64,512,-1,1,0,-1,6,99,6,2,1554357,99,0,6,6,145.0,43.6,55.6
s2b-r08,2,B,512,s2b-r08-551,512,512,0,10,512,512,1,10,1024,6,64,512,-1,1,0,-1,6,103,6,2,1610767,103,0,6,6,48.0,43.6,55.6
s2b-r08,2,B,512,s2b-r08-552,512,512,0,10,512,512,1,10,1024,6,64,512,-1,1,0,-1,6,99,6,2,1559035,99,0,6,6,237.0,43.6,55.6
s2b-r08,2,B,512,s2b-r08-553,512,512,0,10,512,512,1,10,1024,6,64,512,-1,1,0,-1,6,103,6,2,1622816,103,0,6,6,50.0,43.6,55.6
s2b-r08,2,B,512,s2b-r08-554,512,512,0,10,512,512,1,10,1024,6,64,512,-1,1,0,-1,6,99,6,2,1557360,99,0,6,6,158.0,43.6,55.6
s2b-r08,2,B,512,s2b-r08-555,512,512,0,10,512,512,1,10,1024,6,64,512,-1,1,0,-1,6,104,6,2,1625175,104,0,6,6,46.0,43.6,55.6
s2b-r08,2,B,512,s2b-r08-556,512,512,0,10,512,512,1,10,1024,6,64,512,-1,1,0,-1,6,81,6,2,1269780,99,0,6,6,169.0,43.6,55.6
s2b-r08,2,B,512,s2b-r08-557,512,512,0,10,512,512,1,10,1024,6,64,512,-1,1,0,-1,6,119,6,2,1861722,119,0,6,6,51.0,43.6,55.6
s2b-r08,2,B,512,s2b-r08-558,512,512,0,10,512,512,1,10,1024,6,64,512,-1,1,0,-1,6,94,6,2,1482948,94,0,6,6,48.0,43.6,55.6
s2b-r08,2,B,512,s2b-r08-559,512,512,0,10,512,512,1,10,1024,6,64,512,-1,1,0,-1,6,99,6,2,1555342,99,0,6,6,157.0,43.6,55.6
s2b-r08,2,B,512,s2b-r08-560,512,512,0,10,512,512,1,10,1024,6,64,512,-1,1,0,-1,6,104,6,2,1632124,104,0,6,6,49.0,43.6,55.6
s2b-r08,2,B,512,s2b-r08-561,512,512,0,10,512,512,1,10,1024,6,64,512,-1,1,0,-1,6,79,6,2,1242987,69,0,6,6,199.0,43.6,55.6
s2b-r08,2,B,512,s2b-r08-562,512,512,0,10,512,512,1,10,1024,6,64,512,-1,1,0,-1,6,106,6,2,1668624,106,0,6,6,49.0,43.6,55.6
s2b-r08,2,B,512,s2b-r08-563,512,512,0,10,512,512,1,10,1024,6,64,512,-1,1,0,-1,6,98,6,2,1535891,98,0,6,6,232.0,43.6,55.6
s2b-r08,2,B,512,s2b-r08-564,512,512,0,10,512,512,1,10,1024,6,64,512,-1,1,0,-1,6,109,6,2,1712675,109,0,6,6,53.0,43.6,55.6
s2b-r08,2,B,512,s2b-r08-565,512,512,0,10,512,512,1,10,1024,6,64,512,-1,1,0,-1,6,99,6,2,1557993,99,0,6,6,160.0,43.6,55.6
s2b-r08,2,B,512,s2b-r08-566,512,512,0,10,512,512,1,10,1024,6,64,512,-1,1,0,-1,6,103,6,2,1620624,103,0,6,6,55.0,43.6,55.6
s2b-r08,2,B,512,s2b-r08-567,512,512,0,10,512,512,1,10,1024,6,64,512,-1,1,0,-1,6,102,6,2,1599286,103,0,6,6,49.0,43.6,55.6
s2b-r08,2,B,512,s2b-r08-568,512,512,0,10,512,512,1,10,1024,6,64,512,-1,1,0,-1,6,102,6,2,1602617,103,0,6,6,161.0,43.6,55.6
s2b-r08,2,B,512,s2b-r08-569,512,512,0,10,512,512,1,10,1024,6,64,512,-1,1,0,-1,6,106,6,2,1669073,106,0,6,6,57.0,43.6,55.6
s2b-r08,2,B,512,s2b-r08-570,512,512,0,10,512,512,1,10,1024,6,64,512,-1,1,0,-1,6,102,6,2,1597924,103,0,6,6,125.0,43.6,55.6
s2b-r08,2,B,512,s2b-r08-571,512,512,0,10,512,512,1,10,1024,6,64,512,-1,1,0,-1,6,82,6,2,1287035,55,0,6,6,54.0,43.6,55.6
s2b-r08,2,B,512,s2b-r08-572,512,512,0,10,512,512,1,10,1024,6,64,512,-1,1,0,-1,6,99,6,2,1547795,99,0,6,6,219.0,43.6,55.6
s2b-r08,2,B,512,s2b-r08-573,512,512,0,10,512,512,1,10,1024,6,64,512,-1,1,0,-1,6,108,6,2,1690403,108,0,6,6,49.0,43.6,55.6
s2b-r08,2,B,512,s2b-r08-574,512,512,0,10,512,512,1,10,1024,6,64,512,-1,1,0,-1,6,98,6,2,1546782,98,0,6,6,464.0,43.6,55.6
s2b-r08,2,B,512,s2b-r08-575,512,512,0,10,512,512,1,10,1024,6,64,512,-1,1,0,-1,6,114,6,2,1786622,114,0,6,6,53.0,43.6,55.6
s2b-r08,2,B,512,s2b-r08-576,512,512,0,10,512,512,1,10,1024,6,64,512,-1,1,0,-1,6,83,6,2,1311461,114,0,6,6,62.0,43.6,55.6
s2b-r08,2,B,512,s2b-r08-577,512,512,0,10,512,512,1,10,1024,6,64,512,-1,1,0,-1,6,100,6,2,1573563,114,0,6,6,50.0,43.6,55.6
s2b-r08,2,B,512,s2b-r08-578,512,512,0,10,512,512,1,10,1024,6,64,512,-1,1,0,-1,6,70,6,2,1096571,70,0,6,6,136.0,43.6,55.6
s2b-r08,2,B,512,s2b-r08-579,512,512,0,10,512,512,1,10,1024,6,64,512,-1,1,0,-1,6,101,6,2,1592776,101,0,6,6,50.0,43.6,55.6
s2b-r08,2,B,512,s2b-r08-580,512,512,0,10,512,512,1,10,1024,6,64,512,-1,1,0,-1,6,98,6,2,1544390,98,0,6,6,128.0,43.6,55.6
s2b-r08,2,B,512,s2b-r08-581,512,512,0,10,512,512,1,10,1024,6,64,512,-1,1,0,-1,6,98,6,2,1539209,98,0,6,6,48.0,43.6,55.6
s2b-r08,2,B,512,s2b-r08-582,512,512,0,10,512,512,1,10,1024,6,64,512,-1,1,0,-1,6,98,6,2,1534953,98,0,6,6,245.0,43.6,55.6
s2b-r08,2,B,512,s2b-r08-583,512,512,0,10,512,512,1,10,1024,6,64,512,-1,1,0,-1,6,108,6,2,1697855,108,0,6,6,47.0,43.6,55.6
s2b-r08,2,B,512,s2b-r08-584,512,512,0,10,512,512,1,10,1024,6,64,512,-1,1,0,-1,6,97,6,2,1520960,98,0,6,6,142.0,43.6,55.6
s2b-r08,2,B,512,s2b-r08-585,512,512,0,10,512,512,1,10,1024,6,64,512,-1,1,0,-1,6,102,6,2,1603280,102,0,6,6,48.0,43.6,55.6
s2b-r08,2,B,512,s2b-r08-586,512,512,0,10,512,512,1,10,1024,6,64,512,-1,1,0,-1,6,100,6,2,1574802,98,0,6,6,54.0,43.6,55.6
s2b-r08,2,B,512,s2b-r08-587,512,512,0,10,512,512,1,10,1024,6,64,512,-1,1,0,-1,6,101,6,2,1579277,99,0,6,6,189.0,43.6,55.6
s2b-r08,2,B,512,s2b-r08-588,512,512,0,10,512,512,1,10,1024,6,64,512,-1,1,0,-1,6,82,6,2,1287896,99,0,6,6,56.0,43.6,55.6
s2b-r08,2,B,512,s2b-r08-589,512,512,0,10,512,512,1,10,1024,6,64,512,-1,1,0,-1,6,99,6,2,1557483,99,0,6,6,179.0,43.6,55.6
s2b-r09,3,A,0,s2b-r09-0,0,0,1,0,,,,,,0,8,162,-1,0,0,-1,3,162,3,2,2540973,162,0,3,3,25.0,44.8,52.5
s2b-r09,3,A,0,s2b-r09-1,0,0,0,0,0,0,1,0,1024,0,16,159,0,0,0,-1,3,159,4,0,2491410,159,0,4,1,53.0,44.8,52.5
s2b-r09,3,A,0,s2b-r09-2,0,0,0,0,0,0,1,0,1024,0,2,127,-1,0,0,-1,1,127,1,2,1991644,82,0,1,1,61.0,44.8,52.5
s2b-r09,3,A,0,s2b-r09-3,0,0,0,0,0,0,1,0,1024,0,2,91,-1,0,0,-1,1,91,1,2,1428154,82,0,1,1,58.0,44.8,52.5
s2b-r09,3,A,0,s2b-r09-4,0,0,0,0,0,0,1,0,1024,0,2,85,-1,0,0,-1,1,85,1,2,1342307,85,0,1,1,42.0,44.8,52.5
s2b-r09,3,A,0,s2b-r09-5,0,0,0,0,0,0,1,0,1024,0,1,139,0,0,0,-1,1,139,0,0,2183814,139,0,0,0,41.0,44.8,52.5
s2b-r09,3,A,0,s2b-r09-6,0,0,0,0,0,0,1,0,1024,0,4,151,-1,0,0,-1,2,151,2,2,2367406,151,0,2,2,57.0,44.8,52.5
s2b-r09,3,A,0,s2b-r09-7,0,0,0,0,0,0,1,0,1024,0,4,147,-1,0,0,-1,2,147,2,2,2306652,147,0,2,2,23.0,44.8,52.5
s2b-r09,3,A,0,s2b-r09-8,0,0,0,0,0,0,1,0,1024,0,32,143,1,0,0,-1,2,143,5,0,2240322,147,0,5,5,75.0,44.8,52.5
s2b-r09,3,A,0,s2b-r09-9,0,0,0,0,0,0,1,0,1024,0,32,101,-1,0,0,-1,5,101,5,2,1585100,101,0,5,5,59.0,44.8,52.5
s2b-r09,3,A,0,s2b-r09-10,0,0,0,0,0,0,1,0,1024,0,32,156,-1,0,0,-1,5,156,5,2,2437703,156,0,5,5,35.0,44.8,52.5
s2b-r09,3,A,0,s2b-r09-11,0,0,0,0,0,0,1,0,1024,0,32,147,-1,0,0,-1,5,147,5,2,2309378,156,0,5,5,129.0,44.8,52.5
s2b-r09,3,A,0,s2b-r09-12,0,0,0,0,0,0,1,0,1024,0,32,111,-1,0,0,-1,5,111,5,2,1736692,124,0,5,5,110.0,44.8,52.5
s2b-r09,3,A,0,s2b-r09-13,0,0,0,0,0,0,1,0,1024,0,8,123,-1,0,0,-1,3,123,3,2,1924038,123,0,3,3,38.0,44.8,52.5
s2b-r09,3,A,0,s2b-r09-14,0,0,0,0,0,0,1,0,1024,0,8,148,-1,0,0,-1,3,148,3,2,2315924,148,0,3,3,62.0,44.8,52.5
s2b-r09,3,A,0,s2b-r09-15,0,0,0,0,0,0,1,0,1024,0,2,85,1,0,0,-1,3,85,3,0,1329199,123,0,3,2,92.0,44.8,52.5
s2b-r09,3,A,0,s2b-r09-16,0,0,0,0,0,0,1,0,1024,0,16,138,4,0,0,-1,3,138,4,0,2158296,138,0,4,1,554.0,44.8,52.5
s2b-r09,3,A,0,s2b-r09-17,0,0,0,0,0,0,1,0,1024,0,32,246,-1,0,0,-1,5,246,5,2,3843770,246,0,5,5,44.0,44.8,52.5
s2b-r09,3,A,0,s2b-r09-18,0,0,0,0,0,0,1,0,1024,0,32,162,-1,0,0,-1,5,162,5,2,2542671,162,0,5,5,39.0,44.8,52.5
s2b-r09,3,A,0,s2b-r09-19,0,0,0,0,0,0,1,0,1024,0,16,138,4,0,0,-1,5,138,5,0,2170889,122,0,5,5,809.0,44.8,52.5
s2b-r09,3,A,0,s2b-r09-20,0,0,0,0,0,0,1,0,1024,0,16,162,1,0,0,-1,4,162,4,0,2542279,162,0,4,4,31.0,44.8,52.5
s2b-r09,3,A,0,s2b-r09-21,0,0,0,0,0,0,1,0,1024,0,32,205,-1,0,0,-1,5,205,5,2,3203652,205,0,5,5,42.0,44.8,52.5
s2b-r09,3,A,0,s2b-r09-22,0,0,0,0,0,0,1,0,1024,0,32,143,-1,0,0,-1,5,143,5,2,2246128,143,0,5,5,32.0,44.8,52.5
s2b-r09,3,A,0,s2b-r09-23,0,0,0,0,0,0,1,0,1024,0,1,132,0,0,0,-1,5,132,0,0,2067491,143,0,0,0,83.0,44.8,52.5
s2b-r09,3,A,0,s2b-r09-24,0,0,0,0,0,0,1,0,1024,0,1,89,0,0,0,-1,4,89,4,0,1401889,34,0,4,4,70.0,44.8,52.5
s2b-r09,3,A,0,s2b-r09-25,0,0,0,0,0,0,1,0,1024,0,2,149,1,0,0,-1,4,149,1,0,2343674,149,0,1,1,91.0,44.8,52.5
s2b-r09,3,A,0,s2b-r09-26,0,0,0,0,0,0,1,0,1024,0,32,91,-1,0,0,-1,5,91,5,2,1435070,99,0,5,5,59.0,44.8,52.5
s2b-r09,3,A,0,s2b-r09-27,0,0,0,0,0,0,1,0,1024,0,16,93,1,0,0,-1,5,93,4,0,1467930,99,0,4,4,37.0,44.8,52.5
s2b-r09,3,A,0,s2b-r09-28,0,0,0,0,0,0,1,0,1024,0,1,77,-1,0,0,-1,0,77,0,2,1203824,119,0,0,0,18.0,44.8,52.5
s2b-r09,3,A,0,s2b-r09-29,0,0,0,0,0,0,1,0,1024,0,16,157,-1,0,0,-1,4,157,4,2,2454226,157,0,4,4,40.0,44.8,52.5
s2b-r09,3,A,0,s2b-r09-30,0,0,0,0,0,0,1,0,1024,0,32,151,0,0,0,-1,4,151,5,0,2366202,157,0,5,5,34.0,44.8,52.5
s2b-r09,3,A,0,s2b-r09-31,0,0,0,0,0,0,1,0,1024,0,32,157,-1,0,0,-1,5,157,5,2,2454672,157,0,5,5,16.0,44.8,52.5
s2b-r09,3,A,0,s2b-r09-32,0,0,0,0,0,0,1,0,1024,0,32,150,-1,0,0,-1,5,150,5,2,2347632,157,0,5,5,26.0,44.8,52.5
s2b-r09,3,A,0,s2b-r09-33,0,0,0,0,0,0,1,0,1024,0,32,123,-1,0,0,-1,5,123,5,2,1922880,114,0,5,5,23.0,44.8,52.5
s2b-r09,3,A,0,s2b-r09-34,0,0,0,0,0,0,1,0,1024,0,32,148,-1,0,0,-1,5,148,5,2,2319810,157,0,5,5,58.0,44.8,52.5
s2b-r09,3,A,0,s2b-r09-35,0,0,0,0,0,0,1,0,1024,0,32,91,-1,0,0,-1,5,91,5,2,1422794,105,0,5,5,104.0,44.8,52.5
s2b-r09,3,A,0,s2b-r09-36,0,0,0,0,0,0,1,0,1024,0,32,99,-1,0,0,-1,5,99,5,2,1556399,105,0,5,5,166.0,44.8,52.5
s2b-r09,3,A,0,s2b-r09-37,0,0,0,0,0,0,1,0,1024,0,32,151,-1,0,0,-1,5,151,5,2,2373826,151,0,5,5,50.0,44.8,52.5
s2b-r09,3,A,0,s2b-r09-38,0,0,0,0,0,0,1,0,1024,0,32,158,-1,0,0,-1,5,158,5,2,2477143,158,0,5,5,47.0,44.8,52.5
s2b-r09,3,A,0,s2b-r09-39,0,0,0,0,0,0,1,0,1024,0,16,148,4,0,0,-1,5,148,5,0,2320123,158,0,5,5,300.0,44.8,52.5
s2b-r09,3,A,0,s2b-r09-40,0,0,0,0,0,0,1,0,1024,0,1,172,0,0,0,-1,1,172,1,0,2693927,172,0,1,1,225.0,44.8,52.5
s2b-r09,3,A,0,s2b-r09-41,0,0,0,0,0,0,1,0,1024,0,2,108,-1,0,0,-1,1,108,1,2,1702744,15,0,1,1,101.0,44.8,52.5
s2b-r09,3,A,0,s2b-r09-42,0,0,0,0,0,0,1,0,1024,0,4,100,-1,0,0,-1,2,100,2,2,1566223,70,0,2,2,153.0,44.8,52.5
s2b-r09,3,A,0,s2b-r09-43,0,0,0,0,0,0,1,0,1024,0,2,61,1,0,0,-1,2,61,1,0,965367,125,0,1,1,43.0,44.8,52.5
s2b-r09,3,A,0,s2b-r09-44,0,0,0,0,0,0,1,0,1024,0,1,154,0,0,0,-1,2,154,0,0,2420507,154,0,0,0,63.0,44.8,52.5
s2b-r09,3,A,0,s2b-r09-45,0,0,0,0,0,0,1,0,1024,0,32,162,-1,0,0,-1,5,162,5,2,2533261,162,0,5,5,29.0,44.8,52.5
s2b-r09,3,A,0,s2b-r09-46,0,0,0,0,0,0,1,0,1024,0,32,103,-1,0,0,-1,5,103,5,2,1612904,103,0,5,5,102.0,44.8,52.5
s2b-r09,3,A,0,s2b-r09-47,0,0,0,0,0,0,1,0,1024,0,8,93,3,0,0,-1,1,93,1,0,1467286,103,0,1,3,540.0,44.8,52.5
s2b-r09,3,A,0,s2b-r09-48,0,0,0,0,0,0,1,0,1024,0,8,85,-1,0,0,-1,3,85,3,2,1328285,103,0,3,3,29.0,44.8,52.5
s2b-r09,3,A,0,s2b-r09-49,0,0,0,0,0,0,1,0,1024,0,4,157,2,0,0,-1,4,157,2,0,2458673,157,0,2,2,32.0,44.8,52.5
s2b-r09,3,A,0,s2b-r09-50,0,0,0,0,0,0,1,0,1024,0,4,150,-1,0,0,-1,2,150,2,2,2353538,157,0,2,2,81.0,44.8,52.5
s2b-r09,3,A,0,s2b-r09-51,0,0,0,0,0,0,1,0,1024,0,8,212,0,0,0,-1,2,212,3,0,3321581,212,0,3,3,54.0,44.8,52.5
s2b-r09,3,A,0,s2b-r09-52,0,0,0,0,0,0,1,0,1024,0,1,155,0,0,0,-1,3,155,0,0,2436497,157,0,0,0,43.0,44.8,52.5
s2b-r09,3,A,0,s2b-r09-53,0,0,0,0,0,0,1,0,1024,0,32,134,-1,0,0,-1,5,134,5,2,2094811,128,0,5,5,81.0,44.8,52.5
s2b-r09,3,A,0,s2b-r09-54,0,0,0,0,0,0,1,0,1024,0,16,150,0,0,0,-1,5,150,4,0,2343772,150,0,4,4,42.0,44.8,52.5
s2b-r09,3,A,0,s2b-r09-55,0,0,0,0,0,0,1,0,1024,0,1,164,-1,0,0,-1,0,164,0,2,2566840,164,0,0,0,27.0,44.8,52.5
s2b-r09,3,A,0,s2b-r09-56,0,0,0,0,0,0,1,0,1024,0,1,118,-1,0,0,-1,0,118,0,2,1847242,96,0,0,0,17.0,44.8,52.5
s2b-r09,3,A,0,s2b-r09-57,0,0,0,0,0,0,1,0,1024,0,1,150,-1,0,0,-1,0,150,0,2,2353641,150,0,0,0,18.0,44.8,52.5
s2b-r09,3,A,0,s2b-r09-58,0,0,0,0,0,0,1,0,1024,0,32,120,5,0,0,-1,5,120,5,0,1875510,120,0,5,5,1329.0,44.8,52.5
s2b-r09,3,A,0,s2b-r09-59,0,0,0,0,0,0,1,0,1024,0,32,75,2,0,0,-1,1,75,5,0,1175635,45,0,5,5,37.0,44.8,52.5
s2b-r09,3,A,0,s2b-r09-60,0,0,0,0,0,0,1,0,1024,0,8,155,-1,0,0,-1,3,155,3,2,2434803,155,0,3,3,18.0,44.8,52.5
s2b-r09,3,A,0,s2b-r09-61,0,0,0,0,0,0,1,0,1024,0,8,148,-1,0,0,-1,3,148,3,2,2319241,155,0,3,3,29.0,44.8,52.5
s2b-r09,3,A,0,s2b-r09-62,0,0,0,0,0,0,1,0,1024,0,8,155,-1,0,0,-1,3,155,3,2,2424468,155,0,3,3,22.0,44.8,52.5
s2b-r09,3,A,0,s2b-r09-63,0,0,0,0,0,0,1,0,1024,0,32,149,1,0,0,-1,3,149,5,0,2339588,155,0,5,5,44.0,44.8,52.5
s2b-r09,3,A,0,s2b-r09-64,0,0,0,0,0,0,1,0,1024,0,32,121,-1,0,0,-1,5,121,5,2,1896449,96,0,5,5,16.0,44.8,52.5
s2b-r09,3,A,0,s2b-r09-65,0,0,0,0,0,0,1,0,1024,0,16,163,-1,0,0,-1,4,163,4,2,2552935,163,0,4,4,36.0,44.8,52.5
s2b-r09,3,A,0,s2b-r09-66,0,0,0,0,0,0,1,0,1024,0,1,75,-1,0,0,-1,0,75,0,2,1180608,19,0,0,0,194.0,44.8,52.5
s2b-r09,3,A,0,s2b-r09-67,0,0,0,0,0,0,1,0,1024,0,32,87,5,0,0,-1,0,87,5,0,1368153,87,0,5,4,56.0,44.8,52.5
s2b-r09,3,A,0,s2b-r09-68,0,0,0,0,0,0,1,0,1024,0,16,68,4,0,0,-1,4,68,4,0,1066123,36,0,4,4,27.0,44.8,52.5
s2b-r09,3,A,0,s2b-r09-69,0,0,0,0,0,0,1,0,1024,0,32,182,-1,0,0,-1,5,182,5,2,2852515,182,0,5,5,26.0,44.8,52.5
s2b-r09,3,A,0,s2b-r09-70,0,0,0,0,0,0,1,0,1024,0,32,143,-1,0,0,-1,5,143,5,2,2244687,182,0,5,5,63.0,44.8,52.5
s2b-r09,3,A,0,s2b-r09-71,0,0,0,0,0,0,1,0,1024,0,32,96,5,0,0,-1,5,96,5,0,1508216,51,0,5,4,175.0,44.8,52.5
s2b-r09,3,A,0,s2b-r09-72,0,0,0,0,0,0,1,0,1024,0,32,118,-1,0,0,-1,5,118,5,2,1844233,118,0,5,5,80.0,44.8,52.5
s2b-r09,3,A,0,s2b-r09-73,0,0,0,0,0,0,1,0,1024,0,32,74,-1,0,0,-1,5,74,5,2,1168791,42,0,5,5,103.0,44.8,52.5
s2b-r09,3,A,0,s2b-r09-74,0,0,0,0,0,0,1,0,1024,0,32,86,-1,0,0,-1,5,86,5,2,1344900,79,0,5,5,106.0,44.8,52.5
s2b-r09,3,A,0,s2b-r09-75,0,0,0,0,0,0,1,0,1024,0,32,60,-1,0,0,-1,5,60,5,2,944324,79,0,5,5,82.0,44.8,52.5
s2b-r09,3,A,0,s2b-r09-76,0,0,0,0,0,0,1,0,1024,0,1,60,0,0,0,-1,5,60,0,0,945971,41,0,0,0,55.0,44.8,52.5
s2b-r09,3,A,0,s2b-r09-77,0,0,0,0,0,0,1,0,1024,0,1,63,-1,0,0,-1,0,63,0,2,993438,46,0,0,0,17.0,44.8,52.5
s2b-r09,3,A,0,s2b-r09-78,0,0,0,0,0,0,1,0,1024,0,32,154,-1,0,0,-1,5,154,5,2,2412505,154,0,5,5,76.0,44.8,52.5
s2b-r09,3,A,0,s2b-r09-79,0,0,0,0,0,0,1,0,1024,0,32,150,-1,0,0,-1,5,150,5,2,2352230,154,0,5,5,24.0,44.8,52.5
s2b-r09,3,A,0,s2b-r09-80,0,0,0,0,0,0,1,0,1024,0,2,101,-1,0,0,-1,1,101,1,2,1583728,97,0,1,1,60.0,44.8,52.5
s2b-r09,3,A,0,s2b-r09-81,0,0,0,0,0,0,1,0,1024,0,2,91,-1,0,0,-1,1,91,1,2,1430363,97,0,1,1,48.0,44.8,52.5
s2b-r09,3,A,0,s2b-r09-82,0,0,0,0,0,0,1,0,1024,0,1,74,-1,0,0,-1,0,74,0,2,1160532,51,0,0,0,42.0,44.8,52.5
s2b-r09,3,A,0,s2b-r09-83,0,0,0,0,0,0,1,0,1024,0,32,71,-1,0,0,-1,5,71,5,2,1115709,71,0,5,5,115.0,44.8,52.5
s2b-r09,3,A,0,s2b-r09-84,0,0,0,0,0,0,1,0,1024,0,16,132,-1,0,0,-1,4,132,4,2,2064062,132,0,4,4,81.0,44.8,52.5
s2b-r09,3,A,0,s2b-r09-85,0,0,0,0,0,0,1,0,1024,0,16,74,-1,0,0,-1,4,74,4,2,1169216,127,0,4,4,107.0,44.8,52.5
s2b-r09,3,A,0,s2b-r09-86,0,0,0,0,0,0,1,0,1024,0,32,87,-1,0,0,-1,5,87,5,2,1362690,127,0,5,5,82.0,44.8,52.5
s2b-r09,3,A,0,s2b-r09-87,0,0,0,0,0,0,1,0,1024,0,16,133,-1,0,0,-1,4,133,4,2,2091062,133,0,4,4,55.0,44.8,52.5
s2b-r09,3,A,0,s2b-r09-88,0,0,0,0,0,0,1,0,1024,0,16,148,-1,0,0,-1,4,148,4,2,2325321,148,0,4,4,140.0,44.8,52.5
s2b-r09,3,A,0,s2b-r09-89,0,0,0,0,0,0,1,0,1024,0,16,152,-1,0,0,-1,4,152,4,2,2375349,152,0,4,4,67.0,44.8,52.5
s2b-r09,3,A,0,s2b-r09-90,0,0,0,0,0,0,1,0,1024,0,1,146,0,0,0,-1,4,146,0,0,2295086,146,0,0,0,31.0,44.8,52.5
s2b-r09,3,A,0,s2b-r09-91,0,0,0,0,0,0,1,0,1024,0,2,93,-1,0,0,-1,1,93,1,2,1462188,28,0,1,1,99.0,44.8,52.5
s2b-r09,3,A,0,s2b-r09-92,0,0,0,0,0,0,1,0,1024,0,2,91,-1,0,0,-1,1,91,1,2,1423244,71,0,1,1,102.0,44.8,52.5
s2b-r09,3,A,0,s2b-r09-93,0,0,0,0,0,0,1,0,1024,0,2,61,-1,0,0,-1,1,61,1,2,957849,124,0,1,1,111.0,44.8,52.5
s2b-r09,3,A,0,s2b-r09-94,0,0,0,0,0,0,1,0,1024,0,1,63,0,0,0,-1,5,63,0,0,990417,124,0,0,0,50.0,44.8,52.5
s2b-r09,3,A,0,s2b-r09-95,0,0,0,0,0,0,1,0,1024,0,16,67,-1,0,0,-1,4,67,4,2,1049117,67,0,4,4,38.0,44.8,52.5
s2b-r09,3,A,0,s2b-r09-96,0,0,0,0,0,0,1,0,1024,0,16,72,-1,0,0,-1,4,72,4,2,1133918,67,0,4,4,59.0,44.8,52.5
s2b-r09,3,A,0,s2b-r09-97,0,0,0,0,0,0,1,0,1024,0,2,73,1,0,0,-1,4,73,1,0,1146639,67,0,1,1,80.0,44.8,52.5
s2b-r09,3,A,0,s2b-r09-98,0,0,0,0,0,0,1,0,1024,0,16,81,-1,0,0,-1,4,81,4,2,1276540,101,0,4,4,46.0,44.8,52.5
s2b-r09,3,A,0,s2b-r09-99,0,0,0,0,0,0,1,0,1024,0,16,71,-1,0,0,-1,4,71,4,2,1114348,101,0,4,4,50.0,44.8,52.5
s2b-r09,3,A,0,s2b-r09-100,0,0,0,0,0,0,1,0,1024,0,16,76,-1,0,0,-1,4,76,4,2,1194767,19,0,4,4,42.0,44.8,52.5
s2b-r09,3,A,0,s2b-r09-101,0,0,0,0,0,0,1,0,1024,0,32,77,0,0,0,-1,4,77,5,0,1210766,22,0,5,5,38.0,44.8,52.5
s2b-r09,3,A,0,s2b-r09-102,0,0,0,0,0,0,1,0,1024,0,32,149,-1,0,0,-1,5,149,5,2,2338668,149,0,5,5,61.0,44.8,52.5
s2b-r09,3,A,0,s2b-r09-103,0,0,0,0,0,0,1,0,1024,0,32,150,-1,0,0,-1,5,150,5,2,2354007,150,0,5,5,64.0,44.8,52.5
s2b-r09,3,A,0,s2b-r09-104,0,0,0,0,0,0,1,0,1024,0,32,90,-1,0,0,-1,5,90,5,2,1414581,20,0,5,5,52.0,44.8,52.5
s2b-r09,3,A,0,s2b-r09-105,0,0,0,0,0,0,1,0,1024,0,2,109,-1,0,0,-1,1,109,1,2,1711170,109,0,1,1,47.0,44.8,52.5
s2b-r09,3,A,0,s2b-r09-106,0,0,0,0,0,0,1,0,1024,0,16,78,-1,0,0,-1,4,78,4,2,1223325,115,0,4,4,104.0,44.8,52.5
s2b-r09,3,A,0,s2b-r09-107,0,0,0,0,0,0,1,0,1024,0,16,83,-1,0,0,-1,4,83,4,2,1303135,115,0,4,4,111.0,44.8,52.5
s2b-r09,3,A,0,s2b-r09-108,0,0,0,0,0,0,1,0,1024,0,32,61,-1,0,0,-1,5,61,5,2,963705,125,0,5,5,81.0,44.8,52.5
s2b-r09,3,A,0,s2b-r09-109,0,0,0,0,0,0,1,0,1024,0,32,61,-1,0,0,-1,5,61,5,2,962683,125,0,5,5,56.0,44.8,52.5
s2b-r09,3,A,0,s2b-r09-110,0,0,0,0,0,0,1,0,1024,0,8,64,0,0,0,-1,5,64,3,0,1006198,18,0,3,3,26.0,44.8,52.5
s2b-r09,3,A,0,s2b-r09-111,0,0,0,0,0,0,1,0,1024,0,8,158,-1,0,0,-1,3,158,3,2,2475208,158,0,3,3,27.0,44.8,52.5
s2b-r09,3,A,0,s2b-r09-112,0,0,0,0,0,0,1,0,1024,0,16,117,-1,0,0,-1,4,117,4,2,1834503,117,0,4,4,63.0,44.8,52.5
s2b-r09,3,A,0,s2b-r09-113,0,0,0,0,0,0,1,0,1024,0,1,94,-1,0,0,-1,0,94,0,2,1483004,74,0,0,0,33.0,44.8,52.5
s2b-r09,3,A,0,s2b-r09-114,0,0,0,0,0,0,1,0,1024,0,2,129,1,0,0,-1,0,129,1,0,2028569,129,0,1,1,46.0,44.8,52.5
s2b-r09,3,A,0,s2b-r09-115,0,0,0,0,0,0,1,0,1024,0,32,123,-1,0,0,-1,5,123,5,2,1936839,123,0,5,5,61.0,44.8,52.5
s2b-r09,3,A,0,s2b-r09-116,0,0,0,0,0,0,1,0,1024,0,32,63,-1,0,0,-1,5,63,5,2,987764,26,0,5,5,66.0,44.8,52.5
s2b-r09,3,A,0,s2b-r09-117,0,0,0,0,0,0,1,0,1024,0,32,62,-1,0,0,-1,5,62,5,2,976474,7,0,5,5,102.0,44.8,52.5
s2b-r09,3,A,0,s2b-r09-118,0,0,0,0,0,0,1,0,1024,0,32,66,-1,0,0,-1,5,66,5,2,1041476,87,0,5,5,109.0,44.8,52.5
s2b-r09,3,A,0,s2b-r09-119,0,0,0,0,0,0,1,0,1024,0,32,121,-1,0,0,-1,5,121,5,2,1890928,121,0,5,5,28.0,44.8,52.5
s2b-r09,3,A,0,s2b-r09-120,0,0,0,0,0,0,1,0,1024,0,2,175,1,0,0,-1,5,175,1,0,2740849,175,0,1,1,44.0,44.8,52.5
s2b-r09,3,A,0,s2b-r09-121,0,0,0,0,0,0,1,0,1024,0,16,153,4,0,0,-1,1,153,1,0,2393480,153,0,1,4,33.0,44.8,52.5
s2b-r09,3,A,0,s2b-r09-122,0,0,0,0,0,0,1,0,1024,0,16,121,-1,0,0,-1,4,121,4,2,1890784,107,0,4,4,24.0,44.8,52.5
s2b-r09,3,A,0,s2b-r09-123,0,0,0,0,0,0,1,0,1024,0,16,148,-1,0,0,-1,4,148,4,2,2321462,153,0,4,4,62.0,44.8,52.5
s2b-r09,3,A,0,s2b-r09-124,0,0,0,0,0,0,1,0,1024,0,16,144,-1,0,0,-1,4,144,4,2,2256969,144,0,4,4,85.0,44.8,52.5
s2b-r09,3,A,0,s2b-r09-125,0,0,0,0,0,0,1,0,1024,0,4,90,1,0,0,-1,4,90,2,0,1408352,0,0,2,2,209.0,44.8,52.5
s2b-r09,3,A,0,s2b-r09-126,0,0,0,0,0,0,1,0,1024,0,2,91,-1,0,0,-1,1,91,1,2,1426390,69,0,1,1,28.0,44.8,52.5
s2b-r09,3,A,0,s2b-r09-127,0,0,0,0,0,0,1,0,1024,0,1,62,0,0,0,-1,1,62,0,0,977970,100,0,0,0,232.0,44.8,52.5
s2b-r09,3,A,0,s2b-r09-128,0,0,0,0,0,0,1,0,1024,0,2,113,-1,0,0,-1,1,113,1,2,1771072,113,0,1,1,105.0,44.8,52.5
s2b-r09,3,A,0,s2b-r09-129,0,0,0,0,0,0,1,0,1024,0,2,78,-1,0,0,-1,1,78,1,2,1221149,45,0,1,1,65.0,44.8,52.5
s2b-r09,3,A,0,s2b-r09-130,0,0,0,0,0,0,1,0,1024,0,2,131,1,0,0,-1,5,131,1,0,2048338,131,0,1,1,25.0,44.8,52.5
s2b-r09,3,A,0,s2b-r09-131,0,0,0,0,0,0,1,0,1024,0,2,156,-1,0,0,-1,1,156,1,2,2451405,156,0,1,1,19.0,44.8,52.5
s2b-r09,3,A,0,s2b-r09-132,0,0,0,0,0,0,1,0,1024,0,2,151,-1,0,0,-1,1,151,1,2,2365208,151,0,1,1,95.0,44.8,52.5
s2b-r09,3,A,0,s2b-r09-133,0,0,0,0,0,0,1,0,1024,0,2,118,1,0,0,-1,5,118,5,0,1855205,111,0,5,5,1365.0,44.8,52.5
s2b-r09,3,A,0,s2b-r09-134,0,0,0,0,0,0,1,0,1024,0,2,180,1,0,0,-1,5,180,5,0,2826947,180,0,5,2,215.0,44.8,52.5
s2b-r09,3,A,0,s2b-r09-135,0,0,0,0,0,0,1,0,1024,0,2,112,-1,0,0,-1,1,112,1,2,1758215,112,0,1,1,18.0,44.8,52.5
s2b-r09,3,A,0,s2b-r09-136,0,0,0,0,0,0,1,0,1024,0,16,151,-1,0,0,-1,4,151,4,2,2361154,151,0,4,4,92.0,44.8,52.5
s2b-r09,3,A,0,s2b-r09-137,0,0,0,0,0,0,1,0,1024,0,16,92,-1,0,0,-1,4,92,4,2,1445989,112,0,4,4,56.0,44.8,52.5
s2b-r09,3,A,0,s2b-r09-138,0,0,0,0,0,0,1,0,1024,0,2,89,1,0,0,-1,4,89,4,0,1393128,74,0,4,1,105.0,44.8,52.5
s2b-r09,3,A,0,s2b-r09-139,0,0,0,0,0,0,1,0,1024,0,1,161,0,0,0,-1,5,161,0,0,2524490,161,0,0,0,49.0,44.8,52.5
s2b-r09,3,A,0,s2b-r09-140,0,0,0,0,0,0,1,0,1024,0,32,153,5,0,0,-1,0,153,0,0,2405267,161,0,0,5,80.0,44.8,52.5
s2b-r09,3,A,0,s2b-r09-141,0,0,0,0,0,0,1,0,1024,0,2,151,1,0,0,-1,4,151,1,0,2373979,161,0,1,1,80.0,44.8,52.5
s2b-r09,3,A,0,s2b-r09-142,0,0,0,0,0,0,1,0,1024,0,1,166,0,0,0,-1,1,166,0,0,2607160,166,0,0,0,41.0,44.8,52.5
s2b-r09,3,A,0,s2b-r09-143,0,0,0,0,0,0,1,0,1024,0,1,157,-1,0,0,-1,0,157,0,2,2455245,166,0,0,0,52.0,44.8,52.5
s2b-r09,3,A,0,s2b-r09-144,0,0,0,0,0,0,1,0,1024,0,1,125,-1,0,0,-1,0,125,0,2,1961734,111,0,0,0,58.0,44.8,52.5
s2b-r09,3,A,0,s2b-r09-145,0,0,0,0,0,0,1,0,1024,0,16,102,1,0,0,-1,5,102,4,0,1594499,102,0,4,4,266.0,44.8,52.5
s2b-r09,3,A,0,s2b-r09-146,0,0,0,0,0,0,1,0,1024,0,16,71,-1,0,0,-1,4,71,4,2,1123913,102,0,4,4,103.0,44.8,52.5
s2b-r09,3,A,0,s2b-r09-147,0,0,0,0,0,0,1,0,1024,0,16,88,-1,0,0,-1,4,88,4,2,1384138,102,0,4,4,80.0,44.8,52.5
s2b-r09,3,A,0,s2b-r09-148,0,0,0,0,0,0,1,0,1024,0,16,155,4,0,0,-1,1,155,4,0,2427534,155,0,4,4,51.0,44.8,52.5
s2b-r09,3,A,0,s2b-r09-149,0,0,0,0,0,0,1,0,1024,0,32,175,5,0,0,-1,0,175,5,0,2738561,175,0,5,5,176.0,44.8,52.5
s2b-r09,3,A,0,s2b-r09-150,0,0,0,0,0,0,1,0,1024,0,1,101,0,0,0,-1,4,101,0,0,1581952,9,0,0,0,43.0,44.8,52.5
s2b-r09,3,A,0,s2b-r09-151,0,0,0,0,0,0,1,0,1024,0,2,152,-1,0,0,-1,1,152,1,2,2390286,152,0,1,1,40.0,44.8,52.5
s2b-r09,3,A,0,s2b-r09-152,0,0,0,0,0,0,1,0,1024,0,1,149,0,0,0,-1,1,149,0,0,2337989,152,0,0,0,77.0,44.8,52.5
s2b-r09,3,A,0,s2b-r09-153,0,0,0,0,0,0,1,0,1024,0,16,109,1,0,0,-1,0,109,4,0,1709029,109,0,4,4,29.0,44.8,52.5
s2b-r09,3,A,0,s2b-r09-154,0,0,0,0,0,0,1,0,1024,0,16,153,-1,0,0,-1,4,153,4,2,2392642,153,0,4,4,20.0,44.8,52.5
s2b-r09,3,A,0,s2b-r09-155,0,0,0,0,0,0,1,0,1024,0,16,108,-1,0,0,-1,4,108,4,2,1694885,108,0,4,4,33.0,44.8,52.5
s2b-r09,3,A,0,s2b-r09-156,0,0,0,0,0,0,1,0,1024,0,32,155,-1,0,0,-1,5,155,5,2,2421927,155,0,5,5,62.0,44.8,52.5
s2b-r09,3,A,0,s2b-r09-157,0,0,0,0,0,0,1,0,1024,0,32,91,-1,0,0,-1,5,91,5,2,1424630,42,0,5,5,27.0,44.8,52.5
s2b-r09,3,A,0,s2b-r09-158,0,0,0,0,0,0,1,0,1024,0,32,148,-1,0,0,-1,5,148,5,2,2314517,148,0,5,5,30.0,44.8,52.5
s2b-r09,3,A,0,s2b-r09-159,0,0,0,0,0,0,1,0,1024,0,32,150,-1,0,0,-1,5,150,5,2,2353996,150,0,5,5,29.0,44.8,52.5
s2b-r09,3,A,0,s2b-r09-160,0,0,0,0,0,0,1,0,1024,0,32,97,-1,0,0,-1,5,97,5,2,1523636,76,0,5,5,50.0,44.8,52.5
s2b-r09,3,A,0,s2b-r09-161,0,0,0,0,0,0,1,0,1024,0,16,91,4,0,0,-1,5,91,4,0,1425979,29,0,4,4,41.0,44.8,52.5
s2b-r09,3,A,0,s2b-r09-162,0,0,0,0,0,0,1,0,1024,0,16,156,-1,0,0,-1,4,156,4,2,2441074,156,0,4,4,40.0,44.8,52.5
s2b-r09,3,A,0,s2b-r09-163,0,0,0,0,0,0,1,0,1024,0,16,94,4,0,0,-1,1,94,4,0,1480370,49,0,4,4,241.0,44.8,52.5
s2b-r09,3,A,0,s2b-r09-164,0,0,0,0,0,0,1,0,1024,0,16,96,-1,0,0,-1,4,96,4,2,1503757,96,0,4,4,119.0,44.8,52.5
s2b-r09,3,A,0,s2b-r09-165,0,0,0,0,0,0,1,0,1024,0,16,69,-1,0,0,-1,4,69,4,2,1091155,96,0,4,4,116.0,44.8,52.5
s2b-r09,3,A,0,s2b-r09-166,0,0,0,0,0,0,1,0,1024,0,16,80,-1,0,0,-1,4,80,4,2,1263221,96,0,4,4,31.0,44.8,52.5
s2b-r09,3,A,0,s2b-r09-167,0,0,0,0,0,0,1,0,1024,0,2,67,1,0,0,-1,0,67,1,0,1056947,18,0,1,1,151.0,44.8,52.5
s2b-r09,3,A,0,s2b-r09-168,0,0,0,0,0,0,1,0,1024,0,16,78,-1,0,0,-1,4,78,4,2,1231675,66,0,4,4,61.0,44.8,52.5
s2b-r09,3,A,0,s2b-r09-169,0,0,0,0,0,0,1,0,1024,0,2,62,-1,0,0,-1,1,62,1,2,972008,125,0,1,1,24.0,44.8,52.5
s2b-r09,3,A,0,s2b-r09-170,0,0,0,0,0,0,1,0,1024,0,32,174,-1,0,0,-1,5,174,5,2,2723865,174,0,5,5,44.0,44.8,52.5
s2b-r09,3,A,0,s2b-r09-171,0,0,0,0,0,0,1,0,1024,0,32,148,-1,0,0,-1,5,148,5,2,2318227,174,0,5,5,21.0,44.8,52.5
s2b-r09,3,A,0,s2b-r09-172,0,0,0,0,0,0,1,0,1024,0,32,95,-1,0,0,-1,5,95,5,2,1494386,34,0,5,5,64.0,44.8,52.5
s2b-r09,3,A,0,s2b-r09-173,0,0,0,0,0,0,1,0,1024,0,16,90,4,0,0,-1,5,90,5,0,1415029,34,0,5,5,160.0,44.8,52.5
s2b-r09,3,A,0,s2b-r09-174,0,0,0,0,0,0,1,0,1024,0,1,74,-1,0,0,-1,0,74,0,2,1171061,34,0,0,0,156.0,44.8,52.5
s2b-r09,3,A,0,s2b-r09-175,0,0,0,0,0,0,1,0,1024,0,32,70,3,0,0,-1,0,70,5,0,1103372,14,0,5,5,59.0,44.8,52.5
s2b-r09,3,A,0,s2b-r09-176,0,0,0,0,0,0,1,0,1024,0,32,66,-1,0,0,-1,5,66,5,2,1038235,35,0,5,5,103.0,44.8,52.5
s2b-r09,3,A,0,s2b-r09-177,0,0,0,0,0,0,1,0,1024,0,2,87,1,0,0,-1,3,87,3,0,1362545,87,0,3,5,671.0,44.8,52.5
s2b-r09,3,A,0,s2b-r09-178,0,0,0,0,0,0,1,0,1024,0,4,124,-1,0,0,-1,2,124,2,2,1938633,124,0,2,2,38.0,44.8,52.5
s2b-r09,3,A,0,s2b-r09-179,0,0,0,0,0,0,1,0,1024,0,4,80,-1,0,0,-1,2,80,2,2,1257801,87,0,2,2,109.0,44.8,52.5
s2b-r09,3,A,0,s2b-r09-180,0,0,0,0,0,0,1,0,1024,0,4,85,-1,0,0,-1,2,85,2,2,1335105,85,0,2,2,205.0,44.8,52.5
s2b-r09,3,A,0,s2b-r09-181,0,0,0,0,0,0,1,0,1024,0,4,112,-1,0,0,-1,2,112,2,2,1765227,112,0,2,2,59.0,44.8,52.5
s2b-r09,3,A,0,s2b-r09-182,0,0,0,0,0,0,1,0,1024,0,32,73,-1,0,0,-1,5,73,5,2,1148995,55,0,5,5,41.0,44.8,52.5
s2b-r09,3,A,0,s2b-r09-183,0,0,0,0,0,0,1,0,1024,0,32,155,-1,0,0,-1,5,155,5,2,2425014,155,0,5,5,16.0,44.8,52.5
s2b-r09,3,A,0,s2b-r09-184,0,0,0,0,0,0,1,0,1024,0,2,122,1,0,0,-1,5,122,5,0,1916185,122,0,5,1,213.0,44.8,52.5
s2b-r09,3,A,0,s2b-r09-185,0,0,0,0,0,0,1,0,1024,0,32,160,-1,0,0,-1,5,160,5,2,2506976,160,0,5,5,93.0,44.8,52.5
s2b-r09,3,A,0,s2b-r09-186,0,0,0,0,0,0,1,0,1024,0,32,150,-1,0,0,-1,5,150,5,2,2351631,160,0,5,5,40.0,44.8,52.5
s2b-r09,3,A,0,s2b-r09-187,0,0,0,0,0,0,1,0,1024,0,8,115,3,0,0,-1,5,115,3,0,1797332,115,0,3,3,182.0,44.8,52.5
s2b-r09,3,A,0,s2b-r09-188,0,0,0,0,0,0,1,0,1024,0,16,90,0,0,0,-1,3,90,3,0,1409082,90,0,3,5,33.0,44.8,52.5
s2b-r09,3,A,0,s2b-r09-189,0,0,0,0,0,0,1,0,1024,0,1,159,0,0,0,-1,4,159,0,0,2498638,159,0,0,0,34.0,44.8,52.5
s2b-r09,3,A,0,s2b-r09-190,0,0,0,0,0,0,1,0,1024,0,1,154,-1,0,0,-1,0,154,0,2,2419407,159,0,0,0,22.0,44.8,52.5
s2b-r09,3,A,0,s2b-r09-191,0,0,0,0,0,0,1,0,1024,0,32,112,4,0,0,-1,0,112,5,0,1755222,90,0,5,5,45.0,44.8,52.5
s2b-r09,3,A,0,s2b-r09-192,0,0,0,0,0,0,1,0,1024,0,16,95,-1,0,0,-1,4,95,4,2,1488737,95,0,4,4,40.0,44.8,52.5
s2b-r09,3,A,0,s2b-r09-193,0,0,0,0,0,0,1,0,1024,0,16,155,-1,0,0,-1,4,155,4,2,2429167,155,0,4,4,25.0,44.8,52.5
s2b-r09,3,A,0,s2b-r09-194,0,0,0,0,0,0,1,0,1024,0,16,159,-1,0,0,-1,4,159,4,2,2491873,159,0,4,4,16.0,44.8,52.5
s2b-r09,3,A,0,s2b-r09-195,0,0,0,0,0,0,1,0,1024,0,16,106,-1,0,0,-1,4,106,4,2,1666507,7,0,4,4,55.0,44.8,52.5
s2b-r09,3,A,0,s2b-r09-196,0,0,0,0,0,0,1,0,1024,0,16,91,-1,0,0,-1,4,91,4,2,1436637,60,0,4,4,42.0,44.8,52.5
s2b-r09,3,A,0,s2b-r09-197,0,0,0,0,0,0,1,0,1024,0,16,103,-1,0,0,-1,4,103,4,2,1617807,103,0,4,4,50.0,44.8,52.5
s2b-r09,3,A,0,s2b-r09-198,0,0,0,0,0,0,1,0,1024,0,16,122,-1,0,0,-1,4,122,4,2,1914773,122,0,4,4,45.0,44.8,52.5
s2b-r09,3,A,0,s2b-r09-199,0,0,0,0,0,0,1,0,1024,0,16,84,-1,0,0,-1,4,84,4,2,1318397,67,0,4,4,81.0,44.8,52.5
s2b-r09,3,A,0,s2b-r09-200,0,0,0,0,0,0,1,0,1024,0,16,94,-1,0,0,-1,4,94,4,2,1474394,94,0,4,4,182.0,44.8,52.5
s2b-r09,3,A,0,s2b-r09-201,0,0,0,0,0,0,1,0,1024,0,16,74,-1,0,0,-1,4,74,4,2,1164335,94,0,4,4,80.0,44.8,52.5
s2b-r09,3,A,0,s2b-r09-202,0,0,0,0,0,0,1,0,1024,0,2,80,1,0,0,-1,4,80,1,0,1254441,94,0,1,1,71.0,44.8,52.5
s2b-r09,3,A,0,s2b-r09-203,0,0,0,0,0,0,1,0,1024,0,1,72,0,0,0,-1,1,72,0,0,1140391,79,0,0,0,29.0,44.8,52.5
s2b-r09,3,A,0,s2b-r09-204,0,0,0,0,0,0,1,0,1024,0,1,156,-1,0,0,-1,0,156,0,2,2439155,156,0,0,0,57.0,44.8,52.5
s2b-r09,3,A,0,s2b-r09-205,0,0,0,0,0,0,1,0,1024,0,32,158,-1,0,0,-1,5,158,5,2,2480360,158,0,5,5,27.0,44.8,52.5
s2b-r09,3,A,0,s2b-r09-206,0,0,0,0,0,0,1,0,1024,0,2,107,1,0,0,-1,5,107,5,0,1679868,77,0,5,5,111.0,44.8,52.5
s2b-r09,3,A,0,s2b-r09-207,0,0,0,0,0,0,1,0,1024,0,32,92,-1,0,0,-1,5,92,5,2,1447419,77,0,5,5,104.0,44.8,52.5
s2b-r09,3,A,0,s2b-r09-208,0,0,0,0,0,0,1,0,1024,0,8,102,0,0,0,-1,5,102,3,0,1599160,102,0,3,3,47.0,44.8,52.5
s2b-r09,3,A,0,s2b-r09-209,0,0,0,0,0,0,1,0,1024,0,16,155,0,0,0,-1,3,155,4,0,2422832,155,0,4,4,36.0,44.8,52.5
s2b-r09,3,A,0,s2b-r09-210,0,0,0,0,0,0,1,0,1024,0,16,91,-1,0,0,-1,4,91,4,2,1427660,82,0,4,4,28.0,44.8,52.5
s2b-r09,3,A,0,s2b-r09-211,0,0,0,0,0,0,1,0,1024,0,16,152,4,0,0,-1,4,152,4,0,2386971,155,0,4,1,117.0,44.8,52.5
s2b-r09,3,A,0,s2b-r09-212,0,0,0,0,0,0,1,0,1024,0,2,138,0,0,0,-1,3,138,1,0,2164565,138,0,1,1,35.0,44.8,52.5
s2b-r09,3,A,0,s2b-r09-213,0,0,0,0,0,0,1,0,1024,0,2,153,-1,0,0,-1,1,153,1,2,2392597,153,0,1,1,19.0,44.8,52.5
s2b-r09,3,A,0,s2b-r09-214,0,0,0,0,0,0,1,0,1024,0,32,154,-1,0,0,-1,5,154,5,2,2413925,154,0,5,5,25.0,44.8,52.5
s2b-r09,3,A,0,s2b-r09-215,0,0,0,0,0,0,1,0,1024,0,32,146,-1,0,0,-1,5,146,5,2,2294825,146,0,5,5,45.0,44.8,52.5
s2b-r09,3,A,0,s2b-r09-216,0,0,0,0,0,0,1,0,1024,0,32,120,-1,0,0,-1,5,120,5,2,1882055,84,0,5,5,61.0,44.8,52.5
s2b-r09,3,A,0,s2b-r09-217,0,0,0,0,0,0,1,0,1024,0,2,89,0,0,0,-1,5,89,1,0,1395267,89,0,1,1,45.0,44.8,52.5
s2b-r09,3,A,0,s2b-r09-218,0,0,0,0,0,0,1,0,1024,0,2,77,-1,0,0,-1,1,77,1,2,1216806,84,0,1,1,56.0,44.8,52.5
s2b-r09,3,A,0,s2b-r09-219,0,0,0,0,0,0,1,0,1024,0,2,79,-1,0,0,-1,1,79,1,2,1237632,78,0,1,1,68.0,44.8,52.5
s2b-r09,3,A,0,s2b-r09-220,0,0,0,0,0,0,1,0,1024,0,2,61,-1,0,0,-1,1,61,1,2,953327,78,0,1,1,81.0,44.8,52.5
s2b-r09,3,A,0,s2b-r09-221,0,0,0,0,0,0,1,0,1024,0,2,70,1,0,0,-1,1,70,1,0,1098452,85,0,1,1,282.0,44.8,52.5
s2b-r09,3,A,0,s2b-r09-222,0,0,0,0,0,0,1,0,1024,0,2,122,-1,0,0,-1,1,122,1,2,1912764,122,0,1,1,55.0,44.8,52.5
s2b-r09,3,A,0,s2b-r09-223,0,0,0,0,0,0,1,0,1024,0,16,75,0,0,0,-1,1,75,4,0,1173413,63,0,4,4,32.0,44.8,52.5
s2b-r09,3,A,0,s2b-r09-224,0,0,0,0,0,0,1,0,1024,0,16,154,-1,0,0,-1,4,154,4,2,2407258,154,0,4,4,26.0,44.8,52.5
s2b-r09,3,A,0,s2b-r09-225,0,0,0,0,0,0,1,0,1024,0,8,156,-1,0,0,-1,3,156,3,2,2447735,156,0,3,3,25.0,44.8,52.5
s2b-r09,3,A,0,s2b-r09-226,0,0,0,0,0,0,1,0,1024,0,16,149,0,0,0,-1,3,149,4,0,2336960,154,0,4,4,238.0,44.8,52.5
s2b-r09,3,A,0,s2b-r09-227,0,0,0,0,0,0,1,0,1024,0,2,122,1,0,0,-1,4,122,1,0,1910978,51,0,1,1,263.0,44.8,52.5
s2b-r09,3,A,0,s2b-r09-228,0,0,0,0,0,0,1,0,1024,0,2,115,-1,0,0,-1,1,115,1,2,1797033,115,0,1,1,70.0,44.8,52.5
s2b-r09,3,A,0,s2b-r09-229,0,0,0,0,0,0,1,0,1024,0,1,72,0,0,0,-1,4,72,4,0,1133697,52,0,4,0,167.0,44.8,52.5
s2b-r09,3,A,0,s2b-r09-230,0,0,0,0,0,0,1,0,1024,0,32,157,-1,0,0,-1,5,157,5,2,2454614,157,0,5,5,66.0,44.8,52.5
s2b-r09,3,A,0,s2b-r09-231,0,0,0,0,0,0,1,0,1024,0,1,149,0,0,0,-1,5,149,0,0,2331227,157,0,0,0,81.0,44.8,52.5
s2b-r09,3,A,0,s2b-r09-232,0,0,0,0,0,0,1,0,1024,0,32,104,3,0,0,-1,0,104,5,0,1638272,55,0,5,5,215.0,44.8,52.5
s2b-r09,3,A,0,s2b-r09-233,0,0,0,0,0,0,1,0,1024,0,16,101,-1,0,0,-1,4,101,4,2,1587452,101,0,4,4,86.0,44.8,52.5
s2b-r09,3,A,0,s2b-r09-234,0,0,0,0,0,0,1,0,1024,0,16,129,-1,0,0,-1,4,129,4,2,2018797,129,0,4,4,23.0,44.8,52.5
s2b-r09,3,A,0,s2b-r09-235,0,0,0,0,0,0,1,0,1024,0,16,148,-1,0,0,-1,4,148,4,2,2317464,148,0,4,4,47.0,44.8,52.5
s2b-r09,3,A,0,s2b-r09-236,0,0,0,0,0,0,1,0,1024,0,1,89,0,0,0,-1,4,89,0,0,1396072,107,0,0,0,101.0,44.8,52.5
s2b-r09,3,A,0,s2b-r09-237,0,0,0,0,0,0,1,0,1024,0,8,90,-1,0,0,-1,3,90,3,2,1419825,107,0,3,3,104.0,44.8,52.5
s2b-r09,3,A,0,s2b-r09-238,0,0,0,0,0,0,1,0,1024,0,16,64,-1,0,0,-1,4,64,4,2,1008756,125,0,4,4,44.0,44.8,52.5
s2b-r09,3,A,0,s2b-r09-239,0,0,0,0,0,0,1,0,1024,0,16,63,-1,0,0,-1,4,63,4,2,988456,125,0,4,4,81.0,44.8,52.5
s2b-r09,3,A,0,s2b-r09-240,0,0,0,0,0,0,1,0,1024,0,16,66,-1,0,0,-1,4,66,4,2,1044475,51,0,4,4,80.0,44.8,52.5
s2b-r09,3,A,0,s2b-r09-241,0,0,0,0,0,0,1,0,1024,0,16,95,-1,0,0,-1,4,95,4,2,1491823,95,0,4,4,126.0,44.8,52.5
s2b-r09,3,A,0,s2b-r09-242,0,0,0,0,0,0,1,0,1024,0,16,149,-1,0,0,-1,4,149,4,2,2339548,149,0,4,4,54.0,44.8,52.5
s2b-r09,3,A,0,s2b-r09-243,0,0,0,0,0,0,1,0,1024,0,16,91,-1,0,0,-1,4,91,4,2,1431341,4,0,4,4,54.0,44.8,52.5
s2b-r09,3,A,0,s2b-r09-244,0,0,0,0,0,0,1,0,1024,0,32,148,0,0,0,-1,4,148,5,0,2321578,148,0,5,5,89.0,44.8,52.5
s2b-r09,3,A,0,s2b-r09-245,0,0,0,0,0,0,1,0,1024,0,32,147,-1,0,0,-1,5,147,5,2,2310917,148,0,5,5,17.0,44.8,52.5
s2b-r09,3,A,0,s2b-r09-246,0,0,0,0,0,0,1,0,1024,0,2,89,0,0,0,-1,5,89,1,0,1405925,18,0,1,1,26.0,44.8,52.5
s2b-r09,3,A,0,s2b-r09-247,0,0,0,0,0,0,1,0,1024,0,1,173,0,0,0,-1,1,173,1,0,2715217,173,0,1,0,245.0,44.8,52.5
s2b-r09,3,A,0,s2b-r09-248,0,0,0,0,0,0,1,0,1024,0,1,98,-1,0,0,-1,0,98,0,2,1533193,88,0,0,0,16.0,44.8,52.5
s2b-r09,3,A,0,s2b-r09-249,0,0,0,0,0,0,1,0,1024,0,16,150,1,0,0,-1,0,150,4,0,2353824,173,0,4,4,31.0,44.8,52.5
s2b-r09,3,A,0,s2b-r09-250,0,0,0,0,0,0,1,0,1024,0,16,123,-1,0,0,-1,4,123,4,2,1933571,123,0,4,4,32.0,44.8,52.5
s2b-r09,3,A,0,s2b-r09-251,0,0,0,0,0,0,1,0,1024,0,16,152,-1,0,0,-1,4,152,4,2,2376147,152,0,4,4,21.0,44.8,52.5
s2b-r09,3,A,0,s2b-r09-252,0,0,0,0,0,0,1,0,1024,0,16,123,4,0,0,-1,0,123,4,0,1936452,123,0,4,4,55.0,44.8,52.5
s2b-r09,3,A,0,s2b-r09-253,0,0,0,0,0,0,1,0,1024,0,16,134,-1,0,0,-1,4,134,4,2,2099235,134,0,4,4,19.0,44.8,52.5
s2b-r09,3,A,0,s2b-r09-254,0,0,0,0,0,0,1,0,1024,0,1,151,-1,0,0,-1,0,151,0,2,2372898,151,0,0,0,17.0,44.8,52.5
s2b-r09,3,A,0,s2b-r09-255,0,0,0,0,0,0,1,0,1024,0,32,167,1,0,0,-1,0,167,5,0,2609507,167,0,5,5,35.0,44.8,52.5
s2b-r09,3,A,0,s2b-r09-256,0,0,0,0,0,0,1,0,1024,0,32,120,-1,0,0,-1,5,120,5,2,1885670,78,0,5,5,102.0,44.8,52.5
s2b-r09,3,A,0,s2b-r09-257,0,0,0,0,0,0,1,0,1024,0,32,97,-1,0,0,-1,5,97,5,2,1521925,97,0,5,5,86.0,44.8,52.5
s2b-r09,3,A,0,s2b-r09-258,0,0,0,0,0,0,1,0,1024,0,32,152,-1,0,0,-1,5,152,5,2,2379658,152,0,5,5,52.0,44.8,52.5
s2b-r09,3,A,0,s2b-r09-259,0,0,0,0,0,0,1,0,1024,0,32,148,-1,0,0,-1,5,148,5,2,2326807,152,0,5,5,114.0,44.8,52.5
s2b-r09,3,A,0,s2b-r09-260,0,0,0,0,0,0,1,0,1024,0,32,150,-1,0,0,-1,5,150,5,2,2348484,152,0,5,5,108.0,44.8,52.5
s2b-r09,3,A,0,s2b-r09-261,0,0,0,0,0,0,1,0,1024,0,32,120,-1,0,0,-1,5,120,5,2,1886558,100,0,5,5,65.0,44.8,52.5
s2b-r09,3,A,0,s2b-r09-262,0,0,0,0,0,0,1,0,1024,0,32,103,-1,0,0,-1,5,103,5,2,1616761,103,0,5,5,36.0,44.8,52.5
s2b-r09,3,A,0,s2b-r09-263,0,0,0,0,0,0,1,0,1024,0,32,135,-1,0,0,-1,5,135,5,2,2124495,135,0,5,5,28.0,44.8,52.5
s2b-r09,3,A,0,s2b-r09-264,0,0,0,0,0,0,1,0,1024,0,32,81,-1,0,0,-1,5,81,5,2,1275230,91,0,5,5,42.0,44.8,52.5
s2b-r09,3,A,0,s2b-r09-265,0,0,0,0,0,0,1,0,1024,0,32,150,-1,0,0,-1,5,150,5,2,2353892,150,0,5,5,81.0,44.8,52.5
s2b-r09,3,A,0,s2b-r09-266,0,0,0,0,0,0,1,0,1024,0,2,92,1,0,0,-1,5,92,1,0,1443613,8,0,1,1,82.0,44.8,52.5
s2b-r09,3,A,0,s2b-r09-267,0,0,0,0,0,0,1,0,1024,0,16,95,-1,0,0,-1,4,95,4,2,1496944,8,0,4,4,35.0,44.8,52.5
s2b-r09,3,A,0,s2b-r09-268,0,0,0,0,0,0,1,0,1024,0,2,150,-1,0,0,-1,1,150,1,2,2359162,169,0,1,1,60.0,44.8,52.5
s2b-r09,3,A,0,s2b-r09-269,0,0,0,0,0,0,1,0,1024,0,1,60,0,0,0,-1,1,60,0,0,949392,125,0,0,0,133.0,44.8,52.5
s2b-r09,3,A,0,s2b-r09-270,0,0,0,0,0,0,1,0,1024,0,4,101,-1,0,0,-1,2,101,2,2,1578160,125,0,2,2,57.0,44.8,52.5
s2b-r09,3,A,0,s2b-r09-271,0,0,0,0,0,0,1,0,1024,0,4,70,-1,0,0,-1,2,70,2,2,1096241,21,0,2,2,108.0,44.8,52.5
s2b-r09,3,A,0,s2b-r09-272,0,0,0,0,0,0,1,0,1024,0,4,80,-1,0,0,-1,2,80,2,2,1260734,74,0,2,2,103.0,44.8,52.5
s2b-r09,3,A,0,s2b-r09-273,0,0,0,0,0,0,1,0,1024,0,1,60,0,0,0,-1,1,60,1,0,951713,10,0,1,1,897.0,44.8,52.5
s2b-r09,3,A,0,s2b-r09-274,0,0,0,0,0,0,1,0,1024,0,1,72,-1,0,0,-1,0,72,0,2,1135579,65,0,0,0,29.0,44.8,52.5
s2b-r09,3,A,0,s2b-r09-275,0,0,0,0,0,0,1,0,1024,0,2,155,-1,0,0,-1,1,155,1,2,2422665,155,0,1,1,30.0,44.8,52.5
s2b-r09,3,A,0,s2b-r09-276,0,0,0,0,0,0,1,0,1024,0,2,153,-1,0,0,-1,1,153,1,2,2391351,153,0,1,1,50.0,44.8,52.5
s2b-r09,3,A,0,s2b-r09-277,0,0,0,0,0,0,1,0,1024,0,1,104,0,0,0,-1,1,104,0,0,1638200,94,0,0,0,89.0,44.8,52.5
s2b-r09,3,A,0,s2b-r09-278,0,0,0,0,0,0,1,0,1024,0,2,63,-1,0,0,-1,1,63,1,2,984953,56,0,1,1,40.0,44.8,52.5
s2b-r09,3,A,0,s2b-r09-279,0,0,0,0,0,0,1,0,1024,0,2,63,-1,0,0,-1,1,63,1,2,996323,110,0,1,1,53.0,44.8,52.5
s2b-r09,3,A,0,s2b-r09-280,0,0,0,0,0,0,1,0,1024,0,2,64,-1,0,0,-1,1,64,1,2,1006983,110,0,1,1,109.0,44.8,52.5
s2b-r09,3,A,0,s2b-r09-281,0,0,0,0,0,0,1,0,1024,0,32,71,-1,0,0,-1,5,71,5,2,1112834,66,0,5,5,84.0,44.8,52.5
s2b-r09,3,A,0,s2b-r09-282,0,0,0,0,0,0,1,0,1024,0,32,97,-1,0,0,-1,5,97,5,2,1526341,97,0,5,5,79.0,44.8,52.5
s2b-r09,3,A,0,s2b-r09-283,0,0,0,0,0,0,1,0,1024,0,8,123,0,0,0,-1,5,123,3,0,1924989,123,0,3,3,61.0,44.8,52.5
s2b-r09,3,A,0,s2b-r09-284,0,0,0,0,0,0,1,0,1024,0,8,83,-1,0,0,-1,3,83,3,2,1302614,2,0,3,3,20.0,44.8,52.5
s2b-r09,3,A,0,s2b-r09-285,0,0,0,0,0,0,1,0,1024,0,8,152,-1,0,0,-1,3,152,3,2,2387955,166,0,3,3,22.0,44.8,52.5
s2b-r09,3,A,0,s2b-r09-286,0,0,0,0,0,0,1,0,1024,0,8,94,-1,0,0,-1,3,94,3,2,1471774,60,0,3,3,37.0,44.8,52.5
s2b-r09,3,A,0,s2b-r09-287,0,0,0,0,0,0,1,0,1024,0,8,148,-1,0,0,-1,3,148,3,2,2321223,148,0,3,3,115.0,44.8,52.5
s2b-r09,3,A,0,s2b-r09-288,0,0,0,0,0,0,1,0,1024,0,32,149,1,0,0,-1,3,149,5,0,2328623,149,0,5,5,80.0,44.8,52.5
s2b-r09,3,A,0,s2b-r09-289,0,0,0,0,0,0,1,0,1024,0,16,102,1,0,0,-1,5,102,4,0,1598210,114,0,4,4,37.0,44.8,52.5
s2b-r09,3,A,0,s2b-r09-290,0,0,0,0,0,0,1,0,1024,0,16,148,-1,0,0,-1,4,148,4,2,2324913,148,0,4,4,59.0,44.8,52.5
s2b-r09,3,A,0,s2b-r09-291,0,0,0,0,0,0,1,0,1024,0,16,90,-1,0,0,-1,4,90,4,2,1408855,96,0,4,4,143.0,44.8,52.5
s2b-r09,3,A,0,s2b-r09-292,0,0,0,0,0,0,1,0,1024,0,16,102,4,0,0,-1,5,102,5,0,1593784,102,0,5,1,129.0,44.8,52.5
s2b-r09,3,A,0,s2b-r09-293,0,0,0,0,0,0,1,0,1024,0,32,163,-1,0,0,-1,5,163,5,2,2556938,163,0,5,5,57.0,44.8,52.5
s2b-r09,3,A,0,s2b-r09-294,0,0,0,0,0,0,1,0,1024,0,32,153,-1,0,0,-1,5,153,5,2,2404064,153,0,5,5,46.0,44.8,52.5
s2b-r09,3,A,0,s2b-r09-295,0,0,0,0,0,0,1,0,1024,0,32,132,-1,0,0,-1,5,132,5,2,2067065,153,0,5,5,21.0,44.8,52.5
s2b-r09,3,A,0,s2b-r09-296,0,0,0,0,0,0,1,0,1024,0,2,162,-1,0,0,-1,1,162,1,2,2541659,162,0,1,1,26.0,44.8,52.5
s2b-r09,3,A,0,s2b-r09-297,0,0,0,0,0,0,1,0,1024,0,2,153,-1,0,0,-1,1,153,1,2,2393628,153,0,1,1,61.0,44.8,52.5
s2b-r09,3,A,0,s2b-r09-298,0,0,0,0,0,0,1,0,1024,0,2,93,-1,0,0,-1,1,93,1,2,1460279,22,0,1,1,175.0,44.8,52.5
s2b-r09,3,A,0,s2b-r09-299,0,0,0,0,0,0,1,0,1024,0,32,72,-1,0,0,-1,5,72,5,2,1136680,72,0,5,5,29.0,44.8,52.5
s2b-r09,3,A,0,s2b-r09-300,0,0,0,0,0,0,1,0,1024,0,32,63,-1,0,0,-1,5,63,5,2,993270,94,0,5,5,21.0,44.8,52.5
s2b-r09,3,A,0,s2b-r09-301,0,0,0,0,0,0,1,0,1024,0,32,148,-1,0,0,-1,5,148,5,2,2326151,148,0,5,5,23.0,44.8,52.5
s2b-r09,3,A,0,s2b-r09-302,0,0,0,0,0,0,1,0,1024,0,32,124,-1,0,0,-1,5,124,5,2,1946239,124,0,5,5,38.0,44.8,52.5
s2b-r09,3,A,0,s2b-r09-303,0,0,0,0,0,0,1,0,1024,0,32,156,-1,0,0,-1,5,156,5,2,2442856,156,0,5,5,80.0,44.8,52.5
s2b-r09,3,A,0,s2b-r09-304,0,0,0,0,0,0,1,0,1024,0,1,95,0,0,0,-1,4,95,4,0,1486698,33,0,4,1,283.0,44.8,52.5
s2b-r09,3,A,0,s2b-r09-305,0,0,0,0,0,0,1,0,1024,0,2,98,-1,0,0,-1,1,98,1,2,1534170,38,0,1,1,40.0,44.8,52.5
s2b-r09,3,A,0,s2b-r09-306,0,0,0,0,0,0,1,0,1024,0,32,150,5,0,0,-1,1,150,1,0,2358511,150,0,1,1,70.0,44.8,52.5
s2b-r09,3,A,0,s2b-r09-307,0,0,0,0,0,0,1,0,1024,0,1,151,0,0,0,-1,4,151,0,0,2371237,151,0,0,0,38.0,44.8,52.5
s2b-r09,3,A,0,s2b-r09-308,0,0,0,0,0,0,1,0,1024,0,16,126,-1,0,0,-1,4,126,4,2,1976701,126,0,4,4,25.0,44.8,52.5
s2b-r09,3,A,0,s2b-r09-309,0,0,0,0,0,0,1,0,1024,0,2,159,-1,0,0,-1,1,159,1,2,2498112,159,0,1,1,103.0,44.8,52.5
s2b-r09,3,A,0,s2b-r09-310,0,0,0,0,0,0,1,0,1024,0,32,92,4,0,0,-1,1,92,5,0,1449432,104,0,5,5,232.0,44.8,52.5
s2b-r09,3,A,0,s2b-r09-311,0,0,0,0,0,0,1,0,1024,0,2,103,-1,0,0,-1,1,103,1,2,1610909,104,0,1,1,19.0,44.8,52.5
s2b-r09,3,A,0,s2b-r09-312,0,0,0,0,0,0,1,0,1024,0,2,166,-1,0,0,-1,1,166,1,2,2604844,166,0,1,1,22.0,44.8,52.5
s2b-r09,3,A,0,s2b-r09-313,0,0,0,0,0,0,1,0,1024,0,2,95,-1,0,0,-1,1,95,1,2,1496824,1,0,1,1,57.0,44.8,52.5
s2b-r09,3,A,0,s2b-r09-314,0,0,0,0,0,0,1,0,1024,0,2,149,-1,0,0,-1,1,149,1,2,2329693,150,0,1,1,150.0,44.8,52.5
s2b-r09,3,A,0,s2b-r09-315,0,0,0,0,0,0,1,0,1024,0,2,90,-1,0,0,-1,1,90,1,2,1411010,53,0,1,1,102.0,44.8,52.5
s2b-r09,3,A,0,s2b-r09-316,0,0,0,0,0,0,1,0,1024,0,16,69,4,0,0,-1,3,69,4,0,1083931,38,0,4,4,60.0,44.8,52.5
s2b-r09,3,A,0,s2b-r09-317,0,0,0,0,0,0,1,0,1024,0,4,69,2,0,0,-1,4,69,2,0,1084585,38,0,2,3,64.0,44.8,52.5
s2b-r09,3,A,0,s2b-r09-318,0,0,0,0,0,0,1,0,1024,0,8,153,-1,0,0,-1,3,153,3,2,2394892,153,0,3,3,39.0,44.8,52.5
s2b-r09,3,A,0,s2b-r09-319,0,0,0,0,0,0,1,0,1024,0,8,98,-1,0,0,-1,3,98,3,2,1540863,98,0,3,3,83.0,44.8,52.5
s2b-r09,3,A,0,s2b-r09-320,0,0,0,0,0,0,1,0,1024,0,4,108,1,0,0,-1,4,108,2,0,1695255,108,0,2,2,37.0,44.8,52.5
s2b-r09,3,A,0,s2b-r09-321,0,0,0,0,0,0,1,0,1024,0,4,81,-1,0,0,-1,2,81,2,2,1276845,76,0,2,2,45.0,44.8,52.5
s2b-r09,3,A,0,s2b-r09-322,0,0,0,0,0,0,1,0,1024,0,2,81,1,0,0,-1,2,81,1,0,1267844,80,0,1,1,97.0,44.8,52.5
s2b-r09,3,A,0,s2b-r09-323,0,0,0,0,0,0,1,0,1024,0,32,61,0,0,0,-1,1,61,5,0,954397,125,0,5,5,86.0,44.8,52.5
s2b-r09,3,A,0,s2b-r09-324,0,0,0,0,0,0,1,0,1024,0,2,74,1,0,0,-1,5,74,5,0,1163968,125,0,5,1,3152.0,44.8,52.5
s2b-r09,3,A,0,s2b-r09-325,0,0,0,0,0,0,1,0,1024,0,16,121,4,0,0,-1,1,121,4,0,1894575,79,0,4,4,29.0,44.8,52.5
s2b-r09,3,A,0,s2b-r09-326,0,0,0,0,0,0,1,0,1024,0,4,152,-1,0,0,-1,2,152,2,2,2384392,152,0,2,2,56.0,44.8,52.5
s2b-r09,3,A,0,s2b-r09-327,0,0,0,0,0,0,1,0,1024,0,16,152,0,0,0,-1,2,152,4,0,2388710,152,0,4,4,25.0,44.8,52.5
s2b-r09,3,A,0,s2b-r09-328,0,0,0,0,0,0,1,0,1024,0,16,170,-1,0,0,-1,4,170,4,2,2657629,155,0,4,4,17.0,44.8,52.5
s2b-r09,3,A,0,s2b-r09-329,0,0,0,0,0,0,1,0,1024,0,16,152,-1,0,0,-1,4,152,4,2,2380533,152,0,4,4,28.0,44.8,52.5
s2b-r09,3,A,0,s2b-r09-330,0,0,0,0,0,0,1,0,1024,0,32,152,5,0,0,-1,4,152,4,0,2387964,152,0,4,5,177.0,44.8,52.5
s2b-r09,3,A,0,s2b-r09-331,0,0,0,0,0,0,1,0,1024,0,8,159,-1,0,0,-1,3,159,3,2,2498605,159,0,3,3,18.0,44.8,52.5
s2b-r09,3,A,0,s2b-r09-332,0,0,0,0,0,0,1,0,1024,0,8,153,-1,0,0,-1,3,153,3,2,2404004,152,0,3,3,23.0,44.8,52.5
s2b-r09,3,A,0,s2b-r09-333,0,0,0,0,0,0,1,0,1024,0,8,152,-1,0,0,-1,3,152,3,2,2378266,152,0,3,3,61.0,44.8,52.5
s2b-r09,3,A,0,s2b-r09-334,0,0,0,0,0,0,1,0,1024,0,8,133,-1,0,0,-1,3,133,3,2,2082647,133,0,3,3,134.0,44.8,52.5
s2b-r09,3,A,0,s2b-r09-335,0,0,0,0,0,0,1,0,1024,0,16,91,4,0,0,-1,5,91,4,0,1424451,39,0,4,4,92.0,44.8,52.5
s2b-r09,3,A,0,s2b-r09-336,0,0,0,0,0,0,1,0,1024,0,32,100,-1,0,0,-1,5,100,5,2,1564044,100,0,5,5,46.0,44.8,52.5
s2b-r09,3,A,0,s2b-r09-337,0,0,0,0,0,0,1,0,1024,0,2,147,1,0,0,-1,5,147,1,0,2299304,147,0,1,1,115.0,44.8,52.5
s2b-r09,3,A,0,s2b-r09-338,0,0,0,0,0,0,1,0,1024,0,2,155,-1,0,0,-1,1,155,1,2,2431510,155,0,1,1,25.0,44.8,52.5
s2b-r09,3,A,0,s2b-r09-339,0,0,0,0,0,0,1,0,1024,0,1,148,0,0,0,-1,5,148,0,0,2324900,148,0,0,0,19.0,44.8,52.5
s2b-r09,3,A,0,s2b-r09-340,0,0,0,0,0,0,1,0,1024,0,1,170,-1,0,0,-1,0,170,0,2,2666810,170,0,0,0,12.0,44.8,52.5
s2b-r09,3,A,0,s2b-r09-341,0,0,0,0,0,0,1,0,1024,0,1,100,-1,0,0,-1,0,100,0,2,1574520,1,0,0,0,16.0,44.8,52.5
s2b-r09,3,A,0,s2b-r09-342,0,0,0,0,0,0,1,0,1024,0,1,156,-1,0,0,-1,0,156,0,2,2437859,170,0,0,0,22.0,44.8,52.5
s2b-r09,3,A,0,s2b-r09-343,0,0,0,0,0,0,1,0,1024,0,16,94,4,0,0,-1,0,94,4,0,1481284,85,0,4,4,53.0,44.8,52.5
s2b-r09,3,A,0,s2b-r09-344,0,0,0,0,0,0,1,0,1024,0,32,94,2,0,0,-1,4,94,5,0,1471654,94,0,5,5,77.0,44.8,52.5
s2b-r09,3,A,0,s2b-r09-345,0,0,0,0,0,0,1,0,1024,0,16,117,-1,0,0,-1,4,117,4,2,1835853,117,0,4,4,21.0,44.8,52.5
s2b-r09,3,A,0,s2b-r09-346,0,0,0,0,0,0,1,0,1024,0,16,155,0,0,0,-1,1,155,4,0,2430573,155,0,4,4,40.0,44.8,52.5
s2b-r09,3,A,0,s2b-r09-347,0,0,0,0,0,0,1,0,1024,0,16,224,-1,0,0,-1,4,224,4,2,3511741,224,0,4,4,16.0,44.8,52.5
s2b-r09,3,A,0,s2b-r09-348,0,0,0,0,0,0,1,0,1024,0,16,130,-1,0,0,-1,4,130,4,2,2041501,7,0,4,4,39.0,44.8,52.5
s2b-r09,3,A,0,s2b-r09-349,0,0,0,0,0,0,1,0,1024,0,16,148,-1,0,0,-1,4,148,4,2,2326406,155,0,4,4,66.0,44.8,52.5
s2b-r09,3,A,0,s2b-r09-350,0,0,0,0,0,0,1,0,1024,0,16,142,-1,0,0,-1,4,142,4,2,2227367,142,0,4,4,109.0,44.8,52.5
s2b-r09,3,A,0,s2b-r09-351,0,0,0,0,0,0,1,0,1024,0,16,90,-1,0,0,-1,4,90,4,2,1421659,43,0,4,4,82.0,44.8,52.5
s2b-r09,3,A,0,s2b-r09-352,0,0,0,0,0,0,1,0,1024,0,16,95,-1,0,0,-1,4,95,4,2,1491128,95,0,4,4,50.0,44.8,52.5
s2b-r09,3,A,0,s2b-r09-353,0,0,0,0,0,0,1,0,1024,0,16,149,-1,0,0,-1,4,149,4,2,2328876,149,0,4,4,104.0,44.8,52.5
s2b-r09,3,A,0,s2b-r09-354,0,0,0,0,0,0,1,0,1024,0,16,90,-1,0,0,-1,4,90,4,2,1418590,95,0,4,4,106.0,44.8,52.5
s2b-r09,3,A,0,s2b-r09-355,0,0,0,0,0,0,1,0,1024,0,1,99,0,0,0,-1,4,99,0,0,1558820,99,0,0,0,29.0,44.8,52.5
s2b-r09,3,A,0,s2b-r09-356,0,0,0,0,0,0,1,0,1024,0,32,94,1,0,0,-1,0,94,5,0,1478842,99,0,5,5,28.0,44.8,52.5
s2b-r09,3,A,0,s2b-r09-357,0,0,0,0,0,0,1,0,1024,0,32,149,-1,0,0,-1,5,149,5,2,2334669,149,0,5,5,54.0,44.8,52.5
s2b-r09,3,A,0,s2b-r09-358,0,0,0,0,0,0,1,0,1024,0,32,147,-1,0,0,-1,5,147,5,2,2301768,149,0,5,5,66.0,44.8,52.5
s2b-r09,3,A,0,s2b-r09-359,0,0,0,0,0,0,1,0,1024,0,16,155,-1,0,0,-1,4,155,4,2,2435053,155,0,4,4,104.0,44.8,52.5
s2b-r09,3,A,0,s2b-r09-360,0,0,0,0,0,0,1,0,1024,0,2,120,0,0,0,-1,4,120,1,0,1881853,107,0,1,1,236.0,44.8,52.5
s2b-r09,3,A,0,s2b-r09-361,0,0,0,0,0,0,1,0,1024,0,1,91,0,0,0,-1,5,91,0,0,1431328,107,0,0,0,77.0,44.8,52.5
s2b-r09,3,A,0,s2b-r09-362,0,0,0,0,0,0,1,0,1024,0,16,159,-1,0,0,-1,4,159,4,2,2486472,159,0,4,4,53.0,44.8,52.5
s2b-r09,3,A,0,s2b-r09-363,0,0,0,0,0,0,1,0,1024,0,16,155,-1,0,0,-1,4,155,4,2,2424707,159,0,4,4,109.0,44.8,52.5
s2b-r09,3,A,0,s2b-r09-364,0,0,0,0,0,0,1,0,1024,0,16,93,-1,0,0,-1,4,93,4,2,1460035,34,0,4,4,42.0,44.8,52.5
s2b-r09,3,A,0,s2b-r09-365,0,0,0,0,0,0,1,0,1024,0,16,91,-1,0,0,-1,4,91,4,2,1435349,114,0,4,4,22.0,44.8,52.5
s2b-r09,3,A,0,s2b-r09-366,0,0,0,0,0,0,1,0,1024,0,16,152,-1,0,0,-1,4,152,4,2,2379839,152,0,4,4,37.0,44.8,52.5
s2b-r09,3,A,0,s2b-r09-367,0,0,0,0,0,0,1,0,1024,0,16,138,-1,0,0,-1,4,138,4,2,2160968,152,0,4,4,52.0,44.8,52.5
s2b-r09,3,A,0,s2b-r09-368,0,0,0,0,0,0,1,0,1024,0,16,90,-1,0,0,-1,4,90,4,2,1414396,90,0,4,4,64.0,44.8,52.5
s2b-r09,3,A,0,s2b-r09-369,0,0,0,0,0,0,1,0,1024,0,1,117,0,0,0,-1,4,117,0,0,1835959,117,0,0,0,38.0,44.8,52.5
s2b-r09,3,A,0,s2b-r09-370,0,0,0,0,0,0,1,0,1024,0,1,152,-1,0,0,-1,0,152,0,2,2384898,152,0,0,0,21.0,44.8,52.5
s2b-r09,3,A,0,s2b-r09-371,0,0,0,0,0,0,1,0,1024,0,1,133,-1,0,0,-1,0,133,0,2,2087233,133,0,0,0,15.0,44.8,52.5
s2b-r09,3,A,0,s2b-r09-372,0,0,0,0,0,0,1,0,1024,0,1,157,-1,0,0,-1,0,157,0,2,2461875,157,0,0,0,13.0,44.8,52.5
s2b-r09,3,A,0,s2b-r09-373,0,0,0,0,0,0,1,0,1024,0,2,149,1,0,0,-1,0,149,1,0,2333672,149,0,1,1,36.0,44.8,52.5
s2b-r09,3,A,0,s2b-r09-374,0,0,0,0,0,0,1,0,1024,0,16,118,4,0,0,-1,1,118,1,0,1856416,44,0,1,3,127.0,44.8,52.5
s2b-r09,3,A,0,s2b-r09-375,0,0,0,0,0,0,1,0,1024,0,2,182,1,0,0,-1,3,182,1,0,2850142,182,0,1,1,69.0,44.8,52.5
s2b-r09,3,A,0,s2b-r09-376,0,0,0,0,0,0,1,0,1024,0,16,159,4,0,0,-1,5,159,4,0,2485080,182,0,4,4,43.0,44.8,52.5
s2b-r09,3,A,0,s2b-r09-377,0,0,0,0,0,0,1,0,1024,0,16,150,-1,0,0,-1,4,150,4,2,2356710,182,0,4,4,36.0,44.8,52.5
s2b-r09,3,A,0,s2b-r09-378,0,0,0,0,0,0,1,0,1024,0,16,151,-1,0,0,-1,4,151,4,2,2359538,182,0,4,4,19.0,44.8,52.5
s2b-r09,3,A,0,s2b-r09-379,0,0,0,0,0,0,1,0,1024,0,16,127,-1,0,0,-1,4,127,4,2,1992557,127,0,4,4,50.0,44.8,52.5
s2b-r09,3,A,0,s2b-r09-380,0,0,0,0,0,0,1,0,1024,0,16,89,-1,0,0,-1,4,89,4,2,1402861,21,0,4,4,104.0,44.8,52.5
s2b-r09,3,A,0,s2b-r09-381,0,0,0,0,0,0,1,0,1024,0,16,85,-1,0,0,-1,4,85,4,2,1328929,66,0,4,4,112.0,44.8,52.5
s2b-r09,3,A,0,s2b-r09-382,0,0,0,0,0,0,1,0,1024,0,16,60,-1,0,0,-1,4,60,4,2,946402,66,0,4,4,34.0,44.8,52.5
s2b-r09,3,A,0,s2b-r09-383,0,0,0,0,0,0,1,0,1024,0,16,168,-1,0,0,-1,4,168,4,2,2627780,168,0,4,4,52.0,44.8,52.5
s2b-r09,3,A,0,s2b-r09-384,0,0,0,0,0,0,1,0,1024,0,16,138,-1,0,0,-1,4,138,4,2,2162419,138,0,4,4,63.0,44.8,52.5
s2b-r09,3,A,0,s2b-r09-385,0,0,0,0,0,0,1,0,1024,0,16,106,-1,0,0,-1,4,106,4,2,1658523,106,0,4,4,75.0,44.8,52.5
s2b-r09,3,A,0,s2b-r09-386,0,0,0,0,0,0,1,0,1024,0,1,148,0,0,0,-1,4,148,0,0,2324460,148,0,0,0,123.0,44.8,52.5
s2b-r09,3,A,0,s2b-r09-387,0,0,0,0,0,0,1,0,1024,0,2,157,1,0,0,-1,0,157,1,0,2453249,157,0,1,1,29.0,44.8,52.5
s2b-r09,3,A,0,s2b-r09-388,0,0,0,0,0,0,1,0,1024,0,2,151,-1,0,0,-1,1,151,1,2,2370133,157,0,1,1,17.0,44.8,52.5
s2b-r09,3,A,0,s2b-r09-389,0,0,0,0,0,0,1,0,1024,0,32,151,-1,0,0,-1,5,151,5,2,2372274,157,0,5,5,106.0,44.8,52.5
s2b-r09,3,A,0,s2b-r09-390,0,0,0,0,0,0,1,0,1024,0,32,123,-1,0,0,-1,5,123,5,2,1925809,101,0,5,5,67.0,44.8,52.5
s2b-r09,3,A,0,s2b-r09-391,0,0,0,0,0,0,1,0,1024,0,32,91,-1,0,0,-1,5,91,5,2,1431175,89,0,5,5,62.0,44.8,52.5
s2b-r09,3,A,0,s2b-r09-392,0,0,0,0,0,0,1,0,1024,0,16,71,0,0,0,-1,5,71,4,0,1114619,89,0,4,4,106.0,44.8,52.5
s2b-r09,3,A,0,s2b-r09-393,0,0,0,0,0,0,1,0,1024,0,2,63,1,0,0,-1,5,63,5,0,988539,125,0,5,4,76.0,44.8,52.5
s2b-r09,3,A,0,s2b-r09-394,0,0,0,0,0,0,1,0,1024,0,2,65,-1,0,0,-1,1,65,1,2,1020020,125,0,1,1,102.0,44.8,52.5
s2b-r09,3,A,0,s2b-r09-395,0,0,0,0,0,0,1,0,1024,0,16,72,-1,0,0,-1,4,72,4,2,1128178,72,0,4,4,65.0,44.8,52.5
s2b-r09,3,A,0,s2b-r09-396,0,0,0,0,0,0,1,0,1024,0,2,60,0,0,0,-1,4,60,1,0,952666,72,0,1,1,36.0,44.8,52.5
s2b-r09,3,A,0,s2b-r09-397,0,0,0,0,0,0,1,0,1024,0,4,153,2,0,0,-1,1,153,1,0,2404918,153,0,1,2,42.0,44.8,52.5
s2b-r09,3,A,0,s2b-r09-398,0,0,0,0,0,0,1,0,1024,0,4,87,-1,0,0,-1,2,87,2,2,1371201,84,0,2,2,45.0,44.8,52.5
s2b-r09,3,A,0,s2b-r09-399,0,0,0,0,0,0,1,0,1024,0,4,148,-1,0,0,-1,2,148,2,2,2316115,148,0,2,2,111.0,44.8,52.5
s2b-r09,3,A,0,s2b-r09-400,0,0,0,0,0,0,1,0,1024,0,32,92,-1,0,0,-1,5,92,5,2,1452820,84,0,5,5,107.0,44.8,52.5
s2b-r09,3,A,0,s2b-r09-401,0,0,0,0,0,0,1,0,1024,0,16,105,4,0,0,-1,4,105,4,0,1647778,105,0,4,1,80.0,44.8,52.5
s2b-r09,3,A,0,s2b-r09-402,0,0,0,0,0,0,1,0,1024,0,16,75,-1,0,0,-1,4,75,4,2,1182392,47,0,4,4,51.0,44.8,52.5
s2b-r09,3,A,0,s2b-r09-403,0,0,0,0,0,0,1,0,1024,0,16,150,-1,0,0,-1,4,150,4,2,2346310,151,0,4,4,108.0,44.8,52.5
s2b-r09,3,A,0,s2b-r09-404,0,0,0,0,0,0,1,0,1024,0,16,94,-1,0,0,-1,4,94,4,2,1474244,105,0,4,4,61.0,44.8,52.5
s2b-r09,3,A,0,s2b-r09-405,0,0,0,0,0,0,1,0,1024,0,16,91,-1,0,0,-1,4,91,4,2,1424126,105,0,4,4,43.0,44.8,52.5
s2b-r09,3,A,0,s2b-r09-406,0,0,0,0,0,0,1,0,1024,0,1,69,0,0,0,-1,4,69,0,0,1085982,41,0,0,0,50.0,44.8,52.5
s2b-r09,3,A,0,s2b-r09-407,0,0,0,0,0,0,1,0,1024,0,1,72,0,0,0,-1,4,72,0,0,1138726,53,0,0,0,41.0,44.8,52.5
s2b-r09,3,A,0,s2b-r09-408,0,0,0,0,0,0,1,0,1024,0,1,71,-1,0,0,-1,0,71,0,2,1116908,41,0,0,0,22.0,44.8,52.5
s2b-r09,3,A,0,s2b-r09-409,0,0,0,0,0,0,1,0,1024,0,32,164,-1,0,0,-1,5,164,5,2,2575262,164,0,5,5,109.0,44.8,52.5
s2b-r09,3,A,0,s2b-r09-410,0,0,0,0,0,0,1,0,1024,0,32,93,-1,0,0,-1,5,93,5,2,1463602,118,0,5,5,115.0,44.8,52.5
s2b-r09,3,A,0,s2b-r09-411,0,0,0,0,0,0,1,0,1024,0,32,95,-1,0,0,-1,5,95,5,2,1490645,118,0,5,5,16.0,44.8,52.5
s2b-r09,3,A,0,s2b-r09-412,0,0,0,0,0,0,1,0,1024,0,32,68,-1,0,0,-1,5,68,5,2,1074071,96,0,5,5,63.0,44.8,52.5
s2b-r09,3,A,0,s2b-r09-413,0,0,0,0,0,0,1,0,1024,0,32,79,-1,0,0,-1,5,79,5,2,1237633,96,0,5,5,104.0,44.8,52.5
s2b-r09,3,A,0,s2b-r09-414,0,0,0,0,0,0,1,0,1024,0,32,82,-1,0,0,-1,5,82,5,2,1282094,82,0,5,5,44.0,44.8,52.5
s2b-r09,3,A,0,s2b-r09-415,0,0,0,0,0,0,1,0,1024,0,32,71,-1,0,0,-1,5,71,5,2,1109689,82,0,5,5,18.0,44.8,52.5
s2b-r09,3,A,0,s2b-r09-416,0,0,0,0,0,0,1,0,1024,0,32,150,-1,0,0,-1,5,150,5,2,2345809,150,0,5,5,27.0,44.8,52.5
s2b-r09,3,A,0,s2b-r09-417,0,0,0,0,0,0,1,0,1024,0,2,146,1,0,0,-1,5,146,5,0,2289952,146,0,5,5,29.0,44.8,52.5
s2b-r09,3,A,0,s2b-r09-418,0,0,0,0,0,0,1,0,1024,0,1,154,-1,0,0,-1,0,154,0,2,2421570,154,0,0,0,26.0,44.8,52.5
s2b-r09,3,A,0,s2b-r09-419,0,0,0,0,0,0,1,0,1024,0,1,144,0,0,0,-1,4,144,0,0,2250667,146,0,0,0,56.0,44.8,52.5
s2b-r09,3,A,0,s2b-r09-420,0,0,0,0,0,0,1,0,1024,0,2,92,1,0,0,-1,0,92,1,0,1448560,65,0,1,1,27.0,44.8,52.5
s2b-r09,3,A,0,s2b-r09-421,0,0,0,0,0,0,1,0,1024,0,2,150,-1,0,0,-1,1,150,1,2,2349736,150,0,1,1,101.0,44.8,52.5
s2b-r09,3,A,0,s2b-r09-422,0,0,0,0,0,0,1,0,1024,0,2,90,-1,0,0,-1,1,90,1,2,1410628,65,0,1,1,102.0,44.8,52.5
s2b-r09,3,A,0,s2b-r09-423,0,0,0,0,0,0,1,0,1024,0,32,90,-1,0,0,-1,5,90,5,2,1412966,85,0,5,5,68.0,44.8,52.5
s2b-r09,3,A,0,s2b-r09-424,0,0,0,0,0,0,1,0,1024,0,32,60,-1,0,0,-1,5,60,5,2,952265,85,0,5,5,61.0,44.8,52.5
s2b-r09,3,A,0,s2b-r09-425,0,0,0,0,0,0,1,0,1024,0,32,60,-1,0,0,-1,5,60,5,2,942622,14,0,5,5,105.0,44.8,52.5
s2b-r09,3,A,0,s2b-r09-426,0,0,0,0,0,0,1,0,1024,0,16,65,4,0,0,-1,5,65,5,0,1025505,65,0,5,5,1083.0,44.8,52.5
s2b-r09,3,A,0,s2b-r09-427,0,0,0,0,0,0,1,0,1024,0,4,65,-1,0,0,-1,2,65,2,2,1021439,12,0,2,2,26.0,44.8,52.5
s2b-r09,3,A,0,s2b-r09-428,0,0,0,0,0,0,1,0,1024,0,4,150,-1,0,0,-1,2,150,2,2,2348050,150,0,2,2,24.0,44.8,52.5
s2b-r09,3,A,0,s2b-r09-429,0,0,0,0,0,0,1,0,1024,0,4,150,-1,0,0,-1,2,150,2,2,2351994,150,0,2,2,64.0,44.8,52.5
s2b-r09,3,A,0,s2b-r09-430,0,0,0,0,0,0,1,0,1024,0,32,92,1,0,0,-1,2,92,5,0,1440533,49,0,5,5,65.0,44.8,52.5
s2b-r09,3,A,0,s2b-r09-431,0,0,0,0,0,0,1,0,1024,0,4,90,2,0,0,-1,5,90,2,0,1416615,90,0,2,2,23.0,44.8,52.5
s2b-r09,3,A,0,s2b-r09-432,0,0,0,0,0,0,1,0,1024,0,4,150,-1,0,0,-1,2,150,2,2,2353238,150,0,2,2,78.0,44.8,52.5
s2b-r09,3,A,0,s2b-r09-433,0,0,0,0,0,0,1,0,1024,0,4,148,-1,0,0,-1,2,148,2,2,2321108,150,0,2,2,103.0,44.8,52.5
s2b-r09,3,A,0,s2b-r09-434,0,0,0,0,0,0,1,0,1024,0,16,108,-1,0,0,-1,4,108,4,2,1699098,54,0,4,4,108.0,44.8,52.5
s2b-r09,3,A,0,s2b-r09-435,0,0,0,0,0,0,1,0,1024,0,32,122,-1,0,0,-1,5,122,5,2,1910886,122,0,5,5,25.0,44.8,52.5
s2b-r09,3,A,0,s2b-r09-436,0,0,0,0,0,0,1,0,1024,0,2,73,1,0,0,-1,5,73,1,0,1146193,58,0,1,1,107.0,44.8,52.5
s2b-r09,3,A,0,s2b-r09-437,0,0,0,0,0,0,1,0,1024,0,16,158,-1,0,0,-1,4,158,4,2,2479388,158,0,4,4,28.0,44.8,52.5
s2b-r09,3,A,0,s2b-r09-438,0,0,0,0,0,0,1,0,1024,0,1,152,0,0,0,-1,4,152,0,0,2380491,158,0,0,0,48.0,44.8,52.5
s2b-r09,3,A,0,s2b-r09-439,0,0,0,0,0,0,1,0,1024,0,16,104,4,0,0,-1,1,104,4,0,1629050,76,0,4,4,157.0,44.8,52.5
s2b-r09,3,A,0,s2b-r09-440,0,0,0,0,0,0,1,0,1024,0,16,91,-1,0,0,-1,4,91,4,2,1422838,54,0,4,4,79.0,44.8,52.5
s2b-r09,3,A,0,s2b-r09-441,0,0,0,0,0,0,1,0,1024,0,32,111,5,0,0,-1,4,111,4,0,1739878,111,0,4,5,194.0,44.8,52.5
s2b-r09,3,A,0,s2b-r09-442,0,0,0,0,0,0,1,0,1024,0,32,71,-1,0,0,-1,5,71,5,2,1113860,54,0,5,5,37.0,44.8,52.5
s2b-r09,3,A,0,s2b-r09-443,0,0,0,0,0,0,1,0,1024,0,32,82,-1,0,0,-1,5,82,5,2,1286244,101,0,5,5,106.0,44.8,52.5
s2b-r09,3,A,0,s2b-r09-444,0,0,0,0,0,0,1,0,1024,0,2,86,0,0,0,-1,5,86,1,0,1352146,101,0,1,1,65.0,44.8,52.5
s2b-r09,3,A,0,s2b-r09-445,0,0,0,0,0,0,1,0,1024,0,32,152,5,0,0,-1,1,152,5,0,2378277,152,0,5,5,43.0,44.8,52.5
s2b-r09,3,A,0,s2b-r09-446,0,0,0,0,0,0,1,0,1024,0,2,89,1,0,0,-1,0,89,1,0,1393410,98,0,1,1,25.0,44.8,52.5
s2b-r09,3,A,0,s2b-r09-447,0,0,0,0,0,0,1,0,1024,0,2,162,-1,0,0,-1,1,162,1,2,2535038,162,0,1,1,15.0,44.8,52.5
s2b-r09,3,A,0,s2b-r09-448,0,0,0,0,0,0,1,0,1024,0,2,149,-1,0,0,-1,1,149,1,2,2336562,152,0,1,1,36.0,44.8,52.5
s2b-r09,3,A,0,s2b-r09-449,0,0,0,0,0,0,1,0,1024,0,2,109,-1,0,0,-1,1,109,1,2,1716970,108,0,1,1,79.0,44.8,52.5
s2b-r09,3,A,0,s2b-r09-450,0,0,0,0,0,0,1,0,1024,0,2,90,-1,0,0,-1,1,90,1,2,1407758,108,0,1,1,60.0,44.8,52.5
s2b-r09,3,A,0,s2b-r09-451,0,0,0,0,0,0,1,0,1024,0,16,152,-1,0,0,-1,4,152,4,2,2377689,152,0,4,4,49.0,44.8,52.5
s2b-r09,3,A,0,s2b-r09-452,0,0,0,0,0,0,1,0,1024,0,16,105,-1,0,0,-1,4,105,4,2,1647108,105,0,4,4,111.0,44.8,52.5
s2b-r09,3,A,0,s2b-r09-453,0,0,0,0,0,0,1,0,1024,0,16,90,-1,0,0,-1,4,90,4,2,1421366,46,0,4,4,63.0,44.8,52.5
s2b-r09,3,A,0,s2b-r09-454,0,0,0,0,0,0,1,0,1024,0,2,84,-1,0,0,-1,1,84,1,2,1320903,111,0,1,1,63.0,44.8,52.5
s2b-r09,3,A,0,s2b-r09-455,0,0,0,0,0,0,1,0,1024,0,32,70,5,0,0,-1,1,70,1,0,1107659,111,0,1,4,120.0,44.8,52.5
s2b-r09,3,A,0,s2b-r09-456,0,0,0,0,0,0,1,0,1024,0,2,95,-1,0,0,-1,1,95,1,2,1489147,95,0,1,1,54.0,44.8,52.5
s2b-r09,3,A,0,s2b-r09-457,0,0,0,0,0,0,1,0,1024,0,2,129,-1,0,0,-1,1,129,1,2,2020145,129,0,1,1,17.0,44.8,52.5
s2b-r09,3,A,0,s2b-r09-458,0,0,0,0,0,0,1,0,1024,0,32,151,0,0,0,-1,1,151,5,0,2374228,151,0,5,5,36.0,44.8,52.5
s2b-r09,3,A,0,s2b-r09-459,0,0,0,0,0,0,1,0,1024,0,32,151,-1,0,0,-1,5,151,5,2,2366902,151,0,5,5,76.0,44.8,52.5
s2b-r09,3,A,0,s2b-r09-460,0,0,0,0,0,0,1,0,1024,0,32,116,-1,0,0,-1,5,116,5,2,1823790,77,0,5,5,113.0,44.8,52.5
s2b-r09,3,A,0,s2b-r09-461,0,0,0,0,0,0,1,0,1024,0,1,114,0,0,0,-1,1,114,0,0,1790436,114,0,0,0,48.0,44.8,52.5
s2b-r09,3,A,0,s2b-r09-462,0,0,0,0,0,0,1,0,1024,0,1,157,-1,0,0,-1,0,157,0,2,2465914,157,0,0,0,165.0,44.8,52.5
s2b-r09,3,A,0,s2b-r09-463,0,0,0,0,0,0,1,0,1024,0,2,95,-1,0,0,-1,1,95,1,2,1491464,119,0,1,1,20.0,44.8,52.5
s2b-r09,3,A,0,s2b-r09-464,0,0,0,0,0,0,1,0,1024,0,16,153,-1,0,0,-1,4,153,4,2,2396472,153,0,4,4,92.0,44.8,52.5
s2b-r09,3,A,0,s2b-r09-465,0,0,0,0,0,0,1,0,1024,0,1,97,0,0,0,-1,4,97,0,0,1525741,119,0,0,0,47.0,44.8,52.5
s2b-r09,3,A,0,s2b-r09-466,0,0,0,0,0,0,1,0,1024,0,2,154,-1,0,0,-1,1,154,1,2,2418015,154,0,1,1,35.0,44.8,52.5
s2b-r09,3,A,0,s2b-r09-467,0,0,0,0,0,0,1,0,1024,0,2,150,-1,0,0,-1,1,150,1,2,2346395,154,0,1,1,16.0,44.8,52.5
s2b-r09,3,A,0,s2b-r09-468,0,0,0,0,0,0,1,0,1024,0,16,155,4,0,0,-1,1,155,1,0,2427598,155,0,1,1,36.0,44.8,52.5
s2b-r09,3,A,0,s2b-r09-469,0,0,0,0,0,0,1,0,1024,0,2,151,-1,0,0,-1,1,151,1,2,2374663,154,0,1,1,28.0,44.8,52.5
s2b-r09,3,A,0,s2b-r09-470,0,0,0,0,0,0,1,0,1024,0,32,152,4,0,0,-1,1,152,5,0,2389884,154,0,5,5,241.0,44.8,52.5
s2b-r09,3,A,0,s2b-r09-471,0,0,0,0,0,0,1,0,1024,0,32,121,-1,0,0,-1,5,121,5,2,1901148,115,0,5,5,106.0,44.8,52.5
s2b-r09,3,A,0,s2b-r09-472,0,0,0,0,0,0,1,0,1024,0,16,90,4,0,0,-1,5,90,5,0,1409195,115,0,5,4,399.0,44.8,52.5
s2b-r09,3,A,0,s2b-r09-473,0,0,0,0,0,0,1,0,1024,0,2,143,-1,0,0,-1,1,143,1,2,2243701,143,0,1,1,28.0,44.8,52.5
s2b-r09,3,A,0,s2b-r09-474,0,0,0,0,0,0,1,0,1024,0,2,150,-1,0,0,-1,1,150,1,2,2348109,150,0,1,1,83.0,44.8,52.5
s2b-r10,3,B,512,s2b-r10-0,512,512,0,10,512,512,1,10,1024,0,16,512,-1,0,0,-1,4,150,4,2,2353332,150,0,4,4,15.0,44.0,53.2
s2b-r10,3,B,512,s2b-r10-1,512,512,0,10,512,512,1,10,1024,0,1,512,-1,0,0,-1,0,102,0,2,1598448,94,0,0,0,16.0,44.0,53.2
s2b-r10,3,B,512,s2b-r10-2,512,512,0,10,512,512,1,10,1024,0,1,512,-1,0,0,-1,0,161,0,2,2523651,161,0,0,0,14.0,44.0,53.2
s2b-r10,3,B,512,s2b-r10-3,512,512,0,10,512,512,1,10,1024,0,1,512,-1,0,0,-1,0,94,0,2,1475233,94,0,0,0,53.0,44.0,53.2
s2b-r10,3,B,512,s2b-r10-4,512,512,0,10,512,512,1,10,1024,0,2,512,-1,0,0,-1,1,93,1,2,1455697,75,0,1,1,20.0,44.0,53.2
s2b-r10,3,B,512,s2b-r10-5,512,512,0,10,512,512,1,10,1024,0,32,512,4,0,0,-1,1,149,5,0,2337938,149,0,5,5,55.0,44.0,53.2
s2b-r10,3,B,512,s2b-r10-6,512,512,0,10,512,512,1,10,1024,0,16,512,-1,0,0,-1,4,153,4,2,2391273,153,0,4,4,18.0,44.0,53.2
s2b-r10,3,B,512,s2b-r10-7,512,512,0,10,512,512,1,10,1024,0,16,512,-1,0,0,-1,4,152,4,2,2388962,152,0,4,4,33.0,44.0,53.2
s2b-r10,3,B,512,s2b-r10-8,512,512,0,10,512,512,1,10,1024,0,16,512,-1,0,0,-1,4,150,4,2,2353544,150,0,4,4,18.0,44.0,53.2
s2b-r10,3,B,512,s2b-r10-9,512,512,0,10,512,512,1,10,1024,0,32,512,-1,0,0,-1,5,150,5,2,2353718,150,0,5,5,18.0,44.0,53.2
s2b-r10,3,B,512,s2b-r10-10,512,512,0,10,512,512,1,10,1024,0,32,512,-1,0,0,-1,5,147,5,2,2302470,150,0,5,5,14.0,44.0,53.2
s2b-r10,3,B,512,s2b-r10-11,512,512,0,10,512,512,1,10,1024,0,32,512,-1,0,0,-1,5,150,5,2,2346657,150,0,5,5,19.0,44.0,53.2
s2b-r10,3,B,512,s2b-r10-12,512,512,0,10,512,512,1,10,1024,0,32,512,-1,0,0,-1,5,145,5,2,2266679,150,0,5,5,61.0,44.0,53.2
s2b-r10,3,B,512,s2b-r10-13,512,512,0,10,512,512,1,10,1024,0,16,512,0,0,0,-1,5,153,4,0,2401800,153,0,4,4,107.0,44.0,53.2
s2b-r10,3,B,512,s2b-r10-14,512,512,0,10,512,512,1,10,1024,0,2,512,-1,0,0,-1,1,218,1,2,3417644,218,0,1,1,25.0,44.0,53.2
s2b-r10,3,B,512,s2b-r10-15,512,512,0,10,512,512,1,10,1024,0,32,512,-1,0,0,-1,5,134,5,2,2108849,87,0,5,5,48.0,44.0,53.2
s2b-r10,3,B,512,s2b-r10-16,512,512,0,10,512,512,1,10,1024,0,32,512,-1,0,0,-1,5,106,5,2,1658197,70,0,5,5,63.0,44.0,53.2
s2b-r10,3,B,512,s2b-r10-17,512,512,0,10,512,512,1,10,1024,0,16,512,0,0,0,-1,5,79,4,0,1249013,73,0,4,4,29.0,44.0,53.2
s2b-r10,3,B,512,s2b-r10-18,512,512,0,10,512,512,1,10,1024,0,16,512,-1,0,0,-1,4,161,4,2,2530889,161,0,4,4,54.0,44.0,53.2
s2b-r10,3,B,512,s2b-r10-19,512,512,0,10,512,512,1,10,1024,0,16,512,-1,0,0,-1,4,115,4,2,1805229,115,0,4,4,15.0,44.0,53.2
s2b-r10,3,B,512,s2b-r10-20,512,512,0,10,512,512,1,10,1024,0,2,512,0,0,0,-1,4,153,1,0,2397171,161,0,1,1,29.0,44.0,53.2
s2b-r10,3,B,512,s2b-r10-21,512,512,0,10,512,512,1,10,1024,0,2,512,-1,0,0,-1,1,107,1,2,1673479,107,0,1,1,19.0,44.0,53.2
s2b-r10,3,B,512,s2b-r10-22,512,512,0,10,512,512,1,10,1024,0,2,512,-1,0,0,-1,1,150,1,2,2349980,150,0,1,1,62.0,44.0,53.2
s2b-r10,3,B,512,s2b-r10-23,512,512,0,10,512,512,1,10,1024,0,2,512,-1,0,0,-1,1,150,1,2,2357420,150,0,1,1,35.0,44.0,53.2
s2b-r10,3,B,512,s2b-r10-24,512,512,0,10,512,512,1,10,1024,0,32,512,0,0,0,-1,1,150,5,0,2353078,150,0,5,5,58.0,44.0,53.2
s2b-r10,3,B,512,s2b-r10-25,512,512,0,10,512,512,1,10,1024,0,2,512,-1,0,0,-1,1,155,1,2,2436842,155,0,1,1,23.0,44.0,53.2
s2b-r10,3,B,512,s2b-r10-26,512,512,0,10,512,512,1,10,1024,0,2,512,-1,0,0,-1,1,150,1,2,2354944,150,0,1,1,105.0,44.0,53.2
s2b-r10,3,B,512,s2b-r10-27,512,512,0,10,512,512,1,10,1024,0,2,512,-1,0,0,-1,1,151,1,2,2371895,150,0,1,1,39.0,44.0,53.2
s2b-r10,3,B,512,s2b-r10-28,512,512,0,10,512,512,1,10,1024,0,2,512,-1,0,0,-1,1,152,1,2,2385030,152,0,1,1,21.0,44.0,53.2
s2b-r10,3,B,512,s2b-r10-29,512,512,0,10,512,512,1,10,1024,0,2,512,-1,0,0,-1,1,152,1,2,2380813,151,0,1,1,21.0,44.0,53.2
s2b-r10,3,B,512,s2b-r10-30,512,512,0,10,512,512,1,10,1024,0,2,512,-1,0,0,-1,1,151,1,2,2366345,151,0,1,1,56.0,44.0,53.2
s2b-r10,3,B,512,s2b-r10-31,512,512,0,10,512,512,1,10,1024,0,32,512,1,0,0,-1,1,151,5,0,2363321,151,0,5,5,69.0,44.0,53.2
s2b-r10,3,B,512,s2b-r10-32,512,512,0,10,512,512,1,10,1024,0,32,512,-1,0,0,-1,5,121,5,2,1897598,9,0,5,5,29.0,44.0,53.2
s2b-r10,3,B,512,s2b-r10-33,512,512,0,10,512,512,1,10,1024,0,1,512,0,0,0,-1,5,153,0,0,2397230,153,0,0,0,30.0,44.0,53.2
s2b-r10,3,B,512,s2b-r10-34,512,512,0,10,512,512,1,10,1024,0,32,512,1,0,0,-1,0,91,5,0,1436732,7,0,5,5,25.0,44.0,53.2
s2b-r10,3,B,512,s2b-r10-35,512,512,0,10,512,512,1,10,1024,0,32,512,-1,0,0,-1,5,148,5,2,2327328,153,0,5,5,19.0,44.0,53.2
s2b-r10,3,B,512,s2b-r10-36,512,512,0,10,512,512,1,10,1024,0,32,512,-1,0,0,-1,5,89,5,2,1405450,49,0,5,5,102.0,44.0,53.2
s2b-r10,3,B,512,s2b-r10-37,512,512,0,10,512,512,1,10,1024,0,32,512,-1,0,0,-1,5,151,5,2,2363236,151,0,5,5,127.0,44.0,53.2
s2b-r10,3,B,512,s2b-r10-38,512,512,0,10,512,512,1,10,1024,0,32,512,5,0,0,-1,1,166,5,0,2600552,166,0,5,5,44.0,44.0,53.2
s2b-r10,3,B,512,s2b-r10-39,512,512,0,10,512,512,1,10,1024,0,32,512,-1,0,0,-1,5,151,5,2,2372905,151,0,5,5,28.0,44.0,53.2
s2b-r10,3,B,512,s2b-r10-40,512,512,0,10,512,512,1,10,1024,0,32,512,-1,0,0,-1,5,147,5,2,2301479,151,0,5,5,63.0,44.0,53.2
s2b-r10,3,B,512,s2b-r10-41,512,512,0,10,512,512,1,10,1024,0,32,512,-1,0,0,-1,5,123,5,2,1935724,100,0,5,5,58.0,44.0,53.2
s2b-r10,3,B,512,s2b-r10-42,512,512,0,10,512,512,1,10,1024,0,2,512,1,0,0,-1,5,153,1,0,2403306,153,0,1,1,320.0,44.0,53.2
s2b-r10,3,B,512,s2b-r10-43,512,512,0,10,512,512,1,10,1024,6,16,512,0,1,0,-1,4,263,4,0,4120823,263,1,4,4,25.0,44.0,53.2
s2b-r10,3,B,512,s2b-r10-44,512,512,0,10,512,512,1,10,1024,0,16,512,-1,0,0,-1,4,156,4,2,2442508,156,0,4,4,50.0,44.0,53.2
s2b-r10,3,B,512,s2b-r10-45,512,512,0,10,512,512,1,10,1024,6,32,512,5,1,0,-1,4,165,5,0,2578633,150,1,5,5,33.0,44.0,53.2
s2b-r10,3,B,512,s2b-r10-46,512,512,0,10,512,512,1,10,1024,6,32,512,0,1,0,-1,5,144,5,0,2262030,79,1,5,5,30.0,44.0,53.2
s2b-r10,3,B,512,s2b-r10-47,512,512,0,10,512,512,1,10,1024,6,1,512,0,1,0,-1,0,167,0,0,2619888,167,1,0,0,28.0,44.0,53.2
s2b-r10,3,B,512,s2b-r10-48,512,512,0,10,512,512,1,10,1024,6,32,512,1,1,0,-1,0,129,5,0,2022621,129,1,5,5,107.0,44.0,53.2
s2b-r10,3,B,512,s2b-r10-49,512,512,0,10,512,512,1,10,1024,6,32,512,1,1,0,-1,5,156,5,0,2437932,156,1,5,5,38.0,44.0,53.2
s2b-r10,3,B,512,s2b-r10-50,512,512,0,10,512,512,1,10,1024,0,32,512,-1,0,0,-1,5,152,5,2,2376940,152,0,5,5,45.0,44.0,53.2
s2b-r10,3,B,512,s2b-r10-51,512,512,0,10,512,512,1,10,1024,0,32,512,-1,0,0,-1,5,151,5,2,2374281,151,0,5,5,99.0,44.0,53.2
s2b-r10,3,B,512,s2b-r10-52,512,512,0,10,512,512,1,10,1024,0,1,512,-1,0,0,-1,0,149,0,2,2340771,149,0,0,0,26.0,44.0,53.2
s2b-r10,3,B,512,s2b-r10-53,512,512,0,10,512,512,1,10,1024,6,32,512,1,1,0,-1,4,121,5,0,1892217,105,1,5,5,39.0,44.0,53.2
s2b-r10,3,B,512,s2b-r10-54,512,512,0,10,512,512,1,10,1024,6,1,512,0,1,0,-1,0,157,0,0,2468171,157,1,0,0,21.0,44.0,53.2
s2b-r10,3,B,512,s2b-r10-55,512,512,0,10,512,512,1,10,1024,6,1,512,0,1,0,-1,0,116,0,0,1817269,116,1,0,0,41.0,44.0,53.2
s2b-r10,3,B,512,s2b-r10-56,512,512,0,10,512,512,1,10,1024,6,1,512,0,1,0,-1,0,94,0,0,1471347,111,1,0,0,43.0,44.0,53.2
s2b-r10,3,B,512,s2b-r10-57,512,512,0,10,512,512,1,10,1024,6,128,512,-1,1,0,-1,7,106,7,2,1663961,111,0,7,7,72.0,44.0,53.2
s2b-r10,3,B,512,s2b-r10-58,512,512,0,10,512,512,1,10,1024,6,128,512,-1,1,0,-1,7,102,7,2,1608969,111,0,7,7,130.0,44.0,53.2
s2b-r10,3,B,512,s2b-r10-59,512,512,0,10,512,512,1,10,1024,6,128,512,-1,1,0,-1,7,102,7,2,1609090,102,0,7,7,47.0,44.0,53.2
s2b-r10,3,B,512,s2b-r10-60,512,512,0,10,512,512,1,10,1024,6,128,512,-1,1,0,-1,7,110,7,2,1733350,102,0,7,7,322.0,44.0,53.2
s2b-r10,3,B,512,s2b-r10-61,512,512,0,10,512,512,1,10,1024,6,128,512,-1,1,0,-1,7,114,7,2,1784623,114,0,7,7,50.0,44.0,53.2
s2b-r10,3,B,512,s2b-r10-62,512,512,0,10,512,512,1,10,1024,6,128,512,-1,1,0,-1,7,102,7,2,1603657,102,0,7,7,152.0,44.0,53.2
s2b-r10,3,B,512,s2b-r10-63,512,512,0,10,512,512,1,10,1024,6,128,512,-1,1,0,-1,7,104,7,2,1627072,104,0,7,7,50.0,44.0,53.2
s2b-r10,3,B,512,s2b-r10-64,512,512,0,10,512,512,1,10,1024,6,128,512,-1,1,0,-1,7,83,7,2,1300819,74,0,7,7,51.0,44.0,53.2
s2b-r10,3,B,512,s2b-r10-65,512,512,0,10,512,512,1,10,1024,6,128,512,-1,1,0,-1,7,100,7,2,1564940,100,0,7,7,54.0,44.0,53.2
s2b-r10,3,B,512,s2b-r10-66,512,512,0,10,512,512,1,10,1024,6,128,512,-1,1,0,-1,7,77,7,2,1213803,77,0,7,7,205.0,44.0,53.2
s2b-r10,3,B,512,s2b-r10-67,512,512,0,10,512,512,1,10,1024,6,128,512,-1,1,0,-1,7,114,7,2,1795501,114,0,7,7,53.0,44.0,53.2
s2b-r10,3,B,512,s2b-r10-68,512,512,0,10,512,512,1,10,1024,6,128,512,-1,1,0,-1,7,96,7,2,1507628,114,0,7,7,60.0,44.0,53.2
s2b-r10,3,B,512,s2b-r10-69,512,512,0,10,512,512,1,10,1024,6,128,512,-1,1,0,-1,7,101,7,2,1591414,114,0,7,7,149.0,44.0,53.2
s2b-r10,3,B,512,s2b-r10-70,512,512,0,10,512,512,1,10,1024,6,128,512,-1,1,0,-1,7,103,7,2,1617145,114,0,7,7,52.0,44.0,53.2
s2b-r10,3,B,512,s2b-r10-71,512,512,0,10,512,512,1,10,1024,6,128,512,-1,1,0,-1,7,80,7,2,1256376,72,0,7,7,213.0,44.0,53.2
s2b-r10,3,B,512,s2b-r10-72,512,512,0,10,512,512,1,10,1024,6,128,512,-1,1,0,-1,7,113,7,2,1768158,113,0,7,7,49.0,44.0,53.2
s2b-r10,3,B,512,s2b-r10-73,512,512,0,10,512,512,1,10,1024,6,128,512,-1,1,0,-1,7,85,7,2,1338017,85,0,7,7,145.0,44.0,53.2
s2b-r10,3,B,512,s2b-r10-74,512,512,0,10,512,512,1,10,1024,6,128,512,-1,1,0,-1,7,104,7,2,1633279,104,0,7,7,47.0,44.0,53.2
s2b-r10,3,B,512,s2b-r10-75,512,512,0,10,512,512,1,10,1024,6,128,512,-1,1,0,-1,7,85,7,2,1338617,104,0,7,7,156.0,44.0,53.2
s2b-r10,3,B,512,s2b-r10-76,512,512,0,10,512,512,1,10,1024,6,128,512,-1,1,0,-1,7,106,7,2,1657788,106,0,7,7,57.0,44.0,53.2
s2b-r10,3,B,512,s2b-r10-77,512,512,0,10,512,512,1,10,1024,6,128,512,-1,1,0,-1,7,100,7,2,1569653,100,0,7,7,50.0,44.0,53.2
s2b-r10,3,B,512,s2b-r10-78,512,512,0,10,512,512,1,10,1024,6,128,512,-1,1,0,-1,7,100,7,2,1571014,100,0,7,7,47.0,44.0,53.2
s2b-r10,3,B,512,s2b-r10-79,512,512,0,10,512,512,1,10,1024,6,128,512,-1,1,0,-1,7,62,7,2,971666,100,0,7,7,57.0,44.0,53.2
s2b-r10,3,B,512,s2b-r10-80,512,512,0,10,512,512,1,10,1024,6,128,512,-1,1,0,-1,7,99,7,2,1555092,100,0,7,7,178.0,44.0,53.2
s2b-r10,3,B,512,s2b-r10-81,512,512,0,10,512,512,1,10,1024,6,128,512,-1,1,0,-1,7,105,7,2,1645769,105,0,7,7,54.0,44.0,53.2
s2b-r10,3,B,512,s2b-r10-82,512,512,0,10,512,512,1,10,1024,6,128,512,-1,1,0,-1,7,100,7,2,1564364,105,0,7,7,171.0,44.0,53.2
s2b-r10,3,B,512,s2b-r10-83,512,512,0,10,512,512,1,10,1024,6,128,512,-1,1,0,-1,7,106,7,2,1664596,106,0,7,7,51.0,44.0,53.2
s2b-r10,3,B,512,s2b-r10-84,512,512,0,10,512,512,1,10,1024,6,128,512,-1,1,0,-1,7,102,7,2,1594570,105,0,7,7,149.0,44.0,53.2
s2b-r10,3,B,512,s2b-r10-85,512,512,0,10,512,512,1,10,1024,6,128,512,-1,1,0,-1,7,102,7,2,1605918,105,0,7,7,49.0,44.0,53.2
s2b-r10,3,B,512,s2b-r10-86,512,512,0,10,512,512,1,10,1024,6,128,512,-1,1,0,-1,7,93,7,2,1463887,93,0,7,7,120.0,44.0,53.2
s2b-r10,3,B,512,s2b-r10-87,512,512,0,10,512,512,1,10,1024,6,128,512,-1,1,0,-1,7,101,7,2,1591211,101,0,7,7,50.0,44.0,53.2
s2b-r10,3,B,512,s2b-r10-88,512,512,0,10,512,512,1,10,1024,6,128,512,-1,1,0,-1,7,98,7,2,1536771,98,0,7,7,241.0,44.0,53.2
s2b-r10,3,B,512,s2b-r10-89,512,512,0,10,512,512,1,10,1024,6,128,512,-1,1,0,-1,7,113,7,2,1780377,113,0,7,7,55.0,44.0,53.2
s2b-r10,3,B,512,s2b-r10-90,512,512,0,10,512,512,1,10,1024,6,128,512,-1,1,0,-1,7,101,7,2,1585535,99,0,7,7,209.0,44.0,53.2
s2b-r10,3,B,512,s2b-r10-91,512,512,0,10,512,512,1,10,1024,6,128,512,-1,1,0,-1,7,104,7,2,1634743,104,0,7,7,52.0,44.0,53.2
s2b-r10,3,B,512,s2b-r10-92,512,512,0,10,512,512,1,10,1024,6,128,512,-1,1,0,-1,7,103,7,2,1622299,102,0,7,7,164.0,44.0,53.2
s2b-r10,3,B,512,s2b-r10-93,512,512,0,10,512,512,1,10,1024,6,128,512,-1,1,0,-1,7,105,7,2,1641227,104,0,7,7,56.0,44.0,53.2
s2b-r10,3,B,512,s2b-r10-94,512,512,0,10,512,512,1,10,1024,6,128,512,-1,1,0,-1,7,82,7,2,1282079,69,0,7,7,155.0,44.0,53.2
s2b-r10,3,B,512,s2b-r10-95,512,512,0,10,512,512,1,10,1024,6,128,512,-1,1,0,-1,7,104,7,2,1635661,104,0,7,7,52.0,44.0,53.2
s2b-r10,3,B,512,s2b-r10-96,512,512,0,10,512,512,1,10,1024,6,128,512,-1,1,0,-1,7,84,7,2,1321909,84,0,7,7,103.0,44.0,53.2
s2b-r10,3,B,512,s2b-r10-97,512,512,0,10,512,512,1,10,1024,0,2,512,1,0,0,-1,7,101,1,0,1589063,101,0,1,1,58.0,44.0,53.2
s2b-r10,3,B,512,s2b-r10-98,512,512,0,10,512,512,1,10,1024,0,32,512,-1,0,0,-1,5,101,5,2,1588806,101,0,5,5,76.0,44.0,53.2
s2b-r10,3,B,512,s2b-r10-99,512,512,0,10,512,512,1,10,1024,6,64,512,-1,1,0,-1,6,114,6,2,1790478,114,0,6,6,18.0,44.0,53.2
s2b-r10,3,B,512,s2b-r10-100,512,512,0,10,512,512,1,10,1024,6,64,512,-1,1,0,-1,6,74,6,2,1163512,55,0,6,6,50.0,44.0,53.2
s2b-r10,3,B,512,s2b-r10-101,512,512,0,10,512,512,1,10,1024,6,64,512,-1,1,0,-1,6,98,6,2,1545548,98,0,6,6,48.0,44.0,53.2
s2b-r10,3,B,512,s2b-r10-102,512,512,0,10,512,512,1,10,1024,6,64,512,-1,1,0,-1,6,93,6,2,1462909,98,0,6,6,38.0,44.0,53.2
s2b-r10,3,B,512,s2b-r10-103,512,512,0,10,512,512,1,10,1024,6,64,512,-1,1,0,-1,6,104,6,2,1639532,104,0,6,6,18.0,44.0,53.2
s2b-r10,3,B,512,s2b-r10-104,512,512,0,10,512,512,1,10,1024,6,128,512,7,1,0,-1,6,98,7,0,1536886,98,0,7,7,50.0,44.0,53.2
s2b-r10,3,B,512,s2b-r10-105,512,512,0,10,512,512,1,10,1024,6,128,512,-1,1,0,-1,7,98,7,2,1539313,98,0,7,7,36.0,44.0,53.2
s2b-r10,3,B,512,s2b-r10-106,512,512,0,10,512,512,1,10,1024,6,128,512,-1,1,0,-1,7,101,7,2,1587549,101,0,7,7,72.0,44.0,53.2
s2b-r10,3,B,512,s2b-r10-107,512,512,0,10,512,512,1,10,1024,6,128,512,-1,1,0,-1,7,104,7,2,1637076,104,0,7,7,50.0,44.0,53.2
s2b-r10,3,B,512,s2b-r10-108,512,512,0,10,512,512,1,10,1024,6,128,512,-1,1,0,-1,7,99,7,2,1553273,99,0,7,7,52.0,44.0,53.2
s2b-r10,3,B,512,s2b-r10-109,512,512,0,10,512,512,1,10,1024,6,128,512,-1,1,0,-1,7,97,7,2,1530704,97,0,7,7,152.0,44.0,53.2
s2b-r10,3,B,512,s2b-r10-110,512,512,0,10,512,512,1,10,1024,6,128,512,-1,1,0,-1,7,81,7,2,1269852,97,0,7,7,51.0,44.0,53.2
s2b-r10,3,B,512,s2b-r10-111,512,512,0,10,512,512,1,10,1024,6,128,512,-1,1,0,-1,7,98,7,2,1538153,98,0,7,7,100.0,44.0,53.2
s2b-r10,3,B,512,s2b-r10-112,512,512,0,10,512,512,1,10,1024,6,128,512,-1,1,0,-1,7,86,7,2,1346773,86,0,7,7,50.0,44.0,53.2
s2b-r10,3,B,512,s2b-r10-113,512,512,0,10,512,512,1,10,1024,6,128,512,-1,1,0,-1,7,97,7,2,1525381,97,0,7,7,118.0,44.0,53.2
s2b-r10,3,B,512,s2b-r10-114,512,512,0,10,512,512,1,10,1024,6,128,512,-1,1,0,-1,7,83,7,2,1299445,86,0,7,7,133.0,44.0,53.2
s2b-r10,3,B,512,s2b-r10-115,512,512,0,10,512,512,1,10,1024,6,128,512,-1,1,0,-1,7,104,7,2,1629960,104,0,7,7,48.0,44.0,53.2
s2b-r10,3,B,512,s2b-r10-116,512,512,0,10,512,512,1,10,1024,6,128,512,-1,1,0,-1,7,82,7,2,1286697,82,0,7,7,182.0,44.0,53.2
s2b-r10,3,B,512,s2b-r10-117,512,512,0,10,512,512,1,10,1024,6,128,512,-1,1,0,-1,7,108,7,2,1689162,108,0,7,7,53.0,44.0,53.2
s2b-r10,3,B,512,s2b-r10-118,512,512,0,10,512,512,1,10,1024,6,128,512,-1,1,0,-1,7,100,7,2,1576528,100,0,7,7,54.0,44.0,53.2
s2b-r10,3,B,512,s2b-r10-119,512,512,0,10,512,512,1,10,1024,6,128,512,-1,1,0,-1,7,78,7,2,1224392,13,0,7,7,182.0,44.0,53.2
s2b-r10,3,B,512,s2b-r10-120,512,512,0,10,512,512,1,10,1024,6,128,512,-1,1,0,-1,7,104,7,2,1630960,104,0,7,7,51.0,44.0,53.2
s2b-r10,3,B,512,s2b-r10-121,512,512,0,10,512,512,1,10,1024,6,128,512,-1,1,0,-1,7,99,7,2,1555961,99,0,7,7,118.0,44.0,53.2
s2b-r10,3,B,512,s2b-r10-122,512,512,0,10,512,512,1,10,1024,6,128,512,-1,1,0,-1,7,103,7,2,1611094,103,0,7,7,49.0,44.0,53.2
s2b-r10,3,B,512,s2b-r10-123,512,512,0,10,512,512,1,10,1024,6,128,512,-1,1,0,-1,7,98,7,2,1537368,98,0,7,7,133.0,44.0,53.2
s2b-r10,3,B,512,s2b-r10-124,512,512,0,10,512,512,1,10,1024,6,128,512,-1,1,0,-1,7,84,7,2,1322164,84,0,7,7,54.0,44.0,53.2
s2b-r10,3,B,512,s2b-r10-125,512,512,0,10,512,512,1,10,1024,6,128,512,-1,1,0,-1,7,101,7,2,1580364,101,0,7,7,152.0,44.0,53.2
s2b-r10,3,B,512,s2b-r10-126,512,512,0,10,512,512,1,10,1024,6,128,512,-1,1,0,-1,7,87,7,2,1364334,87,0,7,7,49.0,44.0,53.2
s2b-r10,3,B,512,s2b-r10-127,512,512,0,10,512,512,1,10,1024,6,128,512,-1,1,0,-1,7,99,7,2,1556279,99,0,7,7,125.0,44.0,53.2
s2b-r10,3,B,512,s2b-r10-128,512,512,0,10,512,512,1,10,1024,6,128,512,-1,1,0,-1,7,92,7,2,1438027,99,0,7,7,53.0,44.0,53.2
s2b-r10,3,B,512,s2b-r10-129,512,512,0,10,512,512,1,10,1024,6,128,512,-1,1,0,-1,7,99,7,2,1559256,99,0,7,7,106.0,44.0,53.2
s2b-r10,3,B,512,s2b-r10-130,512,512,0,10,512,512,1,10,1024,6,128,512,-1,1,0,-1,7,83,7,2,1297408,83,0,7,7,178.0,44.0,53.2
s2b-r10,3,B,512,s2b-r10-131,512,512,0,10,512,512,1,10,1024,6,128,512,-1,1,0,-1,7,104,7,2,1636739,104,0,7,7,59.0,44.0,53.2
s2b-r10,3,B,512,s2b-r10-132,512,512,0,10,512,512,1,10,1024,6,128,512,-1,1,0,-1,7,102,7,2,1595946,102,0,7,7,183.0,44.0,53.2
s2b-r10,3,B,512,s2b-r10-133,512,512,0,10,512,512,1,10,1024,6,128,512,-1,1,0,-1,7,78,7,2,1231441,83,0,7,7,51.0,44.0,53.2
s2b-r10,3,B,512,s2b-r10-134,512,512,0,10,512,512,1,10,1024,6,128,512,-1,1,0,-1,7,99,7,2,1549504,99,0,7,7,182.0,44.0,53.2
s2b-r10,3,B,512,s2b-r10-135,512,512,0,10,512,512,1,10,1024,6,128,512,-1,1,0,-1,7,104,7,2,1637841,104,0,7,7,51.0,44.0,53.2
s2b-r10,3,B,512,s2b-r10-136,512,512,0,10,512,512,1,10,1024,6,128,512,-1,1,0,-1,7,72,7,2,1138263,99,0,7,7,47.0,44.0,53.2
s2b-r10,3,B,512,s2b-r10-137,512,512,0,10,512,512,1,10,1024,6,128,512,-1,1,0,-1,7,97,7,2,1530778,99,0,7,7,159.0,44.0,53.2
s2b-r10,3,B,512,s2b-r10-138,512,512,0,10,512,512,1,10,1024,6,128,512,-1,1,0,-1,7,102,7,2,1598389,102,0,7,7,47.0,44.0,53.2
s2b-r10,3,B,512,s2b-r10-139,512,512,0,10,512,512,1,10,1024,6,128,512,-1,1,0,-1,7,66,7,2,1035902,102,0,7,7,134.0,44.0,53.2
s2b-r10,3,B,512,s2b-r10-140,512,512,0,10,512,512,1,10,1024,6,128,512,-1,1,0,-1,7,103,7,2,1619530,103,0,7,7,51.0,44.0,53.2
s2b-r10,3,B,512,s2b-r10-141,512,512,0,10,512,512,1,10,1024,6,128,512,-1,1,0,-1,7,99,7,2,1552846,102,0,7,7,69.0,44.0,53.2
s2b-r10,3,B,512,s2b-r10-142,512,512,0,10,512,512,1,10,1024,6,128,512,-1,1,0,-1,7,71,7,2,1118103,63,0,7,7,54.0,44.0,53.2
s2b-r10,3,B,512,s2b-r10-143,512,512,0,10,512,512,1,10,1024,6,128,512,-1,1,0,-1,7,98,7,2,1545252,98,0,7,7,149.0,44.0,53.2
s2b-r10,3,B,512,s2b-r10-144,512,512,0,10,512,512,1,10,1024,6,128,512,-1,1,0,-1,7,103,7,2,1610108,103,0,7,7,50.0,44.0,53.2
s2b-r10,3,B,512,s2b-r10-145,512,512,0,10,512,512,1,10,1024,6,128,512,-1,1,0,-1,7,72,7,2,1138867,61,0,7,7,180.0,44.0,53.2
s2b-r10,3,B,512,s2b-r10-146,512,512,0,10,512,512,1,10,1024,6,128,512,-1,1,0,-1,7,105,7,2,1649897,105,0,7,7,56.0,44.0,53.2
s2b-r10,3,B,512,s2b-r10-147,512,512,0,10,512,512,1,10,1024,6,128,512,-1,1,0,-1,7,99,7,2,1561894,99,0,7,7,146.0,44.0,53.2
s2b-r10,3,B,512,s2b-r10-148,512,512,0,10,512,512,1,10,1024,6,128,512,-1,1,0,-1,7,82,7,2,1285766,82,0,7,7,50.0,44.0,53.2
s2b-r10,3,B,512,s2b-r10-149,512,512,0,10,512,512,1,10,1024,6,128,512,-1,1,0,-1,7,99,7,2,1552963,99,0,7,7,142.0,44.0,53.2
s2b-r10,3,B,512,s2b-r10-150,512,512,0,10,512,512,1,10,1024,6,128,512,-1,1,0,-1,7,106,7,2,1656343,106,0,7,7,53.0,44.0,53.2
s2b-r10,3,B,512,s2b-r10-151,512,512,0,10,512,512,1,10,1024,6,128,512,-1,1,0,-1,7,99,7,2,1555168,99,0,7,7,192.0,44.0,53.2
s2b-r10,3,B,512,s2b-r10-152,512,512,0,10,512,512,1,10,1024,6,128,512,-1,1,0,-1,7,104,7,2,1632407,104,0,7,7,50.0,44.0,53.2
s2b-r10,3,B,512,s2b-r10-153,512,512,0,10,512,512,1,10,1024,6,128,512,-1,1,0,-1,7,102,7,2,1595850,101,0,7,7,130.0,44.0,53.2
s2b-r10,3,B,512,s2b-r10-154,512,512,0,10,512,512,1,10,1024,6,128,512,-1,1,0,-1,7,104,7,2,1631585,104,0,7,7,52.0,44.0,53.2
s2b-r10,3,B,512,s2b-r10-155,512,512,0,10,512,512,1,10,1024,6,128,512,-1,1,0,-1,7,82,7,2,1285802,104,0,7,7,143.0,44.0,53.2
s2b-r10,3,B,512,s2b-r10-156,512,512,0,10,512,512,1,10,1024,6,128,512,-1,1,0,-1,7,103,7,2,1612997,104,0,7,7,58.0,44.0,53.2
s2b-r10,3,B,512,s2b-r10-157,512,512,0,10,512,512,1,10,1024,6,128,512,-1,1,0,-1,7,99,7,2,1547542,104,0,7,7,197.0,44.0,53.2
s2b-r10,3,B,512,s2b-r10-158,512,512,0,10,512,512,1,10,1024,6,128,512,-1,1,0,-1,7,100,7,2,1566873,100,0,7,7,53.0,44.0,53.2
s2b-r10,3,B,512,s2b-r10-159,512,512,0,10,512,512,1,10,1024,6,128,512,-1,1,0,-1,7,100,7,2,1575086,100,0,7,7,195.0,44.0,53.2
s2b-r10,3,B,512,s2b-r10-160,512,512,0,10,512,512,1,10,1024,6,128,512,-1,1,0,-1,7,105,7,2,1640666,105,0,7,7,51.0,44.0,53.2
s2b-r10,3,B,512,s2b-r10-161,512,512,0,10,512,512,1,10,1024,6,128,512,-1,1,0,-1,7,81,7,2,1266154,72,0,7,7,171.0,44.0,53.2
s2b-r10,3,B,512,s2b-r10-162,512,512,0,10,512,512,1,10,1024,6,128,512,-1,1,0,-1,7,103,7,2,1614789,103,0,7,7,59.0,44.0,53.2
s2b-r10,3,B,512,s2b-r10-163,512,512,0,10,512,512,1,10,1024,6,128,512,-1,1,0,-1,7,100,7,2,1570148,100,0,7,7,71.0,44.0,53.2
s2b-r10,3,B,512,s2b-r10-164,512,512,0,10,512,512,1,10,1024,6,128,512,-1,1,0,-1,7,78,7,2,1227119,78,0,7,7,49.0,44.0,53.2
s2b-r10,3,B,512,s2b-r10-165,512,512,0,10,512,512,1,10,1024,6,128,512,-1,1,0,-1,7,101,7,2,1580538,101,0,7,7,157.0,44.0,53.2
s2b-r10,3,B,512,s2b-r10-166,512,512,0,10,512,512,1,10,1024,6,128,512,-1,1,0,-1,7,102,7,2,1593998,102,0,7,7,54.0,44.0,53.2
s2b-r10,3,B,512,s2b-r10-167,512,512,0,10,512,512,1,10,1024,6,128,512,-1,1,0,-1,7,76,7,2,1196514,101,0,7,7,158.0,44.0,53.2
s2b-r10,3,B,512,s2b-r10-168,512,512,0,10,512,512,1,10,1024,6,128,512,-1,1,0,-1,7,103,7,2,1624294,103,0,7,7,52.0,44.0,53.2
s2b-r10,3,B,512,s2b-r10-169,512,512,0,10,512,512,1,10,1024,6,128,512,-1,1,0,-1,7,102,7,2,1606549,102,0,7,7,164.0,44.0,53.2
s2b-r10,3,B,512,s2b-r10-170,512,512,0,10,512,512,1,10,1024,6,128,512,-1,1,0,-1,7,106,7,2,1658882,106,0,7,7,49.0,44.0,53.2
s2b-r10,3,B,512,s2b-r10-171,512,512,0,10,512,512,1,10,1024,6,128,512,-1,1,0,-1,7,98,7,2,1545943,102,0,7,7,170.0,44.0,53.2
s2b-r10,3,B,512,s2b-r10-172,512,512,0,10,512,512,1,10,1024,6,128,512,-1,1,0,-1,7,83,7,2,1298576,102,0,7,7,55.0,44.0,53.2
s2b-r10,3,B,512,s2b-r10-173,512,512,0,10,512,512,1,10,1024,6,128,512,-1,1,0,-1,7,100,7,2,1569993,100,0,7,7,257.0,44.0,53.2
s2b-r10,3,B,512,s2b-r10-174,512,512,0,10,512,512,1,10,1024,6,128,512,-1,1,0,-1,7,110,7,2,1724675,110,0,7,7,49.0,44.0,53.2
s2b-r10,3,B,512,s2b-r10-175,512,512,0,10,512,512,1,10,1024,6,128,512,-1,1,0,-1,7,98,7,2,1542204,100,0,7,7,248.0,44.0,53.2
s2b-r10,3,B,512,s2b-r10-176,512,512,0,10,512,512,1,10,1024,6,128,512,-1,1,0,-1,7,106,7,2,1657041,106,0,7,7,47.0,44.0,53.2
s2b-r10,3,B,512,s2b-r10-177,512,512,0,10,512,512,1,10,1024,6,128,512,-1,1,0,-1,7,102,7,2,1608162,100,0,7,7,149.0,44.0,53.2
s2b-r10,3,B,512,s2b-r10-178,512,512,0,10,512,512,1,10,1024,6,128,512,-1,1,0,-1,7,103,7,2,1615474,102,0,7,7,49.0,44.0,53.2
s2b-r10,3,B,512,s2b-r10-179,512,512,0,10,512,512,1,10,1024,6,128,512,-1,1,0,-1,7,81,7,2,1270028,102,0,7,7,49.0,44.0,53.2
s2b-r10,3,B,512,s2b-r10-180,512,512,0,10,512,512,1,10,1024,6,128,512,-1,1,0,-1,7,98,7,2,1535689,102,0,7,7,65.0,44.0,53.2
s2b-r10,3,B,512,s2b-r10-181,512,512,0,10,512,512,1,10,1024,6,128,512,-1,1,0,-1,7,102,7,2,1601139,102,0,7,7,52.0,44.0,53.2
s2b-r10,3,B,512,s2b-r10-182,512,512,0,10,512,512,1,10,1024,6,128,512,-1,1,0,-1,7,74,7,2,1171365,65,0,7,7,144.0,44.0,53.2
s2b-r10,3,B,512,s2b-r10-183,512,512,0,10,512,512,1,10,1024,6,128,512,-1,1,0,-1,7,102,7,2,1605284,102,0,7,7,59.0,44.0,53.2
s2b-r10,3,B,512,s2b-r10-184,512,512,0,10,512,512,1,10,1024,6,128,512,-1,1,0,-1,7,99,7,2,1562442,99,0,7,7,186.0,44.0,53.2
s2b-r10,3,B,512,s2b-r10-185,512,512,0,10,512,512,1,10,1024,6,128,512,-1,1,0,-1,7,92,7,2,1450974,92,0,7,7,52.0,44.0,53.2
s2b-r10,3,B,512,s2b-r10-186,512,512,0,10,512,512,1,10,1024,6,128,512,-1,1,0,-1,7,100,7,2,1564318,100,0,7,7,49.0,44.0,53.2
s2b-r10,3,B,512,s2b-r10-187,512,512,0,10,512,512,1,10,1024,6,128,512,-1,1,0,-1,7,76,7,2,1198482,92,0,7,7,122.0,44.0,53.2
s2b-r10,3,B,512,s2b-r10-188,512,512,0,10,512,512,1,10,1024,6,128,512,-1,1,0,-1,7,102,7,2,1599466,102,0,7,7,51.0,44.0,53.2
s2b-r10,3,B,512,s2b-r10-189,512,512,0,10,512,512,1,10,1024,6,128,512,-1,1,0,-1,7,86,7,2,1350277,86,0,7,7,150.0,44.0,53.2
s2b-r10,3,B,512,s2b-r10-190,512,512,0,10,512,512,1,10,1024,6,128,512,-1,1,0,-1,7,107,7,2,1672522,107,0,7,7,46.0,44.0,53.2
s2b-r10,3,B,512,s2b-r10-191,512,512,0,10,512,512,1,10,1024,6,128,512,-1,1,0,-1,7,88,7,2,1381684,88,0,7,7,140.0,44.0,53.2
s2b-r10,3,B,512,s2b-r10-192,512,512,0,10,512,512,1,10,1024,6,128,512,-1,1,0,-1,7,105,7,2,1641163,105,0,7,7,46.0,44.0,53.2
s2b-r10,3,B,512,s2b-r10-193,512,512,0,10,512,512,1,10,1024,6,128,512,-1,1,0,-1,7,87,7,2,1364233,105,0,7,7,48.0,44.0,53.2
s2b-r10,3,B,512,s2b-r10-194,512,512,0,10,512,512,1,10,1024,6,128,512,-1,1,0,-1,7,100,7,2,1573191,105,0,7,7,147.0,44.0,53.2
s2b-r10,3,B,512,s2b-r10-195,512,512,0,10,512,512,1,10,1024,6,128,512,-1,1,0,-1,7,103,7,2,1611322,105,0,7,7,45.0,44.0,53.2
s2b-r10,3,B,512,s2b-r10-196,512,512,0,10,512,512,1,10,1024,6,128,512,-1,1,0,-1,7,78,7,2,1230228,69,0,7,7,101.0,44.0,53.2
s2b-r10,3,B,512,s2b-r10-197,512,512,0,10,512,512,1,10,1024,6,128,512,-1,1,0,-1,7,102,7,2,1594822,102,0,7,7,52.0,44.0,53.2
s2b-r10,3,B,512,s2b-r10-198,512,512,0,10,512,512,1,10,1024,6,128,512,-1,1,0,-1,7,99,7,2,1551928,99,0,7,7,141.0,44.0,53.2
s2b-r10,3,B,512,s2b-r10-199,512,512,0,10,512,512,1,10,1024,6,128,512,-1,1,0,-1,7,94,7,2,1480982,94,0,7,7,78.0,44.0,53.2
s2b-r10,3,B,512,s2b-r10-200,512,512,0,10,512,512,1,10,1024,6,128,512,-1,1,0,-1,7,97,7,2,1527908,97,0,7,7,383.0,44.0,53.2
s2b-r10,3,B,512,s2b-r10-201,512,512,0,10,512,512,1,10,1024,6,128,512,-1,1,0,-1,7,109,7,2,1705000,109,0,7,7,46.0,44.0,53.2
s2b-r10,3,B,512,s2b-r10-202,512,512,0,10,512,512,1,10,1024,6,128,512,-1,1,0,-1,7,98,7,2,1543847,98,0,7,7,128.0,44.0,53.2
s2b-r10,3,B,512,s2b-r10-203,512,512,0,10,512,512,1,10,1024,6,128,512,-1,1,0,-1,7,103,7,2,1615479,103,0,7,7,47.0,44.0,53.2
s2b-r10,3,B,512,s2b-r10-204,512,512,0,10,512,512,1,10,1024,6,128,512,-1,1,0,-1,7,82,7,2,1282670,72,0,7,7,146.0,44.0,53.2
s2b-r10,3,B,512,s2b-r10-205,512,512,0,10,512,512,1,10,1024,6,128,512,-1,1,0,-1,7,104,7,2,1633097,104,0,7,7,47.0,44.0,53.2
s2b-r10,3,B,512,s2b-r10-206,512,512,0,10,512,512,1,10,1024,6,128,512,-1,1,0,-1,7,98,7,2,1536092,98,0,7,7,136.0,44.0,53.2
s2b-r10,3,B,512,s2b-r10-207,512,512,0,10,512,512,1,10,1024,6,128,512,-1,1,0,-1,7,97,7,2,1527101,97,0,7,7,47.0,44.0,53.2
s2b-r10,3,B,512,s2b-r10-208,512,512,0,10,512,512,1,10,1024,6,128,512,-1,1,0,-1,7,98,7,2,1540031,98,0,7,7,135.0,44.0,53.2
s2b-r10,3,B,512,s2b-r10-209,512,512,0,10,512,512,1,10,1024,6,128,512,-1,1,0,-1,7,102,7,2,1597254,102,0,7,7,48.0,44.0,53.2
s2b-r10,3,B,512,s2b-r10-210,512,512,0,10,512,512,1,10,1024,6,128,512,-1,1,0,-1,7,99,7,2,1561863,99,0,7,7,152.0,44.0,53.2
s2b-r10,3,B,512,s2b-r10-211,512,512,0,10,512,512,1,10,1024,6,128,512,-1,1,0,-1,7,101,7,2,1588385,101,0,7,7,52.0,44.0,53.2
s2b-r10,3,B,512,s2b-r10-212,512,512,0,10,512,512,1,10,1024,6,128,512,-1,1,0,-1,7,100,7,2,1566033,98,0,7,7,127.0,44.0,53.2
s2b-r10,3,B,512,s2b-r10-213,512,512,0,10,512,512,1,10,1024,6,128,512,-1,1,0,-1,7,101,7,2,1582643,101,0,7,7,47.0,44.0,53.2
s2b-r10,3,B,512,s2b-r10-214,512,512,0,10,512,512,1,10,1024,0,1,512,0,0,0,-1,7,80,0,0,1251272,98,0,0,0,104.0,44.0,53.2
s2b-r10,3,B,512,s2b-r10-215,512,512,0,10,512,512,1,10,1024,6,128,512,7,1,0,-1,0,151,7,0,2373167,151,0,7,7,67.0,44.0,53.2
s2b-r10,3,B,512,s2b-r10-216,512,512,0,10,512,512,1,10,1024,6,128,512,-1,1,0,-1,7,98,7,2,1533886,98,0,7,7,19.0,44.0,53.2
s2b-r10,3,B,512,s2b-r10-217,512,512,0,10,512,512,1,10,1024,0,1,512,0,0,0,-1,7,96,0,0,1513916,96,0,0,0,187.0,44.0,53.2
s2b-r10,3,B,512,s2b-r10-218,512,512,0,10,512,512,1,10,1024,6,64,512,6,1,0,-1,3,71,6,0,1119618,32,0,6,6,131.0,44.0,53.2
s2b-r10,3,B,512,s2b-r10-219,512,512,0,10,512,512,1,10,1024,6,64,512,-1,1,0,-1,6,103,6,2,1613819,103,0,6,6,17.0,44.0,53.2
s2b-r10,3,B,512,s2b-r10-220,512,512,0,10,512,512,1,10,1024,6,128,512,7,1,0,-1,6,99,7,0,1555853,103,0,7,7,77.0,44.0,53.2
s2b-r10,3,B,512,s2b-r10-221,512,512,0,10,512,512,1,10,1024,6,128,512,-1,1,0,-1,7,97,7,2,1516131,103,0,7,7,52.0,44.0,53.2
s2b-r10,3,B,512,s2b-r10-222,512,512,0,10,512,512,1,10,1024,6,128,512,-1,1,0,-1,7,98,7,2,1543560,103,0,7,7,159.0,44.0,53.2
s2b-r10,3,B,512,s2b-r10-223,512,512,0,10,512,512,1,10,1024,6,128,512,-1,1,0,-1,7,105,7,2,1647540,105,0,7,7,46.0,44.0,53.2
s2b-r10,3,B,512,s2b-r10-224,512,512,0,10,512,512,1,10,1024,6,128,512,-1,1,0,-1,7,99,7,2,1559878,98,0,7,7,145.0,44.0,53.2
s2b-r10,3,B,512,s2b-r10-225,512,512,0,10,512,512,1,10,1024,6,128,512,-1,1,0,-1,7,103,7,2,1622101,103,0,7,7,47.0,44.0,53.2
s2b-r10,3,B,512,s2b-r10-226,512,512,0,10,512,512,1,10,1024,6,128,512,-1,1,0,-1,7,87,7,2,1370162,98,0,7,7,47.0,44.0,53.2
s2b-r10,3,B,512,s2b-r10-227,512,512,0,10,512,512,1,10,1024,0,32,512,4,0,0,-1,7,98,5,0,1535549,98,0,5,5,207.0,44.0,53.2
s2b-r10,3,B,512,s2b-r10-228,512,512,0,10,512,512,1,10,1024,0,32,512,-1,0,0,-1,5,187,5,2,2928973,187,0,5,5,26.0,44.0,53.2
s2b-r10,3,B,512,s2b-r10-229,512,512,0,10,512,512,1,10,1024,0,32,512,-1,0,0,-1,5,151,5,2,2359492,187,0,5,5,20.0,44.0,53.2
s2b-r10,3,B,512,s2b-r10-230,512,512,0,10,512,512,1,10,1024,0,32,512,-1,0,0,-1,5,149,5,2,2338437,187,0,5,5,63.0,44.0,53.2
s2b-r10,3,B,512,s2b-r10-231,512,512,0,10,512,512,1,10,1024,0,32,512,-1,0,0,-1,5,159,5,2,2499193,187,0,5,5,46.0,44.0,53.2
s2b-r10,3,B,512,s2b-r10-232,512,512,0,10,512,512,1,10,1024,6,32,512,0,1,0,-1,5,159,5,0,2492393,187,1,5,5,52.0,44.0,53.2
s2b-r10,3,B,512,s2b-r10-233,512,512,0,10,512,512,1,10,1024,6,32,512,0,1,0,-1,5,122,5,0,1911179,122,1,5,5,83.0,44.0,53.2
s2b-r10,3,B,512,s2b-r10-234,512,512,0,10,512,512,1,10,1024,6,32,512,0,1,0,-1,5,158,5,0,2478779,158,1,5,5,28.0,44.0,53.2
s2b-r10,3,B,512,s2b-r10-235,512,512,0,10,512,512,1,10,1024,6,2,512,0,1,0,-1,5,153,1,0,2396067,158,1,1,1,29.0,44.0,53.2
s2b-r10,3,B,512,s2b-r10-236,512,512,0,10,512,512,1,10,1024,6,32,512,0,1,0,-1,1,161,5,0,2517164,161,1,5,5,27.0,44.0,53.2
s2b-r10,3,B,512,s2b-r10-237,512,512,0,10,512,512,1,10,1024,6,32,512,0,1,0,-1,5,150,5,0,2354006,150,1,5,5,51.0,44.0,53.2
s2b-r10,3,B,512,s2b-r10-238,512,512,0,10,512,512,1,10,1024,6,32,512,5,1,0,-1,5,155,5,0,2422059,151,1,5,5,84.0,44.0,53.2
s2b-r10,3,B,512,s2b-r10-239,512,512,0,10,512,512,1,10,1024,6,32,512,0,1,0,-1,5,152,5,0,2388953,150,1,5,5,22.0,44.0,53.2
s2b-r10,3,B,512,s2b-r10-240,512,512,0,10,512,512,1,10,1024,6,32,512,0,1,0,-1,5,120,5,0,1885283,119,1,5,5,52.0,44.0,53.2
s2b-r10,3,B,512,s2b-r10-241,512,512,0,10,512,512,1,10,1024,6,1,512,0,1,0,-1,5,148,0,0,2319589,148,1,0,0,78.0,44.0,53.2
s2b-r10,3,B,512,s2b-r10-242,512,512,0,10,512,512,1,10,1024,6,128,512,-1,1,0,-1,7,92,7,2,1447796,106,0,7,7,92.0,44.0,53.2
s2b-r10,3,B,512,s2b-r10-243,512,512,0,10,512,512,1,10,1024,6,128,512,-1,1,0,-1,7,104,7,2,1628870,106,0,7,7,204.0,44.0,53.2
s2b-r10,3,B,512,s2b-r10-244,512,512,0,10,512,512,1,10,1024,6,128,512,-1,1,0,-1,7,104,7,2,1625316,106,0,7,7,55.0,44.0,53.2
s2b-r10,3,B,512,s2b-r10-245,512,512,0,10,512,512,1,10,1024,6,128,512,-1,1,0,-1,7,99,7,2,1560760,99,0,7,7,65.0,44.0,53.2
s2b-r10,3,B,512,s2b-r10-246,512,512,0,10,512,512,1,10,1024,6,128,512,-1,1,0,-1,7,105,7,2,1655754,105,0,7,7,49.0,44.0,53.2
s2b-r10,3,B,512,s2b-r10-247,512,512,0,10,512,512,1,10,1024,6,128,512,-1,1,0,-1,7,81,7,2,1273294,99,0,7,7,138.0,44.0,53.2
s2b-r10,3,B,512,s2b-r10-248,512,512,0,10,512,512,1,10,1024,6,128,512,-1,1,0,-1,7,101,7,2,1582084,101,0,7,7,49.0,44.0,53.2
s2b-r10,3,B,512,s2b-r10-249,512,512,0,10,512,512,1,10,1024,6,128,512,-1,1,0,-1,7,75,7,2,1187310,75,0,7,7,87.0,44.0,53.2
s2b-r10,3,B,512,s2b-r10-250,512,512,0,10,512,512,1,10,1024,6,128,512,-1,1,0,-1,7,101,7,2,1578985,101,0,7,7,153.0,44.0,53.2
s2b-r10,3,B,512,s2b-r10-251,512,512,0,10,512,512,1,10,1024,6,128,512,-1,1,0,-1,7,103,7,2,1613595,103,0,7,7,50.0,44.0,53.2
s2b-r10,3,B,512,s2b-r10-252,512,512,0,10,512,512,1,10,1024,6,128,512,-1,1,0,-1,7,76,7,2,1192752,31,0,7,7,196.0,44.0,53.2
s2b-r10,3,B,512,s2b-r10-253,512,512,0,10,512,512,1,10,1024,6,128,512,-1,1,0,-1,7,104,7,2,1637213,104,0,7,7,51.0,44.0,53.2
s2b-r10,3,B,512,s2b-r10-254,512,512,0,10,512,512,1,10,1024,6,128,512,-1,1,0,-1,7,98,7,2,1541698,98,0,7,7,61.0,44.0,53.2
s2b-r10,3,B,512,s2b-r10-255,512,512,0,10,512,512,1,10,1024,6,128,512,-1,1,0,-1,7,67,7,2,1055045,56,0,7,7,148.0,44.0,53.2
s2b-r10,3,B,512,s2b-r10-256,512,512,0,10,512,512,1,10,1024,6,128,512,-1,1,0,-1,7,102,7,2,1596437,102,0,7,7,18.0,44.0,53.2
s2b-r10,3,B,512,s2b-r10-257,512,512,0,10,512,512,1,10,1024,6,128,512,-1,1,0,-1,7,99,7,2,1548577,102,0,7,7,125.0,44.0,53.2
s2b-r10,3,B,512,s2b-r10-258,512,512,0,10,512,512,1,10,1024,6,128,512,-1,1,0,-1,7,102,7,2,1594204,102,0,7,7,50.0,44.0,53.2
s2b-r10,3,B,512,s2b-r10-259,512,512,0,10,512,512,1,10,1024,6,128,512,-1,1,0,-1,7,98,7,2,1543976,102,0,7,7,71.0,44.0,53.2
s2b-r10,3,B,512,s2b-r10-260,512,512,0,10,512,512,1,10,1024,6,128,512,-1,1,0,-1,7,106,7,2,1665224,106,0,7,7,53.0,44.0,53.2
s2b-r10,3,B,512,s2b-r10-261,512,512,0,10,512,512,1,10,1024,6,128,512,-1,1,0,-1,7,101,7,2,1579557,98,0,7,7,148.0,44.0,53.2
s2b-r10,3,B,512,s2b-r10-262,512,512,0,10,512,512,1,10,1024,6,128,512,-1,1,0,-1,7,90,7,2,1412115,98,0,7,7,48.0,44.0,53.2
s2b-r10,3,B,512,s2b-r10-263,512,512,0,10,512,512,1,10,1024,6,128,512,-1,1,0,-1,7,99,7,2,1558350,99,0,7,7,254.0,44.0,53.2
s2b-r10,3,B,512,s2b-r10-264,512,512,0,10,512,512,1,10,1024,6,128,512,-1,1,0,-1,7,106,7,2,1661002,106,0,7,7,47.0,44.0,53.2
s2b-r10,3,B,512,s2b-r10-265,512,512,0,10,512,512,1,10,1024,6,128,512,-1,1,0,-1,7,99,7,2,1559808,99,0,7,7,161.0,44.0,53.2
s2b-r10,3,B,512,s2b-r10-266,512,512,0,10,512,512,1,10,1024,6,128,512,-1,1,0,-1,7,105,7,2,1648001,105,0,7,7,51.0,44.0,53.2
s2b-r10,3,B,512,s2b-r10-267,512,512,0,10,512,512,1,10,1024,6,128,512,-1,1,0,-1,7,82,7,2,1286229,99,0,7,7,263.0,44.0,53.2
s2b-r10,3,B,512,s2b-r10-268,512,512,0,10,512,512,1,10,1024,6,128,512,-1,1,0,-1,7,109,7,2,1706632,109,0,7,7,48.0,44.0,53.2
s2b-r10,3,B,512,s2b-r10-269,512,512,0,10,512,512,1,10,1024,6,128,512,-1,1,0,-1,7,97,7,2,1523084,97,0,7,7,125.0,44.0,53.2
s2b-r10,3,B,512,s2b-r10-270,512,512,0,10,512,512,1,10,1024,6,128,512,-1,1,0,-1,7,78,7,2,1224092,97,0,7,7,64.0,44.0,53.2
s2b-r10,3,B,512,s2b-r10-271,512,512,0,10,512,512,1,10,1024,6,128,512,-1,1,0,-1,7,102,7,2,1597414,102,0,7,7,89.0,44.0,53.2
s2b-r10,3,B,512,s2b-r10-272,512,512,0,10,512,512,1,10,1024,6,128,512,-1,1,0,-1,7,78,7,2,1230391,78,0,7,7,149.0,44.0,53.2
s2b-r10,3,B,512,s2b-r10-273,512,512,0,10,512,512,1,10,1024,6,128,512,-1,1,0,-1,7,110,7,2,1730372,110,0,7,7,55.0,44.0,53.2
s2b-r10,3,B,512,s2b-r10-274,512,512,0,10,512,512,1,10,1024,6,128,512,-1,1,0,-1,7,94,7,2,1479000,94,0,7,7,121.0,44.0,53.2
s2b-r10,3,B,512,s2b-r10-275,512,512,0,10,512,512,1,10,1024,6,128,512,-1,1,0,-1,7,103,7,2,1616609,103,0,7,7,48.0,44.0,53.2
s2b-r10,3,B,512,s2b-r10-276,512,512,0,10,512,512,1,10,1024,6,128,512,-1,1,0,-1,7,89,7,2,1394009,89,0,7,7,128.0,44.0,53.2
s2b-r10,3,B,512,s2b-r10-277,512,512,0,10,512,512,1,10,1024,6,128,512,-1,1,0,-1,7,104,7,2,1630426,104,0,7,7,48.0,44.0,53.2
s2b-r10,3,B,512,s2b-r10-278,512,512,0,10,512,512,1,10,1024,6,128,512,-1,1,0,-1,7,90,7,2,1407824,90,0,7,7,122.0,44.0,53.2
s2b-r10,3,B,512,s2b-r10-279,512,512,0,10,512,512,1,10,1024,6,128,512,-1,1,0,-1,7,104,7,2,1631310,104,0,7,7,48.0,44.0,53.2
s2b-r10,3,B,512,s2b-r10-280,512,512,0,10,512,512,1,10,1024,6,128,512,-1,1,0,-1,7,87,7,2,1362455,104,0,7,7,171.0,44.0,53.2
s2b-r10,3,B,512,s2b-r10-281,512,512,0,10,512,512,1,10,1024,6,128,512,-1,1,0,-1,7,109,7,2,1704328,109,0,7,7,54.0,44.0,53.2
s2b-r10,3,B,512,s2b-r10-282,512,512,0,10,512,512,1,10,1024,6,128,512,-1,1,0,-1,7,91,7,2,1434698,91,0,7,7,131.0,44.0,53.2
s2b-r10,3,B,512,s2b-r10-283,512,512,0,10,512,512,1,10,1024,6,128,512,-1,1,0,-1,7,100,7,2,1566456,100,0,7,7,49.0,44.0,53.2
s2b-r10,3,B,512,s2b-r10-284,512,512,0,10,512,512,1,10,1024,6,128,512,-1,1,0,-1,7,99,7,2,1551084,99,0,7,7,52.0,44.0,53.2
s2b-r10,3,B,512,s2b-r10-285,512,512,0,10,512,512,1,10,1024,6,128,512,-1,1,0,-1,7,97,7,2,1529655,97,0,7,7,180.0,44.0,53.2
s2b-r10,3,B,512,s2b-r10-286,512,512,0,10,512,512,1,10,1024,6,128,512,-1,1,0,-1,7,102,7,2,1609320,102,0,7,7,50.0,44.0,53.2
s2b-r10,3,B,512,s2b-r10-287,512,512,0,10,512,512,1,10,1024,6,128,512,-1,1,0,-1,7,93,7,2,1456245,93,0,7,7,201.0,44.0,53.2
s2b-r10,3,B,512,s2b-r10-288,512,512,0,10,512,512,1,10,1024,6,128,512,-1,1,0,-1,7,107,7,2,1673565,107,0,7,7,186.0,44.0,53.2
s2b-r10,3,B,512,s2b-r10-289,512,512,0,10,512,512,1,10,1024,6,128,512,-1,1,0,-1,7,101,7,2,1592254,101,0,7,7,110.0,44.0,53.2
s2b-r10,3,B,512,s2b-r10-290,512,512,0,10,512,512,1,10,1024,6,128,512,-1,1,0,-1,7,102,7,2,1605223,102,0,7,7,48.0,44.0,53.2
s2b-r10,3,B,512,s2b-r10-291,512,512,0,10,512,512,1,10,1024,6,128,512,-1,1,0,-1,7,100,7,2,1568681,97,0,7,7,147.0,44.0,53.2
s2b-r10,3,B,512,s2b-r10-292,512,512,0,10,512,512,1,10,1024,6,128,512,-1,1,0,-1,7,81,7,2,1278661,97,0,7,7,52.0,44.0,53.2
s2b-r10,3,B,512,s2b-r10-293,512,512,0,10,512,512,1,10,1024,6,128,512,-1,1,0,-1,7,100,7,2,1572128,100,0,7,7,58.0,44.0,53.2
s2b-r10,3,B,512,s2b-r10-294,512,512,0,10,512,512,1,10,1024,6,128,512,-1,1,0,-1,7,76,7,2,1194887,76,0,7,7,55.0,44.0,53.2
s2b-r10,3,B,512,s2b-r10-295,512,512,0,10,512,512,1,10,1024,6,128,512,-1,1,0,-1,7,101,7,2,1580491,101,0,7,7,155.0,44.0,53.2
s2b-r10,3,B,512,s2b-r10-296,512,512,0,10,512,512,1,10,1024,6,128,512,-1,1,0,-1,7,89,7,2,1402325,89,0,7,7,53.0,44.0,53.2
s2b-r10,3,B,512,s2b-r10-297,512,512,0,10,512,512,1,10,1024,6,128,512,-1,1,0,-1,7,101,7,2,1580078,101,0,7,7,120.0,44.0,53.2
s2b-r10,3,B,512,s2b-r10-298,512,512,0,10,512,512,1,10,1024,6,128,512,-1,1,0,-1,7,100,7,2,1567840,100,0,7,7,178.0,44.0,53.2
s2b-r10,3,B,512,s2b-r10-299,512,512,0,10,512,512,1,10,1024,6,128,512,-1,1,0,-1,7,80,7,2,1251436,100,0,7,7,53.0,44.0,53.2
s2b-r10,3,B,512,s2b-r10-300,512,512,0,10,512,512,1,10,1024,6,128,512,-1,1,0,-1,7,101,7,2,1588614,101,0,7,7,180.0,44.0,53.2
s2b-r10,3,B,512,s2b-r10-301,512,512,0,10,512,512,1,10,1024,6,128,512,-1,1,0,-1,7,114,7,2,1783039,114,0,7,7,48.0,44.0,53.2
s2b-r10,3,B,512,s2b-r10-302,512,512,0,10,512,512,1,10,1024,6,128,512,-1,1,0,-1,7,101,7,2,1586777,101,0,7,7,125.0,44.0,53.2
s2b-r10,3,B,512,s2b-r10-303,512,512,0,10,512,512,1,10,1024,6,128,512,-1,1,0,-1,7,100,7,2,1569697,101,0,7,7,53.0,44.0,53.2
s2b-r10,3,B,512,s2b-r10-304,512,512,0,10,512,512,1,10,1024,6,128,512,-1,1,0,-1,7,103,7,2,1612092,101,0,7,7,147.0,44.0,53.2
s2b-r10,3,B,512,s2b-r10-305,512,512,0,10,512,512,1,10,1024,6,128,512,-1,1,0,-1,7,103,7,2,1621867,103,0,7,7,53.0,44.0,53.2
s2b-r10,3,B,512,s2b-r10-306,512,512,0,10,512,512,1,10,1024,6,128,512,-1,1,0,-1,7,81,7,2,1275311,74,0,7,7,152.0,44.0,53.2
s2b-r10,3,B,512,s2b-r10-307,512,512,0,10,512,512,1,10,1024,6,128,512,-1,1,0,-1,7,105,7,2,1648101,105,0,7,7,52.0,44.0,53.2
s2b-r10,3,B,512,s2b-r10-308,512,512,0,10,512,512,1,10,1024,6,128,512,-1,1,0,-1,7,91,7,2,1429271,91,0,7,7,126.0,44.0,53.2
s2b-r10,3,B,512,s2b-r10-309,512,512,0,10,512,512,1,10,1024,6,128,512,-1,1,0,-1,7,104,7,2,1627025,104,0,7,7,49.0,44.0,53.2
s2b-r10,3,B,512,s2b-r10-310,512,512,0,10,512,512,1,10,1024,6,128,512,-1,1,0,-1,7,90,7,2,1415555,90,0,7,7,180.0,44.0,53.2
s2b-r10,3,B,512,s2b-r10-311,512,512,0,10,512,512,1,10,1024,6,128,512,-1,1,0,-1,7,102,7,2,1608904,102,0,7,7,57.0,44.0,53.2
s2b-r10,3,B,512,s2b-r10-312,512,512,0,10,512,512,1,10,1024,6,128,512,-1,1,0,-1,7,101,7,2,1585717,101,0,7,7,50.0,44.0,53.2
s2b-r10,3,B,512,s2b-r10-313,512,512,0,10,512,512,1,10,1024,6,128,512,-1,1,0,-1,7,98,7,2,1531820,98,0,7,7,150.0,44.0,53.2
s2b-r10,3,B,512,s2b-r10-314,512,512,0,10,512,512,1,10,1024,6,128,512,-1,1,0,-1,7,109,7,2,1712433,109,0,7,7,50.0,44.0,53.2
s2b-r10,3,B,512,s2b-r10-315,512,512,0,10,512,512,1,10,1024,6,128,512,-1,1,0,-1,7,102,7,2,1594591,109,0,7,7,148.0,44.0,53.2
s2b-r10,3,B,512,s2b-r10-316,512,512,0,10,512,512,1,10,1024,6,128,512,-1,1,0,-1,7,102,7,2,1607077,109,0,7,7,48.0,44.0,53.2
s2b-r10,3,B,512,s2b-r10-317,512,512,0,10,512,512,1,10,1024,6,128,512,-1,1,0,-1,7,95,7,2,1484526,109,0,7,7,119.0,44.0,53.2
s2b-r10,3,B,512,s2b-r10-318,512,512,0,10,512,512,1,10,1024,6,128,512,-1,1,0,-1,7,100,7,2,1574195,100,0,7,7,52.0,44.0,53.2
s2b-r10,3,B,512,s2b-r10-319,512,512,0,10,512,512,1,10,1024,6,128,512,-1,1,0,-1,7,98,7,2,1545275,100,0,7,7,326.0,44.0,53.2
s2b-r10,3,B,512,s2b-r10-320,512,512,0,10,512,512,1,10,1024,6,128,512,-1,1,0,-1,7,113,7,2,1776868,113,0,7,7,55.0,44.0,53.2
s2b-r10,3,B,512,s2b-r10-321,512,512,0,10,512,512,1,10,1024,6,128,512,-1,1,0,-1,7,101,7,2,1591566,100,0,7,7,156.0,44.0,53.2
s2b-r10,3,B,512,s2b-r10-322,512,512,0,10,512,512,1,10,1024,6,128,512,-1,1,0,-1,7,103,7,2,1612241,101,0,7,7,69.0,44.0,53.2
s2b-r10,3,B,512,s2b-r10-323,512,512,0,10,512,512,1,10,1024,6,128,512,-1,1,0,-1,7,102,7,2,1606506,98,0,7,7,160.0,44.0,53.2
s2b-r10,3,B,512,s2b-r10-324,512,512,0,10,512,512,1,10,1024,6,128,512,-1,1,0,-1,7,107,7,2,1682319,107,0,7,7,53.0,44.0,53.2
s2b-r10,3,B,512,s2b-r10-325,512,512,0,10,512,512,1,10,1024,6,128,512,-1,1,0,-1,7,82,7,2,1281436,98,0,7,7,188.0,44.0,53.2
s2b-r10,3,B,512,s2b-r10-326,512,512,0,10,512,512,1,10,1024,6,128,512,-1,1,0,-1,7,103,7,2,1620200,103,0,7,7,55.0,44.0,53.2
s2b-r10,3,B,512,s2b-r10-327,512,512,0,10,512,512,1,10,1024,0,2,512,0,0,0,-1,7,99,1,0,1554824,99,0,1,1,53.0,44.0,53.2
s2b-r10,3,B,512,s2b-r10-328,512,512,0,10,512,512,1,10,1024,6,128,512,7,1,0,-1,1,86,7,0,1346320,99,0,7,7,84.0,44.0,53.2
s2b-r10,3,B,512,s2b-r10-329,512,512,0,10,512,512,1,10,1024,6,128,512,-1,1,0,-1,7,106,7,2,1661871,106,0,7,7,18.0,44.0,53.2
s2b-r10,3,B,512,s2b-r10-330,512,512,0,10,512,512,1,10,1024,6,128,512,-1,1,0,-1,7,97,7,2,1527615,99,0,7,7,54.0,44.0,53.2
s2b-r10,3,B,512,s2b-r10-331,512,512,0,10,512,512,1,10,1024,0,8,512,0,0,0,-1,7,99,3,0,1558938,99,0,3,3,123.0,44.0,53.2
s2b-r10,3,B,512,s2b-r10-332,512,512,0,10,512,512,1,10,1024,6,128,512,7,1,0,-1,3,120,7,0,1877404,120,0,7,7,82.0,44.0,53.2
s2b-r10,3,B,512,s2b-r10-333,512,512,0,10,512,512,1,10,1024,6,128,512,-1,1,0,-1,7,101,7,2,1592962,101,0,7,7,18.0,44.0,53.2
s2b-r10,3,B,512,s2b-r10-334,512,512,0,10,512,512,1,10,1024,6,128,512,-1,1,0,-1,7,96,7,2,1513831,99,0,7,7,22.0,44.0,53.2
s2b-r10,3,B,512,s2b-r10-335,512,512,0,10,512,512,1,10,1024,0,16,512,1,0,0,-1,7,98,4,0,1537175,98,0,4,4,67.0,44.0,53.2
s2b-r10,3,B,512,s2b-r10-336,512,512,0,10,512,512,1,10,1024,6,64,512,6,1,0,-1,5,150,6,0,2344960,150,0,6,6,135.0,44.0,53.2
s2b-r10,3,B,512,s2b-r10-337,512,512,0,10,512,512,1,10,1024,6,64,512,-1,1,0,-1,6,110,6,2,1723843,104,0,6,6,52.0,44.0,53.2
s2b-r10,3,B,512,s2b-r10-338,512,512,0,10,512,512,1,10,1024,6,64,512,-1,1,0,-1,6,109,6,2,1716893,99,0,6,6,146.0,44.0,53.2
s2b-r10,3,B,512,s2b-r10-339,512,512,0,10,512,512,1,10,1024,6,64,512,-1,1,0,-1,6,111,6,2,1738353,103,0,6,6,47.0,44.0,53.2
s2b-r10,3,B,512,s2b-r10-340,512,512,0,10,512,512,1,10,1024,6,64,512,-1,1,0,-1,6,111,6,2,1735771,97,0,6,6,111.0,44.0,53.2
s2b-r10,3,B,512,s2b-r10-341,512,512,0,10,512,512,1,10,1024,6,64,512,-1,1,0,-1,6,102,6,2,1601995,102,0,6,6,47.0,44.0,53.2
s2b-r10,3,B,512,s2b-r10-342,512,512,0,10,512,512,1,10,1024,6,64,512,-1,1,0,-1,6,80,6,2,1252989,97,0,6,6,155.0,44.0,53.2
s2b-r10,3,B,512,s2b-r10-343,512,512,0,10,512,512,1,10,1024,6,64,512,-1,1,0,-1,6,103,6,2,1617975,103,0,6,6,57.0,44.0,53.2
s2b-r10,3,B,512,s2b-r10-344,512,512,0,10,512,512,1,10,1024,6,64,512,-1,1,0,-1,6,99,6,2,1547355,99,0,6,6,150.0,44.0,53.2
s2b-r10,3,B,512,s2b-r10-345,512,512,0,10,512,512,1,10,1024,6,64,512,-1,1,0,-1,6,101,6,2,1590554,101,0,6,6,49.0,44.0,53.2
s2b-r10,3,B,512,s2b-r10-346,512,512,0,10,512,512,1,10,1024,6,64,512,-1,1,0,-1,6,100,6,2,1572175,100,0,6,6,129.0,44.0,53.2
s2b-r10,3,B,512,s2b-r10-347,512,512,0,10,512,512,1,10,1024,6,64,512,-1,1,0,-1,6,102,6,2,1602829,102,0,6,6,47.0,44.0,53.2
s2b-r10,3,B,512,s2b-r10-348,512,512,0,10,512,512,1,10,1024,6,64,512,-1,1,0,-1,6,98,6,2,1539731,98,0,6,6,151.0,44.0,53.2
s2b-r10,3,B,512,s2b-r10-349,512,512,0,10,512,512,1,10,1024,0,1,512,0,0,0,-1,6,101,0,0,1590168,101,0,0,0,67.0,44.0,53.2
s2b-r10,3,B,512,s2b-r10-350,512,512,0,10,512,512,1,10,1024,0,2,512,1,0,0,-1,1,96,1,0,1511516,98,0,1,0,36.0,44.0,53.2
s2b-r10,3,B,512,s2b-r10-351,512,512,0,10,512,512,1,10,1024,6,64,512,-1,1,0,-1,6,167,6,2,2609933,177,0,6,6,18.0,44.0,53.2
s2b-r10,3,B,512,s2b-r10-352,512,512,0,10,512,512,1,10,1024,6,64,512,-1,1,0,-1,6,109,6,2,1708980,97,0,6,6,21.0,44.0,53.2
s2b-r10,3,B,512,s2b-r10-353,512,512,0,10,512,512,1,10,1024,6,64,512,-1,1,0,-1,6,108,6,2,1698409,98,0,6,6,21.0,44.0,53.2
s2b-r10,3,B,512,s2b-r10-354,512,512,0,10,512,512,1,10,1024,6,64,512,-1,1,0,-1,6,99,6,2,1556787,99,0,6,6,19.0,44.0,53.2
s2b-r10,3,B,512,s2b-r10-355,512,512,0,10,512,512,1,10,1024,6,64,512,-1,1,0,-1,6,79,6,2,1240495,97,0,6,6,49.0,44.0,53.2
s2b-r10,3,B,512,s2b-r10-356,512,512,0,10,512,512,1,10,1024,6,64,512,-1,1,0,-1,6,98,6,2,1536257,98,0,6,6,166.0,44.0,53.2
s2b-r10,3,B,512,s2b-r10-357,512,512,0,10,512,512,1,10,1024,6,64,512,-1,1,0,-1,6,102,6,2,1605526,102,0,6,6,52.0,44.0,53.2
s2b-r10,3,B,512,s2b-r10-358,512,512,0,10,512,512,1,10,1024,6,64,512,-1,1,0,-1,6,75,6,2,1179581,98,0,6,6,149.0,44.0,53.2
s2b-r10,3,B,512,s2b-r10-359,512,512,0,10,512,512,1,10,1024,6,64,512,-1,1,0,-1,6,103,6,2,1619037,103,0,6,6,52.0,44.0,53.2
s2b-r10,3,B,512,s2b-r10-360,512,512,0,10,512,512,1,10,1024,6,64,512,-1,1,0,-1,6,98,6,2,1535997,98,0,6,6,144.0,44.0,53.2
s2b-r10,3,B,512,s2b-r10-361,512,512,0,10,512,512,1,10,1024,6,64,512,-1,1,0,-1,6,86,6,2,1350849,98,0,6,6,49.0,44.0,53.2
s2b-r10,3,B,512,s2b-r10-362,512,512,0,10,512,512,1,10,1024,6,64,512,-1,1,0,-1,6,101,6,2,1584717,101,0,6,6,48.0,44.0,53.2
s2b-r10,3,B,512,s2b-r10-363,512,512,0,10,512,512,1,10,1024,6,64,512,-1,1,0,-1,6,97,6,2,1524525,98,0,6,6,153.0,44.0,53.2
s2b-r10,3,B,512,s2b-r10-364,512,512,0,10,512,512,1,10,1024,6,64,512,-1,1,0,-1,6,78,6,2,1219327,68,0,6,6,48.0,44.0,53.2
s2b-r10,3,B,512,s2b-r10-365,512,512,0,10,512,512,1,10,1024,6,64,512,-1,1,0,-1,6,100,6,2,1569829,100,0,6,6,48.0,44.0,53.2
s2b-r10,3,B,512,s2b-r10-366,512,512,0,10,512,512,1,10,1024,6,64,512,-1,1,0,-1,6,97,6,2,1522862,97,0,6,6,128.0,44.0,53.2
s2b-r10,3,B,512,s2b-r10-367,512,512,0,10,512,512,1,10,1024,0,2,512,0,0,0,-1,6,73,1,0,1156186,65,0,1,1,66.0,44.0,53.2
s2b-r10,3,B,512,s2b-r10-368,512,512,0,10,512,512,1,10,1024,0,2,512,-1,0,0,-1,1,159,1,2,2486725,159,0,1,1,25.0,44.0,53.2
s2b-r10,3,B,512,s2b-r10-369,512,512,0,10,512,512,1,10,1024,6,128,512,-1,1,0,-1,7,90,7,2,1418240,90,0,7,7,71.0,44.0,53.2
s2b-r10,3,B,512,s2b-r10-370,512,512,0,10,512,512,1,10,1024,6,128,512,-1,1,0,-1,7,100,7,2,1575375,100,0,7,7,67.0,44.0,53.2
s2b-r10,3,B,512,s2b-r10-371,512,512,0,10,512,512,1,10,1024,6,128,512,-1,1,0,-1,7,94,7,2,1477738,94,0,7,7,50.0,44.0,53.2
s2b-r10,3,B,512,s2b-r10-372,512,512,0,10,512,512,1,10,1024,6,128,512,-1,1,0,-1,7,99,7,2,1557508,99,0,7,7,152.0,44.0,53.2
s2b-r10,3,B,512,s2b-r10-373,512,512,0,10,512,512,1,10,1024,6,128,512,-1,1,0,-1,7,103,7,2,1618606,103,0,7,7,49.0,44.0,53.2
s2b-r10,3,B,512,s2b-r10-374,512,512,0,10,512,512,1,10,1024,6,128,512,-1,1,0,-1,7,79,7,2,1240184,70,0,7,7,131.0,44.0,53.2
s2b-r10,3,B,512,s2b-r10-375,512,512,0,10,512,512,1,10,1024,6,128,512,-1,1,0,-1,7,114,7,2,1794527,114,0,7,7,54.0,44.0,53.2
s2b-r10,3,B,512,s2b-r10-376,512,512,0,10,512,512,1,10,1024,6,128,512,-1,1,0,-1,7,80,7,2,1263708,80,0,7,7,146.0,44.0,53.2
s2b-r10,3,B,512,s2b-r10-377,512,512,0,10,512,512,1,10,1024,6,128,512,-1,1,0,-1,7,103,7,2,1621699,103,0,7,7,48.0,44.0,53.2
s2b-r10,3,B,512,s2b-r10-378,512,512,0,10,512,512,1,10,1024,6,128,512,-1,1,0,-1,7,85,7,2,1338424,85,0,7,7,128.0,44.0,53.2
s2b-r10,3,B,512,s2b-r10-379,512,512,0,10,512,512,1,10,1024,6,128,512,-1,1,0,-1,7,102,7,2,1605188,102,0,7,7,49.0,44.0,53.2
s2b-r10,3,B,512,s2b-r10-380,512,512,0,10,512,512,1,10,1024,6,128,512,-1,1,0,-1,7,91,7,2,1423528,91,0,7,7,198.0,44.0,53.2
s2b-r10,3,B,512,s2b-r10-381,512,512,0,10,512,512,1,10,1024,6,128,512,-1,1,0,-1,7,103,7,2,1620072,103,0,7,7,57.0,44.0,53.2
s2b-r10,3,B,512,s2b-r10-382,512,512,0,10,512,512,1,10,1024,6,128,512,-1,1,0,-1,7,101,7,2,1592573,103,0,7,7,170.0,44.0,53.2
s2b-r10,3,B,512,s2b-r10-383,512,512,0,10,512,512,1,10,1024,6,128,512,-1,1,0,-1,7,80,7,2,1254500,103,0,7,7,52.0,44.0,53.2
s2b-r10,3,B,512,s2b-r10-384,512,512,0,10,512,512,1,10,1024,6,128,512,-1,1,0,-1,7,101,7,2,1582679,103,0,7,7,108.0,44.0,53.2
s2b-r10,3,B,512,s2b-r10-385,512,512,0,10,512,512,1,10,1024,6,128,512,-1,1,0,-1,7,80,7,2,1255330,80,0,7,7,155.0,44.0,53.2
s2b-r10,3,B,512,s2b-r10-386,512,512,0,10,512,512,1,10,1024,6,128,512,-1,1,0,-1,7,104,7,2,1625723,104,0,7,7,54.0,44.0,53.2
s2b-r10,3,B,512,s2b-r10-387,512,512,0,10,512,512,1,10,1024,6,128,512,-1,1,0,-1,7,88,7,2,1375066,88,0,7,7,152.0,44.0,53.2
s2b-r10,3,B,512,s2b-r10-388,512,512,0,10,512,512,1,10,1024,6,128,512,-1,1,0,-1,7,109,7,2,1713697,109,0,7,7,51.0,44.0,53.2
s2b-r10,3,B,512,s2b-r10-389,512,512,0,10,512,512,1,10,1024,6,64,512,-1,1,0,-1,6,96,6,2,1504428,109,0,6,6,126.0,44.0,53.2
s2b-r10,3,B,512,s2b-r10-390,512,512,0,10,512,512,1,10,1024,6,64,512,-1,1,0,-1,6,101,6,2,1583493,109,0,6,6,54.0,44.0,53.2
s2b-r10,3,B,512,s2b-r10-391,512,512,0,10,512,512,1,10,1024,6,64,512,-1,1,0,-1,6,99,6,2,1554130,109,0,6,6,244.0,44.0,53.2
s2b-r10,3,B,512,s2b-r10-392,512,512,0,10,512,512,1,10,1024,6,64,512,-1,1,0,-1,6,109,6,2,1707129,109,0,6,6,49.0,44.0,53.2
s2b-r10,3,B,512,s2b-r10-393,512,512,0,10,512,512,1,10,1024,6,64,512,-1,1,0,-1,6,100,6,2,1572557,109,0,6,6,142.0,44.0,53.2
s2b-r10,3,B,512,s2b-r10-394,512,512,0,10,512,512,1,10,1024,6,64,512,-1,1,0,-1,6,107,6,2,1685778,109,0,6,6,47.0,44.0,53.2
s2b-r10,3,B,512,s2b-r10-395,512,512,0,10,512,512,1,10,1024,6,64,512,-1,1,0,-1,6,102,6,2,1602281,109,0,6,6,128.0,44.0,53.2
s2b-r10,3,B,512,s2b-r10-396,512,512,0,10,512,512,1,10,1024,6,64,512,-1,1,0,-1,6,102,6,2,1605499,109,0,6,6,52.0,44.0,53.2
s2b-r10,3,B,512,s2b-r10-397,512,512,0,10,512,512,1,10,1024,6,64,512,-1,1,0,-1,6,100,6,2,1575679,99,0,6,6,163.0,44.0,53.2
s2b-r10,3,B,512,s2b-r10-398,512,512,0,10,512,512,1,10,1024,6,64,512,-1,1,0,-1,6,104,6,2,1625057,104,0,6,6,47.0,44.0,53.2
s2b-r10,3,B,512,s2b-r10-399,512,512,0,10,512,512,1,10,1024,6,64,512,-1,1,0,-1,6,80,6,2,1263248,99,0,6,6,62.0,44.0,53.2
s2b-r10,3,B,512,s2b-r10-400,512,512,0,10,512,512,1,10,1024,6,64,512,-1,1,0,-1,6,102,6,2,1607659,102,0,6,6,52.0,44.0,53.2
s2b-r10,3,B,512,s2b-r10-401,512,512,0,10,512,512,1,10,1024,6,64,512,-1,1,0,-1,6,97,6,2,1518664,97,0,6,6,150.0,44.0,53.2
s2b-r10,3,B,512,s2b-r10-402,512,512,0,10,512,512,1,10,1024,6,64,512,-1,1,0,-1,6,75,6,2,1173386,97,0,6,6,49.0,44.0,53.2
s2b-r10,3,B,512,s2b-r10-403,512,512,0,10,512,512,1,10,1024,6,64,512,-1,1,0,-1,6,97,6,2,1526874,97,0,6,6,79.0,44.0,53.2
s2b-r10,3,B,512,s2b-r10-404,512,512,0,10,512,512,1,10,1024,0,16,512,0,0,0,-1,6,100,4,0,1567223,100,0,4,4,58.0,44.0,53.2
s2b-r10,3,B,512,s2b-r10-405,512,512,0,10,512,512,1,10,1024,6,128,512,6,1,0,-1,4,152,7,0,2378811,152,0,7,7,1945.0,44.0,53.2
s2b-r10,3,B,512,s2b-r10-406,512,512,0,10,512,512,1,10,1024,0,2,512,1,0,0,-1,7,110,1,0,1732314,110,0,1,1,101.0,44.0,53.2
s2b-r10,3,B,512,s2b-r10-407,512,512,0,10,512,512,1,10,1024,6,64,512,-1,1,0,-1,6,110,6,2,1732035,110,0,6,6,82.0,44.0,53.2
s2b-r10,3,B,512,s2b-r10-408,512,512,0,10,512,512,1,10,1024,6,64,512,-1,1,0,-1,6,110,6,2,1730025,110,0,6,6,141.0,44.0,53.2
s2b-r10,3,B,512,s2b-r10-409,512,512,0,10,512,512,1,10,1024,6,64,512,-1,1,0,-1,6,100,6,2,1576644,100,0,6,6,48.0,44.0,53.2
s2b-r10,3,B,512,s2b-r10-410,512,512,0,10,512,512,1,10,1024,6,64,512,-1,1,0,-1,6,101,6,2,1579095,101,0,6,6,151.0,44.0,53.2
s2b-r10,3,B,512,s2b-r10-411,512,512,0,10,512,512,1,10,1024,6,64,512,-1,1,0,-1,6,104,6,2,1627911,104,0,6,6,52.0,44.0,53.2
s2b-r10,3,B,512,s2b-r10-412,512,512,0,10,512,512,1,10,1024,6,64,512,-1,1,0,-1,6,81,6,2,1270806,100,0,6,6,148.0,44.0,53.2
s2b-r10,3,B,512,s2b-r10-413,512,512,0,10,512,512,1,10,1024,6,64,512,-1,1,0,-1,6,107,6,2,1672726,107,0,6,6,47.0,44.0,53.2
s2b-r10,3,B,512,s2b-r10-414,512,512,0,10,512,512,1,10,1024,6,64,512,-1,1,0,-1,6,79,6,2,1249398,107,0,6,6,137.0,44.0,53.2
s2b-r10,3,B,512,s2b-r10-415,512,512,0,10,512,512,1,10,1024,6,64,512,-1,1,0,-1,6,104,6,2,1631565,107,0,6,6,49.0,44.0,53.2
s2b-r10,3,B,512,s2b-r10-416,512,512,0,10,512,512,1,10,1024,6,64,512,-1,1,0,-1,6,86,6,2,1355761,86,0,6,6,129.0,44.0,53.2
s2b-r10,3,B,512,s2b-r10-417,512,512,0,10,512,512,1,10,1024,6,64,512,-1,1,0,-1,6,102,6,2,1598921,102,0,6,6,46.0,44.0,53.2
s2b-r10,3,B,512,s2b-r10-418,512,512,0,10,512,512,1,10,1024,6,64,512,-1,1,0,-1,6,86,6,2,1346562,86,0,6,6,132.0,44.0,53.2
s2b-r10,3,B,512,s2b-r10-419,512,512,0,10,512,512,1,10,1024,6,64,512,-1,1,0,-1,6,102,6,2,1595642,102,0,6,6,50.0,44.0,53.2
s2b-r10,3,B,512,s2b-r10-420,512,512,0,10,512,512,1,10,1024,6,64,512,-1,1,0,-1,6,85,6,2,1329730,85,0,6,6,195.0,44.0,53.2
s2b-r10,3,B,512,s2b-r10-421,512,512,0,10,512,512,1,10,1024,6,64,512,-1,1,0,-1,6,103,6,2,1623243,103,0,6,6,69.0,44.0,53.2
s2b-r10,3,B,512,s2b-r10-422,512,512,0,10,512,512,1,10,1024,6,64,512,-1,1,0,-1,6,99,6,2,1558046,99,0,6,6,154.0,44.0,53.2
s2b-r10,3,B,512,s2b-r10-423,512,512,0,10,512,512,1,10,1024,6,64,512,-1,1,0,-1,6,79,6,2,1238478,60,0,6,6,52.0,44.0,53.2
s2b-r10,3,B,512,s2b-r10-424,512,512,0,10,512,512,1,10,1024,6,64,512,-1,1,0,-1,6,98,6,2,1544304,98,0,6,6,174.0,44.0,53.2
s2b-r10,3,B,512,s2b-r10-425,512,512,0,10,512,512,1,10,1024,6,64,512,-1,1,0,-1,6,107,6,2,1679290,107,0,6,6,51.0,44.0,53.2
s2b-r10,3,B,512,s2b-r10-426,512,512,0,10,512,512,1,10,1024,6,64,512,-1,1,0,-1,6,98,6,2,1546306,98,0,6,6,162.0,44.0,53.2
s2b-r10,3,B,512,s2b-r10-427,512,512,0,10,512,512,1,10,1024,6,64,512,-1,1,0,-1,6,108,6,2,1695335,108,0,6,6,46.0,44.0,53.2
s2b-r10,3,B,512,s2b-r10-428,512,512,0,10,512,512,1,10,1024,6,64,512,-1,1,0,-1,6,102,6,2,1605948,100,0,6,6,132.0,44.0,53.2
s2b-r10,3,B,512,s2b-r10-429,512,512,0,10,512,512,1,10,1024,6,64,512,-1,1,0,-1,6,103,6,2,1615544,101,0,6,6,50.0,44.0,53.2
s2b-r10,3,B,512,s2b-r10-430,512,512,0,10,512,512,1,10,1024,6,64,512,-1,1,0,-1,6,92,6,2,1450287,100,0,6,6,126.0,44.0,53.2
s2b-r10,3,B,512,s2b-r10-431,512,512,0,10,512,512,1,10,1024,6,64,512,-1,1,0,-1,6,103,6,2,1612236,103,0,6,6,50.0,44.0,53.2
s2b-r10,3,B,512,s2b-r10-432,512,512,0,10,512,512,1,10,1024,6,64,512,-1,1,0,-1,6,98,6,2,1545053,98,0,6,6,171.0,44.0,53.2
s2b-r10,3,B,512,s2b-r10-433,512,512,0,10,512,512,1,10,1024,6,64,512,-1,1,0,-1,6,102,6,2,1601176,102,0,6,6,52.0,44.0,53.2
s2b-r10,3,B,512,s2b-r10-434,512,512,0,10,512,512,1,10,1024,6,64,512,-1,1,0,-1,6,81,6,2,1273192,98,0,6,6,163.0,44.0,53.2
s2b-r10,3,B,512,s2b-r10-435,512,512,0,10,512,512,1,10,1024,6,64,512,-1,1,0,-1,6,105,6,2,1644241,105,0,6,6,58.0,44.0,53.2
s2b-r10,3,B,512,s2b-r10-436,512,512,0,10,512,512,1,10,1024,6,64,512,-1,1,0,-1,6,100,6,2,1566439,100,0,6,6,164.0,44.0,53.2
s2b-r10,3,B,512,s2b-r10-437,512,512,0,10,512,512,1,10,1024,6,64,512,-1,1,0,-1,6,97,6,2,1522603,100,0,6,6,48.0,44.0,53.2
s2b-r10,3,B,512,s2b-r10-438,512,512,0,10,512,512,1,10,1024,6,64,512,-1,1,0,-1,6,98,6,2,1537061,100,0,6,6,52.0,44.0,53.2
s2b-r10,3,B,512,s2b-r10-439,512,512,0,10,512,512,1,10,1024,6,64,512,-1,1,0,-1,6,65,6,2,1021401,65,0,6,6,34.0,44.0,53.2
s2b-r10,3,B,512,s2b-r10-440,512,512,0,10,512,512,1,10,1024,6,64,512,-1,1,0,-1,6,98,6,2,1533723,98,0,6,6,20.0,44.0,53.2
s2b-r10,3,B,512,s2b-r10-441,512,512,0,10,512,512,1,10,1024,6,64,512,-1,1,0,-1,6,99,6,2,1555584,99,0,6,6,46.0,44.0,53.2
s2b-r10,3,B,512,s2b-r10-442,512,512,0,10,512,512,1,10,1024,6,64,512,-1,1,0,-1,6,98,6,2,1535435,98,0,6,6,139.0,44.0,53.2
s2b-r10,3,B,512,s2b-r10-443,512,512,0,10,512,512,1,10,1024,6,64,512,-1,1,0,-1,6,85,6,2,1335700,85,0,6,6,49.0,44.0,53.2
s2b-r10,3,B,512,s2b-r10-444,512,512,0,10,512,512,1,10,1024,0,32,512,4,0,0,-1,6,98,6,0,1536420,98,0,6,6,90.0,44.0,53.2
s2b-r10,3,B,512,s2b-r10-445,512,512,0,10,512,512,1,10,1024,0,16,512,1,0,0,-1,6,81,4,0,1274904,85,0,4,4,154.0,44.0,53.2
s2b-r10,3,B,512,s2b-r10-446,512,512,0,10,512,512,1,10,1024,6,64,512,6,1,0,-1,5,258,6,0,4045498,258,0,6,6,79.0,44.0,53.2
s2b-r10,3,B,512,s2b-r10-447,512,512,0,10,512,512,1,10,1024,0,4,512,0,0,0,-1,6,113,2,0,1774205,106,0,2,2,59.0,44.0,53.2
s2b-r10,3,B,512,s2b-r10-448,512,512,0,10,512,512,1,10,1024,0,4,512,-1,0,0,-1,2,152,2,2,2384437,258,0,2,2,36.0,44.0,53.2
s2b-r10,3,B,512,s2b-r10-449,512,512,0,10,512,512,1,10,1024,6,128,512,7,1,0,-1,2,150,7,0,2357107,152,0,7,7,107.0,44.0,53.2
s2b-r10,3,B,512,s2b-r10-450,512,512,0,10,512,512,1,10,1024,6,64,512,6,1,0,-1,7,154,6,0,2406651,106,0,6,6,55.0,44.0,53.2
s2b-r10,3,B,512,s2b-r10-451,512,512,0,10,512,512,1,10,1024,6,64,512,-1,1,0,-1,6,122,6,2,1914941,106,0,6,6,33.0,44.0,53.2
s2b-r10,3,B,512,s2b-r10-452,512,512,0,10,512,512,1,10,1024,6,64,512,-1,1,0,-1,6,122,6,2,1911720,105,0,6,6,53.0,44.0,53.2
s2b-r10,3,B,512,s2b-r10-453,512,512,0,10,512,512,1,10,1024,6,64,512,-1,1,0,-1,6,82,6,2,1283080,105,0,6,6,50.0,44.0,53.2
s2b-r10,3,B,512,s2b-r10-454,512,512,0,10,512,512,1,10,1024,6,64,512,-1,1,0,-1,6,96,6,2,1514492,105,0,6,6,129.0,44.0,53.2
s2b-r10,3,B,512,s2b-r10-455,512,512,0,10,512,512,1,10,1024,6,64,512,-1,1,0,-1,6,101,6,2,1580851,105,0,6,6,50.0,44.0,53.2
s2b-r10,3,B,512,s2b-r10-456,512,512,0,10,512,512,1,10,1024,6,64,512,-1,1,0,-1,6,75,6,2,1175452,62,0,6,6,143.0,44.0,53.2
s2b-r10,3,B,512,s2b-r10-457,512,512,0,10,512,512,1,10,1024,6,64,512,-1,1,0,-1,6,102,6,2,1605784,102,0,6,6,49.0,44.0,53.2
s2b-r10,3,B,512,s2b-r10-458,512,512,0,10,512,512,1,10,1024,6,64,512,-1,1,0,-1,6,98,6,2,1541926,98,0,6,6,146.0,44.0,53.2
s2b-r10,3,B,512,s2b-r10-459,512,512,0,10,512,512,1,10,1024,6,64,512,-1,1,0,-1,6,94,6,2,1480748,94,0,6,6,55.0,44.0,53.2
s2b-r10,3,B,512,s2b-r10-460,512,512,0,10,512,512,1,10,1024,6,64,512,-1,1,0,-1,6,100,6,2,1571412,100,0,6,6,215.0,44.0,53.2
s2b-r10,3,B,512,s2b-r10-461,512,512,0,10,512,512,1,10,1024,6,64,512,-1,1,0,-1,6,102,6,2,1609000,102,0,6,6,47.0,44.0,53.2
s2b-r10,3,B,512,s2b-r10-462,512,512,0,10,512,512,1,10,1024,6,64,512,-1,1,0,-1,6,97,6,2,1530334,97,0,6,6,127.0,44.0,53.2
s2b-r10,3,B,512,s2b-r10-463,512,512,0,10,512,512,1,10,1024,6,64,512,-1,1,0,-1,6,104,6,2,1625102,104,0,6,6,47.0,44.0,53.2
s2b-r10,3,B,512,s2b-r10-464,512,512,0,10,512,512,1,10,1024,6,64,512,-1,1,0,-1,6,81,6,2,1265640,80,0,6,6,153.0,44.0,53.2
s2b-r10,3,B,512,s2b-r10-465,512,512,0,10,512,512,1,10,1024,6,64,512,-1,1,0,-1,6,107,6,2,1676279,107,0,6,6,52.0,44.0,53.2
s2b-r10,3,B,512,s2b-r10-466,512,512,0,10,512,512,1,10,1024,6,64,512,-1,1,0,-1,6,99,6,2,1552895,99,0,6,6,55.0,44.0,53.2
s2b-r10,3,B,512,s2b-r10-467,512,512,0,10,512,512,1,10,1024,6,64,512,-1,1,0,-1,6,65,6,2,1024049,55,0,6,6,49.0,44.0,53.2
s2b-r10,3,B,512,s2b-r10-468,512,512,0,10,512,512,1,10,1024,6,64,512,-1,1,0,-1,6,97,6,2,1529719,97,0,6,6,133.0,44.0,53.2
s2b-r10,3,B,512,s2b-r10-469,512,512,0,10,512,512,1,10,1024,6,64,512,-1,1,0,-1,6,102,6,2,1594888,102,0,6,6,47.0,44.0,53.2
s2b-r10,3,B,512,s2b-r10-470,512,512,0,10,512,512,1,10,1024,6,64,512,-1,1,0,-1,6,70,6,2,1103840,55,0,6,6,146.0,44.0,53.2
s2b-r10,3,B,512,s2b-r10-471,512,512,0,10,512,512,1,10,1024,6,64,512,-1,1,0,-1,6,102,6,2,1599178,102,0,6,6,49.0,44.0,53.2
s2b-r10,3,B,512,s2b-r10-472,512,512,0,10,512,512,1,10,1024,6,64,512,-1,1,0,-1,6,95,6,2,1495119,102,0,6,6,49.0,44.0,53.2
s2b-r10,3,B,512,s2b-r10-473,512,512,0,10,512,512,1,10,1024,6,64,512,-1,1,0,-1,6,103,6,2,1611529,103,0,6,6,187.0,44.0,53.2
s2b-r10,3,B,512,s2b-r10-474,512,512,0,10,512,512,1,10,1024,6,64,512,-1,1,0,-1,6,105,6,2,1649723,105,0,6,6,49.0,44.0,53.2
s2b-r10,3,B,512,s2b-r10-475,512,512,0,10,512,512,1,10,1024,6,64,512,-1,1,0,-1,6,80,6,2,1260960,71,0,6,6,58.0,44.0,53.2
s2b-r10,3,B,512,s2b-r10-476,512,512,0,10,512,512,1,10,1024,6,64,512,-1,1,0,-1,6,101,6,2,1585729,101,0,6,6,52.0,44.0,53.2
s2b-r10,3,B,512,s2b-r10-477,512,512,0,10,512,512,1,10,1024,6,64,512,-1,1,0,-1,6,73,6,2,1153647,73,0,6,6,164.0,44.0,53.2
s2b-r10,3,B,512,s2b-r10-478,512,512,0,10,512,512,1,10,1024,6,64,512,-1,1,0,-1,6,103,6,2,1622103,103,0,6,6,53.0,44.0,53.2
s2b-r10,3,B,512,s2b-r10-479,512,512,0,10,512,512,1,10,1024,6,64,512,-1,1,0,-1,6,98,6,2,1534902,103,0,6,6,145.0,44.0,53.2
s2b-r10,3,B,512,s2b-r10-480,512,512,0,10,512,512,1,10,1024,6,64,512,-1,1,0,-1,6,86,6,2,1350218,103,0,6,6,49.0,44.0,53.2
s2b-r10,3,B,512,s2b-r10-481,512,512,0,10,512,512,1,10,1024,6,64,512,-1,1,0,-1,6,97,6,2,1531211,103,0,6,6,48.0,44.0,53.2
s2b-r10,3,B,512,s2b-r10-482,512,512,0,10,512,512,1,10,1024,0,2,512,1,0,0,-1,6,73,6,0,1141448,73,0,6,6,126.0,44.0,53.2
s2b-r10,3,B,512,s2b-r10-483,512,512,0,10,512,512,1,10,1024,6,64,512,-1,1,0,-1,6,102,6,2,1602338,102,0,6,6,45.0,44.0,53.2
s2b-r10,3,B,512,s2b-r10-484,512,512,0,10,512,512,1,10,1024,0,2,512,0,0,0,-1,6,85,1,0,1328598,85,0,1,1,64.0,44.0,53.2
s2b-r10,3,B,512,s2b-r10-485,512,512,0,10,512,512,1,10,1024,0,2,512,-1,0,0,-1,1,172,1,2,2698404,172,0,1,1,17.0,44.0,53.2
s2b-r10,3,B,512,s2b-r10-486,512,512,0,10,512,512,1,10,1024,0,16,512,-1,0,0,-1,4,97,4,2,1521286,97,0,4,4,24.0,44.0,53.2
s2b-r10,3,B,512,s2b-r10-487,512,512,0,10,512,512,1,10,1024,6,64,512,6,1,0,-1,4,150,6,0,2348913,172,0,6,6,1868.0,44.0,53.2
s2b-r10,3,B,512,s2b-r10-488,512,512,0,10,512,512,1,10,1024,6,64,512,-1,1,0,-1,6,113,6,2,1767043,113,0,6,6,57.0,44.0,53.2
s2b-r10,3,B,512,s2b-r10-489,512,512,0,10,512,512,1,10,1024,6,64,512,-1,1,0,-1,6,101,6,2,1579863,113,0,6,6,54.0,44.0,53.2
s2b-r10,3,B,512,s2b-r10-490,512,512,0,10,512,512,1,10,1024,6,64,512,-1,1,0,-1,6,98,6,2,1537671,113,0,6,6,59.0,44.0,53.2
s2b-r10,3,B,512,s2b-r10-491,512,512,0,10,512,512,1,10,1024,6,64,512,-1,1,0,-1,6,83,6,2,1302230,113,0,6,6,133.0,44.0,53.2
s2b-r10,3,B,512,s2b-r10-492,512,512,0,10,512,512,1,10,1024,6,64,512,-1,1,0,-1,6,102,6,2,1606937,102,0,6,6,52.0,44.0,53.2
s2b-r10,3,B,512,s2b-r10-493,512,512,0,10,512,512,1,10,1024,6,64,512,-1,1,0,-1,6,99,6,2,1547259,102,0,6,6,301.0,44.0,53.2
s2b-r10,3,B,512,s2b-r10-494,512,512,0,10,512,512,1,10,1024,6,64,512,-1,1,0,-1,6,100,6,2,1572126,102,0,6,6,49.0,44.0,53.2
s2b-r10,3,B,512,s2b-r10-495,512,512,0,10,512,512,1,10,1024,6,64,512,-1,1,0,-1,6,98,6,2,1539081,102,0,6,6,122.0,44.0,53.2
s2b-r10,3,B,512,s2b-r10-496,512,512,0,10,512,512,1,10,1024,6,64,512,-1,1,0,-1,6,100,6,2,1571840,100,0,6,6,47.0,44.0,53.2
s2b-r10,3,B,512,s2b-r10-497,512,512,0,10,512,512,1,10,1024,6,64,512,-1,1,0,-1,6,97,6,2,1523004,100,0,6,6,171.0,44.0,53.2
s2b-r10,3,B,512,s2b-r10-498,512,512,0,10,512,512,1,10,1024,6,64,512,-1,1,0,-1,6,104,6,2,1633457,104,0,6,6,47.0,44.0,53.2
s2b-r10,3,B,512,s2b-r10-499,512,512,0,10,512,512,1,10,1024,6,64,512,-1,1,0,-1,6,99,6,2,1557643,100,0,6,6,122.0,44.0,53.2
s2b-r10,3,B,512,s2b-r10-500,512,512,0,10,512,512,1,10,1024,6,64,512,-1,1,0,-1,6,101,6,2,1585430,101,0,6,6,49.0,44.0,53.2
s2b-r10,3,B,512,s2b-r10-501,512,512,0,10,512,512,1,10,1024,6,64,512,-1,1,0,-1,6,80,6,2,1256286,66,0,6,6,158.0,44.0,53.2
s2b-r10,3,B,512,s2b-r10-502,512,512,0,10,512,512,1,10,1024,6,64,512,-1,1,0,-1,6,103,6,2,1620549,103,0,6,6,54.0,44.0,53.2
s2b-r10,3,B,512,s2b-r10-503,512,512,0,10,512,512,1,10,1024,6,64,512,-1,1,0,-1,6,100,6,2,1566552,100,0,6,6,236.0,44.0,53.2
s2b-r10,3,B,512,s2b-r10-504,512,512,0,10,512,512,1,10,1024,6,64,512,-1,1,0,-1,6,110,6,2,1723446,110,0,6,6,47.0,44.0,53.2
s2b-r10,3,B,512,s2b-r10-505,512,512,0,10,512,512,1,10,1024,6,64,512,-1,1,0,-1,6,99,6,2,1553431,99,0,6,6,150.0,44.0,53.2
s2b-r10,3,B,512,s2b-r10-506,512,512,0,10,512,512,1,10,1024,6,64,512,-1,1,0,-1,6,105,6,2,1649558,105,0,6,6,50.0,44.0,53.2
s2b-r10,3,B,512,s2b-r10-507,512,512,0,10,512,512,1,10,1024,6,64,512,-1,1,0,-1,6,103,6,2,1610334,99,0,6,6,146.0,44.0,53.2
s2b-r10,3,B,512,s2b-r10-508,512,512,0,10,512,512,1,10,1024,6,64,512,-1,1,0,-1,6,104,6,2,1639431,104,0,6,6,46.0,44.0,53.2
s2b-r10,3,B,512,s2b-r10-509,512,512,0,10,512,512,1,10,1024,6,64,512,-1,1,0,-1,6,101,6,2,1590842,99,0,6,6,108.0,44.0,53.2
s2b-r10,3,B,512,s2b-r10-510,512,512,0,10,512,512,1,10,1024,6,64,512,-1,1,0,-1,6,102,6,2,1601629,102,0,6,6,55.0,44.0,53.2
s2b-r10,3,B,512,s2b-r10-511,512,512,0,10,512,512,1,10,1024,6,64,512,-1,1,0,-1,6,81,6,2,1277655,102,0,6,6,188.0,44.0,53.2
s2b-r10,3,B,512,s2b-r10-512,512,512,0,10,512,512,1,10,1024,6,64,512,-1,1,0,-1,6,105,6,2,1651393,105,0,6,6,55.0,44.0,53.2
s2b-r10,3,B,512,s2b-r10-513,512,512,0,10,512,512,1,10,1024,6,64,512,-1,1,0,-1,6,99,6,2,1546995,102,0,6,6,143.0,44.0,53.2
s2b-r10,3,B,512,s2b-r10-514,512,512,0,10,512,512,1,10,1024,6,64,512,-1,1,0,-1,6,108,6,2,1695483,108,0,6,6,53.0,44.0,53.2
s2b-r10,3,B,512,s2b-r10-515,512,512,0,10,512,512,1,10,1024,6,64,512,-1,1,0,-1,6,100,6,2,1570497,100,0,6,6,52.0,44.0,53.2
s2b-r10,3,B,512,s2b-r10-516,512,512,0,10,512,512,1,10,1024,6,64,512,-1,1,0,-1,6,98,6,2,1541136,98,0,6,6,133.0,44.0,53.2
s2b-r10,3,B,512,s2b-r10-517,512,512,0,10,512,512,1,10,1024,6,64,512,-1,1,0,-1,6,82,6,2,1283834,79,0,6,6,49.0,44.0,53.2
s2b-r10,3,B,512,s2b-r10-518,512,512,0,10,512,512,1,10,1024,6,64,512,-1,1,0,-1,6,108,6,2,1701538,108,0,6,6,58.0,44.0,53.2
s2b-r10,3,B,512,s2b-r10-519,512,512,0,10,512,512,1,10,1024,6,64,512,-1,1,0,-1,6,81,6,2,1276302,81,0,6,6,50.0,44.0,53.2
s2b-r10,3,B,512,s2b-r10-520,512,512,0,10,512,512,1,10,1024,6,64,512,-1,1,0,-1,6,100,6,2,1569112,100,0,6,6,169.0,44.0,53.2
s2b-r10,3,B,512,s2b-r10-521,512,512,0,10,512,512,1,10,1024,6,64,512,-1,1,0,-1,6,103,6,2,1610758,103,0,6,6,48.0,44.0,53.2
s2b-r10,3,B,512,s2b-r10-522,512,512,0,10,512,512,1,10,1024,6,64,512,-1,1,0,-1,6,97,6,2,1525075,97,0,6,6,71.0,44.0,53.2
s2b-r10,3,B,512,s2b-r10-523,512,512,0,10,512,512,1,10,1024,6,64,512,-1,1,0,-1,6,78,6,2,1227627,78,0,6,6,48.0,44.0,53.2
s2b-r10,3,B,512,s2b-r10-524,512,512,0,10,512,512,1,10,1024,6,64,512,-1,1,0,-1,6,98,6,2,1541686,98,0,6,6,172.0,44.0,53.2
s2b-r10,3,B,512,s2b-r10-525,512,512,0,10,512,512,1,10,1024,6,64,512,-1,1,0,-1,6,109,6,2,1717153,109,0,6,6,57.0,44.0,53.2
s2b-r10,3,B,512,s2b-r10-526,512,512,0,10,512,512,1,10,1024,6,64,512,-1,1,0,-1,6,101,6,2,1579875,101,0,6,6,201.0,44.0,53.2
s2b-r10,3,B,512,s2b-r10-527,512,512,0,10,512,512,1,10,1024,6,64,512,-1,1,0,-1,6,106,6,2,1663124,106,0,6,6,48.0,44.0,53.2
s2b-r10,3,B,512,s2b-r10-528,512,512,0,10,512,512,1,10,1024,6,64,512,-1,1,0,-1,6,84,6,2,1318673,48,0,6,6,141.0,44.0,53.2
s2b-r10,3,B,512,s2b-r10-529,512,512,0,10,512,512,1,10,1024,6,64,512,-1,1,0,-1,6,103,6,2,1615449,103,0,6,6,50.0,44.0,53.2
s2b-r10,3,B,512,s2b-r10-530,512,512,0,10,512,512,1,10,1024,6,64,512,-1,1,0,-1,6,100,6,2,1564247,100,0,6,6,151.0,44.0,53.2
s2b-r10,3,B,512,s2b-r10-531,512,512,0,10,512,512,1,10,1024,6,64,512,-1,1,0,-1,6,95,6,2,1488303,95,0,6,6,49.0,44.0,53.2
s2b-r10,3,B,512,s2b-r10-532,512,512,0,10,512,512,1,10,1024,6,64,512,-1,1,0,-1,6,99,6,2,1551033,99,0,6,6,288.0,44.0,53.2
s2b-r10,3,B,512,s2b-r10-533,512,512,0,10,512,512,1,10,1024,6,64,512,-1,1,0,-1,6,105,6,2,1651897,105,0,6,6,46.0,44.0,53.2
s2b-r10,3,B,512,s2b-r10-534,512,512,0,10,512,512,1,10,1024,6,64,512,-1,1,0,-1,6,100,6,2,1576324,100,0,6,6,139.0,44.0,53.2
s2b-r10,3,B,512,s2b-r10-535,512,512,0,10,512,512,1,10,1024,6,64,512,-1,1,0,-1,6,102,6,2,1600165,102,0,6,6,46.0,44.0,53.2
s2b-r10,3,B,512,s2b-r10-536,512,512,0,10,512,512,1,10,1024,6,64,512,-1,1,0,-1,6,81,6,2,1270015,70,0,6,6,115.0,44.0,53.2
s2b-r10,3,B,512,s2b-r10-537,512,512,0,10,512,512,1,10,1024,6,64,512,-1,1,0,-1,6,100,6,2,1575355,100,0,6,6,53.0,44.0,53.2
s2b-r10,3,B,512,s2b-r10-538,512,512,0,10,512,512,1,10,1024,6,64,512,-1,1,0,-1,6,98,6,2,1543003,98,0,6,6,160.0,44.0,53.2
s2b-r10,3,B,512,s2b-r10-539,512,512,0,10,512,512,1,10,1024,6,64,512,-1,1,0,-1,6,96,6,2,1503711,96,0,6,6,52.0,44.0,53.2
s2b-r10,3,B,512,s2b-r10-540,512,512,0,10,512,512,1,10,1024,6,64,512,-1,1,0,-1,6,101,6,2,1580685,101,0,6,6,169.0,44.0,53.2
s2b-r10,3,B,512,s2b-r10-541,512,512,0,10,512,512,1,10,1024,6,64,512,-1,1,0,-1,6,87,6,2,1370774,101,0,6,6,47.0,44.0,53.2
s2b-r10,3,B,512,s2b-r10-542,512,512,0,10,512,512,1,10,1024,6,64,512,-1,1,0,-1,6,128,6,2,2010995,128,0,6,6,130.0,44.0,53.2
s2b-r10,3,B,512,s2b-r10-543,512,512,0,10,512,512,1,10,1024,6,64,512,-1,1,0,-1,6,102,6,2,1604169,102,0,6,6,49.0,44.0,53.2
s2b-r10,3,B,512,s2b-r10-544,512,512,0,10,512,512,1,10,1024,6,64,512,-1,1,0,-1,6,84,6,2,1314188,80,0,6,6,148.0,44.0,53.2
s2b-r10,3,B,512,s2b-r10-545,512,512,0,10,512,512,1,10,1024,6,64,512,-1,1,0,-1,6,101,6,2,1591261,101,0,6,6,53.0,44.0,53.2
s2b-r10,3,B,512,s2b-r10-546,512,512,0,10,512,512,1,10,1024,6,64,512,-1,1,0,-1,6,101,6,2,1587245,101,0,6,6,199.0,44.0,53.2
s2b-r10,3,B,512,s2b-r10-547,512,512,0,10,512,512,1,10,1024,6,64,512,-1,1,0,-1,6,103,6,2,1618970,103,0,6,6,46.0,44.0,53.2
s2b-r10,3,B,512,s2b-r10-548,512,512,0,10,512,512,1,10,1024,6,64,512,-1,1,0,-1,6,99,6,2,1551854,99,0,6,6,47.0,44.0,53.2
s2b-r10,3,B,512,s2b-r10-549,512,512,0,10,512,512,1,10,1024,6,64,512,-1,1,0,-1,6,101,6,2,1579409,99,0,6,6,184.0,44.0,53.2
s2b-r10,3,B,512,s2b-r10-550,512,512,0,10,512,512,1,10,1024,6,64,512,-1,1,0,-1,6,91,6,2,1436952,99,0,6,6,51.0,44.0,53.2
s2b-r10,3,B,512,s2b-r10-551,512,512,0,10,512,512,1,10,1024,6,64,512,-1,1,0,-1,6,100,6,2,1565055,100,0,6,6,167.0,44.0,53.2
s2b-r10,3,B,512,s2b-r10-552,512,512,0,10,512,512,1,10,1024,6,64,512,-1,1,0,-1,6,104,6,2,1630779,104,0,6,6,52.0,44.0,53.2
s2b-r10,3,B,512,s2b-r10-553,512,512,0,10,512,512,1,10,1024,6,64,512,-1,1,0,-1,6,98,6,2,1537487,104,0,6,6,138.0,44.0,53.2
s2b-r10,3,B,512,s2b-r10-554,512,512,0,10,512,512,1,10,1024,6,64,512,-1,1,0,-1,6,103,6,2,1619681,104,0,6,6,49.0,44.0,53.2
s2b-r10,3,B,512,s2b-r10-555,512,512,0,10,512,512,1,10,1024,6,64,512,-1,1,0,-1,6,81,6,2,1267175,104,0,6,6,125.0,44.0,53.2
s2b-r10,3,B,512,s2b-r10-556,512,512,0,10,512,512,1,10,1024,6,64,512,-1,1,0,-1,6,101,6,2,1581893,101,0,6,6,47.0,44.0,53.2
s2b-r10,3,B,512,s2b-r10-557,512,512,0,10,512,512,1,10,1024,6,64,512,-1,1,0,-1,6,98,6,2,1537165,101,0,6,6,177.0,44.0,53.2
s2b-r10,3,B,512,s2b-r10-558,512,512,0,10,512,512,1,10,1024,6,64,512,-1,1,0,-1,6,105,6,2,1650441,105,0,6,6,55.0,44.0,53.2
s2b-r10,3,B,512,s2b-r10-559,512,512,0,10,512,512,1,10,1024,6,64,512,-1,1,0,-1,6,101,6,2,1586712,101,0,6,6,265.0,44.0,53.2
s2b-r10,3,B,512,s2b-r10-560,512,512,0,10,512,512,1,10,1024,6,64,512,-1,1,0,-1,6,115,6,2,1797984,115,0,6,6,49.0,44.0,53.2
s2b-r10,3,B,512,s2b-r10-561,512,512,0,10,512,512,1,10,1024,0,1,512,0,0,0,-1,6,99,0,0,1556399,115,0,0,0,111.0,44.0,53.2
s2b-r10,3,B,512,s2b-r10-562,512,512,0,10,512,512,1,10,1024,6,64,512,6,1,0,-1,0,162,6,0,2546617,162,0,6,6,101.0,44.0,53.2
s2b-r10,3,B,512,s2b-r10-563,512,512,0,10,512,512,1,10,1024,0,2,512,1,0,0,-1,6,117,1,0,1833478,115,0,1,1,862.0,44.0,53.2
s2b-r10,3,B,512,s2b-r10-564,512,512,0,10,512,512,1,10,1024,0,2,512,-1,0,0,-1,1,179,1,2,2804518,179,0,1,1,17.0,44.0,53.2
s2b-r10,3,B,512,s2b-r10-565,512,512,0,10,512,512,1,10,1024,6,128,512,-1,1,0,-1,7,150,7,2,2352461,179,0,7,7,18.0,44.0,53.2
s2b-r10,3,B,512,s2b-r10-566,512,512,0,10,512,512,1,10,1024,6,128,512,-1,1,0,-1,7,108,7,2,1699752,98,0,7,7,13.0,44.0,53.2
s2b-r10,3,B,512,s2b-r10-567,512,512,0,10,512,512,1,10,1024,6,128,512,-1,1,0,-1,7,107,7,2,1674231,99,0,7,7,21.0,44.0,53.2
s2b-r10,3,B,512,s2b-r10-568,512,512,0,10,512,512,1,10,1024,6,128,512,-1,1,0,-1,7,125,7,2,1955193,98,0,7,7,49.0,44.0,53.2
s2b-r10,3,B,512,s2b-r10-569,512,512,0,10,512,512,1,10,1024,6,128,512,-1,1,0,-1,7,108,7,2,1700326,97,0,7,7,151.0,44.0,53.2
s2b-r10,3,B,512,s2b-r10-570,512,512,0,10,512,512,1,10,1024,6,128,512,-1,1,0,-1,7,96,7,2,1506016,97,0,7,7,48.0,44.0,53.2
s2b-r10,3,B,512,s2b-r10-571,512,512,0,10,512,512,1,10,1024,6,128,512,-1,1,0,-1,7,100,7,2,1565038,100,0,7,7,130.0,44.0,53.2
s2b-r10,3,B,512,s2b-r10-572,512,512,0,10,512,512,1,10,1024,6,128,512,-1,1,0,-1,7,103,7,2,1613895,103,0,7,7,55.0,44.0,53.2
s2b-r10,3,B,512,s2b-r10-573,512,512,0,10,512,512,1,10,1024,6,128,512,-1,1,0,-1,7,102,7,2,1601370,102,0,7,7,154.0,44.0,53.2
s2b-r10,3,B,512,s2b-r10-574,512,512,0,10,512,512,1,10,1024,6,128,512,-1,1,0,-1,7,107,7,2,1680198,107,0,7,7,49.0,44.0,53.2
s2b-r10,3,B,512,s2b-r10-575,512,512,0,10,512,512,1,10,1024,6,128,512,-1,1,0,-1,7,102,7,2,1608352,102,0,7,7,149.0,44.0,53.2
s2b-r10,3,B,512,s2b-r10-576,512,512,0,10,512,512,1,10,1024,6,128,512,-1,1,0,-1,7,103,7,2,1618870,103,0,7,7,49.0,44.0,53.2
s2b-r10,3,B,512,s2b-r10-577,512,512,0,10,512,512,1,10,1024,6,128,512,-1,1,0,-1,7,82,7,2,1286814,69,0,7,7,50.0,44.0,53.2
s2b-r10,3,B,512,s2b-r10-578,512,512,0,10,512,512,1,10,1024,6,128,512,-1,1,0,-1,7,98,7,2,1537325,98,0,7,7,178.0,44.0,53.2
s2b-r10,3,B,512,s2b-r10-579,512,512,0,10,512,512,1,10,1024,6,128,512,-1,1,0,-1,7,104,7,2,1628157,104,0,7,7,48.0,44.0,53.2
s2b-r10,3,B,512,s2b-r10-580,512,512,0,10,512,512,1,10,1024,6,128,512,-1,1,0,-1,7,74,7,2,1162728,69,0,7,7,122.0,44.0,53.2
s2b-r10,3,B,512,s2b-r10-581,512,512,0,10,512,512,1,10,1024,6,128,512,-1,1,0,-1,7,103,7,2,1624461,103,0,7,7,52.0,44.0,53.2
s2b-r10,3,B,512,s2b-r10-582,512,512,0,10,512,512,1,10,1024,6,128,512,-1,1,0,-1,7,96,7,2,1513163,103,0,7,7,132.0,44.0,53.2
s2b-r10,3,B,512,s2b-r10-583,512,512,0,10,512,512,1,10,1024,6,128,512,-1,1,0,-1,7,71,7,2,1118236,103,0,7,7,51.0,44.0,53.2
s2b-r10,3,B,512,s2b-r10-584,512,512,0,10,512,512,1,10,1024,6,128,512,-1,1,0,-1,7,99,7,2,1561093,103,0,7,7,207.0,44.0,53.2
s2b-r10,3,B,512,s2b-r10-585,512,512,0,10,512,512,1,10,1024,6,128,512,-1,1,0,-1,7,104,7,2,1636795,104,0,7,7,61.0,44.0,53.2
s2b-r10,3,B,512,s2b-r10-586,512,512,0,10,512,512,1,10,1024,6,128,512,-1,1,0,-1,7,100,7,2,1571966,104,0,7,7,214.0,44.0,53.2
s2b-r10,3,B,512,s2b-r10-587,512,512,0,10,512,512,1,10,1024,6,128,512,-1,1,0,-1,7,102,7,2,1608415,104,0,7,7,49.0,44.0,53.2
s2b-r10,3,B,512,s2b-r10-588,512,512,0,10,512,512,1,10,1024,6,128,512,-1,1,0,-1,7,101,7,2,1582634,104,0,7,7,53.0,44.0,53.2
s2b-r10,3,B,512,s2b-r10-589,512,512,0,10,512,512,1,10,1024,6,128,512,-1,1,0,-1,7,82,7,2,1292836,82,0,7,7,200.0,44.0,53.2
s2b-r10,3,B,512,s2b-r10-590,512,512,0,10,512,512,1,10,1024,6,128,512,-1,1,0,-1,7,108,7,2,1692551,108,0,7,7,59.0,44.0,53.2
s2b-r10,3,B,512,s2b-r10-591,512,512,0,10,512,512,1,10,1024,6,128,512,-1,1,0,-1,7,97,7,2,1529046,97,0,7,7,123.0,44.0,53.2
s2b-r11,3,B,512,s2b-r11-0,,,,,,,,,,6,8,512,0,1,0,-1,0,152,3,0,2385028,154,1,0,0,11.0,43.6,49.0
s2b-r11,3,B,512,s2b-r11-1,512,512,0,10,512,512,1,10,1024,6,32,512,1,1,0,-1,3,153,5,0,2400665,154,1,5,5,31.0,43.6,49.0
s2b-r11,3,B,512,s2b-r11-2,512,512,0,10,512,512,1,10,1024,6,32,512,0,1,0,-1,5,152,5,0,2384536,154,1,5,5,21.0,43.6,49.0
s2b-r11,3,B,512,s2b-r11-3,512,512,0,10,512,512,1,10,1024,6,32,512,0,1,0,-1,5,122,5,0,1906708,9,1,5,5,94.0,43.6,49.0
s2b-r11,3,B,512,s2b-r11-4,512,512,0,10,512,512,1,10,1024,0,32,512,-1,0,0,-1,5,152,5,2,2389477,152,0,5,5,65.0,43.6,49.0
s2b-r11,3,B,512,s2b-r11-5,512,512,0,10,512,512,1,10,1024,0,32,512,-1,0,0,-1,5,113,5,2,1776597,113,0,5,5,63.0,43.6,49.0
s2b-r11,3,B,512,s2b-r11-6,512,512,0,10,512,512,1,10,1024,6,2,512,1,1,0,-1,5,152,5,0,2376733,152,1,5,5,1444.0,43.6,49.0
s2b-r11,3,B,512,s2b-r11-7,512,512,0,10,512,512,1,10,1024,6,32,512,0,1,0,-1,5,200,5,0,3138174,200,1,5,5,27.0,43.6,49.0
s2b-r11,3,B,512,s2b-r11-8,512,512,0,10,512,512,1,10,1024,0,1,512,-1,0,0,-1,0,156,0,2,2440275,156,0,0,0,58.0,43.6,49.0
s2b-r11,3,B,512,s2b-r11-9,512,512,0,10,512,512,1,10,1024,6,1,512,0,1,0,-1,0,155,0,0,2423512,152,1,0,0,62.0,43.6,49.0
s2b-r11,3,B,512,s2b-r11-10,512,512,0,10,512,512,1,10,1024,6,128,512,7,1,0,-1,0,211,7,0,3304661,211,0,7,7,172.0,43.6,49.0
s2b-r11,3,B,512,s2b-r11-11,512,512,0,10,512,512,1,10,1024,6,128,512,-1,1,0,-1,7,166,7,2,2609101,113,0,7,7,59.0,43.6,49.0
s2b-r11,3,B,512,s2b-r11-12,512,512,0,10,512,512,1,10,1024,6,128,512,-1,1,0,-1,7,146,7,2,2289447,113,0,7,7,49.0,43.6,49.0
s2b-r11,3,B,512,s2b-r11-13,512,512,0,10,512,512,1,10,1024,0,1,512,0,0,0,-1,7,135,0,0,2110073,113,0,0,0,129.0,43.6,49.0
s2b-r11,3,B,512,s2b-r11-14,512,512,0,10,512,512,1,10,1024,0,2,512,0,0,0,-1,5,112,1,0,1755999,113,0,1,1,51.0,43.6,49.0
s2b-r11,3,B,512,s2b-r11-15,512,512,0,10,512,512,1,10,1024,6,64,512,6,1,0,-1,1,151,6,0,2364814,151,0,6,6,105.0,43.6,49.0
s2b-r11,3,B,512,s2b-r11-16,512,512,0,10,512,512,1,10,1024,6,64,512,-1,1,0,-1,6,104,6,2,1632993,104,0,6,6,47.0,43.6,49.0
s2b-r11,3,B,512,s2b-r11-17,512,512,0,10,512,512,1,10,1024,0,32,512,0,0,0,-1,6,93,5,0,1455868,104,0,5,5,45.0,43.6,49.0
s2b-r11,3,B,512,s2b-r11-18,512,512,0,10,512,512,1,10,1024,6,64,512,-1,1,0,-1,6,111,6,2,1745550,111,0,6,6,16.0,43.6,49.0
s2b-r11,3,B,512,s2b-r11-19,512,512,0,10,512,512,1,10,1024,6,128,512,7,1,0,-1,6,99,7,0,1552750,99,0,7,7,26.0,43.6,49.0
s2b-r11,3,B,512,s2b-r11-20,512,512,0,10,512,512,1,10,1024,6,128,512,-1,1,0,-1,7,96,7,2,1505295,99,0,7,7,29.0,43.6,49.0
s2b-r11,3,B,512,s2b-r11-21,512,512,0,10,512,512,1,10,1024,6,128,512,-1,1,0,-1,7,115,7,2,1807746,115,0,7,7,52.0,43.6,49.0
s2b-r11,3,B,512,s2b-r11-22,512,512,0,10,512,512,1,10,1024,6,128,512,-1,1,0,-1,7,81,7,2,1280230,99,0,7,7,49.0,43.6,49.0
s2b-r11,3,B,512,s2b-r11-23,512,512,0,10,512,512,1,10,1024,6,128,512,-1,1,0,-1,7,98,7,2,1534606,98,0,7,7,49.0,43.6,49.0
s2b-r11,3,B,512,s2b-r11-24,512,512,0,10,512,512,1,10,1024,6,128,512,-1,1,0,-1,7,97,7,2,1530832,98,0,7,7,153.0,43.6,49.0
s2b-r11,3,B,512,s2b-r11-25,512,512,0,10,512,512,1,10,1024,6,128,512,-1,1,0,-1,7,73,7,2,1150229,98,0,7,7,48.0,43.6,49.0
s2b-r11,3,B,512,s2b-r11-26,512,512,0,10,512,512,1,10,1024,6,128,512,-1,1,0,-1,7,98,7,2,1539406,98,0,7,7,138.0,43.6,49.0
s2b-r11,3,B,512,s2b-r11-27,512,512,0,10,512,512,1,10,1024,6,128,512,-1,1,0,-1,7,103,7,2,1617731,103,0,7,7,52.0,43.6,49.0
s2b-r11,3,B,512,s2b-r11-28,512,512,0,10,512,512,1,10,1024,6,128,512,-1,1,0,-1,7,101,7,2,1592030,103,0,7,7,194.0,43.6,49.0
s2b-r11,3,B,512,s2b-r11-29,512,512,0,10,512,512,1,10,1024,6,128,512,-1,1,0,-1,7,106,7,2,1660460,106,0,7,7,61.0,43.6,49.0
s2b-r11,3,B,512,s2b-r11-30,512,512,0,10,512,512,1,10,1024,6,128,512,-1,1,0,-1,7,102,7,2,1596293,103,0,7,7,196.0,43.6,49.0
s2b-r11,3,B,512,s2b-r11-31,512,512,0,10,512,512,1,10,1024,6,128,512,-1,1,0,-1,7,104,7,2,1637563,104,0,7,7,53.0,43.6,49.0
s2b-r11,3,B,512,s2b-r11-32,512,512,0,10,512,512,1,10,1024,6,128,512,-1,1,0,-1,7,94,7,2,1472280,94,0,7,7,69.0,43.6,49.0
s2b-r11,3,B,512,s2b-r11-33,512,512,0,10,512,512,1,10,1024,6,128,512,-1,1,0,-1,7,105,7,2,1650754,105,0,7,7,197.0,43.6,49.0
s2b-r11,3,B,512,s2b-r11-34,512,512,0,10,512,512,1,10,1024,6,128,512,-1,1,0,-1,7,104,7,2,1635177,104,0,7,7,49.0,43.6,49.0
s2b-r11,3,B,512,s2b-r11-35,512,512,0,10,512,512,1,10,1024,6,128,512,-1,1,0,-1,7,100,7,2,1577544,100,0,7,7,178.0,43.6,49.0
s2b-r11,3,B,512,s2b-r11-36,512,512,0,10,512,512,1,10,1024,6,128,512,-1,1,0,-1,7,105,7,2,1652960,105,0,7,7,52.0,43.6,49.0
s2b-r11,3,B,512,s2b-r11-37,512,512,0,10,512,512,1,10,1024,6,128,512,-1,1,0,-1,7,82,7,2,1284205,105,0,7,7,148.0,43.6,49.0
s2b-r11,3,B,512,s2b-r11-38,512,512,0,10,512,512,1,10,1024,6,128,512,-1,1,0,-1,7,103,7,2,1624801,105,0,7,7,50.0,43.6,49.0
s2b-r11,3,B,512,s2b-r11-39,512,512,0,10,512,512,1,10,1024,6,128,512,-1,1,0,-1,7,85,7,2,1328982,85,0,7,7,127.0,43.6,49.0
s2b-r11,3,B,512,s2b-r11-40,512,512,0,10,512,512,1,10,1024,6,128,512,-1,1,0,-1,7,102,7,2,1597717,102,0,7,7,49.0,43.6,49.0
s2b-r11,3,B,512,s2b-r11-41,512,512,0,10,512,512,1,10,1024,6,128,512,-1,1,0,-1,7,86,7,2,1346011,86,0,7,7,131.0,43.6,49.0
s2b-r11,3,B,512,s2b-r11-42,512,512,0,10,512,512,1,10,1024,6,128,512,-1,1,0,-1,7,102,7,2,1608065,102,0,7,7,122.0,43.6,49.0
s2b-r11,3,B,512,s2b-r11-43,512,512,0,10,512,512,1,10,1024,6,128,512,-1,1,0,-1,7,97,7,2,1525063,97,0,7,7,198.0,43.6,49.0
s2b-r11,3,B,512,s2b-r11-44,512,512,0,10,512,512,1,10,1024,6,128,512,-1,1,0,-1,7,107,7,2,1675311,107,0,7,7,59.0,43.6,49.0
s2b-r11,3,B,512,s2b-r11-45,512,512,0,10,512,512,1,10,1024,6,128,512,-1,1,0,-1,7,100,7,2,1563999,100,0,7,7,203.0,43.6,49.0
s2b-r11,3,B,512,s2b-r11-46,512,512,0,10,512,512,1,10,1024,6,128,512,-1,1,0,-1,7,100,7,2,1570115,100,0,7,7,54.0,43.6,49.0
s2b-r11,3,B,512,s2b-r11-47,512,512,0,10,512,512,1,10,1024,6,128,512,-1,1,0,-1,7,98,7,2,1532366,98,0,7,7,147.0,43.6,49.0
s2b-r11,3,B,512,s2b-r11-48,512,512,0,10,512,512,1,10,1024,6,128,512,-1,1,0,-1,7,104,7,2,1639231,104,0,7,7,49.0,43.6,49.0
s2b-r11,3,B,512,s2b-r11-49,512,512,0,10,512,512,1,10,1024,6,128,512,-1,1,0,-1,7,98,7,2,1536359,98,0,7,7,151.0,43.6,49.0
s2b-r11,3,B,512,s2b-r11-50,512,512,0,10,512,512,1,10,1024,6,128,512,-1,1,0,-1,7,101,7,2,1581334,101,0,7,7,48.0,43.6,49.0
s2b-r11,3,B,512,s2b-r11-51,512,512,0,10,512,512,1,10,1024,6,128,512,-1,1,0,-1,7,100,7,2,1562978,98,0,7,7,128.0,43.6,49.0
s2b-r11,3,B,512,s2b-r11-52,512,512,0,10,512,512,1,10,1024,6,128,512,-1,1,0,-1,7,102,7,2,1596998,102,0,7,7,47.0,43.6,49.0
s2b-r11,3,B,512,s2b-r11-53,512,512,0,10,512,512,1,10,1024,6,128,512,-1,1,0,-1,7,80,7,2,1251993,102,0,7,7,159.0,43.6,49.0
s2b-r11,3,B,512,s2b-r11-54,512,512,0,10,512,512,1,10,1024,6,128,512,-1,1,0,-1,7,103,7,2,1623345,103,0,7,7,54.0,43.6,49.0
s2b-r11,3,B,512,s2b-r11-55,512,512,0,10,512,512,1,10,1024,6,128,512,-1,1,0,-1,7,98,7,2,1532522,102,0,7,7,65.0,43.6,49.0
s2b-r11,3,B,512,s2b-r11-56,512,512,0,10,512,512,1,10,1024,6,128,512,-1,1,0,-1,7,74,7,2,1169853,72,0,7,7,49.0,43.6,49.0
s2b-r11,3,B,512,s2b-r11-57,512,512,0,10,512,512,1,10,1024,6,128,512,-1,1,0,-1,7,97,7,2,1524550,97,0,7,7,193.0,43.6,49.0
s2b-r11,3,B,512,s2b-r11-58,512,512,0,10,512,512,1,10,1024,6,128,512,-1,1,0,-1,7,106,7,2,1663482,106,0,7,7,60.0,43.6,49.0
s2b-r11,3,B,512,s2b-r11-59,512,512,0,10,512,512,1,10,1024,6,128,512,-1,1,0,-1,7,75,7,2,1183870,72,0,7,7,131.0,43.6,49.0
s2b-r11,3,B,512,s2b-r11-60,512,512,0,10,512,512,1,10,1024,6,128,512,-1,1,0,-1,7,102,7,2,1605849,102,0,7,7,144.0,43.6,49.0
s2b-r11,3,B,512,s2b-r11-61,512,512,0,10,512,512,1,10,1024,6,128,512,-1,1,0,-1,7,101,7,2,1590155,101,0,7,7,54.0,43.6,49.0
s2b-r11,3,B,512,s2b-r11-62,512,512,0,10,512,512,1,10,1024,6,128,512,-1,1,0,-1,7,75,7,2,1181258,72,0,7,7,140.0,43.6,49.0
s2b-r11,3,B,512,s2b-r11-63,512,512,0,10,512,512,1,10,1024,6,128,512,-1,1,0,-1,7,102,7,2,1601492,102,0,7,7,48.0,43.6,49.0
s2b-r11,3,B,512,s2b-r11-64,512,512,0,10,512,512,1,10,1024,6,128,512,-1,1,0,-1,7,98,7,2,1542781,102,0,7,7,95.0,43.6,49.0
s2b-r11,3,B,512,s2b-r11-65,512,512,0,10,512,512,1,10,1024,6,128,512,-1,1,0,-1,7,86,7,2,1352663,102,0,7,7,49.0,43.6,49.0
s2b-r11,3,B,512,s2b-r11-66,512,512,0,10,512,512,1,10,1024,6,128,512,-1,1,0,-1,7,99,7,2,1557603,102,0,7,7,177.0,43.6,49.0
s2b-r11,3,B,512,s2b-r11-67,512,512,0,10,512,512,1,10,1024,6,128,512,-1,1,0,-1,7,114,7,2,1785433,114,0,7,7,57.0,43.6,49.0
s2b-r11,3,B,512,s2b-r11-68,512,512,0,10,512,512,1,10,1024,6,128,512,-1,1,0,-1,7,102,7,2,1598176,114,0,7,7,194.0,43.6,49.0
s2b-r11,3,B,512,s2b-r11-69,512,512,0,10,512,512,1,10,1024,6,128,512,-1,1,0,-1,7,106,7,2,1662014,114,0,7,7,52.0,43.6,49.0
s2b-r11,3,B,512,s2b-r11-70,512,512,0,10,512,512,1,10,1024,6,128,512,-1,1,0,-1,7,105,7,2,1641258,114,0,7,7,139.0,43.6,49.0
s2b-r11,3,B,512,s2b-r11-71,512,512,0,10,512,512,1,10,1024,6,128,512,-1,1,0,-1,7,105,7,2,1649373,114,0,7,7,47.0,43.6,49.0
s2b-r11,3,B,512,s2b-r11-72,512,512,0,10,512,512,1,10,1024,6,128,512,-1,1,0,-1,7,81,7,2,1276829,66,0,7,7,163.0,43.6,49.0
s2b-r11,3,B,512,s2b-r11-73,512,512,0,10,512,512,1,10,1024,6,128,512,-1,1,0,-1,7,103,7,2,1623187,103,0,7,7,57.0,43.6,49.0
s2b-r11,3,B,512,s2b-r11-74,512,512,0,10,512,512,1,10,1024,6,128,512,-1,1,0,-1,7,101,7,2,1587107,101,0,7,7,393.0,43.6,49.0
s2b-r11,3,B,512,s2b-r11-75,512,512,0,10,512,512,1,10,1024,6,128,512,-1,1,0,-1,7,117,7,2,1842312,117,0,7,7,51.0,43.6,49.0
s2b-r11,3,B,512,s2b-r11-76,512,512,0,10,512,512,1,10,1024,6,128,512,-1,1,0,-1,7,100,7,2,1577057,117,0,7,7,153.0,43.6,49.0
s2b-r11,3,B,512,s2b-r11-77,512,512,0,10,512,512,1,10,1024,6,128,512,-1,1,0,-1,7,102,7,2,1596867,117,0,7,7,53.0,43.6,49.0
s2b-r11,3,B,512,s2b-r11-78,512,512,0,10,512,512,1,10,1024,6,128,512,-1,1,0,-1,7,98,7,2,1541835,117,0,7,7,150.0,43.6,49.0
s2b-r11,3,B,512,s2b-r11-79,512,512,0,10,512,512,1,10,1024,6,128,512,-1,1,0,-1,7,104,7,2,1636655,117,0,7,7,29.0,43.6,49.0
s2b-r11,3,B,512,s2b-r11-80,512,512,0,10,512,512,1,10,1024,6,128,512,-1,1,0,-1,7,80,7,2,1259724,83,0,7,7,136.0,43.6,49.0
s2b-r11,3,B,512,s2b-r11-81,512,512,0,10,512,512,1,10,1024,6,128,512,-1,1,0,-1,7,102,7,2,1595436,102,0,7,7,50.0,43.6,49.0
s2b-r11,3,B,512,s2b-r11-82,512,512,0,10,512,512,1,10,1024,6,128,512,-1,1,0,-1,7,94,7,2,1476292,94,0,7,7,183.0,43.6,49.0
s2b-r11,3,B,512,s2b-r11-83,512,512,0,10,512,512,1,10,1024,6,128,512,-1,1,0,-1,7,105,7,2,1652290,105,0,7,7,52.0,43.6,49.0
s2b-r11,3,B,512,s2b-r11-84,512,512,0,10,512,512,1,10,1024,6,64,512,-1,1,0,-1,6,108,6,2,1692475,108,0,6,6,131.0,43.6,49.0
s2b-r11,3,B,512,s2b-r11-85,512,512,0,10,512,512,1,10,1024,6,64,512,-1,1,0,-1,6,82,6,2,1292234,105,0,6,6,49.0,43.6,49.0
s2b-r11,3,B,512,s2b-r11-86,512,512,0,10,512,512,1,10,1024,0,8,512,0,0,0,-1,6,98,3,0,1539455,105,0,3,3,131.0,43.6,49.0
s2b-r11,3,B,512,s2b-r11-87,512,512,0,10,512,512,1,10,1024,6,128,512,-1,1,0,-1,7,143,7,2,2238525,143,0,7,7,50.0,43.6,49.0
s2b-r11,3,B,512,s2b-r11-88,512,512,0,10,512,512,1,10,1024,6,128,512,-1,1,0,-1,7,78,7,2,1228457,89,0,7,7,124.0,43.6,49.0
s2b-r11,3,B,512,s2b-r11-89,512,512,0,10,512,512,1,10,1024,6,128,512,-1,1,0,-1,7,102,7,2,1604965,102,0,7,7,47.0,43.6,49.0
s2b-r11,3,B,512,s2b-r11-90,512,512,0,10,512,512,1,10,1024,6,128,512,-1,1,0,-1,7,76,7,2,1199957,76,0,7,7,127.0,43.6,49.0
s2b-r11,3,B,512,s2b-r11-91,512,512,0,10,512,512,1,10,1024,6,128,512,-1,1,0,-1,7,103,7,2,1612656,103,0,7,7,47.0,43.6,49.0
s2b-r11,3,B,512,s2b-r11-92,512,512,0,10,512,512,1,10,1024,6,128,512,-1,1,0,-1,7,84,7,2,1327974,84,0,7,7,206.0,43.6,49.0
s2b-r11,3,B,512,s2b-r11-93,512,512,0,10,512,512,1,10,1024,6,128,512,-1,1,0,-1,7,105,7,2,1641006,105,0,7,7,60.0,43.6,49.0
s2b-r11,3,B,512,s2b-r11-94,512,512,0,10,512,512,1,10,1024,6,128,512,-1,1,0,-1,7,102,7,2,1600059,102,0,7,7,175.0,43.6,49.0
s2b-r11,3,B,512,s2b-r11-95,512,512,0,10,512,512,1,10,1024,6,128,512,-1,1,0,-1,7,80,7,2,1254848,102,0,7,7,55.0,43.6,49.0
s2b-r11,3,B,512,s2b-r11-96,512,512,0,10,512,512,1,10,1024,6,128,512,-1,1,0,-1,7,101,7,2,1578234,102,0,7,7,149.0,43.6,49.0
s2b-r11,3,B,512,s2b-r11-97,512,512,0,10,512,512,1,10,1024,6,128,512,-1,1,0,-1,7,102,7,2,1600663,102,0,7,7,50.0,43.6,49.0
s2b-r11,3,B,512,s2b-r11-98,512,512,0,10,512,512,1,10,1024,6,128,512,-1,1,0,-1,7,74,7,2,1164262,71,0,7,7,149.0,43.6,49.0
s2b-r11,3,B,512,s2b-r11-99,512,512,0,10,512,512,1,10,1024,6,128,512,-1,1,0,-1,7,103,7,2,1619421,103,0,7,7,51.0,43.6,49.0
s2b-r11,3,B,512,s2b-r11-100,512,512,0,10,512,512,1,10,1024,6,128,512,-1,1,0,-1,7,98,7,2,1535467,98,0,7,7,182.0,43.6,49.0
s2b-r11,3,B,512,s2b-r11-101,512,512,0,10,512,512,1,10,1024,6,128,512,-1,1,0,-1,7,90,7,2,1415388,90,0,7,7,51.0,43.6,49.0
s2b-r11,3,B,512,s2b-r11-102,512,512,0,10,512,512,1,10,1024,0,1,512,0,0,0,-1,7,99,0,0,1551337,99,0,0,0,85.0,43.6,49.0
s2b-r11,3,B,512,s2b-r11-103,512,512,0,10,512,512,1,10,1024,6,64,512,6,1,0,-1,5,105,6,0,1654818,105,0,6,6,2136.0,43.6,49.0
s2b-r11,3,B,512,s2b-r11-104,512,512,0,10,512,512,1,10,1024,6,64,512,-1,1,0,-1,6,109,6,2,1706514,109,0,6,6,63.0,43.6,49.0
s2b-r11,3,B,512,s2b-r11-105,512,512,0,10,512,512,1,10,1024,6,64,512,-1,1,0,-1,6,93,6,2,1458135,93,0,6,6,448.0,43.6,49.0
s2b-r11,3,B,512,s2b-r11-106,512,512,0,10,512,512,1,10,1024,6,64,512,-1,1,0,-1,6,65,6,2,1018795,11,0,6,6,48.0,43.6,49.0
s2b-r11,3,B,512,s2b-r11-107,512,512,0,10,512,512,1,10,1024,6,64,512,-1,1,0,-1,6,98,6,2,1537253,98,0,6,6,120.0,43.6,49.0
s2b-r11,3,B,512,s2b-r11-108,512,512,0,10,512,512,1,10,1024,6,64,512,-1,1,0,-1,6,97,6,2,1522761,97,0,6,6,49.0,43.6,49.0
s2b-r11,3,B,512,s2b-r11-109,512,512,0,10,512,512,1,10,1024,6,64,512,-1,1,0,-1,6,98,6,2,1539118,98,0,6,6,160.0,43.6,49.0
s2b-r11,3,B,512,s2b-r11-110,512,512,0,10,512,512,1,10,1024,6,64,512,-1,1,0,-1,6,107,6,2,1677306,107,0,6,6,59.0,43.6,49.0
s2b-r11,3,B,512,s2b-r11-111,512,512,0,10,512,512,1,10,1024,6,64,512,-1,1,0,-1,6,101,6,2,1591829,101,0,6,6,150.0,43.6,49.0
s2b-r11,3,B,512,s2b-r11-112,512,512,0,10,512,512,1,10,1024,6,64,512,-1,1,0,-1,6,102,6,2,1607658,102,0,6,6,52.0,43.6,49.0
s2b-r11,3,B,512,s2b-r11-113,512,512,0,10,512,512,1,10,1024,6,64,512,-1,1,0,-1,6,102,6,2,1597793,102,0,6,6,128.0,43.6,49.0
s2b-r11,3,B,512,s2b-r11-114,512,512,0,10,512,512,1,10,1024,6,64,512,-1,1,0,-1,6,103,6,2,1611823,102,0,6,6,156.0,43.6,49.0
s2b-r11,3,B,512,s2b-r11-115,512,512,0,10,512,512,1,10,1024,6,64,512,-1,1,0,-1,6,83,6,2,1302227,102,0,6,6,53.0,43.6,49.0
s2b-r11,3,B,512,s2b-r11-116,512,512,0,10,512,512,1,10,1024,6,64,512,-1,1,0,-1,6,100,6,2,1568762,100,0,6,6,125.0,43.6,49.0
s2b-r11,3,B,512,s2b-r11-117,512,512,0,10,512,512,1,10,1024,6,64,512,-1,1,0,-1,6,101,6,2,1589363,101,0,6,6,46.0,43.6,49.0
s2b-r11,3,B,512,s2b-r11-118,512,512,0,10,512,512,1,10,1024,0,8,512,2,0,0,-1,6,72,3,0,1133086,100,0,3,3,106.0,43.6,49.0
s2b-r11,3,B,512,s2b-r11-119,512,512,0,10,512,512,1,10,1024,6,128,512,6,1,0,-1,3,154,7,0,2417474,154,0,7,7,2082.0,43.6,49.0
s2b-r11,3,B,512,s2b-r11-120,512,512,0,10,512,512,1,10,1024,0,2,512,1,0,0,-1,7,110,1,0,1727208,110,0,1,1,230.0,43.6,49.0
s2b-r11,3,B,512,s2b-r11-121,512,512,0,10,512,512,1,10,1024,6,128,512,6,1,0,-1,1,155,7,0,2427631,155,0,7,7,2098.0,43.6,49.0
s2b-r11,3,B,512,s2b-r11-122,512,512,0,10,512,512,1,10,1024,6,128,512,-1,1,0,-1,7,110,7,2,1718870,110,0,7,7,59.0,43.6,49.0
s2b-r11,3,B,512,s2b-r11-123,512,512,0,10,512,512,1,10,1024,6,128,512,-1,1,0,-1,7,98,7,2,1545581,98,0,7,7,50.0,43.6,49.0
s2b-r11,3,B,512,s2b-r11-124,512,512,0,10,512,512,1,10,1024,6,128,512,-1,1,0,-1,7,114,7,2,1788908,97,0,7,7,151.0,43.6,49.0
s2b-r11,3,B,512,s2b-r11-125,512,512,0,10,512,512,1,10,1024,6,128,512,-1,1,0,-1,7,85,7,2,1329434,97,0,7,7,55.0,43.6,49.0
s2b-r11,3,B,512,s2b-r11-126,512,512,0,10,512,512,1,10,1024,6,128,512,-1,1,0,-1,7,102,7,2,1598573,102,0,7,7,217.0,43.6,49.0
s2b-r11,3,B,512,s2b-r11-127,512,512,0,10,512,512,1,10,1024,6,128,512,-1,1,0,-1,7,107,7,2,1676223,107,0,7,7,53.0,43.6,49.0
s2b-r11,3,B,512,s2b-r11-128,512,512,0,10,512,512,1,10,1024,6,128,512,-1,1,0,-1,7,79,7,2,1245135,78,0,7,7,197.0,43.6,49.0
s2b-r11,3,B,512,s2b-r11-129,512,512,0,10,512,512,1,10,1024,6,128,512,-1,1,0,-1,7,106,7,2,1667231,106,0,7,7,51.0,43.6,49.0
s2b-r11,3,B,512,s2b-r11-130,512,512,0,10,512,512,1,10,1024,0,1,512,0,0,0,-1,7,98,7,0,1538209,98,0,7,7,160.0,43.6,49.0
s2b-r11,3,B,512,s2b-r11-131,512,512,0,10,512,512,1,10,1024,0,8,512,0,0,0,-1,7,104,3,0,1625328,104,0,3,3,75.0,43.6,49.0
s2b-r11,3,B,512,s2b-r11-132,512,512,0,10,512,512,1,10,1024,0,8,512,-1,0,0,-1,3,150,3,2,2344258,150,0,3,3,41.0,43.6,49.0
s2b-r11,3,B,512,s2b-r11-133,512,512,0,10,512,512,1,10,1024,6,64,512,6,1,0,-1,3,122,6,0,1913567,122,0,6,6,150.0,43.6,49.0
s2b-r11,3,B,512,s2b-r11-134,512,512,0,10,512,512,1,10,1024,6,64,512,-1,1,0,-1,6,112,6,2,1763562,112,0,6,6,18.0,43.6,49.0
s2b-r11,3,B,512,s2b-r11-135,512,512,0,10,512,512,1,10,1024,6,128,512,7,1,0,-1,6,101,7,0,1590933,96,0,7,7,54.0,43.6,49.0
s2b-r11,3,B,512,s2b-r11-136,512,512,0,10,512,512,1,10,1024,6,128,512,-1,1,0,-1,7,98,7,2,1536015,98,0,7,7,25.0,43.6,49.0
s2b-r11,3,B,512,s2b-r11-137,512,512,0,10,512,512,1,10,1024,0,2,512,0,0,0,-1,7,106,1,0,1664667,102,0,1,1,70.0,43.6,49.0
s2b-r11,3,B,512,s2b-r11-138,512,512,0,10,512,512,1,10,1024,6,128,512,6,1,0,-1,1,150,7,0,2350005,150,0,7,7,126.0,43.6,49.0
s2b-r11,3,B,512,s2b-r11-139,512,512,0,10,512,512,1,10,1024,6,128,512,-1,1,0,-1,7,110,7,2,1730396,105,0,7,7,65.0,43.6,49.0
s2b-r11,3,B,512,s2b-r11-140,512,512,0,10,512,512,1,10,1024,6,128,512,-1,1,0,-1,7,92,7,2,1452845,92,0,7,7,128.0,43.6,49.0
s2b-r11,3,B,512,s2b-r11-141,512,512,0,10,512,512,1,10,1024,6,128,512,-1,1,0,-1,7,100,7,2,1572351,100,0,7,7,49.0,43.6,49.0
s2b-r11,3,B,512,s2b-r11-142,512,512,0,10,512,512,1,10,1024,6,128,512,-1,1,0,-1,7,98,7,2,1543184,98,0,7,7,179.0,43.6,49.0
s2b-r11,3,B,512,s2b-r11-143,512,512,0,10,512,512,1,10,1024,6,128,512,-1,1,0,-1,7,80,7,2,1259403,92,0,7,7,52.0,43.6,49.0
s2b-r11,3,B,512,s2b-r11-144,512,512,0,10,512,512,1,10,1024,6,128,512,-1,1,0,-1,7,101,7,2,1593649,101,0,7,7,128.0,43.6,49.0
s2b-r11,3,B,512,s2b-r11-145,512,512,0,10,512,512,1,10,1024,6,128,512,-1,1,0,-1,7,102,7,2,1595906,102,0,7,7,50.0,43.6,49.0
s2b-r11,3,B,512,s2b-r11-146,512,512,0,10,512,512,1,10,1024,6,128,512,-1,1,0,-1,7,73,7,2,1146724,101,0,7,7,185.0,43.6,49.0
s2b-r11,3,B,512,s2b-r11-147,512,512,0,10,512,512,1,10,1024,6,128,512,-1,1,0,-1,7,104,7,2,1636349,104,0,7,7,56.0,43.6,49.0
s2b-r11,3,B,512,s2b-r11-148,512,512,0,10,512,512,1,10,1024,6,128,512,-1,1,0,-1,7,100,7,2,1565677,100,0,7,7,183.0,43.6,49.0
s2b-r11,3,B,512,s2b-r11-149,512,512,0,10,512,512,1,10,1024,6,128,512,-1,1,0,-1,7,93,7,2,1462614,100,0,7,7,52.0,43.6,49.0
s2b-r11,3,B,512,s2b-r11-150,512,512,0,10,512,512,1,10,1024,6,128,512,-1,1,0,-1,7,99,7,2,1556299,100,0,7,7,99.0,43.6,49.0
s2b-r11,3,B,512,s2b-r11-151,512,512,0,10,512,512,1,10,1024,6,128,512,-1,1,0,-1,7,89,7,2,1402769,89,0,7,7,46.0,43.6,49.0
s2b-r11,3,B,512,s2b-r11-152,512,512,0,10,512,512,1,10,1024,6,128,512,-1,1,0,-1,7,99,7,2,1549315,99,0,7,7,147.0,43.6,49.0
s2b-r11,3,B,512,s2b-r11-153,512,512,0,10,512,512,1,10,1024,6,128,512,-1,1,0,-1,7,103,7,2,1612906,103,0,7,7,54.0,43.6,49.0
s2b-r11,3,B,512,s2b-r11-154,512,512,0,10,512,512,1,10,1024,6,128,512,-1,1,0,-1,7,78,7,2,1227790,89,0,7,7,173.0,43.6,49.0
s2b-r11,3,B,512,s2b-r11-155,512,512,0,10,512,512,1,10,1024,6,128,512,-1,1,0,-1,7,106,7,2,1656252,106,0,7,7,49.0,43.6,49.0
s2b-r11,3,B,512,s2b-r11-156,512,512,0,10,512,512,1,10,1024,6,128,512,-1,1,0,-1,7,99,7,2,1557194,106,0,7,7,51.0,43.6,49.0
s2b-r11,3,B,512,s2b-r11-157,512,512,0,10,512,512,1,10,1024,6,128,512,-1,1,0,-1,7,74,7,2,1170191,106,0,7,7,164.0,43.6,49.0
s2b-r11,3,B,512,s2b-r11-158,512,512,0,10,512,512,1,10,1024,6,128,512,-1,1,0,-1,7,104,7,2,1629194,106,0,7,7,50.0,43.6,49.0
s2b-r11,3,B,512,s2b-r11-159,512,512,0,10,512,512,1,10,1024,6,128,512,-1,1,0,-1,7,98,7,2,1535066,98,0,7,7,212.0,43.6,49.0
s2b-r11,3,B,512,s2b-r11-160,512,512,0,10,512,512,1,10,1024,6,128,512,-1,1,0,-1,7,106,7,2,1666362,106,0,7,7,53.0,43.6,49.0
s2b-r11,3,B,512,s2b-r11-161,512,512,0,10,512,512,1,10,1024,6,128,512,-1,1,0,-1,7,99,7,2,1556143,99,0,7,7,152.0,43.6,49.0
s2b-r11,3,B,512,s2b-r11-162,512,512,0,10,512,512,1,10,1024,6,128,512,-1,1,0,-1,7,109,7,2,1704061,109,0,7,7,49.0,43.6,49.0
s2b-r11,3,B,512,s2b-r11-163,512,512,0,10,512,512,1,10,1024,6,128,512,-1,1,0,-1,7,102,7,2,1604804,99,0,7,7,126.0,43.6,49.0
s2b-r11,3,B,512,s2b-r11-164,512,512,0,10,512,512,1,10,1024,6,128,512,-1,1,0,-1,7,103,7,2,1614085,101,0,7,7,48.0,43.6,49.0
s2b-r11,3,B,512,s2b-r11-165,512,512,0,10,512,512,1,10,1024,6,128,512,-1,1,0,-1,7,101,7,2,1589893,101,0,7,7,123.0,43.6,49.0
s2b-r11,3,B,512,s2b-r11-166,512,512,0,10,512,512,1,10,1024,6,128,512,-1,1,0,-1,7,103,7,2,1610556,103,0,7,7,47.0,43.6,49.0
s2b-r11,3,B,512,s2b-r11-167,512,512,0,10,512,512,1,10,1024,6,128,512,-1,1,0,-1,7,80,7,2,1258558,101,0,7,7,156.0,43.6,49.0
s2b-r11,3,B,512,s2b-r11-168,512,512,0,10,512,512,1,10,1024,6,128,512,-1,1,0,-1,7,102,7,2,1602895,102,0,7,7,51.0,43.6,49.0
s2b-r11,3,B,512,s2b-r11-169,512,512,0,10,512,512,1,10,1024,6,128,512,-1,1,0,-1,7,99,7,2,1547846,102,0,7,7,202.0,43.6,49.0
s2b-r11,3,B,512,s2b-r11-170,512,512,0,10,512,512,1,10,1024,6,128,512,-1,1,0,-1,7,113,7,2,1766908,113,0,7,7,48.0,43.6,49.0
s2b-r11,3,B,512,s2b-r11-171,512,512,0,10,512,512,1,10,1024,6,128,512,-1,1,0,-1,7,100,7,2,1564241,102,0,7,7,126.0,43.6,49.0
s2b-r11,3,B,512,s2b-r11-172,512,512,0,10,512,512,1,10,1024,6,128,512,-1,1,0,-1,7,85,7,2,1342418,85,0,7,7,55.0,43.6,49.0
s2b-r11,3,B,512,s2b-r11-173,512,512,0,10,512,512,1,10,1024,6,128,512,-1,1,0,-1,7,99,7,2,1547202,99,0,7,7,156.0,43.6,49.0
s2b-r11,3,B,512,s2b-r11-174,512,512,0,10,512,512,1,10,1024,6,128,512,-1,1,0,-1,7,104,7,2,1630079,104,0,7,7,58.0,43.6,49.0
s2b-r11,3,B,512,s2b-r11-175,512,512,0,10,512,512,1,10,1024,6,128,512,-1,1,0,-1,7,104,7,2,1632824,104,0,7,7,163.0,43.6,49.0
s2b-r11,3,B,512,s2b-r11-176,512,512,0,10,512,512,1,10,1024,0,32,512,1,0,0,-1,7,101,5,0,1584880,101,0,5,5,76.0,43.6,49.0
s2b-r11,3,B,512,s2b-r11-177,512,512,0,10,512,512,1,10,1024,6,128,512,6,1,0,-1,5,155,7,0,2436463,155,0,7,7,2081.0,43.6,49.0
s2b-r11,3,B,512,s2b-r11-178,512,512,0,10,512,512,1,10,1024,6,128,512,-1,1,0,-1,7,114,7,2,1792824,107,0,7,7,59.0,43.6,49.0
s2b-r11,3,B,512,s2b-r11-179,512,512,0,10,512,512,1,10,1024,6,128,512,-1,1,0,-1,7,93,7,2,1457037,101,0,7,7,194.0,43.6,49.0
s2b-r11,3,B,512,s2b-r11-180,512,512,0,10,512,512,1,10,1024,6,128,512,-1,1,0,-1,7,106,7,2,1658754,106,0,7,7,50.0,43.6,49.0
s2b-r11,3,B,512,s2b-r11-181,512,512,0,10,512,512,1,10,1024,6,128,512,-1,1,0,-1,7,99,7,2,1559482,106,0,7,7,142.0,43.6,49.0
s2b-r11,3,B,512,s2b-r11-182,512,512,0,10,512,512,1,10,1024,6,128,512,-1,1,0,-1,7,96,7,2,1515611,106,0,7,7,57.0,43.6,49.0
s2b-r11,3,B,512,s2b-r11-183,512,512,0,10,512,512,1,10,1024,6,128,512,-1,1,0,-1,7,100,7,2,1566288,106,0,7,7,124.0,43.6,49.0
s2b-r11,3,B,512,s2b-r11-184,512,512,0,10,512,512,1,10,1024,6,128,512,-1,1,0,-1,7,103,7,2,1614504,103,0,7,7,48.0,43.6,49.0
s2b-r11,3,B,512,s2b-r11-185,512,512,0,10,512,512,1,10,1024,6,128,512,-1,1,0,-1,7,97,7,2,1529159,103,0,7,7,149.0,43.6,49.0
s2b-r11,3,B,512,s2b-r11-186,512,512,0,10,512,512,1,10,1024,6,128,512,-1,1,0,-1,7,105,7,2,1645037,105,0,7,7,55.0,43.6,49.0
s2b-r11,3,B,512,s2b-r11-187,512,512,0,10,512,512,1,10,1024,6,128,512,-1,1,0,-1,7,101,7,2,1578293,103,0,7,7,178.0,43.6,49.0
s2b-r11,3,B,512,s2b-r11-188,512,512,0,10,512,512,1,10,1024,6,128,512,-1,1,0,-1,7,103,7,2,1623330,103,0,7,7,51.0,43.6,49.0
s2b-r11,3,B,512,s2b-r11-189,512,512,0,10,512,512,1,10,1024,6,128,512,-1,1,0,-1,7,100,7,2,1576981,99,0,7,7,50.0,43.6,49.0
s2b-r11,3,B,512,s2b-r11-190,512,512,0,10,512,512,1,10,1024,6,128,512,-1,1,0,-1,7,101,7,2,1583309,99,0,7,7,157.0,43.6,49.0
s2b-r11,3,B,512,s2b-r11-191,512,512,0,10,512,512,1,10,1024,6,128,512,-1,1,0,-1,7,115,7,2,1800482,115,0,7,7,52.0,43.6,49.0
s2b-r11,3,B,512,s2b-r11-192,512,512,0,10,512,512,1,10,1024,6,128,512,-1,1,0,-1,7,103,7,2,1623199,101,0,7,7,163.0,43.6,49.0
s2b-r11,3,B,512,s2b-r11-193,512,512,0,10,512,512,1,10,1024,6,128,512,-1,1,0,-1,7,84,7,2,1313026,56,0,7,7,50.0,43.6,49.0
s2b-r11,3,B,512,s2b-r11-194,512,512,0,10,512,512,1,10,1024,6,128,512,-1,1,0,-1,7,97,7,2,1517115,97,0,7,7,89.0,43.6,49.0
s2b-r11,3,B,512,s2b-r11-195,512,512,0,10,512,512,1,10,1024,6,128,512,-1,1,0,-1,7,98,7,2,1540352,98,0,7,7,154.0,43.6,49.0
s2b-r11,3,B,512,s2b-r11-196,512,512,0,10,512,512,1,10,1024,6,128,512,-1,1,0,-1,7,71,7,2,1114145,58,0,7,7,50.0,43.6,49.0
s2b-r11,3,B,512,s2b-r11-197,512,512,0,10,512,512,1,10,1024,6,128,512,-1,1,0,-1,7,97,7,2,1530150,97,0,7,7,152.0,43.6,49.0
s2b-r11,3,B,512,s2b-r11-198,512,512,0,10,512,512,1,10,1024,6,128,512,-1,1,0,-1,7,104,7,2,1628291,104,0,7,7,54.0,43.6,49.0
s2b-r11,3,B,512,s2b-r11-199,512,512,0,10,512,512,1,10,1024,6,128,512,-1,1,0,-1,7,72,7,2,1134005,97,0,7,7,173.0,43.6,49.0
s2b-r11,3,B,512,s2b-r11-200,512,512,0,10,512,512,1,10,1024,6,128,512,-1,1,0,-1,7,104,7,2,1635138,104,0,7,7,62.0,43.6,49.0
s2b-r11,3,B,512,s2b-r11-201,512,512,0,10,512,512,1,10,1024,6,128,512,-1,1,0,-1,7,101,7,2,1586830,101,0,7,7,217.0,43.6,49.0
s2b-r11,3,B,512,s2b-r11-202,512,512,0,10,512,512,1,10,1024,6,128,512,-1,1,0,-1,7,120,7,2,1886031,120,0,7,7,47.0,43.6,49.0
s2b-r11,3,B,512,s2b-r11-203,512,512,0,10,512,512,1,10,1024,6,128,512,-1,1,0,-1,7,100,7,2,1570853,101,0,7,7,162.0,43.6,49.0
s2b-r11,3,B,512,s2b-r11-204,512,512,0,10,512,512,1,10,1024,6,128,512,-1,1,0,-1,7,101,7,2,1585925,101,0,7,7,50.0,43.6,49.0
s2b-r11,3,B,512,s2b-r11-205,512,512,0,10,512,512,1,10,1024,6,128,512,-1,1,0,-1,7,98,7,2,1537571,98,0,7,7,153.0,43.6,49.0
s2b-r11,3,B,512,s2b-r11-206,512,512,0,10,512,512,1,10,1024,6,128,512,-1,1,0,-1,7,105,7,2,1654286,105,0,7,7,49.0,43.6,49.0
s2b-r11,3,B,512,s2b-r11-207,512,512,0,10,512,512,1,10,1024,6,128,512,-1,1,0,-1,7,80,7,2,1265072,98,0,7,7,190.0,43.6,49.0
s2b-r11,3,B,512,s2b-r11-208,512,512,0,10,512,512,1,10,1024,6,128,512,-1,1,0,-1,7,109,7,2,1703300,109,0,7,7,54.0,43.6,49.0
s2b-r11,3,B,512,s2b-r11-209,512,512,0,10,512,512,1,10,1024,6,128,512,-1,1,0,-1,7,89,7,2,1400424,89,0,7,7,56.0,43.6,49.0
s2b-r11,3,B,512,s2b-r11-210,512,512,0,10,512,512,1,10,1024,6,128,512,-1,1,0,-1,7,99,7,2,1550465,99,0,7,7,158.0,43.6,49.0
s2b-r11,3,B,512,s2b-r11-211,512,512,0,10,512,512,1,10,1024,6,128,512,-1,1,0,-1,7,105,7,2,1643290,105,0,7,7,49.0,43.6,49.0
s2b-r11,3,B,512,s2b-r11-212,512,512,0,10,512,512,1,10,1024,6,128,512,-1,1,0,-1,7,98,7,2,1535037,98,0,7,7,269.0,43.6,49.0
s2b-r11,3,B,512,s2b-r11-213,512,512,0,10,512,512,1,10,1024,6,128,512,-1,1,0,-1,7,107,7,2,1686950,107,0,7,7,54.0,43.6,49.0
s2b-r11,3,B,512,s2b-r11-214,512,512,0,10,512,512,1,10,1024,6,128,512,-1,1,0,-1,7,102,7,2,1602987,107,0,7,7,213.0,43.6,49.0
s2b-r11,3,B,512,s2b-r11-215,512,512,0,10,512,512,1,10,1024,6,128,512,-1,1,0,-1,7,107,7,2,1687028,107,0,7,7,52.0,43.6,49.0
s2b-r11,3,B,512,s2b-r11-216,512,512,0,10,512,512,1,10,1024,6,128,512,-1,1,0,-1,7,84,7,2,1318406,107,0,7,7,204.0,43.6,49.0
s2b-r11,3,B,512,s2b-r11-217,512,512,0,10,512,512,1,10,1024,6,128,512,-1,1,0,-1,7,116,7,2,1828107,116,0,7,7,47.0,43.6,49.0
s2b-r11,3,B,512,s2b-r11-218,512,512,0,10,512,512,1,10,1024,6,128,512,-1,1,0,-1,7,93,7,2,1464198,116,0,7,7,141.0,43.6,49.0
s2b-r11,3,B,512,s2b-r11-219,512,512,0,10,512,512,1,10,1024,6,128,512,-1,1,0,-1,7,101,7,2,1586876,116,0,7,7,54.0,43.6,49.0
s2b-r11,3,B,512,s2b-r11-220,512,512,0,10,512,512,1,10,1024,6,128,512,-1,1,0,-1,7,100,7,2,1573276,116,0,7,7,171.0,43.6,49.0
s2b-r11,3,B,512,s2b-r11-221,512,512,0,10,512,512,1,10,1024,6,128,512,-1,1,0,-1,7,81,7,2,1265893,62,0,7,7,56.0,43.6,49.0
s2b-r11,3,B,512,s2b-r11-222,512,512,0,10,512,512,1,10,1024,6,128,512,-1,1,0,-1,7,100,7,2,1575348,100,0,7,7,200.0,43.6,49.0
s2b-r11,3,B,512,s2b-r11-223,512,512,0,10,512,512,1,10,1024,6,128,512,-1,1,0,-1,7,104,7,2,1631176,104,0,7,7,52.0,43.6,49.0
s2b-r11,3,B,512,s2b-r11-224,512,512,0,10,512,512,1,10,1024,6,128,512,-1,1,0,-1,7,100,7,2,1566932,100,0,7,7,152.0,43.6,49.0
s2b-r11,3,B,512,s2b-r11-225,512,512,0,10,512,512,1,10,1024,6,128,512,-1,1,0,-1,7,110,7,2,1728639,110,0,7,7,52.0,43.6,49.0
s2b-r11,3,B,512,s2b-r11-226,512,512,0,10,512,512,1,10,1024,6,128,512,-1,1,0,-1,7,103,7,2,1617437,110,0,7,7,207.0,43.6,49.0
s2b-r11,3,B,512,s2b-r11-227,512,512,0,10,512,512,1,10,1024,6,128,512,-1,1,0,-1,7,106,7,2,1667132,110,0,7,7,54.0,43.6,49.0
s2b-r11,3,B,512,s2b-r11-228,512,512,0,10,512,512,1,10,1024,6,128,512,-1,1,0,-1,7,103,7,2,1624520,110,0,7,7,192.0,43.6,49.0
s2b-r11,3,B,512,s2b-r11-229,512,512,0,10,512,512,1,10,1024,6,128,512,-1,1,0,-1,7,107,7,2,1684258,110,0,7,7,55.0,43.6,49.0
s2b-r11,3,B,512,s2b-r11-230,512,512,0,10,512,512,1,10,1024,6,128,512,-1,1,0,-1,7,83,7,2,1298141,72,0,7,7,150.0,43.6,49.0
s2b-r11,3,B,512,s2b-r11-231,512,512,0,10,512,512,1,10,1024,6,128,512,-1,1,0,-1,7,103,7,2,1615778,103,0,7,7,50.0,43.6,49.0
s2b-r11,3,B,512,s2b-r11-232,512,512,0,10,512,512,1,10,1024,6,128,512,-1,1,0,-1,7,99,7,2,1550140,99,0,7,7,51.0,43.6,49.0
s2b-r11,3,B,512,s2b-r11-233,512,512,0,10,512,512,1,10,1024,6,128,512,-1,1,0,-1,7,98,7,2,1538234,98,0,7,7,157.0,43.6,49.0
s2b-r11,3,B,512,s2b-r11-234,512,512,0,10,512,512,1,10,1024,6,128,512,-1,1,0,-1,7,108,7,2,1702671,108,0,7,7,57.0,43.6,49.0
s2b-r11,3,B,512,s2b-r11-235,512,512,0,10,512,512,1,10,1024,6,128,512,-1,1,0,-1,7,102,7,2,1608511,108,0,7,7,144.0,43.6,49.0
s2b-r11,3,B,512,s2b-r11-236,512,512,0,10,512,512,1,10,1024,6,128,512,-1,1,0,-1,7,102,7,2,1597976,108,0,7,7,50.0,43.6,49.0
s2b-r11,3,B,512,s2b-r11-237,512,512,0,10,512,512,1,10,1024,6,128,512,-1,1,0,-1,7,94,7,2,1471460,108,0,7,7,53.0,43.6,49.0
s2b-r11,3,B,512,s2b-r11-238,512,512,0,10,512,512,1,10,1024,6,128,512,-1,1,0,-1,7,97,7,2,1530596,97,0,7,7,307.0,43.6,49.0
s2b-r11,3,B,512,s2b-r11-239,512,512,0,10,512,512,1,10,1024,6,128,512,-1,1,0,-1,7,114,7,2,1783419,114,0,7,7,54.0,43.6,49.0
s2b-r11,3,B,512,s2b-r11-240,512,512,0,10,512,512,1,10,1024,6,128,512,-1,1,0,-1,7,103,7,2,1616478,103,0,7,7,198.0,43.6,49.0
s2b-r11,3,B,512,s2b-r11-241,512,512,0,10,512,512,1,10,1024,6,128,512,-1,1,0,-1,7,106,7,2,1663151,106,0,7,7,52.0,43.6,49.0
s2b-r11,3,B,512,s2b-r11-242,512,512,0,10,512,512,1,10,1024,6,128,512,-1,1,0,-1,7,84,7,2,1326183,82,0,7,7,52.0,43.6,49.0
s2b-r11,3,B,512,s2b-r11-243,512,512,0,10,512,512,1,10,1024,6,128,512,-1,1,0,-1,7,101,7,2,1582738,101,0,7,7,54.0,43.6,49.0
s2b-r11,3,B,512,s2b-r11-244,512,512,0,10,512,512,1,10,1024,6,128,512,-1,1,0,-1,7,99,7,2,1558140,99,0,7,7,205.0,43.6,49.0
s2b-r11,3,B,512,s2b-r11-245,512,512,0,10,512,512,1,10,1024,0,1,512,0,0,0,-1,7,81,0,0,1273767,82,0,0,0,64.0,43.6,49.0
s2b-r11,3,B,512,s2b-r11-246,512,512,0,10,512,512,1,10,1024,6,128,512,7,1,0,-1,0,166,7,0,2602381,166,0,7,7,75.0,43.6,49.0
s2b-r11,3,B,512,s2b-r11-247,512,512,0,10,512,512,1,10,1024,6,128,512,-1,1,0,-1,7,76,7,2,1187702,80,0,7,7,19.0,43.6,49.0
s2b-r11,3,B,512,s2b-r11-248,512,512,0,10,512,512,1,10,1024,6,128,512,-1,1,0,-1,7,99,7,2,1561784,99,0,7,7,46.0,43.6,49.0
s2b-r11,3,B,512,s2b-r11-249,512,512,0,10,512,512,1,10,1024,0,8,512,3,0,0,-1,7,59,3,0,936599,19,0,3,3,102.0,43.6,49.0
s2b-r11,3,B,512,s2b-r11-250,512,512,0,10,512,512,1,10,1024,0,1,512,0,0,0,-1,3,155,0,0,2433327,155,0,0,0,23.0,43.6,49.0
s2b-r11,3,B,512,s2b-r11-251,512,512,0,10,512,512,1,10,1024,6,64,512,6,1,0,-1,0,97,6,0,1516385,97,0,6,6,67.0,43.6,49.0
s2b-r11,3,B,512,s2b-r11-252,512,512,0,10,512,512,1,10,1024,6,128,512,7,1,0,-1,6,99,7,0,1560437,99,0,7,7,76.0,43.6,49.0
s2b-r11,3,B,512,s2b-r11-253,512,512,0,10,512,512,1,10,1024,6,128,512,-1,1,0,-1,7,101,7,2,1585538,99,0,7,7,57.0,43.6,49.0
s2b-r11,3,B,512,s2b-r11-254,512,512,0,10,512,512,1,10,1024,6,128,512,-1,1,0,-1,7,102,7,2,1608080,102,0,7,7,57.0,43.6,49.0
s2b-r11,3,B,512,s2b-r11-255,512,512,0,10,512,512,1,10,1024,6,128,512,-1,1,0,-1,7,102,7,2,1599683,102,0,7,7,53.0,43.6,49.0
s2b-r11,3,B,512,s2b-r11-256,512,512,0,10,512,512,1,10,1024,6,128,512,-1,1,0,-1,7,100,7,2,1576290,99,0,7,7,56.0,43.6,49.0
s2b-r11,3,B,512,s2b-r11-257,512,512,0,10,512,512,1,10,1024,6,128,512,-1,1,0,-1,7,81,7,2,1270767,56,0,7,7,131.0,43.6,49.0
s2b-r11,3,B,512,s2b-r11-258,512,512,0,10,512,512,1,10,1024,6,128,512,-1,1,0,-1,7,101,7,2,1582335,101,0,7,7,53.0,43.6,49.0
s2b-r11,3,B,512,s2b-r11-259,512,512,0,10,512,512,1,10,1024,6,128,512,-1,1,0,-1,7,98,7,2,1543123,98,0,7,7,158.0,43.6,49.0
s2b-r11,3,B,512,s2b-r11-260,512,512,0,10,512,512,1,10,1024,6,128,512,-1,1,0,-1,7,78,7,2,1225255,78,0,7,7,49.0,43.6,49.0
s2b-r11,3,B,512,s2b-r11-261,512,512,0,10,512,512,1,10,1024,6,128,512,-1,1,0,-1,7,99,7,2,1557519,99,0,7,7,179.0,43.6,49.0
s2b-r11,3,B,512,s2b-r11-262,512,512,0,10,512,512,1,10,1024,6,128,512,-1,1,0,-1,7,103,7,2,1612915,103,0,7,7,51.0,43.6,49.0
s2b-r11,3,B,512,s2b-r11-263,512,512,0,10,512,512,1,10,1024,6,128,512,-1,1,0,-1,7,76,7,2,1191902,99,0,7,7,162.0,43.6,49.0
s2b-r11,3,B,512,s2b-r11-264,512,512,0,10,512,512,1,10,1024,6,128,512,-1,1,0,-1,7,105,7,2,1652020,105,0,7,7,58.0,43.6,49.0
s2b-r11,3,B,512,s2b-r11-265,512,512,0,10,512,512,1,10,1024,6,128,512,-1,1,0,-1,7,98,7,2,1536907,98,0,7,7,45.0,43.6,49.0
s2b-r11,3,B,512,s2b-r11-266,512,512,0,10,512,512,1,10,1024,6,128,512,-1,1,0,-1,7,99,7,2,1549527,99,0,7,7,137.0,43.6,49.0
s2b-r11,3,B,512,s2b-r11-267,512,512,0,10,512,512,1,10,1024,6,128,512,-1,1,0,-1,7,103,7,2,1615006,103,0,7,7,48.0,43.6,49.0
s2b-r11,3,B,512,s2b-r11-268,512,512,0,10,512,512,1,10,1024,6,128,512,-1,1,0,-1,7,79,7,2,1245063,98,0,7,7,175.0,43.6,49.0
s2b-r11,3,B,512,s2b-r11-269,512,512,0,10,512,512,1,10,1024,6,128,512,-1,1,0,-1,7,107,7,2,1681141,107,0,7,7,50.0,43.6,49.0
s2b-r11,3,B,512,s2b-r11-270,512,512,0,10,512,512,1,10,1024,6,128,512,-1,1,0,-1,7,87,7,2,1371002,107,0,7,7,150.0,43.6,49.0
s2b-r11,3,B,512,s2b-r11-271,512,512,0,10,512,512,1,10,1024,6,128,512,-1,1,0,-1,7,103,7,2,1614889,107,0,7,7,48.0,43.6,49.0
s2b-r11,3,B,512,s2b-r11-272,512,512,0,10,512,512,1,10,1024,6,128,512,-1,1,0,-1,7,88,7,2,1375218,88,0,7,7,193.0,43.6,49.0
s2b-r11,3,B,512,s2b-r11-273,512,512,0,10,512,512,1,10,1024,6,128,512,-1,1,0,-1,7,103,7,2,1616184,103,0,7,7,59.0,43.6,49.0
s2b-r11,3,B,512,s2b-r11-274,512,512,0,10,512,512,1,10,1024,6,64,512,6,1,0,-1,7,100,6,0,1576562,100,0,6,6,173.0,43.6,49.0
s2b-r11,3,B,512,s2b-r11-275,512,512,0,10,512,512,1,10,1024,6,64,512,-1,1,0,-1,6,102,6,2,1597089,102,0,6,6,46.0,43.6,49.0
s2b-r11,3,B,512,s2b-r11-276,512,512,0,10,512,512,1,10,1024,6,64,512,-1,1,0,-1,6,98,6,2,1540131,98,0,6,6,137.0,43.6,49.0
s2b-r11,3,B,512,s2b-r11-277,512,512,0,10,512,512,1,10,1024,6,64,512,-1,1,0,-1,6,81,6,2,1273433,57,0,6,6,49.0,43.6,49.0
s2b-r11,3,B,512,s2b-r11-278,512,512,0,10,512,512,1,10,1024,6,64,512,-1,1,0,-1,6,97,6,2,1527986,97,0,6,6,180.0,43.6,49.0
s2b-r11,3,B,512,s2b-r11-279,512,512,0,10,512,512,1,10,1024,6,64,512,-1,1,0,-1,6,103,6,2,1618926,103,0,6,6,47.0,43.6,49.0
s2b-r11,3,B,512,s2b-r11-280,512,512,0,10,512,512,1,10,1024,6,64,512,-1,1,0,-1,6,71,6,2,1118446,27,0,6,6,122.0,43.6,49.0
s2b-r11,3,B,512,s2b-r11-281,512,512,0,10,512,512,1,10,1024,0,32,512,5,0,0,-1,6,101,6,0,1583816,101,0,6,6,59.0,43.6,49.0
s2b-r11,3,B,512,s2b-r11-282,512,512,0,10,512,512,1,10,1024,6,64,512,-1,1,0,-1,6,98,6,2,1537233,98,0,6,6,155.0,43.6,49.0
s2b-r11,3,B,512,s2b-r11-283,512,512,0,10,512,512,1,10,1024,6,64,512,-1,1,0,-1,6,65,6,2,1030812,33,0,6,6,48.0,43.6,49.0
s2b-r11,3,B,512,s2b-r11-284,512,512,0,10,512,512,1,10,1024,6,128,512,-1,1,0,-1,7,101,7,2,1592155,101,0,7,7,190.0,43.6,49.0
s2b-r11,3,B,512,s2b-r11-285,512,512,0,10,512,512,1,10,1024,6,128,512,-1,1,0,-1,7,84,7,2,1327619,101,0,7,7,52.0,43.6,49.0
s2b-r11,3,B,512,s2b-r11-286,512,512,0,10,512,512,1,10,1024,6,128,512,-1,1,0,-1,7,101,7,2,1587989,101,0,7,7,133.0,43.6,49.0
s2b-r11,3,B,512,s2b-r11-287,512,512,0,10,512,512,1,10,1024,6,128,512,-1,1,0,-1,7,104,7,2,1627049,104,0,7,7,45.0,43.6,49.0
s2b-r11,3,B,512,s2b-r11-288,512,512,0,10,512,512,1,10,1024,6,128,512,-1,1,0,-1,7,77,7,2,1216478,67,0,7,7,156.0,43.6,49.0
s2b-r11,3,B,512,s2b-r11-289,512,512,0,10,512,512,1,10,1024,6,128,512,-1,1,0,-1,7,105,7,2,1642622,105,0,7,7,48.0,43.6,49.0
s2b-r11,3,B,512,s2b-r11-290,512,512,0,10,512,512,1,10,1024,6,128,512,-1,1,0,-1,7,87,7,2,1366794,87,0,7,7,129.0,43.6,49.0
s2b-r11,3,B,512,s2b-r11-291,512,512,0,10,512,512,1,10,1024,6,128,512,-1,1,0,-1,7,103,7,2,1609754,103,0,7,7,49.0,43.6,49.0
s2b-r11,3,B,512,s2b-r11-292,512,512,0,10,512,512,1,10,1024,6,128,512,-1,1,0,-1,7,85,7,2,1342736,103,0,7,7,450.0,43.6,49.0
s2b-r11,3,B,512,s2b-r11-293,512,512,0,10,512,512,1,10,1024,6,128,512,-1,1,0,-1,7,113,7,2,1775000,113,0,7,7,53.0,43.6,49.0
s2b-r11,3,B,512,s2b-r11-294,512,512,0,10,512,512,1,10,1024,6,128,512,-1,1,0,-1,7,102,7,2,1605102,103,0,7,7,147.0,43.6,49.0
s2b-r11,3,B,512,s2b-r11-295,512,512,0,10,512,512,1,10,1024,6,128,512,-1,1,0,-1,7,103,7,2,1613517,103,0,7,7,50.0,43.6,49.0
s2b-r11,3,B,512,s2b-r11-296,512,512,0,10,512,512,1,10,1024,6,128,512,-1,1,0,-1,7,101,7,2,1578459,103,0,7,7,148.0,43.6,49.0
s2b-r11,3,B,512,s2b-r11-297,512,512,0,10,512,512,1,10,1024,6,128,512,-1,1,0,-1,7,106,7,2,1662425,106,0,7,7,50.0,43.6,49.0
s2b-r11,3,B,512,s2b-r11-298,512,512,0,10,512,512,1,10,1024,0,2,512,1,0,0,-1,7,101,1,0,1593720,103,0,1,1,203.0,43.6,49.0
s2b-r11,3,B,512,s2b-r11-299,512,512,0,10,512,512,1,10,1024,6,64,512,6,1,0,-1,1,95,6,0,1485187,34,0,6,6,2135.0,43.6,49.0
s2b-r11,3,B,512,s2b-r11-300,512,512,0,10,512,512,1,10,1024,6,64,512,-1,1,0,-1,6,120,6,2,1889812,120,0,6,6,62.0,43.6,49.0
s2b-r11,3,B,512,s2b-r11-301,512,512,0,10,512,512,1,10,1024,6,64,512,-1,1,0,-1,6,78,6,2,1225703,69,0,6,6,148.0,43.6,49.0
s2b-r11,3,B,512,s2b-r11-302,512,512,0,10,512,512,1,10,1024,6,64,512,-1,1,0,-1,6,105,6,2,1646476,105,0,6,6,47.0,43.6,49.0
s2b-r11,3,B,512,s2b-r11-303,512,512,0,10,512,512,1,10,1024,6,64,512,-1,1,0,-1,6,83,6,2,1309979,83,0,6,6,49.0,43.6,49.0
s2b-r11,3,B,512,s2b-r11-304,512,512,0,10,512,512,1,10,1024,6,64,512,-1,1,0,-1,6,99,6,2,1553072,99,0,6,6,149.0,43.6,49.0
s2b-r11,3,B,512,s2b-r11-305,512,512,0,10,512,512,1,10,1024,6,64,512,-1,1,0,-1,6,102,6,2,1600848,102,0,6,6,48.0,43.6,49.0
s2b-r11,3,B,512,s2b-r11-306,512,512,0,10,512,512,1,10,1024,6,64,512,-1,1,0,-1,6,77,6,2,1208097,67,0,6,6,305.0,43.6,49.0
s2b-r11,3,B,512,s2b-r11-307,512,512,0,10,512,512,1,10,1024,6,64,512,-1,1,0,-1,6,113,6,2,1775262,113,0,6,6,49.0,43.6,49.0
s2b-r11,3,B,512,s2b-r11-308,512,512,0,10,512,512,1,10,1024,6,64,512,-1,1,0,-1,6,97,6,2,1528218,97,0,6,6,76.0,43.6,49.0
s2b-r11,3,B,512,s2b-r11-309,512,512,0,10,512,512,1,10,1024,6,64,512,-1,1,0,-1,6,101,6,2,1579845,101,0,6,6,147.0,43.6,49.0
s2b-r11,3,B,512,s2b-r11-310,512,512,0,10,512,512,1,10,1024,6,64,512,-1,1,0,-1,6,105,6,2,1642836,105,0,6,6,51.0,43.6,49.0
s2b-r11,3,B,512,s2b-r11-311,512,512,0,10,512,512,1,10,1024,6,64,512,-1,1,0,-1,6,103,6,2,1615171,99,0,6,6,152.0,43.6,49.0
s2b-r11,3,B,512,s2b-r11-312,512,512,0,10,512,512,1,10,1024,6,64,512,-1,1,0,-1,6,102,6,2,1595505,102,0,6,6,49.0,43.6,49.0
s2b-r11,3,B,512,s2b-r11-313,512,512,0,10,512,512,1,10,1024,6,64,512,-1,1,0,-1,6,91,6,2,1424050,99,0,6,6,123.0,43.6,49.0
s2b-r11,3,B,512,s2b-r11-314,512,512,0,10,512,512,1,10,1024,6,64,512,-1,1,0,-1,6,105,6,2,1654983,105,0,6,6,51.0,43.6,49.0
s2b-r11,3,B,512,s2b-r11-315,512,512,0,10,512,512,1,10,1024,6,64,512,-1,1,0,-1,6,80,6,2,1263312,80,0,6,6,177.0,43.6,49.0
s2b-r11,3,B,512,s2b-r11-316,512,512,0,10,512,512,1,10,1024,6,64,512,-1,1,0,-1,6,118,6,2,1852866,118,0,6,6,55.0,43.6,49.0
s2b-r11,3,B,512,s2b-r11-317,512,512,0,10,512,512,1,10,1024,6,64,512,-1,1,0,-1,6,97,6,2,1529181,97,0,6,6,81.0,43.6,49.0
s2b-r11,3,B,512,s2b-r11-318,512,512,0,10,512,512,1,10,1024,6,64,512,-1,1,0,-1,6,100,6,2,1576585,100,0,6,6,48.0,43.6,49.0
s2b-r11,3,B,512,s2b-r11-319,512,512,0,10,512,512,1,10,1024,6,64,512,-1,1,0,-1,6,84,6,2,1317798,100,0,6,6,50.0,43.6,49.0
s2b-r11,3,B,512,s2b-r11-320,512,512,0,10,512,512,1,10,1024,6,64,512,-1,1,0,-1,6,98,6,2,1533252,100,0,6,6,138.0,43.6,49.0
s2b-r11,3,B,512,s2b-r11-321,512,512,0,10,512,512,1,10,1024,6,64,512,-1,1,0,-1,6,102,6,2,1606634,102,0,6,6,58.0,43.6,49.0
s2b-r11,3,B,512,s2b-r11-322,512,512,0,10,512,512,1,10,1024,6,64,512,-1,1,0,-1,6,78,6,2,1225138,72,0,6,6,53.0,43.6,49.0
s2b-r11,3,B,512,s2b-r11-323,512,512,0,10,512,512,1,10,1024,6,64,512,-1,1,0,-1,6,98,6,2,1538778,98,0,6,6,149.0,43.6,49.0
s2b-r11,3,B,512,s2b-r11-324,512,512,0,10,512,512,1,10,1024,6,64,512,-1,1,0,-1,6,104,6,2,1627062,104,0,6,6,50.0,43.6,49.0
s2b-r11,3,B,512,s2b-r11-325,512,512,0,10,512,512,1,10,1024,6,64,512,-1,1,0,-1,6,74,6,2,1170096,65,0,6,6,130.0,43.6,49.0
s2b-r11,3,B,512,s2b-r11-326,512,512,0,10,512,512,1,10,1024,6,64,512,-1,1,0,-1,6,101,6,2,1586058,101,0,6,6,50.0,43.6,49.0
s2b-r11,3,B,512,s2b-r11-327,512,512,0,10,512,512,1,10,1024,6,64,512,-1,1,0,-1,6,97,6,2,1527933,97,0,6,6,148.0,43.6,49.0
s2b-r11,3,B,512,s2b-r11-328,512,512,0,10,512,512,1,10,1024,6,64,512,-1,1,0,-1,6,96,6,2,1511992,96,0,6,6,49.0,43.6,49.0
s2b-r11,3,B,512,s2b-r11-329,512,512,0,10,512,512,1,10,1024,6,64,512,-1,1,0,-1,6,99,6,2,1554827,99,0,6,6,175.0,43.6,49.0
s2b-r11,3,B,512,s2b-r11-330,512,512,0,10,512,512,1,10,1024,6,64,512,-1,1,0,-1,6,103,6,2,1609748,103,0,6,6,55.0,43.6,49.0
s2b-r11,3,B,512,s2b-r11-331,512,512,0,10,512,512,1,10,1024,6,64,512,-1,1,0,-1,6,99,6,2,1554321,99,0,6,6,170.0,43.6,49.0
s2b-r11,3,B,512,s2b-r11-332,512,512,0,10,512,512,1,10,1024,6,64,512,-1,1,0,-1,6,110,6,2,1732845,110,0,6,6,41.0,43.6,49.0
s2b-r11,3,B,512,s2b-r11-333,512,512,0,10,512,512,1,10,1024,6,64,512,-1,1,0,-1,6,82,6,2,1291971,66,0,6,6,51.0,43.6,49.0
s2b-r11,3,B,512,s2b-r11-334,512,512,0,10,512,512,1,10,1024,6,64,512,-1,1,0,-1,6,98,6,2,1537301,98,0,6,6,54.0,43.6,49.0
s2b-r11,3,B,512,s2b-r11-335,512,512,0,10,512,512,1,10,1024,6,64,512,-1,1,0,-1,6,99,6,2,1562184,99,0,6,6,172.0,43.6,49.0
s2b-r11,3,B,512,s2b-r11-336,512,512,0,10,512,512,1,10,1024,6,64,512,-1,1,0,-1,6,75,6,2,1179246,72,0,6,6,48.0,43.6,49.0
s2b-r11,3,B,512,s2b-r11-337,512,512,0,10,512,512,1,10,1024,6,64,512,-1,1,0,-1,6,98,6,2,1533757,98,0,6,6,206.0,43.6,49.0
s2b-r11,3,B,512,s2b-r11-338,512,512,0,10,512,512,1,10,1024,6,64,512,-1,1,0,-1,6,105,6,2,1650242,105,0,6,6,51.0,43.6,49.0
s2b-r11,3,B,512,s2b-r11-339,512,512,0,10,512,512,1,10,1024,6,64,512,-1,1,0,-1,6,99,6,2,1560416,99,0,6,6,137.0,43.6,49.0
s2b-r11,3,B,512,s2b-r11-340,512,512,0,10,512,512,1,10,1024,6,64,512,-1,1,0,-1,6,106,6,2,1662949,106,0,6,6,53.0,43.6,49.0
s2b-r11,3,B,512,s2b-r11-341,512,512,0,10,512,512,1,10,1024,6,64,512,-1,1,0,-1,6,102,6,2,1598111,101,0,6,6,201.0,43.6,49.0
s2b-r11,3,B,512,s2b-r11-342,512,512,0,10,512,512,1,10,1024,6,64,512,-1,1,0,-1,6,115,6,2,1804968,115,0,6,6,53.0,43.6,49.0
s2b-r11,3,B,512,s2b-r11-343,512,512,0,10,512,512,1,10,1024,6,64,512,-1,1,0,-1,6,105,6,2,1647489,115,0,6,6,168.0,43.6,49.0
s2b-r11,3,B,512,s2b-r11-344,512,512,0,10,512,512,1,10,1024,6,64,512,-1,1,0,-1,6,106,6,2,1659925,115,0,6,6,51.0,43.6,49.0
s2b-r11,3,B,512,s2b-r11-345,512,512,0,10,512,512,1,10,1024,6,64,512,-1,1,0,-1,6,104,6,2,1634650,115,0,6,6,171.0,43.6,49.0
s2b-r11,3,B,512,s2b-r11-346,512,512,0,10,512,512,1,10,1024,6,64,512,-1,1,0,-1,6,111,6,2,1735486,115,0,6,6,48.0,43.6,49.0
s2b-r11,3,B,512,s2b-r11-347,512,512,0,10,512,512,1,10,1024,6,64,512,-1,1,0,-1,6,82,6,2,1291413,72,0,6,6,174.0,43.6,49.0
s2b-r11,3,B,512,s2b-r11-348,512,512,0,10,512,512,1,10,1024,6,64,512,-1,1,0,-1,6,105,6,2,1646462,105,0,6,6,49.0,43.6,49.0
s2b-r11,3,B,512,s2b-r11-349,512,512,0,10,512,512,1,10,1024,6,64,512,-1,1,0,-1,6,87,6,2,1361875,87,0,6,6,146.0,43.6,49.0
s2b-r11,3,B,512,s2b-r11-350,512,512,0,10,512,512,1,10,1024,6,64,512,-1,1,0,-1,6,103,6,2,1620316,103,0,6,6,52.0,43.6,49.0
s2b-r11,3,B,512,s2b-r11-351,512,512,0,10,512,512,1,10,1024,6,64,512,-1,1,0,-1,6,88,6,2,1376149,103,0,6,6,46.0,43.6,49.0
s2b-r11,3,B,512,s2b-r11-352,512,512,0,10,512,512,1,10,1024,6,64,512,-1,1,0,-1,6,99,6,2,1547886,103,0,6,6,147.0,43.6,49.0
s2b-r11,3,B,512,s2b-r11-353,512,512,0,10,512,512,1,10,1024,6,64,512,-1,1,0,-1,6,102,6,2,1603777,103,0,6,6,53.0,43.6,49.0
s2b-r11,3,B,512,s2b-r11-354,512,512,0,10,512,512,1,10,1024,6,64,512,-1,1,0,-1,6,77,6,2,1214723,65,0,6,6,413.0,43.6,49.0
s2b-r11,3,B,512,s2b-r11-355,512,512,0,10,512,512,1,10,1024,6,64,512,-1,1,0,-1,6,106,6,2,1668071,106,0,6,6,57.0,43.6,49.0
s2b-r11,3,B,512,s2b-r11-356,512,512,0,10,512,512,1,10,1024,6,64,512,-1,1,0,-1,6,100,6,2,1568720,100,0,6,6,126.0,43.6,49.0
s2b-r11,3,B,512,s2b-r11-357,512,512,0,10,512,512,1,10,1024,6,64,512,-1,1,0,-1,6,103,6,2,1613260,103,0,6,6,52.0,43.6,49.0
s2b-r11,3,B,512,s2b-r11-358,512,512,0,10,512,512,1,10,1024,6,64,512,-1,1,0,-1,6,81,6,2,1280861,68,0,6,6,145.0,43.6,49.0
s2b-r11,3,B,512,s2b-r11-359,512,512,0,10,512,512,1,10,1024,6,64,512,-1,1,0,-1,6,103,6,2,1610161,103,0,6,6,50.0,43.6,49.0
s2b-r11,3,B,512,s2b-r11-360,512,512,0,10,512,512,1,10,1024,6,64,512,-1,1,0,-1,6,99,6,2,1547727,99,0,6,6,49.0,43.6,49.0
s2b-r11,3,B,512,s2b-r11-361,512,512,0,10,512,512,1,10,1024,6,64,512,-1,1,0,-1,6,98,6,2,1542558,98,0,6,6,59.0,43.6,49.0
s2b-r11,3,B,512,s2b-r11-362,512,512,0,10,512,512,1,10,1024,6,64,512,-1,1,0,-1,6,102,6,2,1604356,102,0,6,6,196.0,43.6,49.0
s2b-r11,3,B,512,s2b-r11-363,512,512,0,10,512,512,1,10,1024,0,16,512,4,0,0,-1,6,81,6,0,1277790,102,0,6,6,65.0,43.6,49.0
s2b-r11,3,B,512,s2b-r11-364,512,512,0,10,512,512,1,10,1024,0,2,512,0,0,0,-1,6,100,1,0,1575248,102,0,1,1,59.0,43.6,49.0
s2b-r11,3,B,512,s2b-r11-365,512,512,0,10,512,512,1,10,1024,6,64,512,6,1,0,-1,1,84,6,0,1322866,84,0,6,6,84.0,43.6,49.0
s2b-r11,3,B,512,s2b-r11-366,512,512,0,10,512,512,1,10,1024,6,64,512,-1,1,0,-1,6,103,6,2,1616997,103,0,6,6,25.0,43.6,49.0
s2b-r11,3,B,512,s2b-r11-367,512,512,0,10,512,512,1,10,1024,0,16,512,1,0,0,-1,6,100,4,0,1569476,100,0,4,4,188.0,43.6,49.0
s2b-r11,3,B,512,s2b-r11-368,512,512,0,10,512,512,1,10,1024,6,128,512,7,1,0,-1,4,154,7,0,2418307,154,0,7,7,104.0,43.6,49.0
s2b-r11,3,B,512,s2b-r11-369,512,512,0,10,512,512,1,10,1024,6,128,512,-1,1,0,-1,7,109,7,2,1707587,103,0,7,7,19.0,43.6,49.0
s2b-r11,3,B,512,s2b-r11-370,512,512,0,10,512,512,1,10,1024,6,128,512,-1,1,0,-1,7,112,7,2,1751344,98,0,7,7,25.0,43.6,49.0
s2b-r11,3,B,512,s2b-r11-371,512,512,0,10,512,512,1,10,1024,6,64,512,6,1,0,-1,7,111,6,0,1736248,98,0,6,6,115.0,43.6,49.0
s2b-r11,3,B,512,s2b-r11-372,512,512,0,10,512,512,1,10,1024,6,64,512,-1,1,0,-1,6,80,6,2,1251951,98,0,6,6,142.0,43.6,49.0
s2b-r11,3,B,512,s2b-r11-373,512,512,0,10,512,512,1,10,1024,0,2,512,0,0,0,-1,6,105,1,0,1655350,105,0,1,1,61.0,43.6,49.0
s2b-r11,3,B,512,s2b-r11-374,512,512,0,10,512,512,1,10,1024,6,128,512,6,1,0,-1,1,123,7,0,1928957,123,0,7,7,157.0,43.6,49.0
s2b-r11,3,B,512,s2b-r11-375,512,512,0,10,512,512,1,10,1024,6,128,512,-1,1,0,-1,7,111,7,2,1744957,111,0,7,7,62.0,43.6,49.0
s2b-r11,3,B,512,s2b-r11-376,512,512,0,10,512,512,1,10,1024,6,128,512,-1,1,0,-1,7,78,7,2,1224069,78,0,7,7,142.0,43.6,49.0
s2b-r11,3,B,512,s2b-r11-377,512,512,0,10,512,512,1,10,1024,6,128,512,-1,1,0,-1,7,101,7,2,1592892,101,0,7,7,47.0,43.6,49.0
s2b-r11,3,B,512,s2b-r11-378,512,512,0,10,512,512,1,10,1024,6,128,512,-1,1,0,-1,7,84,7,2,1313637,101,0,7,7,127.0,43.6,49.0
s2b-r11,3,B,512,s2b-r11-379,512,512,0,10,512,512,1,10,1024,6,128,512,-1,1,0,-1,7,103,7,2,1623185,103,0,7,7,177.0,43.6,49.0
s2b-r11,3,B,512,s2b-r11-380,512,512,0,10,512,512,1,10,1024,6,128,512,-1,1,0,-1,7,103,7,2,1610154,103,0,7,7,50.0,43.6,49.0
s2b-r11,3,B,512,s2b-r11-381,512,512,0,10,512,512,1,10,1024,6,128,512,-1,1,0,-1,7,78,7,2,1220475,71,0,7,7,61.0,43.6,49.0
s2b-r11,3,B,512,s2b-r11-382,512,512,0,10,512,512,1,10,1024,6,128,512,-1,1,0,-1,7,102,7,2,1599649,102,0,7,7,54.0,43.6,49.0
s2b-r11,3,B,512,s2b-r11-383,512,512,0,10,512,512,1,10,1024,6,128,512,-1,1,0,-1,7,72,7,2,1136710,72,0,7,7,159.0,43.6,49.0
s2b-r11,3,B,512,s2b-r11-384,512,512,0,10,512,512,1,10,1024,6,128,512,-1,1,0,-1,7,104,7,2,1634591,104,0,7,7,49.0,43.6,49.0
s2b-r11,3,B,512,s2b-r11-385,512,512,0,10,512,512,1,10,1024,6,128,512,-1,1,0,-1,7,87,7,2,1369410,104,0,7,7,139.0,43.6,49.0
s2b-r11,3,B,512,s2b-r11-386,512,512,0,10,512,512,1,10,1024,6,128,512,-1,1,0,-1,7,103,7,2,1619650,104,0,7,7,47.0,43.6,49.0
s2b-r11,3,B,512,s2b-r11-387,512,512,0,10,512,512,1,10,1024,6,128,512,-1,1,0,-1,7,87,7,2,1360236,87,0,7,7,129.0,43.6,49.0
s2b-r11,3,B,512,s2b-r11-388,512,512,0,10,512,512,1,10,1024,6,128,512,-1,1,0,-1,7,102,7,2,1609158,102,0,7,7,50.0,43.6,49.0
s2b-r11,3,B,512,s2b-r11-389,512,512,0,10,512,512,1,10,1024,6,128,512,-1,1,0,-1,7,89,7,2,1393683,89,0,7,7,166.0,43.6,49.0
s2b-r11,3,B,512,s2b-r11-390,512,512,0,10,512,512,1,10,1024,6,128,512,-1,1,0,-1,7,111,7,2,1747187,111,0,7,7,53.0,43.6,49.0
s2b-r11,3,B,512,s2b-r11-391,512,512,0,10,512,512,1,10,1024,6,128,512,-1,1,0,-1,7,96,7,2,1503511,96,0,7,7,185.0,43.6,49.0
s2b-r11,3,B,512,s2b-r11-392,512,512,0,10,512,512,1,10,1024,6,128,512,-1,1,0,-1,7,105,7,2,1656139,105,0,7,7,52.0,43.6,49.0
s2b-r11,3,B,512,s2b-r11-393,512,512,0,10,512,512,1,10,1024,6,128,512,-1,1,0,-1,7,98,7,2,1543210,98,0,7,7,194.0,43.6,49.0
s2b-r11,3,B,512,s2b-r11-394,512,512,0,10,512,512,1,10,1024,6,128,512,-1,1,0,-1,7,81,7,2,1273344,77,0,7,7,55.0,43.6,49.0
s2b-r11,3,B,512,s2b-r11-395,512,512,0,10,512,512,1,10,1024,6,128,512,-1,1,0,-1,7,105,7,2,1648480,105,0,7,7,247.0,43.6,49.0
s2b-r11,3,B,512,s2b-r11-396,512,512,0,10,512,512,1,10,1024,6,128,512,-1,1,0,-1,7,113,7,2,1770603,113,0,7,7,54.0,43.6,49.0
s2b-r11,3,B,512,s2b-r11-397,512,512,0,10,512,512,1,10,1024,6,64,512,-1,1,0,-1,6,108,6,2,1689324,108,0,6,6,150.0,43.6,49.0
s2b-r11,3,B,512,s2b-r11-398,512,512,0,10,512,512,1,10,1024,6,64,512,-1,1,0,-1,6,105,6,2,1655934,105,0,6,6,54.0,43.6,49.0
s2b-r11,3,B,512,s2b-r11-399,512,512,0,10,512,512,1,10,1024,6,64,512,-1,1,0,-1,6,106,6,2,1664994,99,0,6,6,176.0,43.6,49.0
s2b-r11,3,B,512,s2b-r11-400,512,512,0,10,512,512,1,10,1024,6,64,512,-1,1,0,-1,6,106,6,2,1663273,104,0,6,6,49.0,43.6,49.0
s2b-r11,3,B,512,s2b-r11-401,512,512,0,10,512,512,1,10,1024,6,64,512,-1,1,0,-1,6,94,6,2,1473926,99,0,6,6,126.0,43.6,49.0
s2b-r11,3,B,512,s2b-r11-402,512,512,0,10,512,512,1,10,1024,6,64,512,-1,1,0,-1,6,103,6,2,1624637,103,0,6,6,51.0,43.6,49.0
s2b-r11,3,B,512,s2b-r11-403,512,512,0,10,512,512,1,10,1024,6,64,512,-1,1,0,-1,6,98,6,2,1545350,98,0,6,6,152.0,43.6,49.0
s2b-r11,3,B,512,s2b-r11-404,512,512,0,10,512,512,1,10,1024,6,64,512,-1,1,0,-1,6,80,6,2,1264867,98,0,6,6,50.0,43.6,49.0
s2b-r11,3,B,512,s2b-r11-405,512,512,0,10,512,512,1,10,1024,6,64,512,-1,1,0,-1,6,97,6,2,1518838,98,0,6,6,155.0,43.6,49.0
s2b-r11,3,B,512,s2b-r11-406,512,512,0,10,512,512,1,10,1024,6,64,512,-1,1,0,-1,6,103,6,2,1615452,103,0,6,6,49.0,43.6,49.0
s2b-r11,3,B,512,s2b-r11-407,512,512,0,10,512,512,1,10,1024,6,64,512,-1,1,0,-1,6,70,6,2,1101276,58,0,6,6,161.0,43.6,49.0
s2b-r11,3,B,512,s2b-r11-408,512,512,0,10,512,512,1,10,1024,6,64,512,-1,1,0,-1,6,104,6,2,1626326,104,0,6,6,56.0,43.6,49.0
s2b-r11,3,B,512,s2b-r11-409,512,512,0,10,512,512,1,10,1024,6,64,512,-1,1,0,-1,6,98,6,2,1536870,98,0,6,6,147.0,43.6,49.0
s2b-r11,3,B,512,s2b-r11-410,512,512,0,10,512,512,1,10,1024,6,64,512,-1,1,0,-1,6,100,6,2,1567536,100,0,6,6,51.0,43.6,49.0
s2b-r11,3,B,512,s2b-r11-411,512,512,0,10,512,512,1,10,1024,6,64,512,-1,1,0,-1,6,98,6,2,1546847,100,0,6,6,206.0,43.6,49.0
s2b-r11,3,B,512,s2b-r11-412,512,512,0,10,512,512,1,10,1024,6,64,512,-1,1,0,-1,6,110,6,2,1723238,110,0,6,6,50.0,43.6,49.0
s2b-r11,3,B,512,s2b-r11-413,512,512,0,10,512,512,1,10,1024,6,64,512,-1,1,0,-1,6,96,6,2,1511806,100,0,6,6,188.0,43.6,49.0
s2b-r11,3,B,512,s2b-r11-414,512,512,0,10,512,512,1,10,1024,6,64,512,-1,1,0,-1,6,102,6,2,1601689,102,0,6,6,46.0,43.6,49.0
s2b-r11,3,B,512,s2b-r11-415,512,512,0,10,512,512,1,10,1024,6,64,512,-1,1,0,-1,6,101,6,2,1586024,98,0,6,6,48.0,43.6,49.0
s2b-r11,3,B,512,s2b-r11-416,512,512,0,10,512,512,1,10,1024,6,64,512,-1,1,0,-1,6,79,6,2,1240063,98,0,6,6,52.0,43.6,49.0
s2b-r11,3,B,512,s2b-r11-417,512,512,0,10,512,512,1,10,1024,6,64,512,-1,1,0,-1,6,100,6,2,1564301,100,0,6,6,203.0,43.6,49.0
s2b-r11,3,B,512,s2b-r11-418,512,512,0,10,512,512,1,10,1024,6,64,512,-1,1,0,-1,6,106,6,2,1663465,106,0,6,6,54.0,43.6,49.0
s2b-r11,3,B,512,s2b-r11-419,512,512,0,10,512,512,1,10,1024,6,64,512,-1,1,0,-1,6,100,6,2,1566334,100,0,6,6,183.0,43.6,49.0
s2b-r11,3,B,512,s2b-r11-420,512,512,0,10,512,512,1,10,1024,6,64,512,-1,1,0,-1,6,108,6,2,1690256,108,0,6,6,50.0,43.6,49.0
s2b-r11,3,B,512,s2b-r11-421,512,512,0,10,512,512,1,10,1024,6,64,512,-1,1,0,-1,6,82,6,2,1294541,100,0,6,6,183.0,43.6,49.0
s2b-r11,3,B,512,s2b-r11-422,512,512,0,10,512,512,1,10,1024,6,64,512,-1,1,0,-1,6,108,6,2,1696960,108,0,6,6,55.0,43.6,49.0
s2b-r11,3,B,512,s2b-r11-423,512,512,0,10,512,512,1,10,1024,6,64,512,-1,1,0,-1,6,94,6,2,1475272,94,0,6,6,191.0,43.6,49.0
s2b-r11,3,B,512,s2b-r11-424,512,512,0,10,512,512,1,10,1024,6,64,512,-1,1,0,-1,6,103,6,2,1621486,103,0,6,6,46.0,43.6,49.0
s2b-r11,3,B,512,s2b-r11-425,512,512,0,10,512,512,1,10,1024,6,64,512,-1,1,0,-1,6,100,6,2,1571706,100,0,6,6,124.0,43.6,49.0
s2b-r11,3,B,512,s2b-r11-426,512,512,0,10,512,512,1,10,1024,6,64,512,-1,1,0,-1,6,80,6,2,1259913,59,0,6,6,51.0,43.6,49.0
s2b-r11,3,B,512,s2b-r11-427,512,512,0,10,512,512,1,10,1024,6,64,512,-1,1,0,-1,6,98,6,2,1544446,98,0,6,6,237.0,43.6,49.0
s2b-r11,3,B,512,s2b-r11-428,512,512,0,10,512,512,1,10,1024,6,64,512,-1,1,0,-1,6,109,6,2,1704202,109,0,6,6,47.0,43.6,49.0
s2b-r11,3,B,512,s2b-r11-429,512,512,0,10,512,512,1,10,1024,6,64,512,-1,1,0,-1,6,98,6,2,1532899,98,0,6,6,59.0,43.6,49.0
s2b-r11,3,B,512,s2b-r11-430,512,512,0,10,512,512,1,10,1024,6,64,512,-1,1,0,-1,6,83,6,2,1299057,83,0,6,6,53.0,43.6,49.0
s2b-r11,3,B,512,s2b-r11-431,512,512,0,10,512,512,1,10,1024,6,64,512,-1,1,0,-1,6,100,6,2,1562509,100,0,6,6,169.0,43.6,49.0
s2b-r11,3,B,512,s2b-r11-432,512,512,0,10,512,512,1,10,1024,6,64,512,-1,1,0,-1,6,114,6,2,1784281,114,0,6,6,52.0,43.6,49.0
s2b-r11,3,B,512,s2b-r11-433,512,512,0,10,512,512,1,10,1024,6,64,512,-1,1,0,-1,6,100,6,2,1575000,100,0,6,6,124.0,43.6,49.0
s2b-r11,3,B,512,s2b-r11-434,512,512,0,10,512,512,1,10,1024,6,64,512,-1,1,0,-1,6,101,6,2,1587366,101,0,6,6,52.0,43.6,49.0
s2b-r11,3,B,512,s2b-r11-435,512,512,0,10,512,512,1,10,1024,6,64,512,-1,1,0,-1,6,103,6,2,1615366,100,0,6,6,192.0,43.6,49.0
s2b-r11,3,B,512,s2b-r11-436,512,512,0,10,512,512,1,10,1024,6,64,512,-1,1,0,-1,6,107,6,2,1682710,107,0,6,6,52.0,43.6,49.0
s2b-r11,3,B,512,s2b-r11-437,512,512,0,10,512,512,1,10,1024,6,64,512,-1,1,0,-1,6,81,6,2,1279002,100,0,6,6,179.0,43.6,49.0
s2b-r11,3,B,512,s2b-r11-438,512,512,0,10,512,512,1,10,1024,6,64,512,-1,1,0,-1,6,103,6,2,1621071,103,0,6,6,56.0,43.6,49.0
s2b-r11,3,B,512,s2b-r11-439,512,512,0,10,512,512,1,10,1024,6,64,512,-1,1,0,-1,6,97,6,2,1525357,97,0,6,6,105.0,43.6,49.0
s2b-r11,3,B,512,s2b-r11-440,512,512,0,10,512,512,1,10,1024,6,64,512,-1,1,0,-1,6,82,6,2,1286843,97,0,6,6,47.0,43.6,49.0
s2b-r11,3,B,512,s2b-r11-441,512,512,0,10,512,512,1,10,1024,6,64,512,-1,1,0,-1,6,99,6,2,1553284,99,0,6,6,145.0,43.6,49.0
s2b-r11,3,B,512,s2b-r11-442,512,512,0,10,512,512,1,10,1024,6,64,512,-1,1,0,-1,6,105,6,2,1652561,105,0,6,6,50.0,43.6,49.0
s2b-r11,3,B,512,s2b-r11-443,512,512,0,10,512,512,1,10,1024,6,64,512,-1,1,0,-1,6,98,6,2,1544846,98,0,6,6,126.0,43.6,49.0
s2b-r11,3,B,512,s2b-r11-444,512,512,0,10,512,512,1,10,1024,6,64,512,-1,1,0,-1,6,99,6,2,1560738,99,0,6,6,50.0,43.6,49.0
s2b-r11,3,B,512,s2b-r11-445,512,512,0,10,512,512,1,10,1024,6,64,512,-1,1,0,-1,6,100,6,2,1569795,98,0,6,6,147.0,43.6,49.0
s2b-r11,3,B,512,s2b-r11-446,512,512,0,10,512,512,1,10,1024,6,64,512,-1,1,0,-1,6,104,6,2,1637224,104,0,6,6,53.0,43.6,49.0
s2b-r11,3,B,512,s2b-r11-447,512,512,0,10,512,512,1,10,1024,6,64,512,-1,1,0,-1,6,80,6,2,1261527,69,0,6,6,174.0,43.6,49.0
s2b-r11,3,B,512,s2b-r11-448,512,512,0,10,512,512,1,10,1024,6,64,512,-1,1,0,-1,6,104,6,2,1637426,104,0,6,6,54.0,43.6,49.0
s2b-r11,3,B,512,s2b-r11-449,512,512,0,10,512,512,1,10,1024,6,64,512,-1,1,0,-1,6,100,6,2,1573973,100,0,6,6,51.0,43.6,49.0
s2b-r11,3,B,512,s2b-r11-450,512,512,0,10,512,512,1,10,1024,6,64,512,-1,1,0,-1,6,74,6,2,1171145,70,0,6,6,150.0,43.6,49.0
s2b-r11,3,B,512,s2b-r11-451,512,512,0,10,512,512,1,10,1024,6,64,512,-1,1,0,-1,6,103,6,2,1614578,103,0,6,6,59.0,43.6,49.0
s2b-r11,3,B,512,s2b-r11-452,512,512,0,10,512,512,1,10,1024,6,64,512,-1,1,0,-1,6,99,6,2,1554268,103,0,6,6,147.0,43.6,49.0
s2b-r11,3,B,512,s2b-r11-453,512,512,0,10,512,512,1,10,1024,6,64,512,-1,1,0,-1,6,107,6,2,1673150,107,0,6,6,47.0,43.6,49.0
s2b-r11,3,B,512,s2b-r11-454,512,512,0,10,512,512,1,10,1024,6,64,512,-1,1,0,-1,6,98,6,2,1544040,103,0,6,6,130.0,43.6,49.0
s2b-r11,3,B,512,s2b-r11-455,512,512,0,10,512,512,1,10,1024,6,64,512,-1,1,0,-1,6,104,6,2,1636376,104,0,6,6,50.0,43.6,49.0
s2b-r11,3,B,512,s2b-r11-456,512,512,0,10,512,512,1,10,1024,6,64,512,-1,1,0,-1,6,98,6,2,1546008,104,0,6,6,53.0,43.6,49.0
s2b-r11,3,B,512,s2b-r11-457,512,512,0,10,512,512,1,10,1024,6,64,512,-1,1,0,-1,6,83,6,2,1307206,104,0,6,6,151.0,43.6,49.0
s2b-r11,3,B,512,s2b-r11-458,512,512,0,10,512,512,1,10,1024,6,64,512,-1,1,0,-1,6,106,6,2,1665538,106,0,6,6,52.0,43.6,49.0
s2b-r11,3,B,512,s2b-r11-459,512,512,0,10,512,512,1,10,1024,6,64,512,-1,1,0,-1,6,89,6,2,1393131,89,0,6,6,153.0,43.6,49.0
s2b-r11,3,B,512,s2b-r11-460,512,512,0,10,512,512,1,10,1024,6,64,512,-1,1,0,-1,6,101,6,2,1590433,101,0,6,6,49.0,43.6,49.0
s2b-r11,3,B,512,s2b-r11-461,512,512,0,10,512,512,1,10,1024,6,64,512,-1,1,0,-1,6,100,6,2,1570572,100,0,6,6,153.0,43.6,49.0
s2b-r11,3,B,512,s2b-r11-462,512,512,0,10,512,512,1,10,1024,6,64,512,-1,1,0,-1,6,103,6,2,1619499,103,0,6,6,48.0,43.6,49.0
s2b-r11,3,B,512,s2b-r11-463,512,512,0,10,512,512,1,10,1024,6,64,512,-1,1,0,-1,6,80,6,2,1261313,66,0,6,6,144.0,43.6,49.0
s2b-r11,3,B,512,s2b-r11-464,512,512,0,10,512,512,1,10,1024,6,64,512,-1,1,0,-1,6,103,6,2,1617448,103,0,6,6,49.0,43.6,49.0
s2b-r11,3,B,512,s2b-r11-465,512,512,0,10,512,512,1,10,1024,6,64,512,-1,1,0,-1,6,98,6,2,1541265,98,0,6,6,137.0,43.6,49.0
s2b-r11,3,B,512,s2b-r11-466,512,512,0,10,512,512,1,10,1024,6,64,512,-1,1,0,-1,6,86,6,2,1349488,86,0,6,6,47.0,43.6,49.0
s2b-r11,3,B,512,s2b-r11-467,512,512,0,10,512,512,1,10,1024,6,64,512,-1,1,0,-1,6,98,6,2,1533009,98,0,6,6,212.0,43.6,49.0
s2b-r11,3,B,512,s2b-r11-468,512,512,0,10,512,512,1,10,1024,6,64,512,-1,1,0,-1,6,104,6,2,1638418,104,0,6,6,58.0,43.6,49.0
s2b-r11,3,B,512,s2b-r11-469,512,512,0,10,512,512,1,10,1024,6,64,512,-1,1,0,-1,6,101,6,2,1581739,101,0,6,6,179.0,43.6,49.0
s2b-r11,3,B,512,s2b-r11-470,512,512,0,10,512,512,1,10,1024,6,64,512,-1,1,0,-1,6,103,6,2,1622112,103,0,6,6,54.0,43.6,49.0
s2b-r11,3,B,512,s2b-r11-471,512,512,0,10,512,512,1,10,1024,6,64,512,-1,1,0,-1,6,101,6,2,1592743,101,0,6,6,171.0,43.6,49.0
s2b-r11,3,B,512,s2b-r11-472,512,512,0,10,512,512,1,10,1024,6,64,512,-1,1,0,-1,6,108,6,2,1693741,108,0,6,6,50.0,43.6,49.0
s2b-r11,3,B,512,s2b-r11-473,512,512,0,10,512,512,1,10,1024,6,64,512,-1,1,0,-1,6,82,6,2,1285734,101,0,6,6,141.0,43.6,49.0
s2b-r11,3,B,512,s2b-r11-474,512,512,0,10,512,512,1,10,1024,6,64,512,-1,1,0,-1,6,101,6,2,1589065,101,0,6,6,58.0,43.6,49.0
s2b-r11,3,B,512,s2b-r11-475,512,512,0,10,512,512,1,10,1024,6,64,512,-1,1,0,-1,6,99,6,2,1556657,99,0,6,6,371.0,43.6,49.0
s2b-r11,3,B,512,s2b-r11-476,512,512,0,10,512,512,1,10,1024,6,64,512,-1,1,0,-1,6,88,6,2,1384012,99,0,6,6,54.0,43.6,49.0
s2b-r11,3,B,512,s2b-r11-477,512,512,0,10,512,512,1,10,1024,6,64,512,-1,1,0,-1,6,101,6,2,1592494,101,0,6,6,106.0,43.6,49.0
s2b-r11,3,B,512,s2b-r11-478,512,512,0,10,512,512,1,10,1024,0,1,512,0,0,0,-1,6,85,0,0,1339996,85,0,0,0,98.0,43.6,49.0
s2b-r11,3,B,512,s2b-r11-479,512,512,0,10,512,512,1,10,1024,6,64,512,6,1,0,-1,0,151,6,0,2359435,151,0,6,6,95.0,43.6,49.0
s2b-r11,3,B,512,s2b-r11-480,512,512,0,10,512,512,1,10,1024,6,64,512,-1,1,0,-1,6,102,6,2,1606480,102,0,6,6,25.0,43.6,49.0
s2b-r11,3,B,512,s2b-r11-481,512,512,0,10,512,512,1,10,1024,0,8,512,0,0,0,-1,6,97,6,0,1530729,97,0,6,6,150.0,43.6,49.0
s2b-r11,3,B,512,s2b-r11-482,512,512,0,10,512,512,1,10,1024,6,64,512,-1,1,0,-1,6,93,6,2,1454365,93,0,6,6,17.0,43.6,49.0
s2b-r11,3,B,512,s2b-r11-483,512,512,0,10,512,512,1,10,1024,6,64,512,-1,1,0,-1,6,96,6,2,1510583,96,0,6,6,17.0,43.6,49.0
s2b-r11,3,B,512,s2b-r11-484,512,512,0,10,512,512,1,10,1024,6,64,512,-1,1,0,-1,6,97,6,2,1528335,97,0,6,6,17.0,43.6,49.0
s2b-r11,3,B,512,s2b-r11-485,512,512,0,10,512,512,1,10,1024,6,128,512,7,1,0,-1,6,100,7,0,1563230,100,0,7,7,143.0,43.6,49.0
s2b-r11,3,B,512,s2b-r11-486,512,512,0,10,512,512,1,10,1024,6,128,512,-1,1,0,-1,7,99,7,2,1551501,99,0,7,7,174.0,43.6,49.0
s2b-r11,3,B,512,s2b-r11-487,512,512,0,10,512,512,1,10,1024,6,128,512,-1,1,0,-1,7,104,7,2,1625608,104,0,7,7,48.0,43.6,49.0
s2b-r11,3,B,512,s2b-r11-488,512,512,0,10,512,512,1,10,1024,0,1,512,0,0,0,-1,7,85,0,0,1334332,104,0,0,0,111.0,43.6,49.0
s2b-r11,3,B,512,s2b-r11-489,512,512,0,10,512,512,1,10,1024,6,64,512,-1,1,0,-1,6,155,6,2,2432168,155,0,6,6,51.0,43.6,49.0
s2b-r11,3,B,512,s2b-r11-490,512,512,0,10,512,512,1,10,1024,6,64,512,-1,1,0,-1,6,100,6,2,1574423,104,0,6,6,152.0,43.6,49.0
s2b-r11,3,B,512,s2b-r11-491,512,512,0,10,512,512,1,10,1024,6,64,512,-1,1,0,-1,6,104,6,2,1635943,104,0,6,6,49.0,43.6,49.0
s2b-r11,3,B,512,s2b-r11-492,512,512,0,10,512,512,1,10,1024,6,64,512,-1,1,0,-1,6,109,6,2,1704960,104,0,6,6,76.0,43.6,49.0
s2b-r11,3,B,512,s2b-r11-493,512,512,0,10,512,512,1,10,1024,6,64,512,-1,1,0,-1,6,82,6,2,1287827,104,0,6,6,92.0,43.6,49.0
s2b-r11,3,B,512,s2b-r11-494,512,512,0,10,512,512,1,10,1024,6,64,512,-1,1,0,-1,6,103,6,2,1616530,104,0,6,6,59.0,43.6,49.0
s2b-r11,3,B,512,s2b-r11-495,512,512,0,10,512,512,1,10,1024,6,64,512,-1,1,0,-1,6,67,6,2,1057270,67,0,6,6,159.0,43.6,49.0
s2b-r11,3,B,512,s2b-r11-496,512,512,0,10,512,512,1,10,1024,6,64,512,-1,1,0,-1,6,104,6,2,1638249,104,0,6,6,50.0,43.6,49.0
s2b-r11,3,B,512,s2b-r11-497,512,512,0,10,512,512,1,10,1024,0,2,512,0,0,0,-1,6,98,1,0,1531263,98,0,1,1,119.0,43.6,49.0
s2b-r11,3,B,512,s2b-r11-498,512,512,0,10,512,512,1,10,1024,6,128,512,6,1,0,-1,1,116,7,0,1820606,116,0,7,7,1981.0,43.6,49.0
s2b-r11,3,B,512,s2b-r11-499,512,512,0,10,512,512,1,10,1024,6,128,512,-1,1,0,-1,7,114,7,2,1791015,116,0,7,7,69.0,43.6,49.0
s2b-r11,3,B,512,s2b-r11-500,512,512,0,10,512,512,1,10,1024,6,128,512,-1,1,0,-1,7,95,7,2,1488979,116,0,7,7,146.0,43.6,49.0
s2b-r11,3,B,512,s2b-r11-501,512,512,0,10,512,512,1,10,1024,6,128,512,-1,1,0,-1,7,102,7,2,1594610,116,0,7,7,49.0,43.6,49.0
s2b-r11,3,B,512,s2b-r11-502,512,512,0,10,512,512,1,10,1024,6,128,512,-1,1,0,-1,7,98,7,2,1538954,98,0,7,7,128.0,43.6,49.0
s2b-r11,3,B,512,s2b-r11-503,512,512,0,10,512,512,1,10,1024,6,128,512,-1,1,0,-1,7,79,7,2,1247301,98,0,7,7,50.0,43.6,49.0
s2b-r11,3,B,512,s2b-r11-504,512,512,0,10,512,512,1,10,1024,6,128,512,-1,1,0,-1,7,98,7,2,1540636,98,0,7,7,86.0,43.6,49.0
s2b-r11,3,B,512,s2b-r11-505,512,512,0,10,512,512,1,10,1024,6,128,512,-1,1,0,-1,7,77,7,2,1212263,77,0,7,7,51.0,43.6,49.0
s2b-r11,3,B,512,s2b-r11-506,512,512,0,10,512,512,1,10,1024,6,128,512,-1,1,0,-1,7,100,7,2,1576567,100,0,7,7,158.0,43.6,49.0
s2b-r11,3,B,512,s2b-r11-507,512,512,0,10,512,512,1,10,1024,6,128,512,-1,1,0,-1,7,103,7,2,1622351,103,0,7,7,54.0,43.6,49.0
s2b-r11,3,B,512,s2b-r11-508,512,512,0,10,512,512,1,10,1024,6,128,512,-1,1,0,-1,7,77,7,2,1203795,77,0,7,7,149.0,43.6,49.0
s2b-r11,3,B,512,s2b-r11-509,512,512,0,10,512,512,1,10,1024,6,128,512,-1,1,0,-1,7,104,7,2,1632666,104,0,7,7,56.0,43.6,49.0
s2b-r11,3,B,512,s2b-r11-510,512,512,0,10,512,512,1,10,1024,6,128,512,-1,1,0,-1,7,100,7,2,1567208,104,0,7,7,148.0,43.6,49.0
s2b-r11,3,B,512,s2b-r11-511,512,512,0,10,512,512,1,10,1024,6,128,512,-1,1,0,-1,7,93,7,2,1460876,104,0,7,7,49.0,43.6,49.0
s2b-r11,3,B,512,s2b-r11-512,512,512,0,10,512,512,1,10,1024,6,128,512,-1,1,0,-1,7,98,7,2,1535742,104,0,7,7,204.0,43.6,49.0
s2b-r11,3,B,512,s2b-r11-513,512,512,0,10,512,512,1,10,1024,6,128,512,-1,1,0,-1,7,105,7,2,1647025,105,0,7,7,50.0,43.6,49.0
s2b-r11,3,B,512,s2b-r11-514,512,512,0,10,512,512,1,10,1024,6,128,512,-1,1,0,-1,7,97,7,2,1521816,105,0,7,7,217.0,43.6,49.0
s2b-r11,3,B,512,s2b-r11-515,512,512,0,10,512,512,1,10,1024,6,128,512,-1,1,0,-1,7,102,7,2,1601911,105,0,7,7,47.0,43.6,49.0
s2b-r11,3,B,512,s2b-r11-516,512,512,0,10,512,512,1,10,1024,6,128,512,-1,1,0,-1,7,100,7,2,1568915,105,0,7,7,158.0,43.6,49.0
s2b-r11,3,B,512,s2b-r11-517,512,512,0,10,512,512,1,10,1024,6,128,512,-1,1,0,-1,7,102,7,2,1608249,105,0,7,7,49.0,43.6,49.0
s2b-r11,3,B,512,s2b-r11-518,512,512,0,10,512,512,1,10,1024,6,128,512,-1,1,0,-1,7,80,7,2,1260465,71,0,7,7,203.0,43.6,49.0
s2b-r11,3,B,512,s2b-r11-519,512,512,0,10,512,512,1,10,1024,6,128,512,-1,1,0,-1,7,106,7,2,1669684,106,0,7,7,59.0,43.6,49.0
s2b-r11,3,B,512,s2b-r11-520,512,512,0,10,512,512,1,10,1024,6,128,512,-1,1,0,-1,7,100,7,2,1573048,100,0,7,7,183.0,43.6,49.0
s2b-r11,3,B,512,s2b-r11-521,512,512,0,10,512,512,1,10,1024,6,128,512,-1,1,0,-1,7,77,7,2,1216925,55,0,7,7,55.0,43.6,49.0
s2b-r11,3,B,512,s2b-r11-522,512,512,0,10,512,512,1,10,1024,6,128,512,-1,1,0,-1,7,97,7,2,1521189,97,0,7,7,326.0,43.6,49.0
s2b-r11,3,B,512,s2b-r11-523,512,512,0,10,512,512,1,10,1024,6,128,512,-1,1,0,-1,7,109,7,2,1708700,109,0,7,7,54.0,43.6,49.0
s2b-r11,3,B,512,s2b-r11-524,512,512,0,10,512,512,1,10,1024,6,128,512,-1,1,0,-1,7,74,7,2,1170320,74,0,7,7,204.0,43.6,49.0
s2b-r11,3,B,512,s2b-r11-525,512,512,0,10,512,512,1,10,1024,6,128,512,-1,1,0,-1,7,111,7,2,1742899,111,0,7,7,54.0,43.6,49.0
s2b-r11,3,B,512,s2b-r11-526,512,512,0,10,512,512,1,10,1024,6,128,512,-1,1,0,-1,7,93,7,2,1467777,111,0,7,7,151.0,43.6,49.0
s2b-r11,3,B,512,s2b-r11-527,512,512,0,10,512,512,1,10,1024,6,128,512,-1,1,0,-1,7,105,7,2,1650115,111,0,7,7,131.0,43.6,49.0
s2b-r11,3,B,512,s2b-r11-528,512,512,0,10,512,512,1,10,1024,6,128,512,-1,1,0,-1,7,101,7,2,1585420,111,0,7,7,50.0,43.6,49.0
s2b-r11,3,B,512,s2b-r11-529,512,512,0,10,512,512,1,10,1024,6,128,512,-1,1,0,-1,7,80,7,2,1251387,69,0,7,7,145.0,43.6,49.0
s2b-r11,3,B,512,s2b-r11-530,512,512,0,10,512,512,1,10,1024,6,128,512,-1,1,0,-1,7,103,7,2,1623558,103,0,7,7,51.0,43.6,49.0
s2b-r11,3,B,512,s2b-r11-531,512,512,0,10,512,512,1,10,1024,6,128,512,-1,1,0,-1,7,99,7,2,1549717,99,0,7,7,300.0,43.6,49.0
s2b-r11,3,B,512,s2b-r11-532,512,512,0,10,512,512,1,10,1024,6,128,512,-1,1,0,-1,7,116,7,2,1818726,116,0,7,7,46.0,43.6,49.0
s2b-r11,3,B,512,s2b-r11-533,512,512,0,10,512,512,1,10,1024,6,128,512,-1,1,0,-1,7,98,7,2,1542333,98,0,7,7,51.0,43.6,49.0
s2b-r11,3,B,512,s2b-r11-534,512,512,0,10,512,512,1,10,1024,6,128,512,-1,1,0,-1,7,82,7,2,1291857,98,0,7,7,150.0,43.6,49.0
s2b-r11,3,B,512,s2b-r11-535,512,512,0,10,512,512,1,10,1024,6,128,512,-1,1,0,-1,7,105,7,2,1647582,105,0,7,7,47.0,43.6,49.0
s2b-r11,3,B,512,s2b-r11-536,512,512,0,10,512,512,1,10,1024,6,128,512,-1,1,0,-1,7,85,7,2,1333302,85,0,7,7,150.0,43.6,49.0
s2b-r11,3,B,512,s2b-r11-537,512,512,0,10,512,512,1,10,1024,6,128,512,-1,1,0,-1,7,107,7,2,1684758,107,0,7,7,55.0,43.6,49.0
s2b-r11,3,B,512,s2b-r11-538,512,512,0,10,512,512,1,10,1024,6,128,512,-1,1,0,-1,7,96,7,2,1500124,96,0,7,7,205.0,43.6,49.0
s2b-r11,3,B,512,s2b-r11-539,512,512,0,10,512,512,1,10,1024,6,128,512,-1,1,0,-1,7,104,7,2,1640324,104,0,7,7,60.0,43.6,49.0
s2b-r11,3,B,512,s2b-r11-540,512,512,0,10,512,512,1,10,1024,6,128,512,-1,1,0,-1,7,99,7,2,1557728,99,0,7,7,144.0,43.6,49.0
s2b-r11,3,B,512,s2b-r11-541,512,512,0,10,512,512,1,10,1024,6,128,512,-1,1,0,-1,7,81,7,2,1269757,99,0,7,7,49.0,43.6,49.0
s2b-r11,3,B,512,s2b-r11-542,512,512,0,10,512,512,1,10,1024,6,128,512,-1,1,0,-1,7,97,7,2,1519127,99,0,7,7,242.0,43.6,49.0
s2b-r11,3,B,512,s2b-r11-543,512,512,0,10,512,512,1,10,1024,6,128,512,-1,1,0,-1,7,111,7,2,1746738,111,0,7,7,49.0,43.6,49.0
s2b-r11,3,B,512,s2b-r11-544,512,512,0,10,512,512,1,10,1024,6,128,512,-1,1,0,-1,7,100,7,2,1563694,100,0,7,7,129.0,43.6,49.0
s2b-r11,3,B,512,s2b-r11-545,512,512,0,10,512,512,1,10,1024,6,128,512,-1,1,0,-1,7,103,7,2,1623461,103,0,7,7,51.0,43.6,49.0
s2b-r11,3,B,512,s2b-r11-546,512,512,0,10,512,512,1,10,1024,6,128,512,-1,1,0,-1,7,102,7,2,1601021,100,0,7,7,142.0,43.6,49.0
s2b-r11,3,B,512,s2b-r11-547,512,512,0,10,512,512,1,10,1024,6,128,512,-1,1,0,-1,7,87,7,2,1359975,100,0,7,7,56.0,43.6,49.0
s2b-r11,3,B,512,s2b-r11-548,512,512,0,10,512,512,1,10,1024,6,128,512,-1,1,0,-1,7,99,7,2,1553800,99,0,7,7,151.0,43.6,49.0
s2b-r11,3,B,512,s2b-r11-549,512,512,0,10,512,512,1,10,1024,6,128,512,-1,1,0,-1,7,102,7,2,1599227,102,0,7,7,54.0,43.6,49.0
s2b-r11,3,B,512,s2b-r11-550,512,512,0,10,512,512,1,10,1024,6,128,512,-1,1,0,-1,7,77,7,2,1218095,99,0,7,7,179.0,43.6,49.0
s2b-r11,3,B,512,s2b-r11-551,512,512,0,10,512,512,1,10,1024,6,128,512,-1,1,0,-1,7,106,7,2,1670116,106,0,7,7,66.0,43.6,49.0
s2b-r11,3,B,512,s2b-r11-552,512,512,0,10,512,512,1,10,1024,6,128,512,-1,1,0,-1,7,99,7,2,1560526,99,0,7,7,159.0,43.6,49.0
s2b-r11,3,B,512,s2b-r11-553,512,512,0,10,512,512,1,10,1024,6,128,512,-1,1,0,-1,7,102,7,2,1596468,102,0,7,7,51.0,43.6,49.0
s2b-r11,3,B,512,s2b-r11-554,512,512,0,10,512,512,1,10,1024,6,128,512,-1,1,0,-1,7,82,7,2,1283678,99,0,7,7,126.0,43.6,49.0
s2b-r11,3,B,512,s2b-r11-555,512,512,0,10,512,512,1,10,1024,6,128,512,-1,1,0,-1,7,102,7,2,1605277,102,0,7,7,55.0,43.6,49.0
s2b-r11,3,B,512,s2b-r11-556,512,512,0,10,512,512,1,10,1024,6,128,512,-1,1,0,-1,7,97,7,2,1528119,97,0,7,7,124.0,43.6,49.0
s2b-r11,3,B,512,s2b-r11-557,512,512,0,10,512,512,1,10,1024,6,128,512,-1,1,0,-1,7,81,7,2,1266682,97,0,7,7,29.0,43.6,49.0
s2b-r11,3,B,512,s2b-r11-558,512,512,0,10,512,512,1,10,1024,6,128,512,-1,1,0,-1,7,104,7,2,1635826,104,0,7,7,155.0,43.6,49.0
s2b-r11,3,B,512,s2b-r11-559,512,512,0,10,512,512,1,10,1024,6,128,512,-1,1,0,-1,7,101,7,2,1579189,101,0,7,7,52.0,43.6,49.0
s2b-r11,3,B,512,s2b-r11-560,512,512,0,10,512,512,1,10,1024,6,128,512,-1,1,0,-1,7,98,7,2,1540138,101,0,7,7,181.0,43.6,49.0
s2b-r11,3,B,512,s2b-r11-561,512,512,0,10,512,512,1,10,1024,6,128,512,-1,1,0,-1,7,104,7,2,1625212,104,0,7,7,53.0,43.6,49.0
s2b-r11,3,B,512,s2b-r11-562,512,512,0,10,512,512,1,10,1024,6,128,512,-1,1,0,-1,7,100,7,2,1575336,101,0,7,7,60.0,43.6,49.0
s2b-r11,3,B,512,s2b-r11-563,512,512,0,10,512,512,1,10,1024,6,128,512,-1,1,0,-1,7,102,7,2,1595015,102,0,7,7,50.0,43.6,49.0
s2b-r11,3,B,512,s2b-r11-564,512,512,0,10,512,512,1,10,1024,6,128,512,-1,1,0,-1,7,81,7,2,1278254,80,0,7,7,143.0,43.6,49.0
s2b-r11,3,B,512,s2b-r11-565,512,512,0,10,512,512,1,10,1024,6,128,512,-1,1,0,-1,7,101,7,2,1593460,101,0,7,7,52.0,43.6,49.0
s2b-r11,3,B,512,s2b-r11-566,512,512,0,10,512,512,1,10,1024,6,128,512,-1,1,0,-1,7,98,7,2,1541363,98,0,7,7,93.0,43.6,49.0
s2b-r11,3,B,512,s2b-r11-567,512,512,0,10,512,512,1,10,1024,6,64,512,6,1,0,-1,7,74,6,0,1159531,74,0,6,6,72.0,43.6,49.0
s2b-r11,3,B,512,s2b-r11-568,512,512,0,10,512,512,1,10,1024,6,64,512,-1,1,0,-1,6,102,6,2,1595919,102,0,6,6,33.0,43.6,49.0
s2b-r11,3,B,512,s2b-r11-569,512,512,0,10,512,512,1,10,1024,6,64,512,-1,1,0,-1,6,103,6,2,1618855,103,0,6,6,24.0,43.6,49.0
s2b-r11,3,B,512,s2b-r11-570,512,512,0,10,512,512,1,10,1024,6,64,512,-1,1,0,-1,6,98,6,2,1544147,98,0,6,6,252.0,43.6,49.0
s2b-r11,3,B,512,s2b-r11-571,512,512,0,10,512,512,1,10,1024,6,64,512,-1,1,0,-1,6,111,6,2,1739453,111,0,6,6,52.0,43.6,49.0
s2b-r11,3,B,512,s2b-r11-572,512,512,0,10,512,512,1,10,1024,6,64,512,-1,1,0,-1,6,103,6,2,1620717,102,0,6,6,58.0,43.6,49.0
s2b-r11,3,B,512,s2b-r11-573,512,512,0,10,512,512,1,10,1024,6,64,512,-1,1,0,-1,6,83,6,2,1304749,102,0,6,6,55.0,43.6,49.0
s2b-r11,3,B,512,s2b-r11-574,512,512,0,10,512,512,1,10,1024,6,64,512,-1,1,0,-1,6,101,6,2,1589818,102,0,6,6,57.0,43.6,49.0
s2b-r11,3,B,512,s2b-r11-575,512,512,0,10,512,512,1,10,1024,6,64,512,-1,1,0,-1,6,77,6,2,1212971,77,0,6,6,147.0,43.6,49.0
s2b-r11,3,B,512,s2b-r11-576,512,512,0,10,512,512,1,10,1024,6,64,512,-1,1,0,-1,6,104,6,2,1631129,104,0,6,6,45.0,43.6,49.0
s2b-r11,3,B,512,s2b-r11-577,512,512,0,10,512,512,1,10,1024,6,64,512,-1,1,0,-1,6,109,6,2,1706195,109,0,6,6,49.0,43.6,49.0
s2b-r11,3,B,512,s2b-r11-578,512,512,0,10,512,512,1,10,1024,6,64,512,-1,1,0,-1,6,99,6,2,1550914,99,0,6,6,49.0,43.6,49.0
s2b-r11,3,B,512,s2b-r11-579,512,512,0,10,512,512,1,10,1024,6,64,512,-1,1,0,-1,6,78,6,2,1225117,78,0,6,6,149.0,43.6,49.0
s2b-r11,3,B,512,s2b-r11-580,512,512,0,10,512,512,1,10,1024,6,64,512,-1,1,0,-1,6,104,6,2,1625495,104,0,6,6,51.0,43.6,49.0
s2b-r11,3,B,512,s2b-r11-581,512,512,0,10,512,512,1,10,1024,6,64,512,-1,1,0,-1,6,89,6,2,1404962,89,0,6,6,125.0,43.6,49.0
s2b-r11,3,B,512,s2b-r11-582,512,512,0,10,512,512,1,10,1024,6,64,512,-1,1,0,-1,6,107,6,2,1677380,107,0,6,6,55.0,43.6,49.0
s2b-r11,3,B,512,s2b-r11-583,512,512,0,10,512,512,1,10,1024,6,64,512,-1,1,0,-1,6,96,6,2,1501892,107,0,6,6,179.0,43.6,49.0
s2b-r11,3,B,512,s2b-r11-584,512,512,0,10,512,512,1,10,1024,6,64,512,-1,1,0,-1,6,102,6,2,1602599,107,0,6,6,56.0,43.6,49.0
s2b-r11,3,B,512,s2b-r11-585,512,512,0,10,512,512,1,10,1024,6,64,512,-1,1,0,-1,6,102,6,2,1596082,107,0,6,6,180.0,43.6,49.0
s2b-r11,3,B,512,s2b-r11-586,512,512,0,10,512,512,1,10,1024,6,64,512,-1,1,0,-1,6,111,6,2,1748886,111,0,6,6,54.0,43.6,49.0
s2b-r11,3,B,512,s2b-r11-587,512,512,0,10,512,512,1,10,1024,6,64,512,-1,1,0,-1,6,103,6,2,1622785,111,0,6,6,193.0,43.6,49.0
s2b-r11,3,B,512,s2b-r11-588,512,512,0,10,512,512,1,10,1024,6,64,512,-1,1,0,-1,6,85,6,2,1341188,111,0,6,6,51.0,43.6,49.0
s2b-r11,3,B,512,s2b-r11-589,512,512,0,10,512,512,1,10,1024,6,64,512,-1,1,0,-1,6,100,6,2,1569020,111,0,6,6,150.0,43.6,49.0
s2b-r11,3,B,512,s2b-r11-590,512,512,0,10,512,512,1,10,1024,6,64,512,-1,1,0,-1,6,103,6,2,1620227,103,0,6,6,48.0,43.6,49.0
s2b-r11,3,B,512,s2b-r11-591,512,512,0,10,512,512,1,10,1024,6,64,512,-1,1,0,-1,6,74,6,2,1170323,103,0,6,6,143.0,43.6,49.0
s2b-r12,3,A,0,s2b-r12-0,0,0,1,0,,,,,,0,32,93,-1,0,0,-1,5,93,5,2,1463952,5,0,5,5,40.0,43.6,52.5
s2b-r12,3,A,0,s2b-r12-1,0,0,0,0,0,0,1,0,1024,0,8,154,3,0,0,-1,5,154,3,0,2420191,154,0,3,3,45.0,43.6,52.5
s2b-r12,3,A,0,s2b-r12-2,0,0,0,0,0,0,1,0,1024,0,1,150,0,0,0,-1,3,150,0,0,2355677,150,0,0,0,45.0,43.6,52.5
s2b-r12,3,A,0,s2b-r12-3,0,0,0,0,0,0,1,0,1024,0,1,146,-1,0,0,-1,0,146,0,2,2287540,146,0,0,0,32.0,43.6,52.5
s2b-r12,3,A,0,s2b-r12-4,0,0,0,0,0,0,1,0,1024,0,32,155,-1,0,0,-1,5,155,5,2,2433103,155,0,5,5,51.0,43.6,52.5
s2b-r12,3,A,0,s2b-r12-5,0,0,0,0,0,0,1,0,1024,0,32,149,-1,0,0,-1,5,149,5,2,2329793,149,0,5,5,31.0,43.6,52.5
s2b-r12,3,A,0,s2b-r12-6,0,0,0,0,0,0,1,0,1024,0,2,150,-1,0,0,-1,1,150,1,2,2345425,150,0,1,1,61.0,43.6,52.5
s2b-r12,3,A,0,s2b-r12-7,0,0,0,0,0,0,1,0,1024,0,2,91,-1,0,0,-1,1,91,1,2,1423350,125,0,1,1,37.0,43.6,52.5
s2b-r12,3,A,0,s2b-r12-8,0,0,0,0,0,0,1,0,1024,0,2,61,-1,0,0,-1,1,61,1,2,965639,125,0,1,1,67.0,43.6,52.5
s2b-r12,3,A,0,s2b-r12-9,0,0,0,0,0,0,1,0,1024,0,32,66,5,0,0,-1,0,66,5,0,1042256,21,0,5,5,106.0,43.6,52.5
s2b-r12,3,A,0,s2b-r12-10,0,0,0,0,0,0,1,0,1024,0,2,164,1,0,0,-1,0,164,1,0,2566773,164,0,1,1,125.0,43.6,52.5
s2b-r12,3,A,0,s2b-r12-11,0,0,0,0,0,0,1,0,1024,0,2,150,-1,0,0,-1,1,150,1,2,2358949,164,0,1,1,66.0,43.6,52.5
s2b-r12,3,A,0,s2b-r12-12,0,0,0,0,0,0,1,0,1024,0,32,94,0,0,0,-1,1,94,5,0,1470968,28,0,5,5,49.0,43.6,52.5
s2b-r12,3,A,0,s2b-r12-13,0,0,0,0,0,0,1,0,1024,0,32,61,-1,0,0,-1,5,61,5,2,958504,28,0,5,5,64.0,43.6,52.5
s2b-r12,3,A,0,s2b-r12-14,0,0,0,0,0,0,1,0,1024,0,32,148,-1,0,0,-1,5,148,5,2,2328066,148,0,5,5,47.0,43.6,52.5
s2b-r12,3,A,0,s2b-r12-15,0,0,0,0,0,0,1,0,1024,0,32,154,-1,0,0,-1,5,154,5,2,2418726,154,0,5,5,65.0,43.6,52.5
s2b-r12,3,A,0,s2b-r12-16,0,0,0,0,0,0,1,0,1024,0,32,126,-1,0,0,-1,5,126,5,2,1976047,126,0,5,5,135.0,43.6,52.5
s2b-r12,3,A,0,s2b-r12-17,0,0,0,0,0,0,1,0,1024,0,32,150,-1,0,0,-1,5,150,5,2,2349768,150,0,5,5,54.0,43.6,52.5
s2b-r12,3,A,0,s2b-r12-18,0,0,0,0,0,0,1,0,1024,0,32,91,-1,0,0,-1,5,91,5,2,1431648,90,0,5,5,106.0,43.6,52.5
s2b-r12,3,A,0,s2b-r12-19,0,0,0,0,0,0,1,0,1024,0,1,61,0,0,0,-1,4,61,0,0,959891,28,0,0,0,118.0,43.6,52.5
s2b-r12,3,A,0,s2b-r12-20,0,0,0,0,0,0,1,0,1024,0,16,63,-1,0,0,-1,4,63,4,2,989174,38,0,4,4,29.0,43.6,52.5
s2b-r12,3,A,0,s2b-r12-21,0,0,0,0,0,0,1,0,1024,0,2,64,-1,0,0,-1,1,64,1,2,1005306,2,0,1,1,122.0,43.6,52.5
s2b-r12,3,A,0,s2b-r12-22,0,0,0,0,0,0,1,0,1024,0,16,163,-1,0,0,-1,4,163,4,2,2560693,163,0,4,4,22.0,43.6,52.5
s2b-r12,3,A,0,s2b-r12-23,0,0,0,0,0,0,1,0,1024,0,32,94,5,0,0,-1,4,94,5,0,1482241,78,0,5,5,235.0,43.6,52.5
s2b-r12,3,A,0,s2b-r12-24,0,0,0,0,0,0,1,0,1024,0,32,62,-1,0,0,-1,5,62,5,2,975276,24,0,5,5,57.0,43.6,52.5
s2b-r12,3,A,0,s2b-r12-25,0,0,0,0,0,0,1,0,1024,0,16,64,-1,0,0,-1,4,64,4,2,1006868,48,0,4,4,105.0,43.6,52.5
s2b-r12,3,A,0,s2b-r12-26,0,0,0,0,0,0,1,0,1024,0,16,88,-1,0,0,-1,4,88,4,2,1380647,88,0,4,4,81.0,43.6,52.5
s2b-r12,3,A,0,s2b-r12-27,0,0,0,0,0,0,1,0,1024,0,16,61,-1,0,0,-1,4,61,4,2,953722,63,0,4,4,64.0,43.6,52.5
s2b-r12,3,A,0,s2b-r12-28,0,0,0,0,0,0,1,0,1024,0,16,105,-1,0,0,-1,4,105,4,2,1643907,105,0,4,4,44.0,43.6,52.5
s2b-r12,3,A,0,s2b-r12-29,0,0,0,0,0,0,1,0,1024,0,16,74,-1,0,0,-1,4,74,4,2,1159977,74,0,4,4,30.0,43.6,52.5
s2b-r12,3,A,0,s2b-r12-30,0,0,0,0,0,0,1,0,1024,0,16,149,-1,0,0,-1,4,149,4,2,2332051,149,0,4,4,43.0,43.6,52.5
s2b-r12,3,A,0,s2b-r12-31,0,0,0,0,0,0,1,0,1024,0,16,151,-1,0,0,-1,4,151,4,2,2370131,151,0,4,4,48.0,43.6,52.5
s2b-r12,3,A,0,s2b-r12-32,0,0,0,0,0,0,1,0,1024,0,16,105,-1,0,0,-1,4,105,4,2,1643047,88,0,4,4,32.0,43.6,52.5
s2b-r12,3,A,0,s2b-r12-33,0,0,0,0,0,0,1,0,1024,0,16,90,-1,0,0,-1,4,90,4,2,1415054,62,0,4,4,107.0,43.6,52.5
s2b-r12,3,A,0,s2b-r12-34,0,0,0,0,0,0,1,0,1024,0,16,85,-1,0,0,-1,4,85,4,2,1336862,85,0,4,4,83.0,43.6,52.5
s2b-r12,3,A,0,s2b-r12-35,0,0,0,0,0,0,1,0,1024,0,16,65,4,0,0,-1,5,65,5,0,1016536,65,0,5,1,119.0,43.6,52.5
s2b-r12,3,A,0,s2b-r12-36,0,0,0,0,0,0,1,0,1024,0,1,82,-1,0,0,-1,0,82,0,2,1290024,84,0,0,0,70.0,43.6,52.5
s2b-r12,3,A,0,s2b-r12-37,0,0,0,0,0,0,1,0,1024,0,2,111,-1,0,0,-1,1,111,1,2,1742601,111,0,1,1,44.0,43.6,52.5
s2b-r12,3,A,0,s2b-r12-38,0,0,0,0,0,0,1,0,1024,0,2,157,0,0,0,-1,5,157,1,0,2454629,157,0,1,1,32.0,43.6,52.5
s2b-r12,3,A,0,s2b-r12-39,0,0,0,0,0,0,1,0,1024,0,16,154,4,0,0,-1,5,154,5,0,2413520,154,0,5,4,137.0,43.6,52.5
s2b-r12,3,A,0,s2b-r12-40,0,0,0,0,0,0,1,0,1024,0,32,117,-1,0,0,-1,5,117,5,2,1831322,96,0,5,5,27.0,43.6,52.5
s2b-r12,3,A,0,s2b-r12-41,0,0,0,0,0,0,1,0,1024,0,32,152,-1,0,0,-1,5,152,5,2,2382029,154,0,5,5,24.0,43.6,52.5
s2b-r12,3,A,0,s2b-r12-42,0,0,0,0,0,0,1,0,1024,0,32,127,-1,0,0,-1,5,127,5,2,1996727,127,0,5,5,55.0,43.6,52.5
s2b-r12,3,A,0,s2b-r12-43,0,0,0,0,0,0,1,0,1024,0,2,93,1,0,0,-1,5,93,5,0,1464538,127,0,5,2,153.0,43.6,52.5
s2b-r12,3,A,0,s2b-r12-44,0,0,0,0,0,0,1,0,1024,0,4,122,-1,0,0,-1,2,122,2,2,1913781,127,0,2,2,58.0,43.6,52.5
s2b-r12,3,A,0,s2b-r12-45,0,0,0,0,0,0,1,0,1024,0,4,74,-1,0,0,-1,2,74,2,2,1169057,109,0,2,2,100.0,43.6,52.5
s2b-r12,3,A,0,s2b-r12-46,0,0,0,0,0,0,1,0,1024,0,4,85,-1,0,0,-1,2,85,2,2,1341243,109,0,2,2,107.0,43.6,52.5
s2b-r12,3,A,0,s2b-r12-47,0,0,0,0,0,0,1,0,1024,0,32,99,4,0,0,-1,1,99,5,0,1550058,85,0,5,5,34.0,43.6,52.5
s2b-r12,3,A,0,s2b-r12-48,0,0,0,0,0,0,1,0,1024,0,32,150,-1,0,0,-1,5,150,5,2,2347259,150,0,5,5,26.0,43.6,52.5
s2b-r12,3,A,0,s2b-r12-49,0,0,0,0,0,0,1,0,1024,0,32,145,-1,0,0,-1,5,145,5,2,2266485,150,0,5,5,41.0,43.6,52.5
s2b-r12,3,A,0,s2b-r12-50,0,0,0,0,0,0,1,0,1024,0,32,147,-1,0,0,-1,5,147,5,2,2309814,147,0,5,5,106.0,43.6,52.5
s2b-r12,3,A,0,s2b-r12-51,0,0,0,0,0,0,1,0,1024,0,32,92,-1,0,0,-1,5,92,5,2,1439802,95,0,5,5,97.0,43.6,52.5
s2b-r12,3,A,0,s2b-r12-52,0,0,0,0,0,0,1,0,1024,0,32,119,-1,0,0,-1,5,119,5,2,1873362,119,0,5,5,106.0,43.6,52.5
s2b-r12,3,A,0,s2b-r12-53,0,0,0,0,0,0,1,0,1024,0,16,72,4,0,0,-1,5,72,4,0,1132025,97,0,4,1,120.0,43.6,52.5
s2b-r12,3,A,0,s2b-r12-54,0,0,0,0,0,0,1,0,1024,0,16,121,-1,0,0,-1,4,121,4,2,1906039,121,0,4,4,52.0,43.6,52.5
s2b-r12,3,A,0,s2b-r12-55,0,0,0,0,0,0,1,0,1024,0,16,73,-1,0,0,-1,4,73,4,2,1140822,20,0,4,4,77.0,43.6,52.5
s2b-r12,3,A,0,s2b-r12-56,0,0,0,0,0,0,1,0,1024,0,16,84,-1,0,0,-1,4,84,4,2,1321720,42,0,4,4,28.0,43.6,52.5
s2b-r12,3,A,0,s2b-r12-57,0,0,0,0,0,0,1,0,1024,0,2,176,-1,0,0,-1,1,176,1,2,2764288,176,0,1,1,17.0,43.6,52.5
s2b-r12,3,A,0,s2b-r12-58,0,0,0,0,0,0,1,0,1024,0,16,155,-1,0,0,-1,4,155,4,2,2434449,176,0,4,4,17.0,43.6,52.5
s2b-r12,3,A,0,s2b-r12-59,0,0,0,0,0,0,1,0,1024,0,32,105,-1,0,0,-1,5,105,5,2,1651188,101,0,5,5,100.0,43.6,52.5
s2b-r12,3,A,0,s2b-r12-60,0,0,0,0,0,0,1,0,1024,0,16,88,-1,0,0,-1,4,88,4,2,1385108,101,0,4,4,48.0,43.6,52.5
s2b-r12,3,A,0,s2b-r12-61,0,0,0,0,0,0,1,0,1024,0,32,58,-1,0,0,-1,5,58,5,2,907965,125,0,5,5,111.0,43.6,52.5
s2b-r12,3,A,0,s2b-r12-62,0,0,0,0,0,0,1,0,1024,0,16,81,-1,0,0,-1,4,81,4,2,1266568,125,0,4,4,103.0,43.6,52.5
s2b-r12,3,A,0,s2b-r12-63,0,0,0,0,0,0,1,0,1024,0,16,61,-1,0,0,-1,4,61,4,2,960576,124,0,4,4,141.0,43.6,52.5
s2b-r12,3,A,0,s2b-r12-64,0,0,0,0,0,0,1,0,1024,0,4,74,1,0,0,-1,4,74,2,0,1166300,124,0,2,2,179.0,43.6,52.5
s2b-r12,3,A,0,s2b-r12-65,0,0,0,0,0,0,1,0,1024,0,16,93,1,0,0,-1,2,93,4,0,1457076,93,0,4,4,144.0,43.6,52.5
s2b-r12,3,A,0,s2b-r12-66,0,0,0,0,0,0,1,0,1024,0,1,75,0,0,0,-1,4,75,4,0,1186435,93,0,4,0,42.0,43.6,52.5
s2b-r12,3,A,0,s2b-r12-67,0,0,0,0,0,0,1,0,1024,0,32,159,-1,0,0,-1,5,159,5,2,2488679,159,0,5,5,18.0,43.6,52.5
s2b-r12,3,A,0,s2b-r12-68,0,0,0,0,0,0,1,0,1024,0,16,94,-1,0,0,-1,4,94,4,2,1473941,84,0,4,4,25.0,43.6,52.5
s2b-r12,3,A,0,s2b-r12-69,0,0,0,0,0,0,1,0,1024,0,32,151,-1,0,0,-1,5,151,5,2,2370884,151,0,5,5,64.0,43.6,52.5
s2b-r12,3,A,0,s2b-r12-70,0,0,0,0,0,0,1,0,1024,0,32,150,-1,0,0,-1,5,150,5,2,2344965,151,0,5,5,113.0,43.6,52.5
s2b-r12,3,A,0,s2b-r12-71,0,0,0,0,0,0,1,0,1024,0,32,107,-1,0,0,-1,5,107,5,2,1684037,84,0,5,5,105.0,43.6,52.5
s2b-r12,3,A,0,s2b-r12-72,0,0,0,0,0,0,1,0,1024,0,16,97,-1,0,0,-1,4,97,4,2,1529591,97,0,4,4,48.0,43.6,52.5
s2b-r12,3,A,0,s2b-r12-73,0,0,0,0,0,0,1,0,1024,0,1,124,0,0,0,-1,1,124,0,0,1945984,124,0,0,0,81.0,43.6,52.5
s2b-r12,3,A,0,s2b-r12-74,0,0,0,0,0,0,1,0,1024,0,32,158,-1,0,0,-1,5,158,5,2,2484283,158,0,5,5,68.0,43.6,52.5
s2b-r12,3,A,0,s2b-r12-75,0,0,0,0,0,0,1,0,1024,0,16,92,4,0,0,-1,5,92,5,0,1444527,7,0,5,4,109.0,43.6,52.5
s2b-r12,3,A,0,s2b-r12-76,0,0,0,0,0,0,1,0,1024,0,16,115,-1,0,0,-1,4,115,4,2,1799775,84,0,4,4,34.0,43.6,52.5
s2b-r12,3,A,0,s2b-r12-77,0,0,0,0,0,0,1,0,1024,0,16,153,-1,0,0,-1,4,153,4,2,2391177,153,0,4,4,16.0,43.6,52.5
s2b-r12,3,A,0,s2b-r12-78,0,0,0,0,0,0,1,0,1024,0,16,150,-1,0,0,-1,4,150,4,2,2345924,153,0,4,4,44.0,43.6,52.5
s2b-r12,3,A,0,s2b-r12-79,0,0,0,0,0,0,1,0,1024,0,16,107,-1,0,0,-1,4,107,4,2,1682311,77,0,4,4,67.0,43.6,52.5
s2b-r12,3,A,0,s2b-r12-80,0,0,0,0,0,0,1,0,1024,0,16,60,-1,0,0,-1,4,60,4,2,946617,1,0,4,4,58.0,43.6,52.5
s2b-r12,3,A,0,s2b-r12-81,0,0,0,0,0,0,1,0,1024,0,32,61,-1,0,0,-1,5,61,5,2,955023,30,0,5,5,111.0,43.6,52.5
s2b-r12,3,A,0,s2b-r12-82,0,0,0,0,0,0,1,0,1024,0,2,84,-1,0,0,-1,1,84,1,2,1324417,84,0,1,1,61.0,43.6,52.5
s2b-r12,3,A,0,s2b-r12-83,0,0,0,0,0,0,1,0,1024,0,1,166,0,0,0,-1,4,166,0,0,2593750,166,0,0,0,44.0,43.6,52.5
s2b-r12,3,A,0,s2b-r12-84,0,0,0,0,0,0,1,0,1024,0,1,155,-1,0,0,-1,0,155,0,2,2429709,166,0,0,0,92.0,43.6,52.5
s2b-r12,3,A,0,s2b-r12-85,0,0,0,0,0,0,1,0,1024,0,2,97,-1,0,0,-1,1,97,1,2,1516612,31,0,1,1,45.0,43.6,52.5
s2b-r12,3,A,0,s2b-r12-86,0,0,0,0,0,0,1,0,1024,0,16,93,0,0,0,-1,1,93,4,0,1456662,61,0,4,4,28.0,43.6,52.5
s2b-r12,3,A,0,s2b-r12-87,0,0,0,0,0,0,1,0,1024,0,16,155,-1,0,0,-1,4,155,4,2,2435152,155,0,4,4,29.0,43.6,52.5
s2b-r12,3,A,0,s2b-r12-88,0,0,0,0,0,0,1,0,1024,0,16,135,-1,0,0,-1,4,135,4,2,2113875,135,0,4,4,49.0,43.6,52.5
s2b-r12,3,A,0,s2b-r12-89,0,0,0,0,0,0,1,0,1024,0,16,90,-1,0,0,-1,4,90,4,2,1421010,121,0,4,4,55.0,43.6,52.5
s2b-r12,3,A,0,s2b-r12-90,0,0,0,0,0,0,1,0,1024,0,16,88,4,0,0,-1,1,88,4,0,1376366,121,0,4,4,106.0,43.6,52.5
s2b-r12,3,A,0,s2b-r12-91,0,0,0,0,0,0,1,0,1024,0,16,147,-1,0,0,-1,4,147,4,2,2309684,147,0,4,4,43.0,43.6,52.5
s2b-r12,3,A,0,s2b-r12-92,0,0,0,0,0,0,1,0,1024,0,16,132,-1,0,0,-1,4,132,4,2,2072601,147,0,4,4,49.0,43.6,52.5
s2b-r12,3,A,0,s2b-r12-93,0,0,0,0,0,0,1,0,1024,0,16,89,-1,0,0,-1,4,89,4,2,1395192,69,0,4,4,100.0,43.6,52.5
s2b-r12,3,A,0,s2b-r12-94,0,0,0,0,0,0,1,0,1024,0,8,61,3,0,0,-1,4,61,4,0,953281,69,0,4,4,29.0,43.6,52.5
s2b-r12,3,A,0,s2b-r12-95,0,0,0,0,0,0,1,0,1024,0,8,189,-1,0,0,-1,3,189,3,2,2960202,189,0,3,3,19.0,43.6,52.5
s2b-r12,3,A,0,s2b-r12-96,0,0,0,0,0,0,1,0,1024,0,8,149,-1,0,0,-1,3,149,3,2,2336945,149,0,3,3,26.0,43.6,52.5
s2b-r12,3,A,0,s2b-r12-97,0,0,0,0,0,0,1,0,1024,0,16,97,0,0,0,-1,3,97,4,0,1526100,82,0,4,4,25.0,43.6,52.5
s2b-r12,3,A,0,s2b-r12-98,0,0,0,0,0,0,1,0,1024,0,16,153,-1,0,0,-1,4,153,4,2,2402700,153,0,4,4,38.0,43.6,52.5
s2b-r12,3,A,0,s2b-r12-99,0,0,0,0,0,0,1,0,1024,0,16,154,-1,0,0,-1,4,154,4,2,2417427,154,0,4,4,50.0,43.6,52.5
s2b-r12,3,A,0,s2b-r12-100,0,0,0,0,0,0,1,0,1024,0,32,105,0,0,0,-1,1,105,5,0,1653646,102,0,5,5,84.0,43.6,52.5
s2b-r12,3,A,0,s2b-r12-101,0,0,0,0,0,0,1,0,1024,0,2,61,1,0,0,-1,5,61,1,0,960005,54,0,1,1,137.0,43.6,52.5
s2b-r12,3,A,0,s2b-r12-102,0,0,0,0,0,0,1,0,1024,0,2,151,-1,0,0,-1,1,151,1,2,2367000,151,0,1,1,100.0,43.6,52.5
s2b-r12,3,A,0,s2b-r12-103,0,0,0,0,0,0,1,0,1024,0,32,87,-1,0,0,-1,5,87,5,2,1365368,95,0,5,5,64.0,43.6,52.5
s2b-r12,3,A,0,s2b-r12-104,0,0,0,0,0,0,1,0,1024,0,32,103,-1,0,0,-1,5,103,5,2,1624481,103,0,5,5,70.0,43.6,52.5
s2b-r12,3,A,0,s2b-r12-105,0,0,0,0,0,0,1,0,1024,0,2,72,1,0,0,-1,5,72,5,0,1134612,113,0,5,5,521.0,43.6,52.5
s2b-r12,3,A,0,s2b-r12-106,0,0,0,0,0,0,1,0,1024,0,8,100,-1,0,0,-1,3,100,3,2,1577318,113,0,3,3,59.0,43.6,52.5
s2b-r12,3,A,0,s2b-r12-107,0,0,0,0,0,0,1,0,1024,0,2,107,0,0,0,-1,3,107,1,0,1684100,107,0,1,1,43.0,43.6,52.5
s2b-r12,3,A,0,s2b-r12-108,0,0,0,0,0,0,1,0,1024,0,1,167,-1,0,0,-1,0,167,0,2,2616217,167,0,0,0,13.0,43.6,52.5
s2b-r12,3,A,0,s2b-r12-109,0,0,0,0,0,0,1,0,1024,0,1,153,-1,0,0,-1,0,153,0,2,2391717,167,0,0,0,15.0,43.6,52.5
s2b-r12,3,A,0,s2b-r12-110,0,0,0,0,0,0,1,0,1024,0,16,153,-1,0,0,-1,4,153,4,2,2396116,167,0,4,4,42.0,43.6,52.5
s2b-r12,3,A,0,s2b-r12-111,0,0,0,0,0,0,1,0,1024,0,16,150,-1,0,0,-1,4,150,4,2,2353207,167,0,4,4,71.0,43.6,52.5
s2b-r12,3,A,0,s2b-r12-112,0,0,0,0,0,0,1,0,1024,0,16,137,-1,0,0,-1,4,137,4,2,2151414,137,0,4,4,66.0,43.6,52.5
s2b-r12,3,A,0,s2b-r12-113,0,0,0,0,0,0,1,0,1024,0,16,62,-1,0,0,-1,4,62,4,2,972941,15,0,4,4,107.0,43.6,52.5
s2b-r12,3,A,0,s2b-r12-114,0,0,0,0,0,0,1,0,1024,0,16,66,-1,0,0,-1,4,66,4,2,1037387,86,0,4,4,111.0,43.6,52.5
s2b-r12,3,A,0,s2b-r12-115,0,0,0,0,0,0,1,0,1024,0,32,155,-1,0,0,-1,5,155,5,2,2429367,155,0,5,5,107.0,43.6,52.5
s2b-r12,3,A,0,s2b-r12-116,0,0,0,0,0,0,1,0,1024,0,16,79,4,0,0,-1,5,79,4,0,1247794,50,0,4,4,189.0,43.6,52.5
s2b-r12,3,A,0,s2b-r12-117,0,0,0,0,0,0,1,0,1024,0,2,237,-1,0,0,-1,1,237,1,2,3709489,237,0,1,1,16.0,43.6,52.5
s2b-r12,3,A,0,s2b-r12-118,0,0,0,0,0,0,1,0,1024,0,2,151,-1,0,0,-1,1,151,1,2,2366513,151,0,1,1,18.0,43.6,52.5
s2b-r12,3,A,0,s2b-r12-119,0,0,0,0,0,0,1,0,1024,0,2,149,-1,0,0,-1,1,149,1,2,2339482,151,0,1,1,51.0,43.6,52.5
s2b-r12,3,A,0,s2b-r12-120,0,0,0,0,0,0,1,0,1024,0,2,137,-1,0,0,-1,1,137,1,2,2153064,95,0,1,1,79.0,43.6,52.5
s2b-r12,3,A,0,s2b-r12-121,0,0,0,0,0,0,1,0,1024,0,2,62,0,0,0,-1,5,62,1,0,970184,55,0,1,1,163.0,43.6,52.5
s2b-r12,3,A,0,s2b-r12-122,0,0,0,0,0,0,1,0,1024,0,32,62,-1,0,0,-1,5,62,5,2,977258,127,0,5,5,110.0,43.6,52.5
s2b-r12,3,A,0,s2b-r12-123,0,0,0,0,0,0,1,0,1024,0,32,74,-1,0,0,-1,5,74,5,2,1160178,127,0,5,5,65.0,43.6,52.5
s2b-r12,3,A,0,s2b-r12-124,0,0,0,0,0,0,1,0,1024,0,16,62,-1,0,0,-1,4,62,4,2,980642,125,0,4,4,35.0,43.6,52.5
s2b-r12,3,A,0,s2b-r12-125,0,0,0,0,0,0,1,0,1024,0,16,151,-1,0,0,-1,4,151,4,2,2373011,151,0,4,4,116.0,43.6,52.5
s2b-r12,3,A,0,s2b-r12-126,0,0,0,0,0,0,1,0,1024,0,16,89,-1,0,0,-1,4,89,4,2,1405636,125,0,4,4,33.0,43.6,52.5
s2b-r12,3,A,0,s2b-r12-127,0,0,0,0,0,0,1,0,1024,0,16,161,-1,0,0,-1,4,161,4,2,2516829,161,0,4,4,16.0,43.6,52.5
s2b-r12,3,A,0,s2b-r12-128,0,0,0,0,0,0,1,0,1024,0,16,157,-1,0,0,-1,4,157,4,2,2459065,161,0,4,4,17.0,43.6,52.5
s2b-r12,3,A,0,s2b-r12-129,0,0,0,0,0,0,1,0,1024,0,16,150,-1,0,0,-1,4,150,4,2,2359058,161,0,4,4,103.0,43.6,52.5
s2b-r12,3,A,0,s2b-r12-130,0,0,0,0,0,0,1,0,1024,0,1,124,0,0,0,-1,4,124,0,0,1939963,110,0,0,0,51.0,43.6,52.5
s2b-r12,3,A,0,s2b-r12-131,0,0,0,0,0,0,1,0,1024,0,2,91,-1,0,0,-1,1,91,1,2,1430854,105,0,1,1,44.0,43.6,52.5
s2b-r12,3,A,0,s2b-r12-132,0,0,0,0,0,0,1,0,1024,0,2,150,-1,0,0,-1,1,150,1,2,2356941,150,0,1,1,51.0,43.6,52.5
s2b-r12,3,A,0,s2b-r12-133,0,0,0,0,0,0,1,0,1024,0,32,92,-1,0,0,-1,5,92,5,2,1441743,105,0,5,5,101.0,43.6,52.5
s2b-r12,3,A,0,s2b-r12-134,0,0,0,0,0,0,1,0,1024,0,2,91,0,0,0,-1,5,91,1,0,1423808,80,0,1,1,70.0,43.6,52.5
s2b-r12,3,A,0,s2b-r12-135,0,0,0,0,0,0,1,0,1024,0,2,112,-1,0,0,-1,1,112,1,2,1762507,112,0,1,1,33.0,43.6,52.5
s2b-r12,3,A,0,s2b-r12-136,0,0,0,0,0,0,1,0,1024,0,2,112,1,0,0,-1,4,112,1,0,1755590,112,0,1,1,41.0,43.6,52.5
s2b-r12,3,A,0,s2b-r12-137,0,0,0,0,0,0,1,0,1024,0,2,155,-1,0,0,-1,1,155,1,2,2430223,155,0,1,1,34.0,43.6,52.5
s2b-r12,3,A,0,s2b-r12-138,0,0,0,0,0,0,1,0,1024,0,16,151,4,0,0,-1,1,151,1,0,2363582,155,0,1,5,315.0,43.6,52.5
s2b-r12,3,A,0,s2b-r12-139,0,0,0,0,0,0,1,0,1024,0,2,143,-1,0,0,-1,1,143,1,2,2242723,155,0,1,1,53.0,43.6,52.5
s2b-r12,3,A,0,s2b-r12-140,0,0,0,0,0,0,1,0,1024,0,2,133,-1,0,0,-1,1,133,1,2,2084993,133,0,1,1,40.0,43.6,52.5
s2b-r12,3,A,0,s2b-r12-141,0,0,0,0,0,0,1,0,1024,0,2,154,-1,0,0,-1,1,154,1,2,2421582,154,0,1,1,105.0,43.6,52.5
s2b-r12,3,A,0,s2b-r12-142,0,0,0,0,0,0,1,0,1024,0,2,88,-1,0,0,-1,1,88,1,2,1376583,0,0,1,1,84.0,43.6,52.5
s2b-r12,3,A,0,s2b-r12-143,0,0,0,0,0,0,1,0,1024,0,32,65,-1,0,0,-1,5,65,5,2,1026326,65,0,5,5,115.0,43.6,52.5
s2b-r12,3,A,0,s2b-r12-144,0,0,0,0,0,0,1,0,1024,0,16,138,-1,0,0,-1,4,138,4,2,2169571,138,0,4,4,63.0,43.6,52.5
s2b-r12,3,A,0,s2b-r12-145,0,0,0,0,0,0,1,0,1024,0,32,154,-1,0,0,-1,5,154,5,2,2414404,154,0,5,4,64.0,43.6,52.5
s2b-r12,3,A,0,s2b-r12-146,0,0,0,0,0,0,1,0,1024,0,2,156,0,0,0,-1,4,156,1,0,2444080,156,0,1,1,53.0,43.6,52.5
s2b-r12,3,A,0,s2b-r12-147,0,0,0,0,0,0,1,0,1024,0,32,136,5,0,0,-1,0,136,0,0,2139721,154,0,0,4,66.0,43.6,52.5
s2b-r12,3,A,0,s2b-r12-148,0,0,0,0,0,0,1,0,1024,0,16,154,-1,0,0,-1,4,154,4,2,2414492,154,0,4,4,76.0,43.6,52.5
s2b-r12,3,A,0,s2b-r12-149,0,0,0,0,0,0,1,0,1024,0,16,97,-1,0,0,-1,4,97,4,2,1521184,114,0,4,4,106.0,43.6,52.5
s2b-r12,3,A,0,s2b-r12-150,0,0,0,0,0,0,1,0,1024,0,32,96,-1,0,0,-1,5,96,5,2,1507585,114,0,5,5,106.0,43.6,52.5
s2b-r12,3,A,0,s2b-r12-151,0,0,0,0,0,0,1,0,1024,0,16,69,1,0,0,-1,5,69,4,0,1087775,29,0,4,4,107.0,43.6,52.5
s2b-r12,3,A,0,s2b-r12-152,0,0,0,0,0,0,1,0,1024,0,32,83,-1,0,0,-1,5,83,5,2,1303139,83,0,5,5,176.0,43.6,52.5
s2b-r12,3,A,0,s2b-r12-153,0,0,0,0,0,0,1,0,1024,0,32,60,-1,0,0,-1,5,60,5,2,946396,15,0,5,5,32.0,43.6,52.5
s2b-r12,3,A,0,s2b-r12-154,0,0,0,0,0,0,1,0,1024,0,2,152,-1,0,0,-1,1,152,1,2,2386828,152,0,1,1,20.0,43.6,52.5
s2b-r12,3,A,0,s2b-r12-155,0,0,0,0,0,0,1,0,1024,0,1,154,-1,0,0,-1,0,154,0,2,2418829,154,0,0,0,22.0,43.6,52.5
s2b-r12,3,A,0,s2b-r12-156,0,0,0,0,0,0,1,0,1024,0,1,94,-1,0,0,-1,0,94,0,2,1477671,46,0,0,0,23.0,43.6,52.5
s2b-r12,3,A,0,s2b-r12-157,0,0,0,0,0,0,1,0,1024,0,1,153,-1,0,0,-1,0,153,0,2,2399158,153,0,0,0,26.0,43.6,52.5
s2b-r12,3,A,0,s2b-r12-158,0,0,0,0,0,0,1,0,1024,0,1,152,-1,0,0,-1,0,152,0,2,2376973,153,0,0,0,41.0,43.6,52.5
s2b-r12,3,A,0,s2b-r12-159,0,0,0,0,0,0,1,0,1024,0,1,102,-1,0,0,-1,0,102,0,2,1597744,95,0,0,0,68.0,43.6,52.5
s2b-r12,3,A,0,s2b-r12-160,0,0,0,0,0,0,1,0,1024,0,1,92,-1,0,0,-1,0,92,0,2,1451665,80,0,0,0,58.0,43.6,52.5
s2b-r12,3,A,0,s2b-r12-161,0,0,0,0,0,0,1,0,1024,0,32,62,-1,0,0,-1,5,62,5,2,969304,80,0,5,5,79.0,43.6,52.5
s2b-r12,3,A,0,s2b-r12-162,0,0,0,0,0,0,1,0,1024,0,1,62,0,0,0,-1,5,62,0,0,968770,48,0,0,0,95.0,43.6,52.5
s2b-r12,3,A,0,s2b-r12-163,0,0,0,0,0,0,1,0,1024,0,1,162,-1,0,0,-1,0,162,0,2,2539204,162,0,0,0,42.0,43.6,52.5
s2b-r12,3,A,0,s2b-r12-164,0,0,0,0,0,0,1,0,1024,0,1,95,-1,0,0,-1,0,95,0,2,1495827,48,0,0,0,61.0,43.6,52.5
s2b-r12,3,A,0,s2b-r12-165,0,0,0,0,0,0,1,0,1024,0,16,101,4,0,0,-1,4,101,4,0,1592507,101,0,4,4,389.0,43.6,52.5
s2b-r12,3,A,0,s2b-r12-166,0,0,0,0,0,0,1,0,1024,0,16,172,-1,0,0,-1,4,172,4,2,2693484,172,0,4,4,21.0,43.6,52.5
s2b-r12,3,A,0,s2b-r12-167,0,0,0,0,0,0,1,0,1024,0,16,152,-1,0,0,-1,4,152,4,2,2387035,172,0,4,4,25.0,43.6,52.5
s2b-r12,3,A,0,s2b-r12-168,0,0,0,0,0,0,1,0,1024,0,16,115,-1,0,0,-1,4,115,4,2,1805247,101,0,4,4,54.0,43.6,52.5
s2b-r12,3,A,0,s2b-r12-169,0,0,0,0,0,0,1,0,1024,0,1,91,-1,0,0,-1,0,91,0,2,1429400,18,0,0,0,40.0,43.6,52.5
s2b-r12,3,A,0,s2b-r12-170,0,0,0,0,0,0,1,0,1024,0,16,78,-1,0,0,-1,4,78,4,2,1232107,22,0,4,4,132.0,43.6,52.5
s2b-r12,3,A,0,s2b-r12-171,0,0,0,0,0,0,1,0,1024,0,16,67,-1,0,0,-1,4,67,4,2,1047451,15,0,4,4,56.0,43.6,52.5
s2b-r12,3,A,0,s2b-r12-172,0,0,0,0,0,0,1,0,1024,0,2,153,1,0,0,-1,4,153,4,0,2391515,153,0,4,5,432.0,43.6,52.5
s2b-r12,3,A,0,s2b-r12-173,0,0,0,0,0,0,1,0,1024,0,2,96,-1,0,0,-1,1,96,1,2,1514256,15,0,1,1,105.0,43.6,52.5
s2b-r12,3,A,0,s2b-r12-174,0,0,0,0,0,0,1,0,1024,0,8,97,-1,0,0,-1,3,97,3,2,1517774,62,0,3,3,100.0,43.6,52.5
s2b-r12,3,A,0,s2b-r12-175,0,0,0,0,0,0,1,0,1024,0,8,121,-1,0,0,-1,3,121,3,2,1894927,121,0,3,3,69.0,43.6,52.5
s2b-r12,3,A,0,s2b-r12-176,0,0,0,0,0,0,1,0,1024,0,16,73,4,0,0,-1,1,73,4,0,1142919,62,0,4,4,186.0,43.6,52.5
s2b-r12,3,A,0,s2b-r12-177,0,0,0,0,0,0,1,0,1024,0,2,93,1,0,0,-1,0,93,1,0,1465074,93,0,1,1,29.0,43.6,52.5
s2b-r12,3,A,0,s2b-r12-178,0,0,0,0,0,0,1,0,1024,0,2,159,-1,0,0,-1,1,159,1,2,2488239,159,0,1,1,33.0,43.6,52.5
s2b-r12,3,A,0,s2b-r12-179,0,0,0,0,0,0,1,0,1024,0,2,153,-1,0,0,-1,1,153,1,2,2399230,159,0,1,1,52.0,43.6,52.5
s2b-r12,3,A,0,s2b-r12-180,0,0,0,0,0,0,1,0,1024,0,1,112,0,0,0,-1,1,112,0,0,1754995,58,0,0,0,49.0,43.6,52.5
s2b-r12,3,A,0,s2b-r12-181,0,0,0,0,0,0,1,0,1024,0,16,92,-1,0,0,-1,4,92,4,2,1446809,58,0,4,4,63.0,43.6,52.5
s2b-r12,3,A,0,s2b-r12-182,0,0,0,0,0,0,1,0,1024,0,2,72,1,0,0,-1,4,72,1,0,1132260,58,0,1,1,47.0,43.6,52.5
s2b-r12,3,A,0,s2b-r12-183,0,0,0,0,0,0,1,0,1024,0,32,153,-1,0,0,-1,5,153,5,2,2391725,153,0,5,5,22.0,43.6,52.5
s2b-r12,3,A,0,s2b-r12-184,0,0,0,0,0,0,1,0,1024,0,32,151,-1,0,0,-1,5,151,5,2,2369536,153,0,5,5,55.0,43.6,52.5
s2b-r12,3,A,0,s2b-r12-185,0,0,0,0,0,0,1,0,1024,0,32,93,-1,0,0,-1,5,93,5,2,1454331,99,0,5,5,71.0,43.6,52.5
s2b-r12,3,A,0,s2b-r12-186,0,0,0,0,0,0,1,0,1024,0,2,98,-1,0,0,-1,1,98,1,2,1537845,98,0,1,1,80.0,43.6,52.5
s2b-r12,3,A,0,s2b-r12-187,0,0,0,0,0,0,1,0,1024,0,2,149,-1,0,0,-1,1,149,1,2,2336611,149,0,1,1,31.0,43.6,52.5
s2b-r12,3,A,0,s2b-r12-188,0,0,0,0,0,0,1,0,1024,0,8,148,0,0,0,-1,1,148,3,0,2323882,149,0,3,3,49.0,43.6,52.5
s2b-r12,3,A,0,s2b-r12-189,0,0,0,0,0,0,1,0,1024,0,2,161,-1,0,0,-1,1,161,1,2,2515783,161,0,1,1,18.0,43.6,52.5
s2b-r12,3,A,0,s2b-r12-190,0,0,0,0,0,0,1,0,1024,0,2,150,-1,0,0,-1,1,150,1,2,2354264,150,0,1,1,65.0,43.6,52.5
s2b-r12,3,A,0,s2b-r12-191,0,0,0,0,0,0,1,0,1024,0,32,122,5,0,0,-1,1,122,5,0,1908696,113,0,5,5,213.0,43.6,52.5
s2b-r12,3,A,0,s2b-r12-192,0,0,0,0,0,0,1,0,1024,0,32,90,5,0,0,-1,5,90,5,0,1408677,113,0,5,5,442.0,43.6,52.5
s2b-r12,3,A,0,s2b-r12-193,0,0,0,0,0,0,1,0,1024,0,32,105,-1,0,0,-1,5,105,5,2,1648908,125,0,5,5,81.0,43.6,52.5
s2b-r12,3,A,0,s2b-r12-194,0,0,0,0,0,0,1,0,1024,0,32,76,-1,0,0,-1,5,76,5,2,1190720,125,0,5,5,109.0,43.6,52.5
s2b-r12,3,A,0,s2b-r12-195,0,0,0,0,0,0,1,0,1024,0,32,66,-1,0,0,-1,5,66,5,2,1035528,87,0,5,5,104.0,43.6,52.5
s2b-r12,3,A,0,s2b-r12-196,0,0,0,0,0,0,1,0,1024,0,32,121,-1,0,0,-1,5,121,5,2,1896951,121,0,5,5,59.0,43.6,52.5
s2b-r12,3,A,0,s2b-r12-197,0,0,0,0,0,0,1,0,1024,0,1,76,-1,0,0,-1,0,76,0,2,1197476,27,0,0,0,16.0,43.6,52.5
s2b-r12,3,A,0,s2b-r12-198,0,0,0,0,0,0,1,0,1024,0,16,155,-1,0,0,-1,4,155,4,2,2431968,155,0,4,4,20.0,43.6,52.5
s2b-r12,3,A,0,s2b-r12-199,0,0,0,0,0,0,1,0,1024,0,16,93,-1,0,0,-1,4,93,4,2,1456464,83,0,4,4,47.0,43.6,52.5
s2b-r12,3,A,0,s2b-r12-200,0,0,0,0,0,0,1,0,1024,0,32,96,-1,0,0,-1,5,96,5,2,1500950,92,0,5,5,51.0,43.6,52.5
s2b-r12,3,A,0,s2b-r12-201,0,0,0,0,0,0,1,0,1024,0,2,81,0,0,0,-1,5,81,1,0,1272827,92,0,1,1,84.0,43.6,52.5
s2b-r12,3,A,0,s2b-r12-202,0,0,0,0,0,0,1,0,1024,0,2,78,-1,0,0,-1,1,78,1,2,1232756,92,0,1,1,111.0,43.6,52.5
s2b-r12,3,A,0,s2b-r12-203,0,0,0,0,0,0,1,0,1024,0,32,136,4,0,0,-1,1,136,5,0,2140613,136,0,5,5,225.0,43.6,52.5
s2b-r12,3,A,0,s2b-r12-204,0,0,0,0,0,0,1,0,1024,0,32,77,-1,0,0,-1,5,77,5,2,1204056,47,0,5,5,112.0,43.6,52.5
s2b-r12,3,A,0,s2b-r12-205,0,0,0,0,0,0,1,0,1024,0,16,100,4,0,0,-1,5,100,4,0,1564041,100,0,4,4,172.0,43.6,52.5
s2b-r12,3,A,0,s2b-r12-206,0,0,0,0,0,0,1,0,1024,0,32,225,-1,0,0,-1,5,225,5,2,3523525,225,0,5,5,45.0,43.6,52.5
s2b-r12,3,A,0,s2b-r12-207,0,0,0,0,0,0,1,0,1024,0,32,158,-1,0,0,-1,5,158,5,2,2471923,158,0,5,5,18.0,43.6,52.5
s2b-r12,3,A,0,s2b-r12-208,0,0,0,0,0,0,1,0,1024,0,32,127,-1,0,0,-1,5,127,5,2,1985574,119,0,5,5,53.0,43.6,52.5
s2b-r12,3,A,0,s2b-r12-209,0,0,0,0,0,0,1,0,1024,0,32,91,-1,0,0,-1,5,91,5,2,1435673,111,0,5,5,107.0,43.6,52.5
s2b-r12,3,A,0,s2b-r12-210,0,0,0,0,0,0,1,0,1024,0,2,89,1,0,0,-1,5,89,1,0,1399290,111,0,1,1,247.0,43.6,52.5
s2b-r12,3,A,0,s2b-r12-211,0,0,0,0,0,0,1,0,1024,0,16,156,-1,0,0,-1,4,156,4,2,2450962,156,0,4,4,84.0,43.6,52.5
s2b-r12,3,A,0,s2b-r12-212,0,0,0,0,0,0,1,0,1024,0,16,80,-1,0,0,-1,4,80,4,2,1253898,17,0,4,4,108.0,43.6,52.5
s2b-r12,3,A,0,s2b-r12-213,0,0,0,0,0,0,1,0,1024,0,16,91,-1,0,0,-1,4,91,4,2,1436499,69,0,4,4,127.0,43.6,52.5
s2b-r12,3,A,0,s2b-r12-214,0,0,0,0,0,0,1,0,1024,0,2,152,-1,0,0,-1,1,152,1,2,2376651,152,0,1,1,31.0,43.6,52.5
s2b-r12,3,A,0,s2b-r12-215,0,0,0,0,0,0,1,0,1024,0,2,149,-1,0,0,-1,1,149,1,2,2330258,152,0,1,1,33.0,43.6,52.5
s2b-r12,3,A,0,s2b-r12-216,0,0,0,0,0,0,1,0,1024,0,2,153,1,0,0,-1,4,153,1,0,2405941,153,0,1,1,26.0,43.6,52.5
s2b-r12,3,A,0,s2b-r12-217,0,0,0,0,0,0,1,0,1024,0,1,180,0,0,0,-1,4,180,0,0,2818833,180,0,0,0,21.0,43.6,52.5
s2b-r12,3,A,0,s2b-r12-218,0,0,0,0,0,0,1,0,1024,0,2,160,-1,0,0,-1,1,160,1,2,2500823,180,0,1,1,96.0,43.6,52.5
s2b-r12,3,A,0,s2b-r12-219,0,0,0,0,0,0,1,0,1024,0,16,129,4,0,0,-1,1,129,1,0,2021981,100,0,1,4,92.0,43.6,52.5
s2b-r12,3,A,0,s2b-r12-220,0,0,0,0,0,0,1,0,1024,0,2,99,-1,0,0,-1,1,99,1,2,1550357,91,0,1,1,39.0,43.6,52.5
s2b-r12,3,A,0,s2b-r12-221,0,0,0,0,0,0,1,0,1024,0,16,77,4,0,0,-1,0,77,4,0,1216172,91,0,4,4,77.0,43.6,52.5
s2b-r12,3,A,0,s2b-r12-222,0,0,0,0,0,0,1,0,1024,0,1,79,0,0,0,-1,5,79,0,0,1239312,91,0,0,0,81.0,43.6,52.5
s2b-r12,3,A,0,s2b-r12-223,0,0,0,0,0,0,1,0,1024,0,16,127,-1,0,0,-1,4,127,4,2,1988621,127,0,4,4,44.0,43.6,52.5
s2b-r12,3,A,0,s2b-r12-224,0,0,0,0,0,0,1,0,1024,0,16,153,-1,0,0,-1,4,153,4,2,2396906,153,0,4,4,15.0,43.6,52.5
s2b-r12,3,A,0,s2b-r12-225,0,0,0,0,0,0,1,0,1024,0,2,161,-1,0,0,-1,1,161,1,2,2516713,161,0,1,1,22.0,43.6,52.5
s2b-r12,3,A,0,s2b-r12-226,0,0,0,0,0,0,1,0,1024,0,2,149,-1,0,0,-1,1,149,1,2,2334222,153,0,1,1,63.0,43.6,52.5
s2b-r12,3,A,0,s2b-r12-227,0,0,0,0,0,0,1,0,1024,0,2,125,1,0,0,-1,0,125,1,0,1957920,110,0,1,1,87.0,43.6,52.5
s2b-r12,3,A,0,s2b-r12-228,0,0,0,0,0,0,1,0,1024,0,16,96,-1,0,0,-1,4,96,4,2,1508220,59,0,4,4,102.0,43.6,52.5
s2b-r12,3,A,0,s2b-r12-229,0,0,0,0,0,0,1,0,1024,0,32,114,-1,0,0,-1,5,114,5,2,1785239,114,0,5,5,54.0,43.6,52.5
s2b-r12,3,A,0,s2b-r12-230,0,0,0,0,0,0,1,0,1024,0,1,74,0,0,0,-1,5,74,0,0,1162444,114,0,0,0,66.0,43.6,52.5
s2b-r12,3,A,0,s2b-r12-231,0,0,0,0,0,0,1,0,1024,0,1,84,-1,0,0,-1,0,84,0,2,1323929,114,0,0,0,126.0,43.6,52.5
s2b-r12,3,A,0,s2b-r12-232,0,0,0,0,0,0,1,0,1024,0,8,66,0,0,0,-1,4,66,3,0,1033866,119,0,3,3,24.0,43.6,52.5
s2b-r12,3,A,0,s2b-r12-233,0,0,0,0,0,0,1,0,1024,0,8,149,-1,0,0,-1,3,149,3,2,2341947,149,0,3,3,27.0,43.6,52.5
s2b-r12,3,A,0,s2b-r12-234,0,0,0,0,0,0,1,0,1024,0,8,92,-1,0,0,-1,3,92,3,2,1439573,119,0,3,3,45.0,43.6,52.5
s2b-r12,3,A,0,s2b-r12-235,0,0,0,0,0,0,1,0,1024,0,8,148,-1,0,0,-1,3,148,3,2,2326925,148,0,3,3,68.0,43.6,52.5
s2b-r12,3,A,0,s2b-r12-236,0,0,0,0,0,0,1,0,1024,0,8,151,-1,0,0,-1,3,151,3,2,2361769,151,0,3,3,41.0,43.6,52.5
s2b-r12,3,A,0,s2b-r12-237,0,0,0,0,0,0,1,0,1024,0,1,151,0,0,0,-1,3,151,0,0,2370904,151,0,0,0,94.0,43.6,52.5
s2b-r12,3,A,0,s2b-r12-238,0,0,0,0,0,0,1,0,1024,0,2,122,1,0,0,-1,0,122,1,0,1913865,111,0,1,1,143.0,43.6,52.5
s2b-r12,3,A,0,s2b-r12-239,0,0,0,0,0,0,1,0,1024,0,16,96,4,0,0,-1,1,96,1,0,1510673,96,0,1,0,910.0,43.6,52.5
s2b-r12,3,A,0,s2b-r12-240,0,0,0,0,0,0,1,0,1024,0,32,170,0,0,0,-1,1,170,5,0,2661106,170,0,5,5,80.0,43.6,52.5
s2b-r12,3,A,0,s2b-r12-241,0,0,0,0,0,0,1,0,1024,0,1,109,-1,0,0,-1,0,109,0,2,1714136,109,0,0,0,15.0,43.6,52.5
s2b-r12,3,A,0,s2b-r12-242,0,0,0,0,0,0,1,0,1024,0,1,98,-1,0,0,-1,0,98,0,2,1535889,96,0,0,0,40.0,43.6,52.5
s2b-r12,3,A,0,s2b-r12-243,0,0,0,0,0,0,1,0,1024,0,32,86,1,0,0,-1,0,86,5,0,1353299,76,0,5,5,66.0,43.6,52.5
s2b-r12,3,A,0,s2b-r12-244,0,0,0,0,0,0,1,0,1024,0,32,111,0,0,0,-1,4,111,5,0,1736045,111,0,5,5,26.0,43.6,52.5
s2b-r12,3,A,0,s2b-r12-245,0,0,0,0,0,0,1,0,1024,0,32,149,-1,0,0,-1,5,149,5,2,2338272,149,0,5,5,14.0,43.6,52.5
s2b-r12,3,A,0,s2b-r12-246,0,0,0,0,0,0,1,0,1024,0,2,151,1,0,0,-1,0,151,1,0,2365482,151,0,1,1,111.0,43.6,52.5
s2b-r12,3,A,0,s2b-r12-247,0,0,0,0,0,0,1,0,1024,0,32,149,5,0,0,-1,1,149,1,0,2336508,149,0,1,1,97.0,43.6,52.5
s2b-r12,3,A,0,s2b-r12-248,0,0,0,0,0,0,1,0,1024,0,8,128,-1,0,0,-1,3,128,3,2,2006113,95,0,3,3,27.0,43.6,52.5
s2b-r12,3,A,0,s2b-r12-249,0,0,0,0,0,0,1,0,1024,0,8,98,-1,0,0,-1,3,98,3,2,1533811,95,0,3,3,26.0,43.6,52.5
s2b-r12,3,A,0,s2b-r12-250,0,0,0,0,0,0,1,0,1024,0,8,148,-1,0,0,-1,3,148,3,2,2317466,148,0,3,3,117.0,43.6,52.5
s2b-r12,3,A,0,s2b-r12-251,0,0,0,0,0,0,1,0,1024,0,2,89,1,0,0,-1,3,89,1,0,1406216,47,0,1,1,68.0,43.6,52.5
s2b-r12,3,A,0,s2b-r12-252,0,0,0,0,0,0,1,0,1024,0,32,90,-1,0,0,-1,5,90,5,2,1417657,56,0,5,5,38.0,43.6,52.5
s2b-r12,3,A,0,s2b-r12-253,0,0,0,0,0,0,1,0,1024,0,32,70,-1,0,0,-1,5,70,5,2,1099048,47,0,5,5,103.0,43.6,52.5
s2b-r12,3,A,0,s2b-r12-254,0,0,0,0,0,0,1,0,1024,0,16,99,4,0,0,-1,1,99,4,0,1550794,99,0,4,4,272.0,43.6,52.5
s2b-r12,3,A,0,s2b-r12-255,0,0,0,0,0,0,1,0,1024,0,16,155,-1,0,0,-1,4,155,4,2,2433604,155,0,4,4,28.0,43.6,52.5
s2b-r12,3,A,0,s2b-r12-256,0,0,0,0,0,0,1,0,1024,0,16,149,-1,0,0,-1,4,149,4,2,2332305,155,0,4,4,18.0,43.6,52.5
s2b-r12,3,A,0,s2b-r12-257,0,0,0,0,0,0,1,0,1024,0,16,111,-1,0,0,-1,4,111,4,2,1744095,33,0,4,4,54.0,43.6,52.5
s2b-r12,3,A,0,s2b-r12-258,0,0,0,0,0,0,1,0,1024,0,16,90,-1,0,0,-1,4,90,4,2,1415072,65,0,4,4,78.0,43.6,52.5
s2b-r12,3,A,0,s2b-r12-259,0,0,0,0,0,0,1,0,1024,0,16,61,-1,0,0,-1,4,61,4,2,954177,3,0,4,4,59.0,43.6,52.5
s2b-r12,3,A,0,s2b-r12-260,0,0,0,0,0,0,1,0,1024,0,32,156,1,0,0,-1,4,156,5,0,2450912,156,0,5,5,47.0,43.6,52.5
s2b-r12,3,A,0,s2b-r12-261,0,0,0,0,0,0,1,0,1024,0,32,149,-1,0,0,-1,5,149,5,2,2336614,156,0,5,5,47.0,43.6,52.5
s2b-r12,3,A,0,s2b-r12-262,0,0,0,0,0,0,1,0,1024,0,1,157,0,0,0,-1,5,157,0,0,2461763,157,0,0,0,34.0,43.6,52.5
s2b-r12,3,A,0,s2b-r12-263,0,0,0,0,0,0,1,0,1024,0,2,185,1,0,0,-1,0,185,1,0,2896824,185,0,1,1,27.0,43.6,52.5
s2b-r12,3,A,0,s2b-r12-264,0,0,0,0,0,0,1,0,1024,0,2,153,-1,0,0,-1,1,153,1,2,2391639,185,0,1,1,71.0,43.6,52.5
s2b-r12,3,A,0,s2b-r12-265,0,0,0,0,0,0,1,0,1024,0,16,100,4,0,0,-1,1,100,4,0,1578010,47,0,4,4,191.0,43.6,52.5
s2b-r12,3,A,0,s2b-r12-266,0,0,0,0,0,0,1,0,1024,0,16,93,-1,0,0,-1,4,93,4,2,1466709,95,0,4,4,49.0,43.6,52.5
s2b-r12,3,A,0,s2b-r12-267,0,0,0,0,0,0,1,0,1024,0,32,71,-1,0,0,-1,5,71,5,2,1122634,95,0,5,5,30.0,43.6,52.5
s2b-r12,3,A,0,s2b-r12-268,0,0,0,0,0,0,1,0,1024,0,2,155,-1,0,0,-1,1,155,1,2,2422489,155,0,1,1,16.0,43.6,52.5
s2b-r12,3,A,0,s2b-r12-269,0,0,0,0,0,0,1,0,1024,0,2,91,-1,0,0,-1,1,91,1,2,1435112,99,0,1,1,59.0,43.6,52.5
s2b-r12,3,A,0,s2b-r12-270,0,0,0,0,0,0,1,0,1024,0,32,92,5,0,0,-1,1,92,5,0,1441249,99,0,5,5,68.0,43.6,52.5
s2b-r12,3,A,0,s2b-r12-271,0,0,0,0,0,0,1,0,1024,0,16,75,-1,0,0,-1,4,75,4,2,1173038,37,0,4,4,46.0,43.6,52.5
s2b-r12,3,A,0,s2b-r12-272,0,0,0,0,0,0,1,0,1024,0,16,72,-1,0,0,-1,4,72,4,2,1139965,43,0,4,4,107.0,43.6,52.5
s2b-r12,3,A,0,s2b-r12-273,0,0,0,0,0,0,1,0,1024,0,16,82,-1,0,0,-1,4,82,4,2,1289067,82,0,4,4,109.0,43.6,52.5
s2b-r12,3,A,0,s2b-r12-274,0,0,0,0,0,0,1,0,1024,0,16,61,-1,0,0,-1,4,61,4,2,955553,17,0,4,4,85.0,43.6,52.5
s2b-r12,3,A,0,s2b-r12-275,0,0,0,0,0,0,1,0,1024,0,16,62,-1,0,0,-1,4,62,4,2,971054,52,0,4,4,78.0,43.6,52.5
s2b-r12,3,A,0,s2b-r12-276,0,0,0,0,0,0,1,0,1024,0,2,84,-1,0,0,-1,1,84,1,2,1315692,84,0,1,1,27.0,43.6,52.5
s2b-r12,3,A,0,s2b-r12-277,0,0,0,0,0,0,1,0,1024,0,16,72,0,0,0,-1,5,72,4,0,1137149,71,0,4,4,57.0,43.6,52.5
s2b-r12,3,A,0,s2b-r12-278,0,0,0,0,0,0,1,0,1024,0,32,168,-1,0,0,-1,5,168,5,2,2631926,168,0,5,5,30.0,43.6,52.5
s2b-r12,3,A,0,s2b-r12-279,0,0,0,0,0,0,1,0,1024,0,2,153,1,0,0,-1,5,153,1,0,2394007,153,0,1,1,42.0,43.6,52.5
s2b-r12,3,A,0,s2b-r12-280,0,0,0,0,0,0,1,0,1024,0,2,117,-1,0,0,-1,1,117,1,2,1833099,117,0,1,1,79.0,43.6,52.5
s2b-r12,3,A,0,s2b-r12-281,0,0,0,0,0,0,1,0,1024,0,2,104,-1,0,0,-1,1,104,1,2,1627171,104,0,1,1,68.0,43.6,52.5
s2b-r12,3,A,0,s2b-r12-282,0,0,0,0,0,0,1,0,1024,0,16,86,-1,0,0,-1,4,86,4,2,1344683,115,0,4,4,62.0,43.6,52.5
s2b-r12,3,A,0,s2b-r12-283,0,0,0,0,0,0,1,0,1024,0,32,84,-1,0,0,-1,5,84,5,2,1324643,115,0,5,5,100.0,43.6,52.5
s2b-r12,3,A,0,s2b-r12-284,0,0,0,0,0,0,1,0,1024,0,32,91,-1,0,0,-1,5,91,5,2,1435456,91,0,5,5,104.0,43.6,52.5
s2b-r12,3,A,0,s2b-r12-285,0,0,0,0,0,0,1,0,1024,0,1,61,0,0,0,-1,5,61,0,0,958799,91,0,0,0,77.0,43.6,52.5
s2b-r12,3,A,0,s2b-r12-286,0,0,0,0,0,0,1,0,1024,0,1,83,0,0,0,-1,1,83,0,0,1301325,83,0,0,0,24.0,43.6,52.5
s2b-r12,3,A,0,s2b-r12-287,0,0,0,0,0,0,1,0,1024,0,4,156,1,0,0,-1,0,156,2,0,2442064,156,0,2,2,38.0,43.6,52.5
s2b-r12,3,A,0,s2b-r12-288,0,0,0,0,0,0,1,0,1024,0,4,150,-1,0,0,-1,2,150,2,2,2351405,156,0,2,2,30.0,43.6,52.5
s2b-r12,3,A,0,s2b-r12-289,0,0,0,0,0,0,1,0,1024,0,16,111,4,0,0,-1,2,111,4,0,1736505,111,0,4,4,114.0,43.6,52.5
s2b-r12,3,A,0,s2b-r12-290,0,0,0,0,0,0,1,0,1024,0,16,91,-1,0,0,-1,4,91,4,2,1426589,114,0,4,4,107.0,43.6,52.5
s2b-r12,3,A,0,s2b-r12-291,0,0,0,0,0,0,1,0,1024,0,16,92,-1,0,0,-1,4,92,4,2,1448846,114,0,4,4,74.0,43.6,52.5
s2b-r12,3,A,0,s2b-r12-292,0,0,0,0,0,0,1,0,1024,0,32,61,5,0,0,-1,4,61,5,0,955014,125,0,5,5,89.0,43.6,52.5
s2b-r12,3,A,0,s2b-r12-293,0,0,0,0,0,0,1,0,1024,0,2,64,0,0,0,-1,5,64,1,0,1009592,125,0,1,1,79.0,43.6,52.5
s2b-r12,3,A,0,s2b-r12-294,0,0,0,0,0,0,1,0,1024,0,16,76,-1,0,0,-1,4,76,4,2,1195010,76,0,4,4,54.0,43.6,52.5
s2b-r12,3,A,0,s2b-r12-295,0,0,0,0,0,0,1,0,1024,0,16,63,-1,0,0,-1,4,63,4,2,999391,76,0,4,4,30.0,43.6,52.5
s2b-r12,3,A,0,s2b-r12-296,0,0,0,0,0,0,1,0,1024,0,16,152,-1,0,0,-1,4,152,4,2,2382858,152,0,4,4,45.0,43.6,52.5
s2b-r12,3,A,0,s2b-r12-297,0,0,0,0,0,0,1,0,1024,0,16,150,-1,0,0,-1,4,150,4,2,2347880,150,0,4,4,55.0,43.6,52.5
s2b-r12,3,A,0,s2b-r12-298,0,0,0,0,0,0,1,0,1024,0,16,90,-1,0,0,-1,4,90,4,2,1420177,90,0,4,4,65.0,43.6,52.5
s2b-r12,3,A,0,s2b-r12-299,0,0,0,0,0,0,1,0,1024,0,16,90,-1,0,0,-1,4,90,4,2,1413815,60,0,4,4,82.0,43.6,52.5
s2b-r12,3,A,0,s2b-r12-300,0,0,0,0,0,0,1,0,1024,0,16,102,-1,0,0,-1,4,102,4,2,1595477,102,0,4,4,93.0,43.6,52.5
s2b-r12,3,A,0,s2b-r12-301,0,0,0,0,0,0,1,0,1024,0,2,154,-1,0,0,-1,1,154,1,2,2413756,154,0,1,1,48.0,43.6,52.5
s2b-r12,3,A,0,s2b-r12-302,0,0,0,0,0,0,1,0,1024,0,2,151,-1,0,0,-1,1,151,1,2,2366632,154,0,1,1,31.0,43.6,52.5
s2b-r12,3,A,0,s2b-r12-303,0,0,0,0,0,0,1,0,1024,0,16,142,1,0,0,-1,0,142,4,0,2225723,142,0,4,4,61.0,43.6,52.5
s2b-r12,3,A,0,s2b-r12-304,0,0,0,0,0,0,1,0,1024,0,16,228,-1,0,0,-1,4,228,4,2,3571704,228,0,4,4,48.0,43.6,52.5
s2b-r12,3,A,0,s2b-r12-305,0,0,0,0,0,0,1,0,1024,0,32,156,2,0,0,-1,0,156,5,0,2439827,156,0,5,5,143.0,43.6,52.5
s2b-r12,3,A,0,s2b-r12-306,0,0,0,0,0,0,1,0,1024,0,32,111,-1,0,0,-1,5,111,5,2,1749402,111,0,5,5,84.0,43.6,52.5
s2b-r12,3,A,0,s2b-r12-307,0,0,0,0,0,0,1,0,1024,0,32,94,-1,0,0,-1,5,94,5,2,1480131,111,0,5,5,18.0,43.6,52.5
s2b-r12,3,A,0,s2b-r12-308,0,0,0,0,0,0,1,0,1024,0,32,158,1,0,0,-1,4,158,5,0,2480900,158,0,5,5,28.0,43.6,52.5
s2b-r12,3,A,0,s2b-r12-309,0,0,0,0,0,0,1,0,1024,0,1,94,0,0,0,-1,5,94,5,0,1482692,18,0,5,0,515.0,43.6,52.5
s2b-r12,3,A,0,s2b-r12-310,0,0,0,0,0,0,1,0,1024,0,2,152,-1,0,0,-1,1,152,1,2,2377897,152,0,1,1,23.0,43.6,52.5
s2b-r12,3,A,0,s2b-r12-311,0,0,0,0,0,0,1,0,1024,0,4,157,0,0,0,-1,1,157,2,0,2459205,157,0,2,2,62.0,43.6,52.5
s2b-r12,3,A,0,s2b-r12-312,0,0,0,0,0,0,1,0,1024,0,4,111,-1,0,0,-1,2,111,2,2,1734411,71,0,2,2,43.0,43.6,52.5
s2b-r12,3,A,0,s2b-r12-313,0,0,0,0,0,0,1,0,1024,0,4,118,-1,0,0,-1,2,118,2,2,1854989,118,0,2,2,17.0,43.6,52.5
s2b-r12,3,A,0,s2b-r12-314,0,0,0,0,0,0,1,0,1024,0,4,74,-1,0,0,-1,2,74,2,2,1161351,71,0,2,2,25.0,43.6,52.5
s2b-r12,3,A,0,s2b-r12-315,0,0,0,0,0,0,1,0,1024,0,2,150,-1,0,0,-1,1,150,1,2,2343983,150,0,1,1,26.0,43.6,52.5
s2b-r12,3,A,0,s2b-r12-316,0,0,0,0,0,0,1,0,1024,0,2,151,-1,0,0,-1,1,151,1,2,2365517,151,0,1,1,50.0,43.6,52.5
s2b-r12,3,A,0,s2b-r12-317,0,0,0,0,0,0,1,0,1024,0,2,99,-1,0,0,-1,1,99,1,2,1558090,75,0,1,1,102.0,43.6,52.5
s2b-r12,3,A,0,s2b-r12-318,0,0,0,0,0,0,1,0,1024,0,16,117,-1,0,0,-1,4,117,4,2,1837409,117,0,4,4,117.0,43.6,52.5
s2b-r12,3,A,0,s2b-r12-319,0,0,0,0,0,0,1,0,1024,0,32,77,-1,0,0,-1,5,77,5,2,1204537,117,0,5,5,83.0,43.6,52.5
s2b-r12,3,A,0,s2b-r12-320,0,0,0,0,0,0,1,0,1024,0,16,86,-1,0,0,-1,4,86,4,2,1344032,117,0,4,4,105.0,43.6,52.5
s2b-r12,3,A,0,s2b-r12-321,0,0,0,0,0,0,1,0,1024,0,16,124,-1,0,0,-1,4,124,4,2,1943997,124,0,4,4,68.0,43.6,52.5
s2b-r12,3,A,0,s2b-r12-322,0,0,0,0,0,0,1,0,1024,0,32,80,1,0,0,-1,4,80,5,0,1256927,37,0,5,5,176.0,43.6,52.5
s2b-r12,3,A,0,s2b-r12-323,0,0,0,0,0,0,1,0,1024,0,32,89,1,0,0,-1,0,89,5,0,1402084,38,0,5,5,29.0,43.6,52.5
s2b-r12,3,A,0,s2b-r12-324,0,0,0,0,0,0,1,0,1024,0,4,187,1,0,0,-1,0,187,2,0,2934357,187,0,2,2,70.0,43.6,52.5
s2b-r12,3,A,0,s2b-r12-325,0,0,0,0,0,0,1,0,1024,0,4,153,-1,0,0,-1,2,153,2,2,2400327,187,0,2,2,30.0,43.6,52.5
s2b-r12,3,A,0,s2b-r12-326,0,0,0,0,0,0,1,0,1024,0,32,152,1,0,0,-1,2,152,2,0,2385993,187,0,0,4,194.0,43.6,52.5
s2b-r12,3,A,0,s2b-r12-327,0,0,0,0,0,0,1,0,1024,0,32,129,-1,0,0,-1,5,129,5,2,2023985,48,0,5,5,61.0,43.6,52.5
s2b-r12,3,A,0,s2b-r12-328,0,0,0,0,0,0,1,0,1024,0,32,91,-1,0,0,-1,5,91,5,2,1434863,76,0,5,5,110.0,43.6,52.5
s2b-r12,3,A,0,s2b-r12-329,0,0,0,0,0,0,1,0,1024,0,32,60,-1,0,0,-1,5,60,5,2,950768,11,0,5,5,58.0,43.6,52.5
s2b-r12,3,A,0,s2b-r12-330,0,0,0,0,0,0,1,0,1024,0,1,69,0,0,0,-1,1,69,0,0,1086454,69,0,0,0,70.0,43.6,52.5
s2b-r12,3,A,0,s2b-r12-331,0,0,0,0,0,0,1,0,1024,0,16,140,-1,0,0,-1,4,140,4,2,2187953,140,0,4,4,30.0,43.6,52.5
s2b-r12,3,A,0,s2b-r12-332,0,0,0,0,0,0,1,0,1024,0,16,155,-1,0,0,-1,4,155,4,2,2422577,155,0,4,4,80.0,43.6,52.5
s2b-r12,3,A,0,s2b-r12-333,0,0,0,0,0,0,1,0,1024,0,16,95,-1,0,0,-1,4,95,4,2,1493168,115,0,4,4,66.0,43.6,52.5
s2b-r12,3,A,0,s2b-r12-334,0,0,0,0,0,0,1,0,1024,0,16,92,0,0,0,-1,1,92,4,0,1437931,115,0,4,4,24.0,43.6,52.5
s2b-r12,3,A,0,s2b-r12-335,0,0,0,0,0,0,1,0,1024,0,16,152,-1,0,0,-1,4,152,4,2,2379995,152,0,4,4,34.0,43.6,52.5
s2b-r12,3,A,0,s2b-r12-336,0,0,0,0,0,0,1,0,1024,0,16,104,-1,0,0,-1,4,104,4,2,1628552,104,0,4,4,14.0,43.6,52.5
s2b-r12,3,A,0,s2b-r12-337,0,0,0,0,0,0,1,0,1024,0,16,152,-1,0,0,-1,4,152,4,2,2377561,152,0,4,4,24.0,43.6,52.5
s2b-r12,3,A,0,s2b-r12-338,0,0,0,0,0,0,1,0,1024,0,1,104,0,0,0,-1,1,104,0,0,1635166,104,0,0,0,71.0,43.6,52.5
s2b-r12,3,A,0,s2b-r12-339,0,0,0,0,0,0,1,0,1024,0,32,65,-1,0,0,-1,5,65,5,2,1016904,104,0,5,5,101.0,43.6,52.5
s2b-r12,3,A,0,s2b-r12-340,0,0,0,0,0,0,1,0,1024,0,16,64,-1,0,0,-1,4,64,4,2,1002363,64,0,4,4,57.0,43.6,52.5
s2b-r12,3,A,0,s2b-r12-341,0,0,0,0,0,0,1,0,1024,0,16,109,-1,0,0,-1,4,109,4,2,1718389,109,0,4,0,73.0,43.6,52.5
s2b-r12,3,A,0,s2b-r12-342,0,0,0,0,0,0,1,0,1024,0,1,102,-1,0,0,-1,0,102,0,2,1600988,102,0,0,0,23.0,43.6,52.5
s2b-r12,3,A,0,s2b-r12-343,0,0,0,0,0,0,1,0,1024,0,2,85,-1,0,0,-1,1,85,1,2,1342111,83,0,1,1,75.0,43.6,52.5
s2b-r12,3,A,0,s2b-r12-344,0,0,0,0,0,0,1,0,1024,0,16,88,4,0,0,-1,1,88,1,0,1383000,88,0,1,4,125.0,43.6,52.5
s2b-r12,3,A,0,s2b-r12-345,0,0,0,0,0,0,1,0,1024,0,1,198,-1,0,0,-1,0,198,0,2,3101536,198,0,0,0,37.0,43.6,52.5
s2b-r12,3,A,0,s2b-r12-346,0,0,0,0,0,0,1,0,1024,0,16,157,-1,0,0,-1,4,157,4,2,2464519,157,0,4,4,70.0,43.6,52.5
s2b-r12,3,A,0,s2b-r12-347,0,0,0,0,0,0,1,0,1024,0,2,138,-1,0,0,-1,1,138,1,2,2169034,157,0,1,1,40.0,43.6,52.5
s2b-r12,3,A,0,s2b-r12-348,0,0,0,0,0,0,1,0,1024,0,2,92,-1,0,0,-1,1,92,1,2,1446691,51,0,1,1,106.0,43.6,52.5
s2b-r12,3,A,0,s2b-r12-349,0,0,0,0,0,0,1,0,1024,0,2,130,-1,0,0,-1,1,130,1,2,2036646,130,0,1,1,59.0,43.6,52.5
s2b-r12,3,A,0,s2b-r12-350,0,0,0,0,0,0,1,0,1024,0,1,167,-1,0,0,-1,0,167,0,2,2623767,167,0,0,0,25.0,43.6,52.5
s2b-r12,3,A,0,s2b-r12-351,0,0,0,0,0,0,1,0,1024,0,16,132,-1,0,0,-1,4,132,4,2,2074027,132,0,4,4,46.0,43.6,52.5
s2b-r12,3,A,0,s2b-r12-352,0,0,0,0,0,0,1,0,1024,0,16,109,-1,0,0,-1,4,109,4,2,1706282,109,0,4,4,107.0,43.6,52.5
s2b-r12,3,A,0,s2b-r12-353,0,0,0,0,0,0,1,0,1024,0,2,86,0,0,0,-1,4,86,1,0,1351292,42,0,1,1,165.0,43.6,52.5
s2b-r12,3,A,0,s2b-r12-354,0,0,0,0,0,0,1,0,1024,0,4,89,-1,0,0,-1,2,89,2,2,1393190,103,0,2,2,41.0,43.6,52.5
s2b-r12,3,A,0,s2b-r12-355,0,0,0,0,0,0,1,0,1024,0,4,75,-1,0,0,-1,2,75,2,2,1185467,103,0,2,2,47.0,43.6,52.5
s2b-r12,3,A,0,s2b-r12-356,0,0,0,0,0,0,1,0,1024,0,4,77,-1,0,0,-1,2,77,2,2,1218251,70,0,2,2,32.0,43.6,52.5
s2b-r12,3,A,0,s2b-r12-357,0,0,0,0,0,0,1,0,1024,0,4,152,-1,0,0,-1,2,152,2,2,2376261,152,0,2,2,22.0,43.6,52.5
s2b-r12,3,A,0,s2b-r12-358,0,0,0,0,0,0,1,0,1024,0,2,113,-1,0,0,-1,1,113,1,2,1776910,113,0,1,1,78.0,43.6,52.5
s2b-r12,3,A,0,s2b-r12-359,0,0,0,0,0,0,1,0,1024,0,32,152,-1,0,0,-1,5,152,5,2,2380681,152,0,5,5,43.0,43.6,52.5
s2b-r12,3,A,0,s2b-r12-360,0,0,0,0,0,0,1,0,1024,0,32,152,-1,0,0,-1,5,152,5,2,2386651,152,0,5,5,63.0,43.6,52.5
s2b-r12,3,A,0,s2b-r12-361,0,0,0,0,0,0,1,0,1024,0,32,118,-1,0,0,-1,5,118,5,2,1851985,118,0,5,5,66.0,43.6,52.5
s2b-r12,3,A,0,s2b-r12-362,0,0,0,0,0,0,1,0,1024,0,32,151,-1,0,0,-1,5,151,5,2,2370746,152,0,5,5,61.0,43.6,52.5
s2b-r12,3,A,0,s2b-r12-363,0,0,0,0,0,0,1,0,1024,0,32,150,-1,0,0,-1,5,150,5,2,2358467,152,0,5,5,106.0,43.6,52.5
s2b-r12,3,A,0,s2b-r12-364,0,0,0,0,0,0,1,0,1024,0,32,116,5,0,0,-1,0,116,5,0,1827932,108,0,5,5,73.0,43.6,52.5
s2b-r12,3,A,0,s2b-r12-365,0,0,0,0,0,0,1,0,1024,0,32,95,5,0,0,-1,1,95,1,0,1494811,108,0,1,1,74.0,43.6,52.5
s2b-r12,3,A,0,s2b-r12-366,0,0,0,0,0,0,1,0,1024,0,2,126,-1,0,0,-1,1,126,1,2,1975755,126,0,1,1,24.0,43.6,52.5
s2b-r12,3,A,0,s2b-r12-367,0,0,0,0,0,0,1,0,1024,0,2,151,-1,0,0,-1,1,151,1,2,2365425,151,0,1,1,45.0,43.6,52.5
s2b-r12,3,A,0,s2b-r12-368,0,0,0,0,0,0,1,0,1024,0,2,92,-1,0,0,-1,1,92,1,2,1443566,126,0,1,1,29.0,43.6,52.5
s2b-r12,3,A,0,s2b-r12-369,0,0,0,0,0,0,1,0,1024,0,8,164,-1,0,0,-1,3,164,3,2,2565121,164,0,3,3,106.0,43.6,52.5
s2b-r12,3,A,0,s2b-r12-370,0,0,0,0,0,0,1,0,1024,0,1,94,-1,0,0,-1,0,94,0,2,1483755,100,0,0,0,24.0,43.6,52.5
s2b-r12,3,A,0,s2b-r12-371,0,0,0,0,0,0,1,0,1024,0,16,94,1,0,0,-1,0,94,4,0,1481935,100,0,4,4,55.0,43.6,52.5
s2b-r12,3,A,0,s2b-r12-372,0,0,0,0,0,0,1,0,1024,0,32,71,5,0,0,-1,5,71,5,0,1121291,41,0,5,4,647.0,43.6,52.5
s2b-r12,3,A,0,s2b-r12-373,0,0,0,0,0,0,1,0,1024,0,16,97,-1,0,0,-1,4,97,4,2,1528451,97,0,4,4,65.0,43.6,52.5
s2b-r12,3,A,0,s2b-r12-374,0,0,0,0,0,0,1,0,1024,0,16,91,-1,0,0,-1,4,91,4,2,1433801,91,0,4,4,104.0,43.6,52.5
s2b-r12,3,A,0,s2b-r12-375,0,0,0,0,0,0,1,0,1024,0,16,61,-1,0,0,-1,4,61,4,2,957316,24,0,4,4,49.0,43.6,52.5
s2b-r12,3,A,0,s2b-r12-376,0,0,0,0,0,0,1,0,1024,0,1,153,0,0,0,-1,3,153,0,0,2400919,153,0,0,0,46.0,43.6,52.5
s2b-r12,3,A,0,s2b-r12-377,0,0,0,0,0,0,1,0,1024,0,32,156,-1,0,0,-1,5,156,5,2,2438866,156,0,5,5,20.0,43.6,52.5
s2b-r12,3,A,0,s2b-r12-378,0,0,0,0,0,0,1,0,1024,0,32,96,-1,0,0,-1,5,96,5,2,1508418,90,0,5,5,40.0,43.6,52.5
s2b-r12,3,A,0,s2b-r12-379,0,0,0,0,0,0,1,0,1024,0,32,150,-1,0,0,-1,5,150,5,2,2345694,150,0,5,5,106.0,43.6,52.5
s2b-r12,3,A,0,s2b-r12-380,0,0,0,0,0,0,1,0,1024,0,32,90,-1,0,0,-1,5,90,5,2,1410810,58,0,5,5,102.0,43.6,52.5
s2b-r12,3,A,0,s2b-r12-381,0,0,0,0,0,0,1,0,1024,0,16,97,-1,0,0,-1,4,97,4,2,1524714,97,0,4,4,108.0,43.6,52.5
s2b-r12,3,A,0,s2b-r12-382,0,0,0,0,0,0,1,0,1024,0,16,70,-1,0,0,-1,4,70,4,2,1100396,54,0,4,4,61.0,43.6,52.5
s2b-r12,3,A,0,s2b-r12-383,0,0,0,0,0,0,1,0,1024,0,32,82,5,0,0,-1,4,82,5,0,1288555,82,0,5,5,59.0,43.6,52.5
s2b-r12,3,A,0,s2b-r12-384,0,0,0,0,0,0,1,0,1024,0,2,119,-1,0,0,-1,1,119,1,2,1861385,119,0,1,1,40.0,43.6,52.5
s2b-r12,3,A,0,s2b-r12-385,0,0,0,0,0,0,1,0,1024,0,16,153,4,0,0,-1,5,153,4,0,2395631,153,0,4,4,75.0,43.6,52.5
s2b-r12,3,A,0,s2b-r12-386,0,0,0,0,0,0,1,0,1024,0,16,166,4,0,0,-1,1,166,1,0,2599931,166,0,1,1,1632.0,43.6,52.5
s2b-r12,3,A,0,s2b-r12-387,0,0,0,0,0,0,1,0,1024,0,2,188,-1,0,0,-1,1,188,1,2,2951952,188,0,1,1,19.0,43.6,52.5
s2b-r12,3,A,0,s2b-r12-388,0,0,0,0,0,0,1,0,1024,0,2,142,-1,0,0,-1,1,142,1,2,2227516,166,0,1,1,25.0,43.6,52.5
s2b-r12,3,A,0,s2b-r12-389,0,0,0,0,0,0,1,0,1024,0,1,151,0,0,0,-1,1,151,0,0,2367798,166,0,0,0,23.0,43.6,52.5
s2b-r12,3,A,0,s2b-r12-390,0,0,0,0,0,0,1,0,1024,0,16,152,-1,0,0,-1,4,152,4,2,2390092,152,0,4,4,29.0,43.6,52.5
s2b-r12,3,A,0,s2b-r12-391,0,0,0,0,0,0,1,0,1024,0,16,151,-1,0,0,-1,4,151,4,2,2363875,152,0,4,4,20.0,43.6,52.5
s2b-r12,3,A,0,s2b-r12-392,0,0,0,0,0,0,1,0,1024,0,1,156,-1,0,0,-1,0,156,0,2,2444608,156,0,0,0,16.0,43.6,52.5
s2b-r12,3,A,0,s2b-r12-393,0,0,0,0,0,0,1,0,1024,0,1,152,-1,0,0,-1,0,152,0,2,2383315,152,0,0,0,15.0,43.6,52.5
s2b-r12,3,A,0,s2b-r12-394,0,0,0,0,0,0,1,0,1024,0,1,155,-1,0,0,-1,0,155,0,2,2432146,155,0,0,0,15.0,43.6,52.5
s2b-r12,3,A,0,s2b-r12-395,0,0,0,0,0,0,1,0,1024,0,1,152,0,0,0,-1,5,152,0,0,2381976,155,0,0,0,22.0,43.6,52.5
s2b-r12,3,A,0,s2b-r12-396,0,0,0,0,0,0,1,0,1024,0,1,154,-1,0,0,-1,0,154,0,2,2408871,155,0,0,0,15.0,43.6,52.5
s2b-r12,3,A,0,s2b-r12-397,0,0,0,0,0,0,1,0,1024,0,1,173,0,0,0,-1,1,173,0,0,2706024,173,0,0,0,22.0,43.6,52.5
s2b-r12,3,A,0,s2b-r12-398,0,0,0,0,0,0,1,0,1024,0,1,158,-1,0,0,-1,0,158,0,2,2468814,155,0,0,0,17.0,43.6,52.5
s2b-r12,3,A,0,s2b-r12-399,0,0,0,0,0,0,1,0,1024,0,2,158,1,0,0,-1,0,158,1,0,2476262,158,0,1,1,21.0,43.6,52.5
s2b-r12,3,A,0,s2b-r12-400,0,0,0,0,0,0,1,0,1024,0,2,158,-1,0,0,-1,1,158,1,2,2471899,158,0,1,1,15.0,43.6,52.5
s2b-r12,3,A,0,s2b-r12-401,0,0,0,0,0,0,1,0,1024,0,2,157,1,0,0,-1,1,157,1,0,2462112,158,0,1,1,18.0,43.6,52.5
s2b-r12,3,A,0,s2b-r12-402,0,0,0,0,0,0,1,0,1024,0,1,157,-1,0,0,-1,0,157,0,2,2457367,158,0,0,0,15.0,43.6,52.5
s2b-r12,3,A,0,s2b-r12-403,0,0,0,0,0,0,1,0,1024,0,1,157,-1,0,0,-1,0,157,0,2,2457926,158,0,0,0,13.0,43.6,52.5
s2b-r12,3,A,0,s2b-r12-404,0,0,0,0,0,0,1,0,1024,0,1,165,-1,0,0,-1,0,165,0,2,2584736,165,0,0,0,25.0,43.6,52.5
s2b-r12,3,A,0,s2b-r12-405,0,0,0,0,0,0,1,0,1024,0,2,127,-1,0,0,-1,1,127,1,2,1991642,89,0,1,1,24.0,43.6,52.5
s2b-r12,3,A,0,s2b-r12-406,0,0,0,0,0,0,1,0,1024,0,16,104,-1,0,0,-1,4,104,4,2,1634213,95,0,4,4,18.0,43.6,52.5
s2b-r12,3,A,0,s2b-r12-407,0,0,0,0,0,0,1,0,1024,0,2,151,0,0,0,-1,4,151,1,0,2362035,151,0,1,1,28.0,43.6,52.5
s2b-r12,3,A,0,s2b-r12-408,0,0,0,0,0,0,1,0,1024,0,2,148,-1,0,0,-1,1,148,1,2,2326074,151,0,1,1,23.0,43.6,52.5
s2b-r12,3,A,0,s2b-r12-409,0,0,0,0,0,0,1,0,1024,0,2,109,-1,0,0,-1,1,109,1,2,1703696,115,0,1,1,60.0,43.6,52.5
s2b-r12,3,A,0,s2b-r12-410,0,0,0,0,0,0,1,0,1024,0,32,90,-1,0,0,-1,5,90,5,2,1415494,70,0,5,5,66.0,43.6,52.5
s2b-r12,3,A,0,s2b-r12-411,0,0,0,0,0,0,1,0,1024,0,32,120,-1,0,0,-1,5,120,5,2,1887638,120,0,5,5,90.0,43.6,52.5
s2b-r12,3,A,0,s2b-r12-412,0,0,0,0,0,0,1,0,1024,0,32,76,-1,0,0,-1,5,76,5,2,1190949,70,0,5,5,104.0,43.6,52.5
s2b-r12,3,A,0,s2b-r12-413,0,0,0,0,0,0,1,0,1024,0,32,84,-1,0,0,-1,5,84,5,2,1326602,81,0,5,5,69.0,43.6,52.5
s2b-r12,3,A,0,s2b-r12-414,0,0,0,0,0,0,1,0,1024,0,2,62,-1,0,0,-1,1,62,1,2,977573,81,0,1,1,59.0,43.6,52.5
s2b-r12,3,A,0,s2b-r12-415,0,0,0,0,0,0,1,0,1024,0,2,149,-1,0,0,-1,1,149,1,2,2339601,149,0,1,1,33.0,43.6,52.5
s2b-r12,3,A,0,s2b-r12-416,0,0,0,0,0,0,1,0,1024,0,2,148,-1,0,0,-1,1,148,1,2,2326229,149,0,1,1,38.0,43.6,52.5
s2b-r12,3,A,0,s2b-r12-417,0,0,0,0,0,0,1,0,1024,0,1,144,0,0,0,-1,1,144,0,0,2250178,149,0,0,0,21.0,43.6,52.5
s2b-r12,3,A,0,s2b-r12-418,0,0,0,0,0,0,1,0,1024,0,1,101,-1,0,0,-1,0,101,0,2,1584563,101,0,0,0,33.0,43.6,52.5
s2b-r12,3,A,0,s2b-r12-419,0,0,0,0,0,0,1,0,1024,0,2,162,1,0,0,-1,0,162,1,0,2534725,162,0,1,1,75.0,43.6,52.5
s2b-r12,3,A,0,s2b-r12-420,0,0,0,0,0,0,1,0,1024,0,2,93,-1,0,0,-1,1,93,1,2,1463722,101,0,1,1,79.0,43.6,52.5
s2b-r12,3,A,0,s2b-r12-421,0,0,0,0,0,0,1,0,1024,0,16,92,4,0,0,-1,1,92,4,0,1449624,58,0,4,4,74.0,43.6,52.5
s2b-r12,3,A,0,s2b-r12-422,0,0,0,0,0,0,1,0,1024,0,16,120,-1,0,0,-1,4,120,4,2,1884082,120,0,4,4,45.0,43.6,52.5
s2b-r12,3,A,0,s2b-r12-423,0,0,0,0,0,0,1,0,1024,0,2,92,1,0,0,-1,4,92,4,0,1452113,92,0,4,1,228.0,43.6,52.5
s2b-r12,3,A,0,s2b-r12-424,0,0,0,0,0,0,1,0,1024,0,2,68,-1,0,0,-1,1,68,1,2,1072810,22,0,1,1,29.0,43.6,52.5
s2b-r12,3,A,0,s2b-r12-425,0,0,0,0,0,0,1,0,1024,0,32,154,2,0,0,-1,0,154,5,0,2410105,168,0,5,5,57.0,43.6,52.5
s2b-r12,3,A,0,s2b-r12-426,0,0,0,0,0,0,1,0,1024,0,32,98,-1,0,0,-1,5,98,5,2,1546460,15,0,5,5,66.0,43.6,52.5
s2b-r12,3,A,0,s2b-r12-427,0,0,0,0,0,0,1,0,1024,0,32,90,-1,0,0,-1,5,90,5,2,1418556,15,0,5,5,155.0,43.6,52.5
s2b-r12,3,A,0,s2b-r12-428,0,0,0,0,0,0,1,0,1024,0,32,65,-1,0,0,-1,5,65,5,2,1022365,43,0,5,5,15.0,43.6,52.5
s2b-r12,3,A,0,s2b-r12-429,0,0,0,0,0,0,1,0,1024,0,1,152,-1,0,0,-1,0,152,0,2,2390411,152,0,0,0,16.0,43.6,52.5
s2b-r12,3,A,0,s2b-r12-430,0,0,0,0,0,0,1,0,1024,0,2,103,1,0,0,-1,0,103,1,0,1623516,103,0,1,1,55.0,43.6,52.5
s2b-r12,3,A,0,s2b-r12-431,0,0,0,0,0,0,1,0,1024,0,2,121,-1,0,0,-1,1,121,1,2,1895262,121,0,1,1,106.0,43.6,52.5
s2b-r12,3,A,0,s2b-r12-432,0,0,0,0,0,0,1,0,1024,0,32,82,5,0,0,-1,4,82,4,0,1283372,97,0,4,1,94.0,43.6,52.5
s2b-r12,3,A,0,s2b-r12-433,0,0,0,0,0,0,1,0,1024,0,32,136,1,0,0,-1,0,136,5,0,2137179,136,0,5,5,46.0,43.6,52.5
s2b-r12,3,A,0,s2b-r12-434,0,0,0,0,0,0,1,0,1024,0,32,126,-1,0,0,-1,5,126,5,2,1976449,126,0,5,5,107.0,43.6,52.5
s2b-r12,3,A,0,s2b-r12-435,0,0,0,0,0,0,1,0,1024,0,32,87,-1,0,0,-1,5,87,5,2,1371993,126,0,5,5,112.0,43.6,52.5
s2b-r12,3,A,0,s2b-r12-436,0,0,0,0,0,0,1,0,1024,0,2,136,-1,0,0,-1,1,136,1,2,2125499,136,0,1,1,36.0,43.6,52.5
s2b-r12,3,A,0,s2b-r12-437,0,0,0,0,0,0,1,0,1024,0,32,150,-1,0,0,-1,5,150,5,2,2346896,150,0,5,5,50.0,43.6,52.5
s2b-r12,3,A,0,s2b-r12-438,0,0,0,0,0,0,1,0,1024,0,32,148,-1,0,0,-1,5,148,5,2,2324118,150,0,5,5,41.0,43.6,52.5
s2b-r12,3,A,0,s2b-r12-439,0,0,0,0,0,0,1,0,1024,0,1,117,0,0,0,-1,5,117,5,0,1828739,112,0,5,0,57.0,43.6,52.5
s2b-r12,3,A,0,s2b-r12-440,0,0,0,0,0,0,1,0,1024,0,1,117,-1,0,0,-1,0,117,0,2,1837421,7,0,0,0,17.0,43.6,52.5
s2b-r12,3,A,0,s2b-r12-441,0,0,0,0,0,0,1,0,1024,0,1,153,-1,0,0,-1,0,153,0,2,2395162,153,0,0,0,25.0,43.6,52.5
s2b-r12,3,A,0,s2b-r12-442,0,0,0,0,0,0,1,0,1024,0,8,119,1,0,0,-1,0,119,3,0,1869954,105,0,3,3,65.0,43.6,52.5
s2b-r12,3,A,0,s2b-r12-443,0,0,0,0,0,0,1,0,1024,0,8,95,-1,0,0,-1,3,95,3,2,1493788,95,0,3,3,42.0,43.6,52.5
s2b-r12,3,A,0,s2b-r12-444,0,0,0,0,0,0,1,0,1024,0,16,113,-1,0,0,-1,4,113,4,2,1776509,113,0,4,4,78.0,43.6,52.5
s2b-r12,3,A,0,s2b-r12-445,0,0,0,0,0,0,1,0,1024,0,2,61,1,0,0,-1,4,61,4,0,957840,15,0,4,4,91.0,43.6,52.5
s2b-r12,3,A,0,s2b-r12-446,0,0,0,0,0,0,1,0,1024,0,32,83,-1,0,0,-1,5,83,5,2,1306949,83,0,5,5,61.0,43.6,52.5
s2b-r12,3,A,0,s2b-r12-447,0,0,0,0,0,0,1,0,1024,0,16,64,-1,0,0,-1,4,64,4,2,1007348,22,0,4,4,104.0,43.6,52.5
s2b-r12,3,A,0,s2b-r12-448,0,0,0,0,0,0,1,0,1024,0,2,61,-1,0,0,-1,1,61,1,2,958635,48,0,1,1,32.0,43.6,52.5
s2b-r12,3,A,0,s2b-r12-449,0,0,0,0,0,0,1,0,1024,0,16,150,4,0,0,-1,1,150,4,0,2346477,150,0,4,4,32.0,43.6,52.5
s2b-r12,3,A,0,s2b-r12-450,0,0,0,0,0,0,1,0,1024,0,2,133,1,0,0,-1,0,133,1,0,2081296,133,0,1,1,133.0,43.6,52.5
s2b-r12,3,A,0,s2b-r12-451,0,0,0,0,0,0,1,0,1024,0,2,95,-1,0,0,-1,1,95,1,2,1496825,109,0,1,1,43.0,43.6,52.5
s2b-r12,3,A,0,s2b-r12-452,0,0,0,0,0,0,1,0,1024,0,2,149,-1,0,0,-1,1,149,1,2,2330403,149,0,1,1,99.0,43.6,52.5
s2b-r12,3,A,0,s2b-r12-453,0,0,0,0,0,0,1,0,1024,0,1,95,0,0,0,-1,5,95,0,0,1484787,53,0,0,0,77.0,43.6,52.5
s2b-r12,3,A,0,s2b-r12-454,0,0,0,0,0,0,1,0,1024,0,32,97,-1,0,0,-1,5,97,5,2,1524728,53,0,5,5,43.0,43.6,52.5
s2b-r12,3,A,0,s2b-r12-455,0,0,0,0,0,0,1,0,1024,0,2,77,1,0,0,-1,0,77,1,0,1215073,53,0,1,1,76.0,43.6,52.5
s2b-r12,3,A,0,s2b-r12-456,0,0,0,0,0,0,1,0,1024,0,2,86,-1,0,0,-1,1,86,1,2,1348463,86,0,1,1,140.0,43.6,52.5
s2b-r12,3,A,0,s2b-r12-457,0,0,0,0,0,0,1,0,1024,0,1,65,-1,0,0,-1,0,65,0,2,1027264,77,0,0,0,59.0,43.6,52.5
s2b-r12,3,A,0,s2b-r12-458,0,0,0,0,0,0,1,0,1024,0,8,87,-1,0,0,-1,3,87,3,2,1361365,66,0,3,3,39.0,43.6,52.5
s2b-r12,3,A,0,s2b-r12-459,0,0,0,0,0,0,1,0,1024,0,8,151,-1,0,0,-1,3,151,3,2,2371192,167,0,3,3,47.0,43.6,52.5
s2b-r12,3,A,0,s2b-r12-460,0,0,0,0,0,0,1,0,1024,0,8,149,-1,0,0,-1,3,149,3,2,2341696,167,0,3,3,19.0,43.6,52.5
s2b-r12,3,A,0,s2b-r12-461,0,0,0,0,0,0,1,0,1024,0,8,99,-1,0,0,-1,3,99,3,2,1551197,86,0,3,3,104.0,43.6,52.5
s2b-r12,3,A,0,s2b-r12-462,0,0,0,0,0,0,1,0,1024,0,32,103,-1,0,0,-1,5,103,5,2,1615912,103,0,5,5,84.0,43.6,52.5
s2b-r12,3,A,0,s2b-r12-463,0,0,0,0,0,0,1,0,1024,0,32,62,-1,0,0,-1,5,62,5,2,970873,125,0,5,5,72.0,43.6,52.5
s2b-r12,3,A,0,s2b-r12-464,0,0,0,0,0,0,1,0,1024,0,32,64,1,0,0,-1,5,64,5,0,1005793,125,0,5,0,301.0,43.6,52.5
s2b-r12,3,A,0,s2b-r12-465,0,0,0,0,0,0,1,0,1024,0,16,63,-1,0,0,-1,4,63,4,2,987167,125,0,4,4,104.0,43.6,52.5
s2b-r12,3,A,0,s2b-r12-466,0,0,0,0,0,0,1,0,1024,0,16,69,-1,0,0,-1,4,69,4,2,1091991,125,0,4,4,105.0,43.6,52.5
s2b-r13,4,B,512,s2b-r13-0,512,512,0,10,512,512,1,10,1024,6,32,512,0,1,0,-1,1,149,5,0,2343135,149,1,5,5,33.0,44.0,47.5
s2b-r13,4,B,512,s2b-r13-1,512,512,0,10,512,512,1,10,1024,6,1,512,0,1,0,-1,5,90,0,0,1417508,78,1,0,0,22.0,44.0,47.5
s2b-r13,4,B,512,s2b-r13-2,512,512,0,10,512,512,1,10,1024,6,1,512,0,1,0,-1,0,163,0,0,2549148,163,1,0,0,17.0,44.0,47.5
s2b-r13,4,B,512,s2b-r13-3,512,512,0,10,512,512,1,10,1024,0,1,512,-1,0,0,-1,0,114,0,2,1790356,114,0,0,0,40.0,44.0,47.5
s2b-r13,4,B,512,s2b-r13-4,512,512,0,10,512,512,1,10,1024,6,32,512,5,1,0,-1,0,159,5,0,2486718,163,1,5,5,76.0,44.0,47.5
s2b-r13,4,B,512,s2b-r13-5,512,512,0,10,512,512,1,10,1024,6,16,512,1,1,0,-1,5,158,4,0,2470442,163,1,4,4,39.0,44.0,47.5
s2b-r13,4,B,512,s2b-r13-6,512,512,0,10,512,512,1,10,1024,6,16,512,0,1,0,-1,4,116,4,0,1812528,97,1,4,4,35.0,44.0,47.5
s2b-r13,4,B,512,s2b-r13-7,512,512,0,10,512,512,1,10,1024,6,2,512,1,1,0,-1,4,149,4,0,2330489,149,1,4,4,59.0,44.0,47.5
s2b-r13,4,B,512,s2b-r13-8,512,512,0,10,512,512,1,10,1024,6,64,512,6,1,0,-1,4,90,6,0,1417502,97,0,6,6,83.0,44.0,47.5
s2b-r13,4,B,512,s2b-r13-9,512,512,0,10,512,512,1,10,1024,6,64,512,-1,1,0,-1,6,114,6,2,1789768,114,0,6,6,31.0,44.0,47.5
s2b-r13,4,B,512,s2b-r13-10,512,512,0,10,512,512,1,10,1024,0,16,512,1,0,0,-1,6,104,4,0,1636228,114,0,4,4,71.0,44.0,47.5
s2b-r13,4,B,512,s2b-r13-11,512,512,0,10,512,512,1,10,1024,6,128,512,6,1,0,-1,4,158,7,0,2476051,158,0,7,7,33.0,44.0,47.5
s2b-r13,4,B,512,s2b-r13-12,512,512,0,10,512,512,1,10,1024,6,128,512,-1,1,0,-1,7,100,7,2,1566962,114,0,7,7,29.0,44.0,47.5
s2b-r13,4,B,512,s2b-r13-13,512,512,0,10,512,512,1,10,1024,6,128,512,-1,1,0,-1,7,114,7,2,1793136,114,0,7,7,33.0,44.0,47.5
s2b-r13,4,B,512,s2b-r13-14,512,512,0,10,512,512,1,10,1024,6,128,512,-1,1,0,-1,7,90,7,2,1412747,95,0,7,7,35.0,44.0,47.5
s2b-r13,4,B,512,s2b-r13-15,512,512,0,10,512,512,1,10,1024,6,128,512,-1,1,0,-1,7,100,7,2,1564675,100,0,7,7,24.0,44.0,47.5
s2b-r13,4,B,512,s2b-r13-16,512,512,0,10,512,512,1,10,1024,6,128,512,-1,1,0,-1,7,78,7,2,1226671,95,0,7,7,26.0,44.0,47.5
s2b-r13,4,B,512,s2b-r13-17,512,512,0,10,512,512,1,10,1024,6,128,512,-1,1,0,-1,7,95,7,2,1484632,95,0,7,7,27.0,44.0,47.5
s2b-r13,4,B,512,s2b-r13-18,512,512,0,10,512,512,1,10,1024,6,128,512,-1,1,0,-1,7,96,7,2,1507898,96,0,7,7,27.0,44.0,47.5
s2b-r13,4,B,512,s2b-r13-19,512,512,0,10,512,512,1,10,1024,6,128,512,-1,1,0,-1,7,73,7,2,1146661,95,0,7,7,34.0,44.0,47.5
s2b-r13,4,B,512,s2b-r13-20,512,512,0,10,512,512,1,10,1024,6,128,512,-1,1,0,-1,7,95,7,2,1496842,95,0,7,7,31.0,44.0,47.5
s2b-r13,4,B,512,s2b-r13-21,512,512,0,10,512,512,1,10,1024,6,128,512,-1,1,0,-1,7,84,7,2,1315086,84,0,7,7,34.0,44.0,47.5
s2b-r13,4,B,512,s2b-r13-22,512,512,0,10,512,512,1,10,1024,6,128,512,-1,1,0,-1,7,97,7,2,1527746,97,0,7,7,33.0,44.0,47.5
s2b-r13,4,B,512,s2b-r13-23,512,512,0,10,512,512,1,10,1024,6,128,512,-1,1,0,-1,7,71,7,2,1124104,71,0,7,7,26.0,44.0,47.5
s2b-r13,4,B,512,s2b-r13-24,512,512,0,10,512,512,1,10,1024,6,128,512,-1,1,0,-1,7,96,7,2,1515247,96,0,7,7,28.0,44.0,47.5
s2b-r13,4,B,512,s2b-r13-25,512,512,0,10,512,512,1,10,1024,6,128,512,-1,1,0,-1,7,96,7,2,1506825,96,0,7,7,25.0,44.0,47.5
s2b-r13,4,B,512,s2b-r13-26,512,512,0,10,512,512,1,10,1024,6,128,512,-1,1,0,-1,7,72,7,2,1129766,96,0,7,7,25.0,44.0,47.5
s2b-r13,4,B,512,s2b-r13-27,512,512,0,10,512,512,1,10,1024,6,128,512,-1,1,0,-1,7,95,7,2,1489555,96,0,7,7,25.0,44.0,47.5
s2b-r13,4,B,512,s2b-r13-28,512,512,0,10,512,512,1,10,1024,6,128,512,-1,1,0,-1,7,84,7,2,1325996,84,0,7,7,32.0,44.0,47.5
s2b-r13,4,B,512,s2b-r13-29,512,512,0,10,512,512,1,10,1024,6,128,512,-1,1,0,-1,7,95,7,2,1499698,95,0,7,7,28.0,44.0,47.5
s2b-r13,4,B,512,s2b-r13-30,512,512,0,10,512,512,1,10,1024,6,128,512,-1,1,0,-1,7,96,7,2,1502049,96,0,7,7,30.0,44.0,47.5
s2b-r13,4,B,512,s2b-r13-31,512,512,0,10,512,512,1,10,1024,6,128,512,-1,1,0,-1,7,97,7,2,1518175,97,0,7,7,32.0,44.0,47.5
s2b-r13,4,B,512,s2b-r13-32,512,512,0,10,512,512,1,10,1024,6,128,512,-1,1,0,-1,7,96,7,2,1500166,96,0,7,7,33.0,44.0,47.5
s2b-r13,4,B,512,s2b-r13-33,512,512,0,10,512,512,1,10,1024,6,128,512,-1,1,0,-1,7,78,7,2,1219354,96,0,7,7,30.0,44.0,47.5
s2b-r13,4,B,512,s2b-r13-34,512,512,0,10,512,512,1,10,1024,6,128,512,-1,1,0,-1,7,97,7,2,1517779,97,0,7,7,32.0,44.0,47.5
s2b-r13,4,B,512,s2b-r13-35,512,512,0,10,512,512,1,10,1024,6,128,512,-1,1,0,-1,7,98,7,2,1534953,98,0,7,7,30.0,44.0,47.5
s2b-r13,4,B,512,s2b-r13-36,512,512,0,10,512,512,1,10,1024,6,128,512,-1,1,0,-1,7,102,7,2,1597698,102,0,7,7,52.0,44.0,47.5
s2b-r13,4,B,512,s2b-r13-37,512,512,0,10,512,512,1,10,1024,6,128,512,-1,1,0,-1,7,74,7,2,1166414,98,0,7,7,49.0,44.0,47.5
s2b-r13,4,B,512,s2b-r13-38,512,512,0,10,512,512,1,10,1024,6,128,512,-1,1,0,-1,7,98,7,2,1538179,98,0,7,7,152.0,44.0,47.5
s2b-r13,4,B,512,s2b-r13-39,512,512,0,10,512,512,1,10,1024,6,128,512,-1,1,0,-1,7,101,7,2,1593519,101,0,7,7,55.0,44.0,47.5
s2b-r13,4,B,512,s2b-r13-40,512,512,0,10,512,512,1,10,1024,6,128,512,-1,1,0,-1,7,75,7,2,1176346,101,0,7,7,47.0,44.0,47.5
s2b-r13,4,B,512,s2b-r13-41,512,512,0,10,512,512,1,10,1024,6,128,512,-1,1,0,-1,7,97,7,2,1518875,101,0,7,7,153.0,44.0,47.5
s2b-r13,4,B,512,s2b-r13-42,512,512,0,10,512,512,1,10,1024,6,128,512,-1,1,0,-1,7,101,7,2,1589310,101,0,7,7,47.0,44.0,47.5
s2b-r13,4,B,512,s2b-r13-43,512,512,0,10,512,512,1,10,1024,6,128,512,-1,1,0,-1,7,65,7,2,1016121,54,0,7,7,127.0,44.0,47.5
s2b-r13,4,B,512,s2b-r13-44,512,512,0,10,512,512,1,10,1024,6,128,512,-1,1,0,-1,7,101,7,2,1586547,101,0,7,7,50.0,44.0,47.5
s2b-r13,4,B,512,s2b-r13-45,512,512,0,10,512,512,1,10,1024,6,128,512,-1,1,0,-1,7,98,7,2,1544586,98,0,7,7,190.0,44.0,47.5
s2b-r13,4,B,512,s2b-r13-46,512,512,0,10,512,512,1,10,1024,6,128,512,-1,1,0,-1,7,107,7,2,1678494,107,0,7,7,54.0,44.0,47.5
s2b-r13,4,B,512,s2b-r13-47,512,512,0,10,512,512,1,10,1024,6,128,512,-1,1,0,-1,7,98,7,2,1543448,98,0,7,7,151.0,44.0,47.5
s2b-r13,4,B,512,s2b-r13-48,512,512,0,10,512,512,1,10,1024,6,128,512,-1,1,0,-1,7,106,7,2,1657307,106,0,7,7,59.0,44.0,47.5
s2b-r13,4,B,512,s2b-r13-49,512,512,0,10,512,512,1,10,1024,6,128,512,-1,1,0,-1,7,102,7,2,1597857,100,0,7,7,152.0,44.0,47.5
s2b-r13,4,B,512,s2b-r13-50,512,512,0,10,512,512,1,10,1024,6,128,512,-1,1,0,-1,7,82,7,2,1283309,98,0,7,7,52.0,44.0,47.5
s2b-r13,4,B,512,s2b-r13-51,512,512,0,10,512,512,1,10,1024,6,128,512,-1,1,0,-1,7,100,7,2,1577427,100,0,7,7,50.0,44.0,47.5
s2b-r13,4,B,512,s2b-r13-52,512,512,0,10,512,512,1,10,1024,6,128,512,-1,1,0,-1,7,70,7,2,1096001,100,0,7,7,177.0,44.0,47.5
s2b-r13,4,B,512,s2b-r13-53,512,512,0,10,512,512,1,10,1024,6,128,512,-1,1,0,-1,7,103,7,2,1617821,103,0,7,7,60.0,44.0,47.5
s2b-r13,4,B,512,s2b-r13-54,512,512,0,10,512,512,1,10,1024,6,128,512,-1,1,0,-1,7,99,7,2,1558147,100,0,7,7,132.0,44.0,47.5
s2b-r13,4,B,512,s2b-r13-55,512,512,0,10,512,512,1,10,1024,6,128,512,-1,1,0,-1,7,102,7,2,1600163,102,0,7,7,49.0,44.0,47.5
s2b-r13,4,B,512,s2b-r13-56,512,512,0,10,512,512,1,10,1024,6,128,512,-1,1,0,-1,7,98,7,2,1543019,102,0,7,7,147.0,44.0,47.5
s2b-r13,4,B,512,s2b-r13-57,512,512,0,10,512,512,1,10,1024,6,128,512,-1,1,0,-1,7,92,7,2,1446333,102,0,7,7,49.0,44.0,47.5
s2b-r13,4,B,512,s2b-r13-58,512,512,0,10,512,512,1,10,1024,6,128,512,-1,1,0,-1,7,99,7,2,1554541,102,0,7,7,145.0,44.0,47.5
s2b-r13,4,B,512,s2b-r13-59,512,512,0,10,512,512,1,10,1024,6,128,512,-1,1,0,-1,7,104,7,2,1630127,104,0,7,7,50.0,44.0,47.5
s2b-r13,4,B,512,s2b-r13-60,512,512,0,10,512,512,1,10,1024,6,128,512,-1,1,0,-1,7,99,7,2,1556487,104,0,7,7,180.0,44.0,47.5
s2b-r13,4,B,512,s2b-r13-61,512,512,0,10,512,512,1,10,1024,6,128,512,-1,1,0,-1,7,102,7,2,1602766,104,0,7,7,52.0,44.0,47.5
s2b-r13,4,B,512,s2b-r13-62,512,512,0,10,512,512,1,10,1024,6,128,512,-1,1,0,-1,7,101,7,2,1578403,104,0,7,7,151.0,44.0,47.5
s2b-r13,4,B,512,s2b-r13-63,512,512,0,10,512,512,1,10,1024,6,128,512,-1,1,0,-1,7,104,7,2,1635009,104,0,7,7,49.0,44.0,47.5
s2b-r13,4,B,512,s2b-r13-64,512,512,0,10,512,512,1,10,1024,6,128,512,-1,1,0,-1,7,81,7,2,1271371,70,0,7,7,121.0,44.0,47.5
s2b-r13,4,B,512,s2b-r13-65,512,512,0,10,512,512,1,10,1024,6,128,512,-1,1,0,-1,7,101,7,2,1583585,101,0,7,7,52.0,44.0,47.5
s2b-r13,4,B,512,s2b-r13-66,512,512,0,10,512,512,1,10,1024,6,128,512,-1,1,0,-1,7,100,7,2,1563203,100,0,7,7,149.0,44.0,47.5
s2b-r13,4,B,512,s2b-r13-67,512,512,0,10,512,512,1,10,1024,6,128,512,-1,1,0,-1,7,99,7,2,1560929,99,0,7,7,53.0,44.0,47.5
s2b-r13,4,B,512,s2b-r13-68,512,512,0,10,512,512,1,10,1024,6,128,512,-1,1,0,-1,7,98,7,2,1545043,99,0,7,7,146.0,44.0,47.5
s2b-r13,4,B,512,s2b-r13-69,512,512,0,10,512,512,1,10,1024,0,1,512,0,0,0,-1,7,108,0,0,1691676,108,0,0,0,63.0,44.0,47.5
s2b-r13,4,B,512,s2b-r13-70,512,512,0,10,512,512,1,10,1024,0,1,512,-1,0,0,-1,0,157,0,2,2455742,157,0,0,0,14.0,44.0,47.5
s2b-r13,4,B,512,s2b-r13-71,512,512,0,10,512,512,1,10,1024,0,16,512,4,0,0,-1,0,123,4,0,1927751,123,0,4,4,134.0,44.0,47.5
s2b-r13,4,B,512,s2b-r13-72,512,512,0,10,512,512,1,10,1024,0,16,512,0,0,0,-1,6,168,4,0,2638628,168,0,4,4,87.0,44.0,47.5
s2b-r13,4,B,512,s2b-r13-73,512,512,0,10,512,512,1,10,1024,6,128,512,7,1,0,-1,4,151,7,0,2365059,168,0,7,7,79.0,44.0,47.5
s2b-r13,4,B,512,s2b-r13-74,512,512,0,10,512,512,1,10,1024,6,128,512,-1,1,0,-1,7,114,7,2,1794116,123,0,7,7,17.0,44.0,47.5
s2b-r13,4,B,512,s2b-r13-75,512,512,0,10,512,512,1,10,1024,6,128,512,-1,1,0,-1,7,128,7,2,2004254,123,0,7,7,26.0,44.0,47.5
s2b-r13,4,B,512,s2b-r13-76,512,512,0,10,512,512,1,10,1024,6,128,512,-1,1,0,-1,7,123,7,2,1936798,101,0,7,7,47.0,44.0,47.5
s2b-r13,4,B,512,s2b-r13-77,512,512,0,10,512,512,1,10,1024,6,128,512,-1,1,0,-1,7,80,7,2,1262411,101,0,7,7,108.0,44.0,47.5
s2b-r13,4,B,512,s2b-r13-78,512,512,0,10,512,512,1,10,1024,6,128,512,-1,1,0,-1,7,101,7,2,1580336,101,0,7,7,48.0,44.0,47.5
s2b-r13,4,B,512,s2b-r13-79,512,512,0,10,512,512,1,10,1024,6,128,512,-1,1,0,-1,7,73,7,2,1151153,73,0,7,7,78.0,44.0,47.5
s2b-r13,4,B,512,s2b-r13-80,512,512,0,10,512,512,1,10,1024,6,128,512,-1,1,0,-1,7,100,7,2,1569449,100,0,7,7,310.0,44.0,47.5
s2b-r13,4,B,512,s2b-r13-81,512,512,0,10,512,512,1,10,1024,6,128,512,-1,1,0,-1,7,109,7,2,1709453,109,0,7,7,56.0,44.0,47.5
s2b-r13,4,B,512,s2b-r13-82,512,512,0,10,512,512,1,10,1024,6,128,512,-1,1,0,-1,7,104,7,2,1632491,104,0,7,7,199.0,44.0,47.5
s2b-r13,4,B,512,s2b-r13-83,512,512,0,10,512,512,1,10,1024,6,128,512,-1,1,0,-1,7,105,7,2,1651285,105,0,7,7,52.0,44.0,47.5
s2b-r13,4,B,512,s2b-r13-84,512,512,0,10,512,512,1,10,1024,6,128,512,-1,1,0,-1,7,83,7,2,1307822,80,0,7,7,129.0,44.0,47.5
s2b-r13,4,B,512,s2b-r13-85,512,512,0,10,512,512,1,10,1024,6,128,512,-1,1,0,-1,7,104,7,2,1631295,104,0,7,7,58.0,44.0,47.5
s2b-r13,4,B,512,s2b-r13-86,512,512,0,10,512,512,1,10,1024,6,128,512,-1,1,0,-1,7,98,7,2,1546550,98,0,7,7,317.0,44.0,47.5
s2b-r13,4,B,512,s2b-r13-87,512,512,0,10,512,512,1,10,1024,6,128,512,-1,1,0,-1,7,112,7,2,1760383,112,0,7,7,58.0,44.0,47.5
s2b-r13,4,B,512,s2b-r13-88,512,512,0,10,512,512,1,10,1024,6,128,512,-1,1,0,-1,7,100,7,2,1577834,100,0,7,7,276.0,44.0,47.5
s2b-r13,4,B,512,s2b-r13-89,512,512,0,10,512,512,1,10,1024,6,128,512,-1,1,0,-1,7,107,7,2,1682335,107,0,7,7,50.0,44.0,47.5
s2b-r13,4,B,512,s2b-r13-90,512,512,0,10,512,512,1,10,1024,6,128,512,-1,1,0,-1,7,103,7,2,1622298,100,0,7,7,153.0,44.0,47.5
s2b-r13,4,B,512,s2b-r13-91,512,512,0,10,512,512,1,10,1024,6,128,512,-1,1,0,-1,7,105,7,2,1655003,105,0,7,7,56.0,44.0,47.5
s2b-r13,4,B,512,s2b-r13-92,512,512,0,10,512,512,1,10,1024,6,128,512,-1,1,0,-1,7,82,7,2,1285119,70,0,7,7,126.0,44.0,47.5
s2b-r13,4,B,512,s2b-r13-93,512,512,0,10,512,512,1,10,1024,6,128,512,-1,1,0,-1,7,102,7,2,1606143,102,0,7,7,50.0,44.0,47.5
s2b-r13,4,B,512,s2b-r13-94,512,512,0,10,512,512,1,10,1024,6,128,512,-1,1,0,-1,7,98,7,2,1538567,98,0,7,7,324.0,44.0,47.5
s2b-r13,4,B,512,s2b-r13-95,512,512,0,10,512,512,1,10,1024,6,128,512,-1,1,0,-1,7,115,7,2,1803356,115,0,7,7,52.0,44.0,47.5
s2b-r13,4,B,512,s2b-r13-96,512,512,0,10,512,512,1,10,1024,6,128,512,-1,1,0,-1,7,102,7,2,1605905,102,0,7,7,171.0,44.0,47.5
s2b-r13,4,B,512,s2b-r13-97,512,512,0,10,512,512,1,10,1024,6,128,512,-1,1,0,-1,7,90,7,2,1418683,90,0,7,7,56.0,44.0,47.5
s2b-r13,4,B,512,s2b-r13-98,512,512,0,10,512,512,1,10,1024,6,128,512,-1,1,0,-1,7,99,7,2,1558505,99,0,7,7,174.0,44.0,47.5
s2b-r13,4,B,512,s2b-r13-99,512,512,0,10,512,512,1,10,1024,6,128,512,-1,1,0,-1,7,104,7,2,1625339,104,0,7,7,50.0,44.0,47.5
s2b-r13,4,B,512,s2b-r13-100,512,512,0,10,512,512,1,10,1024,6,128,512,-1,1,0,-1,7,78,7,2,1232409,72,0,7,7,148.0,44.0,47.5
s2b-r13,4,B,512,s2b-r13-101,512,512,0,10,512,512,1,10,1024,6,128,512,-1,1,0,-1,7,103,7,2,1613639,103,0,7,7,51.0,44.0,47.5
s2b-r13,4,B,512,s2b-r13-102,512,512,0,10,512,512,1,10,1024,6,128,512,-1,1,0,-1,7,99,7,2,1554383,99,0,7,7,99.0,44.0,47.5
s2b-r13,4,B,512,s2b-r13-103,512,512,0,10,512,512,1,10,1024,6,128,512,-1,1,0,-1,7,98,7,2,1543295,98,0,7,7,48.0,44.0,47.5
s2b-r13,4,B,512,s2b-r13-104,512,512,0,10,512,512,1,10,1024,6,128,512,-1,1,0,-1,7,99,7,2,1549317,99,0,7,7,168.0,44.0,47.5
s2b-r13,4,B,512,s2b-r13-105,512,512,0,10,512,512,1,10,1024,0,16,512,1,0,0,-1,7,103,4,0,1618766,103,0,4,4,55.0,44.0,47.5
s2b-r13,4,B,512,s2b-r13-106,512,512,0,10,512,512,1,10,1024,0,16,512,-1,0,0,-1,4,150,4,2,2352840,150,0,4,4,37.0,44.0,47.5
s2b-r13,4,B,512,s2b-r13-107,512,512,0,10,512,512,1,10,1024,6,128,512,6,1,0,-1,4,132,7,0,2077399,150,0,7,7,2029.0,44.0,47.5
s2b-r13,4,B,512,s2b-r13-108,512,512,0,10,512,512,1,10,1024,0,16,512,1,0,0,-1,7,103,4,0,1616986,103,0,4,4,64.0,44.0,47.5
s2b-r13,4,B,512,s2b-r13-109,512,512,0,10,512,512,1,10,1024,0,16,512,-1,0,0,-1,4,153,4,2,2396692,153,0,4,4,58.0,44.0,47.5
s2b-r13,4,B,512,s2b-r13-110,512,512,0,10,512,512,1,10,1024,6,128,512,6,1,0,-1,4,151,7,0,2367307,153,0,7,7,2169.0,44.0,47.5
s2b-r13,4,B,512,s2b-r13-111,512,512,0,10,512,512,1,10,1024,6,128,512,-1,1,0,-1,7,130,7,2,2040000,111,0,7,7,58.0,44.0,47.5
s2b-r13,4,B,512,s2b-r13-112,512,512,0,10,512,512,1,10,1024,6,128,512,-1,1,0,-1,7,123,7,2,1932230,103,0,7,7,128.0,44.0,47.5
s2b-r13,4,B,512,s2b-r13-113,512,512,0,10,512,512,1,10,1024,6,128,512,-1,1,0,-1,7,123,7,2,1922205,100,0,7,7,50.0,44.0,47.5
s2b-r13,4,B,512,s2b-r13-114,512,512,0,10,512,512,1,10,1024,6,128,512,-1,1,0,-1,7,100,7,2,1567310,100,0,7,7,166.0,44.0,47.5
s2b-r13,4,B,512,s2b-r13-115,512,512,0,10,512,512,1,10,1024,6,128,512,-1,1,0,-1,7,106,7,2,1661667,106,0,7,7,50.0,44.0,47.5
s2b-r13,4,B,512,s2b-r13-116,512,512,0,10,512,512,1,10,1024,6,128,512,-1,1,0,-1,7,100,7,2,1578024,100,0,7,7,150.0,44.0,47.5
s2b-r13,4,B,512,s2b-r13-117,512,512,0,10,512,512,1,10,1024,6,128,512,-1,1,0,-1,7,82,7,2,1289526,56,0,7,7,50.0,44.0,47.5
s2b-r13,4,B,512,s2b-r13-118,512,512,0,10,512,512,1,10,1024,6,128,512,-1,1,0,-1,7,96,7,2,1515354,96,0,7,7,147.0,44.0,47.5
s2b-r13,4,B,512,s2b-r13-119,512,512,0,10,512,512,1,10,1024,0,1,512,0,0,0,-1,7,102,0,0,1594568,102,0,0,0,56.0,44.0,47.5
s2b-r13,4,B,512,s2b-r13-120,512,512,0,10,512,512,1,10,1024,0,8,512,1,0,0,-1,0,83,3,0,1301376,50,0,3,3,84.0,44.0,47.5
s2b-r13,4,B,512,s2b-r13-121,512,512,0,10,512,512,1,10,1024,6,128,512,7,1,0,-1,3,84,7,0,1318947,50,0,7,7,130.0,44.0,47.5
s2b-r13,4,B,512,s2b-r13-122,512,512,0,10,512,512,1,10,1024,0,32,512,0,0,0,-1,7,102,5,0,1600189,102,0,5,5,76.0,44.0,47.5
s2b-r13,4,B,512,s2b-r13-123,512,512,0,10,512,512,1,10,1024,6,128,512,7,1,0,-1,5,150,7,0,2344349,150,0,7,7,138.0,44.0,47.5
s2b-r13,4,B,512,s2b-r13-124,512,512,0,10,512,512,1,10,1024,6,128,512,-1,1,0,-1,7,101,7,2,1585086,101,0,7,7,39.0,44.0,47.5
s2b-r13,4,B,512,s2b-r13-125,512,512,0,10,512,512,1,10,1024,6,128,512,-1,1,0,-1,7,105,7,2,1649443,105,0,7,7,33.0,44.0,47.5
s2b-r13,4,B,512,s2b-r13-126,512,512,0,10,512,512,1,10,1024,6,128,512,-1,1,0,-1,7,90,7,2,1420065,101,0,7,7,53.0,44.0,47.5
s2b-r13,4,B,512,s2b-r13-127,512,512,0,10,512,512,1,10,1024,6,128,512,-1,1,0,-1,7,101,7,2,1578586,101,0,7,7,53.0,44.0,47.5
s2b-r13,4,B,512,s2b-r13-128,512,512,0,10,512,512,1,10,1024,6,128,512,-1,1,0,-1,7,74,7,2,1169403,74,0,7,7,189.0,44.0,47.5
s2b-r13,4,B,512,s2b-r13-129,512,512,0,10,512,512,1,10,1024,6,128,512,-1,1,0,-1,7,109,7,2,1704346,109,0,7,7,47.0,44.0,47.5
s2b-r13,4,B,512,s2b-r13-130,512,512,0,10,512,512,1,10,1024,6,128,512,-1,1,0,-1,7,88,7,2,1384028,88,0,7,7,141.0,44.0,47.5
s2b-r13,4,B,512,s2b-r13-131,512,512,0,10,512,512,1,10,1024,6,128,512,-1,1,0,-1,7,99,7,2,1552246,99,0,7,7,46.0,44.0,47.5
s2b-r13,4,B,512,s2b-r13-132,512,512,0,10,512,512,1,10,1024,6,128,512,-1,1,0,-1,7,97,7,2,1518387,99,0,7,7,122.0,44.0,47.5
s2b-r13,4,B,512,s2b-r13-133,512,512,0,10,512,512,1,10,1024,6,128,512,-1,1,0,-1,7,101,7,2,1589218,101,0,7,7,63.0,44.0,47.5
s2b-r13,4,B,512,s2b-r13-134,512,512,0,10,512,512,1,10,1024,6,128,512,-1,1,0,-1,7,100,7,2,1570501,100,0,7,7,436.0,44.0,47.5
s2b-r13,4,B,512,s2b-r13-135,512,512,0,10,512,512,1,10,1024,6,128,512,-1,1,0,-1,7,83,7,2,1299695,79,0,7,7,54.0,44.0,47.5
s2b-r13,4,B,512,s2b-r13-136,512,512,0,10,512,512,1,10,1024,6,128,512,-1,1,0,-1,7,101,7,2,1590022,101,0,7,7,100.0,44.0,47.5
s2b-r13,4,B,512,s2b-r13-137,512,512,0,10,512,512,1,10,1024,6,128,512,-1,1,0,-1,7,101,7,2,1579121,101,0,7,7,47.0,44.0,47.5
s2b-r13,4,B,512,s2b-r13-138,512,512,0,10,512,512,1,10,1024,6,128,512,-1,1,0,-1,7,76,7,2,1187975,79,0,7,7,146.0,44.0,47.5
s2b-r13,4,B,512,s2b-r13-139,512,512,0,10,512,512,1,10,1024,6,128,512,-1,1,0,-1,7,102,7,2,1595338,102,0,7,7,57.0,44.0,47.5
s2b-r13,4,B,512,s2b-r13-140,512,512,0,10,512,512,1,10,1024,6,128,512,-1,1,0,-1,7,100,7,2,1572054,102,0,7,7,50.0,44.0,47.5
s2b-r13,4,B,512,s2b-r13-141,512,512,0,10,512,512,1,10,1024,6,128,512,-1,1,0,-1,7,72,7,2,1137632,102,0,7,7,53.0,44.0,47.5
s2b-r13,4,B,512,s2b-r13-142,512,512,0,10,512,512,1,10,1024,6,128,512,-1,1,0,-1,7,100,7,2,1574311,102,0,7,7,130.0,44.0,47.5
s2b-r13,4,B,512,s2b-r13-143,512,512,0,10,512,512,1,10,1024,6,128,512,-1,1,0,-1,7,83,7,2,1302071,83,0,7,7,48.0,44.0,47.5
s2b-r13,4,B,512,s2b-r13-144,512,512,0,10,512,512,1,10,1024,6,128,512,-1,1,0,-1,7,100,7,2,1563646,100,0,7,7,120.0,44.0,47.5
s2b-r13,4,B,512,s2b-r13-145,512,512,0,10,512,512,1,10,1024,6,128,512,-1,1,0,-1,7,87,7,2,1366830,87,0,7,7,48.0,44.0,47.5
s2b-r13,4,B,512,s2b-r13-146,512,512,0,10,512,512,1,10,1024,6,128,512,-1,1,0,-1,7,97,7,2,1519472,97,0,7,7,259.0,44.0,47.5
s2b-r13,4,B,512,s2b-r13-147,512,512,0,10,512,512,1,10,1024,6,128,512,-1,1,0,-1,7,111,7,2,1741530,111,0,7,7,52.0,44.0,47.5
s2b-r13,4,B,512,s2b-r13-148,512,512,0,10,512,512,1,10,1024,6,128,512,-1,1,0,-1,7,98,7,2,1545041,98,0,7,7,184.0,44.0,47.5
s2b-r13,4,B,512,s2b-r13-149,512,512,0,10,512,512,1,10,1024,6,128,512,-1,1,0,-1,7,104,7,2,1639387,104,0,7,7,50.0,44.0,47.5
s2b-r13,4,B,512,s2b-r13-150,512,512,0,10,512,512,1,10,1024,6,128,512,-1,1,0,-1,7,102,7,2,1596849,98,0,7,7,148.0,44.0,47.5
s2b-r13,4,B,512,s2b-r13-151,512,512,0,10,512,512,1,10,1024,6,128,512,-1,1,0,-1,7,103,7,2,1615086,103,0,7,7,50.0,44.0,47.5
s2b-r13,4,B,512,s2b-r13-152,512,512,0,10,512,512,1,10,1024,6,128,512,-1,1,0,-1,7,80,7,2,1264839,103,0,7,7,50.0,44.0,47.5
s2b-r13,4,B,512,s2b-r13-153,512,512,0,10,512,512,1,10,1024,6,128,512,-1,1,0,-1,7,97,7,2,1518382,103,0,7,7,156.0,44.0,47.5
s2b-r13,4,B,512,s2b-r13-154,512,512,0,10,512,512,1,10,1024,6,128,512,-1,1,0,-1,7,103,7,2,1610261,103,0,7,7,49.0,44.0,47.5
s2b-r13,4,B,512,s2b-r13-155,512,512,0,10,512,512,1,10,1024,6,128,512,-1,1,0,-1,7,73,7,2,1147362,91,0,7,7,122.0,44.0,47.5
s2b-r13,4,B,512,s2b-r13-156,512,512,0,10,512,512,1,10,1024,6,128,512,-1,1,0,-1,7,101,7,2,1591843,101,0,7,7,52.0,44.0,47.5
s2b-r13,4,B,512,s2b-r13-157,512,512,0,10,512,512,1,10,1024,6,128,512,-1,1,0,-1,7,77,7,2,1214019,91,0,7,7,81.0,44.0,47.5
s2b-r13,4,B,512,s2b-r13-158,512,512,0,10,512,512,1,10,1024,6,128,512,-1,1,0,-1,7,102,7,2,1597918,102,0,7,7,55.0,44.0,47.5
s2b-r13,4,B,512,s2b-r13-159,512,512,0,10,512,512,1,10,1024,6,128,512,-1,1,0,-1,7,98,7,2,1533166,102,0,7,7,141.0,44.0,47.5
s2b-r13,4,B,512,s2b-r13-160,512,512,0,10,512,512,1,10,1024,0,32,512,0,0,0,-1,7,76,5,0,1194219,102,0,5,5,75.0,44.0,47.5
s2b-r13,4,B,512,s2b-r13-161,512,512,0,10,512,512,1,10,1024,0,2,512,-1,0,0,-1,1,164,1,2,2564201,164,0,1,1,27.0,44.0,47.5
s2b-r13,4,B,512,s2b-r13-162,512,512,0,10,512,512,1,10,1024,0,1,512,0,0,0,-1,6,81,0,0,1271260,80,0,0,0,113.0,44.0,47.5
s2b-r13,4,B,512,s2b-r13-163,512,512,0,10,512,512,1,10,1024,6,128,512,6,1,0,-1,0,163,7,0,2558951,163,0,7,7,2176.0,44.0,47.5
s2b-r13,4,B,512,s2b-r13-164,512,512,0,10,512,512,1,10,1024,6,128,512,-1,1,0,-1,7,116,7,2,1819662,115,0,7,7,82.0,44.0,47.5
s2b-r13,4,B,512,s2b-r13-165,512,512,0,10,512,512,1,10,1024,6,128,512,-1,1,0,-1,7,103,7,2,1621295,100,0,7,7,166.0,44.0,47.5
s2b-r13,4,B,512,s2b-r13-166,512,512,0,10,512,512,1,10,1024,6,128,512,-1,1,0,-1,7,112,7,2,1765533,103,0,7,7,54.0,44.0,47.5
s2b-r13,4,B,512,s2b-r13-167,512,512,0,10,512,512,1,10,1024,6,128,512,-1,1,0,-1,7,90,7,2,1409451,103,0,7,7,159.0,44.0,47.5
s2b-r13,4,B,512,s2b-r13-168,512,512,0,10,512,512,1,10,1024,6,128,512,-1,1,0,-1,7,103,7,2,1609812,103,0,7,7,54.0,44.0,47.5
s2b-r13,4,B,512,s2b-r13-169,512,512,0,10,512,512,1,10,1024,6,128,512,-1,1,0,-1,7,98,7,2,1537824,103,0,7,7,175.0,44.0,47.5
s2b-r13,4,B,512,s2b-r13-170,512,512,0,10,512,512,1,10,1024,6,128,512,-1,1,0,-1,7,105,7,2,1641075,105,0,7,7,50.0,44.0,47.5
s2b-r13,4,B,512,s2b-r13-171,512,512,0,10,512,512,1,10,1024,6,128,512,-1,1,0,-1,7,81,7,2,1267136,105,0,7,7,153.0,44.0,47.5
s2b-r13,4,B,512,s2b-r13-172,512,512,0,10,512,512,1,10,1024,6,128,512,-1,1,0,-1,7,103,7,2,1610964,105,0,7,7,52.0,44.0,47.5
s2b-r13,4,B,512,s2b-r13-173,512,512,0,10,512,512,1,10,1024,6,128,512,-1,1,0,-1,7,98,7,2,1543653,105,0,7,7,188.0,44.0,47.5
s2b-r13,4,B,512,s2b-r13-174,512,512,0,10,512,512,1,10,1024,6,128,512,-1,1,0,-1,7,92,7,2,1449285,92,0,7,7,47.0,44.0,47.5
s2b-r13,4,B,512,s2b-r13-175,512,512,0,10,512,512,1,10,1024,6,128,512,-1,1,0,-1,7,97,7,2,1519637,97,0,7,7,152.0,44.0,47.5
s2b-r13,4,B,512,s2b-r13-176,512,512,0,10,512,512,1,10,1024,6,128,512,-1,1,0,-1,7,105,7,2,1652364,105,0,7,7,50.0,44.0,47.5
s2b-r13,4,B,512,s2b-r13-177,512,512,0,10,512,512,1,10,1024,6,128,512,-1,1,0,-1,7,98,7,2,1539059,98,0,7,7,157.0,44.0,47.5
s2b-r13,4,B,512,s2b-r13-178,512,512,0,10,512,512,1,10,1024,6,128,512,-1,1,0,-1,7,101,7,2,1586642,101,0,7,7,47.0,44.0,47.5
s2b-r13,4,B,512,s2b-r13-179,512,512,0,10,512,512,1,10,1024,6,128,512,-1,1,0,-1,7,100,7,2,1567125,101,0,7,7,146.0,44.0,47.5
s2b-r13,4,B,512,s2b-r13-180,512,512,0,10,512,512,1,10,1024,6,128,512,-1,1,0,-1,7,103,7,2,1615123,103,0,7,7,50.0,44.0,47.5
s2b-r13,4,B,512,s2b-r13-181,512,512,0,10,512,512,1,10,1024,6,128,512,-1,1,0,-1,7,80,7,2,1253624,101,0,7,7,205.0,44.0,47.5
s2b-r13,4,B,512,s2b-r13-182,512,512,0,10,512,512,1,10,1024,6,128,512,-1,1,0,-1,7,110,7,2,1726721,110,0,7,7,52.0,44.0,47.5
s2b-r13,4,B,512,s2b-r13-183,512,512,0,10,512,512,1,10,1024,0,16,512,0,0,0,-1,7,97,4,0,1530105,110,0,4,4,91.0,44.0,47.5
s2b-r13,4,B,512,s2b-r13-184,512,512,0,10,512,512,1,10,1024,0,16,512,-1,0,0,-1,4,158,4,2,2472625,158,0,4,4,101.0,44.0,47.5
s2b-r13,4,B,512,s2b-r13-185,512,512,0,10,512,512,1,10,1024,6,128,512,-1,1,0,-1,7,151,7,2,2366969,158,0,7,7,22.0,44.0,47.5
s2b-r13,4,B,512,s2b-r13-186,512,512,0,10,512,512,1,10,1024,6,128,512,-1,1,0,-1,7,123,7,2,1933913,110,0,7,7,199.0,44.0,47.5
s2b-r13,4,B,512,s2b-r13-187,512,512,0,10,512,512,1,10,1024,0,2,512,1,0,0,-1,7,123,1,0,1924397,107,0,1,1,52.0,44.0,47.5
s2b-r13,4,B,512,s2b-r13-188,512,512,0,10,512,512,1,10,1024,6,128,512,7,1,0,-1,1,102,7,0,1608300,107,0,7,7,77.0,44.0,47.5
s2b-r13,4,B,512,s2b-r13-189,512,512,0,10,512,512,1,10,1024,6,128,512,-1,1,0,-1,7,99,7,2,1562386,107,0,7,7,17.0,44.0,47.5
s2b-r13,4,B,512,s2b-r13-190,512,512,0,10,512,512,1,10,1024,6,128,512,-1,1,0,-1,7,97,7,2,1517589,107,0,7,7,12.0,44.0,47.5
s2b-r13,4,B,512,s2b-r13-191,512,512,0,10,512,512,1,10,1024,6,64,512,6,1,0,-1,7,98,6,0,1538323,98,0,6,6,181.0,44.0,47.5
s2b-r13,4,B,512,s2b-r13-192,512,512,0,10,512,512,1,10,1024,6,64,512,-1,1,0,-1,6,102,6,2,1597145,102,0,6,6,151.0,44.0,47.5
s2b-r13,4,B,512,s2b-r13-193,512,512,0,10,512,512,1,10,1024,0,1,512,0,0,0,-1,6,103,0,0,1611576,103,0,0,0,119.0,44.0,47.5
s2b-r13,4,B,512,s2b-r13-194,512,512,0,10,512,512,1,10,1024,6,128,512,6,1,0,-1,4,127,7,0,1986495,127,0,7,7,1891.0,44.0,47.5
s2b-r13,4,B,512,s2b-r13-195,512,512,0,10,512,512,1,10,1024,6,128,512,-1,1,0,-1,7,111,7,2,1739140,111,0,7,7,63.0,44.0,47.5
s2b-r13,4,B,512,s2b-r13-196,512,512,0,10,512,512,1,10,1024,6,128,512,-1,1,0,-1,7,99,7,2,1556518,111,0,7,7,200.0,44.0,47.5
s2b-r13,4,B,512,s2b-r13-197,512,512,0,10,512,512,1,10,1024,6,128,512,-1,1,0,-1,7,102,7,2,1608822,111,0,7,7,58.0,44.0,47.5
s2b-r13,4,B,512,s2b-r13-198,512,512,0,10,512,512,1,10,1024,6,128,512,-1,1,0,-1,7,100,7,2,1567497,111,0,7,7,69.0,44.0,47.5
s2b-r13,4,B,512,s2b-r13-199,512,512,0,10,512,512,1,10,1024,6,128,512,-1,1,0,-1,7,100,7,2,1577829,100,0,7,7,49.0,44.0,47.5
s2b-r13,4,B,512,s2b-r13-200,512,512,0,10,512,512,1,10,1024,6,128,512,-1,1,0,-1,7,100,7,2,1573755,100,0,7,7,160.0,44.0,47.5
s2b-r13,4,B,512,s2b-r13-201,512,512,0,10,512,512,1,10,1024,6,128,512,-1,1,0,-1,7,90,7,2,1406370,100,0,7,7,51.0,44.0,47.5
s2b-r13,4,B,512,s2b-r13-202,512,512,0,10,512,512,1,10,1024,6,128,512,-1,1,0,-1,7,99,7,2,1560976,100,0,7,7,150.0,44.0,47.5
s2b-r13,4,B,512,s2b-r13-203,512,512,0,10,512,512,1,10,1024,6,128,512,-1,1,0,-1,7,110,7,2,1721860,110,0,7,7,53.0,44.0,47.5
s2b-r13,4,B,512,s2b-r13-204,512,512,0,10,512,512,1,10,1024,6,128,512,-1,1,0,-1,7,98,7,2,1535993,110,0,7,7,46.0,44.0,47.5
s2b-r13,4,B,512,s2b-r13-205,512,512,0,10,512,512,1,10,1024,6,128,512,-1,1,0,-1,7,81,7,2,1274723,110,0,7,7,143.0,44.0,47.5
s2b-r13,4,B,512,s2b-r13-206,512,512,0,10,512,512,1,10,1024,6,128,512,-1,1,0,-1,7,102,7,2,1607100,110,0,7,7,48.0,44.0,47.5
s2b-r13,4,B,512,s2b-r13-207,512,512,0,10,512,512,1,10,1024,6,128,512,-1,1,0,-1,7,87,7,2,1365568,87,0,7,7,90.0,44.0,47.5
s2b-r13,4,B,512,s2b-r13-208,512,512,0,10,512,512,1,10,1024,6,128,512,-1,1,0,-1,7,102,7,2,1600243,102,0,7,7,49.0,44.0,47.5
s2b-r13,4,B,512,s2b-r13-209,512,512,0,10,512,512,1,10,1024,6,128,512,-1,1,0,-1,7,97,7,2,1520030,97,0,7,7,52.0,44.0,47.5
s2b-r13,4,B,512,s2b-r13-210,512,512,0,10,512,512,1,10,1024,6,128,512,-1,1,0,-1,7,77,7,2,1216994,36,0,7,7,178.0,44.0,47.5
s2b-r13,4,B,512,s2b-r13-211,512,512,0,10,512,512,1,10,1024,6,128,512,-1,1,0,-1,7,106,7,2,1662867,106,0,7,7,50.0,44.0,47.5
s2b-r13,4,B,512,s2b-r13-212,512,512,0,10,512,512,1,10,1024,6,128,512,-1,1,0,-1,7,99,7,2,1559464,99,0,7,7,53.0,44.0,47.5
s2b-r13,4,B,512,s2b-r13-213,512,512,0,10,512,512,1,10,1024,6,128,512,-1,1,0,-1,7,100,7,2,1566616,100,0,7,7,66.0,44.0,47.5
s2b-r13,4,B,512,s2b-r13-214,512,512,0,10,512,512,1,10,1024,6,128,512,-1,1,0,-1,7,102,7,2,1606699,102,0,7,7,51.0,44.0,47.5
s2b-r13,4,B,512,s2b-r13-215,512,512,0,10,512,512,1,10,1024,6,128,512,-1,1,0,-1,7,80,7,2,1254697,54,0,7,7,149.0,44.0,47.5
s2b-r13,4,B,512,s2b-r13-216,512,512,0,10,512,512,1,10,1024,6,128,512,-1,1,0,-1,7,106,7,2,1660458,106,0,7,7,49.0,44.0,47.5
s2b-r13,4,B,512,s2b-r13-217,512,512,0,10,512,512,1,10,1024,6,128,512,-1,1,0,-1,7,85,7,2,1338642,85,0,7,7,322.0,44.0,47.5
s2b-r13,4,B,512,s2b-r13-218,512,512,0,10,512,512,1,10,1024,6,128,512,-1,1,0,-1,7,63,7,2,985552,106,0,7,7,48.0,44.0,47.5
s2b-r13,4,B,512,s2b-r13-219,512,512,0,10,512,512,1,10,1024,6,128,512,-1,1,0,-1,7,97,7,2,1526769,106,0,7,7,57.0,44.0,47.5
s2b-r13,4,B,512,s2b-r13-220,512,512,0,10,512,512,1,10,1024,6,128,512,-1,1,0,-1,7,99,7,2,1559190,106,0,7,7,208.0,44.0,47.5
s2b-r13,4,B,512,s2b-r13-221,512,512,0,10,512,512,1,10,1024,6,128,512,-1,1,0,-1,7,106,7,2,1664836,106,0,7,7,47.0,44.0,47.5
s2b-r13,4,B,512,s2b-r13-222,512,512,0,10,512,512,1,10,1024,6,128,512,-1,1,0,-1,7,96,7,2,1503294,96,0,7,7,125.0,44.0,47.5
s2b-r13,4,B,512,s2b-r13-223,512,512,0,10,512,512,1,10,1024,6,128,512,-1,1,0,-1,7,101,7,2,1590259,101,0,7,7,55.0,44.0,47.5
s2b-r13,4,B,512,s2b-r13-224,512,512,0,10,512,512,1,10,1024,6,128,512,-1,1,0,-1,7,99,7,2,1561793,99,0,7,7,174.0,44.0,47.5
s2b-r13,4,B,512,s2b-r13-225,512,512,0,10,512,512,1,10,1024,6,128,512,-1,1,0,-1,7,81,7,2,1270806,61,0,7,7,46.0,44.0,47.5
s2b-r13,4,B,512,s2b-r13-226,512,512,0,10,512,512,1,10,1024,6,128,512,-1,1,0,-1,7,98,7,2,1541140,98,0,7,7,184.0,44.0,47.5
s2b-r13,4,B,512,s2b-r13-227,512,512,0,10,512,512,1,10,1024,6,128,512,-1,1,0,-1,7,104,7,2,1632784,104,0,7,7,52.0,44.0,47.5
s2b-r13,4,B,512,s2b-r13-228,512,512,0,10,512,512,1,10,1024,6,128,512,-1,1,0,-1,7,100,7,2,1572294,100,0,7,7,141.0,44.0,47.5
s2b-r13,4,B,512,s2b-r13-229,512,512,0,10,512,512,1,10,1024,6,128,512,-1,1,0,-1,7,102,7,2,1595459,102,0,7,7,48.0,44.0,47.5
s2b-r13,4,B,512,s2b-r13-230,512,512,0,10,512,512,1,10,1024,6,128,512,-1,1,0,-1,7,100,7,2,1574881,98,0,7,7,143.0,44.0,47.5
s2b-r13,4,B,512,s2b-r13-231,512,512,0,10,512,512,1,10,1024,6,128,512,-1,1,0,-1,7,107,7,2,1676341,107,0,7,7,53.0,44.0,47.5
s2b-r13,4,B,512,s2b-r13-232,512,512,0,10,512,512,1,10,1024,6,128,512,-1,1,0,-1,7,82,7,2,1281273,98,0,7,7,65.0,44.0,47.5
s2b-r13,4,B,512,s2b-r13-233,512,512,0,10,512,512,1,10,1024,6,128,512,-1,1,0,-1,7,121,7,2,1892739,121,0,7,7,54.0,44.0,47.5
s2b-r13,4,B,512,s2b-r13-234,512,512,0,10,512,512,1,10,1024,6,128,512,-1,1,0,-1,7,64,7,2,1006877,62,0,7,7,49.0,44.0,47.5
s2b-r13,4,B,512,s2b-r13-235,512,512,0,10,512,512,1,10,1024,6,128,512,-1,1,0,-1,7,97,7,2,1517164,97,0,7,7,152.0,44.0,47.5
s2b-r13,4,B,512,s2b-r13-236,512,512,0,10,512,512,1,10,1024,6,128,512,-1,1,0,-1,7,105,7,2,1648512,105,0,7,7,48.0,44.0,47.5
s2b-r13,4,B,512,s2b-r13-237,512,512,0,10,512,512,1,10,1024,6,128,512,-1,1,0,-1,7,97,7,2,1516938,97,0,7,7,52.0,44.0,47.5
s2b-r13,4,B,512,s2b-r13-238,512,512,0,10,512,512,1,10,1024,6,128,512,-1,1,0,-1,7,99,7,2,1551894,99,0,7,7,159.0,44.0,47.5
s2b-r13,4,B,512,s2b-r13-239,512,512,0,10,512,512,1,10,1024,6,128,512,-1,1,0,-1,7,88,7,2,1387513,99,0,7,7,51.0,44.0,47.5
s2b-r13,4,B,512,s2b-r13-240,512,512,0,10,512,512,1,10,1024,6,128,512,-1,1,0,-1,7,99,7,2,1552288,99,0,7,7,129.0,44.0,47.5
s2b-r13,4,B,512,s2b-r13-241,512,512,0,10,512,512,1,10,1024,6,128,512,-1,1,0,-1,7,84,7,2,1327590,84,0,7,7,151.0,44.0,47.5
s2b-r13,4,B,512,s2b-r13-242,512,512,0,10,512,512,1,10,1024,6,128,512,-1,1,0,-1,7,105,7,2,1650868,105,0,7,7,56.0,44.0,47.5
s2b-r13,4,B,512,s2b-r13-243,512,512,0,10,512,512,1,10,1024,6,128,512,-1,1,0,-1,7,88,7,2,1381312,88,0,7,7,183.0,44.0,47.5
s2b-r13,4,B,512,s2b-r13-244,512,512,0,10,512,512,1,10,1024,6,128,512,-1,1,0,-1,7,105,7,2,1651662,105,0,7,7,57.0,44.0,47.5
s2b-r13,4,B,512,s2b-r13-245,512,512,0,10,512,512,1,10,1024,6,128,512,-1,1,0,-1,7,101,7,2,1591696,101,0,7,7,188.0,44.0,47.5
s2b-r13,4,B,512,s2b-r13-246,512,512,0,10,512,512,1,10,1024,6,128,512,-1,1,0,-1,7,81,7,2,1277972,101,0,7,7,64.0,44.0,47.5
s2b-r13,4,B,512,s2b-r13-247,512,512,0,10,512,512,1,10,1024,6,128,512,-1,1,0,-1,7,100,7,2,1567758,101,0,7,7,204.0,44.0,47.5
s2b-r13,4,B,512,s2b-r13-248,512,512,0,10,512,512,1,10,1024,6,128,512,-1,1,0,-1,7,106,7,2,1666592,106,0,7,7,49.0,44.0,47.5
s2b-r13,4,B,512,s2b-r13-249,512,512,0,10,512,512,1,10,1024,6,128,512,-1,1,0,-1,7,99,7,2,1558824,99,0,7,7,259.0,44.0,47.5
s2b-r13,4,B,512,s2b-r13-250,512,512,0,10,512,512,1,10,1024,6,128,512,-1,1,0,-1,7,108,7,2,1690670,108,0,7,7,54.0,44.0,47.5
s2b-r13,4,B,512,s2b-r13-251,512,512,0,10,512,512,1,10,1024,6,128,512,-1,1,0,-1,7,103,7,2,1616332,102,0,7,7,64.0,44.0,47.5
s2b-r13,4,B,512,s2b-r13-252,512,512,0,10,512,512,1,10,1024,6,128,512,-1,1,0,-1,7,103,7,2,1621435,101,0,7,7,49.0,44.0,47.5
s2b-r13,4,B,512,s2b-r13-253,512,512,0,10,512,512,1,10,1024,6,128,512,-1,1,0,-1,7,102,7,2,1598184,99,0,7,7,222.0,44.0,47.5
s2b-r13,4,B,512,s2b-r13-254,512,512,0,10,512,512,1,10,1024,6,128,512,-1,1,0,-1,7,107,7,2,1683030,107,0,7,7,57.0,44.0,47.5
s2b-r13,4,B,512,s2b-r13-255,512,512,0,10,512,512,1,10,1024,6,128,512,-1,1,0,-1,7,102,7,2,1596335,107,0,7,7,117.0,44.0,47.5
s2b-r13,4,B,512,s2b-r13-256,512,512,0,10,512,512,1,10,1024,6,128,512,-1,1,0,-1,7,102,7,2,1596451,107,0,7,7,52.0,44.0,47.5
s2b-r13,4,B,512,s2b-r13-257,512,512,0,10,512,512,1,10,1024,6,128,512,-1,1,0,-1,7,82,7,2,1286166,107,0,7,7,127.0,44.0,47.5
s2b-r13,4,B,512,s2b-r13-258,512,512,0,10,512,512,1,10,1024,0,1,512,0,0,0,-1,7,101,0,0,1580829,101,0,0,0,64.0,44.0,47.5
s2b-r13,4,B,512,s2b-r13-259,512,512,0,10,512,512,1,10,1024,6,128,512,6,1,0,-1,0,153,7,0,2391443,153,0,7,7,2144.0,44.0,47.5
s2b-r13,4,B,512,s2b-r13-260,512,512,0,10,512,512,1,10,1024,6,128,512,-1,1,0,-1,7,114,7,2,1791517,114,0,7,7,58.0,44.0,47.5
s2b-r13,4,B,512,s2b-r13-261,512,512,0,10,512,512,1,10,1024,6,128,512,-1,1,0,-1,7,99,7,2,1558427,101,0,7,7,122.0,44.0,47.5
s2b-r13,4,B,512,s2b-r13-262,512,512,0,10,512,512,1,10,1024,6,128,512,-1,1,0,-1,7,93,7,2,1467082,60,0,7,7,52.0,44.0,47.5
s2b-r13,4,B,512,s2b-r13-263,512,512,0,10,512,512,1,10,1024,6,128,512,-1,1,0,-1,7,98,7,2,1535915,98,0,7,7,191.0,44.0,47.5
s2b-r13,4,B,512,s2b-r13-264,512,512,0,10,512,512,1,10,1024,6,128,512,-1,1,0,-1,7,105,7,2,1649701,105,0,7,7,50.0,44.0,47.5
s2b-r13,4,B,512,s2b-r13-265,512,512,0,10,512,512,1,10,1024,6,128,512,-1,1,0,-1,7,68,7,2,1077326,44,0,7,7,170.0,44.0,47.5
s2b-r13,4,B,512,s2b-r13-266,512,512,0,10,512,512,1,10,1024,6,128,512,-1,1,0,-1,7,107,7,2,1684534,107,0,7,7,56.0,44.0,47.5
s2b-r13,4,B,512,s2b-r13-267,512,512,0,10,512,512,1,10,1024,6,128,512,-1,1,0,-1,7,98,7,2,1545954,98,0,7,7,126.0,44.0,47.5
s2b-r13,4,B,512,s2b-r13-268,512,512,0,10,512,512,1,10,1024,6,128,512,-1,1,0,-1,7,81,7,2,1279970,81,0,7,7,49.0,44.0,47.5
s2b-r13,4,B,512,s2b-r13-269,512,512,0,10,512,512,1,10,1024,6,128,512,-1,1,0,-1,7,98,7,2,1537149,98,0,7,7,142.0,44.0,47.5
s2b-r13,4,B,512,s2b-r13-270,512,512,0,10,512,512,1,10,1024,6,128,512,-1,1,0,-1,7,102,7,2,1599169,102,0,7,7,50.0,44.0,47.5
s2b-r13,4,B,512,s2b-r13-271,512,512,0,10,512,512,1,10,1024,6,128,512,-1,1,0,-1,7,98,7,2,1534959,98,0,7,7,301.0,44.0,47.5
s2b-r13,4,B,512,s2b-r13-272,512,512,0,10,512,512,1,10,1024,6,128,512,-1,1,0,-1,7,113,7,2,1780437,113,0,7,7,50.0,44.0,47.5
s2b-r13,4,B,512,s2b-r13-273,512,512,0,10,512,512,1,10,1024,6,128,512,-1,1,0,-1,7,102,7,2,1598829,98,0,7,7,128.0,44.0,47.5
s2b-r13,4,B,512,s2b-r13-274,512,512,0,10,512,512,1,10,1024,6,128,512,-1,1,0,-1,7,102,7,2,1606629,100,0,7,7,48.0,44.0,47.5
s2b-r13,4,B,512,s2b-r13-275,512,512,0,10,512,512,1,10,1024,6,128,512,-1,1,0,-1,7,82,7,2,1281867,100,0,7,7,95.0,44.0,47.5
s2b-r13,4,B,512,s2b-r13-276,512,512,0,10,512,512,1,10,1024,6,128,512,-1,1,0,-1,7,101,7,2,1587847,101,0,7,7,53.0,44.0,47.5
s2b-r13,4,B,512,s2b-r13-277,512,512,0,10,512,512,1,10,1024,6,128,512,-1,1,0,-1,7,97,7,2,1524662,100,0,7,7,157.0,44.0,47.5
s2b-r13,4,B,512,s2b-r13-278,512,512,0,10,512,512,1,10,1024,6,128,512,-1,1,0,-1,7,75,7,2,1180436,72,0,7,7,53.0,44.0,47.5
s2b-r13,4,B,512,s2b-r13-279,512,512,0,10,512,512,1,10,1024,6,128,512,-1,1,0,-1,7,103,7,2,1623406,103,0,7,7,173.0,44.0,47.5
s2b-r13,4,B,512,s2b-r13-280,512,512,0,10,512,512,1,10,1024,6,128,512,-1,1,0,-1,7,109,7,2,1706563,109,0,7,7,49.0,44.0,47.5
s2b-r13,4,B,512,s2b-r13-281,512,512,0,10,512,512,1,10,1024,6,128,512,-1,1,0,-1,7,97,7,2,1527850,97,0,7,7,152.0,44.0,47.5
s2b-r13,4,B,512,s2b-r13-282,512,512,0,10,512,512,1,10,1024,6,128,512,-1,1,0,-1,7,103,7,2,1618348,103,0,7,7,50.0,44.0,47.5
s2b-r13,4,B,512,s2b-r13-283,512,512,0,10,512,512,1,10,1024,6,128,512,-1,1,0,-1,7,102,7,2,1604674,103,0,7,7,105.0,44.0,47.5
s2b-r13,4,B,512,s2b-r13-284,512,512,0,10,512,512,1,10,1024,6,128,512,-1,1,0,-1,7,102,7,2,1597279,103,0,7,7,48.0,44.0,47.5
s2b-r13,4,B,512,s2b-r13-285,512,512,0,10,512,512,1,10,1024,6,128,512,-1,1,0,-1,7,80,7,2,1258424,103,0,7,7,48.0,44.0,47.5
s2b-r13,4,B,512,s2b-r13-286,512,512,0,10,512,512,1,10,1024,6,128,512,-1,1,0,-1,7,97,7,2,1529559,97,0,7,7,150.0,44.0,47.5
s2b-r13,4,B,512,s2b-r13-287,512,512,0,10,512,512,1,10,1024,6,128,512,-1,1,0,-1,7,103,7,2,1609691,103,0,7,7,52.0,44.0,47.5
s2b-r13,4,B,512,s2b-r13-288,512,512,0,10,512,512,1,10,1024,6,128,512,-1,1,0,-1,7,63,7,2,998624,97,0,7,7,125.0,44.0,47.5
s2b-r13,4,B,512,s2b-r13-289,512,512,0,10,512,512,1,10,1024,6,128,512,-1,1,0,-1,7,101,7,2,1582870,101,0,7,7,56.0,44.0,47.5
s2b-r13,4,B,512,s2b-r13-290,512,512,0,10,512,512,1,10,1024,6,128,512,-1,1,0,-1,7,97,7,2,1521534,97,0,7,7,146.0,44.0,47.5
s2b-r13,4,B,512,s2b-r13-291,512,512,0,10,512,512,1,10,1024,6,128,512,-1,1,0,-1,7,76,7,2,1202430,97,0,7,7,48.0,44.0,47.5
s2b-r13,4,B,512,s2b-r13-292,512,512,0,10,512,512,1,10,1024,6,128,512,-1,1,0,-1,7,98,7,2,1540086,98,0,7,7,201.0,44.0,47.5
s2b-r13,4,B,512,s2b-r13-293,512,512,0,10,512,512,1,10,1024,6,128,512,-1,1,0,-1,7,105,7,2,1651864,105,0,7,7,46.0,44.0,47.5
s2b-r13,4,B,512,s2b-r13-294,512,512,0,10,512,512,1,10,1024,6,128,512,-1,1,0,-1,7,99,7,2,1548779,99,0,7,7,25.0,44.0,47.5
s2b-r13,4,B,512,s2b-r13-295,512,512,0,10,512,512,1,10,1024,6,128,512,-1,1,0,-1,7,81,7,2,1274583,99,0,7,7,47.0,44.0,47.5
s2b-r13,4,B,512,s2b-r13-296,512,512,0,10,512,512,1,10,1024,6,128,512,-1,1,0,-1,7,98,7,2,1533860,99,0,7,7,295.0,44.0,47.5
s2b-r13,4,B,512,s2b-r13-297,512,512,0,10,512,512,1,10,1024,6,128,512,-1,1,0,-1,7,113,7,2,1773631,113,0,7,7,47.0,44.0,47.5
s2b-r13,4,B,512,s2b-r13-298,512,512,0,10,512,512,1,10,1024,6,128,512,-1,1,0,-1,7,98,7,2,1541347,98,0,7,7,130.0,44.0,47.5
s2b-r13,4,B,512,s2b-r13-299,512,512,0,10,512,512,1,10,1024,0,1,512,0,0,0,-1,7,103,0,0,1612001,103,0,0,0,62.0,44.0,47.5
s2b-r13,4,B,512,s2b-r13-300,512,512,0,10,512,512,1,10,1024,0,1,512,-1,0,0,-1,0,157,0,2,2463185,157,0,0,0,13.0,44.0,47.5
s2b-r13,4,B,512,s2b-r13-301,512,512,0,10,512,512,1,10,1024,6,64,512,6,1,0,-1,0,134,6,0,2107105,157,0,6,6,70.0,44.0,47.5
s2b-r13,4,B,512,s2b-r13-302,512,512,0,10,512,512,1,10,1024,0,2,512,1,0,0,-1,6,106,1,0,1659916,102,0,1,1,52.0,44.0,47.5
s2b-r13,4,B,512,s2b-r13-303,512,512,0,10,512,512,1,10,1024,6,128,512,7,1,0,-1,4,86,7,0,1351605,102,0,7,7,79.0,44.0,47.5
s2b-r13,4,B,512,s2b-r13-304,512,512,0,10,512,512,1,10,1024,6,128,512,-1,1,0,-1,7,103,7,2,1617586,103,0,7,7,16.0,44.0,47.5
s2b-r13,4,B,512,s2b-r13-305,512,512,0,10,512,512,1,10,1024,6,128,512,-1,1,0,-1,7,97,7,2,1527444,102,0,7,7,15.0,44.0,47.5
s2b-r13,4,B,512,s2b-r13-306,512,512,0,10,512,512,1,10,1024,0,2,512,0,0,0,-1,7,97,1,0,1530935,97,0,1,1,72.0,44.0,47.5
s2b-r13,4,B,512,s2b-r13-307,512,512,0,10,512,512,1,10,1024,6,128,512,6,1,0,-1,1,166,7,0,2596913,166,0,7,7,2136.0,44.0,47.5
s2b-r13,4,B,512,s2b-r13-308,512,512,0,10,512,512,1,10,1024,6,128,512,-1,1,0,-1,7,115,7,2,1809109,113,0,7,7,59.0,44.0,47.5
s2b-r13,4,B,512,s2b-r13-309,512,512,0,10,512,512,1,10,1024,6,128,512,-1,1,0,-1,7,114,7,2,1792151,98,0,7,7,153.0,44.0,47.5
s2b-r13,4,B,512,s2b-r13-310,512,512,0,10,512,512,1,10,1024,6,128,512,-1,1,0,-1,7,115,7,2,1805991,102,0,7,7,48.0,44.0,47.5
s2b-r13,4,B,512,s2b-r13-311,512,512,0,10,512,512,1,10,1024,6,128,512,-1,1,0,-1,7,86,7,2,1349969,86,0,7,7,166.0,44.0,47.5
s2b-r13,4,B,512,s2b-r13-312,512,512,0,10,512,512,1,10,1024,6,128,512,-1,1,0,-1,7,104,7,2,1627462,104,0,7,7,47.0,44.0,47.5
s2b-r13,4,B,512,s2b-r13-313,512,512,0,10,512,512,1,10,1024,6,128,512,-1,1,0,-1,7,98,7,2,1539640,98,0,7,7,49.0,44.0,47.5
s2b-r13,4,B,512,s2b-r13-314,512,512,0,10,512,512,1,10,1024,6,128,512,-1,1,0,-1,7,99,7,2,1555719,99,0,7,7,132.0,44.0,47.5
s2b-r13,4,B,512,s2b-r13-315,512,512,0,10,512,512,1,10,1024,6,128,512,-1,1,0,-1,7,101,7,2,1591981,101,0,7,7,47.0,44.0,47.5
s2b-r13,4,B,512,s2b-r13-316,512,512,0,10,512,512,1,10,1024,6,128,512,-1,1,0,-1,7,100,7,2,1568304,101,0,7,7,49.0,44.0,47.5
s2b-r13,4,B,512,s2b-r13-317,512,512,0,10,512,512,1,10,1024,6,128,512,-1,1,0,-1,7,99,7,2,1551908,101,0,7,7,158.0,44.0,47.5
s2b-r13,4,B,512,s2b-r13-318,512,512,0,10,512,512,1,10,1024,6,128,512,-1,1,0,-1,7,91,7,2,1437416,101,0,7,7,53.0,44.0,47.5
s2b-r13,4,B,512,s2b-r13-319,512,512,0,10,512,512,1,10,1024,6,128,512,-1,1,0,-1,7,100,7,2,1570312,100,0,7,7,199.0,44.0,47.5
s2b-r13,4,B,512,s2b-r13-320,512,512,0,10,512,512,1,10,1024,6,128,512,-1,1,0,-1,7,103,7,2,1617702,103,0,7,7,53.0,44.0,47.5
s2b-r13,4,B,512,s2b-r13-321,512,512,0,10,512,512,1,10,1024,6,128,512,-1,1,0,-1,7,102,7,2,1603779,102,0,7,7,175.0,44.0,47.5
s2b-r13,4,B,512,s2b-r13-322,512,512,0,10,512,512,1,10,1024,6,128,512,-1,1,0,-1,7,102,7,2,1599952,102,0,7,7,51.0,44.0,47.5
s2b-r13,4,B,512,s2b-r13-323,512,512,0,10,512,512,1,10,1024,6,128,512,-1,1,0,-1,7,81,7,2,1273803,67,0,7,7,118.0,44.0,47.5
s2b-r13,4,B,512,s2b-r13-324,512,512,0,10,512,512,1,10,1024,6,128,512,-1,1,0,-1,7,101,7,2,1592545,101,0,7,7,52.0,44.0,47.5
s2b-r13,4,B,512,s2b-r13-325,512,512,0,10,512,512,1,10,1024,6,128,512,-1,1,0,-1,7,98,7,2,1537676,98,0,7,7,149.0,44.0,47.5
s2b-r13,4,B,512,s2b-r13-326,512,512,0,10,512,512,1,10,1024,6,128,512,-1,1,0,-1,7,101,7,2,1581031,101,0,7,7,48.0,44.0,47.5
s2b-r13,4,B,512,s2b-r13-327,512,512,0,10,512,512,1,10,1024,6,128,512,-1,1,0,-1,7,100,7,2,1563588,100,0,7,7,209.0,44.0,47.5
s2b-r13,4,B,512,s2b-r13-328,512,512,0,10,512,512,1,10,1024,6,128,512,-1,1,0,-1,7,105,7,2,1650361,105,0,7,7,46.0,44.0,47.5
s2b-r13,4,B,512,s2b-r13-329,512,512,0,10,512,512,1,10,1024,6,128,512,-1,1,0,-1,7,99,7,2,1550429,100,0,7,7,47.0,44.0,47.5
s2b-r13,4,B,512,s2b-r13-330,512,512,0,10,512,512,1,10,1024,6,128,512,-1,1,0,-1,7,100,7,2,1575764,100,0,7,7,171.0,44.0,47.5
s2b-r13,4,B,512,s2b-r13-331,512,512,0,10,512,512,1,10,1024,6,128,512,-1,1,0,-1,7,82,7,2,1282822,77,0,7,7,60.0,44.0,47.5
s2b-r13,4,B,512,s2b-r13-332,512,512,0,10,512,512,1,10,1024,6,128,512,-1,1,0,-1,7,101,7,2,1582166,101,0,7,7,158.0,44.0,47.5
s2b-r13,4,B,512,s2b-r13-333,512,512,0,10,512,512,1,10,1024,6,128,512,-1,1,0,-1,7,107,7,2,1676440,107,0,7,7,48.0,44.0,47.5
s2b-r13,4,B,512,s2b-r13-334,512,512,0,10,512,512,1,10,1024,6,128,512,-1,1,0,-1,7,98,7,2,1534230,98,0,7,7,143.0,44.0,47.5
s2b-r13,4,B,512,s2b-r13-335,512,512,0,10,512,512,1,10,1024,6,128,512,-1,1,0,-1,7,107,7,2,1686705,107,0,7,7,46.0,44.0,47.5
s2b-r13,4,B,512,s2b-r13-336,512,512,0,10,512,512,1,10,1024,6,128,512,-1,1,0,-1,7,102,7,2,1600245,97,0,7,7,122.0,44.0,47.5
s2b-r13,4,B,512,s2b-r13-337,512,512,0,10,512,512,1,10,1024,6,128,512,-1,1,0,-1,7,102,7,2,1597654,100,0,7,7,46.0,44.0,47.5
s2b-r13,4,B,512,s2b-r13-338,512,512,0,10,512,512,1,10,1024,6,128,512,-1,1,0,-1,7,80,7,2,1261732,97,0,7,7,150.0,44.0,47.5
s2b-r13,4,B,512,s2b-r13-339,512,512,0,10,512,512,1,10,1024,6,128,512,-1,1,0,-1,7,101,7,2,1593382,101,0,7,7,50.0,44.0,47.5
s2b-r13,4,B,512,s2b-r13-340,512,512,0,10,512,512,1,10,1024,6,128,512,-1,1,0,-1,7,100,7,2,1562777,100,0,7,7,147.0,44.0,47.5
s2b-r13,4,B,512,s2b-r13-341,512,512,0,10,512,512,1,10,1024,6,128,512,-1,1,0,-1,7,100,7,2,1574200,100,0,7,7,48.0,44.0,47.5
s2b-r13,4,B,512,s2b-r13-342,512,512,0,10,512,512,1,10,1024,6,128,512,-1,1,0,-1,7,97,7,2,1529553,100,0,7,7,148.0,44.0,47.5
s2b-r13,4,B,512,s2b-r13-343,512,512,0,10,512,512,1,10,1024,6,128,512,-1,1,0,-1,7,109,7,2,1705706,109,0,7,7,49.0,44.0,47.5
s2b-r13,4,B,512,s2b-r13-344,512,512,0,10,512,512,1,10,1024,6,128,512,-1,1,0,-1,7,98,7,2,1532006,98,0,7,7,167.0,44.0,47.5
s2b-r13,4,B,512,s2b-r13-345,512,512,0,10,512,512,1,10,1024,6,128,512,-1,1,0,-1,7,102,7,2,1608211,102,0,7,7,59.0,44.0,47.5
s2b-r13,4,B,512,s2b-r13-346,512,512,0,10,512,512,1,10,1024,6,128,512,-1,1,0,-1,7,101,7,2,1593185,101,0,7,7,220.0,44.0,47.5
s2b-r13,4,B,512,s2b-r13-347,512,512,0,10,512,512,1,10,1024,6,128,512,-1,1,0,-1,7,107,7,2,1672930,107,0,7,7,55.0,44.0,47.5
s2b-r13,4,B,512,s2b-r13-348,512,512,0,10,512,512,1,10,1024,6,128,512,-1,1,0,-1,7,82,7,2,1284225,71,0,7,7,144.0,44.0,47.5
s2b-r13,4,B,512,s2b-r13-349,512,512,0,10,512,512,1,10,1024,6,128,512,-1,1,0,-1,7,102,7,2,1596619,102,0,7,7,53.0,44.0,47.5
s2b-r13,4,B,512,s2b-r13-350,512,512,0,10,512,512,1,10,1024,6,128,512,-1,1,0,-1,7,98,7,2,1531347,98,0,7,7,307.0,44.0,47.5
s2b-r13,4,B,512,s2b-r13-351,512,512,0,10,512,512,1,10,1024,6,128,512,-1,1,0,-1,7,114,7,2,1786240,114,0,7,7,49.0,44.0,47.5
s2b-r13,4,B,512,s2b-r13-352,512,512,0,10,512,512,1,10,1024,6,128,512,-1,1,0,-1,7,98,7,2,1541256,98,0,7,7,105.0,44.0,47.5
s2b-r13,4,B,512,s2b-r13-353,512,512,0,10,512,512,1,10,1024,6,128,512,-1,1,0,-1,7,82,7,2,1291384,81,0,7,7,146.0,44.0,47.5
s2b-r13,4,B,512,s2b-r13-354,512,512,0,10,512,512,1,10,1024,6,128,512,-1,1,0,-1,7,104,7,2,1630634,104,0,7,7,49.0,44.0,47.5
s2b-r13,4,B,512,s2b-r13-355,512,512,0,10,512,512,1,10,1024,6,128,512,-1,1,0,-1,7,84,7,2,1327112,84,0,7,7,167.0,44.0,47.5
s2b-r13,4,B,512,s2b-r13-356,512,512,0,10,512,512,1,10,1024,6,128,512,-1,1,0,-1,7,105,7,2,1652297,105,0,7,7,49.0,44.0,47.5
s2b-r13,4,B,512,s2b-r13-357,512,512,0,10,512,512,1,10,1024,6,128,512,-1,1,0,-1,7,97,7,2,1526153,105,0,7,7,145.0,44.0,47.5
s2b-r13,4,B,512,s2b-r13-358,512,512,0,10,512,512,1,10,1024,6,128,512,-1,1,0,-1,7,79,7,2,1238868,105,0,7,7,48.0,44.0,47.5
s2b-r13,4,B,512,s2b-r13-359,512,512,0,10,512,512,1,10,1024,6,128,512,-1,1,0,-1,7,100,7,2,1573880,105,0,7,7,126.0,44.0,47.5
s2b-r13,4,B,512,s2b-r13-360,512,512,0,10,512,512,1,10,1024,6,128,512,-1,1,0,-1,7,102,7,2,1596392,102,0,7,7,45.0,44.0,47.5
s2b-r13,4,B,512,s2b-r13-361,512,512,0,10,512,512,1,10,1024,6,128,512,-1,1,0,-1,7,75,7,2,1180682,102,0,7,7,97.0,44.0,47.5
s2b-r13,4,B,512,s2b-r13-362,512,512,0,10,512,512,1,10,1024,6,128,512,-1,1,0,-1,7,100,7,2,1575713,102,0,7,7,48.0,44.0,47.5
s2b-r13,4,B,512,s2b-r13-363,512,512,0,10,512,512,1,10,1024,6,128,512,-1,1,0,-1,7,97,7,2,1525337,102,0,7,7,94.0,44.0,47.5
s2b-r13,4,B,512,s2b-r13-364,512,512,0,10,512,512,1,10,1024,6,128,512,-1,1,0,-1,7,71,7,2,1120360,71,0,7,7,47.0,44.0,47.5
s2b-r13,4,B,512,s2b-r13-365,512,512,0,10,512,512,1,10,1024,6,128,512,-1,1,0,-1,7,97,7,2,1520019,97,0,7,7,99.0,44.0,47.5
s2b-r13,4,B,512,s2b-r13-366,512,512,0,10,512,512,1,10,1024,6,128,512,-1,1,0,-1,7,102,7,2,1605982,102,0,7,7,46.0,44.0,47.5
s2b-r13,4,B,512,s2b-r13-367,512,512,0,10,512,512,1,10,1024,6,128,512,-1,1,0,-1,7,73,7,2,1154397,53,0,7,7,107.0,44.0,47.5
s2b-r13,4,B,512,s2b-r13-368,512,512,0,10,512,512,1,10,1024,6,128,512,-1,1,0,-1,7,101,7,2,1585217,101,0,7,7,49.0,44.0,47.5
s2b-r13,4,B,512,s2b-r13-369,512,512,0,10,512,512,1,10,1024,6,128,512,-1,1,0,-1,7,98,7,2,1541171,98,0,7,7,99.0,44.0,47.5
s2b-r13,4,B,512,s2b-r13-370,512,512,0,10,512,512,1,10,1024,6,128,512,-1,1,0,-1,7,84,7,2,1314510,84,0,7,7,45.0,44.0,47.5
s2b-r13,4,B,512,s2b-r13-371,512,512,0,10,512,512,1,10,1024,6,128,512,-1,1,0,-1,7,97,7,2,1523232,97,0,7,7,181.0,44.0,47.5
s2b-r13,4,B,512,s2b-r13-372,512,512,0,10,512,512,1,10,1024,6,128,512,-1,1,0,-1,7,104,7,2,1630176,104,0,7,7,47.0,44.0,47.5
s2b-r13,4,B,512,s2b-r13-373,512,512,0,10,512,512,1,10,1024,6,128,512,-1,1,0,-1,7,98,7,2,1533015,98,0,7,7,230.0,44.0,47.5
s2b-r13,4,B,512,s2b-r13-374,512,512,0,10,512,512,1,10,1024,6,128,512,-1,1,0,-1,7,104,7,2,1632464,104,0,7,7,47.0,44.0,47.5
s2b-r13,4,B,512,s2b-r13-375,512,512,0,10,512,512,1,10,1024,6,128,512,-1,1,0,-1,7,100,7,2,1574141,99,0,7,7,131.0,44.0,47.5
s2b-r13,4,B,512,s2b-r13-376,512,512,0,10,512,512,1,10,1024,6,128,512,-1,1,0,-1,7,101,7,2,1591223,101,0,7,7,48.0,44.0,47.5
s2b-r13,4,B,512,s2b-r13-377,512,512,0,10,512,512,1,10,1024,6,128,512,-1,1,0,-1,7,80,7,2,1261142,101,0,7,7,157.0,44.0,47.5
s2b-r13,4,B,512,s2b-r13-378,512,512,0,10,512,512,1,10,1024,6,128,512,-1,1,0,-1,7,102,7,2,1607010,102,0,7,7,50.0,44.0,47.5
s2b-r13,4,B,512,s2b-r13-379,512,512,0,10,512,512,1,10,1024,6,128,512,-1,1,0,-1,7,94,7,2,1480355,94,0,7,7,146.0,44.0,47.5
s2b-r13,4,B,512,s2b-r13-380,512,512,0,10,512,512,1,10,1024,6,128,512,-1,1,0,-1,7,101,7,2,1578562,101,0,7,7,49.0,44.0,47.5
s2b-r13,4,B,512,s2b-r13-381,512,512,0,10,512,512,1,10,1024,6,128,512,-1,1,0,-1,7,97,7,2,1528367,97,0,7,7,48.0,44.0,47.5
s2b-r13,4,B,512,s2b-r13-382,512,512,0,10,512,512,1,10,1024,6,128,512,-1,1,0,-1,7,78,7,2,1221348,94,0,7,7,52.0,44.0,47.5
s2b-r13,4,B,512,s2b-r13-383,512,512,0,10,512,512,1,10,1024,6,128,512,-1,1,0,-1,7,98,7,2,1534427,98,0,7,7,120.0,44.0,47.5
s2b-r13,4,B,512,s2b-r13-384,512,512,0,10,512,512,1,10,1024,6,128,512,-1,1,0,-1,7,100,7,2,1564697,100,0,7,7,48.0,44.0,47.5
s2b-r13,4,B,512,s2b-r13-385,512,512,0,10,512,512,1,10,1024,6,64,512,-1,1,0,-1,6,62,6,2,973795,98,0,6,6,50.0,44.0,47.5
s2b-r13,4,B,512,s2b-r13-386,512,512,0,10,512,512,1,10,1024,6,64,512,-1,1,0,-1,6,98,6,2,1533378,98,0,6,6,52.0,44.0,47.5
s2b-r13,4,B,512,s2b-r13-387,512,512,0,10,512,512,1,10,1024,6,64,512,-1,1,0,-1,6,90,6,2,1415452,90,0,6,6,149.0,44.0,47.5
s2b-r13,4,B,512,s2b-r13-388,512,512,0,10,512,512,1,10,1024,6,64,512,-1,1,0,-1,6,102,6,2,1595541,102,0,6,6,51.0,44.0,47.5
s2b-r13,4,B,512,s2b-r13-389,512,512,0,10,512,512,1,10,1024,6,64,512,-1,1,0,-1,6,99,6,2,1550000,99,0,6,6,53.0,44.0,47.5
s2b-r13,4,B,512,s2b-r13-390,512,512,0,10,512,512,1,10,1024,6,64,512,-1,1,0,-1,6,78,6,2,1224663,70,0,6,6,97.0,44.0,47.5
s2b-r13,4,B,512,s2b-r13-391,512,512,0,10,512,512,1,10,1024,6,64,512,-1,1,0,-1,6,102,6,2,1606545,102,0,6,6,50.0,44.0,47.5
s2b-r13,4,B,512,s2b-r13-392,512,512,0,10,512,512,1,10,1024,6,64,512,-1,1,0,-1,6,98,6,2,1540887,98,0,6,6,196.0,44.0,47.5
s2b-r13,4,B,512,s2b-r13-393,512,512,0,10,512,512,1,10,1024,6,64,512,-1,1,0,-1,6,77,6,2,1215394,77,0,6,6,45.0,44.0,47.5
s2b-r13,4,B,512,s2b-r13-394,512,512,0,10,512,512,1,10,1024,6,64,512,-1,1,0,-1,6,99,6,2,1561220,99,0,6,6,140.0,44.0,47.5
s2b-r13,4,B,512,s2b-r13-395,512,512,0,10,512,512,1,10,1024,6,64,512,-1,1,0,-1,6,104,6,2,1636112,104,0,6,6,51.0,44.0,47.5
s2b-r13,4,B,512,s2b-r13-396,512,512,0,10,512,512,1,10,1024,6,64,512,-1,1,0,-1,6,76,6,2,1192518,99,0,6,6,147.0,44.0,47.5
s2b-r13,4,B,512,s2b-r13-397,512,512,0,10,512,512,1,10,1024,6,64,512,-1,1,0,-1,6,103,6,2,1621516,103,0,6,6,53.0,44.0,47.5
s2b-r13,4,B,512,s2b-r13-398,512,512,0,10,512,512,1,10,1024,6,64,512,-1,1,0,-1,6,100,6,2,1564706,100,0,6,6,121.0,44.0,47.5
s2b-r13,4,B,512,s2b-r13-399,512,512,0,10,512,512,1,10,1024,6,64,512,-1,1,0,-1,6,88,6,2,1380863,100,0,6,6,53.0,44.0,47.5
s2b-r13,4,B,512,s2b-r13-400,512,512,0,10,512,512,1,10,1024,6,64,512,-1,1,0,-1,6,100,6,2,1574212,100,0,6,6,50.0,44.0,47.5
s2b-r13,4,B,512,s2b-r13-401,512,512,0,10,512,512,1,10,1024,6,64,512,-1,1,0,-1,6,74,6,2,1158092,74,0,6,6,124.0,44.0,47.5
s2b-r13,4,B,512,s2b-r13-402,512,512,0,10,512,512,1,10,1024,6,64,512,-1,1,0,-1,6,102,6,2,1594494,102,0,6,6,47.0,44.0,47.5
s2b-r13,4,B,512,s2b-r13-403,512,512,0,10,512,512,1,10,1024,6,64,512,-1,1,0,-1,6,82,6,2,1290687,82,0,6,6,120.0,44.0,47.5
s2b-r13,4,B,512,s2b-r13-404,512,512,0,10,512,512,1,10,1024,6,64,512,-1,1,0,-1,6,101,6,2,1588235,101,0,6,6,45.0,44.0,47.5
s2b-r13,4,B,512,s2b-r13-405,512,512,0,10,512,512,1,10,1024,6,64,512,-1,1,0,-1,6,86,6,2,1355240,86,0,6,6,183.0,44.0,47.5
s2b-r13,4,B,512,s2b-r13-406,512,512,0,10,512,512,1,10,1024,6,64,512,-1,1,0,-1,6,102,6,2,1600328,102,0,6,6,59.0,44.0,47.5
s2b-r13,4,B,512,s2b-r13-407,512,512,0,10,512,512,1,10,1024,6,64,512,-1,1,0,-1,6,101,6,2,1588769,101,0,6,6,148.0,44.0,47.5
s2b-r13,4,B,512,s2b-r13-408,512,512,0,10,512,512,1,10,1024,6,64,512,-1,1,0,-1,6,79,6,2,1239310,58,0,6,6,48.0,44.0,47.5
s2b-r13,4,B,512,s2b-r13-409,512,512,0,10,512,512,1,10,1024,6,64,512,-1,1,0,-1,6,99,6,2,1561594,99,0,6,6,203.0,44.0,47.5
s2b-r13,4,B,512,s2b-r13-410,512,512,0,10,512,512,1,10,1024,6,64,512,-1,1,0,-1,6,106,6,2,1660459,106,0,6,6,48.0,44.0,47.5
s2b-r13,4,B,512,s2b-r13-411,512,512,0,10,512,512,1,10,1024,6,64,512,-1,1,0,-1,6,97,6,2,1516741,97,0,6,6,143.0,44.0,47.5
s2b-r13,4,B,512,s2b-r13-412,512,512,0,10,512,512,1,10,1024,6,64,512,-1,1,0,-1,6,104,6,2,1637799,104,0,6,6,46.0,44.0,47.5
s2b-r13,4,B,512,s2b-r13-413,512,512,0,10,512,512,1,10,1024,6,64,512,-1,1,0,-1,6,101,6,2,1587289,99,0,6,6,46.0,44.0,47.5
s2b-r13,4,B,512,s2b-r13-414,512,512,0,10,512,512,1,10,1024,6,64,512,-1,1,0,-1,6,80,6,2,1251593,99,0,6,6,172.0,44.0,47.5
s2b-r13,4,B,512,s2b-r13-415,512,512,0,10,512,512,1,10,1024,0,4,512,2,0,0,-1,6,106,6,0,1657835,106,0,6,6,56.0,44.0,47.5
s2b-r13,4,B,512,s2b-r13-416,512,512,0,10,512,512,1,10,1024,0,1,512,0,0,0,-1,6,115,0,0,1805171,115,0,0,0,130.0,44.0,47.5
s2b-r13,4,B,512,s2b-r13-417,512,512,0,10,512,512,1,10,1024,6,64,512,6,1,0,-1,0,135,6,0,2112693,135,0,6,6,74.0,44.0,47.5
s2b-r13,4,B,512,s2b-r13-418,512,512,0,10,512,512,1,10,1024,6,64,512,-1,1,0,-1,6,110,6,2,1729924,110,0,6,6,21.0,44.0,47.5
s2b-r13,4,B,512,s2b-r13-419,512,512,0,10,512,512,1,10,1024,0,1,512,0,0,0,-1,6,73,0,0,1154961,27,0,0,0,66.0,44.0,47.5
s2b-r13,4,B,512,s2b-r13-420,512,512,0,10,512,512,1,10,1024,6,128,512,-1,1,0,-1,7,162,7,2,2535939,162,0,7,7,16.0,44.0,47.5
s2b-r13,4,B,512,s2b-r13-421,512,512,0,10,512,512,1,10,1024,6,128,512,-1,1,0,-1,7,98,7,2,1534426,98,0,7,7,18.0,44.0,47.5
s2b-r13,4,B,512,s2b-r13-422,512,512,0,10,512,512,1,10,1024,6,128,512,-1,1,0,-1,7,96,7,2,1514482,98,0,7,7,28.0,44.0,47.5
s2b-r13,4,B,512,s2b-r13-423,512,512,0,10,512,512,1,10,1024,6,128,512,-1,1,0,-1,7,100,7,2,1571119,100,0,7,7,47.0,44.0,47.5
s2b-r13,4,B,512,s2b-r13-424,512,512,0,10,512,512,1,10,1024,6,128,512,-1,1,0,-1,7,100,7,2,1568960,100,0,7,7,147.0,44.0,47.5
s2b-r13,4,B,512,s2b-r13-425,512,512,0,10,512,512,1,10,1024,6,128,512,-1,1,0,-1,7,101,7,2,1589919,101,0,7,7,49.0,44.0,47.5
s2b-r13,4,B,512,s2b-r13-426,512,512,0,10,512,512,1,10,1024,6,128,512,-1,1,0,-1,7,99,7,2,1556991,100,0,7,7,153.0,44.0,47.5
s2b-r13,4,B,512,s2b-r13-427,512,512,0,10,512,512,1,10,1024,6,128,512,-1,1,0,-1,7,81,7,2,1274000,100,0,7,7,46.0,44.0,47.5
s2b-r13,4,B,512,s2b-r13-428,512,512,0,10,512,512,1,10,1024,6,128,512,-1,1,0,-1,7,98,7,2,1533697,98,0,7,7,156.0,44.0,47.5
s2b-r13,4,B,512,s2b-r13-429,512,512,0,10,512,512,1,10,1024,6,128,512,-1,1,0,-1,7,104,7,2,1637064,104,0,7,7,48.0,44.0,47.5
s2b-r13,4,B,512,s2b-r13-430,512,512,0,10,512,512,1,10,1024,6,128,512,-1,1,0,-1,7,99,7,2,1547661,99,0,7,7,142.0,44.0,47.5
s2b-r13,4,B,512,s2b-r13-431,512,512,0,10,512,512,1,10,1024,6,128,512,-1,1,0,-1,7,106,7,2,1660728,106,0,7,7,47.0,44.0,47.5
s2b-r13,4,B,512,s2b-r13-432,512,512,0,10,512,512,1,10,1024,6,128,512,-1,1,0,-1,7,101,7,2,1578926,98,0,7,7,121.0,44.0,47.5
s2b-r13,4,B,512,s2b-r13-433,512,512,0,10,512,512,1,10,1024,6,128,512,-1,1,0,-1,7,103,7,2,1613351,103,0,7,7,46.0,44.0,47.5
s2b-r13,4,B,512,s2b-r13-434,512,512,0,10,512,512,1,10,1024,6,128,512,-1,1,0,-1,7,100,7,2,1576261,103,0,7,7,49.0,44.0,47.5
s2b-r13,4,B,512,s2b-r13-435,512,512,0,10,512,512,1,10,1024,6,128,512,-1,1,0,-1,7,79,7,2,1244166,103,0,7,7,197.0,44.0,47.5
s2b-r13,4,B,512,s2b-r13-436,512,512,0,10,512,512,1,10,1024,6,128,512,-1,1,0,-1,7,104,7,2,1637627,104,0,7,7,52.0,44.0,47.5
s2b-r13,4,B,512,s2b-r13-437,512,512,0,10,512,512,1,10,1024,6,128,512,-1,1,0,-1,7,100,7,2,1573577,100,0,7,7,137.0,44.0,47.5
s2b-r13,4,B,512,s2b-r13-438,512,512,0,10,512,512,1,10,1024,6,128,512,-1,1,0,-1,7,77,7,2,1214960,100,0,7,7,48.0,44.0,47.5
s2b-r13,4,B,512,s2b-r13-439,512,512,0,10,512,512,1,10,1024,6,128,512,-1,1,0,-1,7,98,7,2,1542425,100,0,7,7,192.0,44.0,47.5
s2b-r13,4,B,512,s2b-r13-440,512,512,0,10,512,512,1,10,1024,6,128,512,-1,1,0,-1,7,108,7,2,1699481,108,0,7,7,51.0,44.0,47.5
s2b-r13,4,B,512,s2b-r13-441,512,512,0,10,512,512,1,10,1024,6,128,512,-1,1,0,-1,7,99,7,2,1552273,99,0,7,7,124.0,44.0,47.5
s2b-r13,4,B,512,s2b-r13-442,512,512,0,10,512,512,1,10,1024,6,128,512,-1,1,0,-1,7,104,7,2,1627814,104,0,7,7,47.0,44.0,47.5
s2b-r13,4,B,512,s2b-r13-443,512,512,0,10,512,512,1,10,1024,6,128,512,-1,1,0,-1,7,102,7,2,1595148,99,0,7,7,73.0,44.0,47.5
s2b-r13,4,B,512,s2b-r13-444,512,512,0,10,512,512,1,10,1024,6,128,512,-1,1,0,-1,7,91,7,2,1432031,99,0,7,7,53.0,44.0,47.5
s2b-r13,4,B,512,s2b-r13-445,512,512,0,10,512,512,1,10,1024,6,128,512,-1,1,0,-1,7,98,7,2,1536533,98,0,7,7,183.0,44.0,47.5
s2b-r13,4,B,512,s2b-r13-446,512,512,0,10,512,512,1,10,1024,6,128,512,-1,1,0,-1,7,103,7,2,1614679,103,0,7,7,53.0,44.0,47.5
s2b-r13,4,B,512,s2b-r13-447,512,512,0,10,512,512,1,10,1024,6,128,512,-1,1,0,-1,7,78,7,2,1228027,98,0,7,7,56.0,44.0,47.5
s2b-r13,4,B,512,s2b-r13-448,512,512,0,10,512,512,1,10,1024,6,128,512,-1,1,0,-1,7,99,7,2,1551890,99,0,7,7,50.0,44.0,47.5
s2b-r13,4,B,512,s2b-r13-449,512,512,0,10,512,512,1,10,1024,6,128,512,-1,1,0,-1,7,99,7,2,1547050,99,0,7,7,153.0,44.0,47.5
s2b-r13,4,B,512,s2b-r13-450,512,512,0,10,512,512,1,10,1024,6,128,512,-1,1,0,-1,7,75,7,2,1179237,99,0,7,7,51.0,44.0,47.5
s2b-r13,4,B,512,s2b-r13-451,512,512,0,10,512,512,1,10,1024,6,128,512,-1,1,0,-1,7,98,7,2,1531336,99,0,7,7,105.0,44.0,47.5
s2b-r13,4,B,512,s2b-r13-452,512,512,0,10,512,512,1,10,1024,6,128,512,-1,1,0,-1,7,74,7,2,1157118,74,0,7,7,48.0,44.0,47.5
s2b-r13,4,B,512,s2b-r13-453,512,512,0,10,512,512,1,10,1024,6,128,512,-1,1,0,-1,7,98,7,2,1545375,98,0,7,7,126.0,44.0,47.5
s2b-r13,4,B,512,s2b-r13-454,512,512,0,10,512,512,1,10,1024,6,128,512,-1,1,0,-1,7,101,7,2,1591273,101,0,7,7,47.0,44.0,47.5
s2b-r13,4,B,512,s2b-r13-455,512,512,0,10,512,512,1,10,1024,6,128,512,-1,1,0,-1,7,74,7,2,1170699,74,0,7,7,347.0,44.0,47.5
s2b-r13,4,B,512,s2b-r13-456,512,512,0,10,512,512,1,10,1024,6,128,512,-1,1,0,-1,7,111,7,2,1735951,111,0,7,7,53.0,44.0,47.5
s2b-r13,4,B,512,s2b-r13-457,512,512,0,10,512,512,1,10,1024,6,128,512,-1,1,0,-1,7,100,7,2,1569100,111,0,7,7,50.0,44.0,47.5
s2b-r13,4,B,512,s2b-r13-458,512,512,0,10,512,512,1,10,1024,6,128,512,-1,1,0,-1,7,75,7,2,1181716,111,0,7,7,152.0,44.0,47.5
s2b-r13,4,B,512,s2b-r13-459,512,512,0,10,512,512,1,10,1024,6,128,512,-1,1,0,-1,7,104,7,2,1632858,111,0,7,7,49.0,44.0,47.5
s2b-r13,4,B,512,s2b-r13-460,512,512,0,10,512,512,1,10,1024,6,128,512,-1,1,0,-1,7,97,7,2,1526878,97,0,7,7,47.0,44.0,47.5
s2b-r13,4,B,512,s2b-r13-461,512,512,0,10,512,512,1,10,1024,6,128,512,-1,1,0,-1,7,97,7,2,1530327,97,0,7,7,214.0,44.0,47.5
s2b-r13,4,B,512,s2b-r13-462,512,512,0,10,512,512,1,10,1024,6,128,512,-1,1,0,-1,7,104,7,2,1625054,104,0,7,7,50.0,44.0,47.5
s2b-r13,4,B,512,s2b-r13-463,512,512,0,10,512,512,1,10,1024,6,128,512,-1,1,0,-1,7,93,7,2,1455968,97,0,7,7,151.0,44.0,47.5
s2b-r13,4,B,512,s2b-r13-464,512,512,0,10,512,512,1,10,1024,6,128,512,-1,1,0,-1,7,104,7,2,1628807,104,0,7,7,62.0,44.0,47.5
s2b-r13,4,B,512,s2b-r13-465,512,512,0,10,512,512,1,10,1024,6,128,512,-1,1,0,-1,7,100,7,2,1570735,104,0,7,7,121.0,44.0,47.5
s2b-r13,4,B,512,s2b-r13-466,512,512,0,10,512,512,1,10,1024,6,128,512,-1,1,0,-1,7,83,7,2,1305969,104,0,7,7,48.0,44.0,47.5
s2b-r13,4,B,512,s2b-r13-467,512,512,0,10,512,512,1,10,1024,0,1,512,0,0,0,-1,7,97,7,0,1519678,104,0,7,7,250.0,44.0,47.5
s2b-r13,4,B,512,s2b-r13-468,512,512,0,10,512,512,1,10,1024,6,128,512,-1,1,0,-1,7,107,7,2,1685966,107,0,7,7,52.0,44.0,47.5
s2b-r13,4,B,512,s2b-r13-469,512,512,0,10,512,512,1,10,1024,6,128,512,-1,1,0,-1,7,99,7,2,1558519,107,0,7,7,150.0,44.0,47.5
s2b-r13,4,B,512,s2b-r13-470,512,512,0,10,512,512,1,10,1024,6,128,512,-1,1,0,-1,7,101,7,2,1589764,107,0,7,7,52.0,44.0,47.5
s2b-r13,4,B,512,s2b-r13-471,512,512,0,10,512,512,1,10,1024,6,128,512,-1,1,0,-1,7,101,7,2,1585230,107,0,7,7,139.0,44.0,47.5
s2b-r13,4,B,512,s2b-r13-472,512,512,0,10,512,512,1,10,1024,6,128,512,-1,1,0,-1,7,103,7,2,1619483,107,0,7,7,52.0,44.0,47.5
s2b-r13,4,B,512,s2b-r13-473,512,512,0,10,512,512,1,10,1024,6,128,512,-1,1,0,-1,7,80,7,2,1264689,67,0,7,7,171.0,44.0,47.5
s2b-r13,4,B,512,s2b-r13-474,512,512,0,10,512,512,1,10,1024,6,128,512,-1,1,0,-1,7,104,7,2,1634732,104,0,7,7,59.0,44.0,47.5
s2b-r13,4,B,512,s2b-r13-475,512,512,0,10,512,512,1,10,1024,6,128,512,-1,1,0,-1,7,99,7,2,1558242,99,0,7,7,203.0,44.0,47.5
s2b-r13,4,B,512,s2b-r13-476,512,512,0,10,512,512,1,10,1024,6,128,512,-1,1,0,-1,7,103,7,2,1622251,103,0,7,7,48.0,44.0,47.5
s2b-r13,4,B,512,s2b-r13-477,512,512,0,10,512,512,1,10,1024,6,128,512,-1,1,0,-1,7,99,7,2,1551546,99,0,7,7,149.0,44.0,47.5
s2b-r13,4,B,512,s2b-r13-478,512,512,0,10,512,512,1,10,1024,6,128,512,-1,1,0,-1,7,106,7,2,1666497,106,0,7,7,48.0,44.0,47.5
s2b-r13,4,B,512,s2b-r13-479,512,512,0,10,512,512,1,10,1024,6,128,512,-1,1,0,-1,7,101,7,2,1584536,99,0,7,7,253.0,44.0,47.5
s2b-r13,4,B,512,s2b-r13-480,512,512,0,10,512,512,1,10,1024,6,128,512,-1,1,0,-1,7,105,7,2,1655142,105,0,7,7,49.0,44.0,47.5
s2b-r13,4,B,512,s2b-r13-481,512,512,0,10,512,512,1,10,1024,6,128,512,-1,1,0,-1,7,101,7,2,1587385,99,0,7,7,150.0,44.0,47.5
s2b-r13,4,B,512,s2b-r13-482,512,512,0,10,512,512,1,10,1024,6,128,512,-1,1,0,-1,7,102,7,2,1594474,101,0,7,7,49.0,44.0,47.5
s2b-r13,4,B,512,s2b-r13-483,512,512,0,10,512,512,1,10,1024,6,128,512,-1,1,0,-1,7,81,7,2,1272654,101,0,7,7,160.0,44.0,47.5
s2b-r13,4,B,512,s2b-r13-484,512,512,0,10,512,512,1,10,1024,6,128,512,-1,1,0,-1,7,103,7,2,1624960,103,0,7,7,49.0,44.0,47.5
s2b-r13,4,B,512,s2b-r13-485,512,512,0,10,512,512,1,10,1024,6,128,512,-1,1,0,-1,7,98,7,2,1537136,101,0,7,7,55.0,44.0,47.5
s2b-r13,4,B,512,s2b-r13-486,512,512,0,10,512,512,1,10,1024,6,128,512,-1,1,0,-1,7,75,7,2,1184329,69,0,7,7,148.0,44.0,47.5
s2b-r13,4,B,512,s2b-r13-487,512,512,0,10,512,512,1,10,1024,6,128,512,-1,1,0,-1,7,101,7,2,1589904,101,0,7,7,56.0,44.0,47.5
s2b-r13,4,B,512,s2b-r13-488,512,512,0,10,512,512,1,10,1024,6,128,512,-1,1,0,-1,7,100,7,2,1563159,100,0,7,7,638.0,44.0,47.5
s2b-r13,4,B,512,s2b-r13-489,512,512,0,10,512,512,1,10,1024,6,128,512,-1,1,0,-1,7,133,7,2,2083435,133,0,7,7,50.0,44.0,47.5
s2b-r13,4,B,512,s2b-r13-490,512,512,0,10,512,512,1,10,1024,6,128,512,-1,1,0,-1,7,100,7,2,1576048,99,0,7,7,108.0,44.0,47.5
s2b-r13,4,B,512,s2b-r13-491,512,512,0,10,512,512,1,10,1024,6,128,512,-1,1,0,-1,7,87,7,2,1369140,99,0,7,7,49.0,44.0,47.5
s2b-r13,4,B,512,s2b-r13-492,512,512,0,10,512,512,1,10,1024,0,32,512,1,0,0,-1,7,98,5,0,1532066,99,0,5,5,122.0,44.0,47.5
s2b-r13,4,B,512,s2b-r13-493,512,512,0,10,512,512,1,10,1024,6,128,512,6,1,0,-1,5,131,7,0,2058419,131,0,7,7,2147.0,44.0,47.5
s2b-r13,4,B,512,s2b-r13-494,512,512,0,10,512,512,1,10,1024,6,128,512,-1,1,0,-1,7,116,7,2,1822265,116,0,7,7,67.0,44.0,47.5
s2b-r13,4,B,512,s2b-r13-495,512,512,0,10,512,512,1,10,1024,6,128,512,-1,1,0,-1,7,98,7,2,1533548,116,0,7,7,79.0,44.0,47.5
s2b-r13,4,B,512,s2b-r13-496,512,512,0,10,512,512,1,10,1024,6,128,512,-1,1,0,-1,7,115,7,2,1803580,116,0,7,7,51.0,44.0,47.5
s2b-r13,4,B,512,s2b-r13-497,512,512,0,10,512,512,1,10,1024,6,128,512,-1,1,0,-1,7,112,7,2,1751807,116,0,7,7,146.0,44.0,47.5
s2b-r13,4,B,512,s2b-r13-498,512,512,0,10,512,512,1,10,1024,6,128,512,-1,1,0,-1,7,83,7,2,1305992,63,0,7,7,49.0,44.0,47.5
s2b-r13,4,B,512,s2b-r13-499,512,512,0,10,512,512,1,10,1024,6,128,512,-1,1,0,-1,7,99,7,2,1558761,99,0,7,7,196.0,44.0,47.5
s2b-r13,4,B,512,s2b-r13-500,512,512,0,10,512,512,1,10,1024,6,128,512,-1,1,0,-1,7,107,7,2,1681047,107,0,7,7,49.0,44.0,47.5
s2b-r13,4,B,512,s2b-r13-501,512,512,0,10,512,512,1,10,1024,6,128,512,-1,1,0,-1,7,70,7,2,1094474,34,0,7,7,152.0,44.0,47.5
s2b-r13,4,B,512,s2b-r13-502,512,512,0,10,512,512,1,10,1024,6,128,512,-1,1,0,-1,7,102,7,2,1601218,102,0,7,7,51.0,44.0,47.5
s2b-r13,4,B,512,s2b-r13-503,512,512,0,10,512,512,1,10,1024,6,128,512,-1,1,0,-1,7,100,7,2,1567018,100,0,7,7,145.0,44.0,47.5
s2b-r13,4,B,512,s2b-r13-504,512,512,0,10,512,512,1,10,1024,6,128,512,-1,1,0,-1,7,86,7,2,1356214,86,0,7,7,49.0,44.0,47.5
s2b-r13,4,B,512,s2b-r13-505,512,512,0,10,512,512,1,10,1024,6,128,512,-1,1,0,-1,7,98,7,2,1538968,98,0,7,7,49.0,44.0,47.5
s2b-r13,4,B,512,s2b-r13-506,512,512,0,10,512,512,1,10,1024,6,128,512,-1,1,0,-1,7,60,7,2,941316,98,0,7,7,147.0,44.0,47.5
s2b-r13,4,B,512,s2b-r13-507,512,512,0,10,512,512,1,10,1024,6,128,512,-1,1,0,-1,7,102,7,2,1597972,102,0,7,7,65.0,44.0,47.5
s2b-r13,4,B,512,s2b-r13-508,512,512,0,10,512,512,1,10,1024,6,128,512,-1,1,0,-1,7,99,7,2,1547850,99,0,7,7,169.0,44.0,47.5
s2b-r13,4,B,512,s2b-r13-509,512,512,0,10,512,512,1,10,1024,6,128,512,-1,1,0,-1,7,105,7,2,1652258,105,0,7,7,53.0,44.0,47.5
s2b-r13,4,B,512,s2b-r13-510,512,512,0,10,512,512,1,10,1024,6,128,512,-1,1,0,-1,7,99,7,2,1558156,99,0,7,7,58.0,44.0,47.5
s2b-r13,4,B,512,s2b-r13-511,512,512,0,10,512,512,1,10,1024,6,128,512,-1,1,0,-1,7,78,7,2,1221394,78,0,7,7,178.0,44.0,47.5
s2b-r13,4,B,512,s2b-r13-512,512,512,0,10,512,512,1,10,1024,6,128,512,-1,1,0,-1,7,107,7,2,1678449,107,0,7,7,53.0,44.0,47.5
s2b-r13,4,B,512,s2b-r13-513,512,512,0,10,512,512,1,10,1024,6,128,512,-1,1,0,-1,7,87,7,2,1371688,107,0,7,7,47.0,44.0,47.5
s2b-r13,4,B,512,s2b-r13-514,512,512,0,10,512,512,1,10,1024,6,128,512,-1,1,0,-1,7,100,7,2,1570058,107,0,7,7,161.0,44.0,47.5
s2b-r13,4,B,512,s2b-r13-515,512,512,0,10,512,512,1,10,1024,6,128,512,-1,1,0,-1,7,104,7,2,1634513,107,0,7,7,50.0,44.0,47.5
s2b-r13,4,B,512,s2b-r13-516,512,512,0,10,512,512,1,10,1024,6,128,512,-1,1,0,-1,7,78,7,2,1225586,71,0,7,7,126.0,44.0,47.5
s2b-r13,4,B,512,s2b-r13-517,512,512,0,10,512,512,1,10,1024,6,128,512,-1,1,0,-1,7,100,7,2,1577841,100,0,7,7,54.0,44.0,47.5
s2b-r13,4,B,512,s2b-r13-518,512,512,0,10,512,512,1,10,1024,6,128,512,-1,1,0,-1,7,87,7,2,1362233,87,0,7,7,216.0,44.0,47.5
s2b-r13,4,B,512,s2b-r13-519,512,512,0,10,512,512,1,10,1024,6,128,512,-1,1,0,-1,7,104,7,2,1631967,104,0,7,7,51.0,44.0,47.5
s2b-r13,4,B,512,s2b-r13-520,512,512,0,10,512,512,1,10,1024,6,128,512,-1,1,0,-1,7,97,7,2,1528046,104,0,7,7,49.0,44.0,47.5
s2b-r13,4,B,512,s2b-r13-521,512,512,0,10,512,512,1,10,1024,6,128,512,-1,1,0,-1,7,98,7,2,1531363,104,0,7,7,158.0,44.0,47.5
s2b-r13,4,B,512,s2b-r13-522,512,512,0,10,512,512,1,10,1024,6,128,512,-1,1,0,-1,7,106,7,2,1661616,106,0,7,7,52.0,44.0,47.5
s2b-r13,4,B,512,s2b-r13-523,512,512,0,10,512,512,1,10,1024,6,128,512,-1,1,0,-1,7,101,7,2,1579550,104,0,7,7,146.0,44.0,47.5
s2b-r13,4,B,512,s2b-r13-524,512,512,0,10,512,512,1,10,1024,6,128,512,-1,1,0,-1,7,101,7,2,1582611,101,0,7,7,50.0,44.0,47.5
s2b-r13,4,B,512,s2b-r13-525,512,512,0,10,512,512,1,10,1024,6,128,512,-1,1,0,-1,7,90,7,2,1408937,101,0,7,7,190.0,44.0,47.5
s2b-r13,4,B,512,s2b-r13-526,512,512,0,10,512,512,1,10,1024,6,128,512,-1,1,0,-1,7,104,7,2,1640315,104,0,7,7,52.0,44.0,47.5
s2b-r13,4,B,512,s2b-r13-527,512,512,0,10,512,512,1,10,1024,6,128,512,-1,1,0,-1,7,100,7,2,1572817,101,0,7,7,130.0,44.0,47.5
s2b-r13,4,B,512,s2b-r13-528,512,512,0,10,512,512,1,10,1024,6,128,512,-1,1,0,-1,7,103,7,2,1622299,103,0,7,7,51.0,44.0,47.5
s2b-r13,4,B,512,s2b-r13-529,512,512,0,10,512,512,1,10,1024,6,128,512,-1,1,0,-1,7,99,7,2,1556459,103,0,7,7,131.0,44.0,47.5
s2b-r13,4,B,512,s2b-r13-530,512,512,0,10,512,512,1,10,1024,6,128,512,-1,1,0,-1,7,102,7,2,1595580,103,0,7,7,48.0,44.0,47.5
s2b-r13,4,B,512,s2b-r13-531,512,512,0,10,512,512,1,10,1024,6,128,512,-1,1,0,-1,7,100,7,2,1570682,103,0,7,7,151.0,44.0,47.5
s2b-r13,4,B,512,s2b-r13-532,512,512,0,10,512,512,1,10,1024,0,32,512,0,0,0,-1,7,107,5,0,1682979,107,0,5,5,59.0,44.0,47.5
s2b-r13,4,B,512,s2b-r13-533,512,512,0,10,512,512,1,10,1024,0,2,512,-1,0,0,-1,1,156,1,2,2447883,156,0,1,1,49.0,44.0,47.5
s2b-r13,4,B,512,s2b-r13-534,512,512,0,10,512,512,1,10,1024,0,32,512,5,0,0,-1,1,102,1,0,1594388,15,0,1,5,114.0,44.0,47.5
s2b-r13,4,B,512,s2b-r13-535,512,512,0,10,512,512,1,10,1024,6,128,512,-1,1,0,-1,7,149,7,2,2336196,156,0,7,7,52.0,44.0,47.5
s2b-r13,4,B,512,s2b-r13-536,512,512,0,10,512,512,1,10,1024,0,1,512,0,0,0,-1,7,79,0,0,1240923,56,0,0,0,47.0,44.0,47.5
s2b-r13,4,B,512,s2b-r13-537,512,512,0,10,512,512,1,10,1024,6,128,512,7,1,0,-1,0,152,7,0,2379783,152,0,7,7,72.0,44.0,47.5
s2b-r13,4,B,512,s2b-r13-538,512,512,0,10,512,512,1,10,1024,6,128,512,-1,1,0,-1,7,100,7,2,1565983,99,0,7,7,19.0,44.0,47.5
s2b-r13,4,B,512,s2b-r13-539,512,512,0,10,512,512,1,10,1024,6,128,512,-1,1,0,-1,7,101,7,2,1578639,101,0,7,7,22.0,44.0,47.5
s2b-r13,4,B,512,s2b-r13-540,512,512,0,10,512,512,1,10,1024,6,128,512,-1,1,0,-1,7,101,7,2,1586348,98,0,7,7,151.0,44.0,47.5
s2b-r13,4,B,512,s2b-r13-541,512,512,0,10,512,512,1,10,1024,6,128,512,-1,1,0,-1,7,111,7,2,1734543,103,0,7,7,48.0,44.0,47.5
s2b-r13,4,B,512,s2b-r13-542,512,512,0,10,512,512,1,10,1024,6,128,512,-1,1,0,-1,7,79,7,2,1249744,103,0,7,7,135.0,44.0,47.5
s2b-r13,4,B,512,s2b-r13-543,512,512,0,10,512,512,1,10,1024,6,128,512,-1,1,0,-1,7,103,7,2,1623453,103,0,7,7,49.0,44.0,47.5
s2b-r13,4,B,512,s2b-r13-544,512,512,0,10,512,512,1,10,1024,6,128,512,-1,1,0,-1,7,97,7,2,1530654,103,0,7,7,166.0,44.0,47.5
s2b-r13,4,B,512,s2b-r13-545,512,512,0,10,512,512,1,10,1024,6,128,512,-1,1,0,-1,7,79,7,2,1237952,79,0,7,7,52.0,44.0,47.5
s2b-r13,4,B,512,s2b-r13-546,512,512,0,10,512,512,1,10,1024,6,128,512,-1,1,0,-1,7,100,7,2,1567783,100,0,7,7,181.0,44.0,47.5
s2b-r13,4,B,512,s2b-r13-547,512,512,0,10,512,512,1,10,1024,6,128,512,-1,1,0,-1,7,90,7,2,1419235,90,0,7,7,58.0,44.0,47.5
s2b-r13,4,B,512,s2b-r13-548,512,512,0,10,512,512,1,10,1024,6,128,512,-1,1,0,-1,7,100,7,2,1564018,100,0,7,7,125.0,44.0,47.5
s2b-r13,4,B,512,s2b-r13-549,512,512,0,10,512,512,1,10,1024,6,128,512,-1,1,0,-1,7,103,7,2,1613652,103,0,7,7,54.0,44.0,47.5
s2b-r13,4,B,512,s2b-r13-550,512,512,0,10,512,512,1,10,1024,6,128,512,-1,1,0,-1,7,79,7,2,1243600,100,0,7,7,160.0,44.0,47.5
s2b-r13,4,B,512,s2b-r13-551,512,512,0,10,512,512,1,10,1024,6,128,512,-1,1,0,-1,7,104,7,2,1628169,104,0,7,7,54.0,44.0,47.5
s2b-r13,4,B,512,s2b-r13-552,512,512,0,10,512,512,1,10,1024,6,128,512,-1,1,0,-1,7,99,7,2,1557001,99,0,7,7,69.0,44.0,47.5
s2b-r13,4,B,512,s2b-r13-553,512,512,0,10,512,512,1,10,1024,6,128,512,-1,1,0,-1,7,103,7,2,1620250,103,0,7,7,54.0,44.0,47.5
s2b-r13,4,B,512,s2b-r13-554,512,512,0,10,512,512,1,10,1024,6,128,512,-1,1,0,-1,7,99,7,2,1560282,99,0,7,7,49.0,44.0,47.5
s2b-r13,4,B,512,s2b-r13-555,512,512,0,10,512,512,1,10,1024,6,128,512,-1,1,0,-1,7,80,7,2,1257314,99,0,7,7,123.0,44.0,47.5
s2b-r13,4,B,512,s2b-r13-556,512,512,0,10,512,512,1,10,1024,6,128,512,-1,1,0,-1,7,102,7,2,1602123,102,0,7,7,49.0,44.0,47.5
s2b-r13,4,B,512,s2b-r13-557,512,512,0,10,512,512,1,10,1024,6,128,512,-1,1,0,-1,7,98,7,2,1533459,102,0,7,7,153.0,44.0,47.5
s2b-r13,4,B,512,s2b-r13-558,512,512,0,10,512,512,1,10,1024,6,128,512,-1,1,0,-1,7,97,7,2,1524300,102,0,7,7,54.0,44.0,47.5
s2b-r13,4,B,512,s2b-r13-559,512,512,0,10,512,512,1,10,1024,6,128,512,-1,1,0,-1,7,100,7,2,1565805,102,0,7,7,166.0,44.0,47.5
s2b-r13,4,B,512,s2b-r13-560,512,512,0,10,512,512,1,10,1024,6,128,512,-1,1,0,-1,7,108,7,2,1693693,108,0,7,7,61.0,44.0,47.5
s2b-r13,4,B,512,s2b-r13-561,512,512,0,10,512,512,1,10,1024,6,128,512,-1,1,0,-1,7,102,7,2,1608400,108,0,7,7,169.0,44.0,47.5
s2b-r13,4,B,512,s2b-r13-562,512,512,0,10,512,512,1,10,1024,6,128,512,-1,1,0,-1,7,102,7,2,1598874,108,0,7,7,50.0,44.0,47.5
s2b-r13,4,B,512,s2b-r13-563,512,512,0,10,512,512,1,10,1024,6,128,512,-1,1,0,-1,7,102,7,2,1602346,108,0,7,7,152.0,44.0,47.5
s2b-r13,4,B,512,s2b-r13-564,512,512,0,10,512,512,1,10,1024,6,128,512,-1,1,0,-1,7,104,7,2,1626720,108,0,7,7,55.0,44.0,47.5
s2b-r13,4,B,512,s2b-r13-565,512,512,0,10,512,512,1,10,1024,6,128,512,-1,1,0,-1,7,81,7,2,1273400,71,0,7,7,209.0,44.0,47.5
s2b-r13,4,B,512,s2b-r13-566,512,512,0,10,512,512,1,10,1024,6,128,512,-1,1,0,-1,7,104,7,2,1639630,104,0,7,7,48.0,44.0,47.5
s2b-r13,4,B,512,s2b-r13-567,512,512,0,10,512,512,1,10,1024,6,128,512,-1,1,0,-1,7,98,7,2,1535950,98,0,7,7,146.0,44.0,47.5
s2b-r13,4,B,512,s2b-r13-568,512,512,0,10,512,512,1,10,1024,6,128,512,-1,1,0,-1,7,101,7,2,1584389,101,0,7,7,49.0,44.0,47.5
s2b-r13,4,B,512,s2b-r13-569,512,512,0,10,512,512,1,10,1024,6,128,512,-1,1,0,-1,7,81,7,2,1268935,74,0,7,7,213.0,44.0,47.5
s2b-r13,4,B,512,s2b-r13-570,512,512,0,10,512,512,1,10,1024,6,128,512,-1,1,0,-1,7,105,7,2,1644932,105,0,7,7,56.0,44.0,47.5
s2b-r13,4,B,512,s2b-r13-571,512,512,0,10,512,512,1,10,1024,6,128,512,-1,1,0,-1,7,100,7,2,1574440,100,0,7,7,148.0,44.0,47.5
s2b-r13,4,B,512,s2b-r13-572,512,512,0,10,512,512,1,10,1024,6,128,512,-1,1,0,-1,7,96,7,2,1503171,96,0,7,7,49.0,44.0,47.5
s2b-r13,4,B,512,s2b-r13-573,512,512,0,10,512,512,1,10,1024,6,128,512,-1,1,0,-1,7,98,7,2,1535290,98,0,7,7,310.0,44.0,47.5
s2b-r13,4,B,512,s2b-r13-574,512,512,0,10,512,512,1,10,1024,6,128,512,-1,1,0,-1,7,115,7,2,1805687,115,0,7,7,49.0,44.0,47.5
s2b-r13,4,B,512,s2b-r13-575,512,512,0,10,512,512,1,10,1024,6,128,512,-1,1,0,-1,7,103,7,2,1609781,103,0,7,7,145.0,44.0,47.5
s2b-r13,4,B,512,s2b-r13-576,512,512,0,10,512,512,1,10,1024,6,128,512,-1,1,0,-1,7,104,7,2,1635260,104,0,7,7,49.0,44.0,47.5
s2b-r13,4,B,512,s2b-r13-577,512,512,0,10,512,512,1,10,1024,6,128,512,-1,1,0,-1,7,104,7,2,1625097,98,0,7,7,269.0,44.0,47.5
s2b-r13,4,B,512,s2b-r13-578,512,512,0,10,512,512,1,10,1024,6,128,512,-1,1,0,-1,7,108,7,2,1689433,108,0,7,7,49.0,44.0,47.5
s2b-r13,4,B,512,s2b-r13-579,512,512,0,10,512,512,1,10,1024,6,128,512,-1,1,0,-1,7,102,7,2,1601236,98,0,7,7,130.0,44.0,47.5
s2b-r13,4,B,512,s2b-r13-580,512,512,0,10,512,512,1,10,1024,6,128,512,-1,1,0,-1,7,102,7,2,1601482,102,0,7,7,70.0,44.0,47.5
s2b-r13,4,B,512,s2b-r13-581,512,512,0,10,512,512,1,10,1024,6,128,512,-1,1,0,-1,7,81,7,2,1272047,52,0,7,7,160.0,44.0,47.5
s2b-r13,4,B,512,s2b-r13-582,512,512,0,10,512,512,1,10,1024,6,128,512,-1,1,0,-1,7,103,7,2,1617980,103,0,7,7,57.0,44.0,47.5
s2b-r13,4,B,512,s2b-r13-583,512,512,0,10,512,512,1,10,1024,6,128,512,-1,1,0,-1,7,100,7,2,1564376,100,0,7,7,198.0,44.0,47.5
s2b-r13,4,B,512,s2b-r13-584,512,512,0,10,512,512,1,10,1024,6,128,512,-1,1,0,-1,7,100,7,2,1567777,100,0,7,7,47.0,44.0,47.5
s2b-r13,4,B,512,s2b-r13-585,512,512,0,10,512,512,1,10,1024,6,128,512,-1,1,0,-1,7,101,7,2,1588637,101,0,7,7,158.0,44.0,47.5
s2b-r13,4,B,512,s2b-r13-586,512,512,0,10,512,512,1,10,1024,6,128,512,-1,1,0,-1,7,109,7,2,1703460,109,0,7,7,55.0,44.0,47.5
s2b-r13,4,B,512,s2b-r13-587,512,512,0,10,512,512,1,10,1024,6,128,512,-1,1,0,-1,7,104,7,2,1631281,104,0,7,7,53.0,44.0,47.5
s2b-r13,4,B,512,s2b-r13-588,512,512,0,10,512,512,1,10,1024,6,128,512,-1,1,0,-1,7,92,7,2,1438432,101,0,7,7,147.0,44.0,47.5
s2b-r13,4,B,512,s2b-r13-589,512,512,0,10,512,512,1,10,1024,6,128,512,-1,1,0,-1,7,107,7,2,1677811,107,0,7,7,53.0,44.0,47.5
s2b-r13,4,B,512,s2b-r13-590,512,512,0,10,512,512,1,10,1024,6,128,512,-1,1,0,-1,7,95,7,2,1493515,107,0,7,7,29.0,44.0,47.5
s2b-r13,4,B,512,s2b-r13-591,512,512,0,10,512,512,1,10,1024,0,1,512,0,0,0,-1,7,103,0,0,1620046,107,0,0,0,85.0,44.0,47.5
s2b-r14,4,A,0,s2b-r14-0,0,0,1,0,,,,,,0,16,110,1,0,0,-1,3,110,4,0,1733415,89,0,4,4,24.0,45.5,52.1
s2b-r14,4,A,0,s2b-r14-1,0,0,0,0,0,0,1,0,1024,0,16,154,-1,0,0,-1,4,154,4,2,2418279,187,0,4,4,24.0,45.5,52.1
s2b-r14,4,A,0,s2b-r14-2,0,0,0,0,0,0,1,0,1024,0,2,96,0,0,0,-1,4,96,1,0,1504710,96,0,1,1,37.0,45.5,52.1
s2b-r14,4,A,0,s2b-r14-3,0,0,0,0,0,0,1,0,1024,0,4,148,2,0,0,-1,1,148,2,0,2320485,148,0,2,2,70.0,45.5,52.1
s2b-r14,4,A,0,s2b-r14-4,0,0,0,0,0,0,1,0,1024,0,1,90,0,0,0,-1,2,90,0,0,1410913,96,0,0,0,101.0,45.5,52.1
s2b-r14,4,A,0,s2b-r14-5,0,0,0,0,0,0,1,0,1024,0,4,71,-1,0,0,-1,2,71,2,2,1120179,125,0,2,2,82.0,45.5,52.1
s2b-r14,4,A,0,s2b-r14-6,0,0,0,0,0,0,1,0,1024,0,1,76,0,0,0,-1,1,76,0,0,1187770,125,0,0,0,43.0,45.5,52.1
s2b-r14,4,A,0,s2b-r14-7,0,0,0,0,0,0,1,0,1024,0,1,71,-1,0,0,-1,0,71,0,2,1111228,7,0,0,0,41.0,45.5,52.1
s2b-r14,4,A,0,s2b-r14-8,0,0,0,0,0,0,1,0,1024,0,2,78,1,0,0,-1,0,78,1,0,1221120,7,0,1,1,203.0,45.5,52.1
s2b-r14,4,A,0,s2b-r14-9,0,0,0,0,0,0,1,0,1024,0,1,63,0,0,0,-1,1,63,0,0,997859,62,0,0,0,73.0,45.5,52.1
s2b-r14,4,A,0,s2b-r14-10,0,0,0,0,0,0,1,0,1024,0,2,123,-1,0,0,-1,1,123,1,2,1929946,123,0,1,1,33.0,45.5,52.1
s2b-r14,4,A,0,s2b-r14-11,0,0,0,0,0,0,1,0,1024,0,8,98,3,0,0,-1,1,98,3,0,1542954,98,0,3,3,88.0,45.5,52.1
s2b-r14,4,A,0,s2b-r14-12,0,0,0,0,0,0,1,0,1024,0,8,149,-1,0,0,-1,3,149,3,2,2329791,149,0,3,3,53.0,45.5,52.1
s2b-r14,4,A,0,s2b-r14-13,0,0,0,0,0,0,1,0,1024,0,8,150,-1,0,0,-1,3,150,3,2,2354589,150,0,3,3,185.0,45.5,52.1
s2b-r14,4,A,0,s2b-r14-14,0,0,0,0,0,0,1,0,1024,0,2,157,-1,0,0,-1,1,157,1,2,2466598,157,0,1,1,36.0,45.5,52.1
s2b-r14,4,A,0,s2b-r14-15,0,0,0,0,0,0,1,0,1024,0,2,151,-1,0,0,-1,1,151,1,2,2374764,151,0,1,1,43.0,45.5,52.1
s2b-r14,4,A,0,s2b-r14-16,0,0,0,0,0,0,1,0,1024,0,2,125,-1,0,0,-1,1,125,1,2,1956929,125,0,1,1,80.0,45.5,52.1
s2b-r14,4,A,0,s2b-r14-17,0,0,0,0,0,0,1,0,1024,0,2,92,-1,0,0,-1,1,92,1,2,1443947,100,0,1,1,102.0,45.5,52.1
s2b-r14,4,A,0,s2b-r14-18,0,0,0,0,0,0,1,0,1024,0,2,103,-1,0,0,-1,1,103,1,2,1620044,103,0,1,1,47.0,45.5,52.1
s2b-r14,4,A,0,s2b-r14-19,0,0,0,0,0,0,1,0,1024,0,1,72,0,0,0,-1,1,72,0,0,1138612,0,0,0,0,53.0,45.5,52.1
s2b-r14,4,A,0,s2b-r14-20,0,0,0,0,0,0,1,0,1024,0,32,159,-1,0,0,-1,5,159,5,2,2494123,159,0,5,5,27.0,45.5,52.1
s2b-r14,4,A,0,s2b-r14-21,0,0,0,0,0,0,1,0,1024,0,16,152,-1,0,0,-1,4,152,4,2,2381140,159,0,4,4,38.0,45.5,52.1
s2b-r14,4,A,0,s2b-r14-22,0,0,0,0,0,0,1,0,1024,0,2,92,-1,0,0,-1,1,92,1,2,1444027,36,0,1,1,62.0,45.5,52.1
s2b-r14,4,A,0,s2b-r14-23,0,0,0,0,0,0,1,0,1024,0,2,90,-1,0,0,-1,1,90,1,2,1411852,4,0,1,1,60.0,45.5,52.1
s2b-r14,4,A,0,s2b-r14-24,0,0,0,0,0,0,1,0,1024,0,16,153,4,0,0,-1,5,153,5,0,2395681,153,0,5,5,524.0,45.5,52.1
s2b-r14,4,A,0,s2b-r14-25,0,0,0,0,0,0,1,0,1024,0,8,171,-1,0,0,-1,3,171,3,2,2683086,171,0,3,3,19.0,45.5,52.1
s2b-r14,4,A,0,s2b-r14-26,0,0,0,0,0,0,1,0,1024,0,4,154,-1,0,0,-1,2,154,2,2,2421079,154,0,2,2,39.0,45.5,52.1
s2b-r14,4,A,0,s2b-r14-27,0,0,0,0,0,0,1,0,1024,0,4,125,-1,0,0,-1,2,125,2,2,1967327,19,0,2,2,107.0,45.5,52.1
s2b-r14,4,A,0,s2b-r14-28,0,0,0,0,0,0,1,0,1024,0,4,91,-1,0,0,-1,2,91,2,2,1422828,71,0,2,2,110.0,45.5,52.1
s2b-r14,4,A,0,s2b-r14-29,0,0,0,0,0,0,1,0,1024,0,16,60,4,0,0,-1,0,60,0,0,949541,125,0,0,4,89.0,45.5,52.1
s2b-r14,4,A,0,s2b-r14-30,0,0,0,0,0,0,1,0,1024,0,2,167,-1,0,0,-1,1,167,1,2,2622059,167,0,1,1,20.0,45.5,52.1
s2b-r14,4,A,0,s2b-r14-31,0,0,0,0,0,0,1,0,1024,0,2,149,-1,0,0,-1,1,149,1,2,2329409,167,0,1,1,17.0,45.5,52.1
s2b-r14,4,A,0,s2b-r14-32,0,0,0,0,0,0,1,0,1024,0,2,165,-1,0,0,-1,1,165,1,2,2583843,167,0,1,1,34.0,45.5,52.1
s2b-r14,4,A,0,s2b-r14-33,0,0,0,0,0,0,1,0,1024,0,32,153,3,0,0,-1,1,153,5,0,2400245,153,0,5,5,38.0,45.5,52.1
s2b-r14,4,A,0,s2b-r14-34,0,0,0,0,0,0,1,0,1024,0,32,124,-1,0,0,-1,5,124,5,2,1941578,91,0,5,5,72.0,45.5,52.1
s2b-r14,4,A,0,s2b-r14-35,0,0,0,0,0,0,1,0,1024,0,1,92,-1,0,0,-1,0,92,0,2,1440889,70,0,0,0,98.0,45.5,52.1
s2b-r14,4,A,0,s2b-r14-36,0,0,0,0,0,0,1,0,1024,0,16,89,1,0,0,-1,0,89,4,0,1405830,89,0,4,4,64.0,45.5,52.1
s2b-r14,4,A,0,s2b-r14-37,0,0,0,0,0,0,1,0,1024,0,16,113,-1,0,0,-1,4,113,4,2,1776129,113,0,4,4,110.0,45.5,52.1
s2b-r14,4,A,0,s2b-r14-38,0,0,0,0,0,0,1,0,1024,0,16,78,-1,0,0,-1,4,78,4,2,1220935,47,0,4,4,112.0,45.5,52.1
s2b-r14,4,A,0,s2b-r14-39,0,0,0,0,0,0,1,0,1024,0,16,93,-1,0,0,-1,4,93,4,2,1467811,93,0,4,4,198.0,45.5,52.1
s2b-r14,4,A,0,s2b-r14-40,0,0,0,0,0,0,1,0,1024,0,2,72,1,0,0,-1,4,72,1,0,1135496,47,0,1,1,32.0,45.5,52.1
s2b-r14,4,A,0,s2b-r14-41,0,0,0,0,0,0,1,0,1024,0,4,115,-1,0,0,-1,2,115,2,2,1800877,51,0,2,2,18.0,45.5,52.1
s2b-r14,4,A,0,s2b-r14-42,0,0,0,0,0,0,1,0,1024,0,4,150,-1,0,0,-1,2,150,2,2,2347640,150,0,2,2,15.0,45.5,52.1
s2b-r14,4,A,0,s2b-r14-43,0,0,0,0,0,0,1,0,1024,0,4,123,-1,0,0,-1,2,123,2,2,1922475,106,0,2,2,80.0,45.5,52.1
s2b-r14,4,A,0,s2b-r14-44,0,0,0,0,0,0,1,0,1024,0,4,110,-1,0,0,-1,2,110,2,2,1723404,110,0,2,2,68.0,45.5,52.1
s2b-r14,4,A,0,s2b-r14-45,0,0,0,0,0,0,1,0,1024,0,16,82,-1,0,0,-1,4,82,4,2,1295128,42,0,4,4,58.0,45.5,52.1
s2b-r14,4,A,0,s2b-r14-46,0,0,0,0,0,0,1,0,1024,0,16,83,-1,0,0,-1,4,83,4,2,1300886,63,0,4,4,101.0,45.5,52.1
s2b-r14,4,A,0,s2b-r14-47,0,0,0,0,0,0,1,0,1024,0,1,103,0,0,0,-1,4,103,0,0,1617331,103,0,0,0,90.0,45.5,52.1
s2b-r14,4,A,0,s2b-r14-48,0,0,0,0,0,0,1,0,1024,0,32,74,-1,0,0,-1,5,74,5,2,1166936,63,0,5,5,74.0,45.5,52.1
s2b-r14,4,A,0,s2b-r14-49,0,0,0,0,0,0,1,0,1024,0,32,83,-1,0,0,-1,5,83,5,2,1305761,78,0,5,5,25.0,45.5,52.1
s2b-r14,4,A,0,s2b-r14-50,0,0,0,0,0,0,1,0,1024,0,32,154,-1,0,0,-1,5,154,5,2,2409411,154,0,5,5,170.0,45.5,52.1
s2b-r14,4,A,0,s2b-r14-51,0,0,0,0,0,0,1,0,1024,0,32,185,-1,0,0,-1,5,185,5,2,2901318,185,0,5,5,36.0,45.5,52.1
s2b-r14,4,A,0,s2b-r14-52,0,0,0,0,0,0,1,0,1024,0,32,140,-1,0,0,-1,5,140,5,2,2194401,140,0,5,5,27.0,45.5,52.1
s2b-r14,4,A,0,s2b-r14-53,0,0,0,0,0,0,1,0,1024,0,32,97,-1,0,0,-1,5,97,5,2,1517728,87,0,5,5,39.0,45.5,52.1
s2b-r14,4,A,0,s2b-r14-54,0,0,0,0,0,0,1,0,1024,0,32,87,-1,0,0,-1,5,87,5,2,1370108,87,0,5,5,110.0,45.5,52.1
s2b-r14,4,A,0,s2b-r14-55,0,0,0,0,0,0,1,0,1024,0,32,64,-1,0,0,-1,5,64,5,2,1011861,35,0,5,5,80.0,45.5,52.1
s2b-r14,4,A,0,s2b-r14-56,0,0,0,0,0,0,1,0,1024,0,32,65,-1,0,0,-1,5,65,5,2,1016705,36,0,5,5,64.0,45.5,52.1
s2b-r14,4,A,0,s2b-r14-57,0,0,0,0,0,0,1,0,1024,0,32,83,-1,0,0,-1,5,83,5,2,1310006,83,0,5,5,107.0,45.5,52.1
s2b-r14,4,A,0,s2b-r14-58,0,0,0,0,0,0,1,0,1024,0,32,140,5,0,0,-1,5,140,5,0,2201595,140,0,5,5,388.0,45.5,52.1
s2b-r14,4,A,0,s2b-r14-59,0,0,0,0,0,0,1,0,1024,0,32,165,-1,0,0,-1,5,165,5,2,2585042,165,0,5,5,46.0,45.5,52.1
s2b-r14,4,A,0,s2b-r14-60,0,0,0,0,0,0,1,0,1024,0,8,136,3,0,0,-1,5,136,5,0,2127784,136,0,5,1,2022.0,45.5,52.1
s2b-r14,4,A,0,s2b-r14-61,0,0,0,0,0,0,1,0,1024,0,16,149,0,0,0,-1,3,149,4,0,2336151,149,0,4,4,30.0,45.5,52.1
s2b-r14,4,A,0,s2b-r14-62,0,0,0,0,0,0,1,0,1024,0,2,155,1,0,0,-1,0,155,1,0,2428286,155,0,1,1,116.0,45.5,52.1
s2b-r14,4,A,0,s2b-r14-63,0,0,0,0,0,0,1,0,1024,0,16,151,1,0,0,-1,5,151,4,0,2363855,151,0,4,4,53.0,45.5,52.1
s2b-r14,4,A,0,s2b-r14-64,0,0,0,0,0,0,1,0,1024,0,4,156,-1,0,0,-1,2,156,2,2,2442051,156,0,2,2,64.0,45.5,52.1
s2b-r14,4,A,0,s2b-r14-65,0,0,0,0,0,0,1,0,1024,0,2,159,-1,0,0,-1,1,159,1,2,2491477,159,0,1,1,37.0,45.5,52.1
s2b-r14,4,A,0,s2b-r14-66,0,0,0,0,0,0,1,0,1024,0,1,157,0,0,0,-1,5,157,5,0,2466196,157,0,5,5,36.0,45.5,52.1
s2b-r14,4,A,0,s2b-r14-67,0,0,0,0,0,0,1,0,1024,0,16,151,-1,0,0,-1,4,151,4,2,2373686,157,0,4,4,78.0,45.5,52.1
s2b-r14,4,A,0,s2b-r14-68,0,0,0,0,0,0,1,0,1024,0,16,152,-1,0,0,-1,4,152,4,2,2386429,157,0,4,4,68.0,45.5,52.1
s2b-r14,4,A,0,s2b-r14-69,0,0,0,0,0,0,1,0,1024,0,16,122,-1,0,0,-1,4,122,4,2,1918412,106,0,4,4,103.0,45.5,52.1
s2b-r14,4,A,0,s2b-r14-70,0,0,0,0,0,0,1,0,1024,0,2,91,1,0,0,-1,4,91,4,0,1432467,115,0,4,1,81.0,45.5,52.1
s2b-r14,4,A,0,s2b-r14-71,0,0,0,0,0,0,1,0,1024,0,2,82,-1,0,0,-1,1,82,1,2,1296438,115,0,1,1,27.0,45.5,52.1
s2b-r14,4,A,0,s2b-r14-72,0,0,0,0,0,0,1,0,1024,0,2,149,-1,0,0,-1,1,149,1,2,2338836,149,0,1,1,24.0,45.5,52.1
s2b-r14,4,A,0,s2b-r14-73,0,0,0,0,0,0,1,0,1024,0,32,151,0,0,0,-1,1,151,5,0,2373402,151,0,5,5,53.0,45.5,52.1
s2b-r14,4,A,0,s2b-r14-74,0,0,0,0,0,0,1,0,1024,0,16,148,-1,0,0,-1,4,148,4,2,2327283,151,0,4,4,45.0,45.5,52.1
s2b-r14,4,A,0,s2b-r14-75,0,0,0,0,0,0,1,0,1024,0,1,95,0,0,0,-1,4,95,4,0,1492351,28,0,4,4,259.0,45.5,52.1
s2b-r14,4,A,0,s2b-r14-76,0,0,0,0,0,0,1,0,1024,0,16,91,-1,0,0,-1,4,91,4,2,1425878,4,0,4,4,30.0,45.5,52.1
s2b-r14,4,A,0,s2b-r14-77,0,0,0,0,0,0,1,0,1024,0,16,149,-1,0,0,-1,4,149,4,2,2339399,154,0,4,4,88.0,45.5,52.1
s2b-r14,4,A,0,s2b-r14-78,0,0,0,0,0,0,1,0,1024,0,16,151,-1,0,0,-1,4,151,4,2,2374993,154,0,4,4,36.0,45.5,52.1
s2b-r14,4,A,0,s2b-r14-79,0,0,0,0,0,0,1,0,1024,0,16,151,-1,0,0,-1,4,151,4,2,2360103,154,0,4,4,74.0,45.5,52.1
s2b-r14,4,A,0,s2b-r14-80,0,0,0,0,0,0,1,0,1024,0,16,153,-1,0,0,-1,4,153,4,2,2392574,153,0,4,4,103.0,45.5,52.1
s2b-r14,4,A,0,s2b-r14-81,0,0,0,0,0,0,1,0,1024,0,16,121,1,0,0,-1,1,121,4,0,1904867,109,0,4,4,267.0,45.5,52.1
s2b-r14,4,A,0,s2b-r14-82,0,0,0,0,0,0,1,0,1024,0,16,92,-1,0,0,-1,4,92,4,2,1447780,109,0,4,4,73.0,45.5,52.1
s2b-r14,4,A,0,s2b-r14-83,0,0,0,0,0,0,1,0,1024,0,1,66,0,0,0,-1,5,66,0,0,1036859,12,0,0,0,23.0,45.5,52.1
s2b-r14,4,A,0,s2b-r14-84,0,0,0,0,0,0,1,0,1024,0,1,153,-1,0,0,-1,0,153,0,2,2395850,167,0,0,0,13.0,45.5,52.1
s2b-r14,4,A,0,s2b-r14-85,0,0,0,0,0,0,1,0,1024,0,1,97,-1,0,0,-1,0,97,0,2,1523076,13,0,0,0,24.0,45.5,52.1
s2b-r14,4,A,0,s2b-r14-86,0,0,0,0,0,0,1,0,1024,0,1,161,-1,0,0,-1,0,161,0,2,2524305,161,0,0,0,16.0,45.5,52.1
s2b-r14,4,A,0,s2b-r14-87,0,0,0,0,0,0,1,0,1024,0,1,176,-1,0,0,-1,0,176,0,2,2764822,176,0,0,0,17.0,45.5,52.1
s2b-r14,4,A,0,s2b-r14-88,0,0,0,0,0,0,1,0,1024,0,1,157,-1,0,0,-1,0,157,0,2,2467574,161,0,0,0,43.0,45.5,52.1
s2b-r14,4,A,0,s2b-r14-89,0,0,0,0,0,0,1,0,1024,0,2,131,1,0,0,-1,0,131,1,0,2049197,23,0,1,1,194.0,45.5,52.1
s2b-r14,4,A,0,s2b-r14-90,0,0,0,0,0,0,1,0,1024,0,2,94,-1,0,0,-1,1,94,1,2,1473813,75,0,1,1,80.0,45.5,52.1
s2b-r14,4,A,0,s2b-r14-91,0,0,0,0,0,0,1,0,1024,0,2,107,-1,0,0,-1,1,107,1,2,1674489,107,0,1,1,26.0,45.5,52.1
s2b-r14,4,A,0,s2b-r14-92,0,0,0,0,0,0,1,0,1024,0,1,149,0,0,0,-1,1,149,0,0,2339181,149,0,0,0,23.0,45.5,52.1
s2b-r14,4,A,0,s2b-r14-93,0,0,0,0,0,0,1,0,1024,0,32,158,-1,0,0,-1,5,158,5,2,2476250,158,0,5,5,63.0,45.5,52.1
s2b-r14,4,A,0,s2b-r14-94,0,0,0,0,0,0,1,0,1024,0,16,92,0,0,0,-1,5,92,5,0,1448704,76,0,5,4,213.0,45.5,52.1
s2b-r14,4,A,0,s2b-r14-95,0,0,0,0,0,0,1,0,1024,0,1,63,0,0,0,-1,4,63,4,0,986977,21,0,4,4,85.0,45.5,52.1
s2b-r14,4,A,0,s2b-r14-96,0,0,0,0,0,0,1,0,1024,0,16,157,-1,0,0,-1,4,157,4,2,2463500,157,0,4,4,37.0,45.5,52.1
s2b-r14,4,A,0,s2b-r14-97,0,0,0,0,0,0,1,0,1024,0,16,108,-1,0,0,-1,4,108,4,2,1694753,108,0,4,4,87.0,45.5,52.1
s2b-r14,4,A,0,s2b-r14-98,0,0,0,0,0,0,1,0,1024,0,16,93,-1,0,0,-1,4,93,4,2,1454926,108,0,4,4,84.0,45.5,52.1
s2b-r14,4,A,0,s2b-r14-99,0,0,0,0,0,0,1,0,1024,0,32,62,-1,0,0,-1,5,62,5,2,970103,31,0,5,5,52.0,45.5,52.1
s2b-r14,4,A,0,s2b-r14-100,0,0,0,0,0,0,1,0,1024,0,1,62,0,0,0,-1,4,62,0,0,976478,31,0,0,0,98.0,45.5,52.1
s2b-r14,4,A,0,s2b-r14-101,0,0,0,0,0,0,1,0,1024,0,16,71,-1,0,0,-1,4,71,4,2,1111169,71,0,4,4,64.0,45.5,52.1
s2b-r14,4,A,0,s2b-r14-102,0,0,0,0,0,0,1,0,1024,0,16,96,-1,0,0,-1,4,96,4,2,1502438,96,0,4,4,30.0,45.5,52.1
s2b-r14,4,A,0,s2b-r14-103,0,0,0,0,0,0,1,0,1024,0,16,156,-1,0,0,-1,4,156,4,2,2441620,156,0,4,4,66.0,45.5,52.1
s2b-r14,4,A,0,s2b-r14-104,0,0,0,0,0,0,1,0,1024,0,16,148,-1,0,0,-1,4,148,4,2,2321323,156,0,4,4,39.0,45.5,52.1
s2b-r14,4,A,0,s2b-r14-105,0,0,0,0,0,0,1,0,1024,0,2,111,-1,0,0,-1,1,111,1,2,1734549,104,0,1,1,60.0,45.5,52.1
s2b-r14,4,A,0,s2b-r14-106,0,0,0,0,0,0,1,0,1024,0,32,90,-1,0,0,-1,5,90,5,2,1418231,104,0,5,5,43.0,45.5,52.1
s2b-r14,4,A,0,s2b-r14-107,0,0,0,0,0,0,1,0,1024,0,2,94,-1,0,0,-1,1,94,1,2,1474573,104,0,1,1,77.0,45.5,52.1
s2b-r14,4,A,0,s2b-r14-108,0,0,0,0,0,0,1,0,1024,0,2,78,-1,0,0,-1,1,78,1,2,1224342,78,0,1,1,102.0,45.5,52.1
s2b-r14,4,A,0,s2b-r14-109,0,0,0,0,0,0,1,0,1024,0,2,140,-1,0,0,-1,1,140,1,2,2188519,140,0,1,1,97.0,45.5,52.1
s2b-r14,4,A,0,s2b-r14-110,0,0,0,0,0,0,1,0,1024,0,1,85,0,0,0,-1,4,85,0,0,1332083,85,0,0,0,87.0,45.5,52.1
s2b-r14,4,A,0,s2b-r14-111,0,0,0,0,0,0,1,0,1024,0,16,158,0,0,0,-1,5,158,4,0,2476010,158,0,4,4,47.0,45.5,52.1
s2b-r14,4,A,0,s2b-r14-112,0,0,0,0,0,0,1,0,1024,0,2,152,1,0,0,-1,4,152,4,0,2384889,158,0,4,1,234.0,45.5,52.1
s2b-r14,4,A,0,s2b-r14-113,0,0,0,0,0,0,1,0,1024,0,2,150,0,0,0,-1,5,150,1,0,2358446,150,0,1,1,29.0,45.5,52.1
s2b-r14,4,A,0,s2b-r14-114,0,0,0,0,0,0,1,0,1024,0,16,93,-1,0,0,-1,4,93,4,2,1466657,17,0,4,4,47.0,45.5,52.1
s2b-r14,4,A,0,s2b-r14-115,0,0,0,0,0,0,1,0,1024,0,32,154,-1,0,0,-1,5,154,5,2,2407564,154,0,5,5,28.0,45.5,52.1
s2b-r14,4,A,0,s2b-r14-116,0,0,0,0,0,0,1,0,1024,0,32,146,-1,0,0,-1,5,146,5,2,2291570,146,0,5,5,34.0,45.5,52.1
s2b-r14,4,A,0,s2b-r14-117,0,0,0,0,0,0,1,0,1024,0,32,90,-1,0,0,-1,5,90,5,2,1418540,79,0,5,5,107.0,45.5,52.1
s2b-r14,4,A,0,s2b-r14-118,0,0,0,0,0,0,1,0,1024,0,32,60,-1,0,0,-1,5,60,5,2,944737,11,0,5,5,49.0,45.5,52.1
s2b-r14,4,A,0,s2b-r14-119,0,0,0,0,0,0,1,0,1024,0,32,60,-1,0,0,-1,5,60,5,2,942297,35,0,5,5,58.0,45.5,52.1
s2b-r14,4,A,0,s2b-r14-120,0,0,0,0,0,0,1,0,1024,0,16,82,0,0,0,-1,5,82,4,0,1283532,82,0,4,4,76.0,45.5,52.1
s2b-r14,4,A,0,s2b-r14-121,0,0,0,0,0,0,1,0,1024,0,2,139,1,0,0,-1,4,139,1,0,2179595,139,0,1,1,116.0,45.5,52.1
s2b-r14,4,A,0,s2b-r14-122,0,0,0,0,0,0,1,0,1024,0,2,100,-1,0,0,-1,1,100,1,2,1565474,100,0,1,1,17.0,45.5,52.1
s2b-r14,4,A,0,s2b-r14-123,0,0,0,0,0,0,1,0,1024,0,32,149,0,0,0,-1,1,149,5,0,2335699,149,0,5,5,27.0,45.5,52.1
s2b-r14,4,A,0,s2b-r14-124,0,0,0,0,0,0,1,0,1024,0,32,137,-1,0,0,-1,5,137,5,2,2151372,137,0,5,5,28.0,45.5,52.1
s2b-r14,4,A,0,s2b-r14-125,0,0,0,0,0,0,1,0,1024,0,16,90,-1,0,0,-1,4,90,4,2,1410014,23,0,4,4,53.0,45.5,52.1
s2b-r14,4,A,0,s2b-r14-126,0,0,0,0,0,0,1,0,1024,0,16,88,-1,0,0,-1,4,88,4,2,1375514,76,0,4,4,108.0,45.5,52.1
s2b-r14,4,A,0,s2b-r14-127,0,0,0,0,0,0,1,0,1024,0,32,62,-1,0,0,-1,5,62,5,2,970251,76,0,5,5,73.0,45.5,52.1
s2b-r14,4,A,0,s2b-r14-128,0,0,0,0,0,0,1,0,1024,0,32,71,-1,0,0,-1,5,71,5,2,1114580,71,0,5,5,50.0,45.5,52.1
s2b-r14,4,A,0,s2b-r14-129,0,0,0,0,0,0,1,0,1024,0,32,123,-1,0,0,-1,5,123,5,2,1932597,123,0,5,5,43.0,45.5,52.1
s2b-r14,4,A,0,s2b-r14-130,0,0,0,0,0,0,1,0,1024,0,2,121,1,0,0,-1,5,121,5,0,1895621,121,0,5,1,861.0,45.5,52.1
s2b-r14,4,A,0,s2b-r14-131,0,0,0,0,0,0,1,0,1024,0,4,100,1,0,0,-1,3,100,2,0,1566331,58,0,2,2,33.0,45.5,52.1
s2b-r14,4,A,0,s2b-r14-132,0,0,0,0,0,0,1,0,1024,0,16,149,4,0,0,-1,2,149,2,0,2336798,170,0,2,3,35.0,45.5,52.1
s2b-r14,4,A,0,s2b-r14-133,0,0,0,0,0,0,1,0,1024,0,8,147,-1,0,0,-1,3,147,3,2,2298687,170,0,3,3,40.0,45.5,52.1
s2b-r14,4,A,0,s2b-r14-134,0,0,0,0,0,0,1,0,1024,0,8,149,-1,0,0,-1,3,149,3,2,2335357,149,0,3,3,108.0,45.5,52.1
s2b-r14,4,A,0,s2b-r14-135,0,0,0,0,0,0,1,0,1024,0,2,90,1,0,0,-1,0,90,0,0,1420932,103,0,0,1,108.0,45.5,52.1
s2b-r14,4,A,0,s2b-r14-136,0,0,0,0,0,0,1,0,1024,0,32,101,0,0,0,-1,1,101,5,0,1589197,103,0,5,5,79.0,45.5,52.1
s2b-r14,4,A,0,s2b-r14-137,0,0,0,0,0,0,1,0,1024,0,16,72,-1,0,0,-1,4,72,4,2,1133398,116,0,4,4,79.0,45.5,52.1
s2b-r14,4,A,0,s2b-r14-138,0,0,0,0,0,0,1,0,1024,0,16,81,-1,0,0,-1,4,81,4,2,1276983,116,0,4,4,94.0,45.5,52.1
s2b-r14,4,A,0,s2b-r14-139,0,0,0,0,0,0,1,0,1024,0,16,118,4,0,0,-1,5,118,4,0,1847474,118,0,4,4,167.0,45.5,52.1
s2b-r14,4,A,0,s2b-r14-140,0,0,0,0,0,0,1,0,1024,0,32,75,4,0,0,-1,4,75,4,0,1171907,118,0,4,4,40.0,45.5,52.1
s2b-r14,4,A,0,s2b-r14-141,0,0,0,0,0,0,1,0,1024,0,16,151,-1,0,0,-1,4,151,4,2,2372886,151,0,4,4,28.0,45.5,52.1
s2b-r14,4,A,0,s2b-r14-142,0,0,0,0,0,0,1,0,1024,0,2,151,-1,0,0,-1,1,151,1,2,2360243,151,0,1,1,26.0,45.5,52.1
s2b-r14,4,A,0,s2b-r14-143,0,0,0,0,0,0,1,0,1024,0,2,126,-1,0,0,-1,1,126,1,2,1983422,126,0,1,1,22.0,45.5,52.1
s2b-r14,4,A,0,s2b-r14-144,0,0,0,0,0,0,1,0,1024,0,2,153,-1,0,0,-1,1,153,1,2,2391814,153,0,1,1,29.0,45.5,52.1
s2b-r14,4,A,0,s2b-r14-145,0,0,0,0,0,0,1,0,1024,0,2,148,-1,0,0,-1,1,148,1,2,2315069,153,0,1,1,29.0,45.5,52.1
s2b-r14,4,A,0,s2b-r14-146,0,0,0,0,0,0,1,0,1024,0,16,90,4,0,0,-1,1,90,1,0,1408109,11,0,1,5,358.0,45.5,52.1
s2b-r14,4,A,0,s2b-r14-147,0,0,0,0,0,0,1,0,1024,0,4,86,0,0,0,-1,4,86,2,0,1349205,86,0,2,2,102.0,45.5,52.1
s2b-r14,4,A,0,s2b-r14-148,0,0,0,0,0,0,1,0,1024,0,4,64,-1,0,0,-1,2,64,2,2,1008719,125,0,2,2,26.0,45.5,52.1
s2b-r14,4,A,0,s2b-r14-149,0,0,0,0,0,0,1,0,1024,0,4,147,-1,0,0,-1,2,147,2,2,2309408,147,0,2,2,33.0,45.5,52.1
s2b-r14,4,A,0,s2b-r14-150,0,0,0,0,0,0,1,0,1024,0,1,85,0,0,0,-1,2,85,0,0,1341484,125,0,0,0,104.0,45.5,52.1
s2b-r14,4,A,0,s2b-r14-151,0,0,0,0,0,0,1,0,1024,0,16,101,-1,0,0,-1,4,101,4,2,1584095,101,0,4,4,52.0,45.5,52.1
s2b-r14,4,A,0,s2b-r14-152,0,0,0,0,0,0,1,0,1024,0,16,156,-1,0,0,-1,4,156,4,2,2440513,156,0,4,4,22.0,45.5,52.1
s2b-r14,4,A,0,s2b-r14-153,0,0,0,0,0,0,1,0,1024,0,16,94,-1,0,0,-1,4,94,4,2,1476567,64,0,4,4,30.0,45.5,52.1
s2b-r14,4,A,0,s2b-r14-154,0,0,0,0,0,0,1,0,1024,0,16,147,-1,0,0,-1,4,147,4,2,2307230,147,0,4,4,49.0,45.5,52.1
s2b-r14,4,A,0,s2b-r14-155,0,0,0,0,0,0,1,0,1024,0,32,89,5,0,0,-1,4,89,5,0,1403473,2,0,5,5,139.0,45.5,52.1
s2b-r14,4,A,0,s2b-r14-156,0,0,0,0,0,0,1,0,1024,0,8,91,1,0,0,-1,4,91,3,0,1428981,68,0,3,3,70.0,45.5,52.1
s2b-r14,4,A,0,s2b-r14-157,0,0,0,0,0,0,1,0,1024,0,8,62,-1,0,0,-1,3,62,3,2,972840,89,0,3,3,75.0,45.5,52.1
s2b-r14,4,A,0,s2b-r14-158,0,0,0,0,0,0,1,0,1024,0,8,93,-1,0,0,-1,3,93,3,2,1456633,93,0,3,3,23.0,45.5,52.1
s2b-r14,4,A,0,s2b-r14-159,0,0,0,0,0,0,1,0,1024,0,16,73,1,0,0,-1,3,73,4,0,1142021,51,0,4,4,205.0,45.5,52.1
s2b-r14,4,A,0,s2b-r14-160,0,0,0,0,0,0,1,0,1024,0,32,80,-1,0,0,-1,5,80,5,2,1261101,51,0,5,5,111.0,45.5,52.1
s2b-r14,4,A,0,s2b-r14-161,0,0,0,0,0,0,1,0,1024,0,32,76,-1,0,0,-1,5,76,5,2,1202402,76,0,5,5,68.0,45.5,52.1
s2b-r14,4,A,0,s2b-r14-162,0,0,0,0,0,0,1,0,1024,0,2,78,-1,0,0,-1,1,78,1,2,1219141,78,0,1,1,27.0,45.5,52.1
s2b-r14,4,A,0,s2b-r14-163,0,0,0,0,0,0,1,0,1024,0,2,74,-1,0,0,-1,1,74,1,2,1159269,67,0,1,1,35.0,45.5,52.1
s2b-r14,4,A,0,s2b-r14-164,0,0,0,0,0,0,1,0,1024,0,2,149,-1,0,0,-1,1,149,1,2,2340954,149,0,1,1,26.0,45.5,52.1
s2b-r14,4,A,0,s2b-r14-165,0,0,0,0,0,0,1,0,1024,0,2,148,-1,0,0,-1,1,148,1,2,2325214,149,0,1,1,35.0,45.5,52.1
s2b-r14,4,A,0,s2b-r14-166,0,0,0,0,0,0,1,0,1024,0,2,93,-1,0,0,-1,1,93,1,2,1462352,93,0,1,1,202.0,45.5,52.1
s2b-r14,4,A,0,s2b-r14-167,0,0,0,0,0,0,1,0,1024,0,32,162,-1,0,0,-1,5,162,5,2,2539562,162,0,5,5,29.0,45.5,52.1
s2b-r14,4,A,0,s2b-r14-168,0,0,0,0,0,0,1,0,1024,0,32,150,-1,0,0,-1,5,150,5,2,2345538,162,0,5,5,53.0,45.5,52.1
s2b-r14,4,A,0,s2b-r14-169,0,0,0,0,0,0,1,0,1024,0,2,92,-1,0,0,-1,1,92,1,2,1452089,22,0,1,1,51.0,45.5,52.1
s2b-r14,4,A,0,s2b-r14-170,0,0,0,0,0,0,1,0,1024,0,2,61,-1,0,0,-1,1,61,1,2,955169,24,0,1,1,43.0,45.5,52.1
s2b-r14,4,A,0,s2b-r14-171,0,0,0,0,0,0,1,0,1024,0,16,66,-1,0,0,-1,4,66,4,2,1033024,24,0,4,4,108.0,45.5,52.1
s2b-r14,4,A,0,s2b-r14-172,0,0,0,0,0,0,1,0,1024,0,2,70,-1,0,0,-1,1,70,1,2,1104544,70,0,1,1,79.0,45.5,52.1
s2b-r14,4,A,0,s2b-r14-173,0,0,0,0,0,0,1,0,1024,0,1,141,0,0,0,-1,5,141,0,0,2208208,141,0,0,0,33.0,45.5,52.1
s2b-r14,4,A,0,s2b-r14-174,0,0,0,0,0,0,1,0,1024,0,2,156,-1,0,0,-1,1,156,1,2,2445703,156,0,1,1,27.0,45.5,52.1
s2b-r14,4,A,0,s2b-r14-175,0,0,0,0,0,0,1,0,1024,0,1,95,0,0,0,-1,1,95,0,0,1486850,6,0,0,0,23.0,45.5,52.1
s2b-r14,4,A,0,s2b-r14-176,0,0,0,0,0,0,1,0,1024,0,16,148,4,0,0,-1,0,148,4,0,2323417,148,0,4,4,28.0,45.5,52.1
s2b-r14,4,A,0,s2b-r14-177,0,0,0,0,0,0,1,0,1024,0,16,90,-1,0,0,-1,4,90,4,2,1408925,41,0,4,4,18.0,45.5,52.1
s2b-r14,4,A,0,s2b-r14-178,0,0,0,0,0,0,1,0,1024,0,32,149,-1,0,0,-1,5,149,5,2,2337532,149,0,5,5,18.0,45.5,52.1
s2b-r14,4,A,0,s2b-r14-179,0,0,0,0,0,0,1,0,1024,0,1,130,-1,0,0,-1,0,130,0,2,2031663,130,0,0,0,29.0,45.5,52.1
s2b-r14,4,A,0,s2b-r14-180,0,0,0,0,0,0,1,0,1024,0,1,91,-1,0,0,-1,0,91,0,2,1432229,73,0,0,0,53.0,45.5,52.1
s2b-r14,4,A,0,s2b-r14-181,0,0,0,0,0,0,1,0,1024,0,16,119,-1,0,0,-1,4,119,4,2,1867075,119,0,4,4,48.0,45.5,52.1
s2b-r14,4,A,0,s2b-r14-182,0,0,0,0,0,0,1,0,1024,0,1,141,0,0,0,-1,4,141,0,0,2203467,141,0,0,0,74.0,45.5,52.1
s2b-r14,4,A,0,s2b-r14-183,0,0,0,0,0,0,1,0,1024,0,2,109,1,0,0,-1,4,109,1,0,1707591,119,0,1,1,36.0,45.5,52.1
s2b-r14,4,A,0,s2b-r14-184,0,0,0,0,0,0,1,0,1024,0,32,163,5,0,0,-1,0,163,0,0,2546913,163,0,0,5,149.0,45.5,52.1
s2b-r14,4,A,0,s2b-r14-185,0,0,0,0,0,0,1,0,1024,0,32,154,-1,0,0,-1,5,154,5,2,2412771,163,0,5,5,25.0,45.5,52.1
s2b-r14,4,A,0,s2b-r14-186,0,0,0,0,0,0,1,0,1024,0,32,115,-1,0,0,-1,5,115,5,2,1797597,108,0,5,5,59.0,45.5,52.1
s2b-r14,4,A,0,s2b-r14-187,0,0,0,0,0,0,1,0,1024,0,2,91,-1,0,0,-1,1,91,1,2,1422895,51,0,1,1,52.0,45.5,52.1
s2b-r14,4,A,0,s2b-r14-188,0,0,0,0,0,0,1,0,1024,0,2,82,-1,0,0,-1,1,82,1,2,1289896,76,0,1,1,120.0,45.5,52.1
s2b-r14,4,A,0,s2b-r14-189,0,0,0,0,0,0,1,0,1024,0,16,63,-1,0,0,-1,4,63,4,2,993807,25,0,4,4,109.0,45.5,52.1
s2b-r14,4,A,0,s2b-r14-190,0,0,0,0,0,0,1,0,1024,0,2,88,-1,0,0,-1,1,88,1,2,1388282,88,0,1,1,41.0,45.5,52.1
s2b-r14,4,A,0,s2b-r14-191,0,0,0,0,0,0,1,0,1024,0,1,90,0,0,0,-1,5,90,0,0,1413802,90,0,0,0,67.0,45.5,52.1
s2b-r14,4,A,0,s2b-r14-192,0,0,0,0,0,0,1,0,1024,0,32,81,4,0,0,-1,0,81,5,0,1265952,85,0,5,5,59.0,45.5,52.1
s2b-r14,4,A,0,s2b-r14-193,0,0,0,0,0,0,1,0,1024,0,1,80,0,0,0,-1,5,80,5,0,1253171,85,0,5,0,378.0,45.5,52.1
s2b-r14,4,A,0,s2b-r14-194,0,0,0,0,0,0,1,0,1024,0,16,92,-1,0,0,-1,4,92,4,2,1444699,92,0,4,4,18.0,45.5,52.1
s2b-r14,4,A,0,s2b-r14-195,0,0,0,0,0,0,1,0,1024,0,16,152,-1,0,0,-1,4,152,4,2,2380001,152,0,4,4,29.0,45.5,52.1
s2b-r14,4,A,0,s2b-r14-196,0,0,0,0,0,0,1,0,1024,0,16,138,-1,0,0,-1,4,138,4,2,2163772,152,0,4,4,104.0,45.5,52.1
s2b-r14,4,A,0,s2b-r14-197,0,0,0,0,0,0,1,0,1024,0,16,91,-1,0,0,-1,4,91,4,2,1432181,42,0,4,4,86.0,45.5,52.1
s2b-r14,4,A,0,s2b-r14-198,0,0,0,0,0,0,1,0,1024,0,2,90,1,0,0,-1,0,90,1,0,1420248,78,0,1,1,158.0,45.5,52.1
s2b-r14,4,A,0,s2b-r14-199,0,0,0,0,0,0,1,0,1024,0,2,104,-1,0,0,-1,1,104,1,2,1638043,104,0,1,1,65.0,45.5,52.1
s2b-r14,4,A,0,s2b-r14-200,0,0,0,0,0,0,1,0,1024,0,2,76,1,0,0,-1,5,76,5,0,1194426,113,0,5,1,144.0,45.5,52.1
s2b-r14,4,A,0,s2b-r14-201,0,0,0,0,0,0,1,0,1024,0,32,90,5,0,0,-1,1,90,1,0,1406940,113,0,1,5,129.0,45.5,52.1
s2b-r14,4,A,0,s2b-r14-202,0,0,0,0,0,0,1,0,1024,0,32,109,-1,0,0,-1,5,109,5,2,1712125,109,0,5,5,56.0,45.5,52.1
s2b-r14,4,A,0,s2b-r14-203,0,0,0,0,0,0,1,0,1024,0,2,89,1,0,0,-1,5,89,5,0,1403486,109,0,5,4,32.0,45.5,52.1
s2b-r14,4,A,0,s2b-r14-204,0,0,0,0,0,0,1,0,1024,0,16,150,-1,0,0,-1,4,150,4,2,2358246,150,0,4,4,19.0,45.5,52.1
s2b-r14,4,A,0,s2b-r14-205,0,0,0,0,0,0,1,0,1024,0,16,149,-1,0,0,-1,4,149,4,2,2328220,150,0,4,4,14.0,45.5,52.1
s2b-r14,4,A,0,s2b-r14-206,0,0,0,0,0,0,1,0,1024,0,2,154,-1,0,0,-1,1,154,1,2,2407165,154,0,1,1,102.0,45.5,52.1
s2b-r14,4,A,0,s2b-r14-207,0,0,0,0,0,0,1,0,1024,0,32,121,-1,0,0,-1,5,121,5,2,1905384,108,0,5,5,103.0,45.5,52.1
s2b-r14,4,A,0,s2b-r14-208,0,0,0,0,0,0,1,0,1024,0,16,96,-1,0,0,-1,4,96,4,2,1510130,108,0,4,4,81.0,45.5,52.1
s2b-r14,4,A,0,s2b-r14-209,0,0,0,0,0,0,1,0,1024,0,32,71,-1,0,0,-1,5,71,5,2,1121811,121,0,5,5,63.0,45.5,52.1
s2b-r14,4,A,0,s2b-r14-210,0,0,0,0,0,0,1,0,1024,0,32,84,-1,0,0,-1,5,84,5,2,1325272,121,0,5,5,43.0,45.5,52.1
s2b-r14,4,A,0,s2b-r14-211,0,0,0,0,0,0,1,0,1024,0,2,140,-1,0,0,-1,1,140,1,2,2200402,140,0,1,1,62.0,45.5,52.1
s2b-r14,4,A,0,s2b-r14-212,0,0,0,0,0,0,1,0,1024,0,2,134,-1,0,0,-1,1,134,1,2,2099402,140,0,1,1,28.0,45.5,52.1
s2b-r14,4,A,0,s2b-r14-213,0,0,0,0,0,0,1,0,1024,0,2,88,-1,0,0,-1,1,88,1,2,1384685,81,0,1,1,69.0,45.5,52.1
s2b-r14,4,A,0,s2b-r14-214,0,0,0,0,0,0,1,0,1024,0,32,87,5,0,0,-1,1,87,1,0,1364994,92,0,1,1,27.0,45.5,52.1
s2b-r14,4,A,0,s2b-r14-215,0,0,0,0,0,0,1,0,1024,0,32,154,-1,0,0,-1,5,154,5,2,2415715,154,0,5,5,38.0,45.5,52.1
s2b-r14,4,A,0,s2b-r14-216,0,0,0,0,0,0,1,0,1024,0,32,143,-1,0,0,-1,5,143,5,2,2248593,154,0,5,5,71.0,45.5,52.1
s2b-r14,4,A,0,s2b-r14-217,0,0,0,0,0,0,1,0,1024,0,32,139,-1,0,0,-1,5,139,5,2,2175640,139,0,5,5,92.0,45.5,52.1
s2b-r14,4,A,0,s2b-r14-218,0,0,0,0,0,0,1,0,1024,0,32,151,-1,0,0,-1,5,151,5,2,2365003,151,0,5,5,104.0,45.5,52.1
s2b-r14,4,A,0,s2b-r14-219,0,0,0,0,0,0,1,0,1024,0,32,91,-1,0,0,-1,5,91,5,2,1436438,59,0,5,5,67.0,45.5,52.1
s2b-r14,4,A,0,s2b-r14-220,0,0,0,0,0,0,1,0,1024,0,32,146,-1,0,0,-1,5,146,5,2,2284543,146,0,5,5,102.0,45.5,52.1
s2b-r14,4,A,0,s2b-r14-221,0,0,0,0,0,0,1,0,1024,0,32,155,-1,0,0,-1,5,155,5,2,2432938,155,0,5,5,53.0,45.5,52.1
s2b-r14,4,A,0,s2b-r14-222,0,0,0,0,0,0,1,0,1024,0,32,97,-1,0,0,-1,5,97,5,2,1519106,61,0,5,5,69.0,45.5,52.1
s2b-r14,4,A,0,s2b-r14-223,0,0,0,0,0,0,1,0,1024,0,32,106,-1,0,0,-1,5,106,5,2,1667205,106,0,5,5,28.0,45.5,52.1
s2b-r14,4,A,0,s2b-r14-224,0,0,0,0,0,0,1,0,1024,0,1,155,-1,0,0,-1,0,155,0,2,2428278,155,0,0,0,29.0,45.5,52.1
s2b-r14,4,A,0,s2b-r14-225,0,0,0,0,0,0,1,0,1024,0,8,119,-1,0,0,-1,3,119,3,2,1874981,119,0,3,3,58.0,45.5,52.1
s2b-r14,4,A,0,s2b-r14-226,0,0,0,0,0,0,1,0,1024,0,8,93,-1,0,0,-1,3,93,3,2,1453494,101,0,3,3,70.0,45.5,52.1
s2b-r14,4,A,0,s2b-r14-227,0,0,0,0,0,0,1,0,1024,0,1,84,0,0,0,-1,3,84,0,0,1318317,101,0,0,0,120.0,45.5,52.1
s2b-r14,4,A,0,s2b-r14-228,0,0,0,0,0,0,1,0,1024,0,16,88,-1,0,0,-1,4,88,4,2,1376789,88,0,4,4,52.0,45.5,52.1
s2b-r14,4,A,0,s2b-r14-229,0,0,0,0,0,0,1,0,1024,0,2,123,-1,0,0,-1,1,123,1,2,1924918,123,0,1,1,28.0,45.5,52.1
s2b-r14,4,A,0,s2b-r14-230,0,0,0,0,0,0,1,0,1024,0,2,151,-1,0,0,-1,1,151,1,2,2372462,151,0,1,1,50.0,45.5,52.1
s2b-r14,4,A,0,s2b-r14-231,0,0,0,0,0,0,1,0,1024,0,1,100,0,0,0,-1,5,100,0,0,1572380,100,0,0,4,201.0,45.5,52.1
s2b-r14,4,A,0,s2b-r14-232,0,0,0,0,0,0,1,0,1024,0,1,150,0,0,0,-1,4,150,0,0,2352862,150,0,0,0,40.0,45.5,52.1
s2b-r14,4,A,0,s2b-r14-233,0,0,0,0,0,0,1,0,1024,0,1,161,-1,0,0,-1,0,161,0,2,2515851,161,0,0,0,25.0,45.5,52.1
s2b-r14,4,A,0,s2b-r14-234,0,0,0,0,0,0,1,0,1024,0,16,141,0,0,0,-1,5,141,4,0,2217069,141,0,4,4,26.0,45.5,52.1
s2b-r14,4,A,0,s2b-r14-235,0,0,0,0,0,0,1,0,1024,0,2,168,-1,0,0,-1,1,168,1,2,2625434,168,0,1,1,22.0,45.5,52.1
s2b-r14,4,A,0,s2b-r14-236,0,0,0,0,0,0,1,0,1024,0,2,149,-1,0,0,-1,1,149,1,2,2328908,149,0,1,1,20.0,45.5,52.1
s2b-r14,4,A,0,s2b-r14-237,0,0,0,0,0,0,1,0,1024,0,2,121,-1,0,0,-1,1,121,1,2,1901832,83,0,1,1,101.0,45.5,52.1
s2b-r14,4,A,0,s2b-r14-238,0,0,0,0,0,0,1,0,1024,0,2,62,1,0,0,-1,5,62,1,0,981228,27,0,1,1,63.0,45.5,52.1
s2b-r14,4,A,0,s2b-r14-239,0,0,0,0,0,0,1,0,1024,0,1,66,-1,0,0,-1,0,66,0,2,1031735,41,0,0,0,35.0,45.5,52.1
s2b-r14,4,A,0,s2b-r14-240,0,0,0,0,0,0,1,0,1024,0,32,69,-1,0,0,-1,5,69,5,2,1082630,2,0,5,5,101.0,45.5,52.1
s2b-r14,4,A,0,s2b-r14-241,0,0,0,0,0,0,1,0,1024,0,2,69,-1,0,0,-1,1,69,1,2,1088528,62,0,1,1,135.0,45.5,52.1
s2b-r14,4,A,0,s2b-r14-242,0,0,0,0,0,0,1,0,1024,0,2,61,-1,0,0,-1,1,61,1,2,961714,125,0,1,1,75.0,45.5,52.1
s2b-r14,4,A,0,s2b-r14-243,0,0,0,0,0,0,1,0,1024,0,2,61,-1,0,0,-1,1,61,1,2,965857,125,0,1,1,77.0,45.5,52.1
s2b-r14,4,A,0,s2b-r14-244,0,0,0,0,0,0,1,0,1024,0,16,64,-1,0,0,-1,4,64,4,2,1004779,64,0,4,4,31.0,45.5,52.1
s2b-r14,4,A,0,s2b-r14-245,0,0,0,0,0,0,1,0,1024,0,32,153,-1,0,0,-1,5,153,5,2,2394158,153,0,5,5,21.0,45.5,52.1
s2b-r14,4,A,0,s2b-r14-246,0,0,0,0,0,0,1,0,1024,0,32,156,-1,0,0,-1,5,156,5,2,2445304,156,0,5,5,27.0,45.5,52.1
s2b-r14,4,A,0,s2b-r14-247,0,0,0,0,0,0,1,0,1024,0,32,111,-1,0,0,-1,5,111,5,2,1737067,64,0,5,5,53.0,45.5,52.1
s2b-r14,4,A,0,s2b-r14-248,0,0,0,0,0,0,1,0,1024,0,32,148,-1,0,0,-1,5,148,5,2,2317256,148,0,5,5,64.0,45.5,52.1
s2b-r14,4,A,0,s2b-r14-249,0,0,0,0,0,0,1,0,1024,0,32,95,-1,0,0,-1,5,95,5,2,1497471,104,0,5,5,227.0,45.5,52.1
s2b-r14,4,A,0,s2b-r14-250,0,0,0,0,0,0,1,0,1024,0,32,89,0,0,0,-1,1,89,5,0,1405603,104,0,5,5,101.0,45.5,52.1
s2b-r14,4,A,0,s2b-r14-251,0,0,0,0,0,0,1,0,1024,0,32,112,-1,0,0,-1,5,112,5,2,1755394,112,0,5,5,60.0,45.5,52.1
s2b-r14,4,A,0,s2b-r14-252,0,0,0,0,0,0,1,0,1024,0,32,71,-1,0,0,-1,5,71,5,2,1111432,38,0,5,5,108.0,45.5,52.1
s2b-r14,4,A,0,s2b-r14-253,0,0,0,0,0,0,1,0,1024,0,1,87,0,0,0,-1,0,87,0,0,1371396,87,0,0,0,66.0,45.5,52.1
s2b-r14,4,A,0,s2b-r14-254,0,0,0,0,0,0,1,0,1024,0,1,101,0,0,0,-1,4,101,0,0,1584709,101,0,0,0,33.0,45.5,52.1
s2b-r14,4,A,0,s2b-r14-255,0,0,0,0,0,0,1,0,1024,0,32,168,5,0,0,-1,0,168,0,0,2634043,168,0,0,5,209.0,45.5,52.1
s2b-r14,4,A,0,s2b-r14-256,0,0,0,0,0,0,1,0,1024,0,1,170,-1,0,0,-1,0,170,0,2,2670704,170,0,0,0,15.0,45.5,52.1
s2b-r14,4,A,0,s2b-r14-257,0,0,0,0,0,0,1,0,1024,0,1,121,-1,0,0,-1,0,121,0,2,1893279,6,0,0,0,55.0,45.5,52.1
s2b-r14,4,A,0,s2b-r14-258,0,0,0,0,0,0,1,0,1024,0,4,97,-1,0,0,-1,2,97,2,2,1526909,61,0,2,2,65.0,45.5,52.1
s2b-r14,4,A,0,s2b-r14-259,0,0,0,0,0,0,1,0,1024,0,4,95,-1,0,0,-1,2,95,2,2,1486221,95,0,2,2,108.0,45.5,52.1
s2b-r14,4,A,0,s2b-r14-260,0,0,0,0,0,0,1,0,1024,0,16,62,-1,0,0,-1,4,62,4,2,971298,95,0,4,4,84.0,45.5,52.1
s2b-r14,4,A,0,s2b-r14-261,0,0,0,0,0,0,1,0,1024,0,32,73,5,0,0,-1,1,73,1,0,1145664,73,0,1,5,128.0,45.5,52.1
s2b-r14,4,A,0,s2b-r14-262,0,0,0,0,0,0,1,0,1024,0,32,143,-1,0,0,-1,5,143,5,2,2247762,143,0,5,5,29.0,45.5,52.1
s2b-r14,4,A,0,s2b-r14-263,0,0,0,0,0,0,1,0,1024,0,1,149,0,0,0,-1,1,149,0,0,2333807,149,0,0,0,51.0,45.5,52.1
s2b-r14,4,A,0,s2b-r14-264,0,0,0,0,0,0,1,0,1024,0,8,122,0,0,0,-1,1,122,3,0,1910402,122,0,3,3,51.0,45.5,52.1
s2b-r14,4,A,0,s2b-r14-265,0,0,0,0,0,0,1,0,1024,0,1,91,0,0,0,-1,3,91,0,0,1433220,122,0,0,0,31.0,45.5,52.1
s2b-r14,4,A,0,s2b-r14-266,0,0,0,0,0,0,1,0,1024,0,1,155,-1,0,0,-1,0,155,0,2,2423042,155,0,0,0,13.0,45.5,52.1
s2b-r14,4,A,0,s2b-r14-267,0,0,0,0,0,0,1,0,1024,0,1,121,-1,0,0,-1,0,121,0,2,1901504,121,0,0,0,48.0,45.5,52.1
s2b-r14,4,A,0,s2b-r14-268,0,0,0,0,0,0,1,0,1024,0,1,94,-1,0,0,-1,0,94,0,2,1478884,121,0,0,0,15.0,45.5,52.1
s2b-r14,4,A,0,s2b-r14-269,0,0,0,0,0,0,1,0,1024,0,16,155,1,0,0,-1,0,155,4,0,2429791,155,0,4,4,108.0,45.5,52.1
s2b-r14,4,A,0,s2b-r14-270,0,0,0,0,0,0,1,0,1024,0,16,150,-1,0,0,-1,4,150,4,2,2344424,155,0,4,4,60.0,45.5,52.1
s2b-r14,4,A,0,s2b-r14-271,0,0,0,0,0,0,1,0,1024,0,32,91,-1,0,0,-1,5,91,5,2,1432253,21,0,5,5,48.0,45.5,52.1
s2b-r14,4,A,0,s2b-r14-272,0,0,0,0,0,0,1,0,1024,0,2,60,1,0,0,-1,5,60,1,0,951048,33,0,1,1,49.0,45.5,52.1
s2b-r14,4,A,0,s2b-r14-273,0,0,0,0,0,0,1,0,1024,0,16,64,-1,0,0,-1,4,64,4,2,1006364,126,0,4,4,36.0,45.5,52.1
s2b-r14,4,A,0,s2b-r14-274,0,0,0,0,0,0,1,0,1024,0,1,202,0,0,0,-1,5,202,0,0,3165769,202,0,0,0,23.0,45.5,52.1
s2b-r14,4,A,0,s2b-r14-275,0,0,0,0,0,0,1,0,1024,0,16,121,1,0,0,-1,0,121,4,0,1895756,126,0,4,4,108.0,45.5,52.1
s2b-r14,4,A,0,s2b-r14-276,0,0,0,0,0,0,1,0,1024,0,16,101,-1,0,0,-1,4,101,4,2,1579382,21,0,4,4,113.0,45.5,52.1
s2b-r14,4,A,0,s2b-r14-277,0,0,0,0,0,0,1,0,1024,0,2,85,0,0,0,-1,4,85,1,0,1333896,77,0,1,1,94.0,45.5,52.1
s2b-r14,4,A,0,s2b-r14-278,0,0,0,0,0,0,1,0,1024,0,32,139,-1,0,0,-1,5,139,5,2,2183957,139,0,5,5,89.0,45.5,52.1
s2b-r14,4,A,0,s2b-r14-279,0,0,0,0,0,0,1,0,1024,0,32,150,-1,0,0,-1,5,150,5,2,2353941,150,0,5,5,106.0,45.5,52.1
s2b-r14,4,A,0,s2b-r14-280,0,0,0,0,0,0,1,0,1024,0,16,93,4,0,0,-1,5,93,4,0,1458304,93,0,4,4,230.0,45.5,52.1
s2b-r14,4,A,0,s2b-r14-281,0,0,0,0,0,0,1,0,1024,0,2,65,1,0,0,-1,5,65,1,0,1024552,125,0,1,1,170.0,45.5,52.1
s2b-r14,4,A,0,s2b-r14-282,0,0,0,0,0,0,1,0,1024,0,1,68,-1,0,0,-1,0,68,0,2,1068525,125,0,0,0,21.0,45.5,52.1
s2b-r14,4,A,0,s2b-r14-283,0,0,0,0,0,0,1,0,1024,0,1,154,-1,0,0,-1,0,154,0,2,2413329,154,0,0,0,23.0,45.5,52.1
s2b-r14,4,A,0,s2b-r14-284,0,0,0,0,0,0,1,0,1024,0,16,166,-1,0,0,-1,4,166,4,2,2596596,166,0,4,4,30.0,45.5,52.1
s2b-r14,4,A,0,s2b-r14-285,0,0,0,0,0,0,1,0,1024,0,16,97,-1,0,0,-1,4,97,4,2,1530801,65,0,4,4,81.0,45.5,52.1
s2b-r14,4,A,0,s2b-r14-286,0,0,0,0,0,0,1,0,1024,0,16,93,-1,0,0,-1,4,93,4,2,1457670,62,0,4,4,111.0,45.5,52.1
s2b-r14,4,A,0,s2b-r14-287,0,0,0,0,0,0,1,0,1024,0,16,121,-1,0,0,-1,4,121,4,2,1891022,121,0,4,4,83.0,45.5,52.1
s2b-r14,4,A,0,s2b-r14-288,0,0,0,0,0,0,1,0,1024,0,16,73,-1,0,0,-1,4,73,4,2,1141299,62,0,4,4,60.0,45.5,52.1
s2b-r14,4,A,0,s2b-r14-289,0,0,0,0,0,0,1,0,1024,0,16,84,-1,0,0,-1,4,84,4,2,1316571,16,0,4,4,113.0,45.5,52.1
s2b-r14,4,A,0,s2b-r14-290,0,0,0,0,0,0,1,0,1024,0,1,71,0,0,0,-1,4,71,4,0,1111776,71,0,4,4,182.0,45.5,52.1
s2b-r14,4,A,0,s2b-r14-291,0,0,0,0,0,0,1,0,1024,0,16,157,0,0,0,-1,5,157,4,0,2464236,157,0,4,4,85.0,45.5,52.1
s2b-r14,4,A,0,s2b-r14-292,0,0,0,0,0,0,1,0,1024,0,16,153,-1,0,0,-1,4,153,4,2,2399683,157,0,4,4,28.0,45.5,52.1
s2b-r14,4,A,0,s2b-r14-293,0,0,0,0,0,0,1,0,1024,0,2,99,1,0,0,-1,0,99,1,0,1553598,33,0,1,1,29.0,45.5,52.1
s2b-r14,4,A,0,s2b-r14-294,0,0,0,0,0,0,1,0,1024,0,16,147,4,0,0,-1,1,147,4,0,1450339,0,0,4,4,120.0,45.5,52.1
s2b-r14,4,A,0,s2b-r14-295,0,0,0,0,0,0,1,0,1024,0,16,67,4,0,0,-1,5,67,5,0,1055158,32,0,5,4,275.0,45.5,52.1
s2b-r14,4,A,0,s2b-r14-296,0,0,0,0,0,0,1,0,1024,0,32,164,-1,0,0,-1,5,164,5,2,2576552,164,0,5,5,57.0,45.5,52.1
s2b-r14,4,A,0,s2b-r14-297,0,0,0,0,0,0,1,0,1024,0,32,151,-1,0,0,-1,5,151,5,2,2360379,164,0,5,5,112.0,45.5,52.1
s2b-r14,4,A,0,s2b-r14-298,0,0,0,0,0,0,1,0,1024,0,2,99,0,0,0,-1,5,99,1,0,1559475,112,0,1,1,108.0,45.5,52.1
s2b-r14,4,A,0,s2b-r14-299,0,0,0,0,0,0,1,0,1024,0,2,92,-1,0,0,-1,1,92,1,2,1449146,112,0,1,1,148.0,45.5,52.1
s2b-r14,4,A,0,s2b-r14-300,0,0,0,0,0,0,1,0,1024,0,2,166,-1,0,0,-1,1,166,1,2,2607455,166,0,1,1,47.0,45.5,52.1
s2b-r14,4,A,0,s2b-r14-301,0,0,0,0,0,0,1,0,1024,0,16,122,-1,0,0,-1,4,122,4,2,1918349,122,0,4,4,65.0,45.5,52.1
s2b-r14,4,A,0,s2b-r14-302,0,0,0,0,0,0,1,0,1024,0,32,116,5,0,0,-1,4,116,4,0,1812561,116,0,4,5,418.0,45.5,52.1
s2b-r14,4,A,0,s2b-r14-303,0,0,0,0,0,0,1,0,1024,0,32,110,-1,0,0,-1,5,110,5,2,1734316,110,0,5,5,29.0,45.5,52.1
s2b-r14,4,A,0,s2b-r14-304,0,0,0,0,0,0,1,0,1024,0,32,88,-1,0,0,-1,5,88,5,2,1379378,110,0,5,5,33.0,45.5,52.1
s2b-r14,4,A,0,s2b-r14-305,0,0,0,0,0,0,1,0,1024,0,32,81,-1,0,0,-1,5,81,5,2,1278164,110,0,5,5,106.0,45.5,52.1
s2b-r14,4,A,0,s2b-r14-306,0,0,0,0,0,0,1,0,1024,0,32,68,-1,0,0,-1,5,68,5,2,1073541,82,0,5,5,108.0,45.5,52.1
s2b-r14,4,A,0,s2b-r14-307,0,0,0,0,0,0,1,0,1024,0,32,99,5,0,0,-1,1,99,5,0,1548019,99,0,5,5,169.0,45.5,52.1
s2b-r14,4,A,0,s2b-r14-308,0,0,0,0,0,0,1,0,1024,0,2,63,-1,0,0,-1,1,63,1,2,999680,125,0,1,1,80.0,45.5,52.1
s2b-r14,4,A,0,s2b-r14-309,0,0,0,0,0,0,1,0,1024,0,2,63,-1,0,0,-1,1,63,1,2,989092,125,0,1,1,81.0,45.5,52.1
s2b-r14,4,A,0,s2b-r14-310,0,0,0,0,0,0,1,0,1024,0,2,66,-1,0,0,-1,1,66,1,2,1038700,64,0,1,1,39.0,45.5,52.1
s2b-r14,4,A,0,s2b-r14-311,0,0,0,0,0,0,1,0,1024,0,16,72,-1,0,0,-1,4,72,4,2,1128083,64,0,4,4,104.0,45.5,52.1
s2b-r14,4,A,0,s2b-r14-312,0,0,0,0,0,0,1,0,1024,0,16,86,-1,0,0,-1,4,86,4,2,1350001,86,0,4,4,67.0,45.5,52.1
s2b-r14,4,A,0,s2b-r14-313,0,0,0,0,0,0,1,0,1024,0,2,68,-1,0,0,-1,1,68,1,2,1064334,15,0,1,1,40.0,45.5,52.1
s2b-r14,4,A,0,s2b-r14-314,0,0,0,0,0,0,1,0,1024,0,2,149,-1,0,0,-1,1,149,1,2,2340981,166,0,1,1,23.0,45.5,52.1
s2b-r14,4,A,0,s2b-r14-315,0,0,0,0,0,0,1,0,1024,0,2,133,-1,0,0,-1,1,133,1,2,2093592,133,0,1,1,27.0,45.5,52.1
s2b-r14,4,A,0,s2b-r14-316,0,0,0,0,0,0,1,0,1024,0,2,151,-1,0,0,-1,1,151,1,2,2361653,151,0,1,1,44.0,45.5,52.1
s2b-r14,4,A,0,s2b-r14-317,0,0,0,0,0,0,1,0,1024,0,2,171,-1,0,0,-1,1,171,1,2,2676518,171,0,1,1,40.0,45.5,52.1
s2b-r14,4,A,0,s2b-r14-318,0,0,0,0,0,0,1,0,1024,0,2,152,-1,0,0,-1,1,152,1,2,2384658,152,0,1,1,25.0,45.5,52.1
s2b-r14,4,A,0,s2b-r14-319,0,0,0,0,0,0,1,0,1024,0,2,125,-1,0,0,-1,1,125,1,2,1955704,101,0,1,1,74.0,45.5,52.1
s2b-r14,4,A,0,s2b-r14-320,0,0,0,0,0,0,1,0,1024,0,2,90,-1,0,0,-1,1,90,1,2,1419456,101,0,1,1,164.0,45.5,52.1
s2b-r14,4,A,0,s2b-r14-321,0,0,0,0,0,0,1,0,1024,0,1,61,0,0,0,-1,1,61,0,0,960656,8,0,0,0,85.0,45.5,52.1
s2b-r14,4,A,0,s2b-r14-322,0,0,0,0,0,0,1,0,1024,0,16,74,-1,0,0,-1,4,74,4,2,1159041,74,0,4,4,143.0,45.5,52.1
s2b-r14,4,A,0,s2b-r14-323,0,0,0,0,0,0,1,0,1024,0,16,62,-1,0,0,-1,4,62,4,2,978005,10,0,4,4,18.0,45.5,52.1
s2b-r14,4,A,0,s2b-r14-324,0,0,0,0,0,0,1,0,1024,0,2,154,1,0,0,-1,0,154,1,0,2416584,154,0,1,1,27.0,45.5,52.1
s2b-r14,4,A,0,s2b-r14-325,0,0,0,0,0,0,1,0,1024,0,1,90,-1,0,0,-1,0,90,0,2,1416037,86,0,0,0,19.0,45.5,52.1
s2b-r14,4,A,0,s2b-r14-326,0,0,0,0,0,0,1,0,1024,0,1,156,-1,0,0,-1,0,156,0,2,2441719,156,0,0,0,25.0,45.5,52.1
s2b-r14,4,A,0,s2b-r14-327,0,0,0,0,0,0,1,0,1024,0,2,151,1,0,0,-1,0,151,1,0,2365712,151,0,1,1,84.0,45.5,52.1
s2b-r14,4,A,0,s2b-r14-328,0,0,0,0,0,0,1,0,1024,0,32,109,0,0,0,-1,1,109,5,0,1705318,89,0,5,5,80.0,45.5,52.1
s2b-r14,4,A,0,s2b-r14-329,0,0,0,0,0,0,1,0,1024,0,32,60,-1,0,0,-1,5,60,5,2,949156,14,0,5,5,33.0,45.5,52.1
s2b-r14,4,A,0,s2b-r14-330,0,0,0,0,0,0,1,0,1024,0,1,186,-1,0,0,-1,0,186,0,2,2913226,186,0,0,0,15.0,45.5,52.1
s2b-r14,4,A,0,s2b-r14-331,0,0,0,0,0,0,1,0,1024,0,1,149,-1,0,0,-1,0,149,0,2,2335946,186,0,0,0,30.0,45.5,52.1
s2b-r14,4,A,0,s2b-r14-332,0,0,0,0,0,0,1,0,1024,0,32,101,1,0,0,-1,0,101,5,0,1581807,88,0,5,5,191.0,45.5,52.1
s2b-r14,4,A,0,s2b-r14-333,0,0,0,0,0,0,1,0,1024,0,32,101,-1,0,0,-1,5,101,5,2,1592824,101,0,5,5,83.0,45.5,52.1
s2b-r14,4,A,0,s2b-r14-334,0,0,0,0,0,0,1,0,1024,0,32,152,-1,0,0,-1,5,152,5,2,2388609,152,0,5,5,51.0,45.5,52.1
s2b-r14,4,A,0,s2b-r14-335,0,0,0,0,0,0,1,0,1024,0,32,150,-1,0,0,-1,5,150,5,2,2354315,152,0,5,5,26.0,45.5,52.1
s2b-r14,4,A,0,s2b-r14-336,0,0,0,0,0,0,1,0,1024,0,32,116,-1,0,0,-1,5,116,5,2,1814166,116,0,5,5,33.0,45.5,52.1
s2b-r14,4,A,0,s2b-r14-337,0,0,0,0,0,0,1,0,1024,0,16,156,-1,0,0,-1,4,156,4,2,2443732,156,0,4,4,66.0,45.5,52.1
s2b-r14,4,A,0,s2b-r14-338,0,0,0,0,0,0,1,0,1024,0,32,155,1,0,0,-1,0,155,5,0,2437339,156,0,5,5,94.0,45.5,52.1
s2b-r14,4,A,0,s2b-r14-339,0,0,0,0,0,0,1,0,1024,0,32,115,-1,0,0,-1,5,115,5,2,1810087,116,0,5,5,106.0,45.5,52.1
s2b-r14,4,A,0,s2b-r14-340,0,0,0,0,0,0,1,0,1024,0,16,102,-1,0,0,-1,4,102,4,2,1597220,102,0,4,4,104.0,45.5,52.1
s2b-r14,4,A,0,s2b-r14-341,0,0,0,0,0,0,1,0,1024,0,2,70,1,0,0,-1,4,70,4,0,1100353,62,0,4,3,87.0,45.5,52.1
s2b-r14,4,A,0,s2b-r14-342,0,0,0,0,0,0,1,0,1024,0,4,80,-1,0,0,-1,2,80,2,2,1262879,35,0,2,2,104.0,45.5,52.1
s2b-r14,4,A,0,s2b-r14-343,0,0,0,0,0,0,1,0,1024,0,1,79,0,0,0,-1,2,79,0,0,1246538,79,0,0,1,3121.0,45.5,52.1
s2b-r14,4,A,0,s2b-r14-344,0,0,0,0,0,0,1,0,1024,0,1,82,0,0,0,-1,1,82,0,0,1288102,81,0,0,0,26.0,45.5,52.1
s2b-r14,4,A,0,s2b-r14-345,0,0,0,0,0,0,1,0,1024,0,2,152,-1,0,0,-1,1,152,1,2,2378545,152,0,1,1,27.0,45.5,52.1
s2b-r14,4,A,0,s2b-r14-346,0,0,0,0,0,0,1,0,1024,0,2,152,-1,0,0,-1,1,152,1,2,2375705,152,0,1,1,30.0,45.5,52.1
s2b-r14,4,A,0,s2b-r14-347,0,0,0,0,0,0,1,0,1024,0,2,111,1,0,0,-1,0,111,1,0,1749808,111,0,1,1,80.0,45.5,52.1
s2b-r14,4,A,0,s2b-r14-348,0,0,0,0,0,0,1,0,1024,0,2,90,1,0,0,-1,1,90,1,0,1421552,114,0,1,1,113.0,45.5,52.1
s2b-r14,4,A,0,s2b-r14-349,0,0,0,0,0,0,1,0,1024,0,2,84,-1,0,0,-1,1,84,1,2,1315462,114,0,1,1,98.0,45.5,52.1
s2b-r14,4,A,0,s2b-r14-350,0,0,0,0,0,0,1,0,1024,0,2,86,-1,0,0,-1,1,86,1,2,1354006,86,0,1,1,102.0,45.5,52.1
s2b-r14,4,A,0,s2b-r14-351,0,0,0,0,0,0,1,0,1024,0,32,62,-1,0,0,-1,5,62,5,2,976286,86,0,5,5,49.0,45.5,52.1
s2b-r14,4,A,0,s2b-r14-352,0,0,0,0,0,0,1,0,1024,0,32,62,-1,0,0,-1,5,62,5,2,983879,58,0,5,5,20.0,45.5,52.1
s2b-r14,4,A,0,s2b-r14-353,0,0,0,0,0,0,1,0,1024,0,32,150,-1,0,0,-1,5,150,5,2,2358096,150,0,5,5,63.0,45.5,52.1
s2b-r14,4,A,0,s2b-r14-354,0,0,0,0,0,0,1,0,1024,0,32,90,-1,0,0,-1,5,90,5,2,1417802,58,0,5,5,48.0,45.5,52.1
s2b-r14,4,A,0,s2b-r14-355,0,0,0,0,0,0,1,0,1024,0,32,91,-1,0,0,-1,5,91,5,2,1434206,50,0,5,5,16.0,45.5,52.1
s2b-r14,4,A,0,s2b-r14-356,0,0,0,0,0,0,1,0,1024,0,2,153,0,0,0,-1,5,153,1,0,2404768,153,0,1,1,29.0,45.5,52.1
s2b-r14,4,A,0,s2b-r14-357,0,0,0,0,0,0,1,0,1024,0,16,94,4,0,0,-1,1,94,1,0,1474861,63,0,1,1,3057.0,45.5,52.1
s2b-r14,4,A,0,s2b-r14-358,0,0,0,0,0,0,1,0,1024,0,4,102,-1,0,0,-1,2,102,2,2,1604872,58,0,2,2,47.0,45.5,52.1
s2b-r14,4,A,0,s2b-r14-359,0,0,0,0,0,0,1,0,1024,0,2,81,1,0,0,-1,2,81,1,0,1277325,58,0,1,1,99.0,45.5,52.1
s2b-r14,4,A,0,s2b-r14-360,0,0,0,0,0,0,1,0,1024,0,16,95,-1,0,0,-1,4,95,4,2,1493787,95,0,4,4,104.0,45.5,52.1
s2b-r14,4,A,0,s2b-r14-361,0,0,0,0,0,0,1,0,1024,0,1,130,0,0,0,-1,4,130,0,0,2038615,130,0,0,0,51.0,45.5,52.1
s2b-r14,4,A,0,s2b-r14-362,0,0,0,0,0,0,1,0,1024,0,32,176,-1,0,0,-1,5,176,5,2,2752502,176,0,5,5,18.0,45.5,52.1
s2b-r14,4,A,0,s2b-r14-363,0,0,0,0,0,0,1,0,1024,0,1,153,-1,0,0,-1,0,153,0,2,2395826,153,0,0,0,17.0,45.5,52.1
s2b-r14,4,A,0,s2b-r14-364,0,0,0,0,0,0,1,0,1024,0,32,122,1,0,0,-1,0,122,5,0,1917816,34,0,5,5,209.0,45.5,52.1
s2b-r14,4,A,0,s2b-r14-365,0,0,0,0,0,0,1,0,1024,0,32,91,-1,0,0,-1,5,91,5,2,1433712,69,0,5,5,56.0,45.5,52.1
s2b-r14,4,A,0,s2b-r14-366,0,0,0,0,0,0,1,0,1024,0,32,124,-1,0,0,-1,5,124,5,2,1940024,124,0,5,5,47.0,45.5,52.1
s2b-r14,4,A,0,s2b-r14-367,0,0,0,0,0,0,1,0,1024,0,32,73,-1,0,0,-1,5,73,5,2,1147869,126,0,5,5,109.0,45.5,52.1
s2b-r14,4,A,0,s2b-r14-368,0,0,0,0,0,0,1,0,1024,0,32,84,-1,0,0,-1,5,84,5,2,1327959,126,0,5,5,95.0,45.5,52.1
s2b-r14,4,A,0,s2b-r14-369,0,0,0,0,0,0,1,0,1024,0,16,61,4,0,0,-1,5,61,4,0,960162,124,0,4,4,100.0,45.5,52.1
s2b-r14,4,A,0,s2b-r14-370,0,0,0,0,0,0,1,0,1024,0,16,111,-1,0,0,-1,4,111,4,2,1746511,124,0,4,4,27.0,45.5,52.1
s2b-r14,4,A,0,s2b-r14-371,0,0,0,0,0,0,1,0,1024,0,16,125,-1,0,0,-1,4,125,4,2,1968557,125,0,4,4,34.0,45.5,52.1
s2b-r14,4,A,0,s2b-r14-372,0,0,0,0,0,0,1,0,1024,0,16,82,-1,0,0,-1,4,82,4,2,1285604,125,0,4,4,59.0,45.5,52.1
s2b-r14,4,A,0,s2b-r14-373,0,0,0,0,0,0,1,0,1024,0,16,85,-1,0,0,-1,4,85,4,2,1341365,125,0,4,4,16.0,45.5,52.1
s2b-r14,4,A,0,s2b-r14-374,0,0,0,0,0,0,1,0,1024,0,16,160,1,0,0,-1,0,160,4,0,2508921,160,0,4,4,27.0,45.5,52.1
s2b-r14,4,A,0,s2b-r14-375,0,0,0,0,0,0,1,0,1024,0,16,109,-1,0,0,-1,4,109,4,2,1709160,109,0,4,4,50.0,45.5,52.1
s2b-r14,4,A,0,s2b-r14-376,0,0,0,0,0,0,1,0,1024,0,16,152,-1,0,0,-1,4,152,4,2,2388218,160,0,4,4,115.0,45.5,52.1
s2b-r14,4,A,0,s2b-r14-377,0,0,0,0,0,0,1,0,1024,0,2,91,1,0,0,-1,4,91,1,0,1424682,35,0,1,1,82.0,45.5,52.1
s2b-r14,4,A,0,s2b-r14-378,0,0,0,0,0,0,1,0,1024,0,16,141,-1,0,0,-1,4,141,4,2,2217515,141,0,4,4,35.0,45.5,52.1
s2b-r14,4,A,0,s2b-r14-379,0,0,0,0,0,0,1,0,1024,0,4,85,-1,0,0,-1,2,85,2,2,1328233,74,0,2,2,56.0,45.5,52.1
s2b-r14,4,A,0,s2b-r14-380,0,0,0,0,0,0,1,0,1024,0,4,89,-1,0,0,-1,2,89,2,2,1394327,15,0,2,2,69.0,45.5,52.1
s2b-r14,4,A,0,s2b-r14-381,0,0,0,0,0,0,1,0,1024,0,16,77,1,0,0,-1,5,77,4,0,1205378,74,0,4,4,60.0,45.5,52.1
s2b-r14,4,A,0,s2b-r14-382,0,0,0,0,0,0,1,0,1024,0,16,65,-1,0,0,-1,4,65,4,2,1016624,60,0,4,4,60.0,45.5,52.1
s2b-r14,4,A,0,s2b-r14-383,0,0,0,0,0,0,1,0,1024,0,16,74,-1,0,0,-1,4,74,4,2,1168786,60,0,4,4,32.0,45.5,52.1
s2b-r14,4,A,0,s2b-r14-384,0,0,0,0,0,0,1,0,1024,0,16,156,-1,0,0,-1,4,156,4,2,2440728,156,0,4,4,23.0,45.5,52.1
s2b-r14,4,A,0,s2b-r14-385,0,0,0,0,0,0,1,0,1024,0,16,103,-1,0,0,-1,4,103,4,2,1616735,103,0,4,4,65.0,45.5,52.1
s2b-r14,4,A,0,s2b-r14-386,0,0,0,0,0,0,1,0,1024,0,8,91,0,0,0,-1,4,91,3,0,1429777,103,0,3,3,22.0,45.5,52.1
s2b-r14,4,A,0,s2b-r14-387,0,0,0,0,0,0,1,0,1024,0,8,153,-1,0,0,-1,3,153,3,2,2399817,153,0,3,3,16.0,45.5,52.1
s2b-r14,4,A,0,s2b-r14-388,0,0,0,0,0,0,1,0,1024,0,16,91,0,0,0,-1,3,91,4,0,1430919,74,0,4,4,26.0,45.5,52.1
s2b-r14,4,A,0,s2b-r14-389,0,0,0,0,0,0,1,0,1024,0,1,163,-1,0,0,-1,0,163,0,2,2557715,163,0,0,0,16.0,45.5,52.1
s2b-r14,4,A,0,s2b-r14-390,0,0,0,0,0,0,1,0,1024,0,16,129,-1,0,0,-1,4,129,4,2,2018149,163,0,4,4,45.0,45.5,52.1
s2b-r14,4,A,0,s2b-r14-391,0,0,0,0,0,0,1,0,1024,0,16,149,-1,0,0,-1,4,149,4,2,2331581,163,0,4,4,106.0,45.5,52.1
s2b-r14,4,A,0,s2b-r14-392,0,0,0,0,0,0,1,0,1024,0,16,92,0,0,0,-1,1,92,4,0,1439154,93,0,4,4,78.0,45.5,52.1
s2b-r14,4,A,0,s2b-r14-393,0,0,0,0,0,0,1,0,1024,0,1,65,-1,0,0,-1,0,65,0,2,1020896,93,0,0,0,14.0,45.5,52.1
s2b-r14,4,A,0,s2b-r14-394,0,0,0,0,0,0,1,0,1024,0,16,160,-1,0,0,-1,4,160,4,2,2500088,160,0,4,4,25.0,45.5,52.1
s2b-r14,4,A,0,s2b-r14-395,0,0,0,0,0,0,1,0,1024,0,16,89,-1,0,0,-1,4,89,4,2,1400554,86,0,4,4,34.0,45.5,52.1
s2b-r14,4,A,0,s2b-r14-396,0,0,0,0,0,0,1,0,1024,0,16,150,-1,0,0,-1,4,150,4,2,2346101,160,0,4,4,113.0,45.5,52.1
s2b-r14,4,A,0,s2b-r14-397,0,0,0,0,0,0,1,0,1024,0,16,90,-1,0,0,-1,4,90,4,2,1417014,49,0,4,4,81.0,45.5,52.1
s2b-r14,4,A,0,s2b-r14-398,0,0,0,0,0,0,1,0,1024,0,16,109,-1,0,0,-1,4,109,4,2,1714024,109,0,4,4,30.0,45.5,52.1
s2b-r14,4,A,0,s2b-r14-399,0,0,0,0,0,0,1,0,1024,0,16,120,-1,0,0,-1,4,120,4,2,1889052,120,0,4,4,81.0,45.5,52.1
s2b-r14,4,A,0,s2b-r14-400,0,0,0,0,0,0,1,0,1024,0,16,93,-1,0,0,-1,4,93,4,2,1454327,93,0,4,4,182.0,45.5,52.1
s2b-r14,4,A,0,s2b-r14-401,0,0,0,0,0,0,1,0,1024,0,2,85,-1,0,0,-1,1,85,1,2,1341551,57,0,1,1,87.0,45.5,52.1
s2b-r14,4,A,0,s2b-r14-402,0,0,0,0,0,0,1,0,1024,0,2,83,-1,0,0,-1,1,83,1,2,1300150,75,0,1,1,111.0,45.5,52.1
s2b-r14,4,A,0,s2b-r14-403,0,0,0,0,0,0,1,0,1024,0,16,109,0,0,0,-1,5,109,4,0,1708263,109,0,4,4,29.0,45.5,52.1
s2b-r14,4,A,0,s2b-r14-404,0,0,0,0,0,0,1,0,1024,0,16,156,-1,0,0,-1,4,156,4,2,2438901,156,0,4,4,30.0,45.5,52.1
s2b-r14,4,A,0,s2b-r14-405,0,0,0,0,0,0,1,0,1024,0,2,187,-1,0,0,-1,1,187,1,2,2922718,187,0,1,1,28.0,45.5,52.1
s2b-r14,4,A,0,s2b-r14-406,0,0,0,0,0,0,1,0,1024,0,32,147,4,0,0,-1,1,147,5,0,2311630,147,0,5,5,332.0,45.5,52.1
s2b-r14,4,A,0,s2b-r14-407,0,0,0,0,0,0,1,0,1024,0,2,129,1,0,0,-1,5,129,1,0,2017561,109,0,1,1,44.0,45.5,52.1
s2b-r14,4,A,0,s2b-r14-408,0,0,0,0,0,0,1,0,1024,0,2,165,-1,0,0,-1,1,165,1,2,2593422,165,0,1,1,35.0,45.5,52.1
s2b-r14,4,A,0,s2b-r14-409,0,0,0,0,0,0,1,0,1024,0,1,95,0,0,0,-1,1,95,0,0,1487518,3,0,0,5,178.0,45.5,52.1
s2b-r14,4,A,0,s2b-r14-410,0,0,0,0,0,0,1,0,1024,0,32,153,-1,0,0,-1,5,153,5,2,2394325,153,0,5,5,115.0,45.5,52.1
s2b-r14,4,A,0,s2b-r14-411,0,0,0,0,0,0,1,0,1024,0,32,92,5,0,0,-1,5,92,5,0,1442832,57,0,5,5,75.0,45.5,52.1
s2b-r14,4,A,0,s2b-r14-412,0,0,0,0,0,0,1,0,1024,0,2,118,-1,0,0,-1,1,118,1,2,1849692,118,0,1,1,105.0,45.5,52.1
s2b-r14,4,A,0,s2b-r14-413,0,0,0,0,0,0,1,0,1024,0,2,73,-1,0,0,-1,1,73,1,2,1154135,118,0,1,1,64.0,45.5,52.1
s2b-r14,4,A,0,s2b-r14-414,0,0,0,0,0,0,1,0,1024,0,16,85,-1,0,0,-1,4,85,4,2,1339065,118,0,4,4,19.0,45.5,52.1
s2b-r14,4,A,0,s2b-r14-415,0,0,0,0,0,0,1,0,1024,0,16,153,-1,0,0,-1,4,153,4,2,2402633,153,0,4,4,23.0,45.5,52.1
s2b-r14,4,A,0,s2b-r14-416,0,0,0,0,0,0,1,0,1024,0,2,157,-1,0,0,-1,1,157,1,2,2461508,157,0,1,1,20.0,45.5,52.1
s2b-r14,4,A,0,s2b-r14-417,0,0,0,0,0,0,1,0,1024,0,2,93,-1,0,0,-1,1,93,1,2,1454310,35,0,1,1,107.0,45.5,52.1
s2b-r14,4,A,0,s2b-r14-418,0,0,0,0,0,0,1,0,1024,0,32,92,-1,0,0,-1,5,92,5,2,1449916,82,0,5,5,110.0,45.5,52.1
s2b-r14,4,A,0,s2b-r14-419,0,0,0,0,0,0,1,0,1024,0,32,62,-1,0,0,-1,5,62,5,2,984040,82,0,5,5,68.0,45.5,52.1
s2b-r14,4,A,0,s2b-r14-420,0,0,0,0,0,0,1,0,1024,0,1,69,0,0,0,-1,5,69,0,0,1085177,80,0,0,0,67.0,45.5,52.1
s2b-r14,4,A,0,s2b-r14-421,0,0,0,0,0,0,1,0,1024,0,2,109,-1,0,0,-1,1,109,1,2,1708794,109,0,1,1,60.0,45.5,52.1
s2b-r14,4,A,0,s2b-r14-422,0,0,0,0,0,0,1,0,1024,0,2,76,-1,0,0,-1,1,76,1,2,1197826,67,0,1,1,106.0,45.5,52.1
s2b-r14,4,A,0,s2b-r14-423,0,0,0,0,0,0,1,0,1024,0,2,61,1,0,0,-1,5,61,5,0,960432,67,0,5,1,39.0,45.5,52.1
s2b-r14,4,A,0,s2b-r14-424,0,0,0,0,0,0,1,0,1024,0,32,155,-1,0,0,-1,5,155,5,2,2423081,155,0,5,5,23.0,45.5,52.1
s2b-r14,4,A,0,s2b-r14-425,0,0,0,0,0,0,1,0,1024,0,16,149,-1,0,0,-1,4,149,4,2,2341543,149,0,4,4,29.0,45.5,52.1
s2b-r14,4,A,0,s2b-r14-426,0,0,0,0,0,0,1,0,1024,0,32,92,0,0,0,-1,4,92,5,0,1447864,94,0,5,5,47.0,45.5,52.1
s2b-r14,4,A,0,s2b-r14-427,0,0,0,0,0,0,1,0,1024,0,32,90,-1,0,0,-1,5,90,5,2,1414612,94,0,5,5,36.0,45.5,52.1
s2b-r14,4,A,0,s2b-r14-428,0,0,0,0,0,0,1,0,1024,0,32,153,-1,0,0,-1,5,153,5,2,2396693,153,0,5,5,104.0,45.5,52.1
s2b-r14,4,A,0,s2b-r14-429,0,0,0,0,0,0,1,0,1024,0,32,91,-1,0,0,-1,5,91,5,2,1422940,93,0,5,5,110.0,45.5,52.1
s2b-r14,4,A,0,s2b-r14-430,0,0,0,0,0,0,1,0,1024,0,32,122,-1,0,0,-1,5,122,5,2,1908448,122,0,5,5,108.0,45.5,52.1
s2b-r14,4,A,0,s2b-r14-431,0,0,0,0,0,0,1,0,1024,0,32,73,-1,0,0,-1,5,73,5,2,1141809,95,0,5,5,79.0,45.5,52.1
s2b-r14,4,A,0,s2b-r14-432,0,0,0,0,0,0,1,0,1024,0,2,122,-1,0,0,-1,1,122,1,2,1910568,122,0,1,1,20.0,45.5,52.1
s2b-r14,4,A,0,s2b-r14-433,0,0,0,0,0,0,1,0,1024,0,2,157,-1,0,0,-1,1,157,1,2,2464322,157,0,1,1,235.0,45.5,52.1
s2b-r14,4,A,0,s2b-r14-434,0,0,0,0,0,0,1,0,1024,0,1,95,0,0,0,-1,1,95,0,0,1484724,90,0,0,0,29.0,45.5,52.1
s2b-r14,4,A,0,s2b-r14-435,0,0,0,0,0,0,1,0,1024,0,16,160,1,0,0,-1,0,160,4,0,2515211,160,0,4,4,39.0,45.5,52.1
s2b-r14,4,A,0,s2b-r14-436,0,0,0,0,0,0,1,0,1024,0,16,153,-1,0,0,-1,4,153,4,2,2395351,160,0,4,4,38.0,45.5,52.1
s2b-r14,4,A,0,s2b-r14-437,0,0,0,0,0,0,1,0,1024,0,2,131,1,0,0,-1,4,131,1,0,2048916,131,0,1,1,47.0,45.5,52.1
s2b-r14,4,A,0,s2b-r14-438,0,0,0,0,0,0,1,0,1024,0,8,157,-1,0,0,-1,3,157,3,2,2459770,157,0,3,3,63.0,45.5,52.1
s2b-r14,4,A,0,s2b-r14-439,0,0,0,0,0,0,1,0,1024,0,8,148,-1,0,0,-1,3,148,3,2,2317726,148,0,3,3,66.0,45.5,52.1
s2b-r14,4,A,0,s2b-r14-440,0,0,0,0,0,0,1,0,1024,0,8,117,-1,0,0,-1,3,117,3,2,1831704,90,0,3,3,103.0,45.5,52.1
s2b-r14,4,A,0,s2b-r14-441,0,0,0,0,0,0,1,0,1024,0,8,123,-1,0,0,-1,3,123,3,2,1935628,123,0,3,3,28.0,45.5,52.1
s2b-r14,4,A,0,s2b-r14-442,0,0,0,0,0,0,1,0,1024,0,8,147,-1,0,0,-1,3,147,3,2,2303873,147,0,3,3,40.0,45.5,52.1
s2b-r14,4,A,0,s2b-r14-443,0,0,0,0,0,0,1,0,1024,0,8,147,-1,0,0,-1,3,147,3,2,2298909,147,0,3,3,30.0,45.5,52.1
s2b-r14,4,A,0,s2b-r14-444,0,0,0,0,0,0,1,0,1024,0,8,89,-1,0,0,-1,3,89,3,2,1397123,80,0,3,3,75.0,45.5,52.1
s2b-r14,4,A,0,s2b-r14-445,0,0,0,0,0,0,1,0,1024,0,16,108,4,0,0,-1,3,108,4,0,1687808,108,0,4,4,131.0,45.5,52.1
s2b-r14,4,A,0,s2b-r14-446,0,0,0,0,0,0,1,0,1024,0,2,71,-1,0,0,-1,1,71,1,2,1118718,3,0,1,1,23.0,45.5,52.1
s2b-r14,4,A,0,s2b-r14-447,0,0,0,0,0,0,1,0,1024,0,16,149,0,0,0,-1,1,149,4,0,2335312,190,0,4,4,28.0,45.5,52.1
s2b-r14,4,A,0,s2b-r14-448,0,0,0,0,0,0,1,0,1024,0,16,99,-1,0,0,-1,4,99,4,2,1552986,94,0,4,4,26.0,45.5,52.1
s2b-r14,4,A,0,s2b-r14-449,0,0,0,0,0,0,1,0,1024,0,16,152,-1,0,0,-1,4,152,4,2,2388916,152,0,4,4,44.0,45.5,52.1
s2b-r14,4,A,0,s2b-r14-450,0,0,0,0,0,0,1,0,1024,0,2,139,-1,0,0,-1,1,139,1,2,2171960,152,0,1,1,15.0,45.5,52.1
s2b-r14,4,A,0,s2b-r14-451,0,0,0,0,0,0,1,0,1024,0,2,93,-1,0,0,-1,1,93,1,2,1466240,90,0,1,1,27.0,45.5,52.1
s2b-r14,4,A,0,s2b-r14-452,0,0,0,0,0,0,1,0,1024,0,2,89,-1,0,0,-1,1,89,1,2,1402867,97,0,1,1,64.0,45.5,52.1
s2b-r14,4,A,0,s2b-r14-453,0,0,0,0,0,0,1,0,1024,0,32,79,0,0,0,-1,1,79,5,0,1240729,97,0,5,5,41.0,45.5,52.1
s2b-r14,4,A,0,s2b-r14-454,0,0,0,0,0,0,1,0,1024,0,32,156,-1,0,0,-1,5,156,5,2,2446107,156,0,5,5,17.0,45.5,52.1
s2b-r14,4,A,0,s2b-r14-455,0,0,0,0,0,0,1,0,1024,0,16,121,4,0,0,-1,5,121,5,0,1905136,121,0,5,0,77.0,45.5,52.1
s2b-r14,4,A,0,s2b-r14-456,0,0,0,0,0,0,1,0,1024,0,1,92,-1,0,0,-1,0,92,0,2,1445571,26,0,0,0,25.0,45.5,52.1
s2b-r14,4,A,0,s2b-r14-457,0,0,0,0,0,0,1,0,1024,0,32,158,1,0,0,-1,0,158,5,0,2471819,158,0,5,5,83.0,45.5,52.1
s2b-r14,4,A,0,s2b-r14-458,0,0,0,0,0,0,1,0,1024,0,2,137,1,0,0,-1,5,137,5,0,2142288,137,0,5,5,2633.0,45.5,52.1
s2b-r14,4,A,0,s2b-r14-459,0,0,0,0,0,0,1,0,1024,0,32,100,-1,0,0,-1,5,100,5,2,1571519,88,0,5,5,40.0,45.5,52.1
s2b-r14,4,A,0,s2b-r14-460,0,0,0,0,0,0,1,0,1024,0,2,97,1,0,0,-1,0,97,1,0,1519741,83,0,1,1,136.0,45.5,52.1
s2b-r14,4,A,0,s2b-r14-461,0,0,0,0,0,0,1,0,1024,0,16,79,-1,0,0,-1,4,79,4,2,1240615,83,0,4,4,79.0,45.5,52.1
s2b-r14,4,A,0,s2b-r14-462,0,0,0,0,0,0,1,0,1024,0,16,121,-1,0,0,-1,4,121,4,2,1900222,121,0,4,4,39.0,45.5,52.1
s2b-r14,4,A,0,s2b-r14-463,0,0,0,0,0,0,1,0,1024,0,32,150,-1,0,0,-1,5,150,5,2,2352101,150,0,5,5,68.0,45.5,52.1
s2b-r14,4,A,0,s2b-r14-464,0,0,0,0,0,0,1,0,1024,0,16,85,1,0,0,-1,5,85,4,0,1329497,5,0,4,4,48.0,45.5,52.1
s2b-r14,4,A,0,s2b-r14-465,0,0,0,0,0,0,1,0,1024,0,16,149,-1,0,0,-1,4,149,4,2,2343016,150,0,4,4,31.0,45.5,52.1
s2b-r14,4,A,0,s2b-r14-466,0,0,0,0,0,0,1,0,1024,0,32,209,-1,0,0,-1,5,209,5,2,3280825,209,0,5,5,17.0,45.5,52.1
s2b-r14,4,A,0,s2b-r14-467,0,0,0,0,0,0,1,0,1024,0,32,102,-1,0,0,-1,5,102,5,2,1607391,90,0,5,5,42.0,45.5,52.1
s2b-r14,4,A,0,s2b-r14-468,0,0,0,0,0,0,1,0,1024,0,32,148,-1,0,0,-1,5,148,5,2,2321801,148,0,5,5,110.0,45.5,52.1
s2b-r14,4,A,0,s2b-r14-469,0,0,0,0,0,0,1,0,1024,0,32,89,-1,0,0,-1,5,89,5,2,1398479,53,0,5,5,107.0,45.5,52.1
s2b-r15,4,A,0,s2b-r15-0,0,0,0,0,0,0,1,0,1024,0,16,133,-1,0,0,-1,4,133,4,2,2085521,185,0,4,4,31.0,43.2,55.6
s2b-r15,4,A,0,s2b-r15-1,0,0,0,0,0,0,1,0,1024,0,2,152,0,0,0,-1,4,152,1,0,2376419,185,0,1,1,32.0,43.2,55.6
s2b-r15,4,A,0,s2b-r15-2,0,0,0,0,0,0,1,0,1024,0,2,147,-1,0,0,-1,1,147,1,2,2305583,147,0,1,1,33.0,43.2,55.6
s2b-r15,4,A,0,s2b-r15-3,0,0,0,0,0,0,1,0,1024,0,2,116,-1,0,0,-1,1,116,1,2,1814715,90,0,1,1,102.0,43.2,55.6
s2b-r15,4,A,0,s2b-r15-4,0,0,0,0,0,0,1,0,1024,0,32,61,-1,0,0,-1,5,61,5,2,968491,34,0,5,5,44.0,43.2,55.6
s2b-r15,4,A,0,s2b-r15-5,0,0,0,0,0,0,1,0,1024,0,32,74,-1,0,0,-1,5,74,5,2,1164720,74,0,5,5,47.0,43.2,55.6
s2b-r15,4,A,0,s2b-r15-6,0,0,0,0,0,0,1,0,1024,0,2,150,1,0,0,-1,5,150,1,0,2351055,150,0,1,1,83.0,43.2,55.6
s2b-r15,4,A,0,s2b-r15-7,0,0,0,0,0,0,1,0,1024,0,2,98,-1,0,0,-1,1,98,1,2,1546343,61,0,1,1,170.0,43.2,55.6
s2b-r15,4,A,0,s2b-r15-8,0,0,0,0,0,0,1,0,1024,0,16,110,4,0,0,-1,4,110,4,0,1729368,110,0,4,4,104.0,43.2,55.6
s2b-r15,4,A,0,s2b-r15-9,0,0,0,0,0,0,1,0,1024,0,32,169,-1,0,0,-1,5,169,5,2,2654693,169,0,5,5,26.0,43.2,55.6
s2b-r15,4,A,0,s2b-r15-10,0,0,0,0,0,0,1,0,1024,0,2,155,-1,0,0,-1,1,155,1,2,2430483,169,0,1,1,22.0,43.2,55.6
s2b-r15,4,A,0,s2b-r15-11,0,0,0,0,0,0,1,0,1024,0,32,155,-1,0,0,-1,5,155,5,2,2433091,155,0,5,5,60.0,43.2,55.6
s2b-r15,4,A,0,s2b-r15-12,0,0,0,0,0,0,1,0,1024,0,32,128,-1,0,0,-1,5,128,5,2,2015513,110,0,5,5,16.0,43.2,55.6
s2b-r15,4,A,0,s2b-r15-13,0,0,0,0,0,0,1,0,1024,0,32,94,-1,0,0,-1,5,94,5,2,1468954,53,0,5,5,60.0,43.2,55.6
s2b-r15,4,A,0,s2b-r15-14,0,0,0,0,0,0,1,0,1024,0,32,149,-1,0,0,-1,5,149,5,2,2340548,149,0,5,5,61.0,43.2,55.6
s2b-r15,4,A,0,s2b-r15-15,0,0,0,0,0,0,1,0,1024,0,32,149,-1,0,0,-1,5,149,5,2,2341753,149,0,5,5,16.0,43.2,55.6
s2b-r15,4,A,0,s2b-r15-16,0,0,0,0,0,0,1,0,1024,0,16,149,1,0,0,-1,5,149,4,0,2335329,149,0,4,4,31.0,43.2,55.6
s2b-r15,4,A,0,s2b-r15-17,0,0,0,0,0,0,1,0,1024,0,16,121,-1,0,0,-1,4,121,4,2,1905051,23,0,4,4,20.0,43.2,55.6
s2b-r15,4,A,0,s2b-r15-18,0,0,0,0,0,0,1,0,1024,0,2,154,-1,0,0,-1,1,154,1,2,2409401,154,0,1,1,14.0,43.2,55.6
s2b-r15,4,A,0,s2b-r15-19,0,0,0,0,0,0,1,0,1024,0,2,92,-1,0,0,-1,1,92,1,2,1450638,87,0,1,1,103.0,43.2,55.6
s2b-r15,4,A,0,s2b-r15-20,0,0,0,0,0,0,1,0,1024,0,2,96,1,0,0,-1,5,96,1,0,1502178,96,0,1,1,42.0,43.2,55.6
s2b-r15,4,A,0,s2b-r15-21,0,0,0,0,0,0,1,0,1024,0,32,164,0,0,0,-1,4,164,5,0,2565943,164,0,5,5,35.0,43.2,55.6
s2b-r15,4,A,0,s2b-r15-22,0,0,0,0,0,0,1,0,1024,0,32,93,-1,0,0,-1,5,93,5,2,1462836,75,0,5,5,35.0,43.2,55.6
s2b-r15,4,A,0,s2b-r15-23,0,0,0,0,0,0,1,0,1024,0,32,149,-1,0,0,-1,5,149,5,2,2339614,164,0,5,5,49.0,43.2,55.6
s2b-r15,4,A,0,s2b-r15-24,0,0,0,0,0,0,1,0,1024,0,2,150,1,0,0,-1,5,150,1,0,2351933,164,0,1,1,82.0,43.2,55.6
s2b-r15,4,A,0,s2b-r15-25,0,0,0,0,0,0,1,0,1024,0,16,105,-1,0,0,-1,4,105,4,2,1643694,87,0,4,4,84.0,43.2,55.6
s2b-r15,4,A,0,s2b-r15-26,0,0,0,0,0,0,1,0,1024,0,16,92,-1,0,0,-1,4,92,4,2,1443687,78,0,4,4,52.0,43.2,55.6
s2b-r15,4,A,0,s2b-r15-27,0,0,0,0,0,0,1,0,1024,0,2,106,1,0,0,-1,4,106,4,0,1665686,106,0,4,5,171.0,43.2,55.6
s2b-r15,4,A,0,s2b-r15-28,0,0,0,0,0,0,1,0,1024,0,16,77,4,0,0,-1,5,77,4,0,1205817,106,0,4,4,30.0,43.2,55.6
s2b-r15,4,A,0,s2b-r15-29,0,0,0,0,0,0,1,0,1024,0,16,177,-1,0,0,-1,4,177,4,2,2777627,177,0,4,4,20.0,43.2,55.6
s2b-r15,4,A,0,s2b-r15-30,0,0,0,0,0,0,1,0,1024,0,16,96,-1,0,0,-1,4,96,4,2,1508594,83,0,4,4,55.0,43.2,55.6
s2b-r15,4,A,0,s2b-r15-31,0,0,0,0,0,0,1,0,1024,0,16,95,-1,0,0,-1,4,95,4,2,1493523,83,0,4,4,102.0,43.2,55.6
s2b-r15,4,A,0,s2b-r15-32,0,0,0,0,0,0,1,0,1024,0,1,61,0,0,0,-1,3,61,3,0,954988,18,0,0,0,180.0,43.2,55.6
s2b-r15,4,A,0,s2b-r15-33,0,0,0,0,0,0,1,0,1024,0,32,76,-1,0,0,-1,5,76,5,2,1187869,76,0,5,5,59.0,43.2,55.6
s2b-r15,4,A,0,s2b-r15-34,0,0,0,0,0,0,1,0,1024,0,32,69,-1,0,0,-1,5,69,5,2,1091163,46,0,5,5,102.0,43.2,55.6
s2b-r15,4,A,0,s2b-r15-35,0,0,0,0,0,0,1,0,1024,0,32,94,-1,0,0,-1,5,94,5,2,1469125,94,0,5,5,214.0,43.2,55.6
s2b-r15,4,A,0,s2b-r15-36,0,0,0,0,0,0,1,0,1024,0,32,155,-1,0,0,-1,5,155,5,2,2426424,155,0,5,5,77.0,43.2,55.6
s2b-r15,4,A,0,s2b-r15-37,0,0,0,0,0,0,1,0,1024,0,32,91,-1,0,0,-1,5,91,5,2,1436268,58,0,5,5,86.0,43.2,55.6
s2b-r15,4,A,0,s2b-r15-38,0,0,0,0,0,0,1,0,1024,0,16,91,-1,0,0,-1,4,91,4,2,1434451,109,0,4,4,52.0,43.2,55.6
s2b-r15,4,A,0,s2b-r15-39,0,0,0,0,0,0,1,0,1024,0,32,64,5,0,0,-1,4,64,5,0,1015223,109,0,5,5,24.0,43.2,55.6
s2b-r15,4,A,0,s2b-r15-40,0,0,0,0,0,0,1,0,1024,0,32,149,-1,0,0,-1,5,149,5,2,2330258,149,0,5,5,24.0,43.2,55.6
s2b-r15,4,A,0,s2b-r15-41,0,0,0,0,0,0,1,0,1024,0,32,119,-1,0,0,-1,5,119,5,2,1863308,119,0,5,5,54.0,43.2,55.6
s2b-r15,4,A,0,s2b-r15-42,0,0,0,0,0,0,1,0,1024,0,32,146,-1,0,0,-1,5,146,5,2,2289667,146,0,5,5,24.0,43.2,55.6
s2b-r15,4,A,0,s2b-r15-43,0,0,0,0,0,0,1,0,1024,0,32,153,-1,0,0,-1,5,153,5,2,2404730,153,0,5,5,40.0,43.2,55.6
s2b-r15,4,A,0,s2b-r15-44,0,0,0,0,0,0,1,0,1024,0,16,154,-1,0,0,-1,4,154,4,2,2409874,154,0,4,4,51.0,43.2,55.6
s2b-r15,4,A,0,s2b-r15-45,0,0,0,0,0,0,1,0,1024,0,16,146,-1,0,0,-1,4,146,4,2,2294625,154,0,4,4,105.0,43.2,55.6
s2b-r15,4,A,0,s2b-r15-46,0,0,0,0,0,0,1,0,1024,0,2,90,0,0,0,-1,4,90,1,0,1419491,40,0,1,1,108.0,43.2,55.6
s2b-r15,4,A,0,s2b-r15-47,0,0,0,0,0,0,1,0,1024,0,32,93,1,0,0,-1,0,93,5,0,1454068,93,0,5,5,155.0,43.2,55.6
s2b-r15,4,A,0,s2b-r15-48,0,0,0,0,0,0,1,0,1024,0,32,149,-1,0,0,-1,5,149,5,2,2342920,149,0,5,5,29.0,43.2,55.6
s2b-r15,4,A,0,s2b-r15-49,0,0,0,0,0,0,1,0,1024,0,1,150,0,0,0,-1,5,150,0,0,2353795,150,0,0,0,31.0,43.2,55.6
s2b-r15,4,A,0,s2b-r15-50,0,0,0,0,0,0,1,0,1024,0,32,158,-1,0,0,-1,5,158,5,2,2482144,158,0,5,5,20.0,43.2,55.6
s2b-r15,4,A,0,s2b-r15-51,0,0,0,0,0,0,1,0,1024,0,32,150,-1,0,0,-1,5,150,5,2,2353600,158,0,5,5,24.0,43.2,55.6
s2b-r15,4,A,0,s2b-r15-52,0,0,0,0,0,0,1,0,1024,0,32,122,-1,0,0,-1,5,122,5,2,1907048,93,0,5,5,78.0,43.2,55.6
s2b-r15,4,A,0,s2b-r15-53,0,0,0,0,0,0,1,0,1024,0,32,90,-1,0,0,-1,5,90,5,2,1415770,78,0,5,5,77.0,43.2,55.6
s2b-r15,4,A,0,s2b-r15-54,0,0,0,0,0,0,1,0,1024,0,32,103,4,0,0,-1,5,103,5,0,1624667,103,0,5,0,319.0,43.2,55.6
s2b-r15,4,A,0,s2b-r15-55,0,0,0,0,0,0,1,0,1024,0,1,77,0,0,0,-1,4,77,0,0,1212008,78,0,0,0,61.0,43.2,55.6
s2b-r15,4,A,0,s2b-r15-56,0,0,0,0,0,0,1,0,1024,0,1,85,-1,0,0,-1,0,85,0,2,1328137,81,0,0,0,42.0,43.2,55.6
s2b-r15,4,A,0,s2b-r15-57,0,0,0,0,0,0,1,0,1024,0,32,80,5,0,0,-1,0,80,0,0,1250103,80,0,0,5,76.0,43.2,55.6
s2b-r15,4,A,0,s2b-r15-58,0,0,0,0,0,0,1,0,1024,0,16,107,4,0,0,-1,5,107,5,0,1678762,107,0,5,5,153.0,43.2,55.6
s2b-r15,4,A,0,s2b-r15-59,0,0,0,0,0,0,1,0,1024,0,1,112,-1,0,0,-1,0,112,0,2,1756876,112,0,0,0,44.0,43.2,55.6
s2b-r15,4,A,0,s2b-r15-60,0,0,0,0,0,0,1,0,1024,0,1,162,-1,0,0,-1,0,162,0,2,2537218,162,0,0,0,27.0,43.2,55.6
s2b-r15,4,A,0,s2b-r15-61,0,0,0,0,0,0,1,0,1024,0,16,155,-1,0,0,-1,4,155,4,2,2428316,162,0,4,4,66.0,43.2,55.6
s2b-r15,4,A,0,s2b-r15-62,0,0,0,0,0,0,1,0,1024,0,16,94,-1,0,0,-1,4,94,4,2,1472078,16,0,4,4,107.0,43.2,55.6
s2b-r15,4,A,0,s2b-r15-63,0,0,0,0,0,0,1,0,1024,0,32,62,-1,0,0,-1,5,62,5,2,983063,22,0,5,5,68.0,43.2,55.6
s2b-r15,4,A,0,s2b-r15-64,0,0,0,0,0,0,1,0,1024,0,32,66,-1,0,0,-1,5,66,5,2,1039632,24,0,5,5,59.0,43.2,55.6
s2b-r15,4,A,0,s2b-r15-65,0,0,0,0,0,0,1,0,1024,0,32,84,-1,0,0,-1,5,84,5,2,1314124,84,0,5,5,82.0,43.2,55.6
s2b-r15,4,A,0,s2b-r15-66,0,0,0,0,0,0,1,0,1024,0,32,63,-1,0,0,-1,5,63,5,2,995646,125,0,5,5,78.0,43.2,55.6
s2b-r15,4,A,0,s2b-r15-67,0,0,0,0,0,0,1,0,1024,0,2,64,0,0,0,-1,4,64,1,0,1000142,125,0,1,1,61.0,43.2,55.6
s2b-r15,4,A,0,s2b-r15-68,0,0,0,0,0,0,1,0,1024,0,1,77,0,0,0,-1,1,77,0,0,1209676,77,0,0,0,59.0,43.2,55.6
s2b-r15,4,A,0,s2b-r15-69,0,0,0,0,0,0,1,0,1024,0,32,151,-1,0,0,-1,5,151,5,2,2373353,151,0,5,5,18.0,43.2,55.6
s2b-r15,4,A,0,s2b-r15-70,0,0,0,0,0,0,1,0,1024,0,2,156,-1,0,0,-1,1,156,1,2,2451574,156,0,1,1,17.0,43.2,55.6
s2b-r15,4,A,0,s2b-r15-71,0,0,0,0,0,0,1,0,1024,0,2,107,-1,0,0,-1,1,107,1,2,1676555,77,0,1,1,101.0,43.2,55.6
s2b-r15,4,A,0,s2b-r15-72,0,0,0,0,0,0,1,0,1024,0,2,91,-1,0,0,-1,1,91,1,2,1432102,89,0,1,1,111.0,43.2,55.6
s2b-r15,4,A,0,s2b-r15-73,0,0,0,0,0,0,1,0,1024,0,2,117,-1,0,0,-1,1,117,1,2,1835007,117,0,1,1,106.0,43.2,55.6
s2b-r15,4,A,0,s2b-r15-74,0,0,0,0,0,0,1,0,1024,0,32,76,-1,0,0,-1,5,76,5,2,1193403,58,0,5,5,64.0,43.2,55.6
s2b-r15,4,A,0,s2b-r15-75,0,0,0,0,0,0,1,0,1024,0,16,110,-1,0,0,-1,4,110,4,2,1727120,110,0,4,4,78.0,43.2,55.6
s2b-r15,4,A,0,s2b-r15-76,0,0,0,0,0,0,1,0,1024,0,16,115,-1,0,0,-1,4,115,4,2,1809177,115,0,4,4,44.0,43.2,55.6
s2b-r15,4,A,0,s2b-r15-77,0,0,0,0,0,0,1,0,1024,0,16,155,-1,0,0,-1,4,155,4,2,2426677,155,0,4,4,34.0,43.2,55.6
s2b-r15,4,A,0,s2b-r15-78,0,0,0,0,0,0,1,0,1024,0,16,149,-1,0,0,-1,4,149,4,2,2343643,155,0,4,4,54.0,43.2,55.6
s2b-r15,4,A,0,s2b-r15-79,0,0,0,0,0,0,1,0,1024,0,16,133,-1,0,0,-1,4,133,4,2,2078367,155,0,4,4,20.0,43.2,55.6
s2b-r15,4,A,0,s2b-r15-80,0,0,0,0,0,0,1,0,1024,0,16,153,4,0,0,-1,5,153,5,0,2392143,155,0,5,1,87.0,43.2,55.6
s2b-r15,4,A,0,s2b-r15-81,0,0,0,0,0,0,1,0,1024,0,16,92,0,0,0,-1,5,92,4,0,1449816,2,0,4,4,44.0,43.2,55.6
s2b-r15,4,A,0,s2b-r15-82,0,0,0,0,0,0,1,0,1024,0,16,160,1,0,0,-1,0,160,4,0,2507684,160,0,4,4,240.0,43.2,55.6
s2b-r15,4,A,0,s2b-r15-83,0,0,0,0,0,0,1,0,1024,0,16,94,-1,0,0,-1,4,94,4,2,1474841,45,0,4,4,116.0,43.2,55.6
s2b-r15,4,A,0,s2b-r15-84,0,0,0,0,0,0,1,0,1024,0,16,95,-1,0,0,-1,4,95,4,2,1491911,95,0,4,4,186.0,43.2,55.6
s2b-r15,4,A,0,s2b-r15-85,0,0,0,0,0,0,1,0,1024,0,2,73,-1,0,0,-1,1,73,1,2,1141029,57,0,1,1,18.0,43.2,55.6
s2b-r15,4,A,0,s2b-r15-86,0,0,0,0,0,0,1,0,1024,0,2,148,-1,0,0,-1,1,148,1,2,2321196,148,0,1,1,29.0,43.2,55.6
s2b-r15,4,A,0,s2b-r15-87,0,0,0,0,0,0,1,0,1024,0,2,69,-1,0,0,-1,1,69,1,2,1085814,14,0,1,1,77.0,43.2,55.6
s2b-r15,4,A,0,s2b-r15-88,0,0,0,0,0,0,1,0,1024,0,32,75,0,0,0,-1,4,75,5,0,1180213,75,0,5,5,42.0,43.2,55.6
s2b-r15,4,A,0,s2b-r15-89,0,0,0,0,0,0,1,0,1024,0,32,64,-1,0,0,-1,5,64,5,2,1009231,94,0,5,5,25.0,43.2,55.6
s2b-r15,4,A,0,s2b-r15-90,0,0,0,0,0,0,1,0,1024,0,16,149,0,0,0,-1,5,149,4,0,2341523,149,0,4,4,29.0,43.2,55.6
s2b-r15,4,A,0,s2b-r15-91,0,0,0,0,0,0,1,0,1024,0,16,151,-1,0,0,-1,4,151,4,2,2369840,151,0,4,4,42.0,43.2,55.6
s2b-r15,4,A,0,s2b-r15-92,0,0,0,0,0,0,1,0,1024,0,16,103,-1,0,0,-1,4,103,4,2,1617007,73,0,4,4,26.0,43.2,55.6
s2b-r15,4,A,0,s2b-r15-93,0,0,0,0,0,0,1,0,1024,0,16,91,-1,0,0,-1,4,91,4,2,1437259,73,0,4,4,51.0,43.2,55.6
s2b-r15,4,A,0,s2b-r15-94,0,0,0,0,0,0,1,0,1024,0,32,83,-1,0,0,-1,5,83,5,2,1309658,83,0,5,5,65.0,43.2,55.6
s2b-r15,4,A,0,s2b-r15-95,0,0,0,0,0,0,1,0,1024,0,32,64,-1,0,0,-1,5,64,5,2,1004249,33,0,5,5,44.0,43.2,55.6
s2b-r15,4,A,0,s2b-r15-96,0,0,0,0,0,0,1,0,1024,0,1,152,0,0,0,-1,5,152,0,0,2381179,152,0,0,0,61.0,43.2,55.6
s2b-r15,4,A,0,s2b-r15-97,0,0,0,0,0,0,1,0,1024,0,2,150,1,0,0,-1,5,150,5,0,2356748,152,0,5,1,105.0,43.2,55.6
s2b-r15,4,A,0,s2b-r15-98,0,0,0,0,0,0,1,0,1024,0,1,155,0,0,0,-1,4,155,0,0,2431239,155,0,0,0,58.0,43.2,55.6
s2b-r15,4,A,0,s2b-r15-99,0,0,0,0,0,0,1,0,1024,0,32,123,5,0,0,-1,0,123,5,0,1923104,26,0,5,5,24.0,43.2,55.6
s2b-r15,4,A,0,s2b-r15-100,0,0,0,0,0,0,1,0,1024,0,1,201,-1,0,0,-1,0,201,0,2,3150836,201,0,0,0,13.0,43.2,55.6
s2b-r15,4,A,0,s2b-r15-101,0,0,0,0,0,0,1,0,1024,0,1,103,0,0,0,-1,4,103,0,0,1613965,81,0,0,0,61.0,43.2,55.6
s2b-r15,4,A,0,s2b-r15-102,0,0,0,0,0,0,1,0,1024,0,1,106,-1,0,0,-1,0,106,0,2,1663001,97,0,0,0,16.0,43.2,55.6
s2b-r15,4,A,0,s2b-r15-103,0,0,0,0,0,0,1,0,1024,0,1,80,-1,0,0,-1,0,80,0,2,1261690,81,0,0,0,52.0,43.2,55.6
s2b-r15,4,A,0,s2b-r15-104,0,0,0,0,0,0,1,0,1024,0,16,112,-1,0,0,-1,4,112,4,2,1762019,112,0,4,4,27.0,43.2,55.6
s2b-r15,4,A,0,s2b-r15-105,0,0,0,0,0,0,1,0,1024,0,4,109,2,0,0,-1,4,109,2,0,1706321,109,0,2,2,35.0,43.2,55.6
s2b-r15,4,A,0,s2b-r15-106,0,0,0,0,0,0,1,0,1024,0,1,82,0,0,0,-1,2,82,0,0,1291205,17,0,0,0,48.0,43.2,55.6
s2b-r15,4,A,0,s2b-r15-107,0,0,0,0,0,0,1,0,1024,0,1,168,-1,0,0,-1,0,168,0,2,2632170,168,0,0,0,46.0,43.2,55.6
s2b-r15,4,A,0,s2b-r15-108,0,0,0,0,0,0,1,0,1024,0,16,157,4,0,0,-1,0,157,4,0,2465833,168,0,4,4,44.0,43.2,55.6
s2b-r15,4,A,0,s2b-r15-109,0,0,0,0,0,0,1,0,1024,0,32,130,-1,0,0,-1,5,130,5,2,2041366,168,0,5,5,81.0,43.2,55.6
s2b-r15,4,A,0,s2b-r15-110,0,0,0,0,0,0,1,0,1024,0,32,99,-1,0,0,-1,5,99,5,2,1556787,99,0,5,5,160.0,43.2,55.6
s2b-r15,4,A,0,s2b-r15-111,0,0,0,0,0,0,1,0,1024,0,16,88,-1,0,0,-1,4,88,4,2,1390411,52,0,4,4,57.0,43.2,55.6
s2b-r15,4,A,0,s2b-r15-112,0,0,0,0,0,0,1,0,1024,0,32,99,4,0,0,-1,1,99,5,0,1548184,99,0,5,5,66.0,43.2,55.6
s2b-r15,4,A,0,s2b-r15-113,0,0,0,0,0,0,1,0,1024,0,32,126,-1,0,0,-1,5,126,5,2,1971797,126,0,5,5,38.0,43.2,55.6
s2b-r15,4,A,0,s2b-r15-114,0,0,0,0,0,0,1,0,1024,0,32,108,-1,0,0,-1,5,108,5,2,1687544,108,0,5,5,54.0,43.2,55.6
s2b-r15,4,A,0,s2b-r15-115,0,0,0,0,0,0,1,0,1024,0,32,85,-1,0,0,-1,5,85,5,2,1342366,83,0,5,5,32.0,43.2,55.6
s2b-r15,4,A,0,s2b-r15-116,0,0,0,0,0,0,1,0,1024,0,32,82,-1,0,0,-1,5,82,5,2,1283591,70,0,5,5,80.0,43.2,55.6
s2b-r15,4,A,0,s2b-r15-117,0,0,0,0,0,0,1,0,1024,0,32,76,-1,0,0,-1,5,76,5,2,1190827,54,0,5,5,73.0,43.2,55.6
s2b-r15,4,A,0,s2b-r15-118,0,0,0,0,0,0,1,0,1024,0,32,67,-1,0,0,-1,5,67,5,2,1060092,61,0,5,5,72.0,43.2,55.6
s2b-r15,4,A,0,s2b-r15-119,0,0,0,0,0,0,1,0,1024,0,2,71,0,0,0,-1,5,71,1,0,1111253,54,0,1,1,45.0,43.2,55.6
s2b-r15,4,A,0,s2b-r15-120,0,0,0,0,0,0,1,0,1024,0,32,180,-1,0,0,-1,5,180,5,2,2814255,180,0,5,5,43.0,43.2,55.6
s2b-r15,4,A,0,s2b-r15-121,0,0,0,0,0,0,1,0,1024,0,32,95,-1,0,0,-1,5,95,5,2,1495394,17,0,5,5,43.0,43.2,55.6
s2b-r15,4,A,0,s2b-r15-122,0,0,0,0,0,0,1,0,1024,0,16,96,4,0,0,-1,5,96,4,0,1501744,41,0,4,4,64.0,43.2,55.6
s2b-r15,4,A,0,s2b-r15-123,0,0,0,0,0,0,1,0,1024,0,2,79,-1,0,0,-1,1,79,1,2,1237590,83,0,1,1,32.0,43.2,55.6
s2b-r15,4,A,0,s2b-r15-124,0,0,0,0,0,0,1,0,1024,0,2,149,-1,0,0,-1,1,149,1,2,2334495,149,0,1,1,104.0,43.2,55.6
s2b-r15,4,A,0,s2b-r15-125,0,0,0,0,0,0,1,0,1024,0,2,92,-1,0,0,-1,1,92,1,2,1447743,83,0,1,1,107.0,43.2,55.6
s2b-r15,4,A,0,s2b-r15-126,0,0,0,0,0,0,1,0,1024,0,16,91,4,0,0,-1,1,91,4,0,1424320,88,0,4,4,66.0,43.2,55.6
s2b-r15,4,A,0,s2b-r15-127,0,0,0,0,0,0,1,0,1024,0,16,147,-1,0,0,-1,4,147,4,2,2311457,147,0,4,4,46.0,43.2,55.6
s2b-r15,4,A,0,s2b-r15-128,0,0,0,0,0,0,1,0,1024,0,16,80,-1,0,0,-1,4,80,4,2,1253474,80,0,4,4,74.0,43.2,55.6
s2b-r15,4,A,0,s2b-r15-129,0,0,0,0,0,0,1,0,1024,0,1,93,-1,0,0,-1,0,93,0,2,1456509,80,0,0,0,14.0,43.2,55.6
s2b-r15,4,A,0,s2b-r15-130,0,0,0,0,0,0,1,0,1024,0,32,152,-1,0,0,-1,5,152,5,2,2389121,152,0,5,5,27.0,43.2,55.6
s2b-r15,4,A,0,s2b-r15-131,0,0,0,0,0,0,1,0,1024,0,1,109,0,0,0,-1,5,109,0,0,1713171,109,0,0,0,58.0,43.2,55.6
s2b-r15,4,A,0,s2b-r15-132,0,0,0,0,0,0,1,0,1024,0,32,142,-1,0,0,-1,5,142,5,2,2225062,142,0,5,5,44.0,43.2,55.6
s2b-r15,4,A,0,s2b-r15-133,0,0,0,0,0,0,1,0,1024,0,32,130,-1,0,0,-1,5,130,5,2,2045421,142,0,5,5,79.0,43.2,55.6
s2b-r15,4,A,0,s2b-r15-134,0,0,0,0,0,0,1,0,1024,0,32,114,-1,0,0,-1,5,114,5,2,1795831,114,0,5,5,86.0,43.2,55.6
s2b-r15,4,A,0,s2b-r15-135,0,0,0,0,0,0,1,0,1024,0,32,89,5,0,0,-1,4,89,4,0,1393370,38,0,4,5,59.0,43.2,55.6
s2b-r15,4,A,0,s2b-r15-136,0,0,0,0,0,0,1,0,1024,0,32,85,-1,0,0,-1,5,85,5,2,1340318,22,0,5,5,64.0,43.2,55.6
s2b-r15,4,A,0,s2b-r15-137,0,0,0,0,0,0,1,0,1024,0,1,71,0,0,0,-1,5,71,5,0,1111458,71,0,5,1,175.0,43.2,55.6
s2b-r15,4,A,0,s2b-r15-138,0,0,0,0,0,0,1,0,1024,0,32,68,-1,0,0,-1,5,68,5,2,1063068,41,0,5,5,33.0,43.2,55.6
s2b-r15,4,A,0,s2b-r15-139,0,0,0,0,0,0,1,0,1024,0,32,67,-1,0,0,-1,5,67,5,2,1056205,41,0,5,5,43.0,43.2,55.6
s2b-r15,4,A,0,s2b-r15-140,0,0,0,0,0,0,1,0,1024,0,32,157,-1,0,0,-1,5,157,5,2,2453522,157,0,5,5,50.0,43.2,55.6
s2b-r15,4,A,0,s2b-r15-141,0,0,0,0,0,0,1,0,1024,0,32,146,-1,0,0,-1,5,146,5,2,2288250,146,0,5,5,43.0,43.2,55.6
s2b-r15,4,A,0,s2b-r15-142,0,0,0,0,0,0,1,0,1024,0,1,150,0,0,0,-1,5,150,5,0,2350231,150,0,5,5,152.0,43.2,55.6
s2b-r15,4,A,0,s2b-r15-143,0,0,0,0,0,0,1,0,1024,0,32,157,-1,0,0,-1,5,157,5,2,2460497,157,0,5,5,104.0,43.2,55.6
s2b-r15,4,A,0,s2b-r15-144,0,0,0,0,0,0,1,0,1024,0,32,121,-1,0,0,-1,5,121,5,2,1895697,98,0,5,4,186.0,43.2,55.6
s2b-r15,4,A,0,s2b-r15-145,0,0,0,0,0,0,1,0,1024,0,16,111,-1,0,0,-1,4,111,4,2,1747140,111,0,4,4,106.0,43.2,55.6
s2b-r15,4,A,0,s2b-r15-146,0,0,0,0,0,0,1,0,1024,0,32,72,-1,0,0,-1,5,72,5,2,1127268,50,0,5,5,107.0,43.2,55.6
s2b-r15,4,A,0,s2b-r15-147,0,0,0,0,0,0,1,0,1024,0,8,100,-1,0,0,-1,3,100,3,2,1567267,100,0,3,3,77.0,43.2,55.6
s2b-r15,4,A,0,s2b-r15-148,0,0,0,0,0,0,1,0,1024,0,2,151,1,0,0,-1,3,151,1,0,2372368,151,0,1,1,44.0,43.2,55.6
s2b-r15,4,A,0,s2b-r15-149,0,0,0,0,0,0,1,0,1024,0,2,153,-1,0,0,-1,1,153,1,2,2397691,153,0,1,1,21.0,43.2,55.6
s2b-r15,4,A,0,s2b-r15-150,0,0,0,0,0,0,1,0,1024,0,2,111,-1,0,0,-1,1,111,1,2,1740808,100,0,1,1,26.0,43.2,55.6
s2b-r15,4,A,0,s2b-r15-151,0,0,0,0,0,0,1,0,1024,0,2,150,-1,0,0,-1,1,150,1,2,2349545,150,0,1,1,60.0,43.2,55.6
s2b-r15,4,A,0,s2b-r15-152,0,0,0,0,0,0,1,0,1024,0,2,79,-1,0,0,-1,1,79,1,2,1245380,32,0,1,1,111.0,43.2,55.6
s2b-r15,4,A,0,s2b-r15-153,0,0,0,0,0,0,1,0,1024,0,2,100,-1,0,0,-1,1,100,1,2,1570954,100,0,1,1,53.0,43.2,55.6
s2b-r15,4,A,0,s2b-r15-154,0,0,0,0,0,0,1,0,1024,0,2,70,-1,0,0,-1,1,70,1,2,1094946,100,0,1,1,105.0,43.2,55.6
s2b-r15,4,A,0,s2b-r15-155,0,0,0,0,0,0,1,0,1024,0,2,86,-1,0,0,-1,1,86,1,2,1349918,100,0,1,1,76.0,43.2,55.6
s2b-r15,4,A,0,s2b-r15-156,0,0,0,0,0,0,1,0,1024,0,2,165,-1,0,0,-1,1,165,1,2,2584256,165,0,1,1,32.0,43.2,55.6
s2b-r15,4,A,0,s2b-r15-157,0,0,0,0,0,0,1,0,1024,0,32,170,4,0,0,-1,1,170,5,0,2671368,170,0,5,5,73.0,43.2,55.6
s2b-r15,4,A,0,s2b-r15-158,0,0,0,0,0,0,1,0,1024,0,2,155,0,0,0,-1,4,155,1,0,2433387,165,0,1,1,29.0,43.2,55.6
s2b-r15,4,A,0,s2b-r15-159,0,0,0,0,0,0,1,0,1024,0,32,155,0,0,0,-1,1,155,5,0,2426896,165,0,5,5,25.0,43.2,55.6
s2b-r15,4,A,0,s2b-r15-160,0,0,0,0,0,0,1,0,1024,0,32,159,-1,0,0,-1,5,159,5,2,2499071,152,0,5,5,35.0,43.2,55.6
s2b-r15,4,A,0,s2b-r15-161,0,0,0,0,0,0,1,0,1024,0,16,157,-1,0,0,-1,4,157,4,2,2458899,152,0,4,4,41.0,43.2,55.6
s2b-r15,4,A,0,s2b-r15-162,0,0,0,0,0,0,1,0,1024,0,16,122,-1,0,0,-1,4,122,4,2,1910380,79,0,4,4,78.0,43.2,55.6
s2b-r15,4,A,0,s2b-r15-163,0,0,0,0,0,0,1,0,1024,0,16,62,-1,0,0,-1,4,62,4,2,977223,125,0,4,4,21.0,43.2,55.6
s2b-r15,4,A,0,s2b-r15-164,0,0,0,0,0,0,1,0,1024,0,16,149,-1,0,0,-1,4,149,4,2,2342045,149,0,4,4,82.0,43.2,55.6
s2b-r15,4,A,0,s2b-r15-165,0,0,0,0,0,0,1,0,1024,0,16,150,-1,0,0,-1,4,150,4,2,2343894,150,0,4,4,104.0,43.2,55.6
s2b-r15,4,A,0,s2b-r15-166,0,0,0,0,0,0,1,0,1024,0,16,103,-1,0,0,-1,4,103,4,2,1620515,96,0,4,4,28.0,43.2,55.6
s2b-r15,4,A,0,s2b-r15-167,0,0,0,0,0,0,1,0,1024,0,16,99,-1,0,0,-1,4,99,4,2,1555264,96,0,4,4,27.0,43.2,55.6
s2b-r15,4,A,0,s2b-r15-168,0,0,0,0,0,0,1,0,1024,0,16,150,-1,0,0,-1,4,150,4,2,2351956,150,0,4,4,45.0,43.2,55.6
s2b-r15,4,A,0,s2b-r15-169,0,0,0,0,0,0,1,0,1024,0,8,149,1,0,0,-1,4,149,3,0,2332138,150,0,3,3,41.0,43.2,55.6
s2b-r15,4,A,0,s2b-r15-170,0,0,0,0,0,0,1,0,1024,0,32,152,-1,0,0,-1,5,152,5,2,2376613,152,0,5,5,26.0,43.2,55.6
s2b-r15,4,A,0,s2b-r15-171,0,0,0,0,0,0,1,0,1024,0,2,152,-1,0,0,-1,1,152,1,2,2381494,152,0,1,1,98.0,43.2,55.6
s2b-r15,4,A,0,s2b-r15-172,0,0,0,0,0,0,1,0,1024,0,2,91,-1,0,0,-1,1,91,1,2,1436273,38,0,1,1,81.0,43.2,55.6
s2b-r15,4,A,0,s2b-r15-173,0,0,0,0,0,0,1,0,1024,0,2,91,-1,0,0,-1,1,91,1,2,1435779,84,0,1,1,57.0,43.2,55.6
s2b-r15,4,A,0,s2b-r15-174,0,0,0,0,0,0,1,0,1024,0,16,109,4,0,0,-1,1,109,4,0,1705535,109,0,4,4,104.0,43.2,55.6
s2b-r15,4,A,0,s2b-r15-175,0,0,0,0,0,0,1,0,1024,0,16,79,1,0,0,-1,3,79,4,0,1248868,71,0,4,4,24.0,43.2,55.6
s2b-r15,4,A,0,s2b-r15-176,0,0,0,0,0,0,1,0,1024,0,16,150,-1,0,0,-1,4,150,4,2,2357774,150,0,4,4,19.0,43.2,55.6
s2b-r15,4,A,0,s2b-r15-177,0,0,0,0,0,0,1,0,1024,0,16,157,-1,0,0,-1,4,157,4,2,2454092,157,0,4,4,54.0,43.2,55.6
s2b-r15,4,A,0,s2b-r15-178,0,0,0,0,0,0,1,0,1024,0,16,105,-1,0,0,-1,4,105,4,2,1654701,73,0,4,4,59.0,43.2,55.6
s2b-r15,4,A,0,s2b-r15-179,0,0,0,0,0,0,1,0,1024,0,32,132,5,0,0,-1,5,132,5,0,2077463,132,0,5,5,75.0,43.2,55.6
s2b-r15,4,A,0,s2b-r15-180,0,0,0,0,0,0,1,0,1024,0,32,151,-1,0,0,-1,5,151,5,2,2370565,151,0,5,5,17.0,43.2,55.6
s2b-r15,4,A,0,s2b-r15-181,0,0,0,0,0,0,1,0,1024,0,32,149,-1,0,0,-1,5,149,5,2,2338934,149,0,5,5,100.0,43.2,55.6
s2b-r15,4,A,0,s2b-r15-182,0,0,0,0,0,0,1,0,1024,0,1,116,0,0,0,-1,5,116,5,0,1827148,38,0,5,5,178.0,43.2,55.6
s2b-r15,4,A,0,s2b-r15-183,0,0,0,0,0,0,1,0,1024,0,16,101,-1,0,0,-1,4,101,4,2,1578384,101,0,4,5,143.0,43.2,55.6
s2b-r15,4,A,0,s2b-r15-184,0,0,0,0,0,0,1,0,1024,0,32,94,-1,0,0,-1,5,94,5,2,1482167,94,0,5,5,29.0,43.2,55.6
s2b-r15,4,A,0,s2b-r15-185,0,0,0,0,0,0,1,0,1024,0,2,149,1,0,0,-1,5,149,1,0,2339082,149,0,1,1,166.0,43.2,55.6
s2b-r15,4,A,0,s2b-r15-186,0,0,0,0,0,0,1,0,1024,0,2,166,-1,0,0,-1,1,166,1,2,2603751,166,0,1,1,25.0,43.2,55.6
s2b-r15,4,A,0,s2b-r15-187,0,0,0,0,0,0,1,0,1024,0,4,150,-1,0,0,-1,2,150,2,2,2351874,150,0,2,2,32.0,43.2,55.6
s2b-r15,4,A,0,s2b-r15-188,0,0,0,0,0,0,1,0,1024,0,4,123,-1,0,0,-1,2,123,2,2,1923201,111,0,2,2,20.0,43.2,55.6
s2b-r15,4,A,0,s2b-r15-189,0,0,0,0,0,0,1,0,1024,0,4,147,-1,0,0,-1,2,147,2,2,2307083,147,0,2,2,63.0,43.2,55.6
s2b-r15,4,A,0,s2b-r15-190,0,0,0,0,0,0,1,0,1024,0,16,91,1,0,0,-1,2,91,4,0,1437334,0,0,4,4,23.0,43.2,55.6
s2b-r15,4,A,0,s2b-r15-191,0,0,0,0,0,0,1,0,1024,0,16,159,-1,0,0,-1,4,159,4,2,2484698,159,0,4,4,13.0,43.2,55.6
s2b-r15,4,A,0,s2b-r15-192,0,0,0,0,0,0,1,0,1024,0,2,97,-1,0,0,-1,1,97,1,2,1516531,5,0,1,1,43.0,43.2,55.6
s2b-r15,4,A,0,s2b-r15-193,0,0,0,0,0,0,1,0,1024,0,2,94,-1,0,0,-1,1,94,1,2,1473289,26,0,1,1,26.0,43.2,55.6
s2b-r15,4,A,0,s2b-r15-194,0,0,0,0,0,0,1,0,1024,0,2,156,-1,0,0,-1,1,156,1,2,2447347,156,0,1,1,37.0,43.2,55.6
s2b-r15,4,A,0,s2b-r15-195,0,0,0,0,0,0,1,0,1024,0,16,126,-1,0,0,-1,4,126,4,2,1977970,126,0,4,4,56.0,43.2,55.6
s2b-r15,4,A,0,s2b-r15-196,0,0,0,0,0,0,1,0,1024,0,2,119,1,0,0,-1,4,119,1,0,1874106,126,0,1,1,231.0,43.2,55.6
s2b-r15,4,A,0,s2b-r15-197,0,0,0,0,0,0,1,0,1024,0,2,96,-1,0,0,-1,1,96,1,2,1500599,126,0,1,1,32.0,43.2,55.6
s2b-r15,4,A,0,s2b-r15-198,0,0,0,0,0,0,1,0,1024,0,2,149,-1,0,0,-1,1,149,1,2,2341113,149,0,1,1,28.0,43.2,55.6
s2b-r15,4,A,0,s2b-r15-199,0,0,0,0,0,0,1,0,1024,0,16,95,2,0,0,-1,1,95,4,0,1494179,104,0,4,4,37.0,43.2,55.6
s2b-r15,4,A,0,s2b-r15-200,0,0,0,0,0,0,1,0,1024,0,32,151,5,0,0,-1,4,151,5,0,2369892,151,0,5,4,145.0,43.2,55.6
s2b-r15,4,A,0,s2b-r15-201,0,0,0,0,0,0,1,0,1024,0,32,91,5,0,0,-1,4,91,5,0,1424797,1,0,5,5,125.0,43.2,55.6
s2b-r15,4,A,0,s2b-r15-202,0,0,0,0,0,0,1,0,1024,0,16,91,4,0,0,-1,5,91,5,0,1437106,62,0,5,4,128.0,43.2,55.6
s2b-r15,4,A,0,s2b-r15-203,0,0,0,0,0,0,1,0,1024,0,32,100,-1,0,0,-1,5,100,5,2,1569675,100,0,5,5,47.0,43.2,55.6
s2b-r15,4,A,0,s2b-r15-204,0,0,0,0,0,0,1,0,1024,0,32,136,-1,0,0,-1,5,136,5,2,2136508,136,0,5,5,106.0,43.2,55.6
s2b-r15,4,A,0,s2b-r15-205,0,0,0,0,0,0,1,0,1024,0,32,82,-1,0,0,-1,5,82,5,2,1285478,33,0,5,5,108.0,43.2,55.6
s2b-r15,4,A,0,s2b-r15-206,0,0,0,0,0,0,1,0,1024,0,32,87,-1,0,0,-1,5,87,5,2,1371367,86,0,5,5,90.0,43.2,55.6
s2b-r15,4,A,0,s2b-r15-207,0,0,0,0,0,0,1,0,1024,0,2,64,-1,0,0,-1,1,64,1,2,1014177,86,0,1,1,48.0,43.2,55.6
s2b-r15,4,A,0,s2b-r15-208,0,0,0,0,0,0,1,0,1024,0,2,68,-1,0,0,-1,1,68,1,2,1076408,68,0,1,1,33.0,43.2,55.6
s2b-r15,4,A,0,s2b-r15-209,0,0,0,0,0,0,1,0,1024,0,2,151,-1,0,0,-1,1,151,1,2,2366945,151,0,1,1,39.0,43.2,55.6
s2b-r15,4,A,0,s2b-r15-210,0,0,0,0,0,0,1,0,1024,0,16,150,4,0,0,-1,1,150,4,0,2349204,151,0,4,4,61.0,43.2,55.6
s2b-r15,4,A,0,s2b-r15-211,0,0,0,0,0,0,1,0,1024,0,2,106,-1,0,0,-1,1,106,1,2,1657669,78,0,1,1,47.0,43.2,55.6
s2b-r15,4,A,0,s2b-r15-212,0,0,0,0,0,0,1,0,1024,0,1,91,0,0,0,-1,1,91,0,0,1435685,95,0,0,0,51.0,43.2,55.6
s2b-r15,4,A,0,s2b-r15-213,0,0,0,0,0,0,1,0,1024,0,32,77,5,0,0,-1,0,77,5,0,1205252,95,0,5,5,105.0,43.2,55.6
s2b-r15,4,A,0,s2b-r15-214,0,0,0,0,0,0,1,0,1024,0,2,74,1,0,0,-1,4,74,4,0,1162552,54,0,4,5,158.0,43.2,55.6
s2b-r15,4,A,0,s2b-r15-215,0,0,0,0,0,0,1,0,1024,0,32,100,-1,0,0,-1,5,100,5,2,1572428,100,0,5,5,43.0,43.2,55.6
s2b-r15,4,A,0,s2b-r15-216,0,0,0,0,0,0,1,0,1024,0,32,125,-1,0,0,-1,5,125,5,2,1963330,125,0,5,5,116.0,43.2,55.6
s2b-r15,4,A,0,s2b-r15-217,0,0,0,0,0,0,1,0,1024,0,1,79,0,0,0,-1,5,79,5,0,1242845,124,0,5,1,131.0,43.2,55.6
s2b-r15,4,A,0,s2b-r15-218,0,0,0,0,0,0,1,0,1024,0,32,117,-1,0,0,-1,5,117,5,2,1843333,124,0,5,5,78.0,43.2,55.6
s2b-r15,4,A,0,s2b-r15-219,0,0,0,0,0,0,1,0,1024,0,2,146,-1,0,0,-1,1,146,1,2,2286135,146,0,1,1,28.0,43.2,55.6
s2b-r15,4,A,0,s2b-r15-220,0,0,0,0,0,0,1,0,1024,0,2,115,-1,0,0,-1,1,115,1,2,1797188,115,0,1,1,35.0,43.2,55.6
s2b-r15,4,A,0,s2b-r15-221,0,0,0,0,0,0,1,0,1024,0,2,89,-1,0,0,-1,1,89,1,2,1396335,35,0,1,1,21.0,43.2,55.6
s2b-r15,4,A,0,s2b-r15-222,0,0,0,0,0,0,1,0,1024,0,2,152,-1,0,0,-1,1,152,1,2,2381020,152,0,1,1,36.0,43.2,55.6
s2b-r15,4,A,0,s2b-r15-223,0,0,0,0,0,0,1,0,1024,0,2,109,-1,0,0,-1,1,109,1,2,1703732,109,0,1,1,80.0,43.2,55.6
s2b-r15,4,A,0,s2b-r15-224,0,0,0,0,0,0,1,0,1024,0,1,127,0,0,0,-1,1,127,0,0,1997246,127,0,0,0,129.0,43.2,55.6
s2b-r15,4,A,0,s2b-r15-225,0,0,0,0,0,0,1,0,1024,0,16,84,4,0,0,-1,4,84,4,0,1326456,123,0,4,5,378.0,43.2,55.6
s2b-r15,4,A,0,s2b-r15-226,0,0,0,0,0,0,1,0,1024,0,32,112,-1,0,0,-1,5,112,5,2,1758955,123,0,5,5,47.0,43.2,55.6
s2b-r15,4,A,0,s2b-r15-227,0,0,0,0,0,0,1,0,1024,0,32,84,-1,0,0,-1,5,84,5,2,1324471,84,0,5,5,108.0,43.2,55.6
s2b-r15,4,A,0,s2b-r15-228,0,0,0,0,0,0,1,0,1024,0,32,120,-1,0,0,-1,5,120,5,2,1889013,120,0,5,5,69.0,43.2,55.6
s2b-r15,4,A,0,s2b-r15-229,0,0,0,0,0,0,1,0,1024,0,1,161,-1,0,0,-1,0,161,0,2,2528285,161,0,0,0,20.0,43.2,55.6
s2b-r15,4,A,0,s2b-r15-230,0,0,0,0,0,0,1,0,1024,0,8,155,-1,0,0,-1,3,155,3,2,2425394,161,0,3,3,17.0,43.2,55.6
s2b-r15,4,A,0,s2b-r15-231,0,0,0,0,0,0,1,0,1024,0,2,118,0,0,0,-1,3,118,1,0,1848612,9,0,1,1,23.0,43.2,55.6
s2b-r15,4,A,0,s2b-r15-232,0,0,0,0,0,0,1,0,1024,0,2,152,-1,0,0,-1,1,152,1,2,2381029,152,0,1,1,42.0,43.2,55.6
s2b-r15,4,A,0,s2b-r15-233,0,0,0,0,0,0,1,0,1024,0,2,91,-1,0,0,-1,1,91,1,2,1423680,81,0,1,1,74.0,43.2,55.6
s2b-r15,4,A,0,s2b-r15-234,0,0,0,0,0,0,1,0,1024,0,1,93,-1,0,0,-1,0,93,0,2,1468273,88,0,0,0,104.0,43.2,55.6
s2b-r15,4,A,0,s2b-r15-235,0,0,0,0,0,0,1,0,1024,0,32,64,-1,0,0,-1,5,64,5,2,1014463,79,0,5,5,74.0,43.2,55.6
s2b-r15,4,A,0,s2b-r15-236,0,0,0,0,0,0,1,0,1024,0,8,101,1,0,0,-1,1,101,3,0,1584827,101,0,3,3,188.0,43.2,55.6
s2b-r15,4,A,0,s2b-r15-237,0,0,0,0,0,0,1,0,1024,0,8,150,-1,0,0,-1,3,150,3,2,2349126,150,0,3,3,49.0,43.2,55.6
s2b-r15,4,A,0,s2b-r15-238,0,0,0,0,0,0,1,0,1024,0,8,151,-1,0,0,-1,3,151,3,2,2365191,151,0,3,3,36.0,43.2,55.6
s2b-r15,4,A,0,s2b-r15-239,0,0,0,0,0,0,1,0,1024,0,8,142,-1,0,0,-1,3,142,3,2,2230522,142,0,3,3,29.0,43.2,55.6
s2b-r15,4,A,0,s2b-r15-240,0,0,0,0,0,0,1,0,1024,0,32,102,-1,0,0,-1,5,102,5,2,1600641,102,0,5,5,33.0,43.2,55.6
s2b-r15,4,A,0,s2b-r15-241,0,0,0,0,0,0,1,0,1024,0,2,92,0,0,0,-1,4,92,1,0,1443059,59,0,1,1,42.0,43.2,55.6
s2b-r15,4,A,0,s2b-r15-242,0,0,0,0,0,0,1,0,1024,0,32,83,-1,0,0,-1,5,83,5,2,1304486,5,0,5,5,85.0,43.2,55.6
s2b-r15,4,A,0,s2b-r15-243,0,0,0,0,0,0,1,0,1024,0,16,72,4,0,0,-1,5,72,4,0,1125311,61,0,4,4,288.0,43.2,55.6
s2b-r15,4,A,0,s2b-r15-244,0,0,0,0,0,0,1,0,1024,0,32,139,5,0,0,-1,5,139,5,0,2184516,139,0,5,5,118.0,43.2,55.6
s2b-r15,4,A,0,s2b-r15-245,0,0,0,0,0,0,1,0,1024,0,2,160,1,0,0,-1,5,160,1,0,2506780,160,0,1,1,210.0,43.2,55.6
s2b-r15,4,A,0,s2b-r15-246,0,0,0,0,0,0,1,0,1024,0,16,96,4,0,0,-1,1,96,4,0,1510829,113,0,4,4,228.0,43.2,55.6
s2b-r15,4,A,0,s2b-r15-247,0,0,0,0,0,0,1,0,1024,0,16,93,-1,0,0,-1,4,93,4,2,1466279,72,0,4,4,40.0,43.2,55.6
s2b-r15,4,A,0,s2b-r15-248,0,0,0,0,0,0,1,0,1024,0,16,68,-1,0,0,-1,4,68,4,2,1077624,72,0,4,4,55.0,43.2,55.6
s2b-r15,4,A,0,s2b-r15-249,0,0,0,0,0,0,1,0,1024,0,16,74,-1,0,0,-1,4,74,4,2,1165941,72,0,4,4,69.0,43.2,55.6
s2b-r15,4,A,0,s2b-r15-250,0,0,0,0,0,0,1,0,1024,0,16,118,-1,0,0,-1,4,118,4,2,1854696,118,0,4,4,77.0,43.2,55.6
s2b-r15,4,A,0,s2b-r15-251,0,0,0,0,0,0,1,0,1024,0,16,197,-1,0,0,-1,4,197,4,2,3092993,197,0,4,4,20.0,43.2,55.6
s2b-r15,4,A,0,s2b-r15-252,0,0,0,0,0,0,1,0,1024,0,16,150,-1,0,0,-1,4,150,4,2,2352330,150,0,4,4,27.0,43.2,55.6
s2b-r15,4,A,0,s2b-r15-253,0,0,0,0,0,0,1,0,1024,0,16,149,-1,0,0,-1,4,149,4,2,2330922,149,0,4,4,52.0,43.2,55.6
s2b-r15,4,A,0,s2b-r15-254,0,0,0,0,0,0,1,0,1024,0,16,90,-1,0,0,-1,4,90,4,2,1411067,17,0,4,4,125.0,43.2,55.6
s2b-r15,4,A,0,s2b-r15-255,0,0,0,0,0,0,1,0,1024,0,16,68,-1,0,0,-1,4,68,4,2,1077333,68,0,4,4,62.0,43.2,55.6
s2b-r15,4,A,0,s2b-r15-256,0,0,0,0,0,0,1,0,1024,0,2,132,-1,0,0,-1,1,132,1,2,2076151,132,0,1,1,55.0,43.2,55.6
s2b-r15,4,A,0,s2b-r15-257,0,0,0,0,0,0,1,0,1024,0,2,148,-1,0,0,-1,1,148,1,2,2325993,148,0,1,1,35.0,43.2,55.6
s2b-r15,4,A,0,s2b-r15-258,0,0,0,0,0,0,1,0,1024,0,32,106,-1,0,0,-1,5,106,5,2,1669961,106,0,5,5,40.0,43.2,55.6
s2b-r15,4,A,0,s2b-r15-259,0,0,0,0,0,0,1,0,1024,0,2,60,1,0,0,-1,5,60,1,0,940486,106,0,1,1,59.0,43.2,55.6
s2b-r15,4,A,0,s2b-r15-260,0,0,0,0,0,0,1,0,1024,0,32,68,-1,0,0,-1,5,68,5,2,1074326,39,0,5,5,52.0,43.2,55.6
s2b-r15,4,A,0,s2b-r15-261,0,0,0,0,0,0,1,0,1024,0,32,148,-1,0,0,-1,5,148,5,2,2325993,148,0,5,5,36.0,43.2,55.6
s2b-r15,4,A,0,s2b-r15-262,0,0,0,0,0,0,1,0,1024,0,32,152,-1,0,0,-1,5,152,5,2,2387165,152,0,5,5,57.0,43.2,55.6
s2b-r15,4,A,0,s2b-r15-263,0,0,0,0,0,0,1,0,1024,0,32,103,-1,0,0,-1,5,103,5,2,1614353,102,0,5,5,55.0,43.2,55.6
s2b-r15,4,A,0,s2b-r15-264,0,0,0,0,0,0,1,0,1024,0,32,95,-1,0,0,-1,5,95,5,2,1493331,95,0,5,5,114.0,43.2,55.6
s2b-r15,4,A,0,s2b-r15-265,0,0,0,0,0,0,1,0,1024,0,32,97,-1,0,0,-1,5,97,5,2,1527259,97,0,5,5,38.0,43.2,55.6
s2b-r15,4,A,0,s2b-r15-266,0,0,0,0,0,0,1,0,1024,0,32,155,-1,0,0,-1,5,155,5,2,2436279,155,0,5,5,50.0,43.2,55.6
s2b-r15,4,A,0,s2b-r15-267,0,0,0,0,0,0,1,0,1024,0,32,159,-1,0,0,-1,5,159,5,2,2490501,159,0,5,5,137.0,43.2,55.6
s2b-r15,4,A,0,s2b-r15-268,0,0,0,0,0,0,1,0,1024,0,32,112,-1,0,0,-1,5,112,5,2,1762886,123,0,5,5,112.0,43.2,55.6
s2b-r15,4,A,0,s2b-r15-269,0,0,0,0,0,0,1,0,1024,0,2,93,1,0,0,-1,5,93,1,0,1466744,123,0,1,1,96.0,43.2,55.6
s2b-r15,4,A,0,s2b-r15-270,0,0,0,0,0,0,1,0,1024,0,2,67,-1,0,0,-1,1,67,1,2,1049612,5,0,1,1,33.0,43.2,55.6
s2b-r15,4,A,0,s2b-r15-271,0,0,0,0,0,0,1,0,1024,0,2,150,-1,0,0,-1,1,150,1,2,2357696,167,0,1,1,38.0,43.2,55.6
s2b-r15,4,A,0,s2b-r15-272,0,0,0,0,0,0,1,0,1024,0,2,150,-1,0,0,-1,1,150,1,2,2357133,167,0,1,1,31.0,43.2,55.6
s2b-r15,4,A,0,s2b-r15-273,0,0,0,0,0,0,1,0,1024,0,2,92,-1,0,0,-1,1,92,1,2,1443994,5,0,1,1,101.0,43.2,55.6
s2b-r15,4,A,0,s2b-r15-274,0,0,0,0,0,0,1,0,1024,0,2,92,-1,0,0,-1,1,92,1,2,1448590,65,0,1,1,28.0,43.2,55.6
s2b-r15,4,A,0,s2b-r15-275,0,0,0,0,0,0,1,0,1024,0,2,62,-1,0,0,-1,1,62,1,2,971840,41,0,1,1,98.0,43.2,55.6
s2b-r15,4,A,0,s2b-r15-276,0,0,0,0,0,0,1,0,1024,0,2,77,-1,0,0,-1,1,77,1,2,1211286,77,0,1,1,56.0,43.2,55.6
s2b-r15,4,A,0,s2b-r15-277,0,0,0,0,0,0,1,0,1024,0,32,60,-1,0,0,-1,5,60,5,2,950827,13,0,5,5,81.0,43.2,55.6
s2b-r15,4,A,0,s2b-r15-278,0,0,0,0,0,0,1,0,1024,0,32,61,-1,0,0,-1,5,61,5,2,954326,40,0,5,5,75.0,43.2,55.6
s2b-r15,4,A,0,s2b-r15-279,0,0,0,0,0,0,1,0,1024,0,16,64,0,0,0,-1,5,64,4,0,1012356,64,0,4,4,95.0,43.2,55.6
s2b-r15,4,A,0,s2b-r15-280,0,0,0,0,0,0,1,0,1024,0,2,68,-1,0,0,-1,1,68,1,2,1066319,39,0,1,1,34.0,43.2,55.6
s2b-r15,4,A,0,s2b-r15-281,0,0,0,0,0,0,1,0,1024,0,32,157,-1,0,0,-1,5,157,5,2,2461374,157,0,5,5,39.0,43.2,55.6
s2b-r15,4,A,0,s2b-r15-282,0,0,0,0,0,0,1,0,1024,0,32,157,-1,0,0,-1,5,157,5,2,2455250,157,0,5,5,18.0,43.2,55.6
s2b-r15,4,A,0,s2b-r15-283,0,0,0,0,0,0,1,0,1024,0,32,100,-1,0,0,-1,5,100,5,2,1576906,96,0,5,5,16.0,43.2,55.6
s2b-r15,4,A,0,s2b-r15-284,0,0,0,0,0,0,1,0,1024,0,1,153,0,0,0,-1,5,153,5,0,2404101,153,0,5,0,96.0,43.2,55.6
s2b-r15,4,A,0,s2b-r15-285,0,0,0,0,0,0,1,0,1024,0,16,127,-1,0,0,-1,4,127,4,2,1988389,127,0,4,4,17.0,43.2,55.6
s2b-r15,4,A,0,s2b-r15-286,0,0,0,0,0,0,1,0,1024,0,16,149,-1,0,0,-1,4,149,4,2,2336759,149,0,4,4,101.0,43.2,55.6
s2b-r15,4,A,0,s2b-r15-287,0,0,0,0,0,0,1,0,1024,0,1,91,0,0,0,-1,4,91,4,0,1430484,102,0,4,5,377.0,43.2,55.6
s2b-r15,4,A,0,s2b-r15-288,0,0,0,0,0,0,1,0,1024,0,8,108,3,0,0,-1,5,108,3,0,1700171,108,0,3,3,66.0,43.2,55.6
s2b-r15,4,A,0,s2b-r15-289,0,0,0,0,0,0,1,0,1024,0,32,153,-1,0,0,-1,5,153,5,2,2404470,153,0,5,5,47.0,43.2,55.6
s2b-r15,4,A,0,s2b-r15-290,0,0,0,0,0,0,1,0,1024,0,16,136,4,0,0,-1,5,136,4,0,2139698,153,0,4,4,45.0,43.2,55.6
s2b-r15,4,A,0,s2b-r15-291,0,0,0,0,0,0,1,0,1024,0,16,93,3,0,0,-1,0,93,4,0,1468387,75,0,4,4,24.0,43.2,55.6
s2b-r15,4,A,0,s2b-r15-292,0,0,0,0,0,0,1,0,1024,0,16,166,0,0,0,-1,3,166,4,0,2601954,166,0,4,3,57.0,43.2,55.6
s2b-r15,4,A,0,s2b-r15-293,0,0,0,0,0,0,1,0,1024,0,32,165,-1,0,0,-1,5,165,5,2,2593714,166,0,5,5,16.0,43.2,55.6
s2b-r15,4,A,0,s2b-r15-294,0,0,0,0,0,0,1,0,1024,0,32,149,-1,0,0,-1,5,149,5,2,2336196,166,0,5,5,19.0,43.2,55.6
s2b-r15,4,A,0,s2b-r15-295,0,0,0,0,0,0,1,0,1024,0,32,151,-1,0,0,-1,5,151,5,2,2362644,166,0,5,5,19.0,43.2,55.6
s2b-r15,4,A,0,s2b-r15-296,0,0,0,0,0,0,1,0,1024,0,32,156,-1,0,0,-1,5,156,5,2,2448322,166,0,5,5,20.0,43.2,55.6
s2b-r15,4,A,0,s2b-r15-297,0,0,0,0,0,0,1,0,1024,0,32,153,-1,0,0,-1,5,153,5,2,2403430,152,0,5,5,17.0,43.2,55.6
s2b-r15,4,A,0,s2b-r15-298,0,0,0,0,0,0,1,0,1024,0,1,156,-1,0,0,-1,0,156,0,2,2449705,156,0,0,0,14.0,43.2,55.6
s2b-r15,4,A,0,s2b-r15-299,0,0,0,0,0,0,1,0,1024,0,1,190,-1,0,0,-1,0,190,0,2,2968796,190,0,0,0,15.0,43.2,55.6
s2b-r15,4,A,0,s2b-r15-300,0,0,0,0,0,0,1,0,1024,0,1,130,-1,0,0,-1,0,130,0,2,2038916,119,0,0,0,18.0,43.2,55.6
s2b-r15,4,A,0,s2b-r15-301,0,0,0,0,0,0,1,0,1024,0,1,152,-1,0,0,-1,0,152,0,2,2386145,152,0,0,0,14.0,43.2,55.6
s2b-r15,4,A,0,s2b-r15-302,0,0,0,0,0,0,1,0,1024,0,2,91,1,0,0,-1,0,91,0,0,1429047,85,0,0,5,560.0,43.2,55.6
s2b-r15,4,A,0,s2b-r15-303,0,0,0,0,0,0,1,0,1024,0,4,171,-1,0,0,-1,2,171,2,2,2681075,171,0,2,2,18.0,43.2,55.6
s2b-r15,4,A,0,s2b-r15-304,0,0,0,0,0,0,1,0,1024,0,4,98,-1,0,0,-1,2,98,2,2,1531593,98,0,2,2,15.0,43.2,55.6
s2b-r15,4,A,0,s2b-r15-305,0,0,0,0,0,0,1,0,1024,0,2,151,1,0,0,-1,2,151,1,0,2360973,151,0,1,1,26.0,43.2,55.6
s2b-r15,4,A,0,s2b-r15-306,0,0,0,0,0,0,1,0,1024,0,2,90,-1,0,0,-1,1,90,1,2,1411296,98,0,1,1,25.0,43.2,55.6
s2b-r15,4,A,0,s2b-r15-307,0,0,0,0,0,0,1,0,1024,0,2,157,0,0,0,-1,4,157,1,0,2455173,157,0,1,1,23.0,43.2,55.6
s2b-r15,4,A,0,s2b-r15-308,0,0,0,0,0,0,1,0,1024,0,2,120,-1,0,0,-1,1,120,1,2,1880650,120,0,1,1,27.0,43.2,55.6
s2b-r15,4,A,0,s2b-r15-309,0,0,0,0,0,0,1,0,1024,0,16,149,-1,0,0,-1,4,149,4,2,2341773,149,0,4,4,53.0,43.2,55.6
s2b-r15,4,A,0,s2b-r15-310,0,0,0,0,0,0,1,0,1024,0,32,98,5,0,0,-1,4,98,5,0,1538855,74,0,5,5,128.0,43.2,55.6
s2b-r15,4,A,0,s2b-r15-311,0,0,0,0,0,0,1,0,1024,0,32,90,-1,0,0,-1,5,90,5,2,1414719,85,0,5,5,111.0,43.2,55.6
s2b-r15,4,A,0,s2b-r15-312,0,0,0,0,0,0,1,0,1024,0,32,63,2,0,0,-1,4,63,5,0,997512,69,0,5,5,69.0,43.2,55.6
s2b-r15,4,A,0,s2b-r15-313,0,0,0,0,0,0,1,0,1024,0,32,62,-1,0,0,-1,5,62,5,2,984336,92,0,5,5,15.0,43.2,55.6
s2b-r15,4,A,0,s2b-r15-314,0,0,0,0,0,0,1,0,1024,0,32,152,-1,0,0,-1,5,152,5,2,2376004,152,0,5,5,12.0,43.2,55.6
s2b-r15,4,A,0,s2b-r15-315,0,0,0,0,0,0,1,0,1024,0,32,89,-1,0,0,-1,5,89,5,2,1405606,92,0,5,5,156.0,43.2,55.6
s2b-r15,4,A,0,s2b-r15-316,0,0,0,0,0,0,1,0,1024,0,16,90,-1,0,0,-1,4,90,4,2,1415860,81,0,4,4,65.0,43.2,55.6
s2b-r15,4,A,0,s2b-r15-317,0,0,0,0,0,0,1,0,1024,0,16,120,-1,0,0,-1,4,120,4,2,1875892,120,0,4,4,106.0,43.2,55.6
s2b-r15,4,A,0,s2b-r15-318,0,0,0,0,0,0,1,0,1024,0,1,76,0,0,0,-1,4,76,0,0,1199959,53,0,0,0,92.0,43.2,55.6
s2b-r15,4,A,0,s2b-r15-319,0,0,0,0,0,0,1,0,1024,0,32,123,-1,0,0,-1,5,123,5,2,1935286,123,0,5,5,49.0,43.2,55.6
s2b-r15,4,A,0,s2b-r15-320,0,0,0,0,0,0,1,0,1024,0,32,73,-1,0,0,-1,5,73,5,2,1147786,53,0,5,5,112.0,43.2,55.6
s2b-r15,4,A,0,s2b-r15-321,0,0,0,0,0,0,1,0,1024,0,32,85,5,0,0,-1,4,85,4,0,1341697,78,0,4,4,60.0,43.2,55.6
s2b-r15,4,A,0,s2b-r15-322,0,0,0,0,0,0,1,0,1024,0,2,188,-1,0,0,-1,1,188,1,2,2944947,188,0,1,1,24.0,43.2,55.6
s2b-r15,4,A,0,s2b-r15-323,0,0,0,0,0,0,1,0,1024,0,2,114,-1,0,0,-1,1,114,1,2,1784102,114,0,1,1,54.0,43.2,55.6
s2b-r15,4,A,0,s2b-r15-324,0,0,0,0,0,0,1,0,1024,0,2,97,-1,0,0,-1,1,97,1,2,1529891,114,0,1,1,33.0,43.2,55.6
s2b-r15,4,A,0,s2b-r15-325,0,0,0,0,0,0,1,0,1024,0,2,149,-1,0,0,-1,1,149,1,2,2343021,149,0,1,1,90.0,43.2,55.6
s2b-r15,4,A,0,s2b-r15-326,0,0,0,0,0,0,1,0,1024,0,2,90,-1,0,0,-1,1,90,1,2,1413725,15,0,1,1,45.0,43.2,55.6
s2b-r15,4,A,0,s2b-r15-327,0,0,0,0,0,0,1,0,1024,0,16,91,-1,0,0,-1,4,91,4,2,1433155,15,0,4,4,106.0,43.2,55.6
s2b-r15,4,A,0,s2b-r15-328,0,0,0,0,0,0,1,0,1024,0,32,71,-1,0,0,-1,5,71,5,2,1110587,71,0,5,5,149.0,43.2,55.6
s2b-r15,4,A,0,s2b-r15-329,0,0,0,0,0,0,1,0,1024,0,1,61,0,0,0,-1,4,61,4,0,967324,20,0,4,1,113.0,43.2,55.6
s2b-r15,4,A,0,s2b-r15-330,0,0,0,0,0,0,1,0,1024,0,32,62,-1,0,0,-1,5,62,5,2,973587,40,0,5,5,29.0,43.2,55.6
s2b-r15,4,A,0,s2b-r15-331,0,0,0,0,0,0,1,0,1024,0,32,62,-1,0,0,-1,5,62,5,2,979851,4,0,5,5,61.0,43.2,55.6
s2b-r15,4,A,0,s2b-r15-332,0,0,0,0,0,0,1,0,1024,0,16,68,1,0,0,-1,5,68,4,0,1066642,62,0,4,4,77.0,43.2,55.6
s2b-r15,4,A,0,s2b-r15-333,0,0,0,0,0,0,1,0,1024,0,16,111,-1,0,0,-1,4,111,4,2,1743137,111,0,4,4,45.0,43.2,55.6
s2b-r15,4,A,0,s2b-r15-334,0,0,0,0,0,0,1,0,1024,0,16,73,-1,0,0,-1,4,73,4,2,1144011,111,0,4,4,22.0,43.2,55.6
s2b-r15,4,A,0,s2b-r15-335,0,0,0,0,0,0,1,0,1024,0,32,191,-1,0,0,-1,5,191,5,2,2985856,191,0,5,5,16.0,43.2,55.6
s2b-r15,4,A,0,s2b-r15-336,0,0,0,0,0,0,1,0,1024,0,32,153,-1,0,0,-1,5,153,5,2,2394576,191,0,5,5,46.0,43.2,55.6
s2b-r15,4,A,0,s2b-r15-337,0,0,0,0,0,0,1,0,1024,0,32,107,-1,0,0,-1,5,107,5,2,1678723,117,0,5,5,34.0,43.2,55.6
s2b-r15,4,A,0,s2b-r15-338,0,0,0,0,0,0,1,0,1024,0,2,92,-1,0,0,-1,1,92,1,2,1444632,117,0,1,1,65.0,43.2,55.6
s2b-r15,4,A,0,s2b-r15-339,0,0,0,0,0,0,1,0,1024,0,2,72,-1,0,0,-1,1,72,1,2,1140066,72,0,1,1,104.0,43.2,55.6
s2b-r15,4,A,0,s2b-r15-340,0,0,0,0,0,0,1,0,1024,0,2,142,-1,0,0,-1,1,142,1,2,2221238,142,0,1,1,24.0,43.2,55.6
s2b-r15,4,A,0,s2b-r15-341,0,0,0,0,0,0,1,0,1024,0,2,152,-1,0,0,-1,1,152,1,2,2375922,152,0,1,1,67.0,43.2,55.6
s2b-r15,4,A,0,s2b-r15-342,0,0,0,0,0,0,1,0,1024,0,2,92,-1,0,0,-1,1,92,1,2,1452762,86,0,1,1,104.0,43.2,55.6
s2b-r15,4,A,0,s2b-r15-343,0,0,0,0,0,0,1,0,1024,0,1,100,0,0,0,-1,1,100,1,0,1571174,100,0,1,5,68.0,43.2,55.6
s2b-r15,4,A,0,s2b-r15-344,0,0,0,0,0,0,1,0,1024,0,32,159,-1,0,0,-1,5,159,5,2,2499012,159,0,5,5,19.0,43.2,55.6
s2b-r15,4,A,0,s2b-r15-345,0,0,0,0,0,0,1,0,1024,0,32,148,-1,0,0,-1,5,148,5,2,2328076,159,0,5,5,42.0,43.2,55.6
s2b-r15,4,A,0,s2b-r15-346,0,0,0,0,0,0,1,0,1024,0,32,150,-1,0,0,-1,5,150,5,2,2348426,150,0,5,5,62.0,43.2,55.6
s2b-r15,4,A,0,s2b-r15-347,0,0,0,0,0,0,1,0,1024,0,32,121,-1,0,0,-1,5,121,5,2,1901242,98,0,5,5,113.0,43.2,55.6
s2b-r15,4,A,0,s2b-r15-348,0,0,0,0,0,0,1,0,1024,0,1,91,0,0,0,-1,4,91,0,0,1428485,51,0,0,0,82.0,43.2,55.6
s2b-r15,4,A,0,s2b-r15-349,0,0,0,0,0,0,1,0,1024,0,32,102,5,0,0,-1,5,102,5,0,1599614,102,0,5,5,218.0,43.2,55.6
s2b-r15,4,A,0,s2b-r15-350,0,0,0,0,0,0,1,0,1024,0,32,159,-1,0,0,-1,5,159,5,2,2495649,159,0,5,5,85.0,43.2,55.6
s2b-r15,4,A,0,s2b-r15-351,0,0,0,0,0,0,1,0,1024,0,1,95,0,0,0,-1,5,95,0,0,1490713,64,0,0,0,85.0,43.2,55.6
s2b-r15,4,A,0,s2b-r15-352,0,0,0,0,0,0,1,0,1024,0,1,113,-1,0,0,-1,0,113,0,2,1772415,113,0,0,0,38.0,43.2,55.6
s2b-r15,4,A,0,s2b-r15-353,0,0,0,0,0,0,1,0,1024,0,16,165,-1,0,0,-1,4,165,4,2,2586824,165,0,4,4,54.0,43.2,55.6
s2b-r15,4,A,0,s2b-r15-354,0,0,0,0,0,0,1,0,1024,0,16,154,-1,0,0,-1,4,154,4,2,2412345,165,0,4,4,25.0,43.2,55.6
s2b-r15,4,A,0,s2b-r15-355,0,0,0,0,0,0,1,0,1024,0,32,118,-1,0,0,-1,5,118,5,2,1852098,49,0,5,5,30.0,43.2,55.6
s2b-r15,4,A,0,s2b-r15-356,0,0,0,0,0,0,1,0,1024,0,32,150,-1,0,0,-1,5,150,5,2,2354934,150,0,5,5,53.0,43.2,55.6
s2b-r15,4,A,0,s2b-r15-357,0,0,0,0,0,0,1,0,1024,0,2,153,1,0,0,-1,4,153,1,0,2391213,153,0,1,1,159.0,43.2,55.6
s2b-r15,4,A,0,s2b-r15-358,0,0,0,0,0,0,1,0,1024,0,1,92,0,0,0,-1,1,92,1,0,1448358,21,0,1,0,145.0,43.2,55.6
s2b-r15,4,A,0,s2b-r15-359,0,0,0,0,0,0,1,0,1024,0,4,110,-1,0,0,-1,2,110,2,2,1733109,110,0,2,2,46.0,43.2,55.6
s2b-r15,4,A,0,s2b-r15-360,0,0,0,0,0,0,1,0,1024,0,4,125,-1,0,0,-1,2,125,2,2,1965654,125,0,2,2,82.0,43.2,55.6
s2b-r15,4,A,0,s2b-r15-361,0,0,0,0,0,0,1,0,1024,0,4,108,-1,0,0,-1,2,108,2,2,1691400,108,0,2,2,71.0,43.2,55.6
s2b-r15,4,A,0,s2b-r15-362,0,0,0,0,0,0,1,0,1024,0,16,87,4,0,0,-1,1,87,4,0,1366609,47,0,4,4,222.0,43.2,55.6
s2b-r15,4,A,0,s2b-r15-363,0,0,0,0,0,0,1,0,1024,0,1,88,0,0,0,-1,4,88,0,0,1389437,34,0,0,0,28.0,43.2,55.6
s2b-r15,4,A,0,s2b-r15-364,0,0,0,0,0,0,1,0,1024,0,1,160,-1,0,0,-1,0,160,0,2,2503920,160,0,0,0,72.0,43.2,55.6
s2b-r15,4,A,0,s2b-r15-365,0,0,0,0,0,0,1,0,1024,0,1,153,-1,0,0,-1,0,153,0,2,2401026,160,0,0,0,23.0,43.2,55.6
s2b-r15,4,A,0,s2b-r15-366,0,0,0,0,0,0,1,0,1024,0,1,99,-1,0,0,-1,0,99,0,2,1562189,50,0,0,0,48.0,43.2,55.6
s2b-r15,4,A,0,s2b-r15-367,0,0,0,0,0,0,1,0,1024,0,1,91,0,0,0,-1,4,91,0,0,1434993,94,0,0,0,77.0,43.2,55.6
s2b-r15,4,A,0,s2b-r15-368,0,0,0,0,0,0,1,0,1024,0,32,80,-1,0,0,-1,5,80,5,2,1258243,94,0,5,5,24.0,43.2,55.6
s2b-r15,4,A,0,s2b-r15-369,0,0,0,0,0,0,1,0,1024,0,32,165,-1,0,0,-1,5,165,5,2,2588090,165,0,5,5,110.0,43.2,55.6
s2b-r15,4,A,0,s2b-r15-370,0,0,0,0,0,0,1,0,1024,0,32,96,-1,0,0,-1,5,96,5,2,1504594,109,0,5,5,64.0,43.2,55.6
s2b-r15,4,A,0,s2b-r15-371,0,0,0,0,0,0,1,0,1024,0,2,93,-1,0,0,-1,1,93,1,2,1467290,109,0,1,1,78.0,43.2,55.6
s2b-r15,4,A,0,s2b-r15-372,0,0,0,0,0,0,1,0,1024,0,2,64,-1,0,0,-1,1,64,1,2,1000285,126,0,1,1,103.0,43.2,55.6
s2b-r15,4,A,0,s2b-r15-373,0,0,0,0,0,0,1,0,1024,0,2,87,-1,0,0,-1,1,87,1,2,1374976,126,0,1,1,56.0,43.2,55.6
s2b-r15,4,A,0,s2b-r15-374,0,0,0,0,0,0,1,0,1024,0,1,146,0,0,0,-1,4,146,0,0,2287256,146,0,0,0,47.0,43.2,55.6
s2b-r15,4,A,0,s2b-r15-375,0,0,0,0,0,0,1,0,1024,0,1,147,-1,0,0,-1,0,147,0,2,2304764,147,0,0,0,19.0,43.2,55.6
s2b-r15,4,A,0,s2b-r15-376,0,0,0,0,0,0,1,0,1024,0,1,92,-1,0,0,-1,0,92,0,2,1438839,49,0,0,0,13.0,43.2,55.6
s2b-r15,4,A,0,s2b-r15-377,0,0,0,0,0,0,1,0,1024,0,16,154,-1,0,0,-1,4,154,4,2,2410024,154,0,4,4,20.0,43.2,55.6
s2b-r15,4,A,0,s2b-r15-378,0,0,0,0,0,0,1,0,1024,0,32,92,5,0,0,-1,4,92,4,0,1444609,86,0,4,4,34.0,43.2,55.6
s2b-r15,4,A,0,s2b-r15-379,0,0,0,0,0,0,1,0,1024,0,32,95,-1,0,0,-1,5,95,5,2,1486057,86,0,5,5,14.0,43.2,55.6
s2b-r15,4,A,0,s2b-r15-380,0,0,0,0,0,0,1,0,1024,0,32,148,-1,0,0,-1,5,148,5,2,2326145,148,0,5,5,31.0,43.2,55.6
s2b-r15,4,A,0,s2b-r15-381,0,0,0,0,0,0,1,0,1024,0,2,96,0,0,0,-1,5,96,1,0,1503111,96,0,1,1,77.0,43.2,55.6
s2b-r15,4,A,0,s2b-r15-382,0,0,0,0,0,0,1,0,1024,0,16,90,1,0,0,-1,2,90,4,0,1415302,52,0,4,4,64.0,43.2,55.6
s2b-r15,4,A,0,s2b-r15-383,0,0,0,0,0,0,1,0,1024,0,1,156,-1,0,0,-1,0,156,0,2,2445732,156,0,0,0,27.0,43.2,55.6
s2b-r15,4,A,0,s2b-r15-384,0,0,0,0,0,0,1,0,1024,0,1,157,-1,0,0,-1,0,157,0,2,2466698,157,0,0,0,30.0,43.2,55.6
s2b-r15,4,A,0,s2b-r15-385,0,0,0,0,0,0,1,0,1024,0,2,194,-1,0,0,-1,1,194,1,2,3031967,194,0,1,1,17.0,43.2,55.6
s2b-r15,4,A,0,s2b-r15-386,0,0,0,0,0,0,1,0,1024,0,16,151,4,0,0,-1,1,151,4,0,2364080,156,0,4,4,100.0,43.2,55.6
s2b-r15,4,A,0,s2b-r15-387,0,0,0,0,0,0,1,0,1024,0,16,99,-1,0,0,-1,4,99,4,2,1555747,109,0,4,4,69.0,43.2,55.6
s2b-r15,4,A,0,s2b-r15-388,0,0,0,0,0,0,1,0,1024,0,16,92,-1,0,0,-1,4,92,4,2,1440445,109,0,4,4,63.0,43.2,55.6
s2b-r15,4,A,0,s2b-r15-389,0,0,0,0,0,0,1,0,1024,0,32,60,1,0,0,-1,4,60,5,0,943525,125,0,5,5,69.0,43.2,55.6
s2b-r15,4,A,0,s2b-r15-390,0,0,0,0,0,0,1,0,1024,0,2,61,-1,0,0,-1,1,61,1,2,955473,125,0,1,1,23.0,43.2,55.6
s2b-r15,4,A,0,s2b-r15-391,0,0,0,0,0,0,1,0,1024,0,16,152,-1,0,0,-1,4,152,4,2,2386014,152,0,4,4,79.0,43.2,55.6
s2b-r15,4,A,0,s2b-r15-392,0,0,0,0,0,0,1,0,1024,0,16,148,-1,0,0,-1,4,148,4,2,2325626,148,0,4,4,81.0,43.2,55.6
s2b-r15,4,A,0,s2b-r15-393,0,0,0,0,0,0,1,0,1024,0,1,103,0,0,0,-1,5,103,0,0,1612742,29,0,0,0,41.0,43.2,55.6
s2b-r15,4,A,0,s2b-r15-394,0,0,0,0,0,0,1,0,1024,0,16,98,-1,0,0,-1,4,98,4,2,1546715,29,0,4,4,17.0,43.2,55.6
s2b-r15,4,A,0,s2b-r15-395,0,0,0,0,0,0,1,0,1024,0,16,152,-1,0,0,-1,4,152,4,2,2375121,152,0,4,4,27.0,43.2,55.6
s2b-r15,4,A,0,s2b-r15-396,0,0,0,0,0,0,1,0,1024,0,16,97,-1,0,0,-1,4,97,4,2,1528782,76,0,4,4,78.0,43.2,55.6
s2b-r15,4,A,0,s2b-r15-397,0,0,0,0,0,0,1,0,1024,0,1,91,0,0,0,-1,4,91,0,0,1430085,76,0,0,0,71.0,43.2,55.6
s2b-r15,4,A,0,s2b-r15-398,0,0,0,0,0,0,1,0,1024,0,8,66,-1,0,0,-1,3,66,3,2,1046176,30,0,3,3,51.0,43.2,55.6
s2b-r15,4,A,0,s2b-r15-399,0,0,0,0,0,0,1,0,1024,0,8,149,-1,0,0,-1,3,149,3,2,2335785,149,0,3,3,27.0,43.2,55.6
s2b-r15,4,A,0,s2b-r15-400,0,0,0,0,0,0,1,0,1024,0,8,151,-1,0,0,-1,3,151,3,2,2373422,151,0,3,3,26.0,43.2,55.6
s2b-r15,4,A,0,s2b-r15-401,0,0,0,0,0,0,1,0,1024,0,32,154,-1,0,0,-1,5,154,5,2,2420779,154,0,5,5,82.0,43.2,55.6
s2b-r15,4,A,0,s2b-r15-402,0,0,0,0,0,0,1,0,1024,0,32,121,-1,0,0,-1,5,121,5,2,1898411,22,0,5,5,79.0,43.2,55.6
s2b-r15,4,A,0,s2b-r15-403,0,0,0,0,0,0,1,0,1024,0,1,90,0,0,0,-1,5,90,0,0,1421119,46,0,0,0,44.0,43.2,55.6
s2b-r15,4,A,0,s2b-r15-404,0,0,0,0,0,0,1,0,1024,0,32,66,-1,0,0,-1,5,66,5,2,1042469,101,0,5,5,44.0,43.2,55.6
s2b-r15,4,A,0,s2b-r15-405,0,0,0,0,0,0,1,0,1024,0,32,75,-1,0,0,-1,5,75,5,2,1179165,101,0,5,5,29.0,43.2,55.6
s2b-r15,4,A,0,s2b-r15-406,0,0,0,0,0,0,1,0,1024,0,4,153,-1,0,0,-1,2,153,2,2,2402130,161,0,2,2,48.0,43.2,55.6
s2b-r15,4,A,0,s2b-r15-407,0,0,0,0,0,0,1,0,1024,0,4,124,-1,0,0,-1,2,124,2,2,1950528,124,0,2,2,51.0,43.2,55.6
s2b-r15,4,A,0,s2b-r15-408,0,0,0,0,0,0,1,0,1024,0,2,90,1,0,0,-1,2,90,1,0,1420971,26,0,1,1,76.0,43.2,55.6
s2b-r15,4,A,0,s2b-r15-409,0,0,0,0,0,0,1,0,1024,0,1,85,0,0,0,-1,1,85,0,0,1333269,73,0,0,0,85.0,43.2,55.6
s2b-r15,4,A,0,s2b-r15-410,0,0,0,0,0,0,1,0,1024,0,16,137,-1,0,0,-1,4,137,4,2,2149321,137,0,4,4,64.0,43.2,55.6
s2b-r15,4,A,0,s2b-r15-411,0,0,0,0,0,0,1,0,1024,0,16,151,-1,0,0,-1,4,151,4,2,2361696,151,0,4,4,84.0,43.2,55.6
s2b-r15,4,A,0,s2b-r15-412,0,0,0,0,0,0,1,0,1024,0,16,152,-1,0,0,-1,4,152,4,2,2379164,152,0,4,4,31.0,43.2,55.6
s2b-r15,4,A,0,s2b-r15-413,0,0,0,0,0,0,1,0,1024,0,32,132,-1,0,0,-1,5,132,5,2,2072800,132,0,5,5,39.0,43.2,55.6
s2b-r15,4,A,0,s2b-r15-414,0,0,0,0,0,0,1,0,1024,0,2,122,0,0,0,-1,5,122,1,0,1917615,122,0,1,1,56.0,43.2,55.6
s2b-r15,4,A,0,s2b-r15-415,0,0,0,0,0,0,1,0,1024,0,32,113,0,0,0,-1,1,113,5,0,1771830,113,0,5,5,25.0,43.2,55.6
s2b-r15,4,A,0,s2b-r15-416,0,0,0,0,0,0,1,0,1024,0,32,150,1,0,0,-1,0,150,5,0,2356706,150,0,5,5,25.0,43.2,55.6
s2b-r15,4,A,0,s2b-r15-417,0,0,0,0,0,0,1,0,1024,0,32,150,-1,0,0,-1,5,150,5,2,2356214,150,0,5,5,52.0,43.2,55.6
s2b-r15,4,A,0,s2b-r15-418,0,0,0,0,0,0,1,0,1024,0,32,113,-1,0,0,-1,5,113,5,2,1768392,113,0,5,5,82.0,43.2,55.6
s2b-r15,4,A,0,s2b-r15-419,0,0,0,0,0,0,1,0,1024,0,16,90,4,0,0,-1,5,90,5,0,1411243,81,0,5,4,122.0,43.2,55.6
s2b-r15,4,A,0,s2b-r15-420,0,0,0,0,0,0,1,0,1024,0,16,128,-1,0,0,-1,4,128,4,2,2010603,128,0,4,4,99.0,43.2,55.6
s2b-r15,4,A,0,s2b-r15-421,0,0,0,0,0,0,1,0,1024,0,16,74,1,0,0,-1,2,74,4,0,1168519,30,0,4,4,64.0,43.2,55.6
s2b-r15,4,A,0,s2b-r15-422,0,0,0,0,0,0,1,0,1024,0,16,86,-1,0,0,-1,4,86,4,2,1351903,30,0,4,4,63.0,43.2,55.6
s2b-r15,4,A,0,s2b-r15-423,0,0,0,0,0,0,1,0,1024,0,16,67,-1,0,0,-1,4,67,4,2,1047176,30,0,4,4,87.0,43.2,55.6
s2b-r15,4,A,0,s2b-r15-424,0,0,0,0,0,0,1,0,1024,0,32,67,1,0,0,-1,4,67,5,0,1049788,101,0,5,5,46.0,43.2,55.6
s2b-r15,4,A,0,s2b-r15-425,0,0,0,0,0,0,1,0,1024,0,4,70,-1,0,0,-1,2,70,2,2,1102470,101,0,2,2,46.0,43.2,55.6
s2b-r15,4,A,0,s2b-r15-426,0,0,0,0,0,0,1,0,1024,0,4,148,-1,0,0,-1,2,148,2,2,2325278,148,0,2,2,38.0,43.2,55.6
s2b-r15,4,A,0,s2b-r15-427,0,0,0,0,0,0,1,0,1024,0,4,150,-1,0,0,-1,2,150,2,2,2356513,150,0,2,2,51.0,43.2,55.6
s2b-r15,4,A,0,s2b-r15-428,0,0,0,0,0,0,1,0,1024,0,16,147,-1,0,0,-1,4,147,4,2,2304982,150,0,4,4,65.0,43.2,55.6
s2b-r15,4,A,0,s2b-r15-429,0,0,0,0,0,0,1,0,1024,0,16,152,-1,0,0,-1,4,152,4,2,2380154,152,0,4,4,103.0,43.2,55.6
s2b-r15,4,A,0,s2b-r15-430,0,0,0,0,0,0,1,0,1024,0,16,92,-1,0,0,-1,4,92,4,2,1446481,36,0,4,4,65.0,43.2,55.6
s2b-r15,4,A,0,s2b-r15-431,0,0,0,0,0,0,1,0,1024,0,16,90,-1,0,0,-1,4,90,4,2,1420728,42,0,4,4,58.0,43.2,55.6
s2b-r15,4,A,0,s2b-r15-432,0,0,0,0,0,0,1,0,1024,0,16,67,-1,0,0,-1,4,67,4,2,1062333,36,0,4,4,92.0,43.2,55.6
s2b-r15,4,A,0,s2b-r15-433,0,0,0,0,0,0,1,0,1024,0,16,69,-1,0,0,-1,4,69,4,2,1084149,111,0,4,4,114.0,43.2,55.6
s2b-r15,4,A,0,s2b-r15-434,0,0,0,0,0,0,1,0,1024,0,16,86,-1,0,0,-1,4,86,4,2,1359092,111,0,4,4,72.0,43.2,55.6
s2b-r15,4,A,0,s2b-r15-435,0,0,0,0,0,0,1,0,1024,0,16,61,-1,0,0,-1,4,61,4,2,960988,125,0,4,4,28.0,43.2,55.6
s2b-r15,4,A,0,s2b-r15-436,0,0,0,0,0,0,1,0,1024,0,32,152,-1,0,0,-1,5,152,5,2,2382127,152,0,5,5,41.0,43.2,55.6
s2b-r15,4,A,0,s2b-r15-437,0,0,0,0,0,0,1,0,1024,0,32,150,-1,0,0,-1,5,150,5,2,2355855,152,0,5,5,57.0,43.2,55.6
s2b-r15,4,A,0,s2b-r15-438,0,0,0,0,0,0,1,0,1024,0,32,108,-1,0,0,-1,5,108,5,2,1692436,108,0,5,5,60.0,43.2,55.6
s2b-r15,4,A,0,s2b-r15-439,0,0,0,0,0,0,1,0,1024,0,32,92,5,0,0,-1,3,92,5,0,1437791,108,0,5,5,45.0,43.2,55.6
s2b-r15,4,A,0,s2b-r15-440,0,0,0,0,0,0,1,0,1024,0,32,178,-1,0,0,-1,5,178,5,2,2783276,178,0,5,5,65.0,43.2,55.6
s2b-r15,4,A,0,s2b-r15-441,0,0,0,0,0,0,1,0,1024,0,2,149,1,0,0,-1,5,149,1,0,2334571,178,0,1,1,116.0,43.2,55.6
s2b-r15,4,A,0,s2b-r15-442,0,0,0,0,0,0,1,0,1024,0,32,110,5,0,0,-1,1,110,5,0,1731613,104,0,5,5,243.0,43.2,55.6
s2b-r15,4,A,0,s2b-r15-443,0,0,0,0,0,0,1,0,1024,0,32,93,-1,0,0,-1,5,93,5,2,1467795,104,0,5,5,174.0,43.2,55.6
s2b-r15,4,A,0,s2b-r15-444,0,0,0,0,0,0,1,0,1024,0,32,69,-1,0,0,-1,5,69,5,2,1084234,27,0,5,5,107.0,43.2,55.6
s2b-r15,4,A,0,s2b-r15-445,0,0,0,0,0,0,1,0,1024,0,32,79,-1,0,0,-1,5,79,5,2,1244370,79,0,5,5,105.0,43.2,55.6
s2b-r15,4,A,0,s2b-r15-446,0,0,0,0,0,0,1,0,1024,0,2,60,1,0,0,-1,5,60,1,0,948382,14,0,1,1,43.0,43.2,55.6
s2b-r15,4,A,0,s2b-r15-447,0,0,0,0,0,0,1,0,1024,0,32,178,-1,0,0,-1,5,178,5,2,2793328,178,0,5,5,33.0,43.2,55.6
s2b-r15,4,A,0,s2b-r15-448,0,0,0,0,0,0,1,0,1024,0,32,151,-1,0,0,-1,5,151,5,2,2362443,178,0,5,5,33.0,43.2,55.6
s2b-r15,4,A,0,s2b-r15-449,0,0,0,0,0,0,1,0,1024,0,32,98,-1,0,0,-1,5,98,5,2,1545633,26,0,5,5,103.0,43.2,55.6
s2b-r15,4,A,0,s2b-r15-450,0,0,0,0,0,0,1,0,1024,0,1,91,0,0,0,-1,5,91,0,0,1433817,79,0,0,0,89.0,43.2,55.6
s2b-r15,4,A,0,s2b-r15-451,0,0,0,0,0,0,1,0,1024,0,32,149,-1,0,0,-1,5,149,5,2,2337021,149,0,5,5,108.0,43.2,55.6
s2b-r15,4,A,0,s2b-r15-452,0,0,0,0,0,0,1,0,1024,0,32,79,-1,0,0,-1,5,79,5,2,1244821,45,0,5,5,63.0,43.2,55.6
s2b-r15,4,A,0,s2b-r15-453,0,0,0,0,0,0,1,0,1024,0,32,95,-1,0,0,-1,5,95,5,2,1497184,95,0,5,5,191.0,43.2,55.6
s2b-r15,4,A,0,s2b-r15-454,0,0,0,0,0,0,1,0,1024,0,16,70,4,0,0,-1,5,70,5,0,1097584,45,0,5,5,344.0,43.2,55.6
s2b-r15,4,A,0,s2b-r15-455,0,0,0,0,0,0,1,0,1024,0,1,80,0,0,0,-1,5,80,0,0,1260272,94,0,0,0,53.0,43.2,55.6
s2b-r15,4,A,0,s2b-r15-456,0,0,0,0,0,0,1,0,1024,0,16,70,-1,0,0,-1,4,70,4,2,1095449,94,0,4,4,57.0,43.2,55.6
s2b-r15,4,A,0,s2b-r15-457,0,0,0,0,0,0,1,0,1024,0,32,76,-1,0,0,-1,5,76,5,2,1187806,10,0,5,5,28.0,43.2,55.6
s2b-r15,4,A,0,s2b-r15-458,0,0,0,0,0,0,1,0,1024,0,2,153,-1,0,0,-1,1,153,1,2,2404844,153,0,1,1,30.0,43.2,55.6
s2b-r15,4,A,0,s2b-r15-459,0,0,0,0,0,0,1,0,1024,0,2,153,-1,0,0,-1,1,153,1,2,2392830,153,0,1,1,65.0,43.2,55.6
s2b-r15,4,A,0,s2b-r15-460,0,0,0,0,0,0,1,0,1024,0,1,94,-1,0,0,-1,0,94,0,2,1478264,67,0,0,0,75.0,43.2,55.6
s2b-r15,4,A,0,s2b-r15-461,0,0,0,0,0,0,1,0,1024,0,32,65,-1,0,0,-1,5,65,5,2,1022067,29,0,5,5,65.0,43.2,55.6
s2b-r15,4,A,0,s2b-r15-462,0,0,0,0,0,0,1,0,1024,0,32,64,-1,0,0,-1,5,64,5,2,1006267,29,0,5,5,103.0,43.2,55.6
s2b-r15,4,A,0,s2b-r15-463,0,0,0,0,0,0,1,0,1024,0,32,64,-1,0,0,-1,5,64,5,2,1009648,85,0,5,5,64.0,43.2,55.6
s2b-r15,4,A,0,s2b-r15-464,0,0,0,0,0,0,1,0,1024,0,16,63,4,0,0,-1,4,63,4,0,989026,85,0,4,4,76.0,43.2,55.6
s2b-r15,4,A,0,s2b-r15-465,0,0,0,0,0,0,1,0,1024,0,16,103,-1,0,0,-1,4,103,4,2,1611818,111,0,4,4,24.0,43.2,55.6
s2b-r15,4,A,0,s2b-r15-466,0,0,0,0,0,0,1,0,1024,0,16,153,-1,0,0,-1,4,153,4,2,2400526,153,0,4,4,17.0,43.2,55.6
s2b-r15,4,A,0,s2b-r15-467,0,0,0,0,0,0,1,0,1024,0,16,149,-1,0,0,-1,4,149,4,2,2335641,153,0,4,4,13.0,43.2,55.6
s2b-r15,4,A,0,s2b-r15-468,0,0,0,0,0,0,1,0,1024,0,32,147,2,0,0,-1,4,147,5,0,2311060,153,0,5,5,60.0,43.2,55.6
s2b-r15,4,A,0,s2b-r15-469,0,0,0,0,0,0,1,0,1024,0,32,120,-1,0,0,-1,5,120,5,2,1879273,4,0,5,5,17.0,43.2,55.6
s2b-r15,4,A,0,s2b-r15-470,0,0,0,0,0,0,1,0,1024,0,32,147,-1,0,0,-1,5,147,5,2,2302511,147,0,5,5,21.0,43.2,55.6
s2b-r15,4,A,0,s2b-r15-471,0,0,0,0,0,0,1,0,1024,0,32,89,-1,0,0,-1,5,89,5,2,1395526,7,0,5,5,99.0,43.2,55.6
s2b-r16,4,B,512,s2b-r16-0,512,512,0,10,512,512,1,10,1024,6,32,512,0,1,0,-1,5,153,5,0,2395415,153,1,5,5,20.0,42.8,50.9
s2b-r16,4,B,512,s2b-r16-1,512,512,0,10,512,512,1,10,1024,0,32,512,-1,0,0,-1,5,150,5,2,2349798,148,0,5,5,45.0,42.8,50.9
s2b-r16,4,B,512,s2b-r16-2,512,512,0,10,512,512,1,10,1024,6,2,512,1,1,0,-1,5,153,5,0,2399722,153,1,5,5,261.0,42.8,50.9
s2b-r16,4,B,512,s2b-r16-3,512,512,0,10,512,512,1,10,1024,6,32,512,1,1,0,-1,5,122,5,0,1913741,116,1,5,5,62.0,42.8,50.9
s2b-r16,4,B,512,s2b-r16-4,512,512,0,10,512,512,1,10,1024,0,32,512,-1,0,0,-1,5,158,5,2,2471935,158,0,5,5,119.0,42.8,50.9
s2b-r16,4,B,512,s2b-r16-5,512,512,0,10,512,512,1,10,1024,6,32,512,5,1,0,-1,5,157,5,0,2464003,158,1,5,5,108.0,42.8,50.9
s2b-r16,4,B,512,s2b-r16-6,512,512,0,10,512,512,1,10,1024,6,2,512,1,1,0,-1,5,152,1,0,2383570,158,1,1,1,44.0,42.8,50.9
s2b-r16,4,B,512,s2b-r16-7,512,512,0,10,512,512,1,10,1024,6,2,512,0,1,0,-1,1,151,1,0,2371925,158,1,1,1,33.0,42.8,50.9
s2b-r16,4,B,512,s2b-r16-8,512,512,0,10,512,512,1,10,1024,6,32,512,5,1,0,-1,1,122,1,0,1921163,24,1,1,1,151.0,42.8,50.9
s2b-r16,4,B,512,s2b-r16-9,512,512,0,10,512,512,1,10,1024,0,2,512,-1,0,0,-1,1,152,1,2,2384251,152,0,1,1,48.0,42.8,50.9
s2b-r16,4,B,512,s2b-r16-10,512,512,0,10,512,512,1,10,1024,0,2,512,-1,0,0,-1,1,136,1,2,2125307,136,0,1,1,60.0,42.8,50.9
s2b-r16,4,B,512,s2b-r16-11,512,512,0,10,512,512,1,10,1024,6,32,512,5,1,0,-1,1,156,5,0,2440749,156,1,5,5,77.0,42.8,50.9
s2b-r16,4,B,512,s2b-r16-12,512,512,0,10,512,512,1,10,1024,6,2,512,1,1,0,-1,1,167,1,0,2621044,167,1,1,1,30.0,42.8,50.9
s2b-r16,4,B,512,s2b-r16-13,512,512,0,10,512,512,1,10,1024,6,2,512,1,1,0,-1,1,151,1,0,2359898,156,1,1,1,62.0,42.8,50.9
s2b-r16,4,B,512,s2b-r16-14,512,512,0,10,512,512,1,10,1024,6,2,512,0,1,0,-1,1,278,1,0,4346771,278,1,1,1,111.0,42.8,50.9
s2b-r16,4,B,512,s2b-r16-15,512,512,0,10,512,512,1,10,1024,6,2,512,0,1,0,-1,1,181,1,0,2832336,156,1,1,1,45.0,42.8,50.9
s2b-r16,4,B,512,s2b-r16-16,512,512,0,10,512,512,1,10,1024,0,2,512,-1,0,0,-1,1,147,1,2,2297790,96,0,1,1,45.0,42.8,50.9
s2b-r16,4,B,512,s2b-r16-17,512,512,0,10,512,512,1,10,1024,0,32,512,2,0,0,-1,1,150,5,0,2344015,150,0,5,5,34.0,42.8,50.9
s2b-r16,4,B,512,s2b-r16-18,512,512,0,10,512,512,1,10,1024,6,32,512,1,1,0,-1,5,150,5,0,2356703,150,1,5,5,25.0,42.8,50.9
s2b-r16,4,B,512,s2b-r16-19,512,512,0,10,512,512,1,10,1024,6,32,512,0,1,0,-1,5,149,5,0,2338851,150,1,5,5,54.0,42.8,50.9
s2b-r16,4,B,512,s2b-r16-20,512,512,0,10,512,512,1,10,1024,6,32,512,0,1,0,-1,5,150,5,0,2348657,150,1,5,5,66.0,42.8,50.9
s2b-r16,4,B,512,s2b-r16-21,512,512,0,10,512,512,1,10,1024,0,32,512,-1,0,0,-1,5,120,5,2,1890374,4,0,5,5,22.0,42.8,50.9
s2b-r16,4,B,512,s2b-r16-22,512,512,0,10,512,512,1,10,1024,6,32,512,4,1,0,-1,5,152,5,0,2384381,152,1,5,5,45.0,42.8,50.9
s2b-r16,4,B,512,s2b-r16-23,512,512,0,10,512,512,1,10,1024,0,1,512,-1,0,0,-1,0,93,0,2,1468703,89,0,0,0,38.0,42.8,50.9
s2b-r16,4,B,512,s2b-r16-24,512,512,0,10,512,512,1,10,1024,0,16,512,1,0,0,-1,0,160,4,0,2502634,160,0,4,4,216.0,42.8,50.9
s2b-r16,4,B,512,s2b-r16-25,512,512,0,10,512,512,1,10,1024,6,16,512,0,1,0,-1,4,153,4,0,2402422,160,1,4,4,89.0,42.8,50.9
s2b-r16,4,B,512,s2b-r16-26,512,512,0,10,512,512,1,10,1024,6,1,512,0,1,0,-1,4,165,0,0,2586407,165,1,0,0,30.0,42.8,50.9
s2b-r16,4,B,512,s2b-r16-27,512,512,0,10,512,512,1,10,1024,6,2,512,0,1,0,-1,0,153,1,0,2392919,153,1,1,1,44.0,42.8,50.9
s2b-r16,4,B,512,s2b-r16-28,512,512,0,10,512,512,1,10,1024,6,2,512,0,1,0,-1,1,150,1,0,2356374,153,1,1,1,66.0,42.8,50.9
s2b-r16,4,B,512,s2b-r16-29,512,512,0,10,512,512,1,10,1024,0,16,512,4,0,0,-1,1,124,4,0,1951580,7,0,4,4,28.0,42.8,50.9
s2b-r16,4,B,512,s2b-r16-30,512,512,0,10,512,512,1,10,1024,0,1,512,-1,0,0,-1,0,152,0,2,2376168,153,0,0,0,13.0,42.8,50.9
s2b-r16,4,B,512,s2b-r16-31,512,512,0,10,512,512,1,10,1024,0,16,512,1,0,0,-1,0,91,4,0,1431203,87,0,4,4,22.0,42.8,50.9
s2b-r16,4,B,512,s2b-r16-32,512,512,0,10,512,512,1,10,1024,0,2,512,1,0,0,-1,4,156,4,0,2450575,156,0,4,1,213.0,42.8,50.9
s2b-r16,4,B,512,s2b-r16-33,512,512,0,10,512,512,1,10,1024,0,2,512,-1,0,0,-1,1,96,1,2,1503639,96,0,1,1,42.0,42.8,50.9
s2b-r16,4,B,512,s2b-r16-34,512,512,0,10,512,512,1,10,1024,6,64,512,6,1,0,-1,1,151,6,0,2369117,151,0,6,6,130.0,42.8,50.9
s2b-r16,4,B,512,s2b-r16-35,512,512,0,10,512,512,1,10,1024,6,64,512,-1,1,0,-1,6,112,6,2,1764541,100,0,6,6,12.0,42.8,50.9
s2b-r16,4,B,512,s2b-r16-36,512,512,0,10,512,512,1,10,1024,6,64,512,-1,1,0,-1,6,100,6,2,1577703,100,0,6,6,18.0,42.8,50.9
s2b-r16,4,B,512,s2b-r16-37,512,512,0,10,512,512,1,10,1024,6,64,512,-1,1,0,-1,6,109,6,2,1707275,100,0,6,6,52.0,42.8,50.9
s2b-r16,4,B,512,s2b-r16-38,512,512,0,10,512,512,1,10,1024,6,64,512,-1,1,0,-1,6,110,6,2,1721916,100,0,6,6,50.0,42.8,50.9
s2b-r16,4,B,512,s2b-r16-39,512,512,0,10,512,512,1,10,1024,0,1,512,0,0,0,-1,6,79,0,0,1244126,82,0,0,0,128.0,42.8,50.9
s2b-r16,4,B,512,s2b-r16-40,512,512,0,10,512,512,1,10,1024,6,128,512,6,1,0,-1,0,156,7,0,2452966,156,0,7,7,2162.0,42.8,50.9
s2b-r16,4,B,512,s2b-r16-41,512,512,0,10,512,512,1,10,1024,6,128,512,-1,1,0,-1,7,115,7,2,1809950,115,0,7,7,64.0,42.8,50.9
s2b-r16,4,B,512,s2b-r16-42,512,512,0,10,512,512,1,10,1024,6,128,512,-1,1,0,-1,7,101,7,2,1591199,101,0,7,7,151.0,42.8,50.9
s2b-r16,4,B,512,s2b-r16-43,512,512,0,10,512,512,1,10,1024,6,128,512,-1,1,0,-1,7,102,7,2,1609360,102,0,7,7,49.0,42.8,50.9
s2b-r16,4,B,512,s2b-r16-44,512,512,0,10,512,512,1,10,1024,6,128,512,-1,1,0,-1,7,99,7,2,1555917,101,0,7,7,145.0,42.8,50.9
s2b-r16,4,B,512,s2b-r16-45,512,512,0,10,512,512,1,10,1024,6,128,512,-1,1,0,-1,7,104,7,2,1636751,103,0,7,7,50.0,42.8,50.9
s2b-r16,4,B,512,s2b-r16-46,512,512,0,10,512,512,1,10,1024,6,128,512,-1,1,0,-1,7,80,7,2,1263721,68,0,7,7,148.0,42.8,50.9
s2b-r16,4,B,512,s2b-r16-47,512,512,0,10,512,512,1,10,1024,6,128,512,-1,1,0,-1,7,103,7,2,1620784,103,0,7,7,58.0,42.8,50.9
s2b-r16,4,B,512,s2b-r16-48,512,512,0,10,512,512,1,10,1024,6,128,512,-1,1,0,-1,7,87,7,2,1370778,87,0,7,7,50.0,42.8,50.9
s2b-r16,4,B,512,s2b-r16-49,512,512,0,10,512,512,1,10,1024,6,128,512,-1,1,0,-1,7,99,7,2,1548481,99,0,7,7,154.0,42.8,50.9
s2b-r16,4,B,512,s2b-r16-50,512,512,0,10,512,512,1,10,1024,6,128,512,-1,1,0,-1,7,102,7,2,1608719,102,0,7,7,51.0,42.8,50.9
s2b-r16,4,B,512,s2b-r16-51,512,512,0,10,512,512,1,10,1024,6,128,512,-1,1,0,-1,7,77,7,2,1213646,102,0,7,7,120.0,42.8,50.9
s2b-r16,4,B,512,s2b-r16-52,512,512,0,10,512,512,1,10,1024,6,128,512,-1,1,0,-1,7,101,7,2,1591437,102,0,7,7,52.0,42.8,50.9
s2b-r16,4,B,512,s2b-r16-53,512,512,0,10,512,512,1,10,1024,6,128,512,-1,1,0,-1,7,97,7,2,1530921,102,0,7,7,148.0,42.8,50.9
s2b-r16,4,B,512,s2b-r16-54,512,512,0,10,512,512,1,10,1024,6,128,512,-1,1,0,-1,7,101,7,2,1591620,101,0,7,7,66.0,42.8,50.9
s2b-r16,4,B,512,s2b-r16-55,512,512,0,10,512,512,1,10,1024,6,128,512,-1,1,0,-1,7,106,7,2,1661452,106,0,7,7,175.0,42.8,50.9
s2b-r16,4,B,512,s2b-r16-56,512,512,0,10,512,512,1,10,1024,6,128,512,-1,1,0,-1,7,96,7,2,1513161,96,0,7,7,61.0,42.8,50.9
s2b-r16,4,B,512,s2b-r16-57,512,512,0,10,512,512,1,10,1024,6,128,512,-1,1,0,-1,7,100,7,2,1568118,100,0,7,7,157.0,42.8,50.9
s2b-r16,4,B,512,s2b-r16-58,512,512,0,10,512,512,1,10,1024,6,128,512,-1,1,0,-1,7,103,7,2,1624865,103,0,7,7,51.0,42.8,50.9
s2b-r16,4,B,512,s2b-r16-59,512,512,0,10,512,512,1,10,1024,6,128,512,-1,1,0,-1,7,80,7,2,1259113,100,0,7,7,149.0,42.8,50.9
s2b-r16,4,B,512,s2b-r16-60,512,512,0,10,512,512,1,10,1024,6,128,512,-1,1,0,-1,7,103,7,2,1620102,103,0,7,7,48.0,42.8,50.9
s2b-r16,4,B,512,s2b-r16-61,512,512,0,10,512,512,1,10,1024,6,128,512,-1,1,0,-1,7,98,7,2,1542044,98,0,7,7,123.0,42.8,50.9
s2b-r16,4,B,512,s2b-r16-62,512,512,0,10,512,512,1,10,1024,6,128,512,-1,1,0,-1,7,76,7,2,1189573,98,0,7,7,49.0,42.8,50.9
s2b-r16,4,B,512,s2b-r16-63,512,512,0,10,512,512,1,10,1024,6,128,512,-1,1,0,-1,7,100,7,2,1568073,100,0,7,7,214.0,42.8,50.9
s2b-r16,4,B,512,s2b-r16-64,512,512,0,10,512,512,1,10,1024,6,128,512,-1,1,0,-1,7,104,7,2,1633096,104,0,7,7,48.0,42.8,50.9
s2b-r16,4,B,512,s2b-r16-65,512,512,0,10,512,512,1,10,1024,6,128,512,-1,1,0,-1,7,98,7,2,1541731,98,0,7,7,49.0,42.8,50.9
s2b-r16,4,B,512,s2b-r16-66,512,512,0,10,512,512,1,10,1024,6,128,512,-1,1,0,-1,7,98,7,2,1533424,98,0,7,7,129.0,42.8,50.9
s2b-r16,4,B,512,s2b-r16-67,512,512,0,10,512,512,1,10,1024,6,128,512,-1,1,0,-1,7,102,7,2,1605657,102,0,7,7,52.0,42.8,50.9
s2b-r16,4,B,512,s2b-r16-68,512,512,0,10,512,512,1,10,1024,6,128,512,-1,1,0,-1,7,100,7,2,1574049,99,0,7,7,303.0,42.8,50.9
s2b-r16,4,B,512,s2b-r16-69,512,512,0,10,512,512,1,10,1024,6,128,512,-1,1,0,-1,7,114,7,2,1781387,114,0,7,7,56.0,42.8,50.9
s2b-r16,4,B,512,s2b-r16-70,512,512,0,10,512,512,1,10,1024,6,128,512,-1,1,0,-1,7,104,7,2,1625069,104,0,7,7,198.0,42.8,50.9
s2b-r16,4,B,512,s2b-r16-71,512,512,0,10,512,512,1,10,1024,6,128,512,-1,1,0,-1,7,85,7,2,1343062,104,0,7,7,52.0,42.8,50.9
s2b-r16,4,B,512,s2b-r16-72,512,512,0,10,512,512,1,10,1024,6,128,512,-1,1,0,-1,7,99,7,2,1553735,104,0,7,7,49.0,42.8,50.9
s2b-r16,4,B,512,s2b-r16-73,512,512,0,10,512,512,1,10,1024,6,128,512,-1,1,0,-1,7,71,7,2,1124830,71,0,7,7,159.0,42.8,50.9
s2b-r16,4,B,512,s2b-r16-74,512,512,0,10,512,512,1,10,1024,6,128,512,-1,1,0,-1,7,104,7,2,1628106,104,0,7,7,59.0,42.8,50.9
s2b-r16,4,B,512,s2b-r16-75,512,512,0,10,512,512,1,10,1024,6,128,512,-1,1,0,-1,7,92,7,2,1451864,92,0,7,7,157.0,42.8,50.9
s2b-r16,4,B,512,s2b-r16-76,512,512,0,10,512,512,1,10,1024,6,128,512,-1,1,0,-1,7,103,7,2,1614871,103,0,7,7,55.0,42.8,50.9
s2b-r16,4,B,512,s2b-r16-77,512,512,0,10,512,512,1,10,1024,6,128,512,-1,1,0,-1,7,99,7,2,1561928,99,0,7,7,61.0,42.8,50.9
s2b-r16,4,B,512,s2b-r16-78,512,512,0,10,512,512,1,10,1024,6,128,512,-1,1,0,-1,7,104,7,2,1629543,104,0,7,7,53.0,42.8,50.9
s2b-r16,4,B,512,s2b-r16-79,512,512,0,10,512,512,1,10,1024,6,128,512,-1,1,0,-1,7,100,7,2,1571709,100,0,7,7,50.0,42.8,50.9
s2b-r16,4,B,512,s2b-r16-80,512,512,0,10,512,512,1,10,1024,6,128,512,-1,1,0,-1,7,101,7,2,1593473,101,0,7,7,50.0,42.8,50.9
s2b-r16,4,B,512,s2b-r16-81,512,512,0,10,512,512,1,10,1024,6,128,512,-1,1,0,-1,7,101,7,2,1582852,99,0,7,7,49.0,42.8,50.9
s2b-r16,4,B,512,s2b-r16-82,512,512,0,10,512,512,1,10,1024,6,128,512,-1,1,0,-1,7,80,7,2,1256893,77,0,7,7,156.0,42.8,50.9
s2b-r16,4,B,512,s2b-r16-83,512,512,0,10,512,512,1,10,1024,6,128,512,-1,1,0,-1,7,103,7,2,1609800,103,0,7,7,51.0,42.8,50.9
s2b-r16,4,B,512,s2b-r16-84,512,512,0,10,512,512,1,10,1024,6,128,512,-1,1,0,-1,7,98,7,2,1546313,98,0,7,7,51.0,42.8,50.9
s2b-r16,4,B,512,s2b-r16-85,512,512,0,10,512,512,1,10,1024,6,128,512,-1,1,0,-1,7,65,7,2,1018447,13,0,7,7,200.0,42.8,50.9
s2b-r16,4,B,512,s2b-r16-86,512,512,0,10,512,512,1,10,1024,6,128,512,-1,1,0,-1,7,105,7,2,1642513,105,0,7,7,51.0,42.8,50.9
s2b-r16,4,B,512,s2b-r16-87,512,512,0,10,512,512,1,10,1024,6,128,512,-1,1,0,-1,7,98,7,2,1532772,98,0,7,7,163.0,42.8,50.9
s2b-r16,4,B,512,s2b-r16-88,512,512,0,10,512,512,1,10,1024,6,128,512,-1,1,0,-1,7,78,7,2,1219116,78,0,7,7,51.0,42.8,50.9
s2b-r16,4,B,512,s2b-r16-89,512,512,0,10,512,512,1,10,1024,6,128,512,-1,1,0,-1,7,98,7,2,1538072,98,0,7,7,215.0,42.8,50.9
s2b-r16,4,B,512,s2b-r16-90,512,512,0,10,512,512,1,10,1024,6,128,512,-1,1,0,-1,7,104,7,2,1634270,104,0,7,7,54.0,42.8,50.9
s2b-r16,4,B,512,s2b-r16-91,512,512,0,10,512,512,1,10,1024,6,128,512,-1,1,0,-1,7,100,7,2,1564767,100,0,7,7,154.0,42.8,50.9
s2b-r16,4,B,512,s2b-r16-92,512,512,0,10,512,512,1,10,1024,6,128,512,-1,1,0,-1,7,103,7,2,1611497,103,0,7,7,54.0,42.8,50.9
s2b-r16,4,B,512,s2b-r16-93,512,512,0,10,512,512,1,10,1024,6,128,512,-1,1,0,-1,7,82,7,2,1282700,72,0,7,7,126.0,42.8,50.9
s2b-r16,4,B,512,s2b-r16-94,512,512,0,10,512,512,1,10,1024,6,128,512,-1,1,0,-1,7,102,7,2,1603853,102,0,7,7,49.0,42.8,50.9
s2b-r16,4,B,512,s2b-r16-95,512,512,0,10,512,512,1,10,1024,6,128,512,-1,1,0,-1,7,98,7,2,1541293,98,0,7,7,110.0,42.8,50.9
s2b-r16,4,B,512,s2b-r16-96,512,512,0,10,512,512,1,10,1024,6,128,512,-1,1,0,-1,7,75,7,2,1182707,72,0,7,7,51.0,42.8,50.9
s2b-r16,4,B,512,s2b-r16-97,512,512,0,10,512,512,1,10,1024,6,128,512,-1,1,0,-1,7,97,7,2,1530593,97,0,7,7,428.0,42.8,50.9
s2b-r16,4,B,512,s2b-r16-98,512,512,0,10,512,512,1,10,1024,6,128,512,-1,1,0,-1,7,106,7,2,1663259,106,0,7,7,56.0,42.8,50.9
s2b-r16,4,B,512,s2b-r16-99,512,512,0,10,512,512,1,10,1024,6,128,512,-1,1,0,-1,7,80,7,2,1261597,97,0,7,7,180.0,42.8,50.9
s2b-r16,4,B,512,s2b-r16-100,512,512,0,10,512,512,1,10,1024,6,128,512,-1,1,0,-1,7,105,7,2,1650089,105,0,7,7,57.0,42.8,50.9
s2b-r16,4,B,512,s2b-r16-101,512,512,0,10,512,512,1,10,1024,6,128,512,-1,1,0,-1,7,97,7,2,1531184,97,0,7,7,163.0,42.8,50.9
s2b-r16,4,B,512,s2b-r16-102,512,512,0,10,512,512,1,10,1024,6,128,512,-1,1,0,-1,7,83,7,2,1305902,97,0,7,7,54.0,42.8,50.9
s2b-r16,4,B,512,s2b-r16-103,512,512,0,10,512,512,1,10,1024,6,128,512,-1,1,0,-1,7,99,7,2,1552342,99,0,7,7,208.0,42.8,50.9
s2b-r16,4,B,512,s2b-r16-104,512,512,0,10,512,512,1,10,1024,6,128,512,-1,1,0,-1,7,110,7,2,1723910,110,0,7,7,54.0,42.8,50.9
s2b-r16,4,B,512,s2b-r16-105,512,512,0,10,512,512,1,10,1024,6,128,512,-1,1,0,-1,7,103,7,2,1623108,103,0,7,7,129.0,42.8,50.9
s2b-r16,4,B,512,s2b-r16-106,512,512,0,10,512,512,1,10,1024,6,128,512,-1,1,0,-1,7,101,7,2,1585527,103,0,7,7,48.0,42.8,50.9
s2b-r16,4,B,512,s2b-r16-107,512,512,0,10,512,512,1,10,1024,6,128,512,-1,1,0,-1,7,92,7,2,1446738,103,0,7,7,148.0,42.8,50.9
s2b-r16,4,B,512,s2b-r16-108,512,512,0,10,512,512,1,10,1024,6,128,512,-1,1,0,-1,7,103,7,2,1623940,103,0,7,7,47.0,42.8,50.9
s2b-r16,4,B,512,s2b-r16-109,512,512,0,10,512,512,1,10,1024,6,128,512,-1,1,0,-1,7,98,7,2,1531695,98,0,7,7,156.0,42.8,50.9
s2b-r16,4,B,512,s2b-r16-110,512,512,0,10,512,512,1,10,1024,6,128,512,-1,1,0,-1,7,79,7,2,1247253,98,0,7,7,60.0,42.8,50.9
s2b-r16,4,B,512,s2b-r16-111,512,512,0,10,512,512,1,10,1024,6,128,512,-1,1,0,-1,7,98,7,2,1546434,98,0,7,7,465.0,42.8,50.9
s2b-r16,4,B,512,s2b-r16-112,512,512,0,10,512,512,1,10,1024,6,128,512,-1,1,0,-1,7,114,7,2,1789068,114,0,7,7,53.0,42.8,50.9
s2b-r16,4,B,512,s2b-r16-113,512,512,0,10,512,512,1,10,1024,6,128,512,-1,1,0,-1,7,85,7,2,1328213,85,0,7,7,128.0,42.8,50.9
s2b-r16,4,B,512,s2b-r16-114,512,512,0,10,512,512,1,10,1024,6,128,512,-1,1,0,-1,7,102,7,2,1600674,102,0,7,7,58.0,42.8,50.9
s2b-r16,4,B,512,s2b-r16-115,512,512,0,10,512,512,1,10,1024,6,128,512,-1,1,0,-1,7,98,7,2,1546260,98,0,7,7,302.0,42.8,50.9
s2b-r16,4,B,512,s2b-r16-116,512,512,0,10,512,512,1,10,1024,6,128,512,-1,1,0,-1,7,114,7,2,1786760,114,0,7,7,50.0,42.8,50.9
s2b-r16,4,B,512,s2b-r16-117,512,512,0,10,512,512,1,10,1024,6,128,512,-1,1,0,-1,7,99,7,2,1558024,97,0,7,7,145.0,42.8,50.9
s2b-r16,4,B,512,s2b-r16-118,512,512,0,10,512,512,1,10,1024,0,1,512,0,0,0,-1,7,106,0,0,1657012,106,0,0,0,141.0,42.8,50.9
s2b-r16,4,B,512,s2b-r16-119,512,512,0,10,512,512,1,10,1024,6,128,512,6,1,0,-1,0,153,7,0,2404552,153,0,7,7,2106.0,42.8,50.9
s2b-r16,4,B,512,s2b-r16-120,512,512,0,10,512,512,1,10,1024,6,128,512,-1,1,0,-1,7,107,7,2,1675757,107,0,7,7,63.0,42.8,50.9
s2b-r16,4,B,512,s2b-r16-121,512,512,0,10,512,512,1,10,1024,6,128,512,-1,1,0,-1,7,100,7,2,1563729,100,0,7,7,157.0,42.8,50.9
s2b-r16,4,B,512,s2b-r16-122,512,512,0,10,512,512,1,10,1024,6,128,512,-1,1,0,-1,7,106,7,2,1661315,106,0,7,7,51.0,42.8,50.9
s2b-r16,4,B,512,s2b-r16-123,512,512,0,10,512,512,1,10,1024,6,128,512,-1,1,0,-1,7,100,7,2,1569926,100,0,7,7,147.0,42.8,50.9
s2b-r16,4,B,512,s2b-r16-124,512,512,0,10,512,512,1,10,1024,6,128,512,-1,1,0,-1,7,103,7,2,1612559,101,0,7,7,51.0,42.8,50.9
s2b-r16,4,B,512,s2b-r16-125,512,512,0,10,512,512,1,10,1024,6,128,512,-1,1,0,-1,7,81,7,2,1274341,56,0,7,7,164.0,42.8,50.9
s2b-r16,4,B,512,s2b-r16-126,512,512,0,10,512,512,1,10,1024,6,128,512,-1,1,0,-1,7,105,7,2,1644538,105,0,7,7,53.0,42.8,50.9
s2b-r16,4,B,512,s2b-r16-127,512,512,0,10,512,512,1,10,1024,6,128,512,-1,1,0,-1,7,100,7,2,1568737,100,0,7,7,157.0,42.8,50.9
s2b-r16,4,B,512,s2b-r16-128,512,512,0,10,512,512,1,10,1024,6,128,512,-1,1,0,-1,7,103,7,2,1618236,103,0,7,7,51.0,42.8,50.9
s2b-r16,4,B,512,s2b-r16-129,512,512,0,10,512,512,1,10,1024,6,128,512,-1,1,0,-1,7,102,7,2,1606955,102,0,7,7,263.0,42.8,50.9
s2b-r16,4,B,512,s2b-r16-130,512,512,0,10,512,512,1,10,1024,6,128,512,-1,1,0,-1,7,106,7,2,1666899,106,0,7,7,50.0,42.8,50.9
s2b-r16,4,B,512,s2b-r16-131,512,512,0,10,512,512,1,10,1024,6,128,512,-1,1,0,-1,7,99,7,2,1553481,102,0,7,7,150.0,42.8,50.9
s2b-r16,4,B,512,s2b-r16-132,512,512,0,10,512,512,1,10,1024,6,128,512,-1,1,0,-1,7,103,7,2,1609579,102,0,7,7,52.0,42.8,50.9
s2b-r16,4,B,512,s2b-r16-133,512,512,0,10,512,512,1,10,1024,6,128,512,-1,1,0,-1,7,101,7,2,1589493,102,0,7,7,128.0,42.8,50.9
s2b-r16,4,B,512,s2b-r16-134,512,512,0,10,512,512,1,10,1024,6,128,512,-1,1,0,-1,7,103,7,2,1620010,103,0,7,7,60.0,42.8,50.9
s2b-r16,4,B,512,s2b-r16-135,512,512,0,10,512,512,1,10,1024,6,128,512,-1,1,0,-1,7,82,7,2,1288449,103,0,7,7,57.0,42.8,50.9
s2b-r16,4,B,512,s2b-r16-136,512,512,0,10,512,512,1,10,1024,6,128,512,-1,1,0,-1,7,106,7,2,1665594,106,0,7,7,209.0,42.8,50.9
s2b-r16,4,B,512,s2b-r16-137,512,512,0,10,512,512,1,10,1024,6,128,512,-1,1,0,-1,7,107,7,2,1674942,107,0,7,7,58.0,42.8,50.9
s2b-r16,4,B,512,s2b-r16-138,512,512,0,10,512,512,1,10,1024,6,128,512,-1,1,0,-1,7,98,7,2,1536858,98,0,7,7,186.0,42.8,50.9
s2b-r16,4,B,512,s2b-r16-139,512,512,0,10,512,512,1,10,1024,6,128,512,-1,1,0,-1,7,105,7,2,1655300,105,0,7,7,55.0,42.8,50.9
s2b-r16,4,B,512,s2b-r16-140,512,512,0,10,512,512,1,10,1024,6,128,512,-1,1,0,-1,7,96,7,2,1504047,98,0,7,7,180.0,42.8,50.9
s2b-r16,4,B,512,s2b-r16-141,512,512,0,10,512,512,1,10,1024,6,128,512,-1,1,0,-1,7,111,7,2,1743498,111,0,7,7,55.0,42.8,50.9
s2b-r16,4,B,512,s2b-r16-142,512,512,0,10,512,512,1,10,1024,6,128,512,-1,1,0,-1,7,99,7,2,1556461,99,0,7,7,154.0,42.8,50.9
s2b-r16,4,B,512,s2b-r16-143,512,512,0,10,512,512,1,10,1024,6,128,512,-1,1,0,-1,7,82,7,2,1293544,99,0,7,7,58.0,42.8,50.9
s2b-r16,4,B,512,s2b-r16-144,512,512,0,10,512,512,1,10,1024,6,128,512,-1,1,0,-1,7,98,7,2,1546176,99,0,7,7,349.0,42.8,50.9
s2b-r16,4,B,512,s2b-r16-145,512,512,0,10,512,512,1,10,1024,6,128,512,-1,1,0,-1,7,111,7,2,1745085,111,0,7,7,49.0,42.8,50.9
s2b-r16,4,B,512,s2b-r16-146,512,512,0,10,512,512,1,10,1024,0,1,512,0,0,0,-1,7,78,0,0,1226765,78,0,0,0,122.0,42.8,50.9
s2b-r16,4,B,512,s2b-r16-147,512,512,0,10,512,512,1,10,1024,0,1,512,-1,0,0,-1,0,162,0,2,2540065,162,0,0,0,39.0,42.8,50.9
s2b-r16,4,B,512,s2b-r16-148,512,512,0,10,512,512,1,10,1024,6,64,512,6,1,0,-1,0,151,6,0,2360003,162,0,6,6,79.0,42.8,50.9
s2b-r16,4,B,512,s2b-r16-149,512,512,0,10,512,512,1,10,1024,0,16,512,0,0,0,-1,6,104,4,0,1631412,104,0,4,4,70.0,42.8,50.9
s2b-r16,4,B,512,s2b-r16-150,512,512,0,10,512,512,1,10,1024,0,16,512,-1,0,0,-1,4,116,4,2,1817191,98,0,4,4,38.0,42.8,50.9
s2b-r16,4,B,512,s2b-r16-151,512,512,0,10,512,512,1,10,1024,0,16,512,-1,0,0,-1,4,155,4,2,2425787,155,0,4,4,61.0,42.8,50.9
s2b-r16,4,B,512,s2b-r16-152,512,512,0,10,512,512,1,10,1024,0,16,512,-1,0,0,-1,4,138,4,2,2158302,155,0,4,4,26.0,42.8,50.9
s2b-r16,4,B,512,s2b-r16-153,512,512,0,10,512,512,1,10,1024,0,16,512,-1,0,0,-1,4,151,4,2,2372074,151,0,4,4,49.0,42.8,50.9
s2b-r16,4,B,512,s2b-r16-154,512,512,0,10,512,512,1,10,1024,6,128,512,6,1,0,-1,4,149,7,0,2335960,151,0,7,7,1833.0,42.8,50.9
s2b-r16,4,B,512,s2b-r16-155,512,512,0,10,512,512,1,10,1024,6,128,512,-1,1,0,-1,7,111,7,2,1749143,110,0,7,7,59.0,42.8,50.9
s2b-r16,4,B,512,s2b-r16-156,512,512,0,10,512,512,1,10,1024,6,128,512,-1,1,0,-1,7,129,7,2,2023735,110,0,7,7,127.0,42.8,50.9
s2b-r16,4,B,512,s2b-r16-157,512,512,0,10,512,512,1,10,1024,6,128,512,-1,1,0,-1,7,92,7,2,1448937,41,0,7,7,55.0,42.8,50.9
s2b-r16,4,B,512,s2b-r16-158,512,512,0,10,512,512,1,10,1024,6,128,512,-1,1,0,-1,7,100,7,2,1565809,100,0,7,7,151.0,42.8,50.9
s2b-r16,4,B,512,s2b-r16-159,512,512,0,10,512,512,1,10,1024,6,128,512,-1,1,0,-1,7,105,7,2,1642710,105,0,7,7,50.0,42.8,50.9
s2b-r16,4,B,512,s2b-r16-160,512,512,0,10,512,512,1,10,1024,6,128,512,-1,1,0,-1,7,69,7,2,1086391,64,0,7,7,175.0,42.8,50.9
s2b-r16,4,B,512,s2b-r16-161,512,512,0,10,512,512,1,10,1024,6,128,512,-1,1,0,-1,7,112,7,2,1757149,112,0,7,7,52.0,42.8,50.9
s2b-r16,4,B,512,s2b-r16-162,512,512,0,10,512,512,1,10,1024,6,128,512,-1,1,0,-1,7,99,7,2,1549195,112,0,7,7,182.0,42.8,50.9
s2b-r16,4,B,512,s2b-r16-163,512,512,0,10,512,512,1,10,1024,6,128,512,-1,1,0,-1,7,103,7,2,1610356,112,0,7,7,50.0,42.8,50.9
s2b-r16,4,B,512,s2b-r16-164,512,512,0,10,512,512,1,10,1024,6,128,512,-1,1,0,-1,7,98,7,2,1533818,112,0,7,7,142.0,42.8,50.9
s2b-r16,4,B,512,s2b-r16-165,512,512,0,10,512,512,1,10,1024,6,128,512,-1,1,0,-1,7,80,7,2,1262604,54,0,7,7,50.0,42.8,50.9
s2b-r16,4,B,512,s2b-r16-166,512,512,0,10,512,512,1,10,1024,6,128,512,-1,1,0,-1,7,98,7,2,1537941,98,0,7,7,181.0,42.8,50.9
s2b-r16,4,B,512,s2b-r16-167,512,512,0,10,512,512,1,10,1024,6,128,512,-1,1,0,-1,7,104,7,2,1635052,104,0,7,7,50.0,42.8,50.9
s2b-r16,4,B,512,s2b-r16-168,512,512,0,10,512,512,1,10,1024,6,128,512,-1,1,0,-1,7,72,7,2,1125005,31,0,7,7,125.0,42.8,50.9
s2b-r16,4,B,512,s2b-r16-169,512,512,0,10,512,512,1,10,1024,6,128,512,-1,1,0,-1,7,103,7,2,1617721,103,0,7,7,48.0,42.8,50.9
s2b-r16,4,B,512,s2b-r16-170,512,512,0,10,512,512,1,10,1024,6,128,512,-1,1,0,-1,7,78,7,2,1228387,78,0,7,7,187.0,42.8,50.9
s2b-r16,4,B,512,s2b-r16-171,512,512,0,10,512,512,1,10,1024,6,128,512,-1,1,0,-1,7,103,7,2,1618105,103,0,7,7,56.0,42.8,50.9
s2b-r16,4,B,512,s2b-r16-172,512,512,0,10,512,512,1,10,1024,6,128,512,-1,1,0,-1,7,103,7,2,1622893,103,0,7,7,203.0,42.8,50.9
s2b-r16,4,B,512,s2b-r16-173,512,512,0,10,512,512,1,10,1024,6,128,512,-1,1,0,-1,7,80,7,2,1263087,103,0,7,7,51.0,42.8,50.9
s2b-r16,4,B,512,s2b-r16-174,512,512,0,10,512,512,1,10,1024,6,128,512,-1,1,0,-1,7,100,7,2,1570878,103,0,7,7,153.0,42.8,50.9
s2b-r16,4,B,512,s2b-r16-175,512,512,0,10,512,512,1,10,1024,6,128,512,-1,1,0,-1,7,103,7,2,1611060,103,0,7,7,50.0,42.8,50.9
s2b-r16,4,B,512,s2b-r16-176,512,512,0,10,512,512,1,10,1024,6,128,512,-1,1,0,-1,7,98,7,2,1546803,98,0,7,7,155.0,42.8,50.9
s2b-r16,4,B,512,s2b-r16-177,512,512,0,10,512,512,1,10,1024,6,128,512,-1,1,0,-1,7,104,7,2,1634889,104,0,7,7,51.0,42.8,50.9
s2b-r16,4,B,512,s2b-r16-178,512,512,0,10,512,512,1,10,1024,6,128,512,-1,1,0,-1,7,81,7,2,1270514,98,0,7,7,171.0,42.8,50.9
s2b-r16,4,B,512,s2b-r16-179,512,512,0,10,512,512,1,10,1024,6,128,512,-1,1,0,-1,7,105,7,2,1643669,105,0,7,7,55.0,42.8,50.9
s2b-r16,4,B,512,s2b-r16-180,512,512,0,10,512,512,1,10,1024,6,128,512,-1,1,0,-1,7,99,7,2,1550129,99,0,7,7,50.0,42.8,50.9
s2b-r16,4,B,512,s2b-r16-181,512,512,0,10,512,512,1,10,1024,6,128,512,-1,1,0,-1,7,75,7,2,1173026,99,0,7,7,82.0,42.8,50.9
s2b-r16,4,B,512,s2b-r16-182,512,512,0,10,512,512,1,10,1024,6,128,512,-1,1,0,-1,7,100,7,2,1568697,100,0,7,7,49.0,42.8,50.9
s2b-r16,4,B,512,s2b-r16-183,512,512,0,10,512,512,1,10,1024,6,128,512,-1,1,0,-1,7,73,7,2,1143481,73,0,7,7,147.0,42.8,50.9
s2b-r16,4,B,512,s2b-r16-184,512,512,0,10,512,512,1,10,1024,6,128,512,-1,1,0,-1,7,104,7,2,1634477,104,0,7,7,54.0,42.8,50.9
s2b-r16,4,B,512,s2b-r16-185,512,512,0,10,512,512,1,10,1024,6,128,512,-1,1,0,-1,7,97,7,2,1527307,97,0,7,7,173.0,42.8,50.9
s2b-r16,4,B,512,s2b-r16-186,512,512,0,10,512,512,1,10,1024,6,128,512,-1,1,0,-1,7,90,7,2,1410432,90,0,7,7,57.0,42.8,50.9
s2b-r16,4,B,512,s2b-r16-187,512,512,0,10,512,512,1,10,1024,6,128,512,-1,1,0,-1,7,103,7,2,1616741,103,0,7,7,184.0,42.8,50.9
s2b-r16,4,B,512,s2b-r16-188,512,512,0,10,512,512,1,10,1024,6,128,512,-1,1,0,-1,7,102,7,2,1607504,103,0,7,7,58.0,42.8,50.9
s2b-r16,4,B,512,s2b-r16-189,512,512,0,10,512,512,1,10,1024,6,128,512,-1,1,0,-1,7,101,7,2,1592711,103,0,7,7,177.0,42.8,50.9
s2b-r16,4,B,512,s2b-r16-190,512,512,0,10,512,512,1,10,1024,6,128,512,-1,1,0,-1,7,108,7,2,1689889,108,0,7,7,55.0,42.8,50.9
s2b-r16,4,B,512,s2b-r16-191,512,512,0,10,512,512,1,10,1024,6,128,512,-1,1,0,-1,7,83,7,2,1299353,74,0,7,7,187.0,42.8,50.9
s2b-r16,4,B,512,s2b-r16-192,512,512,0,10,512,512,1,10,1024,6,128,512,-1,1,0,-1,7,111,7,2,1747987,111,0,7,7,50.0,42.8,50.9
s2b-r16,4,B,512,s2b-r16-193,512,512,0,10,512,512,1,10,1024,6,128,512,-1,1,0,-1,7,91,7,2,1428637,91,0,7,7,64.0,42.8,50.9
s2b-r16,4,B,512,s2b-r16-194,512,512,0,10,512,512,1,10,1024,6,128,512,-1,1,0,-1,7,101,7,2,1584489,101,0,7,7,47.0,42.8,50.9
s2b-r16,4,B,512,s2b-r16-195,512,512,0,10,512,512,1,10,1024,6,128,512,-1,1,0,-1,7,75,7,2,1177082,75,0,7,7,134.0,42.8,50.9
s2b-r16,4,B,512,s2b-r16-196,512,512,0,10,512,512,1,10,1024,6,128,512,-1,1,0,-1,7,104,7,2,1625170,104,0,7,7,47.0,42.8,50.9
s2b-r16,4,B,512,s2b-r16-197,512,512,0,10,512,512,1,10,1024,6,128,512,-1,1,0,-1,7,86,7,2,1356531,86,0,7,7,177.0,42.8,50.9
s2b-r16,4,B,512,s2b-r16-198,512,512,0,10,512,512,1,10,1024,6,128,512,-1,1,0,-1,7,115,7,2,1803162,115,0,7,7,57.0,42.8,50.9
s2b-r16,4,B,512,s2b-r16-199,512,512,0,10,512,512,1,10,1024,6,128,512,-1,1,0,-1,7,94,7,2,1483379,115,0,7,7,177.0,42.8,50.9
s2b-r16,4,B,512,s2b-r16-200,512,512,0,10,512,512,1,10,1024,6,128,512,-1,1,0,-1,7,104,7,2,1633996,115,0,7,7,57.0,42.8,50.9
s2b-r16,4,B,512,s2b-r16-201,512,512,0,10,512,512,1,10,1024,6,128,512,-1,1,0,-1,7,102,7,2,1604005,115,0,7,7,172.0,42.8,50.9
s2b-r16,4,B,512,s2b-r16-202,512,512,0,10,512,512,1,10,1024,6,128,512,-1,1,0,-1,7,82,7,2,1285377,64,0,7,7,50.0,42.8,50.9
s2b-r16,4,B,512,s2b-r16-203,512,512,0,10,512,512,1,10,1024,6,128,512,-1,1,0,-1,7,98,7,2,1532036,98,0,7,7,161.0,42.8,50.9
s2b-r16,4,B,512,s2b-r16-204,512,512,0,10,512,512,1,10,1024,6,128,512,-1,1,0,-1,7,104,7,2,1629152,104,0,7,7,55.0,42.8,50.9
s2b-r16,4,B,512,s2b-r16-205,512,512,0,10,512,512,1,10,1024,6,128,512,-1,1,0,-1,7,102,7,2,1599769,102,0,7,7,172.0,42.8,50.9
s2b-r16,4,B,512,s2b-r16-206,512,512,0,10,512,512,1,10,1024,6,128,512,-1,1,0,-1,7,103,7,2,1617195,103,0,7,7,52.0,42.8,50.9
s2b-r16,4,B,512,s2b-r16-207,512,512,0,10,512,512,1,10,1024,6,128,512,-1,1,0,-1,7,101,7,2,1591073,103,0,7,7,156.0,42.8,50.9
s2b-r16,4,B,512,s2b-r16-208,512,512,0,10,512,512,1,10,1024,6,128,512,-1,1,0,-1,7,103,7,2,1616343,103,0,7,7,53.0,42.8,50.9
s2b-r16,4,B,512,s2b-r16-209,512,512,0,10,512,512,1,10,1024,6,128,512,-1,1,0,-1,7,81,7,2,1273638,103,0,7,7,143.0,42.8,50.9
s2b-r16,4,B,512,s2b-r16-210,512,512,0,10,512,512,1,10,1024,0,2,512,1,0,0,-1,7,102,1,0,1596660,102,0,1,1,147.0,42.8,50.9
s2b-r16,4,B,512,s2b-r16-211,512,512,0,10,512,512,1,10,1024,6,64,512,6,1,0,-1,1,156,6,0,2444772,156,0,6,6,2096.0,42.8,50.9
s2b-r16,4,B,512,s2b-r16-212,512,512,0,10,512,512,1,10,1024,6,64,512,-1,1,0,-1,6,108,6,2,1691628,108,0,6,6,79.0,42.8,50.9
s2b-r16,4,B,512,s2b-r16-213,512,512,0,10,512,512,1,10,1024,6,64,512,-1,1,0,-1,6,107,6,2,1680358,102,0,6,6,52.0,42.8,50.9
s2b-r16,4,B,512,s2b-r16-214,512,512,0,10,512,512,1,10,1024,6,64,512,-1,1,0,-1,6,93,6,2,1465208,12,0,6,6,53.0,42.8,50.9
s2b-r16,4,B,512,s2b-r16-215,512,512,0,10,512,512,1,10,1024,6,64,512,-1,1,0,-1,6,99,6,2,1547144,99,0,6,6,84.0,42.8,50.9
s2b-r16,4,B,512,s2b-r16-216,512,512,0,10,512,512,1,10,1024,6,64,512,-1,1,0,-1,6,99,6,2,1555131,99,0,6,6,54.0,42.8,50.9
s2b-r16,4,B,512,s2b-r16-217,512,512,0,10,512,512,1,10,1024,6,64,512,-1,1,0,-1,6,100,6,2,1569374,100,0,6,6,181.0,42.8,50.9
s2b-r16,4,B,512,s2b-r16-218,512,512,0,10,512,512,1,10,1024,6,64,512,-1,1,0,-1,6,105,6,2,1647350,105,0,6,6,54.0,42.8,50.9
s2b-r16,4,B,512,s2b-r16-219,512,512,0,10,512,512,1,10,1024,6,64,512,-1,1,0,-1,6,105,6,2,1646118,105,0,6,6,60.0,42.8,50.9
s2b-r16,4,B,512,s2b-r16-220,512,512,0,10,512,512,1,10,1024,6,64,512,-1,1,0,-1,6,103,6,2,1619912,105,0,6,6,54.0,42.8,50.9
s2b-r16,4,B,512,s2b-r16-221,512,512,0,10,512,512,1,10,1024,6,64,512,-1,1,0,-1,6,83,6,2,1305595,105,0,6,6,148.0,42.8,50.9
s2b-r16,4,B,512,s2b-r16-222,512,512,0,10,512,512,1,10,1024,6,64,512,-1,1,0,-1,6,105,6,2,1643945,105,0,6,6,47.0,42.8,50.9
s2b-r16,4,B,512,s2b-r16-223,512,512,0,10,512,512,1,10,1024,6,64,512,-1,1,0,-1,6,81,6,2,1279518,105,0,6,6,125.0,42.8,50.9
s2b-r16,4,B,512,s2b-r16-224,512,512,0,10,512,512,1,10,1024,6,64,512,-1,1,0,-1,6,103,6,2,1612908,105,0,6,6,50.0,42.8,50.9
s2b-r16,4,B,512,s2b-r16-225,512,512,0,10,512,512,1,10,1024,6,64,512,-1,1,0,-1,6,86,6,2,1353223,86,0,6,6,180.0,42.8,50.9
s2b-r16,4,B,512,s2b-r16-226,512,512,0,10,512,512,1,10,1024,6,64,512,-1,1,0,-1,6,116,6,2,1822601,116,0,6,6,54.0,42.8,50.9
s2b-r16,4,B,512,s2b-r16-227,512,512,0,10,512,512,1,10,1024,6,128,512,7,1,0,-1,6,98,7,0,1541427,98,0,7,7,294.0,42.8,50.9
s2b-r16,4,B,512,s2b-r16-228,512,512,0,10,512,512,1,10,1024,6,128,512,-1,1,0,-1,7,111,7,2,1743917,111,0,7,7,47.0,42.8,50.9
s2b-r16,4,B,512,s2b-r16-229,512,512,0,10,512,512,1,10,1024,6,128,512,-1,1,0,-1,7,83,7,2,1307486,83,0,7,7,172.0,42.8,50.9
s2b-r16,4,B,512,s2b-r16-230,512,512,0,10,512,512,1,10,1024,6,128,512,-1,1,0,-1,7,112,7,2,1763154,112,0,7,7,54.0,42.8,50.9
s2b-r16,4,B,512,s2b-r16-231,512,512,0,10,512,512,1,10,1024,6,64,512,6,1,0,-1,7,96,6,0,1514571,96,0,6,6,237.0,42.8,50.9
s2b-r16,4,B,512,s2b-r16-232,512,512,0,10,512,512,1,10,1024,6,64,512,-1,1,0,-1,6,116,6,2,1814918,116,0,6,6,55.0,42.8,50.9
s2b-r16,4,B,512,s2b-r16-233,512,512,0,10,512,512,1,10,1024,6,64,512,-1,1,0,-1,6,93,6,2,1466668,116,0,6,6,142.0,42.8,50.9
s2b-r16,4,B,512,s2b-r16-234,512,512,0,10,512,512,1,10,1024,6,64,512,-1,1,0,-1,6,106,6,2,1669577,116,0,6,6,49.0,42.8,50.9
s2b-r16,4,B,512,s2b-r16-235,512,512,0,10,512,512,1,10,1024,6,64,512,-1,1,0,-1,6,93,6,2,1453328,93,0,6,6,48.0,42.8,50.9
s2b-r16,4,B,512,s2b-r16-236,512,512,0,10,512,512,1,10,1024,6,64,512,-1,1,0,-1,6,98,6,2,1538231,98,0,6,6,154.0,42.8,50.9
s2b-r16,4,B,512,s2b-r16-237,512,512,0,10,512,512,1,10,1024,6,64,512,-1,1,0,-1,6,103,6,2,1619228,103,0,6,6,53.0,42.8,50.9
s2b-r16,4,B,512,s2b-r16-238,512,512,0,10,512,512,1,10,1024,6,64,512,-1,1,0,-1,6,78,6,2,1233605,93,0,6,6,147.0,42.8,50.9
s2b-r16,4,B,512,s2b-r16-239,512,512,0,10,512,512,1,10,1024,6,64,512,-1,1,0,-1,6,104,6,2,1632627,104,0,6,6,56.0,42.8,50.9
s2b-r16,4,B,512,s2b-r16-240,512,512,0,10,512,512,1,10,1024,6,64,512,-1,1,0,-1,6,100,6,2,1570996,104,0,6,6,392.0,42.8,50.9
s2b-r16,4,B,512,s2b-r16-241,512,512,0,10,512,512,1,10,1024,6,64,512,-1,1,0,-1,6,115,6,2,1809767,115,0,6,6,55.0,42.8,50.9
s2b-r16,4,B,512,s2b-r16-242,512,512,0,10,512,512,1,10,1024,6,64,512,-1,1,0,-1,6,84,6,2,1322738,104,0,6,6,125.0,42.8,50.9
s2b-r16,4,B,512,s2b-r16-243,512,512,0,10,512,512,1,10,1024,6,64,512,-1,1,0,-1,6,101,6,2,1585742,101,0,6,6,52.0,42.8,50.9
s2b-r16,4,B,512,s2b-r16-244,512,512,0,10,512,512,1,10,1024,6,64,512,-1,1,0,-1,6,88,6,2,1386652,101,0,6,6,178.0,42.8,50.9
s2b-r16,4,B,512,s2b-r16-245,512,512,0,10,512,512,1,10,1024,6,64,512,-1,1,0,-1,6,108,6,2,1692205,108,0,6,6,56.0,42.8,50.9
s2b-r16,4,B,512,s2b-r16-246,512,512,0,10,512,512,1,10,1024,0,32,512,5,0,0,-1,6,102,5,0,1605992,102,0,5,5,146.0,42.8,50.9
s2b-r16,4,B,512,s2b-r16-247,512,512,0,10,512,512,1,10,1024,6,64,512,6,1,0,-1,5,92,6,0,1443306,112,0,6,6,2063.0,42.8,50.9
s2b-r16,4,B,512,s2b-r16-248,512,512,0,10,512,512,1,10,1024,0,2,512,1,0,0,-1,6,109,1,0,1711967,112,0,1,1,124.0,42.8,50.9
s2b-r16,4,B,512,s2b-r16-249,512,512,0,10,512,512,1,10,1024,6,128,512,6,1,0,-1,1,84,7,0,1323782,112,0,7,7,2082.0,42.8,50.9
s2b-r16,4,B,512,s2b-r16-250,512,512,0,10,512,512,1,10,1024,6,128,512,-1,1,0,-1,7,111,7,2,1734560,111,0,7,7,73.0,42.8,50.9
s2b-r16,4,B,512,s2b-r16-251,512,512,0,10,512,512,1,10,1024,6,128,512,-1,1,0,-1,7,83,7,2,1298301,111,0,7,7,344.0,42.8,50.9
s2b-r16,4,B,512,s2b-r16-252,512,512,0,10,512,512,1,10,1024,6,128,512,-1,1,0,-1,7,115,7,2,1802963,115,0,7,7,55.0,42.8,50.9
s2b-r16,4,B,512,s2b-r16-253,512,512,0,10,512,512,1,10,1024,6,128,512,-1,1,0,-1,7,98,7,2,1537468,98,0,7,7,184.0,42.8,50.9
s2b-r16,4,B,512,s2b-r16-254,512,512,0,10,512,512,1,10,1024,6,128,512,-1,1,0,-1,7,105,7,2,1648479,105,0,7,7,57.0,42.8,50.9
s2b-r16,4,B,512,s2b-r16-255,512,512,0,10,512,512,1,10,1024,6,128,512,-1,1,0,-1,7,105,7,2,1642013,105,0,7,7,177.0,42.8,50.9
s2b-r16,4,B,512,s2b-r16-256,512,512,0,10,512,512,1,10,1024,6,128,512,-1,1,0,-1,7,84,7,2,1321802,98,0,7,7,57.0,42.8,50.9
s2b-r16,4,B,512,s2b-r16-257,512,512,0,10,512,512,1,10,1024,6,128,512,-1,1,0,-1,7,100,7,2,1566972,100,0,7,7,53.0,42.8,50.9
s2b-r16,4,B,512,s2b-r16-258,512,512,0,10,512,512,1,10,1024,6,128,512,-1,1,0,-1,7,74,7,2,1160206,100,0,7,7,52.0,42.8,50.9
s2b-r16,4,B,512,s2b-r16-259,512,512,0,10,512,512,1,10,1024,6,128,512,-1,1,0,-1,7,98,7,2,1546604,100,0,7,7,148.0,42.8,50.9
s2b-r16,4,B,512,s2b-r16-260,512,512,0,10,512,512,1,10,1024,6,128,512,-1,1,0,-1,7,107,7,2,1682213,107,0,7,7,48.0,42.8,50.9
s2b-r16,4,B,512,s2b-r16-261,512,512,0,10,512,512,1,10,1024,0,2,512,1,0,0,-1,7,97,7,0,1523166,97,0,7,7,131.0,42.8,50.9
s2b-r16,4,B,512,s2b-r16-262,512,512,0,10,512,512,1,10,1024,0,2,512,0,0,0,-1,6,108,1,0,1699591,108,0,1,1,57.0,42.8,50.9
s2b-r16,4,B,512,s2b-r16-263,512,512,0,10,512,512,1,10,1024,6,64,512,-1,1,0,-1,6,109,6,2,1703634,109,0,6,6,18.0,42.8,50.9
s2b-r16,4,B,512,s2b-r16-264,512,512,0,10,512,512,1,10,1024,6,64,512,-1,1,0,-1,6,83,6,2,1311845,97,0,6,6,153.0,42.8,50.9
s2b-r16,4,B,512,s2b-r16-265,512,512,0,10,512,512,1,10,1024,0,1,512,0,0,0,-1,6,110,0,0,1724492,110,0,0,0,60.0,42.8,50.9
s2b-r16,4,B,512,s2b-r16-266,512,512,0,10,512,512,1,10,1024,0,2,512,-1,0,0,-1,1,115,1,2,1801995,115,0,1,1,25.0,42.8,50.9
s2b-r16,4,B,512,s2b-r16-267,512,512,0,10,512,512,1,10,1024,6,64,512,6,1,0,-1,0,159,6,0,2498277,159,0,6,6,95.0,42.8,50.9
s2b-r16,4,B,512,s2b-r16-268,512,512,0,10,512,512,1,10,1024,6,128,512,7,1,0,-1,6,106,7,0,1666413,110,0,7,7,86.0,42.8,50.9
s2b-r16,4,B,512,s2b-r16-269,512,512,0,10,512,512,1,10,1024,6,128,512,-1,1,0,-1,7,104,7,2,1633960,99,0,7,7,100.0,42.8,50.9
s2b-r16,4,B,512,s2b-r16-270,512,512,0,10,512,512,1,10,1024,6,128,512,-1,1,0,-1,7,93,7,2,1459753,99,0,7,7,129.0,42.8,50.9
s2b-r16,4,B,512,s2b-r16-271,512,512,0,10,512,512,1,10,1024,6,128,512,-1,1,0,-1,7,102,7,2,1602239,102,0,7,7,49.0,42.8,50.9
s2b-r16,4,B,512,s2b-r16-272,512,512,0,10,512,512,1,10,1024,6,128,512,-1,1,0,-1,7,98,7,2,1533215,99,0,7,7,141.0,42.8,50.9
s2b-r16,4,B,512,s2b-r16-273,512,512,0,10,512,512,1,10,1024,6,128,512,-1,1,0,-1,7,67,7,2,1055189,67,0,7,7,50.0,42.8,50.9
s2b-r16,4,B,512,s2b-r16-274,512,512,0,10,512,512,1,10,1024,6,128,512,-1,1,0,-1,7,99,7,2,1552725,99,0,7,7,211.0,42.8,50.9
s2b-r16,4,B,512,s2b-r16-275,512,512,0,10,512,512,1,10,1024,6,128,512,-1,1,0,-1,7,105,7,2,1649854,105,0,7,7,49.0,42.8,50.9
s2b-r16,4,B,512,s2b-r16-276,512,512,0,10,512,512,1,10,1024,6,128,512,-1,1,0,-1,7,75,7,2,1172704,75,0,7,7,180.0,42.8,50.9
s2b-r16,4,B,512,s2b-r16-277,512,512,0,10,512,512,1,10,1024,6,128,512,-1,1,0,-1,7,105,7,2,1650215,105,0,7,7,58.0,42.8,50.9
s2b-r16,4,B,512,s2b-r16-278,512,512,0,10,512,512,1,10,1024,6,128,512,-1,1,0,-1,7,98,7,2,1534888,98,0,7,7,217.0,42.8,50.9
s2b-r16,4,B,512,s2b-r16-279,512,512,0,10,512,512,1,10,1024,6,128,512,-1,1,0,-1,7,113,7,2,1774552,113,0,7,7,55.0,42.8,50.9
s2b-r16,4,B,512,s2b-r16-280,512,512,0,10,512,512,1,10,1024,6,128,512,-1,1,0,-1,7,100,7,2,1565053,100,0,7,7,242.0,42.8,50.9
s2b-r16,4,B,512,s2b-r16-281,512,512,0,10,512,512,1,10,1024,6,128,512,-1,1,0,-1,7,107,7,2,1686518,107,0,7,7,50.0,42.8,50.9
s2b-r16,4,B,512,s2b-r16-282,512,512,0,10,512,512,1,10,1024,6,128,512,-1,1,0,-1,7,103,7,2,1621076,107,0,7,7,180.0,42.8,50.9
s2b-r16,4,B,512,s2b-r16-283,512,512,0,10,512,512,1,10,1024,6,128,512,-1,1,0,-1,7,106,7,2,1664390,107,0,7,7,51.0,42.8,50.9
s2b-r16,4,B,512,s2b-r16-284,512,512,0,10,512,512,1,10,1024,6,128,512,-1,1,0,-1,7,102,7,2,1603859,107,0,7,7,152.0,42.8,50.9
s2b-r16,4,B,512,s2b-r16-285,512,512,0,10,512,512,1,10,1024,6,128,512,-1,1,0,-1,7,106,7,2,1660059,107,0,7,7,49.0,42.8,50.9
s2b-r16,4,B,512,s2b-r16-286,512,512,0,10,512,512,1,10,1024,6,128,512,-1,1,0,-1,7,82,7,2,1285591,69,0,7,7,146.0,42.8,50.9
s2b-r16,4,B,512,s2b-r16-287,512,512,0,10,512,512,1,10,1024,6,128,512,-1,1,0,-1,7,106,7,2,1658650,106,0,7,7,51.0,42.8,50.9
s2b-r16,4,B,512,s2b-r16-288,512,512,0,10,512,512,1,10,1024,6,128,512,-1,1,0,-1,7,88,7,2,1376875,88,0,7,7,205.0,42.8,50.9
s2b-r16,4,B,512,s2b-r16-289,512,512,0,10,512,512,1,10,1024,6,128,512,-1,1,0,-1,7,104,7,2,1627500,104,0,7,7,59.0,42.8,50.9
s2b-r16,4,B,512,s2b-r16-290,512,512,0,10,512,512,1,10,1024,6,128,512,-1,1,0,-1,7,99,7,2,1559303,104,0,7,7,205.0,42.8,50.9
s2b-r16,4,B,512,s2b-r16-291,512,512,0,10,512,512,1,10,1024,6,128,512,-1,1,0,-1,7,80,7,2,1254760,104,0,7,7,48.0,42.8,50.9
s2b-r16,4,B,512,s2b-r16-292,512,512,0,10,512,512,1,10,1024,6,128,512,-1,1,0,-1,7,98,7,2,1537851,104,0,7,7,254.0,42.8,50.9
s2b-r16,4,B,512,s2b-r16-293,512,512,0,10,512,512,1,10,1024,6,128,512,-1,1,0,-1,7,109,7,2,1715939,109,0,7,7,54.0,42.8,50.9
s2b-r16,4,B,512,s2b-r16-294,512,512,0,10,512,512,1,10,1024,6,128,512,-1,1,0,-1,7,102,7,2,1605950,109,0,7,7,206.0,42.8,50.9
s2b-r16,4,B,512,s2b-r16-295,512,512,0,10,512,512,1,10,1024,6,128,512,-1,1,0,-1,7,113,7,2,1778146,113,0,7,7,61.0,42.8,50.9
s2b-r16,4,B,512,s2b-r16-296,512,512,0,10,512,512,1,10,1024,6,128,512,-1,1,0,-1,7,86,7,2,1355013,109,0,7,7,147.0,42.8,50.9
s2b-r16,4,B,512,s2b-r16-297,512,512,0,10,512,512,1,10,1024,6,128,512,-1,1,0,-1,7,102,7,2,1607010,102,0,7,7,48.0,42.8,50.9
s2b-r16,4,B,512,s2b-r16-298,512,512,0,10,512,512,1,10,1024,6,64,512,-1,1,0,-1,6,86,6,2,1356409,102,0,6,6,144.0,42.8,50.9
s2b-r16,4,B,512,s2b-r16-299,512,512,0,10,512,512,1,10,1024,6,64,512,-1,1,0,-1,6,107,6,2,1677156,107,0,6,6,53.0,42.8,50.9
s2b-r16,4,B,512,s2b-r16-300,512,512,0,10,512,512,1,10,1024,6,64,512,-1,1,0,-1,6,94,6,2,1475389,94,0,6,6,63.0,42.8,50.9
s2b-r16,4,B,512,s2b-r16-301,512,512,0,10,512,512,1,10,1024,6,64,512,-1,1,0,-1,6,106,6,2,1660312,106,0,6,6,108.0,42.8,50.9
s2b-r16,4,B,512,s2b-r16-302,512,512,0,10,512,512,1,10,1024,6,64,512,-1,1,0,-1,6,89,6,2,1392772,94,0,6,6,54.0,42.8,50.9
s2b-r16,4,B,512,s2b-r16-303,512,512,0,10,512,512,1,10,1024,6,64,512,-1,1,0,-1,6,100,6,2,1562847,100,0,6,6,173.0,42.8,50.9
s2b-r16,4,B,512,s2b-r16-304,512,512,0,10,512,512,1,10,1024,6,64,512,-1,1,0,-1,6,106,6,2,1670586,106,0,6,6,56.0,42.8,50.9
s2b-r16,4,B,512,s2b-r16-305,512,512,0,10,512,512,1,10,1024,6,64,512,-1,1,0,-1,6,81,6,2,1280543,106,0,6,6,181.0,42.8,50.9
s2b-r16,4,B,512,s2b-r16-306,512,512,0,10,512,512,1,10,1024,6,64,512,-1,1,0,-1,6,106,6,2,1656873,106,0,6,6,55.0,42.8,50.9
s2b-r16,4,B,512,s2b-r16-307,512,512,0,10,512,512,1,10,1024,6,64,512,-1,1,0,-1,6,103,6,2,1616576,106,0,6,6,187.0,42.8,50.9
s2b-r16,4,B,512,s2b-r16-308,512,512,0,10,512,512,1,10,1024,6,64,512,-1,1,0,-1,6,80,6,2,1255238,57,0,6,6,56.0,42.8,50.9
s2b-r16,4,B,512,s2b-r16-309,512,512,0,10,512,512,1,10,1024,6,64,512,-1,1,0,-1,6,100,6,2,1571255,100,0,6,6,157.0,42.8,50.9
s2b-r16,4,B,512,s2b-r16-310,512,512,0,10,512,512,1,10,1024,6,64,512,-1,1,0,-1,6,105,6,2,1645247,105,0,6,6,49.0,42.8,50.9
s2b-r16,4,B,512,s2b-r16-311,512,512,0,10,512,512,1,10,1024,6,64,512,-1,1,0,-1,6,72,6,2,1132884,69,0,6,6,147.0,42.8,50.9
s2b-r16,4,B,512,s2b-r16-312,512,512,0,10,512,512,1,10,1024,6,64,512,-1,1,0,-1,6,103,6,2,1613534,103,0,6,6,52.0,42.8,50.9
s2b-r16,4,B,512,s2b-r16-313,512,512,0,10,512,512,1,10,1024,6,64,512,-1,1,0,-1,6,99,6,2,1550724,99,0,6,6,117.0,42.8,50.9
s2b-r16,4,B,512,s2b-r16-314,512,512,0,10,512,512,1,10,1024,6,64,512,-1,1,0,-1,6,90,6,2,1412613,90,0,6,6,47.0,42.8,50.9
s2b-r16,4,B,512,s2b-r16-315,512,512,0,10,512,512,1,10,1024,6,64,512,-1,1,0,-1,6,97,6,2,1528991,97,0,6,6,160.0,42.8,50.9
s2b-r16,4,B,512,s2b-r16-316,512,512,0,10,512,512,1,10,1024,6,64,512,-1,1,0,-1,6,115,6,2,1800781,115,0,6,6,49.0,42.8,50.9
s2b-r16,4,B,512,s2b-r16-317,512,512,0,10,512,512,1,10,1024,6,64,512,-1,1,0,-1,6,100,6,2,1562788,100,0,6,6,203.0,42.8,50.9
s2b-r16,4,B,512,s2b-r16-318,512,512,0,10,512,512,1,10,1024,6,64,512,-1,1,0,-1,6,104,6,2,1633763,104,0,6,6,56.0,42.8,50.9
s2b-r16,4,B,512,s2b-r16-319,512,512,0,10,512,512,1,10,1024,6,64,512,-1,1,0,-1,6,103,6,2,1621506,101,0,6,6,187.0,42.8,50.9
s2b-r16,4,B,512,s2b-r16-320,512,512,0,10,512,512,1,10,1024,6,64,512,-1,1,0,-1,6,105,6,2,1646983,105,0,6,6,48.0,42.8,50.9
s2b-r16,4,B,512,s2b-r16-321,512,512,0,10,512,512,1,10,1024,6,64,512,-1,1,0,-1,6,82,6,2,1283022,105,0,6,6,139.0,42.8,50.9
s2b-r16,4,B,512,s2b-r16-322,512,512,0,10,512,512,1,10,1024,6,64,512,-1,1,0,-1,6,101,6,2,1593649,105,0,6,6,60.0,42.8,50.9
s2b-r16,4,B,512,s2b-r16-323,512,512,0,10,512,512,1,10,1024,6,64,512,-1,1,0,-1,6,99,6,2,1561238,105,0,6,6,190.0,42.8,50.9
s2b-r16,4,B,512,s2b-r16-324,512,512,0,10,512,512,1,10,1024,6,64,512,-1,1,0,-1,6,110,6,2,1733530,110,0,6,6,51.0,42.8,50.9
s2b-r16,4,B,512,s2b-r16-325,512,512,0,10,512,512,1,10,1024,6,64,512,-1,1,0,-1,6,99,6,2,1549172,110,0,6,6,128.0,42.8,50.9
s2b-r16,4,B,512,s2b-r16-326,512,512,0,10,512,512,1,10,1024,6,64,512,-1,1,0,-1,6,105,6,2,1655681,110,0,6,6,48.0,42.8,50.9
s2b-r16,4,B,512,s2b-r16-327,512,512,0,10,512,512,1,10,1024,6,64,512,-1,1,0,-1,6,102,6,2,1604550,110,0,6,6,207.0,42.8,50.9
s2b-r16,4,B,512,s2b-r16-328,512,512,0,10,512,512,1,10,1024,6,64,512,-1,1,0,-1,6,105,6,2,1653732,110,0,6,6,54.0,42.8,50.9
s2b-r16,4,B,512,s2b-r16-329,512,512,0,10,512,512,1,10,1024,6,64,512,-1,1,0,-1,6,104,6,2,1625580,104,0,6,6,199.0,42.8,50.9
s2b-r16,4,B,512,s2b-r16-330,512,512,0,10,512,512,1,10,1024,6,64,512,-1,1,0,-1,6,109,6,2,1716888,109,0,6,6,55.0,42.8,50.9
s2b-r16,4,B,512,s2b-r16-331,512,512,0,10,512,512,1,10,1024,6,64,512,-1,1,0,-1,6,84,6,2,1314272,104,0,6,6,205.0,42.8,50.9
s2b-r16,4,B,512,s2b-r16-332,512,512,0,10,512,512,1,10,1024,6,64,512,-1,1,0,-1,6,110,6,2,1723831,110,0,6,6,58.0,42.8,50.9
s2b-r16,4,B,512,s2b-r16-333,512,512,0,10,512,512,1,10,1024,6,64,512,-1,1,0,-1,6,101,6,2,1582831,101,0,6,6,64.0,42.8,50.9
s2b-r16,4,B,512,s2b-r16-334,512,512,0,10,512,512,1,10,1024,6,64,512,-1,1,0,-1,6,78,6,2,1225888,101,0,6,6,53.0,42.8,50.9
s2b-r16,4,B,512,s2b-r16-335,512,512,0,10,512,512,1,10,1024,6,64,512,-1,1,0,-1,6,96,6,2,1510845,101,0,6,6,128.0,42.8,50.9
s2b-r16,4,B,512,s2b-r16-336,512,512,0,10,512,512,1,10,1024,6,64,512,-1,1,0,-1,6,101,6,2,1589417,101,0,6,6,50.0,42.8,50.9
s2b-r16,4,B,512,s2b-r16-337,512,512,0,10,512,512,1,10,1024,6,64,512,-1,1,0,-1,6,63,6,2,998209,53,0,6,6,146.0,42.8,50.9
s2b-r16,4,B,512,s2b-r16-338,512,512,0,10,512,512,1,10,1024,0,16,512,0,0,0,-1,6,102,4,0,1600540,102,0,4,4,56.0,42.8,50.9
s2b-r16,4,B,512,s2b-r16-339,512,512,0,10,512,512,1,10,1024,0,16,512,-1,0,0,-1,4,151,4,2,2364387,151,0,4,4,37.0,42.8,50.9
s2b-r16,4,B,512,s2b-r16-340,512,512,0,10,512,512,1,10,1024,6,128,512,6,1,0,-1,4,90,7,0,1414619,0,0,7,7,2389.0,42.8,50.9
s2b-r16,4,B,512,s2b-r16-341,512,512,0,10,512,512,1,10,1024,0,32,512,1,0,0,-1,7,133,5,0,2088903,133,0,5,5,83.0,42.8,50.9
s2b-r16,4,B,512,s2b-r16-342,512,512,0,10,512,512,1,10,1024,0,32,512,-1,0,0,-1,5,90,5,2,1415791,80,0,5,5,16.0,42.8,50.9
s2b-r16,4,B,512,s2b-r16-343,512,512,0,10,512,512,1,10,1024,6,128,512,6,1,0,-1,5,154,7,0,2418202,154,0,7,7,2178.0,42.8,50.9
s2b-r16,4,B,512,s2b-r16-344,512,512,0,10,512,512,1,10,1024,6,128,512,-1,1,0,-1,7,121,7,2,1901718,121,0,7,7,73.0,42.8,50.9
s2b-r16,4,B,512,s2b-r16-345,512,512,0,10,512,512,1,10,1024,6,128,512,-1,1,0,-1,7,102,7,2,1596966,102,0,7,7,206.0,42.8,50.9
s2b-r16,4,B,512,s2b-r16-346,512,512,0,10,512,512,1,10,1024,6,128,512,-1,1,0,-1,7,104,7,2,1625412,104,0,7,7,54.0,42.8,50.9
s2b-r16,4,B,512,s2b-r16-347,512,512,0,10,512,512,1,10,1024,6,128,512,-1,1,0,-1,7,101,7,2,1585316,101,0,7,7,174.0,42.8,50.9
s2b-r16,4,B,512,s2b-r16-348,512,512,0,10,512,512,1,10,1024,6,128,512,-1,1,0,-1,7,106,7,2,1670636,105,0,7,7,48.0,42.8,50.9
s2b-r16,4,B,512,s2b-r16-349,512,512,0,10,512,512,1,10,1024,6,128,512,-1,1,0,-1,7,81,7,2,1278859,105,0,7,7,50.0,42.8,50.9
s2b-r16,4,B,512,s2b-r16-350,512,512,0,10,512,512,1,10,1024,6,128,512,-1,1,0,-1,7,99,7,2,1552414,105,0,7,7,169.0,42.8,50.9
s2b-r16,4,B,512,s2b-r16-351,512,512,0,10,512,512,1,10,1024,6,128,512,-1,1,0,-1,7,100,7,2,1577888,105,0,7,7,49.0,42.8,50.9
s2b-r16,4,B,512,s2b-r16-352,512,512,0,10,512,512,1,10,1024,6,128,512,-1,1,0,-1,7,74,7,2,1157917,74,0,7,7,152.0,42.8,50.9
s2b-r16,4,B,512,s2b-r16-353,512,512,0,10,512,512,1,10,1024,6,128,512,-1,1,0,-1,7,102,7,2,1609025,102,0,7,7,56.0,42.8,50.9
s2b-r16,4,B,512,s2b-r16-354,512,512,0,10,512,512,1,10,1024,6,128,512,-1,1,0,-1,7,98,7,2,1541683,98,0,7,7,154.0,42.8,50.9
s2b-r16,4,B,512,s2b-r16-355,512,512,0,10,512,512,1,10,1024,6,128,512,-1,1,0,-1,7,85,7,2,1336316,85,0,7,7,49.0,42.8,50.9
s2b-r16,4,B,512,s2b-r16-356,512,512,0,10,512,512,1,10,1024,6,128,512,-1,1,0,-1,7,102,7,2,1607148,102,0,7,7,135.0,42.8,50.9
s2b-r16,4,B,512,s2b-r16-357,512,512,0,10,512,512,1,10,1024,6,128,512,-1,1,0,-1,7,63,7,2,988527,85,0,7,7,54.0,42.8,50.9
s2b-r16,4,B,512,s2b-r16-358,512,512,0,10,512,512,1,10,1024,6,128,512,-1,1,0,-1,7,98,7,2,1543591,98,0,7,7,178.0,42.8,50.9
s2b-r16,4,B,512,s2b-r16-359,512,512,0,10,512,512,1,10,1024,6,128,512,-1,1,0,-1,7,104,7,2,1638117,104,0,7,7,56.0,42.8,50.9
s2b-r16,4,B,512,s2b-r16-360,512,512,0,10,512,512,1,10,1024,6,128,512,-1,1,0,-1,7,73,7,2,1155708,104,0,7,7,50.0,42.8,50.9
s2b-r16,4,B,512,s2b-r16-361,512,512,0,10,512,512,1,10,1024,6,128,512,-1,1,0,-1,7,97,7,2,1521952,104,0,7,7,61.0,42.8,50.9
s2b-r16,4,B,512,s2b-r16-362,512,512,0,10,512,512,1,10,1024,6,128,512,-1,1,0,-1,7,101,7,2,1592275,104,0,7,7,49.0,42.8,50.9
s2b-r16,4,B,512,s2b-r16-363,512,512,0,10,512,512,1,10,1024,6,128,512,-1,1,0,-1,7,98,7,2,1533739,98,0,7,7,145.0,42.8,50.9
s2b-r16,4,B,512,s2b-r16-364,512,512,0,10,512,512,1,10,1024,6,128,512,-1,1,0,-1,7,102,7,2,1602876,102,0,7,7,49.0,42.8,50.9
s2b-r16,4,B,512,s2b-r16-365,512,512,0,10,512,512,1,10,1024,6,128,512,-1,1,0,-1,7,86,7,2,1348777,98,0,7,7,146.0,42.8,50.9
s2b-r16,4,B,512,s2b-r16-366,512,512,0,10,512,512,1,10,1024,6,128,512,-1,1,0,-1,7,104,7,2,1632677,104,0,7,7,50.0,42.8,50.9
s2b-r16,4,B,512,s2b-r16-367,512,512,0,10,512,512,1,10,1024,6,128,512,-1,1,0,-1,7,97,7,2,1522466,97,0,7,7,140.0,42.8,50.9
s2b-r16,4,B,512,s2b-r16-368,512,512,0,10,512,512,1,10,1024,6,128,512,-1,1,0,-1,7,102,7,2,1608739,102,0,7,7,50.0,42.8,50.9
s2b-r16,4,B,512,s2b-r16-369,512,512,0,10,512,512,1,10,1024,6,128,512,-1,1,0,-1,7,99,7,2,1555562,99,0,7,7,206.0,42.8,50.9
s2b-r16,4,B,512,s2b-r16-370,512,512,0,10,512,512,1,10,1024,6,128,512,-1,1,0,-1,7,106,7,2,1665902,106,0,7,7,48.0,42.8,50.9
s2b-r16,4,B,512,s2b-r16-371,512,512,0,10,512,512,1,10,1024,6,128,512,-1,1,0,-1,7,98,7,2,1536876,98,0,7,7,127.0,42.8,50.9
s2b-r16,4,B,512,s2b-r16-372,512,512,0,10,512,512,1,10,1024,6,128,512,-1,1,0,-1,7,105,7,2,1641803,105,0,7,7,51.0,42.8,50.9
s2b-r16,4,B,512,s2b-r16-373,512,512,0,10,512,512,1,10,1024,6,128,512,-1,1,0,-1,7,101,7,2,1587472,98,0,7,7,167.0,42.8,50.9
s2b-r16,4,B,512,s2b-r16-374,512,512,0,10,512,512,1,10,1024,6,128,512,-1,1,0,-1,7,103,7,2,1616210,103,0,7,7,50.0,42.8,50.9
s2b-r16,4,B,512,s2b-r16-375,512,512,0,10,512,512,1,10,1024,6,128,512,-1,1,0,-1,7,101,7,2,1578900,99,0,7,7,122.0,42.8,50.9
s2b-r16,4,B,512,s2b-r16-376,512,512,0,10,512,512,1,10,1024,6,128,512,-1,1,0,-1,7,105,7,2,1646609,105,0,7,7,52.0,42.8,50.9
s2b-r16,4,B,512,s2b-r16-377,512,512,0,10,512,512,1,10,1024,0,1,512,0,0,0,-1,7,81,0,0,1280528,105,0,0,0,103.0,42.8,50.9
s2b-r16,4,B,512,s2b-r16-378,512,512,0,10,512,512,1,10,1024,0,2,512,1,0,0,-1,4,155,1,0,2426160,155,0,1,1,67.0,42.8,50.9
s2b-r16,4,B,512,s2b-r16-379,512,512,0,10,512,512,1,10,1024,6,64,512,6,1,0,-1,1,148,6,0,2319244,148,0,6,6,101.0,42.8,50.9
s2b-r16,4,B,512,s2b-r16-380,512,512,0,10,512,512,1,10,1024,6,64,512,-1,1,0,-1,6,102,6,2,1602786,102,0,6,6,18.0,42.8,50.9
s2b-r16,4,B,512,s2b-r16-381,512,512,0,10,512,512,1,10,1024,6,64,512,-1,1,0,-1,6,102,6,2,1606544,102,0,6,6,18.0,42.8,50.9
s2b-r16,4,B,512,s2b-r16-382,512,512,0,10,512,512,1,10,1024,6,128,512,7,1,0,-1,6,98,7,0,1536950,102,0,7,7,61.0,42.8,50.9
s2b-r16,4,B,512,s2b-r16-383,512,512,0,10,512,512,1,10,1024,6,128,512,-1,1,0,-1,7,109,7,2,1706064,102,0,7,7,49.0,42.8,50.9
s2b-r16,4,B,512,s2b-r16-384,512,512,0,10,512,512,1,10,1024,6,128,512,-1,1,0,-1,7,99,7,2,1547388,97,0,7,7,51.0,42.8,50.9
s2b-r16,4,B,512,s2b-r16-385,512,512,0,10,512,512,1,10,1024,6,128,512,-1,1,0,-1,7,98,7,2,1536775,98,0,7,7,48.0,42.8,50.9
s2b-r16,4,B,512,s2b-r16-386,512,512,0,10,512,512,1,10,1024,6,128,512,-1,1,0,-1,7,98,7,2,1545170,98,0,7,7,49.0,42.8,50.9
s2b-r16,4,B,512,s2b-r16-387,512,512,0,10,512,512,1,10,1024,6,128,512,-1,1,0,-1,7,78,7,2,1227536,97,0,7,7,181.0,42.8,50.9
s2b-r16,4,B,512,s2b-r16-388,512,512,0,10,512,512,1,10,1024,6,128,512,-1,1,0,-1,7,104,7,2,1631092,104,0,7,7,53.0,42.8,50.9
s2b-r16,4,B,512,s2b-r16-389,512,512,0,10,512,512,1,10,1024,6,128,512,-1,1,0,-1,7,98,7,2,1545043,104,0,7,7,148.0,42.8,50.9
s2b-r16,4,B,512,s2b-r16-390,512,512,0,10,512,512,1,10,1024,6,128,512,-1,1,0,-1,7,80,7,2,1258944,104,0,7,7,56.0,42.8,50.9
s2b-r16,4,B,512,s2b-r16-391,512,512,0,10,512,512,1,10,1024,6,128,512,-1,1,0,-1,7,100,7,2,1566402,104,0,7,7,50.0,42.8,50.9
s2b-r16,4,B,512,s2b-r16-392,512,512,0,10,512,512,1,10,1024,6,128,512,-1,1,0,-1,7,74,7,2,1171072,74,0,7,7,182.0,42.8,50.9
s2b-r16,4,B,512,s2b-r16-393,512,512,0,10,512,512,1,10,1024,6,128,512,-1,1,0,-1,7,109,7,2,1713236,109,0,7,7,65.0,42.8,50.9
s2b-r16,4,B,512,s2b-r16-394,512,512,0,10,512,512,1,10,1024,0,32,512,5,0,0,-1,7,90,7,0,1421487,90,0,7,7,144.0,42.8,50.9
s2b-r16,4,B,512,s2b-r16-395,512,512,0,10,512,512,1,10,1024,6,128,512,-1,1,0,-1,7,111,7,2,1749563,111,0,7,7,49.0,42.8,50.9
s2b-r16,4,B,512,s2b-r16-396,512,512,0,10,512,512,1,10,1024,6,128,512,-1,1,0,-1,7,91,7,2,1428104,111,0,7,7,151.0,42.8,50.9
s2b-r16,4,B,512,s2b-r16-397,512,512,0,10,512,512,1,10,1024,6,128,512,-1,1,0,-1,7,110,7,2,1727020,111,0,7,7,50.0,42.8,50.9
s2b-r16,4,B,512,s2b-r16-398,512,512,0,10,512,512,1,10,1024,6,128,512,-1,1,0,-1,7,92,7,2,1441240,92,0,7,7,130.0,42.8,50.9
s2b-r16,4,B,512,s2b-r16-399,512,512,0,10,512,512,1,10,1024,6,128,512,-1,1,0,-1,7,105,7,2,1655253,105,0,7,7,47.0,42.8,50.9
s2b-r16,4,B,512,s2b-r16-400,512,512,0,10,512,512,1,10,1024,6,128,512,-1,1,0,-1,7,87,7,2,1368492,92,0,7,7,153.0,42.8,50.9
s2b-r16,4,B,512,s2b-r16-401,512,512,0,10,512,512,1,10,1024,6,128,512,-1,1,0,-1,7,113,7,2,1775745,113,0,7,7,50.0,42.8,50.9
s2b-r16,4,B,512,s2b-r16-402,512,512,0,10,512,512,1,10,1024,6,128,512,-1,1,0,-1,7,91,7,2,1435932,91,0,7,7,188.0,42.8,50.9
s2b-r16,4,B,512,s2b-r16-403,512,512,0,10,512,512,1,10,1024,6,128,512,-1,1,0,-1,7,103,7,2,1623496,103,0,7,7,57.0,42.8,50.9
s2b-r16,4,B,512,s2b-r16-404,512,512,0,10,512,512,1,10,1024,6,128,512,-1,1,0,-1,7,101,7,2,1591404,101,0,7,7,151.0,42.8,50.9
s2b-r16,4,B,512,s2b-r16-405,512,512,0,10,512,512,1,10,1024,6,128,512,-1,1,0,-1,7,81,7,2,1268064,59,0,7,7,50.0,42.8,50.9
s2b-r16,4,B,512,s2b-r16-406,512,512,0,10,512,512,1,10,1024,6,128,512,-1,1,0,-1,7,99,7,2,1558999,99,0,7,7,51.0,42.8,50.9
s2b-r16,4,B,512,s2b-r16-407,512,512,0,10,512,512,1,10,1024,6,128,512,-1,1,0,-1,7,71,7,2,1112910,71,0,7,7,164.0,42.8,50.9
s2b-r16,4,B,512,s2b-r16-408,512,512,0,10,512,512,1,10,1024,6,128,512,-1,1,0,-1,7,104,7,2,1640225,104,0,7,7,57.0,42.8,50.9
s2b-r16,4,B,512,s2b-r16-409,512,512,0,10,512,512,1,10,1024,6,128,512,-1,1,0,-1,7,101,7,2,1579382,101,0,7,7,258.0,42.8,50.9
s2b-r16,4,B,512,s2b-r16-410,512,512,0,10,512,512,1,10,1024,6,128,512,-1,1,0,-1,7,112,7,2,1763061,112,0,7,7,51.0,42.8,50.9
s2b-r16,4,B,512,s2b-r16-411,512,512,0,10,512,512,1,10,1024,6,128,512,-1,1,0,-1,7,99,7,2,1559177,101,0,7,7,47.0,42.8,50.9
s2b-r16,4,B,512,s2b-r16-412,512,512,0,10,512,512,1,10,1024,6,128,512,-1,1,0,-1,7,82,7,2,1290691,101,0,7,7,54.0,42.8,50.9
s2b-r16,4,B,512,s2b-r16-413,512,512,0,10,512,512,1,10,1024,6,128,512,-1,1,0,-1,7,102,7,2,1597900,102,0,7,7,127.0,42.8,50.9
s2b-r16,4,B,512,s2b-r16-414,512,512,0,10,512,512,1,10,1024,6,128,512,-1,1,0,-1,7,104,7,2,1627228,104,0,7,7,55.0,42.8,50.9
s2b-r16,4,B,512,s2b-r16-415,512,512,0,10,512,512,1,10,1024,6,128,512,-1,1,0,-1,7,77,7,2,1212629,102,0,7,7,156.0,42.8,50.9
s2b-r16,4,B,512,s2b-r16-416,512,512,0,10,512,512,1,10,1024,6,128,512,-1,1,0,-1,7,105,7,2,1651337,105,0,7,7,53.0,42.8,50.9
s2b-r16,4,B,512,s2b-r16-417,512,512,0,10,512,512,1,10,1024,6,128,512,-1,1,0,-1,7,61,7,2,967213,58,0,7,7,129.0,42.8,50.9
s2b-r16,4,B,512,s2b-r16-418,512,512,0,10,512,512,1,10,1024,6,128,512,-1,1,0,-1,7,107,7,2,1685785,107,0,7,7,48.0,42.8,50.9
s2b-r16,4,B,512,s2b-r16-419,512,512,0,10,512,512,1,10,1024,6,128,512,-1,1,0,-1,7,85,7,2,1338107,85,0,7,7,99.0,42.8,50.9
s2b-r16,4,B,512,s2b-r16-420,512,512,0,10,512,512,1,10,1024,6,128,512,-1,1,0,-1,7,104,7,2,1634182,104,0,7,7,55.0,42.8,50.9
s2b-r16,4,B,512,s2b-r16-421,512,512,0,10,512,512,1,10,1024,6,128,512,-1,1,0,-1,7,98,7,2,1536050,104,0,7,7,168.0,42.8,50.9
s2b-r16,4,B,512,s2b-r16-422,512,512,0,10,512,512,1,10,1024,6,128,512,-1,1,0,-1,7,78,7,2,1225510,104,0,7,7,55.0,42.8,50.9
s2b-r16,4,B,512,s2b-r16-423,512,512,0,10,512,512,1,10,1024,6,128,512,-1,1,0,-1,7,99,7,2,1556571,104,0,7,7,134.0,42.8,50.9
s2b-r16,4,B,512,s2b-r16-424,512,512,0,10,512,512,1,10,1024,6,128,512,-1,1,0,-1,7,104,7,2,1629713,104,0,7,7,48.0,42.8,50.9
s2b-r16,4,B,512,s2b-r16-425,512,512,0,10,512,512,1,10,1024,6,128,512,-1,1,0,-1,7,74,7,2,1168833,104,0,7,7,179.0,42.8,50.9
s2b-r16,4,B,512,s2b-r16-426,512,512,0,10,512,512,1,10,1024,6,128,512,-1,1,0,-1,7,104,7,2,1637891,104,0,7,7,47.0,42.8,50.9
s2b-r16,4,B,512,s2b-r16-427,512,512,0,10,512,512,1,10,1024,6,128,512,-1,1,0,-1,7,99,7,2,1560210,104,0,7,7,203.0,42.8,50.9
s2b-r16,4,B,512,s2b-r16-428,512,512,0,10,512,512,1,10,1024,6,128,512,-1,1,0,-1,7,104,7,2,1634485,104,0,7,7,51.0,42.8,50.9
s2b-r16,4,B,512,s2b-r16-429,512,512,0,10,512,512,1,10,1024,6,128,512,-1,1,0,-1,7,98,7,2,1544281,104,0,7,7,50.0,42.8,50.9
s2b-r16,4,B,512,s2b-r16-430,512,512,0,10,512,512,1,10,1024,6,128,512,-1,1,0,-1,7,80,7,2,1261130,104,0,7,7,154.0,42.8,50.9
s2b-r16,4,B,512,s2b-r16-431,512,512,0,10,512,512,1,10,1024,6,128,512,-1,1,0,-1,7,103,7,2,1615190,104,0,7,7,53.0,42.8,50.9
s2b-r16,4,B,512,s2b-r16-432,512,512,0,10,512,512,1,10,1024,6,128,512,-1,1,0,-1,7,98,7,2,1533597,98,0,7,7,184.0,42.8,50.9
s2b-r16,4,B,512,s2b-r16-433,512,512,0,10,512,512,1,10,1024,6,128,512,-1,1,0,-1,7,90,7,2,1421641,98,0,7,7,54.0,42.8,50.9
s2b-r16,4,B,512,s2b-r16-434,512,512,0,10,512,512,1,10,1024,6,128,512,-1,1,0,-1,7,98,7,2,1545813,98,0,7,7,148.0,42.8,50.9
s2b-r16,4,B,512,s2b-r16-435,512,512,0,10,512,512,1,10,1024,6,128,512,-1,1,0,-1,7,108,7,2,1696296,108,0,7,7,49.0,42.8,50.9
s2b-r16,4,B,512,s2b-r16-436,512,512,0,10,512,512,1,10,1024,6,128,512,-1,1,0,-1,7,97,7,2,1530566,97,0,7,7,223.0,42.8,50.9
s2b-r16,4,B,512,s2b-r16-437,512,512,0,10,512,512,1,10,1024,6,128,512,-1,1,0,-1,7,106,7,2,1661679,106,0,7,7,55.0,42.8,50.9
s2b-r16,4,B,512,s2b-r16-438,512,512,0,10,512,512,1,10,1024,6,128,512,-1,1,0,-1,7,102,7,2,1598628,99,0,7,7,92.0,42.8,50.9
s2b-r16,4,B,512,s2b-r16-439,512,512,0,10,512,512,1,10,1024,6,128,512,-1,1,0,-1,7,102,7,2,1603686,100,0,7,7,124.0,42.8,50.9
s2b-r16,4,B,512,s2b-r16-440,512,512,0,10,512,512,1,10,1024,6,128,512,-1,1,0,-1,7,81,7,2,1277181,74,0,7,7,48.0,42.8,50.9
s2b-r16,4,B,512,s2b-r16-441,512,512,0,10,512,512,1,10,1024,6,128,512,-1,1,0,-1,7,99,7,2,1561584,99,0,7,7,468.0,42.8,50.9
s2b-r16,4,B,512,s2b-r16-442,512,512,0,10,512,512,1,10,1024,6,128,512,-1,1,0,-1,7,112,7,2,1751864,112,0,7,7,49.0,42.8,50.9
s2b-r16,4,B,512,s2b-r16-443,512,512,0,10,512,512,1,10,1024,6,128,512,-1,1,0,-1,7,92,7,2,1449884,92,0,7,7,131.0,42.8,50.9
s2b-r16,4,B,512,s2b-r16-444,512,512,0,10,512,512,1,10,1024,6,128,512,-1,1,0,-1,7,105,7,2,1642569,105,0,7,7,53.0,42.8,50.9
s2b-r16,4,B,512,s2b-r16-445,512,512,0,10,512,512,1,10,1024,6,128,512,-1,1,0,-1,7,69,7,2,1083119,105,0,7,7,213.0,42.8,50.9
s2b-r16,4,B,512,s2b-r16-446,512,512,0,10,512,512,1,10,1024,6,128,512,-1,1,0,-1,7,106,7,2,1661349,106,0,7,7,53.0,42.8,50.9
s2b-r16,4,B,512,s2b-r16-447,512,512,0,10,512,512,1,10,1024,6,128,512,-1,1,0,-1,7,99,7,2,1560536,105,0,7,7,138.0,42.8,50.9
s2b-r16,4,B,512,s2b-r16-448,512,512,0,10,512,512,1,10,1024,6,128,512,-1,1,0,-1,7,110,7,2,1725456,110,0,7,7,49.0,42.8,50.9
s2b-r16,4,B,512,s2b-r16-449,512,512,0,10,512,512,1,10,1024,6,128,512,-1,1,0,-1,7,99,7,2,1554860,110,0,7,7,153.0,42.8,50.9
s2b-r16,4,B,512,s2b-r16-450,512,512,0,10,512,512,1,10,1024,6,128,512,-1,1,0,-1,7,94,7,2,1469269,110,0,7,7,51.0,42.8,50.9
s2b-r16,4,B,512,s2b-r16-451,512,512,0,10,512,512,1,10,1024,6,128,512,-1,1,0,-1,7,100,7,2,1567917,110,0,7,7,260.0,42.8,50.9
s2b-r16,4,B,512,s2b-r16-452,512,512,0,10,512,512,1,10,1024,6,128,512,-1,1,0,-1,7,105,7,2,1641080,105,0,7,7,49.0,42.8,50.9
s2b-r16,4,B,512,s2b-r16-453,512,512,0,10,512,512,1,10,1024,6,128,512,-1,1,0,-1,7,99,7,2,1549689,105,0,7,7,131.0,42.8,50.9
s2b-r16,4,B,512,s2b-r16-454,512,512,0,10,512,512,1,10,1024,6,128,512,-1,1,0,-1,7,101,7,2,1591948,105,0,7,7,51.0,42.8,50.9
s2b-r16,4,B,512,s2b-r16-455,512,512,0,10,512,512,1,10,1024,6,128,512,-1,1,0,-1,7,101,7,2,1587913,105,0,7,7,189.0,42.8,50.9
s2b-r16,4,B,512,s2b-r16-456,512,512,0,10,512,512,1,10,1024,6,128,512,-1,1,0,-1,7,105,7,2,1648370,105,0,7,7,48.0,42.8,50.9
s2b-r16,4,B,512,s2b-r16-457,512,512,0,10,512,512,1,10,1024,6,128,512,-1,1,0,-1,7,81,7,2,1278571,70,0,7,7,173.0,42.8,50.9
s2b-r16,4,B,512,s2b-r16-458,512,512,0,10,512,512,1,10,1024,6,128,512,-1,1,0,-1,7,105,7,2,1648667,105,0,7,7,58.0,42.8,50.9
s2b-r16,4,B,512,s2b-r16-459,512,512,0,10,512,512,1,10,1024,6,128,512,-1,1,0,-1,7,90,7,2,1407075,90,0,7,7,166.0,42.8,50.9
s2b-r16,4,B,512,s2b-r16-460,512,512,0,10,512,512,1,10,1024,6,128,512,-1,1,0,-1,7,112,7,2,1750810,112,0,7,7,55.0,42.8,50.9
s2b-r16,4,B,512,s2b-r16-461,512,512,0,10,512,512,1,10,1024,6,128,512,-1,1,0,-1,7,94,7,2,1471887,112,0,7,7,138.0,42.8,50.9
s2b-r16,4,B,512,s2b-r16-462,512,512,0,10,512,512,1,10,1024,6,128,512,-1,1,0,-1,7,104,7,2,1637537,112,0,7,7,50.0,42.8,50.9
s2b-r16,4,B,512,s2b-r16-463,512,512,0,10,512,512,1,10,1024,6,128,512,-1,1,0,-1,7,90,7,2,1410299,90,0,7,7,119.0,42.8,50.9
s2b-r16,4,B,512,s2b-r16-464,512,512,0,10,512,512,1,10,1024,6,128,512,-1,1,0,-1,7,104,7,2,1626831,104,0,7,7,128.0,42.8,50.9
s2b-r16,4,B,512,s2b-r16-465,512,512,0,10,512,512,1,10,1024,6,128,512,-1,1,0,-1,7,101,7,2,1592847,101,0,7,7,48.0,42.8,50.9
s2b-r16,4,B,512,s2b-r16-466,512,512,0,10,512,512,1,10,1024,6,128,512,-1,1,0,-1,7,79,7,2,1245379,90,0,7,7,145.0,42.8,50.9
s2b-r16,4,B,512,s2b-r16-467,512,512,0,10,512,512,1,10,1024,6,128,512,-1,1,0,-1,7,102,7,2,1604320,102,0,7,7,48.0,42.8,50.9
s2b-r16,4,B,512,s2b-r16-468,512,512,0,10,512,512,1,10,1024,6,128,512,-1,1,0,-1,7,99,7,2,1558331,102,0,7,7,51.0,42.8,50.9
s2b-r16,4,B,512,s2b-r16-469,512,512,0,10,512,512,1,10,1024,6,128,512,-1,1,0,-1,7,75,7,2,1173606,102,0,7,7,175.0,42.8,50.9
s2b-r16,4,B,512,s2b-r16-470,512,512,0,10,512,512,1,10,1024,6,128,512,-1,1,0,-1,7,105,7,2,1647692,105,0,7,7,47.0,42.8,50.9
s2b-r16,4,B,512,s2b-r16-471,512,512,0,10,512,512,1,10,1024,6,128,512,-1,1,0,-1,7,99,7,2,1549741,99,0,7,7,151.0,42.8,50.9
s2b-r16,4,B,512,s2b-r16-472,512,512,0,10,512,512,1,10,1024,6,128,512,-1,1,0,-1,7,74,7,2,1170052,99,0,7,7,53.0,42.8,50.9
s2b-r16,4,B,512,s2b-r16-473,512,512,0,10,512,512,1,10,1024,6,128,512,-1,1,0,-1,7,97,7,2,1522193,99,0,7,7,50.0,42.8,50.9
s2b-r16,4,B,512,s2b-r16-474,512,512,0,10,512,512,1,10,1024,6,128,512,-1,1,0,-1,7,87,7,2,1369075,87,0,7,7,131.0,42.8,50.9
s2b-r16,4,B,512,s2b-r16-475,512,512,0,10,512,512,1,10,1024,6,128,512,-1,1,0,-1,7,103,7,2,1609768,103,0,7,7,50.0,42.8,50.9
s2b-r16,4,B,512,s2b-r16-476,512,512,0,10,512,512,1,10,1024,6,128,512,-1,1,0,-1,7,100,7,2,1570646,100,0,7,7,92.0,42.8,50.9
s2b-r16,4,B,512,s2b-r16-477,512,512,0,10,512,512,1,10,1024,6,128,512,-1,1,0,-1,7,78,7,2,1228109,87,0,7,7,53.0,42.8,50.9
s2b-r16,4,B,512,s2b-r16-478,512,512,0,10,512,512,1,10,1024,6,128,512,-1,1,0,-1,7,99,7,2,1553804,99,0,7,7,124.0,42.8,50.9
s2b-r16,4,B,512,s2b-r16-479,512,512,0,10,512,512,1,10,1024,6,128,512,-1,1,0,-1,7,98,7,2,1535957,99,0,7,7,53.0,42.8,50.9
s2b-r16,4,B,512,s2b-r16-480,512,512,0,10,512,512,1,10,1024,6,128,512,-1,1,0,-1,7,98,7,2,1535388,99,0,7,7,210.0,42.8,50.9
s2b-r16,4,B,512,s2b-r16-481,512,512,0,10,512,512,1,10,1024,6,128,512,-1,1,0,-1,7,106,7,2,1667308,106,0,7,7,51.0,42.8,50.9
s2b-r16,4,B,512,s2b-r16-482,512,512,0,10,512,512,1,10,1024,6,128,512,-1,1,0,-1,7,103,7,2,1623038,103,0,7,7,53.0,42.8,50.9
s2b-r16,4,B,512,s2b-r16-483,512,512,0,10,512,512,1,10,1024,6,128,512,-1,1,0,-1,7,86,7,2,1353326,103,0,7,7,178.0,42.8,50.9
s2b-r16,4,B,512,s2b-r16-484,512,512,0,10,512,512,1,10,1024,6,128,512,-1,1,0,-1,7,103,7,2,1622712,103,0,7,7,50.0,42.8,50.9
s2b-r16,4,B,512,s2b-r16-485,512,512,0,10,512,512,1,10,1024,6,128,512,-1,1,0,-1,7,99,7,2,1555119,103,0,7,7,216.0,42.8,50.9
s2b-r16,4,B,512,s2b-r16-486,512,512,0,10,512,512,1,10,1024,6,128,512,-1,1,0,-1,7,80,7,2,1251721,63,0,7,7,50.0,42.8,50.9
s2b-r16,4,B,512,s2b-r16-487,512,512,0,10,512,512,1,10,1024,6,128,512,-1,1,0,-1,7,100,7,2,1564797,100,0,7,7,155.0,42.8,50.9
s2b-r16,4,B,512,s2b-r16-488,512,512,0,10,512,512,1,10,1024,6,128,512,-1,1,0,-1,7,104,7,2,1631233,104,0,7,7,49.0,42.8,50.9
s2b-r16,4,B,512,s2b-r16-489,512,512,0,10,512,512,1,10,1024,6,128,512,-1,1,0,-1,7,73,7,2,1155975,30,0,7,7,144.0,42.8,50.9
s2b-r16,4,B,512,s2b-r16-490,512,512,0,10,512,512,1,10,1024,6,128,512,-1,1,0,-1,7,103,7,2,1619182,103,0,7,7,54.0,42.8,50.9
s2b-r16,4,B,512,s2b-r16-491,512,512,0,10,512,512,1,10,1024,6,128,512,-1,1,0,-1,7,99,7,2,1558033,99,0,7,7,147.0,42.8,50.9
s2b-r16,4,B,512,s2b-r16-492,512,512,0,10,512,512,1,10,1024,6,128,512,-1,1,0,-1,7,93,7,2,1465958,93,0,7,7,49.0,42.8,50.9
s2b-r16,4,B,512,s2b-r16-493,512,512,0,10,512,512,1,10,1024,6,128,512,-1,1,0,-1,7,98,7,2,1541183,98,0,7,7,180.0,42.8,50.9
s2b-r16,4,B,512,s2b-r16-494,512,512,0,10,512,512,1,10,1024,0,1,512,0,0,0,-1,7,104,0,0,1629794,104,0,0,0,55.0,42.8,50.9
s2b-r16,4,B,512,s2b-r16-495,512,512,0,10,512,512,1,10,1024,0,1,512,0,0,0,-1,0,157,0,0,2459494,157,0,0,1,390.0,42.8,50.9
s2b-r16,4,B,512,s2b-r16-496,512,512,0,10,512,512,1,10,1024,6,64,512,-1,1,0,-1,6,160,6,2,2514262,160,0,6,6,29.0,42.8,50.9
s2b-r16,4,B,512,s2b-r16-497,512,512,0,10,512,512,1,10,1024,0,32,512,0,0,0,-1,6,124,5,0,1938884,99,0,5,5,58.0,42.8,50.9
s2b-r16,4,B,512,s2b-r16-498,512,512,0,10,512,512,1,10,1024,6,128,512,7,1,0,-1,5,151,7,0,2363298,151,0,7,7,99.0,42.8,50.9
s2b-r16,4,B,512,s2b-r16-499,512,512,0,10,512,512,1,10,1024,6,128,512,-1,1,0,-1,7,134,7,2,2094423,101,0,7,7,17.0,42.8,50.9
s2b-r16,4,B,512,s2b-r16-500,512,512,0,10,512,512,1,10,1024,6,128,512,-1,1,0,-1,7,122,7,2,1907904,101,0,7,7,25.0,42.8,50.9
s2b-r16,4,B,512,s2b-r16-501,512,512,0,10,512,512,1,10,1024,6,128,512,-1,1,0,-1,7,110,7,2,1722155,101,0,7,7,49.0,42.8,50.9
s2b-r16,4,B,512,s2b-r16-502,512,512,0,10,512,512,1,10,1024,6,128,512,-1,1,0,-1,7,79,7,2,1246179,76,0,7,7,48.0,42.8,50.9
s2b-r16,4,B,512,s2b-r16-503,512,512,0,10,512,512,1,10,1024,6,128,512,-1,1,0,-1,7,97,7,2,1529104,97,0,7,7,141.0,42.8,50.9
s2b-r16,4,B,512,s2b-r16-504,512,512,0,10,512,512,1,10,1024,6,128,512,-1,1,0,-1,7,103,7,2,1614887,103,0,7,7,48.0,42.8,50.9
s2b-r16,4,B,512,s2b-r16-505,512,512,0,10,512,512,1,10,1024,6,128,512,-1,1,0,-1,7,75,7,2,1180999,76,0,7,7,145.0,42.8,50.9
s2b-r16,4,B,512,s2b-r16-506,512,512,0,10,512,512,1,10,1024,6,128,512,-1,1,0,-1,7,103,7,2,1622921,103,0,7,7,53.0,42.8,50.9
s2b-r16,4,B,512,s2b-r16-507,512,512,0,10,512,512,1,10,1024,6,128,512,-1,1,0,-1,7,97,7,2,1520574,103,0,7,7,181.0,42.8,50.9
s2b-r16,4,B,512,s2b-r16-508,512,512,0,10,512,512,1,10,1024,6,128,512,-1,1,0,-1,7,90,7,2,1419687,103,0,7,7,52.0,42.8,50.9
s2b-r16,4,B,512,s2b-r16-509,512,512,0,10,512,512,1,10,1024,6,128,512,-1,1,0,-1,7,99,7,2,1561015,103,0,7,7,155.0,42.8,50.9
s2b-r16,4,B,512,s2b-r16-510,512,512,0,10,512,512,1,10,1024,6,128,512,-1,1,0,-1,7,103,7,2,1615108,103,0,7,7,50.0,42.8,50.9
s2b-r16,4,B,512,s2b-r16-511,512,512,0,10,512,512,1,10,1024,6,128,512,-1,1,0,-1,7,78,7,2,1229699,103,0,7,7,138.0,42.8,50.9
s2b-r16,4,B,512,s2b-r16-512,512,512,0,10,512,512,1,10,1024,6,128,512,-1,1,0,-1,7,104,7,2,1628171,104,0,7,7,53.0,42.8,50.9
s2b-r16,4,B,512,s2b-r16-513,512,512,0,10,512,512,1,10,1024,6,128,512,-1,1,0,-1,7,98,7,2,1546413,103,0,7,7,127.0,42.8,50.9
s2b-r16,4,B,512,s2b-r16-514,512,512,0,10,512,512,1,10,1024,6,128,512,-1,1,0,-1,7,97,7,2,1527322,97,0,7,7,51.0,42.8,50.9
s2b-r16,4,B,512,s2b-r16-515,512,512,0,10,512,512,1,10,1024,6,128,512,-1,1,0,-1,7,102,7,2,1606595,102,0,7,7,144.0,42.8,50.9
s2b-r16,4,B,512,s2b-r16-516,512,512,0,10,512,512,1,10,1024,6,128,512,-1,1,0,-1,7,103,7,2,1609795,103,0,7,7,47.0,42.8,50.9
s2b-r16,4,B,512,s2b-r16-517,512,512,0,10,512,512,1,10,1024,6,128,512,-1,1,0,-1,7,98,7,2,1539645,98,0,7,7,144.0,42.8,50.9
s2b-r16,4,B,512,s2b-r16-518,512,512,0,10,512,512,1,10,1024,6,128,512,-1,1,0,-1,7,104,7,2,1631476,104,0,7,7,48.0,42.8,50.9
s2b-r16,4,B,512,s2b-r16-519,512,512,0,10,512,512,1,10,1024,6,128,512,-1,1,0,-1,7,101,7,2,1589077,104,0,7,7,51.0,42.8,50.9
s2b-r16,4,B,512,s2b-r16-520,512,512,0,10,512,512,1,10,1024,6,128,512,-1,1,0,-1,7,100,7,2,1575705,104,0,7,7,125.0,42.8,50.9
s2b-r16,4,B,512,s2b-r16-521,512,512,0,10,512,512,1,10,1024,6,128,512,-1,1,0,-1,7,105,7,2,1643443,105,0,7,7,48.0,42.8,50.9
s2b-r16,4,B,512,s2b-r16-522,512,512,0,10,512,512,1,10,1024,6,128,512,-1,1,0,-1,7,101,7,2,1580721,104,0,7,7,123.0,42.8,50.9
s2b-r16,4,B,512,s2b-r16-523,512,512,0,10,512,512,1,10,1024,6,128,512,-1,1,0,-1,7,103,7,2,1619884,103,0,7,7,50.0,42.8,50.9
s2b-r16,4,B,512,s2b-r16-524,512,512,0,10,512,512,1,10,1024,6,128,512,-1,1,0,-1,7,100,7,2,1573754,103,0,7,7,133.0,42.8,50.9
s2b-r16,4,B,512,s2b-r16-525,512,512,0,10,512,512,1,10,1024,6,128,512,-1,1,0,-1,7,80,7,2,1259332,103,0,7,7,49.0,42.8,50.9
s2b-r16,4,B,512,s2b-r16-526,512,512,0,10,512,512,1,10,1024,6,128,512,-1,1,0,-1,7,98,7,2,1533989,103,0,7,7,209.0,42.8,50.9
s2b-r16,4,B,512,s2b-r16-527,512,512,0,10,512,512,1,10,1024,6,128,512,-1,1,0,-1,7,109,7,2,1706051,109,0,7,7,49.0,42.8,50.9
s2b-r16,4,B,512,s2b-r16-528,512,512,0,10,512,512,1,10,1024,6,128,512,-1,1,0,-1,7,71,7,2,1124814,109,0,7,7,50.0,42.8,50.9
s2b-r16,4,B,512,s2b-r16-529,512,512,0,10,512,512,1,10,1024,6,128,512,-1,1,0,-1,7,99,7,2,1556286,109,0,7,7,150.0,42.8,50.9
s2b-r16,4,B,512,s2b-r16-530,512,512,0,10,512,512,1,10,1024,6,128,512,-1,1,0,-1,7,103,7,2,1623668,109,0,7,7,52.0,42.8,50.9
s2b-r16,4,B,512,s2b-r16-531,512,512,0,10,512,512,1,10,1024,6,128,512,-1,1,0,-1,7,67,7,2,1057105,56,0,7,7,144.0,42.8,50.9
s2b-r16,4,B,512,s2b-r16-532,512,512,0,10,512,512,1,10,1024,6,128,512,-1,1,0,-1,7,103,7,2,1619194,103,0,7,7,51.0,42.8,50.9
s2b-r16,4,B,512,s2b-r16-533,512,512,0,10,512,512,1,10,1024,6,128,512,-1,1,0,-1,7,99,7,2,1559160,99,0,7,7,147.0,42.8,50.9
s2b-r16,4,B,512,s2b-r16-534,512,512,0,10,512,512,1,10,1024,6,128,512,-1,1,0,-1,7,95,7,2,1489827,95,0,7,7,65.0,42.8,50.9
s2b-r16,4,B,512,s2b-r16-535,512,512,0,10,512,512,1,10,1024,6,128,512,-1,1,0,-1,7,102,7,2,1594305,102,0,7,7,102.0,42.8,50.9
s2b-r16,4,B,512,s2b-r16-536,512,512,0,10,512,512,1,10,1024,6,128,512,-1,1,0,-1,7,87,7,2,1363375,95,0,7,7,48.0,42.8,50.9
s2b-r16,4,B,512,s2b-r16-537,512,512,0,10,512,512,1,10,1024,6,128,512,-1,1,0,-1,7,99,7,2,1549421,99,0,7,7,149.0,42.8,50.9
s2b-r16,4,B,512,s2b-r16-538,512,512,0,10,512,512,1,10,1024,6,128,512,-1,1,0,-1,7,103,7,2,1623814,103,0,7,7,47.0,42.8,50.9
s2b-r16,4,B,512,s2b-r16-539,512,512,0,10,512,512,1,10,1024,0,1,512,0,0,0,-1,7,77,0,0,1215013,103,0,0,0,112.0,42.8,50.9
s2b-r16,4,B,512,s2b-r16-540,512,512,0,10,512,512,1,10,1024,0,2,512,-1,0,0,-1,1,154,1,2,2413993,154,0,1,1,32.0,42.8,50.9
s2b-r16,4,B,512,s2b-r16-541,512,512,0,10,512,512,1,10,1024,0,16,512,4,0,0,-1,1,151,4,0,2371096,154,0,4,4,95.0,42.8,50.9
s2b-r16,4,B,512,s2b-r16-542,512,512,0,10,512,512,1,10,1024,6,128,512,-1,1,0,-1,7,115,7,2,1804786,5,0,7,7,49.0,42.8,50.9
s2b-r16,4,B,512,s2b-r16-543,512,512,0,10,512,512,1,10,1024,6,128,512,-1,1,0,-1,7,122,7,2,1911186,99,0,7,7,48.0,42.8,50.9
s2b-r16,4,B,512,s2b-r16-544,512,512,0,10,512,512,1,10,1024,6,128,512,-1,1,0,-1,7,81,7,2,1272860,27,0,7,7,145.0,42.8,50.9
s2b-r16,4,B,512,s2b-r16-545,512,512,0,10,512,512,1,10,1024,6,128,512,-1,1,0,-1,7,102,7,2,1605262,102,0,7,7,53.0,42.8,50.9
s2b-r16,4,B,512,s2b-r16-546,512,512,0,10,512,512,1,10,1024,6,128,512,-1,1,0,-1,7,98,7,2,1534409,102,0,7,7,206.0,42.8,50.9
s2b-r16,4,B,512,s2b-r16-547,512,512,0,10,512,512,1,10,1024,6,128,512,-1,1,0,-1,7,90,7,2,1420242,102,0,7,7,55.0,42.8,50.9
s2b-r16,4,B,512,s2b-r16-548,512,512,0,10,512,512,1,10,1024,6,128,512,-1,1,0,-1,7,102,7,2,1598307,102,0,7,7,122.0,42.8,50.9
s2b-r16,4,B,512,s2b-r16-549,512,512,0,10,512,512,1,10,1024,6,128,512,-1,1,0,-1,7,63,7,2,995650,63,0,7,7,50.0,42.8,50.9
s2b-r16,4,B,512,s2b-r16-550,512,512,0,10,512,512,1,10,1024,6,128,512,-1,1,0,-1,7,98,7,2,1536279,98,0,7,7,185.0,42.8,50.9
s2b-r16,4,B,512,s2b-r16-551,512,512,0,10,512,512,1,10,1024,6,128,512,-1,1,0,-1,7,106,7,2,1665726,106,0,7,7,52.0,42.8,50.9
s2b-r16,4,B,512,s2b-r16-552,512,512,0,10,512,512,1,10,1024,6,128,512,-1,1,0,-1,7,73,7,2,1144379,65,0,7,7,120.0,42.8,50.9
s2b-r16,4,B,512,s2b-r16-553,512,512,0,10,512,512,1,10,1024,6,128,512,-1,1,0,-1,7,101,7,2,1592655,101,0,7,7,52.0,42.8,50.9
s2b-r16,4,B,512,s2b-r16-554,512,512,0,10,512,512,1,10,1024,6,128,512,-1,1,0,-1,7,99,7,2,1560114,99,0,7,7,178.0,42.8,50.9
s2b-r16,4,B,512,s2b-r16-555,512,512,0,10,512,512,1,10,1024,6,128,512,-1,1,0,-1,7,104,7,2,1632546,104,0,7,7,53.0,42.8,50.9
s2b-r16,4,B,512,s2b-r16-556,512,512,0,10,512,512,1,10,1024,6,128,512,-1,1,0,-1,7,101,7,2,1593086,101,0,7,7,170.0,42.8,50.9
s2b-r16,4,B,512,s2b-r16-557,512,512,0,10,512,512,1,10,1024,6,128,512,-1,1,0,-1,7,104,7,2,1628512,104,0,7,7,52.0,42.8,50.9
s2b-r16,4,B,512,s2b-r16-558,512,512,0,10,512,512,1,10,1024,6,128,512,-1,1,0,-1,7,99,7,2,1558317,101,0,7,7,51.0,42.8,50.9
s2b-r16,4,B,512,s2b-r16-559,512,512,0,10,512,512,1,10,1024,6,128,512,-1,1,0,-1,7,101,7,2,1592452,101,0,7,7,154.0,42.8,50.9
s2b-r16,4,B,512,s2b-r16-560,512,512,0,10,512,512,1,10,1024,6,128,512,-1,1,0,-1,7,108,7,2,1701792,108,0,7,7,50.0,42.8,50.9
s2b-r16,4,B,512,s2b-r16-561,512,512,0,10,512,512,1,10,1024,6,128,512,-1,1,0,-1,7,102,7,2,1600086,99,0,7,7,126.0,42.8,50.9
s2b-r16,4,B,512,s2b-r16-562,512,512,0,10,512,512,1,10,1024,6,128,512,-1,1,0,-1,7,82,7,2,1284481,99,0,7,7,51.0,42.8,50.9
s2b-r16,4,B,512,s2b-r16-563,512,512,0,10,512,512,1,10,1024,6,128,512,-1,1,0,-1,7,99,7,2,1559049,99,0,7,7,261.0,42.8,50.9
s2b-r16,4,B,512,s2b-r16-564,512,512,0,10,512,512,1,10,1024,6,128,512,-1,1,0,-1,7,110,7,2,1720972,110,0,7,7,52.0,42.8,50.9
s2b-r16,4,B,512,s2b-r16-565,512,512,0,10,512,512,1,10,1024,6,128,512,-1,1,0,-1,7,98,7,2,1536432,98,0,7,7,149.0,42.8,50.9
s2b-r16,4,B,512,s2b-r16-566,512,512,0,10,512,512,1,10,1024,6,128,512,-1,1,0,-1,7,109,7,2,1706842,109,0,7,7,47.0,42.8,50.9
s2b-r16,4,B,512,s2b-r16-567,512,512,0,10,512,512,1,10,1024,6,128,512,-1,1,0,-1,7,103,7,2,1610413,98,0,7,7,177.0,42.8,50.9
s2b-r16,4,B,512,s2b-r16-568,512,512,0,10,512,512,1,10,1024,6,128,512,-1,1,0,-1,7,103,7,2,1620458,102,0,7,7,60.0,42.8,50.9
s2b-r16,4,B,512,s2b-r16-569,512,512,0,10,512,512,1,10,1024,6,128,512,-1,1,0,-1,7,101,7,2,1590110,100,0,7,7,293.0,42.8,50.9
s2b-r16,4,B,512,s2b-r16-570,512,512,0,10,512,512,1,10,1024,6,128,512,-1,1,0,-1,7,118,7,2,1852173,118,0,7,7,49.0,42.8,50.9
s2b-r16,4,B,512,s2b-r16-571,512,512,0,10,512,512,1,10,1024,6,128,512,-1,1,0,-1,7,84,7,2,1315460,118,0,7,7,51.0,42.8,50.9
s2b-r16,4,B,512,s2b-r16-572,512,512,0,10,512,512,1,10,1024,6,128,512,-1,1,0,-1,7,98,7,2,1535586,118,0,7,7,255.0,42.8,50.9
s2b-r16,4,B,512,s2b-r16-573,512,512,0,10,512,512,1,10,1024,6,128,512,-1,1,0,-1,7,109,7,2,1704052,118,0,7,7,49.0,42.8,50.9
s2b-r16,4,B,512,s2b-r16-574,512,512,0,10,512,512,1,10,1024,6,128,512,-1,1,0,-1,7,99,7,2,1559003,99,0,7,7,130.0,42.8,50.9
s2b-r16,4,B,512,s2b-r16-575,512,512,0,10,512,512,1,10,1024,6,128,512,-1,1,0,-1,7,101,7,2,1591377,101,0,7,7,51.0,42.8,50.9
s2b-r16,4,B,512,s2b-r16-576,512,512,0,10,512,512,1,10,1024,6,128,512,-1,1,0,-1,7,101,7,2,1587097,99,0,7,7,129.0,42.8,50.9
s2b-r16,4,B,512,s2b-r16-577,512,512,0,10,512,512,1,10,1024,6,128,512,-1,1,0,-1,7,104,7,2,1639352,104,0,7,7,53.0,42.8,50.9
s2b-r16,4,B,512,s2b-r16-578,512,512,0,10,512,512,1,10,1024,6,128,512,-1,1,0,-1,7,81,7,2,1268507,69,0,7,7,54.0,42.8,50.9
s2b-r16,4,B,512,s2b-r16-579,512,512,0,10,512,512,1,10,1024,6,128,512,-1,1,0,-1,7,103,7,2,1616108,103,0,7,7,341.0,42.8,50.9
s2b-r16,4,B,512,s2b-r16-580,512,512,0,10,512,512,1,10,1024,6,128,512,-1,1,0,-1,7,118,7,2,1844546,118,0,7,7,49.0,42.8,50.9
s2b-r16,4,B,512,s2b-r16-581,512,512,0,10,512,512,1,10,1024,6,128,512,-1,1,0,-1,7,100,7,2,1573661,100,0,7,7,153.0,42.8,50.9
s2b-r16,4,B,512,s2b-r16-582,512,512,0,10,512,512,1,10,1024,6,128,512,-1,1,0,-1,7,92,7,2,1447910,92,0,7,7,171.0,42.8,50.9
s2b-r16,4,B,512,s2b-r16-583,512,512,0,10,512,512,1,10,1024,6,128,512,-1,1,0,-1,7,104,7,2,1629491,104,0,7,7,50.0,42.8,50.9
s2b-r16,4,B,512,s2b-r16-584,512,512,0,10,512,512,1,10,1024,6,128,512,-1,1,0,-1,7,98,7,2,1538599,98,0,7,7,150.0,42.8,50.9
s2b-r16,4,B,512,s2b-r16-585,512,512,0,10,512,512,1,10,1024,6,128,512,-1,1,0,-1,7,91,7,2,1426166,92,0,7,7,55.0,42.8,50.9
s2b-r16,4,B,512,s2b-r16-586,512,512,0,10,512,512,1,10,1024,6,128,512,-1,1,0,-1,7,98,7,2,1539893,98,0,7,7,123.0,42.8,50.9
s2b-r16,4,B,512,s2b-r16-587,512,512,0,10,512,512,1,10,1024,6,128,512,-1,1,0,-1,7,83,7,2,1308728,98,0,7,7,131.0,42.8,50.9
s2b-r16,4,B,512,s2b-r16-588,512,512,0,10,512,512,1,10,1024,6,128,512,-1,1,0,-1,7,106,7,2,1662815,106,0,7,7,50.0,42.8,50.9
s2b-r16,4,B,512,s2b-r16-589,512,512,0,10,512,512,1,10,1024,6,128,512,-1,1,0,-1,7,88,7,2,1378654,88,0,7,7,163.0,42.8,50.9
s2b-r16,4,B,512,s2b-r16-590,512,512,0,10,512,512,1,10,1024,6,128,512,-1,1,0,-1,7,103,7,2,1612397,103,0,7,7,57.0,42.8,50.9
