META|version=2|duration_s=30|interval_ms=250|top_n=10|kernel=6.6.118-android15-8-g2e6b9c3812c5-ab15114928-4k|read_only=yes
FIELDS|THREAD|seq|rank|tgid|tid|uid|comm|runtime_ms|runtime_pct|runq_wait_ms|slices|cpu_start|cpu_end|allowed|uclamp_min|uclamp_max|uclamp_max_eff|migrations_total|vol_ctx_total|nonvol_ctx_total
WINDOW|seq=1|t_cs=16214553|wall_ms=260|threads=263|busy_threads=1|total_runtime_ms=258.298|total_runq_wait_ms=0.016|tgids=5032,10622,16730,26538,28860
THREAD|1|1|28860|28860|10999|sh|258.298|99.3|0.016|1|6|6|0-7|0|1024|1024|1|0|6
THREAD|1|2|16730|9973|10563|AppSearch_Index|0.000|0.0|0.000|0|3|3|0-7|0|1024|1024|13150|20688|240
THREAD|1|3|16730|9940|10563|AppSearch_Index|0.000|0.0|0.000|0|2|2|0-7|0|1024|1024|13115|20690|232
THREAD|1|4|26538|9612|10195|binder:26538_8|0.000|0.0|0.000|0|1|1|0-7|0|1024|1024|3402|6500|3312
THREAD|1|5|26538|9470|10195|binder:26538_B|0.000|0.0|0.000|0|6|6|0-7|0|1024|1024|2531|4304|2105
THREAD|1|6|10622|8513|10201|ExoPlayer:Playb|0.000|0.0|0.000|0|4|4|0-7|0|1024|1024|6463|10331|51
THREAD|1|7|10622|8509|10201|ExoPlayer:Playb|0.000|0.0|0.000|0|1|1|0-7|0|1024|1024|6331|10327|49
THREAD|1|8|26538|8364|10195|IMM.binder-emu|0.000|0.0|0.000|0|2|2|0-7|0|1024|1024|15737|23850|1039
THREAD|1|9|26538|8336|10195|Primes-Jank|0.000|0.0|0.000|0|4|4|0-7|0|1024|1024|16074|23866|1131
THREAD|1|10|16730|8119|10563|AppSearch_Index|0.000|0.0|0.000|0|3|3|0-7|0|1024|1024|13165|20704|245
WINDOW|seq=2|t_cs=16214579|wall_ms=260|threads=263|busy_threads=1|total_runtime_ms=258.368|total_runq_wait_ms=0.000|tgids=5032,10622,16730,26538,28860
THREAD|2|1|28860|28860|10999|sh|258.368|99.3|0.000|0|6|6|0-7|0|1024|1024|1|0|6
THREAD|2|2|16730|9973|10563|AppSearch_Index|0.000|0.0|0.000|0|3|3|0-7|0|1024|1024|13150|20688|240
THREAD|2|3|16730|9940|10563|AppSearch_Index|0.000|0.0|0.000|0|2|2|0-7|0|1024|1024|13115|20690|232
THREAD|2|4|26538|9612|10195|binder:26538_8|0.000|0.0|0.000|0|1|1|0-7|0|1024|1024|3402|6500|3312
THREAD|2|5|26538|9470|10195|binder:26538_B|0.000|0.0|0.000|0|6|6|0-7|0|1024|1024|2531|4304|2105
THREAD|2|6|10622|8513|10201|ExoPlayer:Playb|0.000|0.0|0.000|0|4|4|0-7|0|1024|1024|6463|10331|51
THREAD|2|7|10622|8509|10201|ExoPlayer:Playb|0.000|0.0|0.000|0|1|1|0-7|0|1024|1024|6331|10327|49
THREAD|2|8|26538|8364|10195|IMM.binder-emu|0.000|0.0|0.000|0|2|2|0-7|0|1024|1024|15737|23850|1039
THREAD|2|9|26538|8336|10195|Primes-Jank|0.000|0.0|0.000|0|4|4|0-7|0|1024|1024|16074|23866|1131
THREAD|2|10|16730|8119|10563|AppSearch_Index|0.000|0.0|0.000|0|3|3|0-7|0|1024|1024|13165|20704|245
WINDOW|seq=3|t_cs=16214605|wall_ms=260|threads=263|busy_threads=1|total_runtime_ms=262.132|total_runq_wait_ms=0.000|tgids=5032,10622,16730,26538,28860
THREAD|3|1|28860|28860|10999|sh|262.132|100.8|0.000|0|6|6|0-7|0|1024|1024|1|0|6
THREAD|3|2|16730|9973|10563|AppSearch_Index|0.000|0.0|0.000|0|3|3|0-7|0|1024|1024|13150|20688|240
THREAD|3|3|16730|9940|10563|AppSearch_Index|0.000|0.0|0.000|0|2|2|0-7|0|1024|1024|13115|20690|232
THREAD|3|4|26538|9612|10195|binder:26538_8|0.000|0.0|0.000|0|1|1|0-7|0|1024|1024|3402|6500|3312
THREAD|3|5|26538|9470|10195|binder:26538_B|0.000|0.0|0.000|0|6|6|0-7|0|1024|1024|2531|4304|2105
THREAD|3|6|10622|8513|10201|ExoPlayer:Playb|0.000|0.0|0.000|0|4|4|0-7|0|1024|1024|6463|10331|51
THREAD|3|7|10622|8509|10201|ExoPlayer:Playb|0.000|0.0|0.000|0|1|1|0-7|0|1024|1024|6331|10327|49
THREAD|3|8|26538|8364|10195|IMM.binder-emu|0.000|0.0|0.000|0|2|2|0-7|0|1024|1024|15737|23850|1039
THREAD|3|9|26538|8336|10195|Primes-Jank|0.000|0.0|0.000|0|4|4|0-7|0|1024|1024|16074|23866|1131
THREAD|3|10|16730|8119|10563|AppSearch_Index|0.000|0.0|0.000|0|3|3|0-7|0|1024|1024|13165|20704|245
WINDOW|seq=4|t_cs=16214631|wall_ms=260|threads=263|busy_threads=1|total_runtime_ms=254.742|total_runq_wait_ms=0.102|tgids=5032,10622,16730,26538,28860
THREAD|4|1|28860|28860|10999|sh|254.742|97.9|0.102|1|6|6|0-7|0|1024|1024|1|0|7
THREAD|4|2|16730|9973|10563|AppSearch_Index|0.000|0.0|0.000|0|3|3|0-7|0|1024|1024|13150|20688|240
THREAD|4|3|16730|9940|10563|AppSearch_Index|0.000|0.0|0.000|0|2|2|0-7|0|1024|1024|13115|20690|232
THREAD|4|4|26538|9612|10195|binder:26538_8|0.000|0.0|0.000|0|1|1|0-7|0|1024|1024|3402|6500|3312
THREAD|4|5|26538|9470|10195|binder:26538_B|0.000|0.0|0.000|0|6|6|0-7|0|1024|1024|2531|4304|2105
THREAD|4|6|10622|8513|10201|ExoPlayer:Playb|0.000|0.0|0.000|0|4|4|0-7|0|1024|1024|6463|10331|51
THREAD|4|7|10622|8509|10201|ExoPlayer:Playb|0.000|0.0|0.000|0|1|1|0-7|0|1024|1024|6331|10327|49
THREAD|4|8|26538|8364|10195|IMM.binder-emu|0.000|0.0|0.000|0|2|2|0-7|0|1024|1024|15737|23850|1039
THREAD|4|9|26538|8336|10195|Primes-Jank|0.000|0.0|0.000|0|4|4|0-7|0|1024|1024|16074|23866|1131
THREAD|4|10|16730|8119|10563|AppSearch_Index|0.000|0.0|0.000|0|3|3|0-7|0|1024|1024|13165|20704|245
WINDOW|seq=5|t_cs=16214658|wall_ms=270|threads=263|busy_threads=1|total_runtime_ms=266.434|total_runq_wait_ms=0.018|tgids=5032,10622,16730,26538,28860
THREAD|5|1|28860|28860|10999|sh|266.434|98.6|0.018|1|6|6|0-7|0|1024|1024|1|0|9
THREAD|5|2|16730|9973|10563|AppSearch_Index|0.000|0.0|0.000|0|3|3|0-7|0|1024|1024|13150|20688|240
THREAD|5|3|16730|9940|10563|AppSearch_Index|0.000|0.0|0.000|0|2|2|0-7|0|1024|1024|13115|20690|232
THREAD|5|4|26538|9612|10195|binder:26538_8|0.000|0.0|0.000|0|1|1|0-7|0|1024|1024|3402|6500|3312
THREAD|5|5|26538|9470|10195|binder:26538_B|0.000|0.0|0.000|0|6|6|0-7|0|1024|1024|2531|4304|2105
THREAD|5|6|10622|8513|10201|ExoPlayer:Playb|0.000|0.0|0.000|0|4|4|0-7|0|1024|1024|6463|10331|51
THREAD|5|7|10622|8509|10201|ExoPlayer:Playb|0.000|0.0|0.000|0|1|1|0-7|0|1024|1024|6331|10327|49
THREAD|5|8|26538|8364|10195|IMM.binder-emu|0.000|0.0|0.000|0|2|2|0-7|0|1024|1024|15737|23850|1039
THREAD|5|9|26538|8336|10195|Primes-Jank|0.000|0.0|0.000|0|4|4|0-7|0|1024|1024|16074|23866|1131
THREAD|5|10|16730|8119|10563|AppSearch_Index|0.000|0.0|0.000|0|3|3|0-7|0|1024|1024|13165|20704|245
WINDOW|seq=6|t_cs=16214682|wall_ms=240|threads=263|busy_threads=1|total_runtime_ms=242.501|total_runq_wait_ms=0.074|tgids=5032,10622,16730,26538,28860
THREAD|6|1|28860|28860|10999|sh|242.501|101.0|0.074|1|6|6|0-7|0|1024|1024|1|0|9
THREAD|6|2|16730|9973|10563|AppSearch_Index|0.000|0.0|0.000|0|3|3|0-7|0|1024|1024|13150|20688|240
THREAD|6|3|16730|9940|10563|AppSearch_Index|0.000|0.0|0.000|0|2|2|0-7|0|1024|1024|13115|20690|232
THREAD|6|4|26538|9612|10195|binder:26538_8|0.000|0.0|0.000|0|1|1|0-7|0|1024|1024|3402|6500|3312
THREAD|6|5|26538|9470|10195|binder:26538_B|0.000|0.0|0.000|0|6|6|0-7|0|1024|1024|2531|4304|2105
THREAD|6|6|10622|8513|10201|ExoPlayer:Playb|0.000|0.0|0.000|0|4|4|0-7|0|1024|1024|6463|10331|51
THREAD|6|7|10622|8509|10201|ExoPlayer:Playb|0.000|0.0|0.000|0|1|1|0-7|0|1024|1024|6331|10327|49
THREAD|6|8|26538|8364|10195|IMM.binder-emu|0.000|0.0|0.000|0|2|2|0-7|0|1024|1024|15737|23850|1039
THREAD|6|9|26538|8336|10195|Primes-Jank|0.000|0.0|0.000|0|4|4|0-7|0|1024|1024|16074|23866|1131
THREAD|6|10|16730|8119|10563|AppSearch_Index|0.000|0.0|0.000|0|3|3|0-7|0|1024|1024|13165|20704|245
WINDOW|seq=7|t_cs=16214708|wall_ms=260|threads=263|busy_threads=1|total_runtime_ms=254.580|total_runq_wait_ms=0.000|tgids=5032,10622,16730,26538,28860
THREAD|7|1|28860|28860|10999|sh|254.580|97.9|0.000|0|6|6|0-7|0|1024|1024|1|0|9
THREAD|7|2|16730|9973|10563|AppSearch_Index|0.000|0.0|0.000|0|3|3|0-7|0|1024|1024|13150|20688|240
THREAD|7|3|16730|9940|10563|AppSearch_Index|0.000|0.0|0.000|0|2|2|0-7|0|1024|1024|13115|20690|232
THREAD|7|4|26538|9612|10195|binder:26538_8|0.000|0.0|0.000|0|1|1|0-7|0|1024|1024|3402|6500|3312
THREAD|7|5|26538|9470|10195|binder:26538_B|0.000|0.0|0.000|0|6|6|0-7|0|1024|1024|2531|4304|2105
THREAD|7|6|10622|8513|10201|ExoPlayer:Playb|0.000|0.0|0.000|0|4|4|0-7|0|1024|1024|6463|10331|51
THREAD|7|7|10622|8509|10201|ExoPlayer:Playb|0.000|0.0|0.000|0|1|1|0-7|0|1024|1024|6331|10327|49
THREAD|7|8|26538|8364|10195|IMM.binder-emu|0.000|0.0|0.000|0|2|2|0-7|0|1024|1024|15737|23850|1039
THREAD|7|9|26538|8336|10195|Primes-Jank|0.000|0.0|0.000|0|4|4|0-7|0|1024|1024|16074|23866|1131
THREAD|7|10|16730|8119|10563|AppSearch_Index|0.000|0.0|0.000|0|3|3|0-7|0|1024|1024|13165|20704|245
WINDOW|seq=8|t_cs=16214735|wall_ms=270|threads=263|busy_threads=1|total_runtime_ms=270.212|total_runq_wait_ms=0.086|tgids=5032,10622,16730,26538,28860
THREAD|8|1|28860|28860|10999|sh|270.212|100.0|0.086|1|6|6|0-7|0|1024|1024|1|0|10
THREAD|8|2|16730|9973|10563|AppSearch_Index|0.000|0.0|0.000|0|3|3|0-7|0|1024|1024|13150|20688|240
THREAD|8|3|16730|9940|10563|AppSearch_Index|0.000|0.0|0.000|0|2|2|0-7|0|1024|1024|13115|20690|232
THREAD|8|4|26538|9612|10195|binder:26538_8|0.000|0.0|0.000|0|1|1|0-7|0|1024|1024|3402|6500|3312
THREAD|8|5|26538|9470|10195|binder:26538_B|0.000|0.0|0.000|0|6|6|0-7|0|1024|1024|2531|4304|2105
THREAD|8|6|10622|8513|10201|ExoPlayer:Playb|0.000|0.0|0.000|0|4|4|0-7|0|1024|1024|6463|10331|51
THREAD|8|7|10622|8509|10201|ExoPlayer:Playb|0.000|0.0|0.000|0|1|1|0-7|0|1024|1024|6331|10327|49
THREAD|8|8|26538|8364|10195|IMM.binder-emu|0.000|0.0|0.000|0|2|2|0-7|0|1024|1024|15737|23850|1039
THREAD|8|9|26538|8336|10195|Primes-Jank|0.000|0.0|0.000|0|4|4|0-7|0|1024|1024|16074|23866|1131
THREAD|8|10|16730|8119|10563|AppSearch_Index|0.000|0.0|0.000|0|3|3|0-7|0|1024|1024|13165|20704|245
WINDOW|seq=9|t_cs=16214760|wall_ms=250|threads=263|busy_threads=1|total_runtime_ms=250.438|total_runq_wait_ms=0.008|tgids=5032,10622,16730,26538,28860
THREAD|9|1|28860|28860|10999|sh|250.438|100.1|0.008|1|6|6|0-7|0|1024|1024|1|0|11
THREAD|9|2|16730|9973|10563|AppSearch_Index|0.000|0.0|0.000|0|3|3|0-7|0|1024|1024|13150|20688|240
THREAD|9|3|16730|9940|10563|AppSearch_Index|0.000|0.0|0.000|0|2|2|0-7|0|1024|1024|13115|20690|232
THREAD|9|4|26538|9612|10195|binder:26538_8|0.000|0.0|0.000|0|1|1|0-7|0|1024|1024|3402|6500|3312
THREAD|9|5|26538|9470|10195|binder:26538_B|0.000|0.0|0.000|0|6|6|0-7|0|1024|1024|2531|4304|2105
THREAD|9|6|10622|8513|10201|ExoPlayer:Playb|0.000|0.0|0.000|0|4|4|0-7|0|1024|1024|6463|10331|51
THREAD|9|7|10622|8509|10201|ExoPlayer:Playb|0.000|0.0|0.000|0|1|1|0-7|0|1024|1024|6331|10327|49
THREAD|9|8|26538|8364|10195|IMM.binder-emu|0.000|0.0|0.000|0|2|2|0-7|0|1024|1024|15737|23850|1039
THREAD|9|9|26538|8336|10195|Primes-Jank|0.000|0.0|0.000|0|4|4|0-7|0|1024|1024|16074|23866|1131
THREAD|9|10|16730|8119|10563|AppSearch_Index|0.000|0.0|0.000|0|3|3|0-7|0|1024|1024|13165|20704|245
WINDOW|seq=10|t_cs=16214788|wall_ms=280|threads=263|busy_threads=1|total_runtime_ms=278.194|total_runq_wait_ms=0.000|tgids=5032,10622,16730,26538,28860
THREAD|10|1|28860|28860|10999|sh|278.194|99.3|0.000|0|6|6|0-7|0|1024|1024|1|0|11
THREAD|10|2|16730|9973|10563|AppSearch_Index|0.000|0.0|0.000|0|3|3|0-7|0|1024|1024|13150|20688|240
THREAD|10|3|16730|9940|10563|AppSearch_Index|0.000|0.0|0.000|0|2|2|0-7|0|1024|1024|13115|20690|232
THREAD|10|4|26538|9612|10195|binder:26538_8|0.000|0.0|0.000|0|1|1|0-7|0|1024|1024|3402|6500|3312
THREAD|10|5|26538|9470|10195|binder:26538_B|0.000|0.0|0.000|0|6|6|0-7|0|1024|1024|2531|4304|2105
THREAD|10|6|10622|8513|10201|ExoPlayer:Playb|0.000|0.0|0.000|0|4|4|0-7|0|1024|1024|6463|10331|51
THREAD|10|7|10622|8509|10201|ExoPlayer:Playb|0.000|0.0|0.000|0|1|1|0-7|0|1024|1024|6331|10327|49
THREAD|10|8|26538|8364|10195|IMM.binder-emu|0.000|0.0|0.000|0|2|2|0-7|0|1024|1024|15737|23850|1039
THREAD|10|9|26538|8336|10195|Primes-Jank|0.000|0.0|0.000|0|4|4|0-7|0|1024|1024|16074|23866|1131
THREAD|10|10|16730|8119|10563|AppSearch_Index|0.000|0.0|0.000|0|3|3|0-7|0|1024|1024|13165|20704|245
WINDOW|seq=11|t_cs=16214815|wall_ms=270|threads=263|busy_threads=1|total_runtime_ms=262.399|total_runq_wait_ms=0.000|tgids=5032,10622,16730,26538,28860
THREAD|11|1|28860|28860|10999|sh|262.399|97.1|0.000|0|6|6|0-7|0|1024|1024|1|0|12
THREAD|11|2|16730|9973|10563|AppSearch_Index|0.000|0.0|0.000|0|3|3|0-7|0|1024|1024|13150|20688|240
THREAD|11|3|16730|9940|10563|AppSearch_Index|0.000|0.0|0.000|0|2|2|0-7|0|1024|1024|13115|20690|232
THREAD|11|4|26538|9612|10195|binder:26538_8|0.000|0.0|0.000|0|1|1|0-7|0|1024|1024|3402|6500|3312
THREAD|11|5|26538|9470|10195|binder:26538_B|0.000|0.0|0.000|0|6|6|0-7|0|1024|1024|2531|4304|2105
THREAD|11|6|10622|8513|10201|ExoPlayer:Playb|0.000|0.0|0.000|0|4|4|0-7|0|1024|1024|6463|10331|51
THREAD|11|7|10622|8509|10201|ExoPlayer:Playb|0.000|0.0|0.000|0|1|1|0-7|0|1024|1024|6331|10327|49
THREAD|11|8|26538|8364|10195|IMM.binder-emu|0.000|0.0|0.000|0|2|2|0-7|0|1024|1024|15737|23850|1039
THREAD|11|9|26538|8336|10195|Primes-Jank|0.000|0.0|0.000|0|4|4|0-7|0|1024|1024|16074|23866|1131
THREAD|11|10|16730|8119|10563|AppSearch_Index|0.000|0.0|0.000|0|3|3|0-7|0|1024|1024|13165|20704|245
WINDOW|seq=12|t_cs=16214837|wall_ms=220|threads=263|busy_threads=1|total_runtime_ms=226.394|total_runq_wait_ms=0.080|tgids=5032,10622,16730,26538,28860
THREAD|12|1|28860|28860|10999|sh|226.394|102.9|0.080|1|6|6|0-7|0|1024|1024|1|0|12
THREAD|12|2|16730|9973|10563|AppSearch_Index|0.000|0.0|0.000|0|3|3|0-7|0|1024|1024|13150|20688|240
THREAD|12|3|16730|9940|10563|AppSearch_Index|0.000|0.0|0.000|0|2|2|0-7|0|1024|1024|13115|20690|232
THREAD|12|4|26538|9612|10195|binder:26538_8|0.000|0.0|0.000|0|1|1|0-7|0|1024|1024|3402|6500|3312
THREAD|12|5|26538|9470|10195|binder:26538_B|0.000|0.0|0.000|0|6|6|0-7|0|1024|1024|2531|4304|2105
THREAD|12|6|10622|8513|10201|ExoPlayer:Playb|0.000|0.0|0.000|0|4|4|0-7|0|1024|1024|6463|10331|51
THREAD|12|7|10622|8509|10201|ExoPlayer:Playb|0.000|0.0|0.000|0|1|1|0-7|0|1024|1024|6331|10327|49
THREAD|12|8|26538|8364|10195|IMM.binder-emu|0.000|0.0|0.000|0|2|2|0-7|0|1024|1024|15737|23850|1039
THREAD|12|9|26538|8336|10195|Primes-Jank|0.000|0.0|0.000|0|4|4|0-7|0|1024|1024|16074|23866|1131
THREAD|12|10|16730|8119|10563|AppSearch_Index|0.000|0.0|0.000|0|3|3|0-7|0|1024|1024|13165|20704|245
WINDOW|seq=13|t_cs=16214866|wall_ms=290|threads=263|busy_threads=1|total_runtime_ms=282.086|total_runq_wait_ms=0.007|tgids=5032,10622,16730,26538,28860
THREAD|13|1|28860|28860|10999|sh|282.086|97.2|0.007|1|6|6|0-7|0|1024|1024|1|0|13
THREAD|13|2|16730|9973|10563|AppSearch_Index|0.000|0.0|0.000|0|3|3|0-7|0|1024|1024|13150|20688|240
THREAD|13|3|16730|9940|10563|AppSearch_Index|0.000|0.0|0.000|0|2|2|0-7|0|1024|1024|13115|20690|232
THREAD|13|4|26538|9612|10195|binder:26538_8|0.000|0.0|0.000|0|1|1|0-7|0|1024|1024|3402|6500|3312
THREAD|13|5|26538|9470|10195|binder:26538_B|0.000|0.0|0.000|0|6|6|0-7|0|1024|1024|2531|4304|2105
THREAD|13|6|10622|8513|10201|ExoPlayer:Playb|0.000|0.0|0.000|0|4|4|0-7|0|1024|1024|6463|10331|51
THREAD|13|7|10622|8509|10201|ExoPlayer:Playb|0.000|0.0|0.000|0|1|1|0-7|0|1024|1024|6331|10327|49
THREAD|13|8|26538|8364|10195|IMM.binder-emu|0.000|0.0|0.000|0|2|2|0-7|0|1024|1024|15737|23850|1039
THREAD|13|9|26538|8336|10195|Primes-Jank|0.000|0.0|0.000|0|4|4|0-7|0|1024|1024|16074|23866|1131
THREAD|13|10|16730|8119|10563|AppSearch_Index|0.000|0.0|0.000|0|3|3|0-7|0|1024|1024|13165|20704|245
WINDOW|seq=14|t_cs=16214888|wall_ms=220|threads=263|busy_threads=1|total_runtime_ms=226.569|total_runq_wait_ms=0.000|tgids=5032,10622,16730,26538,28860
THREAD|14|1|28860|28860|10999|sh|226.569|102.9|0.000|0|6|6|0-7|0|1024|1024|1|0|13
THREAD|14|2|16730|9973|10563|AppSearch_Index|0.000|0.0|0.000|0|3|3|0-7|0|1024|1024|13150|20688|240
THREAD|14|3|16730|9940|10563|AppSearch_Index|0.000|0.0|0.000|0|2|2|0-7|0|1024|1024|13115|20690|232
THREAD|14|4|26538|9612|10195|binder:26538_8|0.000|0.0|0.000|0|1|1|0-7|0|1024|1024|3402|6500|3312
THREAD|14|5|26538|9470|10195|binder:26538_B|0.000|0.0|0.000|0|6|6|0-7|0|1024|1024|2531|4304|2105
THREAD|14|6|10622|8513|10201|ExoPlayer:Playb|0.000|0.0|0.000|0|4|4|0-7|0|1024|1024|6463|10331|51
THREAD|14|7|10622|8509|10201|ExoPlayer:Playb|0.000|0.0|0.000|0|1|1|0-7|0|1024|1024|6331|10327|49
THREAD|14|8|26538|8364|10195|IMM.binder-emu|0.000|0.0|0.000|0|2|2|0-7|0|1024|1024|15737|23850|1039
THREAD|14|9|26538|8336|10195|Primes-Jank|0.000|0.0|0.000|0|4|4|0-7|0|1024|1024|16074|23866|1131
THREAD|14|10|16730|8119|10563|AppSearch_Index|0.000|0.0|0.000|0|3|3|0-7|0|1024|1024|13165|20704|245
WINDOW|seq=15|t_cs=16214915|wall_ms=270|threads=263|busy_threads=1|total_runtime_ms=262.235|total_runq_wait_ms=0.000|tgids=5032,10622,16730,26538,28860
THREAD|15|1|28860|28860|10999|sh|262.235|97.1|0.000|0|6|6|0-7|0|1024|1024|1|0|13
THREAD|15|2|16730|9973|10563|AppSearch_Index|0.000|0.0|0.000|0|3|3|0-7|0|1024|1024|13150|20688|240
THREAD|15|3|16730|9940|10563|AppSearch_Index|0.000|0.0|0.000|0|2|2|0-7|0|1024|1024|13115|20690|232
THREAD|15|4|26538|9612|10195|binder:26538_8|0.000|0.0|0.000|0|1|1|0-7|0|1024|1024|3402|6500|3312
THREAD|15|5|26538|9470|10195|binder:26538_B|0.000|0.0|0.000|0|6|6|0-7|0|1024|1024|2531|4304|2105
THREAD|15|6|10622|8513|10201|ExoPlayer:Playb|0.000|0.0|0.000|0|4|4|0-7|0|1024|1024|6463|10331|51
THREAD|15|7|10622|8509|10201|ExoPlayer:Playb|0.000|0.0|0.000|0|1|1|0-7|0|1024|1024|6331|10327|49
THREAD|15|8|26538|8364|10195|IMM.binder-emu|0.000|0.0|0.000|0|2|2|0-7|0|1024|1024|15737|23850|1039
THREAD|15|9|26538|8336|10195|Primes-Jank|0.000|0.0|0.000|0|4|4|0-7|0|1024|1024|16074|23866|1131
THREAD|15|10|16730|8119|10563|AppSearch_Index|0.000|0.0|0.000|0|3|3|0-7|0|1024|1024|13165|20704|245
WINDOW|seq=16|t_cs=16214940|wall_ms=250|threads=263|busy_threads=1|total_runtime_ms=250.474|total_runq_wait_ms=0.116|tgids=5032,10622,16730,26538,28860
THREAD|16|1|28860|28860|10999|sh|250.474|100.1|0.116|2|6|6|0-7|0|1024|1024|1|0|16
THREAD|16|2|16730|9973|10563|AppSearch_Index|0.000|0.0|0.000|0|3|3|0-7|0|1024|1024|13150|20688|240
THREAD|16|3|16730|9940|10563|AppSearch_Index|0.000|0.0|0.000|0|2|2|0-7|0|1024|1024|13115|20690|232
THREAD|16|4|26538|9612|10195|binder:26538_8|0.000|0.0|0.000|0|1|1|0-7|0|1024|1024|3402|6500|3312
THREAD|16|5|26538|9470|10195|binder:26538_B|0.000|0.0|0.000|0|6|6|0-7|0|1024|1024|2531|4304|2105
THREAD|16|6|10622|8513|10201|ExoPlayer:Playb|0.000|0.0|0.000|0|4|4|0-7|0|1024|1024|6463|10331|51
THREAD|16|7|10622|8509|10201|ExoPlayer:Playb|0.000|0.0|0.000|0|1|1|0-7|0|1024|1024|6331|10327|49
THREAD|16|8|26538|8364|10195|IMM.binder-emu|0.000|0.0|0.000|0|2|2|0-7|0|1024|1024|15737|23850|1039
THREAD|16|9|26538|8336|10195|Primes-Jank|0.000|0.0|0.000|0|4|4|0-7|0|1024|1024|16074|23866|1131
THREAD|16|10|16730|8119|10563|AppSearch_Index|0.000|0.0|0.000|0|3|3|0-7|0|1024|1024|13165|20704|245
WINDOW|seq=17|t_cs=16214968|wall_ms=280|threads=263|busy_threads=1|total_runtime_ms=278.325|total_runq_wait_ms=0.007|tgids=5032,10622,16730,26538,28860
THREAD|17|1|28860|28860|10999|sh|278.325|99.4|0.007|1|6|6|0-7|0|1024|1024|1|0|16
THREAD|17|2|16730|9973|10563|AppSearch_Index|0.000|0.0|0.000|0|3|3|0-7|0|1024|1024|13150|20688|240
THREAD|17|3|16730|9940|10563|AppSearch_Index|0.000|0.0|0.000|0|2|2|0-7|0|1024|1024|13115|20690|232
THREAD|17|4|26538|9612|10195|binder:26538_8|0.000|0.0|0.000|0|1|1|0-7|0|1024|1024|3402|6500|3312
THREAD|17|5|26538|9470|10195|binder:26538_B|0.000|0.0|0.000|0|6|6|0-7|0|1024|1024|2531|4304|2105
THREAD|17|6|10622|8513|10201|ExoPlayer:Playb|0.000|0.0|0.000|0|4|4|0-7|0|1024|1024|6463|10331|51
THREAD|17|7|10622|8509|10201|ExoPlayer:Playb|0.000|0.0|0.000|0|1|1|0-7|0|1024|1024|6331|10327|49
THREAD|17|8|26538|8364|10195|IMM.binder-emu|0.000|0.0|0.000|0|2|2|0-7|0|1024|1024|15737|23850|1039
THREAD|17|9|26538|8336|10195|Primes-Jank|0.000|0.0|0.000|0|4|4|0-7|0|1024|1024|16074|23866|1131
THREAD|17|10|16730|8119|10563|AppSearch_Index|0.000|0.0|0.000|0|3|3|0-7|0|1024|1024|13165|20704|245
WINDOW|seq=18|t_cs=16214994|wall_ms=260|threads=263|busy_threads=1|total_runtime_ms=262.551|total_runq_wait_ms=0.000|tgids=5032,10622,16730,26538,28860
THREAD|18|1|28860|28860|10999|sh|262.551|100.9|0.000|0|6|6|0-7|0|1024|1024|1|0|16
THREAD|18|2|16730|9973|10563|AppSearch_Index|0.000|0.0|0.000|0|3|3|0-7|0|1024|1024|13150|20688|240
THREAD|18|3|16730|9940|10563|AppSearch_Index|0.000|0.0|0.000|0|2|2|0-7|0|1024|1024|13115|20690|232
THREAD|18|4|26538|9612|10195|binder:26538_8|0.000|0.0|0.000|0|1|1|0-7|0|1024|1024|3402|6500|3312
THREAD|18|5|26538|9470|10195|binder:26538_B|0.000|0.0|0.000|0|6|6|0-7|0|1024|1024|2531|4304|2105
THREAD|18|6|10622|8513|10201|ExoPlayer:Playb|0.000|0.0|0.000|0|4|4|0-7|0|1024|1024|6463|10331|51
THREAD|18|7|10622|8509|10201|ExoPlayer:Playb|0.000|0.0|0.000|0|1|1|0-7|0|1024|1024|6331|10327|49
THREAD|18|8|26538|8364|10195|IMM.binder-emu|0.000|0.0|0.000|0|2|2|0-7|0|1024|1024|15737|23850|1039
THREAD|18|9|26538|8336|10195|Primes-Jank|0.000|0.0|0.000|0|4|4|0-7|0|1024|1024|16074|23866|1131
THREAD|18|10|16730|8119|10563|AppSearch_Index|0.000|0.0|0.000|0|3|3|0-7|0|1024|1024|13165|20704|245
WINDOW|seq=19|t_cs=16215018|wall_ms=240|threads=263|busy_threads=1|total_runtime_ms=234.751|total_runq_wait_ms=0.000|tgids=5032,10622,16730,26538,28860
THREAD|19|1|28860|28860|10999|sh|234.751|97.8|0.000|0|6|6|0-7|0|1024|1024|1|0|16
THREAD|19|2|16730|9973|10563|AppSearch_Index|0.000|0.0|0.000|0|3|3|0-7|0|1024|1024|13150|20688|240
THREAD|19|3|16730|9940|10563|AppSearch_Index|0.000|0.0|0.000|0|2|2|0-7|0|1024|1024|13115|20690|232
THREAD|19|4|26538|9612|10195|binder:26538_8|0.000|0.0|0.000|0|1|1|0-7|0|1024|1024|3402|6500|3312
THREAD|19|5|26538|9470|10195|binder:26538_B|0.000|0.0|0.000|0|6|6|0-7|0|1024|1024|2531|4304|2105
THREAD|19|6|10622|8513|10201|ExoPlayer:Playb|0.000|0.0|0.000|0|4|4|0-7|0|1024|1024|6463|10331|51
THREAD|19|7|10622|8509|10201|ExoPlayer:Playb|0.000|0.0|0.000|0|1|1|0-7|0|1024|1024|6331|10327|49
THREAD|19|8|26538|8364|10195|IMM.binder-emu|0.000|0.0|0.000|0|2|2|0-7|0|1024|1024|15737|23850|1039
THREAD|19|9|26538|8336|10195|Primes-Jank|0.000|0.0|0.000|0|4|4|0-7|0|1024|1024|16074|23866|1131
THREAD|19|10|16730|8119|10563|AppSearch_Index|0.000|0.0|0.000|0|3|3|0-7|0|1024|1024|13165|20704|245
WINDOW|seq=20|t_cs=16215045|wall_ms=270|threads=263|busy_threads=1|total_runtime_ms=266.314|total_runq_wait_ms=0.081|tgids=5032,10622,16730,26538,28860
THREAD|20|1|28860|28860|10999|sh|266.314|98.6|0.081|2|6|6|0-7|0|1024|1024|1|0|18
THREAD|20|2|16730|9973|10563|AppSearch_Index|0.000|0.0|0.000|0|3|3|0-7|0|1024|1024|13150|20688|240
THREAD|20|3|16730|9940|10563|AppSearch_Index|0.000|0.0|0.000|0|2|2|0-7|0|1024|1024|13115|20690|232
THREAD|20|4|26538|9612|10195|binder:26538_8|0.000|0.0|0.000|0|1|1|0-7|0|1024|1024|3402|6500|3312
THREAD|20|5|26538|9470|10195|binder:26538_B|0.000|0.0|0.000|0|6|6|0-7|0|1024|1024|2531|4304|2105
THREAD|20|6|10622|8513|10201|ExoPlayer:Playb|0.000|0.0|0.000|0|4|4|0-7|0|1024|1024|6463|10331|51
THREAD|20|7|10622|8509|10201|ExoPlayer:Playb|0.000|0.0|0.000|0|1|1|0-7|0|1024|1024|6331|10327|49
THREAD|20|8|26538|8364|10195|IMM.binder-emu|0.000|0.0|0.000|0|2|2|0-7|0|1024|1024|15737|23850|1039
THREAD|20|9|26538|8336|10195|Primes-Jank|0.000|0.0|0.000|0|4|4|0-7|0|1024|1024|16074|23866|1131
THREAD|20|10|16730|8119|10563|AppSearch_Index|0.000|0.0|0.000|0|3|3|0-7|0|1024|1024|13165|20704|245
WINDOW|seq=21|t_cs=16215070|wall_ms=250|threads=263|busy_threads=1|total_runtime_ms=242.558|total_runq_wait_ms=0.000|tgids=5032,10622,16730,26538,28860
THREAD|21|1|28860|28860|10999|sh|242.558|97.0|0.000|0|6|6|0-7|0|1024|1024|1|0|18
THREAD|21|2|16730|9973|10563|AppSearch_Index|0.000|0.0|0.000|0|3|3|0-7|0|1024|1024|13150|20688|240
THREAD|21|3|16730|9940|10563|AppSearch_Index|0.000|0.0|0.000|0|2|2|0-7|0|1024|1024|13115|20690|232
THREAD|21|4|26538|9612|10195|binder:26538_8|0.000|0.0|0.000|0|1|1|0-7|0|1024|1024|3402|6500|3312
THREAD|21|5|26538|9470|10195|binder:26538_B|0.000|0.0|0.000|0|6|6|0-7|0|1024|1024|2531|4304|2105
THREAD|21|6|10622|8513|10201|ExoPlayer:Playb|0.000|0.0|0.000|0|4|4|0-7|0|1024|1024|6463|10331|51
THREAD|21|7|10622|8509|10201|ExoPlayer:Playb|0.000|0.0|0.000|0|1|1|0-7|0|1024|1024|6331|10327|49
THREAD|21|8|26538|8364|10195|IMM.binder-emu|0.000|0.0|0.000|0|2|2|0-7|0|1024|1024|15737|23850|1039
THREAD|21|9|26538|8336|10195|Primes-Jank|0.000|0.0|0.000|0|4|4|0-7|0|1024|1024|16074|23866|1131
THREAD|21|10|16730|8119|10563|AppSearch_Index|0.000|0.0|0.000|0|3|3|0-7|0|1024|1024|13165|20704|245
WINDOW|seq=22|t_cs=16215096|wall_ms=260|threads=263|busy_threads=1|total_runtime_ms=266.123|total_runq_wait_ms=0.032|tgids=5032,10622,16730,26538,28860
THREAD|22|1|28860|28860|10999|sh|266.123|102.3|0.032|1|6|7|0-7|0|1024|1024|2|0|19
THREAD|22|2|16730|9973|10563|AppSearch_Index|0.000|0.0|0.000|0|3|3|0-7|0|1024|1024|13150|20688|240
THREAD|22|3|16730|9940|10563|AppSearch_Index|0.000|0.0|0.000|0|2|2|0-7|0|1024|1024|13115|20690|232
THREAD|22|4|26538|9612|10195|binder:26538_8|0.000|0.0|0.000|0|1|1|0-7|0|1024|1024|3402|6500|3312
THREAD|22|5|26538|9470|10195|binder:26538_B|0.000|0.0|0.000|0|6|6|0-7|0|1024|1024|2531|4304|2105
THREAD|22|6|10622|8513|10201|ExoPlayer:Playb|0.000|0.0|0.000|0|4|4|0-7|0|1024|1024|6463|10331|51
THREAD|22|7|10622|8509|10201|ExoPlayer:Playb|0.000|0.0|0.000|0|1|1|0-7|0|1024|1024|6331|10327|49
THREAD|22|8|26538|8364|10195|IMM.binder-emu|0.000|0.0|0.000|0|2|2|0-7|0|1024|1024|15737|23850|1039
THREAD|22|9|26538|8336|10195|Primes-Jank|0.000|0.0|0.000|0|4|4|0-7|0|1024|1024|16074|23866|1131
THREAD|22|10|16730|8119|10563|AppSearch_Index|0.000|0.0|0.000|0|3|3|0-7|0|1024|1024|13165|20704|245
WINDOW|seq=23|t_cs=16215123|wall_ms=270|threads=263|busy_threads=1|total_runtime_ms=266.571|total_runq_wait_ms=0.000|tgids=5032,10622,16730,26538,28860
THREAD|23|1|28860|28860|10999|sh|266.571|98.7|0.000|0|7|7|0-7|0|1024|1024|2|0|19
THREAD|23|2|16730|9973|10563|AppSearch_Index|0.000|0.0|0.000|0|3|3|0-7|0|1024|1024|13150|20688|240
THREAD|23|3|16730|9940|10563|AppSearch_Index|0.000|0.0|0.000|0|2|2|0-7|0|1024|1024|13115|20690|232
THREAD|23|4|26538|9612|10195|binder:26538_8|0.000|0.0|0.000|0|1|1|0-7|0|1024|1024|3402|6500|3312
THREAD|23|5|26538|9470|10195|binder:26538_B|0.000|0.0|0.000|0|6|6|0-7|0|1024|1024|2531|4304|2105
THREAD|23|6|10622|8513|10201|ExoPlayer:Playb|0.000|0.0|0.000|0|4|4|0-7|0|1024|1024|6463|10331|51
THREAD|23|7|10622|8509|10201|ExoPlayer:Playb|0.000|0.0|0.000|0|1|1|0-7|0|1024|1024|6331|10327|49
THREAD|23|8|26538|8364|10195|IMM.binder-emu|0.000|0.0|0.000|0|2|2|0-7|0|1024|1024|15737|23850|1039
THREAD|23|9|26538|8336|10195|Primes-Jank|0.000|0.0|0.000|0|4|4|0-7|0|1024|1024|16074|23866|1131
THREAD|23|10|16730|8119|10563|AppSearch_Index|0.000|0.0|0.000|0|3|3|0-7|0|1024|1024|13165|20704|245
WINDOW|seq=24|t_cs=16215149|wall_ms=260|threads=263|busy_threads=1|total_runtime_ms=258.573|total_runq_wait_ms=0.008|tgids=5032,10622,16730,26538,28860
THREAD|24|1|28860|28860|10999|sh|258.573|99.4|0.008|1|7|7|0-7|0|1024|1024|2|0|20
THREAD|24|2|16730|9973|10563|AppSearch_Index|0.000|0.0|0.000|0|3|3|0-7|0|1024|1024|13150|20688|240
THREAD|24|3|16730|9940|10563|AppSearch_Index|0.000|0.0|0.000|0|2|2|0-7|0|1024|1024|13115|20690|232
THREAD|24|4|26538|9612|10195|binder:26538_8|0.000|0.0|0.000|0|1|1|0-7|0|1024|1024|3402|6500|3312
THREAD|24|5|26538|9470|10195|binder:26538_B|0.000|0.0|0.000|0|6|6|0-7|0|1024|1024|2531|4304|2105
THREAD|24|6|10622|8513|10201|ExoPlayer:Playb|0.000|0.0|0.000|0|4|4|0-7|0|1024|1024|6463|10331|51
THREAD|24|7|10622|8509|10201|ExoPlayer:Playb|0.000|0.0|0.000|0|1|1|0-7|0|1024|1024|6331|10327|49
THREAD|24|8|26538|8364|10195|IMM.binder-emu|0.000|0.0|0.000|0|2|2|0-7|0|1024|1024|15737|23850|1039
THREAD|24|9|26538|8336|10195|Primes-Jank|0.000|0.0|0.000|0|4|4|0-7|0|1024|1024|16074|23866|1131
THREAD|24|10|16730|8119|10563|AppSearch_Index|0.000|0.0|0.000|0|3|3|0-7|0|1024|1024|13165|20704|245
WINDOW|seq=25|t_cs=16215175|wall_ms=260|threads=263|busy_threads=1|total_runtime_ms=262.365|total_runq_wait_ms=0.000|tgids=5032,10622,16730,26538,28860
THREAD|25|1|28860|28860|10999|sh|262.365|100.9|0.000|0|7|7|0-7|0|1024|1024|2|0|20
THREAD|25|2|16730|9973|10563|AppSearch_Index|0.000|0.0|0.000|0|3|3|0-7|0|1024|1024|13150|20688|240
THREAD|25|3|16730|9940|10563|AppSearch_Index|0.000|0.0|0.000|0|2|2|0-7|0|1024|1024|13115|20690|232
THREAD|25|4|26538|9612|10195|binder:26538_8|0.000|0.0|0.000|0|1|1|0-7|0|1024|1024|3402|6500|3312
THREAD|25|5|26538|9470|10195|binder:26538_B|0.000|0.0|0.000|0|6|6|0-7|0|1024|1024|2531|4304|2105
THREAD|25|6|10622|8513|10201|ExoPlayer:Playb|0.000|0.0|0.000|0|4|4|0-7|0|1024|1024|6463|10331|51
THREAD|25|7|10622|8509|10201|ExoPlayer:Playb|0.000|0.0|0.000|0|1|1|0-7|0|1024|1024|6331|10327|49
THREAD|25|8|26538|8364|10195|IMM.binder-emu|0.000|0.0|0.000|0|2|2|0-7|0|1024|1024|15737|23850|1039
THREAD|25|9|26538|8336|10195|Primes-Jank|0.000|0.0|0.000|0|4|4|0-7|0|1024|1024|16074|23866|1131
THREAD|25|10|16730|8119|10563|AppSearch_Index|0.000|0.0|0.000|0|3|3|0-7|0|1024|1024|13165|20704|245
WINDOW|seq=26|t_cs=16215200|wall_ms=250|threads=263|busy_threads=1|total_runtime_ms=250.858|total_runq_wait_ms=0.000|tgids=5032,10622,16730,26538,28860
THREAD|26|1|28860|28860|10999|sh|250.858|100.3|0.000|0|7|7|0-7|0|1024|1024|2|0|20
THREAD|26|2|16730|9973|10563|AppSearch_Index|0.000|0.0|0.000|0|3|3|0-7|0|1024|1024|13150|20688|240
THREAD|26|3|16730|9940|10563|AppSearch_Index|0.000|0.0|0.000|0|2|2|0-7|0|1024|1024|13115|20690|232
THREAD|26|4|26538|9612|10195|binder:26538_8|0.000|0.0|0.000|0|1|1|0-7|0|1024|1024|3402|6500|3312
THREAD|26|5|26538|9470|10195|binder:26538_B|0.000|0.0|0.000|0|6|6|0-7|0|1024|1024|2531|4304|2105
THREAD|26|6|10622|8513|10201|ExoPlayer:Playb|0.000|0.0|0.000|0|4|4|0-7|0|1024|1024|6463|10331|51
THREAD|26|7|10622|8509|10201|ExoPlayer:Playb|0.000|0.0|0.000|0|1|1|0-7|0|1024|1024|6331|10327|49
THREAD|26|8|26538|8364|10195|IMM.binder-emu|0.000|0.0|0.000|0|2|2|0-7|0|1024|1024|15737|23850|1039
THREAD|26|9|26538|8336|10195|Primes-Jank|0.000|0.0|0.000|0|4|4|0-7|0|1024|1024|16074|23866|1131
THREAD|26|10|16730|8119|10563|AppSearch_Index|0.000|0.0|0.000|0|3|3|0-7|0|1024|1024|13165|20704|245
WINDOW|seq=27|t_cs=16215226|wall_ms=260|threads=263|busy_threads=1|total_runtime_ms=254.624|total_runq_wait_ms=0.000|tgids=5032,10622,16730,26538,28860
THREAD|27|1|28860|28860|10999|sh|254.624|97.9|0.000|0|7|7|0-7|0|1024|1024|2|0|20
THREAD|27|2|16730|9973|10563|AppSearch_Index|0.000|0.0|0.000|0|3|3|0-7|0|1024|1024|13150|20688|240
THREAD|27|3|16730|9940|10563|AppSearch_Index|0.000|0.0|0.000|0|2|2|0-7|0|1024|1024|13115|20690|232
THREAD|27|4|26538|9612|10195|binder:26538_8|0.000|0.0|0.000|0|1|1|0-7|0|1024|1024|3402|6500|3312
THREAD|27|5|26538|9470|10195|binder:26538_B|0.000|0.0|0.000|0|6|6|0-7|0|1024|1024|2531|4304|2105
THREAD|27|6|10622|8513|10201|ExoPlayer:Playb|0.000|0.0|0.000|0|4|4|0-7|0|1024|1024|6463|10331|51
THREAD|27|7|10622|8509|10201|ExoPlayer:Playb|0.000|0.0|0.000|0|1|1|0-7|0|1024|1024|6331|10327|49
THREAD|27|8|26538|8364|10195|IMM.binder-emu|0.000|0.0|0.000|0|2|2|0-7|0|1024|1024|15737|23850|1039
THREAD|27|9|26538|8336|10195|Primes-Jank|0.000|0.0|0.000|0|4|4|0-7|0|1024|1024|16074|23866|1131
THREAD|27|10|16730|8119|10563|AppSearch_Index|0.000|0.0|0.000|0|3|3|0-7|0|1024|1024|13165|20704|245
WINDOW|seq=28|t_cs=16215252|wall_ms=260|threads=263|busy_threads=1|total_runtime_ms=254.739|total_runq_wait_ms=0.000|tgids=5032,10622,16730,26538,28860
THREAD|28|1|28860|28860|10999|sh|254.739|97.9|0.000|0|7|7|0-7|0|1024|1024|2|0|20
THREAD|28|2|16730|9973|10563|AppSearch_Index|0.000|0.0|0.000|0|3|3|0-7|0|1024|1024|13150|20688|240
THREAD|28|3|16730|9940|10563|AppSearch_Index|0.000|0.0|0.000|0|2|2|0-7|0|1024|1024|13115|20690|232
THREAD|28|4|26538|9612|10195|binder:26538_8|0.000|0.0|0.000|0|1|1|0-7|0|1024|1024|3402|6500|3312
THREAD|28|5|26538|9470|10195|binder:26538_B|0.000|0.0|0.000|0|6|6|0-7|0|1024|1024|2531|4304|2105
THREAD|28|6|10622|8513|10201|ExoPlayer:Playb|0.000|0.0|0.000|0|4|4|0-7|0|1024|1024|6463|10331|51
THREAD|28|7|10622|8509|10201|ExoPlayer:Playb|0.000|0.0|0.000|0|1|1|0-7|0|1024|1024|6331|10327|49
THREAD|28|8|26538|8364|10195|IMM.binder-emu|0.000|0.0|0.000|0|2|2|0-7|0|1024|1024|15737|23850|1039
THREAD|28|9|26538|8336|10195|Primes-Jank|0.000|0.0|0.000|0|4|4|0-7|0|1024|1024|16074|23866|1131
THREAD|28|10|16730|8119|10563|AppSearch_Index|0.000|0.0|0.000|0|3|3|0-7|0|1024|1024|13165|20704|245
WINDOW|seq=29|t_cs=16215277|wall_ms=250|threads=263|busy_threads=1|total_runtime_ms=254.584|total_runq_wait_ms=0.000|tgids=5032,10622,16730,26538,28860
THREAD|29|1|28860|28860|10999|sh|254.584|101.8|0.000|0|7|7|0-7|0|1024|1024|2|0|20
THREAD|29|2|16730|9973|10563|AppSearch_Index|0.000|0.0|0.000|0|3|3|0-7|0|1024|1024|13150|20688|240
THREAD|29|3|16730|9940|10563|AppSearch_Index|0.000|0.0|0.000|0|2|2|0-7|0|1024|1024|13115|20690|232
THREAD|29|4|26538|9612|10195|binder:26538_8|0.000|0.0|0.000|0|1|1|0-7|0|1024|1024|3402|6500|3312
THREAD|29|5|26538|9470|10195|binder:26538_B|0.000|0.0|0.000|0|6|6|0-7|0|1024|1024|2531|4304|2105
THREAD|29|6|10622|8513|10201|ExoPlayer:Playb|0.000|0.0|0.000|0|4|4|0-7|0|1024|1024|6463|10331|51
THREAD|29|7|10622|8509|10201|ExoPlayer:Playb|0.000|0.0|0.000|0|1|1|0-7|0|1024|1024|6331|10327|49
THREAD|29|8|26538|8364|10195|IMM.binder-emu|0.000|0.0|0.000|0|2|2|0-7|0|1024|1024|15737|23850|1039
THREAD|29|9|26538|8336|10195|Primes-Jank|0.000|0.0|0.000|0|4|4|0-7|0|1024|1024|16074|23866|1131
THREAD|29|10|16730|8119|10563|AppSearch_Index|0.000|0.0|0.000|0|3|3|0-7|0|1024|1024|13165|20704|245
WINDOW|seq=30|t_cs=16215303|wall_ms=260|threads=263|busy_threads=1|total_runtime_ms=254.385|total_runq_wait_ms=0.000|tgids=5032,10622,16730,26538,28860
THREAD|30|1|28860|28860|10999|sh|254.385|97.8|0.000|0|7|7|0-7|0|1024|1024|2|0|20
THREAD|30|2|16730|9973|10563|AppSearch_Index|0.000|0.0|0.000|0|3|3|0-7|0|1024|1024|13150|20688|240
THREAD|30|3|16730|9940|10563|AppSearch_Index|0.000|0.0|0.000|0|2|2|0-7|0|1024|1024|13115|20690|232
THREAD|30|4|26538|9612|10195|binder:26538_8|0.000|0.0|0.000|0|1|1|0-7|0|1024|1024|3402|6500|3312
THREAD|30|5|26538|9470|10195|binder:26538_B|0.000|0.0|0.000|0|6|6|0-7|0|1024|1024|2531|4304|2105
THREAD|30|6|10622|8513|10201|ExoPlayer:Playb|0.000|0.0|0.000|0|4|4|0-7|0|1024|1024|6463|10331|51
THREAD|30|7|10622|8509|10201|ExoPlayer:Playb|0.000|0.0|0.000|0|1|1|0-7|0|1024|1024|6331|10327|49
THREAD|30|8|26538|8364|10195|IMM.binder-emu|0.000|0.0|0.000|0|2|2|0-7|0|1024|1024|15737|23850|1039
THREAD|30|9|26538|8336|10195|Primes-Jank|0.000|0.0|0.000|0|4|4|0-7|0|1024|1024|16074|23866|1131
THREAD|30|10|16730|8119|10563|AppSearch_Index|0.000|0.0|0.000|0|3|3|0-7|0|1024|1024|13165|20704|245
WINDOW|seq=31|t_cs=16215328|wall_ms=250|threads=263|busy_threads=1|total_runtime_ms=254.566|total_runq_wait_ms=0.000|tgids=5032,10622,16730,26538,28860
THREAD|31|1|28860|28860|10999|sh|254.566|101.8|0.000|0|7|7|0-7|0|1024|1024|2|0|20
THREAD|31|2|16730|9973|10563|AppSearch_Index|0.000|0.0|0.000|0|3|3|0-7|0|1024|1024|13150|20688|240
THREAD|31|3|16730|9940|10563|AppSearch_Index|0.000|0.0|0.000|0|2|2|0-7|0|1024|1024|13115|20690|232
THREAD|31|4|26538|9612|10195|binder:26538_8|0.000|0.0|0.000|0|1|1|0-7|0|1024|1024|3402|6500|3312
THREAD|31|5|26538|9470|10195|binder:26538_B|0.000|0.0|0.000|0|6|6|0-7|0|1024|1024|2531|4304|2105
THREAD|31|6|10622|8513|10201|ExoPlayer:Playb|0.000|0.0|0.000|0|4|4|0-7|0|1024|1024|6463|10331|51
THREAD|31|7|10622|8509|10201|ExoPlayer:Playb|0.000|0.0|0.000|0|1|1|0-7|0|1024|1024|6331|10327|49
THREAD|31|8|26538|8364|10195|IMM.binder-emu|0.000|0.0|0.000|0|2|2|0-7|0|1024|1024|15737|23850|1039
THREAD|31|9|26538|8336|10195|Primes-Jank|0.000|0.0|0.000|0|4|4|0-7|0|1024|1024|16074|23866|1131
THREAD|31|10|16730|8119|10563|AppSearch_Index|0.000|0.0|0.000|0|3|3|0-7|0|1024|1024|13165|20704|245
WINDOW|seq=32|t_cs=16215353|wall_ms=250|threads=263|busy_threads=1|total_runtime_ms=242.575|total_runq_wait_ms=0.000|tgids=5032,10622,16730,26538,28860
THREAD|32|1|28860|28860|10999|sh|242.575|97.0|0.000|0|7|7|0-7|0|1024|1024|2|0|20
THREAD|32|2|16730|9973|10563|AppSearch_Index|0.000|0.0|0.000|0|3|3|0-7|0|1024|1024|13150|20688|240
THREAD|32|3|16730|9940|10563|AppSearch_Index|0.000|0.0|0.000|0|2|2|0-7|0|1024|1024|13115|20690|232
THREAD|32|4|26538|9612|10195|binder:26538_8|0.000|0.0|0.000|0|1|1|0-7|0|1024|1024|3402|6500|3312
THREAD|32|5|26538|9470|10195|binder:26538_B|0.000|0.0|0.000|0|6|6|0-7|0|1024|1024|2531|4304|2105
THREAD|32|6|10622|8513|10201|ExoPlayer:Playb|0.000|0.0|0.000|0|4|4|0-7|0|1024|1024|6463|10331|51
THREAD|32|7|10622|8509|10201|ExoPlayer:Playb|0.000|0.0|0.000|0|1|1|0-7|0|1024|1024|6331|10327|49
THREAD|32|8|26538|8364|10195|IMM.binder-emu|0.000|0.0|0.000|0|2|2|0-7|0|1024|1024|15737|23850|1039
THREAD|32|9|26538|8336|10195|Primes-Jank|0.000|0.0|0.000|0|4|4|0-7|0|1024|1024|16074|23866|1131
THREAD|32|10|16730|8119|10563|AppSearch_Index|0.000|0.0|0.000|0|3|3|0-7|0|1024|1024|13165|20704|245
WINDOW|seq=33|t_cs=16215379|wall_ms=260|threads=263|busy_threads=1|total_runtime_ms=262.563|total_runq_wait_ms=0.000|tgids=5032,10622,16730,26538,28860
THREAD|33|1|28860|28860|10999|sh|262.563|100.9|0.000|0|7|7|0-7|0|1024|1024|2|0|20
THREAD|33|2|16730|9973|10563|AppSearch_Index|0.000|0.0|0.000|0|3|3|0-7|0|1024|1024|13150|20688|240
THREAD|33|3|16730|9940|10563|AppSearch_Index|0.000|0.0|0.000|0|2|2|0-7|0|1024|1024|13115|20690|232
THREAD|33|4|26538|9612|10195|binder:26538_8|0.000|0.0|0.000|0|1|1|0-7|0|1024|1024|3402|6500|3312
THREAD|33|5|26538|9470|10195|binder:26538_B|0.000|0.0|0.000|0|6|6|0-7|0|1024|1024|2531|4304|2105
THREAD|33|6|10622|8513|10201|ExoPlayer:Playb|0.000|0.0|0.000|0|4|4|0-7|0|1024|1024|6463|10331|51
THREAD|33|7|10622|8509|10201|ExoPlayer:Playb|0.000|0.0|0.000|0|1|1|0-7|0|1024|1024|6331|10327|49
THREAD|33|8|26538|8364|10195|IMM.binder-emu|0.000|0.0|0.000|0|2|2|0-7|0|1024|1024|15737|23850|1039
THREAD|33|9|26538|8336|10195|Primes-Jank|0.000|0.0|0.000|0|4|4|0-7|0|1024|1024|16074|23866|1131
THREAD|33|10|16730|8119|10563|AppSearch_Index|0.000|0.0|0.000|0|3|3|0-7|0|1024|1024|13165|20704|245
WINDOW|seq=34|t_cs=16215403|wall_ms=240|threads=263|busy_threads=2|total_runtime_ms=238.819|total_runq_wait_ms=0.000|tgids=5032,10622,16730,26538,28860
THREAD|34|1|28860|28860|10999|sh|238.794|99.4|0.000|0|7|7|0-7|0|1024|1024|2|0|20
THREAD|34|2|5032|14154|10117|binder:5032_6|0.024|0.0|0.000|1|4|4|0-7|0|1024|1024|349|566|291
THREAD|34|3|16730|9973|10563|AppSearch_Index|0.000|0.0|0.000|0|3|3|0-7|0|1024|1024|13150|20688|240
THREAD|34|4|16730|9940|10563|AppSearch_Index|0.000|0.0|0.000|0|2|2|0-7|0|1024|1024|13115|20690|232
THREAD|34|5|26538|9612|10195|binder:26538_8|0.000|0.0|0.000|0|1|1|0-7|0|1024|1024|3402|6500|3312
THREAD|34|6|26538|9470|10195|binder:26538_B|0.000|0.0|0.000|0|6|6|0-7|0|1024|1024|2531|4304|2105
THREAD|34|7|10622|8513|10201|ExoPlayer:Playb|0.000|0.0|0.000|0|4|4|0-7|0|1024|1024|6463|10331|51
THREAD|34|8|10622|8509|10201|ExoPlayer:Playb|0.000|0.0|0.000|0|1|1|0-7|0|1024|1024|6331|10327|49
THREAD|34|9|26538|8364|10195|IMM.binder-emu|0.000|0.0|0.000|0|2|2|0-7|0|1024|1024|15737|23850|1039
THREAD|34|10|26538|8336|10195|Primes-Jank|0.000|0.0|0.000|0|4|4|0-7|0|1024|1024|16074|23866|1131
WINDOW|seq=35|t_cs=16215429|wall_ms=260|threads=263|busy_threads=1|total_runtime_ms=250.565|total_runq_wait_ms=0.000|tgids=5032,10622,16730,26538,28860
THREAD|35|1|28860|28860|10999|sh|250.565|96.3|0.000|0|7|7|0-7|0|1024|1024|2|0|20
THREAD|35|2|16730|9973|10563|AppSearch_Index|0.000|0.0|0.000|0|3|3|0-7|0|1024|1024|13150|20688|240
THREAD|35|3|16730|9940|10563|AppSearch_Index|0.000|0.0|0.000|0|2|2|0-7|0|1024|1024|13115|20690|232
THREAD|35|4|26538|9612|10195|binder:26538_8|0.000|0.0|0.000|0|1|1|0-7|0|1024|1024|3402|6500|3312
THREAD|35|5|26538|9470|10195|binder:26538_B|0.000|0.0|0.000|0|6|6|0-7|0|1024|1024|2531|4304|2105
THREAD|35|6|10622|8513|10201|ExoPlayer:Playb|0.000|0.0|0.000|0|4|4|0-7|0|1024|1024|6463|10331|51
THREAD|35|7|10622|8509|10201|ExoPlayer:Playb|0.000|0.0|0.000|0|1|1|0-7|0|1024|1024|6331|10327|49
THREAD|35|8|26538|8364|10195|IMM.binder-emu|0.000|0.0|0.000|0|2|2|0-7|0|1024|1024|15737|23850|1039
THREAD|35|9|26538|8336|10195|Primes-Jank|0.000|0.0|0.000|0|4|4|0-7|0|1024|1024|16074|23866|1131
THREAD|35|10|16730|8119|10563|AppSearch_Index|0.000|0.0|0.000|0|3|3|0-7|0|1024|1024|13165|20704|245
WINDOW|seq=36|t_cs=16215456|wall_ms=270|threads=263|busy_threads=1|total_runtime_ms=274.406|total_runq_wait_ms=0.000|tgids=5032,10622,16730,26538,28860
THREAD|36|1|28860|28860|10999|sh|274.406|101.6|0.000|0|7|7|0-7|0|1024|1024|2|0|20
THREAD|36|2|16730|9973|10563|AppSearch_Index|0.000|0.0|0.000|0|3|3|0-7|0|1024|1024|13150|20688|240
THREAD|36|3|16730|9940|10563|AppSearch_Index|0.000|0.0|0.000|0|2|2|0-7|0|1024|1024|13115|20690|232
THREAD|36|4|26538|9612|10195|binder:26538_8|0.000|0.0|0.000|0|1|1|0-7|0|1024|1024|3402|6500|3312
THREAD|36|5|26538|9470|10195|binder:26538_B|0.000|0.0|0.000|0|6|6|0-7|0|1024|1024|2531|4304|2105
THREAD|36|6|10622|8513|10201|ExoPlayer:Playb|0.000|0.0|0.000|0|4|4|0-7|0|1024|1024|6463|10331|51
THREAD|36|7|10622|8509|10201|ExoPlayer:Playb|0.000|0.0|0.000|0|1|1|0-7|0|1024|1024|6331|10327|49
THREAD|36|8|26538|8364|10195|IMM.binder-emu|0.000|0.0|0.000|0|2|2|0-7|0|1024|1024|15737|23850|1039
THREAD|36|9|26538|8336|10195|Primes-Jank|0.000|0.0|0.000|0|4|4|0-7|0|1024|1024|16074|23866|1131
THREAD|36|10|16730|8119|10563|AppSearch_Index|0.000|0.0|0.000|0|3|3|0-7|0|1024|1024|13165|20704|245
WINDOW|seq=37|t_cs=16215482|wall_ms=260|threads=263|busy_threads=1|total_runtime_ms=254.486|total_runq_wait_ms=0.144|tgids=5032,10622,16730,26538,28860
THREAD|37|1|28860|28860|10999|sh|254.486|97.8|0.144|1|7|6|0-7|0|1024|1024|3|0|21
THREAD|37|2|16730|9973|10563|AppSearch_Index|0.000|0.0|0.000|0|3|3|0-7|0|1024|1024|13150|20688|240
THREAD|37|3|16730|9940|10563|AppSearch_Index|0.000|0.0|0.000|0|2|2|0-7|0|1024|1024|13115|20690|232
THREAD|37|4|26538|9612|10195|binder:26538_8|0.000|0.0|0.000|0|1|1|0-7|0|1024|1024|3402|6500|3312
THREAD|37|5|26538|9470|10195|binder:26538_B|0.000|0.0|0.000|0|6|6|0-7|0|1024|1024|2531|4304|2105
THREAD|37|6|10622|8513|10201|ExoPlayer:Playb|0.000|0.0|0.000|0|4|4|0-7|0|1024|1024|6463|10331|51
THREAD|37|7|10622|8509|10201|ExoPlayer:Playb|0.000|0.0|0.000|0|1|1|0-7|0|1024|1024|6331|10327|49
THREAD|37|8|26538|8364|10195|IMM.binder-emu|0.000|0.0|0.000|0|2|2|0-7|0|1024|1024|15737|23850|1039
THREAD|37|9|26538|8336|10195|Primes-Jank|0.000|0.0|0.000|0|4|4|0-7|0|1024|1024|16074|23866|1131
THREAD|37|10|16730|8119|10563|AppSearch_Index|0.000|0.0|0.000|0|3|3|0-7|0|1024|1024|13165|20704|245
WINDOW|seq=38|t_cs=16215508|wall_ms=260|threads=263|busy_threads=1|total_runtime_ms=258.535|total_runq_wait_ms=0.000|tgids=5032,10622,16730,26538,28860
THREAD|38|1|28860|28860|10999|sh|258.535|99.4|0.000|0|6|6|0-7|0|1024|1024|3|0|21
THREAD|38|2|16730|9973|10563|AppSearch_Index|0.000|0.0|0.000|0|3|3|0-7|0|1024|1024|13150|20688|240
THREAD|38|3|16730|9940|10563|AppSearch_Index|0.000|0.0|0.000|0|2|2|0-7|0|1024|1024|13115|20690|232
THREAD|38|4|26538|9612|10195|binder:26538_8|0.000|0.0|0.000|0|1|1|0-7|0|1024|1024|3402|6500|3312
THREAD|38|5|26538|9470|10195|binder:26538_B|0.000|0.0|0.000|0|6|6|0-7|0|1024|1024|2531|4304|2105
THREAD|38|6|10622|8513|10201|ExoPlayer:Playb|0.000|0.0|0.000|0|4|4|0-7|0|1024|1024|6463|10331|51
THREAD|38|7|10622|8509|10201|ExoPlayer:Playb|0.000|0.0|0.000|0|1|1|0-7|0|1024|1024|6331|10327|49
THREAD|38|8|26538|8364|10195|IMM.binder-emu|0.000|0.0|0.000|0|2|2|0-7|0|1024|1024|15737|23850|1039
THREAD|38|9|26538|8336|10195|Primes-Jank|0.000|0.0|0.000|0|4|4|0-7|0|1024|1024|16074|23866|1131
THREAD|38|10|16730|8119|10563|AppSearch_Index|0.000|0.0|0.000|0|3|3|0-7|0|1024|1024|13165|20704|245
WINDOW|seq=39|t_cs=16215534|wall_ms=260|threads=263|busy_threads=1|total_runtime_ms=262.424|total_runq_wait_ms=0.093|tgids=5032,10622,16730,26538,28860
THREAD|39|1|28860|28860|10999|sh|262.424|100.9|0.093|1|6|6|0-7|0|1024|1024|3|0|22
THREAD|39|2|16730|9973|10563|AppSearch_Index|0.000|0.0|0.000|0|3|3|0-7|0|1024|1024|13150|20688|240
THREAD|39|3|16730|9940|10563|AppSearch_Index|0.000|0.0|0.000|0|2|2|0-7|0|1024|1024|13115|20690|232
THREAD|39|4|26538|9612|10195|binder:26538_8|0.000|0.0|0.000|0|1|1|0-7|0|1024|1024|3402|6500|3312
THREAD|39|5|26538|9470|10195|binder:26538_B|0.000|0.0|0.000|0|6|6|0-7|0|1024|1024|2531|4304|2105
THREAD|39|6|10622|8513|10201|ExoPlayer:Playb|0.000|0.0|0.000|0|4|4|0-7|0|1024|1024|6463|10331|51
THREAD|39|7|10622|8509|10201|ExoPlayer:Playb|0.000|0.0|0.000|0|1|1|0-7|0|1024|1024|6331|10327|49
THREAD|39|8|26538|8364|10195|IMM.binder-emu|0.000|0.0|0.000|0|2|2|0-7|0|1024|1024|15737|23850|1039
THREAD|39|9|26538|8336|10195|Primes-Jank|0.000|0.0|0.000|0|4|4|0-7|0|1024|1024|16074|23866|1131
THREAD|39|10|16730|8119|10563|AppSearch_Index|0.000|0.0|0.000|0|3|3|0-7|0|1024|1024|13165|20704|245
WINDOW|seq=40|t_cs=16215560|wall_ms=260|threads=263|busy_threads=1|total_runtime_ms=254.528|total_runq_wait_ms=0.008|tgids=5032,10622,16730,26538,28860
THREAD|40|1|28860|28860|10999|sh|254.528|97.8|0.008|1|6|6|0-7|0|1024|1024|3|0|23
THREAD|40|2|16730|9973|10563|AppSearch_Index|0.000|0.0|0.000|0|3|3|0-7|0|1024|1024|13150|20688|240
THREAD|40|3|16730|9940|10563|AppSearch_Index|0.000|0.0|0.000|0|2|2|0-7|0|1024|1024|13115|20690|232
THREAD|40|4|26538|9612|10195|binder:26538_8|0.000|0.0|0.000|0|1|1|0-7|0|1024|1024|3402|6500|3312
THREAD|40|5|26538|9470|10195|binder:26538_B|0.000|0.0|0.000|0|6|6|0-7|0|1024|1024|2531|4304|2105
THREAD|40|6|10622|8513|10201|ExoPlayer:Playb|0.000|0.0|0.000|0|4|4|0-7|0|1024|1024|6463|10331|51
THREAD|40|7|10622|8509|10201|ExoPlayer:Playb|0.000|0.0|0.000|0|1|1|0-7|0|1024|1024|6331|10327|49
THREAD|40|8|26538|8364|10195|IMM.binder-emu|0.000|0.0|0.000|0|2|2|0-7|0|1024|1024|15737|23850|1039
THREAD|40|9|26538|8336|10195|Primes-Jank|0.000|0.0|0.000|0|4|4|0-7|0|1024|1024|16074|23866|1131
THREAD|40|10|16730|8119|10563|AppSearch_Index|0.000|0.0|0.000|0|3|3|0-7|0|1024|1024|13165|20704|245
WINDOW|seq=41|t_cs=16215586|wall_ms=260|threads=263|busy_threads=1|total_runtime_ms=258.442|total_runq_wait_ms=0.000|tgids=5032,10622,16730,26538,28860
THREAD|41|1|28860|28860|10999|sh|258.442|99.4|0.000|0|6|6|0-7|0|1024|1024|3|0|23
THREAD|41|2|16730|9973|10563|AppSearch_Index|0.000|0.0|0.000|0|3|3|0-7|0|1024|1024|13150|20688|240
THREAD|41|3|16730|9940|10563|AppSearch_Index|0.000|0.0|0.000|0|2|2|0-7|0|1024|1024|13115|20690|232
THREAD|41|4|26538|9612|10195|binder:26538_8|0.000|0.0|0.000|0|1|1|0-7|0|1024|1024|3402|6500|3312
THREAD|41|5|26538|9470|10195|binder:26538_B|0.000|0.0|0.000|0|6|6|0-7|0|1024|1024|2531|4304|2105
THREAD|41|6|10622|8513|10201|ExoPlayer:Playb|0.000|0.0|0.000|0|4|4|0-7|0|1024|1024|6463|10331|51
THREAD|41|7|10622|8509|10201|ExoPlayer:Playb|0.000|0.0|0.000|0|1|1|0-7|0|1024|1024|6331|10327|49
THREAD|41|8|26538|8364|10195|IMM.binder-emu|0.000|0.0|0.000|0|2|2|0-7|0|1024|1024|15737|23850|1039
THREAD|41|9|26538|8336|10195|Primes-Jank|0.000|0.0|0.000|0|4|4|0-7|0|1024|1024|16074|23866|1131
THREAD|41|10|16730|8119|10563|AppSearch_Index|0.000|0.0|0.000|0|3|3|0-7|0|1024|1024|13165|20704|245
WINDOW|seq=42|t_cs=16215612|wall_ms=260|threads=263|busy_threads=1|total_runtime_ms=262.425|total_runq_wait_ms=0.000|tgids=5032,10622,16730,26538,28860
THREAD|42|1|28860|28860|10999|sh|262.425|100.9|0.000|0|6|6|0-7|0|1024|1024|3|0|23
THREAD|42|2|16730|9973|10563|AppSearch_Index|0.000|0.0|0.000|0|3|3|0-7|0|1024|1024|13150|20688|240
THREAD|42|3|16730|9940|10563|AppSearch_Index|0.000|0.0|0.000|0|2|2|0-7|0|1024|1024|13115|20690|232
THREAD|42|4|26538|9612|10195|binder:26538_8|0.000|0.0|0.000|0|1|1|0-7|0|1024|1024|3402|6500|3312
THREAD|42|5|26538|9470|10195|binder:26538_B|0.000|0.0|0.000|0|6|6|0-7|0|1024|1024|2531|4304|2105
THREAD|42|6|10622|8513|10201|ExoPlayer:Playb|0.000|0.0|0.000|0|4|4|0-7|0|1024|1024|6463|10331|51
THREAD|42|7|10622|8509|10201|ExoPlayer:Playb|0.000|0.0|0.000|0|1|1|0-7|0|1024|1024|6331|10327|49
THREAD|42|8|26538|8364|10195|IMM.binder-emu|0.000|0.0|0.000|0|2|2|0-7|0|1024|1024|15737|23850|1039
THREAD|42|9|26538|8336|10195|Primes-Jank|0.000|0.0|0.000|0|4|4|0-7|0|1024|1024|16074|23866|1131
THREAD|42|10|16730|8119|10563|AppSearch_Index|0.000|0.0|0.000|0|3|3|0-7|0|1024|1024|13165|20704|245
WINDOW|seq=43|t_cs=16215638|wall_ms=260|threads=263|busy_threads=1|total_runtime_ms=254.404|total_runq_wait_ms=0.000|tgids=5032,10622,16730,26538,28860
THREAD|43|1|28860|28860|10999|sh|254.404|97.8|0.000|0|6|6|0-7|0|1024|1024|3|0|24
THREAD|43|2|16730|9973|10563|AppSearch_Index|0.000|0.0|0.000|0|3|3|0-7|0|1024|1024|13150|20688|240
THREAD|43|3|16730|9940|10563|AppSearch_Index|0.000|0.0|0.000|0|2|2|0-7|0|1024|1024|13115|20690|232
THREAD|43|4|26538|9612|10195|binder:26538_8|0.000|0.0|0.000|0|1|1|0-7|0|1024|1024|3402|6500|3312
THREAD|43|5|26538|9470|10195|binder:26538_B|0.000|0.0|0.000|0|6|6|0-7|0|1024|1024|2531|4304|2105
THREAD|43|6|10622|8513|10201|ExoPlayer:Playb|0.000|0.0|0.000|0|4|4|0-7|0|1024|1024|6463|10331|51
THREAD|43|7|10622|8509|10201|ExoPlayer:Playb|0.000|0.0|0.000|0|1|1|0-7|0|1024|1024|6331|10327|49
THREAD|43|8|26538|8364|10195|IMM.binder-emu|0.000|0.0|0.000|0|2|2|0-7|0|1024|1024|15737|23850|1039
THREAD|43|9|26538|8336|10195|Primes-Jank|0.000|0.0|0.000|0|4|4|0-7|0|1024|1024|16074|23866|1131
THREAD|43|10|16730|8119|10563|AppSearch_Index|0.000|0.0|0.000|0|3|3|0-7|0|1024|1024|13165|20704|245
WINDOW|seq=44|t_cs=16215664|wall_ms=260|threads=263|busy_threads=1|total_runtime_ms=258.547|total_runq_wait_ms=0.027|tgids=5032,10622,16730,26538,28860
THREAD|44|1|28860|28860|10999|sh|258.547|99.4|0.027|2|6|6|0-7|0|1024|1024|3|0|25
THREAD|44|2|16730|9973|10563|AppSearch_Index|0.000|0.0|0.000|0|3|3|0-7|0|1024|1024|13150|20688|240
THREAD|44|3|16730|9940|10563|AppSearch_Index|0.000|0.0|0.000|0|2|2|0-7|0|1024|1024|13115|20690|232
THREAD|44|4|26538|9612|10195|binder:26538_8|0.000|0.0|0.000|0|1|1|0-7|0|1024|1024|3402|6500|3312
THREAD|44|5|26538|9470|10195|binder:26538_B|0.000|0.0|0.000|0|6|6|0-7|0|1024|1024|2531|4304|2105
THREAD|44|6|10622|8513|10201|ExoPlayer:Playb|0.000|0.0|0.000|0|4|4|0-7|0|1024|1024|6463|10331|51
THREAD|44|7|10622|8509|10201|ExoPlayer:Playb|0.000|0.0|0.000|0|1|1|0-7|0|1024|1024|6331|10327|49
THREAD|44|8|26538|8364|10195|IMM.binder-emu|0.000|0.0|0.000|0|2|2|0-7|0|1024|1024|15737|23850|1039
THREAD|44|9|26538|8336|10195|Primes-Jank|0.000|0.0|0.000|0|4|4|0-7|0|1024|1024|16074|23866|1131
THREAD|44|10|16730|8119|10563|AppSearch_Index|0.000|0.0|0.000|0|3|3|0-7|0|1024|1024|13165|20704|245
WINDOW|seq=45|t_cs=16215690|wall_ms=260|threads=263|busy_threads=1|total_runtime_ms=258.396|total_runq_wait_ms=0.000|tgids=5032,10622,16730,26538,28860
THREAD|45|1|28860|28860|10999|sh|258.396|99.3|0.000|0|6|6|0-7|0|1024|1024|3|0|25
THREAD|45|2|16730|9973|10563|AppSearch_Index|0.000|0.0|0.000|0|3|3|0-7|0|1024|1024|13150|20688|240
THREAD|45|3|16730|9940|10563|AppSearch_Index|0.000|0.0|0.000|0|2|2|0-7|0|1024|1024|13115|20690|232
THREAD|45|4|26538|9612|10195|binder:26538_8|0.000|0.0|0.000|0|1|1|0-7|0|1024|1024|3402|6500|3312
THREAD|45|5|26538|9470|10195|binder:26538_B|0.000|0.0|0.000|0|6|6|0-7|0|1024|1024|2531|4304|2105
THREAD|45|6|10622|8513|10201|ExoPlayer:Playb|0.000|0.0|0.000|0|4|4|0-7|0|1024|1024|6463|10331|51
THREAD|45|7|10622|8509|10201|ExoPlayer:Playb|0.000|0.0|0.000|0|1|1|0-7|0|1024|1024|6331|10327|49
THREAD|45|8|26538|8364|10195|IMM.binder-emu|0.000|0.0|0.000|0|2|2|0-7|0|1024|1024|15737|23850|1039
THREAD|45|9|26538|8336|10195|Primes-Jank|0.000|0.0|0.000|0|4|4|0-7|0|1024|1024|16074|23866|1131
THREAD|45|10|16730|8119|10563|AppSearch_Index|0.000|0.0|0.000|0|3|3|0-7|0|1024|1024|13165|20704|245
WINDOW|seq=46|t_cs=16215716|wall_ms=260|threads=263|busy_threads=1|total_runtime_ms=262.384|total_runq_wait_ms=0.000|tgids=5032,10622,16730,26538,28860
THREAD|46|1|28860|28860|10999|sh|262.384|100.9|0.000|0|6|6|0-7|0|1024|1024|3|0|25
THREAD|46|2|16730|9973|10563|AppSearch_Index|0.000|0.0|0.000|0|3|3|0-7|0|1024|1024|13150|20688|240
THREAD|46|3|16730|9940|10563|AppSearch_Index|0.000|0.0|0.000|0|2|2|0-7|0|1024|1024|13115|20690|232
THREAD|46|4|26538|9612|10195|binder:26538_8|0.000|0.0|0.000|0|1|1|0-7|0|1024|1024|3402|6500|3312
THREAD|46|5|26538|9470|10195|binder:26538_B|0.000|0.0|0.000|0|6|6|0-7|0|1024|1024|2531|4304|2105
THREAD|46|6|10622|8513|10201|ExoPlayer:Playb|0.000|0.0|0.000|0|4|4|0-7|0|1024|1024|6463|10331|51
THREAD|46|7|10622|8509|10201|ExoPlayer:Playb|0.000|0.0|0.000|0|1|1|0-7|0|1024|1024|6331|10327|49
THREAD|46|8|26538|8364|10195|IMM.binder-emu|0.000|0.0|0.000|0|2|2|0-7|0|1024|1024|15737|23850|1039
THREAD|46|9|26538|8336|10195|Primes-Jank|0.000|0.0|0.000|0|4|4|0-7|0|1024|1024|16074|23866|1131
THREAD|46|10|16730|8119|10563|AppSearch_Index|0.000|0.0|0.000|0|3|3|0-7|0|1024|1024|13165|20704|245
WINDOW|seq=47|t_cs=16215741|wall_ms=250|threads=263|busy_threads=1|total_runtime_ms=246.486|total_runq_wait_ms=0.012|tgids=5032,10622,16730,26538,28860
THREAD|47|1|28860|28860|10999|sh|246.486|98.5|0.012|1|6|6|0-7|0|1024|1024|3|0|26
THREAD|47|2|16730|9973|10563|AppSearch_Index|0.000|0.0|0.000|0|3|3|0-7|0|1024|1024|13150|20688|240
THREAD|47|3|16730|9940|10563|AppSearch_Index|0.000|0.0|0.000|0|2|2|0-7|0|1024|1024|13115|20690|232
THREAD|47|4|26538|9612|10195|binder:26538_8|0.000|0.0|0.000|0|1|1|0-7|0|1024|1024|3402|6500|3312
THREAD|47|5|26538|9470|10195|binder:26538_B|0.000|0.0|0.000|0|6|6|0-7|0|1024|1024|2531|4304|2105
THREAD|47|6|10622|8513|10201|ExoPlayer:Playb|0.000|0.0|0.000|0|4|4|0-7|0|1024|1024|6463|10331|51
THREAD|47|7|10622|8509|10201|ExoPlayer:Playb|0.000|0.0|0.000|0|1|1|0-7|0|1024|1024|6331|10327|49
THREAD|47|8|26538|8364|10195|IMM.binder-emu|0.000|0.0|0.000|0|2|2|0-7|0|1024|1024|15737|23850|1039
THREAD|47|9|26538|8336|10195|Primes-Jank|0.000|0.0|0.000|0|4|4|0-7|0|1024|1024|16074|23866|1131
THREAD|47|10|16730|8119|10563|AppSearch_Index|0.000|0.0|0.000|0|3|3|0-7|0|1024|1024|13165|20704|245
WINDOW|seq=48|t_cs=16215767|wall_ms=260|threads=263|busy_threads=1|total_runtime_ms=258.421|total_runq_wait_ms=0.010|tgids=5032,10622,16730,26538,28860
THREAD|48|1|28860|28860|10999|sh|258.421|99.3|0.010|1|6|6|0-7|0|1024|1024|3|0|27
THREAD|48|2|16730|9973|10563|AppSearch_Index|0.000|0.0|0.000|0|3|3|0-7|0|1024|1024|13150|20688|240
THREAD|48|3|16730|9940|10563|AppSearch_Index|0.000|0.0|0.000|0|2|2|0-7|0|1024|1024|13115|20690|232
THREAD|48|4|26538|9612|10195|binder:26538_8|0.000|0.0|0.000|0|1|1|0-7|0|1024|1024|3402|6500|3312
THREAD|48|5|26538|9470|10195|binder:26538_B|0.000|0.0|0.000|0|6|6|0-7|0|1024|1024|2531|4304|2105
THREAD|48|6|10622|8513|10201|ExoPlayer:Playb|0.000|0.0|0.000|0|4|4|0-7|0|1024|1024|6463|10331|51
THREAD|48|7|10622|8509|10201|ExoPlayer:Playb|0.000|0.0|0.000|0|1|1|0-7|0|1024|1024|6331|10327|49
THREAD|48|8|26538|8364|10195|IMM.binder-emu|0.000|0.0|0.000|0|2|2|0-7|0|1024|1024|15737|23850|1039
THREAD|48|9|26538|8336|10195|Primes-Jank|0.000|0.0|0.000|0|4|4|0-7|0|1024|1024|16074|23866|1131
THREAD|48|10|16730|8119|10563|AppSearch_Index|0.000|0.0|0.000|0|3|3|0-7|0|1024|1024|13165|20704|245
WINDOW|seq=49|t_cs=16215793|wall_ms=260|threads=263|busy_threads=1|total_runtime_ms=258.327|total_runq_wait_ms=0.000|tgids=5032,10622,16730,26538,28860
THREAD|49|1|28860|28860|10999|sh|258.327|99.3|0.000|0|6|6|0-7|0|1024|1024|3|0|27
THREAD|49|2|16730|9973|10563|AppSearch_Index|0.000|0.0|0.000|0|3|3|0-7|0|1024|1024|13150|20688|240
THREAD|49|3|16730|9940|10563|AppSearch_Index|0.000|0.0|0.000|0|2|2|0-7|0|1024|1024|13115|20690|232
THREAD|49|4|26538|9612|10195|binder:26538_8|0.000|0.0|0.000|0|1|1|0-7|0|1024|1024|3402|6500|3312
THREAD|49|5|26538|9470|10195|binder:26538_B|0.000|0.0|0.000|0|6|6|0-7|0|1024|1024|2531|4304|2105
THREAD|49|6|10622|8513|10201|ExoPlayer:Playb|0.000|0.0|0.000|0|4|4|0-7|0|1024|1024|6463|10331|51
THREAD|49|7|10622|8509|10201|ExoPlayer:Playb|0.000|0.0|0.000|0|1|1|0-7|0|1024|1024|6331|10327|49
THREAD|49|8|26538|8364|10195|IMM.binder-emu|0.000|0.0|0.000|0|2|2|0-7|0|1024|1024|15737|23850|1039
THREAD|49|9|26538|8336|10195|Primes-Jank|0.000|0.0|0.000|0|4|4|0-7|0|1024|1024|16074|23866|1131
THREAD|49|10|16730|8119|10563|AppSearch_Index|0.000|0.0|0.000|0|3|3|0-7|0|1024|1024|13165|20704|245
WINDOW|seq=50|t_cs=16215819|wall_ms=260|threads=263|busy_threads=1|total_runtime_ms=262.416|total_runq_wait_ms=0.000|tgids=5032,10622,16730,26538,28860
THREAD|50|1|28860|28860|10999|sh|262.416|100.9|0.000|0|6|6|0-7|0|1024|1024|3|0|27
THREAD|50|2|16730|9973|10563|AppSearch_Index|0.000|0.0|0.000|0|3|3|0-7|0|1024|1024|13150|20688|240
THREAD|50|3|16730|9940|10563|AppSearch_Index|0.000|0.0|0.000|0|2|2|0-7|0|1024|1024|13115|20690|232
THREAD|50|4|26538|9612|10195|binder:26538_8|0.000|0.0|0.000|0|1|1|0-7|0|1024|1024|3402|6500|3312
THREAD|50|5|26538|9470|10195|binder:26538_B|0.000|0.0|0.000|0|6|6|0-7|0|1024|1024|2531|4304|2105
THREAD|50|6|10622|8513|10201|ExoPlayer:Playb|0.000|0.0|0.000|0|4|4|0-7|0|1024|1024|6463|10331|51
THREAD|50|7|10622|8509|10201|ExoPlayer:Playb|0.000|0.0|0.000|0|1|1|0-7|0|1024|1024|6331|10327|49
THREAD|50|8|26538|8364|10195|IMM.binder-emu|0.000|0.0|0.000|0|2|2|0-7|0|1024|1024|15737|23850|1039
THREAD|50|9|26538|8336|10195|Primes-Jank|0.000|0.0|0.000|0|4|4|0-7|0|1024|1024|16074|23866|1131
THREAD|50|10|16730|8119|10563|AppSearch_Index|0.000|0.0|0.000|0|3|3|0-7|0|1024|1024|13165|20704|245
WINDOW|seq=51|t_cs=16215845|wall_ms=260|threads=263|busy_threads=1|total_runtime_ms=258.541|total_runq_wait_ms=0.072|tgids=5032,10622,16730,26538,28860
THREAD|51|1|28860|28860|10999|sh|258.541|99.4|0.072|1|6|6|0-7|0|1024|1024|3|0|28
THREAD|51|2|16730|9973|10563|AppSearch_Index|0.000|0.0|0.000|0|3|3|0-7|0|1024|1024|13150|20688|240
THREAD|51|3|16730|9940|10563|AppSearch_Index|0.000|0.0|0.000|0|2|2|0-7|0|1024|1024|13115|20690|232
THREAD|51|4|26538|9612|10195|binder:26538_8|0.000|0.0|0.000|0|1|1|0-7|0|1024|1024|3402|6500|3312
THREAD|51|5|26538|9470|10195|binder:26538_B|0.000|0.0|0.000|0|6|6|0-7|0|1024|1024|2531|4304|2105
THREAD|51|6|10622|8513|10201|ExoPlayer:Playb|0.000|0.0|0.000|0|4|4|0-7|0|1024|1024|6463|10331|51
THREAD|51|7|10622|8509|10201|ExoPlayer:Playb|0.000|0.0|0.000|0|1|1|0-7|0|1024|1024|6331|10327|49
THREAD|51|8|26538|8364|10195|IMM.binder-emu|0.000|0.0|0.000|0|2|2|0-7|0|1024|1024|15737|23850|1039
THREAD|51|9|26538|8336|10195|Primes-Jank|0.000|0.0|0.000|0|4|4|0-7|0|1024|1024|16074|23866|1131
THREAD|51|10|16730|8119|10563|AppSearch_Index|0.000|0.0|0.000|0|3|3|0-7|0|1024|1024|13165|20704|245
WINDOW|seq=52|t_cs=16215871|wall_ms=260|threads=263|busy_threads=1|total_runtime_ms=250.766|total_runq_wait_ms=0.011|tgids=5032,10622,16730,26538,28860
THREAD|52|1|28860|28860|10999|sh|250.766|96.4|0.011|1|6|6|0-7|0|1024|1024|3|0|29
THREAD|52|2|16730|9973|10563|AppSearch_Index|0.000|0.0|0.000|0|3|3|0-7|0|1024|1024|13150|20688|240
THREAD|52|3|16730|9940|10563|AppSearch_Index|0.000|0.0|0.000|0|2|2|0-7|0|1024|1024|13115|20690|232
THREAD|52|4|26538|9612|10195|binder:26538_8|0.000|0.0|0.000|0|1|1|0-7|0|1024|1024|3402|6500|3312
THREAD|52|5|26538|9470|10195|binder:26538_B|0.000|0.0|0.000|0|6|6|0-7|0|1024|1024|2531|4304|2105
THREAD|52|6|10622|8513|10201|ExoPlayer:Playb|0.000|0.0|0.000|0|4|4|0-7|0|1024|1024|6463|10331|51
THREAD|52|7|10622|8509|10201|ExoPlayer:Playb|0.000|0.0|0.000|0|1|1|0-7|0|1024|1024|6331|10327|49
THREAD|52|8|26538|8364|10195|IMM.binder-emu|0.000|0.0|0.000|0|2|2|0-7|0|1024|1024|15737|23850|1039
THREAD|52|9|26538|8336|10195|Primes-Jank|0.000|0.0|0.000|0|4|4|0-7|0|1024|1024|16074|23866|1131
THREAD|52|10|16730|8119|10563|AppSearch_Index|0.000|0.0|0.000|0|3|3|0-7|0|1024|1024|13165|20704|245
WINDOW|seq=53|t_cs=16215897|wall_ms=260|threads=263|busy_threads=1|total_runtime_ms=262.431|total_runq_wait_ms=0.064|tgids=5032,10622,16730,26538,28860
THREAD|53|1|28860|28860|10999|sh|262.431|100.9|0.064|1|6|6|0-7|0|1024|1024|3|0|30
THREAD|53|2|16730|9973|10563|AppSearch_Index|0.000|0.0|0.000|0|3|3|0-7|0|1024|1024|13150|20688|240
THREAD|53|3|16730|9940|10563|AppSearch_Index|0.000|0.0|0.000|0|2|2|0-7|0|1024|1024|13115|20690|232
THREAD|53|4|26538|9612|10195|binder:26538_8|0.000|0.0|0.000|0|1|1|0-7|0|1024|1024|3402|6500|3312
THREAD|53|5|26538|9470|10195|binder:26538_B|0.000|0.0|0.000|0|6|6|0-7|0|1024|1024|2531|4304|2105
THREAD|53|6|10622|8513|10201|ExoPlayer:Playb|0.000|0.0|0.000|0|4|4|0-7|0|1024|1024|6463|10331|51
THREAD|53|7|10622|8509|10201|ExoPlayer:Playb|0.000|0.0|0.000|0|1|1|0-7|0|1024|1024|6331|10327|49
THREAD|53|8|26538|8364|10195|IMM.binder-emu|0.000|0.0|0.000|0|2|2|0-7|0|1024|1024|15737|23850|1039
THREAD|53|9|26538|8336|10195|Primes-Jank|0.000|0.0|0.000|0|4|4|0-7|0|1024|1024|16074|23866|1131
THREAD|53|10|16730|8119|10563|AppSearch_Index|0.000|0.0|0.000|0|3|3|0-7|0|1024|1024|13165|20704|245
WINDOW|seq=54|t_cs=16215922|wall_ms=250|threads=263|busy_threads=1|total_runtime_ms=246.498|total_runq_wait_ms=0.000|tgids=5032,10622,16730,26538,28860
THREAD|54|1|28860|28860|10999|sh|246.498|98.5|0.000|0|6|6|0-7|0|1024|1024|3|0|30
THREAD|54|2|16730|9973|10563|AppSearch_Index|0.000|0.0|0.000|0|3|3|0-7|0|1024|1024|13150|20688|240
THREAD|54|3|16730|9940|10563|AppSearch_Index|0.000|0.0|0.000|0|2|2|0-7|0|1024|1024|13115|20690|232
THREAD|54|4|26538|9612|10195|binder:26538_8|0.000|0.0|0.000|0|1|1|0-7|0|1024|1024|3402|6500|3312
THREAD|54|5|26538|9470|10195|binder:26538_B|0.000|0.0|0.000|0|6|6|0-7|0|1024|1024|2531|4304|2105
THREAD|54|6|10622|8513|10201|ExoPlayer:Playb|0.000|0.0|0.000|0|4|4|0-7|0|1024|1024|6463|10331|51
THREAD|54|7|10622|8509|10201|ExoPlayer:Playb|0.000|0.0|0.000|0|1|1|0-7|0|1024|1024|6331|10327|49
THREAD|54|8|26538|8364|10195|IMM.binder-emu|0.000|0.0|0.000|0|2|2|0-7|0|1024|1024|15737|23850|1039
THREAD|54|9|26538|8336|10195|Primes-Jank|0.000|0.0|0.000|0|4|4|0-7|0|1024|1024|16074|23866|1131
THREAD|54|10|16730|8119|10563|AppSearch_Index|0.000|0.0|0.000|0|3|3|0-7|0|1024|1024|13165|20704|245
WINDOW|seq=55|t_cs=16215948|wall_ms=260|threads=263|busy_threads=1|total_runtime_ms=258.364|total_runq_wait_ms=0.090|tgids=5032,10622,16730,26538,28860
THREAD|55|1|28860|28860|10999|sh|258.364|99.3|0.090|2|6|6|0-7|0|1024|1024|3|0|32
THREAD|55|2|16730|9973|10563|AppSearch_Index|0.000|0.0|0.000|0|3|3|0-7|0|1024|1024|13150|20688|240
THREAD|55|3|16730|9940|10563|AppSearch_Index|0.000|0.0|0.000|0|2|2|0-7|0|1024|1024|13115|20690|232
THREAD|55|4|26538|9612|10195|binder:26538_8|0.000|0.0|0.000|0|1|1|0-7|0|1024|1024|3402|6500|3312
THREAD|55|5|26538|9470|10195|binder:26538_B|0.000|0.0|0.000|0|6|6|0-7|0|1024|1024|2531|4304|2105
THREAD|55|6|10622|8513|10201|ExoPlayer:Playb|0.000|0.0|0.000|0|4|4|0-7|0|1024|1024|6463|10331|51
THREAD|55|7|10622|8509|10201|ExoPlayer:Playb|0.000|0.0|0.000|0|1|1|0-7|0|1024|1024|6331|10327|49
THREAD|55|8|26538|8364|10195|IMM.binder-emu|0.000|0.0|0.000|0|2|2|0-7|0|1024|1024|15737|23850|1039
THREAD|55|9|26538|8336|10195|Primes-Jank|0.000|0.0|0.000|0|4|4|0-7|0|1024|1024|16074|23866|1131
THREAD|55|10|16730|8119|10563|AppSearch_Index|0.000|0.0|0.000|0|3|3|0-7|0|1024|1024|13165|20704|245
WINDOW|seq=56|t_cs=16215975|wall_ms=270|threads=263|busy_threads=1|total_runtime_ms=274.332|total_runq_wait_ms=0.016|tgids=5032,10622,16730,26538,28860
THREAD|56|1|28860|28860|10999|sh|274.332|101.6|0.016|1|6|6|0-7|0|1024|1024|3|0|33
THREAD|56|2|16730|9973|10563|AppSearch_Index|0.000|0.0|0.000|0|3|3|0-7|0|1024|1024|13150|20688|240
THREAD|56|3|16730|9940|10563|AppSearch_Index|0.000|0.0|0.000|0|2|2|0-7|0|1024|1024|13115|20690|232
THREAD|56|4|26538|9612|10195|binder:26538_8|0.000|0.0|0.000|0|1|1|0-7|0|1024|1024|3402|6500|3312
THREAD|56|5|26538|9470|10195|binder:26538_B|0.000|0.0|0.000|0|6|6|0-7|0|1024|1024|2531|4304|2105
THREAD|56|6|10622|8513|10201|ExoPlayer:Playb|0.000|0.0|0.000|0|4|4|0-7|0|1024|1024|6463|10331|51
THREAD|56|7|10622|8509|10201|ExoPlayer:Playb|0.000|0.0|0.000|0|1|1|0-7|0|1024|1024|6331|10327|49
THREAD|56|8|26538|8364|10195|IMM.binder-emu|0.000|0.0|0.000|0|2|2|0-7|0|1024|1024|15737|23850|1039
THREAD|56|9|26538|8336|10195|Primes-Jank|0.000|0.0|0.000|0|4|4|0-7|0|1024|1024|16074|23866|1131
THREAD|56|10|16730|8119|10563|AppSearch_Index|0.000|0.0|0.000|0|3|3|0-7|0|1024|1024|13165|20704|245
WINDOW|seq=57|t_cs=16216000|wall_ms=250|threads=263|busy_threads=1|total_runtime_ms=246.647|total_runq_wait_ms=0.000|tgids=5032,10622,16730,26538,28860
THREAD|57|1|28860|28860|10999|sh|246.647|98.6|0.000|0|6|6|0-7|0|1024|1024|3|0|33
THREAD|57|2|16730|9973|10563|AppSearch_Index|0.000|0.0|0.000|0|3|3|0-7|0|1024|1024|13150|20688|240
THREAD|57|3|16730|9940|10563|AppSearch_Index|0.000|0.0|0.000|0|2|2|0-7|0|1024|1024|13115|20690|232
THREAD|57|4|26538|9612|10195|binder:26538_8|0.000|0.0|0.000|0|1|1|0-7|0|1024|1024|3402|6500|3312
THREAD|57|5|26538|9470|10195|binder:26538_B|0.000|0.0|0.000|0|6|6|0-7|0|1024|1024|2531|4304|2105
THREAD|57|6|10622|8513|10201|ExoPlayer:Playb|0.000|0.0|0.000|0|4|4|0-7|0|1024|1024|6463|10331|51
THREAD|57|7|10622|8509|10201|ExoPlayer:Playb|0.000|0.0|0.000|0|1|1|0-7|0|1024|1024|6331|10327|49
THREAD|57|8|26538|8364|10195|IMM.binder-emu|0.000|0.0|0.000|0|2|2|0-7|0|1024|1024|15737|23850|1039
THREAD|57|9|26538|8336|10195|Primes-Jank|0.000|0.0|0.000|0|4|4|0-7|0|1024|1024|16074|23866|1131
THREAD|57|10|16730|8119|10563|AppSearch_Index|0.000|0.0|0.000|0|3|3|0-7|0|1024|1024|13165|20704|245
WINDOW|seq=58|t_cs=16216026|wall_ms=260|threads=263|busy_threads=1|total_runtime_ms=258.486|total_runq_wait_ms=0.000|tgids=5032,10622,16730,26538,28860
THREAD|58|1|28860|28860|10999|sh|258.486|99.4|0.000|0|6|6|0-7|0|1024|1024|3|0|33
THREAD|58|2|16730|9973|10563|AppSearch_Index|0.000|0.0|0.000|0|3|3|0-7|0|1024|1024|13150|20688|240
THREAD|58|3|16730|9940|10563|AppSearch_Index|0.000|0.0|0.000|0|2|2|0-7|0|1024|1024|13115|20690|232
THREAD|58|4|26538|9612|10195|binder:26538_8|0.000|0.0|0.000|0|1|1|0-7|0|1024|1024|3402|6500|3312
THREAD|58|5|26538|9470|10195|binder:26538_B|0.000|0.0|0.000|0|6|6|0-7|0|1024|1024|2531|4304|2105
THREAD|58|6|10622|8513|10201|ExoPlayer:Playb|0.000|0.0|0.000|0|4|4|0-7|0|1024|1024|6463|10331|51
THREAD|58|7|10622|8509|10201|ExoPlayer:Playb|0.000|0.0|0.000|0|1|1|0-7|0|1024|1024|6331|10327|49
THREAD|58|8|26538|8364|10195|IMM.binder-emu|0.000|0.0|0.000|0|2|2|0-7|0|1024|1024|15737|23850|1039
THREAD|58|9|26538|8336|10195|Primes-Jank|0.000|0.0|0.000|0|4|4|0-7|0|1024|1024|16074|23866|1131
THREAD|58|10|16730|8119|10563|AppSearch_Index|0.000|0.0|0.000|0|3|3|0-7|0|1024|1024|13165|20704|245
WINDOW|seq=59|t_cs=16216052|wall_ms=260|threads=263|busy_threads=1|total_runtime_ms=254.359|total_runq_wait_ms=0.379|tgids=5032,10622,16730,26538,28860
THREAD|59|1|28860|28860|10999|sh|254.359|97.8|0.379|3|6|6|0-7|0|1024|1024|3|0|36
THREAD|59|2|16730|9973|10563|AppSearch_Index|0.000|0.0|0.000|0|3|3|0-7|0|1024|1024|13150|20688|240
THREAD|59|3|16730|9940|10563|AppSearch_Index|0.000|0.0|0.000|0|2|2|0-7|0|1024|1024|13115|20690|232
THREAD|59|4|26538|9612|10195|binder:26538_8|0.000|0.0|0.000|0|1|1|0-7|0|1024|1024|3402|6500|3312
THREAD|59|5|26538|9470|10195|binder:26538_B|0.000|0.0|0.000|0|6|6|0-7|0|1024|1024|2531|4304|2105
THREAD|59|6|10622|8513|10201|ExoPlayer:Playb|0.000|0.0|0.000|0|4|4|0-7|0|1024|1024|6463|10331|51
THREAD|59|7|10622|8509|10201|ExoPlayer:Playb|0.000|0.0|0.000|0|1|1|0-7|0|1024|1024|6331|10327|49
THREAD|59|8|26538|8364|10195|IMM.binder-emu|0.000|0.0|0.000|0|2|2|0-7|0|1024|1024|15737|23850|1039
THREAD|59|9|26538|8336|10195|Primes-Jank|0.000|0.0|0.000|0|4|4|0-7|0|1024|1024|16074|23866|1131
THREAD|59|10|16730|8119|10563|AppSearch_Index|0.000|0.0|0.000|0|3|3|0-7|0|1024|1024|13165|20704|245
WINDOW|seq=60|t_cs=16216077|wall_ms=250|threads=263|busy_threads=1|total_runtime_ms=250.576|total_runq_wait_ms=0.000|tgids=5032,10622,16730,26538,28860
THREAD|60|1|28860|28860|10999|sh|250.576|100.2|0.000|0|6|6|0-7|0|1024|1024|3|0|36
THREAD|60|2|16730|9973|10563|AppSearch_Index|0.000|0.0|0.000|0|3|3|0-7|0|1024|1024|13150|20688|240
THREAD|60|3|16730|9940|10563|AppSearch_Index|0.000|0.0|0.000|0|2|2|0-7|0|1024|1024|13115|20690|232
THREAD|60|4|26538|9612|10195|binder:26538_8|0.000|0.0|0.000|0|1|1|0-7|0|1024|1024|3402|6500|3312
THREAD|60|5|26538|9470|10195|binder:26538_B|0.000|0.0|0.000|0|6|6|0-7|0|1024|1024|2531|4304|2105
THREAD|60|6|10622|8513|10201|ExoPlayer:Playb|0.000|0.0|0.000|0|4|4|0-7|0|1024|1024|6463|10331|51
THREAD|60|7|10622|8509|10201|ExoPlayer:Playb|0.000|0.0|0.000|0|1|1|0-7|0|1024|1024|6331|10327|49
THREAD|60|8|26538|8364|10195|IMM.binder-emu|0.000|0.0|0.000|0|2|2|0-7|0|1024|1024|15737|23850|1039
THREAD|60|9|26538|8336|10195|Primes-Jank|0.000|0.0|0.000|0|4|4|0-7|0|1024|1024|16074|23866|1131
THREAD|60|10|16730|8119|10563|AppSearch_Index|0.000|0.0|0.000|0|3|3|0-7|0|1024|1024|13165|20704|245
WINDOW|seq=61|t_cs=16216103|wall_ms=260|threads=263|busy_threads=1|total_runtime_ms=262.673|total_runq_wait_ms=0.000|tgids=5032,10622,16730,26538,28860
THREAD|61|1|28860|28860|10999|sh|262.673|101.0|0.000|0|6|6|0-7|0|1024|1024|3|0|36
THREAD|61|2|16730|9973|10563|AppSearch_Index|0.000|0.0|0.000|0|3|3|0-7|0|1024|1024|13150|20688|240
THREAD|61|3|16730|9940|10563|AppSearch_Index|0.000|0.0|0.000|0|2|2|0-7|0|1024|1024|13115|20690|232
THREAD|61|4|26538|9612|10195|binder:26538_8|0.000|0.0|0.000|0|1|1|0-7|0|1024|1024|3402|6500|3312
THREAD|61|5|26538|9470|10195|binder:26538_B|0.000|0.0|0.000|0|6|6|0-7|0|1024|1024|2531|4304|2105
THREAD|61|6|10622|8513|10201|ExoPlayer:Playb|0.000|0.0|0.000|0|4|4|0-7|0|1024|1024|6463|10331|51
THREAD|61|7|10622|8509|10201|ExoPlayer:Playb|0.000|0.0|0.000|0|1|1|0-7|0|1024|1024|6331|10327|49
THREAD|61|8|26538|8364|10195|IMM.binder-emu|0.000|0.0|0.000|0|2|2|0-7|0|1024|1024|15737|23850|1039
THREAD|61|9|26538|8336|10195|Primes-Jank|0.000|0.0|0.000|0|4|4|0-7|0|1024|1024|16074|23866|1131
THREAD|61|10|16730|8119|10563|AppSearch_Index|0.000|0.0|0.000|0|3|3|0-7|0|1024|1024|13165|20704|245
WINDOW|seq=62|t_cs=16216129|wall_ms=260|threads=263|busy_threads=1|total_runtime_ms=250.604|total_runq_wait_ms=0.000|tgids=5032,10622,16730,26538,28860
THREAD|62|1|28860|28860|10999|sh|250.604|96.3|0.000|0|6|6|0-7|0|1024|1024|3|0|36
THREAD|62|2|16730|9973|10563|AppSearch_Index|0.000|0.0|0.000|0|3|3|0-7|0|1024|1024|13150|20688|240
THREAD|62|3|16730|9940|10563|AppSearch_Index|0.000|0.0|0.000|0|2|2|0-7|0|1024|1024|13115|20690|232
THREAD|62|4|26538|9612|10195|binder:26538_8|0.000|0.0|0.000|0|1|1|0-7|0|1024|1024|3402|6500|3312
THREAD|62|5|26538|9470|10195|binder:26538_B|0.000|0.0|0.000|0|6|6|0-7|0|1024|1024|2531|4304|2105
THREAD|62|6|10622|8513|10201|ExoPlayer:Playb|0.000|0.0|0.000|0|4|4|0-7|0|1024|1024|6463|10331|51
THREAD|62|7|10622|8509|10201|ExoPlayer:Playb|0.000|0.0|0.000|0|1|1|0-7|0|1024|1024|6331|10327|49
THREAD|62|8|26538|8364|10195|IMM.binder-emu|0.000|0.0|0.000|0|2|2|0-7|0|1024|1024|15737|23850|1039
THREAD|62|9|26538|8336|10195|Primes-Jank|0.000|0.0|0.000|0|4|4|0-7|0|1024|1024|16074|23866|1131
THREAD|62|10|16730|8119|10563|AppSearch_Index|0.000|0.0|0.000|0|3|3|0-7|0|1024|1024|13165|20704|245
WINDOW|seq=63|t_cs=16216155|wall_ms=260|threads=263|busy_threads=1|total_runtime_ms=262.361|total_runq_wait_ms=0.100|tgids=5032,10622,16730,26538,28860
THREAD|63|1|28860|28860|10999|sh|262.361|100.9|0.100|2|6|6|0-7|0|1024|1024|3|0|38
THREAD|63|2|16730|9973|10563|AppSearch_Index|0.000|0.0|0.000|0|3|3|0-7|0|1024|1024|13150|20688|240
THREAD|63|3|16730|9940|10563|AppSearch_Index|0.000|0.0|0.000|0|2|2|0-7|0|1024|1024|13115|20690|232
THREAD|63|4|26538|9612|10195|binder:26538_8|0.000|0.0|0.000|0|1|1|0-7|0|1024|1024|3402|6500|3312
THREAD|63|5|26538|9470|10195|binder:26538_B|0.000|0.0|0.000|0|6|6|0-7|0|1024|1024|2531|4304|2105
THREAD|63|6|10622|8513|10201|ExoPlayer:Playb|0.000|0.0|0.000|0|4|4|0-7|0|1024|1024|6463|10331|51
THREAD|63|7|10622|8509|10201|ExoPlayer:Playb|0.000|0.0|0.000|0|1|1|0-7|0|1024|1024|6331|10327|49
THREAD|63|8|26538|8364|10195|IMM.binder-emu|0.000|0.0|0.000|0|2|2|0-7|0|1024|1024|15737|23850|1039
THREAD|63|9|26538|8336|10195|Primes-Jank|0.000|0.0|0.000|0|4|4|0-7|0|1024|1024|16074|23866|1131
THREAD|63|10|16730|8119|10563|AppSearch_Index|0.000|0.0|0.000|0|3|3|0-7|0|1024|1024|13165|20704|245
WINDOW|seq=64|t_cs=16216182|wall_ms=270|threads=263|busy_threads=1|total_runtime_ms=269.919|total_runq_wait_ms=0.000|tgids=5032,10622,16730,26538,28860
THREAD|64|1|28860|28860|10999|sh|269.919|99.9|0.000|0|6|6|0-7|0|1024|1024|3|0|38
THREAD|64|2|16730|9973|10563|AppSearch_Index|0.000|0.0|0.000|0|3|3|0-7|0|1024|1024|13150|20688|240
THREAD|64|3|16730|9940|10563|AppSearch_Index|0.000|0.0|0.000|0|2|2|0-7|0|1024|1024|13115|20690|232
THREAD|64|4|26538|9612|10195|binder:26538_8|0.000|0.0|0.000|0|1|1|0-7|0|1024|1024|3402|6500|3312
THREAD|64|5|26538|9470|10195|binder:26538_B|0.000|0.0|0.000|0|6|6|0-7|0|1024|1024|2531|4304|2105
THREAD|64|6|10622|8513|10201|ExoPlayer:Playb|0.000|0.0|0.000|0|4|4|0-7|0|1024|1024|6463|10331|51
THREAD|64|7|10622|8509|10201|ExoPlayer:Playb|0.000|0.0|0.000|0|1|1|0-7|0|1024|1024|6331|10327|49
THREAD|64|8|26538|8364|10195|IMM.binder-emu|0.000|0.0|0.000|0|2|2|0-7|0|1024|1024|15737|23850|1039
THREAD|64|9|26538|8336|10195|Primes-Jank|0.000|0.0|0.000|0|4|4|0-7|0|1024|1024|16074|23866|1131
THREAD|64|10|16730|8119|10563|AppSearch_Index|0.000|0.0|0.000|0|3|3|0-7|0|1024|1024|13165|20704|245
WINDOW|seq=65|t_cs=16216208|wall_ms=260|threads=263|busy_threads=1|total_runtime_ms=254.254|total_runq_wait_ms=0.234|tgids=5032,10622,16730,26538,28860
THREAD|65|1|28860|28860|10999|sh|254.254|97.7|0.234|2|6|7|0-7|0|1024|1024|4|0|40
THREAD|65|2|16730|9973|10563|AppSearch_Index|0.000|0.0|0.000|0|3|3|0-7|0|1024|1024|13150|20688|240
THREAD|65|3|16730|9940|10563|AppSearch_Index|0.000|0.0|0.000|0|2|2|0-7|0|1024|1024|13115|20690|232
THREAD|65|4|26538|9612|10195|binder:26538_8|0.000|0.0|0.000|0|1|1|0-7|0|1024|1024|3402|6500|3312
THREAD|65|5|26538|9470|10195|binder:26538_B|0.000|0.0|0.000|0|6|6|0-7|0|1024|1024|2531|4304|2105
THREAD|65|6|10622|8513|10201|ExoPlayer:Playb|0.000|0.0|0.000|0|4|4|0-7|0|1024|1024|6463|10331|51
THREAD|65|7|10622|8509|10201|ExoPlayer:Playb|0.000|0.0|0.000|0|1|1|0-7|0|1024|1024|6331|10327|49
THREAD|65|8|26538|8364|10195|IMM.binder-emu|0.000|0.0|0.000|0|2|2|0-7|0|1024|1024|15737|23850|1039
THREAD|65|9|26538|8336|10195|Primes-Jank|0.000|0.0|0.000|0|4|4|0-7|0|1024|1024|16074|23866|1131
THREAD|65|10|16730|8119|10563|AppSearch_Index|0.000|0.0|0.000|0|3|3|0-7|0|1024|1024|13165|20704|245
WINDOW|seq=66|t_cs=16216233|wall_ms=250|threads=263|busy_threads=1|total_runtime_ms=254.577|total_runq_wait_ms=0.000|tgids=5032,10622,16730,26538,28860
THREAD|66|1|28860|28860|10999|sh|254.577|101.8|0.000|0|7|7|0-7|0|1024|1024|4|0|40
THREAD|66|2|16730|9973|10563|AppSearch_Index|0.000|0.0|0.000|0|3|3|0-7|0|1024|1024|13150|20688|240
THREAD|66|3|16730|9940|10563|AppSearch_Index|0.000|0.0|0.000|0|2|2|0-7|0|1024|1024|13115|20690|232
THREAD|66|4|26538|9612|10195|binder:26538_8|0.000|0.0|0.000|0|1|1|0-7|0|1024|1024|3402|6500|3312
THREAD|66|5|26538|9470|10195|binder:26538_B|0.000|0.0|0.000|0|6|6|0-7|0|1024|1024|2531|4304|2105
THREAD|66|6|10622|8513|10201|ExoPlayer:Playb|0.000|0.0|0.000|0|4|4|0-7|0|1024|1024|6463|10331|51
THREAD|66|7|10622|8509|10201|ExoPlayer:Playb|0.000|0.0|0.000|0|1|1|0-7|0|1024|1024|6331|10327|49
THREAD|66|8|26538|8364|10195|IMM.binder-emu|0.000|0.0|0.000|0|2|2|0-7|0|1024|1024|15737|23850|1039
THREAD|66|9|26538|8336|10195|Primes-Jank|0.000|0.0|0.000|0|4|4|0-7|0|1024|1024|16074|23866|1131
THREAD|66|10|16730|8119|10563|AppSearch_Index|0.000|0.0|0.000|0|3|3|0-7|0|1024|1024|13165|20704|245
WINDOW|seq=67|t_cs=16216259|wall_ms=260|threads=263|busy_threads=1|total_runtime_ms=254.524|total_runq_wait_ms=0.009|tgids=5032,10622,16730,26538,28860
THREAD|67|1|28860|28860|10999|sh|254.524|97.8|0.009|1|7|7|0-7|0|1024|1024|4|0|41
THREAD|67|2|16730|9973|10563|AppSearch_Index|0.000|0.0|0.000|0|3|3|0-7|0|1024|1024|13150|20688|240
THREAD|67|3|16730|9940|10563|AppSearch_Index|0.000|0.0|0.000|0|2|2|0-7|0|1024|1024|13115|20690|232
THREAD|67|4|26538|9612|10195|binder:26538_8|0.000|0.0|0.000|0|1|1|0-7|0|1024|1024|3402|6500|3312
THREAD|67|5|26538|9470|10195|binder:26538_B|0.000|0.0|0.000|0|6|6|0-7|0|1024|1024|2531|4304|2105
THREAD|67|6|10622|8513|10201|ExoPlayer:Playb|0.000|0.0|0.000|0|4|4|0-7|0|1024|1024|6463|10331|51
THREAD|67|7|10622|8509|10201|ExoPlayer:Playb|0.000|0.0|0.000|0|1|1|0-7|0|1024|1024|6331|10327|49
THREAD|67|8|26538|8364|10195|IMM.binder-emu|0.000|0.0|0.000|0|2|2|0-7|0|1024|1024|15737|23850|1039
THREAD|67|9|26538|8336|10195|Primes-Jank|0.000|0.0|0.000|0|4|4|0-7|0|1024|1024|16074|23866|1131
THREAD|67|10|16730|8119|10563|AppSearch_Index|0.000|0.0|0.000|0|3|3|0-7|0|1024|1024|13165|20704|245
WINDOW|seq=68|t_cs=16216286|wall_ms=270|threads=263|busy_threads=1|total_runtime_ms=266.487|total_runq_wait_ms=0.000|tgids=5032,10622,16730,26538,28860
THREAD|68|1|28860|28860|10999|sh|266.487|98.6|0.000|0|7|7|0-7|0|1024|1024|4|0|41
THREAD|68|2|16730|9973|10563|AppSearch_Index|0.000|0.0|0.000|0|3|3|0-7|0|1024|1024|13150|20688|240
THREAD|68|3|16730|9940|10563|AppSearch_Index|0.000|0.0|0.000|0|2|2|0-7|0|1024|1024|13115|20690|232
THREAD|68|4|26538|9612|10195|binder:26538_8|0.000|0.0|0.000|0|1|1|0-7|0|1024|1024|3402|6500|3312
THREAD|68|5|26538|9470|10195|binder:26538_B|0.000|0.0|0.000|0|6|6|0-7|0|1024|1024|2531|4304|2105
THREAD|68|6|10622|8513|10201|ExoPlayer:Playb|0.000|0.0|0.000|0|4|4|0-7|0|1024|1024|6463|10331|51
THREAD|68|7|10622|8509|10201|ExoPlayer:Playb|0.000|0.0|0.000|0|1|1|0-7|0|1024|1024|6331|10327|49
THREAD|68|8|26538|8364|10195|IMM.binder-emu|0.000|0.0|0.000|0|2|2|0-7|0|1024|1024|15737|23850|1039
THREAD|68|9|26538|8336|10195|Primes-Jank|0.000|0.0|0.000|0|4|4|0-7|0|1024|1024|16074|23866|1131
THREAD|68|10|16730|8119|10563|AppSearch_Index|0.000|0.0|0.000|0|3|3|0-7|0|1024|1024|13165|20704|245
WINDOW|seq=69|t_cs=16216311|wall_ms=250|threads=263|busy_threads=1|total_runtime_ms=250.568|total_runq_wait_ms=0.000|tgids=5032,10622,16730,26538,28860
THREAD|69|1|28860|28860|10999|sh|250.568|100.2|0.000|0|7|7|0-7|0|1024|1024|4|0|41
THREAD|69|2|16730|9973|10563|AppSearch_Index|0.000|0.0|0.000|0|3|3|0-7|0|1024|1024|13150|20688|240
THREAD|69|3|16730|9940|10563|AppSearch_Index|0.000|0.0|0.000|0|2|2|0-7|0|1024|1024|13115|20690|232
THREAD|69|4|26538|9612|10195|binder:26538_8|0.000|0.0|0.000|0|1|1|0-7|0|1024|1024|3402|6500|3312
THREAD|69|5|26538|9470|10195|binder:26538_B|0.000|0.0|0.000|0|6|6|0-7|0|1024|1024|2531|4304|2105
THREAD|69|6|10622|8513|10201|ExoPlayer:Playb|0.000|0.0|0.000|0|4|4|0-7|0|1024|1024|6463|10331|51
THREAD|69|7|10622|8509|10201|ExoPlayer:Playb|0.000|0.0|0.000|0|1|1|0-7|0|1024|1024|6331|10327|49
THREAD|69|8|26538|8364|10195|IMM.binder-emu|0.000|0.0|0.000|0|2|2|0-7|0|1024|1024|15737|23850|1039
THREAD|69|9|26538|8336|10195|Primes-Jank|0.000|0.0|0.000|0|4|4|0-7|0|1024|1024|16074|23866|1131
THREAD|69|10|16730|8119|10563|AppSearch_Index|0.000|0.0|0.000|0|3|3|0-7|0|1024|1024|13165|20704|245
WINDOW|seq=70|t_cs=16216338|wall_ms=270|threads=263|busy_threads=1|total_runtime_ms=266.340|total_runq_wait_ms=0.000|tgids=5032,10622,16730,26538,28860
THREAD|70|1|28860|28860|10999|sh|266.340|98.6|0.000|0|7|7|0-7|0|1024|1024|4|0|42
THREAD|70|2|16730|9973|10563|AppSearch_Index|0.000|0.0|0.000|0|3|3|0-7|0|1024|1024|13150|20688|240
THREAD|70|3|16730|9940|10563|AppSearch_Index|0.000|0.0|0.000|0|2|2|0-7|0|1024|1024|13115|20690|232
THREAD|70|4|26538|9612|10195|binder:26538_8|0.000|0.0|0.000|0|1|1|0-7|0|1024|1024|3402|6500|3312
THREAD|70|5|26538|9470|10195|binder:26538_B|0.000|0.0|0.000|0|6|6|0-7|0|1024|1024|2531|4304|2105
THREAD|70|6|10622|8513|10201|ExoPlayer:Playb|0.000|0.0|0.000|0|4|4|0-7|0|1024|1024|6463|10331|51
THREAD|70|7|10622|8509|10201|ExoPlayer:Playb|0.000|0.0|0.000|0|1|1|0-7|0|1024|1024|6331|10327|49
THREAD|70|8|26538|8364|10195|IMM.binder-emu|0.000|0.0|0.000|0|2|2|0-7|0|1024|1024|15737|23850|1039
THREAD|70|9|26538|8336|10195|Primes-Jank|0.000|0.0|0.000|0|4|4|0-7|0|1024|1024|16074|23866|1131
THREAD|70|10|16730|8119|10563|AppSearch_Index|0.000|0.0|0.000|0|3|3|0-7|0|1024|1024|13165|20704|245
WINDOW|seq=71|t_cs=16216364|wall_ms=260|threads=263|busy_threads=1|total_runtime_ms=262.429|total_runq_wait_ms=0.006|tgids=5032,10622,16730,26538,28860
THREAD|71|1|28860|28860|10999|sh|262.429|100.9|0.006|1|7|7|0-7|0|1024|1024|4|0|42
THREAD|71|2|16730|9973|10563|AppSearch_Index|0.000|0.0|0.000|0|3|3|0-7|0|1024|1024|13150|20688|240
THREAD|71|3|16730|9940|10563|AppSearch_Index|0.000|0.0|0.000|0|2|2|0-7|0|1024|1024|13115|20690|232
THREAD|71|4|26538|9612|10195|binder:26538_8|0.000|0.0|0.000|0|1|1|0-7|0|1024|1024|3402|6500|3312
THREAD|71|5|26538|9470|10195|binder:26538_B|0.000|0.0|0.000|0|6|6|0-7|0|1024|1024|2531|4304|2105
THREAD|71|6|10622|8513|10201|ExoPlayer:Playb|0.000|0.0|0.000|0|4|4|0-7|0|1024|1024|6463|10331|51
THREAD|71|7|10622|8509|10201|ExoPlayer:Playb|0.000|0.0|0.000|0|1|1|0-7|0|1024|1024|6331|10327|49
THREAD|71|8|26538|8364|10195|IMM.binder-emu|0.000|0.0|0.000|0|2|2|0-7|0|1024|1024|15737|23850|1039
THREAD|71|9|26538|8336|10195|Primes-Jank|0.000|0.0|0.000|0|4|4|0-7|0|1024|1024|16074|23866|1131
THREAD|71|10|16730|8119|10563|AppSearch_Index|0.000|0.0|0.000|0|3|3|0-7|0|1024|1024|13165|20704|245
WINDOW|seq=72|t_cs=16216390|wall_ms=260|threads=263|busy_threads=1|total_runtime_ms=258.357|total_runq_wait_ms=0.000|tgids=5032,10622,16730,26538,28860
THREAD|72|1|28860|28860|10999|sh|258.357|99.3|0.000|0|7|7|0-7|0|1024|1024|4|0|42
THREAD|72|2|16730|9973|10563|AppSearch_Index|0.000|0.0|0.000|0|3|3|0-7|0|1024|1024|13150|20688|240
THREAD|72|3|16730|9940|10563|AppSearch_Index|0.000|0.0|0.000|0|2|2|0-7|0|1024|1024|13115|20690|232
THREAD|72|4|26538|9612|10195|binder:26538_8|0.000|0.0|0.000|0|1|1|0-7|0|1024|1024|3402|6500|3312
THREAD|72|5|26538|9470|10195|binder:26538_B|0.000|0.0|0.000|0|6|6|0-7|0|1024|1024|2531|4304|2105
THREAD|72|6|10622|8513|10201|ExoPlayer:Playb|0.000|0.0|0.000|0|4|4|0-7|0|1024|1024|6463|10331|51
THREAD|72|7|10622|8509|10201|ExoPlayer:Playb|0.000|0.0|0.000|0|1|1|0-7|0|1024|1024|6331|10327|49
THREAD|72|8|26538|8364|10195|IMM.binder-emu|0.000|0.0|0.000|0|2|2|0-7|0|1024|1024|15737|23850|1039
THREAD|72|9|26538|8336|10195|Primes-Jank|0.000|0.0|0.000|0|4|4|0-7|0|1024|1024|16074|23866|1131
THREAD|72|10|16730|8119|10563|AppSearch_Index|0.000|0.0|0.000|0|3|3|0-7|0|1024|1024|13165|20704|245
WINDOW|seq=73|t_cs=16216416|wall_ms=260|threads=263|busy_threads=1|total_runtime_ms=258.377|total_runq_wait_ms=0.000|tgids=5032,10622,16730,26538,28860
THREAD|73|1|28860|28860|10999|sh|258.377|99.3|0.000|0|7|7|0-7|0|1024|1024|4|0|42
THREAD|73|2|16730|9973|10563|AppSearch_Index|0.000|0.0|0.000|0|3|3|0-7|0|1024|1024|13150|20688|240
THREAD|73|3|16730|9940|10563|AppSearch_Index|0.000|0.0|0.000|0|2|2|0-7|0|1024|1024|13115|20690|232
THREAD|73|4|26538|9612|10195|binder:26538_8|0.000|0.0|0.000|0|1|1|0-7|0|1024|1024|3402|6500|3312
THREAD|73|5|26538|9470|10195|binder:26538_B|0.000|0.0|0.000|0|6|6|0-7|0|1024|1024|2531|4304|2105
THREAD|73|6|10622|8513|10201|ExoPlayer:Playb|0.000|0.0|0.000|0|4|4|0-7|0|1024|1024|6463|10331|51
THREAD|73|7|10622|8509|10201|ExoPlayer:Playb|0.000|0.0|0.000|0|1|1|0-7|0|1024|1024|6331|10327|49
THREAD|73|8|26538|8364|10195|IMM.binder-emu|0.000|0.0|0.000|0|2|2|0-7|0|1024|1024|15737|23850|1039
THREAD|73|9|26538|8336|10195|Primes-Jank|0.000|0.0|0.000|0|4|4|0-7|0|1024|1024|16074|23866|1131
THREAD|73|10|16730|8119|10563|AppSearch_Index|0.000|0.0|0.000|0|3|3|0-7|0|1024|1024|13165|20704|245
WINDOW|seq=74|t_cs=16216442|wall_ms=260|threads=263|busy_threads=1|total_runtime_ms=254.527|total_runq_wait_ms=0.000|tgids=5032,10622,16730,26538,28860
THREAD|74|1|28860|28860|10999|sh|254.527|97.8|0.000|0|7|7|0-7|0|1024|1024|4|0|42
THREAD|74|2|16730|9973|10563|AppSearch_Index|0.000|0.0|0.000|0|3|3|0-7|0|1024|1024|13150|20688|240
THREAD|74|3|16730|9940|10563|AppSearch_Index|0.000|0.0|0.000|0|2|2|0-7|0|1024|1024|13115|20690|232
THREAD|74|4|26538|9612|10195|binder:26538_8|0.000|0.0|0.000|0|1|1|0-7|0|1024|1024|3402|6500|3312
THREAD|74|5|26538|9470|10195|binder:26538_B|0.000|0.0|0.000|0|6|6|0-7|0|1024|1024|2531|4304|2105
THREAD|74|6|10622|8513|10201|ExoPlayer:Playb|0.000|0.0|0.000|0|4|4|0-7|0|1024|1024|6463|10331|51
THREAD|74|7|10622|8509|10201|ExoPlayer:Playb|0.000|0.0|0.000|0|1|1|0-7|0|1024|1024|6331|10327|49
THREAD|74|8|26538|8364|10195|IMM.binder-emu|0.000|0.0|0.000|0|2|2|0-7|0|1024|1024|15737|23850|1039
THREAD|74|9|26538|8336|10195|Primes-Jank|0.000|0.0|0.000|0|4|4|0-7|0|1024|1024|16074|23866|1131
THREAD|74|10|16730|8119|10563|AppSearch_Index|0.000|0.0|0.000|0|3|3|0-7|0|1024|1024|13165|20704|245
WINDOW|seq=75|t_cs=16216468|wall_ms=260|threads=263|busy_threads=1|total_runtime_ms=258.659|total_runq_wait_ms=0.000|tgids=5032,10622,16730,26538,28860
THREAD|75|1|28860|28860|10999|sh|258.659|99.4|0.000|0|7|7|0-7|0|1024|1024|4|0|42
THREAD|75|2|16730|9973|10563|AppSearch_Index|0.000|0.0|0.000|0|3|3|0-7|0|1024|1024|13150|20688|240
THREAD|75|3|16730|9940|10563|AppSearch_Index|0.000|0.0|0.000|0|2|2|0-7|0|1024|1024|13115|20690|232
THREAD|75|4|26538|9612|10195|binder:26538_8|0.000|0.0|0.000|0|1|1|0-7|0|1024|1024|3402|6500|3312
THREAD|75|5|26538|9470|10195|binder:26538_B|0.000|0.0|0.000|0|6|6|0-7|0|1024|1024|2531|4304|2105
THREAD|75|6|10622|8513|10201|ExoPlayer:Playb|0.000|0.0|0.000|0|4|4|0-7|0|1024|1024|6463|10331|51
THREAD|75|7|10622|8509|10201|ExoPlayer:Playb|0.000|0.0|0.000|0|1|1|0-7|0|1024|1024|6331|10327|49
THREAD|75|8|26538|8364|10195|IMM.binder-emu|0.000|0.0|0.000|0|2|2|0-7|0|1024|1024|15737|23850|1039
THREAD|75|9|26538|8336|10195|Primes-Jank|0.000|0.0|0.000|0|4|4|0-7|0|1024|1024|16074|23866|1131
THREAD|75|10|16730|8119|10563|AppSearch_Index|0.000|0.0|0.000|0|3|3|0-7|0|1024|1024|13165|20704|245
WINDOW|seq=76|t_cs=16216494|wall_ms=260|threads=263|busy_threads=1|total_runtime_ms=262.643|total_runq_wait_ms=0.000|tgids=5032,10622,16730,26538,28860
THREAD|76|1|28860|28860|10999|sh|262.643|101.0|0.000|0|7|7|0-7|0|1024|1024|4|0|42
THREAD|76|2|16730|9973|10563|AppSearch_Index|0.000|0.0|0.000|0|3|3|0-7|0|1024|1024|13150|20688|240
THREAD|76|3|16730|9940|10563|AppSearch_Index|0.000|0.0|0.000|0|2|2|0-7|0|1024|1024|13115|20690|232
THREAD|76|4|26538|9612|10195|binder:26538_8|0.000|0.0|0.000|0|1|1|0-7|0|1024|1024|3402|6500|3312
THREAD|76|5|26538|9470|10195|binder:26538_B|0.000|0.0|0.000|0|6|6|0-7|0|1024|1024|2531|4304|2105
THREAD|76|6|10622|8513|10201|ExoPlayer:Playb|0.000|0.0|0.000|0|4|4|0-7|0|1024|1024|6463|10331|51
THREAD|76|7|10622|8509|10201|ExoPlayer:Playb|0.000|0.0|0.000|0|1|1|0-7|0|1024|1024|6331|10327|49
THREAD|76|8|26538|8364|10195|IMM.binder-emu|0.000|0.0|0.000|0|2|2|0-7|0|1024|1024|15737|23850|1039
THREAD|76|9|26538|8336|10195|Primes-Jank|0.000|0.0|0.000|0|4|4|0-7|0|1024|1024|16074|23866|1131
THREAD|76|10|16730|8119|10563|AppSearch_Index|0.000|0.0|0.000|0|3|3|0-7|0|1024|1024|13165|20704|245
WINDOW|seq=77|t_cs=16216521|wall_ms=270|threads=263|busy_threads=1|total_runtime_ms=262.234|total_runq_wait_ms=0.000|tgids=5032,10622,16730,26538,28860
THREAD|77|1|28860|28860|10999|sh|262.234|97.1|0.000|0|7|7|0-7|0|1024|1024|4|0|42
THREAD|77|2|16730|9973|10563|AppSearch_Index|0.000|0.0|0.000|0|3|3|0-7|0|1024|1024|13150|20688|240
THREAD|77|3|16730|9940|10563|AppSearch_Index|0.000|0.0|0.000|0|2|2|0-7|0|1024|1024|13115|20690|232
THREAD|77|4|26538|9612|10195|binder:26538_8|0.000|0.0|0.000|0|1|1|0-7|0|1024|1024|3402|6500|3312
THREAD|77|5|26538|9470|10195|binder:26538_B|0.000|0.0|0.000|0|6|6|0-7|0|1024|1024|2531|4304|2105
THREAD|77|6|10622|8513|10201|ExoPlayer:Playb|0.000|0.0|0.000|0|4|4|0-7|0|1024|1024|6463|10331|51
THREAD|77|7|10622|8509|10201|ExoPlayer:Playb|0.000|0.0|0.000|0|1|1|0-7|0|1024|1024|6331|10327|49
THREAD|77|8|26538|8364|10195|IMM.binder-emu|0.000|0.0|0.000|0|2|2|0-7|0|1024|1024|15737|23850|1039
THREAD|77|9|26538|8336|10195|Primes-Jank|0.000|0.0|0.000|0|4|4|0-7|0|1024|1024|16074|23866|1131
THREAD|77|10|16730|8119|10563|AppSearch_Index|0.000|0.0|0.000|0|3|3|0-7|0|1024|1024|13165|20704|245
WINDOW|seq=78|t_cs=16216547|wall_ms=260|threads=263|busy_threads=1|total_runtime_ms=258.470|total_runq_wait_ms=0.000|tgids=5032,10622,16730,26538,28860
THREAD|78|1|28860|28860|10999|sh|258.470|99.4|0.000|0|7|7|0-7|0|1024|1024|4|0|42
THREAD|78|2|16730|9973|10563|AppSearch_Index|0.000|0.0|0.000|0|3|3|0-7|0|1024|1024|13150|20688|240
THREAD|78|3|16730|9940|10563|AppSearch_Index|0.000|0.0|0.000|0|2|2|0-7|0|1024|1024|13115|20690|232
THREAD|78|4|26538|9612|10195|binder:26538_8|0.000|0.0|0.000|0|1|1|0-7|0|1024|1024|3402|6500|3312
THREAD|78|5|26538|9470|10195|binder:26538_B|0.000|0.0|0.000|0|6|6|0-7|0|1024|1024|2531|4304|2105
THREAD|78|6|10622|8513|10201|ExoPlayer:Playb|0.000|0.0|0.000|0|4|4|0-7|0|1024|1024|6463|10331|51
THREAD|78|7|10622|8509|10201|ExoPlayer:Playb|0.000|0.0|0.000|0|1|1|0-7|0|1024|1024|6331|10327|49
THREAD|78|8|26538|8364|10195|IMM.binder-emu|0.000|0.0|0.000|0|2|2|0-7|0|1024|1024|15737|23850|1039
THREAD|78|9|26538|8336|10195|Primes-Jank|0.000|0.0|0.000|0|4|4|0-7|0|1024|1024|16074|23866|1131
THREAD|78|10|16730|8119|10563|AppSearch_Index|0.000|0.0|0.000|0|3|3|0-7|0|1024|1024|13165|20704|245
WINDOW|seq=79|t_cs=16216572|wall_ms=250|threads=263|busy_threads=1|total_runtime_ms=258.378|total_runq_wait_ms=0.000|tgids=5032,10622,16730,26538,28860
THREAD|79|1|28860|28860|10999|sh|258.378|103.3|0.000|0|7|7|0-7|0|1024|1024|4|0|42
THREAD|79|2|16730|9973|10563|AppSearch_Index|0.000|0.0|0.000|0|3|3|0-7|0|1024|1024|13150|20688|240
THREAD|79|3|16730|9940|10563|AppSearch_Index|0.000|0.0|0.000|0|2|2|0-7|0|1024|1024|13115|20690|232
THREAD|79|4|26538|9612|10195|binder:26538_8|0.000|0.0|0.000|0|1|1|0-7|0|1024|1024|3402|6500|3312
THREAD|79|5|26538|9470|10195|binder:26538_B|0.000|0.0|0.000|0|6|6|0-7|0|1024|1024|2531|4304|2105
THREAD|79|6|10622|8513|10201|ExoPlayer:Playb|0.000|0.0|0.000|0|4|4|0-7|0|1024|1024|6463|10331|51
THREAD|79|7|10622|8509|10201|ExoPlayer:Playb|0.000|0.0|0.000|0|1|1|0-7|0|1024|1024|6331|10327|49
THREAD|79|8|26538|8364|10195|IMM.binder-emu|0.000|0.0|0.000|0|2|2|0-7|0|1024|1024|15737|23850|1039
THREAD|79|9|26538|8336|10195|Primes-Jank|0.000|0.0|0.000|0|4|4|0-7|0|1024|1024|16074|23866|1131
THREAD|79|10|16730|8119|10563|AppSearch_Index|0.000|0.0|0.000|0|3|3|0-7|0|1024|1024|13165|20704|245
WINDOW|seq=80|t_cs=16216598|wall_ms=260|threads=263|busy_threads=1|total_runtime_ms=258.647|total_runq_wait_ms=0.048|tgids=5032,10622,16730,26538,28860
THREAD|80|1|28860|28860|10999|sh|258.647|99.4|0.048|1|7|6|0-7|0|1024|1024|5|0|43
THREAD|80|2|16730|9973|10563|AppSearch_Index|0.000|0.0|0.000|0|3|3|0-7|0|1024|1024|13150|20688|240
THREAD|80|3|16730|9940|10563|AppSearch_Index|0.000|0.0|0.000|0|2|2|0-7|0|1024|1024|13115|20690|232
THREAD|80|4|26538|9612|10195|binder:26538_8|0.000|0.0|0.000|0|1|1|0-7|0|1024|1024|3402|6500|3312
THREAD|80|5|26538|9470|10195|binder:26538_B|0.000|0.0|0.000|0|6|6|0-7|0|1024|1024|2531|4304|2105
THREAD|80|6|10622|8513|10201|ExoPlayer:Playb|0.000|0.0|0.000|0|4|4|0-7|0|1024|1024|6463|10331|51
THREAD|80|7|10622|8509|10201|ExoPlayer:Playb|0.000|0.0|0.000|0|1|1|0-7|0|1024|1024|6331|10327|49
THREAD|80|8|26538|8364|10195|IMM.binder-emu|0.000|0.0|0.000|0|2|2|0-7|0|1024|1024|15737|23850|1039
THREAD|80|9|26538|8336|10195|Primes-Jank|0.000|0.0|0.000|0|4|4|0-7|0|1024|1024|16074|23866|1131
THREAD|80|10|16730|8119|10563|AppSearch_Index|0.000|0.0|0.000|0|3|3|0-7|0|1024|1024|13165|20704|245
WINDOW|seq=81|t_cs=16216625|wall_ms=270|threads=263|busy_threads=1|total_runtime_ms=258.518|total_runq_wait_ms=0.000|tgids=5032,10622,16730,26538,28860
THREAD|81|1|28860|28860|10999|sh|258.518|95.7|0.000|0|6|6|0-7|0|1024|1024|5|0|43
THREAD|81|2|16730|9973|10563|AppSearch_Index|0.000|0.0|0.000|0|3|3|0-7|0|1024|1024|13150|20688|240
THREAD|81|3|16730|9940|10563|AppSearch_Index|0.000|0.0|0.000|0|2|2|0-7|0|1024|1024|13115|20690|232
THREAD|81|4|26538|9612|10195|binder:26538_8|0.000|0.0|0.000|0|1|1|0-7|0|1024|1024|3402|6500|3312
THREAD|81|5|26538|9470|10195|binder:26538_B|0.000|0.0|0.000|0|6|6|0-7|0|1024|1024|2531|4304|2105
THREAD|81|6|10622|8513|10201|ExoPlayer:Playb|0.000|0.0|0.000|0|4|4|0-7|0|1024|1024|6463|10331|51
THREAD|81|7|10622|8509|10201|ExoPlayer:Playb|0.000|0.0|0.000|0|1|1|0-7|0|1024|1024|6331|10327|49
THREAD|81|8|26538|8364|10195|IMM.binder-emu|0.000|0.0|0.000|0|2|2|0-7|0|1024|1024|15737|23850|1039
THREAD|81|9|26538|8336|10195|Primes-Jank|0.000|0.0|0.000|0|4|4|0-7|0|1024|1024|16074|23866|1131
THREAD|81|10|16730|8119|10563|AppSearch_Index|0.000|0.0|0.000|0|3|3|0-7|0|1024|1024|13165|20704|245
WINDOW|seq=82|t_cs=16216650|wall_ms=250|threads=263|busy_threads=1|total_runtime_ms=250.335|total_runq_wait_ms=0.019|tgids=5032,10622,16730,26538,28860
THREAD|82|1|28860|28860|10999|sh|250.335|100.1|0.019|1|6|6|0-7|0|1024|1024|5|0|44
THREAD|82|2|16730|9973|10563|AppSearch_Index|0.000|0.0|0.000|0|3|3|0-7|0|1024|1024|13150|20688|240
THREAD|82|3|16730|9940|10563|AppSearch_Index|0.000|0.0|0.000|0|2|2|0-7|0|1024|1024|13115|20690|232
THREAD|82|4|26538|9612|10195|binder:26538_8|0.000|0.0|0.000|0|1|1|0-7|0|1024|1024|3402|6500|3312
THREAD|82|5|26538|9470|10195|binder:26538_B|0.000|0.0|0.000|0|6|6|0-7|0|1024|1024|2531|4304|2105
THREAD|82|6|10622|8513|10201|ExoPlayer:Playb|0.000|0.0|0.000|0|4|4|0-7|0|1024|1024|6463|10331|51
THREAD|82|7|10622|8509|10201|ExoPlayer:Playb|0.000|0.0|0.000|0|1|1|0-7|0|1024|1024|6331|10327|49
THREAD|82|8|26538|8364|10195|IMM.binder-emu|0.000|0.0|0.000|0|2|2|0-7|0|1024|1024|15737|23850|1039
THREAD|82|9|26538|8336|10195|Primes-Jank|0.000|0.0|0.000|0|4|4|0-7|0|1024|1024|16074|23866|1131
THREAD|82|10|16730|8119|10563|AppSearch_Index|0.000|0.0|0.000|0|3|3|0-7|0|1024|1024|13165|20704|245
WINDOW|seq=83|t_cs=16216676|wall_ms=260|threads=263|busy_threads=1|total_runtime_ms=254.388|total_runq_wait_ms=0.099|tgids=5032,10622,16730,26538,28860
THREAD|83|1|28860|28860|10999|sh|254.388|97.8|0.099|1|6|6|0-7|0|1024|1024|5|0|45
THREAD|83|2|16730|9973|10563|AppSearch_Index|0.000|0.0|0.000|0|3|3|0-7|0|1024|1024|13150|20688|240
THREAD|83|3|16730|9940|10563|AppSearch_Index|0.000|0.0|0.000|0|2|2|0-7|0|1024|1024|13115|20690|232
THREAD|83|4|26538|9612|10195|binder:26538_8|0.000|0.0|0.000|0|1|1|0-7|0|1024|1024|3402|6500|3312
THREAD|83|5|26538|9470|10195|binder:26538_B|0.000|0.0|0.000|0|6|6|0-7|0|1024|1024|2531|4304|2105
THREAD|83|6|10622|8513|10201|ExoPlayer:Playb|0.000|0.0|0.000|0|4|4|0-7|0|1024|1024|6463|10331|51
THREAD|83|7|10622|8509|10201|ExoPlayer:Playb|0.000|0.0|0.000|0|1|1|0-7|0|1024|1024|6331|10327|49
THREAD|83|8|26538|8364|10195|IMM.binder-emu|0.000|0.0|0.000|0|2|2|0-7|0|1024|1024|15737|23850|1039
THREAD|83|9|26538|8336|10195|Primes-Jank|0.000|0.0|0.000|0|4|4|0-7|0|1024|1024|16074|23866|1131
THREAD|83|10|16730|8119|10563|AppSearch_Index|0.000|0.0|0.000|0|3|3|0-7|0|1024|1024|13165|20704|245
WINDOW|seq=84|t_cs=16216701|wall_ms=250|threads=263|busy_threads=1|total_runtime_ms=250.556|total_runq_wait_ms=0.000|tgids=5032,10622,16730,26538,28860
THREAD|84|1|28860|28860|10999|sh|250.556|100.2|0.000|0|6|6|0-7|0|1024|1024|5|0|45
THREAD|84|2|16730|9973|10563|AppSearch_Index|0.000|0.0|0.000|0|3|3|0-7|0|1024|1024|13150|20688|240
THREAD|84|3|16730|9940|10563|AppSearch_Index|0.000|0.0|0.000|0|2|2|0-7|0|1024|1024|13115|20690|232
THREAD|84|4|26538|9612|10195|binder:26538_8|0.000|0.0|0.000|0|1|1|0-7|0|1024|1024|3402|6500|3312
THREAD|84|5|26538|9470|10195|binder:26538_B|0.000|0.0|0.000|0|6|6|0-7|0|1024|1024|2531|4304|2105
THREAD|84|6|10622|8513|10201|ExoPlayer:Playb|0.000|0.0|0.000|0|4|4|0-7|0|1024|1024|6463|10331|51
THREAD|84|7|10622|8509|10201|ExoPlayer:Playb|0.000|0.0|0.000|0|1|1|0-7|0|1024|1024|6331|10327|49
THREAD|84|8|26538|8364|10195|IMM.binder-emu|0.000|0.0|0.000|0|2|2|0-7|0|1024|1024|15737|23850|1039
THREAD|84|9|26538|8336|10195|Primes-Jank|0.000|0.0|0.000|0|4|4|0-7|0|1024|1024|16074|23866|1131
THREAD|84|10|16730|8119|10563|AppSearch_Index|0.000|0.0|0.000|0|3|3|0-7|0|1024|1024|13165|20704|245
WINDOW|seq=85|t_cs=16216727|wall_ms=260|threads=263|busy_threads=1|total_runtime_ms=262.554|total_runq_wait_ms=0.000|tgids=5032,10622,16730,26538,28860
THREAD|85|1|28860|28860|10999|sh|262.554|100.9|0.000|0|6|6|0-7|0|1024|1024|5|0|45
THREAD|85|2|16730|9973|10563|AppSearch_Index|0.000|0.0|0.000|0|3|3|0-7|0|1024|1024|13150|20688|240
THREAD|85|3|16730|9940|10563|AppSearch_Index|0.000|0.0|0.000|0|2|2|0-7|0|1024|1024|13115|20690|232
THREAD|85|4|26538|9612|10195|binder:26538_8|0.000|0.0|0.000|0|1|1|0-7|0|1024|1024|3402|6500|3312
THREAD|85|5|26538|9470|10195|binder:26538_B|0.000|0.0|0.000|0|6|6|0-7|0|1024|1024|2531|4304|2105
THREAD|85|6|10622|8513|10201|ExoPlayer:Playb|0.000|0.0|0.000|0|4|4|0-7|0|1024|1024|6463|10331|51
THREAD|85|7|10622|8509|10201|ExoPlayer:Playb|0.000|0.0|0.000|0|1|1|0-7|0|1024|1024|6331|10327|49
THREAD|85|8|26538|8364|10195|IMM.binder-emu|0.000|0.0|0.000|0|2|2|0-7|0|1024|1024|15737|23850|1039
THREAD|85|9|26538|8336|10195|Primes-Jank|0.000|0.0|0.000|0|4|4|0-7|0|1024|1024|16074|23866|1131
THREAD|85|10|16730|8119|10563|AppSearch_Index|0.000|0.0|0.000|0|3|3|0-7|0|1024|1024|13165|20704|245
WINDOW|seq=86|t_cs=16216752|wall_ms=250|threads=263|busy_threads=1|total_runtime_ms=254.468|total_runq_wait_ms=0.014|tgids=5032,10622,16730,26538,28860
THREAD|86|1|28860|28860|10999|sh|254.468|101.7|0.014|2|6|6|0-7|0|1024|1024|7|0|47
THREAD|86|2|16730|9973|10563|AppSearch_Index|0.000|0.0|0.000|0|3|3|0-7|0|1024|1024|13150|20688|240
THREAD|86|3|16730|9940|10563|AppSearch_Index|0.000|0.0|0.000|0|2|2|0-7|0|1024|1024|13115|20690|232
THREAD|86|4|26538|9612|10195|binder:26538_8|0.000|0.0|0.000|0|1|1|0-7|0|1024|1024|3402|6500|3312
THREAD|86|5|26538|9470|10195|binder:26538_B|0.000|0.0|0.000|0|6|6|0-7|0|1024|1024|2531|4304|2105
THREAD|86|6|10622|8513|10201|ExoPlayer:Playb|0.000|0.0|0.000|0|4|4|0-7|0|1024|1024|6463|10331|51
THREAD|86|7|10622|8509|10201|ExoPlayer:Playb|0.000|0.0|0.000|0|1|1|0-7|0|1024|1024|6331|10327|49
THREAD|86|8|26538|8364|10195|IMM.binder-emu|0.000|0.0|0.000|0|2|2|0-7|0|1024|1024|15737|23850|1039
THREAD|86|9|26538|8336|10195|Primes-Jank|0.000|0.0|0.000|0|4|4|0-7|0|1024|1024|16074|23866|1131
THREAD|86|10|16730|8119|10563|AppSearch_Index|0.000|0.0|0.000|0|3|3|0-7|0|1024|1024|13165|20704|245
WINDOW|seq=87|t_cs=16216777|wall_ms=250|threads=263|busy_threads=1|total_runtime_ms=242.692|total_runq_wait_ms=0.113|tgids=5032,10622,16730,26538,28860
THREAD|87|1|28860|28860|10999|sh|242.692|97.0|0.113|1|6|6|0-7|0|1024|1024|7|0|48
THREAD|87|2|16730|9973|10563|AppSearch_Index|0.000|0.0|0.000|0|3|3|0-7|0|1024|1024|13150|20688|240
THREAD|87|3|16730|9940|10563|AppSearch_Index|0.000|0.0|0.000|0|2|2|0-7|0|1024|1024|13115|20690|232
THREAD|87|4|26538|9612|10195|binder:26538_8|0.000|0.0|0.000|0|1|1|0-7|0|1024|1024|3402|6500|3312
THREAD|87|5|26538|9470|10195|binder:26538_B|0.000|0.0|0.000|0|6|6|0-7|0|1024|1024|2531|4304|2105
THREAD|87|6|10622|8513|10201|ExoPlayer:Playb|0.000|0.0|0.000|0|4|4|0-7|0|1024|1024|6463|10331|51
THREAD|87|7|10622|8509|10201|ExoPlayer:Playb|0.000|0.0|0.000|0|1|1|0-7|0|1024|1024|6331|10327|49
THREAD|87|8|26538|8364|10195|IMM.binder-emu|0.000|0.0|0.000|0|2|2|0-7|0|1024|1024|15737|23850|1039
THREAD|87|9|26538|8336|10195|Primes-Jank|0.000|0.0|0.000|0|4|4|0-7|0|1024|1024|16074|23866|1131
THREAD|87|10|16730|8119|10563|AppSearch_Index|0.000|0.0|0.000|0|3|3|0-7|0|1024|1024|13165|20704|245
WINDOW|seq=88|t_cs=16216804|wall_ms=270|threads=263|busy_threads=1|total_runtime_ms=266.567|total_runq_wait_ms=0.000|tgids=5032,10622,16730,26538,28860
THREAD|88|1|28860|28860|10999|sh|266.567|98.7|0.000|0|6|6|0-7|0|1024|1024|7|0|48
THREAD|88|2|16730|9973|10563|AppSearch_Index|0.000|0.0|0.000|0|3|3|0-7|0|1024|1024|13150|20688|240
THREAD|88|3|16730|9940|10563|AppSearch_Index|0.000|0.0|0.000|0|2|2|0-7|0|1024|1024|13115|20690|232
THREAD|88|4|26538|9612|10195|binder:26538_8|0.000|0.0|0.000|0|1|1|0-7|0|1024|1024|3402|6500|3312
THREAD|88|5|26538|9470|10195|binder:26538_B|0.000|0.0|0.000|0|6|6|0-7|0|1024|1024|2531|4304|2105
THREAD|88|6|10622|8513|10201|ExoPlayer:Playb|0.000|0.0|0.000|0|4|4|0-7|0|1024|1024|6463|10331|51
THREAD|88|7|10622|8509|10201|ExoPlayer:Playb|0.000|0.0|0.000|0|1|1|0-7|0|1024|1024|6331|10327|49
THREAD|88|8|26538|8364|10195|IMM.binder-emu|0.000|0.0|0.000|0|2|2|0-7|0|1024|1024|15737|23850|1039
THREAD|88|9|26538|8336|10195|Primes-Jank|0.000|0.0|0.000|0|4|4|0-7|0|1024|1024|16074|23866|1131
THREAD|88|10|16730|8119|10563|AppSearch_Index|0.000|0.0|0.000|0|3|3|0-7|0|1024|1024|13165|20704|245
WINDOW|seq=89|t_cs=16216829|wall_ms=250|threads=263|busy_threads=1|total_runtime_ms=254.491|total_runq_wait_ms=0.000|tgids=5032,10622,16730,26538,28860
THREAD|89|1|28860|28860|10999|sh|254.491|101.7|0.000|0|6|6|0-7|0|1024|1024|7|0|48
THREAD|89|2|16730|9973|10563|AppSearch_Index|0.000|0.0|0.000|0|3|3|0-7|0|1024|1024|13150|20688|240
THREAD|89|3|16730|9940|10563|AppSearch_Index|0.000|0.0|0.000|0|2|2|0-7|0|1024|1024|13115|20690|232
THREAD|89|4|26538|9612|10195|binder:26538_8|0.000|0.0|0.000|0|1|1|0-7|0|1024|1024|3402|6500|3312
THREAD|89|5|26538|9470|10195|binder:26538_B|0.000|0.0|0.000|0|6|6|0-7|0|1024|1024|2531|4304|2105
THREAD|89|6|10622|8513|10201|ExoPlayer:Playb|0.000|0.0|0.000|0|4|4|0-7|0|1024|1024|6463|10331|51
THREAD|89|7|10622|8509|10201|ExoPlayer:Playb|0.000|0.0|0.000|0|1|1|0-7|0|1024|1024|6331|10327|49
THREAD|89|8|26538|8364|10195|IMM.binder-emu|0.000|0.0|0.000|0|2|2|0-7|0|1024|1024|15737|23850|1039
THREAD|89|9|26538|8336|10195|Primes-Jank|0.000|0.0|0.000|0|4|4|0-7|0|1024|1024|16074|23866|1131
THREAD|89|10|16730|8119|10563|AppSearch_Index|0.000|0.0|0.000|0|3|3|0-7|0|1024|1024|13165|20704|245
WINDOW|seq=90|t_cs=16216857|wall_ms=280|threads=263|busy_threads=1|total_runtime_ms=270.385|total_runq_wait_ms=0.009|tgids=5032,10622,16730,26538,28860
THREAD|90|1|28860|28860|10999|sh|270.385|96.5|0.009|1|6|6|0-7|0|1024|1024|7|0|49
THREAD|90|2|16730|9973|10563|AppSearch_Index|0.000|0.0|0.000|0|3|3|0-7|0|1024|1024|13150|20688|240
THREAD|90|3|16730|9940|10563|AppSearch_Index|0.000|0.0|0.000|0|2|2|0-7|0|1024|1024|13115|20690|232
THREAD|90|4|26538|9612|10195|binder:26538_8|0.000|0.0|0.000|0|1|1|0-7|0|1024|1024|3402|6500|3312
THREAD|90|5|26538|9470|10195|binder:26538_B|0.000|0.0|0.000|0|6|6|0-7|0|1024|1024|2531|4304|2105
THREAD|90|6|10622|8513|10201|ExoPlayer:Playb|0.000|0.0|0.000|0|4|4|0-7|0|1024|1024|6463|10331|51
THREAD|90|7|10622|8509|10201|ExoPlayer:Playb|0.000|0.0|0.000|0|1|1|0-7|0|1024|1024|6331|10327|49
THREAD|90|8|26538|8364|10195|IMM.binder-emu|0.000|0.0|0.000|0|2|2|0-7|0|1024|1024|15737|23850|1039
THREAD|90|9|26538|8336|10195|Primes-Jank|0.000|0.0|0.000|0|4|4|0-7|0|1024|1024|16074|23866|1131
THREAD|90|10|16730|8119|10563|AppSearch_Index|0.000|0.0|0.000|0|3|3|0-7|0|1024|1024|13165|20704|245
WINDOW|seq=91|t_cs=16216882|wall_ms=250|threads=263|busy_threads=1|total_runtime_ms=250.325|total_runq_wait_ms=0.296|tgids=5032,10622,16730,26538,28860
THREAD|91|1|28860|28860|10999|sh|250.325|100.1|0.296|1|6|6|0-7|0|1024|1024|7|0|50
THREAD|91|2|16730|9973|10563|AppSearch_Index|0.000|0.0|0.000|0|3|3|0-7|0|1024|1024|13150|20688|240
THREAD|91|3|16730|9940|10563|AppSearch_Index|0.000|0.0|0.000|0|2|2|0-7|0|1024|1024|13115|20690|232
THREAD|91|4|26538|9612|10195|binder:26538_8|0.000|0.0|0.000|0|1|1|0-7|0|1024|1024|3402|6500|3312
THREAD|91|5|26538|9470|10195|binder:26538_B|0.000|0.0|0.000|0|6|6|0-7|0|1024|1024|2531|4304|2105
THREAD|91|6|10622|8513|10201|ExoPlayer:Playb|0.000|0.0|0.000|0|4|4|0-7|0|1024|1024|6463|10331|51
THREAD|91|7|10622|8509|10201|ExoPlayer:Playb|0.000|0.0|0.000|0|1|1|0-7|0|1024|1024|6331|10327|49
THREAD|91|8|26538|8364|10195|IMM.binder-emu|0.000|0.0|0.000|0|2|2|0-7|0|1024|1024|15737|23850|1039
THREAD|91|9|26538|8336|10195|Primes-Jank|0.000|0.0|0.000|0|4|4|0-7|0|1024|1024|16074|23866|1131
THREAD|91|10|16730|8119|10563|AppSearch_Index|0.000|0.0|0.000|0|3|3|0-7|0|1024|1024|13165|20704|245
WINDOW|seq=92|t_cs=16216908|wall_ms=260|threads=263|busy_threads=1|total_runtime_ms=262.353|total_runq_wait_ms=0.000|tgids=5032,10622,16730,26538,28860
THREAD|92|1|28860|28860|10999|sh|262.353|100.9|0.000|0|6|6|0-7|0|1024|1024|7|0|50
THREAD|92|2|16730|9973|10563|AppSearch_Index|0.000|0.0|0.000|0|3|3|0-7|0|1024|1024|13150|20688|240
THREAD|92|3|16730|9940|10563|AppSearch_Index|0.000|0.0|0.000|0|2|2|0-7|0|1024|1024|13115|20690|232
THREAD|92|4|26538|9612|10195|binder:26538_8|0.000|0.0|0.000|0|1|1|0-7|0|1024|1024|3402|6500|3312
THREAD|92|5|26538|9470|10195|binder:26538_B|0.000|0.0|0.000|0|6|6|0-7|0|1024|1024|2531|4304|2105
THREAD|92|6|10622|8513|10201|ExoPlayer:Playb|0.000|0.0|0.000|0|4|4|0-7|0|1024|1024|6463|10331|51
THREAD|92|7|10622|8509|10201|ExoPlayer:Playb|0.000|0.0|0.000|0|1|1|0-7|0|1024|1024|6331|10327|49
THREAD|92|8|26538|8364|10195|IMM.binder-emu|0.000|0.0|0.000|0|2|2|0-7|0|1024|1024|15737|23850|1039
THREAD|92|9|26538|8336|10195|Primes-Jank|0.000|0.0|0.000|0|4|4|0-7|0|1024|1024|16074|23866|1131
THREAD|92|10|16730|8119|10563|AppSearch_Index|0.000|0.0|0.000|0|3|3|0-7|0|1024|1024|13165|20704|245
WINDOW|seq=93|t_cs=16216935|wall_ms=270|threads=263|busy_threads=1|total_runtime_ms=262.664|total_runq_wait_ms=0.000|tgids=5032,10622,16730,26538,28860
THREAD|93|1|28860|28860|10999|sh|262.664|97.2|0.000|0|6|6|0-7|0|1024|1024|7|0|50
THREAD|93|2|16730|9973|10563|AppSearch_Index|0.000|0.0|0.000|0|3|3|0-7|0|1024|1024|13150|20688|240
THREAD|93|3|16730|9940|10563|AppSearch_Index|0.000|0.0|0.000|0|2|2|0-7|0|1024|1024|13115|20690|232
THREAD|93|4|26538|9612|10195|binder:26538_8|0.000|0.0|0.000|0|1|1|0-7|0|1024|1024|3402|6500|3312
THREAD|93|5|26538|9470|10195|binder:26538_B|0.000|0.0|0.000|0|6|6|0-7|0|1024|1024|2531|4304|2105
THREAD|93|6|10622|8513|10201|ExoPlayer:Playb|0.000|0.0|0.000|0|4|4|0-7|0|1024|1024|6463|10331|51
THREAD|93|7|10622|8509|10201|ExoPlayer:Playb|0.000|0.0|0.000|0|1|1|0-7|0|1024|1024|6331|10327|49
THREAD|93|8|26538|8364|10195|IMM.binder-emu|0.000|0.0|0.000|0|2|2|0-7|0|1024|1024|15737|23850|1039
THREAD|93|9|26538|8336|10195|Primes-Jank|0.000|0.0|0.000|0|4|4|0-7|0|1024|1024|16074|23866|1131
THREAD|93|10|16730|8119|10563|AppSearch_Index|0.000|0.0|0.000|0|3|3|0-7|0|1024|1024|13165|20704|245
WINDOW|seq=94|t_cs=16216959|wall_ms=240|threads=263|busy_threads=1|total_runtime_ms=242.430|total_runq_wait_ms=0.016|tgids=5032,10622,16730,26538,28860
THREAD|94|1|28860|28860|10999|sh|242.430|101.0|0.016|1|6|6|0-7|0|1024|1024|7|0|51
THREAD|94|2|16730|9973|10563|AppSearch_Index|0.000|0.0|0.000|0|3|3|0-7|0|1024|1024|13150|20688|240
THREAD|94|3|16730|9940|10563|AppSearch_Index|0.000|0.0|0.000|0|2|2|0-7|0|1024|1024|13115|20690|232
THREAD|94|4|26538|9612|10195|binder:26538_8|0.000|0.0|0.000|0|1|1|0-7|0|1024|1024|3402|6500|3312
THREAD|94|5|26538|9470|10195|binder:26538_B|0.000|0.0|0.000|0|6|6|0-7|0|1024|1024|2531|4304|2105
THREAD|94|6|10622|8513|10201|ExoPlayer:Playb|0.000|0.0|0.000|0|4|4|0-7|0|1024|1024|6463|10331|51
THREAD|94|7|10622|8509|10201|ExoPlayer:Playb|0.000|0.0|0.000|0|1|1|0-7|0|1024|1024|6331|10327|49
THREAD|94|8|26538|8364|10195|IMM.binder-emu|0.000|0.0|0.000|0|2|2|0-7|0|1024|1024|15737|23850|1039
THREAD|94|9|26538|8336|10195|Primes-Jank|0.000|0.0|0.000|0|4|4|0-7|0|1024|1024|16074|23866|1131
THREAD|94|10|16730|8119|10563|AppSearch_Index|0.000|0.0|0.000|0|3|3|0-7|0|1024|1024|13165|20704|245
WINDOW|seq=95|t_cs=16216986|wall_ms=270|threads=263|busy_threads=1|total_runtime_ms=266.581|total_runq_wait_ms=0.067|tgids=5032,10622,16730,26538,28860
THREAD|95|1|28860|28860|10999|sh|266.581|98.7|0.067|1|6|6|0-7|0|1024|1024|7|0|52
THREAD|95|2|16730|9973|10563|AppSearch_Index|0.000|0.0|0.000|0|3|3|0-7|0|1024|1024|13150|20688|240
THREAD|95|3|16730|9940|10563|AppSearch_Index|0.000|0.0|0.000|0|2|2|0-7|0|1024|1024|13115|20690|232
THREAD|95|4|26538|9612|10195|binder:26538_8|0.000|0.0|0.000|0|1|1|0-7|0|1024|1024|3402|6500|3312
THREAD|95|5|26538|9470|10195|binder:26538_B|0.000|0.0|0.000|0|6|6|0-7|0|1024|1024|2531|4304|2105
THREAD|95|6|10622|8513|10201|ExoPlayer:Playb|0.000|0.0|0.000|0|4|4|0-7|0|1024|1024|6463|10331|51
THREAD|95|7|10622|8509|10201|ExoPlayer:Playb|0.000|0.0|0.000|0|1|1|0-7|0|1024|1024|6331|10327|49
THREAD|95|8|26538|8364|10195|IMM.binder-emu|0.000|0.0|0.000|0|2|2|0-7|0|1024|1024|15737|23850|1039
THREAD|95|9|26538|8336|10195|Primes-Jank|0.000|0.0|0.000|0|4|4|0-7|0|1024|1024|16074|23866|1131
THREAD|95|10|16730|8119|10563|AppSearch_Index|0.000|0.0|0.000|0|3|3|0-7|0|1024|1024|13165|20704|245
WINDOW|seq=96|t_cs=16217012|wall_ms=260|threads=263|busy_threads=1|total_runtime_ms=258.533|total_runq_wait_ms=0.000|tgids=5032,10622,16730,26538,28860
THREAD|96|1|28860|28860|10999|sh|258.533|99.4|0.000|0|6|6|0-7|0|1024|1024|7|0|52
THREAD|96|2|16730|9973|10563|AppSearch_Index|0.000|0.0|0.000|0|3|3|0-7|0|1024|1024|13150|20688|240
THREAD|96|3|16730|9940|10563|AppSearch_Index|0.000|0.0|0.000|0|2|2|0-7|0|1024|1024|13115|20690|232
THREAD|96|4|26538|9612|10195|binder:26538_8|0.000|0.0|0.000|0|1|1|0-7|0|1024|1024|3402|6500|3312
THREAD|96|5|26538|9470|10195|binder:26538_B|0.000|0.0|0.000|0|6|6|0-7|0|1024|1024|2531|4304|2105
THREAD|96|6|10622|8513|10201|ExoPlayer:Playb|0.000|0.0|0.000|0|4|4|0-7|0|1024|1024|6463|10331|51
THREAD|96|7|10622|8509|10201|ExoPlayer:Playb|0.000|0.0|0.000|0|1|1|0-7|0|1024|1024|6331|10327|49
THREAD|96|8|26538|8364|10195|IMM.binder-emu|0.000|0.0|0.000|0|2|2|0-7|0|1024|1024|15737|23850|1039
THREAD|96|9|26538|8336|10195|Primes-Jank|0.000|0.0|0.000|0|4|4|0-7|0|1024|1024|16074|23866|1131
THREAD|96|10|16730|8119|10563|AppSearch_Index|0.000|0.0|0.000|0|3|3|0-7|0|1024|1024|13165|20704|245
WINDOW|seq=97|t_cs=16217036|wall_ms=240|threads=263|busy_threads=1|total_runtime_ms=246.408|total_runq_wait_ms=0.000|tgids=5032,10622,16730,26538,28860
THREAD|97|1|28860|28860|10999|sh|246.408|102.6|0.000|0|6|6|0-7|0|1024|1024|7|0|52
THREAD|97|2|16730|9973|10563|AppSearch_Index|0.000|0.0|0.000|0|3|3|0-7|0|1024|1024|13150|20688|240
THREAD|97|3|16730|9940|10563|AppSearch_Index|0.000|0.0|0.000|0|2|2|0-7|0|1024|1024|13115|20690|232
THREAD|97|4|26538|9612|10195|binder:26538_8|0.000|0.0|0.000|0|1|1|0-7|0|1024|1024|3402|6500|3312
THREAD|97|5|26538|9470|10195|binder:26538_B|0.000|0.0|0.000|0|6|6|0-7|0|1024|1024|2531|4304|2105
THREAD|97|6|10622|8513|10201|ExoPlayer:Playb|0.000|0.0|0.000|0|4|4|0-7|0|1024|1024|6463|10331|51
THREAD|97|7|10622|8509|10201|ExoPlayer:Playb|0.000|0.0|0.000|0|1|1|0-7|0|1024|1024|6331|10327|49
THREAD|97|8|26538|8364|10195|IMM.binder-emu|0.000|0.0|0.000|0|2|2|0-7|0|1024|1024|15737|23850|1039
THREAD|97|9|26538|8336|10195|Primes-Jank|0.000|0.0|0.000|0|4|4|0-7|0|1024|1024|16074|23866|1131
THREAD|97|10|16730|8119|10563|AppSearch_Index|0.000|0.0|0.000|0|3|3|0-7|0|1024|1024|13165|20704|245
WINDOW|seq=98|t_cs=16217062|wall_ms=260|threads=263|busy_threads=1|total_runtime_ms=254.322|total_runq_wait_ms=0.007|tgids=5032,10622,16730,26538,28860
THREAD|98|1|28860|28860|10999|sh|254.322|97.8|0.007|1|6|6|0-7|0|1024|1024|7|0|53
THREAD|98|2|16730|9973|10563|AppSearch_Index|0.000|0.0|0.000|0|3|3|0-7|0|1024|1024|13150|20688|240
THREAD|98|3|16730|9940|10563|AppSearch_Index|0.000|0.0|0.000|0|2|2|0-7|0|1024|1024|13115|20690|232
THREAD|98|4|26538|9612|10195|binder:26538_8|0.000|0.0|0.000|0|1|1|0-7|0|1024|1024|3402|6500|3312
THREAD|98|5|26538|9470|10195|binder:26538_B|0.000|0.0|0.000|0|6|6|0-7|0|1024|1024|2531|4304|2105
THREAD|98|6|10622|8513|10201|ExoPlayer:Playb|0.000|0.0|0.000|0|4|4|0-7|0|1024|1024|6463|10331|51
THREAD|98|7|10622|8509|10201|ExoPlayer:Playb|0.000|0.0|0.000|0|1|1|0-7|0|1024|1024|6331|10327|49
THREAD|98|8|26538|8364|10195|IMM.binder-emu|0.000|0.0|0.000|0|2|2|0-7|0|1024|1024|15737|23850|1039
THREAD|98|9|26538|8336|10195|Primes-Jank|0.000|0.0|0.000|0|4|4|0-7|0|1024|1024|16074|23866|1131
THREAD|98|10|16730|8119|10563|AppSearch_Index|0.000|0.0|0.000|0|3|3|0-7|0|1024|1024|13165|20704|245
WINDOW|seq=99|t_cs=16217088|wall_ms=260|threads=263|busy_threads=1|total_runtime_ms=254.288|total_runq_wait_ms=0.067|tgids=5032,10622,16730,26538,28860
THREAD|99|1|28860|28860|10999|sh|254.288|97.8|0.067|1|6|6|0-7|0|1024|1024|7|0|54
THREAD|99|2|16730|9973|10563|AppSearch_Index|0.000|0.0|0.000|0|3|3|0-7|0|1024|1024|13150|20688|240
THREAD|99|3|16730|9940|10563|AppSearch_Index|0.000|0.0|0.000|0|2|2|0-7|0|1024|1024|13115|20690|232
THREAD|99|4|26538|9612|10195|binder:26538_8|0.000|0.0|0.000|0|1|1|0-7|0|1024|1024|3402|6500|3312
THREAD|99|5|26538|9470|10195|binder:26538_B|0.000|0.0|0.000|0|6|6|0-7|0|1024|1024|2531|4304|2105
THREAD|99|6|10622|8513|10201|ExoPlayer:Playb|0.000|0.0|0.000|0|4|4|0-7|0|1024|1024|6463|10331|51
THREAD|99|7|10622|8509|10201|ExoPlayer:Playb|0.000|0.0|0.000|0|1|1|0-7|0|1024|1024|6331|10327|49
THREAD|99|8|26538|8364|10195|IMM.binder-emu|0.000|0.0|0.000|0|2|2|0-7|0|1024|1024|15737|23850|1039
THREAD|99|9|26538|8336|10195|Primes-Jank|0.000|0.0|0.000|0|4|4|0-7|0|1024|1024|16074|23866|1131
THREAD|99|10|16730|8119|10563|AppSearch_Index|0.000|0.0|0.000|0|3|3|0-7|0|1024|1024|13165|20704|245
WINDOW|seq=100|t_cs=16217115|wall_ms=270|threads=263|busy_threads=1|total_runtime_ms=266.536|total_runq_wait_ms=0.000|tgids=5032,10622,16730,26538,28860
THREAD|100|1|28860|28860|10999|sh|266.536|98.7|0.000|0|6|6|0-7|0|1024|1024|7|0|54
THREAD|100|2|16730|9973|10563|AppSearch_Index|0.000|0.0|0.000|0|3|3|0-7|0|1024|1024|13150|20688|240
THREAD|100|3|16730|9940|10563|AppSearch_Index|0.000|0.0|0.000|0|2|2|0-7|0|1024|1024|13115|20690|232
THREAD|100|4|26538|9612|10195|binder:26538_8|0.000|0.0|0.000|0|1|1|0-7|0|1024|1024|3402|6500|3312
THREAD|100|5|26538|9470|10195|binder:26538_B|0.000|0.0|0.000|0|6|6|0-7|0|1024|1024|2531|4304|2105
THREAD|100|6|10622|8513|10201|ExoPlayer:Playb|0.000|0.0|0.000|0|4|4|0-7|0|1024|1024|6463|10331|51
THREAD|100|7|10622|8509|10201|ExoPlayer:Playb|0.000|0.0|0.000|0|1|1|0-7|0|1024|1024|6331|10327|49
THREAD|100|8|26538|8364|10195|IMM.binder-emu|0.000|0.0|0.000|0|2|2|0-7|0|1024|1024|15737|23850|1039
THREAD|100|9|26538|8336|10195|Primes-Jank|0.000|0.0|0.000|0|4|4|0-7|0|1024|1024|16074|23866|1131
THREAD|100|10|16730|8119|10563|AppSearch_Index|0.000|0.0|0.000|0|3|3|0-7|0|1024|1024|13165|20704|245
WINDOW|seq=101|t_cs=16217141|wall_ms=260|threads=263|busy_threads=1|total_runtime_ms=262.385|total_runq_wait_ms=0.005|tgids=5032,10622,16730,26538,28860
THREAD|101|1|28860|28860|10999|sh|262.385|100.9|0.005|1|6|6|0-7|0|1024|1024|7|0|55
THREAD|101|2|16730|9973|10563|AppSearch_Index|0.000|0.0|0.000|0|3|3|0-7|0|1024|1024|13150|20688|240
THREAD|101|3|16730|9940|10563|AppSearch_Index|0.000|0.0|0.000|0|2|2|0-7|0|1024|1024|13115|20690|232
THREAD|101|4|26538|9612|10195|binder:26538_8|0.000|0.0|0.000|0|1|1|0-7|0|1024|1024|3402|6500|3312
THREAD|101|5|26538|9470|10195|binder:26538_B|0.000|0.0|0.000|0|6|6|0-7|0|1024|1024|2531|4304|2105
THREAD|101|6|10622|8513|10201|ExoPlayer:Playb|0.000|0.0|0.000|0|4|4|0-7|0|1024|1024|6463|10331|51
THREAD|101|7|10622|8509|10201|ExoPlayer:Playb|0.000|0.0|0.000|0|1|1|0-7|0|1024|1024|6331|10327|49
THREAD|101|8|26538|8364|10195|IMM.binder-emu|0.000|0.0|0.000|0|2|2|0-7|0|1024|1024|15737|23850|1039
THREAD|101|9|26538|8336|10195|Primes-Jank|0.000|0.0|0.000|0|4|4|0-7|0|1024|1024|16074|23866|1131
THREAD|101|10|16730|8119|10563|AppSearch_Index|0.000|0.0|0.000|0|3|3|0-7|0|1024|1024|13165|20704|245
WINDOW|seq=102|t_cs=16217166|wall_ms=250|threads=263|busy_threads=1|total_runtime_ms=246.415|total_runq_wait_ms=0.000|tgids=5032,10622,16730,26538,28860
THREAD|102|1|28860|28860|10999|sh|246.415|98.5|0.000|0|6|6|0-7|0|1024|1024|7|0|55
THREAD|102|2|16730|9973|10563|AppSearch_Index|0.000|0.0|0.000|0|3|3|0-7|0|1024|1024|13150|20688|240
THREAD|102|3|16730|9940|10563|AppSearch_Index|0.000|0.0|0.000|0|2|2|0-7|0|1024|1024|13115|20690|232
THREAD|102|4|26538|9612|10195|binder:26538_8|0.000|0.0|0.000|0|1|1|0-7|0|1024|1024|3402|6500|3312
THREAD|102|5|26538|9470|10195|binder:26538_B|0.000|0.0|0.000|0|6|6|0-7|0|1024|1024|2531|4304|2105
THREAD|102|6|10622|8513|10201|ExoPlayer:Playb|0.000|0.0|0.000|0|4|4|0-7|0|1024|1024|6463|10331|51
THREAD|102|7|10622|8509|10201|ExoPlayer:Playb|0.000|0.0|0.000|0|1|1|0-7|0|1024|1024|6331|10327|49
THREAD|102|8|26538|8364|10195|IMM.binder-emu|0.000|0.0|0.000|0|2|2|0-7|0|1024|1024|15737|23850|1039
THREAD|102|9|26538|8336|10195|Primes-Jank|0.000|0.0|0.000|0|4|4|0-7|0|1024|1024|16074|23866|1131
THREAD|102|10|16730|8119|10563|AppSearch_Index|0.000|0.0|0.000|0|3|3|0-7|0|1024|1024|13165|20704|245
WINDOW|seq=103|t_cs=16217192|wall_ms=260|threads=263|busy_threads=1|total_runtime_ms=258.411|total_runq_wait_ms=0.074|tgids=5032,10622,16730,26538,28860
THREAD|103|1|28860|28860|10999|sh|258.411|99.3|0.074|1|6|6|0-7|0|1024|1024|7|0|56
THREAD|103|2|16730|9973|10563|AppSearch_Index|0.000|0.0|0.000|0|3|3|0-7|0|1024|1024|13150|20688|240
THREAD|103|3|16730|9940|10563|AppSearch_Index|0.000|0.0|0.000|0|2|2|0-7|0|1024|1024|13115|20690|232
THREAD|103|4|26538|9612|10195|binder:26538_8|0.000|0.0|0.000|0|1|1|0-7|0|1024|1024|3402|6500|3312
THREAD|103|5|26538|9470|10195|binder:26538_B|0.000|0.0|0.000|0|6|6|0-7|0|1024|1024|2531|4304|2105
THREAD|103|6|10622|8513|10201|ExoPlayer:Playb|0.000|0.0|0.000|0|4|4|0-7|0|1024|1024|6463|10331|51
THREAD|103|7|10622|8509|10201|ExoPlayer:Playb|0.000|0.0|0.000|0|1|1|0-7|0|1024|1024|6331|10327|49
THREAD|103|8|26538|8364|10195|IMM.binder-emu|0.000|0.0|0.000|0|2|2|0-7|0|1024|1024|15737|23850|1039
THREAD|103|9|26538|8336|10195|Primes-Jank|0.000|0.0|0.000|0|4|4|0-7|0|1024|1024|16074|23866|1131
THREAD|103|10|16730|8119|10563|AppSearch_Index|0.000|0.0|0.000|0|3|3|0-7|0|1024|1024|13165|20704|245
WINDOW|seq=104|t_cs=16217216|wall_ms=240|threads=263|busy_threads=1|total_runtime_ms=242.547|total_runq_wait_ms=0.000|tgids=5032,10622,16730,26538,28860
THREAD|104|1|28860|28860|10999|sh|242.547|101.0|0.000|0|6|6|0-7|0|1024|1024|7|0|56
THREAD|104|2|16730|9973|10563|AppSearch_Index|0.000|0.0|0.000|0|3|3|0-7|0|1024|1024|13150|20688|240
THREAD|104|3|16730|9940|10563|AppSearch_Index|0.000|0.0|0.000|0|2|2|0-7|0|1024|1024|13115|20690|232
THREAD|104|4|26538|9612|10195|binder:26538_8|0.000|0.0|0.000|0|1|1|0-7|0|1024|1024|3402|6500|3312
THREAD|104|5|26538|9470|10195|binder:26538_B|0.000|0.0|0.000|0|6|6|0-7|0|1024|1024|2531|4304|2105
THREAD|104|6|10622|8513|10201|ExoPlayer:Playb|0.000|0.0|0.000|0|4|4|0-7|0|1024|1024|6463|10331|51
THREAD|104|7|10622|8509|10201|ExoPlayer:Playb|0.000|0.0|0.000|0|1|1|0-7|0|1024|1024|6331|10327|49
THREAD|104|8|26538|8364|10195|IMM.binder-emu|0.000|0.0|0.000|0|2|2|0-7|0|1024|1024|15737|23850|1039
THREAD|104|9|26538|8336|10195|Primes-Jank|0.000|0.0|0.000|0|4|4|0-7|0|1024|1024|16074|23866|1131
THREAD|104|10|16730|8119|10563|AppSearch_Index|0.000|0.0|0.000|0|3|3|0-7|0|1024|1024|13165|20704|245
WINDOW|seq=105|t_cs=16217243|wall_ms=270|threads=263|busy_threads=1|total_runtime_ms=270.429|total_runq_wait_ms=0.006|tgids=5032,10622,16730,26538,28860
THREAD|105|1|28860|28860|10999|sh|270.429|100.1|0.006|1|6|6|0-7|0|1024|1024|7|0|57
THREAD|105|2|16730|9973|10563|AppSearch_Index|0.000|0.0|0.000|0|3|3|0-7|0|1024|1024|13150|20688|240
THREAD|105|3|16730|9940|10563|AppSearch_Index|0.000|0.0|0.000|0|2|2|0-7|0|1024|1024|13115|20690|232
THREAD|105|4|26538|9612|10195|binder:26538_8|0.000|0.0|0.000|0|1|1|0-7|0|1024|1024|3402|6500|3312
THREAD|105|5|26538|9470|10195|binder:26538_B|0.000|0.0|0.000|0|6|6|0-7|0|1024|1024|2531|4304|2105
THREAD|105|6|10622|8513|10201|ExoPlayer:Playb|0.000|0.0|0.000|0|4|4|0-7|0|1024|1024|6463|10331|51
THREAD|105|7|10622|8509|10201|ExoPlayer:Playb|0.000|0.0|0.000|0|1|1|0-7|0|1024|1024|6331|10327|49
THREAD|105|8|26538|8364|10195|IMM.binder-emu|0.000|0.0|0.000|0|2|2|0-7|0|1024|1024|15737|23850|1039
THREAD|105|9|26538|8336|10195|Primes-Jank|0.000|0.0|0.000|0|4|4|0-7|0|1024|1024|16074|23866|1131
THREAD|105|10|16730|8119|10563|AppSearch_Index|0.000|0.0|0.000|0|3|3|0-7|0|1024|1024|13165|20704|245
WINDOW|seq=106|t_cs=16217269|wall_ms=260|threads=263|busy_threads=1|total_runtime_ms=254.391|total_runq_wait_ms=0.000|tgids=5032,10622,16730,26538,28860
THREAD|106|1|28860|28860|10999|sh|254.391|97.8|0.000|0|6|6|0-7|0|1024|1024|7|0|57
THREAD|106|2|16730|9973|10563|AppSearch_Index|0.000|0.0|0.000|0|3|3|0-7|0|1024|1024|13150|20688|240
THREAD|106|3|16730|9940|10563|AppSearch_Index|0.000|0.0|0.000|0|2|2|0-7|0|1024|1024|13115|20690|232
THREAD|106|4|26538|9612|10195|binder:26538_8|0.000|0.0|0.000|0|1|1|0-7|0|1024|1024|3402|6500|3312
THREAD|106|5|26538|9470|10195|binder:26538_B|0.000|0.0|0.000|0|6|6|0-7|0|1024|1024|2531|4304|2105
THREAD|106|6|10622|8513|10201|ExoPlayer:Playb|0.000|0.0|0.000|0|4|4|0-7|0|1024|1024|6463|10331|51
THREAD|106|7|10622|8509|10201|ExoPlayer:Playb|0.000|0.0|0.000|0|1|1|0-7|0|1024|1024|6331|10327|49
THREAD|106|8|26538|8364|10195|IMM.binder-emu|0.000|0.0|0.000|0|2|2|0-7|0|1024|1024|15737|23850|1039
THREAD|106|9|26538|8336|10195|Primes-Jank|0.000|0.0|0.000|0|4|4|0-7|0|1024|1024|16074|23866|1131
THREAD|106|10|16730|8119|10563|AppSearch_Index|0.000|0.0|0.000|0|3|3|0-7|0|1024|1024|13165|20704|245
WINDOW|seq=107|t_cs=16217296|wall_ms=270|threads=263|busy_threads=1|total_runtime_ms=266.362|total_runq_wait_ms=0.085|tgids=5032,10622,16730,26538,28860
THREAD|107|1|28860|28860|10999|sh|266.362|98.6|0.085|1|6|6|0-7|0|1024|1024|7|0|58
THREAD|107|2|16730|9973|10563|AppSearch_Index|0.000|0.0|0.000|0|3|3|0-7|0|1024|1024|13150|20688|240
THREAD|107|3|16730|9940|10563|AppSearch_Index|0.000|0.0|0.000|0|2|2|0-7|0|1024|1024|13115|20690|232
THREAD|107|4|26538|9612|10195|binder:26538_8|0.000|0.0|0.000|0|1|1|0-7|0|1024|1024|3402|6500|3312
THREAD|107|5|26538|9470|10195|binder:26538_B|0.000|0.0|0.000|0|6|6|0-7|0|1024|1024|2531|4304|2105
THREAD|107|6|10622|8513|10201|ExoPlayer:Playb|0.000|0.0|0.000|0|4|4|0-7|0|1024|1024|6463|10331|51
THREAD|107|7|10622|8509|10201|ExoPlayer:Playb|0.000|0.0|0.000|0|1|1|0-7|0|1024|1024|6331|10327|49
THREAD|107|8|26538|8364|10195|IMM.binder-emu|0.000|0.0|0.000|0|2|2|0-7|0|1024|1024|15737|23850|1039
THREAD|107|9|26538|8336|10195|Primes-Jank|0.000|0.0|0.000|0|4|4|0-7|0|1024|1024|16074|23866|1131
THREAD|107|10|16730|8119|10563|AppSearch_Index|0.000|0.0|0.000|0|3|3|0-7|0|1024|1024|13165|20704|245
WINDOW|seq=108|t_cs=16217321|wall_ms=250|threads=263|busy_threads=1|total_runtime_ms=254.507|total_runq_wait_ms=0.000|tgids=5032,10622,16730,26538,28860
THREAD|108|1|28860|28860|10999|sh|254.507|101.8|0.000|0|6|6|0-7|0|1024|1024|7|0|58
THREAD|108|2|16730|9973|10563|AppSearch_Index|0.000|0.0|0.000|0|3|3|0-7|0|1024|1024|13150|20688|240
THREAD|108|3|16730|9940|10563|AppSearch_Index|0.000|0.0|0.000|0|2|2|0-7|0|1024|1024|13115|20690|232
THREAD|108|4|26538|9612|10195|binder:26538_8|0.000|0.0|0.000|0|1|1|0-7|0|1024|1024|3402|6500|3312
THREAD|108|5|26538|9470|10195|binder:26538_B|0.000|0.0|0.000|0|6|6|0-7|0|1024|1024|2531|4304|2105
THREAD|108|6|10622|8513|10201|ExoPlayer:Playb|0.000|0.0|0.000|0|4|4|0-7|0|1024|1024|6463|10331|51
THREAD|108|7|10622|8509|10201|ExoPlayer:Playb|0.000|0.0|0.000|0|1|1|0-7|0|1024|1024|6331|10327|49
THREAD|108|8|26538|8364|10195|IMM.binder-emu|0.000|0.0|0.000|0|2|2|0-7|0|1024|1024|15737|23850|1039
THREAD|108|9|26538|8336|10195|Primes-Jank|0.000|0.0|0.000|0|4|4|0-7|0|1024|1024|16074|23866|1131
THREAD|108|10|16730|8119|10563|AppSearch_Index|0.000|0.0|0.000|0|3|3|0-7|0|1024|1024|13165|20704|245
WINDOW|seq=109|t_cs=16217346|wall_ms=250|threads=263|busy_threads=1|total_runtime_ms=246.687|total_runq_wait_ms=0.009|tgids=5032,10622,16730,26538,28860
THREAD|109|1|28860|28860|10999|sh|246.687|98.6|0.009|1|6|6|0-7|0|1024|1024|7|0|59
THREAD|109|2|16730|9973|10563|AppSearch_Index|0.000|0.0|0.000|0|3|3|0-7|0|1024|1024|13150|20688|240
THREAD|109|3|16730|9940|10563|AppSearch_Index|0.000|0.0|0.000|0|2|2|0-7|0|1024|1024|13115|20690|232
THREAD|109|4|26538|9612|10195|binder:26538_8|0.000|0.0|0.000|0|1|1|0-7|0|1024|1024|3402|6500|3312
THREAD|109|5|26538|9470|10195|binder:26538_B|0.000|0.0|0.000|0|6|6|0-7|0|1024|1024|2531|4304|2105
THREAD|109|6|10622|8513|10201|ExoPlayer:Playb|0.000|0.0|0.000|0|4|4|0-7|0|1024|1024|6463|10331|51
THREAD|109|7|10622|8509|10201|ExoPlayer:Playb|0.000|0.0|0.000|0|1|1|0-7|0|1024|1024|6331|10327|49
THREAD|109|8|26538|8364|10195|IMM.binder-emu|0.000|0.0|0.000|0|2|2|0-7|0|1024|1024|15737|23850|1039
THREAD|109|9|26538|8336|10195|Primes-Jank|0.000|0.0|0.000|0|4|4|0-7|0|1024|1024|16074|23866|1131
THREAD|109|10|16730|8119|10563|AppSearch_Index|0.000|0.0|0.000|0|3|3|0-7|0|1024|1024|13165|20704|245
WINDOW|seq=110|t_cs=16217374|wall_ms=280|threads=263|busy_threads=1|total_runtime_ms=274.220|total_runq_wait_ms=0.000|tgids=5032,10622,16730,26538,28860
THREAD|110|1|28860|28860|10999|sh|274.220|97.9|0.000|0|6|6|0-7|0|1024|1024|7|0|59
THREAD|110|2|16730|9973|10563|AppSearch_Index|0.000|0.0|0.000|0|3|3|0-7|0|1024|1024|13150|20688|240
THREAD|110|3|16730|9940|10563|AppSearch_Index|0.000|0.0|0.000|0|2|2|0-7|0|1024|1024|13115|20690|232
THREAD|110|4|26538|9612|10195|binder:26538_8|0.000|0.0|0.000|0|1|1|0-7|0|1024|1024|3402|6500|3312
THREAD|110|5|26538|9470|10195|binder:26538_B|0.000|0.0|0.000|0|6|6|0-7|0|1024|1024|2531|4304|2105
THREAD|110|6|10622|8513|10201|ExoPlayer:Playb|0.000|0.0|0.000|0|4|4|0-7|0|1024|1024|6463|10331|51
THREAD|110|7|10622|8509|10201|ExoPlayer:Playb|0.000|0.0|0.000|0|1|1|0-7|0|1024|1024|6331|10327|49
THREAD|110|8|26538|8364|10195|IMM.binder-emu|0.000|0.0|0.000|0|2|2|0-7|0|1024|1024|15737|23850|1039
THREAD|110|9|26538|8336|10195|Primes-Jank|0.000|0.0|0.000|0|4|4|0-7|0|1024|1024|16074|23866|1131
THREAD|110|10|16730|8119|10563|AppSearch_Index|0.000|0.0|0.000|0|3|3|0-7|0|1024|1024|13165|20704|245
WINDOW|seq=111|t_cs=16217400|wall_ms=260|threads=263|busy_threads=1|total_runtime_ms=261.944|total_runq_wait_ms=0.457|tgids=5032,10622,16730,26538,28860
THREAD|111|1|28860|28860|10999|sh|261.944|100.7|0.457|1|6|6|0-7|0|1024|1024|7|0|60
THREAD|111|2|16730|9973|10563|AppSearch_Index|0.000|0.0|0.000|0|3|3|0-7|0|1024|1024|13150|20688|240
THREAD|111|3|16730|9940|10563|AppSearch_Index|0.000|0.0|0.000|0|2|2|0-7|0|1024|1024|13115|20690|232
THREAD|111|4|26538|9612|10195|binder:26538_8|0.000|0.0|0.000|0|1|1|0-7|0|1024|1024|3402|6500|3312
THREAD|111|5|26538|9470|10195|binder:26538_B|0.000|0.0|0.000|0|6|6|0-7|0|1024|1024|2531|4304|2105
THREAD|111|6|10622|8513|10201|ExoPlayer:Playb|0.000|0.0|0.000|0|4|4|0-7|0|1024|1024|6463|10331|51
THREAD|111|7|10622|8509|10201|ExoPlayer:Playb|0.000|0.0|0.000|0|1|1|0-7|0|1024|1024|6331|10327|49
THREAD|111|8|26538|8364|10195|IMM.binder-emu|0.000|0.0|0.000|0|2|2|0-7|0|1024|1024|15737|23850|1039
THREAD|111|9|26538|8336|10195|Primes-Jank|0.000|0.0|0.000|0|4|4|0-7|0|1024|1024|16074|23866|1131
THREAD|111|10|16730|8119|10563|AppSearch_Index|0.000|0.0|0.000|0|3|3|0-7|0|1024|1024|13165|20704|245
WINDOW|seq=112|t_cs=16217426|wall_ms=260|threads=263|busy_threads=1|total_runtime_ms=254.638|total_runq_wait_ms=0.000|tgids=5032,10622,16730,26538,28860
THREAD|112|1|28860|28860|10999|sh|254.638|97.9|0.000|0|6|6|0-7|0|1024|1024|7|0|60
THREAD|112|2|16730|9973|10563|AppSearch_Index|0.000|0.0|0.000|0|3|3|0-7|0|1024|1024|13150|20688|240
THREAD|112|3|16730|9940|10563|AppSearch_Index|0.000|0.0|0.000|0|2|2|0-7|0|1024|1024|13115|20690|232
THREAD|112|4|26538|9612|10195|binder:26538_8|0.000|0.0|0.000|0|1|1|0-7|0|1024|1024|3402|6500|3312
THREAD|112|5|26538|9470|10195|binder:26538_B|0.000|0.0|0.000|0|6|6|0-7|0|1024|1024|2531|4304|2105
THREAD|112|6|10622|8513|10201|ExoPlayer:Playb|0.000|0.0|0.000|0|4|4|0-7|0|1024|1024|6463|10331|51
THREAD|112|7|10622|8509|10201|ExoPlayer:Playb|0.000|0.0|0.000|0|1|1|0-7|0|1024|1024|6331|10327|49
THREAD|112|8|26538|8364|10195|IMM.binder-emu|0.000|0.0|0.000|0|2|2|0-7|0|1024|1024|15737|23850|1039
THREAD|112|9|26538|8336|10195|Primes-Jank|0.000|0.0|0.000|0|4|4|0-7|0|1024|1024|16074|23866|1131
THREAD|112|10|16730|8119|10563|AppSearch_Index|0.000|0.0|0.000|0|3|3|0-7|0|1024|1024|13165|20704|245
WINDOW|seq=113|t_cs=16217451|wall_ms=250|threads=263|busy_threads=1|total_runtime_ms=250.604|total_runq_wait_ms=0.007|tgids=5032,10622,16730,26538,28860
THREAD|113|1|28860|28860|10999|sh|250.604|100.2|0.007|1|6|6|0-7|0|1024|1024|7|0|61
THREAD|113|2|16730|9973|10563|AppSearch_Index|0.000|0.0|0.000|0|3|3|0-7|0|1024|1024|13150|20688|240
THREAD|113|3|16730|9940|10563|AppSearch_Index|0.000|0.0|0.000|0|2|2|0-7|0|1024|1024|13115|20690|232
THREAD|113|4|26538|9612|10195|binder:26538_8|0.000|0.0|0.000|0|1|1|0-7|0|1024|1024|3402|6500|3312
THREAD|113|5|26538|9470|10195|binder:26538_B|0.000|0.0|0.000|0|6|6|0-7|0|1024|1024|2531|4304|2105
THREAD|113|6|10622|8513|10201|ExoPlayer:Playb|0.000|0.0|0.000|0|4|4|0-7|0|1024|1024|6463|10331|51
THREAD|113|7|10622|8509|10201|ExoPlayer:Playb|0.000|0.0|0.000|0|1|1|0-7|0|1024|1024|6331|10327|49
THREAD|113|8|26538|8364|10195|IMM.binder-emu|0.000|0.0|0.000|0|2|2|0-7|0|1024|1024|15737|23850|1039
THREAD|113|9|26538|8336|10195|Primes-Jank|0.000|0.0|0.000|0|4|4|0-7|0|1024|1024|16074|23866|1131
THREAD|113|10|16730|8119|10563|AppSearch_Index|0.000|0.0|0.000|0|3|3|0-7|0|1024|1024|13165|20704|245
WINDOW|seq=114|t_cs=16217476|wall_ms=250|threads=263|busy_threads=1|total_runtime_ms=246.450|total_runq_wait_ms=0.017|tgids=5032,10622,16730,26538,28860
THREAD|114|1|28860|28860|10999|sh|246.450|98.5|0.017|1|6|6|0-7|0|1024|1024|7|0|62
THREAD|114|2|16730|9973|10563|AppSearch_Index|0.000|0.0|0.000|0|3|3|0-7|0|1024|1024|13150|20688|240
THREAD|114|3|16730|9940|10563|AppSearch_Index|0.000|0.0|0.000|0|2|2|0-7|0|1024|1024|13115|20690|232
THREAD|114|4|26538|9612|10195|binder:26538_8|0.000|0.0|0.000|0|1|1|0-7|0|1024|1024|3402|6500|3312
THREAD|114|5|26538|9470|10195|binder:26538_B|0.000|0.0|0.000|0|6|6|0-7|0|1024|1024|2531|4304|2105
THREAD|114|6|10622|8513|10201|ExoPlayer:Playb|0.000|0.0|0.000|0|4|4|0-7|0|1024|1024|6463|10331|51
THREAD|114|7|10622|8509|10201|ExoPlayer:Playb|0.000|0.0|0.000|0|1|1|0-7|0|1024|1024|6331|10327|49
THREAD|114|8|26538|8364|10195|IMM.binder-emu|0.000|0.0|0.000|0|2|2|0-7|0|1024|1024|15737|23850|1039
THREAD|114|9|26538|8336|10195|Primes-Jank|0.000|0.0|0.000|0|4|4|0-7|0|1024|1024|16074|23866|1131
THREAD|114|10|16730|8119|10563|AppSearch_Index|0.000|0.0|0.000|0|3|3|0-7|0|1024|1024|13165|20704|245
WINDOW|seq=115|t_cs=16217503|wall_ms=270|threads=263|busy_threads=1|total_runtime_ms=270.178|total_runq_wait_ms=0.096|tgids=5032,10622,16730,26538,28860
THREAD|115|1|28860|28860|10999|sh|270.178|100.0|0.096|1|6|6|0-7|0|1024|1024|7|0|63
THREAD|115|2|16730|9973|10563|AppSearch_Index|0.000|0.0|0.000|0|3|3|0-7|0|1024|1024|13150|20688|240
THREAD|115|3|16730|9940|10563|AppSearch_Index|0.000|0.0|0.000|0|2|2|0-7|0|1024|1024|13115|20690|232
THREAD|115|4|26538|9612|10195|binder:26538_8|0.000|0.0|0.000|0|1|1|0-7|0|1024|1024|3402|6500|3312
THREAD|115|5|26538|9470|10195|binder:26538_B|0.000|0.0|0.000|0|6|6|0-7|0|1024|1024|2531|4304|2105
THREAD|115|6|10622|8513|10201|ExoPlayer:Playb|0.000|0.0|0.000|0|4|4|0-7|0|1024|1024|6463|10331|51
THREAD|115|7|10622|8509|10201|ExoPlayer:Playb|0.000|0.0|0.000|0|1|1|0-7|0|1024|1024|6331|10327|49
THREAD|115|8|26538|8364|10195|IMM.binder-emu|0.000|0.0|0.000|0|2|2|0-7|0|1024|1024|15737|23850|1039
THREAD|115|9|26538|8336|10195|Primes-Jank|0.000|0.0|0.000|0|4|4|0-7|0|1024|1024|16074|23866|1131
THREAD|115|10|16730|8119|10563|AppSearch_Index|0.000|0.0|0.000|0|3|3|0-7|0|1024|1024|13165|20704|245
WINDOW|seq=116|t_cs=16217528|wall_ms=250|threads=263|busy_threads=1|total_runtime_ms=254.411|total_runq_wait_ms=0.000|tgids=5032,10622,16730,26538,28860
THREAD|116|1|28860|28860|10999|sh|254.411|101.7|0.000|0|6|6|0-7|0|1024|1024|7|0|63
THREAD|116|2|16730|9973|10563|AppSearch_Index|0.000|0.0|0.000|0|3|3|0-7|0|1024|1024|13150|20688|240
THREAD|116|3|16730|9940|10563|AppSearch_Index|0.000|0.0|0.000|0|2|2|0-7|0|1024|1024|13115|20690|232
THREAD|116|4|26538|9612|10195|binder:26538_8|0.000|0.0|0.000|0|1|1|0-7|0|1024|1024|3402|6500|3312
THREAD|116|5|26538|9470|10195|binder:26538_B|0.000|0.0|0.000|0|6|6|0-7|0|1024|1024|2531|4304|2105
THREAD|116|6|10622|8513|10201|ExoPlayer:Playb|0.000|0.0|0.000|0|4|4|0-7|0|1024|1024|6463|10331|51
THREAD|116|7|10622|8509|10201|ExoPlayer:Playb|0.000|0.0|0.000|0|1|1|0-7|0|1024|1024|6331|10327|49
THREAD|116|8|26538|8364|10195|IMM.binder-emu|0.000|0.0|0.000|0|2|2|0-7|0|1024|1024|15737|23850|1039
THREAD|116|9|26538|8336|10195|Primes-Jank|0.000|0.0|0.000|0|4|4|0-7|0|1024|1024|16074|23866|1131
THREAD|116|10|16730|8119|10563|AppSearch_Index|0.000|0.0|0.000|0|3|3|0-7|0|1024|1024|13165|20704|245
END|windows=116|elapsed_s=30
