META|version=2|duration_s=30|interval_ms=250|top_n=10|kernel=6.6.118-android15-8-g2e6b9c3812c5-ab15114928-4k|read_only=yes
FIELDS|THREAD|seq|rank|tgid|tid|uid|comm|runtime_ms|runtime_pct|runq_wait_ms|slices|cpu_start|cpu_end|allowed|uclamp_min|uclamp_max|uclamp_max_eff|migrations_total|vol_ctx_total|nonvol_ctx_total
WINDOW|seq=1|t_cs=16272338|wall_ms=290|threads=263|busy_threads=1|total_runtime_ms=289.853|total_runq_wait_ms=0.093|tgids=5032,10622,16730,17771,26538
THREAD|1|1|17771|17771|10999|sh|289.853|99.9|0.093|3|6|6|0-7|0|1024|1024|1|0|12
THREAD|1|2|16730|9973|10563|AppSearch_Index|0.000|0.0|0.000|0|3|3|0-7|0|1024|1024|13150|20688|240
THREAD|1|3|16730|9940|10563|AppSearch_Index|0.000|0.0|0.000|0|2|2|0-7|0|1024|1024|13115|20690|232
THREAD|1|4|26538|9612|10195|binder:26538_8|0.000|0.0|0.000|0|3|3|0-7|0|1024|1024|3404|6506|3317
THREAD|1|5|26538|9470|10195|binder:26538_B|0.000|0.0|0.000|0|6|6|0-7|0|1024|1024|2531|4304|2105
THREAD|1|6|10622|8513|10201|ExoPlayer:Playb|0.000|0.0|0.000|0|4|4|0-7|0|1024|1024|6463|10331|51
THREAD|1|7|10622|8509|10201|ExoPlayer:Playb|0.000|0.0|0.000|0|1|1|0-7|0|1024|1024|6331|10327|49
THREAD|1|8|26538|8364|10195|IMM.binder-emu|0.000|0.0|0.000|0|2|2|0-7|0|1024|1024|15737|23850|1039
THREAD|1|9|26538|8336|10195|Primes-Jank|0.000|0.0|0.000|0|4|4|0-7|0|1024|1024|16074|23866|1131
THREAD|1|10|16730|8119|10563|AppSearch_Index|0.000|0.0|0.000|0|3|3|0-7|0|1024|1024|13165|20704|245
WINDOW|seq=2|t_cs=16272361|wall_ms=230|threads=263|busy_threads=1|total_runtime_ms=238.248|total_runq_wait_ms=0.047|tgids=5032,10622,16730,17771,26538
THREAD|2|1|17771|17771|10999|sh|238.248|103.5|0.047|3|6|6|0-7|0|1024|1024|1|0|16
THREAD|2|2|16730|9973|10563|AppSearch_Index|0.000|0.0|0.000|0|3|3|0-7|0|1024|1024|13150|20688|240
THREAD|2|3|16730|9940|10563|AppSearch_Index|0.000|0.0|0.000|0|2|2|0-7|0|1024|1024|13115|20690|232
THREAD|2|4|26538|9612|10195|binder:26538_8|0.000|0.0|0.000|0|3|3|0-7|0|1024|1024|3404|6506|3317
THREAD|2|5|26538|9470|10195|binder:26538_B|0.000|0.0|0.000|0|6|6|0-7|0|1024|1024|2531|4304|2105
THREAD|2|6|10622|8513|10201|ExoPlayer:Playb|0.000|0.0|0.000|0|4|4|0-7|0|1024|1024|6463|10331|51
THREAD|2|7|10622|8509|10201|ExoPlayer:Playb|0.000|0.0|0.000|0|1|1|0-7|0|1024|1024|6331|10327|49
THREAD|2|8|26538|8364|10195|IMM.binder-emu|0.000|0.0|0.000|0|2|2|0-7|0|1024|1024|15737|23850|1039
THREAD|2|9|26538|8336|10195|Primes-Jank|0.000|0.0|0.000|0|4|4|0-7|0|1024|1024|16074|23866|1131
THREAD|2|10|16730|8119|10563|AppSearch_Index|0.000|0.0|0.000|0|3|3|0-7|0|1024|1024|13165|20704|245
WINDOW|seq=3|t_cs=16272390|wall_ms=290|threads=263|busy_threads=1|total_runtime_ms=274.131|total_runq_wait_ms=0.067|tgids=5032,10622,16730,17771,26538
THREAD|3|1|17771|17771|10999|sh|274.131|94.5|0.067|2|6|6|0-7|0|1024|1024|1|0|17
THREAD|3|2|16730|9973|10563|AppSearch_Index|0.000|0.0|0.000|0|3|3|0-7|0|1024|1024|13150|20688|240
THREAD|3|3|16730|9940|10563|AppSearch_Index|0.000|0.0|0.000|0|2|2|0-7|0|1024|1024|13115|20690|232
THREAD|3|4|26538|9612|10195|binder:26538_8|0.000|0.0|0.000|0|3|3|0-7|0|1024|1024|3404|6506|3317
THREAD|3|5|26538|9470|10195|binder:26538_B|0.000|0.0|0.000|0|6|6|0-7|0|1024|1024|2531|4304|2105
THREAD|3|6|10622|8513|10201|ExoPlayer:Playb|0.000|0.0|0.000|0|4|4|0-7|0|1024|1024|6463|10331|51
THREAD|3|7|10622|8509|10201|ExoPlayer:Playb|0.000|0.0|0.000|0|1|1|0-7|0|1024|1024|6331|10327|49
THREAD|3|8|26538|8364|10195|IMM.binder-emu|0.000|0.0|0.000|0|2|2|0-7|0|1024|1024|15737|23850|1039
THREAD|3|9|26538|8336|10195|Primes-Jank|0.000|0.0|0.000|0|4|4|0-7|0|1024|1024|16074|23866|1131
THREAD|3|10|16730|8119|10563|AppSearch_Index|0.000|0.0|0.000|0|3|3|0-7|0|1024|1024|13165|20704|245
WINDOW|seq=4|t_cs=16272412|wall_ms=220|threads=263|busy_threads=1|total_runtime_ms=238.445|total_runq_wait_ms=0.024|tgids=5032,10622,16730,17771,26538
THREAD|4|1|17771|17771|10999|sh|238.445|108.3|0.024|1|6|6|0-7|0|1024|1024|1|0|18
THREAD|4|2|16730|9973|10563|AppSearch_Index|0.000|0.0|0.000|0|3|3|0-7|0|1024|1024|13150|20688|240
THREAD|4|3|16730|9940|10563|AppSearch_Index|0.000|0.0|0.000|0|2|2|0-7|0|1024|1024|13115|20690|232
THREAD|4|4|26538|9612|10195|binder:26538_8|0.000|0.0|0.000|0|3|3|0-7|0|1024|1024|3404|6506|3317
THREAD|4|5|26538|9470|10195|binder:26538_B|0.000|0.0|0.000|0|6|6|0-7|0|1024|1024|2531|4304|2105
THREAD|4|6|10622|8513|10201|ExoPlayer:Playb|0.000|0.0|0.000|0|4|4|0-7|0|1024|1024|6463|10331|51
THREAD|4|7|10622|8509|10201|ExoPlayer:Playb|0.000|0.0|0.000|0|1|1|0-7|0|1024|1024|6331|10327|49
THREAD|4|8|26538|8364|10195|IMM.binder-emu|0.000|0.0|0.000|0|2|2|0-7|0|1024|1024|15737|23850|1039
THREAD|4|9|26538|8336|10195|Primes-Jank|0.000|0.0|0.000|0|4|4|0-7|0|1024|1024|16074|23866|1131
THREAD|4|10|16730|8119|10563|AppSearch_Index|0.000|0.0|0.000|0|3|3|0-7|0|1024|1024|13165|20704|245
WINDOW|seq=5|t_cs=16272441|wall_ms=290|threads=263|busy_threads=1|total_runtime_ms=274.219|total_runq_wait_ms=0.054|tgids=5032,10622,16730,17771,26538
THREAD|5|1|17771|17771|10999|sh|274.219|94.5|0.054|1|6|6|0-7|0|1024|1024|3|0|21
THREAD|5|2|16730|9973|10563|AppSearch_Index|0.000|0.0|0.000|0|3|3|0-7|0|1024|1024|13150|20688|240
THREAD|5|3|16730|9940|10563|AppSearch_Index|0.000|0.0|0.000|0|2|2|0-7|0|1024|1024|13115|20690|232
THREAD|5|4|26538|9612|10195|binder:26538_8|0.000|0.0|0.000|0|3|3|0-7|0|1024|1024|3404|6506|3317
THREAD|5|5|26538|9470|10195|binder:26538_B|0.000|0.0|0.000|0|6|6|0-7|0|1024|1024|2531|4304|2105
THREAD|5|6|10622|8513|10201|ExoPlayer:Playb|0.000|0.0|0.000|0|4|4|0-7|0|1024|1024|6463|10331|51
THREAD|5|7|10622|8509|10201|ExoPlayer:Playb|0.000|0.0|0.000|0|1|1|0-7|0|1024|1024|6331|10327|49
THREAD|5|8|26538|8364|10195|IMM.binder-emu|0.000|0.0|0.000|0|2|2|0-7|0|1024|1024|15737|23850|1039
THREAD|5|9|26538|8336|10195|Primes-Jank|0.000|0.0|0.000|0|4|4|0-7|0|1024|1024|16074|23866|1131
THREAD|5|10|16730|8119|10563|AppSearch_Index|0.000|0.0|0.000|0|3|3|0-7|0|1024|1024|13165|20704|245
WINDOW|seq=6|t_cs=16272462|wall_ms=210|threads=263|busy_threads=1|total_runtime_ms=218.482|total_runq_wait_ms=0.070|tgids=5032,10622,16730,17771,26538
THREAD|6|1|17771|17771|10999|sh|218.482|104.0|0.070|3|6|6|0-7|0|1024|1024|3|0|22
THREAD|6|2|16730|9973|10563|AppSearch_Index|0.000|0.0|0.000|0|3|3|0-7|0|1024|1024|13150|20688|240
THREAD|6|3|16730|9940|10563|AppSearch_Index|0.000|0.0|0.000|0|2|2|0-7|0|1024|1024|13115|20690|232
THREAD|6|4|26538|9612|10195|binder:26538_8|0.000|0.0|0.000|0|3|3|0-7|0|1024|1024|3404|6506|3317
THREAD|6|5|26538|9470|10195|binder:26538_B|0.000|0.0|0.000|0|6|6|0-7|0|1024|1024|2531|4304|2105
THREAD|6|6|10622|8513|10201|ExoPlayer:Playb|0.000|0.0|0.000|0|4|4|0-7|0|1024|1024|6463|10331|51
THREAD|6|7|10622|8509|10201|ExoPlayer:Playb|0.000|0.0|0.000|0|1|1|0-7|0|1024|1024|6331|10327|49
THREAD|6|8|26538|8364|10195|IMM.binder-emu|0.000|0.0|0.000|0|2|2|0-7|0|1024|1024|15737|23850|1039
THREAD|6|9|26538|8336|10195|Primes-Jank|0.000|0.0|0.000|0|4|4|0-7|0|1024|1024|16074|23866|1131
THREAD|6|10|16730|8119|10563|AppSearch_Index|0.000|0.0|0.000|0|3|3|0-7|0|1024|1024|13165|20704|245
WINDOW|seq=7|t_cs=16272489|wall_ms=270|threads=263|busy_threads=1|total_runtime_ms=262.145|total_runq_wait_ms=0.027|tgids=5032,10622,16730,17771,26538
THREAD|7|1|17771|17771|10999|sh|262.145|97.0|0.027|1|6|6|0-7|0|1024|1024|3|0|23
THREAD|7|2|16730|9973|10563|AppSearch_Index|0.000|0.0|0.000|0|3|3|0-7|0|1024|1024|13150|20688|240
THREAD|7|3|16730|9940|10563|AppSearch_Index|0.000|0.0|0.000|0|2|2|0-7|0|1024|1024|13115|20690|232
THREAD|7|4|26538|9612|10195|binder:26538_8|0.000|0.0|0.000|0|3|3|0-7|0|1024|1024|3404|6506|3317
THREAD|7|5|26538|9470|10195|binder:26538_B|0.000|0.0|0.000|0|6|6|0-7|0|1024|1024|2531|4304|2105
THREAD|7|6|10622|8513|10201|ExoPlayer:Playb|0.000|0.0|0.000|0|4|4|0-7|0|1024|1024|6463|10331|51
THREAD|7|7|10622|8509|10201|ExoPlayer:Playb|0.000|0.0|0.000|0|1|1|0-7|0|1024|1024|6331|10327|49
THREAD|7|8|26538|8364|10195|IMM.binder-emu|0.000|0.0|0.000|0|2|2|0-7|0|1024|1024|15737|23850|1039
THREAD|7|9|26538|8336|10195|Primes-Jank|0.000|0.0|0.000|0|4|4|0-7|0|1024|1024|16074|23866|1131
THREAD|7|10|16730|8119|10563|AppSearch_Index|0.000|0.0|0.000|0|3|3|0-7|0|1024|1024|13165|20704|245
WINDOW|seq=8|t_cs=16272516|wall_ms=270|threads=263|busy_threads=1|total_runtime_ms=266.210|total_runq_wait_ms=0.047|tgids=5032,10622,16730,17771,26538
THREAD|8|1|17771|17771|10999|sh|266.210|98.5|0.047|1|6|6|0-7|0|1024|1024|3|0|24
THREAD|8|2|16730|9973|10563|AppSearch_Index|0.000|0.0|0.000|0|3|3|0-7|0|1024|1024|13150|20688|240
THREAD|8|3|16730|9940|10563|AppSearch_Index|0.000|0.0|0.000|0|2|2|0-7|0|1024|1024|13115|20690|232
THREAD|8|4|26538|9612|10195|binder:26538_8|0.000|0.0|0.000|0|3|3|0-7|0|1024|1024|3404|6506|3317
THREAD|8|5|26538|9470|10195|binder:26538_B|0.000|0.0|0.000|0|6|6|0-7|0|1024|1024|2531|4304|2105
THREAD|8|6|10622|8513|10201|ExoPlayer:Playb|0.000|0.0|0.000|0|4|4|0-7|0|1024|1024|6463|10331|51
THREAD|8|7|10622|8509|10201|ExoPlayer:Playb|0.000|0.0|0.000|0|1|1|0-7|0|1024|1024|6331|10327|49
THREAD|8|8|26538|8364|10195|IMM.binder-emu|0.000|0.0|0.000|0|2|2|0-7|0|1024|1024|15737|23850|1039
THREAD|8|9|26538|8336|10195|Primes-Jank|0.000|0.0|0.000|0|4|4|0-7|0|1024|1024|16074|23866|1131
THREAD|8|10|16730|8119|10563|AppSearch_Index|0.000|0.0|0.000|0|3|3|0-7|0|1024|1024|13165|20704|245
WINDOW|seq=9|t_cs=16272543|wall_ms=270|threads=263|busy_threads=1|total_runtime_ms=269.900|total_runq_wait_ms=0.022|tgids=5032,10622,16730,17771,26538
THREAD|9|1|17771|17771|10999|sh|269.900|99.9|0.022|1|6|6|0-7|0|1024|1024|3|0|27
THREAD|9|2|16730|9973|10563|AppSearch_Index|0.000|0.0|0.000|0|3|3|0-7|0|1024|1024|13150|20688|240
THREAD|9|3|16730|9940|10563|AppSearch_Index|0.000|0.0|0.000|0|2|2|0-7|0|1024|1024|13115|20690|232
THREAD|9|4|26538|9612|10195|binder:26538_8|0.000|0.0|0.000|0|3|3|0-7|0|1024|1024|3404|6506|3317
THREAD|9|5|26538|9470|10195|binder:26538_B|0.000|0.0|0.000|0|6|6|0-7|0|1024|1024|2531|4304|2105
THREAD|9|6|10622|8513|10201|ExoPlayer:Playb|0.000|0.0|0.000|0|4|4|0-7|0|1024|1024|6463|10331|51
THREAD|9|7|10622|8509|10201|ExoPlayer:Playb|0.000|0.0|0.000|0|1|1|0-7|0|1024|1024|6331|10327|49
THREAD|9|8|26538|8364|10195|IMM.binder-emu|0.000|0.0|0.000|0|2|2|0-7|0|1024|1024|15737|23850|1039
THREAD|9|9|26538|8336|10195|Primes-Jank|0.000|0.0|0.000|0|4|4|0-7|0|1024|1024|16074|23866|1131
THREAD|9|10|16730|8119|10563|AppSearch_Index|0.000|0.0|0.000|0|3|3|0-7|0|1024|1024|13165|20704|245
WINDOW|seq=10|t_cs=16272568|wall_ms=250|threads=263|busy_threads=1|total_runtime_ms=254.261|total_runq_wait_ms=0.084|tgids=5032,10622,16730,17771,26538
THREAD|10|1|17771|17771|10999|sh|254.261|101.7|0.084|3|6|6|0-7|0|1024|1024|3|0|28
THREAD|10|2|16730|9973|10563|AppSearch_Index|0.000|0.0|0.000|0|3|3|0-7|0|1024|1024|13150|20688|240
THREAD|10|3|16730|9940|10563|AppSearch_Index|0.000|0.0|0.000|0|2|2|0-7|0|1024|1024|13115|20690|232
THREAD|10|4|26538|9612|10195|binder:26538_8|0.000|0.0|0.000|0|3|3|0-7|0|1024|1024|3404|6506|3317
THREAD|10|5|26538|9470|10195|binder:26538_B|0.000|0.0|0.000|0|6|6|0-7|0|1024|1024|2531|4304|2105
THREAD|10|6|10622|8513|10201|ExoPlayer:Playb|0.000|0.0|0.000|0|4|4|0-7|0|1024|1024|6463|10331|51
THREAD|10|7|10622|8509|10201|ExoPlayer:Playb|0.000|0.0|0.000|0|1|1|0-7|0|1024|1024|6331|10327|49
THREAD|10|8|26538|8364|10195|IMM.binder-emu|0.000|0.0|0.000|0|2|2|0-7|0|1024|1024|15737|23850|1039
THREAD|10|9|26538|8336|10195|Primes-Jank|0.000|0.0|0.000|0|4|4|0-7|0|1024|1024|16074|23866|1131
THREAD|10|10|16730|8119|10563|AppSearch_Index|0.000|0.0|0.000|0|3|3|0-7|0|1024|1024|13165|20704|245
WINDOW|seq=11|t_cs=16272592|wall_ms=240|threads=263|busy_threads=1|total_runtime_ms=234.640|total_runq_wait_ms=0.036|tgids=5032,10622,16730,17771,26538
THREAD|11|1|17771|17771|10999|sh|234.640|97.7|0.036|1|6|6|0-7|0|1024|1024|3|0|29
THREAD|11|2|16730|9973|10563|AppSearch_Index|0.000|0.0|0.000|0|3|3|0-7|0|1024|1024|13150|20688|240
THREAD|11|3|16730|9940|10563|AppSearch_Index|0.000|0.0|0.000|0|2|2|0-7|0|1024|1024|13115|20690|232
THREAD|11|4|26538|9612|10195|binder:26538_8|0.000|0.0|0.000|0|3|3|0-7|0|1024|1024|3404|6506|3317
THREAD|11|5|26538|9470|10195|binder:26538_B|0.000|0.0|0.000|0|6|6|0-7|0|1024|1024|2531|4304|2105
THREAD|11|6|10622|8513|10201|ExoPlayer:Playb|0.000|0.0|0.000|0|4|4|0-7|0|1024|1024|6463|10331|51
THREAD|11|7|10622|8509|10201|ExoPlayer:Playb|0.000|0.0|0.000|0|1|1|0-7|0|1024|1024|6331|10327|49
THREAD|11|8|26538|8364|10195|IMM.binder-emu|0.000|0.0|0.000|0|2|2|0-7|0|1024|1024|15737|23850|1039
THREAD|11|9|26538|8336|10195|Primes-Jank|0.000|0.0|0.000|0|4|4|0-7|0|1024|1024|16074|23866|1131
THREAD|11|10|16730|8119|10563|AppSearch_Index|0.000|0.0|0.000|0|3|3|0-7|0|1024|1024|13165|20704|245
WINDOW|seq=12|t_cs=16272618|wall_ms=260|threads=263|busy_threads=1|total_runtime_ms=258.433|total_runq_wait_ms=0.021|tgids=5032,10622,16730,17771,26538
THREAD|12|1|17771|17771|10999|sh|258.433|99.3|0.021|1|6|6|0-7|0|1024|1024|3|0|30
THREAD|12|2|16730|9973|10563|AppSearch_Index|0.000|0.0|0.000|0|3|3|0-7|0|1024|1024|13150|20688|240
THREAD|12|3|16730|9940|10563|AppSearch_Index|0.000|0.0|0.000|0|2|2|0-7|0|1024|1024|13115|20690|232
THREAD|12|4|26538|9612|10195|binder:26538_8|0.000|0.0|0.000|0|3|3|0-7|0|1024|1024|3404|6506|3317
THREAD|12|5|26538|9470|10195|binder:26538_B|0.000|0.0|0.000|0|6|6|0-7|0|1024|1024|2531|4304|2105
THREAD|12|6|10622|8513|10201|ExoPlayer:Playb|0.000|0.0|0.000|0|4|4|0-7|0|1024|1024|6463|10331|51
THREAD|12|7|10622|8509|10201|ExoPlayer:Playb|0.000|0.0|0.000|0|1|1|0-7|0|1024|1024|6331|10327|49
THREAD|12|8|26538|8364|10195|IMM.binder-emu|0.000|0.0|0.000|0|2|2|0-7|0|1024|1024|15737|23850|1039
THREAD|12|9|26538|8336|10195|Primes-Jank|0.000|0.0|0.000|0|4|4|0-7|0|1024|1024|16074|23866|1131
THREAD|12|10|16730|8119|10563|AppSearch_Index|0.000|0.0|0.000|0|3|3|0-7|0|1024|1024|13165|20704|245
WINDOW|seq=13|t_cs=16272642|wall_ms=240|threads=263|busy_threads=1|total_runtime_ms=240.753|total_runq_wait_ms=0.322|tgids=5032,10622,16730,17771,26538
THREAD|13|1|17771|17771|10999|sh|240.753|100.3|0.322|9|6|6|0-7|0|1024|1024|5|0|40
THREAD|13|2|16730|9973|10563|AppSearch_Index|0.000|0.0|0.000|0|3|3|0-7|0|1024|1024|13150|20688|240
THREAD|13|3|16730|9940|10563|AppSearch_Index|0.000|0.0|0.000|0|2|2|0-7|0|1024|1024|13115|20690|232
THREAD|13|4|26538|9612|10195|binder:26538_8|0.000|0.0|0.000|0|3|3|0-7|0|1024|1024|3404|6506|3317
THREAD|13|5|26538|9470|10195|binder:26538_B|0.000|0.0|0.000|0|6|6|0-7|0|1024|1024|2531|4304|2105
THREAD|13|6|10622|8513|10201|ExoPlayer:Playb|0.000|0.0|0.000|0|4|4|0-7|0|1024|1024|6463|10331|51
THREAD|13|7|10622|8509|10201|ExoPlayer:Playb|0.000|0.0|0.000|0|1|1|0-7|0|1024|1024|6331|10327|49
THREAD|13|8|26538|8364|10195|IMM.binder-emu|0.000|0.0|0.000|0|2|2|0-7|0|1024|1024|15737|23850|1039
THREAD|13|9|26538|8336|10195|Primes-Jank|0.000|0.0|0.000|0|4|4|0-7|0|1024|1024|16074|23866|1131
THREAD|13|10|16730|8119|10563|AppSearch_Index|0.000|0.0|0.000|0|3|3|0-7|0|1024|1024|13165|20704|245
WINDOW|seq=14|t_cs=16272672|wall_ms=300|threads=263|busy_threads=1|total_runtime_ms=281.937|total_runq_wait_ms=0.165|tgids=5032,10622,16730,17771,26538
THREAD|14|1|17771|17771|10999|sh|281.937|93.9|0.165|3|6|6|0-7|0|1024|1024|5|0|42
THREAD|14|2|16730|9973|10563|AppSearch_Index|0.000|0.0|0.000|0|3|3|0-7|0|1024|1024|13150|20688|240
THREAD|14|3|16730|9940|10563|AppSearch_Index|0.000|0.0|0.000|0|2|2|0-7|0|1024|1024|13115|20690|232
THREAD|14|4|26538|9612|10195|binder:26538_8|0.000|0.0|0.000|0|3|3|0-7|0|1024|1024|3404|6506|3317
THREAD|14|5|26538|9470|10195|binder:26538_B|0.000|0.0|0.000|0|6|6|0-7|0|1024|1024|2531|4304|2105
THREAD|14|6|10622|8513|10201|ExoPlayer:Playb|0.000|0.0|0.000|0|4|4|0-7|0|1024|1024|6463|10331|51
THREAD|14|7|10622|8509|10201|ExoPlayer:Playb|0.000|0.0|0.000|0|1|1|0-7|0|1024|1024|6331|10327|49
THREAD|14|8|26538|8364|10195|IMM.binder-emu|0.000|0.0|0.000|0|2|2|0-7|0|1024|1024|15737|23850|1039
THREAD|14|9|26538|8336|10195|Primes-Jank|0.000|0.0|0.000|0|4|4|0-7|0|1024|1024|16074|23866|1131
THREAD|14|10|16730|8119|10563|AppSearch_Index|0.000|0.0|0.000|0|3|3|0-7|0|1024|1024|13165|20704|245
WINDOW|seq=15|t_cs=16272695|wall_ms=230|threads=263|busy_threads=1|total_runtime_ms=238.305|total_runq_wait_ms=0.075|tgids=5032,10622,16730,17771,26538
THREAD|15|1|17771|17771|10999|sh|238.305|103.6|0.075|2|6|6|0-7|0|1024|1024|7|0|44
THREAD|15|2|16730|9973|10563|AppSearch_Index|0.000|0.0|0.000|0|3|3|0-7|0|1024|1024|13150|20688|240
THREAD|15|3|16730|9940|10563|AppSearch_Index|0.000|0.0|0.000|0|2|2|0-7|0|1024|1024|13115|20690|232
THREAD|15|4|26538|9612|10195|binder:26538_8|0.000|0.0|0.000|0|3|3|0-7|0|1024|1024|3404|6506|3317
THREAD|15|5|26538|9470|10195|binder:26538_B|0.000|0.0|0.000|0|6|6|0-7|0|1024|1024|2531|4304|2105
THREAD|15|6|10622|8513|10201|ExoPlayer:Playb|0.000|0.0|0.000|0|4|4|0-7|0|1024|1024|6463|10331|51
THREAD|15|7|10622|8509|10201|ExoPlayer:Playb|0.000|0.0|0.000|0|1|1|0-7|0|1024|1024|6331|10327|49
THREAD|15|8|26538|8364|10195|IMM.binder-emu|0.000|0.0|0.000|0|2|2|0-7|0|1024|1024|15737|23850|1039
THREAD|15|9|26538|8336|10195|Primes-Jank|0.000|0.0|0.000|0|4|4|0-7|0|1024|1024|16074|23866|1131
THREAD|15|10|16730|8119|10563|AppSearch_Index|0.000|0.0|0.000|0|3|3|0-7|0|1024|1024|13165|20704|245
WINDOW|seq=16|t_cs=16272723|wall_ms=280|threads=263|busy_threads=1|total_runtime_ms=266.141|total_runq_wait_ms=0.086|tgids=5032,10622,16730,17771,26538
THREAD|16|1|17771|17771|10999|sh|266.141|95.0|0.086|2|6|6|0-7|0|1024|1024|7|0|46
THREAD|16|2|16730|9973|10563|AppSearch_Index|0.000|0.0|0.000|0|3|3|0-7|0|1024|1024|13150|20688|240
THREAD|16|3|16730|9940|10563|AppSearch_Index|0.000|0.0|0.000|0|2|2|0-7|0|1024|1024|13115|20690|232
THREAD|16|4|26538|9612|10195|binder:26538_8|0.000|0.0|0.000|0|3|3|0-7|0|1024|1024|3404|6506|3317
THREAD|16|5|26538|9470|10195|binder:26538_B|0.000|0.0|0.000|0|6|6|0-7|0|1024|1024|2531|4304|2105
THREAD|16|6|10622|8513|10201|ExoPlayer:Playb|0.000|0.0|0.000|0|4|4|0-7|0|1024|1024|6463|10331|51
THREAD|16|7|10622|8509|10201|ExoPlayer:Playb|0.000|0.0|0.000|0|1|1|0-7|0|1024|1024|6331|10327|49
THREAD|16|8|26538|8364|10195|IMM.binder-emu|0.000|0.0|0.000|0|2|2|0-7|0|1024|1024|15737|23850|1039
THREAD|16|9|26538|8336|10195|Primes-Jank|0.000|0.0|0.000|0|4|4|0-7|0|1024|1024|16074|23866|1131
THREAD|16|10|16730|8119|10563|AppSearch_Index|0.000|0.0|0.000|0|3|3|0-7|0|1024|1024|13165|20704|245
WINDOW|seq=17|t_cs=16272745|wall_ms=220|threads=263|busy_threads=1|total_runtime_ms=238.429|total_runq_wait_ms=0.043|tgids=5032,10622,16730,17771,26538
THREAD|17|1|17771|17771|10999|sh|238.429|108.3|0.043|1|6|6|0-7|0|1024|1024|7|0|47
THREAD|17|2|16730|9973|10563|AppSearch_Index|0.000|0.0|0.000|0|3|3|0-7|0|1024|1024|13150|20688|240
THREAD|17|3|16730|9940|10563|AppSearch_Index|0.000|0.0|0.000|0|2|2|0-7|0|1024|1024|13115|20690|232
THREAD|17|4|26538|9612|10195|binder:26538_8|0.000|0.0|0.000|0|3|3|0-7|0|1024|1024|3404|6506|3317
THREAD|17|5|26538|9470|10195|binder:26538_B|0.000|0.0|0.000|0|6|6|0-7|0|1024|1024|2531|4304|2105
THREAD|17|6|10622|8513|10201|ExoPlayer:Playb|0.000|0.0|0.000|0|4|4|0-7|0|1024|1024|6463|10331|51
THREAD|17|7|10622|8509|10201|ExoPlayer:Playb|0.000|0.0|0.000|0|1|1|0-7|0|1024|1024|6331|10327|49
THREAD|17|8|26538|8364|10195|IMM.binder-emu|0.000|0.0|0.000|0|2|2|0-7|0|1024|1024|15737|23850|1039
THREAD|17|9|26538|8336|10195|Primes-Jank|0.000|0.0|0.000|0|4|4|0-7|0|1024|1024|16074|23866|1131
THREAD|17|10|16730|8119|10563|AppSearch_Index|0.000|0.0|0.000|0|3|3|0-7|0|1024|1024|13165|20704|245
WINDOW|seq=18|t_cs=16272773|wall_ms=280|threads=263|busy_threads=1|total_runtime_ms=266.239|total_runq_wait_ms=0.021|tgids=5032,10622,16730,17771,26538
THREAD|18|1|17771|17771|10999|sh|266.239|95.0|0.021|1|6|6|0-7|0|1024|1024|7|0|48
THREAD|18|2|16730|9973|10563|AppSearch_Index|0.000|0.0|0.000|0|3|3|0-7|0|1024|1024|13150|20688|240
THREAD|18|3|16730|9940|10563|AppSearch_Index|0.000|0.0|0.000|0|2|2|0-7|0|1024|1024|13115|20690|232
THREAD|18|4|26538|9612|10195|binder:26538_8|0.000|0.0|0.000|0|3|3|0-7|0|1024|1024|3404|6506|3317
THREAD|18|5|26538|9470|10195|binder:26538_B|0.000|0.0|0.000|0|6|6|0-7|0|1024|1024|2531|4304|2105
THREAD|18|6|10622|8513|10201|ExoPlayer:Playb|0.000|0.0|0.000|0|4|4|0-7|0|1024|1024|6463|10331|51
THREAD|18|7|10622|8509|10201|ExoPlayer:Playb|0.000|0.0|0.000|0|1|1|0-7|0|1024|1024|6331|10327|49
THREAD|18|8|26538|8364|10195|IMM.binder-emu|0.000|0.0|0.000|0|2|2|0-7|0|1024|1024|15737|23850|1039
THREAD|18|9|26538|8336|10195|Primes-Jank|0.000|0.0|0.000|0|4|4|0-7|0|1024|1024|16074|23866|1131
THREAD|18|10|16730|8119|10563|AppSearch_Index|0.000|0.0|0.000|0|3|3|0-7|0|1024|1024|13165|20704|245
WINDOW|seq=19|t_cs=16272797|wall_ms=240|threads=263|busy_threads=1|total_runtime_ms=250.166|total_runq_wait_ms=0.047|tgids=5032,10622,16730,17771,26538
THREAD|19|1|17771|17771|10999|sh|250.166|104.2|0.047|1|6|6|0-7|0|1024|1024|7|0|49
THREAD|19|2|16730|9973|10563|AppSearch_Index|0.000|0.0|0.000|0|3|3|0-7|0|1024|1024|13150|20688|240
THREAD|19|3|16730|9940|10563|AppSearch_Index|0.000|0.0|0.000|0|2|2|0-7|0|1024|1024|13115|20690|232
THREAD|19|4|26538|9612|10195|binder:26538_8|0.000|0.0|0.000|0|3|3|0-7|0|1024|1024|3404|6506|3317
THREAD|19|5|26538|9470|10195|binder:26538_B|0.000|0.0|0.000|0|6|6|0-7|0|1024|1024|2531|4304|2105
THREAD|19|6|10622|8513|10201|ExoPlayer:Playb|0.000|0.0|0.000|0|4|4|0-7|0|1024|1024|6463|10331|51
THREAD|19|7|10622|8509|10201|ExoPlayer:Playb|0.000|0.0|0.000|0|1|1|0-7|0|1024|1024|6331|10327|49
THREAD|19|8|26538|8364|10195|IMM.binder-emu|0.000|0.0|0.000|0|2|2|0-7|0|1024|1024|15737|23850|1039
THREAD|19|9|26538|8336|10195|Primes-Jank|0.000|0.0|0.000|0|4|4|0-7|0|1024|1024|16074|23866|1131
THREAD|19|10|16730|8119|10563|AppSearch_Index|0.000|0.0|0.000|0|3|3|0-7|0|1024|1024|13165|20704|245
WINDOW|seq=20|t_cs=16272825|wall_ms=280|threads=263|busy_threads=1|total_runtime_ms=266.086|total_runq_wait_ms=0.072|tgids=5032,10622,16730,17771,26538
THREAD|20|1|17771|17771|10999|sh|266.086|95.0|0.072|2|6|6|0-7|0|1024|1024|7|0|51
THREAD|20|2|16730|9973|10563|AppSearch_Index|0.000|0.0|0.000|0|3|3|0-7|0|1024|1024|13150|20688|240
THREAD|20|3|16730|9940|10563|AppSearch_Index|0.000|0.0|0.000|0|2|2|0-7|0|1024|1024|13115|20690|232
THREAD|20|4|26538|9612|10195|binder:26538_8|0.000|0.0|0.000|0|3|3|0-7|0|1024|1024|3404|6506|3317
THREAD|20|5|26538|9470|10195|binder:26538_B|0.000|0.0|0.000|0|6|6|0-7|0|1024|1024|2531|4304|2105
THREAD|20|6|10622|8513|10201|ExoPlayer:Playb|0.000|0.0|0.000|0|4|4|0-7|0|1024|1024|6463|10331|51
THREAD|20|7|10622|8509|10201|ExoPlayer:Playb|0.000|0.0|0.000|0|1|1|0-7|0|1024|1024|6331|10327|49
THREAD|20|8|26538|8364|10195|IMM.binder-emu|0.000|0.0|0.000|0|2|2|0-7|0|1024|1024|15737|23850|1039
THREAD|20|9|26538|8336|10195|Primes-Jank|0.000|0.0|0.000|0|4|4|0-7|0|1024|1024|16074|23866|1131
THREAD|20|10|16730|8119|10563|AppSearch_Index|0.000|0.0|0.000|0|3|3|0-7|0|1024|1024|13165|20704|245
WINDOW|seq=21|t_cs=16272849|wall_ms=240|threads=263|busy_threads=1|total_runtime_ms=242.292|total_runq_wait_ms=0.023|tgids=5032,10622,16730,17771,26538
THREAD|21|1|17771|17771|10999|sh|242.292|100.9|0.023|1|6|6|0-7|0|1024|1024|7|0|52
THREAD|21|2|16730|9973|10563|AppSearch_Index|0.000|0.0|0.000|0|3|3|0-7|0|1024|1024|13150|20688|240
THREAD|21|3|16730|9940|10563|AppSearch_Index|0.000|0.0|0.000|0|2|2|0-7|0|1024|1024|13115|20690|232
THREAD|21|4|26538|9612|10195|binder:26538_8|0.000|0.0|0.000|0|3|3|0-7|0|1024|1024|3404|6506|3317
THREAD|21|5|26538|9470|10195|binder:26538_B|0.000|0.0|0.000|0|6|6|0-7|0|1024|1024|2531|4304|2105
THREAD|21|6|10622|8513|10201|ExoPlayer:Playb|0.000|0.0|0.000|0|4|4|0-7|0|1024|1024|6463|10331|51
THREAD|21|7|10622|8509|10201|ExoPlayer:Playb|0.000|0.0|0.000|0|1|1|0-7|0|1024|1024|6331|10327|49
THREAD|21|8|26538|8364|10195|IMM.binder-emu|0.000|0.0|0.000|0|2|2|0-7|0|1024|1024|15737|23850|1039
THREAD|21|9|26538|8336|10195|Primes-Jank|0.000|0.0|0.000|0|4|4|0-7|0|1024|1024|16074|23866|1131
THREAD|21|10|16730|8119|10563|AppSearch_Index|0.000|0.0|0.000|0|3|3|0-7|0|1024|1024|13165|20704|245
WINDOW|seq=22|t_cs=16272876|wall_ms=270|threads=263|busy_threads=1|total_runtime_ms=266.115|total_runq_wait_ms=0.042|tgids=5032,10622,16730,17771,26538
THREAD|22|1|17771|17771|10999|sh|266.115|98.5|0.042|1|6|6|0-7|0|1024|1024|7|0|53
THREAD|22|2|16730|9973|10563|AppSearch_Index|0.000|0.0|0.000|0|3|3|0-7|0|1024|1024|13150|20688|240
THREAD|22|3|16730|9940|10563|AppSearch_Index|0.000|0.0|0.000|0|2|2|0-7|0|1024|1024|13115|20690|232
THREAD|22|4|26538|9612|10195|binder:26538_8|0.000|0.0|0.000|0|3|3|0-7|0|1024|1024|3404|6506|3317
THREAD|22|5|26538|9470|10195|binder:26538_B|0.000|0.0|0.000|0|6|6|0-7|0|1024|1024|2531|4304|2105
THREAD|22|6|10622|8513|10201|ExoPlayer:Playb|0.000|0.0|0.000|0|4|4|0-7|0|1024|1024|6463|10331|51
THREAD|22|7|10622|8509|10201|ExoPlayer:Playb|0.000|0.0|0.000|0|1|1|0-7|0|1024|1024|6331|10327|49
THREAD|22|8|26538|8364|10195|IMM.binder-emu|0.000|0.0|0.000|0|2|2|0-7|0|1024|1024|15737|23850|1039
THREAD|22|9|26538|8336|10195|Primes-Jank|0.000|0.0|0.000|0|4|4|0-7|0|1024|1024|16074|23866|1131
THREAD|22|10|16730|8119|10563|AppSearch_Index|0.000|0.0|0.000|0|3|3|0-7|0|1024|1024|13165|20704|245
WINDOW|seq=23|t_cs=16272900|wall_ms=240|threads=263|busy_threads=1|total_runtime_ms=242.192|total_runq_wait_ms=0.022|tgids=5032,10622,16730,17771,26538
THREAD|23|1|17771|17771|10999|sh|242.192|100.9|0.022|1|6|6|0-7|0|1024|1024|7|0|54
THREAD|23|2|16730|9973|10563|AppSearch_Index|0.000|0.0|0.000|0|3|3|0-7|0|1024|1024|13150|20688|240
THREAD|23|3|16730|9940|10563|AppSearch_Index|0.000|0.0|0.000|0|2|2|0-7|0|1024|1024|13115|20690|232
THREAD|23|4|26538|9612|10195|binder:26538_8|0.000|0.0|0.000|0|3|3|0-7|0|1024|1024|3404|6506|3317
THREAD|23|5|26538|9470|10195|binder:26538_B|0.000|0.0|0.000|0|6|6|0-7|0|1024|1024|2531|4304|2105
THREAD|23|6|10622|8513|10201|ExoPlayer:Playb|0.000|0.0|0.000|0|4|4|0-7|0|1024|1024|6463|10331|51
THREAD|23|7|10622|8509|10201|ExoPlayer:Playb|0.000|0.0|0.000|0|1|1|0-7|0|1024|1024|6331|10327|49
THREAD|23|8|26538|8364|10195|IMM.binder-emu|0.000|0.0|0.000|0|2|2|0-7|0|1024|1024|15737|23850|1039
THREAD|23|9|26538|8336|10195|Primes-Jank|0.000|0.0|0.000|0|4|4|0-7|0|1024|1024|16074|23866|1131
THREAD|23|10|16730|8119|10563|AppSearch_Index|0.000|0.0|0.000|0|3|3|0-7|0|1024|1024|13165|20704|245
WINDOW|seq=24|t_cs=16272928|wall_ms=280|threads=263|busy_threads=3|total_runtime_ms=273.098|total_runq_wait_ms=3.962|tgids=5032,10622,16730,17771,26538
THREAD|24|1|17771|17771|10999|sh|272.860|97.4|1.324|5|6|6|0-7|0|1024|1024|7|0|59
THREAD|24|2|26538|27521|10195|CronetInit|0.127|0.0|1.854|2|1|1|0-7|0|1024|1024|20837|33212|2602
THREAD|24|3|26538|26585|10195|binder:26538_3|0.110|0.0|0.783|2|5|5|0-7|0|1024|1024|6658|10107|3533
THREAD|24|4|16730|9973|10563|AppSearch_Index|0.000|0.0|0.000|0|3|3|0-7|0|1024|1024|13150|20688|240
THREAD|24|5|16730|9940|10563|AppSearch_Index|0.000|0.0|0.000|0|2|2|0-7|0|1024|1024|13115|20690|232
THREAD|24|6|26538|9612|10195|binder:26538_8|0.000|0.0|0.000|0|3|3|0-7|0|1024|1024|3404|6506|3317
THREAD|24|7|26538|9470|10195|binder:26538_B|0.000|0.0|0.000|0|6|6|0-7|0|1024|1024|2531|4304|2105
THREAD|24|8|10622|8513|10201|ExoPlayer:Playb|0.000|0.0|0.000|0|4|4|0-7|0|1024|1024|6463|10331|51
THREAD|24|9|10622|8509|10201|ExoPlayer:Playb|0.000|0.0|0.000|0|1|1|0-7|0|1024|1024|6331|10327|49
THREAD|24|10|26538|8364|10195|IMM.binder-emu|0.000|0.0|0.000|0|2|2|0-7|0|1024|1024|15737|23850|1039
WINDOW|seq=25|t_cs=16272955|wall_ms=270|threads=263|busy_threads=1|total_runtime_ms=266.100|total_runq_wait_ms=0.111|tgids=5032,10622,16730,17771,26538
THREAD|25|1|17771|17771|10999|sh|266.100|98.5|0.111|5|6|6|0-7|0|1024|1024|7|0|64
THREAD|25|2|16730|9973|10563|AppSearch_Index|0.000|0.0|0.000|0|3|3|0-7|0|1024|1024|13150|20688|240
THREAD|25|3|16730|9940|10563|AppSearch_Index|0.000|0.0|0.000|0|2|2|0-7|0|1024|1024|13115|20690|232
THREAD|25|4|26538|9612|10195|binder:26538_8|0.000|0.0|0.000|0|3|3|0-7|0|1024|1024|3404|6506|3317
THREAD|25|5|26538|9470|10195|binder:26538_B|0.000|0.0|0.000|0|6|6|0-7|0|1024|1024|2531|4304|2105
THREAD|25|6|10622|8513|10201|ExoPlayer:Playb|0.000|0.0|0.000|0|4|4|0-7|0|1024|1024|6463|10331|51
THREAD|25|7|10622|8509|10201|ExoPlayer:Playb|0.000|0.0|0.000|0|1|1|0-7|0|1024|1024|6331|10327|49
THREAD|25|8|26538|8364|10195|IMM.binder-emu|0.000|0.0|0.000|0|2|2|0-7|0|1024|1024|15737|23850|1039
THREAD|25|9|26538|8336|10195|Primes-Jank|0.000|0.0|0.000|0|4|4|0-7|0|1024|1024|16074|23866|1131
THREAD|25|10|16730|8119|10563|AppSearch_Index|0.000|0.0|0.000|0|3|3|0-7|0|1024|1024|13165|20704|245
WINDOW|seq=26|t_cs=16272981|wall_ms=260|threads=263|busy_threads=1|total_runtime_ms=258.204|total_runq_wait_ms=0.046|tgids=5032,10622,16730,17771,26538
THREAD|26|1|17771|17771|10999|sh|258.204|99.3|0.046|1|6|6|0-7|0|1024|1024|7|0|65
THREAD|26|2|16730|9973|10563|AppSearch_Index|0.000|0.0|0.000|0|3|3|0-7|0|1024|1024|13150|20688|240
THREAD|26|3|16730|9940|10563|AppSearch_Index|0.000|0.0|0.000|0|2|2|0-7|0|1024|1024|13115|20690|232
THREAD|26|4|26538|9612|10195|binder:26538_8|0.000|0.0|0.000|0|3|3|0-7|0|1024|1024|3404|6506|3317
THREAD|26|5|26538|9470|10195|binder:26538_B|0.000|0.0|0.000|0|6|6|0-7|0|1024|1024|2531|4304|2105
THREAD|26|6|10622|8513|10201|ExoPlayer:Playb|0.000|0.0|0.000|0|4|4|0-7|0|1024|1024|6463|10331|51
THREAD|26|7|10622|8509|10201|ExoPlayer:Playb|0.000|0.0|0.000|0|1|1|0-7|0|1024|1024|6331|10327|49
THREAD|26|8|26538|8364|10195|IMM.binder-emu|0.000|0.0|0.000|0|2|2|0-7|0|1024|1024|15737|23850|1039
THREAD|26|9|26538|8336|10195|Primes-Jank|0.000|0.0|0.000|0|4|4|0-7|0|1024|1024|16074|23866|1131
THREAD|26|10|16730|8119|10563|AppSearch_Index|0.000|0.0|0.000|0|3|3|0-7|0|1024|1024|13165|20704|245
WINDOW|seq=27|t_cs=16273005|wall_ms=240|threads=263|busy_threads=1|total_runtime_ms=242.301|total_runq_wait_ms=0.000|tgids=5032,10622,16730,17771,26538
THREAD|27|1|17771|17771|10999|sh|242.301|100.9|0.000|0|6|6|0-7|0|1024|1024|7|0|65
THREAD|27|2|16730|9973|10563|AppSearch_Index|0.000|0.0|0.000|0|3|3|0-7|0|1024|1024|13150|20688|240
THREAD|27|3|16730|9940|10563|AppSearch_Index|0.000|0.0|0.000|0|2|2|0-7|0|1024|1024|13115|20690|232
THREAD|27|4|26538|9612|10195|binder:26538_8|0.000|0.0|0.000|0|3|3|0-7|0|1024|1024|3404|6506|3317
THREAD|27|5|26538|9470|10195|binder:26538_B|0.000|0.0|0.000|0|6|6|0-7|0|1024|1024|2531|4304|2105
THREAD|27|6|10622|8513|10201|ExoPlayer:Playb|0.000|0.0|0.000|0|4|4|0-7|0|1024|1024|6463|10331|51
THREAD|27|7|10622|8509|10201|ExoPlayer:Playb|0.000|0.0|0.000|0|1|1|0-7|0|1024|1024|6331|10327|49
THREAD|27|8|26538|8364|10195|IMM.binder-emu|0.000|0.0|0.000|0|2|2|0-7|0|1024|1024|15737|23850|1039
THREAD|27|9|26538|8336|10195|Primes-Jank|0.000|0.0|0.000|0|4|4|0-7|0|1024|1024|16074|23866|1131
THREAD|27|10|16730|8119|10563|AppSearch_Index|0.000|0.0|0.000|0|3|3|0-7|0|1024|1024|13165|20704|245
WINDOW|seq=28|t_cs=16273030|wall_ms=250|threads=263|busy_threads=1|total_runtime_ms=250.337|total_runq_wait_ms=0.000|tgids=5032,10622,16730,17771,26538
THREAD|28|1|17771|17771|10999|sh|250.337|100.1|0.000|0|6|6|0-7|0|1024|1024|7|0|66
THREAD|28|2|16730|9973|10563|AppSearch_Index|0.000|0.0|0.000|0|3|3|0-7|0|1024|1024|13150|20688|240
THREAD|28|3|16730|9940|10563|AppSearch_Index|0.000|0.0|0.000|0|2|2|0-7|0|1024|1024|13115|20690|232
THREAD|28|4|26538|9612|10195|binder:26538_8|0.000|0.0|0.000|0|3|3|0-7|0|1024|1024|3404|6506|3317
THREAD|28|5|26538|9470|10195|binder:26538_B|0.000|0.0|0.000|0|6|6|0-7|0|1024|1024|2531|4304|2105
THREAD|28|6|10622|8513|10201|ExoPlayer:Playb|0.000|0.0|0.000|0|4|4|0-7|0|1024|1024|6463|10331|51
THREAD|28|7|10622|8509|10201|ExoPlayer:Playb|0.000|0.0|0.000|0|1|1|0-7|0|1024|1024|6331|10327|49
THREAD|28|8|26538|8364|10195|IMM.binder-emu|0.000|0.0|0.000|0|2|2|0-7|0|1024|1024|15737|23850|1039
THREAD|28|9|26538|8336|10195|Primes-Jank|0.000|0.0|0.000|0|4|4|0-7|0|1024|1024|16074|23866|1131
THREAD|28|10|16730|8119|10563|AppSearch_Index|0.000|0.0|0.000|0|3|3|0-7|0|1024|1024|13165|20704|245
WINDOW|seq=29|t_cs=16273057|wall_ms=270|threads=263|busy_threads=1|total_runtime_ms=266.132|total_runq_wait_ms=0.106|tgids=5032,10622,16730,17771,26538
THREAD|29|1|17771|17771|10999|sh|266.132|98.5|0.106|4|6|6|0-7|0|1024|1024|7|0|69
THREAD|29|2|16730|9973|10563|AppSearch_Index|0.000|0.0|0.000|0|3|3|0-7|0|1024|1024|13150|20688|240
THREAD|29|3|16730|9940|10563|AppSearch_Index|0.000|0.0|0.000|0|2|2|0-7|0|1024|1024|13115|20690|232
THREAD|29|4|26538|9612|10195|binder:26538_8|0.000|0.0|0.000|0|3|3|0-7|0|1024|1024|3404|6506|3317
THREAD|29|5|26538|9470|10195|binder:26538_B|0.000|0.0|0.000|0|6|6|0-7|0|1024|1024|2531|4304|2105
THREAD|29|6|10622|8513|10201|ExoPlayer:Playb|0.000|0.0|0.000|0|4|4|0-7|0|1024|1024|6463|10331|51
THREAD|29|7|10622|8509|10201|ExoPlayer:Playb|0.000|0.0|0.000|0|1|1|0-7|0|1024|1024|6331|10327|49
THREAD|29|8|26538|8364|10195|IMM.binder-emu|0.000|0.0|0.000|0|2|2|0-7|0|1024|1024|15737|23850|1039
THREAD|29|9|26538|8336|10195|Primes-Jank|0.000|0.0|0.000|0|4|4|0-7|0|1024|1024|16074|23866|1131
THREAD|29|10|16730|8119|10563|AppSearch_Index|0.000|0.0|0.000|0|3|3|0-7|0|1024|1024|13165|20704|245
WINDOW|seq=30|t_cs=16273084|wall_ms=270|threads=263|busy_threads=1|total_runtime_ms=266.059|total_runq_wait_ms=0.041|tgids=5032,10622,16730,17771,26538
THREAD|30|1|17771|17771|10999|sh|266.059|98.5|0.041|1|6|6|0-7|0|1024|1024|7|0|71
THREAD|30|2|16730|9973|10563|AppSearch_Index|0.000|0.0|0.000|0|3|3|0-7|0|1024|1024|13150|20688|240
THREAD|30|3|16730|9940|10563|AppSearch_Index|0.000|0.0|0.000|0|2|2|0-7|0|1024|1024|13115|20690|232
THREAD|30|4|26538|9612|10195|binder:26538_8|0.000|0.0|0.000|0|3|3|0-7|0|1024|1024|3404|6506|3317
THREAD|30|5|26538|9470|10195|binder:26538_B|0.000|0.0|0.000|0|6|6|0-7|0|1024|1024|2531|4304|2105
THREAD|30|6|10622|8513|10201|ExoPlayer:Playb|0.000|0.0|0.000|0|4|4|0-7|0|1024|1024|6463|10331|51
THREAD|30|7|10622|8509|10201|ExoPlayer:Playb|0.000|0.0|0.000|0|1|1|0-7|0|1024|1024|6331|10327|49
THREAD|30|8|26538|8364|10195|IMM.binder-emu|0.000|0.0|0.000|0|2|2|0-7|0|1024|1024|15737|23850|1039
THREAD|30|9|26538|8336|10195|Primes-Jank|0.000|0.0|0.000|0|4|4|0-7|0|1024|1024|16074|23866|1131
THREAD|30|10|16730|8119|10563|AppSearch_Index|0.000|0.0|0.000|0|3|3|0-7|0|1024|1024|13165|20704|245
WINDOW|seq=31|t_cs=16273111|wall_ms=270|threads=263|busy_threads=1|total_runtime_ms=261.686|total_runq_wait_ms=0.365|tgids=5032,10622,16730,17771,26538
THREAD|31|1|17771|17771|10999|sh|261.686|96.9|0.365|5|6|5|0-7|0|1024|1024|9|0|76
THREAD|31|2|16730|9973|10563|AppSearch_Index|0.000|0.0|0.000|0|3|3|0-7|0|1024|1024|13150|20688|240
THREAD|31|3|16730|9940|10563|AppSearch_Index|0.000|0.0|0.000|0|2|2|0-7|0|1024|1024|13115|20690|232
THREAD|31|4|26538|9612|10195|binder:26538_8|0.000|0.0|0.000|0|3|3|0-7|0|1024|1024|3404|6506|3317
THREAD|31|5|26538|9470|10195|binder:26538_B|0.000|0.0|0.000|0|6|6|0-7|0|1024|1024|2531|4304|2105
THREAD|31|6|10622|8513|10201|ExoPlayer:Playb|0.000|0.0|0.000|0|4|4|0-7|0|1024|1024|6463|10331|51
THREAD|31|7|10622|8509|10201|ExoPlayer:Playb|0.000|0.0|0.000|0|1|1|0-7|0|1024|1024|6331|10327|49
THREAD|31|8|26538|8364|10195|IMM.binder-emu|0.000|0.0|0.000|0|2|2|0-7|0|1024|1024|15737|23850|1039
THREAD|31|9|26538|8336|10195|Primes-Jank|0.000|0.0|0.000|0|4|4|0-7|0|1024|1024|16074|23866|1131
THREAD|31|10|16730|8119|10563|AppSearch_Index|0.000|0.0|0.000|0|3|3|0-7|0|1024|1024|13165|20704|245
WINDOW|seq=32|t_cs=16273136|wall_ms=250|threads=263|busy_threads=1|total_runtime_ms=249.942|total_runq_wait_ms=0.135|tgids=5032,10622,16730,17771,26538
THREAD|32|1|17771|17771|10999|sh|249.942|99.9|0.135|3|5|7|0-7|0|1024|1024|9|0|78
THREAD|32|2|16730|9973|10563|AppSearch_Index|0.000|0.0|0.000|0|3|3|0-7|0|1024|1024|13150|20688|240
THREAD|32|3|16730|9940|10563|AppSearch_Index|0.000|0.0|0.000|0|2|2|0-7|0|1024|1024|13115|20690|232
THREAD|32|4|26538|9612|10195|binder:26538_8|0.000|0.0|0.000|0|3|3|0-7|0|1024|1024|3404|6506|3317
THREAD|32|5|26538|9470|10195|binder:26538_B|0.000|0.0|0.000|0|6|6|0-7|0|1024|1024|2531|4304|2105
THREAD|32|6|10622|8513|10201|ExoPlayer:Playb|0.000|0.0|0.000|0|4|4|0-7|0|1024|1024|6463|10331|51
THREAD|32|7|10622|8509|10201|ExoPlayer:Playb|0.000|0.0|0.000|0|1|1|0-7|0|1024|1024|6331|10327|49
THREAD|32|8|26538|8364|10195|IMM.binder-emu|0.000|0.0|0.000|0|2|2|0-7|0|1024|1024|15737|23850|1039
THREAD|32|9|26538|8336|10195|Primes-Jank|0.000|0.0|0.000|0|4|4|0-7|0|1024|1024|16074|23866|1131
THREAD|32|10|16730|8119|10563|AppSearch_Index|0.000|0.0|0.000|0|3|3|0-7|0|1024|1024|13165|20704|245
WINDOW|seq=33|t_cs=16273160|wall_ms=240|threads=263|busy_threads=1|total_runtime_ms=250.480|total_runq_wait_ms=0.059|tgids=5032,10622,16730,17771,26538
THREAD|33|1|17771|17771|10999|sh|250.480|104.3|0.059|2|7|7|0-7|0|1024|1024|9|0|80
THREAD|33|2|16730|9973|10563|AppSearch_Index|0.000|0.0|0.000|0|3|3|0-7|0|1024|1024|13150|20688|240
THREAD|33|3|16730|9940|10563|AppSearch_Index|0.000|0.0|0.000|0|2|2|0-7|0|1024|1024|13115|20690|232
THREAD|33|4|26538|9612|10195|binder:26538_8|0.000|0.0|0.000|0|3|3|0-7|0|1024|1024|3404|6506|3317
THREAD|33|5|26538|9470|10195|binder:26538_B|0.000|0.0|0.000|0|6|6|0-7|0|1024|1024|2531|4304|2105
THREAD|33|6|10622|8513|10201|ExoPlayer:Playb|0.000|0.0|0.000|0|4|4|0-7|0|1024|1024|6463|10331|51
THREAD|33|7|10622|8509|10201|ExoPlayer:Playb|0.000|0.0|0.000|0|1|1|0-7|0|1024|1024|6331|10327|49
THREAD|33|8|26538|8364|10195|IMM.binder-emu|0.000|0.0|0.000|0|2|2|0-7|0|1024|1024|15737|23850|1039
THREAD|33|9|26538|8336|10195|Primes-Jank|0.000|0.0|0.000|0|4|4|0-7|0|1024|1024|16074|23866|1131
THREAD|33|10|16730|8119|10563|AppSearch_Index|0.000|0.0|0.000|0|3|3|0-7|0|1024|1024|13165|20704|245
WINDOW|seq=34|t_cs=16273188|wall_ms=280|threads=263|busy_threads=1|total_runtime_ms=262.210|total_runq_wait_ms=0.017|tgids=5032,10622,16730,17771,26538
THREAD|34|1|17771|17771|10999|sh|262.210|93.6|0.017|1|7|7|0-7|0|1024|1024|9|0|81
THREAD|34|2|16730|9973|10563|AppSearch_Index|0.000|0.0|0.000|0|3|3|0-7|0|1024|1024|13150|20688|240
THREAD|34|3|16730|9940|10563|AppSearch_Index|0.000|0.0|0.000|0|2|2|0-7|0|1024|1024|13115|20690|232
THREAD|34|4|26538|9612|10195|binder:26538_8|0.000|0.0|0.000|0|3|3|0-7|0|1024|1024|3404|6506|3317
THREAD|34|5|26538|9470|10195|binder:26538_B|0.000|0.0|0.000|0|6|6|0-7|0|1024|1024|2531|4304|2105
THREAD|34|6|10622|8513|10201|ExoPlayer:Playb|0.000|0.0|0.000|0|4|4|0-7|0|1024|1024|6463|10331|51
THREAD|34|7|10622|8509|10201|ExoPlayer:Playb|0.000|0.0|0.000|0|1|1|0-7|0|1024|1024|6331|10327|49
THREAD|34|8|26538|8364|10195|IMM.binder-emu|0.000|0.0|0.000|0|2|2|0-7|0|1024|1024|15737|23850|1039
THREAD|34|9|26538|8336|10195|Primes-Jank|0.000|0.0|0.000|0|4|4|0-7|0|1024|1024|16074|23866|1131
THREAD|34|10|16730|8119|10563|AppSearch_Index|0.000|0.0|0.000|0|3|3|0-7|0|1024|1024|13165|20704|245
WINDOW|seq=35|t_cs=16273212|wall_ms=240|threads=263|busy_threads=1|total_runtime_ms=250.247|total_runq_wait_ms=0.000|tgids=5032,10622,16730,17771,26538
THREAD|35|1|17771|17771|10999|sh|250.247|104.2|0.000|0|7|7|0-7|0|1024|1024|9|0|81
THREAD|35|2|16730|9973|10563|AppSearch_Index|0.000|0.0|0.000|0|3|3|0-7|0|1024|1024|13150|20688|240
THREAD|35|3|16730|9940|10563|AppSearch_Index|0.000|0.0|0.000|0|2|2|0-7|0|1024|1024|13115|20690|232
THREAD|35|4|26538|9612|10195|binder:26538_8|0.000|0.0|0.000|0|3|3|0-7|0|1024|1024|3404|6506|3317
THREAD|35|5|26538|9470|10195|binder:26538_B|0.000|0.0|0.000|0|6|6|0-7|0|1024|1024|2531|4304|2105
THREAD|35|6|10622|8513|10201|ExoPlayer:Playb|0.000|0.0|0.000|0|4|4|0-7|0|1024|1024|6463|10331|51
THREAD|35|7|10622|8509|10201|ExoPlayer:Playb|0.000|0.0|0.000|0|1|1|0-7|0|1024|1024|6331|10327|49
THREAD|35|8|26538|8364|10195|IMM.binder-emu|0.000|0.0|0.000|0|2|2|0-7|0|1024|1024|15737|23850|1039
THREAD|35|9|26538|8336|10195|Primes-Jank|0.000|0.0|0.000|0|4|4|0-7|0|1024|1024|16074|23866|1131
THREAD|35|10|16730|8119|10563|AppSearch_Index|0.000|0.0|0.000|0|3|3|0-7|0|1024|1024|13165|20704|245
WINDOW|seq=36|t_cs=16273238|wall_ms=260|threads=263|busy_threads=1|total_runtime_ms=250.183|total_runq_wait_ms=0.133|tgids=5032,10622,16730,17771,26538
THREAD|36|1|17771|17771|10999|sh|250.183|96.2|0.133|3|7|7|0-7|0|1024|1024|9|0|84
THREAD|36|2|16730|9973|10563|AppSearch_Index|0.000|0.0|0.000|0|3|3|0-7|0|1024|1024|13150|20688|240
THREAD|36|3|16730|9940|10563|AppSearch_Index|0.000|0.0|0.000|0|2|2|0-7|0|1024|1024|13115|20690|232
THREAD|36|4|26538|9612|10195|binder:26538_8|0.000|0.0|0.000|0|3|3|0-7|0|1024|1024|3404|6506|3317
THREAD|36|5|26538|9470|10195|binder:26538_B|0.000|0.0|0.000|0|6|6|0-7|0|1024|1024|2531|4304|2105
THREAD|36|6|10622|8513|10201|ExoPlayer:Playb|0.000|0.0|0.000|0|4|4|0-7|0|1024|1024|6463|10331|51
THREAD|36|7|10622|8509|10201|ExoPlayer:Playb|0.000|0.0|0.000|0|1|1|0-7|0|1024|1024|6331|10327|49
THREAD|36|8|26538|8364|10195|IMM.binder-emu|0.000|0.0|0.000|0|2|2|0-7|0|1024|1024|15737|23850|1039
THREAD|36|9|26538|8336|10195|Primes-Jank|0.000|0.0|0.000|0|4|4|0-7|0|1024|1024|16074|23866|1131
THREAD|36|10|16730|8119|10563|AppSearch_Index|0.000|0.0|0.000|0|3|3|0-7|0|1024|1024|13165|20704|245
WINDOW|seq=37|t_cs=16273264|wall_ms=260|threads=263|busy_threads=1|total_runtime_ms=258.325|total_runq_wait_ms=0.020|tgids=5032,10622,16730,17771,26538
THREAD|37|1|17771|17771|10999|sh|258.325|99.3|0.020|1|7|7|0-7|0|1024|1024|9|0|85
THREAD|37|2|16730|9973|10563|AppSearch_Index|0.000|0.0|0.000|0|3|3|0-7|0|1024|1024|13150|20688|240
THREAD|37|3|16730|9940|10563|AppSearch_Index|0.000|0.0|0.000|0|2|2|0-7|0|1024|1024|13115|20690|232
THREAD|37|4|26538|9612|10195|binder:26538_8|0.000|0.0|0.000|0|3|3|0-7|0|1024|1024|3404|6506|3317
THREAD|37|5|26538|9470|10195|binder:26538_B|0.000|0.0|0.000|0|6|6|0-7|0|1024|1024|2531|4304|2105
THREAD|37|6|10622|8513|10201|ExoPlayer:Playb|0.000|0.0|0.000|0|4|4|0-7|0|1024|1024|6463|10331|51
THREAD|37|7|10622|8509|10201|ExoPlayer:Playb|0.000|0.0|0.000|0|1|1|0-7|0|1024|1024|6331|10327|49
THREAD|37|8|26538|8364|10195|IMM.binder-emu|0.000|0.0|0.000|0|2|2|0-7|0|1024|1024|15737|23850|1039
THREAD|37|9|26538|8336|10195|Primes-Jank|0.000|0.0|0.000|0|4|4|0-7|0|1024|1024|16074|23866|1131
THREAD|37|10|16730|8119|10563|AppSearch_Index|0.000|0.0|0.000|0|3|3|0-7|0|1024|1024|13165|20704|245
WINDOW|seq=38|t_cs=16273287|wall_ms=230|threads=263|busy_threads=1|total_runtime_ms=242.310|total_runq_wait_ms=0.000|tgids=5032,10622,16730,17771,26538
THREAD|38|1|17771|17771|10999|sh|242.310|105.3|0.000|0|7|7|0-7|0|1024|1024|9|0|85
THREAD|38|2|16730|9973|10563|AppSearch_Index|0.000|0.0|0.000|0|3|3|0-7|0|1024|1024|13150|20688|240
THREAD|38|3|16730|9940|10563|AppSearch_Index|0.000|0.0|0.000|0|2|2|0-7|0|1024|1024|13115|20690|232
THREAD|38|4|26538|9612|10195|binder:26538_8|0.000|0.0|0.000|0|3|3|0-7|0|1024|1024|3404|6506|3317
THREAD|38|5|26538|9470|10195|binder:26538_B|0.000|0.0|0.000|0|6|6|0-7|0|1024|1024|2531|4304|2105
THREAD|38|6|10622|8513|10201|ExoPlayer:Playb|0.000|0.0|0.000|0|4|4|0-7|0|1024|1024|6463|10331|51
THREAD|38|7|10622|8509|10201|ExoPlayer:Playb|0.000|0.0|0.000|0|1|1|0-7|0|1024|1024|6331|10327|49
THREAD|38|8|26538|8364|10195|IMM.binder-emu|0.000|0.0|0.000|0|2|2|0-7|0|1024|1024|15737|23850|1039
THREAD|38|9|26538|8336|10195|Primes-Jank|0.000|0.0|0.000|0|4|4|0-7|0|1024|1024|16074|23866|1131
THREAD|38|10|16730|8119|10563|AppSearch_Index|0.000|0.0|0.000|0|3|3|0-7|0|1024|1024|13165|20704|245
WINDOW|seq=39|t_cs=16273316|wall_ms=290|threads=263|busy_threads=1|total_runtime_ms=274.277|total_runq_wait_ms=0.020|tgids=5032,10622,16730,17771,26538
THREAD|39|1|17771|17771|10999|sh|274.277|94.5|0.020|1|7|7|0-7|0|1024|1024|9|0|87
THREAD|39|2|16730|9973|10563|AppSearch_Index|0.000|0.0|0.000|0|3|3|0-7|0|1024|1024|13150|20688|240
THREAD|39|3|16730|9940|10563|AppSearch_Index|0.000|0.0|0.000|0|2|2|0-7|0|1024|1024|13115|20690|232
THREAD|39|4|26538|9612|10195|binder:26538_8|0.000|0.0|0.000|0|3|3|0-7|0|1024|1024|3404|6506|3317
THREAD|39|5|26538|9470|10195|binder:26538_B|0.000|0.0|0.000|0|6|6|0-7|0|1024|1024|2531|4304|2105
THREAD|39|6|10622|8513|10201|ExoPlayer:Playb|0.000|0.0|0.000|0|4|4|0-7|0|1024|1024|6463|10331|51
THREAD|39|7|10622|8509|10201|ExoPlayer:Playb|0.000|0.0|0.000|0|1|1|0-7|0|1024|1024|6331|10327|49
THREAD|39|8|26538|8364|10195|IMM.binder-emu|0.000|0.0|0.000|0|2|2|0-7|0|1024|1024|15737|23850|1039
THREAD|39|9|26538|8336|10195|Primes-Jank|0.000|0.0|0.000|0|4|4|0-7|0|1024|1024|16074|23866|1131
THREAD|39|10|16730|8119|10563|AppSearch_Index|0.000|0.0|0.000|0|3|3|0-7|0|1024|1024|13165|20704|245
WINDOW|seq=40|t_cs=16273341|wall_ms=250|threads=263|busy_threads=1|total_runtime_ms=258.136|total_runq_wait_ms=0.077|tgids=5032,10622,16730,17771,26538
THREAD|40|1|17771|17771|10999|sh|258.136|103.2|0.077|2|7|7|0-7|0|1024|1024|9|0|89
THREAD|40|2|16730|9973|10563|AppSearch_Index|0.000|0.0|0.000|0|3|3|0-7|0|1024|1024|13150|20688|240
THREAD|40|3|16730|9940|10563|AppSearch_Index|0.000|0.0|0.000|0|2|2|0-7|0|1024|1024|13115|20690|232
THREAD|40|4|26538|9612|10195|binder:26538_8|0.000|0.0|0.000|0|3|3|0-7|0|1024|1024|3404|6506|3317
THREAD|40|5|26538|9470|10195|binder:26538_B|0.000|0.0|0.000|0|6|6|0-7|0|1024|1024|2531|4304|2105
THREAD|40|6|10622|8513|10201|ExoPlayer:Playb|0.000|0.0|0.000|0|4|4|0-7|0|1024|1024|6463|10331|51
THREAD|40|7|10622|8509|10201|ExoPlayer:Playb|0.000|0.0|0.000|0|1|1|0-7|0|1024|1024|6331|10327|49
THREAD|40|8|26538|8364|10195|IMM.binder-emu|0.000|0.0|0.000|0|2|2|0-7|0|1024|1024|15737|23850|1039
THREAD|40|9|26538|8336|10195|Primes-Jank|0.000|0.0|0.000|0|4|4|0-7|0|1024|1024|16074|23866|1131
THREAD|40|10|16730|8119|10563|AppSearch_Index|0.000|0.0|0.000|0|3|3|0-7|0|1024|1024|13165|20704|245
WINDOW|seq=41|t_cs=16273369|wall_ms=280|threads=263|busy_threads=1|total_runtime_ms=266.173|total_runq_wait_ms=0.077|tgids=5032,10622,16730,17771,26538
THREAD|41|1|17771|17771|10999|sh|266.173|95.0|0.077|2|7|7|0-7|0|1024|1024|9|0|90
THREAD|41|2|16730|9973|10563|AppSearch_Index|0.000|0.0|0.000|0|3|3|0-7|0|1024|1024|13150|20688|240
THREAD|41|3|16730|9940|10563|AppSearch_Index|0.000|0.0|0.000|0|2|2|0-7|0|1024|1024|13115|20690|232
THREAD|41|4|26538|9612|10195|binder:26538_8|0.000|0.0|0.000|0|3|3|0-7|0|1024|1024|3404|6506|3317
THREAD|41|5|26538|9470|10195|binder:26538_B|0.000|0.0|0.000|0|6|6|0-7|0|1024|1024|2531|4304|2105
THREAD|41|6|10622|8513|10201|ExoPlayer:Playb|0.000|0.0|0.000|0|4|4|0-7|0|1024|1024|6463|10331|51
THREAD|41|7|10622|8509|10201|ExoPlayer:Playb|0.000|0.0|0.000|0|1|1|0-7|0|1024|1024|6331|10327|49
THREAD|41|8|26538|8364|10195|IMM.binder-emu|0.000|0.0|0.000|0|2|2|0-7|0|1024|1024|15737|23850|1039
THREAD|41|9|26538|8336|10195|Primes-Jank|0.000|0.0|0.000|0|4|4|0-7|0|1024|1024|16074|23866|1131
THREAD|41|10|16730|8119|10563|AppSearch_Index|0.000|0.0|0.000|0|3|3|0-7|0|1024|1024|13165|20704|245
WINDOW|seq=42|t_cs=16273392|wall_ms=230|threads=263|busy_threads=1|total_runtime_ms=246.574|total_runq_wait_ms=0.000|tgids=5032,10622,16730,17771,26538
THREAD|42|1|17771|17771|10999|sh|246.574|107.2|0.000|0|7|7|0-7|0|1024|1024|9|0|90
THREAD|42|2|16730|9973|10563|AppSearch_Index|0.000|0.0|0.000|0|3|3|0-7|0|1024|1024|13150|20688|240
THREAD|42|3|16730|9940|10563|AppSearch_Index|0.000|0.0|0.000|0|2|2|0-7|0|1024|1024|13115|20690|232
THREAD|42|4|26538|9612|10195|binder:26538_8|0.000|0.0|0.000|0|3|3|0-7|0|1024|1024|3404|6506|3317
THREAD|42|5|26538|9470|10195|binder:26538_B|0.000|0.0|0.000|0|6|6|0-7|0|1024|1024|2531|4304|2105
THREAD|42|6|10622|8513|10201|ExoPlayer:Playb|0.000|0.0|0.000|0|4|4|0-7|0|1024|1024|6463|10331|51
THREAD|42|7|10622|8509|10201|ExoPlayer:Playb|0.000|0.0|0.000|0|1|1|0-7|0|1024|1024|6331|10327|49
THREAD|42|8|26538|8364|10195|IMM.binder-emu|0.000|0.0|0.000|0|2|2|0-7|0|1024|1024|15737|23850|1039
THREAD|42|9|26538|8336|10195|Primes-Jank|0.000|0.0|0.000|0|4|4|0-7|0|1024|1024|16074|23866|1131
THREAD|42|10|16730|8119|10563|AppSearch_Index|0.000|0.0|0.000|0|3|3|0-7|0|1024|1024|13165|20704|245
WINDOW|seq=43|t_cs=16273420|wall_ms=280|threads=263|busy_threads=1|total_runtime_ms=266.292|total_runq_wait_ms=0.024|tgids=5032,10622,16730,17771,26538
THREAD|43|1|17771|17771|10999|sh|266.292|95.1|0.024|1|7|7|0-7|0|1024|1024|9|0|91
THREAD|43|2|16730|9973|10563|AppSearch_Index|0.000|0.0|0.000|0|3|3|0-7|0|1024|1024|13150|20688|240
THREAD|43|3|16730|9940|10563|AppSearch_Index|0.000|0.0|0.000|0|2|2|0-7|0|1024|1024|13115|20690|232
THREAD|43|4|26538|9612|10195|binder:26538_8|0.000|0.0|0.000|0|3|3|0-7|0|1024|1024|3404|6506|3317
THREAD|43|5|26538|9470|10195|binder:26538_B|0.000|0.0|0.000|0|6|6|0-7|0|1024|1024|2531|4304|2105
THREAD|43|6|10622|8513|10201|ExoPlayer:Playb|0.000|0.0|0.000|0|4|4|0-7|0|1024|1024|6463|10331|51
THREAD|43|7|10622|8509|10201|ExoPlayer:Playb|0.000|0.0|0.000|0|1|1|0-7|0|1024|1024|6331|10327|49
THREAD|43|8|26538|8364|10195|IMM.binder-emu|0.000|0.0|0.000|0|2|2|0-7|0|1024|1024|15737|23850|1039
THREAD|43|9|26538|8336|10195|Primes-Jank|0.000|0.0|0.000|0|4|4|0-7|0|1024|1024|16074|23866|1131
THREAD|43|10|16730|8119|10563|AppSearch_Index|0.000|0.0|0.000|0|3|3|0-7|0|1024|1024|13165|20704|245
WINDOW|seq=44|t_cs=16273444|wall_ms=240|threads=263|busy_threads=1|total_runtime_ms=246.419|total_runq_wait_ms=0.067|tgids=5032,10622,16730,17771,26538
THREAD|44|1|17771|17771|10999|sh|246.419|102.6|0.067|2|7|7|0-7|0|1024|1024|9|0|93
THREAD|44|2|16730|9973|10563|AppSearch_Index|0.000|0.0|0.000|0|3|3|0-7|0|1024|1024|13150|20688|240
THREAD|44|3|16730|9940|10563|AppSearch_Index|0.000|0.0|0.000|0|2|2|0-7|0|1024|1024|13115|20690|232
THREAD|44|4|26538|9612|10195|binder:26538_8|0.000|0.0|0.000|0|3|3|0-7|0|1024|1024|3404|6506|3317
THREAD|44|5|26538|9470|10195|binder:26538_B|0.000|0.0|0.000|0|6|6|0-7|0|1024|1024|2531|4304|2105
THREAD|44|6|10622|8513|10201|ExoPlayer:Playb|0.000|0.0|0.000|0|4|4|0-7|0|1024|1024|6463|10331|51
THREAD|44|7|10622|8509|10201|ExoPlayer:Playb|0.000|0.0|0.000|0|1|1|0-7|0|1024|1024|6331|10327|49
THREAD|44|8|26538|8364|10195|IMM.binder-emu|0.000|0.0|0.000|0|2|2|0-7|0|1024|1024|15737|23850|1039
THREAD|44|9|26538|8336|10195|Primes-Jank|0.000|0.0|0.000|0|4|4|0-7|0|1024|1024|16074|23866|1131
THREAD|44|10|16730|8119|10563|AppSearch_Index|0.000|0.0|0.000|0|3|3|0-7|0|1024|1024|13165|20704|245
WINDOW|seq=45|t_cs=16273471|wall_ms=270|threads=263|busy_threads=1|total_runtime_ms=258.376|total_runq_wait_ms=0.126|tgids=5032,10622,16730,17771,26538
THREAD|45|1|17771|17771|10999|sh|258.376|95.6|0.126|3|7|7|0-7|0|1024|1024|9|0|96
THREAD|45|2|16730|9973|10563|AppSearch_Index|0.000|0.0|0.000|0|3|3|0-7|0|1024|1024|13150|20688|240
THREAD|45|3|16730|9940|10563|AppSearch_Index|0.000|0.0|0.000|0|2|2|0-7|0|1024|1024|13115|20690|232
THREAD|45|4|26538|9612|10195|binder:26538_8|0.000|0.0|0.000|0|3|3|0-7|0|1024|1024|3404|6506|3317
THREAD|45|5|26538|9470|10195|binder:26538_B|0.000|0.0|0.000|0|6|6|0-7|0|1024|1024|2531|4304|2105
THREAD|45|6|10622|8513|10201|ExoPlayer:Playb|0.000|0.0|0.000|0|4|4|0-7|0|1024|1024|6463|10331|51
THREAD|45|7|10622|8509|10201|ExoPlayer:Playb|0.000|0.0|0.000|0|1|1|0-7|0|1024|1024|6331|10327|49
THREAD|45|8|26538|8364|10195|IMM.binder-emu|0.000|0.0|0.000|0|2|2|0-7|0|1024|1024|15737|23850|1039
THREAD|45|9|26538|8336|10195|Primes-Jank|0.000|0.0|0.000|0|4|4|0-7|0|1024|1024|16074|23866|1131
THREAD|45|10|16730|8119|10563|AppSearch_Index|0.000|0.0|0.000|0|3|3|0-7|0|1024|1024|13165|20704|245
WINDOW|seq=46|t_cs=16273496|wall_ms=250|threads=263|busy_threads=1|total_runtime_ms=250.376|total_runq_wait_ms=0.024|tgids=5032,10622,16730,17771,26538
THREAD|46|1|17771|17771|10999|sh|250.376|100.1|0.024|1|7|7|0-7|0|1024|1024|9|0|97
THREAD|46|2|16730|9973|10563|AppSearch_Index|0.000|0.0|0.000|0|3|3|0-7|0|1024|1024|13150|20688|240
THREAD|46|3|16730|9940|10563|AppSearch_Index|0.000|0.0|0.000|0|2|2|0-7|0|1024|1024|13115|20690|232
THREAD|46|4|26538|9612|10195|binder:26538_8|0.000|0.0|0.000|0|3|3|0-7|0|1024|1024|3404|6506|3317
THREAD|46|5|26538|9470|10195|binder:26538_B|0.000|0.0|0.000|0|6|6|0-7|0|1024|1024|2531|4304|2105
THREAD|46|6|10622|8513|10201|ExoPlayer:Playb|0.000|0.0|0.000|0|4|4|0-7|0|1024|1024|6463|10331|51
THREAD|46|7|10622|8509|10201|ExoPlayer:Playb|0.000|0.0|0.000|0|1|1|0-7|0|1024|1024|6331|10327|49
THREAD|46|8|26538|8364|10195|IMM.binder-emu|0.000|0.0|0.000|0|2|2|0-7|0|1024|1024|15737|23850|1039
THREAD|46|9|26538|8336|10195|Primes-Jank|0.000|0.0|0.000|0|4|4|0-7|0|1024|1024|16074|23866|1131
THREAD|46|10|16730|8119|10563|AppSearch_Index|0.000|0.0|0.000|0|3|3|0-7|0|1024|1024|13165|20704|245
WINDOW|seq=47|t_cs=16273523|wall_ms=270|threads=263|busy_threads=4|total_runtime_ms=266.522|total_runq_wait_ms=0.108|tgids=5032,10622,16730,17771,26538
THREAD|47|1|17771|17771|10999|sh|266.316|98.6|0.039|1|7|7|0-7|0|1024|1024|9|0|98
THREAD|47|2|26538|26585|10195|binder:26538_3|0.093|0.0|0.000|1|5|0|0-7|0|1024|1024|6659|10108|3533
THREAD|47|3|26538|27521|10195|CronetInit|0.091|0.0|0.000|1|1|1|0-7|0|1024|1024|20837|33213|2602
THREAD|47|4|26538|26587|10195|binder:26538_4|0.022|0.0|0.069|1|0|0|0-7|0|1024|1024|8528|13820|4830
THREAD|47|5|16730|9973|10563|AppSearch_Index|0.000|0.0|0.000|0|3|3|0-7|0|1024|1024|13150|20688|240
THREAD|47|6|16730|9940|10563|AppSearch_Index|0.000|0.0|0.000|0|2|2|0-7|0|1024|1024|13115|20690|232
THREAD|47|7|26538|9612|10195|binder:26538_8|0.000|0.0|0.000|0|3|3|0-7|0|1024|1024|3404|6506|3317
THREAD|47|8|26538|9470|10195|binder:26538_B|0.000|0.0|0.000|0|6|6|0-7|0|1024|1024|2531|4304|2105
THREAD|47|9|10622|8513|10201|ExoPlayer:Playb|0.000|0.0|0.000|0|4|4|0-7|0|1024|1024|6463|10331|51
THREAD|47|10|10622|8509|10201|ExoPlayer:Playb|0.000|0.0|0.000|0|1|1|0-7|0|1024|1024|6331|10327|49
WINDOW|seq=48|t_cs=16273551|wall_ms=280|threads=263|busy_threads=1|total_runtime_ms=266.030|total_runq_wait_ms=0.096|tgids=5032,10622,16730,17771,26538
THREAD|48|1|17771|17771|10999|sh|266.030|95.0|0.096|3|7|6|0-7|0|346|346|10|0|101
THREAD|48|2|16730|9973|10563|AppSearch_Index|0.000|0.0|0.000|0|3|3|0-7|0|1024|1024|13150|20688|240
THREAD|48|3|16730|9940|10563|AppSearch_Index|0.000|0.0|0.000|0|2|2|0-7|0|1024|1024|13115|20690|232
THREAD|48|4|26538|9612|10195|binder:26538_8|0.000|0.0|0.000|0|3|3|0-7|0|1024|1024|3404|6506|3317
THREAD|48|5|26538|9470|10195|binder:26538_B|0.000|0.0|0.000|0|6|6|0-7|0|1024|1024|2531|4304|2105
THREAD|48|6|10622|8513|10201|ExoPlayer:Playb|0.000|0.0|0.000|0|4|4|0-7|0|1024|1024|6463|10331|51
THREAD|48|7|10622|8509|10201|ExoPlayer:Playb|0.000|0.0|0.000|0|1|1|0-7|0|1024|1024|6331|10327|49
THREAD|48|8|26538|8364|10195|IMM.binder-emu|0.000|0.0|0.000|0|2|2|0-7|0|1024|1024|15737|23850|1039
THREAD|48|9|26538|8336|10195|Primes-Jank|0.000|0.0|0.000|0|4|4|0-7|0|1024|1024|16074|23866|1131
THREAD|48|10|16730|8119|10563|AppSearch_Index|0.000|0.0|0.000|0|3|3|0-7|0|1024|1024|13165|20704|245
WINDOW|seq=49|t_cs=16273572|wall_ms=210|threads=263|busy_threads=1|total_runtime_ms=226.337|total_runq_wait_ms=0.000|tgids=5032,10622,16730,17771,26538
THREAD|49|1|17771|17771|10999|sh|226.337|107.7|0.000|0|6|6|0-7|0|346|346|10|0|102
THREAD|49|2|16730|9973|10563|AppSearch_Index|0.000|0.0|0.000|0|3|3|0-7|0|1024|1024|13150|20688|240
THREAD|49|3|16730|9940|10563|AppSearch_Index|0.000|0.0|0.000|0|2|2|0-7|0|1024|1024|13115|20690|232
THREAD|49|4|26538|9612|10195|binder:26538_8|0.000|0.0|0.000|0|3|3|0-7|0|1024|1024|3404|6506|3317
THREAD|49|5|26538|9470|10195|binder:26538_B|0.000|0.0|0.000|0|6|6|0-7|0|1024|1024|2531|4304|2105
THREAD|49|6|10622|8513|10201|ExoPlayer:Playb|0.000|0.0|0.000|0|4|4|0-7|0|1024|1024|6463|10331|51
THREAD|49|7|10622|8509|10201|ExoPlayer:Playb|0.000|0.0|0.000|0|1|1|0-7|0|1024|1024|6331|10327|49
THREAD|49|8|26538|8364|10195|IMM.binder-emu|0.000|0.0|0.000|0|2|2|0-7|0|1024|1024|15737|23850|1039
THREAD|49|9|26538|8336|10195|Primes-Jank|0.000|0.0|0.000|0|4|4|0-7|0|1024|1024|16074|23866|1131
THREAD|49|10|16730|8119|10563|AppSearch_Index|0.000|0.0|0.000|0|3|3|0-7|0|1024|1024|13165|20704|245
WINDOW|seq=50|t_cs=16273597|wall_ms=250|threads=263|busy_threads=1|total_runtime_ms=252.596|total_runq_wait_ms=0.540|tgids=5032,10622,16730,17771,26538
THREAD|50|1|17771|17771|10999|sh|252.596|101.0|0.540|11|6|0|0-7|0|346|346|12|0|112
THREAD|50|2|16730|9973|10563|AppSearch_Index|0.000|0.0|0.000|0|3|3|0-7|0|1024|1024|13150|20688|240
THREAD|50|3|16730|9940|10563|AppSearch_Index|0.000|0.0|0.000|0|2|2|0-7|0|1024|1024|13115|20690|232
THREAD|50|4|26538|9612|10195|binder:26538_8|0.000|0.0|0.000|0|3|3|0-7|0|1024|1024|3404|6506|3317
THREAD|50|5|26538|9470|10195|binder:26538_B|0.000|0.0|0.000|0|6|6|0-7|0|1024|1024|2531|4304|2105
THREAD|50|6|10622|8513|10201|ExoPlayer:Playb|0.000|0.0|0.000|0|4|4|0-7|0|1024|1024|6463|10331|51
THREAD|50|7|10622|8509|10201|ExoPlayer:Playb|0.000|0.0|0.000|0|1|1|0-7|0|1024|1024|6331|10327|49
THREAD|50|8|26538|8364|10195|IMM.binder-emu|0.000|0.0|0.000|0|2|2|0-7|0|1024|1024|15737|23850|1039
THREAD|50|9|26538|8336|10195|Primes-Jank|0.000|0.0|0.000|0|4|4|0-7|0|1024|1024|16074|23866|1131
THREAD|50|10|16730|8119|10563|AppSearch_Index|0.000|0.0|0.000|0|3|3|0-7|0|1024|1024|13165|20704|245
WINDOW|seq=51|t_cs=16273620|wall_ms=230|threads=263|busy_threads=1|total_runtime_ms=230.414|total_runq_wait_ms=0.167|tgids=5032,10622,16730,17771,26538
THREAD|51|1|17771|17771|10999|sh|230.414|100.1|0.167|7|0|1|0-7|0|346|346|17|0|119
THREAD|51|2|16730|9973|10563|AppSearch_Index|0.000|0.0|0.000|0|3|3|0-7|0|1024|1024|13150|20688|240
THREAD|51|3|16730|9940|10563|AppSearch_Index|0.000|0.0|0.000|0|2|2|0-7|0|1024|1024|13115|20690|232
THREAD|51|4|26538|9612|10195|binder:26538_8|0.000|0.0|0.000|0|3|3|0-7|0|1024|1024|3404|6506|3317
THREAD|51|5|26538|9470|10195|binder:26538_B|0.000|0.0|0.000|0|6|6|0-7|0|1024|1024|2531|4304|2105
THREAD|51|6|10622|8513|10201|ExoPlayer:Playb|0.000|0.0|0.000|0|4|4|0-7|0|1024|1024|6463|10331|51
THREAD|51|7|10622|8509|10201|ExoPlayer:Playb|0.000|0.0|0.000|0|1|1|0-7|0|1024|1024|6331|10327|49
THREAD|51|8|26538|8364|10195|IMM.binder-emu|0.000|0.0|0.000|0|2|2|0-7|0|1024|1024|15737|23850|1039
THREAD|51|9|26538|8336|10195|Primes-Jank|0.000|0.0|0.000|0|4|4|0-7|0|1024|1024|16074|23866|1131
THREAD|51|10|16730|8119|10563|AppSearch_Index|0.000|0.0|0.000|0|3|3|0-7|0|1024|1024|13165|20704|245
WINDOW|seq=52|t_cs=16273646|wall_ms=260|threads=263|busy_threads=1|total_runtime_ms=257.854|total_runq_wait_ms=0.078|tgids=5032,10622,16730,17771,26538
THREAD|52|1|17771|17771|10999|sh|257.854|99.1|0.078|4|1|4|0-7|0|346|346|18|0|123
THREAD|52|2|16730|9973|10563|AppSearch_Index|0.000|0.0|0.000|0|3|3|0-7|0|1024|1024|13150|20688|240
THREAD|52|3|16730|9940|10563|AppSearch_Index|0.000|0.0|0.000|0|2|2|0-7|0|1024|1024|13115|20690|232
THREAD|52|4|26538|9612|10195|binder:26538_8|0.000|0.0|0.000|0|3|3|0-7|0|1024|1024|3404|6506|3317
THREAD|52|5|26538|9470|10195|binder:26538_B|0.000|0.0|0.000|0|6|6|0-7|0|1024|1024|2531|4304|2105
THREAD|52|6|10622|8513|10201|ExoPlayer:Playb|0.000|0.0|0.000|0|4|4|0-7|0|1024|1024|6463|10331|51
THREAD|52|7|10622|8509|10201|ExoPlayer:Playb|0.000|0.0|0.000|0|1|1|0-7|0|1024|1024|6331|10327|49
THREAD|52|8|26538|8364|10195|IMM.binder-emu|0.000|0.0|0.000|0|2|2|0-7|0|1024|1024|15737|23850|1039
THREAD|52|9|26538|8336|10195|Primes-Jank|0.000|0.0|0.000|0|4|4|0-7|0|1024|1024|16074|23866|1131
THREAD|52|10|16730|8119|10563|AppSearch_Index|0.000|0.0|0.000|0|3|3|0-7|0|1024|1024|13165|20704|245
WINDOW|seq=53|t_cs=16273671|wall_ms=250|threads=263|busy_threads=1|total_runtime_ms=252.608|total_runq_wait_ms=0.288|tgids=5032,10622,16730,17771,26538
THREAD|53|1|17771|17771|10999|sh|252.608|101.0|0.288|9|4|5|0-7|0|346|346|29|0|136
THREAD|53|2|16730|9973|10563|AppSearch_Index|0.000|0.0|0.000|0|3|3|0-7|0|1024|1024|13150|20688|240
THREAD|53|3|16730|9940|10563|AppSearch_Index|0.000|0.0|0.000|0|2|2|0-7|0|1024|1024|13115|20690|232
THREAD|53|4|26538|9612|10195|binder:26538_8|0.000|0.0|0.000|0|3|3|0-7|0|1024|1024|3404|6506|3317
THREAD|53|5|26538|9470|10195|binder:26538_B|0.000|0.0|0.000|0|6|6|0-7|0|1024|1024|2531|4304|2105
THREAD|53|6|10622|8513|10201|ExoPlayer:Playb|0.000|0.0|0.000|0|4|4|0-7|0|1024|1024|6463|10331|51
THREAD|53|7|10622|8509|10201|ExoPlayer:Playb|0.000|0.0|0.000|0|1|1|0-7|0|1024|1024|6331|10327|49
THREAD|53|8|26538|8364|10195|IMM.binder-emu|0.000|0.0|0.000|0|2|2|0-7|0|1024|1024|15737|23850|1039
THREAD|53|9|26538|8336|10195|Primes-Jank|0.000|0.0|0.000|0|4|4|0-7|0|1024|1024|16074|23866|1131
THREAD|53|10|16730|8119|10563|AppSearch_Index|0.000|0.0|0.000|0|3|3|0-7|0|1024|1024|13165|20704|245
WINDOW|seq=54|t_cs=16273697|wall_ms=260|threads=263|busy_threads=1|total_runtime_ms=256.577|total_runq_wait_ms=0.750|tgids=5032,10622,16730,17771,26538
THREAD|54|1|17771|17771|10999|sh|256.577|98.6|0.750|11|5|5|0-7|0|346|346|35|0|144
THREAD|54|2|16730|9973|10563|AppSearch_Index|0.000|0.0|0.000|0|3|3|0-7|0|1024|1024|13150|20688|240
THREAD|54|3|16730|9940|10563|AppSearch_Index|0.000|0.0|0.000|0|2|2|0-7|0|1024|1024|13115|20690|232
THREAD|54|4|26538|9612|10195|binder:26538_8|0.000|0.0|0.000|0|3|3|0-7|0|1024|1024|3404|6506|3317
THREAD|54|5|26538|9470|10195|binder:26538_B|0.000|0.0|0.000|0|6|6|0-7|0|1024|1024|2531|4304|2105
THREAD|54|6|10622|8513|10201|ExoPlayer:Playb|0.000|0.0|0.000|0|4|4|0-7|0|1024|1024|6463|10331|51
THREAD|54|7|10622|8509|10201|ExoPlayer:Playb|0.000|0.0|0.000|0|1|1|0-7|0|1024|1024|6331|10327|49
THREAD|54|8|26538|8364|10195|IMM.binder-emu|0.000|0.0|0.000|0|2|2|0-7|0|1024|1024|15737|23850|1039
THREAD|54|9|26538|8336|10195|Primes-Jank|0.000|0.0|0.000|0|4|4|0-7|0|1024|1024|16074|23866|1131
THREAD|54|10|16730|8119|10563|AppSearch_Index|0.000|0.0|0.000|0|3|3|0-7|0|1024|1024|13165|20704|245
WINDOW|seq=55|t_cs=16273724|wall_ms=270|threads=263|busy_threads=6|total_runtime_ms=267.683|total_runq_wait_ms=0.265|tgids=5032,10622,16730,17771,26538
THREAD|55|1|17771|17771|10999|sh|267.523|99.0|0.265|14|5|5|0-7|0|346|346|47|0|159
THREAD|55|2|5032|26579|10117|DefaultDispatch|0.105|0.0|0.000|1|0|5|0-7|0|1024|1024|652|1640|102
THREAD|55|3|5032|23771|10117|DefaultDispatch|0.023|0.0|0.000|1|5|4|0-7|0|1024|1024|561|1572|141
THREAD|55|4|5032|7262|10117|DefaultDispatch|0.016|0.0|0.000|1|0|5|0-7|0|1024|1024|509|1397|93
THREAD|55|5|5032|23759|10117|DefaultDispatch|0.013|0.0|0.000|1|0|5|0-7|0|1024|1024|765|1995|195
THREAD|55|6|5032|23758|10117|DefaultDispatch|0.001|0.0|0.000|1|5|5|0-7|0|1024|1024|719|1745|155
THREAD|55|7|16730|9973|10563|AppSearch_Index|0.000|0.0|0.000|0|3|3|0-7|0|1024|1024|13150|20688|240
THREAD|55|8|16730|9940|10563|AppSearch_Index|0.000|0.0|0.000|0|2|2|0-7|0|1024|1024|13115|20690|232
THREAD|55|9|26538|9612|10195|binder:26538_8|0.000|0.0|0.000|0|3|3|0-7|0|1024|1024|3404|6506|3317
THREAD|55|10|26538|9470|10195|binder:26538_B|0.000|0.0|0.000|0|6|6|0-7|0|1024|1024|2531|4304|2105
WINDOW|seq=56|t_cs=16273750|wall_ms=260|threads=263|busy_threads=1|total_runtime_ms=252.315|total_runq_wait_ms=0.414|tgids=5032,10622,16730,17771,26538
THREAD|56|1|17771|17771|10999|sh|252.315|97.0|0.414|12|5|5|0-7|0|346|346|50|0|169
THREAD|56|2|16730|9973|10563|AppSearch_Index|0.000|0.0|0.000|0|3|3|0-7|0|1024|1024|13150|20688|240
THREAD|56|3|16730|9940|10563|AppSearch_Index|0.000|0.0|0.000|0|2|2|0-7|0|1024|1024|13115|20690|232
THREAD|56|4|26538|9612|10195|binder:26538_8|0.000|0.0|0.000|0|3|3|0-7|0|1024|1024|3404|6506|3317
THREAD|56|5|26538|9470|10195|binder:26538_B|0.000|0.0|0.000|0|6|6|0-7|0|1024|1024|2531|4304|2105
THREAD|56|6|10622|8513|10201|ExoPlayer:Playb|0.000|0.0|0.000|0|4|4|0-7|0|1024|1024|6463|10331|51
THREAD|56|7|10622|8509|10201|ExoPlayer:Playb|0.000|0.0|0.000|0|1|1|0-7|0|1024|1024|6331|10327|49
THREAD|56|8|26538|8364|10195|IMM.binder-emu|0.000|0.0|0.000|0|2|2|0-7|0|1024|1024|15737|23850|1039
THREAD|56|9|26538|8336|10195|Primes-Jank|0.000|0.0|0.000|0|4|4|0-7|0|1024|1024|16074|23866|1131
THREAD|56|10|16730|8119|10563|AppSearch_Index|0.000|0.0|0.000|0|3|3|0-7|0|1024|1024|13165|20704|245
WINDOW|seq=57|t_cs=16273775|wall_ms=250|threads=263|busy_threads=1|total_runtime_ms=249.736|total_runq_wait_ms=0.034|tgids=5032,10622,16730,17771,26538
THREAD|57|1|17771|17771|10999|sh|249.736|99.8|0.034|4|5|5|0-7|0|346|346|57|0|174
THREAD|57|2|16730|9973|10563|AppSearch_Index|0.000|0.0|0.000|0|3|3|0-7|0|1024|1024|13150|20688|240
THREAD|57|3|16730|9940|10563|AppSearch_Index|0.000|0.0|0.000|0|2|2|0-7|0|1024|1024|13115|20690|232
THREAD|57|4|26538|9612|10195|binder:26538_8|0.000|0.0|0.000|0|3|3|0-7|0|1024|1024|3404|6506|3317
THREAD|57|5|26538|9470|10195|binder:26538_B|0.000|0.0|0.000|0|6|6|0-7|0|1024|1024|2531|4304|2105
THREAD|57|6|10622|8513|10201|ExoPlayer:Playb|0.000|0.0|0.000|0|4|4|0-7|0|1024|1024|6463|10331|51
THREAD|57|7|10622|8509|10201|ExoPlayer:Playb|0.000|0.0|0.000|0|1|1|0-7|0|1024|1024|6331|10327|49
THREAD|57|8|26538|8364|10195|IMM.binder-emu|0.000|0.0|0.000|0|2|2|0-7|0|1024|1024|15737|23850|1039
THREAD|57|9|26538|8336|10195|Primes-Jank|0.000|0.0|0.000|0|4|4|0-7|0|1024|1024|16074|23866|1131
THREAD|57|10|16730|8119|10563|AppSearch_Index|0.000|0.0|0.000|0|3|3|0-7|0|1024|1024|13165|20704|245
WINDOW|seq=58|t_cs=16273799|wall_ms=240|threads=263|busy_threads=1|total_runtime_ms=237.116|total_runq_wait_ms=0.665|tgids=5032,10622,16730,17771,26538
THREAD|58|1|17771|17771|10999|sh|237.116|98.7|0.665|25|5|4|0-7|0|346|346|62|0|201
THREAD|58|2|16730|9973|10563|AppSearch_Index|0.000|0.0|0.000|0|3|3|0-7|0|1024|1024|13150|20688|240
THREAD|58|3|16730|9940|10563|AppSearch_Index|0.000|0.0|0.000|0|2|2|0-7|0|1024|1024|13115|20690|232
THREAD|58|4|26538|9612|10195|binder:26538_8|0.000|0.0|0.000|0|3|3|0-7|0|1024|1024|3404|6506|3317
THREAD|58|5|26538|9470|10195|binder:26538_B|0.000|0.0|0.000|0|6|6|0-7|0|1024|1024|2531|4304|2105
THREAD|58|6|10622|8513|10201|ExoPlayer:Playb|0.000|0.0|0.000|0|4|4|0-7|0|1024|1024|6463|10331|51
THREAD|58|7|10622|8509|10201|ExoPlayer:Playb|0.000|0.0|0.000|0|1|1|0-7|0|1024|1024|6331|10327|49
THREAD|58|8|26538|8364|10195|IMM.binder-emu|0.000|0.0|0.000|0|2|2|0-7|0|1024|1024|15737|23850|1039
THREAD|58|9|26538|8336|10195|Primes-Jank|0.000|0.0|0.000|0|4|4|0-7|0|1024|1024|16074|23866|1131
THREAD|58|10|16730|8119|10563|AppSearch_Index|0.000|0.0|0.000|0|3|3|0-7|0|1024|1024|13165|20704|245
WINDOW|seq=59|t_cs=16273825|wall_ms=260|threads=263|busy_threads=4|total_runtime_ms=250.712|total_runq_wait_ms=2.638|tgids=5032,10622,16730,17771,26538
THREAD|59|1|17771|17771|10999|sh|250.501|96.3|2.569|39|4|2|0-7|0|346|346|71|0|237
THREAD|59|2|26538|26587|10195|binder:26538_4|0.097|0.0|0.000|1|0|0|0-7|0|1024|1024|8528|13821|4830
THREAD|59|3|26538|27521|10195|CronetInit|0.089|0.0|0.000|1|1|1|0-7|0|1024|1024|20837|33214|2602
THREAD|59|4|26538|26585|10195|binder:26538_3|0.023|0.0|0.069|1|0|0|0-7|0|1024|1024|6659|10109|3533
THREAD|59|5|16730|9973|10563|AppSearch_Index|0.000|0.0|0.000|0|3|3|0-7|0|1024|1024|13150|20688|240
THREAD|59|6|16730|9940|10563|AppSearch_Index|0.000|0.0|0.000|0|2|2|0-7|0|1024|1024|13115|20690|232
THREAD|59|7|26538|9612|10195|binder:26538_8|0.000|0.0|0.000|0|3|3|0-7|0|1024|1024|3404|6506|3317
THREAD|59|8|26538|9470|10195|binder:26538_B|0.000|0.0|0.000|0|6|6|0-7|0|1024|1024|2531|4304|2105
THREAD|59|9|10622|8513|10201|ExoPlayer:Playb|0.000|0.0|0.000|0|4|4|0-7|0|1024|1024|6463|10331|51
THREAD|59|10|10622|8509|10201|ExoPlayer:Playb|0.000|0.0|0.000|0|1|1|0-7|0|1024|1024|6331|10327|49
WINDOW|seq=60|t_cs=16273852|wall_ms=270|threads=263|busy_threads=1|total_runtime_ms=265.104|total_runq_wait_ms=0.125|tgids=5032,10622,16730,17771,26538
THREAD|60|1|17771|17771|10999|sh|265.104|98.1|0.125|8|2|5|0-7|0|346|346|75|0|246
THREAD|60|2|16730|9973|10563|AppSearch_Index|0.000|0.0|0.000|0|3|3|0-7|0|1024|1024|13150|20688|240
THREAD|60|3|16730|9940|10563|AppSearch_Index|0.000|0.0|0.000|0|2|2|0-7|0|1024|1024|13115|20690|232
THREAD|60|4|26538|9612|10195|binder:26538_8|0.000|0.0|0.000|0|3|3|0-7|0|1024|1024|3404|6506|3317
THREAD|60|5|26538|9470|10195|binder:26538_B|0.000|0.0|0.000|0|6|6|0-7|0|1024|1024|2531|4304|2105
THREAD|60|6|10622|8513|10201|ExoPlayer:Playb|0.000|0.0|0.000|0|4|4|0-7|0|1024|1024|6463|10331|51
THREAD|60|7|10622|8509|10201|ExoPlayer:Playb|0.000|0.0|0.000|0|1|1|0-7|0|1024|1024|6331|10327|49
THREAD|60|8|26538|8364|10195|IMM.binder-emu|0.000|0.0|0.000|0|2|2|0-7|0|1024|1024|15737|23850|1039
THREAD|60|9|26538|8336|10195|Primes-Jank|0.000|0.0|0.000|0|4|4|0-7|0|1024|1024|16074|23866|1131
THREAD|60|10|16730|8119|10563|AppSearch_Index|0.000|0.0|0.000|0|3|3|0-7|0|1024|1024|13165|20704|245
WINDOW|seq=61|t_cs=16273878|wall_ms=260|threads=263|busy_threads=1|total_runtime_ms=256.405|total_runq_wait_ms=0.157|tgids=5032,10622,16730,17771,26538
THREAD|61|1|17771|17771|10999|sh|256.405|98.6|0.157|13|5|4|0-7|0|346|346|83|0|259
THREAD|61|2|16730|9973|10563|AppSearch_Index|0.000|0.0|0.000|0|3|3|0-7|0|1024|1024|13150|20688|240
THREAD|61|3|16730|9940|10563|AppSearch_Index|0.000|0.0|0.000|0|2|2|0-7|0|1024|1024|13115|20690|232
THREAD|61|4|26538|9612|10195|binder:26538_8|0.000|0.0|0.000|0|3|3|0-7|0|1024|1024|3404|6506|3317
THREAD|61|5|26538|9470|10195|binder:26538_B|0.000|0.0|0.000|0|6|6|0-7|0|1024|1024|2531|4304|2105
THREAD|61|6|10622|8513|10201|ExoPlayer:Playb|0.000|0.0|0.000|0|4|4|0-7|0|1024|1024|6463|10331|51
THREAD|61|7|10622|8509|10201|ExoPlayer:Playb|0.000|0.0|0.000|0|1|1|0-7|0|1024|1024|6331|10327|49
THREAD|61|8|26538|8364|10195|IMM.binder-emu|0.000|0.0|0.000|0|2|2|0-7|0|1024|1024|15737|23850|1039
THREAD|61|9|26538|8336|10195|Primes-Jank|0.000|0.0|0.000|0|4|4|0-7|0|1024|1024|16074|23866|1131
THREAD|61|10|16730|8119|10563|AppSearch_Index|0.000|0.0|0.000|0|3|3|0-7|0|1024|1024|13165|20704|245
WINDOW|seq=62|t_cs=16273903|wall_ms=250|threads=263|busy_threads=1|total_runtime_ms=250.253|total_runq_wait_ms=0.568|tgids=5032,10622,16730,17771,26538
THREAD|62|1|17771|17771|10999|sh|250.253|100.1|0.568|16|4|0|0-7|0|346|346|95|0|276
THREAD|62|2|16730|9973|10563|AppSearch_Index|0.000|0.0|0.000|0|3|3|0-7|0|1024|1024|13150|20688|240
THREAD|62|3|16730|9940|10563|AppSearch_Index|0.000|0.0|0.000|0|2|2|0-7|0|1024|1024|13115|20690|232
THREAD|62|4|26538|9612|10195|binder:26538_8|0.000|0.0|0.000|0|3|3|0-7|0|1024|1024|3404|6506|3317
THREAD|62|5|26538|9470|10195|binder:26538_B|0.000|0.0|0.000|0|6|6|0-7|0|1024|1024|2531|4304|2105
THREAD|62|6|10622|8513|10201|ExoPlayer:Playb|0.000|0.0|0.000|0|4|4|0-7|0|1024|1024|6463|10331|51
THREAD|62|7|10622|8509|10201|ExoPlayer:Playb|0.000|0.0|0.000|0|1|1|0-7|0|1024|1024|6331|10327|49
THREAD|62|8|26538|8364|10195|IMM.binder-emu|0.000|0.0|0.000|0|2|2|0-7|0|1024|1024|15737|23850|1039
THREAD|62|9|26538|8336|10195|Primes-Jank|0.000|0.0|0.000|0|4|4|0-7|0|1024|1024|16074|23866|1131
THREAD|62|10|16730|8119|10563|AppSearch_Index|0.000|0.0|0.000|0|3|3|0-7|0|1024|1024|13165|20704|245
WINDOW|seq=63|t_cs=16273929|wall_ms=260|threads=263|busy_threads=1|total_runtime_ms=255.971|total_runq_wait_ms=0.692|tgids=5032,10622,16730,17771,26538
THREAD|63|1|17771|17771|10999|sh|255.971|98.4|0.692|18|0|4|0-7|0|346|346|99|0|292
THREAD|63|2|16730|9973|10563|AppSearch_Index|0.000|0.0|0.000|0|3|3|0-7|0|1024|1024|13150|20688|240
THREAD|63|3|16730|9940|10563|AppSearch_Index|0.000|0.0|0.000|0|2|2|0-7|0|1024|1024|13115|20690|232
THREAD|63|4|26538|9612|10195|binder:26538_8|0.000|0.0|0.000|0|3|3|0-7|0|1024|1024|3404|6506|3317
THREAD|63|5|26538|9470|10195|binder:26538_B|0.000|0.0|0.000|0|6|6|0-7|0|1024|1024|2531|4304|2105
THREAD|63|6|10622|8513|10201|ExoPlayer:Playb|0.000|0.0|0.000|0|4|4|0-7|0|1024|1024|6463|10331|51
THREAD|63|7|10622|8509|10201|ExoPlayer:Playb|0.000|0.0|0.000|0|1|1|0-7|0|1024|1024|6331|10327|49
THREAD|63|8|26538|8364|10195|IMM.binder-emu|0.000|0.0|0.000|0|2|2|0-7|0|1024|1024|15737|23850|1039
THREAD|63|9|26538|8336|10195|Primes-Jank|0.000|0.0|0.000|0|4|4|0-7|0|1024|1024|16074|23866|1131
THREAD|63|10|16730|8119|10563|AppSearch_Index|0.000|0.0|0.000|0|3|3|0-7|0|1024|1024|13165|20704|245
WINDOW|seq=64|t_cs=16273953|wall_ms=240|threads=263|busy_threads=1|total_runtime_ms=237.184|total_runq_wait_ms=0.552|tgids=5032,10622,16730,17771,26538
THREAD|64|1|17771|17771|10999|sh|237.184|98.8|0.552|14|4|1|0-7|0|346|346|105|0|310
THREAD|64|2|16730|9973|10563|AppSearch_Index|0.000|0.0|0.000|0|3|3|0-7|0|1024|1024|13150|20688|240
THREAD|64|3|16730|9940|10563|AppSearch_Index|0.000|0.0|0.000|0|2|2|0-7|0|1024|1024|13115|20690|232
THREAD|64|4|26538|9612|10195|binder:26538_8|0.000|0.0|0.000|0|3|3|0-7|0|1024|1024|3404|6506|3317
THREAD|64|5|26538|9470|10195|binder:26538_B|0.000|0.0|0.000|0|6|6|0-7|0|1024|1024|2531|4304|2105
THREAD|64|6|10622|8513|10201|ExoPlayer:Playb|0.000|0.0|0.000|0|4|4|0-7|0|1024|1024|6463|10331|51
THREAD|64|7|10622|8509|10201|ExoPlayer:Playb|0.000|0.0|0.000|0|1|1|0-7|0|1024|1024|6331|10327|49
THREAD|64|8|26538|8364|10195|IMM.binder-emu|0.000|0.0|0.000|0|2|2|0-7|0|1024|1024|15737|23850|1039
THREAD|64|9|26538|8336|10195|Primes-Jank|0.000|0.0|0.000|0|4|4|0-7|0|1024|1024|16074|23866|1131
THREAD|64|10|16730|8119|10563|AppSearch_Index|0.000|0.0|0.000|0|3|3|0-7|0|1024|1024|13165|20704|245
WINDOW|seq=65|t_cs=16273979|wall_ms=260|threads=263|busy_threads=1|total_runtime_ms=252.095|total_runq_wait_ms=0.600|tgids=5032,10622,16730,17771,26538
THREAD|65|1|17771|17771|10999|sh|252.095|96.9|0.600|13|1|5|0-7|0|346|346|112|0|320
THREAD|65|2|16730|9973|10563|AppSearch_Index|0.000|0.0|0.000|0|3|3|0-7|0|1024|1024|13150|20688|240
THREAD|65|3|16730|9940|10563|AppSearch_Index|0.000|0.0|0.000|0|2|2|0-7|0|1024|1024|13115|20690|232
THREAD|65|4|26538|9612|10195|binder:26538_8|0.000|0.0|0.000|0|3|3|0-7|0|1024|1024|3404|6506|3317
THREAD|65|5|26538|9470|10195|binder:26538_B|0.000|0.0|0.000|0|6|6|0-7|0|1024|1024|2531|4304|2105
THREAD|65|6|10622|8513|10201|ExoPlayer:Playb|0.000|0.0|0.000|0|4|4|0-7|0|1024|1024|6463|10331|51
THREAD|65|7|10622|8509|10201|ExoPlayer:Playb|0.000|0.0|0.000|0|1|1|0-7|0|1024|1024|6331|10327|49
THREAD|65|8|26538|8364|10195|IMM.binder-emu|0.000|0.0|0.000|0|2|2|0-7|0|1024|1024|15737|23850|1039
THREAD|65|9|26538|8336|10195|Primes-Jank|0.000|0.0|0.000|0|4|4|0-7|0|1024|1024|16074|23866|1131
THREAD|65|10|16730|8119|10563|AppSearch_Index|0.000|0.0|0.000|0|3|3|0-7|0|1024|1024|13165|20704|245
WINDOW|seq=66|t_cs=16274004|wall_ms=250|threads=263|busy_threads=1|total_runtime_ms=251.635|total_runq_wait_ms=0.137|tgids=5032,10622,16730,17771,26538
THREAD|66|1|17771|17771|10999|sh|251.635|100.6|0.137|5|5|3|0-7|0|346|346|114|0|324
THREAD|66|2|16730|9973|10563|AppSearch_Index|0.000|0.0|0.000|0|3|3|0-7|0|1024|1024|13150|20688|240
THREAD|66|3|16730|9940|10563|AppSearch_Index|0.000|0.0|0.000|0|2|2|0-7|0|1024|1024|13115|20690|232
THREAD|66|4|26538|9612|10195|binder:26538_8|0.000|0.0|0.000|0|3|3|0-7|0|1024|1024|3404|6506|3317
THREAD|66|5|26538|9470|10195|binder:26538_B|0.000|0.0|0.000|0|6|6|0-7|0|1024|1024|2531|4304|2105
THREAD|66|6|10622|8513|10201|ExoPlayer:Playb|0.000|0.0|0.000|0|4|4|0-7|0|1024|1024|6463|10331|51
THREAD|66|7|10622|8509|10201|ExoPlayer:Playb|0.000|0.0|0.000|0|1|1|0-7|0|1024|1024|6331|10327|49
THREAD|66|8|26538|8364|10195|IMM.binder-emu|0.000|0.0|0.000|0|2|2|0-7|0|1024|1024|15737|23850|1039
THREAD|66|9|26538|8336|10195|Primes-Jank|0.000|0.0|0.000|0|4|4|0-7|0|1024|1024|16074|23866|1131
THREAD|66|10|16730|8119|10563|AppSearch_Index|0.000|0.0|0.000|0|3|3|0-7|0|1024|1024|13165|20704|245
WINDOW|seq=67|t_cs=16274030|wall_ms=260|threads=263|busy_threads=1|total_runtime_ms=249.111|total_runq_wait_ms=0.271|tgids=5032,10622,16730,17771,26538
THREAD|67|1|17771|17771|10999|sh|249.111|95.8|0.271|7|3|1|0-7|0|346|346|121|0|333
THREAD|67|2|16730|9973|10563|AppSearch_Index|0.000|0.0|0.000|0|3|3|0-7|0|1024|1024|13150|20688|240
THREAD|67|3|16730|9940|10563|AppSearch_Index|0.000|0.0|0.000|0|2|2|0-7|0|1024|1024|13115|20690|232
THREAD|67|4|26538|9612|10195|binder:26538_8|0.000|0.0|0.000|0|3|3|0-7|0|1024|1024|3404|6506|3317
THREAD|67|5|26538|9470|10195|binder:26538_B|0.000|0.0|0.000|0|6|6|0-7|0|1024|1024|2531|4304|2105
THREAD|67|6|10622|8513|10201|ExoPlayer:Playb|0.000|0.0|0.000|0|4|4|0-7|0|1024|1024|6463|10331|51
THREAD|67|7|10622|8509|10201|ExoPlayer:Playb|0.000|0.0|0.000|0|1|1|0-7|0|1024|1024|6331|10327|49
THREAD|67|8|26538|8364|10195|IMM.binder-emu|0.000|0.0|0.000|0|2|2|0-7|0|1024|1024|15737|23850|1039
THREAD|67|9|26538|8336|10195|Primes-Jank|0.000|0.0|0.000|0|4|4|0-7|0|1024|1024|16074|23866|1131
THREAD|67|10|16730|8119|10563|AppSearch_Index|0.000|0.0|0.000|0|3|3|0-7|0|1024|1024|13165|20704|245
WINDOW|seq=68|t_cs=16274056|wall_ms=260|threads=263|busy_threads=1|total_runtime_ms=255.220|total_runq_wait_ms=0.849|tgids=5032,10622,16730,17771,26538
THREAD|68|1|17771|17771|10999|sh|255.220|98.1|0.849|17|1|0|0-7|0|346|346|124|0|351
THREAD|68|2|16730|9973|10563|AppSearch_Index|0.000|0.0|0.000|0|3|3|0-7|0|1024|1024|13150|20688|240
THREAD|68|3|16730|9940|10563|AppSearch_Index|0.000|0.0|0.000|0|2|2|0-7|0|1024|1024|13115|20690|232
THREAD|68|4|26538|9612|10195|binder:26538_8|0.000|0.0|0.000|0|3|3|0-7|0|1024|1024|3404|6506|3317
THREAD|68|5|26538|9470|10195|binder:26538_B|0.000|0.0|0.000|0|6|6|0-7|0|1024|1024|2531|4304|2105
THREAD|68|6|10622|8513|10201|ExoPlayer:Playb|0.000|0.0|0.000|0|4|4|0-7|0|1024|1024|6463|10331|51
THREAD|68|7|10622|8509|10201|ExoPlayer:Playb|0.000|0.0|0.000|0|1|1|0-7|0|1024|1024|6331|10327|49
THREAD|68|8|26538|8364|10195|IMM.binder-emu|0.000|0.0|0.000|0|2|2|0-7|0|1024|1024|15737|23850|1039
THREAD|68|9|26538|8336|10195|Primes-Jank|0.000|0.0|0.000|0|4|4|0-7|0|1024|1024|16074|23866|1131
THREAD|68|10|16730|8119|10563|AppSearch_Index|0.000|0.0|0.000|0|3|3|0-7|0|1024|1024|13165|20704|245
WINDOW|seq=69|t_cs=16274081|wall_ms=250|threads=263|busy_threads=1|total_runtime_ms=248.681|total_runq_wait_ms=0.557|tgids=5032,10622,16730,17771,26538
THREAD|69|1|17771|17771|10999|sh|248.681|99.4|0.557|15|0|4|0-7|0|346|346|128|0|364
THREAD|69|2|16730|9973|10563|AppSearch_Index|0.000|0.0|0.000|0|3|3|0-7|0|1024|1024|13150|20688|240
THREAD|69|3|16730|9940|10563|AppSearch_Index|0.000|0.0|0.000|0|2|2|0-7|0|1024|1024|13115|20690|232
THREAD|69|4|26538|9612|10195|binder:26538_8|0.000|0.0|0.000|0|3|3|0-7|0|1024|1024|3404|6506|3317
THREAD|69|5|26538|9470|10195|binder:26538_B|0.000|0.0|0.000|0|6|6|0-7|0|1024|1024|2531|4304|2105
THREAD|69|6|10622|8513|10201|ExoPlayer:Playb|0.000|0.0|0.000|0|4|4|0-7|0|1024|1024|6463|10331|51
THREAD|69|7|10622|8509|10201|ExoPlayer:Playb|0.000|0.0|0.000|0|1|1|0-7|0|1024|1024|6331|10327|49
THREAD|69|8|26538|8364|10195|IMM.binder-emu|0.000|0.0|0.000|0|2|2|0-7|0|1024|1024|15737|23850|1039
THREAD|69|9|26538|8336|10195|Primes-Jank|0.000|0.0|0.000|0|4|4|0-7|0|1024|1024|16074|23866|1131
THREAD|69|10|16730|8119|10563|AppSearch_Index|0.000|0.0|0.000|0|3|3|0-7|0|1024|1024|13165|20704|245
WINDOW|seq=70|t_cs=16274108|wall_ms=270|threads=263|busy_threads=1|total_runtime_ms=268.565|total_runq_wait_ms=0.171|tgids=5032,10622,16730,17771,26538
THREAD|70|1|17771|17771|10999|sh|268.565|99.4|0.171|4|4|0|0-7|0|346|346|130|0|371
THREAD|70|2|16730|9973|10563|AppSearch_Index|0.000|0.0|0.000|0|3|3|0-7|0|1024|1024|13150|20688|240
THREAD|70|3|16730|9940|10563|AppSearch_Index|0.000|0.0|0.000|0|2|2|0-7|0|1024|1024|13115|20690|232
THREAD|70|4|26538|9612|10195|binder:26538_8|0.000|0.0|0.000|0|3|3|0-7|0|1024|1024|3404|6506|3317
THREAD|70|5|26538|9470|10195|binder:26538_B|0.000|0.0|0.000|0|6|6|0-7|0|1024|1024|2531|4304|2105
THREAD|70|6|10622|8513|10201|ExoPlayer:Playb|0.000|0.0|0.000|0|4|4|0-7|0|1024|1024|6463|10331|51
THREAD|70|7|10622|8509|10201|ExoPlayer:Playb|0.000|0.0|0.000|0|1|1|0-7|0|1024|1024|6331|10327|49
THREAD|70|8|26538|8364|10195|IMM.binder-emu|0.000|0.0|0.000|0|2|2|0-7|0|1024|1024|15737|23850|1039
THREAD|70|9|26538|8336|10195|Primes-Jank|0.000|0.0|0.000|0|4|4|0-7|0|1024|1024|16074|23866|1131
THREAD|70|10|16730|8119|10563|AppSearch_Index|0.000|0.0|0.000|0|3|3|0-7|0|1024|1024|13165|20704|245
WINDOW|seq=71|t_cs=16274134|wall_ms=260|threads=263|busy_threads=1|total_runtime_ms=252.870|total_runq_wait_ms=0.375|tgids=5032,10622,16730,17771,26538
THREAD|71|1|17771|17771|10999|sh|252.870|97.2|0.375|8|0|4|0-7|0|346|346|133|0|377
THREAD|71|2|16730|9973|10563|AppSearch_Index|0.000|0.0|0.000|0|3|3|0-7|0|1024|1024|13150|20688|240
THREAD|71|3|16730|9940|10563|AppSearch_Index|0.000|0.0|0.000|0|2|2|0-7|0|1024|1024|13115|20690|232
THREAD|71|4|26538|9612|10195|binder:26538_8|0.000|0.0|0.000|0|3|3|0-7|0|1024|1024|3404|6506|3317
THREAD|71|5|26538|9470|10195|binder:26538_B|0.000|0.0|0.000|0|6|6|0-7|0|1024|1024|2531|4304|2105
THREAD|71|6|10622|8513|10201|ExoPlayer:Playb|0.000|0.0|0.000|0|4|4|0-7|0|1024|1024|6463|10331|51
THREAD|71|7|10622|8509|10201|ExoPlayer:Playb|0.000|0.0|0.000|0|1|1|0-7|0|1024|1024|6331|10327|49
THREAD|71|8|26538|8364|10195|IMM.binder-emu|0.000|0.0|0.000|0|2|2|0-7|0|1024|1024|15737|23850|1039
THREAD|71|9|26538|8336|10195|Primes-Jank|0.000|0.0|0.000|0|4|4|0-7|0|1024|1024|16074|23866|1131
THREAD|71|10|16730|8119|10563|AppSearch_Index|0.000|0.0|0.000|0|3|3|0-7|0|1024|1024|13165|20704|245
WINDOW|seq=72|t_cs=16274159|wall_ms=250|threads=263|busy_threads=1|total_runtime_ms=248.755|total_runq_wait_ms=0.306|tgids=5032,10622,16730,17771,26538
THREAD|72|1|17771|17771|10999|sh|248.755|99.5|0.306|11|4|1|0-7|0|346|346|139|0|387
THREAD|72|2|16730|9973|10563|AppSearch_Index|0.000|0.0|0.000|0|3|3|0-7|0|1024|1024|13150|20688|240
THREAD|72|3|16730|9940|10563|AppSearch_Index|0.000|0.0|0.000|0|2|2|0-7|0|1024|1024|13115|20690|232
THREAD|72|4|26538|9612|10195|binder:26538_8|0.000|0.0|0.000|0|3|3|0-7|0|1024|1024|3404|6506|3317
THREAD|72|5|26538|9470|10195|binder:26538_B|0.000|0.0|0.000|0|6|6|0-7|0|1024|1024|2531|4304|2105
THREAD|72|6|10622|8513|10201|ExoPlayer:Playb|0.000|0.0|0.000|0|4|4|0-7|0|1024|1024|6463|10331|51
THREAD|72|7|10622|8509|10201|ExoPlayer:Playb|0.000|0.0|0.000|0|1|1|0-7|0|1024|1024|6331|10327|49
THREAD|72|8|26538|8364|10195|IMM.binder-emu|0.000|0.0|0.000|0|2|2|0-7|0|1024|1024|15737|23850|1039
THREAD|72|9|26538|8336|10195|Primes-Jank|0.000|0.0|0.000|0|4|4|0-7|0|1024|1024|16074|23866|1131
THREAD|72|10|16730|8119|10563|AppSearch_Index|0.000|0.0|0.000|0|3|3|0-7|0|1024|1024|13165|20704|245
WINDOW|seq=73|t_cs=16274185|wall_ms=260|threads=263|busy_threads=1|total_runtime_ms=248.462|total_runq_wait_ms=0.310|tgids=5032,10622,16730,17771,26538
THREAD|73|1|17771|17771|10999|sh|248.462|95.5|0.310|8|1|0|0-7|0|346|346|147|0|400
THREAD|73|2|16730|9973|10563|AppSearch_Index|0.000|0.0|0.000|0|3|3|0-7|0|1024|1024|13150|20688|240
THREAD|73|3|16730|9940|10563|AppSearch_Index|0.000|0.0|0.000|0|2|2|0-7|0|1024|1024|13115|20690|232
THREAD|73|4|26538|9612|10195|binder:26538_8|0.000|0.0|0.000|0|3|3|0-7|0|1024|1024|3404|6506|3317
THREAD|73|5|26538|9470|10195|binder:26538_B|0.000|0.0|0.000|0|6|6|0-7|0|1024|1024|2531|4304|2105
THREAD|73|6|10622|8513|10201|ExoPlayer:Playb|0.000|0.0|0.000|0|4|4|0-7|0|1024|1024|6463|10331|51
THREAD|73|7|10622|8509|10201|ExoPlayer:Playb|0.000|0.0|0.000|0|1|1|0-7|0|1024|1024|6331|10327|49
THREAD|73|8|26538|8364|10195|IMM.binder-emu|0.000|0.0|0.000|0|2|2|0-7|0|1024|1024|15737|23850|1039
THREAD|73|9|26538|8336|10195|Primes-Jank|0.000|0.0|0.000|0|4|4|0-7|0|1024|1024|16074|23866|1131
THREAD|73|10|16730|8119|10563|AppSearch_Index|0.000|0.0|0.000|0|3|3|0-7|0|1024|1024|13165|20704|245
WINDOW|seq=74|t_cs=16274211|wall_ms=260|threads=263|busy_threads=1|total_runtime_ms=256.003|total_runq_wait_ms=0.325|tgids=5032,10622,16730,17771,26538
THREAD|74|1|17771|17771|10999|sh|256.003|98.4|0.325|17|0|1|0-7|0|346|346|153|0|413
THREAD|74|2|16730|9973|10563|AppSearch_Index|0.000|0.0|0.000|0|3|3|0-7|0|1024|1024|13150|20688|240
THREAD|74|3|16730|9940|10563|AppSearch_Index|0.000|0.0|0.000|0|2|2|0-7|0|1024|1024|13115|20690|232
THREAD|74|4|26538|9612|10195|binder:26538_8|0.000|0.0|0.000|0|3|3|0-7|0|1024|1024|3404|6506|3317
THREAD|74|5|26538|9470|10195|binder:26538_B|0.000|0.0|0.000|0|6|6|0-7|0|1024|1024|2531|4304|2105
THREAD|74|6|10622|8513|10201|ExoPlayer:Playb|0.000|0.0|0.000|0|4|4|0-7|0|1024|1024|6463|10331|51
THREAD|74|7|10622|8509|10201|ExoPlayer:Playb|0.000|0.0|0.000|0|1|1|0-7|0|1024|1024|6331|10327|49
THREAD|74|8|26538|8364|10195|IMM.binder-emu|0.000|0.0|0.000|0|2|2|0-7|0|1024|1024|15737|23850|1039
THREAD|74|9|26538|8336|10195|Primes-Jank|0.000|0.0|0.000|0|4|4|0-7|0|1024|1024|16074|23866|1131
THREAD|74|10|16730|8119|10563|AppSearch_Index|0.000|0.0|0.000|0|3|3|0-7|0|1024|1024|13165|20704|245
WINDOW|seq=75|t_cs=16274236|wall_ms=250|threads=263|busy_threads=1|total_runtime_ms=252.179|total_runq_wait_ms=0.713|tgids=5032,10622,16730,17771,26538
THREAD|75|1|17771|17771|10999|sh|252.179|100.8|0.713|10|1|5|0-7|0|346|346|156|0|423
THREAD|75|2|16730|9973|10563|AppSearch_Index|0.000|0.0|0.000|0|3|3|0-7|0|1024|1024|13150|20688|240
THREAD|75|3|16730|9940|10563|AppSearch_Index|0.000|0.0|0.000|0|2|2|0-7|0|1024|1024|13115|20690|232
THREAD|75|4|26538|9612|10195|binder:26538_8|0.000|0.0|0.000|0|3|3|0-7|0|1024|1024|3404|6506|3317
THREAD|75|5|26538|9470|10195|binder:26538_B|0.000|0.0|0.000|0|6|6|0-7|0|1024|1024|2531|4304|2105
THREAD|75|6|10622|8513|10201|ExoPlayer:Playb|0.000|0.0|0.000|0|4|4|0-7|0|1024|1024|6463|10331|51
THREAD|75|7|10622|8509|10201|ExoPlayer:Playb|0.000|0.0|0.000|0|1|1|0-7|0|1024|1024|6331|10327|49
THREAD|75|8|26538|8364|10195|IMM.binder-emu|0.000|0.0|0.000|0|2|2|0-7|0|1024|1024|15737|23850|1039
THREAD|75|9|26538|8336|10195|Primes-Jank|0.000|0.0|0.000|0|4|4|0-7|0|1024|1024|16074|23866|1131
THREAD|75|10|16730|8119|10563|AppSearch_Index|0.000|0.0|0.000|0|3|3|0-7|0|1024|1024|13165|20704|245
WINDOW|seq=76|t_cs=16274262|wall_ms=260|threads=263|busy_threads=1|total_runtime_ms=252.112|total_runq_wait_ms=0.365|tgids=5032,10622,16730,17771,26538
THREAD|76|1|17771|17771|10999|sh|252.112|96.9|0.365|18|5|0|0-7|0|346|346|165|0|439
THREAD|76|2|16730|9973|10563|AppSearch_Index|0.000|0.0|0.000|0|3|3|0-7|0|1024|1024|13150|20688|240
THREAD|76|3|16730|9940|10563|AppSearch_Index|0.000|0.0|0.000|0|2|2|0-7|0|1024|1024|13115|20690|232
THREAD|76|4|26538|9612|10195|binder:26538_8|0.000|0.0|0.000|0|3|3|0-7|0|1024|1024|3404|6506|3317
THREAD|76|5|26538|9470|10195|binder:26538_B|0.000|0.0|0.000|0|6|6|0-7|0|1024|1024|2531|4304|2105
THREAD|76|6|10622|8513|10201|ExoPlayer:Playb|0.000|0.0|0.000|0|4|4|0-7|0|1024|1024|6463|10331|51
THREAD|76|7|10622|8509|10201|ExoPlayer:Playb|0.000|0.0|0.000|0|1|1|0-7|0|1024|1024|6331|10327|49
THREAD|76|8|26538|8364|10195|IMM.binder-emu|0.000|0.0|0.000|0|2|2|0-7|0|1024|1024|15737|23850|1039
THREAD|76|9|26538|8336|10195|Primes-Jank|0.000|0.0|0.000|0|4|4|0-7|0|1024|1024|16074|23866|1131
THREAD|76|10|16730|8119|10563|AppSearch_Index|0.000|0.0|0.000|0|3|3|0-7|0|1024|1024|13165|20704|245
WINDOW|seq=77|t_cs=16274288|wall_ms=260|threads=263|busy_threads=1|total_runtime_ms=251.293|total_runq_wait_ms=0.592|tgids=5032,10622,16730,17771,26538
THREAD|77|1|17771|17771|10999|sh|251.293|96.6|0.592|19|0|1|0-7|0|346|346|176|0|458
THREAD|77|2|16730|9973|10563|AppSearch_Index|0.000|0.0|0.000|0|3|3|0-7|0|1024|1024|13150|20688|240
THREAD|77|3|16730|9940|10563|AppSearch_Index|0.000|0.0|0.000|0|2|2|0-7|0|1024|1024|13115|20690|232
THREAD|77|4|26538|9612|10195|binder:26538_8|0.000|0.0|0.000|0|3|3|0-7|0|1024|1024|3404|6506|3317
THREAD|77|5|26538|9470|10195|binder:26538_B|0.000|0.0|0.000|0|6|6|0-7|0|1024|1024|2531|4304|2105
THREAD|77|6|10622|8513|10201|ExoPlayer:Playb|0.000|0.0|0.000|0|4|4|0-7|0|1024|1024|6463|10331|51
THREAD|77|7|10622|8509|10201|ExoPlayer:Playb|0.000|0.0|0.000|0|1|1|0-7|0|1024|1024|6331|10327|49
THREAD|77|8|26538|8364|10195|IMM.binder-emu|0.000|0.0|0.000|0|2|2|0-7|0|1024|1024|15737|23850|1039
THREAD|77|9|26538|8336|10195|Primes-Jank|0.000|0.0|0.000|0|4|4|0-7|0|1024|1024|16074|23866|1131
THREAD|77|10|16730|8119|10563|AppSearch_Index|0.000|0.0|0.000|0|3|3|0-7|0|1024|1024|13165|20704|245
WINDOW|seq=78|t_cs=16274313|wall_ms=250|threads=263|busy_threads=1|total_runtime_ms=249.765|total_runq_wait_ms=0.211|tgids=5032,10622,16730,17771,26538
THREAD|78|1|17771|17771|10999|sh|249.765|99.9|0.211|5|1|4|0-7|0|346|346|184|0|464
THREAD|78|2|16730|9973|10563|AppSearch_Index|0.000|0.0|0.000|0|3|3|0-7|0|1024|1024|13150|20688|240
THREAD|78|3|16730|9940|10563|AppSearch_Index|0.000|0.0|0.000|0|2|2|0-7|0|1024|1024|13115|20690|232
THREAD|78|4|26538|9612|10195|binder:26538_8|0.000|0.0|0.000|0|3|3|0-7|0|1024|1024|3404|6506|3317
THREAD|78|5|26538|9470|10195|binder:26538_B|0.000|0.0|0.000|0|6|6|0-7|0|1024|1024|2531|4304|2105
THREAD|78|6|10622|8513|10201|ExoPlayer:Playb|0.000|0.0|0.000|0|4|4|0-7|0|1024|1024|6463|10331|51
THREAD|78|7|10622|8509|10201|ExoPlayer:Playb|0.000|0.0|0.000|0|1|1|0-7|0|1024|1024|6331|10327|49
THREAD|78|8|26538|8364|10195|IMM.binder-emu|0.000|0.0|0.000|0|2|2|0-7|0|1024|1024|15737|23850|1039
THREAD|78|9|26538|8336|10195|Primes-Jank|0.000|0.0|0.000|0|4|4|0-7|0|1024|1024|16074|23866|1131
THREAD|78|10|16730|8119|10563|AppSearch_Index|0.000|0.0|0.000|0|3|3|0-7|0|1024|1024|13165|20704|245
WINDOW|seq=79|t_cs=16274340|wall_ms=270|threads=263|busy_threads=1|total_runtime_ms=263.020|total_runq_wait_ms=2.292|tgids=5032,10622,16730,17771,26538
THREAD|79|1|17771|17771|10999|sh|263.020|97.4|2.292|13|4|1|0-7|0|346|346|187|0|476
THREAD|79|2|16730|9973|10563|AppSearch_Index|0.000|0.0|0.000|0|3|3|0-7|0|1024|1024|13150|20688|240
THREAD|79|3|16730|9940|10563|AppSearch_Index|0.000|0.0|0.000|0|2|2|0-7|0|1024|1024|13115|20690|232
THREAD|79|4|26538|9612|10195|binder:26538_8|0.000|0.0|0.000|0|3|3|0-7|0|1024|1024|3404|6506|3317
THREAD|79|5|26538|9470|10195|binder:26538_B|0.000|0.0|0.000|0|6|6|0-7|0|1024|1024|2531|4304|2105
THREAD|79|6|10622|8513|10201|ExoPlayer:Playb|0.000|0.0|0.000|0|4|4|0-7|0|1024|1024|6463|10331|51
THREAD|79|7|10622|8509|10201|ExoPlayer:Playb|0.000|0.0|0.000|0|1|1|0-7|0|1024|1024|6331|10327|49
THREAD|79|8|26538|8364|10195|IMM.binder-emu|0.000|0.0|0.000|0|2|2|0-7|0|1024|1024|15737|23850|1039
THREAD|79|9|26538|8336|10195|Primes-Jank|0.000|0.0|0.000|0|4|4|0-7|0|1024|1024|16074|23866|1131
THREAD|79|10|16730|8119|10563|AppSearch_Index|0.000|0.0|0.000|0|3|3|0-7|0|1024|1024|13165|20704|245
WINDOW|seq=80|t_cs=16274366|wall_ms=260|threads=263|busy_threads=1|total_runtime_ms=253.545|total_runq_wait_ms=0.240|tgids=5032,10622,16730,17771,26538
THREAD|80|1|17771|17771|10999|sh|253.545|97.5|0.240|16|1|4|0-7|0|346|346|200|0|494
THREAD|80|2|16730|9973|10563|AppSearch_Index|0.000|0.0|0.000|0|3|3|0-7|0|1024|1024|13150|20688|240
THREAD|80|3|16730|9940|10563|AppSearch_Index|0.000|0.0|0.000|0|2|2|0-7|0|1024|1024|13115|20690|232
THREAD|80|4|26538|9612|10195|binder:26538_8|0.000|0.0|0.000|0|3|3|0-7|0|1024|1024|3404|6506|3317
THREAD|80|5|26538|9470|10195|binder:26538_B|0.000|0.0|0.000|0|6|6|0-7|0|1024|1024|2531|4304|2105
THREAD|80|6|10622|8513|10201|ExoPlayer:Playb|0.000|0.0|0.000|0|4|4|0-7|0|1024|1024|6463|10331|51
THREAD|80|7|10622|8509|10201|ExoPlayer:Playb|0.000|0.0|0.000|0|1|1|0-7|0|1024|1024|6331|10327|49
THREAD|80|8|26538|8364|10195|IMM.binder-emu|0.000|0.0|0.000|0|2|2|0-7|0|1024|1024|15737|23850|1039
THREAD|80|9|26538|8336|10195|Primes-Jank|0.000|0.0|0.000|0|4|4|0-7|0|1024|1024|16074|23866|1131
THREAD|80|10|16730|8119|10563|AppSearch_Index|0.000|0.0|0.000|0|3|3|0-7|0|1024|1024|13165|20704|245
WINDOW|seq=81|t_cs=16274392|wall_ms=260|threads=263|busy_threads=1|total_runtime_ms=256.277|total_runq_wait_ms=0.634|tgids=5032,10622,16730,17771,26538
THREAD|81|1|17771|17771|10999|sh|256.277|98.5|0.634|19|4|1|0-7|0|346|346|210|0|511
THREAD|81|2|16730|9973|10563|AppSearch_Index|0.000|0.0|0.000|0|3|3|0-7|0|1024|1024|13150|20688|240
THREAD|81|3|16730|9940|10563|AppSearch_Index|0.000|0.0|0.000|0|2|2|0-7|0|1024|1024|13115|20690|232
THREAD|81|4|26538|9612|10195|binder:26538_8|0.000|0.0|0.000|0|3|3|0-7|0|1024|1024|3404|6506|3317
THREAD|81|5|26538|9470|10195|binder:26538_B|0.000|0.0|0.000|0|6|6|0-7|0|1024|1024|2531|4304|2105
THREAD|81|6|10622|8513|10201|ExoPlayer:Playb|0.000|0.0|0.000|0|4|4|0-7|0|1024|1024|6463|10331|51
THREAD|81|7|10622|8509|10201|ExoPlayer:Playb|0.000|0.0|0.000|0|1|1|0-7|0|1024|1024|6331|10327|49
THREAD|81|8|26538|8364|10195|IMM.binder-emu|0.000|0.0|0.000|0|2|2|0-7|0|1024|1024|15737|23850|1039
THREAD|81|9|26538|8336|10195|Primes-Jank|0.000|0.0|0.000|0|4|4|0-7|0|1024|1024|16074|23866|1131
THREAD|81|10|16730|8119|10563|AppSearch_Index|0.000|0.0|0.000|0|3|3|0-7|0|1024|1024|13165|20704|245
WINDOW|seq=82|t_cs=16274417|wall_ms=250|threads=263|busy_threads=1|total_runtime_ms=249.158|total_runq_wait_ms=0.237|tgids=5032,10622,16730,17771,26538
THREAD|82|1|17771|17771|10999|sh|249.158|99.6|0.237|8|1|5|0-7|0|346|346|213|0|519
THREAD|82|2|16730|9973|10563|AppSearch_Index|0.000|0.0|0.000|0|3|3|0-7|0|1024|1024|13150|20688|240
THREAD|82|3|16730|9940|10563|AppSearch_Index|0.000|0.0|0.000|0|2|2|0-7|0|1024|1024|13115|20690|232
THREAD|82|4|26538|9612|10195|binder:26538_8|0.000|0.0|0.000|0|3|3|0-7|0|1024|1024|3404|6506|3317
THREAD|82|5|26538|9470|10195|binder:26538_B|0.000|0.0|0.000|0|6|6|0-7|0|1024|1024|2531|4304|2105
THREAD|82|6|10622|8513|10201|ExoPlayer:Playb|0.000|0.0|0.000|0|4|4|0-7|0|1024|1024|6463|10331|51
THREAD|82|7|10622|8509|10201|ExoPlayer:Playb|0.000|0.0|0.000|0|1|1|0-7|0|1024|1024|6331|10327|49
THREAD|82|8|26538|8364|10195|IMM.binder-emu|0.000|0.0|0.000|0|2|2|0-7|0|1024|1024|15737|23850|1039
THREAD|82|9|26538|8336|10195|Primes-Jank|0.000|0.0|0.000|0|4|4|0-7|0|1024|1024|16074|23866|1131
THREAD|82|10|16730|8119|10563|AppSearch_Index|0.000|0.0|0.000|0|3|3|0-7|0|1024|1024|13165|20704|245
WINDOW|seq=83|t_cs=16274444|wall_ms=270|threads=263|busy_threads=1|total_runtime_ms=271.713|total_runq_wait_ms=0.992|tgids=5032,10622,16730,17771,26538
THREAD|83|1|17771|17771|10999|sh|271.713|100.6|0.992|15|5|0|0-7|0|346|346|222|0|536
THREAD|83|2|16730|9973|10563|AppSearch_Index|0.000|0.0|0.000|0|3|3|0-7|0|1024|1024|13150|20688|240
THREAD|83|3|16730|9940|10563|AppSearch_Index|0.000|0.0|0.000|0|2|2|0-7|0|1024|1024|13115|20690|232
THREAD|83|4|26538|9612|10195|binder:26538_8|0.000|0.0|0.000|0|3|3|0-7|0|1024|1024|3404|6506|3317
THREAD|83|5|26538|9470|10195|binder:26538_B|0.000|0.0|0.000|0|6|6|0-7|0|1024|1024|2531|4304|2105
THREAD|83|6|10622|8513|10201|ExoPlayer:Playb|0.000|0.0|0.000|0|4|4|0-7|0|1024|1024|6463|10331|51
THREAD|83|7|10622|8509|10201|ExoPlayer:Playb|0.000|0.0|0.000|0|1|1|0-7|0|1024|1024|6331|10327|49
THREAD|83|8|26538|8364|10195|IMM.binder-emu|0.000|0.0|0.000|0|2|2|0-7|0|1024|1024|15737|23850|1039
THREAD|83|9|26538|8336|10195|Primes-Jank|0.000|0.0|0.000|0|4|4|0-7|0|1024|1024|16074|23866|1131
THREAD|83|10|16730|8119|10563|AppSearch_Index|0.000|0.0|0.000|0|3|3|0-7|0|1024|1024|13165|20704|245
WINDOW|seq=84|t_cs=16274470|wall_ms=260|threads=263|busy_threads=1|total_runtime_ms=252.698|total_runq_wait_ms=0.625|tgids=5032,10622,16730,17771,26538
THREAD|84|1|17771|17771|10999|sh|252.698|97.1|0.625|7|0|2|0-7|0|346|346|225|0|541
THREAD|84|2|16730|9973|10563|AppSearch_Index|0.000|0.0|0.000|0|3|3|0-7|0|1024|1024|13150|20688|240
THREAD|84|3|16730|9940|10563|AppSearch_Index|0.000|0.0|0.000|0|2|2|0-7|0|1024|1024|13115|20690|232
THREAD|84|4|26538|9612|10195|binder:26538_8|0.000|0.0|0.000|0|3|3|0-7|0|1024|1024|3404|6506|3317
THREAD|84|5|26538|9470|10195|binder:26538_B|0.000|0.0|0.000|0|6|6|0-7|0|1024|1024|2531|4304|2105
THREAD|84|6|10622|8513|10201|ExoPlayer:Playb|0.000|0.0|0.000|0|4|4|0-7|0|1024|1024|6463|10331|51
THREAD|84|7|10622|8509|10201|ExoPlayer:Playb|0.000|0.0|0.000|0|1|1|0-7|0|1024|1024|6331|10327|49
THREAD|84|8|26538|8364|10195|IMM.binder-emu|0.000|0.0|0.000|0|2|2|0-7|0|1024|1024|15737|23850|1039
THREAD|84|9|26538|8336|10195|Primes-Jank|0.000|0.0|0.000|0|4|4|0-7|0|1024|1024|16074|23866|1131
THREAD|84|10|16730|8119|10563|AppSearch_Index|0.000|0.0|0.000|0|3|3|0-7|0|1024|1024|13165|20704|245
WINDOW|seq=85|t_cs=16274496|wall_ms=260|threads=263|busy_threads=1|total_runtime_ms=253.275|total_runq_wait_ms=0.078|tgids=5032,10622,16730,17771,26538
THREAD|85|1|17771|17771|10999|sh|253.275|97.4|0.078|7|2|4|0-7|0|346|346|230|0|548
THREAD|85|2|16730|9973|10563|AppSearch_Index|0.000|0.0|0.000|0|3|3|0-7|0|1024|1024|13150|20688|240
THREAD|85|3|16730|9940|10563|AppSearch_Index|0.000|0.0|0.000|0|2|2|0-7|0|1024|1024|13115|20690|232
THREAD|85|4|26538|9612|10195|binder:26538_8|0.000|0.0|0.000|0|3|3|0-7|0|1024|1024|3404|6506|3317
THREAD|85|5|26538|9470|10195|binder:26538_B|0.000|0.0|0.000|0|6|6|0-7|0|1024|1024|2531|4304|2105
THREAD|85|6|10622|8513|10201|ExoPlayer:Playb|0.000|0.0|0.000|0|4|4|0-7|0|1024|1024|6463|10331|51
THREAD|85|7|10622|8509|10201|ExoPlayer:Playb|0.000|0.0|0.000|0|1|1|0-7|0|1024|1024|6331|10327|49
THREAD|85|8|26538|8364|10195|IMM.binder-emu|0.000|0.0|0.000|0|2|2|0-7|0|1024|1024|15737|23850|1039
THREAD|85|9|26538|8336|10195|Primes-Jank|0.000|0.0|0.000|0|4|4|0-7|0|1024|1024|16074|23866|1131
THREAD|85|10|16730|8119|10563|AppSearch_Index|0.000|0.0|0.000|0|3|3|0-7|0|1024|1024|13165|20704|245
WINDOW|seq=86|t_cs=16274521|wall_ms=250|threads=263|busy_threads=4|total_runtime_ms=252.703|total_runq_wait_ms=0.329|tgids=5032,10622,16730,17771,26538
THREAD|86|1|17771|17771|10999|sh|252.640|101.0|0.329|13|4|0|0-7|0|346|346|236|0|568
THREAD|86|2|5032|16925|10117|DefaultDispatch|0.039|0.0|0.000|1|0|0|0-7|0|1024|1024|30|106|2
THREAD|86|3|5032|23765|10117|DefaultDispatch|0.019|0.0|0.000|1|0|0|0-7|0|1024|1024|625|1689|179
THREAD|86|4|5032|7304|10117|DefaultDispatch|0.004|0.0|0.000|1|0|0|0-7|0|1024|1024|546|1342|124
THREAD|86|5|16730|9973|10563|AppSearch_Index|0.000|0.0|0.000|0|3|3|0-7|0|1024|1024|13150|20688|240
THREAD|86|6|16730|9940|10563|AppSearch_Index|0.000|0.0|0.000|0|2|2|0-7|0|1024|1024|13115|20690|232
THREAD|86|7|26538|9612|10195|binder:26538_8|0.000|0.0|0.000|0|3|3|0-7|0|1024|1024|3404|6506|3317
THREAD|86|8|26538|9470|10195|binder:26538_B|0.000|0.0|0.000|0|6|6|0-7|0|1024|1024|2531|4304|2105
THREAD|86|9|10622|8513|10201|ExoPlayer:Playb|0.000|0.0|0.000|0|4|4|0-7|0|1024|1024|6463|10331|51
THREAD|86|10|10622|8509|10201|ExoPlayer:Playb|0.000|0.0|0.000|0|1|1|0-7|0|1024|1024|6331|10327|49
WINDOW|seq=87|t_cs=16274548|wall_ms=270|threads=263|busy_threads=1|total_runtime_ms=261.410|total_runq_wait_ms=0.452|tgids=5032,10622,16730,17771,26538
THREAD|87|1|17771|17771|10999|sh|261.410|96.8|0.452|15|0|0|0-7|0|346|346|243|0|577
THREAD|87|2|16730|9973|10563|AppSearch_Index|0.000|0.0|0.000|0|3|3|0-7|0|1024|1024|13150|20688|240
THREAD|87|3|16730|9940|10563|AppSearch_Index|0.000|0.0|0.000|0|2|2|0-7|0|1024|1024|13115|20690|232
THREAD|87|4|26538|9612|10195|binder:26538_8|0.000|0.0|0.000|0|3|3|0-7|0|1024|1024|3404|6506|3317
THREAD|87|5|26538|9470|10195|binder:26538_B|0.000|0.0|0.000|0|6|6|0-7|0|1024|1024|2531|4304|2105
THREAD|87|6|10622|8513|10201|ExoPlayer:Playb|0.000|0.0|0.000|0|4|4|0-7|0|1024|1024|6463|10331|51
THREAD|87|7|10622|8509|10201|ExoPlayer:Playb|0.000|0.0|0.000|0|1|1|0-7|0|1024|1024|6331|10327|49
THREAD|87|8|26538|8364|10195|IMM.binder-emu|0.000|0.0|0.000|0|2|2|0-7|0|1024|1024|15737|23850|1039
THREAD|87|9|26538|8336|10195|Primes-Jank|0.000|0.0|0.000|0|4|4|0-7|0|1024|1024|16074|23866|1131
THREAD|87|10|16730|8119|10563|AppSearch_Index|0.000|0.0|0.000|0|3|3|0-7|0|1024|1024|13165|20704|245
WINDOW|seq=88|t_cs=16274574|wall_ms=260|threads=263|busy_threads=1|total_runtime_ms=256.888|total_runq_wait_ms=0.127|tgids=5032,10622,16730,17771,26538
THREAD|88|1|17771|17771|10999|sh|256.888|98.8|0.127|5|0|0|0-7|0|346|346|246|0|592
THREAD|88|2|16730|9973|10563|AppSearch_Index|0.000|0.0|0.000|0|3|3|0-7|0|1024|1024|13150|20688|240
THREAD|88|3|16730|9940|10563|AppSearch_Index|0.000|0.0|0.000|0|2|2|0-7|0|1024|1024|13115|20690|232
THREAD|88|4|26538|9612|10195|binder:26538_8|0.000|0.0|0.000|0|3|3|0-7|0|1024|1024|3404|6506|3317
THREAD|88|5|26538|9470|10195|binder:26538_B|0.000|0.0|0.000|0|6|6|0-7|0|1024|1024|2531|4304|2105
THREAD|88|6|10622|8513|10201|ExoPlayer:Playb|0.000|0.0|0.000|0|4|4|0-7|0|1024|1024|6463|10331|51
THREAD|88|7|10622|8509|10201|ExoPlayer:Playb|0.000|0.0|0.000|0|1|1|0-7|0|1024|1024|6331|10327|49
THREAD|88|8|26538|8364|10195|IMM.binder-emu|0.000|0.0|0.000|0|2|2|0-7|0|1024|1024|15737|23850|1039
THREAD|88|9|26538|8336|10195|Primes-Jank|0.000|0.0|0.000|0|4|4|0-7|0|1024|1024|16074|23866|1131
THREAD|88|10|16730|8119|10563|AppSearch_Index|0.000|0.0|0.000|0|3|3|0-7|0|1024|1024|13165|20704|245
WINDOW|seq=89|t_cs=16274600|wall_ms=260|threads=263|busy_threads=1|total_runtime_ms=251.453|total_runq_wait_ms=0.765|tgids=5032,10622,16730,17771,26538
THREAD|89|1|17771|17771|10999|sh|251.453|96.7|0.765|21|0|5|0-7|0|346|346|250|0|604
THREAD|89|2|16730|9973|10563|AppSearch_Index|0.000|0.0|0.000|0|3|3|0-7|0|1024|1024|13150|20688|240
THREAD|89|3|16730|9940|10563|AppSearch_Index|0.000|0.0|0.000|0|2|2|0-7|0|1024|1024|13115|20690|232
THREAD|89|4|26538|9612|10195|binder:26538_8|0.000|0.0|0.000|0|3|3|0-7|0|1024|1024|3404|6506|3317
THREAD|89|5|26538|9470|10195|binder:26538_B|0.000|0.0|0.000|0|6|6|0-7|0|1024|1024|2531|4304|2105
THREAD|89|6|10622|8513|10201|ExoPlayer:Playb|0.000|0.0|0.000|0|4|4|0-7|0|1024|1024|6463|10331|51
THREAD|89|7|10622|8509|10201|ExoPlayer:Playb|0.000|0.0|0.000|0|1|1|0-7|0|1024|1024|6331|10327|49
THREAD|89|8|26538|8364|10195|IMM.binder-emu|0.000|0.0|0.000|0|2|2|0-7|0|1024|1024|15737|23850|1039
THREAD|89|9|26538|8336|10195|Primes-Jank|0.000|0.0|0.000|0|4|4|0-7|0|1024|1024|16074|23866|1131
THREAD|89|10|16730|8119|10563|AppSearch_Index|0.000|0.0|0.000|0|3|3|0-7|0|1024|1024|13165|20704|245
WINDOW|seq=90|t_cs=16274625|wall_ms=250|threads=263|busy_threads=1|total_runtime_ms=249.089|total_runq_wait_ms=0.147|tgids=5032,10622,16730,17771,26538
THREAD|90|1|17771|17771|10999|sh|249.089|99.6|0.147|7|5|1|0-7|0|346|346|253|0|610
THREAD|90|2|16730|9973|10563|AppSearch_Index|0.000|0.0|0.000|0|3|3|0-7|0|1024|1024|13150|20688|240
THREAD|90|3|16730|9940|10563|AppSearch_Index|0.000|0.0|0.000|0|2|2|0-7|0|1024|1024|13115|20690|232
THREAD|90|4|26538|9612|10195|binder:26538_8|0.000|0.0|0.000|0|3|3|0-7|0|1024|1024|3404|6506|3317
THREAD|90|5|26538|9470|10195|binder:26538_B|0.000|0.0|0.000|0|6|6|0-7|0|1024|1024|2531|4304|2105
THREAD|90|6|10622|8513|10201|ExoPlayer:Playb|0.000|0.0|0.000|0|4|4|0-7|0|1024|1024|6463|10331|51
THREAD|90|7|10622|8509|10201|ExoPlayer:Playb|0.000|0.0|0.000|0|1|1|0-7|0|1024|1024|6331|10327|49
THREAD|90|8|26538|8364|10195|IMM.binder-emu|0.000|0.0|0.000|0|2|2|0-7|0|1024|1024|15737|23850|1039
THREAD|90|9|26538|8336|10195|Primes-Jank|0.000|0.0|0.000|0|4|4|0-7|0|1024|1024|16074|23866|1131
THREAD|90|10|16730|8119|10563|AppSearch_Index|0.000|0.0|0.000|0|3|3|0-7|0|1024|1024|13165|20704|245
WINDOW|seq=91|t_cs=16274650|wall_ms=250|threads=263|busy_threads=1|total_runtime_ms=253.554|total_runq_wait_ms=0.067|tgids=5032,10622,16730,17771,26538
THREAD|91|1|17771|17771|10999|sh|253.554|101.4|0.067|4|1|4|0-7|0|346|346|254|0|615
THREAD|91|2|16730|9973|10563|AppSearch_Index|0.000|0.0|0.000|0|3|3|0-7|0|1024|1024|13150|20688|240
THREAD|91|3|16730|9940|10563|AppSearch_Index|0.000|0.0|0.000|0|2|2|0-7|0|1024|1024|13115|20690|232
THREAD|91|4|26538|9612|10195|binder:26538_8|0.000|0.0|0.000|0|3|3|0-7|0|1024|1024|3404|6506|3317
THREAD|91|5|26538|9470|10195|binder:26538_B|0.000|0.0|0.000|0|6|6|0-7|0|1024|1024|2531|4304|2105
THREAD|91|6|10622|8513|10201|ExoPlayer:Playb|0.000|0.0|0.000|0|4|4|0-7|0|1024|1024|6463|10331|51
THREAD|91|7|10622|8509|10201|ExoPlayer:Playb|0.000|0.0|0.000|0|1|1|0-7|0|1024|1024|6331|10327|49
THREAD|91|8|26538|8364|10195|IMM.binder-emu|0.000|0.0|0.000|0|2|2|0-7|0|1024|1024|15737|23850|1039
THREAD|91|9|26538|8336|10195|Primes-Jank|0.000|0.0|0.000|0|4|4|0-7|0|1024|1024|16074|23866|1131
THREAD|91|10|16730|8119|10563|AppSearch_Index|0.000|0.0|0.000|0|3|3|0-7|0|1024|1024|13165|20704|245
WINDOW|seq=92|t_cs=16274676|wall_ms=260|threads=263|busy_threads=1|total_runtime_ms=252.599|total_runq_wait_ms=0.538|tgids=5032,10622,16730,17771,26538
THREAD|92|1|17771|17771|10999|sh|252.599|97.1|0.538|9|4|4|0-7|0|346|346|260|0|624
THREAD|92|2|16730|9973|10563|AppSearch_Index|0.000|0.0|0.000|0|3|3|0-7|0|1024|1024|13150|20688|240
THREAD|92|3|16730|9940|10563|AppSearch_Index|0.000|0.0|0.000|0|2|2|0-7|0|1024|1024|13115|20690|232
THREAD|92|4|26538|9612|10195|binder:26538_8|0.000|0.0|0.000|0|3|3|0-7|0|1024|1024|3404|6506|3317
THREAD|92|5|26538|9470|10195|binder:26538_B|0.000|0.0|0.000|0|6|6|0-7|0|1024|1024|2531|4304|2105
THREAD|92|6|10622|8513|10201|ExoPlayer:Playb|0.000|0.0|0.000|0|4|4|0-7|0|1024|1024|6463|10331|51
THREAD|92|7|10622|8509|10201|ExoPlayer:Playb|0.000|0.0|0.000|0|1|1|0-7|0|1024|1024|6331|10327|49
THREAD|92|8|26538|8364|10195|IMM.binder-emu|0.000|0.0|0.000|0|2|2|0-7|0|1024|1024|15737|23850|1039
THREAD|92|9|26538|8336|10195|Primes-Jank|0.000|0.0|0.000|0|4|4|0-7|0|1024|1024|16074|23866|1131
THREAD|92|10|16730|8119|10563|AppSearch_Index|0.000|0.0|0.000|0|3|3|0-7|0|1024|1024|13165|20704|245
WINDOW|seq=93|t_cs=16274703|wall_ms=270|threads=263|busy_threads=1|total_runtime_ms=266.743|total_runq_wait_ms=0.476|tgids=5032,10622,16730,17771,26538
THREAD|93|1|17771|17771|10999|sh|266.743|98.7|0.476|18|4|5|0-7|0|346|346|272|0|640
THREAD|93|2|16730|9973|10563|AppSearch_Index|0.000|0.0|0.000|0|3|3|0-7|0|1024|1024|13150|20688|240
THREAD|93|3|16730|9940|10563|AppSearch_Index|0.000|0.0|0.000|0|2|2|0-7|0|1024|1024|13115|20690|232
THREAD|93|4|26538|9612|10195|binder:26538_8|0.000|0.0|0.000|0|3|3|0-7|0|1024|1024|3404|6506|3317
THREAD|93|5|26538|9470|10195|binder:26538_B|0.000|0.0|0.000|0|6|6|0-7|0|1024|1024|2531|4304|2105
THREAD|93|6|10622|8513|10201|ExoPlayer:Playb|0.000|0.0|0.000|0|4|4|0-7|0|1024|1024|6463|10331|51
THREAD|93|7|10622|8509|10201|ExoPlayer:Playb|0.000|0.0|0.000|0|1|1|0-7|0|1024|1024|6331|10327|49
THREAD|93|8|26538|8364|10195|IMM.binder-emu|0.000|0.0|0.000|0|2|2|0-7|0|1024|1024|15737|23850|1039
THREAD|93|9|26538|8336|10195|Primes-Jank|0.000|0.0|0.000|0|4|4|0-7|0|1024|1024|16074|23866|1131
THREAD|93|10|16730|8119|10563|AppSearch_Index|0.000|0.0|0.000|0|3|3|0-7|0|1024|1024|13165|20704|245
WINDOW|seq=94|t_cs=16274728|wall_ms=250|threads=263|busy_threads=1|total_runtime_ms=240.928|total_runq_wait_ms=0.286|tgids=5032,10622,16730,17771,26538
THREAD|94|1|17771|17771|10999|sh|240.928|96.3|0.286|7|5|0|0-7|0|346|346|275|0|650
THREAD|94|2|16730|9973|10563|AppSearch_Index|0.000|0.0|0.000|0|3|3|0-7|0|1024|1024|13150|20688|240
THREAD|94|3|16730|9940|10563|AppSearch_Index|0.000|0.0|0.000|0|2|2|0-7|0|1024|1024|13115|20690|232
THREAD|94|4|26538|9612|10195|binder:26538_8|0.000|0.0|0.000|0|3|3|0-7|0|1024|1024|3404|6506|3317
THREAD|94|5|26538|9470|10195|binder:26538_B|0.000|0.0|0.000|0|6|6|0-7|0|1024|1024|2531|4304|2105
THREAD|94|6|10622|8513|10201|ExoPlayer:Playb|0.000|0.0|0.000|0|4|4|0-7|0|1024|1024|6463|10331|51
THREAD|94|7|10622|8509|10201|ExoPlayer:Playb|0.000|0.0|0.000|0|1|1|0-7|0|1024|1024|6331|10327|49
THREAD|94|8|26538|8364|10195|IMM.binder-emu|0.000|0.0|0.000|0|2|2|0-7|0|1024|1024|15737|23850|1039
THREAD|94|9|26538|8336|10195|Primes-Jank|0.000|0.0|0.000|0|4|4|0-7|0|1024|1024|16074|23866|1131
THREAD|94|10|16730|8119|10563|AppSearch_Index|0.000|0.0|0.000|0|3|3|0-7|0|1024|1024|13165|20704|245
WINDOW|seq=95|t_cs=16274755|wall_ms=270|threads=263|busy_threads=1|total_runtime_ms=268.891|total_runq_wait_ms=0.528|tgids=5032,10622,16730,17771,26538
THREAD|95|1|17771|17771|10999|sh|268.891|99.5|0.528|10|0|1|0-7|0|346|346|278|0|663
THREAD|95|2|16730|9973|10563|AppSearch_Index|0.000|0.0|0.000|0|3|3|0-7|0|1024|1024|13150|20688|240
THREAD|95|3|16730|9940|10563|AppSearch_Index|0.000|0.0|0.000|0|2|2|0-7|0|1024|1024|13115|20690|232
THREAD|95|4|26538|9612|10195|binder:26538_8|0.000|0.0|0.000|0|3|3|0-7|0|1024|1024|3404|6506|3317
THREAD|95|5|26538|9470|10195|binder:26538_B|0.000|0.0|0.000|0|6|6|0-7|0|1024|1024|2531|4304|2105
THREAD|95|6|10622|8513|10201|ExoPlayer:Playb|0.000|0.0|0.000|0|4|4|0-7|0|1024|1024|6463|10331|51
THREAD|95|7|10622|8509|10201|ExoPlayer:Playb|0.000|0.0|0.000|0|1|1|0-7|0|1024|1024|6331|10327|49
THREAD|95|8|26538|8364|10195|IMM.binder-emu|0.000|0.0|0.000|0|2|2|0-7|0|1024|1024|15737|23850|1039
THREAD|95|9|26538|8336|10195|Primes-Jank|0.000|0.0|0.000|0|4|4|0-7|0|1024|1024|16074|23866|1131
THREAD|95|10|16730|8119|10563|AppSearch_Index|0.000|0.0|0.000|0|3|3|0-7|0|1024|1024|13165|20704|245
WINDOW|seq=96|t_cs=16274780|wall_ms=250|threads=263|busy_threads=1|total_runtime_ms=252.240|total_runq_wait_ms=0.492|tgids=5032,10622,16730,17771,26538
THREAD|96|1|17771|17771|10999|sh|252.240|100.8|0.492|16|1|3|0-7|0|346|346|282|0|673
THREAD|96|2|16730|9973|10563|AppSearch_Index|0.000|0.0|0.000|0|3|3|0-7|0|1024|1024|13150|20688|240
THREAD|96|3|16730|9940|10563|AppSearch_Index|0.000|0.0|0.000|0|2|2|0-7|0|1024|1024|13115|20690|232
THREAD|96|4|26538|9612|10195|binder:26538_8|0.000|0.0|0.000|0|3|3|0-7|0|1024|1024|3404|6506|3317
THREAD|96|5|26538|9470|10195|binder:26538_B|0.000|0.0|0.000|0|6|6|0-7|0|1024|1024|2531|4304|2105
THREAD|96|6|10622|8513|10201|ExoPlayer:Playb|0.000|0.0|0.000|0|4|4|0-7|0|1024|1024|6463|10331|51
THREAD|96|7|10622|8509|10201|ExoPlayer:Playb|0.000|0.0|0.000|0|1|1|0-7|0|1024|1024|6331|10327|49
THREAD|96|8|26538|8364|10195|IMM.binder-emu|0.000|0.0|0.000|0|2|2|0-7|0|1024|1024|15737|23850|1039
THREAD|96|9|26538|8336|10195|Primes-Jank|0.000|0.0|0.000|0|4|4|0-7|0|1024|1024|16074|23866|1131
THREAD|96|10|16730|8119|10563|AppSearch_Index|0.000|0.0|0.000|0|3|3|0-7|0|1024|1024|13165|20704|245
WINDOW|seq=97|t_cs=16274806|wall_ms=260|threads=263|busy_threads=1|total_runtime_ms=253.207|total_runq_wait_ms=0.036|tgids=5032,10622,16730,17771,26538
THREAD|97|1|17771|17771|10999|sh|253.207|97.3|0.036|6|3|5|0-7|0|346|346|287|0|680
THREAD|97|2|16730|9973|10563|AppSearch_Index|0.000|0.0|0.000|0|3|3|0-7|0|1024|1024|13150|20688|240
THREAD|97|3|16730|9940|10563|AppSearch_Index|0.000|0.0|0.000|0|2|2|0-7|0|1024|1024|13115|20690|232
THREAD|97|4|26538|9612|10195|binder:26538_8|0.000|0.0|0.000|0|3|3|0-7|0|1024|1024|3404|6506|3317
THREAD|97|5|26538|9470|10195|binder:26538_B|0.000|0.0|0.000|0|6|6|0-7|0|1024|1024|2531|4304|2105
THREAD|97|6|10622|8513|10201|ExoPlayer:Playb|0.000|0.0|0.000|0|4|4|0-7|0|1024|1024|6463|10331|51
THREAD|97|7|10622|8509|10201|ExoPlayer:Playb|0.000|0.0|0.000|0|1|1|0-7|0|1024|1024|6331|10327|49
THREAD|97|8|26538|8364|10195|IMM.binder-emu|0.000|0.0|0.000|0|2|2|0-7|0|1024|1024|15737|23850|1039
THREAD|97|9|26538|8336|10195|Primes-Jank|0.000|0.0|0.000|0|4|4|0-7|0|1024|1024|16074|23866|1131
THREAD|97|10|16730|8119|10563|AppSearch_Index|0.000|0.0|0.000|0|3|3|0-7|0|1024|1024|13165|20704|245
WINDOW|seq=98|t_cs=16274833|wall_ms=270|threads=263|busy_threads=1|total_runtime_ms=264.321|total_runq_wait_ms=0.420|tgids=5032,10622,16730,17771,26538
THREAD|98|1|17771|17771|10999|sh|264.321|97.8|0.420|6|5|4|0-7|0|346|346|296|0|685
THREAD|98|2|16730|9973|10563|AppSearch_Index|0.000|0.0|0.000|0|3|3|0-7|0|1024|1024|13150|20688|240
THREAD|98|3|16730|9940|10563|AppSearch_Index|0.000|0.0|0.000|0|2|2|0-7|0|1024|1024|13115|20690|232
THREAD|98|4|26538|9612|10195|binder:26538_8|0.000|0.0|0.000|0|3|3|0-7|0|1024|1024|3404|6506|3317
THREAD|98|5|26538|9470|10195|binder:26538_B|0.000|0.0|0.000|0|6|6|0-7|0|1024|1024|2531|4304|2105
THREAD|98|6|10622|8513|10201|ExoPlayer:Playb|0.000|0.0|0.000|0|4|4|0-7|0|1024|1024|6463|10331|51
THREAD|98|7|10622|8509|10201|ExoPlayer:Playb|0.000|0.0|0.000|0|1|1|0-7|0|1024|1024|6331|10327|49
THREAD|98|8|26538|8364|10195|IMM.binder-emu|0.000|0.0|0.000|0|2|2|0-7|0|1024|1024|15737|23850|1039
THREAD|98|9|26538|8336|10195|Primes-Jank|0.000|0.0|0.000|0|4|4|0-7|0|1024|1024|16074|23866|1131
THREAD|98|10|16730|8119|10563|AppSearch_Index|0.000|0.0|0.000|0|3|3|0-7|0|1024|1024|13165|20704|245
WINDOW|seq=99|t_cs=16274858|wall_ms=250|threads=263|busy_threads=1|total_runtime_ms=253.566|total_runq_wait_ms=0.096|tgids=5032,10622,16730,17771,26538
THREAD|99|1|17771|17771|10999|sh|253.566|101.4|0.096|5|4|4|0-7|0|346|346|298|0|690
THREAD|99|2|16730|9973|10563|AppSearch_Index|0.000|0.0|0.000|0|3|3|0-7|0|1024|1024|13150|20688|240
THREAD|99|3|16730|9940|10563|AppSearch_Index|0.000|0.0|0.000|0|2|2|0-7|0|1024|1024|13115|20690|232
THREAD|99|4|26538|9612|10195|binder:26538_8|0.000|0.0|0.000|0|3|3|0-7|0|1024|1024|3404|6506|3317
THREAD|99|5|26538|9470|10195|binder:26538_B|0.000|0.0|0.000|0|6|6|0-7|0|1024|1024|2531|4304|2105
THREAD|99|6|10622|8513|10201|ExoPlayer:Playb|0.000|0.0|0.000|0|4|4|0-7|0|1024|1024|6463|10331|51
THREAD|99|7|10622|8509|10201|ExoPlayer:Playb|0.000|0.0|0.000|0|1|1|0-7|0|1024|1024|6331|10327|49
THREAD|99|8|26538|8364|10195|IMM.binder-emu|0.000|0.0|0.000|0|2|2|0-7|0|1024|1024|15737|23850|1039
THREAD|99|9|26538|8336|10195|Primes-Jank|0.000|0.0|0.000|0|4|4|0-7|0|1024|1024|16074|23866|1131
THREAD|99|10|16730|8119|10563|AppSearch_Index|0.000|0.0|0.000|0|3|3|0-7|0|1024|1024|13165|20704|245
WINDOW|seq=100|t_cs=16274884|wall_ms=260|threads=263|busy_threads=1|total_runtime_ms=251.719|total_runq_wait_ms=0.757|tgids=5032,10622,16730,17771,26538
THREAD|100|1|17771|17771|10999|sh|251.719|96.8|0.757|16|4|5|0-7|0|346|346|306|0|708
THREAD|100|2|16730|9973|10563|AppSearch_Index|0.000|0.0|0.000|0|3|3|0-7|0|1024|1024|13150|20688|240
THREAD|100|3|16730|9940|10563|AppSearch_Index|0.000|0.0|0.000|0|2|2|0-7|0|1024|1024|13115|20690|232
THREAD|100|4|26538|9612|10195|binder:26538_8|0.000|0.0|0.000|0|3|3|0-7|0|1024|1024|3404|6506|3317
THREAD|100|5|26538|9470|10195|binder:26538_B|0.000|0.0|0.000|0|6|6|0-7|0|1024|1024|2531|4304|2105
THREAD|100|6|10622|8513|10201|ExoPlayer:Playb|0.000|0.0|0.000|0|4|4|0-7|0|1024|1024|6463|10331|51
THREAD|100|7|10622|8509|10201|ExoPlayer:Playb|0.000|0.0|0.000|0|1|1|0-7|0|1024|1024|6331|10327|49
THREAD|100|8|26538|8364|10195|IMM.binder-emu|0.000|0.0|0.000|0|2|2|0-7|0|1024|1024|15737|23850|1039
THREAD|100|9|26538|8336|10195|Primes-Jank|0.000|0.0|0.000|0|4|4|0-7|0|1024|1024|16074|23866|1131
THREAD|100|10|16730|8119|10563|AppSearch_Index|0.000|0.0|0.000|0|3|3|0-7|0|1024|1024|13165|20704|245
WINDOW|seq=101|t_cs=16274910|wall_ms=260|threads=263|busy_threads=1|total_runtime_ms=252.166|total_runq_wait_ms=0.161|tgids=5032,10622,16730,17771,26538
THREAD|101|1|17771|17771|10999|sh|252.166|96.9|0.161|7|5|4|0-7|0|346|346|312|0|714
THREAD|101|2|16730|9973|10563|AppSearch_Index|0.000|0.0|0.000|0|3|3|0-7|0|1024|1024|13150|20688|240
THREAD|101|3|16730|9940|10563|AppSearch_Index|0.000|0.0|0.000|0|2|2|0-7|0|1024|1024|13115|20690|232
THREAD|101|4|26538|9612|10195|binder:26538_8|0.000|0.0|0.000|0|3|3|0-7|0|1024|1024|3404|6506|3317
THREAD|101|5|26538|9470|10195|binder:26538_B|0.000|0.0|0.000|0|6|6|0-7|0|1024|1024|2531|4304|2105
THREAD|101|6|10622|8513|10201|ExoPlayer:Playb|0.000|0.0|0.000|0|4|4|0-7|0|1024|1024|6463|10331|51
THREAD|101|7|10622|8509|10201|ExoPlayer:Playb|0.000|0.0|0.000|0|1|1|0-7|0|1024|1024|6331|10327|49
THREAD|101|8|26538|8364|10195|IMM.binder-emu|0.000|0.0|0.000|0|2|2|0-7|0|1024|1024|15737|23850|1039
THREAD|101|9|26538|8336|10195|Primes-Jank|0.000|0.0|0.000|0|4|4|0-7|0|1024|1024|16074|23866|1131
THREAD|101|10|16730|8119|10563|AppSearch_Index|0.000|0.0|0.000|0|3|3|0-7|0|1024|1024|13165|20704|245
WINDOW|seq=102|t_cs=16274935|wall_ms=250|threads=263|busy_threads=1|total_runtime_ms=253.058|total_runq_wait_ms=0.158|tgids=5032,10622,16730,17771,26538
THREAD|102|1|17771|17771|10999|sh|253.058|101.2|0.158|4|4|0|0-7|0|346|346|316|0|724
THREAD|102|2|16730|9973|10563|AppSearch_Index|0.000|0.0|0.000|0|3|3|0-7|0|1024|1024|13150|20688|240
THREAD|102|3|16730|9940|10563|AppSearch_Index|0.000|0.0|0.000|0|2|2|0-7|0|1024|1024|13115|20690|232
THREAD|102|4|26538|9612|10195|binder:26538_8|0.000|0.0|0.000|0|3|3|0-7|0|1024|1024|3404|6506|3317
THREAD|102|5|26538|9470|10195|binder:26538_B|0.000|0.0|0.000|0|6|6|0-7|0|1024|1024|2531|4304|2105
THREAD|102|6|10622|8513|10201|ExoPlayer:Playb|0.000|0.0|0.000|0|4|4|0-7|0|1024|1024|6463|10331|51
THREAD|102|7|10622|8509|10201|ExoPlayer:Playb|0.000|0.0|0.000|0|1|1|0-7|0|1024|1024|6331|10327|49
THREAD|102|8|26538|8364|10195|IMM.binder-emu|0.000|0.0|0.000|0|2|2|0-7|0|1024|1024|15737|23850|1039
THREAD|102|9|26538|8336|10195|Primes-Jank|0.000|0.0|0.000|0|4|4|0-7|0|1024|1024|16074|23866|1131
THREAD|102|10|16730|8119|10563|AppSearch_Index|0.000|0.0|0.000|0|3|3|0-7|0|1024|1024|13165|20704|245
WINDOW|seq=103|t_cs=16274961|wall_ms=260|threads=263|busy_threads=1|total_runtime_ms=252.214|total_runq_wait_ms=1.444|tgids=5032,10622,16730,17771,26538
THREAD|103|1|17771|17771|10999|sh|252.214|97.0|1.444|16|0|4|0-7|0|346|346|321|0|734
THREAD|103|2|16730|9973|10563|AppSearch_Index|0.000|0.0|0.000|0|3|3|0-7|0|1024|1024|13150|20688|240
THREAD|103|3|16730|9940|10563|AppSearch_Index|0.000|0.0|0.000|0|2|2|0-7|0|1024|1024|13115|20690|232
THREAD|103|4|26538|9612|10195|binder:26538_8|0.000|0.0|0.000|0|3|3|0-7|0|1024|1024|3404|6506|3317
THREAD|103|5|26538|9470|10195|binder:26538_B|0.000|0.0|0.000|0|6|6|0-7|0|1024|1024|2531|4304|2105
THREAD|103|6|10622|8513|10201|ExoPlayer:Playb|0.000|0.0|0.000|0|4|4|0-7|0|1024|1024|6463|10331|51
THREAD|103|7|10622|8509|10201|ExoPlayer:Playb|0.000|0.0|0.000|0|1|1|0-7|0|1024|1024|6331|10327|49
THREAD|103|8|26538|8364|10195|IMM.binder-emu|0.000|0.0|0.000|0|2|2|0-7|0|1024|1024|15737|23850|1039
THREAD|103|9|26538|8336|10195|Primes-Jank|0.000|0.0|0.000|0|4|4|0-7|0|1024|1024|16074|23866|1131
THREAD|103|10|16730|8119|10563|AppSearch_Index|0.000|0.0|0.000|0|3|3|0-7|0|1024|1024|13165|20704|245
WINDOW|seq=104|t_cs=16274987|wall_ms=260|threads=263|busy_threads=1|total_runtime_ms=256.034|total_runq_wait_ms=0.306|tgids=5032,10622,16730,17771,26538
THREAD|104|1|17771|17771|10999|sh|256.034|98.4|0.306|15|4|5|0-7|0|346|346|329|0|749
THREAD|104|2|16730|9973|10563|AppSearch_Index|0.000|0.0|0.000|0|3|3|0-7|0|1024|1024|13150|20688|240
THREAD|104|3|16730|9940|10563|AppSearch_Index|0.000|0.0|0.000|0|2|2|0-7|0|1024|1024|13115|20690|232
THREAD|104|4|26538|9612|10195|binder:26538_8|0.000|0.0|0.000|0|3|3|0-7|0|1024|1024|3404|6506|3317
THREAD|104|5|26538|9470|10195|binder:26538_B|0.000|0.0|0.000|0|6|6|0-7|0|1024|1024|2531|4304|2105
THREAD|104|6|10622|8513|10201|ExoPlayer:Playb|0.000|0.0|0.000|0|4|4|0-7|0|1024|1024|6463|10331|51
THREAD|104|7|10622|8509|10201|ExoPlayer:Playb|0.000|0.0|0.000|0|1|1|0-7|0|1024|1024|6331|10327|49
THREAD|104|8|26538|8364|10195|IMM.binder-emu|0.000|0.0|0.000|0|2|2|0-7|0|1024|1024|15737|23850|1039
THREAD|104|9|26538|8336|10195|Primes-Jank|0.000|0.0|0.000|0|4|4|0-7|0|1024|1024|16074|23866|1131
THREAD|104|10|16730|8119|10563|AppSearch_Index|0.000|0.0|0.000|0|3|3|0-7|0|1024|1024|13165|20704|245
WINDOW|seq=105|t_cs=16275014|wall_ms=270|threads=263|busy_threads=1|total_runtime_ms=263.393|total_runq_wait_ms=0.550|tgids=5032,10622,16730,17771,26538
THREAD|105|1|17771|17771|10999|sh|263.393|97.5|0.550|17|5|5|0-7|0|346|346|333|0|767
THREAD|105|2|16730|9973|10563|AppSearch_Index|0.000|0.0|0.000|0|3|3|0-7|0|1024|1024|13150|20688|240
THREAD|105|3|16730|9940|10563|AppSearch_Index|0.000|0.0|0.000|0|2|2|0-7|0|1024|1024|13115|20690|232
THREAD|105|4|26538|9612|10195|binder:26538_8|0.000|0.0|0.000|0|3|3|0-7|0|1024|1024|3404|6506|3317
THREAD|105|5|26538|9470|10195|binder:26538_B|0.000|0.0|0.000|0|6|6|0-7|0|1024|1024|2531|4304|2105
THREAD|105|6|10622|8513|10201|ExoPlayer:Playb|0.000|0.0|0.000|0|4|4|0-7|0|1024|1024|6463|10331|51
THREAD|105|7|10622|8509|10201|ExoPlayer:Playb|0.000|0.0|0.000|0|1|1|0-7|0|1024|1024|6331|10327|49
THREAD|105|8|26538|8364|10195|IMM.binder-emu|0.000|0.0|0.000|0|2|2|0-7|0|1024|1024|15737|23850|1039
THREAD|105|9|26538|8336|10195|Primes-Jank|0.000|0.0|0.000|0|4|4|0-7|0|1024|1024|16074|23866|1131
THREAD|105|10|16730|8119|10563|AppSearch_Index|0.000|0.0|0.000|0|3|3|0-7|0|1024|1024|13165|20704|245
WINDOW|seq=106|t_cs=16275039|wall_ms=250|threads=263|busy_threads=1|total_runtime_ms=252.133|total_runq_wait_ms=0.430|tgids=5032,10622,16730,17771,26538
THREAD|106|1|17771|17771|10999|sh|252.133|100.8|0.430|10|5|5|0-7|0|346|346|337|0|777
THREAD|106|2|16730|9973|10563|AppSearch_Index|0.000|0.0|0.000|0|3|3|0-7|0|1024|1024|13150|20688|240
THREAD|106|3|16730|9940|10563|AppSearch_Index|0.000|0.0|0.000|0|2|2|0-7|0|1024|1024|13115|20690|232
THREAD|106|4|26538|9612|10195|binder:26538_8|0.000|0.0|0.000|0|3|3|0-7|0|1024|1024|3404|6506|3317
THREAD|106|5|26538|9470|10195|binder:26538_B|0.000|0.0|0.000|0|6|6|0-7|0|1024|1024|2531|4304|2105
THREAD|106|6|10622|8513|10201|ExoPlayer:Playb|0.000|0.0|0.000|0|4|4|0-7|0|1024|1024|6463|10331|51
THREAD|106|7|10622|8509|10201|ExoPlayer:Playb|0.000|0.0|0.000|0|1|1|0-7|0|1024|1024|6331|10327|49
THREAD|106|8|26538|8364|10195|IMM.binder-emu|0.000|0.0|0.000|0|2|2|0-7|0|1024|1024|15737|23850|1039
THREAD|106|9|26538|8336|10195|Primes-Jank|0.000|0.0|0.000|0|4|4|0-7|0|1024|1024|16074|23866|1131
THREAD|106|10|16730|8119|10563|AppSearch_Index|0.000|0.0|0.000|0|3|3|0-7|0|1024|1024|13165|20704|245
WINDOW|seq=107|t_cs=16275066|wall_ms=270|threads=263|busy_threads=1|total_runtime_ms=264.015|total_runq_wait_ms=0.502|tgids=5032,10622,16730,17771,26538
THREAD|107|1|17771|17771|10999|sh|264.015|97.7|0.502|17|5|5|0-7|0|346|346|343|0|793
THREAD|107|2|16730|9973|10563|AppSearch_Index|0.000|0.0|0.000|0|3|3|0-7|0|1024|1024|13150|20688|240
THREAD|107|3|16730|9940|10563|AppSearch_Index|0.000|0.0|0.000|0|2|2|0-7|0|1024|1024|13115|20690|232
THREAD|107|4|26538|9612|10195|binder:26538_8|0.000|0.0|0.000|0|3|3|0-7|0|1024|1024|3404|6506|3317
THREAD|107|5|26538|9470|10195|binder:26538_B|0.000|0.0|0.000|0|6|6|0-7|0|1024|1024|2531|4304|2105
THREAD|107|6|10622|8513|10201|ExoPlayer:Playb|0.000|0.0|0.000|0|4|4|0-7|0|1024|1024|6463|10331|51
THREAD|107|7|10622|8509|10201|ExoPlayer:Playb|0.000|0.0|0.000|0|1|1|0-7|0|1024|1024|6331|10327|49
THREAD|107|8|26538|8364|10195|IMM.binder-emu|0.000|0.0|0.000|0|2|2|0-7|0|1024|1024|15737|23850|1039
THREAD|107|9|26538|8336|10195|Primes-Jank|0.000|0.0|0.000|0|4|4|0-7|0|1024|1024|16074|23866|1131
THREAD|107|10|16730|8119|10563|AppSearch_Index|0.000|0.0|0.000|0|3|3|0-7|0|1024|1024|13165|20704|245
WINDOW|seq=108|t_cs=16275091|wall_ms=250|threads=263|busy_threads=1|total_runtime_ms=248.779|total_runq_wait_ms=0.673|tgids=5032,10622,16730,17771,26538
THREAD|108|1|17771|17771|10999|sh|248.779|99.5|0.673|11|5|4|0-7|0|346|346|348|0|805
THREAD|108|2|16730|9973|10563|AppSearch_Index|0.000|0.0|0.000|0|3|3|0-7|0|1024|1024|13150|20688|240
THREAD|108|3|16730|9940|10563|AppSearch_Index|0.000|0.0|0.000|0|2|2|0-7|0|1024|1024|13115|20690|232
THREAD|108|4|26538|9612|10195|binder:26538_8|0.000|0.0|0.000|0|3|3|0-7|0|1024|1024|3404|6506|3317
THREAD|108|5|26538|9470|10195|binder:26538_B|0.000|0.0|0.000|0|6|6|0-7|0|1024|1024|2531|4304|2105
THREAD|108|6|10622|8513|10201|ExoPlayer:Playb|0.000|0.0|0.000|0|4|4|0-7|0|1024|1024|6463|10331|51
THREAD|108|7|10622|8509|10201|ExoPlayer:Playb|0.000|0.0|0.000|0|1|1|0-7|0|1024|1024|6331|10327|49
THREAD|108|8|26538|8364|10195|IMM.binder-emu|0.000|0.0|0.000|0|2|2|0-7|0|1024|1024|15737|23850|1039
THREAD|108|9|26538|8336|10195|Primes-Jank|0.000|0.0|0.000|0|4|4|0-7|0|1024|1024|16074|23866|1131
THREAD|108|10|16730|8119|10563|AppSearch_Index|0.000|0.0|0.000|0|3|3|0-7|0|1024|1024|13165|20704|245
WINDOW|seq=109|t_cs=16275117|wall_ms=260|threads=263|busy_threads=1|total_runtime_ms=249.694|total_runq_wait_ms=0.196|tgids=5032,10622,16730,17771,26538
THREAD|109|1|17771|17771|10999|sh|249.694|96.0|0.196|4|4|5|0-7|0|346|346|351|0|810
THREAD|109|2|16730|9973|10563|AppSearch_Index|0.000|0.0|0.000|0|3|3|0-7|0|1024|1024|13150|20688|240
THREAD|109|3|16730|9940|10563|AppSearch_Index|0.000|0.0|0.000|0|2|2|0-7|0|1024|1024|13115|20690|232
THREAD|109|4|26538|9612|10195|binder:26538_8|0.000|0.0|0.000|0|3|3|0-7|0|1024|1024|3404|6506|3317
THREAD|109|5|26538|9470|10195|binder:26538_B|0.000|0.0|0.000|0|6|6|0-7|0|1024|1024|2531|4304|2105
THREAD|109|6|10622|8513|10201|ExoPlayer:Playb|0.000|0.0|0.000|0|4|4|0-7|0|1024|1024|6463|10331|51
THREAD|109|7|10622|8509|10201|ExoPlayer:Playb|0.000|0.0|0.000|0|1|1|0-7|0|1024|1024|6331|10327|49
THREAD|109|8|26538|8364|10195|IMM.binder-emu|0.000|0.0|0.000|0|2|2|0-7|0|1024|1024|15737|23850|1039
THREAD|109|9|26538|8336|10195|Primes-Jank|0.000|0.0|0.000|0|4|4|0-7|0|1024|1024|16074|23866|1131
THREAD|109|10|16730|8119|10563|AppSearch_Index|0.000|0.0|0.000|0|3|3|0-7|0|1024|1024|13165|20704|245
WINDOW|seq=110|t_cs=16275143|wall_ms=260|threads=263|busy_threads=1|total_runtime_ms=261.789|total_runq_wait_ms=2.928|tgids=5032,10622,16730,17771,26538
THREAD|110|1|17771|17771|10999|sh|261.789|100.6|2.928|27|5|0|0-7|0|346|346|362|0|838
THREAD|110|2|16730|9973|10563|AppSearch_Index|0.000|0.0|0.000|0|3|3|0-7|0|1024|1024|13150|20688|240
THREAD|110|3|16730|9940|10563|AppSearch_Index|0.000|0.0|0.000|0|2|2|0-7|0|1024|1024|13115|20690|232
THREAD|110|4|26538|9612|10195|binder:26538_8|0.000|0.0|0.000|0|3|3|0-7|0|1024|1024|3404|6506|3317
THREAD|110|5|26538|9470|10195|binder:26538_B|0.000|0.0|0.000|0|6|6|0-7|0|1024|1024|2531|4304|2105
THREAD|110|6|10622|8513|10201|ExoPlayer:Playb|0.000|0.0|0.000|0|4|4|0-7|0|1024|1024|6463|10331|51
THREAD|110|7|10622|8509|10201|ExoPlayer:Playb|0.000|0.0|0.000|0|1|1|0-7|0|1024|1024|6331|10327|49
THREAD|110|8|26538|8364|10195|IMM.binder-emu|0.000|0.0|0.000|0|2|2|0-7|0|1024|1024|15737|23850|1039
THREAD|110|9|26538|8336|10195|Primes-Jank|0.000|0.0|0.000|0|4|4|0-7|0|1024|1024|16074|23866|1131
THREAD|110|10|16730|8119|10563|AppSearch_Index|0.000|0.0|0.000|0|3|3|0-7|0|1024|1024|13165|20704|245
WINDOW|seq=111|t_cs=16275169|wall_ms=260|threads=263|busy_threads=1|total_runtime_ms=255.759|total_runq_wait_ms=1.310|tgids=5032,10622,16730,17771,26538
THREAD|111|1|17771|17771|10999|sh|255.759|98.3|1.310|18|0|2|0-7|0|346|346|367|0|852
THREAD|111|2|16730|9973|10563|AppSearch_Index|0.000|0.0|0.000|0|3|3|0-7|0|1024|1024|13150|20688|240
THREAD|111|3|16730|9940|10563|AppSearch_Index|0.000|0.0|0.000|0|2|2|0-7|0|1024|1024|13115|20690|232
THREAD|111|4|26538|9612|10195|binder:26538_8|0.000|0.0|0.000|0|3|3|0-7|0|1024|1024|3404|6506|3317
THREAD|111|5|26538|9470|10195|binder:26538_B|0.000|0.0|0.000|0|6|6|0-7|0|1024|1024|2531|4304|2105
THREAD|111|6|10622|8513|10201|ExoPlayer:Playb|0.000|0.0|0.000|0|4|4|0-7|0|1024|1024|6463|10331|51
THREAD|111|7|10622|8509|10201|ExoPlayer:Playb|0.000|0.0|0.000|0|1|1|0-7|0|1024|1024|6331|10327|49
THREAD|111|8|26538|8364|10195|IMM.binder-emu|0.000|0.0|0.000|0|2|2|0-7|0|1024|1024|15737|23850|1039
THREAD|111|9|26538|8336|10195|Primes-Jank|0.000|0.0|0.000|0|4|4|0-7|0|1024|1024|16074|23866|1131
THREAD|111|10|16730|8119|10563|AppSearch_Index|0.000|0.0|0.000|0|3|3|0-7|0|1024|1024|13165|20704|245
WINDOW|seq=112|t_cs=16275193|wall_ms=240|threads=263|busy_threads=1|total_runtime_ms=237.332|total_runq_wait_ms=0.159|tgids=5032,10622,16730,17771,26538
THREAD|112|1|17771|17771|10999|sh|237.332|98.8|0.159|7|2|5|0-7|0|346|346|373|0|859
THREAD|112|2|16730|9973|10563|AppSearch_Index|0.000|0.0|0.000|0|3|3|0-7|0|1024|1024|13150|20688|240
THREAD|112|3|16730|9940|10563|AppSearch_Index|0.000|0.0|0.000|0|2|2|0-7|0|1024|1024|13115|20690|232
THREAD|112|4|26538|9612|10195|binder:26538_8|0.000|0.0|0.000|0|3|3|0-7|0|1024|1024|3404|6506|3317
THREAD|112|5|26538|9470|10195|binder:26538_B|0.000|0.0|0.000|0|6|6|0-7|0|1024|1024|2531|4304|2105
THREAD|112|6|10622|8513|10201|ExoPlayer:Playb|0.000|0.0|0.000|0|4|4|0-7|0|1024|1024|6463|10331|51
THREAD|112|7|10622|8509|10201|ExoPlayer:Playb|0.000|0.0|0.000|0|1|1|0-7|0|1024|1024|6331|10327|49
THREAD|112|8|26538|8364|10195|IMM.binder-emu|0.000|0.0|0.000|0|2|2|0-7|0|1024|1024|15737|23850|1039
THREAD|112|9|26538|8336|10195|Primes-Jank|0.000|0.0|0.000|0|4|4|0-7|0|1024|1024|16074|23866|1131
THREAD|112|10|16730|8119|10563|AppSearch_Index|0.000|0.0|0.000|0|3|3|0-7|0|1024|1024|13165|20704|245
WINDOW|seq=113|t_cs=16275219|wall_ms=260|threads=263|busy_threads=1|total_runtime_ms=253.382|total_runq_wait_ms=0.077|tgids=5032,10622,16730,17771,26538
THREAD|113|1|17771|17771|10999|sh|253.382|97.4|0.077|3|5|0|0-7|0|346|346|376|0|866
THREAD|113|2|16730|9973|10563|AppSearch_Index|0.000|0.0|0.000|0|3|3|0-7|0|1024|1024|13150|20688|240
THREAD|113|3|16730|9940|10563|AppSearch_Index|0.000|0.0|0.000|0|2|2|0-7|0|1024|1024|13115|20690|232
THREAD|113|4|26538|9612|10195|binder:26538_8|0.000|0.0|0.000|0|3|3|0-7|0|1024|1024|3404|6506|3317
THREAD|113|5|26538|9470|10195|binder:26538_B|0.000|0.0|0.000|0|6|6|0-7|0|1024|1024|2531|4304|2105
THREAD|113|6|10622|8513|10201|ExoPlayer:Playb|0.000|0.0|0.000|0|4|4|0-7|0|1024|1024|6463|10331|51
THREAD|113|7|10622|8509|10201|ExoPlayer:Playb|0.000|0.0|0.000|0|1|1|0-7|0|1024|1024|6331|10327|49
THREAD|113|8|26538|8364|10195|IMM.binder-emu|0.000|0.0|0.000|0|2|2|0-7|0|1024|1024|15737|23850|1039
THREAD|113|9|26538|8336|10195|Primes-Jank|0.000|0.0|0.000|0|4|4|0-7|0|1024|1024|16074|23866|1131
THREAD|113|10|16730|8119|10563|AppSearch_Index|0.000|0.0|0.000|0|3|3|0-7|0|1024|1024|13165|20704|245
WINDOW|seq=114|t_cs=16275246|wall_ms=270|threads=263|busy_threads=1|total_runtime_ms=263.792|total_runq_wait_ms=0.573|tgids=5032,10622,16730,17771,26538
THREAD|114|1|17771|17771|10999|sh|263.792|97.7|0.573|13|0|0|0-7|0|346|346|382|0|876
THREAD|114|2|16730|9973|10563|AppSearch_Index|0.000|0.0|0.000|0|3|3|0-7|0|1024|1024|13150|20688|240
THREAD|114|3|16730|9940|10563|AppSearch_Index|0.000|0.0|0.000|0|2|2|0-7|0|1024|1024|13115|20690|232
THREAD|114|4|26538|9612|10195|binder:26538_8|0.000|0.0|0.000|0|3|3|0-7|0|1024|1024|3404|6506|3317
THREAD|114|5|26538|9470|10195|binder:26538_B|0.000|0.0|0.000|0|6|6|0-7|0|1024|1024|2531|4304|2105
THREAD|114|6|10622|8513|10201|ExoPlayer:Playb|0.000|0.0|0.000|0|4|4|0-7|0|1024|1024|6463|10331|51
THREAD|114|7|10622|8509|10201|ExoPlayer:Playb|0.000|0.0|0.000|0|1|1|0-7|0|1024|1024|6331|10327|49
THREAD|114|8|26538|8364|10195|IMM.binder-emu|0.000|0.0|0.000|0|2|2|0-7|0|1024|1024|15737|23850|1039
THREAD|114|9|26538|8336|10195|Primes-Jank|0.000|0.0|0.000|0|4|4|0-7|0|1024|1024|16074|23866|1131
THREAD|114|10|16730|8119|10563|AppSearch_Index|0.000|0.0|0.000|0|3|3|0-7|0|1024|1024|13165|20704|245
WINDOW|seq=115|t_cs=16275271|wall_ms=250|threads=263|busy_threads=1|total_runtime_ms=251.980|total_runq_wait_ms=0.510|tgids=5032,10622,16730,17771,26538
THREAD|115|1|17771|17771|10999|sh|251.980|100.7|0.510|13|0|4|0-7|0|346|346|386|0|889
THREAD|115|2|16730|9973|10563|AppSearch_Index|0.000|0.0|0.000|0|3|3|0-7|0|1024|1024|13150|20688|240
THREAD|115|3|16730|9940|10563|AppSearch_Index|0.000|0.0|0.000|0|2|2|0-7|0|1024|1024|13115|20690|232
THREAD|115|4|26538|9612|10195|binder:26538_8|0.000|0.0|0.000|0|3|3|0-7|0|1024|1024|3404|6506|3317
THREAD|115|5|26538|9470|10195|binder:26538_B|0.000|0.0|0.000|0|6|6|0-7|0|1024|1024|2531|4304|2105
THREAD|115|6|10622|8513|10201|ExoPlayer:Playb|0.000|0.0|0.000|0|4|4|0-7|0|1024|1024|6463|10331|51
THREAD|115|7|10622|8509|10201|ExoPlayer:Playb|0.000|0.0|0.000|0|1|1|0-7|0|1024|1024|6331|10327|49
THREAD|115|8|26538|8364|10195|IMM.binder-emu|0.000|0.0|0.000|0|2|2|0-7|0|1024|1024|15737|23850|1039
THREAD|115|9|26538|8336|10195|Primes-Jank|0.000|0.0|0.000|0|4|4|0-7|0|1024|1024|16074|23866|1131
THREAD|115|10|16730|8119|10563|AppSearch_Index|0.000|0.0|0.000|0|3|3|0-7|0|1024|1024|13165|20704|245
WINDOW|seq=116|t_cs=16275297|wall_ms=260|threads=263|busy_threads=1|total_runtime_ms=256.147|total_runq_wait_ms=0.543|tgids=5032,10622,16730,17771,26538
THREAD|116|1|17771|17771|10999|sh|256.147|98.5|0.543|17|4|5|0-7|0|346|346|399|0|911
THREAD|116|2|16730|9973|10563|AppSearch_Index|0.000|0.0|0.000|0|3|3|0-7|0|1024|1024|13150|20688|240
THREAD|116|3|16730|9940|10563|AppSearch_Index|0.000|0.0|0.000|0|2|2|0-7|0|1024|1024|13115|20690|232
THREAD|116|4|26538|9612|10195|binder:26538_8|0.000|0.0|0.000|0|3|3|0-7|0|1024|1024|3404|6506|3317
THREAD|116|5|26538|9470|10195|binder:26538_B|0.000|0.0|0.000|0|6|6|0-7|0|1024|1024|2531|4304|2105
THREAD|116|6|10622|8513|10201|ExoPlayer:Playb|0.000|0.0|0.000|0|4|4|0-7|0|1024|1024|6463|10331|51
THREAD|116|7|10622|8509|10201|ExoPlayer:Playb|0.000|0.0|0.000|0|1|1|0-7|0|1024|1024|6331|10327|49
THREAD|116|8|26538|8364|10195|IMM.binder-emu|0.000|0.0|0.000|0|2|2|0-7|0|1024|1024|15737|23850|1039
THREAD|116|9|26538|8336|10195|Primes-Jank|0.000|0.0|0.000|0|4|4|0-7|0|1024|1024|16074|23866|1131
THREAD|116|10|16730|8119|10563|AppSearch_Index|0.000|0.0|0.000|0|3|3|0-7|0|1024|1024|13165|20704|245
END|windows=116|elapsed_s=30
