META|version=2|duration_s=32|interval_ms=250|top_n=10|kernel=6.6.118-android15-8-g2e6b9c3812c5-ab15114928-4k|read_only=yes
FIELDS|THREAD|seq|rank|tgid|tid|uid|comm|runtime_ms|runtime_pct|runq_wait_ms|slices|cpu_start|cpu_end|allowed|uclamp_min|uclamp_max|uclamp_max_eff|migrations_total|vol_ctx_total|nonvol_ctx_total
WINDOW|seq=1|t_cs=16281421|wall_ms=280|threads=352|busy_threads=4|total_runtime_ms=8.012|total_runq_wait_ms=0.702|tgids=5032,10622,22534,25017,26538,27172,30630
THREAD|1|1|22534|26965|10192|ThreadPoolForeg|5.424|1.9|0.000|14|0|1|0-7|0|1024|1024|1555|5077|1227
THREAD|1|2|25017|25032|90002|CrRendererMain|2.294|0.8|0.666|26|4|0|0-7|0|1024|1024|113|267|27
THREAD|1|3|22534|22534|10192|.android.chrome|0.160|0.0|0.000|3|4|4|0-7|0|1024|1024|3219|6938|840
THREAD|1|4|22534|26963|10192|ThreadPoolServi|0.133|0.0|0.035|1|1|0|0-7|0|1024|1024|108|188|27
THREAD|1|5|30630|9782|10324|binder:30630_7|0.000|0.0|0.000|0|0|0|0-7|0|1024|1024|246|472|239
THREAD|1|6|26538|9612|10195|binder:26538_8|0.000|0.0|0.000|0|3|3|0-7|0|1024|1024|3404|6507|3317
THREAD|1|7|26538|9470|10195|binder:26538_B|0.000|0.0|0.000|0|6|6|0-7|0|1024|1024|2531|4304|2105
THREAD|1|8|10622|8513|10201|ExoPlayer:Playb|0.000|0.0|0.000|0|4|4|0-7|0|1024|1024|6463|10331|51
THREAD|1|9|10622|8509|10201|ExoPlayer:Playb|0.000|0.0|0.000|0|1|1|0-7|0|1024|1024|6331|10327|49
THREAD|1|10|26538|8364|10195|IMM.binder-emu|0.000|0.0|0.000|0|2|2|0-7|0|1024|1024|15737|23850|1039
WINDOW|seq=2|t_cs=16281448|wall_ms=270|threads=352|busy_threads=3|total_runtime_ms=4.512|total_runq_wait_ms=0.000|tgids=5032,10622,22534,25017,26538,27172,30630
THREAD|2|1|22534|26965|10192|ThreadPoolForeg|3.561|1.3|0.000|11|1|1|0-7|0|1024|1024|1555|5088|1227
THREAD|2|2|22534|22534|10192|.android.chrome|0.649|0.2|0.000|1|4|0|0-7|0|1024|1024|3220|6939|840
THREAD|2|3|25017|25032|90002|CrRendererMain|0.301|0.1|0.000|2|0|0|0-7|0|1024|1024|113|269|27
THREAD|2|4|30630|9782|10324|binder:30630_7|0.000|0.0|0.000|0|0|0|0-7|0|1024|1024|246|472|239
THREAD|2|5|26538|9612|10195|binder:26538_8|0.000|0.0|0.000|0|3|3|0-7|0|1024|1024|3404|6507|3317
THREAD|2|6|26538|9470|10195|binder:26538_B|0.000|0.0|0.000|0|6|6|0-7|0|1024|1024|2531|4304|2105
THREAD|2|7|10622|8513|10201|ExoPlayer:Playb|0.000|0.0|0.000|0|4|4|0-7|0|1024|1024|6463|10331|51
THREAD|2|8|10622|8509|10201|ExoPlayer:Playb|0.000|0.0|0.000|0|1|1|0-7|0|1024|1024|6331|10327|49
THREAD|2|9|26538|8364|10195|IMM.binder-emu|0.000|0.0|0.000|0|2|2|0-7|0|1024|1024|15737|23850|1039
THREAD|2|10|26538|8336|10195|Primes-Jank|0.000|0.0|0.000|0|4|4|0-7|0|1024|1024|16074|23866|1131
WINDOW|seq=3|t_cs=16281474|wall_ms=260|threads=351|busy_threads=0|total_runtime_ms=0.000|total_runq_wait_ms=0.000|tgids=5032,10622,22534,25017,26538,27172,30630
THREAD|3|1|30630|9782|10324|binder:30630_7|0.000|0.0|0.000|0|0|0|0-7|0|1024|1024|246|472|239
THREAD|3|2|26538|9612|10195|binder:26538_8|0.000|0.0|0.000|0|3|3|0-7|0|1024|1024|3404|6507|3317
THREAD|3|3|26538|9470|10195|binder:26538_B|0.000|0.0|0.000|0|6|6|0-7|0|1024|1024|2531|4304|2105
THREAD|3|4|10622|8513|10201|ExoPlayer:Playb|0.000|0.0|0.000|0|4|4|0-7|0|1024|1024|6463|10331|51
THREAD|3|5|10622|8509|10201|ExoPlayer:Playb|0.000|0.0|0.000|0|1|1|0-7|0|1024|1024|6331|10327|49
THREAD|3|6|26538|8364|10195|IMM.binder-emu|0.000|0.0|0.000|0|2|2|0-7|0|1024|1024|15737|23850|1039
THREAD|3|7|26538|8336|10195|Primes-Jank|0.000|0.0|0.000|0|4|4|0-7|0|1024|1024|16074|23866|1131
THREAD|3|8|22534|7879|10192|binder:22534_8|0.000|0.0|0.000|0|3|3|0-7|0|1024|1024|137|230|48
THREAD|3|9|5032|7304|10117|DefaultDispatch|0.000|0.0|0.000|0|0|0|0-7|0|1024|1024|546|1343|124
THREAD|3|10|5032|7262|10117|DefaultDispatch|0.000|0.0|0.000|0|0|0|0-7|0|1024|1024|510|1398|93
WINDOW|seq=4|t_cs=16281500|wall_ms=260|threads=351|busy_threads=15|total_runtime_ms=89.465|total_runq_wait_ms=7.015|tgids=5032,10622,22534,25017,26538,27172,30630
THREAD|4|1|27172|27305|10192|VizCompositorTh|17.441|6.7|0.218|88|1|1|0-7|0|1024|1024|3216|4794|245
THREAD|4|2|25017|25032|90002|CrRendererMain|12.850|4.9|0.236|33|0|5|0-7|0|1024|1024|130|301|34
THREAD|4|3|27172|27307|10192|CompositorGpuTh|10.790|4.1|2.755|57|0|2|0-7|0|1024|1024|2176|2121|1566
THREAD|4|4|25017|25039|90002|Compositor|9.898|3.8|0.563|84|0|2|0-7|0|1024|1024|173|431|35
THREAD|4|5|22534|22534|10192|.android.chrome|9.093|3.4|0.232|29|0|1|0-7|0|1024|1024|3239|6966|845
THREAD|4|6|25017|25035|90002|ThreadPoolForeg|8.648|3.3|1.699|18|4|1|0-7|0|1024|1024|69|175|46
THREAD|4|7|27172|27239|10192|CrGpuMain|8.017|3.0|0.114|23|5|3|0-7|0|1024|1024|590|999|168
THREAD|4|8|25017|25036|90002|ThreadPoolForeg|5.781|2.2|0.232|9|1|1|0-7|0|1024|1024|33|49|59
THREAD|4|9|27172|27303|10192|Chrome_ChildIOT|2.711|1.0|0.138|14|5|2|0-7|0|1024|1024|388|740|29
THREAD|4|10|27172|27199|10192|binder:27172_2|1.833|0.7|0.696|16|5|3|0-7|0|1024|1024|361|586|78
WINDOW|seq=5|t_cs=16281526|wall_ms=260|threads=351|busy_threads=14|total_runtime_ms=128.173|total_runq_wait_ms=4.601|tgids=5032,10622,22534,25017,26538,27172,30630
THREAD|5|1|27172|27305|10192|VizCompositorTh|29.068|11.1|0.080|122|1|3|0-7|0|1024|1024|3288|4913|247
THREAD|5|2|25017|25032|90002|CrRendererMain|19.398|7.4|0.185|32|5|5|0-7|0|1024|1024|153|337|36
THREAD|5|3|25017|25039|90002|Compositor|18.772|7.2|0.504|116|2|0|0-7|0|1024|1024|232|542|44
THREAD|5|4|27172|27307|10192|CompositorGpuTh|17.209|6.6|2.934|83|2|0|0-7|0|1024|1024|2224|2174|1598
THREAD|5|5|25017|25035|90002|ThreadPoolForeg|14.118|5.4|0.000|5|1|4|0-7|0|1024|1024|73|180|47
THREAD|5|6|27172|27239|10192|CrGpuMain|13.193|5.0|0.090|16|3|3|0-7|0|1024|1024|597|1012|169
THREAD|5|7|22534|22534|10192|.android.chrome|8.258|3.1|0.040|17|1|3|0-7|0|1024|1024|3260|6988|849
THREAD|5|8|27172|27199|10192|binder:27172_2|3.054|1.1|0.284|29|3|2|0-7|0|1024|1024|376|611|82
THREAD|5|9|22534|27090|10192|NetworkService|1.688|0.6|0.157|9|0|2|0-7|0|1024|1024|997|2349|984
THREAD|5|10|22534|27086|10192|Chrome_IOThread|1.293|0.4|0.250|23|4|0|0-7|0|1024|1024|1824|3693|152
WINDOW|seq=6|t_cs=16281551|wall_ms=250|threads=351|busy_threads=15|total_runtime_ms=150.420|total_runq_wait_ms=6.831|tgids=5032,10622,22534,25017,26538,27172,30630
THREAD|6|1|25017|25032|90002|CrRendererMain|33.460|13.3|0.426|51|5|0|0-7|0|1024|1024|175|381|43
THREAD|6|2|27172|27305|10192|VizCompositorTh|25.503|10.2|0.318|130|3|1|0-7|0|1024|1024|3367|5039|251
THREAD|6|3|25017|25039|90002|Compositor|19.299|7.7|0.398|129|0|4|0-7|0|1024|1024|275|662|48
THREAD|6|4|25017|25035|90002|ThreadPoolForeg|18.369|7.3|0.179|16|4|4|0-7|0|1024|1024|84|190|52
THREAD|6|5|27172|27307|10192|CompositorGpuTh|17.164|6.8|3.312|95|0|0|0-7|0|1024|1024|2284|2230|1632
THREAD|6|6|27172|27239|10192|CrGpuMain|9.931|3.9|0.000|9|3|3|0-7|0|1024|1024|605|1026|169
THREAD|6|7|22534|27090|10192|NetworkService|8.406|3.3|0.517|44|2|5|0-7|0|1024|1024|1013|2387|990
THREAD|6|8|22534|22534|10192|.android.chrome|7.358|2.9|0.145|28|3|0|0-7|0|1024|1024|3277|7011|850
THREAD|6|9|22534|26965|10192|ThreadPoolForeg|3.658|1.4|1.220|16|0|4|0-7|0|1024|1024|1572|5113|1230
THREAD|6|10|27172|27199|10192|binder:27172_2|2.882|1.1|0.054|25|2|2|0-7|0|1024|1024|390|635|85
WINDOW|seq=7|t_cs=16281575|wall_ms=240|threads=351|busy_threads=20|total_runtime_ms=115.768|total_runq_wait_ms=8.611|tgids=5032,10622,22534,25017,26538,27172,30630
THREAD|7|1|27172|27305|10192|VizCompositorTh|23.378|9.7|0.480|123|1|3|0-7|0|1024|1024|3455|5157|256
THREAD|7|2|25017|25032|90002|CrRendererMain|21.890|9.1|0.857|38|0|4|0-7|0|1024|1024|193|413|44
THREAD|7|3|25017|25039|90002|Compositor|16.532|6.8|0.532|119|4|3|0-7|0|1024|1024|325|772|59
THREAD|7|4|27172|27307|10192|CompositorGpuTh|16.478|6.8|5.239|81|0|1|0-7|0|1024|1024|2347|2281|1668
THREAD|7|5|22534|22534|10192|.android.chrome|9.478|3.9|0.531|38|0|1|0-7|0|1024|1024|3294|7039|852
THREAD|7|6|25017|25035|90002|ThreadPoolForeg|8.722|3.6|0.018|6|4|2|0-7|0|1024|1024|90|196|52
THREAD|7|7|27172|27239|10192|CrGpuMain|7.323|3.0|0.000|14|3|4|0-7|0|1024|1024|608|1036|169
THREAD|7|8|22534|26965|10192|ThreadPoolForeg|3.308|1.3|0.054|30|4|4|0-7|0|1024|1024|1581|5139|1231
THREAD|7|9|27172|27199|10192|binder:27172_2|2.827|1.1|0.189|24|2|2|0-7|0|1024|1024|405|657|88
THREAD|7|10|22534|27090|10192|NetworkService|1.659|0.6|0.171|11|5|5|0-7|0|1024|1024|1017|2418|998
WINDOW|seq=8|t_cs=16281602|wall_ms=270|threads=351|busy_threads=14|total_runtime_ms=106.311|total_runq_wait_ms=6.315|tgids=5032,10622,22534,25017,26538,27172,30630
THREAD|8|1|27172|27305|10192|VizCompositorTh|23.731|8.7|0.665|138|3|1|0-7|0|1024|1024|3546|5294|258
THREAD|8|2|25017|25032|90002|CrRendererMain|21.790|8.0|0.420|49|4|4|0-7|0|1024|1024|220|463|50
THREAD|8|3|25017|25039|90002|Compositor|17.387|6.4|0.686|151|3|2|0-7|0|1024|1024|389|912|72
THREAD|8|4|27172|27307|10192|CompositorGpuTh|16.021|5.9|2.821|95|1|2|0-7|0|1024|1024|2409|2341|1706
THREAD|8|5|22534|22534|10192|.android.chrome|8.072|2.9|0.053|19|1|0|0-7|0|1024|1024|3307|7057|854
THREAD|8|6|27172|27239|10192|CrGpuMain|7.195|2.6|0.117|16|4|3|0-7|0|1024|1024|619|1050|171
THREAD|8|7|25017|25035|90002|ThreadPoolForeg|3.952|1.4|0.067|8|2|1|0-7|0|1024|1024|97|203|61
THREAD|8|8|22534|27090|10192|NetworkService|2.998|1.1|0.704|36|5|3|0-7|0|1024|1024|1020|2428|1005
THREAD|8|9|27172|27199|10192|binder:27172_2|2.411|0.8|0.017|25|2|3|0-7|0|1024|1024|412|681|89
THREAD|8|10|22534|27086|10192|Chrome_IOThread|1.224|0.4|0.048|29|4|2|0-7|0|1024|1024|1863|3784|154
WINDOW|seq=9|t_cs=16281627|wall_ms=250|threads=351|busy_threads=18|total_runtime_ms=141.353|total_runq_wait_ms=12.552|tgids=5032,10622,22534,25017,26538,27172,30630
THREAD|9|1|25017|25032|90002|CrRendererMain|32.181|12.8|0.528|68|4|2|0-7|0|1024|1024|251|509|64
THREAD|9|2|27172|27305|10192|VizCompositorTh|23.481|9.3|0.247|139|1|0|0-7|0|1024|1024|3640|5428|263
THREAD|9|3|27172|27307|10192|CompositorGpuTh|18.724|7.4|3.374|102|2|2|0-7|0|1024|1024|2475|2402|1740
THREAD|9|4|25017|25039|90002|Compositor|17.645|7.0|0.676|153|2|4|0-7|0|1024|1024|454|1062|81
THREAD|9|5|27172|27239|10192|CrGpuMain|10.912|4.3|0.088|14|3|1|0-7|0|1024|1024|629|1062|174
THREAD|9|6|22534|27090|10192|NetworkService|10.619|4.2|4.512|33|3|3|0-7|0|1024|1024|1031|2453|1014
THREAD|9|7|22534|22534|10192|.android.chrome|9.695|3.8|0.078|32|0|1|0-7|0|1024|1024|3330|7087|858
THREAD|9|8|25017|25035|90002|ThreadPoolForeg|7.942|3.1|1.267|28|1|4|0-7|0|1024|1024|107|219|66
THREAD|9|9|27172|27215|10192|binder:27172_3|2.518|1.0|0.165|25|4|3|0-7|0|1024|1024|114|173|42
THREAD|9|10|22534|26983|10192|ThreadPoolForeg|2.396|0.9|0.261|13|4|3|0-7|0|1024|1024|643|1615|540
WINDOW|seq=10|t_cs=16281654|wall_ms=270|threads=351|busy_threads=16|total_runtime_ms=118.269|total_runq_wait_ms=6.633|tgids=5032,10622,22534,25017,26538,27172,30630
THREAD|10|1|25017|25032|90002|CrRendererMain|23.014|8.5|0.283|53|2|5|0-7|0|1024|1024|282|555|73
THREAD|10|2|27172|27305|10192|VizCompositorTh|21.621|8.0|0.221|138|0|2|0-7|0|1024|1024|3740|5557|271
THREAD|10|3|25017|25039|90002|Compositor|18.374|6.8|0.586|167|4|2|0-7|0|1024|1024|517|1214|91
THREAD|10|4|27172|27307|10192|CompositorGpuTh|16.744|6.2|3.391|98|2|0|0-7|0|1024|1024|2536|2459|1782
THREAD|10|5|27172|27239|10192|CrGpuMain|13.746|5.0|0.189|17|1|2|0-7|0|1024|1024|640|1074|177
THREAD|10|6|25017|25035|90002|ThreadPoolForeg|7.153|2.6|0.182|14|4|4|0-7|0|1024|1024|121|241|73
THREAD|10|7|22534|22534|10192|.android.chrome|6.200|2.2|0.122|22|1|1|0-7|0|1024|1024|3348|7108|861
THREAD|10|8|22534|27090|10192|NetworkService|4.326|1.6|1.047|15|3|5|0-7|0|1024|1024|1057|2500|1021
THREAD|10|9|27172|27215|10192|binder:27172_3|2.897|1.0|0.093|25|3|3|0-7|0|1024|1024|125|198|43
THREAD|10|10|22534|27086|10192|Chrome_IOThread|1.547|0.5|0.100|30|0|3|0-7|0|1024|1024|1903|3862|157
WINDOW|seq=11|t_cs=16281680|wall_ms=260|threads=351|busy_threads=25|total_runtime_ms=229.899|total_runq_wait_ms=22.999|tgids=5032,10622,22534,25017,26538,27172,30630
THREAD|11|1|25017|25032|90002|CrRendererMain|64.743|24.9|0.159|43|5|4|0-7|0|1024|1024|299|594|75
THREAD|11|2|25017|25036|90002|ThreadPoolForeg|37.442|14.4|2.524|47|0|1|0-7|0|1024|1024|55|74|87
THREAD|11|3|25017|25035|90002|ThreadPoolForeg|26.892|10.3|2.737|88|4|1|0-7|0|1024|1024|146|293|93
THREAD|11|4|27172|27305|10192|VizCompositorTh|20.674|7.9|0.257|133|2|2|0-7|0|1024|1024|3824|5688|273
THREAD|11|5|25017|25039|90002|Compositor|17.894|6.8|0.731|157|2|5|0-7|0|1024|1024|578|1366|100
THREAD|11|6|27172|27307|10192|CompositorGpuTh|16.815|6.4|3.312|102|0|0|0-7|0|1024|1024|2615|2522|1824
THREAD|11|7|27172|27239|10192|CrGpuMain|15.143|5.8|0.030|19|2|5|0-7|0|1024|1024|647|1095|177
THREAD|11|8|22534|27090|10192|NetworkService|10.499|4.0|4.287|73|5|2|0-7|0|1024|1024|1068|2522|1023
THREAD|11|9|22534|22534|10192|.android.chrome|9.021|3.4|0.128|30|1|2|0-7|0|1024|1024|3367|7130|865
THREAD|11|10|27172|27215|10192|binder:27172_3|2.420|0.9|0.003|24|3|1|0-7|0|1024|1024|133|221|44
WINDOW|seq=12|t_cs=16281706|wall_ms=260|threads=351|busy_threads=13|total_runtime_ms=116.764|total_runq_wait_ms=5.967|tgids=5032,10622,22534,25017,26538,27172,30630
THREAD|12|1|27172|27305|10192|VizCompositorTh|25.001|9.6|0.364|145|2|0|0-7|0|1024|1024|3918|5825|282
THREAD|12|2|25017|25032|90002|CrRendererMain|24.163|9.2|0.401|51|4|1|0-7|0|1024|1024|331|647|82
THREAD|12|3|27172|27307|10192|CompositorGpuTh|18.625|7.1|3.406|95|0|1|0-7|0|1024|1024|2693|2581|1861
THREAD|12|4|25017|25039|90002|Compositor|17.863|6.8|0.477|166|5|3|0-7|0|1024|1024|636|1527|110
THREAD|12|5|27172|27239|10192|CrGpuMain|13.820|5.3|0.070|15|5|2|0-7|0|1024|1024|658|1108|178
THREAD|12|6|25017|25035|90002|ThreadPoolForeg|5.578|2.1|0.429|18|1|4|0-7|0|1024|1024|154|302|103
THREAD|12|7|22534|22534|10192|.android.chrome|4.393|1.6|0.010|19|2|2|0-7|0|1024|1024|3380|7154|865
THREAD|12|8|27172|27215|10192|binder:27172_3|3.045|1.1|0.161|27|1|0|0-7|0|1024|1024|143|246|48
THREAD|12|9|22534|27086|10192|Chrome_IOThread|1.396|0.5|0.376|31|0|5|0-7|0|1024|1024|1932|3928|162
THREAD|12|10|27172|27303|10192|Chrome_ChildIOT|1.343|0.5|0.183|23|0|5|0-7|0|1024|1024|446|832|33
WINDOW|seq=13|t_cs=16281731|wall_ms=250|threads=351|busy_threads=16|total_runtime_ms=158.055|total_runq_wait_ms=5.023|tgids=5032,10622,22534,25017,26538,27172,30630
THREAD|13|1|25017|25032|90002|CrRendererMain|38.297|15.3|0.224|54|1|3|0-7|0|1024|1024|360|691|99
THREAD|13|2|27172|27305|10192|VizCompositorTh|24.592|9.8|0.364|126|0|0|0-7|0|1024|1024|4002|5947|285
THREAD|13|3|27172|27239|10192|CrGpuMain|24.590|9.8|0.109|20|2|2|0-7|0|1024|1024|672|1132|180
THREAD|13|4|27172|27307|10192|CompositorGpuTh|18.081|7.2|2.493|98|1|5|0-7|0|1024|1024|2756|2638|1895
THREAD|13|5|25017|25039|90002|Compositor|17.969|7.1|0.390|149|3|2|0-7|0|1024|1024|701|1685|115
THREAD|13|6|25017|25035|90002|ThreadPoolForeg|12.685|5.0|0.279|21|4|4|0-7|0|1024|1024|173|319|117
THREAD|13|7|22534|22534|10192|.android.chrome|6.621|2.6|0.304|22|2|3|0-7|0|1024|1024|3397|7173|870
THREAD|13|8|22534|27090|10192|NetworkService|5.856|2.3|0.019|9|2|5|0-7|0|1024|1024|1074|2534|1032
THREAD|13|9|27172|27215|10192|binder:27172_3|2.625|1.0|0.013|25|0|1|0-7|0|1024|1024|154|270|50
THREAD|13|10|25017|25037|90002|Chrome_ChildIOT|2.013|0.8|0.142|29|3|0|0-7|0|1024|1024|271|637|6
WINDOW|seq=14|t_cs=16281758|wall_ms=270|threads=352|busy_threads=15|total_runtime_ms=124.340|total_runq_wait_ms=7.518|tgids=5032,10622,22534,25017,26538,27172,30630
THREAD|14|1|25017|25032|90002|CrRendererMain|25.743|9.5|0.395|52|3|3|0-7|0|1024|1024|380|734|103
THREAD|14|2|25017|25039|90002|Compositor|20.293|7.5|0.722|170|2|2|0-7|0|1024|1024|761|1827|121
THREAD|14|3|27172|27305|10192|VizCompositorTh|20.054|7.4|0.107|131|0|2|0-7|0|1024|1024|4078|6074|288
THREAD|14|4|27172|27307|10192|CompositorGpuTh|15.847|5.8|2.277|91|5|2|0-7|0|1024|1024|2837|2700|1929
THREAD|14|5|27172|27239|10192|CrGpuMain|14.009|5.1|0.008|20|2|5|0-7|0|1024|1024|685|1149|181
THREAD|14|6|25017|25035|90002|ThreadPoolForeg|11.060|4.0|0.433|23|4|3|0-7|0|1024|1024|180|333|121
THREAD|14|7|22534|22534|10192|.android.chrome|5.451|2.0|0.000|20|3|1|0-7|0|1024|1024|3413|7193|871
THREAD|14|8|22534|27090|10192|NetworkService|3.839|1.4|1.351|20|5|0|0-7|0|1024|1024|1080|2543|1032
THREAD|14|9|27172|27215|10192|binder:27172_3|2.847|1.0|0.014|24|1|1|0-7|0|1024|1024|169|293|51
THREAD|14|10|25017|25037|90002|Chrome_ChildIOT|1.637|0.6|0.110|39|0|3|0-7|0|1024|1024|288|664|6
WINDOW|seq=15|t_cs=16281783|wall_ms=250|threads=352|busy_threads=18|total_runtime_ms=213.911|total_runq_wait_ms=12.306|tgids=5032,10622,22534,25017,26538,27172,30630
THREAD|15|1|25017|25032|90002|CrRendererMain|57.044|22.8|0.183|58|3|2|0-7|0|1024|1024|411|781|112
THREAD|15|2|27172|27239|10192|CrGpuMain|27.989|11.1|0.263|34|5|3|0-7|0|1024|1024|700|1172|189
THREAD|15|3|25017|25035|90002|ThreadPoolForeg|27.713|11.0|1.811|49|3|5|0-7|0|1024|1024|206|355|142
THREAD|15|4|25017|25039|90002|Compositor|22.342|8.9|0.600|171|2|5|0-7|0|1024|1024|828|1986|129
THREAD|15|5|27172|27305|10192|VizCompositorTh|21.716|8.6|0.130|130|2|0|0-7|0|1024|1024|4161|6200|292
THREAD|15|6|27172|27307|10192|CompositorGpuTh|18.702|7.4|4.136|114|2|0|0-7|0|1024|1024|2918|2763|1979
THREAD|15|7|22534|27090|10192|NetworkService|16.633|6.6|1.349|61|0|0|0-7|0|1024|1024|1107|2587|1048
THREAD|15|8|22534|22534|10192|.android.chrome|7.010|2.8|0.392|33|1|0|0-7|0|1024|1024|3427|7214|876
THREAD|15|9|25017|25037|90002|Chrome_ChildIOT|3.688|1.4|0.819|81|3|3|0-7|0|1024|1024|328|741|8
THREAD|15|10|27172|27215|10192|binder:27172_3|2.849|1.1|0.141|26|1|2|0-7|0|1024|1024|181|318|55
WINDOW|seq=16|t_cs=16281809|wall_ms=260|threads=352|busy_threads=17|total_runtime_ms=147.604|total_runq_wait_ms=9.063|tgids=5032,10622,22534,25017,26538,27172,30630
THREAD|16|1|27172|27239|10192|CrGpuMain|31.635|12.1|0.602|31|3|1|0-7|0|1024|1024|714|1196|199
THREAD|16|2|25017|25032|90002|CrRendererMain|25.126|9.6|0.473|68|2|3|0-7|0|1024|1024|430|834|118
THREAD|16|3|27172|27305|10192|VizCompositorTh|21.861|8.4|0.393|140|0|1|0-7|0|1024|1024|4248|6333|298
THREAD|16|4|25017|25039|90002|Compositor|20.187|7.7|0.681|149|5|5|0-7|0|1024|1024|898|2140|137
THREAD|16|5|27172|27307|10192|CompositorGpuTh|19.926|7.6|3.385|101|0|3|0-7|0|1024|1024|2996|2822|2024
THREAD|16|6|25017|25035|90002|ThreadPoolForeg|10.406|4.0|1.102|30|5|5|0-7|0|1024|1024|230|377|166
THREAD|16|7|22534|22534|10192|.android.chrome|5.846|2.2|0.108|22|0|2|0-7|0|1024|1024|3449|7238|878
THREAD|16|8|22534|27090|10192|NetworkService|3.634|1.3|0.102|9|0|1|0-7|0|1024|1024|1118|2606|1049
THREAD|16|9|27172|27215|10192|binder:27172_3|2.087|0.8|0.897|16|2|0|0-7|0|1024|1024|186|331|55
THREAD|16|10|25017|25037|90002|Chrome_ChildIOT|2.021|0.7|0.192|37|3|5|0-7|0|1024|1024|359|795|12
WINDOW|seq=17|t_cs=16281836|wall_ms=270|threads=352|busy_threads=21|total_runtime_ms=195.599|total_runq_wait_ms=12.483|tgids=5032,10622,22534,25017,26538,27172,30630
THREAD|17|1|25017|25032|90002|CrRendererMain|46.369|17.1|0.485|71|3|2|0-7|0|1024|1024|456|896|127
THREAD|17|2|25017|25035|90002|ThreadPoolForeg|27.261|10.0|2.422|65|5|4|0-7|0|1024|1024|261|398|198
THREAD|17|3|27172|27239|10192|CrGpuMain|26.680|9.8|0.032|27|1|3|0-7|0|1024|1024|726|1219|200
THREAD|17|4|27172|27305|10192|VizCompositorTh|25.796|9.5|2.282|142|1|3|0-7|0|1024|1024|4317|6466|310
THREAD|17|5|25017|25039|90002|Compositor|22.963|8.5|0.355|186|5|5|0-7|0|1024|1024|954|2314|141
THREAD|17|6|27172|27307|10192|CompositorGpuTh|16.848|6.2|3.436|97|3|4|0-7|0|1024|1024|3060|2877|2069
THREAD|17|7|22534|22534|10192|.android.chrome|10.917|4.0|0.128|31|2|2|0-7|0|1024|1024|3472|7262|882
THREAD|17|8|22534|27090|10192|NetworkService|6.381|2.3|0.457|29|1|4|0-7|0|1024|1024|1120|2615|1058
THREAD|17|9|25017|25037|90002|Chrome_ChildIOT|2.951|1.0|0.643|71|5|0|0-7|0|1024|1024|381|845|12
THREAD|17|10|27172|27199|10192|binder:27172_2|2.223|0.8|0.265|25|1|2|0-7|0|1024|1024|430|718|90
WINDOW|seq=18|t_cs=16281861|wall_ms=250|threads=354|busy_threads=17|total_runtime_ms=122.865|total_runq_wait_ms=7.783|tgids=5032,10622,22534,25017,26538,27172,30630
THREAD|18|1|27172|27305|10192|VizCompositorTh|24.624|9.8|0.365|136|3|1|0-7|0|1024|1024|4401|6588|320
THREAD|18|2|25017|25032|90002|CrRendererMain|23.757|9.5|0.316|45|2|4|0-7|0|1024|1024|482|942|137
THREAD|18|3|25017|25039|90002|Compositor|19.951|7.9|0.852|153|5|2|0-7|0|1024|1024|1023|2456|151
THREAD|18|4|27172|27307|10192|CompositorGpuTh|17.604|7.0|4.214|105|4|0|0-7|0|1024|1024|3123|2932|2111
THREAD|18|5|27172|27239|10192|CrGpuMain|15.686|6.2|0.061|18|3|3|0-7|0|1024|1024|736|1235|201
THREAD|18|6|25017|25035|90002|ThreadPoolForeg|8.648|3.4|0.434|18|4|0|0-7|0|1024|1024|274|415|207
THREAD|18|7|22534|22534|10192|.android.chrome|4.361|1.7|0.120|12|2|3|0-7|0|1024|1024|3490|7282|888
THREAD|18|8|27172|31867|10192|binder:27172_4|2.589|1.0|0.337|26|6|3|0-7|0|1024|1024|42|88|3
THREAD|18|9|25017|25037|90002|Chrome_ChildIOT|1.403|0.5|0.057|30|0|1|0-7|0|1024|1024|402|899|13
THREAD|18|10|22534|27086|10192|Chrome_IOThread|1.341|0.5|0.000|18|4|5|0-7|0|1024|1024|2033|4143|163
WINDOW|seq=19|t_cs=16281886|wall_ms=250|threads=354|busy_threads=19|total_runtime_ms=169.405|total_runq_wait_ms=10.782|tgids=5032,10622,22534,25017,26538,27172,30630
THREAD|19|1|25017|25035|90002|ThreadPoolForeg|32.641|13.0|1.369|26|0|3|0-7|0|1024|1024|284|428|214
THREAD|19|2|25017|25032|90002|CrRendererMain|31.390|12.5|0.260|52|4|5|0-7|0|1024|1024|506|985|142
THREAD|19|3|27172|27305|10192|VizCompositorTh|23.220|9.2|0.171|115|1|0|0-7|0|1024|1024|4488|6706|323
THREAD|19|4|27172|27239|10192|CrGpuMain|19.071|7.6|0.080|26|3|3|0-7|0|1024|1024|745|1259|204
THREAD|19|5|25017|25039|90002|Compositor|18.135|7.2|0.784|158|2|2|0-7|0|1024|1024|1077|2621|155
THREAD|19|6|27172|27307|10192|CompositorGpuTh|14.973|5.9|3.668|86|0|0|0-7|0|1024|1024|3176|2987|2151
THREAD|19|7|22534|22534|10192|.android.chrome|8.650|3.4|0.874|32|3|0|0-7|0|1024|1024|3508|7303|894
THREAD|19|8|22534|27090|10192|NetworkService|7.894|3.1|0.640|32|3|1|0-7|0|1024|1024|1137|2645|1064
THREAD|19|9|25017|25037|90002|Chrome_ChildIOT|2.321|0.9|0.174|58|1|5|0-7|0|1024|1024|423|944|13
THREAD|19|10|27172|31867|10192|binder:27172_4|2.144|0.8|1.252|23|3|2|0-7|0|1024|1024|49|112|4
WINDOW|seq=20|t_cs=16281912|wall_ms=260|threads=354|busy_threads=18|total_runtime_ms=152.294|total_runq_wait_ms=4.352|tgids=5032,10622,22534,25017,26538,27172,30630
THREAD|20|1|25017|25032|90002|CrRendererMain|33.774|12.9|0.123|52|5|4|0-7|0|1024|1024|539|1029|153
THREAD|20|2|27172|27239|10192|CrGpuMain|28.924|11.1|0.189|15|3|3|0-7|0|1024|1024|755|1274|206
THREAD|20|3|27172|27305|10192|VizCompositorTh|19.533|7.5|0.167|135|0|5|0-7|0|1024|1024|4571|6834|327
THREAD|20|4|25017|25039|90002|Compositor|18.852|7.2|0.434|172|2|2|0-7|0|1024|1024|1142|2783|165
THREAD|20|5|27172|27307|10192|CompositorGpuTh|16.025|6.1|2.530|99|0|1|0-7|0|1024|1024|3247|3045|2182
THREAD|20|6|25017|25035|90002|ThreadPoolForeg|14.489|5.5|0.212|22|3|2|0-7|0|1024|1024|293|442|219
THREAD|20|7|22534|22534|10192|.android.chrome|6.884|2.6|0.004|26|0|1|0-7|0|1024|1024|3531|7331|896
THREAD|20|8|27172|27303|10192|Chrome_ChildIOT|3.669|1.4|0.058|26|4|5|0-7|0|1024|1024|572|1062|40
THREAD|20|9|22534|27090|10192|NetworkService|2.979|1.1|0.002|7|1|3|0-7|0|1024|1024|1142|2660|1066
THREAD|20|10|27172|31867|10192|binder:27172_4|2.351|0.9|0.023|25|2|2|0-7|0|1024|1024|59|135|5
WINDOW|seq=21|t_cs=16281937|wall_ms=250|threads=354|busy_threads=14|total_runtime_ms=131.285|total_runq_wait_ms=4.632|tgids=5032,10622,22534,25017,26538,27172,30630
THREAD|21|1|27172|27239|10192|CrGpuMain|25.423|10.1|0.018|18|3|0|0-7|0|1024|1024|760|1289|206
THREAD|21|2|25017|25032|90002|CrRendererMain|25.222|10.0|0.146|48|4|5|0-7|0|1024|1024|558|1064|157
THREAD|21|3|27172|27305|10192|VizCompositorTh|18.500|7.4|0.232|129|5|1|0-7|0|1024|1024|4653|6959|330
THREAD|21|4|25017|25039|90002|Compositor|17.263|6.9|0.560|159|2|0|0-7|0|1024|1024|1201|2923|173
THREAD|21|5|27172|27307|10192|CompositorGpuTh|15.411|6.1|2.176|91|1|0|0-7|0|1024|1024|3314|3106|2216
THREAD|21|6|25017|25035|90002|ThreadPoolForeg|13.308|5.3|0.158|15|2|5|0-7|0|1024|1024|300|449|229
THREAD|21|7|22534|22534|10192|.android.chrome|6.574|2.6|0.068|29|1|2|0-7|0|1024|1024|3541|7344|899
THREAD|21|8|27172|31867|10192|binder:27172_4|2.494|0.9|0.008|23|2|3|0-7|0|1024|1024|69|158|7
THREAD|21|9|22534|27090|10192|NetworkService|2.307|0.9|0.285|18|3|3|0-7|0|1024|1024|1145|2668|1066
THREAD|21|10|25017|25037|90002|Chrome_ChildIOT|1.822|0.7|0.249|39|2|3|0-7|0|1024|1024|467|1024|15
WINDOW|seq=22|t_cs=16281963|wall_ms=260|threads=354|busy_threads=16|total_runtime_ms=134.713|total_runq_wait_ms=7.446|tgids=5032,10622,22534,25017,26538,27172,30630
THREAD|22|1|25017|25032|90002|CrRendererMain|27.045|10.4|0.629|48|5|3|0-7|0|1024|1024|586|1104|165
THREAD|22|2|27172|27239|10192|CrGpuMain|21.468|8.2|0.033|21|0|4|0-7|0|1024|1024|774|1309|206
THREAD|22|3|27172|27305|10192|VizCompositorTh|21.406|8.2|0.475|146|1|1|0-7|0|1024|1024|4741|7094|342
THREAD|22|4|25017|25039|90002|Compositor|21.130|8.1|0.785|186|0|2|0-7|0|1024|1024|1273|3093|187
THREAD|22|5|27172|27307|10192|CompositorGpuTh|17.278|6.6|4.090|98|0|0|0-7|0|1024|1024|3370|3160|2260
THREAD|22|6|25017|25035|90002|ThreadPoolForeg|10.752|4.1|0.686|33|5|4|0-7|0|1024|1024|317|458|249
THREAD|22|7|22534|22534|10192|.android.chrome|6.228|2.3|0.277|25|2|0|0-7|0|1024|1024|3557|7362|904
THREAD|22|8|27172|31867|10192|binder:27172_4|2.667|1.0|0.058|25|3|2|0-7|0|1024|1024|82|182|10
THREAD|22|9|22534|27090|10192|NetworkService|1.665|0.6|0.161|15|3|4|0-7|0|1024|1024|1150|2682|1067
THREAD|22|10|25017|25037|90002|Chrome_ChildIOT|1.631|0.6|0.106|46|3|4|0-7|0|1024|1024|488|1070|15
WINDOW|seq=23|t_cs=16281989|wall_ms=260|threads=354|busy_threads=15|total_runtime_ms=143.094|total_runq_wait_ms=10.830|tgids=5032,10622,22534,25017,26538,27172,30630
THREAD|23|1|25017|25032|90002|CrRendererMain|25.034|9.6|0.375|54|3|1|0-7|0|1024|1024|611|1150|175
THREAD|23|2|27172|27239|10192|CrGpuMain|23.835|9.1|0.066|23|4|3|0-7|0|1024|1024|791|1331|207
THREAD|23|3|27172|27305|10192|VizCompositorTh|21.982|8.4|0.696|151|1|1|0-7|0|1024|1024|4838|7220|365
THREAD|23|4|25017|25039|90002|Compositor|21.659|8.3|2.002|186|2|2|0-7|0|1024|1024|1344|3255|211
THREAD|23|5|27172|27307|10192|CompositorGpuTh|17.314|6.6|4.841|102|0|1|0-7|0|1024|1024|3431|3218|2308
THREAD|23|6|25017|25035|90002|ThreadPoolForeg|10.116|3.8|0.518|25|4|3|0-7|0|1024|1024|334|472|261
THREAD|23|7|22534|22534|10192|.android.chrome|8.891|3.4|1.389|35|0|1|0-7|0|1024|1024|3582|7389|914
THREAD|23|8|22534|27090|10192|NetworkService|4.302|1.6|0.292|25|4|1|0-7|0|1024|1024|1156|2708|1068
THREAD|23|9|22534|26965|10192|ThreadPoolForeg|2.780|1.0|0.049|5|3|2|0-7|0|1024|1024|1670|5291|1261
THREAD|23|10|27172|31867|10192|binder:27172_4|2.611|1.0|0.059|29|2|3|0-7|0|1024|1024|99|206|16
WINDOW|seq=24|t_cs=16282014|wall_ms=250|threads=354|busy_threads=16|total_runtime_ms=130.039|total_runq_wait_ms=4.696|tgids=5032,10622,22534,25017,26538,27172,30630
THREAD|24|1|27172|27305|10192|VizCompositorTh|23.314|9.3|0.352|123|1|1|0-7|0|1024|1024|4916|7337|369
THREAD|24|2|25017|25032|90002|CrRendererMain|22.484|8.9|0.340|52|1|0|0-7|0|1024|1024|636|1191|184
THREAD|24|3|25017|25039|90002|Compositor|18.542|7.4|0.179|159|2|3|0-7|0|1024|1024|1398|3406|219
THREAD|24|4|27172|27239|10192|CrGpuMain|17.400|6.9|0.191|20|3|3|0-7|0|1024|1024|800|1348|210
THREAD|24|5|27172|27307|10192|CompositorGpuTh|15.638|6.2|2.426|86|1|0|0-7|0|1024|1024|3486|3273|2335
THREAD|24|6|22534|22534|10192|.android.chrome|9.073|3.6|0.473|42|1|7|0-7|0|1024|1024|3600|7414|930
THREAD|24|7|22534|27090|10192|NetworkService|8.258|3.3|0.540|66|1|2|0-7|0|1024|1024|1170|2768|1073
THREAD|24|8|25017|25035|90002|ThreadPoolForeg|6.484|2.5|0.022|10|3|3|0-7|0|1024|1024|339|482|262
THREAD|24|9|22534|26965|10192|ThreadPoolForeg|2.459|0.9|0.079|6|2|4|0-7|0|1024|1024|1675|5296|1262
THREAD|24|10|27172|31867|10192|binder:27172_4|2.321|0.9|0.030|24|3|4|0-7|0|1024|1024|106|228|16
WINDOW|seq=25|t_cs=16282040|wall_ms=260|threads=354|busy_threads=17|total_runtime_ms=133.183|total_runq_wait_ms=5.779|tgids=5032,10622,22534,25017,26538,27172,30630
THREAD|25|1|27172|27239|10192|CrGpuMain|26.360|10.1|0.007|14|3|3|0-7|0|1024|1024|812|1364|210
THREAD|25|2|25017|25032|90002|CrRendererMain|25.717|9.8|0.261|47|0|4|0-7|0|1024|1024|653|1231|191
THREAD|25|3|27172|27305|10192|VizCompositorTh|19.306|7.4|0.190|128|1|1|0-7|0|1024|1024|4988|7459|372
THREAD|25|4|25017|25039|90002|Compositor|18.845|7.2|0.709|160|3|1|0-7|0|1024|1024|1457|3564|231
THREAD|25|5|27172|27307|10192|CompositorGpuTh|16.112|6.1|3.055|104|0|2|0-7|0|1024|1024|3554|3329|2377
THREAD|25|6|25017|25035|90002|ThreadPoolForeg|7.578|2.9|0.231|17|3|4|0-7|0|1024|1024|358|493|277
THREAD|25|7|22534|27090|10192|NetworkService|5.784|2.2|0.389|17|2|0|0-7|0|1024|1024|1179|2783|1078
THREAD|25|8|22534|22534|10192|.android.chrome|4.496|1.7|0.046|17|7|3|0-7|0|1024|1024|3612|7429|932
THREAD|25|9|27172|31867|10192|binder:27172_4|2.702|1.0|0.091|24|4|5|0-7|0|1024|1024|116|253|17
THREAD|25|10|22534|26965|10192|ThreadPoolForeg|1.641|0.6|0.105|3|4|5|0-7|0|1024|1024|1677|5300|1262
WINDOW|seq=26|t_cs=16282066|wall_ms=260|threads=354|busy_threads=20|total_runtime_ms=189.571|total_runq_wait_ms=11.117|tgids=5032,10622,22534,25017,26538,27172,30630
THREAD|26|1|27172|27239|10192|CrGpuMain|67.375|25.9|0.199|24|3|3|0-7|0|1024|1024|823|1384|212
THREAD|26|2|25017|25035|90002|ThreadPoolForeg|29.684|11.4|0.777|38|4|4|0-7|0|1024|1024|368|511|286
THREAD|26|3|25017|25032|90002|CrRendererMain|22.847|8.7|0.055|42|4|2|0-7|0|1024|1024|674|1271|192
THREAD|26|4|25017|25039|90002|Compositor|14.440|5.5|0.425|139|1|0|0-7|0|1024|1024|1506|3674|247
THREAD|26|5|27172|27307|10192|CompositorGpuTh|14.223|5.4|3.451|72|2|2|0-7|0|1024|1024|3609|3380|2406
THREAD|26|6|27172|27305|10192|VizCompositorTh|12.190|4.6|0.557|82|1|1|0-7|0|1024|1024|5043|7535|378
THREAD|26|7|22534|22534|10192|.android.chrome|8.642|3.3|0.003|26|3|0|0-7|0|1024|1024|3633|7454|932
THREAD|26|8|22534|27090|10192|NetworkService|6.192|2.3|0.517|13|0|1|0-7|0|1024|1024|1185|2792|1079
THREAD|26|9|25017|25037|90002|Chrome_ChildIOT|2.757|1.0|0.047|84|5|2|0-7|0|1024|1024|569|1251|19
THREAD|26|10|27172|31867|10192|binder:27172_4|2.719|1.0|0.509|43|5|1|0-7|0|1024|1024|147|296|19
WINDOW|seq=27|t_cs=16282092|wall_ms=260|threads=354|busy_threads=9|total_runtime_ms=50.010|total_runq_wait_ms=4.715|tgids=5032,10622,22534,25017,26538,27172,30630
THREAD|27|1|27172|27307|10192|CompositorGpuTh|16.754|6.4|2.690|93|2|0|0-7|0|1024|1024|3650|3434|2440
THREAD|27|2|27172|27305|10192|VizCompositorTh|14.184|5.4|0.141|86|1|3|0-7|0|1024|1024|5089|7619|383
THREAD|27|3|25017|25039|90002|Compositor|10.910|4.1|1.086|102|0|0|0-7|0|1024|1024|1549|3761|258
THREAD|27|4|27172|31867|10192|binder:27172_4|3.093|1.1|0.602|48|1|5|0-7|0|1024|1024|184|344|21
THREAD|27|5|25017|25032|90002|CrRendererMain|2.214|0.8|0.007|26|2|3|0-7|0|1024|1024|691|1300|193
THREAD|27|6|22534|22534|10192|.android.chrome|1.554|0.5|0.000|1|0|2|0-7|0|1024|1024|3637|7458|932
THREAD|27|7|27172|27239|10192|CrGpuMain|0.924|0.3|0.186|2|3|4|0-7|0|1024|1024|825|1386|212
THREAD|27|8|22534|27086|10192|Chrome_IOThread|0.214|0.0|0.000|2|2|4|0-7|0|1024|1024|2134|4364|171
THREAD|27|9|25017|25037|90002|Chrome_ChildIOT|0.160|0.0|0.000|2|2|2|0-7|0|1024|1024|570|1253|19
THREAD|27|10|30630|9782|10324|binder:30630_7|0.000|0.0|0.000|0|0|0|0-7|0|1024|1024|246|472|239
WINDOW|seq=28|t_cs=16282118|wall_ms=260|threads=354|busy_threads=14|total_runtime_ms=53.747|total_runq_wait_ms=3.513|tgids=5032,10622,22534,25017,26538,27172,30630
THREAD|28|1|27172|27305|10192|VizCompositorTh|12.498|4.8|0.488|68|3|3|0-7|0|1024|1024|5117|7678|385
THREAD|28|2|27172|27307|10192|CompositorGpuTh|11.641|4.4|1.564|59|0|0|0-7|0|1024|1024|3684|3465|2461
THREAD|28|3|25017|25039|90002|Compositor|10.668|4.1|0.923|89|0|0|0-7|0|1024|1024|1590|3822|272
THREAD|28|4|25017|25032|90002|CrRendererMain|6.123|2.3|0.180|25|3|0|0-7|0|1024|1024|695|1315|193
THREAD|28|5|27172|27239|10192|CrGpuMain|5.544|2.1|0.000|1|4|4|0-7|0|1024|1024|825|1387|212
THREAD|28|6|27172|31867|10192|binder:27172_4|3.816|1.4|0.156|19|5|0|0-7|0|1024|1024|196|357|21
THREAD|28|7|27172|27215|10192|binder:27172_3|0.955|0.3|0.124|11|5|5|0-7|0|1024|1024|198|343|58
THREAD|28|8|25017|25035|90002|ThreadPoolForeg|0.859|0.3|0.000|1|4|2|0-7|0|1024|1024|369|512|286
THREAD|28|9|22534|22534|10192|.android.chrome|0.557|0.2|0.000|3|2|0|0-7|0|1024|1024|3637|7458|932
THREAD|28|10|25017|25037|90002|Chrome_ChildIOT|0.369|0.1|0.000|4|2|0|0-7|0|1024|1024|572|1256|19
WINDOW|seq=29|t_cs=16282144|wall_ms=260|threads=353|busy_threads=10|total_runtime_ms=3.567|total_runq_wait_ms=0.088|tgids=5032,10622,22534,25017,26538,27172,30630
THREAD|29|1|25017|25039|90002|Compositor|1.682|0.6|0.038|27|0|0|0-7|0|1024|1024|1596|3844|272
THREAD|29|2|27172|27305|10192|VizCompositorTh|1.128|0.4|0.022|22|3|0|0-7|0|1024|1024|5124|7695|386
THREAD|29|3|25017|25032|90002|CrRendererMain|0.270|0.1|0.000|1|0|3|0-7|0|1024|1024|696|1316|193
THREAD|29|4|22534|22534|10192|.android.chrome|0.139|0.0|0.000|1|0|1|0-7|0|1024|1024|3638|7459|932
THREAD|29|5|22534|27086|10192|Chrome_IOThread|0.070|0.0|0.000|1|1|0|0-7|0|1024|1024|2135|4366|171
THREAD|29|6|27172|27303|10192|Chrome_ChildIOT|0.065|0.0|0.014|1|4|1|0-7|0|1024|1024|666|1232|41
THREAD|29|7|27172|27301|10192|ThreadPoolServi|0.062|0.0|0.000|1|0|0|0-7|0|1024|1024|45|81|18
THREAD|29|8|25017|25037|90002|Chrome_ChildIOT|0.060|0.0|0.000|1|0|1|0-7|0|1024|1024|573|1257|19
THREAD|29|9|27172|27239|10192|CrGpuMain|0.059|0.0|0.000|1|4|3|0-7|0|1024|1024|827|1389|212
THREAD|29|10|27172|27302|10192|ThreadPoolForeg|0.029|0.0|0.013|1|0|0|0-7|0|1024|1024|77|108|66
WINDOW|seq=30|t_cs=16282170|wall_ms=260|threads=353|busy_threads=11|total_runtime_ms=2.506|total_runq_wait_ms=0.123|tgids=5032,10622,22534,25017,26538,27172,30630
THREAD|30|1|25017|25039|90002|Compositor|0.613|0.2|0.010|21|0|0|0-7|0|1024|1024|1605|3868|272
THREAD|30|2|27172|27302|10192|ThreadPoolForeg|0.374|0.1|0.031|4|0|0|0-7|0|1024|1024|79|111|66
THREAD|30|3|22534|22534|10192|.android.chrome|0.291|0.1|0.000|1|1|1|0-7|0|1024|1024|3638|7460|932
THREAD|30|4|25017|25032|90002|CrRendererMain|0.246|0.0|0.000|1|3|0|0-7|0|1024|1024|697|1320|194
THREAD|30|5|27172|27301|10192|ThreadPoolServi|0.234|0.0|0.000|4|0|0|0-7|0|1024|1024|47|84|18
THREAD|30|6|27172|27239|10192|CrGpuMain|0.229|0.0|0.000|1|3|1|0-7|0|1024|1024|827|1389|212
THREAD|30|7|22534|27086|10192|Chrome_IOThread|0.210|0.0|0.000|2|0|5|0-7|0|1024|1024|2136|4367|171
THREAD|30|8|27172|27303|10192|Chrome_ChildIOT|0.114|0.0|0.000|1|1|3|0-7|0|1024|1024|666|1232|41
THREAD|30|9|22534|26965|10192|ThreadPoolForeg|0.085|0.0|0.000|1|5|5|0-7|0|1024|1024|1683|5310|1262
THREAD|30|10|22534|26963|10192|ThreadPoolServi|0.079|0.0|0.080|1|0|0|0-7|0|1024|1024|108|191|27
WINDOW|seq=31|t_cs=16282197|wall_ms=270|threads=353|busy_threads=6|total_runtime_ms=3.472|total_runq_wait_ms=0.212|tgids=5032,10622,22534,25017,26538,27172,30630
THREAD|31|1|27172|27239|10192|CrGpuMain|0.989|0.3|0.000|1|1|0|0-7|0|1024|1024|828|1390|212
THREAD|31|2|27172|27307|10192|CompositorGpuTh|0.922|0.3|0.000|1|0|1|0-7|0|1024|1024|3685|3466|2461
THREAD|31|3|25017|25039|90002|Compositor|0.822|0.3|0.068|24|0|0|0-7|0|1024|1024|1614|3893|272
THREAD|31|4|25017|25032|90002|CrRendererMain|0.632|0.2|0.004|6|0|0|0-7|0|1024|1024|699|1322|194
THREAD|31|5|22534|26983|10192|ThreadPoolForeg|0.064|0.0|0.070|1|0|0|0-7|0|1024|1024|655|1633|545
THREAD|31|6|22534|27000|10192|ThreadPoolForeg|0.041|0.0|0.068|1|2|2|0-7|0|1024|1024|577|1295|447
THREAD|31|7|30630|9782|10324|binder:30630_7|0.000|0.0|0.000|0|0|0|0-7|0|1024|1024|246|472|239
THREAD|31|8|26538|9612|10195|binder:26538_8|0.000|0.0|0.000|0|3|3|0-7|0|1024|1024|3404|6508|3317
THREAD|31|9|26538|9470|10195|binder:26538_B|0.000|0.0|0.000|0|6|6|0-7|0|1024|1024|2531|4304|2105
THREAD|31|10|10622|8513|10201|ExoPlayer:Playb|0.000|0.0|0.000|0|4|4|0-7|0|1024|1024|6463|10331|51
WINDOW|seq=32|t_cs=16282225|wall_ms=280|threads=353|busy_threads=8|total_runtime_ms=7.394|total_runq_wait_ms=0.683|tgids=5032,10622,22534,25017,26538,27172,30630
THREAD|32|1|27172|27305|10192|VizCompositorTh|1.956|0.6|0.110|8|0|1|0-7|0|1024|1024|5127|7702|387
THREAD|32|2|25017|25039|90002|Compositor|1.916|0.6|0.448|24|0|0|0-7|0|1024|1024|1620|3906|277
THREAD|32|3|25017|25032|90002|CrRendererMain|1.854|0.6|0.000|2|0|4|0-7|0|1024|1024|701|1325|194
THREAD|32|4|27172|27302|10192|ThreadPoolForeg|0.558|0.1|0.090|2|0|0|0-7|0|1024|1024|79|113|66
THREAD|32|5|22534|27086|10192|Chrome_IOThread|0.551|0.1|0.000|2|5|5|0-7|0|1024|1024|2137|4370|171
THREAD|32|6|22534|22534|10192|.android.chrome|0.247|0.0|0.000|1|1|1|0-7|0|1024|1024|3638|7462|932
THREAD|32|7|27172|27301|10192|ThreadPoolServi|0.166|0.0|0.033|2|0|0|0-7|0|1024|1024|47|86|18
THREAD|32|8|25017|25037|90002|Chrome_ChildIOT|0.143|0.0|0.000|1|1|1|0-7|0|1024|1024|573|1258|19
THREAD|32|9|30630|9782|10324|binder:30630_7|0.000|0.0|0.000|0|0|0|0-7|0|1024|1024|246|472|239
THREAD|32|10|26538|9612|10195|binder:26538_8|0.000|0.0|0.000|0|3|3|0-7|0|1024|1024|3404|6508|3317
WINDOW|seq=33|t_cs=16282252|wall_ms=270|threads=353|busy_threads=5|total_runtime_ms=2.683|total_runq_wait_ms=0.764|tgids=5032,10622,22534,25017,26538,27172,30630
THREAD|33|1|27172|27302|10192|ThreadPoolForeg|1.004|0.3|0.215|4|0|0|0-7|0|1024|1024|79|117|66
THREAD|33|2|25017|25032|90002|CrRendererMain|0.700|0.2|0.000|1|4|5|0-7|0|1024|1024|701|1325|194
THREAD|33|3|27172|27301|10192|ThreadPoolServi|0.353|0.1|0.549|4|0|0|0-7|0|1024|1024|47|90|18
THREAD|33|4|22534|22534|10192|.android.chrome|0.321|0.1|0.000|1|1|1|0-7|0|1024|1024|3638|7462|932
THREAD|33|5|22534|27086|10192|Chrome_IOThread|0.302|0.1|0.000|1|5|4|0-7|0|1024|1024|2137|4370|171
THREAD|33|6|30630|9782|10324|binder:30630_7|0.000|0.0|0.000|0|0|0|0-7|0|1024|1024|246|472|239
THREAD|33|7|26538|9612|10195|binder:26538_8|0.000|0.0|0.000|0|3|3|0-7|0|1024|1024|3404|6508|3317
THREAD|33|8|26538|9470|10195|binder:26538_B|0.000|0.0|0.000|0|6|6|0-7|0|1024|1024|2531|4304|2105
THREAD|33|9|10622|8513|10201|ExoPlayer:Playb|0.000|0.0|0.000|0|4|4|0-7|0|1024|1024|6463|10331|51
THREAD|33|10|10622|8509|10201|ExoPlayer:Playb|0.000|0.0|0.000|0|1|1|0-7|0|1024|1024|6331|10327|49
WINDOW|seq=34|t_cs=16282280|wall_ms=280|threads=353|busy_threads=5|total_runtime_ms=1.369|total_runq_wait_ms=0.000|tgids=5032,10622,22534,25017,26538,27172,30630
THREAD|34|1|25017|25032|90002|CrRendererMain|0.498|0.1|0.000|2|5|0|0-7|0|1024|1024|702|1327|194
THREAD|34|2|22534|26965|10192|ThreadPoolForeg|0.457|0.1|0.000|1|5|5|0-7|0|1024|1024|1683|5311|1262
THREAD|34|3|22534|22534|10192|.android.chrome|0.171|0.0|0.000|1|1|1|0-7|0|1024|1024|3639|7464|932
THREAD|34|4|22534|27086|10192|Chrome_IOThread|0.135|0.0|0.000|1|4|4|0-7|0|1024|1024|2137|4371|171
THREAD|34|5|22534|27102|10192|ThreadPoolSingl|0.106|0.0|0.000|2|3|0|0-7|0|1024|1024|97|165|40
THREAD|34|6|30630|9782|10324|binder:30630_7|0.000|0.0|0.000|0|0|0|0-7|0|1024|1024|246|472|239
THREAD|34|7|26538|9612|10195|binder:26538_8|0.000|0.0|0.000|0|3|3|0-7|0|1024|1024|3404|6508|3317
THREAD|34|8|26538|9470|10195|binder:26538_B|0.000|0.0|0.000|0|6|6|0-7|0|1024|1024|2531|4304|2105
THREAD|34|9|10622|8513|10201|ExoPlayer:Playb|0.000|0.0|0.000|0|4|4|0-7|0|1024|1024|6463|10331|51
THREAD|34|10|10622|8509|10201|ExoPlayer:Playb|0.000|0.0|0.000|0|1|1|0-7|0|1024|1024|6331|10327|49
WINDOW|seq=35|t_cs=16282303|wall_ms=230|threads=353|busy_threads=6|total_runtime_ms=13.750|total_runq_wait_ms=0.127|tgids=5032,10622,22534,25017,26538,27172,30630
THREAD|35|1|27172|27239|10192|CrGpuMain|11.542|5.0|0.010|3|0|6|0-7|0|1024|1024|830|1392|213
THREAD|35|2|25017|25032|90002|CrRendererMain|1.319|0.5|0.010|2|0|0|0-7|0|1024|1024|702|1328|195
THREAD|35|3|27172|27303|10192|Chrome_ChildIOT|0.452|0.1|0.106|4|3|5|0-7|0|1024|1024|667|1235|42
THREAD|35|4|25017|25037|90002|Chrome_ChildIOT|0.175|0.0|0.000|2|1|1|0-7|0|1024|1024|573|1260|19
THREAD|35|5|22534|22534|10192|.android.chrome|0.139|0.0|0.000|1|1|4|0-7|0|1024|1024|3639|7464|932
THREAD|35|6|27172|27307|10192|CompositorGpuTh|0.121|0.0|0.000|1|1|0|0-7|0|1024|1024|3686|3467|2461
THREAD|35|7|30630|9782|10324|binder:30630_7|0.000|0.0|0.000|0|0|0|0-7|0|1024|1024|246|472|239
THREAD|35|8|26538|9612|10195|binder:26538_8|0.000|0.0|0.000|0|3|3|0-7|0|1024|1024|3404|6508|3317
THREAD|35|9|26538|9470|10195|binder:26538_B|0.000|0.0|0.000|0|6|6|0-7|0|1024|1024|2531|4304|2105
THREAD|35|10|10622|8513|10201|ExoPlayer:Playb|0.000|0.0|0.000|0|4|4|0-7|0|1024|1024|6463|10331|51
WINDOW|seq=36|t_cs=16282330|wall_ms=270|threads=353|busy_threads=4|total_runtime_ms=0.775|total_runq_wait_ms=0.008|tgids=5032,10622,22534,25017,26538,27172,30630
THREAD|36|1|25017|25039|90002|Compositor|0.396|0.1|0.000|4|0|0|0-7|0|1024|1024|1622|3910|277
THREAD|36|2|22534|22534|10192|.android.chrome|0.314|0.1|0.008|2|4|4|0-7|0|1024|1024|3641|7465|933
THREAD|36|3|25017|25034|90002|ThreadPoolServi|0.033|0.0|0.000|1|1|1|0-7|0|1024|1024|7|13|2
THREAD|36|4|22534|27328|10192|binder:22534_6|0.030|0.0|0.000|1|2|0|0-7|0|1024|1024|96|162|49
THREAD|36|5|30630|9782|10324|binder:30630_7|0.000|0.0|0.000|0|0|0|0-7|0|1024|1024|246|472|239
THREAD|36|6|26538|9612|10195|binder:26538_8|0.000|0.0|0.000|0|3|3|0-7|0|1024|1024|3404|6508|3317
THREAD|36|7|26538|9470|10195|binder:26538_B|0.000|0.0|0.000|0|6|6|0-7|0|1024|1024|2531|4304|2105
THREAD|36|8|10622|8513|10201|ExoPlayer:Playb|0.000|0.0|0.000|0|4|4|0-7|0|1024|1024|6463|10331|51
THREAD|36|9|10622|8509|10201|ExoPlayer:Playb|0.000|0.0|0.000|0|1|1|0-7|0|1024|1024|6331|10327|49
THREAD|36|10|26538|8364|10195|IMM.binder-emu|0.000|0.0|0.000|0|2|2|0-7|0|1024|1024|15737|23850|1039
WINDOW|seq=37|t_cs=16282356|wall_ms=260|threads=353|busy_threads=0|total_runtime_ms=0.000|total_runq_wait_ms=0.000|tgids=5032,10622,22534,25017,26538,27172,30630
THREAD|37|1|30630|9782|10324|binder:30630_7|0.000|0.0|0.000|0|0|0|0-7|0|1024|1024|246|472|239
THREAD|37|2|26538|9612|10195|binder:26538_8|0.000|0.0|0.000|0|3|3|0-7|0|1024|1024|3404|6508|3317
THREAD|37|3|26538|9470|10195|binder:26538_B|0.000|0.0|0.000|0|6|6|0-7|0|1024|1024|2531|4304|2105
THREAD|37|4|10622|8513|10201|ExoPlayer:Playb|0.000|0.0|0.000|0|4|4|0-7|0|1024|1024|6463|10331|51
THREAD|37|5|10622|8509|10201|ExoPlayer:Playb|0.000|0.0|0.000|0|1|1|0-7|0|1024|1024|6331|10327|49
THREAD|37|6|26538|8364|10195|IMM.binder-emu|0.000|0.0|0.000|0|2|2|0-7|0|1024|1024|15737|23850|1039
THREAD|37|7|26538|8336|10195|Primes-Jank|0.000|0.0|0.000|0|4|4|0-7|0|1024|1024|16074|23866|1131
THREAD|37|8|22534|7879|10192|binder:22534_8|0.000|0.0|0.000|0|6|6|0-7|0|1024|1024|138|233|48
THREAD|37|9|5032|7304|10117|DefaultDispatch|0.000|0.0|0.000|0|0|0|0-7|0|1024|1024|546|1343|124
THREAD|37|10|5032|7262|10117|DefaultDispatch|0.000|0.0|0.000|0|0|0|0-7|0|1024|1024|510|1398|93
WINDOW|seq=38|t_cs=16282382|wall_ms=260|threads=353|busy_threads=1|total_runtime_ms=0.119|total_runq_wait_ms=0.048|tgids=5032,10622,22534,25017,26538,27172,30630
THREAD|38|1|27172|27302|10192|ThreadPoolForeg|0.119|0.0|0.048|1|0|0|0-7|0|1024|1024|79|118|66
THREAD|38|2|30630|9782|10324|binder:30630_7|0.000|0.0|0.000|0|0|0|0-7|0|1024|1024|246|472|239
THREAD|38|3|26538|9612|10195|binder:26538_8|0.000|0.0|0.000|0|3|3|0-7|0|1024|1024|3404|6508|3317
THREAD|38|4|26538|9470|10195|binder:26538_B|0.000|0.0|0.000|0|6|6|0-7|0|1024|1024|2531|4304|2105
THREAD|38|5|10622|8513|10201|ExoPlayer:Playb|0.000|0.0|0.000|0|4|4|0-7|0|1024|1024|6463|10331|51
THREAD|38|6|10622|8509|10201|ExoPlayer:Playb|0.000|0.0|0.000|0|1|1|0-7|0|1024|1024|6331|10327|49
THREAD|38|7|26538|8364|10195|IMM.binder-emu|0.000|0.0|0.000|0|2|2|0-7|0|1024|1024|15737|23850|1039
THREAD|38|8|26538|8336|10195|Primes-Jank|0.000|0.0|0.000|0|4|4|0-7|0|1024|1024|16074|23866|1131
THREAD|38|9|22534|7879|10192|binder:22534_8|0.000|0.0|0.000|0|6|6|0-7|0|1024|1024|138|233|48
THREAD|38|10|5032|7304|10117|DefaultDispatch|0.000|0.0|0.000|0|0|0|0-7|0|1024|1024|546|1343|124
WINDOW|seq=39|t_cs=16282410|wall_ms=280|threads=353|busy_threads=4|total_runtime_ms=1.928|total_runq_wait_ms=0.000|tgids=5032,10622,22534,25017,26538,27172,30630
THREAD|39|1|27172|27239|10192|CrGpuMain|1.318|0.4|0.000|3|6|1|0-7|0|1024|1024|832|1395|213
THREAD|39|2|22534|26965|10192|ThreadPoolForeg|0.294|0.1|0.000|2|5|1|0-7|0|1024|1024|1684|5313|1262
THREAD|39|3|27172|27303|10192|Chrome_ChildIOT|0.166|0.0|0.000|1|5|5|0-7|0|1024|1024|667|1236|42
THREAD|39|4|22534|22534|10192|.android.chrome|0.148|0.0|0.000|2|4|0|0-7|0|1024|1024|3642|7467|933
THREAD|39|5|30630|9782|10324|binder:30630_7|0.000|0.0|0.000|0|0|0|0-7|0|1024|1024|246|472|239
THREAD|39|6|26538|9612|10195|binder:26538_8|0.000|0.0|0.000|0|3|3|0-7|0|1024|1024|3404|6508|3317
THREAD|39|7|26538|9470|10195|binder:26538_B|0.000|0.0|0.000|0|6|6|0-7|0|1024|1024|2531|4304|2105
THREAD|39|8|10622|8513|10201|ExoPlayer:Playb|0.000|0.0|0.000|0|4|4|0-7|0|1024|1024|6463|10331|51
THREAD|39|9|10622|8509|10201|ExoPlayer:Playb|0.000|0.0|0.000|0|1|1|0-7|0|1024|1024|6331|10327|49
THREAD|39|10|26538|8364|10195|IMM.binder-emu|0.000|0.0|0.000|0|2|2|0-7|0|1024|1024|15737|23850|1039
WINDOW|seq=40|t_cs=16282435|wall_ms=250|threads=353|busy_threads=4|total_runtime_ms=0.249|total_runq_wait_ms=0.000|tgids=5032,10622,22534,25017,26538,27172,30630
THREAD|40|1|25017|25035|90002|ThreadPoolForeg|0.082|0.0|0.000|1|2|4|0-7|0|1024|1024|370|513|286
THREAD|40|2|25017|25037|90002|Chrome_ChildIOT|0.074|0.0|0.000|1|1|1|0-7|0|1024|1024|573|1261|19
THREAD|40|3|25017|25034|90002|ThreadPoolServi|0.071|0.0|0.000|1|1|1|0-7|0|1024|1024|7|14|2
THREAD|40|4|25017|25039|90002|Compositor|0.020|0.0|0.000|1|0|0|0-7|0|1024|1024|1622|3911|277
THREAD|40|5|30630|9782|10324|binder:30630_7|0.000|0.0|0.000|0|0|0|0-7|0|1024|1024|246|472|239
THREAD|40|6|26538|9612|10195|binder:26538_8|0.000|0.0|0.000|0|3|3|0-7|0|1024|1024|3404|6508|3317
THREAD|40|7|26538|9470|10195|binder:26538_B|0.000|0.0|0.000|0|6|6|0-7|0|1024|1024|2531|4304|2105
THREAD|40|8|10622|8513|10201|ExoPlayer:Playb|0.000|0.0|0.000|0|4|4|0-7|0|1024|1024|6463|10331|51
THREAD|40|9|10622|8509|10201|ExoPlayer:Playb|0.000|0.0|0.000|0|1|1|0-7|0|1024|1024|6331|10327|49
THREAD|40|10|26538|8364|10195|IMM.binder-emu|0.000|0.0|0.000|0|2|2|0-7|0|1024|1024|15737|23850|1039
WINDOW|seq=41|t_cs=16282462|wall_ms=270|threads=353|busy_threads=0|total_runtime_ms=0.000|total_runq_wait_ms=0.000|tgids=5032,10622,22534,25017,26538,27172,30630
THREAD|41|1|30630|9782|10324|binder:30630_7|0.000|0.0|0.000|0|0|0|0-7|0|1024|1024|246|472|239
THREAD|41|2|26538|9612|10195|binder:26538_8|0.000|0.0|0.000|0|3|3|0-7|0|1024|1024|3404|6508|3317
THREAD|41|3|26538|9470|10195|binder:26538_B|0.000|0.0|0.000|0|6|6|0-7|0|1024|1024|2531|4304|2105
THREAD|41|4|10622|8513|10201|ExoPlayer:Playb|0.000|0.0|0.000|0|4|4|0-7|0|1024|1024|6463|10331|51
THREAD|41|5|10622|8509|10201|ExoPlayer:Playb|0.000|0.0|0.000|0|1|1|0-7|0|1024|1024|6331|10327|49
THREAD|41|6|26538|8364|10195|IMM.binder-emu|0.000|0.0|0.000|0|2|2|0-7|0|1024|1024|15737|23850|1039
THREAD|41|7|26538|8336|10195|Primes-Jank|0.000|0.0|0.000|0|4|4|0-7|0|1024|1024|16074|23866|1131
THREAD|41|8|22534|7879|10192|binder:22534_8|0.000|0.0|0.000|0|6|6|0-7|0|1024|1024|138|233|48
THREAD|41|9|5032|7304|10117|DefaultDispatch|0.000|0.0|0.000|0|0|0|0-7|0|1024|1024|546|1343|124
THREAD|41|10|5032|7262|10117|DefaultDispatch|0.000|0.0|0.000|0|0|0|0-7|0|1024|1024|510|1398|93
WINDOW|seq=42|t_cs=16282490|wall_ms=280|threads=353|busy_threads=6|total_runtime_ms=4.300|total_runq_wait_ms=0.005|tgids=5032,10622,22534,25017,26538,27172,30630
THREAD|42|1|22534|22534|10192|.android.chrome|2.058|0.7|0.000|3|0|1|0-7|0|1024|1024|3643|7470|933
THREAD|42|2|27172|27239|10192|CrGpuMain|1.234|0.4|0.000|1|1|1|0-7|0|1024|1024|832|1396|213
THREAD|42|3|25017|25032|90002|CrRendererMain|0.544|0.1|0.005|2|0|0|0-7|0|1024|1024|702|1330|196
THREAD|42|4|22534|27086|10192|Chrome_IOThread|0.258|0.0|0.000|2|4|0|0-7|0|1024|1024|2138|4373|171
THREAD|42|5|25017|25037|90002|Chrome_ChildIOT|0.159|0.0|0.000|1|1|1|0-7|0|1024|1024|573|1262|19
THREAD|42|6|27172|27307|10192|CompositorGpuTh|0.045|0.0|0.000|1|0|1|0-7|0|1024|1024|3687|3468|2461
THREAD|42|7|30630|9782|10324|binder:30630_7|0.000|0.0|0.000|0|0|0|0-7|0|1024|1024|246|472|239
THREAD|42|8|26538|9612|10195|binder:26538_8|0.000|0.0|0.000|0|3|3|0-7|0|1024|1024|3404|6508|3317
THREAD|42|9|26538|9470|10195|binder:26538_B|0.000|0.0|0.000|0|6|6|0-7|0|1024|1024|2531|4304|2105
THREAD|42|10|10622|8513|10201|ExoPlayer:Playb|0.000|0.0|0.000|0|4|4|0-7|0|1024|1024|6463|10331|51
WINDOW|seq=43|t_cs=16282515|wall_ms=250|threads=353|busy_threads=1|total_runtime_ms=0.256|total_runq_wait_ms=0.000|tgids=5032,10622,22534,25017,26538,27172,30630
THREAD|43|1|25017|25032|90002|CrRendererMain|0.256|0.1|0.000|1|0|0|0-7|0|1024|1024|702|1330|196
THREAD|43|2|30630|9782|10324|binder:30630_7|0.000|0.0|0.000|0|0|0|0-7|0|1024|1024|246|472|239
THREAD|43|3|26538|9612|10195|binder:26538_8|0.000|0.0|0.000|0|3|3|0-7|0|1024|1024|3404|6508|3317
THREAD|43|4|26538|9470|10195|binder:26538_B|0.000|0.0|0.000|0|6|6|0-7|0|1024|1024|2531|4304|2105
THREAD|43|5|10622|8513|10201|ExoPlayer:Playb|0.000|0.0|0.000|0|4|4|0-7|0|1024|1024|6463|10331|51
THREAD|43|6|10622|8509|10201|ExoPlayer:Playb|0.000|0.0|0.000|0|1|1|0-7|0|1024|1024|6331|10327|49
THREAD|43|7|26538|8364|10195|IMM.binder-emu|0.000|0.0|0.000|0|2|2|0-7|0|1024|1024|15737|23850|1039
THREAD|43|8|26538|8336|10195|Primes-Jank|0.000|0.0|0.000|0|4|4|0-7|0|1024|1024|16074|23866|1131
THREAD|43|9|22534|7879|10192|binder:22534_8|0.000|0.0|0.000|0|6|6|0-7|0|1024|1024|138|233|48
THREAD|43|10|5032|7304|10117|DefaultDispatch|0.000|0.0|0.000|0|0|0|0-7|0|1024|1024|546|1343|124
WINDOW|seq=44|t_cs=16282538|wall_ms=230|threads=353|busy_threads=0|total_runtime_ms=0.000|total_runq_wait_ms=0.000|tgids=5032,10622,22534,25017,26538,27172,30630
THREAD|44|1|30630|9782|10324|binder:30630_7|0.000|0.0|0.000|0|0|0|0-7|0|1024|1024|246|472|239
THREAD|44|2|26538|9612|10195|binder:26538_8|0.000|0.0|0.000|0|3|3|0-7|0|1024|1024|3404|6508|3317
THREAD|44|3|26538|9470|10195|binder:26538_B|0.000|0.0|0.000|0|6|6|0-7|0|1024|1024|2531|4304|2105
THREAD|44|4|10622|8513|10201|ExoPlayer:Playb|0.000|0.0|0.000|0|4|4|0-7|0|1024|1024|6463|10331|51
THREAD|44|5|10622|8509|10201|ExoPlayer:Playb|0.000|0.0|0.000|0|1|1|0-7|0|1024|1024|6331|10327|49
THREAD|44|6|26538|8364|10195|IMM.binder-emu|0.000|0.0|0.000|0|2|2|0-7|0|1024|1024|15737|23850|1039
THREAD|44|7|26538|8336|10195|Primes-Jank|0.000|0.0|0.000|0|4|4|0-7|0|1024|1024|16074|23866|1131
THREAD|44|8|22534|7879|10192|binder:22534_8|0.000|0.0|0.000|0|6|6|0-7|0|1024|1024|138|233|48
THREAD|44|9|5032|7304|10117|DefaultDispatch|0.000|0.0|0.000|0|0|0|0-7|0|1024|1024|546|1343|124
THREAD|44|10|5032|7262|10117|DefaultDispatch|0.000|0.0|0.000|0|0|0|0-7|0|1024|1024|510|1398|93
WINDOW|seq=45|t_cs=16282565|wall_ms=270|threads=353|busy_threads=4|total_runtime_ms=6.116|total_runq_wait_ms=0.000|tgids=5032,10622,22534,25017,26538,27172,30630
THREAD|45|1|22534|27090|10192|NetworkService|4.905|1.8|0.000|1|1|1|0-7|0|1024|1024|1185|2793|1079
THREAD|45|2|22534|26965|10192|ThreadPoolForeg|1.118|0.4|0.000|4|1|5|0-7|0|1024|1024|1686|5317|1262
THREAD|45|3|25017|25039|90002|Compositor|0.069|0.0|0.000|1|0|0|0-7|0|1024|1024|1622|3912|277
THREAD|45|4|25017|25034|90002|ThreadPoolServi|0.023|0.0|0.000|1|1|1|0-7|0|1024|1024|7|15|2
THREAD|45|5|30630|9782|10324|binder:30630_7|0.000|0.0|0.000|0|0|0|0-7|0|1024|1024|246|472|239
THREAD|45|6|26538|9612|10195|binder:26538_8|0.000|0.0|0.000|0|3|3|0-7|0|1024|1024|3404|6508|3317
THREAD|45|7|26538|9470|10195|binder:26538_B|0.000|0.0|0.000|0|6|6|0-7|0|1024|1024|2531|4304|2105
THREAD|45|8|10622|8513|10201|ExoPlayer:Playb|0.000|0.0|0.000|0|4|4|0-7|0|1024|1024|6463|10331|51
THREAD|45|9|10622|8509|10201|ExoPlayer:Playb|0.000|0.0|0.000|0|1|1|0-7|0|1024|1024|6331|10327|49
THREAD|45|10|26538|8364|10195|IMM.binder-emu|0.000|0.0|0.000|0|2|2|0-7|0|1024|1024|15737|23850|1039
WINDOW|seq=46|t_cs=16282589|wall_ms=240|threads=353|busy_threads=0|total_runtime_ms=0.000|total_runq_wait_ms=0.000|tgids=5032,10622,22534,25017,26538,27172,30630
THREAD|46|1|30630|9782|10324|binder:30630_7|0.000|0.0|0.000|0|0|0|0-7|0|1024|1024|246|472|239
THREAD|46|2|26538|9612|10195|binder:26538_8|0.000|0.0|0.000|0|3|3|0-7|0|1024|1024|3404|6508|3317
THREAD|46|3|26538|9470|10195|binder:26538_B|0.000|0.0|0.000|0|6|6|0-7|0|1024|1024|2531|4304|2105
THREAD|46|4|10622|8513|10201|ExoPlayer:Playb|0.000|0.0|0.000|0|4|4|0-7|0|1024|1024|6463|10331|51
THREAD|46|5|10622|8509|10201|ExoPlayer:Playb|0.000|0.0|0.000|0|1|1|0-7|0|1024|1024|6331|10327|49
THREAD|46|6|26538|8364|10195|IMM.binder-emu|0.000|0.0|0.000|0|2|2|0-7|0|1024|1024|15737|23850|1039
THREAD|46|7|26538|8336|10195|Primes-Jank|0.000|0.0|0.000|0|4|4|0-7|0|1024|1024|16074|23866|1131
THREAD|46|8|22534|7879|10192|binder:22534_8|0.000|0.0|0.000|0|6|6|0-7|0|1024|1024|138|233|48
THREAD|46|9|5032|7304|10117|DefaultDispatch|0.000|0.0|0.000|0|0|0|0-7|0|1024|1024|546|1343|124
THREAD|46|10|5032|7262|10117|DefaultDispatch|0.000|0.0|0.000|0|0|0|0-7|0|1024|1024|510|1398|93
WINDOW|seq=47|t_cs=16282615|wall_ms=260|threads=353|busy_threads=5|total_runtime_ms=2.835|total_runq_wait_ms=1.248|tgids=5032,10622,22534,25017,26538,27172,30630
THREAD|47|1|27172|27239|10192|CrGpuMain|1.649|0.6|0.000|1|1|1|0-7|0|1024|1024|832|1397|213
THREAD|47|2|22534|27048|10192|Chrome_ProcessL|0.457|0.1|0.993|1|5|5|0-7|0|1024|1024|230|328|147
THREAD|47|3|25017|25039|90002|Compositor|0.277|0.1|0.140|1|0|5|0-7|0|1024|1024|1623|3913|277
THREAD|47|4|27172|27303|10192|Chrome_ChildIOT|0.272|0.1|0.114|1|5|5|0-7|0|1024|1024|667|1237|42
THREAD|47|5|25017|25037|90002|Chrome_ChildIOT|0.178|0.0|0.000|1|1|1|0-7|0|1024|1024|573|1263|19
THREAD|47|6|30630|9782|10324|binder:30630_7|0.000|0.0|0.000|0|0|0|0-7|0|1024|1024|246|472|239
THREAD|47|7|26538|9612|10195|binder:26538_8|0.000|0.0|0.000|0|3|3|0-7|0|1024|1024|3404|6508|3317
THREAD|47|8|26538|9470|10195|binder:26538_B|0.000|0.0|0.000|0|6|6|0-7|0|1024|1024|2531|4304|2105
THREAD|47|9|10622|8513|10201|ExoPlayer:Playb|0.000|0.0|0.000|0|4|4|0-7|0|1024|1024|6463|10331|51
THREAD|47|10|10622|8509|10201|ExoPlayer:Playb|0.000|0.0|0.000|0|1|1|0-7|0|1024|1024|6331|10327|49
WINDOW|seq=48|t_cs=16282641|wall_ms=260|threads=353|busy_threads=2|total_runtime_ms=6.379|total_runq_wait_ms=0.053|tgids=5032,10622,22534,25017,26538,27172,30630
THREAD|48|1|22534|26965|10192|ThreadPoolForeg|4.530|1.7|0.000|7|5|5|0-7|0|1024|1024|1686|5324|1262
THREAD|48|2|22534|22534|10192|.android.chrome|1.849|0.7|0.053|4|1|1|0-7|0|1024|1024|3645|7471|936
THREAD|48|3|30630|9782|10324|binder:30630_7|0.000|0.0|0.000|0|0|0|0-7|0|1024|1024|246|472|239
THREAD|48|4|26538|9612|10195|binder:26538_8|0.000|0.0|0.000|0|3|3|0-7|0|1024|1024|3404|6508|3317
THREAD|48|5|26538|9470|10195|binder:26538_B|0.000|0.0|0.000|0|6|6|0-7|0|1024|1024|2531|4304|2105
THREAD|48|6|10622|8513|10201|ExoPlayer:Playb|0.000|0.0|0.000|0|4|4|0-7|0|1024|1024|6463|10331|51
THREAD|48|7|10622|8509|10201|ExoPlayer:Playb|0.000|0.0|0.000|0|1|1|0-7|0|1024|1024|6331|10327|49
THREAD|48|8|26538|8364|10195|IMM.binder-emu|0.000|0.0|0.000|0|2|2|0-7|0|1024|1024|15737|23850|1039
THREAD|48|9|26538|8336|10195|Primes-Jank|0.000|0.0|0.000|0|4|4|0-7|0|1024|1024|16074|23866|1131
THREAD|48|10|22534|7879|10192|binder:22534_8|0.000|0.0|0.000|0|6|6|0-7|0|1024|1024|138|233|48
WINDOW|seq=49|t_cs=16282665|wall_ms=240|threads=353|busy_threads=4|total_runtime_ms=0.486|total_runq_wait_ms=0.027|tgids=5032,10622,22534,25017,26538,27172,30630
THREAD|49|1|25017|25032|90002|CrRendererMain|0.305|0.1|0.000|1|0|0|0-7|0|1024|1024|702|1331|196
THREAD|49|2|25017|25034|90002|ThreadPoolServi|0.099|0.0|0.006|1|1|0|0-7|0|1024|1024|8|16|2
THREAD|49|3|25017|25037|90002|Chrome_ChildIOT|0.049|0.0|0.000|1|1|1|0-7|0|1024|1024|573|1264|19
THREAD|49|4|25017|25035|90002|ThreadPoolForeg|0.031|0.0|0.021|1|4|0|0-7|0|1024|1024|371|514|286
THREAD|49|5|30630|9782|10324|binder:30630_7|0.000|0.0|0.000|0|0|0|0-7|0|1024|1024|246|472|239
THREAD|49|6|26538|9612|10195|binder:26538_8|0.000|0.0|0.000|0|3|3|0-7|0|1024|1024|3404|6508|3317
THREAD|49|7|26538|9470|10195|binder:26538_B|0.000|0.0|0.000|0|6|6|0-7|0|1024|1024|2531|4304|2105
THREAD|49|8|10622|8513|10201|ExoPlayer:Playb|0.000|0.0|0.000|0|4|4|0-7|0|1024|1024|6463|10331|51
THREAD|49|9|10622|8509|10201|ExoPlayer:Playb|0.000|0.0|0.000|0|1|1|0-7|0|1024|1024|6331|10327|49
THREAD|49|10|26538|8364|10195|IMM.binder-emu|0.000|0.0|0.000|0|2|2|0-7|0|1024|1024|15737|23850|1039
WINDOW|seq=50|t_cs=16282693|wall_ms=280|threads=353|busy_threads=12|total_runtime_ms=8.187|total_runq_wait_ms=1.174|tgids=5032,10622,22534,25017,26538,27172,30630
THREAD|50|1|25017|25032|90002|CrRendererMain|2.753|0.9|0.000|1|0|6|0-7|0|1024|1024|703|1332|196
THREAD|50|2|22534|22534|10192|.android.chrome|2.429|0.8|0.000|8|1|0|0-7|0|1024|1024|3651|7479|936
THREAD|50|3|22534|27087|10192|MemoryInfra|1.123|0.4|0.709|7|0|1|0-7|0|1024|1024|60|71|69
THREAD|50|4|22534|27086|10192|Chrome_IOThread|0.665|0.2|0.206|9|0|0|0-7|0|1024|1024|2142|4382|171
THREAD|50|5|27172|27239|10192|CrGpuMain|0.465|0.1|0.259|2|1|0|0-7|0|1024|1024|833|1398|214
THREAD|50|6|25017|25037|90002|Chrome_ChildIOT|0.331|0.1|0.000|1|1|4|0-7|0|1024|1024|574|1265|19
THREAD|50|7|27172|27303|10192|Chrome_ChildIOT|0.160|0.0|0.000|1|5|1|0-7|0|1024|1024|668|1238|42
THREAD|50|8|22534|26963|10192|ThreadPoolServi|0.101|0.0|0.000|2|0|4|0-7|0|1024|1024|109|193|27
THREAD|50|9|22534|26965|10192|ThreadPoolForeg|0.057|0.0|0.000|1|5|5|0-7|0|1024|1024|1686|5325|1262
THREAD|50|10|22534|27105|10192|DefaultDispatch|0.043|0.0|0.000|1|4|4|0-7|0|1024|1024|18|29|7
WINDOW|seq=51|t_cs=16282718|wall_ms=250|threads=353|busy_threads=1|total_runtime_ms=0.029|total_runq_wait_ms=0.000|tgids=5032,10622,22534,25017,26538,27172,30630
THREAD|51|1|27172|27301|10192|ThreadPoolServi|0.029|0.0|0.000|1|0|0|0-7|0|1024|1024|47|91|18
THREAD|51|2|30630|9782|10324|binder:30630_7|0.000|0.0|0.000|0|0|0|0-7|0|1024|1024|246|472|239
THREAD|51|3|26538|9612|10195|binder:26538_8|0.000|0.0|0.000|0|3|3|0-7|0|1024|1024|3404|6508|3317
THREAD|51|4|26538|9470|10195|binder:26538_B|0.000|0.0|0.000|0|6|6|0-7|0|1024|1024|2531|4304|2105
THREAD|51|5|10622|8513|10201|ExoPlayer:Playb|0.000|0.0|0.000|0|4|4|0-7|0|1024|1024|6463|10331|51
THREAD|51|6|10622|8509|10201|ExoPlayer:Playb|0.000|0.0|0.000|0|1|1|0-7|0|1024|1024|6331|10327|49
THREAD|51|7|26538|8364|10195|IMM.binder-emu|0.000|0.0|0.000|0|2|2|0-7|0|1024|1024|15737|23850|1039
THREAD|51|8|26538|8336|10195|Primes-Jank|0.000|0.0|0.000|0|4|4|0-7|0|1024|1024|16074|23866|1131
THREAD|51|9|22534|7879|10192|binder:22534_8|0.000|0.0|0.000|0|6|6|0-7|0|1024|1024|138|233|48
THREAD|51|10|5032|7304|10117|DefaultDispatch|0.000|0.0|0.000|0|0|0|0-7|0|1024|1024|546|1343|124
WINDOW|seq=52|t_cs=16282746|wall_ms=280|threads=353|busy_threads=1|total_runtime_ms=0.280|total_runq_wait_ms=0.000|tgids=5032,10622,22534,25017,26538,27172,30630
THREAD|52|1|22534|27090|10192|NetworkService|0.280|0.1|0.000|1|1|1|0-7|0|1024|1024|1185|2795|1079
THREAD|52|2|30630|9782|10324|binder:30630_7|0.000|0.0|0.000|0|0|0|0-7|0|1024|1024|246|472|239
THREAD|52|3|26538|9612|10195|binder:26538_8|0.000|0.0|0.000|0|3|3|0-7|0|1024|1024|3404|6508|3317
THREAD|52|4|26538|9470|10195|binder:26538_B|0.000|0.0|0.000|0|6|6|0-7|0|1024|1024|2531|4304|2105
THREAD|52|5|10622|8513|10201|ExoPlayer:Playb|0.000|0.0|0.000|0|4|4|0-7|0|1024|1024|6463|10331|51
THREAD|52|6|10622|8509|10201|ExoPlayer:Playb|0.000|0.0|0.000|0|1|1|0-7|0|1024|1024|6331|10327|49
THREAD|52|7|26538|8364|10195|IMM.binder-emu|0.000|0.0|0.000|0|2|2|0-7|0|1024|1024|15737|23850|1039
THREAD|52|8|26538|8336|10195|Primes-Jank|0.000|0.0|0.000|0|4|4|0-7|0|1024|1024|16074|23866|1131
THREAD|52|9|22534|7879|10192|binder:22534_8|0.000|0.0|0.000|0|6|6|0-7|0|1024|1024|138|233|48
THREAD|52|10|5032|7304|10117|DefaultDispatch|0.000|0.0|0.000|0|0|0|0-7|0|1024|1024|546|1343|124
WINDOW|seq=53|t_cs=16282774|wall_ms=280|threads=353|busy_threads=0|total_runtime_ms=0.000|total_runq_wait_ms=0.000|tgids=5032,10622,22534,25017,26538,27172,30630
THREAD|53|1|30630|9782|10324|binder:30630_7|0.000|0.0|0.000|0|0|0|0-7|0|1024|1024|246|472|239
THREAD|53|2|26538|9612|10195|binder:26538_8|0.000|0.0|0.000|0|3|3|0-7|0|1024|1024|3404|6508|3317
THREAD|53|3|26538|9470|10195|binder:26538_B|0.000|0.0|0.000|0|6|6|0-7|0|1024|1024|2531|4304|2105
THREAD|53|4|10622|8513|10201|ExoPlayer:Playb|0.000|0.0|0.000|0|4|4|0-7|0|1024|1024|6463|10331|51
THREAD|53|5|10622|8509|10201|ExoPlayer:Playb|0.000|0.0|0.000|0|1|1|0-7|0|1024|1024|6331|10327|49
THREAD|53|6|26538|8364|10195|IMM.binder-emu|0.000|0.0|0.000|0|2|2|0-7|0|1024|1024|15737|23850|1039
THREAD|53|7|26538|8336|10195|Primes-Jank|0.000|0.0|0.000|0|4|4|0-7|0|1024|1024|16074|23866|1131
THREAD|53|8|22534|7879|10192|binder:22534_8|0.000|0.0|0.000|0|6|6|0-7|0|1024|1024|138|233|48
THREAD|53|9|5032|7304|10117|DefaultDispatch|0.000|0.0|0.000|0|0|0|0-7|0|1024|1024|546|1343|124
THREAD|53|10|5032|7262|10117|DefaultDispatch|0.000|0.0|0.000|0|0|0|0-7|0|1024|1024|510|1398|93
WINDOW|seq=54|t_cs=16282800|wall_ms=260|threads=353|busy_threads=0|total_runtime_ms=0.000|total_runq_wait_ms=0.000|tgids=5032,10622,22534,25017,26538,27172,30630
THREAD|54|1|30630|9782|10324|binder:30630_7|0.000|0.0|0.000|0|0|0|0-7|0|1024|1024|246|472|239
THREAD|54|2|26538|9612|10195|binder:26538_8|0.000|0.0|0.000|0|3|3|0-7|0|1024|1024|3404|6508|3317
THREAD|54|3|26538|9470|10195|binder:26538_B|0.000|0.0|0.000|0|6|6|0-7|0|1024|1024|2531|4304|2105
THREAD|54|4|10622|8513|10201|ExoPlayer:Playb|0.000|0.0|0.000|0|4|4|0-7|0|1024|1024|6463|10331|51
THREAD|54|5|10622|8509|10201|ExoPlayer:Playb|0.000|0.0|0.000|0|1|1|0-7|0|1024|1024|6331|10327|49
THREAD|54|6|26538|8364|10195|IMM.binder-emu|0.000|0.0|0.000|0|2|2|0-7|0|1024|1024|15737|23850|1039
THREAD|54|7|26538|8336|10195|Primes-Jank|0.000|0.0|0.000|0|4|4|0-7|0|1024|1024|16074|23866|1131
THREAD|54|8|22534|7879|10192|binder:22534_8|0.000|0.0|0.000|0|6|6|0-7|0|1024|1024|138|233|48
THREAD|54|9|5032|7304|10117|DefaultDispatch|0.000|0.0|0.000|0|0|0|0-7|0|1024|1024|546|1343|124
THREAD|54|10|5032|7262|10117|DefaultDispatch|0.000|0.0|0.000|0|0|0|0-7|0|1024|1024|510|1398|93
WINDOW|seq=55|t_cs=16282824|wall_ms=240|threads=353|busy_threads=0|total_runtime_ms=0.000|total_runq_wait_ms=0.000|tgids=5032,10622,22534,25017,26538,27172,30630
THREAD|55|1|30630|9782|10324|binder:30630_7|0.000|0.0|0.000|0|0|0|0-7|0|1024|1024|246|472|239
THREAD|55|2|26538|9612|10195|binder:26538_8|0.000|0.0|0.000|0|3|3|0-7|0|1024|1024|3404|6508|3317
THREAD|55|3|26538|9470|10195|binder:26538_B|0.000|0.0|0.000|0|6|6|0-7|0|1024|1024|2531|4304|2105
THREAD|55|4|10622|8513|10201|ExoPlayer:Playb|0.000|0.0|0.000|0|4|4|0-7|0|1024|1024|6463|10331|51
THREAD|55|5|10622|8509|10201|ExoPlayer:Playb|0.000|0.0|0.000|0|1|1|0-7|0|1024|1024|6331|10327|49
THREAD|55|6|26538|8364|10195|IMM.binder-emu|0.000|0.0|0.000|0|2|2|0-7|0|1024|1024|15737|23850|1039
THREAD|55|7|26538|8336|10195|Primes-Jank|0.000|0.0|0.000|0|4|4|0-7|0|1024|1024|16074|23866|1131
THREAD|55|8|22534|7879|10192|binder:22534_8|0.000|0.0|0.000|0|6|6|0-7|0|1024|1024|138|233|48
THREAD|55|9|5032|7304|10117|DefaultDispatch|0.000|0.0|0.000|0|0|0|0-7|0|1024|1024|546|1343|124
THREAD|55|10|5032|7262|10117|DefaultDispatch|0.000|0.0|0.000|0|0|0|0-7|0|1024|1024|510|1398|93
WINDOW|seq=56|t_cs=16282850|wall_ms=260|threads=353|busy_threads=0|total_runtime_ms=0.000|total_runq_wait_ms=0.000|tgids=5032,10622,22534,25017,26538,27172,30630
THREAD|56|1|30630|9782|10324|binder:30630_7|0.000|0.0|0.000|0|0|0|0-7|0|1024|1024|246|472|239
THREAD|56|2|26538|9612|10195|binder:26538_8|0.000|0.0|0.000|0|3|3|0-7|0|1024|1024|3404|6508|3317
THREAD|56|3|26538|9470|10195|binder:26538_B|0.000|0.0|0.000|0|6|6|0-7|0|1024|1024|2531|4304|2105
THREAD|56|4|10622|8513|10201|ExoPlayer:Playb|0.000|0.0|0.000|0|4|4|0-7|0|1024|1024|6463|10331|51
THREAD|56|5|10622|8509|10201|ExoPlayer:Playb|0.000|0.0|0.000|0|1|1|0-7|0|1024|1024|6331|10327|49
THREAD|56|6|26538|8364|10195|IMM.binder-emu|0.000|0.0|0.000|0|2|2|0-7|0|1024|1024|15737|23850|1039
THREAD|56|7|26538|8336|10195|Primes-Jank|0.000|0.0|0.000|0|4|4|0-7|0|1024|1024|16074|23866|1131
THREAD|56|8|22534|7879|10192|binder:22534_8|0.000|0.0|0.000|0|6|6|0-7|0|1024|1024|138|233|48
THREAD|56|9|5032|7304|10117|DefaultDispatch|0.000|0.0|0.000|0|0|0|0-7|0|1024|1024|546|1343|124
THREAD|56|10|5032|7262|10117|DefaultDispatch|0.000|0.0|0.000|0|0|0|0-7|0|1024|1024|510|1398|93
WINDOW|seq=57|t_cs=16282873|wall_ms=230|threads=353|busy_threads=9|total_runtime_ms=12.649|total_runq_wait_ms=1.212|tgids=5032,10622,22534,25017,26538,27172,30630
THREAD|57|1|25017|25020|90002|HeapTaskDaemon|10.828|4.7|1.106|8|1|5|0-7|0|1024|1024|7|8|5
THREAD|57|2|25017|25032|90002|CrRendererMain|0.526|0.2|0.055|3|6|5|0-7|0|1024|1024|705|1333|198
THREAD|57|3|25017|25023|90002|FinalizerDaemon|0.318|0.1|0.050|2|4|0|0-7|0|1024|1024|3|2|1
THREAD|57|4|22534|26965|10192|ThreadPoolForeg|0.262|0.1|0.000|1|5|5|0-7|0|1024|1024|1686|5326|1262
THREAD|57|5|25017|25022|90002|ReferenceQueueD|0.239|0.1|0.000|1|4|4|0-7|0|1024|1024|3|3|0
THREAD|57|6|22534|27086|10192|Chrome_IOThread|0.226|0.0|0.000|2|0|0|0-7|0|1024|1024|2142|4384|171
THREAD|57|7|22534|22534|10192|.android.chrome|0.089|0.0|0.000|1|0|4|0-7|0|1024|1024|3653|7481|937
THREAD|57|8|25017|25024|90002|FinalizerWatchd|0.086|0.0|0.000|1|3|5|0-7|0|1024|1024|1|2|0
THREAD|57|9|25017|25037|90002|Chrome_ChildIOT|0.071|0.0|0.000|1|4|4|0-7|0|1024|1024|574|1266|19
THREAD|57|10|30630|9782|10324|binder:30630_7|0.000|0.0|0.000|0|0|0|0-7|0|1024|1024|246|472|239
WINDOW|seq=58|t_cs=16282899|wall_ms=260|threads=353|busy_threads=6|total_runtime_ms=1.757|total_runq_wait_ms=2.314|tgids=5032,10622,22534,25017,26538,27172,30630
THREAD|58|1|22534|22534|10192|.android.chrome|1.232|0.4|0.042|2|4|0|0-7|0|1024|1024|3653|7481|937
THREAD|58|2|27172|27239|10192|CrGpuMain|0.308|0.1|0.000|1|0|4|0-7|0|1024|1024|834|1399|214
THREAD|58|3|26538|9612|10195|binder:26538_8|0.081|0.0|1.044|1|3|0|0-7|0|1024|1024|3405|6509|3317
THREAD|58|4|22534|27328|10192|binder:22534_6|0.071|0.0|0.000|1|0|1|0-7|0|1024|1024|97|163|49
THREAD|58|5|26538|27611|10195|pool-8-thread-1|0.040|0.0|0.713|1|4|1|0-7|0|1024|1024|4305|8263|451
THREAD|58|6|22534|27107|10192|CameraAvailabil|0.022|0.0|0.514|1|2|0|0-7|0|1024|1024|53|145|5
THREAD|58|7|30630|9782|10324|binder:30630_7|0.000|0.0|0.000|0|0|0|0-7|0|1024|1024|246|472|239
THREAD|58|8|26538|9470|10195|binder:26538_B|0.000|0.0|0.000|0|6|6|0-7|0|1024|1024|2531|4304|2105
THREAD|58|9|10622|8513|10201|ExoPlayer:Playb|0.000|0.0|0.000|0|4|4|0-7|0|1024|1024|6463|10331|51
THREAD|58|10|10622|8509|10201|ExoPlayer:Playb|0.000|0.0|0.000|0|1|1|0-7|0|1024|1024|6331|10327|49
WINDOW|seq=59|t_cs=16282928|wall_ms=290|threads=353|busy_threads=0|total_runtime_ms=0.000|total_runq_wait_ms=0.000|tgids=5032,10622,22534,25017,26538,27172,30630
THREAD|59|1|30630|9782|10324|binder:30630_7|0.000|0.0|0.000|0|0|0|0-7|0|1024|1024|246|472|239
THREAD|59|2|26538|9612|10195|binder:26538_8|0.000|0.0|0.000|0|0|0|0-7|0|1024|1024|3405|6509|3317
THREAD|59|3|26538|9470|10195|binder:26538_B|0.000|0.0|0.000|0|6|6|0-7|0|1024|1024|2531|4304|2105
THREAD|59|4|10622|8513|10201|ExoPlayer:Playb|0.000|0.0|0.000|0|4|4|0-7|0|1024|1024|6463|10331|51
THREAD|59|5|10622|8509|10201|ExoPlayer:Playb|0.000|0.0|0.000|0|1|1|0-7|0|1024|1024|6331|10327|49
THREAD|59|6|26538|8364|10195|IMM.binder-emu|0.000|0.0|0.000|0|2|2|0-7|0|1024|1024|15737|23850|1039
THREAD|59|7|26538|8336|10195|Primes-Jank|0.000|0.0|0.000|0|4|4|0-7|0|1024|1024|16074|23866|1131
THREAD|59|8|22534|7879|10192|binder:22534_8|0.000|0.0|0.000|0|6|6|0-7|0|1024|1024|138|233|48
THREAD|59|9|5032|7304|10117|DefaultDispatch|0.000|0.0|0.000|0|0|0|0-7|0|1024|1024|546|1343|124
THREAD|59|10|5032|7262|10117|DefaultDispatch|0.000|0.0|0.000|0|0|0|0-7|0|1024|1024|510|1398|93
WINDOW|seq=60|t_cs=16282956|wall_ms=280|threads=353|busy_threads=0|total_runtime_ms=0.000|total_runq_wait_ms=0.000|tgids=5032,10622,22534,25017,26538,27172,30630
THREAD|60|1|30630|9782|10324|binder:30630_7|0.000|0.0|0.000|0|0|0|0-7|0|1024|1024|246|472|239
THREAD|60|2|26538|9612|10195|binder:26538_8|0.000|0.0|0.000|0|0|0|0-7|0|1024|1024|3405|6509|3317
THREAD|60|3|26538|9470|10195|binder:26538_B|0.000|0.0|0.000|0|6|6|0-7|0|1024|1024|2531|4304|2105
THREAD|60|4|10622|8513|10201|ExoPlayer:Playb|0.000|0.0|0.000|0|4|4|0-7|0|1024|1024|6463|10331|51
THREAD|60|5|10622|8509|10201|ExoPlayer:Playb|0.000|0.0|0.000|0|1|1|0-7|0|1024|1024|6331|10327|49
THREAD|60|6|26538|8364|10195|IMM.binder-emu|0.000|0.0|0.000|0|2|2|0-7|0|1024|1024|15737|23850|1039
THREAD|60|7|26538|8336|10195|Primes-Jank|0.000|0.0|0.000|0|4|4|0-7|0|1024|1024|16074|23866|1131
THREAD|60|8|22534|7879|10192|binder:22534_8|0.000|0.0|0.000|0|6|6|0-7|0|1024|1024|138|233|48
THREAD|60|9|5032|7304|10117|DefaultDispatch|0.000|0.0|0.000|0|0|0|0-7|0|1024|1024|546|1343|124
THREAD|60|10|5032|7262|10117|DefaultDispatch|0.000|0.0|0.000|0|0|0|0-7|0|1024|1024|510|1398|93
WINDOW|seq=61|t_cs=16282979|wall_ms=230|threads=353|busy_threads=0|total_runtime_ms=0.000|total_runq_wait_ms=0.000|tgids=5032,10622,22534,25017,26538,27172,30630
THREAD|61|1|30630|9782|10324|binder:30630_7|0.000|0.0|0.000|0|0|0|0-7|0|1024|1024|246|472|239
THREAD|61|2|26538|9612|10195|binder:26538_8|0.000|0.0|0.000|0|0|0|0-7|0|1024|1024|3405|6509|3317
THREAD|61|3|26538|9470|10195|binder:26538_B|0.000|0.0|0.000|0|6|6|0-7|0|1024|1024|2531|4304|2105
THREAD|61|4|10622|8513|10201|ExoPlayer:Playb|0.000|0.0|0.000|0|4|4|0-7|0|1024|1024|6463|10331|51
THREAD|61|5|10622|8509|10201|ExoPlayer:Playb|0.000|0.0|0.000|0|1|1|0-7|0|1024|1024|6331|10327|49
THREAD|61|6|26538|8364|10195|IMM.binder-emu|0.000|0.0|0.000|0|2|2|0-7|0|1024|1024|15737|23850|1039
THREAD|61|7|26538|8336|10195|Primes-Jank|0.000|0.0|0.000|0|4|4|0-7|0|1024|1024|16074|23866|1131
THREAD|61|8|22534|7879|10192|binder:22534_8|0.000|0.0|0.000|0|6|6|0-7|0|1024|1024|138|233|48
THREAD|61|9|5032|7304|10117|DefaultDispatch|0.000|0.0|0.000|0|0|0|0-7|0|1024|1024|546|1343|124
THREAD|61|10|5032|7262|10117|DefaultDispatch|0.000|0.0|0.000|0|0|0|0-7|0|1024|1024|510|1398|93
WINDOW|seq=62|t_cs=16283006|wall_ms=270|threads=353|busy_threads=2|total_runtime_ms=0.202|total_runq_wait_ms=0.000|tgids=5032,10622,22534,25017,26538,27172,30630
THREAD|62|1|22534|27086|10192|Chrome_IOThread|0.126|0.0|0.000|2|0|4|0-7|0|1024|1024|2144|4386|171
THREAD|62|2|22534|22534|10192|.android.chrome|0.076|0.0|0.000|1|0|2|0-7|0|1024|1024|3654|7482|937
THREAD|62|3|30630|9782|10324|binder:30630_7|0.000|0.0|0.000|0|0|0|0-7|0|1024|1024|246|472|239
THREAD|62|4|26538|9612|10195|binder:26538_8|0.000|0.0|0.000|0|0|0|0-7|0|1024|1024|3405|6509|3317
THREAD|62|5|26538|9470|10195|binder:26538_B|0.000|0.0|0.000|0|6|6|0-7|0|1024|1024|2531|4304|2105
THREAD|62|6|10622|8513|10201|ExoPlayer:Playb|0.000|0.0|0.000|0|4|4|0-7|0|1024|1024|6463|10331|51
THREAD|62|7|10622|8509|10201|ExoPlayer:Playb|0.000|0.0|0.000|0|1|1|0-7|0|1024|1024|6331|10327|49
THREAD|62|8|26538|8364|10195|IMM.binder-emu|0.000|0.0|0.000|0|2|2|0-7|0|1024|1024|15737|23850|1039
THREAD|62|9|26538|8336|10195|Primes-Jank|0.000|0.0|0.000|0|4|4|0-7|0|1024|1024|16074|23866|1131
THREAD|62|10|22534|7879|10192|binder:22534_8|0.000|0.0|0.000|0|6|6|0-7|0|1024|1024|138|233|48
WINDOW|seq=63|t_cs=16283029|wall_ms=230|threads=353|busy_threads=1|total_runtime_ms=0.270|total_runq_wait_ms=0.000|tgids=5032,10622,22534,25017,26538,27172,30630
THREAD|63|1|27172|27239|10192|CrGpuMain|0.270|0.1|0.000|1|4|4|0-7|0|1024|1024|834|1400|214
THREAD|63|2|30630|9782|10324|binder:30630_7|0.000|0.0|0.000|0|0|0|0-7|0|1024|1024|246|472|239
THREAD|63|3|26538|9612|10195|binder:26538_8|0.000|0.0|0.000|0|0|0|0-7|0|1024|1024|3405|6509|3317
THREAD|63|4|26538|9470|10195|binder:26538_B|0.000|0.0|0.000|0|6|6|0-7|0|1024|1024|2531|4304|2105
THREAD|63|5|10622|8513|10201|ExoPlayer:Playb|0.000|0.0|0.000|0|4|4|0-7|0|1024|1024|6463|10331|51
THREAD|63|6|10622|8509|10201|ExoPlayer:Playb|0.000|0.0|0.000|0|1|1|0-7|0|1024|1024|6331|10327|49
THREAD|63|7|26538|8364|10195|IMM.binder-emu|0.000|0.0|0.000|0|2|2|0-7|0|1024|1024|15737|23850|1039
THREAD|63|8|26538|8336|10195|Primes-Jank|0.000|0.0|0.000|0|4|4|0-7|0|1024|1024|16074|23866|1131
THREAD|63|9|22534|7879|10192|binder:22534_8|0.000|0.0|0.000|0|6|6|0-7|0|1024|1024|138|233|48
THREAD|63|10|5032|7304|10117|DefaultDispatch|0.000|0.0|0.000|0|0|0|0-7|0|1024|1024|546|1343|124
WINDOW|seq=64|t_cs=16283057|wall_ms=280|threads=353|busy_threads=4|total_runtime_ms=1.836|total_runq_wait_ms=0.021|tgids=5032,10622,22534,25017,26538,27172,30630
THREAD|64|1|25017|25032|90002|CrRendererMain|0.942|0.3|0.021|5|5|0|0-7|0|1024|1024|706|1335|201
THREAD|64|2|22534|27086|10192|Chrome_IOThread|0.324|0.1|0.000|2|4|0|0-7|0|1024|1024|2145|4388|171
THREAD|64|3|22534|22534|10192|.android.chrome|0.296|0.1|0.000|1|2|1|0-7|0|1024|1024|3655|7483|937
THREAD|64|4|25017|25037|90002|Chrome_ChildIOT|0.273|0.0|0.000|1|4|4|0-7|0|1024|1024|574|1267|19
THREAD|64|5|30630|9782|10324|binder:30630_7|0.000|0.0|0.000|0|0|0|0-7|0|1024|1024|246|472|239
THREAD|64|6|26538|9612|10195|binder:26538_8|0.000|0.0|0.000|0|0|0|0-7|0|1024|1024|3405|6509|3317
THREAD|64|7|26538|9470|10195|binder:26538_B|0.000|0.0|0.000|0|6|6|0-7|0|1024|1024|2531|4304|2105
THREAD|64|8|10622|8513|10201|ExoPlayer:Playb|0.000|0.0|0.000|0|4|4|0-7|0|1024|1024|6463|10331|51
THREAD|64|9|10622|8509|10201|ExoPlayer:Playb|0.000|0.0|0.000|0|1|1|0-7|0|1024|1024|6331|10327|49
THREAD|64|10|26538|8364|10195|IMM.binder-emu|0.000|0.0|0.000|0|2|2|0-7|0|1024|1024|15737|23850|1039
WINDOW|seq=65|t_cs=16283081|wall_ms=240|threads=353|busy_threads=4|total_runtime_ms=0.349|total_runq_wait_ms=0.000|tgids=5032,10622,22534,25017,26538,27172,30630
THREAD|65|1|25017|25032|90002|CrRendererMain|0.129|0.0|0.000|1|0|0|0-7|0|1024|1024|706|1336|201
THREAD|65|2|27172|27250|10192|GpuWatchdog|0.114|0.0|0.000|1|1|1|0-7|0|1024|1024|14|31|5
THREAD|65|3|27172|27310|10192|GpuWatchdog_Com|0.069|0.0|0.000|1|2|5|0-7|0|1024|1024|13|26|7
THREAD|65|4|25017|25024|90002|FinalizerWatchd|0.036|0.0|0.000|1|5|5|0-7|0|1024|1024|1|3|0
THREAD|65|5|30630|9782|10324|binder:30630_7|0.000|0.0|0.000|0|0|0|0-7|0|1024|1024|246|472|239
THREAD|65|6|26538|9612|10195|binder:26538_8|0.000|0.0|0.000|0|0|0|0-7|0|1024|1024|3405|6509|3317
THREAD|65|7|26538|9470|10195|binder:26538_B|0.000|0.0|0.000|0|6|6|0-7|0|1024|1024|2531|4304|2105
THREAD|65|8|10622|8513|10201|ExoPlayer:Playb|0.000|0.0|0.000|0|4|4|0-7|0|1024|1024|6463|10331|51
THREAD|65|9|10622|8509|10201|ExoPlayer:Playb|0.000|0.0|0.000|0|1|1|0-7|0|1024|1024|6331|10327|49
THREAD|65|10|26538|8364|10195|IMM.binder-emu|0.000|0.0|0.000|0|2|2|0-7|0|1024|1024|15737|23850|1039
WINDOW|seq=66|t_cs=16283107|wall_ms=260|threads=353|busy_threads=3|total_runtime_ms=3.610|total_runq_wait_ms=0.111|tgids=5032,10622,22534,25017,26538,27172,30630
THREAD|66|1|22534|26965|10192|ThreadPoolForeg|2.390|0.9|0.000|6|5|1|0-7|0|1024|1024|1689|5336|1263
THREAD|66|2|22534|27090|10192|NetworkService|1.131|0.4|0.017|2|1|5|0-7|0|1024|1024|1187|2797|1079
THREAD|66|3|22534|26963|10192|ThreadPoolServi|0.088|0.0|0.093|1|4|0|0-7|0|1024|1024|111|195|27
THREAD|66|4|30630|9782|10324|binder:30630_7|0.000|0.0|0.000|0|0|0|0-7|0|1024|1024|246|472|239
THREAD|66|5|26538|9612|10195|binder:26538_8|0.000|0.0|0.000|0|0|0|0-7|0|1024|1024|3405|6509|3317
THREAD|66|6|26538|9470|10195|binder:26538_B|0.000|0.0|0.000|0|6|6|0-7|0|1024|1024|2531|4304|2105
THREAD|66|7|10622|8513|10201|ExoPlayer:Playb|0.000|0.0|0.000|0|4|4|0-7|0|1024|1024|6463|10331|51
THREAD|66|8|10622|8509|10201|ExoPlayer:Playb|0.000|0.0|0.000|0|1|1|0-7|0|1024|1024|6331|10327|49
THREAD|66|9|26538|8364|10195|IMM.binder-emu|0.000|0.0|0.000|0|2|2|0-7|0|1024|1024|15737|23850|1039
THREAD|66|10|26538|8336|10195|Primes-Jank|0.000|0.0|0.000|0|4|4|0-7|0|1024|1024|16074|23866|1131
WINDOW|seq=67|t_cs=16283135|wall_ms=280|threads=353|busy_threads=3|total_runtime_ms=2.387|total_runq_wait_ms=0.096|tgids=5032,10622,22534,25017,26538,27172,30630
THREAD|67|1|22534|26965|10192|ThreadPoolForeg|2.241|0.8|0.096|11|1|4|0-7|0|1024|1024|1689|5342|1263
THREAD|67|2|22534|26963|10192|ThreadPoolServi|0.114|0.0|0.000|1|0|4|0-7|0|1024|1024|111|195|27
THREAD|67|3|22534|27102|10192|ThreadPoolSingl|0.031|0.0|0.000|1|0|0|0-7|0|1024|1024|97|166|40
THREAD|67|4|30630|9782|10324|binder:30630_7|0.000|0.0|0.000|0|0|0|0-7|0|1024|1024|246|472|239
THREAD|67|5|26538|9612|10195|binder:26538_8|0.000|0.0|0.000|0|0|0|0-7|0|1024|1024|3405|6509|3317
THREAD|67|6|26538|9470|10195|binder:26538_B|0.000|0.0|0.000|0|6|6|0-7|0|1024|1024|2531|4304|2105
THREAD|67|7|10622|8513|10201|ExoPlayer:Playb|0.000|0.0|0.000|0|4|4|0-7|0|1024|1024|6463|10331|51
THREAD|67|8|10622|8509|10201|ExoPlayer:Playb|0.000|0.0|0.000|0|1|1|0-7|0|1024|1024|6331|10327|49
THREAD|67|9|26538|8364|10195|IMM.binder-emu|0.000|0.0|0.000|0|2|2|0-7|0|1024|1024|15737|23850|1039
THREAD|67|10|26538|8336|10195|Primes-Jank|0.000|0.0|0.000|0|4|4|0-7|0|1024|1024|16074|23866|1131
WINDOW|seq=68|t_cs=16283160|wall_ms=250|threads=353|busy_threads=4|total_runtime_ms=0.242|total_runq_wait_ms=0.007|tgids=5032,10622,22534,25017,26538,27172,30630
THREAD|68|1|22534|27328|10192|binder:22534_6|0.100|0.0|0.007|6|1|1|0-7|0|1024|1024|98|170|49
THREAD|68|2|22534|7879|10192|binder:22534_8|0.056|0.0|0.000|1|6|4|0-7|0|1024|1024|139|234|48
THREAD|68|3|26538|9612|10195|binder:26538_8|0.054|0.0|0.000|1|0|1|0-7|0|1024|1024|3406|6511|3317
THREAD|68|4|22534|27111|10192|binder:22534_4|0.031|0.0|0.000|1|5|5|0-7|0|1024|1024|238|415|98
THREAD|68|5|30630|9782|10324|binder:30630_7|0.000|0.0|0.000|0|0|0|0-7|0|1024|1024|246|472|239
THREAD|68|6|26538|9470|10195|binder:26538_B|0.000|0.0|0.000|0|6|6|0-7|0|1024|1024|2531|4304|2105
THREAD|68|7|10622|8513|10201|ExoPlayer:Playb|0.000|0.0|0.000|0|4|4|0-7|0|1024|1024|6463|10331|51
THREAD|68|8|10622|8509|10201|ExoPlayer:Playb|0.000|0.0|0.000|0|1|1|0-7|0|1024|1024|6331|10327|49
THREAD|68|9|26538|8364|10195|IMM.binder-emu|0.000|0.0|0.000|0|2|2|0-7|0|1024|1024|15737|23850|1039
THREAD|68|10|26538|8336|10195|Primes-Jank|0.000|0.0|0.000|0|4|4|0-7|0|1024|1024|16074|23866|1131
WINDOW|seq=69|t_cs=16283184|wall_ms=240|threads=353|busy_threads=9|total_runtime_ms=0.724|total_runq_wait_ms=0.816|tgids=5032,10622,22534,25017,26538,27172,30630
THREAD|69|1|22534|15183|10192|binder:22534_C|0.138|0.0|0.103|11|2|2|0-7|0|1024|1024|28|45|9
THREAD|69|2|22534|22534|10192|.android.chrome|0.136|0.0|0.000|5|1|1|0-7|0|1024|1024|3657|7488|937
THREAD|69|3|22534|24911|10192|binder:22534_D|0.101|0.0|0.102|4|1|3|0-7|0|1024|1024|58|113|47
THREAD|69|4|26538|27521|10195|CronetInit|0.089|0.0|0.043|1|1|1|0-7|0|1024|1024|20837|33221|2602
THREAD|69|5|26538|26587|10195|binder:26538_4|0.066|0.0|0.180|1|3|3|0-7|0|1024|1024|8532|13838|4834
THREAD|69|6|22534|27354|10192|NetworkStatusLi|0.066|0.0|0.035|3|5|2|0-7|0|1024|1024|17|60|7
THREAD|69|7|22534|27111|10192|binder:22534_4|0.054|0.0|0.000|1|5|5|0-7|0|1024|1024|238|415|98
THREAD|69|8|26538|9612|10195|binder:26538_8|0.042|0.0|0.261|1|1|1|0-7|0|1024|1024|3406|6511|3317
THREAD|69|9|22534|27328|10192|binder:22534_6|0.029|0.0|0.089|1|1|3|0-7|0|1024|1024|98|170|49
THREAD|69|10|30630|9782|10324|binder:30630_7|0.000|0.0|0.000|0|0|0|0-7|0|1024|1024|246|472|239
WINDOW|seq=70|t_cs=16283210|wall_ms=260|threads=353|busy_threads=0|total_runtime_ms=0.000|total_runq_wait_ms=0.000|tgids=5032,10622,22534,25017,26538,27172,30630
THREAD|70|1|30630|9782|10324|binder:30630_7|0.000|0.0|0.000|0|0|0|0-7|0|1024|1024|246|472|239
THREAD|70|2|26538|9612|10195|binder:26538_8|0.000|0.0|0.000|0|1|1|0-7|0|1024|1024|3406|6511|3317
THREAD|70|3|26538|9470|10195|binder:26538_B|0.000|0.0|0.000|0|6|6|0-7|0|1024|1024|2531|4304|2105
THREAD|70|4|10622|8513|10201|ExoPlayer:Playb|0.000|0.0|0.000|0|4|4|0-7|0|1024|1024|6463|10331|51
THREAD|70|5|10622|8509|10201|ExoPlayer:Playb|0.000|0.0|0.000|0|1|1|0-7|0|1024|1024|6331|10327|49
THREAD|70|6|26538|8364|10195|IMM.binder-emu|0.000|0.0|0.000|0|2|2|0-7|0|1024|1024|15737|23850|1039
THREAD|70|7|26538|8336|10195|Primes-Jank|0.000|0.0|0.000|0|4|4|0-7|0|1024|1024|16074|23866|1131
THREAD|70|8|22534|7879|10192|binder:22534_8|0.000|0.0|0.000|0|4|4|0-7|0|1024|1024|139|234|48
THREAD|70|9|5032|7304|10117|DefaultDispatch|0.000|0.0|0.000|0|0|0|0-7|0|1024|1024|546|1343|124
THREAD|70|10|5032|7262|10117|DefaultDispatch|0.000|0.0|0.000|0|0|0|0-7|0|1024|1024|510|1398|93
WINDOW|seq=71|t_cs=16283238|wall_ms=280|threads=353|busy_threads=0|total_runtime_ms=0.000|total_runq_wait_ms=0.000|tgids=5032,10622,22534,25017,26538,27172,30630
THREAD|71|1|30630|9782|10324|binder:30630_7|0.000|0.0|0.000|0|0|0|0-7|0|1024|1024|246|472|239
THREAD|71|2|26538|9612|10195|binder:26538_8|0.000|0.0|0.000|0|1|1|0-7|0|1024|1024|3406|6511|3317
THREAD|71|3|26538|9470|10195|binder:26538_B|0.000|0.0|0.000|0|6|6|0-7|0|1024|1024|2531|4304|2105
THREAD|71|4|10622|8513|10201|ExoPlayer:Playb|0.000|0.0|0.000|0|4|4|0-7|0|1024|1024|6463|10331|51
THREAD|71|5|10622|8509|10201|ExoPlayer:Playb|0.000|0.0|0.000|0|1|1|0-7|0|1024|1024|6331|10327|49
THREAD|71|6|26538|8364|10195|IMM.binder-emu|0.000|0.0|0.000|0|2|2|0-7|0|1024|1024|15737|23850|1039
THREAD|71|7|26538|8336|10195|Primes-Jank|0.000|0.0|0.000|0|4|4|0-7|0|1024|1024|16074|23866|1131
THREAD|71|8|22534|7879|10192|binder:22534_8|0.000|0.0|0.000|0|4|4|0-7|0|1024|1024|139|234|48
THREAD|71|9|5032|7304|10117|DefaultDispatch|0.000|0.0|0.000|0|0|0|0-7|0|1024|1024|546|1343|124
THREAD|71|10|5032|7262|10117|DefaultDispatch|0.000|0.0|0.000|0|0|0|0-7|0|1024|1024|510|1398|93
WINDOW|seq=72|t_cs=16283266|wall_ms=280|threads=353|busy_threads=0|total_runtime_ms=0.000|total_runq_wait_ms=0.000|tgids=5032,10622,22534,25017,26538,27172,30630
THREAD|72|1|30630|9782|10324|binder:30630_7|0.000|0.0|0.000|0|0|0|0-7|0|1024|1024|246|472|239
THREAD|72|2|26538|9612|10195|binder:26538_8|0.000|0.0|0.000|0|1|1|0-7|0|1024|1024|3406|6511|3317
THREAD|72|3|26538|9470|10195|binder:26538_B|0.000|0.0|0.000|0|6|6|0-7|0|1024|1024|2531|4304|2105
THREAD|72|4|10622|8513|10201|ExoPlayer:Playb|0.000|0.0|0.000|0|4|4|0-7|0|1024|1024|6463|10331|51
THREAD|72|5|10622|8509|10201|ExoPlayer:Playb|0.000|0.0|0.000|0|1|1|0-7|0|1024|1024|6331|10327|49
THREAD|72|6|26538|8364|10195|IMM.binder-emu|0.000|0.0|0.000|0|2|2|0-7|0|1024|1024|15737|23850|1039
THREAD|72|7|26538|8336|10195|Primes-Jank|0.000|0.0|0.000|0|4|4|0-7|0|1024|1024|16074|23866|1131
THREAD|72|8|22534|7879|10192|binder:22534_8|0.000|0.0|0.000|0|4|4|0-7|0|1024|1024|139|234|48
THREAD|72|9|5032|7304|10117|DefaultDispatch|0.000|0.0|0.000|0|0|0|0-7|0|1024|1024|546|1343|124
THREAD|72|10|5032|7262|10117|DefaultDispatch|0.000|0.0|0.000|0|0|0|0-7|0|1024|1024|510|1398|93
WINDOW|seq=73|t_cs=16283289|wall_ms=230|threads=353|busy_threads=7|total_runtime_ms=3.543|total_runq_wait_ms=0.118|tgids=5032,10622,22534,25017,26538,27172,30630
THREAD|73|1|22534|22534|10192|.android.chrome|1.705|0.7|0.032|3|1|1|0-7|0|1024|1024|3659|7490|938
THREAD|73|2|27172|27239|10192|CrGpuMain|1.183|0.5|0.000|1|4|0|0-7|0|1024|1024|835|1401|214
THREAD|73|3|25017|25032|90002|CrRendererMain|0.298|0.1|0.000|1|0|0|0-7|0|1024|1024|706|1337|201
THREAD|73|4|22534|27086|10192|Chrome_IOThread|0.154|0.0|0.000|2|0|5|0-7|0|1024|1024|2146|4390|171
THREAD|73|5|22534|26965|10192|ThreadPoolForeg|0.121|0.0|0.000|1|4|4|0-7|0|1024|1024|1689|5343|1263
THREAD|73|6|25017|25037|90002|Chrome_ChildIOT|0.046|0.0|0.000|1|4|4|0-7|0|1024|1024|574|1268|19
THREAD|73|7|22534|27102|10192|ThreadPoolSingl|0.033|0.0|0.085|1|0|0|0-7|0|1024|1024|97|167|40
THREAD|73|8|30630|9782|10324|binder:30630_7|0.000|0.0|0.000|0|0|0|0-7|0|1024|1024|246|472|239
THREAD|73|9|26538|9612|10195|binder:26538_8|0.000|0.0|0.000|0|1|1|0-7|0|1024|1024|3406|6511|3317
THREAD|73|10|26538|9470|10195|binder:26538_B|0.000|0.0|0.000|0|6|6|0-7|0|1024|1024|2531|4304|2105
WINDOW|seq=74|t_cs=16283314|wall_ms=250|threads=353|busy_threads=0|total_runtime_ms=0.000|total_runq_wait_ms=0.000|tgids=5032,10622,22534,25017,26538,27172,30630
THREAD|74|1|30630|9782|10324|binder:30630_7|0.000|0.0|0.000|0|0|0|0-7|0|1024|1024|246|472|239
THREAD|74|2|26538|9612|10195|binder:26538_8|0.000|0.0|0.000|0|1|1|0-7|0|1024|1024|3406|6511|3317
THREAD|74|3|26538|9470|10195|binder:26538_B|0.000|0.0|0.000|0|6|6|0-7|0|1024|1024|2531|4304|2105
THREAD|74|4|10622|8513|10201|ExoPlayer:Playb|0.000|0.0|0.000|0|4|4|0-7|0|1024|1024|6463|10331|51
THREAD|74|5|10622|8509|10201|ExoPlayer:Playb|0.000|0.0|0.000|0|1|1|0-7|0|1024|1024|6331|10327|49
THREAD|74|6|26538|8364|10195|IMM.binder-emu|0.000|0.0|0.000|0|2|2|0-7|0|1024|1024|15737|23850|1039
THREAD|74|7|26538|8336|10195|Primes-Jank|0.000|0.0|0.000|0|4|4|0-7|0|1024|1024|16074|23866|1131
THREAD|74|8|22534|7879|10192|binder:22534_8|0.000|0.0|0.000|0|4|4|0-7|0|1024|1024|139|234|48
THREAD|74|9|5032|7304|10117|DefaultDispatch|0.000|0.0|0.000|0|0|0|0-7|0|1024|1024|546|1343|124
THREAD|74|10|5032|7262|10117|DefaultDispatch|0.000|0.0|0.000|0|0|0|0-7|0|1024|1024|510|1398|93
WINDOW|seq=75|t_cs=16283341|wall_ms=270|threads=353|busy_threads=6|total_runtime_ms=0.822|total_runq_wait_ms=0.971|tgids=5032,10622,22534,25017,26538,27172,30630
THREAD|75|1|22534|15183|10192|binder:22534_C|0.243|0.0|0.057|2|2|5|0-7|0|1024|1024|30|47|9
THREAD|75|2|22534|24911|10192|binder:22534_D|0.201|0.0|0.244|2|3|5|0-7|0|1024|1024|59|114|48
THREAD|75|3|22534|26900|10192|binder:22534_2|0.129|0.0|0.037|2|2|4|0-7|0|1024|1024|175|263|67
THREAD|75|4|22534|27111|10192|binder:22534_4|0.128|0.0|0.266|1|5|5|0-7|0|1024|1024|238|416|98
THREAD|75|5|22534|27328|10192|binder:22534_6|0.081|0.0|0.226|2|3|1|0-7|0|1024|1024|100|172|49
THREAD|75|6|22534|7879|10192|binder:22534_8|0.037|0.0|0.139|2|4|1|0-7|0|1024|1024|140|236|48
THREAD|75|7|30630|9782|10324|binder:30630_7|0.000|0.0|0.000|0|0|0|0-7|0|1024|1024|246|472|239
THREAD|75|8|26538|9612|10195|binder:26538_8|0.000|0.0|0.000|0|1|1|0-7|0|1024|1024|3406|6511|3317
THREAD|75|9|26538|9470|10195|binder:26538_B|0.000|0.0|0.000|0|6|6|0-7|0|1024|1024|2531|4304|2105
THREAD|75|10|10622|8513|10201|ExoPlayer:Playb|0.000|0.0|0.000|0|4|4|0-7|0|1024|1024|6463|10331|51
WINDOW|seq=76|t_cs=16283371|wall_ms=300|threads=353|busy_threads=1|total_runtime_ms=0.158|total_runq_wait_ms=0.000|tgids=5032,10622,22534,25017,26538,27172,30630
THREAD|76|1|25017|25020|90002|HeapTaskDaemon|0.158|0.0|0.000|1|5|5|0-7|0|1024|1024|7|9|5
THREAD|76|2|30630|9782|10324|binder:30630_7|0.000|0.0|0.000|0|0|0|0-7|0|1024|1024|246|472|239
THREAD|76|3|26538|9612|10195|binder:26538_8|0.000|0.0|0.000|0|1|1|0-7|0|1024|1024|3406|6511|3317
THREAD|76|4|26538|9470|10195|binder:26538_B|0.000|0.0|0.000|0|6|6|0-7|0|1024|1024|2531|4304|2105
THREAD|76|5|10622|8513|10201|ExoPlayer:Playb|0.000|0.0|0.000|0|4|4|0-7|0|1024|1024|6463|10331|51
THREAD|76|6|10622|8509|10201|ExoPlayer:Playb|0.000|0.0|0.000|0|1|1|0-7|0|1024|1024|6331|10327|49
THREAD|76|7|26538|8364|10195|IMM.binder-emu|0.000|0.0|0.000|0|2|2|0-7|0|1024|1024|15737|23850|1039
THREAD|76|8|26538|8336|10195|Primes-Jank|0.000|0.0|0.000|0|4|4|0-7|0|1024|1024|16074|23866|1131
THREAD|76|9|22534|7879|10192|binder:22534_8|0.000|0.0|0.000|0|1|1|0-7|0|1024|1024|140|236|48
THREAD|76|10|5032|7304|10117|DefaultDispatch|0.000|0.0|0.000|0|0|0|0-7|0|1024|1024|546|1343|124
WINDOW|seq=77|t_cs=16283395|wall_ms=240|threads=353|busy_threads=0|total_runtime_ms=0.000|total_runq_wait_ms=0.000|tgids=5032,10622,22534,25017,26538,27172,30630
THREAD|77|1|30630|9782|10324|binder:30630_7|0.000|0.0|0.000|0|0|0|0-7|0|1024|1024|246|472|239
THREAD|77|2|26538|9612|10195|binder:26538_8|0.000|0.0|0.000|0|1|1|0-7|0|1024|1024|3406|6511|3317
THREAD|77|3|26538|9470|10195|binder:26538_B|0.000|0.0|0.000|0|6|6|0-7|0|1024|1024|2531|4304|2105
THREAD|77|4|10622|8513|10201|ExoPlayer:Playb|0.000|0.0|0.000|0|4|4|0-7|0|1024|1024|6463|10331|51
THREAD|77|5|10622|8509|10201|ExoPlayer:Playb|0.000|0.0|0.000|0|1|1|0-7|0|1024|1024|6331|10327|49
THREAD|77|6|26538|8364|10195|IMM.binder-emu|0.000|0.0|0.000|0|2|2|0-7|0|1024|1024|15737|23850|1039
THREAD|77|7|26538|8336|10195|Primes-Jank|0.000|0.0|0.000|0|4|4|0-7|0|1024|1024|16074|23866|1131
THREAD|77|8|22534|7879|10192|binder:22534_8|0.000|0.0|0.000|0|1|1|0-7|0|1024|1024|140|236|48
THREAD|77|9|5032|7304|10117|DefaultDispatch|0.000|0.0|0.000|0|0|0|0-7|0|1024|1024|546|1343|124
THREAD|77|10|5032|7262|10117|DefaultDispatch|0.000|0.0|0.000|0|0|0|0-7|0|1024|1024|510|1398|93
WINDOW|seq=78|t_cs=16283418|wall_ms=230|threads=353|busy_threads=12|total_runtime_ms=161.247|total_runq_wait_ms=43.306|tgids=5032,10622,22534,25017,26538,27172,30630
THREAD|78|1|25017|25032|90002|CrRendererMain|62.481|27.1|0.158|11|0|6|0-7|0|1024|1024|711|1345|205
THREAD|78|2|25017|25035|90002|ThreadPoolForeg|19.907|8.6|11.935|32|0|5|0-7|0|1024|1024|376|531|301
THREAD|78|3|25017|25045|90002|ThreadPoolForeg|17.544|7.6|0.934|13|4|1|0-7|0|1024|1024|4|13|3
THREAD|78|4|25017|25042|90002|ThreadPoolForeg|15.132|6.5|5.092|14|1|5|0-7|0|1024|1024|13|17|3
THREAD|78|5|25017|25036|90002|ThreadPoolForeg|14.023|6.0|2.976|20|5|4|0-7|0|1024|1024|78|103|111
THREAD|78|6|25017|26561|90002|ThreadPoolForeg|13.108|5.6|5.244|8|3|2|0-7|0|1024|1024|9|10|1
THREAD|78|7|25017|25038|90002|ThreadPoolForeg|10.249|4.4|11.111|16|1|1|0-7|0|1024|1024|13|22|5
THREAD|78|8|25017|26569|90002|ThreadPoolForeg|7.423|3.2|5.713|8|4|5|0-7|0|1024|1024|3|11|0
THREAD|78|9|22534|27086|10192|Chrome_IOThread|0.773|0.3|0.000|3|5|3|0-7|0|1024|1024|2148|4393|171
THREAD|78|10|22534|22534|10192|.android.chrome|0.304|0.1|0.000|2|1|1|0-7|0|1024|1024|3659|7492|938
WINDOW|seq=79|t_cs=16283445|wall_ms=270|threads=353|busy_threads=3|total_runtime_ms=4.332|total_runq_wait_ms=0.292|tgids=5032,10622,22534,25017,26538,27172,30630
THREAD|79|1|22534|26965|10192|ThreadPoolForeg|3.620|1.3|0.292|8|4|4|0-7|0|1024|1024|1689|5351|1263
THREAD|79|2|22534|22534|10192|.android.chrome|0.561|0.2|0.000|2|1|0|0-7|0|1024|1024|3661|7494|938
THREAD|79|3|25017|25032|90002|CrRendererMain|0.150|0.0|0.000|1|6|4|0-7|0|1024|1024|711|1345|205
THREAD|79|4|30630|9782|10324|binder:30630_7|0.000|0.0|0.000|0|0|0|0-7|0|1024|1024|246|472|239
THREAD|79|5|26538|9612|10195|binder:26538_8|0.000|0.0|0.000|0|1|1|0-7|0|1024|1024|3406|6511|3317
THREAD|79|6|26538|9470|10195|binder:26538_B|0.000|0.0|0.000|0|6|6|0-7|0|1024|1024|2531|4304|2105
THREAD|79|7|10622|8513|10201|ExoPlayer:Playb|0.000|0.0|0.000|0|4|4|0-7|0|1024|1024|6463|10331|51
THREAD|79|8|10622|8509|10201|ExoPlayer:Playb|0.000|0.0|0.000|0|1|1|0-7|0|1024|1024|6331|10327|49
THREAD|79|9|26538|8364|10195|IMM.binder-emu|0.000|0.0|0.000|0|2|2|0-7|0|1024|1024|15737|23850|1039
THREAD|79|10|26538|8336|10195|Primes-Jank|0.000|0.0|0.000|0|4|4|0-7|0|1024|1024|16074|23866|1131
WINDOW|seq=80|t_cs=16283472|wall_ms=270|threads=353|busy_threads=1|total_runtime_ms=0.321|total_runq_wait_ms=0.000|tgids=5032,10622,22534,25017,26538,27172,30630
THREAD|80|1|25017|25032|90002|CrRendererMain|0.321|0.1|0.000|2|4|1|0-7|0|1024|1024|712|1347|205
THREAD|80|2|30630|9782|10324|binder:30630_7|0.000|0.0|0.000|0|0|0|0-7|0|1024|1024|246|472|239
THREAD|80|3|26538|9612|10195|binder:26538_8|0.000|0.0|0.000|0|1|1|0-7|0|1024|1024|3406|6511|3317
THREAD|80|4|26538|9470|10195|binder:26538_B|0.000|0.0|0.000|0|6|6|0-7|0|1024|1024|2531|4304|2105
THREAD|80|5|10622|8513|10201|ExoPlayer:Playb|0.000|0.0|0.000|0|4|4|0-7|0|1024|1024|6463|10331|51
THREAD|80|6|10622|8509|10201|ExoPlayer:Playb|0.000|0.0|0.000|0|1|1|0-7|0|1024|1024|6331|10327|49
THREAD|80|7|26538|8364|10195|IMM.binder-emu|0.000|0.0|0.000|0|2|2|0-7|0|1024|1024|15737|23850|1039
THREAD|80|8|26538|8336|10195|Primes-Jank|0.000|0.0|0.000|0|4|4|0-7|0|1024|1024|16074|23866|1131
THREAD|80|9|22534|7879|10192|binder:22534_8|0.000|0.0|0.000|0|1|1|0-7|0|1024|1024|140|236|48
THREAD|80|10|5032|7304|10117|DefaultDispatch|0.000|0.0|0.000|0|0|0|0-7|0|1024|1024|546|1343|124
WINDOW|seq=81|t_cs=16283496|wall_ms=240|threads=353|busy_threads=1|total_runtime_ms=0.541|total_runq_wait_ms=0.000|tgids=5032,10622,22534,25017,26538,27172,30630
THREAD|81|1|22534|27090|10192|NetworkService|0.541|0.2|0.000|1|5|5|0-7|0|1024|1024|1187|2798|1079
THREAD|81|2|30630|9782|10324|binder:30630_7|0.000|0.0|0.000|0|0|0|0-7|0|1024|1024|246|472|239
THREAD|81|3|26538|9612|10195|binder:26538_8|0.000|0.0|0.000|0|1|1|0-7|0|1024|1024|3406|6511|3317
THREAD|81|4|26538|9470|10195|binder:26538_B|0.000|0.0|0.000|0|6|6|0-7|0|1024|1024|2531|4304|2105
THREAD|81|5|10622|8513|10201|ExoPlayer:Playb|0.000|0.0|0.000|0|4|4|0-7|0|1024|1024|6463|10331|51
THREAD|81|6|10622|8509|10201|ExoPlayer:Playb|0.000|0.0|0.000|0|1|1|0-7|0|1024|1024|6331|10327|49
THREAD|81|7|26538|8364|10195|IMM.binder-emu|0.000|0.0|0.000|0|2|2|0-7|0|1024|1024|15737|23850|1039
THREAD|81|8|26538|8336|10195|Primes-Jank|0.000|0.0|0.000|0|4|4|0-7|0|1024|1024|16074|23866|1131
THREAD|81|9|22534|7879|10192|binder:22534_8|0.000|0.0|0.000|0|1|1|0-7|0|1024|1024|140|236|48
THREAD|81|10|5032|7304|10117|DefaultDispatch|0.000|0.0|0.000|0|0|0|0-7|0|1024|1024|546|1343|124
WINDOW|seq=82|t_cs=16283523|wall_ms=270|threads=353|busy_threads=0|total_runtime_ms=0.000|total_runq_wait_ms=0.000|tgids=5032,10622,22534,25017,26538,27172,30630
THREAD|82|1|30630|9782|10324|binder:30630_7|0.000|0.0|0.000|0|0|0|0-7|0|1024|1024|246|472|239
THREAD|82|2|26538|9612|10195|binder:26538_8|0.000|0.0|0.000|0|1|1|0-7|0|1024|1024|3406|6511|3317
THREAD|82|3|26538|9470|10195|binder:26538_B|0.000|0.0|0.000|0|6|6|0-7|0|1024|1024|2531|4304|2105
THREAD|82|4|10622|8513|10201|ExoPlayer:Playb|0.000|0.0|0.000|0|4|4|0-7|0|1024|1024|6463|10331|51
THREAD|82|5|10622|8509|10201|ExoPlayer:Playb|0.000|0.0|0.000|0|1|1|0-7|0|1024|1024|6331|10327|49
THREAD|82|6|26538|8364|10195|IMM.binder-emu|0.000|0.0|0.000|0|2|2|0-7|0|1024|1024|15737|23850|1039
THREAD|82|7|26538|8336|10195|Primes-Jank|0.000|0.0|0.000|0|4|4|0-7|0|1024|1024|16074|23866|1131
THREAD|82|8|22534|7879|10192|binder:22534_8|0.000|0.0|0.000|0|1|1|0-7|0|1024|1024|140|236|48
THREAD|82|9|5032|7304|10117|DefaultDispatch|0.000|0.0|0.000|0|0|0|0-7|0|1024|1024|546|1343|124
THREAD|82|10|5032|7262|10117|DefaultDispatch|0.000|0.0|0.000|0|0|0|0-7|0|1024|1024|510|1398|93
WINDOW|seq=83|t_cs=16283548|wall_ms=250|threads=353|busy_threads=0|total_runtime_ms=0.000|total_runq_wait_ms=0.000|tgids=5032,10622,22534,25017,26538,27172,30630
THREAD|83|1|30630|9782|10324|binder:30630_7|0.000|0.0|0.000|0|0|0|0-7|0|1024|1024|246|472|239
THREAD|83|2|26538|9612|10195|binder:26538_8|0.000|0.0|0.000|0|1|1|0-7|0|1024|1024|3406|6511|3317
THREAD|83|3|26538|9470|10195|binder:26538_B|0.000|0.0|0.000|0|6|6|0-7|0|1024|1024|2531|4304|2105
THREAD|83|4|10622|8513|10201|ExoPlayer:Playb|0.000|0.0|0.000|0|4|4|0-7|0|1024|1024|6463|10331|51
THREAD|83|5|10622|8509|10201|ExoPlayer:Playb|0.000|0.0|0.000|0|1|1|0-7|0|1024|1024|6331|10327|49
THREAD|83|6|26538|8364|10195|IMM.binder-emu|0.000|0.0|0.000|0|2|2|0-7|0|1024|1024|15737|23850|1039
THREAD|83|7|26538|8336|10195|Primes-Jank|0.000|0.0|0.000|0|4|4|0-7|0|1024|1024|16074|23866|1131
THREAD|83|8|22534|7879|10192|binder:22534_8|0.000|0.0|0.000|0|1|1|0-7|0|1024|1024|140|236|48
THREAD|83|9|5032|7304|10117|DefaultDispatch|0.000|0.0|0.000|0|0|0|0-7|0|1024|1024|546|1343|124
THREAD|83|10|5032|7262|10117|DefaultDispatch|0.000|0.0|0.000|0|0|0|0-7|0|1024|1024|510|1398|93
WINDOW|seq=84|t_cs=16283574|wall_ms=260|threads=353|busy_threads=2|total_runtime_ms=0.125|total_runq_wait_ms=0.040|tgids=5032,10622,22534,25017,26538,27172,30630
THREAD|84|1|22534|26965|10192|ThreadPoolForeg|0.088|0.0|0.040|2|4|5|0-7|0|1024|1024|1693|5352|1264
THREAD|84|2|22534|15183|10192|binder:22534_C|0.037|0.0|0.000|1|5|5|0-7|0|1024|1024|30|48|9
THREAD|84|3|30630|9782|10324|binder:30630_7|0.000|0.0|0.000|0|0|0|0-7|0|1024|1024|246|472|239
THREAD|84|4|26538|9612|10195|binder:26538_8|0.000|0.0|0.000|0|1|1|0-7|0|1024|1024|3406|6511|3317
THREAD|84|5|26538|9470|10195|binder:26538_B|0.000|0.0|0.000|0|6|6|0-7|0|1024|1024|2531|4304|2105
THREAD|84|6|10622|8513|10201|ExoPlayer:Playb|0.000|0.0|0.000|0|4|4|0-7|0|1024|1024|6463|10331|51
THREAD|84|7|10622|8509|10201|ExoPlayer:Playb|0.000|0.0|0.000|0|1|1|0-7|0|1024|1024|6331|10327|49
THREAD|84|8|26538|8364|10195|IMM.binder-emu|0.000|0.0|0.000|0|2|2|0-7|0|1024|1024|15737|23850|1039
THREAD|84|9|26538|8336|10195|Primes-Jank|0.000|0.0|0.000|0|4|4|0-7|0|1024|1024|16074|23866|1131
THREAD|84|10|22534|7879|10192|binder:22534_8|0.000|0.0|0.000|0|1|1|0-7|0|1024|1024|140|236|48
WINDOW|seq=85|t_cs=16283600|wall_ms=260|threads=353|busy_threads=0|total_runtime_ms=0.000|total_runq_wait_ms=0.000|tgids=5032,10622,22534,25017,26538,27172,30630
THREAD|85|1|30630|9782|10324|binder:30630_7|0.000|0.0|0.000|0|0|0|0-7|0|1024|1024|246|472|239
THREAD|85|2|26538|9612|10195|binder:26538_8|0.000|0.0|0.000|0|1|1|0-7|0|1024|1024|3406|6511|3317
THREAD|85|3|26538|9470|10195|binder:26538_B|0.000|0.0|0.000|0|6|6|0-7|0|1024|1024|2531|4304|2105
THREAD|85|4|10622|8513|10201|ExoPlayer:Playb|0.000|0.0|0.000|0|4|4|0-7|0|1024|1024|6463|10331|51
THREAD|85|5|10622|8509|10201|ExoPlayer:Playb|0.000|0.0|0.000|0|1|1|0-7|0|1024|1024|6331|10327|49
THREAD|85|6|26538|8364|10195|IMM.binder-emu|0.000|0.0|0.000|0|2|2|0-7|0|1024|1024|15737|23850|1039
THREAD|85|7|26538|8336|10195|Primes-Jank|0.000|0.0|0.000|0|4|4|0-7|0|1024|1024|16074|23866|1131
THREAD|85|8|22534|7879|10192|binder:22534_8|0.000|0.0|0.000|0|1|1|0-7|0|1024|1024|140|236|48
THREAD|85|9|5032|7304|10117|DefaultDispatch|0.000|0.0|0.000|0|0|0|0-7|0|1024|1024|546|1343|124
THREAD|85|10|5032|7262|10117|DefaultDispatch|0.000|0.0|0.000|0|0|0|0-7|0|1024|1024|510|1398|93
WINDOW|seq=86|t_cs=16283626|wall_ms=260|threads=353|busy_threads=0|total_runtime_ms=0.000|total_runq_wait_ms=0.000|tgids=5032,10622,22534,25017,26538,27172,30630
THREAD|86|1|30630|9782|10324|binder:30630_7|0.000|0.0|0.000|0|0|0|0-7|0|1024|1024|246|472|239
THREAD|86|2|26538|9612|10195|binder:26538_8|0.000|0.0|0.000|0|1|1|0-7|0|1024|1024|3406|6511|3317
THREAD|86|3|26538|9470|10195|binder:26538_B|0.000|0.0|0.000|0|6|6|0-7|0|1024|1024|2531|4304|2105
THREAD|86|4|10622|8513|10201|ExoPlayer:Playb|0.000|0.0|0.000|0|4|4|0-7|0|1024|1024|6463|10331|51
THREAD|86|5|10622|8509|10201|ExoPlayer:Playb|0.000|0.0|0.000|0|1|1|0-7|0|1024|1024|6331|10327|49
THREAD|86|6|26538|8364|10195|IMM.binder-emu|0.000|0.0|0.000|0|2|2|0-7|0|1024|1024|15737|23850|1039
THREAD|86|7|26538|8336|10195|Primes-Jank|0.000|0.0|0.000|0|4|4|0-7|0|1024|1024|16074|23866|1131
THREAD|86|8|22534|7879|10192|binder:22534_8|0.000|0.0|0.000|0|1|1|0-7|0|1024|1024|140|236|48
THREAD|86|9|5032|7304|10117|DefaultDispatch|0.000|0.0|0.000|0|0|0|0-7|0|1024|1024|546|1343|124
THREAD|86|10|5032|7262|10117|DefaultDispatch|0.000|0.0|0.000|0|0|0|0-7|0|1024|1024|510|1398|93
WINDOW|seq=87|t_cs=16283652|wall_ms=260|threads=353|busy_threads=0|total_runtime_ms=0.000|total_runq_wait_ms=0.000|tgids=5032,10622,22534,25017,26538,27172,30630
THREAD|87|1|30630|9782|10324|binder:30630_7|0.000|0.0|0.000|0|0|0|0-7|0|1024|1024|246|472|239
THREAD|87|2|26538|9612|10195|binder:26538_8|0.000|0.0|0.000|0|1|1|0-7|0|1024|1024|3406|6511|3317
THREAD|87|3|26538|9470|10195|binder:26538_B|0.000|0.0|0.000|0|6|6|0-7|0|1024|1024|2531|4304|2105
THREAD|87|4|10622|8513|10201|ExoPlayer:Playb|0.000|0.0|0.000|0|4|4|0-7|0|1024|1024|6463|10331|51
THREAD|87|5|10622|8509|10201|ExoPlayer:Playb|0.000|0.0|0.000|0|1|1|0-7|0|1024|1024|6331|10327|49
THREAD|87|6|26538|8364|10195|IMM.binder-emu|0.000|0.0|0.000|0|2|2|0-7|0|1024|1024|15737|23850|1039
THREAD|87|7|26538|8336|10195|Primes-Jank|0.000|0.0|0.000|0|4|4|0-7|0|1024|1024|16074|23866|1131
THREAD|87|8|22534|7879|10192|binder:22534_8|0.000|0.0|0.000|0|1|1|0-7|0|1024|1024|140|236|48
THREAD|87|9|5032|7304|10117|DefaultDispatch|0.000|0.0|0.000|0|0|0|0-7|0|1024|1024|546|1343|124
THREAD|87|10|5032|7262|10117|DefaultDispatch|0.000|0.0|0.000|0|0|0|0-7|0|1024|1024|510|1398|93
WINDOW|seq=88|t_cs=16283678|wall_ms=260|threads=353|busy_threads=8|total_runtime_ms=4.635|total_runq_wait_ms=0.436|tgids=5032,10622,22534,25017,26538,27172,30630
THREAD|88|1|22534|27102|10192|ThreadPoolSingl|1.573|0.6|0.286|3|0|0|0-7|0|1024|1024|99|169|41
THREAD|88|2|22534|26965|10192|ThreadPoolForeg|1.340|0.5|0.000|3|5|5|0-7|0|1024|1024|1693|5355|1264
THREAD|88|3|25017|25032|90002|CrRendererMain|0.812|0.3|0.000|1|1|1|0-7|0|1024|1024|712|1348|205
THREAD|88|4|22534|27086|10192|Chrome_IOThread|0.248|0.0|0.000|2|3|4|0-7|0|1024|1024|2149|4395|171
THREAD|88|5|27172|27239|10192|CrGpuMain|0.177|0.0|0.000|1|0|1|0-7|0|1024|1024|836|1402|214
THREAD|88|6|22534|26963|10192|ThreadPoolServi|0.170|0.0|0.150|1|4|0|0-7|0|1024|1024|112|196|27
THREAD|88|7|22534|22534|10192|.android.chrome|0.165|0.0|0.000|1|0|0|0-7|0|1024|1024|3661|7496|938
THREAD|88|8|25017|25037|90002|Chrome_ChildIOT|0.146|0.0|0.000|1|4|0|0-7|0|1024|1024|575|1272|19
THREAD|88|9|30630|9782|10324|binder:30630_7|0.000|0.0|0.000|0|0|0|0-7|0|1024|1024|246|472|239
THREAD|88|10|26538|9612|10195|binder:26538_8|0.000|0.0|0.000|0|1|1|0-7|0|1024|1024|3406|6511|3317
WINDOW|seq=89|t_cs=16283705|wall_ms=270|threads=353|busy_threads=1|total_runtime_ms=0.624|total_runq_wait_ms=0.000|tgids=5032,10622,22534,25017,26538,27172,30630
THREAD|89|1|22534|22534|10192|.android.chrome|0.624|0.2|0.000|1|0|0|0-7|0|1024|1024|3661|7496|938
THREAD|89|2|30630|9782|10324|binder:30630_7|0.000|0.0|0.000|0|0|0|0-7|0|1024|1024|246|472|239
THREAD|89|3|26538|9612|10195|binder:26538_8|0.000|0.0|0.000|0|1|1|0-7|0|1024|1024|3406|6511|3317
THREAD|89|4|26538|9470|10195|binder:26538_B|0.000|0.0|0.000|0|6|6|0-7|0|1024|1024|2531|4304|2105
THREAD|89|5|10622|8513|10201|ExoPlayer:Playb|0.000|0.0|0.000|0|4|4|0-7|0|1024|1024|6463|10331|51
THREAD|89|6|10622|8509|10201|ExoPlayer:Playb|0.000|0.0|0.000|0|1|1|0-7|0|1024|1024|6331|10327|49
THREAD|89|7|26538|8364|10195|IMM.binder-emu|0.000|0.0|0.000|0|2|2|0-7|0|1024|1024|15737|23850|1039
THREAD|89|8|26538|8336|10195|Primes-Jank|0.000|0.0|0.000|0|4|4|0-7|0|1024|1024|16074|23866|1131
THREAD|89|9|22534|7879|10192|binder:22534_8|0.000|0.0|0.000|0|1|1|0-7|0|1024|1024|140|236|48
THREAD|89|10|5032|7304|10117|DefaultDispatch|0.000|0.0|0.000|0|0|0|0-7|0|1024|1024|546|1343|124
WINDOW|seq=90|t_cs=16283734|wall_ms=290|threads=353|busy_threads=0|total_runtime_ms=0.000|total_runq_wait_ms=0.000|tgids=5032,10622,22534,25017,26538,27172,30630
THREAD|90|1|30630|9782|10324|binder:30630_7|0.000|0.0|0.000|0|0|0|0-7|0|1024|1024|246|472|239
THREAD|90|2|26538|9612|10195|binder:26538_8|0.000|0.0|0.000|0|1|1|0-7|0|1024|1024|3406|6511|3317
THREAD|90|3|26538|9470|10195|binder:26538_B|0.000|0.0|0.000|0|6|6|0-7|0|1024|1024|2531|4304|2105
THREAD|90|4|10622|8513|10201|ExoPlayer:Playb|0.000|0.0|0.000|0|4|4|0-7|0|1024|1024|6463|10331|51
THREAD|90|5|10622|8509|10201|ExoPlayer:Playb|0.000|0.0|0.000|0|1|1|0-7|0|1024|1024|6331|10327|49
THREAD|90|6|26538|8364|10195|IMM.binder-emu|0.000|0.0|0.000|0|2|2|0-7|0|1024|1024|15737|23850|1039
THREAD|90|7|26538|8336|10195|Primes-Jank|0.000|0.0|0.000|0|4|4|0-7|0|1024|1024|16074|23866|1131
THREAD|90|8|22534|7879|10192|binder:22534_8|0.000|0.0|0.000|0|1|1|0-7|0|1024|1024|140|236|48
THREAD|90|9|5032|7304|10117|DefaultDispatch|0.000|0.0|0.000|0|0|0|0-7|0|1024|1024|546|1343|124
THREAD|90|10|5032|7262|10117|DefaultDispatch|0.000|0.0|0.000|0|0|0|0-7|0|1024|1024|510|1398|93
WINDOW|seq=91|t_cs=16283759|wall_ms=250|threads=353|busy_threads=0|total_runtime_ms=0.000|total_runq_wait_ms=0.000|tgids=5032,10622,22534,25017,26538,27172,30630
THREAD|91|1|30630|9782|10324|binder:30630_7|0.000|0.0|0.000|0|0|0|0-7|0|1024|1024|246|472|239
THREAD|91|2|26538|9612|10195|binder:26538_8|0.000|0.0|0.000|0|1|1|0-7|0|1024|1024|3406|6511|3317
THREAD|91|3|26538|9470|10195|binder:26538_B|0.000|0.0|0.000|0|6|6|0-7|0|1024|1024|2531|4304|2105
THREAD|91|4|10622|8513|10201|ExoPlayer:Playb|0.000|0.0|0.000|0|4|4|0-7|0|1024|1024|6463|10331|51
THREAD|91|5|10622|8509|10201|ExoPlayer:Playb|0.000|0.0|0.000|0|1|1|0-7|0|1024|1024|6331|10327|49
THREAD|91|6|26538|8364|10195|IMM.binder-emu|0.000|0.0|0.000|0|2|2|0-7|0|1024|1024|15737|23850|1039
THREAD|91|7|26538|8336|10195|Primes-Jank|0.000|0.0|0.000|0|4|4|0-7|0|1024|1024|16074|23866|1131
THREAD|91|8|22534|7879|10192|binder:22534_8|0.000|0.0|0.000|0|1|1|0-7|0|1024|1024|140|236|48
THREAD|91|9|5032|7304|10117|DefaultDispatch|0.000|0.0|0.000|0|0|0|0-7|0|1024|1024|546|1343|124
THREAD|91|10|5032|7262|10117|DefaultDispatch|0.000|0.0|0.000|0|0|0|0-7|0|1024|1024|510|1398|93
WINDOW|seq=92|t_cs=16283785|wall_ms=260|threads=353|busy_threads=2|total_runtime_ms=0.230|total_runq_wait_ms=0.096|tgids=5032,10622,22534,25017,26538,27172,30630
THREAD|92|1|22534|27102|10192|ThreadPoolSingl|0.146|0.0|0.096|1|0|0|0-7|0|1024|1024|99|170|41
THREAD|92|2|22534|26965|10192|ThreadPoolForeg|0.083|0.0|0.000|1|5|5|0-7|0|1024|1024|1693|5356|1264
THREAD|92|3|30630|9782|10324|binder:30630_7|0.000|0.0|0.000|0|0|0|0-7|0|1024|1024|246|472|239
THREAD|92|4|26538|9612|10195|binder:26538_8|0.000|0.0|0.000|0|1|1|0-7|0|1024|1024|3406|6511|3317
THREAD|92|5|26538|9470|10195|binder:26538_B|0.000|0.0|0.000|0|6|6|0-7|0|1024|1024|2531|4304|2105
THREAD|92|6|10622|8513|10201|ExoPlayer:Playb|0.000|0.0|0.000|0|4|4|0-7|0|1024|1024|6463|10331|51
THREAD|92|7|10622|8509|10201|ExoPlayer:Playb|0.000|0.0|0.000|0|1|1|0-7|0|1024|1024|6331|10327|49
THREAD|92|8|26538|8364|10195|IMM.binder-emu|0.000|0.0|0.000|0|2|2|0-7|0|1024|1024|15737|23850|1039
THREAD|92|9|26538|8336|10195|Primes-Jank|0.000|0.0|0.000|0|4|4|0-7|0|1024|1024|16074|23866|1131
THREAD|92|10|22534|7879|10192|binder:22534_8|0.000|0.0|0.000|0|1|1|0-7|0|1024|1024|140|236|48
WINDOW|seq=93|t_cs=16283810|wall_ms=250|threads=353|busy_threads=0|total_runtime_ms=0.000|total_runq_wait_ms=0.000|tgids=5032,10622,22534,25017,26538,27172,30630
THREAD|93|1|30630|9782|10324|binder:30630_7|0.000|0.0|0.000|0|0|0|0-7|0|1024|1024|246|472|239
THREAD|93|2|26538|9612|10195|binder:26538_8|0.000|0.0|0.000|0|1|1|0-7|0|1024|1024|3406|6511|3317
THREAD|93|3|26538|9470|10195|binder:26538_B|0.000|0.0|0.000|0|6|6|0-7|0|1024|1024|2531|4304|2105
THREAD|93|4|10622|8513|10201|ExoPlayer:Playb|0.000|0.0|0.000|0|4|4|0-7|0|1024|1024|6463|10331|51
THREAD|93|5|10622|8509|10201|ExoPlayer:Playb|0.000|0.0|0.000|0|1|1|0-7|0|1024|1024|6331|10327|49
THREAD|93|6|26538|8364|10195|IMM.binder-emu|0.000|0.0|0.000|0|2|2|0-7|0|1024|1024|15737|23850|1039
THREAD|93|7|26538|8336|10195|Primes-Jank|0.000|0.0|0.000|0|4|4|0-7|0|1024|1024|16074|23866|1131
THREAD|93|8|22534|7879|10192|binder:22534_8|0.000|0.0|0.000|0|1|1|0-7|0|1024|1024|140|236|48
THREAD|93|9|5032|7304|10117|DefaultDispatch|0.000|0.0|0.000|0|0|0|0-7|0|1024|1024|546|1343|124
THREAD|93|10|5032|7262|10117|DefaultDispatch|0.000|0.0|0.000|0|0|0|0-7|0|1024|1024|510|1398|93
WINDOW|seq=94|t_cs=16283837|wall_ms=270|threads=353|busy_threads=0|total_runtime_ms=0.000|total_runq_wait_ms=0.000|tgids=5032,10622,22534,25017,26538,27172,30630
THREAD|94|1|30630|9782|10324|binder:30630_7|0.000|0.0|0.000|0|0|0|0-7|0|1024|1024|246|472|239
THREAD|94|2|26538|9612|10195|binder:26538_8|0.000|0.0|0.000|0|1|1|0-7|0|1024|1024|3406|6511|3317
THREAD|94|3|26538|9470|10195|binder:26538_B|0.000|0.0|0.000|0|6|6|0-7|0|1024|1024|2531|4304|2105
THREAD|94|4|10622|8513|10201|ExoPlayer:Playb|0.000|0.0|0.000|0|4|4|0-7|0|1024|1024|6463|10331|51
THREAD|94|5|10622|8509|10201|ExoPlayer:Playb|0.000|0.0|0.000|0|1|1|0-7|0|1024|1024|6331|10327|49
THREAD|94|6|26538|8364|10195|IMM.binder-emu|0.000|0.0|0.000|0|2|2|0-7|0|1024|1024|15737|23850|1039
THREAD|94|7|26538|8336|10195|Primes-Jank|0.000|0.0|0.000|0|4|4|0-7|0|1024|1024|16074|23866|1131
THREAD|94|8|22534|7879|10192|binder:22534_8|0.000|0.0|0.000|0|1|1|0-7|0|1024|1024|140|236|48
THREAD|94|9|5032|7304|10117|DefaultDispatch|0.000|0.0|0.000|0|0|0|0-7|0|1024|1024|546|1343|124
THREAD|94|10|5032|7262|10117|DefaultDispatch|0.000|0.0|0.000|0|0|0|0-7|0|1024|1024|510|1398|93
WINDOW|seq=95|t_cs=16283862|wall_ms=250|threads=353|busy_threads=0|total_runtime_ms=0.000|total_runq_wait_ms=0.000|tgids=5032,10622,22534,25017,26538,27172,30630
THREAD|95|1|30630|9782|10324|binder:30630_7|0.000|0.0|0.000|0|0|0|0-7|0|1024|1024|246|472|239
THREAD|95|2|26538|9612|10195|binder:26538_8|0.000|0.0|0.000|0|1|1|0-7|0|1024|1024|3406|6511|3317
THREAD|95|3|26538|9470|10195|binder:26538_B|0.000|0.0|0.000|0|6|6|0-7|0|1024|1024|2531|4304|2105
THREAD|95|4|10622|8513|10201|ExoPlayer:Playb|0.000|0.0|0.000|0|4|4|0-7|0|1024|1024|6463|10331|51
THREAD|95|5|10622|8509|10201|ExoPlayer:Playb|0.000|0.0|0.000|0|1|1|0-7|0|1024|1024|6331|10327|49
THREAD|95|6|26538|8364|10195|IMM.binder-emu|0.000|0.0|0.000|0|2|2|0-7|0|1024|1024|15737|23850|1039
THREAD|95|7|26538|8336|10195|Primes-Jank|0.000|0.0|0.000|0|4|4|0-7|0|1024|1024|16074|23866|1131
THREAD|95|8|22534|7879|10192|binder:22534_8|0.000|0.0|0.000|0|1|1|0-7|0|1024|1024|140|236|48
THREAD|95|9|5032|7304|10117|DefaultDispatch|0.000|0.0|0.000|0|0|0|0-7|0|1024|1024|546|1343|124
THREAD|95|10|5032|7262|10117|DefaultDispatch|0.000|0.0|0.000|0|0|0|0-7|0|1024|1024|510|1398|93
WINDOW|seq=96|t_cs=16283887|wall_ms=250|threads=353|busy_threads=5|total_runtime_ms=1.726|total_runq_wait_ms=0.000|tgids=5032,10622,22534,25017,26538,27172,30630
THREAD|96|1|25017|25032|90002|CrRendererMain|0.874|0.3|0.000|1|1|1|0-7|0|1024|1024|712|1349|205
THREAD|96|2|22534|27086|10192|Chrome_IOThread|0.394|0.1|0.000|2|4|5|0-7|0|1024|1024|2150|4397|171
THREAD|96|3|25017|25037|90002|Chrome_ChildIOT|0.223|0.0|0.000|1|0|4|0-7|0|1024|1024|576|1273|19
THREAD|96|4|22534|22534|10192|.android.chrome|0.138|0.0|0.000|1|0|1|0-7|0|1024|1024|3662|7497|938
THREAD|96|5|25017|25024|90002|FinalizerWatchd|0.095|0.0|0.000|1|5|5|0-7|0|1024|1024|1|4|0
THREAD|96|6|30630|9782|10324|binder:30630_7|0.000|0.0|0.000|0|0|0|0-7|0|1024|1024|246|472|239
THREAD|96|7|26538|9612|10195|binder:26538_8|0.000|0.0|0.000|0|1|1|0-7|0|1024|1024|3406|6511|3317
THREAD|96|8|26538|9470|10195|binder:26538_B|0.000|0.0|0.000|0|6|6|0-7|0|1024|1024|2531|4304|2105
THREAD|96|9|10622|8513|10201|ExoPlayer:Playb|0.000|0.0|0.000|0|4|4|0-7|0|1024|1024|6463|10331|51
THREAD|96|10|10622|8509|10201|ExoPlayer:Playb|0.000|0.0|0.000|0|1|1|0-7|0|1024|1024|6331|10327|49
WINDOW|seq=97|t_cs=16283914|wall_ms=270|threads=353|busy_threads=1|total_runtime_ms=1.369|total_runq_wait_ms=0.050|tgids=5032,10622,22534,25017,26538,27172,30630
THREAD|97|1|22534|27090|10192|NetworkService|1.369|0.5|0.050|2|5|0|0-7|0|1024|1024|1188|2799|1080
THREAD|97|2|30630|9782|10324|binder:30630_7|0.000|0.0|0.000|0|0|0|0-7|0|1024|1024|246|472|239
THREAD|97|3|26538|9612|10195|binder:26538_8|0.000|0.0|0.000|0|1|1|0-7|0|1024|1024|3406|6511|3317
THREAD|97|4|26538|9470|10195|binder:26538_B|0.000|0.0|0.000|0|6|6|0-7|0|1024|1024|2531|4304|2105
THREAD|97|5|10622|8513|10201|ExoPlayer:Playb|0.000|0.0|0.000|0|4|4|0-7|0|1024|1024|6463|10331|51
THREAD|97|6|10622|8509|10201|ExoPlayer:Playb|0.000|0.0|0.000|0|1|1|0-7|0|1024|1024|6331|10327|49
THREAD|97|7|26538|8364|10195|IMM.binder-emu|0.000|0.0|0.000|0|2|2|0-7|0|1024|1024|15737|23850|1039
THREAD|97|8|26538|8336|10195|Primes-Jank|0.000|0.0|0.000|0|4|4|0-7|0|1024|1024|16074|23866|1131
THREAD|97|9|22534|7879|10192|binder:22534_8|0.000|0.0|0.000|0|1|1|0-7|0|1024|1024|140|236|48
THREAD|97|10|5032|7304|10117|DefaultDispatch|0.000|0.0|0.000|0|0|0|0-7|0|1024|1024|546|1343|124
WINDOW|seq=98|t_cs=16283941|wall_ms=270|threads=353|busy_threads=0|total_runtime_ms=0.000|total_runq_wait_ms=0.000|tgids=5032,10622,22534,25017,26538,27172,30630
THREAD|98|1|30630|9782|10324|binder:30630_7|0.000|0.0|0.000|0|0|0|0-7|0|1024|1024|246|472|239
THREAD|98|2|26538|9612|10195|binder:26538_8|0.000|0.0|0.000|0|1|1|0-7|0|1024|1024|3406|6511|3317
THREAD|98|3|26538|9470|10195|binder:26538_B|0.000|0.0|0.000|0|6|6|0-7|0|1024|1024|2531|4304|2105
THREAD|98|4|10622|8513|10201|ExoPlayer:Playb|0.000|0.0|0.000|0|4|4|0-7|0|1024|1024|6463|10331|51
THREAD|98|5|10622|8509|10201|ExoPlayer:Playb|0.000|0.0|0.000|0|1|1|0-7|0|1024|1024|6331|10327|49
THREAD|98|6|26538|8364|10195|IMM.binder-emu|0.000|0.0|0.000|0|2|2|0-7|0|1024|1024|15737|23850|1039
THREAD|98|7|26538|8336|10195|Primes-Jank|0.000|0.0|0.000|0|4|4|0-7|0|1024|1024|16074|23866|1131
THREAD|98|8|22534|7879|10192|binder:22534_8|0.000|0.0|0.000|0|1|1|0-7|0|1024|1024|140|236|48
THREAD|98|9|5032|7304|10117|DefaultDispatch|0.000|0.0|0.000|0|0|0|0-7|0|1024|1024|546|1343|124
THREAD|98|10|5032|7262|10117|DefaultDispatch|0.000|0.0|0.000|0|0|0|0-7|0|1024|1024|510|1398|93
WINDOW|seq=99|t_cs=16283966|wall_ms=250|threads=353|busy_threads=0|total_runtime_ms=0.000|total_runq_wait_ms=0.000|tgids=5032,10622,22534,25017,26538,27172,30630
THREAD|99|1|30630|9782|10324|binder:30630_7|0.000|0.0|0.000|0|0|0|0-7|0|1024|1024|246|472|239
THREAD|99|2|26538|9612|10195|binder:26538_8|0.000|0.0|0.000|0|1|1|0-7|0|1024|1024|3406|6511|3317
THREAD|99|3|26538|9470|10195|binder:26538_B|0.000|0.0|0.000|0|6|6|0-7|0|1024|1024|2531|4304|2105
THREAD|99|4|10622|8513|10201|ExoPlayer:Playb|0.000|0.0|0.000|0|4|4|0-7|0|1024|1024|6463|10331|51
THREAD|99|5|10622|8509|10201|ExoPlayer:Playb|0.000|0.0|0.000|0|1|1|0-7|0|1024|1024|6331|10327|49
THREAD|99|6|26538|8364|10195|IMM.binder-emu|0.000|0.0|0.000|0|2|2|0-7|0|1024|1024|15737|23850|1039
THREAD|99|7|26538|8336|10195|Primes-Jank|0.000|0.0|0.000|0|4|4|0-7|0|1024|1024|16074|23866|1131
THREAD|99|8|22534|7879|10192|binder:22534_8|0.000|0.0|0.000|0|1|1|0-7|0|1024|1024|140|236|48
THREAD|99|9|5032|7304|10117|DefaultDispatch|0.000|0.0|0.000|0|0|0|0-7|0|1024|1024|546|1343|124
THREAD|99|10|5032|7262|10117|DefaultDispatch|0.000|0.0|0.000|0|0|0|0-7|0|1024|1024|510|1398|93
WINDOW|seq=100|t_cs=16283991|wall_ms=250|threads=353|busy_threads=0|total_runtime_ms=0.000|total_runq_wait_ms=0.000|tgids=5032,10622,22534,25017,26538,27172,30630
THREAD|100|1|30630|9782|10324|binder:30630_7|0.000|0.0|0.000|0|0|0|0-7|0|1024|1024|246|472|239
THREAD|100|2|26538|9612|10195|binder:26538_8|0.000|0.0|0.000|0|1|1|0-7|0|1024|1024|3406|6511|3317
THREAD|100|3|26538|9470|10195|binder:26538_B|0.000|0.0|0.000|0|6|6|0-7|0|1024|1024|2531|4304|2105
THREAD|100|4|10622|8513|10201|ExoPlayer:Playb|0.000|0.0|0.000|0|4|4|0-7|0|1024|1024|6463|10331|51
THREAD|100|5|10622|8509|10201|ExoPlayer:Playb|0.000|0.0|0.000|0|1|1|0-7|0|1024|1024|6331|10327|49
THREAD|100|6|26538|8364|10195|IMM.binder-emu|0.000|0.0|0.000|0|2|2|0-7|0|1024|1024|15737|23850|1039
THREAD|100|7|26538|8336|10195|Primes-Jank|0.000|0.0|0.000|0|4|4|0-7|0|1024|1024|16074|23866|1131
THREAD|100|8|22534|7879|10192|binder:22534_8|0.000|0.0|0.000|0|1|1|0-7|0|1024|1024|140|236|48
THREAD|100|9|5032|7304|10117|DefaultDispatch|0.000|0.0|0.000|0|0|0|0-7|0|1024|1024|546|1343|124
THREAD|100|10|5032|7262|10117|DefaultDispatch|0.000|0.0|0.000|0|0|0|0-7|0|1024|1024|510|1398|93
WINDOW|seq=101|t_cs=16284016|wall_ms=250|threads=353|busy_threads=0|total_runtime_ms=0.000|total_runq_wait_ms=0.000|tgids=5032,10622,22534,25017,26538,27172,30630
THREAD|101|1|30630|9782|10324|binder:30630_7|0.000|0.0|0.000|0|0|0|0-7|0|1024|1024|246|472|239
THREAD|101|2|26538|9612|10195|binder:26538_8|0.000|0.0|0.000|0|1|1|0-7|0|1024|1024|3406|6511|3317
THREAD|101|3|26538|9470|10195|binder:26538_B|0.000|0.0|0.000|0|6|6|0-7|0|1024|1024|2531|4304|2105
THREAD|101|4|10622|8513|10201|ExoPlayer:Playb|0.000|0.0|0.000|0|4|4|0-7|0|1024|1024|6463|10331|51
THREAD|101|5|10622|8509|10201|ExoPlayer:Playb|0.000|0.0|0.000|0|1|1|0-7|0|1024|1024|6331|10327|49
THREAD|101|6|26538|8364|10195|IMM.binder-emu|0.000|0.0|0.000|0|2|2|0-7|0|1024|1024|15737|23850|1039
THREAD|101|7|26538|8336|10195|Primes-Jank|0.000|0.0|0.000|0|4|4|0-7|0|1024|1024|16074|23866|1131
THREAD|101|8|22534|7879|10192|binder:22534_8|0.000|0.0|0.000|0|1|1|0-7|0|1024|1024|140|236|48
THREAD|101|9|5032|7304|10117|DefaultDispatch|0.000|0.0|0.000|0|0|0|0-7|0|1024|1024|546|1343|124
THREAD|101|10|5032|7262|10117|DefaultDispatch|0.000|0.0|0.000|0|0|0|0-7|0|1024|1024|510|1398|93
WINDOW|seq=102|t_cs=16284040|wall_ms=240|threads=353|busy_threads=0|total_runtime_ms=0.000|total_runq_wait_ms=0.000|tgids=5032,10622,22534,25017,26538,27172,30630
THREAD|102|1|30630|9782|10324|binder:30630_7|0.000|0.0|0.000|0|0|0|0-7|0|1024|1024|246|472|239
THREAD|102|2|26538|9612|10195|binder:26538_8|0.000|0.0|0.000|0|1|1|0-7|0|1024|1024|3406|6511|3317
THREAD|102|3|26538|9470|10195|binder:26538_B|0.000|0.0|0.000|0|6|6|0-7|0|1024|1024|2531|4304|2105
THREAD|102|4|10622|8513|10201|ExoPlayer:Playb|0.000|0.0|0.000|0|4|4|0-7|0|1024|1024|6463|10331|51
THREAD|102|5|10622|8509|10201|ExoPlayer:Playb|0.000|0.0|0.000|0|1|1|0-7|0|1024|1024|6331|10327|49
THREAD|102|6|26538|8364|10195|IMM.binder-emu|0.000|0.0|0.000|0|2|2|0-7|0|1024|1024|15737|23850|1039
THREAD|102|7|26538|8336|10195|Primes-Jank|0.000|0.0|0.000|0|4|4|0-7|0|1024|1024|16074|23866|1131
THREAD|102|8|22534|7879|10192|binder:22534_8|0.000|0.0|0.000|0|1|1|0-7|0|1024|1024|140|236|48
THREAD|102|9|5032|7304|10117|DefaultDispatch|0.000|0.0|0.000|0|0|0|0-7|0|1024|1024|546|1343|124
THREAD|102|10|5032|7262|10117|DefaultDispatch|0.000|0.0|0.000|0|0|0|0-7|0|1024|1024|510|1398|93
WINDOW|seq=103|t_cs=16284067|wall_ms=270|threads=353|busy_threads=7|total_runtime_ms=4.494|total_runq_wait_ms=0.583|tgids=5032,10622,22534,25017,26538,27172,30630
THREAD|103|1|22534|27090|10192|NetworkService|2.520|0.9|0.532|2|0|0|0-7|0|1024|1024|1188|2800|1081
THREAD|103|2|22534|26965|10192|ThreadPoolForeg|0.965|0.3|0.051|4|5|0|0-7|0|1024|1024|1694|5359|1265
THREAD|103|3|25017|25032|90002|CrRendererMain|0.445|0.1|0.000|1|1|0|0-7|0|1024|1024|713|1350|205
THREAD|103|4|22534|27086|10192|Chrome_IOThread|0.178|0.0|0.000|2|5|0|0-7|0|1024|1024|2151|4399|171
THREAD|103|5|27172|27239|10192|CrGpuMain|0.164|0.0|0.000|1|1|5|0-7|0|1024|1024|837|1403|214
THREAD|103|6|25017|25039|90002|Compositor|0.137|0.0|0.000|1|5|0|0-7|0|1024|1024|1624|3914|277
THREAD|103|7|25017|25037|90002|Chrome_ChildIOT|0.080|0.0|0.000|1|4|4|0-7|0|1024|1024|576|1274|19
THREAD|103|8|30630|9782|10324|binder:30630_7|0.000|0.0|0.000|0|0|0|0-7|0|1024|1024|246|472|239
THREAD|103|9|26538|9612|10195|binder:26538_8|0.000|0.0|0.000|0|1|1|0-7|0|1024|1024|3406|6511|3317
THREAD|103|10|26538|9470|10195|binder:26538_B|0.000|0.0|0.000|0|6|6|0-7|0|1024|1024|2531|4304|2105
WINDOW|seq=104|t_cs=16284093|wall_ms=260|threads=353|busy_threads=2|total_runtime_ms=1.635|total_runq_wait_ms=0.019|tgids=5032,10622,22534,25017,26538,27172,30630
THREAD|104|1|22534|22534|10192|.android.chrome|1.395|0.5|0.019|3|1|0|0-7|0|1024|1024|3663|7499|939
THREAD|104|2|27172|27239|10192|CrGpuMain|0.239|0.0|0.000|1|5|0|0-7|0|1024|1024|838|1404|214
THREAD|104|3|30630|9782|10324|binder:30630_7|0.000|0.0|0.000|0|0|0|0-7|0|1024|1024|246|472|239
THREAD|104|4|26538|9612|10195|binder:26538_8|0.000|0.0|0.000|0|1|1|0-7|0|1024|1024|3406|6511|3317
THREAD|104|5|26538|9470|10195|binder:26538_B|0.000|0.0|0.000|0|6|6|0-7|0|1024|1024|2531|4304|2105
THREAD|104|6|10622|8513|10201|ExoPlayer:Playb|0.000|0.0|0.000|0|4|4|0-7|0|1024|1024|6463|10331|51
THREAD|104|7|10622|8509|10201|ExoPlayer:Playb|0.000|0.0|0.000|0|1|1|0-7|0|1024|1024|6331|10327|49
THREAD|104|8|26538|8364|10195|IMM.binder-emu|0.000|0.0|0.000|0|2|2|0-7|0|1024|1024|15737|23850|1039
THREAD|104|9|26538|8336|10195|Primes-Jank|0.000|0.0|0.000|0|4|4|0-7|0|1024|1024|16074|23866|1131
THREAD|104|10|22534|7879|10192|binder:22534_8|0.000|0.0|0.000|0|1|1|0-7|0|1024|1024|140|236|48
WINDOW|seq=105|t_cs=16284120|wall_ms=270|threads=353|busy_threads=0|total_runtime_ms=0.000|total_runq_wait_ms=0.000|tgids=5032,10622,22534,25017,26538,27172,30630
THREAD|105|1|30630|9782|10324|binder:30630_7|0.000|0.0|0.000|0|0|0|0-7|0|1024|1024|246|472|239
THREAD|105|2|26538|9612|10195|binder:26538_8|0.000|0.0|0.000|0|1|1|0-7|0|1024|1024|3406|6511|3317
THREAD|105|3|26538|9470|10195|binder:26538_B|0.000|0.0|0.000|0|6|6|0-7|0|1024|1024|2531|4304|2105
THREAD|105|4|10622|8513|10201|ExoPlayer:Playb|0.000|0.0|0.000|0|4|4|0-7|0|1024|1024|6463|10331|51
THREAD|105|5|10622|8509|10201|ExoPlayer:Playb|0.000|0.0|0.000|0|1|1|0-7|0|1024|1024|6331|10327|49
THREAD|105|6|26538|8364|10195|IMM.binder-emu|0.000|0.0|0.000|0|2|2|0-7|0|1024|1024|15737|23850|1039
THREAD|105|7|26538|8336|10195|Primes-Jank|0.000|0.0|0.000|0|4|4|0-7|0|1024|1024|16074|23866|1131
THREAD|105|8|22534|7879|10192|binder:22534_8|0.000|0.0|0.000|0|1|1|0-7|0|1024|1024|140|236|48
THREAD|105|9|5032|7304|10117|DefaultDispatch|0.000|0.0|0.000|0|0|0|0-7|0|1024|1024|546|1343|124
THREAD|105|10|5032|7262|10117|DefaultDispatch|0.000|0.0|0.000|0|0|0|0-7|0|1024|1024|510|1398|93
WINDOW|seq=106|t_cs=16284145|wall_ms=250|threads=353|busy_threads=0|total_runtime_ms=0.000|total_runq_wait_ms=0.000|tgids=5032,10622,22534,25017,26538,27172,30630
THREAD|106|1|30630|9782|10324|binder:30630_7|0.000|0.0|0.000|0|0|0|0-7|0|1024|1024|246|472|239
THREAD|106|2|26538|9612|10195|binder:26538_8|0.000|0.0|0.000|0|1|1|0-7|0|1024|1024|3406|6511|3317
THREAD|106|3|26538|9470|10195|binder:26538_B|0.000|0.0|0.000|0|6|6|0-7|0|1024|1024|2531|4304|2105
THREAD|106|4|10622|8513|10201|ExoPlayer:Playb|0.000|0.0|0.000|0|4|4|0-7|0|1024|1024|6463|10331|51
THREAD|106|5|10622|8509|10201|ExoPlayer:Playb|0.000|0.0|0.000|0|1|1|0-7|0|1024|1024|6331|10327|49
THREAD|106|6|26538|8364|10195|IMM.binder-emu|0.000|0.0|0.000|0|2|2|0-7|0|1024|1024|15737|23850|1039
THREAD|106|7|26538|8336|10195|Primes-Jank|0.000|0.0|0.000|0|4|4|0-7|0|1024|1024|16074|23866|1131
THREAD|106|8|22534|7879|10192|binder:22534_8|0.000|0.0|0.000|0|1|1|0-7|0|1024|1024|140|236|48
THREAD|106|9|5032|7304|10117|DefaultDispatch|0.000|0.0|0.000|0|0|0|0-7|0|1024|1024|546|1343|124
THREAD|106|10|5032|7262|10117|DefaultDispatch|0.000|0.0|0.000|0|0|0|0-7|0|1024|1024|510|1398|93
WINDOW|seq=107|t_cs=16284169|wall_ms=240|threads=353|busy_threads=1|total_runtime_ms=4.770|total_runq_wait_ms=0.136|tgids=5032,10622,22534,25017,26538,27172,30630
THREAD|107|1|27172|27239|10192|CrGpuMain|4.770|1.9|0.136|8|0|0|0-7|0|1024|1024|838|1406|220
THREAD|107|2|30630|9782|10324|binder:30630_7|0.000|0.0|0.000|0|0|0|0-7|0|1024|1024|246|472|239
THREAD|107|3|26538|9612|10195|binder:26538_8|0.000|0.0|0.000|0|1|1|0-7|0|1024|1024|3406|6511|3317
THREAD|107|4|26538|9470|10195|binder:26538_B|0.000|0.0|0.000|0|6|6|0-7|0|1024|1024|2531|4304|2105
THREAD|107|5|10622|8513|10201|ExoPlayer:Playb|0.000|0.0|0.000|0|4|4|0-7|0|1024|1024|6463|10331|51
THREAD|107|6|10622|8509|10201|ExoPlayer:Playb|0.000|0.0|0.000|0|1|1|0-7|0|1024|1024|6331|10327|49
THREAD|107|7|26538|8364|10195|IMM.binder-emu|0.000|0.0|0.000|0|2|2|0-7|0|1024|1024|15737|23850|1039
THREAD|107|8|26538|8336|10195|Primes-Jank|0.000|0.0|0.000|0|4|4|0-7|0|1024|1024|16074|23866|1131
THREAD|107|9|22534|7879|10192|binder:22534_8|0.000|0.0|0.000|0|1|1|0-7|0|1024|1024|140|236|48
THREAD|107|10|5032|7304|10117|DefaultDispatch|0.000|0.0|0.000|0|0|0|0-7|0|1024|1024|546|1343|124
WINDOW|seq=108|t_cs=16284198|wall_ms=290|threads=353|busy_threads=3|total_runtime_ms=0.493|total_runq_wait_ms=0.170|tgids=5032,10622,22534,25017,26538,27172,30630
THREAD|108|1|22534|22534|10192|.android.chrome|0.235|0.0|0.000|1|0|0|0-7|0|1024|1024|3663|7500|939
THREAD|108|2|22534|27087|10192|MemoryInfra|0.213|0.0|0.103|1|1|0|0-7|0|1024|1024|61|72|69
THREAD|108|3|22534|26965|10192|ThreadPoolForeg|0.044|0.0|0.067|1|0|4|0-7|0|1024|1024|1695|5360|1265
THREAD|108|4|30630|9782|10324|binder:30630_7|0.000|0.0|0.000|0|0|0|0-7|0|1024|1024|246|472|239
THREAD|108|5|26538|9612|10195|binder:26538_8|0.000|0.0|0.000|0|1|1|0-7|0|1024|1024|3406|6511|3317
THREAD|108|6|26538|9470|10195|binder:26538_B|0.000|0.0|0.000|0|6|6|0-7|0|1024|1024|2531|4304|2105
THREAD|108|7|10622|8513|10201|ExoPlayer:Playb|0.000|0.0|0.000|0|4|4|0-7|0|1024|1024|6463|10331|51
THREAD|108|8|10622|8509|10201|ExoPlayer:Playb|0.000|0.0|0.000|0|1|1|0-7|0|1024|1024|6331|10327|49
THREAD|108|9|26538|8364|10195|IMM.binder-emu|0.000|0.0|0.000|0|2|2|0-7|0|1024|1024|15737|23850|1039
THREAD|108|10|26538|8336|10195|Primes-Jank|0.000|0.0|0.000|0|4|4|0-7|0|1024|1024|16074|23866|1131
WINDOW|seq=109|t_cs=16284229|wall_ms=310|threads=353|busy_threads=1|total_runtime_ms=0.129|total_runq_wait_ms=0.327|tgids=5032,10622,22534,25017,26538,27172,30630
THREAD|109|1|25017|25035|90002|ThreadPoolForeg|0.129|0.0|0.000|1|5|5|0-7|0|1024|1024|376|532|301
THREAD|109|2|25017|25034|90002|ThreadPoolServi|0.000|0.0|0.327|1|0|4|0-7|0|1024|1024|9|18|2
THREAD|109|3|30630|9782|10324|binder:30630_7|0.000|0.0|0.000|0|0|0|0-7|0|1024|1024|246|472|239
THREAD|109|4|26538|9612|10195|binder:26538_8|0.000|0.0|0.000|0|1|1|0-7|0|1024|1024|3406|6511|3317
THREAD|109|5|26538|9470|10195|binder:26538_B|0.000|0.0|0.000|0|6|6|0-7|0|1024|1024|2531|4304|2105
THREAD|109|6|10622|8513|10201|ExoPlayer:Playb|0.000|0.0|0.000|0|4|4|0-7|0|1024|1024|6463|10331|51
THREAD|109|7|10622|8509|10201|ExoPlayer:Playb|0.000|0.0|0.000|0|1|1|0-7|0|1024|1024|6331|10327|49
THREAD|109|8|26538|8364|10195|IMM.binder-emu|0.000|0.0|0.000|0|2|2|0-7|0|1024|1024|15737|23850|1039
THREAD|109|9|26538|8336|10195|Primes-Jank|0.000|0.0|0.000|0|4|4|0-7|0|1024|1024|16074|23866|1131
THREAD|109|10|22534|7879|10192|binder:22534_8|0.000|0.0|0.000|0|1|1|0-7|0|1024|1024|140|236|48
WINDOW|seq=110|t_cs=16284253|wall_ms=240|threads=353|busy_threads=0|total_runtime_ms=0.000|total_runq_wait_ms=0.000|tgids=5032,10622,22534,25017,26538,27172,30630
THREAD|110|1|30630|9782|10324|binder:30630_7|0.000|0.0|0.000|0|0|0|0-7|0|1024|1024|246|472|239
THREAD|110|2|26538|9612|10195|binder:26538_8|0.000|0.0|0.000|0|1|1|0-7|0|1024|1024|3406|6511|3317
THREAD|110|3|26538|9470|10195|binder:26538_B|0.000|0.0|0.000|0|6|6|0-7|0|1024|1024|2531|4304|2105
THREAD|110|4|10622|8513|10201|ExoPlayer:Playb|0.000|0.0|0.000|0|4|4|0-7|0|1024|1024|6463|10331|51
THREAD|110|5|10622|8509|10201|ExoPlayer:Playb|0.000|0.0|0.000|0|1|1|0-7|0|1024|1024|6331|10327|49
THREAD|110|6|26538|8364|10195|IMM.binder-emu|0.000|0.0|0.000|0|2|2|0-7|0|1024|1024|15737|23850|1039
THREAD|110|7|26538|8336|10195|Primes-Jank|0.000|0.0|0.000|0|4|4|0-7|0|1024|1024|16074|23866|1131
THREAD|110|8|22534|7879|10192|binder:22534_8|0.000|0.0|0.000|0|1|1|0-7|0|1024|1024|140|236|48
THREAD|110|9|5032|7304|10117|DefaultDispatch|0.000|0.0|0.000|0|0|0|0-7|0|1024|1024|546|1343|124
THREAD|110|10|5032|7262|10117|DefaultDispatch|0.000|0.0|0.000|0|0|0|0-7|0|1024|1024|510|1398|93
WINDOW|seq=111|t_cs=16284277|wall_ms=240|threads=353|busy_threads=4|total_runtime_ms=0.693|total_runq_wait_ms=0.000|tgids=5032,10622,22534,25017,26538,27172,30630
THREAD|111|1|25017|25032|90002|CrRendererMain|0.309|0.1|0.000|1|0|0|0-7|0|1024|1024|718|1356|207
THREAD|111|2|22534|27086|10192|Chrome_IOThread|0.263|0.1|0.000|2|0|5|0-7|0|1024|1024|2152|4401|171
THREAD|111|3|22534|22534|10192|.android.chrome|0.067|0.0|0.000|1|0|0|0-7|0|1024|1024|3663|7501|939
THREAD|111|4|25017|25037|90002|Chrome_ChildIOT|0.052|0.0|0.000|1|4|4|0-7|0|1024|1024|576|1275|19
THREAD|111|5|30630|9782|10324|binder:30630_7|0.000|0.0|0.000|0|0|0|0-7|0|1024|1024|246|472|239
THREAD|111|6|26538|9612|10195|binder:26538_8|0.000|0.0|0.000|0|1|1|0-7|0|1024|1024|3406|6511|3317
THREAD|111|7|26538|9470|10195|binder:26538_B|0.000|0.0|0.000|0|6|6|0-7|0|1024|1024|2531|4304|2105
THREAD|111|8|10622|8513|10201|ExoPlayer:Playb|0.000|0.0|0.000|0|4|4|0-7|0|1024|1024|6463|10331|51
THREAD|111|9|10622|8509|10201|ExoPlayer:Playb|0.000|0.0|0.000|0|1|1|0-7|0|1024|1024|6331|10327|49
THREAD|111|10|26538|8364|10195|IMM.binder-emu|0.000|0.0|0.000|0|2|2|0-7|0|1024|1024|15737|23850|1039
WINDOW|seq=112|t_cs=16284305|wall_ms=280|threads=353|busy_threads=8|total_runtime_ms=65.101|total_runq_wait_ms=54.674|tgids=5032,10622,22534,25017,26538,27172,30630
THREAD|112|1|25017|25032|90002|CrRendererMain|26.749|9.5|0.110|10|0|0|0-7|0|1024|1024|719|1358|208
THREAD|112|2|25017|25038|90002|ThreadPoolForeg|12.159|4.3|10.007|12|1|3|0-7|0|1024|1024|17|29|10
THREAD|112|3|25017|25042|90002|ThreadPoolForeg|5.663|2.0|9.019|7|5|0|0-7|0|1024|1024|16|22|5
THREAD|112|4|25017|25035|90002|ThreadPoolForeg|5.374|1.9|10.004|13|5|5|0-7|0|1024|1024|378|544|302
THREAD|112|5|25017|26561|90002|ThreadPoolForeg|4.289|1.5|8.412|9|2|2|0-7|0|1024|1024|13|15|5
THREAD|112|6|25017|25045|90002|ThreadPoolForeg|3.931|1.4|9.231|18|1|2|0-7|0|1024|1024|8|20|14
THREAD|112|7|25017|26569|90002|ThreadPoolForeg|3.767|1.3|6.218|7|5|0|0-7|0|1024|1024|7|15|3
THREAD|112|8|25017|25036|90002|ThreadPoolForeg|3.166|1.1|1.669|15|4|2|0-7|0|1024|1024|85|113|116
THREAD|112|9|30630|9782|10324|binder:30630_7|0.000|0.0|0.000|0|0|0|0-7|0|1024|1024|246|472|239
THREAD|112|10|26538|9612|10195|binder:26538_8|0.000|0.0|0.000|0|1|1|0-7|0|1024|1024|3406|6511|3317
WINDOW|seq=113|t_cs=16284329|wall_ms=240|threads=353|busy_threads=0|total_runtime_ms=0.000|total_runq_wait_ms=0.000|tgids=5032,10622,22534,25017,26538,27172,30630
THREAD|113|1|30630|9782|10324|binder:30630_7|0.000|0.0|0.000|0|0|0|0-7|0|1024|1024|246|472|239
THREAD|113|2|26538|9612|10195|binder:26538_8|0.000|0.0|0.000|0|1|1|0-7|0|1024|1024|3406|6511|3317
THREAD|113|3|26538|9470|10195|binder:26538_B|0.000|0.0|0.000|0|6|6|0-7|0|1024|1024|2531|4304|2105
THREAD|113|4|10622|8513|10201|ExoPlayer:Playb|0.000|0.0|0.000|0|4|4|0-7|0|1024|1024|6463|10331|51
THREAD|113|5|10622|8509|10201|ExoPlayer:Playb|0.000|0.0|0.000|0|1|1|0-7|0|1024|1024|6331|10327|49
THREAD|113|6|26538|8364|10195|IMM.binder-emu|0.000|0.0|0.000|0|2|2|0-7|0|1024|1024|15737|23850|1039
THREAD|113|7|26538|8336|10195|Primes-Jank|0.000|0.0|0.000|0|4|4|0-7|0|1024|1024|16074|23866|1131
THREAD|113|8|22534|7879|10192|binder:22534_8|0.000|0.0|0.000|0|1|1|0-7|0|1024|1024|140|236|48
THREAD|113|9|5032|7304|10117|DefaultDispatch|0.000|0.0|0.000|0|0|0|0-7|0|1024|1024|546|1343|124
THREAD|113|10|5032|7262|10117|DefaultDispatch|0.000|0.0|0.000|0|0|0|0-7|0|1024|1024|510|1398|93
WINDOW|seq=114|t_cs=16284355|wall_ms=260|threads=353|busy_threads=0|total_runtime_ms=0.000|total_runq_wait_ms=0.000|tgids=5032,10622,22534,25017,26538,27172,30630
THREAD|114|1|30630|9782|10324|binder:30630_7|0.000|0.0|0.000|0|0|0|0-7|0|1024|1024|246|472|239
THREAD|114|2|26538|9612|10195|binder:26538_8|0.000|0.0|0.000|0|1|1|0-7|0|1024|1024|3406|6511|3317
THREAD|114|3|26538|9470|10195|binder:26538_B|0.000|0.0|0.000|0|6|6|0-7|0|1024|1024|2531|4304|2105
THREAD|114|4|10622|8513|10201|ExoPlayer:Playb|0.000|0.0|0.000|0|4|4|0-7|0|1024|1024|6463|10331|51
THREAD|114|5|10622|8509|10201|ExoPlayer:Playb|0.000|0.0|0.000|0|1|1|0-7|0|1024|1024|6331|10327|49
THREAD|114|6|26538|8364|10195|IMM.binder-emu|0.000|0.0|0.000|0|2|2|0-7|0|1024|1024|15737|23850|1039
THREAD|114|7|26538|8336|10195|Primes-Jank|0.000|0.0|0.000|0|4|4|0-7|0|1024|1024|16074|23866|1131
THREAD|114|8|22534|7879|10192|binder:22534_8|0.000|0.0|0.000|0|1|1|0-7|0|1024|1024|140|236|48
THREAD|114|9|5032|7304|10117|DefaultDispatch|0.000|0.0|0.000|0|0|0|0-7|0|1024|1024|546|1343|124
THREAD|114|10|5032|7262|10117|DefaultDispatch|0.000|0.0|0.000|0|0|0|0-7|0|1024|1024|510|1398|93
WINDOW|seq=115|t_cs=16284381|wall_ms=260|threads=353|busy_threads=0|total_runtime_ms=0.000|total_runq_wait_ms=0.000|tgids=5032,10622,22534,25017,26538,27172,30630
THREAD|115|1|30630|9782|10324|binder:30630_7|0.000|0.0|0.000|0|0|0|0-7|0|1024|1024|246|472|239
THREAD|115|2|26538|9612|10195|binder:26538_8|0.000|0.0|0.000|0|1|1|0-7|0|1024|1024|3406|6511|3317
THREAD|115|3|26538|9470|10195|binder:26538_B|0.000|0.0|0.000|0|6|6|0-7|0|1024|1024|2531|4304|2105
THREAD|115|4|10622|8513|10201|ExoPlayer:Playb|0.000|0.0|0.000|0|4|4|0-7|0|1024|1024|6463|10331|51
THREAD|115|5|10622|8509|10201|ExoPlayer:Playb|0.000|0.0|0.000|0|1|1|0-7|0|1024|1024|6331|10327|49
THREAD|115|6|26538|8364|10195|IMM.binder-emu|0.000|0.0|0.000|0|2|2|0-7|0|1024|1024|15737|23850|1039
THREAD|115|7|26538|8336|10195|Primes-Jank|0.000|0.0|0.000|0|4|4|0-7|0|1024|1024|16074|23866|1131
THREAD|115|8|22534|7879|10192|binder:22534_8|0.000|0.0|0.000|0|1|1|0-7|0|1024|1024|140|236|48
THREAD|115|9|5032|7304|10117|DefaultDispatch|0.000|0.0|0.000|0|0|0|0-7|0|1024|1024|546|1343|124
THREAD|115|10|5032|7262|10117|DefaultDispatch|0.000|0.0|0.000|0|0|0|0-7|0|1024|1024|510|1398|93
WINDOW|seq=116|t_cs=16284406|wall_ms=250|threads=353|busy_threads=0|total_runtime_ms=0.000|total_runq_wait_ms=0.000|tgids=5032,10622,22534,25017,26538,27172,30630
THREAD|116|1|30630|9782|10324|binder:30630_7|0.000|0.0|0.000|0|0|0|0-7|0|1024|1024|246|472|239
THREAD|116|2|26538|9612|10195|binder:26538_8|0.000|0.0|0.000|0|1|1|0-7|0|1024|1024|3406|6511|3317
THREAD|116|3|26538|9470|10195|binder:26538_B|0.000|0.0|0.000|0|6|6|0-7|0|1024|1024|2531|4304|2105
THREAD|116|4|10622|8513|10201|ExoPlayer:Playb|0.000|0.0|0.000|0|4|4|0-7|0|1024|1024|6463|10331|51
THREAD|116|5|10622|8509|10201|ExoPlayer:Playb|0.000|0.0|0.000|0|1|1|0-7|0|1024|1024|6331|10327|49
THREAD|116|6|26538|8364|10195|IMM.binder-emu|0.000|0.0|0.000|0|2|2|0-7|0|1024|1024|15737|23850|1039
THREAD|116|7|26538|8336|10195|Primes-Jank|0.000|0.0|0.000|0|4|4|0-7|0|1024|1024|16074|23866|1131
THREAD|116|8|22534|7879|10192|binder:22534_8|0.000|0.0|0.000|0|1|1|0-7|0|1024|1024|140|236|48
THREAD|116|9|5032|7304|10117|DefaultDispatch|0.000|0.0|0.000|0|0|0|0-7|0|1024|1024|546|1343|124
THREAD|116|10|5032|7262|10117|DefaultDispatch|0.000|0.0|0.000|0|0|0|0-7|0|1024|1024|510|1398|93
WINDOW|seq=117|t_cs=16284432|wall_ms=260|threads=353|busy_threads=0|total_runtime_ms=0.000|total_runq_wait_ms=0.000|tgids=5032,10622,22534,25017,26538,27172,30630
THREAD|117|1|30630|9782|10324|binder:30630_7|0.000|0.0|0.000|0|0|0|0-7|0|1024|1024|246|472|239
THREAD|117|2|26538|9612|10195|binder:26538_8|0.000|0.0|0.000|0|1|1|0-7|0|1024|1024|3406|6511|3317
THREAD|117|3|26538|9470|10195|binder:26538_B|0.000|0.0|0.000|0|6|6|0-7|0|1024|1024|2531|4304|2105
THREAD|117|4|10622|8513|10201|ExoPlayer:Playb|0.000|0.0|0.000|0|4|4|0-7|0|1024|1024|6463|10331|51
THREAD|117|5|10622|8509|10201|ExoPlayer:Playb|0.000|0.0|0.000|0|1|1|0-7|0|1024|1024|6331|10327|49
THREAD|117|6|26538|8364|10195|IMM.binder-emu|0.000|0.0|0.000|0|2|2|0-7|0|1024|1024|15737|23850|1039
THREAD|117|7|26538|8336|10195|Primes-Jank|0.000|0.0|0.000|0|4|4|0-7|0|1024|1024|16074|23866|1131
THREAD|117|8|22534|7879|10192|binder:22534_8|0.000|0.0|0.000|0|1|1|0-7|0|1024|1024|140|236|48
THREAD|117|9|5032|7304|10117|DefaultDispatch|0.000|0.0|0.000|0|0|0|0-7|0|1024|1024|546|1343|124
THREAD|117|10|5032|7262|10117|DefaultDispatch|0.000|0.0|0.000|0|0|0|0-7|0|1024|1024|510|1398|93
WINDOW|seq=118|t_cs=16284460|wall_ms=280|threads=353|busy_threads=0|total_runtime_ms=0.000|total_runq_wait_ms=0.000|tgids=5032,10622,22534,25017,26538,27172,30630
THREAD|118|1|30630|9782|10324|binder:30630_7|0.000|0.0|0.000|0|0|0|0-7|0|1024|1024|246|472|239
THREAD|118|2|26538|9612|10195|binder:26538_8|0.000|0.0|0.000|0|1|1|0-7|0|1024|1024|3406|6511|3317
THREAD|118|3|26538|9470|10195|binder:26538_B|0.000|0.0|0.000|0|6|6|0-7|0|1024|1024|2531|4304|2105
THREAD|118|4|10622|8513|10201|ExoPlayer:Playb|0.000|0.0|0.000|0|4|4|0-7|0|1024|1024|6463|10331|51
THREAD|118|5|10622|8509|10201|ExoPlayer:Playb|0.000|0.0|0.000|0|1|1|0-7|0|1024|1024|6331|10327|49
THREAD|118|6|26538|8364|10195|IMM.binder-emu|0.000|0.0|0.000|0|2|2|0-7|0|1024|1024|15737|23850|1039
THREAD|118|7|26538|8336|10195|Primes-Jank|0.000|0.0|0.000|0|4|4|0-7|0|1024|1024|16074|23866|1131
THREAD|118|8|22534|7879|10192|binder:22534_8|0.000|0.0|0.000|0|1|1|0-7|0|1024|1024|140|236|48
THREAD|118|9|5032|7304|10117|DefaultDispatch|0.000|0.0|0.000|0|0|0|0-7|0|1024|1024|546|1343|124
THREAD|118|10|5032|7262|10117|DefaultDispatch|0.000|0.0|0.000|0|0|0|0-7|0|1024|1024|510|1398|93
WINDOW|seq=119|t_cs=16284484|wall_ms=240|threads=353|busy_threads=5|total_runtime_ms=1.878|total_runq_wait_ms=0.078|tgids=5032,10622,22534,25017,26538,27172,30630
THREAD|119|1|22534|22534|10192|.android.chrome|1.123|0.4|0.000|2|0|1|0-7|0|1024|1024|3665|7503|939
THREAD|119|2|25017|25032|90002|CrRendererMain|0.298|0.1|0.006|1|0|5|0-7|0|1024|1024|721|1359|208
THREAD|119|3|27172|27239|10192|CrGpuMain|0.244|0.1|0.046|2|0|5|0-7|0|1024|1024|840|1407|221
THREAD|119|4|22534|27086|10192|Chrome_IOThread|0.157|0.0|0.025|3|5|0|0-7|0|1024|1024|2153|4403|172
THREAD|119|5|25017|25037|90002|Chrome_ChildIOT|0.054|0.0|0.000|1|4|1|0-7|0|1024|1024|577|1276|19
THREAD|119|6|30630|9782|10324|binder:30630_7|0.000|0.0|0.000|0|0|0|0-7|0|1024|1024|246|472|239
THREAD|119|7|26538|9612|10195|binder:26538_8|0.000|0.0|0.000|0|1|1|0-7|0|1024|1024|3406|6511|3317
THREAD|119|8|26538|9470|10195|binder:26538_B|0.000|0.0|0.000|0|6|6|0-7|0|1024|1024|2531|4304|2105
THREAD|119|9|10622|8513|10201|ExoPlayer:Playb|0.000|0.0|0.000|0|4|4|0-7|0|1024|1024|6463|10331|51
THREAD|119|10|10622|8509|10201|ExoPlayer:Playb|0.000|0.0|0.000|0|1|1|0-7|0|1024|1024|6331|10327|49
WINDOW|seq=120|t_cs=16284511|wall_ms=270|threads=353|busy_threads=0|total_runtime_ms=0.000|total_runq_wait_ms=0.000|tgids=5032,10622,22534,25017,26538,27172,30630
THREAD|120|1|30630|9782|10324|binder:30630_7|0.000|0.0|0.000|0|0|0|0-7|0|1024|1024|246|472|239
THREAD|120|2|26538|9612|10195|binder:26538_8|0.000|0.0|0.000|0|1|1|0-7|0|1024|1024|3406|6511|3317
THREAD|120|3|26538|9470|10195|binder:26538_B|0.000|0.0|0.000|0|6|6|0-7|0|1024|1024|2531|4304|2105
THREAD|120|4|10622|8513|10201|ExoPlayer:Playb|0.000|0.0|0.000|0|4|4|0-7|0|1024|1024|6463|10331|51
THREAD|120|5|10622|8509|10201|ExoPlayer:Playb|0.000|0.0|0.000|0|1|1|0-7|0|1024|1024|6331|10327|49
THREAD|120|6|26538|8364|10195|IMM.binder-emu|0.000|0.0|0.000|0|2|2|0-7|0|1024|1024|15737|23850|1039
THREAD|120|7|26538|8336|10195|Primes-Jank|0.000|0.0|0.000|0|4|4|0-7|0|1024|1024|16074|23866|1131
THREAD|120|8|22534|7879|10192|binder:22534_8|0.000|0.0|0.000|0|1|1|0-7|0|1024|1024|140|236|48
THREAD|120|9|5032|7304|10117|DefaultDispatch|0.000|0.0|0.000|0|0|0|0-7|0|1024|1024|546|1343|124
THREAD|120|10|5032|7262|10117|DefaultDispatch|0.000|0.0|0.000|0|0|0|0-7|0|1024|1024|510|1398|93
WINDOW|seq=121|t_cs=16284535|wall_ms=240|threads=353|busy_threads=0|total_runtime_ms=0.000|total_runq_wait_ms=0.000|tgids=5032,10622,22534,25017,26538,27172,30630
THREAD|121|1|30630|9782|10324|binder:30630_7|0.000|0.0|0.000|0|0|0|0-7|0|1024|1024|246|472|239
THREAD|121|2|26538|9612|10195|binder:26538_8|0.000|0.0|0.000|0|1|1|0-7|0|1024|1024|3406|6511|3317
THREAD|121|3|26538|9470|10195|binder:26538_B|0.000|0.0|0.000|0|6|6|0-7|0|1024|1024|2531|4304|2105
THREAD|121|4|10622|8513|10201|ExoPlayer:Playb|0.000|0.0|0.000|0|4|4|0-7|0|1024|1024|6463|10331|51
THREAD|121|5|10622|8509|10201|ExoPlayer:Playb|0.000|0.0|0.000|0|1|1|0-7|0|1024|1024|6331|10327|49
THREAD|121|6|26538|8364|10195|IMM.binder-emu|0.000|0.0|0.000|0|2|2|0-7|0|1024|1024|15737|23850|1039
THREAD|121|7|26538|8336|10195|Primes-Jank|0.000|0.0|0.000|0|4|4|0-7|0|1024|1024|16074|23866|1131
THREAD|121|8|22534|7879|10192|binder:22534_8|0.000|0.0|0.000|0|1|1|0-7|0|1024|1024|140|236|48
THREAD|121|9|5032|7304|10117|DefaultDispatch|0.000|0.0|0.000|0|0|0|0-7|0|1024|1024|546|1343|124
THREAD|121|10|5032|7262|10117|DefaultDispatch|0.000|0.0|0.000|0|0|0|0-7|0|1024|1024|510|1398|93
WINDOW|seq=122|t_cs=16284561|wall_ms=260|threads=353|busy_threads=0|total_runtime_ms=0.000|total_runq_wait_ms=0.000|tgids=5032,10622,22534,25017,26538,27172,30630
THREAD|122|1|30630|9782|10324|binder:30630_7|0.000|0.0|0.000|0|0|0|0-7|0|1024|1024|246|472|239
THREAD|122|2|26538|9612|10195|binder:26538_8|0.000|0.0|0.000|0|1|1|0-7|0|1024|1024|3406|6511|3317
THREAD|122|3|26538|9470|10195|binder:26538_B|0.000|0.0|0.000|0|6|6|0-7|0|1024|1024|2531|4304|2105
THREAD|122|4|10622|8513|10201|ExoPlayer:Playb|0.000|0.0|0.000|0|4|4|0-7|0|1024|1024|6463|10331|51
THREAD|122|5|10622|8509|10201|ExoPlayer:Playb|0.000|0.0|0.000|0|1|1|0-7|0|1024|1024|6331|10327|49
THREAD|122|6|26538|8364|10195|IMM.binder-emu|0.000|0.0|0.000|0|2|2|0-7|0|1024|1024|15737|23850|1039
THREAD|122|7|26538|8336|10195|Primes-Jank|0.000|0.0|0.000|0|4|4|0-7|0|1024|1024|16074|23866|1131
THREAD|122|8|22534|7879|10192|binder:22534_8|0.000|0.0|0.000|0|1|1|0-7|0|1024|1024|140|236|48
THREAD|122|9|5032|7304|10117|DefaultDispatch|0.000|0.0|0.000|0|0|0|0-7|0|1024|1024|546|1343|124
THREAD|122|10|5032|7262|10117|DefaultDispatch|0.000|0.0|0.000|0|0|0|0-7|0|1024|1024|510|1398|93
WINDOW|seq=123|t_cs=16284585|wall_ms=240|threads=353|busy_threads=2|total_runtime_ms=0.164|total_runq_wait_ms=0.000|tgids=5032,10622,22534,25017,26538,27172,30630
THREAD|123|1|27172|27250|10192|GpuWatchdog|0.118|0.0|0.000|1|1|0|0-7|0|1024|1024|15|32|5
THREAD|123|2|27172|27310|10192|GpuWatchdog_Com|0.045|0.0|0.000|1|5|0|0-7|0|1024|1024|14|27|7
THREAD|123|3|30630|9782|10324|binder:30630_7|0.000|0.0|0.000|0|0|0|0-7|0|1024|1024|246|472|239
THREAD|123|4|26538|9612|10195|binder:26538_8|0.000|0.0|0.000|0|1|1|0-7|0|1024|1024|3406|6511|3317
THREAD|123|5|26538|9470|10195|binder:26538_B|0.000|0.0|0.000|0|6|6|0-7|0|1024|1024|2531|4304|2105
THREAD|123|6|10622|8513|10201|ExoPlayer:Playb|0.000|0.0|0.000|0|4|4|0-7|0|1024|1024|6463|10331|51
THREAD|123|7|10622|8509|10201|ExoPlayer:Playb|0.000|0.0|0.000|0|1|1|0-7|0|1024|1024|6331|10327|49
THREAD|123|8|26538|8364|10195|IMM.binder-emu|0.000|0.0|0.000|0|2|2|0-7|0|1024|1024|15737|23850|1039
THREAD|123|9|26538|8336|10195|Primes-Jank|0.000|0.0|0.000|0|4|4|0-7|0|1024|1024|16074|23866|1131
THREAD|123|10|22534|7879|10192|binder:22534_8|0.000|0.0|0.000|0|1|1|0-7|0|1024|1024|140|236|48
END|windows=123|elapsed_s=32
