META|version=2|duration_s=32|interval_ms=250|top_n=10|kernel=6.6.118-android15-8-g2e6b9c3812c5-ab15114928-4k|read_only=yes
FIELDS|THREAD|seq|rank|tgid|tid|uid|comm|runtime_ms|runtime_pct|runq_wait_ms|slices|cpu_start|cpu_end|allowed|uclamp_min|uclamp_max|uclamp_max_eff|migrations_total|vol_ctx_total|nonvol_ctx_total
WINDOW|seq=1|t_cs=16142590|wall_ms=270|threads=347|busy_threads=4|total_runtime_ms=0.511|total_runq_wait_ms=0.000|tgids=5032,10622,22534,26538,27172,30630,30680
THREAD|1|1|22534|27111|10192|binder:22534_4|0.293|0.1|0.000|23|2|5|0-7|0|1024|1024|71|131|30
THREAD|1|2|22534|30444|10192|binder:22534_7|0.136|0.0|0.000|8|0|3|0-7|0|1024|1024|33|68|15
THREAD|1|3|22534|26899|10192|binder:22534_1|0.059|0.0|0.000|3|4|2|0-7|0|1024|1024|28|42|21
THREAD|1|4|22534|27328|10192|binder:22534_6|0.022|0.0|0.000|1|1|4|0-7|0|1024|1024|17|32|9
THREAD|1|5|30630|9782|10324|binder:30630_7|0.000|0.0|0.000|0|0|0|0-7|0|1024|1024|246|472|239
THREAD|1|6|26538|9612|10195|binder:26538_8|0.000|0.0|0.000|0|0|0|0-7|0|1024|1024|3363|6441|3306
THREAD|1|7|26538|9470|10195|binder:26538_B|0.000|0.0|0.000|0|6|6|0-7|0|1024|1024|2531|4304|2105
THREAD|1|8|10622|8513|10201|ExoPlayer:Playb|0.000|0.0|0.000|0|4|4|0-7|0|1024|1024|6463|10331|51
THREAD|1|9|10622|8509|10201|ExoPlayer:Playb|0.000|0.0|0.000|0|1|1|0-7|0|1024|1024|6331|10327|49
THREAD|1|10|26538|8364|10195|IMM.binder-emu|0.000|0.0|0.000|0|2|2|0-7|0|1024|1024|15737|23850|1039
WINDOW|seq=2|t_cs=16142617|wall_ms=270|threads=347|busy_threads=5|total_runtime_ms=12.516|total_runq_wait_ms=1.344|tgids=5032,10622,22534,26538,27172,30630,30680
THREAD|2|1|22534|27090|10192|NetworkService|8.288|3.0|1.344|11|3|0|0-7|0|1024|1024|487|1279|504
THREAD|2|2|22534|26965|10192|ThreadPoolForeg|2.535|0.9|0.000|18|4|5|0-7|0|1024|1024|600|1501|523
THREAD|2|3|30680|30700|90001|CrRendererMain|1.266|0.4|0.000|21|0|0|0-7|0|1024|1024|109|262|25
THREAD|2|4|22534|22534|10192|.android.chrome|0.356|0.1|0.000|3|2|1|0-7|0|1024|1024|681|2602|59
THREAD|2|5|22534|26963|10192|ThreadPoolServi|0.069|0.0|0.000|1|0|0|0-7|0|1024|1024|16|31|8
THREAD|2|6|30630|9782|10324|binder:30630_7|0.000|0.0|0.000|0|0|0|0-7|0|1024|1024|246|472|239
THREAD|2|7|26538|9612|10195|binder:26538_8|0.000|0.0|0.000|0|0|0|0-7|0|1024|1024|3363|6441|3306
THREAD|2|8|26538|9470|10195|binder:26538_B|0.000|0.0|0.000|0|6|6|0-7|0|1024|1024|2531|4304|2105
THREAD|2|9|10622|8513|10201|ExoPlayer:Playb|0.000|0.0|0.000|0|4|4|0-7|0|1024|1024|6463|10331|51
THREAD|2|10|10622|8509|10201|ExoPlayer:Playb|0.000|0.0|0.000|0|1|1|0-7|0|1024|1024|6331|10327|49
WINDOW|seq=3|t_cs=16142645|wall_ms=280|threads=347|busy_threads=1|total_runtime_ms=0.561|total_runq_wait_ms=0.004|tgids=5032,10622,22534,26538,27172,30630,30680
THREAD|3|1|30680|30700|90001|CrRendererMain|0.561|0.2|0.004|13|0|0|0-7|0|1024|1024|109|266|25
THREAD|3|2|30630|9782|10324|binder:30630_7|0.000|0.0|0.000|0|0|0|0-7|0|1024|1024|246|472|239
THREAD|3|3|26538|9612|10195|binder:26538_8|0.000|0.0|0.000|0|0|0|0-7|0|1024|1024|3363|6441|3306
THREAD|3|4|26538|9470|10195|binder:26538_B|0.000|0.0|0.000|0|6|6|0-7|0|1024|1024|2531|4304|2105
THREAD|3|5|10622|8513|10201|ExoPlayer:Playb|0.000|0.0|0.000|0|4|4|0-7|0|1024|1024|6463|10331|51
THREAD|3|6|10622|8509|10201|ExoPlayer:Playb|0.000|0.0|0.000|0|1|1|0-7|0|1024|1024|6331|10327|49
THREAD|3|7|26538|8364|10195|IMM.binder-emu|0.000|0.0|0.000|0|2|2|0-7|0|1024|1024|15737|23850|1039
THREAD|3|8|26538|8336|10195|Primes-Jank|0.000|0.0|0.000|0|4|4|0-7|0|1024|1024|16074|23866|1131
THREAD|3|9|5032|7304|10117|DefaultDispatch|0.000|0.0|0.000|0|0|0|0-7|0|1024|1024|536|1320|123
THREAD|3|10|5032|7262|10117|DefaultDispatch|0.000|0.0|0.000|0|5|5|0-7|0|1024|1024|505|1375|93
WINDOW|seq=4|t_cs=16142668|wall_ms=230|threads=347|busy_threads=18|total_runtime_ms=70.637|total_runq_wait_ms=11.308|tgids=5032,10622,22534,26538,27172,30630,30680
THREAD|4|1|22534|22534|10192|.android.chrome|13.344|5.8|0.365|38|1|0|0-7|0|1024|1024|707|2656|69
THREAD|4|2|30680|30700|90001|CrRendererMain|13.000|5.6|0.994|47|0|5|0-7|0|1024|1024|133|299|44
THREAD|4|3|27172|27305|10192|VizCompositorTh|11.249|4.8|0.487|83|4|2|0-7|0|1024|1024|406|620|27
THREAD|4|4|30680|30712|90001|Compositor|9.073|3.9|0.350|75|5|1|0-7|0|1024|1024|193|378|35
THREAD|4|5|27172|27307|10192|CompositorGpuTh|7.101|3.0|2.693|50|5|0|0-7|0|1024|1024|207|194|208
THREAD|4|6|30680|30706|90001|ThreadPoolForeg|5.290|2.3|2.521|26|1|0|0-7|0|1024|1024|98|192|93
THREAD|4|7|27172|27239|10192|CrGpuMain|3.062|1.3|0.106|16|1|4|0-7|0|1024|1024|159|279|43
THREAD|4|8|22534|27046|10192|RenderThread|2.553|1.1|0.312|11|2|0|0-7|0|1024|1024|122|202|14
THREAD|4|9|22534|26965|10192|ThreadPoolForeg|1.224|0.5|1.039|15|5|0|0-7|0|1024|1024|607|1507|536
THREAD|4|10|27172|27197|10192|binder:27172_1|1.220|0.5|0.485|13|0|3|0-7|0|1024|1024|36|43|11
WINDOW|seq=5|t_cs=16142694|wall_ms=260|threads=347|busy_threads=17|total_runtime_ms=101.874|total_runq_wait_ms=7.654|tgids=5032,10622,22534,26538,27172,30630,30680
THREAD|5|1|27172|27305|10192|VizCompositorTh|20.469|7.8|1.195|111|2|4|0-7|0|1024|1024|473|718|36
THREAD|5|2|30680|30700|90001|CrRendererMain|16.470|6.3|0.683|54|5|0|0-7|0|1024|1024|164|343|57
THREAD|5|3|22534|22534|10192|.android.chrome|15.991|6.1|1.278|50|0|0|0-7|0|1024|1024|729|2688|69
THREAD|5|4|27172|27307|10192|CompositorGpuTh|14.652|5.6|3.333|86|0|1|0-7|0|1024|1024|275|250|242
THREAD|5|5|30680|30712|90001|Compositor|13.740|5.2|0.593|102|1|3|0-7|0|1024|1024|249|474|44
THREAD|5|6|27172|27239|10192|CrGpuMain|4.769|1.8|0.004|9|4|5|0-7|0|1024|1024|167|291|43
THREAD|5|7|30680|30706|90001|ThreadPoolForeg|4.548|1.7|0.190|9|0|3|0-7|0|1024|1024|105|196|105
THREAD|5|8|22534|27090|10192|NetworkService|3.187|1.2|0.111|9|0|2|0-7|0|1024|1024|494|1288|504
THREAD|5|9|27172|27197|10192|binder:27172_1|2.257|0.8|0.090|22|3|2|0-7|0|1024|1024|55|64|15
THREAD|5|10|22534|27086|10192|Chrome_IOThread|1.768|0.6|0.043|41|4|4|0-7|0|1024|1024|399|923|19
WINDOW|seq=6|t_cs=16142718|wall_ms=240|threads=346|busy_threads=16|total_runtime_ms=109.617|total_runq_wait_ms=9.268|tgids=5032,10622,22534,26538,27172,30630,30680
THREAD|6|1|27172|27305|10192|VizCompositorTh|19.029|7.9|0.833|106|4|1|0-7|0|1024|1024|536|810|46
THREAD|6|2|30680|30700|90001|CrRendererMain|18.297|7.6|0.648|49|0|5|0-7|0|1024|1024|189|385|63
THREAD|6|3|27172|27307|10192|CompositorGpuTh|16.657|6.9|3.837|91|1|0|0-7|0|1024|1024|341|301|277
THREAD|6|4|30680|30712|90001|Compositor|15.722|6.5|1.271|107|3|2|0-7|0|1024|1024|310|560|62
THREAD|6|5|27172|27239|10192|CrGpuMain|10.511|4.3|0.257|15|5|1|0-7|0|1024|1024|170|298|47
THREAD|6|6|30680|30706|90001|ThreadPoolForeg|8.343|3.4|0.708|28|3|1|0-7|0|1024|1024|112|210|112
THREAD|6|7|22534|22534|10192|.android.chrome|7.075|2.9|0.225|26|0|2|0-7|0|1024|1024|741|2704|75
THREAD|6|8|27172|27197|10192|binder:27172_1|5.310|2.2|0.097|24|2|1|0-7|0|1024|1024|72|86|18
THREAD|6|9|22534|27090|10192|NetworkService|4.040|1.6|0.574|14|2|0|0-7|0|1024|1024|501|1294|512
THREAD|6|10|22534|27086|10192|Chrome_IOThread|1.528|0.6|0.044|41|4|0|0-7|0|1024|1024|410|954|20
WINDOW|seq=7|t_cs=16142744|wall_ms=260|threads=346|busy_threads=18|total_runtime_ms=142.216|total_runq_wait_ms=10.930|tgids=5032,10622,22534,26538,27172,30630,30680
THREAD|7|1|27172|27239|10192|CrGpuMain|40.163|15.4|0.194|19|1|1|0-7|0|1024|1024|175|309|55
THREAD|7|2|30680|30700|90001|CrRendererMain|27.111|10.4|2.540|51|5|2|0-7|0|1024|1024|207|424|73
THREAD|7|3|27172|27305|10192|VizCompositorTh|18.092|6.9|0.775|115|1|0|0-7|0|1024|1024|607|912|60
THREAD|7|4|27172|27307|10192|CompositorGpuTh|15.463|5.9|3.991|96|0|0|0-7|0|1024|1024|414|363|314
THREAD|7|5|30680|30712|90001|Compositor|14.196|5.4|1.397|118|2|1|0-7|0|1024|1024|368|663|74
THREAD|7|6|30680|30706|90001|ThreadPoolForeg|9.380|3.6|0.593|27|1|5|0-7|0|1024|1024|127|228|121
THREAD|7|7|22534|22534|10192|.android.chrome|5.465|2.1|0.255|23|2|4|0-7|0|1024|1024|760|2724|80
THREAD|7|8|22534|27090|10192|NetworkService|3.943|1.5|0.076|6|0|5|0-7|0|1024|1024|502|1300|514
THREAD|7|9|27172|27197|10192|binder:27172_1|2.516|0.9|0.059|25|1|4|0-7|0|1024|1024|88|110|20
THREAD|7|10|22534|26965|10192|ThreadPoolForeg|1.337|0.5|0.309|22|3|2|0-7|0|1024|1024|623|1545|546
WINDOW|seq=8|t_cs=16142771|wall_ms=270|threads=347|busy_threads=12|total_runtime_ms=84.563|total_runq_wait_ms=4.279|tgids=5032,10622,22534,26538,27172,30630,30680
THREAD|8|1|22534|22534|10192|.android.chrome|19.422|7.1|0.121|58|4|1|0-7|0|1024|1024|801|2782|86
THREAD|8|2|27172|27305|10192|VizCompositorTh|18.828|6.9|0.370|112|0|1|0-7|0|1024|1024|675|1019|65
THREAD|8|3|27172|27307|10192|CompositorGpuTh|13.712|5.0|1.964|65|0|2|0-7|0|1024|1024|458|404|333
THREAD|8|4|30680|30712|90001|Compositor|11.856|4.3|1.330|108|1|3|0-7|0|1024|1024|415|757|86
THREAD|8|5|30680|30700|90001|CrRendererMain|11.669|4.3|0.264|56|2|2|0-7|0|1024|1024|241|476|76
THREAD|8|6|27172|27239|10192|CrGpuMain|2.732|1.0|0.171|12|1|0|0-7|0|1024|1024|183|321|56
THREAD|8|7|22534|27086|10192|Chrome_IOThread|2.502|0.9|0.000|53|3|0|0-7|0|1024|1024|448|1044|20
THREAD|8|8|27172|27197|10192|binder:27172_1|1.951|0.7|0.045|20|4|1|0-7|0|1024|1024|97|128|22
THREAD|8|9|22534|27090|10192|NetworkService|1.264|0.4|0.011|2|5|5|0-7|0|1024|1024|502|1300|514
THREAD|8|10|30680|30710|90001|Chrome_ChildIOT|0.286|0.1|0.000|3|4|0|0-7|0|1024|1024|270|570|11
WINDOW|seq=9|t_cs=16142797|wall_ms=260|threads=347|busy_threads=10|total_runtime_ms=84.294|total_runq_wait_ms=7.243|tgids=5032,10622,22534,26538,27172,30630,30680
THREAD|9|1|27172|27305|10192|VizCompositorTh|24.335|9.3|0.446|127|1|2|0-7|0|1024|1024|754|1140|72
THREAD|9|2|27172|27307|10192|CompositorGpuTh|15.195|5.8|4.890|93|2|1|0-7|0|1024|1024|520|459|379
THREAD|9|3|30680|30712|90001|Compositor|15.131|5.8|0.777|133|3|0|0-7|0|1024|1024|481|888|97
THREAD|9|4|30680|30700|90001|CrRendererMain|11.681|4.4|0.285|62|2|5|0-7|0|1024|1024|282|537|79
THREAD|9|5|22534|22534|10192|.android.chrome|10.767|4.1|0.355|36|1|1|0-7|0|1024|1024|834|2820|87
THREAD|9|6|22534|27086|10192|Chrome_IOThread|3.479|1.3|0.328|42|0|0|0-7|0|1024|1024|474|1088|21
THREAD|9|7|27172|27197|10192|binder:27172_1|2.536|0.9|0.002|24|1|0|0-7|0|1024|1024|110|151|22
THREAD|9|8|27172|27239|10192|CrGpuMain|0.791|0.3|0.093|15|0|0|0-7|0|1024|1024|191|335|57
THREAD|9|9|22534|26965|10192|ThreadPoolForeg|0.307|0.1|0.062|5|3|4|0-7|0|1024|1024|629|1555|546
THREAD|9|10|22534|27046|10192|RenderThread|0.068|0.0|0.000|2|1|2|0-7|0|1024|1024|132|213|15
WINDOW|seq=10|t_cs=16142822|wall_ms=250|threads=347|busy_threads=11|total_runtime_ms=65.189|total_runq_wait_ms=5.054|tgids=5032,10622,22534,26538,27172,30630,30680
THREAD|10|1|27172|27305|10192|VizCompositorTh|18.426|7.3|0.351|132|2|1|0-7|0|1024|1024|831|1273|76
THREAD|10|2|27172|27307|10192|CompositorGpuTh|13.247|5.2|3.111|89|1|0|0-7|0|1024|1024|571|513|412
THREAD|10|3|30680|30712|90001|Compositor|12.177|4.8|0.426|141|0|0|0-7|0|1024|1024|543|1020|104
THREAD|10|4|30680|30700|90001|CrRendererMain|9.705|3.8|0.438|61|5|4|0-7|0|1024|1024|316|590|86
THREAD|10|5|22534|22534|10192|.android.chrome|6.018|2.4|0.191|40|1|2|0-7|0|1024|1024|863|2856|88
THREAD|10|6|22534|27086|10192|Chrome_IOThread|2.427|0.9|0.149|41|0|2|0-7|0|1024|1024|500|1135|21
THREAD|10|7|27172|27197|10192|binder:27172_1|2.251|0.9|0.215|24|0|4|0-7|0|1024|1024|119|174|23
THREAD|10|8|27172|27239|10192|CrGpuMain|0.442|0.1|0.095|12|0|2|0-7|0|1024|1024|200|347|57
THREAD|10|9|30680|30706|90001|ThreadPoolForeg|0.320|0.1|0.000|1|5|5|0-7|0|1024|1024|127|229|121
THREAD|10|10|22534|26965|10192|ThreadPoolForeg|0.098|0.0|0.072|3|4|1|0-7|0|1024|1024|633|1559|546
WINDOW|seq=11|t_cs=16142848|wall_ms=260|threads=347|busy_threads=12|total_runtime_ms=78.468|total_runq_wait_ms=6.340|tgids=5032,10622,22534,26538,27172,30630,30680
THREAD|11|1|27172|27305|10192|VizCompositorTh|23.674|9.1|0.277|147|1|4|0-7|0|1024|1024|926|1407|86
THREAD|11|2|30680|30712|90001|Compositor|15.258|5.8|1.260|147|0|0|0-7|0|1024|1024|608|1156|116
THREAD|11|3|27172|27307|10192|CompositorGpuTh|14.984|5.7|2.954|102|0|1|0-7|0|1024|1024|637|572|451
THREAD|11|4|30680|30700|90001|CrRendererMain|10.836|4.1|0.445|58|4|3|0-7|0|1024|1024|351|646|89
THREAD|11|5|22534|22534|10192|.android.chrome|6.851|2.6|0.479|40|2|6|0-7|0|1024|1024|902|2897|94
THREAD|11|6|22534|27086|10192|Chrome_IOThread|3.098|1.1|0.773|43|2|4|0-7|0|1024|1024|533|1179|21
THREAD|11|7|27172|27197|10192|binder:27172_1|2.374|0.9|0.000|24|4|0|0-7|0|1024|1024|135|197|24
THREAD|11|8|27172|27239|10192|CrGpuMain|0.674|0.2|0.055|13|2|5|0-7|0|1024|1024|208|360|58
THREAD|11|9|27172|27302|10192|ThreadPoolForeg|0.402|0.1|0.020|3|5|0|0-7|0|1024|1024|3|8|2
THREAD|11|10|27172|27301|10192|ThreadPoolServi|0.192|0.0|0.000|3|4|0|0-7|0|1024|1024|7|9|3
WINDOW|seq=12|t_cs=16142875|wall_ms=270|threads=347|busy_threads=12|total_runtime_ms=89.135|total_runq_wait_ms=5.176|tgids=5032,10622,22534,26538,27172,30630,30680
THREAD|12|1|27172|27305|10192|VizCompositorTh|24.537|9.0|0.407|136|4|1|0-7|0|1024|1024|1018|1545|93
THREAD|12|2|30680|30712|90001|Compositor|17.704|6.5|0.685|149|0|0|0-7|0|1024|1024|685|1294|126
THREAD|12|3|27172|27307|10192|CompositorGpuTh|16.324|6.0|2.301|95|1|0|0-7|0|1024|1024|699|634|486
THREAD|12|4|30680|30700|90001|CrRendererMain|12.820|4.7|0.525|70|3|6|0-7|0|1024|1024|403|716|91
THREAD|12|5|22534|22534|10192|.android.chrome|9.489|3.5|0.494|48|6|4|0-7|0|1024|1024|940|2939|97
THREAD|12|6|22534|27086|10192|Chrome_IOThread|3.435|1.2|0.264|51|4|2|0-7|0|1024|1024|561|1230|25
THREAD|12|7|27172|27197|10192|binder:27172_1|2.863|1.0|0.215|26|0|1|0-7|0|1024|1024|145|224|24
THREAD|12|8|27172|27239|10192|CrGpuMain|1.459|0.5|0.239|14|5|0|0-7|0|1024|1024|220|376|59
THREAD|12|9|30680|30710|90001|Chrome_ChildIOT|0.194|0.0|0.000|3|0|5|0-7|0|1024|1024|271|573|11
THREAD|12|10|22534|26965|10192|ThreadPoolForeg|0.163|0.0|0.024|4|2|4|0-7|0|1024|1024|640|1567|547
WINDOW|seq=13|t_cs=16142901|wall_ms=260|threads=347|busy_threads=10|total_runtime_ms=84.624|total_runq_wait_ms=5.394|tgids=5032,10622,22534,26538,27172,30630,30680
THREAD|13|1|27172|27305|10192|VizCompositorTh|24.172|9.2|0.237|129|1|1|0-7|0|1024|1024|1095|1661|98
THREAD|13|2|27172|27307|10192|CompositorGpuTh|15.340|5.9|3.167|85|0|5|0-7|0|1024|1024|746|686|516
THREAD|13|3|30680|30712|90001|Compositor|15.152|5.8|0.730|137|0|1|0-7|0|1024|1024|748|1417|134
THREAD|13|4|30680|30700|90001|CrRendererMain|12.079|4.6|0.286|62|6|6|0-7|0|1024|1024|438|770|95
THREAD|13|5|22534|22534|10192|.android.chrome|10.404|4.0|0.457|40|4|0|0-7|0|1024|1024|966|2969|103
THREAD|13|6|22534|27086|10192|Chrome_IOThread|3.732|1.4|0.190|50|2|4|0-7|0|1024|1024|588|1274|25
THREAD|13|7|27172|27197|10192|binder:27172_1|2.739|1.0|0.081|23|1|2|0-7|0|1024|1024|150|246|25
THREAD|13|8|27172|27239|10192|CrGpuMain|0.654|0.2|0.096|13|0|1|0-7|0|1024|1024|228|387|59
THREAD|13|9|22534|26965|10192|ThreadPoolForeg|0.304|0.1|0.140|7|4|0|0-7|0|1024|1024|643|1572|547
THREAD|13|10|22534|27046|10192|RenderThread|0.043|0.0|0.005|2|0|4|0-7|0|1024|1024|145|221|17
WINDOW|seq=14|t_cs=16142925|wall_ms=240|threads=347|busy_threads=14|total_runtime_ms=76.669|total_runq_wait_ms=6.767|tgids=5032,10622,22534,26538,27172,30630,30680
THREAD|14|1|27172|27305|10192|VizCompositorTh|22.911|9.5|0.441|143|1|2|0-7|0|1024|1024|1180|1791|101
THREAD|14|2|30680|30712|90001|Compositor|14.335|5.9|0.598|141|1|1|0-7|0|1024|1024|816|1548|148
THREAD|14|3|27172|27307|10192|CompositorGpuTh|13.990|5.8|2.897|82|5|3|0-7|0|1024|1024|788|734|550
THREAD|14|4|30680|30700|90001|CrRendererMain|10.388|4.3|0.418|59|6|3|0-7|0|1024|1024|478|824|99
THREAD|14|5|22534|22534|10192|.android.chrome|7.557|3.1|0.566|37|0|1|0-7|0|1024|1024|991|2999|104
THREAD|14|6|22534|27086|10192|Chrome_IOThread|4.536|1.8|0.127|49|4|4|0-7|0|1024|1024|610|1314|25
THREAD|14|7|27172|27197|10192|binder:27172_1|1.769|0.7|1.009|19|2|3|0-7|0|1024|1024|153|261|26
THREAD|14|8|27172|27239|10192|CrGpuMain|0.524|0.2|0.120|14|1|0|0-7|0|1024|1024|234|397|61
THREAD|14|9|27172|27302|10192|ThreadPoolForeg|0.202|0.0|0.017|1|0|0|0-7|0|1024|1024|3|9|2
THREAD|14|10|27172|27215|10192|binder:27172_3|0.185|0.0|0.000|1|0|0|0-7|0|1024|1024|37|56|19
WINDOW|seq=15|t_cs=16142951|wall_ms=260|threads=348|busy_threads=13|total_runtime_ms=161.830|total_runq_wait_ms=6.189|tgids=5032,10622,22534,26538,27172,30630,30680
THREAD|15|1|30680|30700|90001|CrRendererMain|52.862|20.3|0.718|53|3|3|0-7|0|1024|1024|517|873|105
THREAD|15|2|22534|27086|10192|Chrome_IOThread|33.929|13.0|0.154|59|4|6|0-7|0|1024|1024|638|1372|27
THREAD|15|3|27172|27305|10192|VizCompositorTh|20.083|7.7|0.770|130|2|5|0-7|0|1024|1024|1269|1921|107
THREAD|15|4|27172|27307|10192|CompositorGpuTh|14.655|5.6|2.729|95|3|3|0-7|0|1024|1024|846|791|594
THREAD|15|5|30680|30712|90001|Compositor|13.917|5.3|0.658|139|1|0|0-7|0|1024|1024|866|1681|158
THREAD|15|6|30680|30710|90001|Chrome_ChildIOT|11.494|4.4|0.030|21|5|2|0-7|0|1024|1024|278|593|12
THREAD|15|7|22534|22534|10192|.android.chrome|7.673|2.9|0.443|40|1|2|0-7|0|1024|1024|1026|3035|108
THREAD|15|8|27172|31867|10192|binder:27172_4|4.614|1.7|0.000|24|5|3|0-7|0|1024|1024|17|32|0
THREAD|15|9|22534|26965|10192|ThreadPoolForeg|1.385|0.5|0.109|6|0|5|0-7|0|1024|1024|648|1580|550
THREAD|15|10|27172|27239|10192|CrGpuMain|0.723|0.2|0.081|12|0|0|0-7|0|1024|1024|243|409|61
WINDOW|seq=16|t_cs=16142977|wall_ms=260|threads=348|busy_threads=11|total_runtime_ms=85.139|total_runq_wait_ms=6.818|tgids=5032,10622,22534,26538,27172,30630,30680
THREAD|16|1|27172|27305|10192|VizCompositorTh|20.942|8.0|0.312|133|5|2|0-7|0|1024|1024|1351|2052|111
THREAD|16|2|30680|30712|90001|Compositor|15.441|5.9|0.465|152|0|0|0-7|0|1024|1024|941|1821|170
THREAD|16|3|27172|27307|10192|CompositorGpuTh|15.304|5.8|3.715|107|3|3|0-7|0|1024|1024|901|850|639
THREAD|16|4|30680|30700|90001|CrRendererMain|13.424|5.1|0.734|66|3|5|0-7|0|1024|1024|564|930|114
THREAD|16|5|22534|22534|10192|.android.chrome|11.681|4.4|0.427|37|2|3|0-7|0|1024|1024|1055|3072|108
THREAD|16|6|22534|27086|10192|Chrome_IOThread|5.213|2.0|0.769|52|6|5|0-7|0|1024|1024|663|1420|31
THREAD|16|7|27172|31867|10192|binder:27172_4|2.064|0.7|0.055|26|3|1|0-7|0|1024|1024|25|56|1
THREAD|16|8|27172|27239|10192|CrGpuMain|0.839|0.3|0.211|13|0|0|0-7|0|1024|1024|253|422|61
THREAD|16|9|22534|26965|10192|ThreadPoolForeg|0.137|0.0|0.094|4|5|0|0-7|0|1024|1024|651|1584|550
THREAD|16|10|30680|30710|90001|Chrome_ChildIOT|0.047|0.0|0.000|1|2|3|0-7|0|1024|1024|279|594|12
WINDOW|seq=17|t_cs=16143004|wall_ms=270|threads=348|busy_threads=16|total_runtime_ms=88.162|total_runq_wait_ms=9.401|tgids=5032,10622,22534,26538,27172,30630,30680
THREAD|17|1|27172|27305|10192|VizCompositorTh|21.011|7.7|0.667|134|2|1|0-7|0|1024|1024|1418|2177|116
THREAD|17|2|22534|22534|10192|.android.chrome|15.819|5.8|0.028|40|3|3|0-7|0|1024|1024|1084|3117|109
THREAD|17|3|27172|27307|10192|CompositorGpuTh|15.523|5.7|5.609|80|3|0|0-7|0|1024|1024|946|902|665
THREAD|17|4|30680|30712|90001|Compositor|15.079|5.5|0.420|141|0|5|0-7|0|1024|1024|991|1951|177
THREAD|17|5|30680|30700|90001|CrRendererMain|12.003|4.4|0.247|59|5|4|0-7|0|1024|1024|598|987|117
THREAD|17|6|22534|27090|10192|NetworkService|3.020|1.1|0.000|5|5|3|0-7|0|1024|1024|503|1305|514
THREAD|17|7|22534|27086|10192|Chrome_IOThread|2.566|0.9|0.178|42|5|1|0-7|0|1024|1024|690|1463|33
THREAD|17|8|27172|27199|10192|binder:27172_2|1.706|0.6|1.126|23|3|5|0-7|0|1024|1024|15|30|8
THREAD|17|9|27172|27239|10192|CrGpuMain|0.569|0.2|0.018|11|0|1|0-7|0|1024|1024|258|433|61
THREAD|17|10|22534|27111|10192|binder:22534_4|0.365|0.1|0.043|3|2|4|0-7|0|1024|1024|76|138|30
WINDOW|seq=18|t_cs=16143032|wall_ms=280|threads=348|busy_threads=10|total_runtime_ms=101.934|total_runq_wait_ms=8.808|tgids=5032,10622,22534,26538,27172,30630,30680
THREAD|18|1|27172|27305|10192|VizCompositorTh|23.678|8.4|0.278|129|1|1|0-7|0|1024|1024|1507|2310|119
THREAD|18|2|30680|30712|90001|Compositor|20.345|7.2|3.515|146|5|5|0-7|0|1024|1024|1050|2093|186
THREAD|18|3|27172|27307|10192|CompositorGpuTh|18.192|6.4|3.711|107|0|0|0-7|0|1024|1024|1016|970|708
THREAD|18|4|30680|30700|90001|CrRendererMain|17.353|6.1|0.348|56|4|3|0-7|0|1024|1024|641|1041|118
THREAD|18|5|22534|22534|10192|.android.chrome|12.839|4.5|0.037|37|3|0|0-7|0|1024|1024|1117|3155|111
THREAD|18|6|27172|27199|10192|binder:27172_2|5.513|1.9|0.100|32|5|2|0-7|0|1024|1024|28|60|14
THREAD|18|7|22534|27086|10192|Chrome_IOThread|3.111|1.1|0.190|43|1|4|0-7|0|1024|1024|708|1511|34
THREAD|18|8|27172|27239|10192|CrGpuMain|0.644|0.2|0.398|13|1|6|0-7|0|1024|1024|265|446|61
THREAD|18|9|22534|26965|10192|ThreadPoolForeg|0.219|0.0|0.203|5|4|1|0-7|0|1024|1024|658|1594|550
THREAD|18|10|22534|27046|10192|RenderThread|0.037|0.0|0.023|2|6|4|0-7|0|1024|1024|157|230|18
WINDOW|seq=19|t_cs=16143058|wall_ms=260|threads=348|busy_threads=11|total_runtime_ms=112.987|total_runq_wait_ms=9.923|tgids=5032,10622,22534,26538,27172,30630,30680
THREAD|19|1|27172|27305|10192|VizCompositorTh|29.012|11.1|3.931|135|1|2|0-7|0|1024|1024|1587|2435|131
THREAD|19|2|30680|30712|90001|Compositor|21.241|8.1|0.462|139|5|5|0-7|0|1024|1024|1096|2225|190
THREAD|19|3|30680|30700|90001|CrRendererMain|21.121|8.1|0.286|56|3|6|0-7|0|1024|1024|677|1095|120
THREAD|19|4|27172|27307|10192|CompositorGpuTh|19.096|7.3|2.863|99|0|1|0-7|0|1024|1024|1074|1027|748
THREAD|19|5|22534|22534|10192|.android.chrome|13.559|5.2|0.892|48|0|2|0-7|0|1024|1024|1152|3198|115
THREAD|19|6|22534|27086|10192|Chrome_IOThread|4.942|1.9|0.429|44|4|4|0-7|0|1024|1024|736|1553|40
THREAD|19|7|27172|27199|10192|binder:27172_2|3.103|1.1|0.365|29|2|3|0-7|0|1024|1024|42|88|14
THREAD|19|8|27172|27239|10192|CrGpuMain|0.687|0.2|0.158|11|6|0|0-7|0|1024|1024|270|459|61
THREAD|19|9|22534|26965|10192|ThreadPoolForeg|0.147|0.0|0.534|4|1|0|0-7|0|1024|1024|663|1598|551
THREAD|19|10|22534|27046|10192|RenderThread|0.045|0.0|0.000|2|4|6|0-7|0|1024|1024|159|232|18
WINDOW|seq=20|t_cs=16143082|wall_ms=240|threads=348|busy_threads=10|total_runtime_ms=83.705|total_runq_wait_ms=4.657|tgids=5032,10622,22534,26538,27172,30630,30680
THREAD|20|1|27172|27305|10192|VizCompositorTh|22.648|9.4|0.578|113|2|1|0-7|0|1024|1024|1659|2534|135
THREAD|20|2|22534|22534|10192|.android.chrome|17.624|7.3|0.213|51|2|0|0-7|0|1024|1024|1193|3242|125
THREAD|20|3|27172|27307|10192|CompositorGpuTh|14.141|5.8|1.920|84|1|2|0-7|0|1024|1024|1125|1083|781
THREAD|20|4|30680|30712|90001|Compositor|12.542|5.2|0.685|114|5|0|0-7|0|1024|1024|1151|2333|196
THREAD|20|5|30680|30700|90001|CrRendererMain|10.782|4.4|0.371|44|6|2|0-7|0|1024|1024|699|1135|123
THREAD|20|6|22534|27086|10192|Chrome_IOThread|2.606|1.0|0.571|48|4|5|0-7|0|1024|1024|756|1583|42
THREAD|20|7|27172|27199|10192|binder:27172_2|2.565|1.0|0.056|28|3|5|0-7|0|1024|1024|65|120|15
THREAD|20|8|27172|27239|10192|CrGpuMain|0.513|0.2|0.250|12|0|0|0-7|0|1024|1024|276|469|61
THREAD|20|9|22534|26965|10192|ThreadPoolForeg|0.202|0.0|0.009|6|0|2|0-7|0|1024|1024|665|1601|551
THREAD|20|10|22534|27046|10192|RenderThread|0.077|0.0|0.000|2|6|2|0-7|0|1024|1024|161|234|18
WINDOW|seq=21|t_cs=16143109|wall_ms=270|threads=348|busy_threads=16|total_runtime_ms=106.150|total_runq_wait_ms=9.904|tgids=5032,10622,22534,26538,27172,30630,30680
THREAD|21|1|27172|27305|10192|VizCompositorTh|22.798|8.4|0.916|130|1|0|0-7|0|1024|1024|1746|2661|142
THREAD|21|2|22534|22534|10192|.android.chrome|18.101|6.7|1.071|80|0|6|0-7|0|1024|1024|1232|3307|131
THREAD|21|3|30680|30712|90001|Compositor|17.598|6.5|0.530|141|0|0|0-7|0|1024|1024|1205|2468|203
THREAD|21|4|27172|27307|10192|CompositorGpuTh|16.382|6.0|3.551|100|2|1|0-7|0|1024|1024|1187|1141|818
THREAD|21|5|30680|30700|90001|CrRendererMain|15.300|5.6|1.155|63|2|5|0-7|0|1024|1024|742|1194|129
THREAD|21|6|22534|27086|10192|Chrome_IOThread|5.054|1.8|0.797|56|5|2|0-7|0|1024|1024|788|1639|45
THREAD|21|7|27172|27239|10192|CrGpuMain|2.648|0.9|0.020|11|0|0|0-7|0|1024|1024|283|480|61
THREAD|21|8|27172|27199|10192|binder:27172_2|2.578|0.9|1.125|37|5|2|0-7|0|1024|1024|81|148|21
THREAD|21|9|22534|27090|10192|NetworkService|2.440|0.9|0.090|7|3|4|0-7|0|1024|1024|506|1309|517
THREAD|21|10|22534|26983|10192|ThreadPoolForeg|1.405|0.5|0.397|25|0|5|0-7|0|1024|1024|339|855|316
WINDOW|seq=22|t_cs=16143135|wall_ms=260|threads=347|busy_threads=10|total_runtime_ms=87.235|total_runq_wait_ms=6.642|tgids=5032,10622,22534,26538,27172,30630,30680
THREAD|22|1|27172|27305|10192|VizCompositorTh|24.334|9.3|0.379|141|0|1|0-7|0|1024|1024|1840|2797|150
THREAD|22|2|30680|30712|90001|Compositor|16.918|6.5|0.636|148|0|0|0-7|0|1024|1024|1266|2604|215
THREAD|22|3|27172|27307|10192|CompositorGpuTh|16.651|6.4|3.654|100|1|0|0-7|0|1024|1024|1244|1196|868
THREAD|22|4|30680|30700|90001|CrRendererMain|14.264|5.4|0.375|66|5|3|0-7|0|1024|1024|779|1252|136
THREAD|22|5|22534|22534|10192|.android.chrome|8.551|3.2|0.397|40|6|1|0-7|0|1024|1024|1264|3342|135
THREAD|22|6|22534|27086|10192|Chrome_IOThread|3.164|1.2|0.457|44|2|3|0-7|0|1024|1024|808|1681|47
THREAD|22|7|27172|27199|10192|binder:27172_2|2.613|1.0|0.393|27|2|2|0-7|0|1024|1024|93|173|23
THREAD|22|8|27172|27239|10192|CrGpuMain|0.555|0.2|0.267|12|0|0|0-7|0|1024|1024|292|492|61
THREAD|22|9|22534|26965|10192|ThreadPoolForeg|0.108|0.0|0.041|4|5|5|0-7|0|1024|1024|672|1636|554
THREAD|22|10|22534|27046|10192|RenderThread|0.073|0.0|0.040|3|2|0|0-7|0|1024|1024|165|238|19
WINDOW|seq=23|t_cs=16143162|wall_ms=270|threads=347|busy_threads=12|total_runtime_ms=89.998|total_runq_wait_ms=11.353|tgids=5032,10622,22534,26538,27172,30630,30680
THREAD|23|1|27172|27305|10192|VizCompositorTh|23.687|8.7|2.074|138|1|2|0-7|0|1024|1024|1919|2919|162
THREAD|23|2|30680|30712|90001|Compositor|17.809|6.5|2.259|145|0|0|0-7|0|1024|1024|1334|2738|226
THREAD|23|3|27172|27307|10192|CompositorGpuTh|16.385|6.0|2.860|95|0|0|0-7|0|1024|1024|1296|1253|907
THREAD|23|4|30680|30700|90001|CrRendererMain|13.693|5.0|0.172|56|3|0|0-7|0|1024|1024|816|1307|140
THREAD|23|5|22534|22534|10192|.android.chrome|8.505|3.1|2.260|44|1|5|0-7|0|1024|1024|1301|3380|143
THREAD|23|6|22534|27086|10192|Chrome_IOThread|5.694|2.1|0.471|44|3|5|0-7|0|1024|1024|840|1728|48
THREAD|23|7|27172|27199|10192|binder:27172_2|2.493|0.9|0.448|25|2|3|0-7|0|1024|1024|106|198|25
THREAD|23|8|27172|27239|10192|CrGpuMain|0.796|0.2|0.367|14|0|1|0-7|0|1024|1024|301|505|62
THREAD|23|9|30680|30706|90001|ThreadPoolForeg|0.701|0.2|0.020|1|5|5|0-7|0|1024|1024|127|230|121
THREAD|23|10|22534|26965|10192|ThreadPoolForeg|0.112|0.0|0.417|4|5|5|0-7|0|1024|1024|676|1640|554
WINDOW|seq=24|t_cs=16143188|wall_ms=260|threads=347|busy_threads=11|total_runtime_ms=80.814|total_runq_wait_ms=5.361|tgids=5032,10622,22534,26538,27172,30630,30680
THREAD|24|1|27172|27305|10192|VizCompositorTh|21.669|8.3|0.633|131|2|2|0-7|0|1024|1024|2002|3048|169
THREAD|24|2|30680|30712|90001|Compositor|15.324|5.8|0.668|149|0|5|0-7|0|1024|1024|1419|2880|233
THREAD|24|3|27172|27307|10192|CompositorGpuTh|15.134|5.8|2.774|92|0|0|0-7|0|1024|1024|1344|1306|937
THREAD|24|4|30680|30700|90001|CrRendererMain|14.080|5.4|0.647|64|0|3|0-7|0|1024|1024|856|1364|146
THREAD|24|5|22534|22534|10192|.android.chrome|6.210|2.3|0.309|34|5|0|0-7|0|1024|1024|1332|3415|144
THREAD|24|6|22534|27086|10192|Chrome_IOThread|5.521|2.1|0.192|42|5|5|0-7|0|1024|1024|866|1774|48
THREAD|24|7|27172|27199|10192|binder:27172_2|2.237|0.8|0.063|23|3|2|0-7|0|1024|1024|120|222|25
THREAD|24|8|27172|27239|10192|CrGpuMain|0.428|0.1|0.013|12|1|5|0-7|0|1024|1024|306|517|62
THREAD|24|9|22534|26965|10192|ThreadPoolForeg|0.119|0.0|0.038|4|5|4|0-7|0|1024|1024|678|1644|555
THREAD|24|10|22534|27046|10192|RenderThread|0.049|0.0|0.021|3|5|2|0-7|0|1024|1024|169|242|20
WINDOW|seq=25|t_cs=16143211|wall_ms=230|threads=347|busy_threads=12|total_runtime_ms=78.821|total_runq_wait_ms=5.218|tgids=5032,10622,22534,26538,27172,30630,30680
THREAD|25|1|27172|27305|10192|VizCompositorTh|20.278|8.8|0.614|121|2|2|0-7|0|1024|1024|2068|3149|176
THREAD|25|2|30680|30712|90001|Compositor|17.183|7.4|0.384|124|5|0|0-7|0|1024|1024|1467|2992|237
THREAD|25|3|27172|27307|10192|CompositorGpuTh|14.105|6.1|2.637|78|0|2|0-7|0|1024|1024|1400|1355|968
THREAD|25|4|30680|30700|90001|CrRendererMain|10.256|4.4|0.516|47|3|4|0-7|0|1024|1024|883|1405|146
THREAD|25|5|22534|22534|10192|.android.chrome|9.462|4.1|0.187|36|0|1|0-7|0|1024|1024|1353|3442|148
THREAD|25|6|22534|27086|10192|Chrome_IOThread|4.605|2.0|0.162|44|5|5|0-7|0|1024|1024|886|1810|50
THREAD|25|7|27172|27199|10192|binder:27172_2|2.244|0.9|0.135|22|2|4|0-7|0|1024|1024|132|244|26
THREAD|25|8|27172|27239|10192|CrGpuMain|0.457|0.1|0.249|10|5|4|0-7|0|1024|1024|314|527|62
THREAD|25|9|22534|26965|10192|ThreadPoolForeg|0.126|0.0|0.289|3|4|5|0-7|0|1024|1024|680|1647|555
THREAD|25|10|27172|27250|10192|GpuWatchdog|0.044|0.0|0.000|1|0|4|0-7|0|1024|1024|5|7|1
WINDOW|seq=26|t_cs=16143237|wall_ms=260|threads=347|busy_threads=9|total_runtime_ms=49.062|total_runq_wait_ms=5.211|tgids=5032,10622,22534,26538,27172,30630,30680
THREAD|26|1|27172|27307|10192|CompositorGpuTh|15.809|6.0|2.875|95|2|1|0-7|0|1024|1024|1444|1409|1007
THREAD|26|2|27172|27305|10192|VizCompositorTh|12.942|4.9|0.111|76|2|2|0-7|0|1024|1024|2106|3221|179
THREAD|26|3|30680|30712|90001|Compositor|11.618|4.4|1.447|112|0|0|0-7|0|1024|1024|1519|3088|253
THREAD|26|4|27172|27199|10192|binder:27172_2|3.817|1.4|0.566|48|4|0|0-7|0|1024|1024|171|293|27
THREAD|26|5|30680|30700|90001|CrRendererMain|2.830|1.0|0.046|28|4|3|0-7|0|1024|1024|898|1430|148
THREAD|26|6|22534|22534|10192|.android.chrome|1.105|0.4|0.113|6|1|1|0-7|0|1024|1024|1353|3442|148
THREAD|26|7|22534|27086|10192|Chrome_IOThread|0.753|0.2|0.049|7|5|4|0-7|0|1024|1024|886|1810|50
THREAD|26|8|27172|27239|10192|CrGpuMain|0.136|0.0|0.000|3|4|3|0-7|0|1024|1024|315|529|62
THREAD|26|9|22534|26965|10192|ThreadPoolForeg|0.048|0.0|0.000|1|5|5|0-7|0|1024|1024|680|1647|555
THREAD|26|10|30630|9782|10324|binder:30630_7|0.000|0.0|0.000|0|0|0|0-7|0|1024|1024|246|472|239
WINDOW|seq=27|t_cs=16143262|wall_ms=250|threads=347|busy_threads=12|total_runtime_ms=34.147|total_runq_wait_ms=2.207|tgids=5032,10622,22534,26538,27172,30630,30680
THREAD|27|1|27172|27305|10192|VizCompositorTh|9.916|3.9|0.034|70|2|3|0-7|0|1024|1024|2149|3288|181
THREAD|27|2|27172|27307|10192|CompositorGpuTh|9.694|3.8|1.476|55|1|1|0-7|0|1024|1024|1471|1438|1023
THREAD|27|3|30680|30712|90001|Compositor|6.251|2.5|0.340|67|0|4|0-7|0|1024|1024|1539|3140|265
THREAD|27|4|30680|30700|90001|CrRendererMain|2.956|1.1|0.028|16|3|1|0-7|0|1024|1024|905|1445|149
THREAD|27|5|22534|22534|10192|.android.chrome|2.023|0.8|0.000|6|1|0|0-7|0|1024|1024|1362|3457|148
THREAD|27|6|27172|27199|10192|binder:27172_2|1.695|0.6|0.326|24|0|3|0-7|0|1024|1024|179|310|28
THREAD|27|7|27172|27239|10192|CrGpuMain|0.544|0.2|0.000|3|3|2|0-7|0|1024|1024|316|532|62
THREAD|27|8|22534|27086|10192|Chrome_IOThread|0.443|0.1|0.000|11|4|4|0-7|0|1024|1024|891|1821|50
THREAD|27|9|27172|27303|10192|Chrome_ChildIOT|0.283|0.1|0.000|3|0|0|0-7|0|1024|1024|123|267|3
THREAD|27|10|30680|30710|90001|Chrome_ChildIOT|0.257|0.1|0.000|4|2|0|0-7|0|1024|1024|284|605|12
WINDOW|seq=28|t_cs=16143290|wall_ms=280|threads=347|busy_threads=6|total_runtime_ms=7.303|total_runq_wait_ms=0.323|tgids=5032,10622,22534,26538,27172,30630,30680
THREAD|28|1|22534|22534|10192|.android.chrome|2.670|0.9|0.085|11|0|0|0-7|0|1024|1024|1363|3459|148
THREAD|28|2|27172|27305|10192|VizCompositorTh|1.549|0.5|0.064|16|3|2|0-7|0|1024|1024|2155|3300|182
THREAD|28|3|30680|30712|90001|Compositor|1.497|0.5|0.057|33|4|0|0-7|0|1024|1024|1550|3169|269
THREAD|28|4|30680|30700|90001|CrRendererMain|1.422|0.5|0.116|7|1|4|0-7|0|1024|1024|909|1450|151
THREAD|28|5|22534|27086|10192|Chrome_IOThread|0.117|0.0|0.000|2|4|4|0-7|0|1024|1024|891|1823|50
THREAD|28|6|30680|30710|90001|Chrome_ChildIOT|0.046|0.0|0.000|1|0|0|0-7|0|1024|1024|284|606|12
THREAD|28|7|30630|9782|10324|binder:30630_7|0.000|0.0|0.000|0|0|0|0-7|0|1024|1024|246|472|239
THREAD|28|8|26538|9612|10195|binder:26538_8|0.000|0.0|0.000|0|0|0|0-7|0|1024|1024|3363|6441|3306
THREAD|28|9|26538|9470|10195|binder:26538_B|0.000|0.0|0.000|0|6|6|0-7|0|1024|1024|2531|4304|2105
THREAD|28|10|10622|8513|10201|ExoPlayer:Playb|0.000|0.0|0.000|0|4|4|0-7|0|1024|1024|6463|10331|51
WINDOW|seq=29|t_cs=16143315|wall_ms=250|threads=347|busy_threads=2|total_runtime_ms=0.931|total_runq_wait_ms=0.000|tgids=5032,10622,22534,26538,27172,30630,30680
THREAD|29|1|30680|30712|90001|Compositor|0.545|0.2|0.000|22|0|0|0-7|0|1024|1024|1555|3191|269
THREAD|29|2|27172|27305|10192|VizCompositorTh|0.385|0.1|0.000|3|2|1|0-7|0|1024|1024|2155|3300|182
THREAD|29|3|30630|9782|10324|binder:30630_7|0.000|0.0|0.000|0|0|0|0-7|0|1024|1024|246|472|239
THREAD|29|4|26538|9612|10195|binder:26538_8|0.000|0.0|0.000|0|0|0|0-7|0|1024|1024|3363|6441|3306
THREAD|29|5|26538|9470|10195|binder:26538_B|0.000|0.0|0.000|0|6|6|0-7|0|1024|1024|2531|4304|2105
THREAD|29|6|10622|8513|10201|ExoPlayer:Playb|0.000|0.0|0.000|0|4|4|0-7|0|1024|1024|6463|10331|51
THREAD|29|7|10622|8509|10201|ExoPlayer:Playb|0.000|0.0|0.000|0|1|1|0-7|0|1024|1024|6331|10327|49
THREAD|29|8|26538|8364|10195|IMM.binder-emu|0.000|0.0|0.000|0|2|2|0-7|0|1024|1024|15737|23850|1039
THREAD|29|9|26538|8336|10195|Primes-Jank|0.000|0.0|0.000|0|4|4|0-7|0|1024|1024|16074|23866|1131
THREAD|29|10|5032|7304|10117|DefaultDispatch|0.000|0.0|0.000|0|0|0|0-7|0|1024|1024|536|1320|123
WINDOW|seq=30|t_cs=16143340|wall_ms=250|threads=347|busy_threads=2|total_runtime_ms=0.627|total_runq_wait_ms=0.005|tgids=5032,10622,22534,26538,27172,30630,30680
THREAD|30|1|30680|30712|90001|Compositor|0.582|0.2|0.005|25|0|3|0-7|0|1024|1024|1562|3214|270
THREAD|30|2|22534|22534|10192|.android.chrome|0.044|0.0|0.000|1|0|0|0-7|0|1024|1024|1363|3460|148
THREAD|30|3|30630|9782|10324|binder:30630_7|0.000|0.0|0.000|0|0|0|0-7|0|1024|1024|246|472|239
THREAD|30|4|26538|9612|10195|binder:26538_8|0.000|0.0|0.000|0|0|0|0-7|0|1024|1024|3363|6441|3306
THREAD|30|5|26538|9470|10195|binder:26538_B|0.000|0.0|0.000|0|6|6|0-7|0|1024|1024|2531|4304|2105
THREAD|30|6|10622|8513|10201|ExoPlayer:Playb|0.000|0.0|0.000|0|4|4|0-7|0|1024|1024|6463|10331|51
THREAD|30|7|10622|8509|10201|ExoPlayer:Playb|0.000|0.0|0.000|0|1|1|0-7|0|1024|1024|6331|10327|49
THREAD|30|8|26538|8364|10195|IMM.binder-emu|0.000|0.0|0.000|0|2|2|0-7|0|1024|1024|15737|23850|1039
THREAD|30|9|26538|8336|10195|Primes-Jank|0.000|0.0|0.000|0|4|4|0-7|0|1024|1024|16074|23866|1131
THREAD|30|10|5032|7304|10117|DefaultDispatch|0.000|0.0|0.000|0|0|0|0-7|0|1024|1024|536|1320|123
WINDOW|seq=31|t_cs=16143369|wall_ms=290|threads=347|busy_threads=10|total_runtime_ms=1.552|total_runq_wait_ms=0.000|tgids=5032,10622,22534,26538,27172,30630,30680
THREAD|31|1|30680|30700|90001|CrRendererMain|0.263|0.0|0.000|1|4|4|0-7|0|1024|1024|909|1451|151
THREAD|31|2|30680|30712|90001|Compositor|0.260|0.0|0.000|9|3|0|0-7|0|1024|1024|1564|3222|270
THREAD|31|3|22534|22534|10192|.android.chrome|0.223|0.0|0.000|1|0|0|0-7|0|1024|1024|1363|3461|148
THREAD|31|4|22534|27086|10192|Chrome_IOThread|0.176|0.0|0.000|2|4|1|0-7|0|1024|1024|892|1825|50
THREAD|31|5|27172|27239|10192|CrGpuMain|0.158|0.0|0.000|1|2|5|0-7|0|1024|1024|317|533|62
THREAD|31|6|27172|27307|10192|CompositorGpuTh|0.145|0.0|0.000|1|1|0|0-7|0|1024|1024|1472|1439|1023
THREAD|31|7|30680|30710|90001|Chrome_ChildIOT|0.114|0.0|0.000|2|0|4|0-7|0|1024|1024|285|608|12
THREAD|31|8|27172|27303|10192|Chrome_ChildIOT|0.104|0.0|0.000|1|0|0|0-7|0|1024|1024|123|268|3
THREAD|31|9|30680|30705|90001|ThreadPoolServi|0.070|0.0|0.000|2|1|5|0-7|0|1024|1024|4|7|0
THREAD|31|10|30680|30706|90001|ThreadPoolForeg|0.033|0.0|0.000|1|5|5|0-7|0|1024|1024|127|231|121
WINDOW|seq=32|t_cs=16143395|wall_ms=260|threads=347|busy_threads=8|total_runtime_ms=8.189|total_runq_wait_ms=0.549|tgids=5032,10622,22534,26538,27172,30630,30680
THREAD|32|1|27172|27305|10192|VizCompositorTh|2.726|1.0|0.008|17|1|1|0-7|0|1024|1024|2166|3316|183
THREAD|32|2|22534|22534|10192|.android.chrome|1.981|0.7|0.000|6|0|4|0-7|0|1024|1024|1367|3469|149
THREAD|32|3|27172|27307|10192|CompositorGpuTh|1.285|0.4|0.292|5|0|0|0-7|0|1024|1024|1476|1443|1024
THREAD|32|4|30680|30712|90001|Compositor|0.934|0.3|0.059|9|0|4|0-7|0|1024|1024|1569|3229|272
THREAD|32|5|30680|30700|90001|CrRendererMain|0.884|0.3|0.000|1|4|1|0-7|0|1024|1024|910|1452|151
THREAD|32|6|22534|27086|10192|Chrome_IOThread|0.208|0.0|0.000|2|1|1|0-7|0|1024|1024|892|1827|50
THREAD|32|7|30680|30710|90001|Chrome_ChildIOT|0.090|0.0|0.000|1|4|4|0-7|0|1024|1024|285|609|12
THREAD|32|8|27172|27199|10192|binder:27172_2|0.077|0.0|0.188|2|3|0|0-7|0|1024|1024|180|312|28
THREAD|32|9|30630|9782|10324|binder:30630_7|0.000|0.0|0.000|0|0|0|0-7|0|1024|1024|246|472|239
THREAD|32|10|26538|9612|10195|binder:26538_8|0.000|0.0|0.000|0|0|0|0-7|0|1024|1024|3363|6441|3306
WINDOW|seq=33|t_cs=16143423|wall_ms=280|threads=347|busy_threads=1|total_runtime_ms=0.529|total_runq_wait_ms=0.000|tgids=5032,10622,22534,26538,27172,30630,30680
THREAD|33|1|22534|22534|10192|.android.chrome|0.529|0.1|0.000|3|4|0|0-7|0|1024|1024|1368|3470|149
THREAD|33|2|30630|9782|10324|binder:30630_7|0.000|0.0|0.000|0|0|0|0-7|0|1024|1024|246|472|239
THREAD|33|3|26538|9612|10195|binder:26538_8|0.000|0.0|0.000|0|0|0|0-7|0|1024|1024|3363|6441|3306
THREAD|33|4|26538|9470|10195|binder:26538_B|0.000|0.0|0.000|0|6|6|0-7|0|1024|1024|2531|4304|2105
THREAD|33|5|10622|8513|10201|ExoPlayer:Playb|0.000|0.0|0.000|0|4|4|0-7|0|1024|1024|6463|10331|51
THREAD|33|6|10622|8509|10201|ExoPlayer:Playb|0.000|0.0|0.000|0|1|1|0-7|0|1024|1024|6331|10327|49
THREAD|33|7|26538|8364|10195|IMM.binder-emu|0.000|0.0|0.000|0|2|2|0-7|0|1024|1024|15737|23850|1039
THREAD|33|8|26538|8336|10195|Primes-Jank|0.000|0.0|0.000|0|4|4|0-7|0|1024|1024|16074|23866|1131
THREAD|33|9|5032|7304|10117|DefaultDispatch|0.000|0.0|0.000|0|0|0|0-7|0|1024|1024|536|1320|123
THREAD|33|10|5032|7262|10117|DefaultDispatch|0.000|0.0|0.000|0|5|5|0-7|0|1024|1024|505|1375|93
WINDOW|seq=34|t_cs=16143447|wall_ms=240|threads=347|busy_threads=0|total_runtime_ms=0.000|total_runq_wait_ms=0.000|tgids=5032,10622,22534,26538,27172,30630,30680
THREAD|34|1|30630|9782|10324|binder:30630_7|0.000|0.0|0.000|0|0|0|0-7|0|1024|1024|246|472|239
THREAD|34|2|26538|9612|10195|binder:26538_8|0.000|0.0|0.000|0|0|0|0-7|0|1024|1024|3363|6441|3306
THREAD|34|3|26538|9470|10195|binder:26538_B|0.000|0.0|0.000|0|6|6|0-7|0|1024|1024|2531|4304|2105
THREAD|34|4|10622|8513|10201|ExoPlayer:Playb|0.000|0.0|0.000|0|4|4|0-7|0|1024|1024|6463|10331|51
THREAD|34|5|10622|8509|10201|ExoPlayer:Playb|0.000|0.0|0.000|0|1|1|0-7|0|1024|1024|6331|10327|49
THREAD|34|6|26538|8364|10195|IMM.binder-emu|0.000|0.0|0.000|0|2|2|0-7|0|1024|1024|15737|23850|1039
THREAD|34|7|26538|8336|10195|Primes-Jank|0.000|0.0|0.000|0|4|4|0-7|0|1024|1024|16074|23866|1131
THREAD|34|8|5032|7304|10117|DefaultDispatch|0.000|0.0|0.000|0|0|0|0-7|0|1024|1024|536|1320|123
THREAD|34|9|5032|7262|10117|DefaultDispatch|0.000|0.0|0.000|0|5|5|0-7|0|1024|1024|505|1375|93
THREAD|34|10|26538|5842|10195|glide-active-re|0.000|0.0|0.000|0|3|3|0-7|0|1024|1024|4|8|4
WINDOW|seq=35|t_cs=16143475|wall_ms=280|threads=347|busy_threads=4|total_runtime_ms=0.615|total_runq_wait_ms=0.090|tgids=5032,10622,22534,26538,27172,30630,30680
THREAD|35|1|30680|30705|90001|ThreadPoolServi|0.194|0.0|0.000|1|5|0|0-7|0|1024|1024|5|8|0
THREAD|35|2|27172|27307|10192|CompositorGpuTh|0.191|0.0|0.000|1|0|0|0-7|0|1024|1024|1476|1444|1024
THREAD|35|3|22534|22534|10192|.android.chrome|0.139|0.0|0.000|1|0|1|0-7|0|1024|1024|1369|3471|149
THREAD|35|4|30680|30706|90001|ThreadPoolForeg|0.089|0.0|0.090|1|5|5|0-7|0|1024|1024|129|232|121
THREAD|35|5|30630|9782|10324|binder:30630_7|0.000|0.0|0.000|0|0|0|0-7|0|1024|1024|246|472|239
THREAD|35|6|26538|9612|10195|binder:26538_8|0.000|0.0|0.000|0|0|0|0-7|0|1024|1024|3363|6441|3306
THREAD|35|7|26538|9470|10195|binder:26538_B|0.000|0.0|0.000|0|6|6|0-7|0|1024|1024|2531|4304|2105
THREAD|35|8|10622|8513|10201|ExoPlayer:Playb|0.000|0.0|0.000|0|4|4|0-7|0|1024|1024|6463|10331|51
THREAD|35|9|10622|8509|10201|ExoPlayer:Playb|0.000|0.0|0.000|0|1|1|0-7|0|1024|1024|6331|10327|49
THREAD|35|10|26538|8364|10195|IMM.binder-emu|0.000|0.0|0.000|0|2|2|0-7|0|1024|1024|15737|23850|1039
WINDOW|seq=36|t_cs=16143498|wall_ms=230|threads=347|busy_threads=1|total_runtime_ms=0.128|total_runq_wait_ms=0.000|tgids=5032,10622,22534,26538,27172,30630,30680
THREAD|36|1|22534|22534|10192|.android.chrome|0.128|0.0|0.000|1|1|0|0-7|0|1024|1024|1370|3473|150
THREAD|36|2|30630|9782|10324|binder:30630_7|0.000|0.0|0.000|0|0|0|0-7|0|1024|1024|246|472|239
THREAD|36|3|26538|9612|10195|binder:26538_8|0.000|0.0|0.000|0|0|0|0-7|0|1024|1024|3363|6441|3306
THREAD|36|4|26538|9470|10195|binder:26538_B|0.000|0.0|0.000|0|6|6|0-7|0|1024|1024|2531|4304|2105
THREAD|36|5|10622|8513|10201|ExoPlayer:Playb|0.000|0.0|0.000|0|4|4|0-7|0|1024|1024|6463|10331|51
THREAD|36|6|10622|8509|10201|ExoPlayer:Playb|0.000|0.0|0.000|0|1|1|0-7|0|1024|1024|6331|10327|49
THREAD|36|7|26538|8364|10195|IMM.binder-emu|0.000|0.0|0.000|0|2|2|0-7|0|1024|1024|15737|23850|1039
THREAD|36|8|26538|8336|10195|Primes-Jank|0.000|0.0|0.000|0|4|4|0-7|0|1024|1024|16074|23866|1131
THREAD|36|9|5032|7304|10117|DefaultDispatch|0.000|0.0|0.000|0|0|0|0-7|0|1024|1024|536|1320|123
THREAD|36|10|5032|7262|10117|DefaultDispatch|0.000|0.0|0.000|0|5|5|0-7|0|1024|1024|505|1375|93
WINDOW|seq=37|t_cs=16143525|wall_ms=270|threads=347|busy_threads=2|total_runtime_ms=0.204|total_runq_wait_ms=0.144|tgids=5032,10622,22534,26538,27172,30630,30680
THREAD|37|1|22534|22534|10192|.android.chrome|0.178|0.0|0.144|2|0|0|0-7|0|1024|1024|1370|3473|150
THREAD|37|2|22534|30444|10192|binder:22534_7|0.026|0.0|0.000|1|0|0|0-7|0|1024|1024|40|79|15
THREAD|37|3|30630|9782|10324|binder:30630_7|0.000|0.0|0.000|0|0|0|0-7|0|1024|1024|246|472|239
THREAD|37|4|26538|9612|10195|binder:26538_8|0.000|0.0|0.000|0|0|0|0-7|0|1024|1024|3363|6441|3306
THREAD|37|5|26538|9470|10195|binder:26538_B|0.000|0.0|0.000|0|6|6|0-7|0|1024|1024|2531|4304|2105
THREAD|37|6|10622|8513|10201|ExoPlayer:Playb|0.000|0.0|0.000|0|4|4|0-7|0|1024|1024|6463|10331|51
THREAD|37|7|10622|8509|10201|ExoPlayer:Playb|0.000|0.0|0.000|0|1|1|0-7|0|1024|1024|6331|10327|49
THREAD|37|8|26538|8364|10195|IMM.binder-emu|0.000|0.0|0.000|0|2|2|0-7|0|1024|1024|15737|23850|1039
THREAD|37|9|26538|8336|10195|Primes-Jank|0.000|0.0|0.000|0|4|4|0-7|0|1024|1024|16074|23866|1131
THREAD|37|10|5032|7304|10117|DefaultDispatch|0.000|0.0|0.000|0|0|0|0-7|0|1024|1024|536|1320|123
WINDOW|seq=38|t_cs=16143552|wall_ms=270|threads=347|busy_threads=0|total_runtime_ms=0.000|total_runq_wait_ms=0.000|tgids=5032,10622,22534,26538,27172,30630,30680
THREAD|38|1|30630|9782|10324|binder:30630_7|0.000|0.0|0.000|0|0|0|0-7|0|1024|1024|246|472|239
THREAD|38|2|26538|9612|10195|binder:26538_8|0.000|0.0|0.000|0|0|0|0-7|0|1024|1024|3363|6441|3306
THREAD|38|3|26538|9470|10195|binder:26538_B|0.000|0.0|0.000|0|6|6|0-7|0|1024|1024|2531|4304|2105
THREAD|38|4|10622|8513|10201|ExoPlayer:Playb|0.000|0.0|0.000|0|4|4|0-7|0|1024|1024|6463|10331|51
THREAD|38|5|10622|8509|10201|ExoPlayer:Playb|0.000|0.0|0.000|0|1|1|0-7|0|1024|1024|6331|10327|49
THREAD|38|6|26538|8364|10195|IMM.binder-emu|0.000|0.0|0.000|0|2|2|0-7|0|1024|1024|15737|23850|1039
THREAD|38|7|26538|8336|10195|Primes-Jank|0.000|0.0|0.000|0|4|4|0-7|0|1024|1024|16074|23866|1131
THREAD|38|8|5032|7304|10117|DefaultDispatch|0.000|0.0|0.000|0|0|0|0-7|0|1024|1024|536|1320|123
THREAD|38|9|5032|7262|10117|DefaultDispatch|0.000|0.0|0.000|0|5|5|0-7|0|1024|1024|505|1375|93
THREAD|38|10|26538|5842|10195|glide-active-re|0.000|0.0|0.000|0|3|3|0-7|0|1024|1024|4|8|4
WINDOW|seq=39|t_cs=16143577|wall_ms=250|threads=347|busy_threads=2|total_runtime_ms=0.292|total_runq_wait_ms=0.010|tgids=5032,10622,22534,26538,27172,30630,30680
THREAD|39|1|22534|22534|10192|.android.chrome|0.164|0.0|0.010|2|0|0|0-7|0|1024|1024|1370|3474|151
THREAD|39|2|27172|27307|10192|CompositorGpuTh|0.128|0.0|0.000|1|0|1|0-7|0|1024|1024|1477|1445|1024
THREAD|39|3|30630|9782|10324|binder:30630_7|0.000|0.0|0.000|0|0|0|0-7|0|1024|1024|246|472|239
THREAD|39|4|26538|9612|10195|binder:26538_8|0.000|0.0|0.000|0|0|0|0-7|0|1024|1024|3363|6441|3306
THREAD|39|5|26538|9470|10195|binder:26538_B|0.000|0.0|0.000|0|6|6|0-7|0|1024|1024|2531|4304|2105
THREAD|39|6|10622|8513|10201|ExoPlayer:Playb|0.000|0.0|0.000|0|4|4|0-7|0|1024|1024|6463|10331|51
THREAD|39|7|10622|8509|10201|ExoPlayer:Playb|0.000|0.0|0.000|0|1|1|0-7|0|1024|1024|6331|10327|49
THREAD|39|8|26538|8364|10195|IMM.binder-emu|0.000|0.0|0.000|0|2|2|0-7|0|1024|1024|15737|23850|1039
THREAD|39|9|26538|8336|10195|Primes-Jank|0.000|0.0|0.000|0|4|4|0-7|0|1024|1024|16074|23866|1131
THREAD|39|10|5032|7304|10117|DefaultDispatch|0.000|0.0|0.000|0|0|0|0-7|0|1024|1024|536|1320|123
WINDOW|seq=40|t_cs=16143603|wall_ms=260|threads=347|busy_threads=0|total_runtime_ms=0.000|total_runq_wait_ms=0.000|tgids=5032,10622,22534,26538,27172,30630,30680
THREAD|40|1|30630|9782|10324|binder:30630_7|0.000|0.0|0.000|0|0|0|0-7|0|1024|1024|246|472|239
THREAD|40|2|26538|9612|10195|binder:26538_8|0.000|0.0|0.000|0|0|0|0-7|0|1024|1024|3363|6441|3306
THREAD|40|3|26538|9470|10195|binder:26538_B|0.000|0.0|0.000|0|6|6|0-7|0|1024|1024|2531|4304|2105
THREAD|40|4|10622|8513|10201|ExoPlayer:Playb|0.000|0.0|0.000|0|4|4|0-7|0|1024|1024|6463|10331|51
THREAD|40|5|10622|8509|10201|ExoPlayer:Playb|0.000|0.0|0.000|0|1|1|0-7|0|1024|1024|6331|10327|49
THREAD|40|6|26538|8364|10195|IMM.binder-emu|0.000|0.0|0.000|0|2|2|0-7|0|1024|1024|15737|23850|1039
THREAD|40|7|26538|8336|10195|Primes-Jank|0.000|0.0|0.000|0|4|4|0-7|0|1024|1024|16074|23866|1131
THREAD|40|8|5032|7304|10117|DefaultDispatch|0.000|0.0|0.000|0|0|0|0-7|0|1024|1024|536|1320|123
THREAD|40|9|5032|7262|10117|DefaultDispatch|0.000|0.0|0.000|0|5|5|0-7|0|1024|1024|505|1375|93
THREAD|40|10|26538|5842|10195|glide-active-re|0.000|0.0|0.000|0|3|3|0-7|0|1024|1024|4|8|4
WINDOW|seq=41|t_cs=16143630|wall_ms=270|threads=347|busy_threads=0|total_runtime_ms=0.000|total_runq_wait_ms=0.000|tgids=5032,10622,22534,26538,27172,30630,30680
THREAD|41|1|30630|9782|10324|binder:30630_7|0.000|0.0|0.000|0|0|0|0-7|0|1024|1024|246|472|239
THREAD|41|2|26538|9612|10195|binder:26538_8|0.000|0.0|0.000|0|0|0|0-7|0|1024|1024|3363|6441|3306
THREAD|41|3|26538|9470|10195|binder:26538_B|0.000|0.0|0.000|0|6|6|0-7|0|1024|1024|2531|4304|2105
THREAD|41|4|10622|8513|10201|ExoPlayer:Playb|0.000|0.0|0.000|0|4|4|0-7|0|1024|1024|6463|10331|51
THREAD|41|5|10622|8509|10201|ExoPlayer:Playb|0.000|0.0|0.000|0|1|1|0-7|0|1024|1024|6331|10327|49
THREAD|41|6|26538|8364|10195|IMM.binder-emu|0.000|0.0|0.000|0|2|2|0-7|0|1024|1024|15737|23850|1039
THREAD|41|7|26538|8336|10195|Primes-Jank|0.000|0.0|0.000|0|4|4|0-7|0|1024|1024|16074|23866|1131
THREAD|41|8|5032|7304|10117|DefaultDispatch|0.000|0.0|0.000|0|0|0|0-7|0|1024|1024|536|1320|123
THREAD|41|9|5032|7262|10117|DefaultDispatch|0.000|0.0|0.000|0|5|5|0-7|0|1024|1024|505|1375|93
THREAD|41|10|26538|5842|10195|glide-active-re|0.000|0.0|0.000|0|3|3|0-7|0|1024|1024|4|8|4
WINDOW|seq=42|t_cs=16143655|wall_ms=250|threads=347|busy_threads=0|total_runtime_ms=0.000|total_runq_wait_ms=0.000|tgids=5032,10622,22534,26538,27172,30630,30680
THREAD|42|1|30630|9782|10324|binder:30630_7|0.000|0.0|0.000|0|0|0|0-7|0|1024|1024|246|472|239
THREAD|42|2|26538|9612|10195|binder:26538_8|0.000|0.0|0.000|0|0|0|0-7|0|1024|1024|3363|6441|3306
THREAD|42|3|26538|9470|10195|binder:26538_B|0.000|0.0|0.000|0|6|6|0-7|0|1024|1024|2531|4304|2105
THREAD|42|4|10622|8513|10201|ExoPlayer:Playb|0.000|0.0|0.000|0|4|4|0-7|0|1024|1024|6463|10331|51
THREAD|42|5|10622|8509|10201|ExoPlayer:Playb|0.000|0.0|0.000|0|1|1|0-7|0|1024|1024|6331|10327|49
THREAD|42|6|26538|8364|10195|IMM.binder-emu|0.000|0.0|0.000|0|2|2|0-7|0|1024|1024|15737|23850|1039
THREAD|42|7|26538|8336|10195|Primes-Jank|0.000|0.0|0.000|0|4|4|0-7|0|1024|1024|16074|23866|1131
THREAD|42|8|5032|7304|10117|DefaultDispatch|0.000|0.0|0.000|0|0|0|0-7|0|1024|1024|536|1320|123
THREAD|42|9|5032|7262|10117|DefaultDispatch|0.000|0.0|0.000|0|5|5|0-7|0|1024|1024|505|1375|93
THREAD|42|10|26538|5842|10195|glide-active-re|0.000|0.0|0.000|0|3|3|0-7|0|1024|1024|4|8|4
WINDOW|seq=43|t_cs=16143682|wall_ms=270|threads=347|busy_threads=6|total_runtime_ms=0.559|total_runq_wait_ms=0.275|tgids=5032,10622,22534,26538,27172,30630,30680
THREAD|43|1|22534|26963|10192|ThreadPoolServi|0.223|0.0|0.010|1|5|0|0-7|0|1024|1024|18|33|8
THREAD|43|2|22534|26983|10192|ThreadPoolForeg|0.111|0.0|0.000|1|5|1|0-7|0|1024|1024|340|856|316
THREAD|43|3|22534|22534|10192|.android.chrome|0.088|0.0|0.000|1|0|1|0-7|0|1024|1024|1372|3476|151
THREAD|43|4|27172|27307|10192|CompositorGpuTh|0.059|0.0|0.000|1|1|0|0-7|0|1024|1024|1478|1446|1024
THREAD|43|5|22534|26965|10192|ThreadPoolForeg|0.042|0.0|0.126|1|5|0|0-7|0|1024|1024|685|1653|561
THREAD|43|6|22534|27102|10192|ThreadPoolSingl|0.034|0.0|0.138|1|4|0|0-7|0|1024|1024|34|54|22
THREAD|43|7|30630|9782|10324|binder:30630_7|0.000|0.0|0.000|0|0|0|0-7|0|1024|1024|246|472|239
THREAD|43|8|26538|9612|10195|binder:26538_8|0.000|0.0|0.000|0|0|0|0-7|0|1024|1024|3363|6441|3306
THREAD|43|9|26538|9470|10195|binder:26538_B|0.000|0.0|0.000|0|6|6|0-7|0|1024|1024|2531|4304|2105
THREAD|43|10|10622|8513|10201|ExoPlayer:Playb|0.000|0.0|0.000|0|4|4|0-7|0|1024|1024|6463|10331|51
WINDOW|seq=44|t_cs=16143707|wall_ms=250|threads=347|busy_threads=2|total_runtime_ms=3.957|total_runq_wait_ms=0.529|tgids=5032,10622,22534,26538,27172,30630,30680
THREAD|44|1|22534|26965|10192|ThreadPoolForeg|3.538|1.4|0.529|11|0|0|0-7|0|1024|1024|685|1653|561
THREAD|44|2|22534|22534|10192|.android.chrome|0.418|0.1|0.000|1|1|0|0-7|0|1024|1024|1372|3476|151
THREAD|44|3|30630|9782|10324|binder:30630_7|0.000|0.0|0.000|0|0|0|0-7|0|1024|1024|246|472|239
THREAD|44|4|26538|9612|10195|binder:26538_8|0.000|0.0|0.000|0|0|0|0-7|0|1024|1024|3363|6441|3306
THREAD|44|5|26538|9470|10195|binder:26538_B|0.000|0.0|0.000|0|6|6|0-7|0|1024|1024|2531|4304|2105
THREAD|44|6|10622|8513|10201|ExoPlayer:Playb|0.000|0.0|0.000|0|4|4|0-7|0|1024|1024|6463|10331|51
THREAD|44|7|10622|8509|10201|ExoPlayer:Playb|0.000|0.0|0.000|0|1|1|0-7|0|1024|1024|6331|10327|49
THREAD|44|8|26538|8364|10195|IMM.binder-emu|0.000|0.0|0.000|0|2|2|0-7|0|1024|1024|15737|23850|1039
THREAD|44|9|26538|8336|10195|Primes-Jank|0.000|0.0|0.000|0|4|4|0-7|0|1024|1024|16074|23866|1131
THREAD|44|10|5032|7304|10117|DefaultDispatch|0.000|0.0|0.000|0|0|0|0-7|0|1024|1024|536|1320|123
WINDOW|seq=45|t_cs=16143735|wall_ms=280|threads=347|busy_threads=6|total_runtime_ms=5.943|total_runq_wait_ms=0.158|tgids=5032,10622,22534,26538,27172,30630,30680
THREAD|45|1|22534|27090|10192|NetworkService|4.105|1.4|0.126|4|4|1|0-7|0|1024|1024|509|1311|519
THREAD|45|2|22534|26965|10192|ThreadPoolForeg|0.903|0.3|0.031|5|0|0|0-7|0|1024|1024|687|1658|561
THREAD|45|3|30680|30700|90001|CrRendererMain|0.599|0.2|0.000|3|1|0|0-7|0|1024|1024|911|1455|151
THREAD|45|4|22534|27086|10192|Chrome_IOThread|0.145|0.0|0.000|2|1|4|0-7|0|1024|1024|893|1829|50
THREAD|45|5|22534|22534|10192|.android.chrome|0.098|0.0|0.000|1|0|0|0-7|0|1024|1024|1372|3477|151
THREAD|45|6|30680|30710|90001|Chrome_ChildIOT|0.090|0.0|0.000|1|4|1|0-7|0|1024|1024|286|610|12
THREAD|45|7|30630|9782|10324|binder:30630_7|0.000|0.0|0.000|0|0|0|0-7|0|1024|1024|246|472|239
THREAD|45|8|26538|9612|10195|binder:26538_8|0.000|0.0|0.000|0|0|0|0-7|0|1024|1024|3363|6441|3306
THREAD|45|9|26538|9470|10195|binder:26538_B|0.000|0.0|0.000|0|6|6|0-7|0|1024|1024|2531|4304|2105
THREAD|45|10|10622|8513|10201|ExoPlayer:Playb|0.000|0.0|0.000|0|4|4|0-7|0|1024|1024|6463|10331|51
WINDOW|seq=46|t_cs=16143761|wall_ms=260|threads=347|busy_threads=1|total_runtime_ms=0.309|total_runq_wait_ms=0.000|tgids=5032,10622,22534,26538,27172,30630,30680
THREAD|46|1|30680|30700|90001|CrRendererMain|0.309|0.1|0.000|3|0|0|0-7|0|1024|1024|911|1458|151
THREAD|46|2|30630|9782|10324|binder:30630_7|0.000|0.0|0.000|0|0|0|0-7|0|1024|1024|246|472|239
THREAD|46|3|26538|9612|10195|binder:26538_8|0.000|0.0|0.000|0|0|0|0-7|0|1024|1024|3363|6441|3306
THREAD|46|4|26538|9470|10195|binder:26538_B|0.000|0.0|0.000|0|6|6|0-7|0|1024|1024|2531|4304|2105
THREAD|46|5|10622|8513|10201|ExoPlayer:Playb|0.000|0.0|0.000|0|4|4|0-7|0|1024|1024|6463|10331|51
THREAD|46|6|10622|8509|10201|ExoPlayer:Playb|0.000|0.0|0.000|0|1|1|0-7|0|1024|1024|6331|10327|49
THREAD|46|7|26538|8364|10195|IMM.binder-emu|0.000|0.0|0.000|0|2|2|0-7|0|1024|1024|15737|23850|1039
THREAD|46|8|26538|8336|10195|Primes-Jank|0.000|0.0|0.000|0|4|4|0-7|0|1024|1024|16074|23866|1131
THREAD|46|9|5032|7304|10117|DefaultDispatch|0.000|0.0|0.000|0|0|0|0-7|0|1024|1024|536|1320|123
THREAD|46|10|5032|7262|10117|DefaultDispatch|0.000|0.0|0.000|0|5|5|0-7|0|1024|1024|505|1375|93
WINDOW|seq=47|t_cs=16143787|wall_ms=260|threads=347|busy_threads=0|total_runtime_ms=0.000|total_runq_wait_ms=0.000|tgids=5032,10622,22534,26538,27172,30630,30680
THREAD|47|1|30630|9782|10324|binder:30630_7|0.000|0.0|0.000|0|0|0|0-7|0|1024|1024|246|472|239
THREAD|47|2|26538|9612|10195|binder:26538_8|0.000|0.0|0.000|0|0|0|0-7|0|1024|1024|3363|6441|3306
THREAD|47|3|26538|9470|10195|binder:26538_B|0.000|0.0|0.000|0|6|6|0-7|0|1024|1024|2531|4304|2105
THREAD|47|4|10622|8513|10201|ExoPlayer:Playb|0.000|0.0|0.000|0|4|4|0-7|0|1024|1024|6463|10331|51
THREAD|47|5|10622|8509|10201|ExoPlayer:Playb|0.000|0.0|0.000|0|1|1|0-7|0|1024|1024|6331|10327|49
THREAD|47|6|26538|8364|10195|IMM.binder-emu|0.000|0.0|0.000|0|2|2|0-7|0|1024|1024|15737|23850|1039
THREAD|47|7|26538|8336|10195|Primes-Jank|0.000|0.0|0.000|0|4|4|0-7|0|1024|1024|16074|23866|1131
THREAD|47|8|5032|7304|10117|DefaultDispatch|0.000|0.0|0.000|0|0|0|0-7|0|1024|1024|536|1320|123
THREAD|47|9|5032|7262|10117|DefaultDispatch|0.000|0.0|0.000|0|5|5|0-7|0|1024|1024|505|1375|93
THREAD|47|10|26538|5842|10195|glide-active-re|0.000|0.0|0.000|0|3|3|0-7|0|1024|1024|4|8|4
WINDOW|seq=48|t_cs=16143815|wall_ms=280|threads=347|busy_threads=0|total_runtime_ms=0.000|total_runq_wait_ms=0.000|tgids=5032,10622,22534,26538,27172,30630,30680
THREAD|48|1|30630|9782|10324|binder:30630_7|0.000|0.0|0.000|0|0|0|0-7|0|1024|1024|246|472|239
THREAD|48|2|26538|9612|10195|binder:26538_8|0.000|0.0|0.000|0|0|0|0-7|0|1024|1024|3363|6441|3306
THREAD|48|3|26538|9470|10195|binder:26538_B|0.000|0.0|0.000|0|6|6|0-7|0|1024|1024|2531|4304|2105
THREAD|48|4|10622|8513|10201|ExoPlayer:Playb|0.000|0.0|0.000|0|4|4|0-7|0|1024|1024|6463|10331|51
THREAD|48|5|10622|8509|10201|ExoPlayer:Playb|0.000|0.0|0.000|0|1|1|0-7|0|1024|1024|6331|10327|49
THREAD|48|6|26538|8364|10195|IMM.binder-emu|0.000|0.0|0.000|0|2|2|0-7|0|1024|1024|15737|23850|1039
THREAD|48|7|26538|8336|10195|Primes-Jank|0.000|0.0|0.000|0|4|4|0-7|0|1024|1024|16074|23866|1131
THREAD|48|8|5032|7304|10117|DefaultDispatch|0.000|0.0|0.000|0|0|0|0-7|0|1024|1024|536|1320|123
THREAD|48|9|5032|7262|10117|DefaultDispatch|0.000|0.0|0.000|0|5|5|0-7|0|1024|1024|505|1375|93
THREAD|48|10|26538|5842|10195|glide-active-re|0.000|0.0|0.000|0|3|3|0-7|0|1024|1024|4|8|4
WINDOW|seq=49|t_cs=16143837|wall_ms=220|threads=347|busy_threads=1|total_runtime_ms=0.160|total_runq_wait_ms=0.000|tgids=5032,10622,22534,26538,27172,30630,30680
THREAD|49|1|22534|22534|10192|.android.chrome|0.160|0.0|0.000|1|0|4|0-7|0|1024|1024|1373|3478|151
THREAD|49|2|30630|9782|10324|binder:30630_7|0.000|0.0|0.000|0|0|0|0-7|0|1024|1024|246|472|239
THREAD|49|3|26538|9612|10195|binder:26538_8|0.000|0.0|0.000|0|0|0|0-7|0|1024|1024|3363|6441|3306
THREAD|49|4|26538|9470|10195|binder:26538_B|0.000|0.0|0.000|0|6|6|0-7|0|1024|1024|2531|4304|2105
THREAD|49|5|10622|8513|10201|ExoPlayer:Playb|0.000|0.0|0.000|0|4|4|0-7|0|1024|1024|6463|10331|51
THREAD|49|6|10622|8509|10201|ExoPlayer:Playb|0.000|0.0|0.000|0|1|1|0-7|0|1024|1024|6331|10327|49
THREAD|49|7|26538|8364|10195|IMM.binder-emu|0.000|0.0|0.000|0|2|2|0-7|0|1024|1024|15737|23850|1039
THREAD|49|8|26538|8336|10195|Primes-Jank|0.000|0.0|0.000|0|4|4|0-7|0|1024|1024|16074|23866|1131
THREAD|49|9|5032|7304|10117|DefaultDispatch|0.000|0.0|0.000|0|0|0|0-7|0|1024|1024|536|1320|123
THREAD|49|10|5032|7262|10117|DefaultDispatch|0.000|0.0|0.000|0|5|5|0-7|0|1024|1024|505|1375|93
WINDOW|seq=50|t_cs=16143864|wall_ms=270|threads=347|busy_threads=0|total_runtime_ms=0.000|total_runq_wait_ms=0.000|tgids=5032,10622,22534,26538,27172,30630,30680
THREAD|50|1|30630|9782|10324|binder:30630_7|0.000|0.0|0.000|0|0|0|0-7|0|1024|1024|246|472|239
THREAD|50|2|26538|9612|10195|binder:26538_8|0.000|0.0|0.000|0|0|0|0-7|0|1024|1024|3363|6441|3306
THREAD|50|3|26538|9470|10195|binder:26538_B|0.000|0.0|0.000|0|6|6|0-7|0|1024|1024|2531|4304|2105
THREAD|50|4|10622|8513|10201|ExoPlayer:Playb|0.000|0.0|0.000|0|4|4|0-7|0|1024|1024|6463|10331|51
THREAD|50|5|10622|8509|10201|ExoPlayer:Playb|0.000|0.0|0.000|0|1|1|0-7|0|1024|1024|6331|10327|49
THREAD|50|6|26538|8364|10195|IMM.binder-emu|0.000|0.0|0.000|0|2|2|0-7|0|1024|1024|15737|23850|1039
THREAD|50|7|26538|8336|10195|Primes-Jank|0.000|0.0|0.000|0|4|4|0-7|0|1024|1024|16074|23866|1131
THREAD|50|8|5032|7304|10117|DefaultDispatch|0.000|0.0|0.000|0|0|0|0-7|0|1024|1024|536|1320|123
THREAD|50|9|5032|7262|10117|DefaultDispatch|0.000|0.0|0.000|0|5|5|0-7|0|1024|1024|505|1375|93
THREAD|50|10|26538|5842|10195|glide-active-re|0.000|0.0|0.000|0|3|3|0-7|0|1024|1024|4|8|4
WINDOW|seq=51|t_cs=16143890|wall_ms=260|threads=347|busy_threads=0|total_runtime_ms=0.000|total_runq_wait_ms=0.000|tgids=5032,10622,22534,26538,27172,30630,30680
THREAD|51|1|30630|9782|10324|binder:30630_7|0.000|0.0|0.000|0|0|0|0-7|0|1024|1024|246|472|239
THREAD|51|2|26538|9612|10195|binder:26538_8|0.000|0.0|0.000|0|0|0|0-7|0|1024|1024|3363|6441|3306
THREAD|51|3|26538|9470|10195|binder:26538_B|0.000|0.0|0.000|0|6|6|0-7|0|1024|1024|2531|4304|2105
THREAD|51|4|10622|8513|10201|ExoPlayer:Playb|0.000|0.0|0.000|0|4|4|0-7|0|1024|1024|6463|10331|51
THREAD|51|5|10622|8509|10201|ExoPlayer:Playb|0.000|0.0|0.000|0|1|1|0-7|0|1024|1024|6331|10327|49
THREAD|51|6|26538|8364|10195|IMM.binder-emu|0.000|0.0|0.000|0|2|2|0-7|0|1024|1024|15737|23850|1039
THREAD|51|7|26538|8336|10195|Primes-Jank|0.000|0.0|0.000|0|4|4|0-7|0|1024|1024|16074|23866|1131
THREAD|51|8|5032|7304|10117|DefaultDispatch|0.000|0.0|0.000|0|0|0|0-7|0|1024|1024|536|1320|123
THREAD|51|9|5032|7262|10117|DefaultDispatch|0.000|0.0|0.000|0|5|5|0-7|0|1024|1024|505|1375|93
THREAD|51|10|26538|5842|10195|glide-active-re|0.000|0.0|0.000|0|3|3|0-7|0|1024|1024|4|8|4
WINDOW|seq=52|t_cs=16143917|wall_ms=270|threads=347|busy_threads=0|total_runtime_ms=0.000|total_runq_wait_ms=0.000|tgids=5032,10622,22534,26538,27172,30630,30680
THREAD|52|1|30630|9782|10324|binder:30630_7|0.000|0.0|0.000|0|0|0|0-7|0|1024|1024|246|472|239
THREAD|52|2|26538|9612|10195|binder:26538_8|0.000|0.0|0.000|0|0|0|0-7|0|1024|1024|3363|6441|3306
THREAD|52|3|26538|9470|10195|binder:26538_B|0.000|0.0|0.000|0|6|6|0-7|0|1024|1024|2531|4304|2105
THREAD|52|4|10622|8513|10201|ExoPlayer:Playb|0.000|0.0|0.000|0|4|4|0-7|0|1024|1024|6463|10331|51
THREAD|52|5|10622|8509|10201|ExoPlayer:Playb|0.000|0.0|0.000|0|1|1|0-7|0|1024|1024|6331|10327|49
THREAD|52|6|26538|8364|10195|IMM.binder-emu|0.000|0.0|0.000|0|2|2|0-7|0|1024|1024|15737|23850|1039
THREAD|52|7|26538|8336|10195|Primes-Jank|0.000|0.0|0.000|0|4|4|0-7|0|1024|1024|16074|23866|1131
THREAD|52|8|5032|7304|10117|DefaultDispatch|0.000|0.0|0.000|0|0|0|0-7|0|1024|1024|536|1320|123
THREAD|52|9|5032|7262|10117|DefaultDispatch|0.000|0.0|0.000|0|5|5|0-7|0|1024|1024|505|1375|93
THREAD|52|10|26538|5842|10195|glide-active-re|0.000|0.0|0.000|0|3|3|0-7|0|1024|1024|4|8|4
WINDOW|seq=53|t_cs=16143942|wall_ms=250|threads=347|busy_threads=0|total_runtime_ms=0.000|total_runq_wait_ms=0.000|tgids=5032,10622,22534,26538,27172,30630,30680
THREAD|53|1|30630|9782|10324|binder:30630_7|0.000|0.0|0.000|0|0|0|0-7|0|1024|1024|246|472|239
THREAD|53|2|26538|9612|10195|binder:26538_8|0.000|0.0|0.000|0|0|0|0-7|0|1024|1024|3363|6441|3306
THREAD|53|3|26538|9470|10195|binder:26538_B|0.000|0.0|0.000|0|6|6|0-7|0|1024|1024|2531|4304|2105
THREAD|53|4|10622|8513|10201|ExoPlayer:Playb|0.000|0.0|0.000|0|4|4|0-7|0|1024|1024|6463|10331|51
THREAD|53|5|10622|8509|10201|ExoPlayer:Playb|0.000|0.0|0.000|0|1|1|0-7|0|1024|1024|6331|10327|49
THREAD|53|6|26538|8364|10195|IMM.binder-emu|0.000|0.0|0.000|0|2|2|0-7|0|1024|1024|15737|23850|1039
THREAD|53|7|26538|8336|10195|Primes-Jank|0.000|0.0|0.000|0|4|4|0-7|0|1024|1024|16074|23866|1131
THREAD|53|8|5032|7304|10117|DefaultDispatch|0.000|0.0|0.000|0|0|0|0-7|0|1024|1024|536|1320|123
THREAD|53|9|5032|7262|10117|DefaultDispatch|0.000|0.0|0.000|0|5|5|0-7|0|1024|1024|505|1375|93
THREAD|53|10|26538|5842|10195|glide-active-re|0.000|0.0|0.000|0|3|3|0-7|0|1024|1024|4|8|4
WINDOW|seq=54|t_cs=16143969|wall_ms=270|threads=347|busy_threads=0|total_runtime_ms=0.000|total_runq_wait_ms=0.000|tgids=5032,10622,22534,26538,27172,30630,30680
THREAD|54|1|30630|9782|10324|binder:30630_7|0.000|0.0|0.000|0|0|0|0-7|0|1024|1024|246|472|239
THREAD|54|2|26538|9612|10195|binder:26538_8|0.000|0.0|0.000|0|0|0|0-7|0|1024|1024|3363|6441|3306
THREAD|54|3|26538|9470|10195|binder:26538_B|0.000|0.0|0.000|0|6|6|0-7|0|1024|1024|2531|4304|2105
THREAD|54|4|10622|8513|10201|ExoPlayer:Playb|0.000|0.0|0.000|0|4|4|0-7|0|1024|1024|6463|10331|51
THREAD|54|5|10622|8509|10201|ExoPlayer:Playb|0.000|0.0|0.000|0|1|1|0-7|0|1024|1024|6331|10327|49
THREAD|54|6|26538|8364|10195|IMM.binder-emu|0.000|0.0|0.000|0|2|2|0-7|0|1024|1024|15737|23850|1039
THREAD|54|7|26538|8336|10195|Primes-Jank|0.000|0.0|0.000|0|4|4|0-7|0|1024|1024|16074|23866|1131
THREAD|54|8|5032|7304|10117|DefaultDispatch|0.000|0.0|0.000|0|0|0|0-7|0|1024|1024|536|1320|123
THREAD|54|9|5032|7262|10117|DefaultDispatch|0.000|0.0|0.000|0|5|5|0-7|0|1024|1024|505|1375|93
THREAD|54|10|26538|5842|10195|glide-active-re|0.000|0.0|0.000|0|3|3|0-7|0|1024|1024|4|8|4
WINDOW|seq=55|t_cs=16143994|wall_ms=250|threads=347|busy_threads=0|total_runtime_ms=0.000|total_runq_wait_ms=0.000|tgids=5032,10622,22534,26538,27172,30630,30680
THREAD|55|1|30630|9782|10324|binder:30630_7|0.000|0.0|0.000|0|0|0|0-7|0|1024|1024|246|472|239
THREAD|55|2|26538|9612|10195|binder:26538_8|0.000|0.0|0.000|0|0|0|0-7|0|1024|1024|3363|6441|3306
THREAD|55|3|26538|9470|10195|binder:26538_B|0.000|0.0|0.000|0|6|6|0-7|0|1024|1024|2531|4304|2105
THREAD|55|4|10622|8513|10201|ExoPlayer:Playb|0.000|0.0|0.000|0|4|4|0-7|0|1024|1024|6463|10331|51
THREAD|55|5|10622|8509|10201|ExoPlayer:Playb|0.000|0.0|0.000|0|1|1|0-7|0|1024|1024|6331|10327|49
THREAD|55|6|26538|8364|10195|IMM.binder-emu|0.000|0.0|0.000|0|2|2|0-7|0|1024|1024|15737|23850|1039
THREAD|55|7|26538|8336|10195|Primes-Jank|0.000|0.0|0.000|0|4|4|0-7|0|1024|1024|16074|23866|1131
THREAD|55|8|5032|7304|10117|DefaultDispatch|0.000|0.0|0.000|0|0|0|0-7|0|1024|1024|536|1320|123
THREAD|55|9|5032|7262|10117|DefaultDispatch|0.000|0.0|0.000|0|5|5|0-7|0|1024|1024|505|1375|93
THREAD|55|10|26538|5842|10195|glide-active-re|0.000|0.0|0.000|0|3|3|0-7|0|1024|1024|4|8|4
WINDOW|seq=56|t_cs=16144019|wall_ms=250|threads=347|busy_threads=0|total_runtime_ms=0.000|total_runq_wait_ms=0.000|tgids=5032,10622,22534,26538,27172,30630,30680
THREAD|56|1|30630|9782|10324|binder:30630_7|0.000|0.0|0.000|0|0|0|0-7|0|1024|1024|246|472|239
THREAD|56|2|26538|9612|10195|binder:26538_8|0.000|0.0|0.000|0|0|0|0-7|0|1024|1024|3363|6441|3306
THREAD|56|3|26538|9470|10195|binder:26538_B|0.000|0.0|0.000|0|6|6|0-7|0|1024|1024|2531|4304|2105
THREAD|56|4|10622|8513|10201|ExoPlayer:Playb|0.000|0.0|0.000|0|4|4|0-7|0|1024|1024|6463|10331|51
THREAD|56|5|10622|8509|10201|ExoPlayer:Playb|0.000|0.0|0.000|0|1|1|0-7|0|1024|1024|6331|10327|49
THREAD|56|6|26538|8364|10195|IMM.binder-emu|0.000|0.0|0.000|0|2|2|0-7|0|1024|1024|15737|23850|1039
THREAD|56|7|26538|8336|10195|Primes-Jank|0.000|0.0|0.000|0|4|4|0-7|0|1024|1024|16074|23866|1131
THREAD|56|8|5032|7304|10117|DefaultDispatch|0.000|0.0|0.000|0|0|0|0-7|0|1024|1024|536|1320|123
THREAD|56|9|5032|7262|10117|DefaultDispatch|0.000|0.0|0.000|0|5|5|0-7|0|1024|1024|505|1375|93
THREAD|56|10|26538|5842|10195|glide-active-re|0.000|0.0|0.000|0|3|3|0-7|0|1024|1024|4|8|4
WINDOW|seq=57|t_cs=16144046|wall_ms=270|threads=347|busy_threads=0|total_runtime_ms=0.000|total_runq_wait_ms=0.000|tgids=5032,10622,22534,26538,27172,30630,30680
THREAD|57|1|30630|9782|10324|binder:30630_7|0.000|0.0|0.000|0|0|0|0-7|0|1024|1024|246|472|239
THREAD|57|2|26538|9612|10195|binder:26538_8|0.000|0.0|0.000|0|0|0|0-7|0|1024|1024|3363|6441|3306
THREAD|57|3|26538|9470|10195|binder:26538_B|0.000|0.0|0.000|0|6|6|0-7|0|1024|1024|2531|4304|2105
THREAD|57|4|10622|8513|10201|ExoPlayer:Playb|0.000|0.0|0.000|0|4|4|0-7|0|1024|1024|6463|10331|51
THREAD|57|5|10622|8509|10201|ExoPlayer:Playb|0.000|0.0|0.000|0|1|1|0-7|0|1024|1024|6331|10327|49
THREAD|57|6|26538|8364|10195|IMM.binder-emu|0.000|0.0|0.000|0|2|2|0-7|0|1024|1024|15737|23850|1039
THREAD|57|7|26538|8336|10195|Primes-Jank|0.000|0.0|0.000|0|4|4|0-7|0|1024|1024|16074|23866|1131
THREAD|57|8|5032|7304|10117|DefaultDispatch|0.000|0.0|0.000|0|0|0|0-7|0|1024|1024|536|1320|123
THREAD|57|9|5032|7262|10117|DefaultDispatch|0.000|0.0|0.000|0|5|5|0-7|0|1024|1024|505|1375|93
THREAD|57|10|26538|5842|10195|glide-active-re|0.000|0.0|0.000|0|3|3|0-7|0|1024|1024|4|8|4
WINDOW|seq=58|t_cs=16144072|wall_ms=260|threads=347|busy_threads=0|total_runtime_ms=0.000|total_runq_wait_ms=0.000|tgids=5032,10622,22534,26538,27172,30630,30680
THREAD|58|1|30630|9782|10324|binder:30630_7|0.000|0.0|0.000|0|0|0|0-7|0|1024|1024|246|472|239
THREAD|58|2|26538|9612|10195|binder:26538_8|0.000|0.0|0.000|0|0|0|0-7|0|1024|1024|3363|6441|3306
THREAD|58|3|26538|9470|10195|binder:26538_B|0.000|0.0|0.000|0|6|6|0-7|0|1024|1024|2531|4304|2105
THREAD|58|4|10622|8513|10201|ExoPlayer:Playb|0.000|0.0|0.000|0|4|4|0-7|0|1024|1024|6463|10331|51
THREAD|58|5|10622|8509|10201|ExoPlayer:Playb|0.000|0.0|0.000|0|1|1|0-7|0|1024|1024|6331|10327|49
THREAD|58|6|26538|8364|10195|IMM.binder-emu|0.000|0.0|0.000|0|2|2|0-7|0|1024|1024|15737|23850|1039
THREAD|58|7|26538|8336|10195|Primes-Jank|0.000|0.0|0.000|0|4|4|0-7|0|1024|1024|16074|23866|1131
THREAD|58|8|5032|7304|10117|DefaultDispatch|0.000|0.0|0.000|0|0|0|0-7|0|1024|1024|536|1320|123
THREAD|58|9|5032|7262|10117|DefaultDispatch|0.000|0.0|0.000|0|5|5|0-7|0|1024|1024|505|1375|93
THREAD|58|10|26538|5842|10195|glide-active-re|0.000|0.0|0.000|0|3|3|0-7|0|1024|1024|4|8|4
WINDOW|seq=59|t_cs=16144098|wall_ms=260|threads=347|busy_threads=1|total_runtime_ms=0.060|total_runq_wait_ms=0.000|tgids=5032,10622,22534,26538,27172,30630,30680
THREAD|59|1|22534|27090|10192|NetworkService|0.060|0.0|0.000|1|1|4|0-7|0|1024|1024|510|1312|519
THREAD|59|2|30630|9782|10324|binder:30630_7|0.000|0.0|0.000|0|0|0|0-7|0|1024|1024|246|472|239
THREAD|59|3|26538|9612|10195|binder:26538_8|0.000|0.0|0.000|0|0|0|0-7|0|1024|1024|3363|6441|3306
THREAD|59|4|26538|9470|10195|binder:26538_B|0.000|0.0|0.000|0|6|6|0-7|0|1024|1024|2531|4304|2105
THREAD|59|5|10622|8513|10201|ExoPlayer:Playb|0.000|0.0|0.000|0|4|4|0-7|0|1024|1024|6463|10331|51
THREAD|59|6|10622|8509|10201|ExoPlayer:Playb|0.000|0.0|0.000|0|1|1|0-7|0|1024|1024|6331|10327|49
THREAD|59|7|26538|8364|10195|IMM.binder-emu|0.000|0.0|0.000|0|2|2|0-7|0|1024|1024|15737|23850|1039
THREAD|59|8|26538|8336|10195|Primes-Jank|0.000|0.0|0.000|0|4|4|0-7|0|1024|1024|16074|23866|1131
THREAD|59|9|5032|7304|10117|DefaultDispatch|0.000|0.0|0.000|0|0|0|0-7|0|1024|1024|536|1320|123
THREAD|59|10|5032|7262|10117|DefaultDispatch|0.000|0.0|0.000|0|5|5|0-7|0|1024|1024|505|1375|93
WINDOW|seq=60|t_cs=16144124|wall_ms=260|threads=347|busy_threads=3|total_runtime_ms=4.363|total_runq_wait_ms=0.000|tgids=5032,10622,22534,26538,27172,30630,30680
THREAD|60|1|22534|26965|10192|ThreadPoolForeg|2.376|0.9|0.000|5|0|0|0-7|0|1024|1024|687|1663|561
THREAD|60|2|22534|27090|10192|NetworkService|1.017|0.3|0.000|2|4|1|0-7|0|1024|1024|511|1314|519
THREAD|60|3|22534|22534|10192|.android.chrome|0.969|0.3|0.000|1|4|1|0-7|0|1024|1024|1374|3479|151
THREAD|60|4|30630|9782|10324|binder:30630_7|0.000|0.0|0.000|0|0|0|0-7|0|1024|1024|246|472|239
THREAD|60|5|26538|9612|10195|binder:26538_8|0.000|0.0|0.000|0|0|0|0-7|0|1024|1024|3363|6441|3306
THREAD|60|6|26538|9470|10195|binder:26538_B|0.000|0.0|0.000|0|6|6|0-7|0|1024|1024|2531|4304|2105
THREAD|60|7|10622|8513|10201|ExoPlayer:Playb|0.000|0.0|0.000|0|4|4|0-7|0|1024|1024|6463|10331|51
THREAD|60|8|10622|8509|10201|ExoPlayer:Playb|0.000|0.0|0.000|0|1|1|0-7|0|1024|1024|6331|10327|49
THREAD|60|9|26538|8364|10195|IMM.binder-emu|0.000|0.0|0.000|0|2|2|0-7|0|1024|1024|15737|23850|1039
THREAD|60|10|26538|8336|10195|Primes-Jank|0.000|0.0|0.000|0|4|4|0-7|0|1024|1024|16074|23866|1131
WINDOW|seq=61|t_cs=16144150|wall_ms=260|threads=347|busy_threads=0|total_runtime_ms=0.000|total_runq_wait_ms=0.000|tgids=5032,10622,22534,26538,27172,30630,30680
THREAD|61|1|30630|9782|10324|binder:30630_7|0.000|0.0|0.000|0|0|0|0-7|0|1024|1024|246|472|239
THREAD|61|2|26538|9612|10195|binder:26538_8|0.000|0.0|0.000|0|0|0|0-7|0|1024|1024|3363|6441|3306
THREAD|61|3|26538|9470|10195|binder:26538_B|0.000|0.0|0.000|0|6|6|0-7|0|1024|1024|2531|4304|2105
THREAD|61|4|10622|8513|10201|ExoPlayer:Playb|0.000|0.0|0.000|0|4|4|0-7|0|1024|1024|6463|10331|51
THREAD|61|5|10622|8509|10201|ExoPlayer:Playb|0.000|0.0|0.000|0|1|1|0-7|0|1024|1024|6331|10327|49
THREAD|61|6|26538|8364|10195|IMM.binder-emu|0.000|0.0|0.000|0|2|2|0-7|0|1024|1024|15737|23850|1039
THREAD|61|7|26538|8336|10195|Primes-Jank|0.000|0.0|0.000|0|4|4|0-7|0|1024|1024|16074|23866|1131
THREAD|61|8|5032|7304|10117|DefaultDispatch|0.000|0.0|0.000|0|0|0|0-7|0|1024|1024|536|1320|123
THREAD|61|9|5032|7262|10117|DefaultDispatch|0.000|0.0|0.000|0|5|5|0-7|0|1024|1024|505|1375|93
THREAD|61|10|26538|5842|10195|glide-active-re|0.000|0.0|0.000|0|3|3|0-7|0|1024|1024|4|8|4
WINDOW|seq=62|t_cs=16144177|wall_ms=270|threads=345|busy_threads=0|total_runtime_ms=0.000|total_runq_wait_ms=0.000|tgids=5032,10622,22534,26538,27172,30630,30680
THREAD|62|1|30630|9782|10324|binder:30630_7|0.000|0.0|0.000|0|0|0|0-7|0|1024|1024|246|472|239
THREAD|62|2|26538|9612|10195|binder:26538_8|0.000|0.0|0.000|0|0|0|0-7|0|1024|1024|3363|6441|3306
THREAD|62|3|26538|9470|10195|binder:26538_B|0.000|0.0|0.000|0|6|6|0-7|0|1024|1024|2531|4304|2105
THREAD|62|4|10622|8513|10201|ExoPlayer:Playb|0.000|0.0|0.000|0|4|4|0-7|0|1024|1024|6463|10331|51
THREAD|62|5|10622|8509|10201|ExoPlayer:Playb|0.000|0.0|0.000|0|1|1|0-7|0|1024|1024|6331|10327|49
THREAD|62|6|26538|8364|10195|IMM.binder-emu|0.000|0.0|0.000|0|2|2|0-7|0|1024|1024|15737|23850|1039
THREAD|62|7|26538|8336|10195|Primes-Jank|0.000|0.0|0.000|0|4|4|0-7|0|1024|1024|16074|23866|1131
THREAD|62|8|5032|7304|10117|DefaultDispatch|0.000|0.0|0.000|0|0|0|0-7|0|1024|1024|536|1320|123
THREAD|62|9|5032|7262|10117|DefaultDispatch|0.000|0.0|0.000|0|5|5|0-7|0|1024|1024|505|1375|93
THREAD|62|10|26538|5842|10195|glide-active-re|0.000|0.0|0.000|0|3|3|0-7|0|1024|1024|4|8|4
WINDOW|seq=63|t_cs=16144204|wall_ms=270|threads=340|busy_threads=0|total_runtime_ms=0.000|total_runq_wait_ms=0.000|tgids=5032,10622,22534,26538,27172,30630,30680
THREAD|63|1|30630|9782|10324|binder:30630_7|0.000|0.0|0.000|0|0|0|0-7|0|1024|1024|246|472|239
THREAD|63|2|26538|9612|10195|binder:26538_8|0.000|0.0|0.000|0|0|0|0-7|0|1024|1024|3363|6441|3306
THREAD|63|3|26538|9470|10195|binder:26538_B|0.000|0.0|0.000|0|6|6|0-7|0|1024|1024|2531|4304|2105
THREAD|63|4|10622|8513|10201|ExoPlayer:Playb|0.000|0.0|0.000|0|4|4|0-7|0|1024|1024|6463|10331|51
THREAD|63|5|10622|8509|10201|ExoPlayer:Playb|0.000|0.0|0.000|0|1|1|0-7|0|1024|1024|6331|10327|49
THREAD|63|6|26538|8364|10195|IMM.binder-emu|0.000|0.0|0.000|0|2|2|0-7|0|1024|1024|15737|23850|1039
THREAD|63|7|26538|8336|10195|Primes-Jank|0.000|0.0|0.000|0|4|4|0-7|0|1024|1024|16074|23866|1131
THREAD|63|8|5032|7304|10117|DefaultDispatch|0.000|0.0|0.000|0|0|0|0-7|0|1024|1024|536|1320|123
THREAD|63|9|5032|7262|10117|DefaultDispatch|0.000|0.0|0.000|0|5|5|0-7|0|1024|1024|505|1375|93
THREAD|63|10|26538|5842|10195|glide-active-re|0.000|0.0|0.000|0|3|3|0-7|0|1024|1024|4|8|4
WINDOW|seq=64|t_cs=16144230|wall_ms=260|threads=340|busy_threads=1|total_runtime_ms=0.126|total_runq_wait_ms=0.004|tgids=5032,10622,22534,26538,27172,30630,30680
THREAD|64|1|5032|23781|10117|grpc-timer-0|0.126|0.0|0.004|3|0|1|0-7|0|1024|1024|776|1037|475
THREAD|64|2|30630|9782|10324|binder:30630_7|0.000|0.0|0.000|0|0|0|0-7|0|1024|1024|246|472|239
THREAD|64|3|26538|9612|10195|binder:26538_8|0.000|0.0|0.000|0|0|0|0-7|0|1024|1024|3363|6441|3306
THREAD|64|4|26538|9470|10195|binder:26538_B|0.000|0.0|0.000|0|6|6|0-7|0|1024|1024|2531|4304|2105
THREAD|64|5|10622|8513|10201|ExoPlayer:Playb|0.000|0.0|0.000|0|4|4|0-7|0|1024|1024|6463|10331|51
THREAD|64|6|10622|8509|10201|ExoPlayer:Playb|0.000|0.0|0.000|0|1|1|0-7|0|1024|1024|6331|10327|49
THREAD|64|7|26538|8364|10195|IMM.binder-emu|0.000|0.0|0.000|0|2|2|0-7|0|1024|1024|15737|23850|1039
THREAD|64|8|26538|8336|10195|Primes-Jank|0.000|0.0|0.000|0|4|4|0-7|0|1024|1024|16074|23866|1131
THREAD|64|9|5032|7304|10117|DefaultDispatch|0.000|0.0|0.000|0|0|0|0-7|0|1024|1024|536|1320|123
THREAD|64|10|5032|7262|10117|DefaultDispatch|0.000|0.0|0.000|0|5|5|0-7|0|1024|1024|505|1375|93
WINDOW|seq=65|t_cs=16144257|wall_ms=270|threads=340|busy_threads=0|total_runtime_ms=0.000|total_runq_wait_ms=0.000|tgids=5032,10622,22534,26538,27172,30630,30680
THREAD|65|1|30630|9782|10324|binder:30630_7|0.000|0.0|0.000|0|0|0|0-7|0|1024|1024|246|472|239
THREAD|65|2|26538|9612|10195|binder:26538_8|0.000|0.0|0.000|0|0|0|0-7|0|1024|1024|3363|6441|3306
THREAD|65|3|26538|9470|10195|binder:26538_B|0.000|0.0|0.000|0|6|6|0-7|0|1024|1024|2531|4304|2105
THREAD|65|4|10622|8513|10201|ExoPlayer:Playb|0.000|0.0|0.000|0|4|4|0-7|0|1024|1024|6463|10331|51
THREAD|65|5|10622|8509|10201|ExoPlayer:Playb|0.000|0.0|0.000|0|1|1|0-7|0|1024|1024|6331|10327|49
THREAD|65|6|26538|8364|10195|IMM.binder-emu|0.000|0.0|0.000|0|2|2|0-7|0|1024|1024|15737|23850|1039
THREAD|65|7|26538|8336|10195|Primes-Jank|0.000|0.0|0.000|0|4|4|0-7|0|1024|1024|16074|23866|1131
THREAD|65|8|5032|7304|10117|DefaultDispatch|0.000|0.0|0.000|0|0|0|0-7|0|1024|1024|536|1320|123
THREAD|65|9|5032|7262|10117|DefaultDispatch|0.000|0.0|0.000|0|5|5|0-7|0|1024|1024|505|1375|93
THREAD|65|10|26538|5842|10195|glide-active-re|0.000|0.0|0.000|0|3|3|0-7|0|1024|1024|4|8|4
WINDOW|seq=66|t_cs=16144283|wall_ms=260|threads=340|busy_threads=0|total_runtime_ms=0.000|total_runq_wait_ms=0.000|tgids=5032,10622,22534,26538,27172,30630,30680
THREAD|66|1|30630|9782|10324|binder:30630_7|0.000|0.0|0.000|0|0|0|0-7|0|1024|1024|246|472|239
THREAD|66|2|26538|9612|10195|binder:26538_8|0.000|0.0|0.000|0|0|0|0-7|0|1024|1024|3363|6441|3306
THREAD|66|3|26538|9470|10195|binder:26538_B|0.000|0.0|0.000|0|6|6|0-7|0|1024|1024|2531|4304|2105
THREAD|66|4|10622|8513|10201|ExoPlayer:Playb|0.000|0.0|0.000|0|4|4|0-7|0|1024|1024|6463|10331|51
THREAD|66|5|10622|8509|10201|ExoPlayer:Playb|0.000|0.0|0.000|0|1|1|0-7|0|1024|1024|6331|10327|49
THREAD|66|6|26538|8364|10195|IMM.binder-emu|0.000|0.0|0.000|0|2|2|0-7|0|1024|1024|15737|23850|1039
THREAD|66|7|26538|8336|10195|Primes-Jank|0.000|0.0|0.000|0|4|4|0-7|0|1024|1024|16074|23866|1131
THREAD|66|8|5032|7304|10117|DefaultDispatch|0.000|0.0|0.000|0|0|0|0-7|0|1024|1024|536|1320|123
THREAD|66|9|5032|7262|10117|DefaultDispatch|0.000|0.0|0.000|0|5|5|0-7|0|1024|1024|505|1375|93
THREAD|66|10|26538|5842|10195|glide-active-re|0.000|0.0|0.000|0|3|3|0-7|0|1024|1024|4|8|4
WINDOW|seq=67|t_cs=16144308|wall_ms=250|threads=340|busy_threads=0|total_runtime_ms=0.000|total_runq_wait_ms=0.000|tgids=5032,10622,22534,26538,27172,30630,30680
THREAD|67|1|30630|9782|10324|binder:30630_7|0.000|0.0|0.000|0|0|0|0-7|0|1024|1024|246|472|239
THREAD|67|2|26538|9612|10195|binder:26538_8|0.000|0.0|0.000|0|0|0|0-7|0|1024|1024|3363|6441|3306
THREAD|67|3|26538|9470|10195|binder:26538_B|0.000|0.0|0.000|0|6|6|0-7|0|1024|1024|2531|4304|2105
THREAD|67|4|10622|8513|10201|ExoPlayer:Playb|0.000|0.0|0.000|0|4|4|0-7|0|1024|1024|6463|10331|51
THREAD|67|5|10622|8509|10201|ExoPlayer:Playb|0.000|0.0|0.000|0|1|1|0-7|0|1024|1024|6331|10327|49
THREAD|67|6|26538|8364|10195|IMM.binder-emu|0.000|0.0|0.000|0|2|2|0-7|0|1024|1024|15737|23850|1039
THREAD|67|7|26538|8336|10195|Primes-Jank|0.000|0.0|0.000|0|4|4|0-7|0|1024|1024|16074|23866|1131
THREAD|67|8|5032|7304|10117|DefaultDispatch|0.000|0.0|0.000|0|0|0|0-7|0|1024|1024|536|1320|123
THREAD|67|9|5032|7262|10117|DefaultDispatch|0.000|0.0|0.000|0|5|5|0-7|0|1024|1024|505|1375|93
THREAD|67|10|26538|5842|10195|glide-active-re|0.000|0.0|0.000|0|3|3|0-7|0|1024|1024|4|8|4
WINDOW|seq=68|t_cs=16144334|wall_ms=260|threads=340|busy_threads=0|total_runtime_ms=0.000|total_runq_wait_ms=0.000|tgids=5032,10622,22534,26538,27172,30630,30680
THREAD|68|1|30630|9782|10324|binder:30630_7|0.000|0.0|0.000|0|0|0|0-7|0|1024|1024|246|472|239
THREAD|68|2|26538|9612|10195|binder:26538_8|0.000|0.0|0.000|0|0|0|0-7|0|1024|1024|3363|6441|3306
THREAD|68|3|26538|9470|10195|binder:26538_B|0.000|0.0|0.000|0|6|6|0-7|0|1024|1024|2531|4304|2105
THREAD|68|4|10622|8513|10201|ExoPlayer:Playb|0.000|0.0|0.000|0|4|4|0-7|0|1024|1024|6463|10331|51
THREAD|68|5|10622|8509|10201|ExoPlayer:Playb|0.000|0.0|0.000|0|1|1|0-7|0|1024|1024|6331|10327|49
THREAD|68|6|26538|8364|10195|IMM.binder-emu|0.000|0.0|0.000|0|2|2|0-7|0|1024|1024|15737|23850|1039
THREAD|68|7|26538|8336|10195|Primes-Jank|0.000|0.0|0.000|0|4|4|0-7|0|1024|1024|16074|23866|1131
THREAD|68|8|5032|7304|10117|DefaultDispatch|0.000|0.0|0.000|0|0|0|0-7|0|1024|1024|536|1320|123
THREAD|68|9|5032|7262|10117|DefaultDispatch|0.000|0.0|0.000|0|5|5|0-7|0|1024|1024|505|1375|93
THREAD|68|10|26538|5842|10195|glide-active-re|0.000|0.0|0.000|0|3|3|0-7|0|1024|1024|4|8|4
WINDOW|seq=69|t_cs=16144363|wall_ms=290|threads=340|busy_threads=0|total_runtime_ms=0.000|total_runq_wait_ms=0.000|tgids=5032,10622,22534,26538,27172,30630,30680
THREAD|69|1|30630|9782|10324|binder:30630_7|0.000|0.0|0.000|0|0|0|0-7|0|1024|1024|246|472|239
THREAD|69|2|26538|9612|10195|binder:26538_8|0.000|0.0|0.000|0|0|0|0-7|0|1024|1024|3363|6441|3306
THREAD|69|3|26538|9470|10195|binder:26538_B|0.000|0.0|0.000|0|6|6|0-7|0|1024|1024|2531|4304|2105
THREAD|69|4|10622|8513|10201|ExoPlayer:Playb|0.000|0.0|0.000|0|4|4|0-7|0|1024|1024|6463|10331|51
THREAD|69|5|10622|8509|10201|ExoPlayer:Playb|0.000|0.0|0.000|0|1|1|0-7|0|1024|1024|6331|10327|49
THREAD|69|6|26538|8364|10195|IMM.binder-emu|0.000|0.0|0.000|0|2|2|0-7|0|1024|1024|15737|23850|1039
THREAD|69|7|26538|8336|10195|Primes-Jank|0.000|0.0|0.000|0|4|4|0-7|0|1024|1024|16074|23866|1131
THREAD|69|8|5032|7304|10117|DefaultDispatch|0.000|0.0|0.000|0|0|0|0-7|0|1024|1024|536|1320|123
THREAD|69|9|5032|7262|10117|DefaultDispatch|0.000|0.0|0.000|0|5|5|0-7|0|1024|1024|505|1375|93
THREAD|69|10|26538|5842|10195|glide-active-re|0.000|0.0|0.000|0|3|3|0-7|0|1024|1024|4|8|4
WINDOW|seq=70|t_cs=16144387|wall_ms=240|threads=340|busy_threads=0|total_runtime_ms=0.000|total_runq_wait_ms=0.000|tgids=5032,10622,22534,26538,27172,30630,30680
THREAD|70|1|30630|9782|10324|binder:30630_7|0.000|0.0|0.000|0|0|0|0-7|0|1024|1024|246|472|239
THREAD|70|2|26538|9612|10195|binder:26538_8|0.000|0.0|0.000|0|0|0|0-7|0|1024|1024|3363|6441|3306
THREAD|70|3|26538|9470|10195|binder:26538_B|0.000|0.0|0.000|0|6|6|0-7|0|1024|1024|2531|4304|2105
THREAD|70|4|10622|8513|10201|ExoPlayer:Playb|0.000|0.0|0.000|0|4|4|0-7|0|1024|1024|6463|10331|51
THREAD|70|5|10622|8509|10201|ExoPlayer:Playb|0.000|0.0|0.000|0|1|1|0-7|0|1024|1024|6331|10327|49
THREAD|70|6|26538|8364|10195|IMM.binder-emu|0.000|0.0|0.000|0|2|2|0-7|0|1024|1024|15737|23850|1039
THREAD|70|7|26538|8336|10195|Primes-Jank|0.000|0.0|0.000|0|4|4|0-7|0|1024|1024|16074|23866|1131
THREAD|70|8|5032|7304|10117|DefaultDispatch|0.000|0.0|0.000|0|0|0|0-7|0|1024|1024|536|1320|123
THREAD|70|9|5032|7262|10117|DefaultDispatch|0.000|0.0|0.000|0|5|5|0-7|0|1024|1024|505|1375|93
THREAD|70|10|26538|5842|10195|glide-active-re|0.000|0.0|0.000|0|3|3|0-7|0|1024|1024|4|8|4
WINDOW|seq=71|t_cs=16144412|wall_ms=250|threads=340|busy_threads=0|total_runtime_ms=0.000|total_runq_wait_ms=0.000|tgids=5032,10622,22534,26538,27172,30630,30680
THREAD|71|1|30630|9782|10324|binder:30630_7|0.000|0.0|0.000|0|0|0|0-7|0|1024|1024|246|472|239
THREAD|71|2|26538|9612|10195|binder:26538_8|0.000|0.0|0.000|0|0|0|0-7|0|1024|1024|3363|6441|3306
THREAD|71|3|26538|9470|10195|binder:26538_B|0.000|0.0|0.000|0|6|6|0-7|0|1024|1024|2531|4304|2105
THREAD|71|4|10622|8513|10201|ExoPlayer:Playb|0.000|0.0|0.000|0|4|4|0-7|0|1024|1024|6463|10331|51
THREAD|71|5|10622|8509|10201|ExoPlayer:Playb|0.000|0.0|0.000|0|1|1|0-7|0|1024|1024|6331|10327|49
THREAD|71|6|26538|8364|10195|IMM.binder-emu|0.000|0.0|0.000|0|2|2|0-7|0|1024|1024|15737|23850|1039
THREAD|71|7|26538|8336|10195|Primes-Jank|0.000|0.0|0.000|0|4|4|0-7|0|1024|1024|16074|23866|1131
THREAD|71|8|5032|7304|10117|DefaultDispatch|0.000|0.0|0.000|0|0|0|0-7|0|1024|1024|536|1320|123
THREAD|71|9|5032|7262|10117|DefaultDispatch|0.000|0.0|0.000|0|5|5|0-7|0|1024|1024|505|1375|93
THREAD|71|10|26538|5842|10195|glide-active-re|0.000|0.0|0.000|0|3|3|0-7|0|1024|1024|4|8|4
WINDOW|seq=72|t_cs=16144439|wall_ms=270|threads=340|busy_threads=0|total_runtime_ms=0.000|total_runq_wait_ms=0.000|tgids=5032,10622,22534,26538,27172,30630,30680
THREAD|72|1|30630|9782|10324|binder:30630_7|0.000|0.0|0.000|0|0|0|0-7|0|1024|1024|246|472|239
THREAD|72|2|26538|9612|10195|binder:26538_8|0.000|0.0|0.000|0|0|0|0-7|0|1024|1024|3363|6441|3306
THREAD|72|3|26538|9470|10195|binder:26538_B|0.000|0.0|0.000|0|6|6|0-7|0|1024|1024|2531|4304|2105
THREAD|72|4|10622|8513|10201|ExoPlayer:Playb|0.000|0.0|0.000|0|4|4|0-7|0|1024|1024|6463|10331|51
THREAD|72|5|10622|8509|10201|ExoPlayer:Playb|0.000|0.0|0.000|0|1|1|0-7|0|1024|1024|6331|10327|49
THREAD|72|6|26538|8364|10195|IMM.binder-emu|0.000|0.0|0.000|0|2|2|0-7|0|1024|1024|15737|23850|1039
THREAD|72|7|26538|8336|10195|Primes-Jank|0.000|0.0|0.000|0|4|4|0-7|0|1024|1024|16074|23866|1131
THREAD|72|8|5032|7304|10117|DefaultDispatch|0.000|0.0|0.000|0|0|0|0-7|0|1024|1024|536|1320|123
THREAD|72|9|5032|7262|10117|DefaultDispatch|0.000|0.0|0.000|0|5|5|0-7|0|1024|1024|505|1375|93
THREAD|72|10|26538|5842|10195|glide-active-re|0.000|0.0|0.000|0|3|3|0-7|0|1024|1024|4|8|4
WINDOW|seq=73|t_cs=16144467|wall_ms=280|threads=340|busy_threads=0|total_runtime_ms=0.000|total_runq_wait_ms=0.000|tgids=5032,10622,22534,26538,27172,30630,30680
THREAD|73|1|30630|9782|10324|binder:30630_7|0.000|0.0|0.000|0|0|0|0-7|0|1024|1024|246|472|239
THREAD|73|2|26538|9612|10195|binder:26538_8|0.000|0.0|0.000|0|0|0|0-7|0|1024|1024|3363|6441|3306
THREAD|73|3|26538|9470|10195|binder:26538_B|0.000|0.0|0.000|0|6|6|0-7|0|1024|1024|2531|4304|2105
THREAD|73|4|10622|8513|10201|ExoPlayer:Playb|0.000|0.0|0.000|0|4|4|0-7|0|1024|1024|6463|10331|51
THREAD|73|5|10622|8509|10201|ExoPlayer:Playb|0.000|0.0|0.000|0|1|1|0-7|0|1024|1024|6331|10327|49
THREAD|73|6|26538|8364|10195|IMM.binder-emu|0.000|0.0|0.000|0|2|2|0-7|0|1024|1024|15737|23850|1039
THREAD|73|7|26538|8336|10195|Primes-Jank|0.000|0.0|0.000|0|4|4|0-7|0|1024|1024|16074|23866|1131
THREAD|73|8|5032|7304|10117|DefaultDispatch|0.000|0.0|0.000|0|0|0|0-7|0|1024|1024|536|1320|123
THREAD|73|9|5032|7262|10117|DefaultDispatch|0.000|0.0|0.000|0|5|5|0-7|0|1024|1024|505|1375|93
THREAD|73|10|26538|5842|10195|glide-active-re|0.000|0.0|0.000|0|3|3|0-7|0|1024|1024|4|8|4
WINDOW|seq=74|t_cs=16144493|wall_ms=260|threads=340|busy_threads=0|total_runtime_ms=0.000|total_runq_wait_ms=0.000|tgids=5032,10622,22534,26538,27172,30630,30680
THREAD|74|1|30630|9782|10324|binder:30630_7|0.000|0.0|0.000|0|0|0|0-7|0|1024|1024|246|472|239
THREAD|74|2|26538|9612|10195|binder:26538_8|0.000|0.0|0.000|0|0|0|0-7|0|1024|1024|3363|6441|3306
THREAD|74|3|26538|9470|10195|binder:26538_B|0.000|0.0|0.000|0|6|6|0-7|0|1024|1024|2531|4304|2105
THREAD|74|4|10622|8513|10201|ExoPlayer:Playb|0.000|0.0|0.000|0|4|4|0-7|0|1024|1024|6463|10331|51
THREAD|74|5|10622|8509|10201|ExoPlayer:Playb|0.000|0.0|0.000|0|1|1|0-7|0|1024|1024|6331|10327|49
THREAD|74|6|26538|8364|10195|IMM.binder-emu|0.000|0.0|0.000|0|2|2|0-7|0|1024|1024|15737|23850|1039
THREAD|74|7|26538|8336|10195|Primes-Jank|0.000|0.0|0.000|0|4|4|0-7|0|1024|1024|16074|23866|1131
THREAD|74|8|5032|7304|10117|DefaultDispatch|0.000|0.0|0.000|0|0|0|0-7|0|1024|1024|536|1320|123
THREAD|74|9|5032|7262|10117|DefaultDispatch|0.000|0.0|0.000|0|5|5|0-7|0|1024|1024|505|1375|93
THREAD|74|10|26538|5842|10195|glide-active-re|0.000|0.0|0.000|0|3|3|0-7|0|1024|1024|4|8|4
WINDOW|seq=75|t_cs=16144519|wall_ms=260|threads=340|busy_threads=2|total_runtime_ms=1.442|total_runq_wait_ms=2.019|tgids=5032,10622,22534,26538,27172,30630,30680
THREAD|75|1|22534|27090|10192|NetworkService|1.267|0.4|2.019|3|1|4|0-7|0|1024|1024|517|1328|523
THREAD|75|2|22534|22534|10192|.android.chrome|0.175|0.0|0.000|1|1|4|0-7|0|1024|1024|1379|3486|151
THREAD|75|3|30630|9782|10324|binder:30630_7|0.000|0.0|0.000|0|0|0|0-7|0|1024|1024|246|472|239
THREAD|75|4|26538|9612|10195|binder:26538_8|0.000|0.0|0.000|0|0|0|0-7|0|1024|1024|3363|6441|3306
THREAD|75|5|26538|9470|10195|binder:26538_B|0.000|0.0|0.000|0|6|6|0-7|0|1024|1024|2531|4304|2105
THREAD|75|6|10622|8513|10201|ExoPlayer:Playb|0.000|0.0|0.000|0|4|4|0-7|0|1024|1024|6463|10331|51
THREAD|75|7|10622|8509|10201|ExoPlayer:Playb|0.000|0.0|0.000|0|1|1|0-7|0|1024|1024|6331|10327|49
THREAD|75|8|26538|8364|10195|IMM.binder-emu|0.000|0.0|0.000|0|2|2|0-7|0|1024|1024|15737|23850|1039
THREAD|75|9|26538|8336|10195|Primes-Jank|0.000|0.0|0.000|0|4|4|0-7|0|1024|1024|16074|23866|1131
THREAD|75|10|5032|7304|10117|DefaultDispatch|0.000|0.0|0.000|0|0|0|0-7|0|1024|1024|536|1320|123
WINDOW|seq=76|t_cs=16144545|wall_ms=260|threads=340|busy_threads=3|total_runtime_ms=8.577|total_runq_wait_ms=0.571|tgids=5032,10622,22534,26538,27172,30630,30680
THREAD|76|1|22534|27090|10192|NetworkService|4.930|1.8|0.552|17|4|0|0-7|0|1024|1024|519|1330|523
THREAD|76|2|22534|26965|10192|ThreadPoolForeg|2.282|0.8|0.019|3|0|5|0-7|0|1024|1024|688|1666|561
THREAD|76|3|22534|22534|10192|.android.chrome|1.363|0.5|0.000|6|4|4|0-7|0|1024|1024|1379|3486|151
THREAD|76|4|30630|9782|10324|binder:30630_7|0.000|0.0|0.000|0|0|0|0-7|0|1024|1024|246|472|239
THREAD|76|5|26538|9612|10195|binder:26538_8|0.000|0.0|0.000|0|0|0|0-7|0|1024|1024|3363|6441|3306
THREAD|76|6|26538|9470|10195|binder:26538_B|0.000|0.0|0.000|0|6|6|0-7|0|1024|1024|2531|4304|2105
THREAD|76|7|10622|8513|10201|ExoPlayer:Playb|0.000|0.0|0.000|0|4|4|0-7|0|1024|1024|6463|10331|51
THREAD|76|8|10622|8509|10201|ExoPlayer:Playb|0.000|0.0|0.000|0|1|1|0-7|0|1024|1024|6331|10327|49
THREAD|76|9|26538|8364|10195|IMM.binder-emu|0.000|0.0|0.000|0|2|2|0-7|0|1024|1024|15737|23850|1039
THREAD|76|10|26538|8336|10195|Primes-Jank|0.000|0.0|0.000|0|4|4|0-7|0|1024|1024|16074|23866|1131
WINDOW|seq=77|t_cs=16144570|wall_ms=250|threads=340|busy_threads=0|total_runtime_ms=0.000|total_runq_wait_ms=0.000|tgids=5032,10622,22534,26538,27172,30630,30680
THREAD|77|1|30630|9782|10324|binder:30630_7|0.000|0.0|0.000|0|0|0|0-7|0|1024|1024|246|472|239
THREAD|77|2|26538|9612|10195|binder:26538_8|0.000|0.0|0.000|0|0|0|0-7|0|1024|1024|3363|6441|3306
THREAD|77|3|26538|9470|10195|binder:26538_B|0.000|0.0|0.000|0|6|6|0-7|0|1024|1024|2531|4304|2105
THREAD|77|4|10622|8513|10201|ExoPlayer:Playb|0.000|0.0|0.000|0|4|4|0-7|0|1024|1024|6463|10331|51
THREAD|77|5|10622|8509|10201|ExoPlayer:Playb|0.000|0.0|0.000|0|1|1|0-7|0|1024|1024|6331|10327|49
THREAD|77|6|26538|8364|10195|IMM.binder-emu|0.000|0.0|0.000|0|2|2|0-7|0|1024|1024|15737|23850|1039
THREAD|77|7|26538|8336|10195|Primes-Jank|0.000|0.0|0.000|0|4|4|0-7|0|1024|1024|16074|23866|1131
THREAD|77|8|5032|7304|10117|DefaultDispatch|0.000|0.0|0.000|0|0|0|0-7|0|1024|1024|536|1320|123
THREAD|77|9|5032|7262|10117|DefaultDispatch|0.000|0.0|0.000|0|5|5|0-7|0|1024|1024|505|1375|93
THREAD|77|10|26538|5842|10195|glide-active-re|0.000|0.0|0.000|0|3|3|0-7|0|1024|1024|4|8|4
WINDOW|seq=78|t_cs=16144597|wall_ms=270|threads=340|busy_threads=2|total_runtime_ms=3.573|total_runq_wait_ms=0.037|tgids=5032,10622,22534,26538,27172,30630,30680
THREAD|78|1|22534|26965|10192|ThreadPoolForeg|3.496|1.2|0.037|4|5|0|0-7|0|1024|1024|689|1670|561
THREAD|78|2|22534|26963|10192|ThreadPoolServi|0.076|0.0|0.000|1|0|0|0-7|0|1024|1024|18|34|8
THREAD|78|3|30630|9782|10324|binder:30630_7|0.000|0.0|0.000|0|0|0|0-7|0|1024|1024|246|472|239
THREAD|78|4|26538|9612|10195|binder:26538_8|0.000|0.0|0.000|0|0|0|0-7|0|1024|1024|3363|6441|3306
THREAD|78|5|26538|9470|10195|binder:26538_B|0.000|0.0|0.000|0|6|6|0-7|0|1024|1024|2531|4304|2105
THREAD|78|6|10622|8513|10201|ExoPlayer:Playb|0.000|0.0|0.000|0|4|4|0-7|0|1024|1024|6463|10331|51
THREAD|78|7|10622|8509|10201|ExoPlayer:Playb|0.000|0.0|0.000|0|1|1|0-7|0|1024|1024|6331|10327|49
THREAD|78|8|26538|8364|10195|IMM.binder-emu|0.000|0.0|0.000|0|2|2|0-7|0|1024|1024|15737|23850|1039
THREAD|78|9|26538|8336|10195|Primes-Jank|0.000|0.0|0.000|0|4|4|0-7|0|1024|1024|16074|23866|1131
THREAD|78|10|5032|7304|10117|DefaultDispatch|0.000|0.0|0.000|0|0|0|0-7|0|1024|1024|536|1320|123
WINDOW|seq=79|t_cs=16144624|wall_ms=270|threads=340|busy_threads=8|total_runtime_ms=38.873|total_runq_wait_ms=21.284|tgids=5032,10622,22534,26538,27172,30630,30680
THREAD|79|1|30680|30700|90001|CrRendererMain|16.855|6.2|0.031|17|0|1|0-7|0|1024|1024|915|1473|153
THREAD|79|2|30680|30708|90001|ThreadPoolForeg|9.326|3.4|0.332|15|0|2|0-7|0|1024|1024|14|24|8
THREAD|79|3|30680|30706|90001|ThreadPoolForeg|5.821|2.1|8.468|17|5|3|0-7|0|1024|1024|136|249|121
THREAD|79|4|30680|30750|90001|ThreadPoolForeg|4.555|1.6|4.148|11|0|2|0-7|0|1024|1024|7|9|3
THREAD|79|5|30680|30707|90001|ThreadPoolForeg|1.823|0.6|8.111|13|2|0|0-7|0|1024|1024|38|67|20
THREAD|79|6|22534|27090|10192|NetworkService|0.306|0.1|0.000|1|0|0|0-7|0|1024|1024|519|1331|523
THREAD|79|7|30680|30710|90001|Chrome_ChildIOT|0.163|0.0|0.000|3|1|2|0-7|0|1024|1024|288|613|12
THREAD|79|8|30680|30705|90001|ThreadPoolServi|0.021|0.0|0.191|1|0|2|0-7|0|1024|1024|6|9|0
THREAD|79|9|30630|9782|10324|binder:30630_7|0.000|0.0|0.000|0|0|0|0-7|0|1024|1024|246|472|239
THREAD|79|10|26538|9612|10195|binder:26538_8|0.000|0.0|0.000|0|0|0|0-7|0|1024|1024|3363|6441|3306
WINDOW|seq=80|t_cs=16144648|wall_ms=240|threads=343|busy_threads=5|total_runtime_ms=1.355|total_runq_wait_ms=0.000|tgids=5032,10622,22534,26538,27172,30630,30680
THREAD|80|1|22534|27086|10192|Chrome_IOThread|0.601|0.2|0.000|5|4|5|0-7|0|1024|1024|894|1834|50
THREAD|80|2|27172|27239|10192|CrGpuMain|0.305|0.1|0.000|1|5|0|0-7|0|1024|1024|318|534|62
THREAD|80|3|30680|30700|90001|CrRendererMain|0.175|0.0|0.000|1|1|1|0-7|0|1024|1024|915|1474|153
THREAD|80|4|22534|22534|10192|.android.chrome|0.158|0.0|0.000|2|4|0|0-7|0|1024|1024|1381|3488|151
THREAD|80|5|30680|30712|90001|Compositor|0.113|0.0|0.000|1|4|0|0-7|0|1024|1024|1570|3230|272
THREAD|80|6|30630|9782|10324|binder:30630_7|0.000|0.0|0.000|0|0|0|0-7|0|1024|1024|246|472|239
THREAD|80|7|26538|9612|10195|binder:26538_8|0.000|0.0|0.000|0|0|0|0-7|0|1024|1024|3363|6441|3306
THREAD|80|8|26538|9470|10195|binder:26538_B|0.000|0.0|0.000|0|6|6|0-7|0|1024|1024|2531|4304|2105
THREAD|80|9|10622|8513|10201|ExoPlayer:Playb|0.000|0.0|0.000|0|4|4|0-7|0|1024|1024|6463|10331|51
THREAD|80|10|10622|8509|10201|ExoPlayer:Playb|0.000|0.0|0.000|0|1|1|0-7|0|1024|1024|6331|10327|49
WINDOW|seq=81|t_cs=16144676|wall_ms=280|threads=343|busy_threads=3|total_runtime_ms=3.753|total_runq_wait_ms=0.254|tgids=5032,10622,22534,26538,27172,30630,30680
THREAD|81|1|22534|22534|10192|.android.chrome|2.805|1.0|0.010|3|0|0|0-7|0|1024|1024|1381|3491|152
THREAD|81|2|22534|26965|10192|ThreadPoolForeg|0.784|0.2|0.020|2|0|4|0-7|0|1024|1024|690|1672|561
THREAD|81|3|22534|26963|10192|ThreadPoolServi|0.163|0.0|0.223|1|0|1|0-7|0|1024|1024|19|35|8
THREAD|81|4|30630|9782|10324|binder:30630_7|0.000|0.0|0.000|0|0|0|0-7|0|1024|1024|246|472|239
THREAD|81|5|26538|9612|10195|binder:26538_8|0.000|0.0|0.000|0|0|0|0-7|0|1024|1024|3363|6441|3306
THREAD|81|6|26538|9470|10195|binder:26538_B|0.000|0.0|0.000|0|6|6|0-7|0|1024|1024|2531|4304|2105
THREAD|81|7|10622|8513|10201|ExoPlayer:Playb|0.000|0.0|0.000|0|4|4|0-7|0|1024|1024|6463|10331|51
THREAD|81|8|10622|8509|10201|ExoPlayer:Playb|0.000|0.0|0.000|0|1|1|0-7|0|1024|1024|6331|10327|49
THREAD|81|9|26538|8364|10195|IMM.binder-emu|0.000|0.0|0.000|0|2|2|0-7|0|1024|1024|15737|23850|1039
THREAD|81|10|26538|8336|10195|Primes-Jank|0.000|0.0|0.000|0|4|4|0-7|0|1024|1024|16074|23866|1131
WINDOW|seq=82|t_cs=16144703|wall_ms=270|threads=340|busy_threads=10|total_runtime_ms=58.758|total_runq_wait_ms=2.484|tgids=5032,10622,22534,26538,27172,30630,30680
THREAD|82|1|22534|26965|10192|ThreadPoolForeg|23.004|8.5|0.470|13|4|4|0-7|0|1024|1024|696|1679|567
THREAD|82|2|22534|26983|10192|ThreadPoolForeg|16.792|6.2|0.150|14|1|5|0-7|0|1024|1024|342|869|317
THREAD|82|3|22534|27090|10192|NetworkService|11.033|4.0|1.774|24|0|4|0-7|0|1024|1024|531|1347|533
THREAD|82|4|22534|22534|10192|.android.chrome|5.637|2.0|0.057|9|0|1|0-7|0|1024|1024|1384|3500|152
THREAD|82|5|22534|27086|10192|Chrome_IOThread|0.901|0.3|0.000|6|5|0|0-7|0|1024|1024|895|1840|50
THREAD|82|6|30680|30700|90001|CrRendererMain|0.613|0.2|0.000|1|1|0|0-7|0|1024|1024|916|1475|153
THREAD|82|7|22534|26963|10192|ThreadPoolServi|0.304|0.1|0.000|2|1|0|0-7|0|1024|1024|20|37|8
THREAD|82|8|22534|27102|10192|ThreadPoolSingl|0.183|0.0|0.031|1|0|0|0-7|0|1024|1024|34|55|22
THREAD|82|9|22534|27105|10192|DefaultDispatch|0.144|0.0|0.000|1|3|4|0-7|0|1024|1024|3|6|6
THREAD|82|10|22534|27104|10192|DefaultDispatch|0.143|0.0|0.000|1|5|5|0-7|0|1024|1024|1|3|1
WINDOW|seq=83|t_cs=16144729|wall_ms=260|threads=340|busy_threads=11|total_runtime_ms=6.219|total_runq_wait_ms=1.362|tgids=5032,10622,22534,26538,27172,30630,30680
THREAD|83|1|22534|27090|10192|NetworkService|4.149|1.5|0.021|3|4|4|0-7|0|1024|1024|531|1348|533
THREAD|83|2|27172|27239|10192|CrGpuMain|0.795|0.3|0.008|2|0|0|0-7|0|1024|1024|318|535|63
THREAD|83|3|5032|23781|10117|grpc-timer-0|0.610|0.2|0.299|3|1|5|0-7|0|1024|1024|778|1039|476
THREAD|83|4|5032|5032|10117|.android.aicore|0.207|0.0|0.172|2|0|5|0-7|0|1024|1024|11251|20993|764
THREAD|83|5|5032|5054|10117|binder:5032_2|0.129|0.0|0.092|3|4|1|0-7|0|1024|1024|574|937|361
THREAD|83|6|22534|22534|10192|.android.chrome|0.100|0.0|0.007|1|1|0|0-7|0|1024|1024|1384|3500|152
THREAD|83|7|27172|27301|10192|ThreadPoolServi|0.075|0.0|0.051|1|2|0|0-7|0|1024|1024|13|12|6
THREAD|83|8|27172|27250|10192|GpuWatchdog|0.062|0.0|0.000|1|4|4|0-7|0|1024|1024|5|8|1
THREAD|83|9|27172|27310|10192|GpuWatchdog_Com|0.061|0.0|0.000|1|1|0|0-7|0|1024|1024|4|5|4
THREAD|83|10|5032|5052|10117|binder:5032_1|0.020|0.0|0.246|1|3|5|0-7|0|1024|1024|720|1174|524
WINDOW|seq=84|t_cs=16144755|wall_ms=260|threads=340|busy_threads=5|total_runtime_ms=8.100|total_runq_wait_ms=0.625|tgids=5032,10622,22534,26538,27172,30630,30680
THREAD|84|1|22534|27090|10192|NetworkService|3.578|1.3|0.425|5|4|1|0-7|0|1024|1024|533|1349|537
THREAD|84|2|22534|26965|10192|ThreadPoolForeg|2.972|1.1|0.058|3|4|0|0-7|0|1024|1024|698|1681|568
THREAD|84|3|27172|27239|10192|CrGpuMain|0.752|0.2|0.112|1|0|5|0-7|0|1024|1024|319|536|63
THREAD|84|4|22534|27102|10192|ThreadPoolSingl|0.702|0.2|0.028|2|0|0|0-7|0|1024|1024|34|57|22
THREAD|84|5|22534|26963|10192|ThreadPoolServi|0.095|0.0|0.000|1|0|0|0-7|0|1024|1024|20|38|8
THREAD|84|6|30630|9782|10324|binder:30630_7|0.000|0.0|0.000|0|0|0|0-7|0|1024|1024|246|472|239
THREAD|84|7|26538|9612|10195|binder:26538_8|0.000|0.0|0.000|0|0|0|0-7|0|1024|1024|3363|6441|3306
THREAD|84|8|26538|9470|10195|binder:26538_B|0.000|0.0|0.000|0|6|6|0-7|0|1024|1024|2531|4304|2105
THREAD|84|9|10622|8513|10201|ExoPlayer:Playb|0.000|0.0|0.000|0|4|4|0-7|0|1024|1024|6463|10331|51
THREAD|84|10|10622|8509|10201|ExoPlayer:Playb|0.000|0.0|0.000|0|1|1|0-7|0|1024|1024|6331|10327|49
WINDOW|seq=85|t_cs=16144781|wall_ms=260|threads=340|busy_threads=5|total_runtime_ms=0.882|total_runq_wait_ms=0.285|tgids=5032,10622,22534,26538,27172,30630,30680
THREAD|85|1|22534|22534|10192|.android.chrome|0.506|0.1|0.030|1|0|0|0-7|0|1024|1024|1384|3501|152
THREAD|85|2|22534|27106|10192|ThreadPoolSingl|0.126|0.0|0.000|1|4|1|0-7|0|1024|1024|2|8|22
THREAD|85|3|22534|27279|10192|ThreadPoolForeg|0.109|0.0|0.086|2|0|5|0-7|0|1024|1024|5|7|3
THREAD|85|4|27172|27304|10192|ThreadPoolForeg|0.096|0.0|0.027|1|3|1|0-7|0|1024|1024|2|2|0
THREAD|85|5|22534|27088|10192|ThreadPoolSingl|0.044|0.0|0.141|1|7|4|0-7|0|1024|1024|2|3|0
THREAD|85|6|30630|9782|10324|binder:30630_7|0.000|0.0|0.000|0|0|0|0-7|0|1024|1024|246|472|239
THREAD|85|7|26538|9612|10195|binder:26538_8|0.000|0.0|0.000|0|0|0|0-7|0|1024|1024|3363|6441|3306
THREAD|85|8|26538|9470|10195|binder:26538_B|0.000|0.0|0.000|0|6|6|0-7|0|1024|1024|2531|4304|2105
THREAD|85|9|10622|8513|10201|ExoPlayer:Playb|0.000|0.0|0.000|0|4|4|0-7|0|1024|1024|6463|10331|51
THREAD|85|10|10622|8509|10201|ExoPlayer:Playb|0.000|0.0|0.000|0|1|1|0-7|0|1024|1024|6331|10327|49
WINDOW|seq=86|t_cs=16144807|wall_ms=260|threads=340|busy_threads=2|total_runtime_ms=0.566|total_runq_wait_ms=0.148|tgids=5032,10622,22534,26538,27172,30630,30680
THREAD|86|1|22534|27086|10192|Chrome_IOThread|0.364|0.1|0.148|2|0|1|0-7|0|1024|1024|896|1841|51
THREAD|86|2|22534|22534|10192|.android.chrome|0.201|0.0|0.000|1|0|1|0-7|0|1024|1024|1385|3502|152
THREAD|86|3|30630|9782|10324|binder:30630_7|0.000|0.0|0.000|0|0|0|0-7|0|1024|1024|246|472|239
THREAD|86|4|26538|9612|10195|binder:26538_8|0.000|0.0|0.000|0|0|0|0-7|0|1024|1024|3363|6441|3306
THREAD|86|5|26538|9470|10195|binder:26538_B|0.000|0.0|0.000|0|6|6|0-7|0|1024|1024|2531|4304|2105
THREAD|86|6|10622|8513|10201|ExoPlayer:Playb|0.000|0.0|0.000|0|4|4|0-7|0|1024|1024|6463|10331|51
THREAD|86|7|10622|8509|10201|ExoPlayer:Playb|0.000|0.0|0.000|0|1|1|0-7|0|1024|1024|6331|10327|49
THREAD|86|8|26538|8364|10195|IMM.binder-emu|0.000|0.0|0.000|0|2|2|0-7|0|1024|1024|15737|23850|1039
THREAD|86|9|26538|8336|10195|Primes-Jank|0.000|0.0|0.000|0|4|4|0-7|0|1024|1024|16074|23866|1131
THREAD|86|10|5032|7304|10117|DefaultDispatch|0.000|0.0|0.000|0|0|0|0-7|0|1024|1024|536|1320|123
WINDOW|seq=87|t_cs=16144834|wall_ms=270|threads=340|busy_threads=1|total_runtime_ms=0.094|total_runq_wait_ms=0.000|tgids=5032,10622,22534,26538,27172,30630,30680
THREAD|87|1|27172|27239|10192|CrGpuMain|0.094|0.0|0.000|1|5|4|0-7|0|1024|1024|320|537|63
THREAD|87|2|30630|9782|10324|binder:30630_7|0.000|0.0|0.000|0|0|0|0-7|0|1024|1024|246|472|239
THREAD|87|3|26538|9612|10195|binder:26538_8|0.000|0.0|0.000|0|0|0|0-7|0|1024|1024|3363|6441|3306
THREAD|87|4|26538|9470|10195|binder:26538_B|0.000|0.0|0.000|0|6|6|0-7|0|1024|1024|2531|4304|2105
THREAD|87|5|10622|8513|10201|ExoPlayer:Playb|0.000|0.0|0.000|0|4|4|0-7|0|1024|1024|6463|10331|51
THREAD|87|6|10622|8509|10201|ExoPlayer:Playb|0.000|0.0|0.000|0|1|1|0-7|0|1024|1024|6331|10327|49
THREAD|87|7|26538|8364|10195|IMM.binder-emu|0.000|0.0|0.000|0|2|2|0-7|0|1024|1024|15737|23850|1039
THREAD|87|8|26538|8336|10195|Primes-Jank|0.000|0.0|0.000|0|4|4|0-7|0|1024|1024|16074|23866|1131
THREAD|87|9|5032|7304|10117|DefaultDispatch|0.000|0.0|0.000|0|0|0|0-7|0|1024|1024|536|1320|123
THREAD|87|10|5032|7262|10117|DefaultDispatch|0.000|0.0|0.000|0|5|5|0-7|0|1024|1024|505|1375|93
WINDOW|seq=88|t_cs=16144860|wall_ms=260|threads=340|busy_threads=0|total_runtime_ms=0.000|total_runq_wait_ms=0.000|tgids=5032,10622,22534,26538,27172,30630,30680
THREAD|88|1|30630|9782|10324|binder:30630_7|0.000|0.0|0.000|0|0|0|0-7|0|1024|1024|246|472|239
THREAD|88|2|26538|9612|10195|binder:26538_8|0.000|0.0|0.000|0|0|0|0-7|0|1024|1024|3363|6441|3306
THREAD|88|3|26538|9470|10195|binder:26538_B|0.000|0.0|0.000|0|6|6|0-7|0|1024|1024|2531|4304|2105
THREAD|88|4|10622|8513|10201|ExoPlayer:Playb|0.000|0.0|0.000|0|4|4|0-7|0|1024|1024|6463|10331|51
THREAD|88|5|10622|8509|10201|ExoPlayer:Playb|0.000|0.0|0.000|0|1|1|0-7|0|1024|1024|6331|10327|49
THREAD|88|6|26538|8364|10195|IMM.binder-emu|0.000|0.0|0.000|0|2|2|0-7|0|1024|1024|15737|23850|1039
THREAD|88|7|26538|8336|10195|Primes-Jank|0.000|0.0|0.000|0|4|4|0-7|0|1024|1024|16074|23866|1131
THREAD|88|8|5032|7304|10117|DefaultDispatch|0.000|0.0|0.000|0|0|0|0-7|0|1024|1024|536|1320|123
THREAD|88|9|5032|7262|10117|DefaultDispatch|0.000|0.0|0.000|0|5|5|0-7|0|1024|1024|505|1375|93
THREAD|88|10|26538|5842|10195|glide-active-re|0.000|0.0|0.000|0|3|3|0-7|0|1024|1024|4|8|4
WINDOW|seq=89|t_cs=16144887|wall_ms=270|threads=340|busy_threads=4|total_runtime_ms=0.475|total_runq_wait_ms=0.243|tgids=5032,10622,22534,26538,27172,30630,30680
THREAD|89|1|22534|26965|10192|ThreadPoolForeg|0.156|0.0|0.032|1|0|1|0-7|0|1024|1024|699|1682|568
THREAD|89|2|22534|22534|10192|.android.chrome|0.144|0.0|0.000|1|1|1|0-7|0|1024|1024|1385|3503|152
THREAD|89|3|22534|26983|10192|ThreadPoolForeg|0.133|0.0|0.033|2|5|5|0-7|0|1024|1024|342|871|317
THREAD|89|4|22534|27102|10192|ThreadPoolSingl|0.040|0.0|0.177|3|0|1|0-7|0|1024|1024|35|59|23
THREAD|89|5|30630|9782|10324|binder:30630_7|0.000|0.0|0.000|0|0|0|0-7|0|1024|1024|246|472|239
THREAD|89|6|26538|9612|10195|binder:26538_8|0.000|0.0|0.000|0|0|0|0-7|0|1024|1024|3363|6441|3306
THREAD|89|7|26538|9470|10195|binder:26538_B|0.000|0.0|0.000|0|6|6|0-7|0|1024|1024|2531|4304|2105
THREAD|89|8|10622|8513|10201|ExoPlayer:Playb|0.000|0.0|0.000|0|4|4|0-7|0|1024|1024|6463|10331|51
THREAD|89|9|10622|8509|10201|ExoPlayer:Playb|0.000|0.0|0.000|0|1|1|0-7|0|1024|1024|6331|10327|49
THREAD|89|10|26538|8364|10195|IMM.binder-emu|0.000|0.0|0.000|0|2|2|0-7|0|1024|1024|15737|23850|1039
WINDOW|seq=90|t_cs=16144913|wall_ms=260|threads=340|busy_threads=0|total_runtime_ms=0.000|total_runq_wait_ms=0.000|tgids=5032,10622,22534,26538,27172,30630,30680
THREAD|90|1|30630|9782|10324|binder:30630_7|0.000|0.0|0.000|0|0|0|0-7|0|1024|1024|246|472|239
THREAD|90|2|26538|9612|10195|binder:26538_8|0.000|0.0|0.000|0|0|0|0-7|0|1024|1024|3363|6441|3306
THREAD|90|3|26538|9470|10195|binder:26538_B|0.000|0.0|0.000|0|6|6|0-7|0|1024|1024|2531|4304|2105
THREAD|90|4|10622|8513|10201|ExoPlayer:Playb|0.000|0.0|0.000|0|4|4|0-7|0|1024|1024|6463|10331|51
THREAD|90|5|10622|8509|10201|ExoPlayer:Playb|0.000|0.0|0.000|0|1|1|0-7|0|1024|1024|6331|10327|49
THREAD|90|6|26538|8364|10195|IMM.binder-emu|0.000|0.0|0.000|0|2|2|0-7|0|1024|1024|15737|23850|1039
THREAD|90|7|26538|8336|10195|Primes-Jank|0.000|0.0|0.000|0|4|4|0-7|0|1024|1024|16074|23866|1131
THREAD|90|8|5032|7304|10117|DefaultDispatch|0.000|0.0|0.000|0|0|0|0-7|0|1024|1024|536|1320|123
THREAD|90|9|5032|7262|10117|DefaultDispatch|0.000|0.0|0.000|0|5|5|0-7|0|1024|1024|505|1375|93
THREAD|90|10|26538|5842|10195|glide-active-re|0.000|0.0|0.000|0|3|3|0-7|0|1024|1024|4|8|4
WINDOW|seq=91|t_cs=16144944|wall_ms=310|threads=340|busy_threads=0|total_runtime_ms=0.000|total_runq_wait_ms=0.000|tgids=5032,10622,22534,26538,27172,30630,30680
THREAD|91|1|30630|9782|10324|binder:30630_7|0.000|0.0|0.000|0|0|0|0-7|0|1024|1024|246|472|239
THREAD|91|2|26538|9612|10195|binder:26538_8|0.000|0.0|0.000|0|0|0|0-7|0|1024|1024|3363|6441|3306
THREAD|91|3|26538|9470|10195|binder:26538_B|0.000|0.0|0.000|0|6|6|0-7|0|1024|1024|2531|4304|2105
THREAD|91|4|10622|8513|10201|ExoPlayer:Playb|0.000|0.0|0.000|0|4|4|0-7|0|1024|1024|6463|10331|51
THREAD|91|5|10622|8509|10201|ExoPlayer:Playb|0.000|0.0|0.000|0|1|1|0-7|0|1024|1024|6331|10327|49
THREAD|91|6|26538|8364|10195|IMM.binder-emu|0.000|0.0|0.000|0|2|2|0-7|0|1024|1024|15737|23850|1039
THREAD|91|7|26538|8336|10195|Primes-Jank|0.000|0.0|0.000|0|4|4|0-7|0|1024|1024|16074|23866|1131
THREAD|91|8|5032|7304|10117|DefaultDispatch|0.000|0.0|0.000|0|0|0|0-7|0|1024|1024|536|1320|123
THREAD|91|9|5032|7262|10117|DefaultDispatch|0.000|0.0|0.000|0|5|5|0-7|0|1024|1024|505|1375|93
THREAD|91|10|26538|5842|10195|glide-active-re|0.000|0.0|0.000|0|3|3|0-7|0|1024|1024|4|8|4
WINDOW|seq=92|t_cs=16144970|wall_ms=260|threads=340|busy_threads=1|total_runtime_ms=0.309|total_runq_wait_ms=0.018|tgids=5032,10622,22534,26538,27172,30630,30680
THREAD|92|1|22534|22534|10192|.android.chrome|0.309|0.1|0.018|1|1|0|0-7|0|1024|1024|1386|3504|152
THREAD|92|2|30630|9782|10324|binder:30630_7|0.000|0.0|0.000|0|0|0|0-7|0|1024|1024|246|472|239
THREAD|92|3|26538|9612|10195|binder:26538_8|0.000|0.0|0.000|0|0|0|0-7|0|1024|1024|3363|6441|3306
THREAD|92|4|26538|9470|10195|binder:26538_B|0.000|0.0|0.000|0|6|6|0-7|0|1024|1024|2531|4304|2105
THREAD|92|5|10622|8513|10201|ExoPlayer:Playb|0.000|0.0|0.000|0|4|4|0-7|0|1024|1024|6463|10331|51
THREAD|92|6|10622|8509|10201|ExoPlayer:Playb|0.000|0.0|0.000|0|1|1|0-7|0|1024|1024|6331|10327|49
THREAD|92|7|26538|8364|10195|IMM.binder-emu|0.000|0.0|0.000|0|2|2|0-7|0|1024|1024|15737|23850|1039
THREAD|92|8|26538|8336|10195|Primes-Jank|0.000|0.0|0.000|0|4|4|0-7|0|1024|1024|16074|23866|1131
THREAD|92|9|5032|7304|10117|DefaultDispatch|0.000|0.0|0.000|0|0|0|0-7|0|1024|1024|536|1320|123
THREAD|92|10|5032|7262|10117|DefaultDispatch|0.000|0.0|0.000|0|5|5|0-7|0|1024|1024|505|1375|93
WINDOW|seq=93|t_cs=16144997|wall_ms=270|threads=340|busy_threads=0|total_runtime_ms=0.000|total_runq_wait_ms=0.000|tgids=5032,10622,22534,26538,27172,30630,30680
THREAD|93|1|30630|9782|10324|binder:30630_7|0.000|0.0|0.000|0|0|0|0-7|0|1024|1024|246|472|239
THREAD|93|2|26538|9612|10195|binder:26538_8|0.000|0.0|0.000|0|0|0|0-7|0|1024|1024|3363|6441|3306
THREAD|93|3|26538|9470|10195|binder:26538_B|0.000|0.0|0.000|0|6|6|0-7|0|1024|1024|2531|4304|2105
THREAD|93|4|10622|8513|10201|ExoPlayer:Playb|0.000|0.0|0.000|0|4|4|0-7|0|1024|1024|6463|10331|51
THREAD|93|5|10622|8509|10201|ExoPlayer:Playb|0.000|0.0|0.000|0|1|1|0-7|0|1024|1024|6331|10327|49
THREAD|93|6|26538|8364|10195|IMM.binder-emu|0.000|0.0|0.000|0|2|2|0-7|0|1024|1024|15737|23850|1039
THREAD|93|7|26538|8336|10195|Primes-Jank|0.000|0.0|0.000|0|4|4|0-7|0|1024|1024|16074|23866|1131
THREAD|93|8|5032|7304|10117|DefaultDispatch|0.000|0.0|0.000|0|0|0|0-7|0|1024|1024|536|1320|123
THREAD|93|9|5032|7262|10117|DefaultDispatch|0.000|0.0|0.000|0|5|5|0-7|0|1024|1024|505|1375|93
THREAD|93|10|26538|5842|10195|glide-active-re|0.000|0.0|0.000|0|3|3|0-7|0|1024|1024|4|8|4
WINDOW|seq=94|t_cs=16145022|wall_ms=250|threads=340|busy_threads=3|total_runtime_ms=0.361|total_runq_wait_ms=0.000|tgids=5032,10622,22534,26538,27172,30630,30680
THREAD|94|1|22534|27086|10192|Chrome_IOThread|0.172|0.0|0.000|2|1|4|0-7|0|1024|1024|897|1843|51
THREAD|94|2|27172|27239|10192|CrGpuMain|0.104|0.0|0.000|1|4|4|0-7|0|1024|1024|320|538|63
THREAD|94|3|22534|22534|10192|.android.chrome|0.083|0.0|0.000|1|0|0|0-7|0|1024|1024|1386|3505|152
THREAD|94|4|30630|9782|10324|binder:30630_7|0.000|0.0|0.000|0|0|0|0-7|0|1024|1024|246|472|239
THREAD|94|5|26538|9612|10195|binder:26538_8|0.000|0.0|0.000|0|0|0|0-7|0|1024|1024|3363|6441|3306
THREAD|94|6|26538|9470|10195|binder:26538_B|0.000|0.0|0.000|0|6|6|0-7|0|1024|1024|2531|4304|2105
THREAD|94|7|10622|8513|10201|ExoPlayer:Playb|0.000|0.0|0.000|0|4|4|0-7|0|1024|1024|6463|10331|51
THREAD|94|8|10622|8509|10201|ExoPlayer:Playb|0.000|0.0|0.000|0|1|1|0-7|0|1024|1024|6331|10327|49
THREAD|94|9|26538|8364|10195|IMM.binder-emu|0.000|0.0|0.000|0|2|2|0-7|0|1024|1024|15737|23850|1039
THREAD|94|10|26538|8336|10195|Primes-Jank|0.000|0.0|0.000|0|4|4|0-7|0|1024|1024|16074|23866|1131
WINDOW|seq=95|t_cs=16145049|wall_ms=270|threads=340|busy_threads=0|total_runtime_ms=0.000|total_runq_wait_ms=0.000|tgids=5032,10622,22534,26538,27172,30630,30680
THREAD|95|1|30630|9782|10324|binder:30630_7|0.000|0.0|0.000|0|0|0|0-7|0|1024|1024|246|472|239
THREAD|95|2|26538|9612|10195|binder:26538_8|0.000|0.0|0.000|0|0|0|0-7|0|1024|1024|3363|6441|3306
THREAD|95|3|26538|9470|10195|binder:26538_B|0.000|0.0|0.000|0|6|6|0-7|0|1024|1024|2531|4304|2105
THREAD|95|4|10622|8513|10201|ExoPlayer:Playb|0.000|0.0|0.000|0|4|4|0-7|0|1024|1024|6463|10331|51
THREAD|95|5|10622|8509|10201|ExoPlayer:Playb|0.000|0.0|0.000|0|1|1|0-7|0|1024|1024|6331|10327|49
THREAD|95|6|26538|8364|10195|IMM.binder-emu|0.000|0.0|0.000|0|2|2|0-7|0|1024|1024|15737|23850|1039
THREAD|95|7|26538|8336|10195|Primes-Jank|0.000|0.0|0.000|0|4|4|0-7|0|1024|1024|16074|23866|1131
THREAD|95|8|5032|7304|10117|DefaultDispatch|0.000|0.0|0.000|0|0|0|0-7|0|1024|1024|536|1320|123
THREAD|95|9|5032|7262|10117|DefaultDispatch|0.000|0.0|0.000|0|5|5|0-7|0|1024|1024|505|1375|93
THREAD|95|10|26538|5842|10195|glide-active-re|0.000|0.0|0.000|0|3|3|0-7|0|1024|1024|4|8|4
WINDOW|seq=96|t_cs=16145075|wall_ms=260|threads=340|busy_threads=5|total_runtime_ms=14.980|total_runq_wait_ms=0.680|tgids=5032,10622,22534,26538,27172,30630,30680
THREAD|96|1|30680|30685|90001|HeapTaskDaemon|11.606|4.4|0.583|3|0|5|0-7|0|1024|1024|3|6|2
THREAD|96|2|22534|22534|10192|.android.chrome|2.760|1.0|0.000|2|0|1|0-7|0|1024|1024|1387|3507|152
THREAD|96|3|30680|30688|90001|FinalizerDaemon|0.310|0.1|0.096|2|2|5|0-7|0|1024|1024|3|3|1
THREAD|96|4|30680|30687|90001|ReferenceQueueD|0.222|0.0|0.000|1|5|0|0-7|0|1024|1024|3|3|1
THREAD|96|5|30680|30690|90001|FinalizerWatchd|0.080|0.0|0.000|1|5|5|0-7|0|1024|1024|1|2|0
THREAD|96|6|30630|9782|10324|binder:30630_7|0.000|0.0|0.000|0|0|0|0-7|0|1024|1024|246|472|239
THREAD|96|7|26538|9612|10195|binder:26538_8|0.000|0.0|0.000|0|0|0|0-7|0|1024|1024|3363|6441|3306
THREAD|96|8|26538|9470|10195|binder:26538_B|0.000|0.0|0.000|0|6|6|0-7|0|1024|1024|2531|4304|2105
THREAD|96|9|10622|8513|10201|ExoPlayer:Playb|0.000|0.0|0.000|0|4|4|0-7|0|1024|1024|6463|10331|51
THREAD|96|10|10622|8509|10201|ExoPlayer:Playb|0.000|0.0|0.000|0|1|1|0-7|0|1024|1024|6331|10327|49
WINDOW|seq=97|t_cs=16145102|wall_ms=270|threads=340|busy_threads=0|total_runtime_ms=0.000|total_runq_wait_ms=0.000|tgids=5032,10622,22534,26538,27172,30630,30680
THREAD|97|1|30630|9782|10324|binder:30630_7|0.000|0.0|0.000|0|0|0|0-7|0|1024|1024|246|472|239
THREAD|97|2|26538|9612|10195|binder:26538_8|0.000|0.0|0.000|0|0|0|0-7|0|1024|1024|3363|6441|3306
THREAD|97|3|26538|9470|10195|binder:26538_B|0.000|0.0|0.000|0|6|6|0-7|0|1024|1024|2531|4304|2105
THREAD|97|4|10622|8513|10201|ExoPlayer:Playb|0.000|0.0|0.000|0|4|4|0-7|0|1024|1024|6463|10331|51
THREAD|97|5|10622|8509|10201|ExoPlayer:Playb|0.000|0.0|0.000|0|1|1|0-7|0|1024|1024|6331|10327|49
THREAD|97|6|26538|8364|10195|IMM.binder-emu|0.000|0.0|0.000|0|2|2|0-7|0|1024|1024|15737|23850|1039
THREAD|97|7|26538|8336|10195|Primes-Jank|0.000|0.0|0.000|0|4|4|0-7|0|1024|1024|16074|23866|1131
THREAD|97|8|5032|7304|10117|DefaultDispatch|0.000|0.0|0.000|0|0|0|0-7|0|1024|1024|536|1320|123
THREAD|97|9|5032|7262|10117|DefaultDispatch|0.000|0.0|0.000|0|5|5|0-7|0|1024|1024|505|1375|93
THREAD|97|10|26538|5842|10195|glide-active-re|0.000|0.0|0.000|0|3|3|0-7|0|1024|1024|4|8|4
WINDOW|seq=98|t_cs=16145129|wall_ms=270|threads=340|busy_threads=1|total_runtime_ms=0.811|total_runq_wait_ms=0.010|tgids=5032,10622,22534,26538,27172,30630,30680
THREAD|98|1|27172|27239|10192|CrGpuMain|0.811|0.3|0.010|2|4|0|0-7|0|1024|1024|321|539|64
THREAD|98|2|30630|9782|10324|binder:30630_7|0.000|0.0|0.000|0|0|0|0-7|0|1024|1024|246|472|239
THREAD|98|3|26538|9612|10195|binder:26538_8|0.000|0.0|0.000|0|0|0|0-7|0|1024|1024|3363|6441|3306
THREAD|98|4|26538|9470|10195|binder:26538_B|0.000|0.0|0.000|0|6|6|0-7|0|1024|1024|2531|4304|2105
THREAD|98|5|10622|8513|10201|ExoPlayer:Playb|0.000|0.0|0.000|0|4|4|0-7|0|1024|1024|6463|10331|51
THREAD|98|6|10622|8509|10201|ExoPlayer:Playb|0.000|0.0|0.000|0|1|1|0-7|0|1024|1024|6331|10327|49
THREAD|98|7|26538|8364|10195|IMM.binder-emu|0.000|0.0|0.000|0|2|2|0-7|0|1024|1024|15737|23850|1039
THREAD|98|8|26538|8336|10195|Primes-Jank|0.000|0.0|0.000|0|4|4|0-7|0|1024|1024|16074|23866|1131
THREAD|98|9|5032|7304|10117|DefaultDispatch|0.000|0.0|0.000|0|0|0|0-7|0|1024|1024|536|1320|123
THREAD|98|10|5032|7262|10117|DefaultDispatch|0.000|0.0|0.000|0|5|5|0-7|0|1024|1024|505|1375|93
WINDOW|seq=99|t_cs=16145155|wall_ms=260|threads=340|busy_threads=0|total_runtime_ms=0.000|total_runq_wait_ms=0.000|tgids=5032,10622,22534,26538,27172,30630,30680
THREAD|99|1|30630|9782|10324|binder:30630_7|0.000|0.0|0.000|0|0|0|0-7|0|1024|1024|246|472|239
THREAD|99|2|26538|9612|10195|binder:26538_8|0.000|0.0|0.000|0|0|0|0-7|0|1024|1024|3363|6441|3306
THREAD|99|3|26538|9470|10195|binder:26538_B|0.000|0.0|0.000|0|6|6|0-7|0|1024|1024|2531|4304|2105
THREAD|99|4|10622|8513|10201|ExoPlayer:Playb|0.000|0.0|0.000|0|4|4|0-7|0|1024|1024|6463|10331|51
THREAD|99|5|10622|8509|10201|ExoPlayer:Playb|0.000|0.0|0.000|0|1|1|0-7|0|1024|1024|6331|10327|49
THREAD|99|6|26538|8364|10195|IMM.binder-emu|0.000|0.0|0.000|0|2|2|0-7|0|1024|1024|15737|23850|1039
THREAD|99|7|26538|8336|10195|Primes-Jank|0.000|0.0|0.000|0|4|4|0-7|0|1024|1024|16074|23866|1131
THREAD|99|8|5032|7304|10117|DefaultDispatch|0.000|0.0|0.000|0|0|0|0-7|0|1024|1024|536|1320|123
THREAD|99|9|5032|7262|10117|DefaultDispatch|0.000|0.0|0.000|0|5|5|0-7|0|1024|1024|505|1375|93
THREAD|99|10|26538|5842|10195|glide-active-re|0.000|0.0|0.000|0|3|3|0-7|0|1024|1024|4|8|4
WINDOW|seq=100|t_cs=16145179|wall_ms=240|threads=340|busy_threads=1|total_runtime_ms=0.268|total_runq_wait_ms=0.000|tgids=5032,10622,22534,26538,27172,30630,30680
THREAD|100|1|22534|22534|10192|.android.chrome|0.268|0.1|0.000|1|1|1|0-7|0|1024|1024|1387|3508|152
THREAD|100|2|30630|9782|10324|binder:30630_7|0.000|0.0|0.000|0|0|0|0-7|0|1024|1024|246|472|239
THREAD|100|3|26538|9612|10195|binder:26538_8|0.000|0.0|0.000|0|0|0|0-7|0|1024|1024|3363|6441|3306
THREAD|100|4|26538|9470|10195|binder:26538_B|0.000|0.0|0.000|0|6|6|0-7|0|1024|1024|2531|4304|2105
THREAD|100|5|10622|8513|10201|ExoPlayer:Playb|0.000|0.0|0.000|0|4|4|0-7|0|1024|1024|6463|10331|51
THREAD|100|6|10622|8509|10201|ExoPlayer:Playb|0.000|0.0|0.000|0|1|1|0-7|0|1024|1024|6331|10327|49
THREAD|100|7|26538|8364|10195|IMM.binder-emu|0.000|0.0|0.000|0|2|2|0-7|0|1024|1024|15737|23850|1039
THREAD|100|8|26538|8336|10195|Primes-Jank|0.000|0.0|0.000|0|4|4|0-7|0|1024|1024|16074|23866|1131
THREAD|100|9|5032|7304|10117|DefaultDispatch|0.000|0.0|0.000|0|0|0|0-7|0|1024|1024|536|1320|123
THREAD|100|10|5032|7262|10117|DefaultDispatch|0.000|0.0|0.000|0|5|5|0-7|0|1024|1024|505|1375|93
WINDOW|seq=101|t_cs=16145206|wall_ms=270|threads=340|busy_threads=0|total_runtime_ms=0.000|total_runq_wait_ms=0.000|tgids=5032,10622,22534,26538,27172,30630,30680
THREAD|101|1|30630|9782|10324|binder:30630_7|0.000|0.0|0.000|0|0|0|0-7|0|1024|1024|246|472|239
THREAD|101|2|26538|9612|10195|binder:26538_8|0.000|0.0|0.000|0|0|0|0-7|0|1024|1024|3363|6441|3306
THREAD|101|3|26538|9470|10195|binder:26538_B|0.000|0.0|0.000|0|6|6|0-7|0|1024|1024|2531|4304|2105
THREAD|101|4|10622|8513|10201|ExoPlayer:Playb|0.000|0.0|0.000|0|4|4|0-7|0|1024|1024|6463|10331|51
THREAD|101|5|10622|8509|10201|ExoPlayer:Playb|0.000|0.0|0.000|0|1|1|0-7|0|1024|1024|6331|10327|49
THREAD|101|6|26538|8364|10195|IMM.binder-emu|0.000|0.0|0.000|0|2|2|0-7|0|1024|1024|15737|23850|1039
THREAD|101|7|26538|8336|10195|Primes-Jank|0.000|0.0|0.000|0|4|4|0-7|0|1024|1024|16074|23866|1131
THREAD|101|8|5032|7304|10117|DefaultDispatch|0.000|0.0|0.000|0|0|0|0-7|0|1024|1024|536|1320|123
THREAD|101|9|5032|7262|10117|DefaultDispatch|0.000|0.0|0.000|0|5|5|0-7|0|1024|1024|505|1375|93
THREAD|101|10|26538|5842|10195|glide-active-re|0.000|0.0|0.000|0|3|3|0-7|0|1024|1024|4|8|4
WINDOW|seq=102|t_cs=16145234|wall_ms=280|threads=340|busy_threads=0|total_runtime_ms=0.000|total_runq_wait_ms=0.000|tgids=5032,10622,22534,26538,27172,30630,30680
THREAD|102|1|30630|9782|10324|binder:30630_7|0.000|0.0|0.000|0|0|0|0-7|0|1024|1024|246|472|239
THREAD|102|2|26538|9612|10195|binder:26538_8|0.000|0.0|0.000|0|0|0|0-7|0|1024|1024|3363|6441|3306
THREAD|102|3|26538|9470|10195|binder:26538_B|0.000|0.0|0.000|0|6|6|0-7|0|1024|1024|2531|4304|2105
THREAD|102|4|10622|8513|10201|ExoPlayer:Playb|0.000|0.0|0.000|0|4|4|0-7|0|1024|1024|6463|10331|51
THREAD|102|5|10622|8509|10201|ExoPlayer:Playb|0.000|0.0|0.000|0|1|1|0-7|0|1024|1024|6331|10327|49
THREAD|102|6|26538|8364|10195|IMM.binder-emu|0.000|0.0|0.000|0|2|2|0-7|0|1024|1024|15737|23850|1039
THREAD|102|7|26538|8336|10195|Primes-Jank|0.000|0.0|0.000|0|4|4|0-7|0|1024|1024|16074|23866|1131
THREAD|102|8|5032|7304|10117|DefaultDispatch|0.000|0.0|0.000|0|0|0|0-7|0|1024|1024|536|1320|123
THREAD|102|9|5032|7262|10117|DefaultDispatch|0.000|0.0|0.000|0|5|5|0-7|0|1024|1024|505|1375|93
THREAD|102|10|26538|5842|10195|glide-active-re|0.000|0.0|0.000|0|3|3|0-7|0|1024|1024|4|8|4
WINDOW|seq=103|t_cs=16145258|wall_ms=240|threads=340|busy_threads=0|total_runtime_ms=0.000|total_runq_wait_ms=0.000|tgids=5032,10622,22534,26538,27172,30630,30680
THREAD|103|1|30630|9782|10324|binder:30630_7|0.000|0.0|0.000|0|0|0|0-7|0|1024|1024|246|472|239
THREAD|103|2|26538|9612|10195|binder:26538_8|0.000|0.0|0.000|0|0|0|0-7|0|1024|1024|3363|6441|3306
THREAD|103|3|26538|9470|10195|binder:26538_B|0.000|0.0|0.000|0|6|6|0-7|0|1024|1024|2531|4304|2105
THREAD|103|4|10622|8513|10201|ExoPlayer:Playb|0.000|0.0|0.000|0|4|4|0-7|0|1024|1024|6463|10331|51
THREAD|103|5|10622|8509|10201|ExoPlayer:Playb|0.000|0.0|0.000|0|1|1|0-7|0|1024|1024|6331|10327|49
THREAD|103|6|26538|8364|10195|IMM.binder-emu|0.000|0.0|0.000|0|2|2|0-7|0|1024|1024|15737|23850|1039
THREAD|103|7|26538|8336|10195|Primes-Jank|0.000|0.0|0.000|0|4|4|0-7|0|1024|1024|16074|23866|1131
THREAD|103|8|5032|7304|10117|DefaultDispatch|0.000|0.0|0.000|0|0|0|0-7|0|1024|1024|536|1320|123
THREAD|103|9|5032|7262|10117|DefaultDispatch|0.000|0.0|0.000|0|5|5|0-7|0|1024|1024|505|1375|93
THREAD|103|10|26538|5842|10195|glide-active-re|0.000|0.0|0.000|0|3|3|0-7|0|1024|1024|4|8|4
WINDOW|seq=104|t_cs=16145285|wall_ms=270|threads=340|busy_threads=2|total_runtime_ms=0.264|total_runq_wait_ms=0.000|tgids=5032,10622,22534,26538,27172,30630,30680
THREAD|104|1|22534|22534|10192|.android.chrome|0.183|0.0|0.000|1|1|0|0-7|0|1024|1024|1388|3509|152
THREAD|104|2|30680|30690|90001|FinalizerWatchd|0.080|0.0|0.000|1|5|4|0-7|0|1024|1024|2|3|0
THREAD|104|3|30630|9782|10324|binder:30630_7|0.000|0.0|0.000|0|0|0|0-7|0|1024|1024|246|472|239
THREAD|104|4|26538|9612|10195|binder:26538_8|0.000|0.0|0.000|0|0|0|0-7|0|1024|1024|3363|6441|3306
THREAD|104|5|26538|9470|10195|binder:26538_B|0.000|0.0|0.000|0|6|6|0-7|0|1024|1024|2531|4304|2105
THREAD|104|6|10622|8513|10201|ExoPlayer:Playb|0.000|0.0|0.000|0|4|4|0-7|0|1024|1024|6463|10331|51
THREAD|104|7|10622|8509|10201|ExoPlayer:Playb|0.000|0.0|0.000|0|1|1|0-7|0|1024|1024|6331|10327|49
THREAD|104|8|26538|8364|10195|IMM.binder-emu|0.000|0.0|0.000|0|2|2|0-7|0|1024|1024|15737|23850|1039
THREAD|104|9|26538|8336|10195|Primes-Jank|0.000|0.0|0.000|0|4|4|0-7|0|1024|1024|16074|23866|1131
THREAD|104|10|5032|7304|10117|DefaultDispatch|0.000|0.0|0.000|0|0|0|0-7|0|1024|1024|536|1320|123
WINDOW|seq=105|t_cs=16145314|wall_ms=290|threads=340|busy_threads=0|total_runtime_ms=0.000|total_runq_wait_ms=0.000|tgids=5032,10622,22534,26538,27172,30630,30680
THREAD|105|1|30630|9782|10324|binder:30630_7|0.000|0.0|0.000|0|0|0|0-7|0|1024|1024|246|472|239
THREAD|105|2|26538|9612|10195|binder:26538_8|0.000|0.0|0.000|0|0|0|0-7|0|1024|1024|3363|6441|3306
THREAD|105|3|26538|9470|10195|binder:26538_B|0.000|0.0|0.000|0|6|6|0-7|0|1024|1024|2531|4304|2105
THREAD|105|4|10622|8513|10201|ExoPlayer:Playb|0.000|0.0|0.000|0|4|4|0-7|0|1024|1024|6463|10331|51
THREAD|105|5|10622|8509|10201|ExoPlayer:Playb|0.000|0.0|0.000|0|1|1|0-7|0|1024|1024|6331|10327|49
THREAD|105|6|26538|8364|10195|IMM.binder-emu|0.000|0.0|0.000|0|2|2|0-7|0|1024|1024|15737|23850|1039
THREAD|105|7|26538|8336|10195|Primes-Jank|0.000|0.0|0.000|0|4|4|0-7|0|1024|1024|16074|23866|1131
THREAD|105|8|5032|7304|10117|DefaultDispatch|0.000|0.0|0.000|0|0|0|0-7|0|1024|1024|536|1320|123
THREAD|105|9|5032|7262|10117|DefaultDispatch|0.000|0.0|0.000|0|5|5|0-7|0|1024|1024|505|1375|93
THREAD|105|10|26538|5842|10195|glide-active-re|0.000|0.0|0.000|0|3|3|0-7|0|1024|1024|4|8|4
WINDOW|seq=106|t_cs=16145341|wall_ms=270|threads=340|busy_threads=0|total_runtime_ms=0.000|total_runq_wait_ms=0.000|tgids=5032,10622,22534,26538,27172,30630,30680
THREAD|106|1|30630|9782|10324|binder:30630_7|0.000|0.0|0.000|0|0|0|0-7|0|1024|1024|246|472|239
THREAD|106|2|26538|9612|10195|binder:26538_8|0.000|0.0|0.000|0|0|0|0-7|0|1024|1024|3363|6441|3306
THREAD|106|3|26538|9470|10195|binder:26538_B|0.000|0.0|0.000|0|6|6|0-7|0|1024|1024|2531|4304|2105
THREAD|106|4|10622|8513|10201|ExoPlayer:Playb|0.000|0.0|0.000|0|4|4|0-7|0|1024|1024|6463|10331|51
THREAD|106|5|10622|8509|10201|ExoPlayer:Playb|0.000|0.0|0.000|0|1|1|0-7|0|1024|1024|6331|10327|49
THREAD|106|6|26538|8364|10195|IMM.binder-emu|0.000|0.0|0.000|0|2|2|0-7|0|1024|1024|15737|23850|1039
THREAD|106|7|26538|8336|10195|Primes-Jank|0.000|0.0|0.000|0|4|4|0-7|0|1024|1024|16074|23866|1131
THREAD|106|8|5032|7304|10117|DefaultDispatch|0.000|0.0|0.000|0|0|0|0-7|0|1024|1024|536|1320|123
THREAD|106|9|5032|7262|10117|DefaultDispatch|0.000|0.0|0.000|0|5|5|0-7|0|1024|1024|505|1375|93
THREAD|106|10|26538|5842|10195|glide-active-re|0.000|0.0|0.000|0|3|3|0-7|0|1024|1024|4|8|4
WINDOW|seq=107|t_cs=16145367|wall_ms=260|threads=340|busy_threads=0|total_runtime_ms=0.000|total_runq_wait_ms=0.000|tgids=5032,10622,22534,26538,27172,30630,30680
THREAD|107|1|30630|9782|10324|binder:30630_7|0.000|0.0|0.000|0|0|0|0-7|0|1024|1024|246|472|239
THREAD|107|2|26538|9612|10195|binder:26538_8|0.000|0.0|0.000|0|0|0|0-7|0|1024|1024|3363|6441|3306
THREAD|107|3|26538|9470|10195|binder:26538_B|0.000|0.0|0.000|0|6|6|0-7|0|1024|1024|2531|4304|2105
THREAD|107|4|10622|8513|10201|ExoPlayer:Playb|0.000|0.0|0.000|0|4|4|0-7|0|1024|1024|6463|10331|51
THREAD|107|5|10622|8509|10201|ExoPlayer:Playb|0.000|0.0|0.000|0|1|1|0-7|0|1024|1024|6331|10327|49
THREAD|107|6|26538|8364|10195|IMM.binder-emu|0.000|0.0|0.000|0|2|2|0-7|0|1024|1024|15737|23850|1039
THREAD|107|7|26538|8336|10195|Primes-Jank|0.000|0.0|0.000|0|4|4|0-7|0|1024|1024|16074|23866|1131
THREAD|107|8|5032|7304|10117|DefaultDispatch|0.000|0.0|0.000|0|0|0|0-7|0|1024|1024|536|1320|123
THREAD|107|9|5032|7262|10117|DefaultDispatch|0.000|0.0|0.000|0|5|5|0-7|0|1024|1024|505|1375|93
THREAD|107|10|26538|5842|10195|glide-active-re|0.000|0.0|0.000|0|3|3|0-7|0|1024|1024|4|8|4
WINDOW|seq=108|t_cs=16145390|wall_ms=230|threads=340|busy_threads=2|total_runtime_ms=0.635|total_runq_wait_ms=0.000|tgids=5032,10622,22534,26538,27172,30630,30680
THREAD|108|1|22534|27090|10192|NetworkService|0.541|0.2|0.000|1|1|0|0-7|0|1024|1024|534|1350|537
THREAD|108|2|22534|22534|10192|.android.chrome|0.094|0.0|0.000|1|0|0|0-7|0|1024|1024|1388|3510|152
THREAD|108|3|30630|9782|10324|binder:30630_7|0.000|0.0|0.000|0|0|0|0-7|0|1024|1024|246|472|239
THREAD|108|4|26538|9612|10195|binder:26538_8|0.000|0.0|0.000|0|0|0|0-7|0|1024|1024|3363|6441|3306
THREAD|108|5|26538|9470|10195|binder:26538_B|0.000|0.0|0.000|0|6|6|0-7|0|1024|1024|2531|4304|2105
THREAD|108|6|10622|8513|10201|ExoPlayer:Playb|0.000|0.0|0.000|0|4|4|0-7|0|1024|1024|6463|10331|51
THREAD|108|7|10622|8509|10201|ExoPlayer:Playb|0.000|0.0|0.000|0|1|1|0-7|0|1024|1024|6331|10327|49
THREAD|108|8|26538|8364|10195|IMM.binder-emu|0.000|0.0|0.000|0|2|2|0-7|0|1024|1024|15737|23850|1039
THREAD|108|9|26538|8336|10195|Primes-Jank|0.000|0.0|0.000|0|4|4|0-7|0|1024|1024|16074|23866|1131
THREAD|108|10|5032|7304|10117|DefaultDispatch|0.000|0.0|0.000|0|0|0|0-7|0|1024|1024|536|1320|123
WINDOW|seq=109|t_cs=16145419|wall_ms=290|threads=340|busy_threads=3|total_runtime_ms=0.472|total_runq_wait_ms=0.000|tgids=5032,10622,22534,26538,27172,30630,30680
THREAD|109|1|22534|27086|10192|Chrome_IOThread|0.245|0.0|0.000|2|4|4|0-7|0|1024|1024|897|1845|51
THREAD|109|2|27172|27239|10192|CrGpuMain|0.134|0.0|0.000|1|0|0|0-7|0|1024|1024|321|540|64
THREAD|109|3|22534|22534|10192|.android.chrome|0.092|0.0|0.000|1|0|1|0-7|0|1024|1024|1389|3511|152
THREAD|109|4|30630|9782|10324|binder:30630_7|0.000|0.0|0.000|0|0|0|0-7|0|1024|1024|246|472|239
THREAD|109|5|26538|9612|10195|binder:26538_8|0.000|0.0|0.000|0|0|0|0-7|0|1024|1024|3363|6441|3306
THREAD|109|6|26538|9470|10195|binder:26538_B|0.000|0.0|0.000|0|6|6|0-7|0|1024|1024|2531|4304|2105
THREAD|109|7|10622|8513|10201|ExoPlayer:Playb|0.000|0.0|0.000|0|4|4|0-7|0|1024|1024|6463|10331|51
THREAD|109|8|10622|8509|10201|ExoPlayer:Playb|0.000|0.0|0.000|0|1|1|0-7|0|1024|1024|6331|10327|49
THREAD|109|9|26538|8364|10195|IMM.binder-emu|0.000|0.0|0.000|0|2|2|0-7|0|1024|1024|15737|23850|1039
THREAD|109|10|26538|8336|10195|Primes-Jank|0.000|0.0|0.000|0|4|4|0-7|0|1024|1024|16074|23866|1131
WINDOW|seq=110|t_cs=16145443|wall_ms=240|threads=340|busy_threads=2|total_runtime_ms=0.203|total_runq_wait_ms=0.151|tgids=5032,10622,22534,26538,27172,30630,30680
THREAD|110|1|30680|30705|90001|ThreadPoolServi|0.142|0.0|0.151|1|2|0|0-7|0|1024|1024|7|10|0
THREAD|110|2|30680|30706|90001|ThreadPoolForeg|0.060|0.0|0.000|1|3|5|0-7|0|1024|1024|137|250|121
THREAD|110|3|30630|9782|10324|binder:30630_7|0.000|0.0|0.000|0|0|0|0-7|0|1024|1024|246|472|239
THREAD|110|4|26538|9612|10195|binder:26538_8|0.000|0.0|0.000|0|0|0|0-7|0|1024|1024|3363|6441|3306
THREAD|110|5|26538|9470|10195|binder:26538_B|0.000|0.0|0.000|0|6|6|0-7|0|1024|1024|2531|4304|2105
THREAD|110|6|10622|8513|10201|ExoPlayer:Playb|0.000|0.0|0.000|0|4|4|0-7|0|1024|1024|6463|10331|51
THREAD|110|7|10622|8509|10201|ExoPlayer:Playb|0.000|0.0|0.000|0|1|1|0-7|0|1024|1024|6331|10327|49
THREAD|110|8|26538|8364|10195|IMM.binder-emu|0.000|0.0|0.000|0|2|2|0-7|0|1024|1024|15737|23850|1039
THREAD|110|9|26538|8336|10195|Primes-Jank|0.000|0.0|0.000|0|4|4|0-7|0|1024|1024|16074|23866|1131
THREAD|110|10|5032|7304|10117|DefaultDispatch|0.000|0.0|0.000|0|0|0|0-7|0|1024|1024|536|1320|123
WINDOW|seq=111|t_cs=16145468|wall_ms=250|threads=340|busy_threads=0|total_runtime_ms=0.000|total_runq_wait_ms=0.000|tgids=5032,10622,22534,26538,27172,30630,30680
THREAD|111|1|30630|9782|10324|binder:30630_7|0.000|0.0|0.000|0|0|0|0-7|0|1024|1024|246|472|239
THREAD|111|2|26538|9612|10195|binder:26538_8|0.000|0.0|0.000|0|0|0|0-7|0|1024|1024|3363|6441|3306
THREAD|111|3|26538|9470|10195|binder:26538_B|0.000|0.0|0.000|0|6|6|0-7|0|1024|1024|2531|4304|2105
THREAD|111|4|10622|8513|10201|ExoPlayer:Playb|0.000|0.0|0.000|0|4|4|0-7|0|1024|1024|6463|10331|51
THREAD|111|5|10622|8509|10201|ExoPlayer:Playb|0.000|0.0|0.000|0|1|1|0-7|0|1024|1024|6331|10327|49
THREAD|111|6|26538|8364|10195|IMM.binder-emu|0.000|0.0|0.000|0|2|2|0-7|0|1024|1024|15737|23850|1039
THREAD|111|7|26538|8336|10195|Primes-Jank|0.000|0.0|0.000|0|4|4|0-7|0|1024|1024|16074|23866|1131
THREAD|111|8|5032|7304|10117|DefaultDispatch|0.000|0.0|0.000|0|0|0|0-7|0|1024|1024|536|1320|123
THREAD|111|9|5032|7262|10117|DefaultDispatch|0.000|0.0|0.000|0|5|5|0-7|0|1024|1024|505|1375|93
THREAD|111|10|26538|5842|10195|glide-active-re|0.000|0.0|0.000|0|3|3|0-7|0|1024|1024|4|8|4
WINDOW|seq=112|t_cs=16145496|wall_ms=280|threads=340|busy_threads=10|total_runtime_ms=42.345|total_runq_wait_ms=28.276|tgids=5032,10622,22534,26538,27172,30630,30680
THREAD|112|1|30680|30700|90001|CrRendererMain|16.551|5.9|0.078|8|0|3|0-7|0|1024|1024|920|1481|156
THREAD|112|2|30680|30706|90001|ThreadPoolForeg|9.389|3.3|0.616|16|5|1|0-7|0|1024|1024|140|259|129
THREAD|112|3|30680|30707|90001|ThreadPoolForeg|6.273|2.2|3.344|6|0|4|0-7|0|1024|1024|40|73|22
THREAD|112|4|30680|30708|90001|ThreadPoolForeg|5.962|2.1|0.767|7|2|0|0-7|0|1024|1024|17|27|12
THREAD|112|5|30680|2455|90001|ThreadPoolForeg|3.197|1.1|3.454|5|5|3|0-7|0|1024|1024|9|13|2
THREAD|112|6|22534|22534|10192|.android.chrome|0.273|0.0|0.000|2|1|0|0-7|0|1024|1024|1391|3514|152
THREAD|112|7|30680|2452|90001|ThreadPoolForeg|0.257|0.0|6.732|4|2|2|0-7|0|1024|1024|10|10|1
THREAD|112|8|30680|30750|90001|ThreadPoolForeg|0.237|0.0|6.668|4|2|4|0-7|0|1024|1024|10|12|4
THREAD|112|9|30680|30710|90001|Chrome_ChildIOT|0.144|0.0|0.000|1|2|4|0-7|0|1024|1024|289|614|12
THREAD|112|10|30680|2453|90001|ThreadPoolForeg|0.058|0.0|6.613|3|3|4|0-7|0|1024|1024|8|9|0
WINDOW|seq=113|t_cs=16145522|wall_ms=260|threads=340|busy_threads=7|total_runtime_ms=10.090|total_runq_wait_ms=0.092|tgids=5032,10622,22534,26538,27172,30630,30680
THREAD|113|1|30680|30700|90001|CrRendererMain|5.391|2.0|0.005|2|3|1|0-7|0|1024|1024|921|1482|156
THREAD|113|2|30680|30706|90001|ThreadPoolForeg|2.680|1.0|0.035|1|1|3|0-7|0|1024|1024|140|259|129
THREAD|113|3|30680|30707|90001|ThreadPoolForeg|0.815|0.3|0.050|2|4|4|0-7|0|1024|1024|40|73|22
THREAD|113|4|22534|27048|10192|Chrome_ProcessL|0.540|0.2|0.000|1|1|5|0-7|0|1024|1024|39|42|37
THREAD|113|5|27172|27239|10192|CrGpuMain|0.297|0.1|0.000|1|0|0|0-7|0|1024|1024|321|541|64
THREAD|113|6|22534|27086|10192|Chrome_IOThread|0.269|0.1|0.000|2|4|1|0-7|0|1024|1024|898|1847|51
THREAD|113|7|22534|22534|10192|.android.chrome|0.096|0.0|0.000|1|0|4|0-7|0|1024|1024|1391|3514|152
THREAD|113|8|30630|9782|10324|binder:30630_7|0.000|0.0|0.000|0|0|0|0-7|0|1024|1024|246|472|239
THREAD|113|9|26538|9612|10195|binder:26538_8|0.000|0.0|0.000|0|0|0|0-7|0|1024|1024|3363|6441|3306
THREAD|113|10|26538|9470|10195|binder:26538_B|0.000|0.0|0.000|0|6|6|0-7|0|1024|1024|2531|4304|2105
WINDOW|seq=114|t_cs=16145548|wall_ms=260|threads=340|busy_threads=0|total_runtime_ms=0.000|total_runq_wait_ms=0.000|tgids=5032,10622,22534,26538,27172,30630,30680
THREAD|114|1|30630|9782|10324|binder:30630_7|0.000|0.0|0.000|0|0|0|0-7|0|1024|1024|246|472|239
THREAD|114|2|26538|9612|10195|binder:26538_8|0.000|0.0|0.000|0|0|0|0-7|0|1024|1024|3363|6441|3306
THREAD|114|3|26538|9470|10195|binder:26538_B|0.000|0.0|0.000|0|6|6|0-7|0|1024|1024|2531|4304|2105
THREAD|114|4|10622|8513|10201|ExoPlayer:Playb|0.000|0.0|0.000|0|4|4|0-7|0|1024|1024|6463|10331|51
THREAD|114|5|10622|8509|10201|ExoPlayer:Playb|0.000|0.0|0.000|0|1|1|0-7|0|1024|1024|6331|10327|49
THREAD|114|6|26538|8364|10195|IMM.binder-emu|0.000|0.0|0.000|0|2|2|0-7|0|1024|1024|15737|23850|1039
THREAD|114|7|26538|8336|10195|Primes-Jank|0.000|0.0|0.000|0|4|4|0-7|0|1024|1024|16074|23866|1131
THREAD|114|8|5032|7304|10117|DefaultDispatch|0.000|0.0|0.000|0|0|0|0-7|0|1024|1024|536|1320|123
THREAD|114|9|5032|7262|10117|DefaultDispatch|0.000|0.0|0.000|0|5|5|0-7|0|1024|1024|505|1375|93
THREAD|114|10|26538|5842|10195|glide-active-re|0.000|0.0|0.000|0|3|3|0-7|0|1024|1024|4|8|4
WINDOW|seq=115|t_cs=16145574|wall_ms=260|threads=340|busy_threads=2|total_runtime_ms=0.564|total_runq_wait_ms=0.032|tgids=5032,10622,22534,26538,27172,30630,30680
THREAD|115|1|30680|30685|90001|HeapTaskDaemon|0.319|0.1|0.032|1|5|4|0-7|0|1024|1024|4|7|2
THREAD|115|2|22534|22534|10192|.android.chrome|0.244|0.0|0.000|1|4|0|0-7|0|1024|1024|1392|3515|152
THREAD|115|3|30630|9782|10324|binder:30630_7|0.000|0.0|0.000|0|0|0|0-7|0|1024|1024|246|472|239
THREAD|115|4|26538|9612|10195|binder:26538_8|0.000|0.0|0.000|0|0|0|0-7|0|1024|1024|3363|6441|3306
THREAD|115|5|26538|9470|10195|binder:26538_B|0.000|0.0|0.000|0|6|6|0-7|0|1024|1024|2531|4304|2105
THREAD|115|6|10622|8513|10201|ExoPlayer:Playb|0.000|0.0|0.000|0|4|4|0-7|0|1024|1024|6463|10331|51
THREAD|115|7|10622|8509|10201|ExoPlayer:Playb|0.000|0.0|0.000|0|1|1|0-7|0|1024|1024|6331|10327|49
THREAD|115|8|26538|8364|10195|IMM.binder-emu|0.000|0.0|0.000|0|2|2|0-7|0|1024|1024|15737|23850|1039
THREAD|115|9|26538|8336|10195|Primes-Jank|0.000|0.0|0.000|0|4|4|0-7|0|1024|1024|16074|23866|1131
THREAD|115|10|5032|7304|10117|DefaultDispatch|0.000|0.0|0.000|0|0|0|0-7|0|1024|1024|536|1320|123
WINDOW|seq=116|t_cs=16145602|wall_ms=280|threads=340|busy_threads=0|total_runtime_ms=0.000|total_runq_wait_ms=0.000|tgids=5032,10622,22534,26538,27172,30630,30680
THREAD|116|1|30630|9782|10324|binder:30630_7|0.000|0.0|0.000|0|0|0|0-7|0|1024|1024|246|472|239
THREAD|116|2|26538|9612|10195|binder:26538_8|0.000|0.0|0.000|0|0|0|0-7|0|1024|1024|3363|6441|3306
THREAD|116|3|26538|9470|10195|binder:26538_B|0.000|0.0|0.000|0|6|6|0-7|0|1024|1024|2531|4304|2105
THREAD|116|4|10622|8513|10201|ExoPlayer:Playb|0.000|0.0|0.000|0|4|4|0-7|0|1024|1024|6463|10331|51
THREAD|116|5|10622|8509|10201|ExoPlayer:Playb|0.000|0.0|0.000|0|1|1|0-7|0|1024|1024|6331|10327|49
THREAD|116|6|26538|8364|10195|IMM.binder-emu|0.000|0.0|0.000|0|2|2|0-7|0|1024|1024|15737|23850|1039
THREAD|116|7|26538|8336|10195|Primes-Jank|0.000|0.0|0.000|0|4|4|0-7|0|1024|1024|16074|23866|1131
THREAD|116|8|5032|7304|10117|DefaultDispatch|0.000|0.0|0.000|0|0|0|0-7|0|1024|1024|536|1320|123
THREAD|116|9|5032|7262|10117|DefaultDispatch|0.000|0.0|0.000|0|5|5|0-7|0|1024|1024|505|1375|93
THREAD|116|10|26538|5842|10195|glide-active-re|0.000|0.0|0.000|0|3|3|0-7|0|1024|1024|4|8|4
WINDOW|seq=117|t_cs=16145626|wall_ms=240|threads=340|busy_threads=0|total_runtime_ms=0.000|total_runq_wait_ms=0.000|tgids=5032,10622,22534,26538,27172,30630,30680
THREAD|117|1|30630|9782|10324|binder:30630_7|0.000|0.0|0.000|0|0|0|0-7|0|1024|1024|246|472|239
THREAD|117|2|26538|9612|10195|binder:26538_8|0.000|0.0|0.000|0|0|0|0-7|0|1024|1024|3363|6441|3306
THREAD|117|3|26538|9470|10195|binder:26538_B|0.000|0.0|0.000|0|6|6|0-7|0|1024|1024|2531|4304|2105
THREAD|117|4|10622|8513|10201|ExoPlayer:Playb|0.000|0.0|0.000|0|4|4|0-7|0|1024|1024|6463|10331|51
THREAD|117|5|10622|8509|10201|ExoPlayer:Playb|0.000|0.0|0.000|0|1|1|0-7|0|1024|1024|6331|10327|49
THREAD|117|6|26538|8364|10195|IMM.binder-emu|0.000|0.0|0.000|0|2|2|0-7|0|1024|1024|15737|23850|1039
THREAD|117|7|26538|8336|10195|Primes-Jank|0.000|0.0|0.000|0|4|4|0-7|0|1024|1024|16074|23866|1131
THREAD|117|8|5032|7304|10117|DefaultDispatch|0.000|0.0|0.000|0|0|0|0-7|0|1024|1024|536|1320|123
THREAD|117|9|5032|7262|10117|DefaultDispatch|0.000|0.0|0.000|0|5|5|0-7|0|1024|1024|505|1375|93
THREAD|117|10|26538|5842|10195|glide-active-re|0.000|0.0|0.000|0|3|3|0-7|0|1024|1024|4|8|4
WINDOW|seq=118|t_cs=16145655|wall_ms=290|threads=339|busy_threads=0|total_runtime_ms=0.000|total_runq_wait_ms=0.000|tgids=5032,10622,22534,26538,27172,30630,30680
THREAD|118|1|30630|9782|10324|binder:30630_7|0.000|0.0|0.000|0|0|0|0-7|0|1024|1024|246|472|239
THREAD|118|2|26538|9612|10195|binder:26538_8|0.000|0.0|0.000|0|0|0|0-7|0|1024|1024|3363|6441|3306
THREAD|118|3|26538|9470|10195|binder:26538_B|0.000|0.0|0.000|0|6|6|0-7|0|1024|1024|2531|4304|2105
THREAD|118|4|10622|8513|10201|ExoPlayer:Playb|0.000|0.0|0.000|0|4|4|0-7|0|1024|1024|6463|10331|51
THREAD|118|5|10622|8509|10201|ExoPlayer:Playb|0.000|0.0|0.000|0|1|1|0-7|0|1024|1024|6331|10327|49
THREAD|118|6|26538|8364|10195|IMM.binder-emu|0.000|0.0|0.000|0|2|2|0-7|0|1024|1024|15737|23850|1039
THREAD|118|7|26538|8336|10195|Primes-Jank|0.000|0.0|0.000|0|4|4|0-7|0|1024|1024|16074|23866|1131
THREAD|118|8|5032|7304|10117|DefaultDispatch|0.000|0.0|0.000|0|0|0|0-7|0|1024|1024|536|1320|123
THREAD|118|9|5032|7262|10117|DefaultDispatch|0.000|0.0|0.000|0|5|5|0-7|0|1024|1024|505|1375|93
THREAD|118|10|26538|5842|10195|glide-active-re|0.000|0.0|0.000|0|3|3|0-7|0|1024|1024|4|8|4
WINDOW|seq=119|t_cs=16145683|wall_ms=280|threads=339|busy_threads=1|total_runtime_ms=0.089|total_runq_wait_ms=0.000|tgids=5032,10622,22534,26538,27172,30630,30680
THREAD|119|1|22534|22534|10192|.android.chrome|0.089|0.0|0.000|1|0|0|0-7|0|1024|1024|1392|3517|154
THREAD|119|2|30630|9782|10324|binder:30630_7|0.000|0.0|0.000|0|0|0|0-7|0|1024|1024|246|472|239
THREAD|119|3|26538|9612|10195|binder:26538_8|0.000|0.0|0.000|0|0|0|0-7|0|1024|1024|3363|6441|3306
THREAD|119|4|26538|9470|10195|binder:26538_B|0.000|0.0|0.000|0|6|6|0-7|0|1024|1024|2531|4304|2105
THREAD|119|5|10622|8513|10201|ExoPlayer:Playb|0.000|0.0|0.000|0|4|4|0-7|0|1024|1024|6463|10331|51
THREAD|119|6|10622|8509|10201|ExoPlayer:Playb|0.000|0.0|0.000|0|1|1|0-7|0|1024|1024|6331|10327|49
THREAD|119|7|26538|8364|10195|IMM.binder-emu|0.000|0.0|0.000|0|2|2|0-7|0|1024|1024|15737|23850|1039
THREAD|119|8|26538|8336|10195|Primes-Jank|0.000|0.0|0.000|0|4|4|0-7|0|1024|1024|16074|23866|1131
THREAD|119|9|5032|7304|10117|DefaultDispatch|0.000|0.0|0.000|0|0|0|0-7|0|1024|1024|536|1320|123
THREAD|119|10|5032|7262|10117|DefaultDispatch|0.000|0.0|0.000|0|5|5|0-7|0|1024|1024|505|1375|93
WINDOW|seq=120|t_cs=16145707|wall_ms=240|threads=339|busy_threads=3|total_runtime_ms=9.249|total_runq_wait_ms=0.266|tgids=5032,10622,22534,26538,27172,30630,30680
THREAD|120|1|22534|26965|10192|ThreadPoolForeg|6.815|2.8|0.015|12|1|2|0-7|0|1024|1024|704|1697|569
THREAD|120|2|22534|22534|10192|.android.chrome|2.265|0.9|0.242|4|0|1|0-7|0|1024|1024|1393|3518|154
THREAD|120|3|22534|27090|10192|NetworkService|0.168|0.0|0.008|2|0|4|0-7|0|1024|1024|537|1352|539
THREAD|120|4|30630|9782|10324|binder:30630_7|0.000|0.0|0.000|0|0|0|0-7|0|1024|1024|246|472|239
THREAD|120|5|26538|9612|10195|binder:26538_8|0.000|0.0|0.000|0|0|0|0-7|0|1024|1024|3363|6441|3306
THREAD|120|6|26538|9470|10195|binder:26538_B|0.000|0.0|0.000|0|6|6|0-7|0|1024|1024|2531|4304|2105
THREAD|120|7|10622|8513|10201|ExoPlayer:Playb|0.000|0.0|0.000|0|4|4|0-7|0|1024|1024|6463|10331|51
THREAD|120|8|10622|8509|10201|ExoPlayer:Playb|0.000|0.0|0.000|0|1|1|0-7|0|1024|1024|6331|10327|49
THREAD|120|9|26538|8364|10195|IMM.binder-emu|0.000|0.0|0.000|0|2|2|0-7|0|1024|1024|15737|23850|1039
THREAD|120|10|26538|8336|10195|Primes-Jank|0.000|0.0|0.000|0|4|4|0-7|0|1024|1024|16074|23866|1131
WINDOW|seq=121|t_cs=16145733|wall_ms=260|threads=339|busy_threads=3|total_runtime_ms=5.866|total_runq_wait_ms=0.023|tgids=5032,10622,22534,26538,27172,30630,30680
THREAD|121|1|22534|26965|10192|ThreadPoolForeg|4.180|1.6|0.000|8|2|4|0-7|0|1024|1024|705|1701|569
THREAD|121|2|22534|27090|10192|NetworkService|1.563|0.6|0.023|2|4|0|0-7|0|1024|1024|537|1352|539
THREAD|121|3|22534|26963|10192|ThreadPoolServi|0.122|0.0|0.000|1|0|0|0-7|0|1024|1024|20|39|8
THREAD|121|4|30630|9782|10324|binder:30630_7|0.000|0.0|0.000|0|0|0|0-7|0|1024|1024|246|472|239
THREAD|121|5|26538|9612|10195|binder:26538_8|0.000|0.0|0.000|0|0|0|0-7|0|1024|1024|3363|6441|3306
THREAD|121|6|26538|9470|10195|binder:26538_B|0.000|0.0|0.000|0|6|6|0-7|0|1024|1024|2531|4304|2105
THREAD|121|7|10622|8513|10201|ExoPlayer:Playb|0.000|0.0|0.000|0|4|4|0-7|0|1024|1024|6463|10331|51
THREAD|121|8|10622|8509|10201|ExoPlayer:Playb|0.000|0.0|0.000|0|1|1|0-7|0|1024|1024|6331|10327|49
THREAD|121|9|26538|8364|10195|IMM.binder-emu|0.000|0.0|0.000|0|2|2|0-7|0|1024|1024|15737|23850|1039
THREAD|121|10|26538|8336|10195|Primes-Jank|0.000|0.0|0.000|0|4|4|0-7|0|1024|1024|16074|23866|1131
WINDOW|seq=122|t_cs=16145761|wall_ms=280|threads=339|busy_threads=0|total_runtime_ms=0.000|total_runq_wait_ms=0.000|tgids=5032,10622,22534,26538,27172,30630,30680
THREAD|122|1|30630|9782|10324|binder:30630_7|0.000|0.0|0.000|0|0|0|0-7|0|1024|1024|246|472|239
THREAD|122|2|26538|9612|10195|binder:26538_8|0.000|0.0|0.000|0|0|0|0-7|0|1024|1024|3363|6441|3306
THREAD|122|3|26538|9470|10195|binder:26538_B|0.000|0.0|0.000|0|6|6|0-7|0|1024|1024|2531|4304|2105
THREAD|122|4|10622|8513|10201|ExoPlayer:Playb|0.000|0.0|0.000|0|4|4|0-7|0|1024|1024|6463|10331|51
THREAD|122|5|10622|8509|10201|ExoPlayer:Playb|0.000|0.0|0.000|0|1|1|0-7|0|1024|1024|6331|10327|49
THREAD|122|6|26538|8364|10195|IMM.binder-emu|0.000|0.0|0.000|0|2|2|0-7|0|1024|1024|15737|23850|1039
THREAD|122|7|26538|8336|10195|Primes-Jank|0.000|0.0|0.000|0|4|4|0-7|0|1024|1024|16074|23866|1131
THREAD|122|8|5032|7304|10117|DefaultDispatch|0.000|0.0|0.000|0|0|0|0-7|0|1024|1024|536|1320|123
THREAD|122|9|5032|7262|10117|DefaultDispatch|0.000|0.0|0.000|0|5|5|0-7|0|1024|1024|505|1375|93
THREAD|122|10|26538|5842|10195|glide-active-re|0.000|0.0|0.000|0|3|3|0-7|0|1024|1024|4|8|4
END|windows=122|elapsed_s=32
