META|version=2|duration_s=32|interval_ms=250|top_n=10|kernel=6.6.118-android15-8-g2e6b9c3812c5-ab15114928-4k|read_only=yes
FIELDS|THREAD|seq|rank|tgid|tid|uid|comm|runtime_ms|runtime_pct|runq_wait_ms|slices|cpu_start|cpu_end|allowed|uclamp_min|uclamp_max|uclamp_max_eff|migrations_total|vol_ctx_total|nonvol_ctx_total
WINDOW|seq=1|t_cs=16145830|wall_ms=300|threads=339|busy_threads=0|total_runtime_ms=0.000|total_runq_wait_ms=0.000|tgids=5032,10622,22534,26538,27172,30630,30680
THREAD|1|1|30630|9782|10324|binder:30630_7|0.000|0.0|0.000|0|0|0|0-7|0|1024|1024|246|472|239
THREAD|1|2|26538|9612|10195|binder:26538_8|0.000|0.0|0.000|0|0|0|0-7|0|1024|1024|3363|6441|3306
THREAD|1|3|26538|9470|10195|binder:26538_B|0.000|0.0|0.000|0|6|6|0-7|0|1024|1024|2531|4304|2105
THREAD|1|4|10622|8513|10201|ExoPlayer:Playb|0.000|0.0|0.000|0|4|4|0-7|0|1024|1024|6463|10331|51
THREAD|1|5|10622|8509|10201|ExoPlayer:Playb|0.000|0.0|0.000|0|1|1|0-7|0|1024|1024|6331|10327|49
THREAD|1|6|26538|8364|10195|IMM.binder-emu|0.000|0.0|0.000|0|2|2|0-7|0|1024|1024|15737|23850|1039
THREAD|1|7|26538|8336|10195|Primes-Jank|0.000|0.0|0.000|0|4|4|0-7|0|1024|1024|16074|23866|1131
THREAD|1|8|5032|7304|10117|DefaultDispatch|0.000|0.0|0.000|0|0|0|0-7|0|1024|1024|536|1320|123
THREAD|1|9|5032|7262|10117|DefaultDispatch|0.000|0.0|0.000|0|5|5|0-7|0|1024|1024|505|1375|93
THREAD|1|10|26538|5842|10195|glide-active-re|0.000|0.0|0.000|0|3|3|0-7|0|1024|1024|4|8|4
WINDOW|seq=2|t_cs=16145859|wall_ms=290|threads=339|busy_threads=0|total_runtime_ms=0.000|total_runq_wait_ms=0.000|tgids=5032,10622,22534,26538,27172,30630,30680
THREAD|2|1|30630|9782|10324|binder:30630_7|0.000|0.0|0.000|0|0|0|0-7|0|1024|1024|246|472|239
THREAD|2|2|26538|9612|10195|binder:26538_8|0.000|0.0|0.000|0|0|0|0-7|0|1024|1024|3363|6441|3306
THREAD|2|3|26538|9470|10195|binder:26538_B|0.000|0.0|0.000|0|6|6|0-7|0|1024|1024|2531|4304|2105
THREAD|2|4|10622|8513|10201|ExoPlayer:Playb|0.000|0.0|0.000|0|4|4|0-7|0|1024|1024|6463|10331|51
THREAD|2|5|10622|8509|10201|ExoPlayer:Playb|0.000|0.0|0.000|0|1|1|0-7|0|1024|1024|6331|10327|49
THREAD|2|6|26538|8364|10195|IMM.binder-emu|0.000|0.0|0.000|0|2|2|0-7|0|1024|1024|15737|23850|1039
THREAD|2|7|26538|8336|10195|Primes-Jank|0.000|0.0|0.000|0|4|4|0-7|0|1024|1024|16074|23866|1131
THREAD|2|8|5032|7304|10117|DefaultDispatch|0.000|0.0|0.000|0|0|0|0-7|0|1024|1024|536|1320|123
THREAD|2|9|5032|7262|10117|DefaultDispatch|0.000|0.0|0.000|0|5|5|0-7|0|1024|1024|505|1375|93
THREAD|2|10|26538|5842|10195|glide-active-re|0.000|0.0|0.000|0|3|3|0-7|0|1024|1024|4|8|4
WINDOW|seq=3|t_cs=16145886|wall_ms=270|threads=339|busy_threads=2|total_runtime_ms=2.475|total_runq_wait_ms=0.006|tgids=5032,10622,22534,26538,27172,30630,30680
THREAD|3|1|22534|22534|10192|.android.chrome|2.187|0.8|0.006|3|0|0|0-7|0|1024|1024|1396|3521|155
THREAD|3|2|22534|26965|10192|ThreadPoolForeg|0.288|0.1|0.000|1|4|4|0-7|0|1024|1024|705|1702|569
THREAD|3|3|30630|9782|10324|binder:30630_7|0.000|0.0|0.000|0|0|0|0-7|0|1024|1024|246|472|239
THREAD|3|4|26538|9612|10195|binder:26538_8|0.000|0.0|0.000|0|0|0|0-7|0|1024|1024|3363|6441|3306
THREAD|3|5|26538|9470|10195|binder:26538_B|0.000|0.0|0.000|0|6|6|0-7|0|1024|1024|2531|4304|2105
THREAD|3|6|10622|8513|10201|ExoPlayer:Playb|0.000|0.0|0.000|0|4|4|0-7|0|1024|1024|6463|10331|51
THREAD|3|7|10622|8509|10201|ExoPlayer:Playb|0.000|0.0|0.000|0|1|1|0-7|0|1024|1024|6331|10327|49
THREAD|3|8|26538|8364|10195|IMM.binder-emu|0.000|0.0|0.000|0|2|2|0-7|0|1024|1024|15737|23850|1039
THREAD|3|9|26538|8336|10195|Primes-Jank|0.000|0.0|0.000|0|4|4|0-7|0|1024|1024|16074|23866|1131
THREAD|3|10|5032|7304|10117|DefaultDispatch|0.000|0.0|0.000|0|0|0|0-7|0|1024|1024|536|1320|123
WINDOW|seq=4|t_cs=16145910|wall_ms=240|threads=339|busy_threads=12|total_runtime_ms=20.048|total_runq_wait_ms=1.047|tgids=5032,10622,22534,26538,27172,30630,30680
THREAD|4|1|27172|27307|10192|CompositorGpuTh|7.196|2.9|0.442|8|0|2|0-7|0|1024|1024|1488|1454|1030
THREAD|4|2|30680|30700|90001|CrRendererMain|4.578|1.9|0.000|4|1|2|0-7|0|1024|1024|925|1487|156
THREAD|4|3|30680|30710|90001|Chrome_ChildIOT|2.072|0.8|0.000|8|4|2|0-7|0|1024|1024|294|622|12
THREAD|4|4|27172|27302|10192|ThreadPoolForeg|1.826|0.7|0.000|2|1|1|0-7|0|1024|1024|5|12|4
THREAD|4|5|27172|27305|10192|VizCompositorTh|1.194|0.4|0.000|8|1|2|0-7|0|1024|1024|2176|3332|183
THREAD|4|6|30680|30712|90001|Compositor|0.998|0.4|0.000|11|0|2|0-7|0|1024|1024|1578|3244|272
THREAD|4|7|27172|27303|10192|Chrome_ChildIOT|0.950|0.3|0.000|2|0|3|0-7|0|1024|1024|124|270|3
THREAD|4|8|22534|27090|10192|NetworkService|0.539|0.2|0.000|1|0|2|0-7|0|1024|1024|544|1370|549
THREAD|4|9|26538|26912|10195|handlerThread|0.297|0.1|0.331|5|5|3|0-7|0|1024|1024|18636|29023|2933
THREAD|4|10|26538|26538|10195|putmethod.latin|0.273|0.1|0.000|3|1|0|0-7|0|1024|1024|102669|160780|27430
WINDOW|seq=5|t_cs=16145935|wall_ms=250|threads=339|busy_threads=25|total_runtime_ms=61.585|total_runq_wait_ms=11.122|tgids=5032,10622,22534,26538,27172,30630,30680
THREAD|5|1|22534|22534|10192|.android.chrome|31.598|12.6|0.018|33|0|1|0-7|0|1024|1024|1404|3553|157
THREAD|5|2|22534|26965|10192|ThreadPoolForeg|7.838|3.1|1.083|29|4|3|0-7|0|1024|1024|714|1727|573
THREAD|5|3|22534|27090|10192|NetworkService|7.358|2.9|2.028|101|2|3|0-7|0|1024|1024|561|1444|549
THREAD|5|4|22534|26983|10192|ThreadPoolForeg|5.935|2.3|0.578|16|5|4|0-7|0|1024|1024|345|885|319
THREAD|5|5|22534|27000|10192|ThreadPoolForeg|1.379|0.5|0.161|10|5|0|0-7|0|1024|1024|386|946|277
THREAD|5|6|22534|26992|10192|queued-work-loo|1.249|0.4|1.539|4|0|0|0-7|0|1024|1024|39|87|30
THREAD|5|7|27172|27305|10192|VizCompositorTh|1.205|0.4|0.031|14|2|0|0-7|0|1024|1024|2180|3338|183
THREAD|5|8|22534|27038|10192|ThreadPoolForeg|0.997|0.3|0.227|11|1|1|0-7|0|1024|1024|263|552|276
THREAD|5|9|27172|27307|10192|CompositorGpuTh|0.908|0.3|0.546|7|2|0|0-7|0|1024|1024|1489|1455|1030
THREAD|5|10|22534|27086|10192|Chrome_IOThread|0.808|0.3|0.060|19|1|0|0-7|0|1024|1024|912|1866|51
WINDOW|seq=6|t_cs=16145961|wall_ms=260|threads=339|busy_threads=2|total_runtime_ms=4.103|total_runq_wait_ms=0.185|tgids=5032,10622,22534,26538,27172,30630,30680
THREAD|6|1|22534|27090|10192|NetworkService|4.056|1.5|0.185|10|3|1|0-7|0|1024|1024|562|1454|549
THREAD|6|2|22534|22534|10192|.android.chrome|0.047|0.0|0.000|1|1|0|0-7|0|1024|1024|1404|3554|157
THREAD|6|3|30630|9782|10324|binder:30630_7|0.000|0.0|0.000|0|0|0|0-7|0|1024|1024|246|472|239
THREAD|6|4|26538|9612|10195|binder:26538_8|0.000|0.0|0.000|0|0|0|0-7|0|1024|1024|3363|6441|3306
THREAD|6|5|26538|9470|10195|binder:26538_B|0.000|0.0|0.000|0|6|6|0-7|0|1024|1024|2531|4304|2105
THREAD|6|6|10622|8513|10201|ExoPlayer:Playb|0.000|0.0|0.000|0|4|4|0-7|0|1024|1024|6463|10331|51
THREAD|6|7|10622|8509|10201|ExoPlayer:Playb|0.000|0.0|0.000|0|1|1|0-7|0|1024|1024|6331|10327|49
THREAD|6|8|26538|8364|10195|IMM.binder-emu|0.000|0.0|0.000|0|2|2|0-7|0|1024|1024|15737|23850|1039
THREAD|6|9|26538|8336|10195|Primes-Jank|0.000|0.0|0.000|0|4|4|0-7|0|1024|1024|16074|23866|1131
THREAD|6|10|5032|7304|10117|DefaultDispatch|0.000|0.0|0.000|0|0|0|0-7|0|1024|1024|536|1320|123
WINDOW|seq=7|t_cs=16145988|wall_ms=270|threads=339|busy_threads=4|total_runtime_ms=6.620|total_runq_wait_ms=1.249|tgids=5032,10622,22534,26538,27172,30630,30680
THREAD|7|1|22534|27090|10192|NetworkService|5.051|1.8|1.047|15|1|0|0-7|0|1024|1024|569|1463|555
THREAD|7|2|22534|22534|10192|.android.chrome|1.235|0.4|0.000|8|0|4|0-7|0|1024|1024|1407|3561|157
THREAD|7|3|22534|26965|10192|ThreadPoolForeg|0.258|0.0|0.202|4|3|1|0-7|0|1024|1024|718|1728|576
THREAD|7|4|22534|26983|10192|ThreadPoolForeg|0.075|0.0|0.000|4|4|1|0-7|0|1024|1024|346|889|319
THREAD|7|5|30630|9782|10324|binder:30630_7|0.000|0.0|0.000|0|0|0|0-7|0|1024|1024|246|472|239
THREAD|7|6|26538|9612|10195|binder:26538_8|0.000|0.0|0.000|0|0|0|0-7|0|1024|1024|3363|6441|3306
THREAD|7|7|26538|9470|10195|binder:26538_B|0.000|0.0|0.000|0|6|6|0-7|0|1024|1024|2531|4304|2105
THREAD|7|8|10622|8513|10201|ExoPlayer:Playb|0.000|0.0|0.000|0|4|4|0-7|0|1024|1024|6463|10331|51
THREAD|7|9|10622|8509|10201|ExoPlayer:Playb|0.000|0.0|0.000|0|1|1|0-7|0|1024|1024|6331|10327|49
THREAD|7|10|26538|8364|10195|IMM.binder-emu|0.000|0.0|0.000|0|2|2|0-7|0|1024|1024|15737|23850|1039
WINDOW|seq=8|t_cs=16146015|wall_ms=270|threads=339|busy_threads=2|total_runtime_ms=0.256|total_runq_wait_ms=0.000|tgids=5032,10622,22534,26538,27172,30630,30680
THREAD|8|1|30680|30712|90001|Compositor|0.134|0.0|0.000|1|5|0|0-7|0|1024|1024|1581|3248|272
THREAD|8|2|27172|27307|10192|CompositorGpuTh|0.121|0.0|0.000|1|0|0|0-7|0|1024|1024|1489|1456|1030
THREAD|8|3|30630|9782|10324|binder:30630_7|0.000|0.0|0.000|0|0|0|0-7|0|1024|1024|246|472|239
THREAD|8|4|26538|9612|10195|binder:26538_8|0.000|0.0|0.000|0|0|0|0-7|0|1024|1024|3363|6441|3306
THREAD|8|5|26538|9470|10195|binder:26538_B|0.000|0.0|0.000|0|6|6|0-7|0|1024|1024|2531|4304|2105
THREAD|8|6|10622|8513|10201|ExoPlayer:Playb|0.000|0.0|0.000|0|4|4|0-7|0|1024|1024|6463|10331|51
THREAD|8|7|10622|8509|10201|ExoPlayer:Playb|0.000|0.0|0.000|0|1|1|0-7|0|1024|1024|6331|10327|49
THREAD|8|8|26538|8364|10195|IMM.binder-emu|0.000|0.0|0.000|0|2|2|0-7|0|1024|1024|15737|23850|1039
THREAD|8|9|26538|8336|10195|Primes-Jank|0.000|0.0|0.000|0|4|4|0-7|0|1024|1024|16074|23866|1131
THREAD|8|10|5032|7304|10117|DefaultDispatch|0.000|0.0|0.000|0|0|0|0-7|0|1024|1024|536|1320|123
WINDOW|seq=9|t_cs=16146041|wall_ms=260|threads=339|busy_threads=1|total_runtime_ms=0.068|total_runq_wait_ms=0.000|tgids=5032,10622,22534,26538,27172,30630,30680
THREAD|9|1|22534|26963|10192|ThreadPoolServi|0.068|0.0|0.000|1|1|1|0-7|0|1024|1024|21|42|8
THREAD|9|2|30630|9782|10324|binder:30630_7|0.000|0.0|0.000|0|0|0|0-7|0|1024|1024|246|472|239
THREAD|9|3|26538|9612|10195|binder:26538_8|0.000|0.0|0.000|0|0|0|0-7|0|1024|1024|3363|6441|3306
THREAD|9|4|26538|9470|10195|binder:26538_B|0.000|0.0|0.000|0|6|6|0-7|0|1024|1024|2531|4304|2105
THREAD|9|5|10622|8513|10201|ExoPlayer:Playb|0.000|0.0|0.000|0|4|4|0-7|0|1024|1024|6463|10331|51
THREAD|9|6|10622|8509|10201|ExoPlayer:Playb|0.000|0.0|0.000|0|1|1|0-7|0|1024|1024|6331|10327|49
THREAD|9|7|26538|8364|10195|IMM.binder-emu|0.000|0.0|0.000|0|2|2|0-7|0|1024|1024|15737|23850|1039
THREAD|9|8|26538|8336|10195|Primes-Jank|0.000|0.0|0.000|0|4|4|0-7|0|1024|1024|16074|23866|1131
THREAD|9|9|5032|7304|10117|DefaultDispatch|0.000|0.0|0.000|0|0|0|0-7|0|1024|1024|536|1320|123
THREAD|9|10|5032|7262|10117|DefaultDispatch|0.000|0.0|0.000|0|5|5|0-7|0|1024|1024|505|1375|93
WINDOW|seq=10|t_cs=16146067|wall_ms=260|threads=339|busy_threads=1|total_runtime_ms=0.152|total_runq_wait_ms=0.000|tgids=5032,10622,22534,26538,27172,30630,30680
THREAD|10|1|30680|30690|90001|FinalizerWatchd|0.152|0.0|0.000|1|4|4|0-7|0|1024|1024|2|4|0
THREAD|10|2|30630|9782|10324|binder:30630_7|0.000|0.0|0.000|0|0|0|0-7|0|1024|1024|246|472|239
THREAD|10|3|26538|9612|10195|binder:26538_8|0.000|0.0|0.000|0|0|0|0-7|0|1024|1024|3363|6441|3306
THREAD|10|4|26538|9470|10195|binder:26538_B|0.000|0.0|0.000|0|6|6|0-7|0|1024|1024|2531|4304|2105
THREAD|10|5|10622|8513|10201|ExoPlayer:Playb|0.000|0.0|0.000|0|4|4|0-7|0|1024|1024|6463|10331|51
THREAD|10|6|10622|8509|10201|ExoPlayer:Playb|0.000|0.0|0.000|0|1|1|0-7|0|1024|1024|6331|10327|49
THREAD|10|7|26538|8364|10195|IMM.binder-emu|0.000|0.0|0.000|0|2|2|0-7|0|1024|1024|15737|23850|1039
THREAD|10|8|26538|8336|10195|Primes-Jank|0.000|0.0|0.000|0|4|4|0-7|0|1024|1024|16074|23866|1131
THREAD|10|9|5032|7304|10117|DefaultDispatch|0.000|0.0|0.000|0|0|0|0-7|0|1024|1024|536|1320|123
THREAD|10|10|5032|7262|10117|DefaultDispatch|0.000|0.0|0.000|0|5|5|0-7|0|1024|1024|505|1375|93
EVENT|seq=11|type=top_app_changed|from=5032,10622,22534,26538,27172,30630,30680|to=5032,10622,16730,26538|t_cs=16146090
WINDOW|seq=12|t_cs=16146118|wall_ms=280|threads=280|busy_threads=23|total_runtime_ms=23.024|total_runq_wait_ms=2.422|tgids=5032,10622,16730,26538
THREAD|12|1|16730|6286|10563|RenderThread|11.574|4.1|0.105|26|7|0|0-7|0|1024|1024|18898|29322|1675
THREAD|12|2|16730|16730|10563|droid.deskclock|7.069|2.5|0.066|27|6|4|0-7|0|1024|1024|25357|43741|5764
THREAD|12|3|16730|6608|10563|binder:16730_5|0.763|0.2|0.641|9|6|3|0-7|0|1024|1024|576|997|280
THREAD|12|4|5032|23802|10117|Lite_Thread_#3|0.710|0.2|0.137|4|0|2|0-7|0|1024|1024|610|1243|385
THREAD|12|5|5032|5068|10117|BG_Thread_#2|0.338|0.1|0.000|2|3|4|0-7|0|1024|1024|616|1062|381
THREAD|12|6|16730|23541|10563|binder:16730_C|0.335|0.1|0.558|7|5|2|0-7|0|1024|1024|321|793|128
THREAD|12|7|5032|5054|10117|binder:5032_2|0.324|0.1|0.000|1|1|5|0-7|0|1024|1024|575|938|361
THREAD|12|8|16730|11869|10563|binder:16730_9|0.304|0.1|0.298|7|0|0|0-7|0|1024|1024|244|443|133
THREAD|12|9|5032|25701|10117|binder:5032_5|0.247|0.0|0.000|3|1|2|0-7|0|1024|1024|582|951|418
THREAD|12|10|5032|25676|10117|Lite_Thread_#4|0.230|0.0|0.000|1|4|1|0-7|0|1024|1024|597|1188|460
WINDOW|seq=13|t_cs=16146141|wall_ms=230|threads=282|busy_threads=1|total_runtime_ms=0.289|total_runq_wait_ms=0.000|tgids=5032,10622,16730,26538
THREAD|13|1|26538|26538|10195|putmethod.latin|0.289|0.1|0.000|1|1|1|0-7|0|1024|1024|102674|160788|27430
THREAD|13|2|16730|9973|10563|AppSearch_Index|0.000|0.0|0.000|0|3|3|0-7|0|1024|1024|13150|20688|240
THREAD|13|3|16730|9940|10563|AppSearch_Index|0.000|0.0|0.000|0|2|2|0-7|0|1024|1024|13115|20690|232
THREAD|13|4|26538|9612|10195|binder:26538_8|0.000|0.0|0.000|0|4|4|0-7|0|1024|1024|3365|6445|3306
THREAD|13|5|26538|9470|10195|binder:26538_B|0.000|0.0|0.000|0|6|6|0-7|0|1024|1024|2531|4304|2105
THREAD|13|6|10622|8513|10201|ExoPlayer:Playb|0.000|0.0|0.000|0|4|4|0-7|0|1024|1024|6463|10331|51
THREAD|13|7|10622|8509|10201|ExoPlayer:Playb|0.000|0.0|0.000|0|1|1|0-7|0|1024|1024|6331|10327|49
THREAD|13|8|26538|8364|10195|IMM.binder-emu|0.000|0.0|0.000|0|2|2|0-7|0|1024|1024|15737|23850|1039
THREAD|13|9|26538|8336|10195|Primes-Jank|0.000|0.0|0.000|0|4|4|0-7|0|1024|1024|16074|23866|1131
THREAD|13|10|16730|8119|10563|AppSearch_Index|0.000|0.0|0.000|0|3|3|0-7|0|1024|1024|13165|20704|245
WINDOW|seq=14|t_cs=16146169|wall_ms=280|threads=282|busy_threads=1|total_runtime_ms=0.203|total_runq_wait_ms=0.000|tgids=5032,10622,16730,26538
THREAD|14|1|16730|16730|10563|droid.deskclock|0.203|0.0|0.000|1|4|1|0-7|0|1024|1024|25358|43742|5764
THREAD|14|2|16730|9973|10563|AppSearch_Index|0.000|0.0|0.000|0|3|3|0-7|0|1024|1024|13150|20688|240
THREAD|14|3|16730|9940|10563|AppSearch_Index|0.000|0.0|0.000|0|2|2|0-7|0|1024|1024|13115|20690|232
THREAD|14|4|26538|9612|10195|binder:26538_8|0.000|0.0|0.000|0|4|4|0-7|0|1024|1024|3365|6445|3306
THREAD|14|5|26538|9470|10195|binder:26538_B|0.000|0.0|0.000|0|6|6|0-7|0|1024|1024|2531|4304|2105
THREAD|14|6|10622|8513|10201|ExoPlayer:Playb|0.000|0.0|0.000|0|4|4|0-7|0|1024|1024|6463|10331|51
THREAD|14|7|10622|8509|10201|ExoPlayer:Playb|0.000|0.0|0.000|0|1|1|0-7|0|1024|1024|6331|10327|49
THREAD|14|8|26538|8364|10195|IMM.binder-emu|0.000|0.0|0.000|0|2|2|0-7|0|1024|1024|15737|23850|1039
THREAD|14|9|26538|8336|10195|Primes-Jank|0.000|0.0|0.000|0|4|4|0-7|0|1024|1024|16074|23866|1131
THREAD|14|10|16730|8119|10563|AppSearch_Index|0.000|0.0|0.000|0|3|3|0-7|0|1024|1024|13165|20704|245
WINDOW|seq=15|t_cs=16146194|wall_ms=250|threads=282|busy_threads=25|total_runtime_ms=8.897|total_runq_wait_ms=6.988|tgids=5032,10622,16730,26538
THREAD|15|1|5032|23787|10117|Lite_Thread_#1|0.989|0.3|0.298|4|4|1|0-7|0|1024|1024|629|1239|468
THREAD|15|2|5032|23780|10117|Lite_Thread_#0|0.877|0.3|0.192|2|4|0|0-7|0|1024|1024|668|1257|480
THREAD|15|3|26538|7548|10195|AiCoreClientWor|0.705|0.2|0.000|3|3|5|0-7|0|1024|1024|3|5|0
THREAD|15|4|26538|7549|10195|AiCoreClientWor|0.697|0.2|0.086|4|0|5|0-7|0|1024|1024|2|6|0
THREAD|15|5|5032|23802|10117|Lite_Thread_#3|0.657|0.2|0.884|6|2|0|0-7|0|1024|1024|611|1248|386
THREAD|15|6|5032|25676|10117|Lite_Thread_#4|0.654|0.2|0.748|4|1|4|0-7|0|1024|1024|598|1192|460
THREAD|15|7|5032|5060|10117|BG_Thread_#0|0.589|0.2|0.347|3|4|1|0-7|0|1024|1024|657|1132|421
THREAD|15|8|26538|16870|10195|Light-P0-1378|0.566|0.2|0.038|2|5|0|0-7|0|1024|1024|2|5|5
THREAD|15|9|5032|5067|10117|BG_Thread_#1|0.464|0.1|0.438|4|2|1|0-7|0|1024|1024|644|1030|380
THREAD|15|10|5032|25701|10117|binder:5032_5|0.410|0.1|0.000|2|2|4|0-7|0|1024|1024|584|952|419
WINDOW|seq=16|t_cs=16146220|wall_ms=260|threads=284|busy_threads=2|total_runtime_ms=0.310|total_runq_wait_ms=1.408|tgids=5032,10622,16730,26538
THREAD|16|1|26538|26587|10195|binder:26538_4|0.258|0.0|0.879|3|3|0|0-7|0|1024|1024|8438|13640|4785
THREAD|16|2|26538|27611|10195|pool-8-thread-1|0.051|0.0|0.529|3|3|3|0-7|0|1024|1024|4255|8123|445
THREAD|16|3|16730|9973|10563|AppSearch_Index|0.000|0.0|0.000|0|3|3|0-7|0|1024|1024|13150|20688|240
THREAD|16|4|16730|9940|10563|AppSearch_Index|0.000|0.0|0.000|0|2|2|0-7|0|1024|1024|13115|20690|232
THREAD|16|5|26538|9612|10195|binder:26538_8|0.000|0.0|0.000|0|4|4|0-7|0|1024|1024|3365|6445|3306
THREAD|16|6|26538|9470|10195|binder:26538_B|0.000|0.0|0.000|0|6|6|0-7|0|1024|1024|2531|4304|2105
THREAD|16|7|10622|8513|10201|ExoPlayer:Playb|0.000|0.0|0.000|0|4|4|0-7|0|1024|1024|6463|10331|51
THREAD|16|8|10622|8509|10201|ExoPlayer:Playb|0.000|0.0|0.000|0|1|1|0-7|0|1024|1024|6331|10327|49
THREAD|16|9|26538|8364|10195|IMM.binder-emu|0.000|0.0|0.000|0|2|2|0-7|0|1024|1024|15737|23850|1039
THREAD|16|10|26538|8336|10195|Primes-Jank|0.000|0.0|0.000|0|4|4|0-7|0|1024|1024|16074|23866|1131
WINDOW|seq=17|t_cs=16146248|wall_ms=280|threads=284|busy_threads=1|total_runtime_ms=0.038|total_runq_wait_ms=0.000|tgids=5032,10622,16730,26538
THREAD|17|1|16730|16730|10563|droid.deskclock|0.038|0.0|0.000|1|0|0|0-7|0|1024|1024|25362|43748|5764
THREAD|17|2|16730|9973|10563|AppSearch_Index|0.000|0.0|0.000|0|3|3|0-7|0|1024|1024|13150|20688|240
THREAD|17|3|16730|9940|10563|AppSearch_Index|0.000|0.0|0.000|0|2|2|0-7|0|1024|1024|13115|20690|232
THREAD|17|4|26538|9612|10195|binder:26538_8|0.000|0.0|0.000|0|4|4|0-7|0|1024|1024|3365|6445|3306
THREAD|17|5|26538|9470|10195|binder:26538_B|0.000|0.0|0.000|0|6|6|0-7|0|1024|1024|2531|4304|2105
THREAD|17|6|10622|8513|10201|ExoPlayer:Playb|0.000|0.0|0.000|0|4|4|0-7|0|1024|1024|6463|10331|51
THREAD|17|7|10622|8509|10201|ExoPlayer:Playb|0.000|0.0|0.000|0|1|1|0-7|0|1024|1024|6331|10327|49
THREAD|17|8|26538|8364|10195|IMM.binder-emu|0.000|0.0|0.000|0|2|2|0-7|0|1024|1024|15737|23850|1039
THREAD|17|9|26538|8336|10195|Primes-Jank|0.000|0.0|0.000|0|4|4|0-7|0|1024|1024|16074|23866|1131
THREAD|17|10|16730|8119|10563|AppSearch_Index|0.000|0.0|0.000|0|3|3|0-7|0|1024|1024|13165|20704|245
EVENT|seq=18|type=top_app_changed|from=5032,10622,16730,26538|to=5032,10622,22534,26538,27172,30630,30680|t_cs=16146273
WINDOW|seq=19|t_cs=16146300|wall_ms=270|threads=347|busy_threads=16|total_runtime_ms=53.136|total_runq_wait_ms=16.943|tgids=5032,10622,22534,26538,27172,30630,30680
THREAD|19|1|22534|22534|10192|.android.chrome|17.161|6.3|0.171|56|0|0|0-7|0|1024|1024|1539|3829|233
THREAD|19|2|27172|27305|10192|VizCompositorTh|7.608|2.8|0.033|52|4|1|0-7|0|1024|1024|2285|3492|187
THREAD|19|3|22534|27046|10192|RenderThread|6.988|2.5|0.303|13|3|1|0-7|0|1024|1024|201|293|25
THREAD|19|4|30680|30700|90001|CrRendererMain|6.659|2.4|1.656|23|5|3|0-7|0|1024|1024|974|1563|169
THREAD|19|5|27172|27307|10192|CompositorGpuTh|6.548|2.4|2.653|40|0|3|0-7|0|1024|1024|1568|1530|1097
THREAD|19|6|30680|30712|90001|Compositor|4.389|1.6|0.018|34|4|3|0-7|0|1024|1024|1621|3359|274
THREAD|19|7|22534|27086|10192|Chrome_IOThread|1.478|0.5|0.021|48|4|6|0-7|0|1024|1024|963|2023|63
THREAD|19|8|27172|27199|10192|binder:27172_2|0.967|0.3|0.465|14|1|2|0-7|0|1024|1024|212|349|40
THREAD|19|9|22534|26900|10192|binder:22534_2|0.789|0.2|3.939|13|7|4|0-7|0|1024|1024|43|68|27
THREAD|19|10|30680|30710|90001|Chrome_ChildIOT|0.282|0.1|0.000|7|3|0|0-7|0|1024|1024|318|680|16
WINDOW|seq=20|t_cs=16146324|wall_ms=240|threads=347|busy_threads=8|total_runtime_ms=1.815|total_runq_wait_ms=0.000|tgids=5032,10622,22534,26538,27172,30630,30680
THREAD|20|1|27172|27239|10192|CrGpuMain|0.493|0.2|0.000|1|1|1|0-7|0|1024|1024|331|559|70
THREAD|20|2|26538|26538|10195|putmethod.latin|0.482|0.2|0.000|1|0|0|0-7|0|1024|1024|102684|160806|27431
THREAD|20|3|30680|30700|90001|CrRendererMain|0.340|0.1|0.000|2|3|3|0-7|0|1024|1024|974|1565|169
THREAD|20|4|22534|27086|10192|Chrome_IOThread|0.166|0.0|0.000|2|6|3|0-7|0|1024|1024|965|2025|63
THREAD|20|5|22534|22534|10192|.android.chrome|0.138|0.0|0.000|2|0|0|0-7|0|1024|1024|1540|3830|233
THREAD|20|6|22534|27046|10192|RenderThread|0.095|0.0|0.000|1|1|0|0-7|0|1024|1024|202|294|25
THREAD|20|7|30680|30710|90001|Chrome_ChildIOT|0.064|0.0|0.000|1|0|0|0-7|0|1024|1024|318|681|16
THREAD|20|8|22534|26898|10192|FinalizerWatchd|0.034|0.0|0.000|1|2|2|0-7|0|1024|1024|2|6|1
THREAD|20|9|30630|9782|10324|binder:30630_7|0.000|0.0|0.000|0|0|0|0-7|0|1024|1024|246|472|239
THREAD|20|10|26538|9612|10195|binder:26538_8|0.000|0.0|0.000|0|4|4|0-7|0|1024|1024|3365|6445|3306
WINDOW|seq=21|t_cs=16146352|wall_ms=280|threads=347|busy_threads=3|total_runtime_ms=0.643|total_runq_wait_ms=0.000|tgids=5032,10622,22534,26538,27172,30630,30680
THREAD|21|1|26538|27692|10195|AiCoreClientSch|0.319|0.1|0.000|2|3|5|0-7|0|1024|1024|301|610|157
THREAD|21|2|30680|30700|90001|CrRendererMain|0.267|0.0|0.000|1|3|0|0-7|0|1024|1024|975|1567|169
THREAD|21|3|22534|22534|10192|.android.chrome|0.056|0.0|0.000|1|0|0|0-7|0|1024|1024|1541|3832|233
THREAD|21|4|30630|9782|10324|binder:30630_7|0.000|0.0|0.000|0|0|0|0-7|0|1024|1024|246|472|239
THREAD|21|5|26538|9612|10195|binder:26538_8|0.000|0.0|0.000|0|4|4|0-7|0|1024|1024|3365|6445|3306
THREAD|21|6|26538|9470|10195|binder:26538_B|0.000|0.0|0.000|0|6|6|0-7|0|1024|1024|2531|4304|2105
THREAD|21|7|10622|8513|10201|ExoPlayer:Playb|0.000|0.0|0.000|0|4|4|0-7|0|1024|1024|6463|10331|51
THREAD|21|8|10622|8509|10201|ExoPlayer:Playb|0.000|0.0|0.000|0|1|1|0-7|0|1024|1024|6331|10327|49
THREAD|21|9|26538|8364|10195|IMM.binder-emu|0.000|0.0|0.000|0|2|2|0-7|0|1024|1024|15737|23850|1039
THREAD|21|10|26538|8336|10195|Primes-Jank|0.000|0.0|0.000|0|4|4|0-7|0|1024|1024|16074|23866|1131
WINDOW|seq=22|t_cs=16146379|wall_ms=270|threads=347|busy_threads=20|total_runtime_ms=5.843|total_runq_wait_ms=0.505|tgids=5032,10622,22534,26538,27172,30630,30680
THREAD|22|1|30680|30712|90001|Compositor|1.386|0.5|0.134|28|3|0|0-7|0|1024|1024|1634|3386|277
THREAD|22|2|30680|30700|90001|CrRendererMain|1.050|0.3|0.001|4|0|5|0-7|0|1024|1024|976|1569|170
THREAD|22|3|27172|27305|10192|VizCompositorTh|0.938|0.3|0.000|10|1|1|0-7|0|1024|1024|2293|3502|187
THREAD|22|4|22534|22534|10192|.android.chrome|0.667|0.2|0.000|2|0|0|0-7|0|1024|1024|1542|3833|233
THREAD|22|5|22534|26923|10192|oplus.view.bg|0.256|0.0|0.036|2|2|0|0-7|0|1024|1024|8|12|6
THREAD|22|6|22534|27038|10192|ThreadPoolForeg|0.222|0.0|0.000|1|0|5|0-7|0|1024|1024|269|570|281
THREAD|22|7|27172|27302|10192|ThreadPoolForeg|0.184|0.0|0.000|1|0|4|0-7|0|1024|1024|8|17|8
THREAD|22|8|22534|27086|10192|Chrome_IOThread|0.179|0.0|0.000|2|3|3|0-7|0|1024|1024|965|2027|63
THREAD|22|9|22534|26965|10192|ThreadPoolForeg|0.155|0.0|0.000|1|7|7|0-7|0|1024|1024|762|1792|615
THREAD|22|10|27172|27307|10192|CompositorGpuTh|0.138|0.0|0.067|4|3|0|0-7|0|1024|1024|1569|1531|1100
WINDOW|seq=23|t_cs=16146405|wall_ms=260|threads=347|busy_threads=3|total_runtime_ms=0.577|total_runq_wait_ms=0.000|tgids=5032,10622,22534,26538,27172,30630,30680
THREAD|23|1|26538|16175|10195|Light-P0-1375|0.215|0.0|0.000|1|4|4|0-7|0|1024|1024|6|9|3
THREAD|23|2|30680|30712|90001|Compositor|0.185|0.0|0.000|2|0|5|0-7|0|1024|1024|1634|3386|277
THREAD|23|3|26538|26856|10195|ImeScheduler-0|0.177|0.0|0.000|1|4|0|0-7|0|1024|1024|1070|1984|164
THREAD|23|4|30630|9782|10324|binder:30630_7|0.000|0.0|0.000|0|0|0|0-7|0|1024|1024|246|472|239
THREAD|23|5|26538|9612|10195|binder:26538_8|0.000|0.0|0.000|0|4|4|0-7|0|1024|1024|3365|6445|3306
THREAD|23|6|26538|9470|10195|binder:26538_B|0.000|0.0|0.000|0|6|6|0-7|0|1024|1024|2531|4304|2105
THREAD|23|7|10622|8513|10201|ExoPlayer:Playb|0.000|0.0|0.000|0|4|4|0-7|0|1024|1024|6463|10331|51
THREAD|23|8|10622|8509|10201|ExoPlayer:Playb|0.000|0.0|0.000|0|1|1|0-7|0|1024|1024|6331|10327|49
THREAD|23|9|26538|8364|10195|IMM.binder-emu|0.000|0.0|0.000|0|2|2|0-7|0|1024|1024|15737|23850|1039
THREAD|23|10|26538|8336|10195|Primes-Jank|0.000|0.0|0.000|0|4|4|0-7|0|1024|1024|16074|23866|1131
WINDOW|seq=24|t_cs=16146429|wall_ms=240|threads=347|busy_threads=29|total_runtime_ms=36.332|total_runq_wait_ms=31.769|tgids=5032,10622,22534,26538,27172,30630,30680
THREAD|24|1|22534|22534|10192|.android.chrome|13.457|5.6|0.656|18|0|2|0-7|0|1024|1024|1564|3865|234
THREAD|24|2|22534|26965|10192|ThreadPoolForeg|4.109|1.7|3.756|36|7|2|0-7|0|1024|1024|774|1817|627
THREAD|24|3|22534|27000|10192|ThreadPoolForeg|3.430|1.4|5.051|11|0|0|0-7|0|1024|1024|411|970|310
THREAD|24|4|22534|26983|10192|ThreadPoolForeg|3.278|1.3|4.307|16|4|4|0-7|0|1024|1024|376|936|354
THREAD|24|5|27172|27307|10192|CompositorGpuTh|3.212|1.3|1.627|12|0|4|0-7|0|1024|1024|1576|1538|1105
THREAD|24|6|27172|27302|10192|ThreadPoolForeg|1.527|0.6|0.000|1|4|0|0-7|0|1024|1024|9|18|8
THREAD|24|7|30680|30700|90001|CrRendererMain|1.428|0.5|0.020|5|5|4|0-7|0|1024|1024|980|1572|172
THREAD|24|8|27172|27305|10192|VizCompositorTh|1.209|0.5|0.777|12|1|3|0-7|0|1024|1024|2303|3514|187
THREAD|24|9|30680|30710|90001|Chrome_ChildIOT|0.767|0.3|0.000|4|0|1|0-7|0|1024|1024|320|686|16
THREAD|24|10|27172|27239|10192|CrGpuMain|0.766|0.3|0.048|1|2|0|0-7|0|1024|1024|333|561|70
EVENT|seq=25|type=top_app_changed|from=5032,10622,22534,26538,27172,30630,30680|to=5032,10622,16730,26538|t_cs=16146455
WINDOW|seq=26|t_cs=16146480|wall_ms=250|threads=284|busy_threads=5|total_runtime_ms=0.598|total_runq_wait_ms=0.505|tgids=5032,10622,16730,26538
THREAD|26|1|26538|26538|10195|putmethod.latin|0.340|0.1|0.000|1|2|0|0-7|0|1024|1024|102689|160816|27431
THREAD|26|2|16730|6608|10563|binder:16730_5|0.134|0.0|0.000|1|4|5|0-7|0|1024|1024|610|1033|289
THREAD|26|3|26538|26587|10195|binder:26538_4|0.065|0.0|0.000|1|1|1|0-7|0|1024|1024|8450|13658|4790
THREAD|26|4|16730|16730|10563|droid.deskclock|0.043|0.0|0.012|1|0|1|0-7|0|1024|1024|25439|43855|5788
THREAD|26|5|26538|27611|10195|pool-8-thread-1|0.014|0.0|0.492|1|3|2|0-7|0|1024|1024|4258|8127|445
THREAD|26|6|16730|9973|10563|AppSearch_Index|0.000|0.0|0.000|0|3|3|0-7|0|1024|1024|13150|20688|240
THREAD|26|7|16730|9940|10563|AppSearch_Index|0.000|0.0|0.000|0|2|2|0-7|0|1024|1024|13115|20690|232
THREAD|26|8|26538|9612|10195|binder:26538_8|0.000|0.0|0.000|0|4|4|0-7|0|1024|1024|3365|6445|3306
THREAD|26|9|26538|9470|10195|binder:26538_B|0.000|0.0|0.000|0|6|6|0-7|0|1024|1024|2531|4304|2105
THREAD|26|10|10622|8513|10201|ExoPlayer:Playb|0.000|0.0|0.000|0|4|4|0-7|0|1024|1024|6463|10331|51
WINDOW|seq=27|t_cs=16146505|wall_ms=250|threads=284|busy_threads=2|total_runtime_ms=0.110|total_runq_wait_ms=0.041|tgids=5032,10622,16730,26538
THREAD|27|1|16730|16730|10563|droid.deskclock|0.065|0.0|0.041|1|1|0|0-7|0|1024|1024|25440|43856|5788
THREAD|27|2|16730|6286|10563|RenderThread|0.044|0.0|0.000|1|0|0|0-7|0|1024|1024|18946|29390|1681
THREAD|27|3|16730|9973|10563|AppSearch_Index|0.000|0.0|0.000|0|3|3|0-7|0|1024|1024|13150|20688|240
THREAD|27|4|16730|9940|10563|AppSearch_Index|0.000|0.0|0.000|0|2|2|0-7|0|1024|1024|13115|20690|232
THREAD|27|5|26538|9612|10195|binder:26538_8|0.000|0.0|0.000|0|4|4|0-7|0|1024|1024|3365|6445|3306
THREAD|27|6|26538|9470|10195|binder:26538_B|0.000|0.0|0.000|0|6|6|0-7|0|1024|1024|2531|4304|2105
THREAD|27|7|10622|8513|10201|ExoPlayer:Playb|0.000|0.0|0.000|0|4|4|0-7|0|1024|1024|6463|10331|51
THREAD|27|8|10622|8509|10201|ExoPlayer:Playb|0.000|0.0|0.000|0|1|1|0-7|0|1024|1024|6331|10327|49
THREAD|27|9|26538|8364|10195|IMM.binder-emu|0.000|0.0|0.000|0|2|2|0-7|0|1024|1024|15737|23850|1039
THREAD|27|10|26538|8336|10195|Primes-Jank|0.000|0.0|0.000|0|4|4|0-7|0|1024|1024|16074|23866|1131
WINDOW|seq=28|t_cs=16146531|wall_ms=260|threads=284|busy_threads=5|total_runtime_ms=1.061|total_runq_wait_ms=0.816|tgids=5032,10622,16730,26538
THREAD|28|1|16730|16730|10563|droid.deskclock|0.445|0.1|0.000|1|0|1|0-7|0|1024|1024|25441|43857|5788
THREAD|28|2|26538|26587|10195|binder:26538_4|0.286|0.1|0.562|4|1|3|0-7|0|1024|1024|8451|13661|4791
THREAD|28|3|16730|6290|10563|oplus.view.bg|0.207|0.0|0.000|1|4|4|0-7|0|1024|1024|13495|20767|451
THREAD|28|4|16730|6340|10563|SurfaceSyncGrou|0.063|0.0|0.000|1|5|3|0-7|0|1024|1024|12810|20746|261
THREAD|28|5|26538|27611|10195|pool-8-thread-1|0.058|0.0|0.254|3|2|0|0-7|0|1024|1024|4259|8130|445
THREAD|28|6|16730|9973|10563|AppSearch_Index|0.000|0.0|0.000|0|3|3|0-7|0|1024|1024|13150|20688|240
THREAD|28|7|16730|9940|10563|AppSearch_Index|0.000|0.0|0.000|0|2|2|0-7|0|1024|1024|13115|20690|232
THREAD|28|8|26538|9612|10195|binder:26538_8|0.000|0.0|0.000|0|4|4|0-7|0|1024|1024|3365|6445|3306
THREAD|28|9|26538|9470|10195|binder:26538_B|0.000|0.0|0.000|0|6|6|0-7|0|1024|1024|2531|4304|2105
THREAD|28|10|10622|8513|10201|ExoPlayer:Playb|0.000|0.0|0.000|0|4|4|0-7|0|1024|1024|6463|10331|51
WINDOW|seq=29|t_cs=16146559|wall_ms=280|threads=284|busy_threads=0|total_runtime_ms=0.000|total_runq_wait_ms=0.000|tgids=5032,10622,16730,26538
THREAD|29|1|16730|9973|10563|AppSearch_Index|0.000|0.0|0.000|0|3|3|0-7|0|1024|1024|13150|20688|240
THREAD|29|2|16730|9940|10563|AppSearch_Index|0.000|0.0|0.000|0|2|2|0-7|0|1024|1024|13115|20690|232
THREAD|29|3|26538|9612|10195|binder:26538_8|0.000|0.0|0.000|0|4|4|0-7|0|1024|1024|3365|6445|3306
THREAD|29|4|26538|9470|10195|binder:26538_B|0.000|0.0|0.000|0|6|6|0-7|0|1024|1024|2531|4304|2105
THREAD|29|5|10622|8513|10201|ExoPlayer:Playb|0.000|0.0|0.000|0|4|4|0-7|0|1024|1024|6463|10331|51
THREAD|29|6|10622|8509|10201|ExoPlayer:Playb|0.000|0.0|0.000|0|1|1|0-7|0|1024|1024|6331|10327|49
THREAD|29|7|26538|8364|10195|IMM.binder-emu|0.000|0.0|0.000|0|2|2|0-7|0|1024|1024|15737|23850|1039
THREAD|29|8|26538|8336|10195|Primes-Jank|0.000|0.0|0.000|0|4|4|0-7|0|1024|1024|16074|23866|1131
THREAD|29|9|16730|8119|10563|AppSearch_Index|0.000|0.0|0.000|0|3|3|0-7|0|1024|1024|13165|20704|245
THREAD|29|10|16730|7937|10563|AppSearch_Index|0.000|0.0|0.000|0|4|4|0-7|0|1024|1024|13102|20690|242
WINDOW|seq=30|t_cs=16146584|wall_ms=250|threads=284|busy_threads=4|total_runtime_ms=19.039|total_runq_wait_ms=0.139|tgids=5032,10622,16730,26538
THREAD|30|1|16730|16730|10563|droid.deskclock|17.156|6.8|0.071|5|1|1|0-7|0|1024|1024|25443|43860|5790
THREAD|30|2|16730|6286|10563|RenderThread|1.714|0.6|0.012|4|0|2|0-7|0|1024|1024|18948|29394|1681
THREAD|30|3|16730|6608|10563|binder:16730_5|0.157|0.0|0.000|2|5|3|0-7|0|1024|1024|612|1035|289
THREAD|30|4|16730|6343|10563|binder:16730_1|0.010|0.0|0.056|1|0|1|0-7|0|1024|1024|1612|2766|90
THREAD|30|5|16730|9973|10563|AppSearch_Index|0.000|0.0|0.000|0|3|3|0-7|0|1024|1024|13150|20688|240
THREAD|30|6|16730|9940|10563|AppSearch_Index|0.000|0.0|0.000|0|2|2|0-7|0|1024|1024|13115|20690|232
THREAD|30|7|26538|9612|10195|binder:26538_8|0.000|0.0|0.000|0|4|4|0-7|0|1024|1024|3365|6445|3306
THREAD|30|8|26538|9470|10195|binder:26538_B|0.000|0.0|0.000|0|6|6|0-7|0|1024|1024|2531|4304|2105
THREAD|30|9|10622|8513|10201|ExoPlayer:Playb|0.000|0.0|0.000|0|4|4|0-7|0|1024|1024|6463|10331|51
THREAD|30|10|10622|8509|10201|ExoPlayer:Playb|0.000|0.0|0.000|0|1|1|0-7|0|1024|1024|6331|10327|49
EVENT|seq=31|type=top_app_changed|from=5032,10622,16730,26538|to=5032,10622,22534,26538,27172,30630,30680|t_cs=16146609
WINDOW|seq=32|t_cs=16146635|wall_ms=260|threads=347|busy_threads=9|total_runtime_ms=8.551|total_runq_wait_ms=0.604|tgids=5032,10622,22534,26538,27172,30630,30680
THREAD|32|1|22534|27046|10192|RenderThread|3.867|1.4|0.019|9|0|4|0-7|0|1024|1024|244|346|29
THREAD|32|2|22534|22534|10192|.android.chrome|3.035|1.1|0.007|13|0|5|0-7|0|1024|1024|1673|4041|275
THREAD|32|3|22534|7879|10192|binder:22534_8|1.074|0.4|0.250|17|5|0|0-7|0|1024|1024|27|45|7
THREAD|32|4|27172|27305|10192|VizCompositorTh|0.204|0.0|0.000|3|3|0|0-7|0|1024|1024|2351|3574|196
THREAD|32|5|22534|26895|10192|HeapTaskDaemon|0.101|0.0|0.000|1|3|3|0-7|0|1024|1024|7|11|16
THREAD|32|6|22534|27248|10192|binder:22534_5|0.094|0.0|0.045|6|2|5|0-7|0|1024|1024|35|59|2
THREAD|32|7|26538|26587|10195|binder:26538_4|0.071|0.0|0.274|3|3|4|0-7|0|1024|1024|8459|13670|4793
THREAD|32|8|22534|27107|10192|CameraAvailabil|0.059|0.0|0.000|1|1|1|0-7|0|1024|1024|8|16|0
THREAD|32|9|30680|30712|90001|Compositor|0.041|0.0|0.000|1|2|2|0-7|0|1024|1024|1656|3420|280
THREAD|32|10|26538|27611|10195|pool-8-thread-1|0.000|0.0|0.006|1|0|0|0-7|0|1024|1024|4259|8132|445
WINDOW|seq=33|t_cs=16146662|wall_ms=270|threads=347|busy_threads=4|total_runtime_ms=0.934|total_runq_wait_ms=0.000|tgids=5032,10622,22534,26538,27172,30630,30680
THREAD|33|1|30680|30700|90001|CrRendererMain|0.440|0.1|0.000|2|7|0|0-7|0|1024|1024|1005|1597|180
THREAD|33|2|26538|26538|10195|putmethod.latin|0.311|0.1|0.000|1|0|0|0-7|0|1024|1024|102693|160822|27431
THREAD|33|3|22534|27086|10192|Chrome_IOThread|0.133|0.0|0.000|2|4|5|0-7|0|1024|1024|1015|2115|68
THREAD|33|4|30680|30710|90001|Chrome_ChildIOT|0.048|0.0|0.000|1|1|1|0-7|0|1024|1024|350|742|26
THREAD|33|5|30630|9782|10324|binder:30630_7|0.000|0.0|0.000|0|0|0|0-7|0|1024|1024|246|472|239
THREAD|33|6|26538|9612|10195|binder:26538_8|0.000|0.0|0.000|0|3|3|0-7|0|1024|1024|3366|6446|3307
THREAD|33|7|26538|9470|10195|binder:26538_B|0.000|0.0|0.000|0|6|6|0-7|0|1024|1024|2531|4304|2105
THREAD|33|8|10622|8513|10201|ExoPlayer:Playb|0.000|0.0|0.000|0|4|4|0-7|0|1024|1024|6463|10331|51
THREAD|33|9|10622|8509|10201|ExoPlayer:Playb|0.000|0.0|0.000|0|1|1|0-7|0|1024|1024|6331|10327|49
THREAD|33|10|26538|8364|10195|IMM.binder-emu|0.000|0.0|0.000|0|2|2|0-7|0|1024|1024|15737|23850|1039
WINDOW|seq=34|t_cs=16146687|wall_ms=250|threads=347|busy_threads=2|total_runtime_ms=2.184|total_runq_wait_ms=0.000|tgids=5032,10622,22534,26538,27172,30630,30680
THREAD|34|1|22534|22534|10192|.android.chrome|2.121|0.8|0.000|3|5|0|0-7|0|1024|1024|1676|4044|275
THREAD|34|2|22534|27046|10192|RenderThread|0.062|0.0|0.000|1|4|1|0-7|0|1024|1024|245|347|29
THREAD|34|3|30630|9782|10324|binder:30630_7|0.000|0.0|0.000|0|0|0|0-7|0|1024|1024|246|472|239
THREAD|34|4|26538|9612|10195|binder:26538_8|0.000|0.0|0.000|0|3|3|0-7|0|1024|1024|3366|6446|3307
THREAD|34|5|26538|9470|10195|binder:26538_B|0.000|0.0|0.000|0|6|6|0-7|0|1024|1024|2531|4304|2105
THREAD|34|6|10622|8513|10201|ExoPlayer:Playb|0.000|0.0|0.000|0|4|4|0-7|0|1024|1024|6463|10331|51
THREAD|34|7|10622|8509|10201|ExoPlayer:Playb|0.000|0.0|0.000|0|1|1|0-7|0|1024|1024|6331|10327|49
THREAD|34|8|26538|8364|10195|IMM.binder-emu|0.000|0.0|0.000|0|2|2|0-7|0|1024|1024|15737|23850|1039
THREAD|34|9|26538|8336|10195|Primes-Jank|0.000|0.0|0.000|0|4|4|0-7|0|1024|1024|16074|23866|1131
THREAD|34|10|22534|7879|10192|binder:22534_8|0.000|0.0|0.000|0|0|0|0-7|0|1024|1024|27|45|7
WINDOW|seq=35|t_cs=16146716|wall_ms=290|threads=347|busy_threads=7|total_runtime_ms=1.886|total_runq_wait_ms=0.283|tgids=5032,10622,22534,26538,27172,30630,30680
THREAD|35|1|22534|22534|10192|.android.chrome|0.625|0.2|0.011|1|0|1|0-7|0|1024|1024|1677|4045|275
THREAD|35|2|27172|27239|10192|CrGpuMain|0.617|0.2|0.000|2|0|4|0-7|0|1024|1024|347|585|76
THREAD|35|3|22534|26923|10192|oplus.view.bg|0.265|0.0|0.036|1|1|0|0-7|0|1024|1024|12|16|7
THREAD|35|4|22534|27048|10192|Chrome_ProcessL|0.140|0.0|0.234|1|5|4|0-7|0|1024|1024|79|90|65
THREAD|35|5|30680|30712|90001|Compositor|0.125|0.0|0.000|1|2|1|0-7|0|1024|1024|1657|3421|280
THREAD|35|6|27172|27307|10192|CompositorGpuTh|0.088|0.0|0.000|1|0|0|0-7|0|1024|1024|1606|1572|1123
THREAD|35|7|22534|26985|10192|SurfaceSyncGrou|0.022|0.0|0.000|1|5|0|0-7|0|1024|1024|6|8|2
THREAD|35|8|30630|9782|10324|binder:30630_7|0.000|0.0|0.000|0|0|0|0-7|0|1024|1024|246|472|239
THREAD|35|9|26538|9612|10195|binder:26538_8|0.000|0.0|0.000|0|3|3|0-7|0|1024|1024|3366|6446|3307
THREAD|35|10|26538|9470|10195|binder:26538_B|0.000|0.0|0.000|0|6|6|0-7|0|1024|1024|2531|4304|2105
WINDOW|seq=36|t_cs=16146742|wall_ms=260|threads=347|busy_threads=0|total_runtime_ms=0.000|total_runq_wait_ms=0.000|tgids=5032,10622,22534,26538,27172,30630,30680
THREAD|36|1|30630|9782|10324|binder:30630_7|0.000|0.0|0.000|0|0|0|0-7|0|1024|1024|246|472|239
THREAD|36|2|26538|9612|10195|binder:26538_8|0.000|0.0|0.000|0|3|3|0-7|0|1024|1024|3366|6446|3307
THREAD|36|3|26538|9470|10195|binder:26538_B|0.000|0.0|0.000|0|6|6|0-7|0|1024|1024|2531|4304|2105
THREAD|36|4|10622|8513|10201|ExoPlayer:Playb|0.000|0.0|0.000|0|4|4|0-7|0|1024|1024|6463|10331|51
THREAD|36|5|10622|8509|10201|ExoPlayer:Playb|0.000|0.0|0.000|0|1|1|0-7|0|1024|1024|6331|10327|49
THREAD|36|6|26538|8364|10195|IMM.binder-emu|0.000|0.0|0.000|0|2|2|0-7|0|1024|1024|15737|23850|1039
THREAD|36|7|26538|8336|10195|Primes-Jank|0.000|0.0|0.000|0|4|4|0-7|0|1024|1024|16074|23866|1131
THREAD|36|8|22534|7879|10192|binder:22534_8|0.000|0.0|0.000|0|0|0|0-7|0|1024|1024|27|45|7
THREAD|36|9|26538|7737|10195|AiCoreClientWor|0.000|0.0|0.000|0|1|1|0-7|0|1024|1024|1|2|0
THREAD|36|10|26538|7736|10195|AiCoreClientWor|0.000|0.0|0.000|0|1|1|0-7|0|1024|1024|2|3|0
WINDOW|seq=37|t_cs=16146765|wall_ms=230|threads=347|busy_threads=16|total_runtime_ms=9.036|total_runq_wait_ms=12.095|tgids=5032,10622,22534,26538,27172,30630,30680
THREAD|37|1|27172|27307|10192|CompositorGpuTh|3.519|1.5|5.881|12|0|7|0-7|0|1024|1024|1611|1576|1131
THREAD|37|2|30680|30700|90001|CrRendererMain|0.934|0.4|0.010|4|0|2|0-7|0|1024|1024|1006|1600|181
THREAD|37|3|30680|30712|90001|Compositor|0.919|0.3|0.259|7|1|3|0-7|0|1024|1024|1663|3429|280
THREAD|37|4|27172|27302|10192|ThreadPoolForeg|0.776|0.3|5.380|8|4|5|0-7|0|1024|1024|14|22|16
THREAD|37|5|27172|27305|10192|VizCompositorTh|0.692|0.3|0.000|6|0|3|0-7|0|1024|1024|2360|3585|196
THREAD|37|6|27172|27303|10192|Chrome_ChildIOT|0.414|0.1|0.125|4|2|3|0-7|0|1024|1024|153|343|6
THREAD|37|7|30680|30710|90001|Chrome_ChildIOT|0.403|0.1|0.000|3|1|2|0-7|0|1024|1024|352|745|26
THREAD|37|8|27172|27239|10192|CrGpuMain|0.364|0.1|0.000|2|4|1|0-7|0|1024|1024|348|587|76
THREAD|37|9|26538|26538|10195|putmethod.latin|0.210|0.0|0.000|1|0|0|0-7|0|1024|1024|102693|160824|27431
THREAD|37|10|26538|26912|10195|handlerThread|0.208|0.0|0.038|2|3|5|0-7|0|1024|1024|18645|29037|2946
EVENT|seq=38|type=top_app_changed|from=5032,10622,22534,26538,27172,30630,30680|to=5032,10622,16730,26538|t_cs=16146789
WINDOW|seq=39|t_cs=16146814|wall_ms=250|threads=284|busy_threads=4|total_runtime_ms=0.449|total_runq_wait_ms=0.675|tgids=5032,10622,16730,26538
THREAD|39|1|16730|16730|10563|droid.deskclock|0.236|0.0|0.000|3|2|1|0-7|0|1024|1024|25506|43969|5803
THREAD|39|2|16730|10128|10563|binder:16730_8|0.098|0.0|0.323|1|5|0|0-7|0|1024|1024|444|749|133
THREAD|39|3|26538|20121|10195|binder:26538_D|0.086|0.0|0.315|1|0|3|0-7|0|1024|1024|2365|4538|2596
THREAD|39|4|26538|27611|10195|pool-8-thread-1|0.028|0.0|0.036|1|4|6|0-7|0|1024|1024|4261|8134|445
THREAD|39|5|16730|9973|10563|AppSearch_Index|0.000|0.0|0.000|0|3|3|0-7|0|1024|1024|13150|20688|240
THREAD|39|6|16730|9940|10563|AppSearch_Index|0.000|0.0|0.000|0|2|2|0-7|0|1024|1024|13115|20690|232
THREAD|39|7|26538|9612|10195|binder:26538_8|0.000|0.0|0.000|0|5|5|0-7|0|1024|1024|3367|6447|3307
THREAD|39|8|26538|9470|10195|binder:26538_B|0.000|0.0|0.000|0|6|6|0-7|0|1024|1024|2531|4304|2105
THREAD|39|9|10622|8513|10201|ExoPlayer:Playb|0.000|0.0|0.000|0|4|4|0-7|0|1024|1024|6463|10331|51
THREAD|39|10|10622|8509|10201|ExoPlayer:Playb|0.000|0.0|0.000|0|1|1|0-7|0|1024|1024|6331|10327|49
WINDOW|seq=40|t_cs=16146840|wall_ms=260|threads=284|busy_threads=4|total_runtime_ms=1.396|total_runq_wait_ms=0.649|tgids=5032,10622,16730,26538
THREAD|40|1|26538|26538|10195|putmethod.latin|0.803|0.3|0.000|1|0|4|0-7|0|1024|1024|102696|160830|27431
THREAD|40|2|16730|6286|10563|RenderThread|0.343|0.1|0.000|1|3|0|0-7|0|1024|1024|18999|29463|1688
THREAD|40|3|26538|20121|10195|binder:26538_D|0.198|0.0|0.251|5|3|5|0-7|0|1024|1024|2367|4541|2598
THREAD|40|4|26538|27611|10195|pool-8-thread-1|0.051|0.0|0.397|3|6|5|0-7|0|1024|1024|4263|8137|445
THREAD|40|5|16730|9973|10563|AppSearch_Index|0.000|0.0|0.000|0|3|3|0-7|0|1024|1024|13150|20688|240
THREAD|40|6|16730|9940|10563|AppSearch_Index|0.000|0.0|0.000|0|2|2|0-7|0|1024|1024|13115|20690|232
THREAD|40|7|26538|9612|10195|binder:26538_8|0.000|0.0|0.000|0|5|5|0-7|0|1024|1024|3367|6447|3307
THREAD|40|8|26538|9470|10195|binder:26538_B|0.000|0.0|0.000|0|6|6|0-7|0|1024|1024|2531|4304|2105
THREAD|40|9|10622|8513|10201|ExoPlayer:Playb|0.000|0.0|0.000|0|4|4|0-7|0|1024|1024|6463|10331|51
THREAD|40|10|10622|8509|10201|ExoPlayer:Playb|0.000|0.0|0.000|0|1|1|0-7|0|1024|1024|6331|10327|49
WINDOW|seq=41|t_cs=16146866|wall_ms=260|threads=284|busy_threads=1|total_runtime_ms=0.114|total_runq_wait_ms=0.000|tgids=5032,10622,16730,26538
THREAD|41|1|16730|16730|10563|droid.deskclock|0.114|0.0|0.000|1|1|4|0-7|0|1024|1024|25508|43971|5803
THREAD|41|2|16730|9973|10563|AppSearch_Index|0.000|0.0|0.000|0|3|3|0-7|0|1024|1024|13150|20688|240
THREAD|41|3|16730|9940|10563|AppSearch_Index|0.000|0.0|0.000|0|2|2|0-7|0|1024|1024|13115|20690|232
THREAD|41|4|26538|9612|10195|binder:26538_8|0.000|0.0|0.000|0|5|5|0-7|0|1024|1024|3367|6447|3307
THREAD|41|5|26538|9470|10195|binder:26538_B|0.000|0.0|0.000|0|6|6|0-7|0|1024|1024|2531|4304|2105
THREAD|41|6|10622|8513|10201|ExoPlayer:Playb|0.000|0.0|0.000|0|4|4|0-7|0|1024|1024|6463|10331|51
THREAD|41|7|10622|8509|10201|ExoPlayer:Playb|0.000|0.0|0.000|0|1|1|0-7|0|1024|1024|6331|10327|49
THREAD|41|8|26538|8364|10195|IMM.binder-emu|0.000|0.0|0.000|0|2|2|0-7|0|1024|1024|15737|23850|1039
THREAD|41|9|26538|8336|10195|Primes-Jank|0.000|0.0|0.000|0|4|4|0-7|0|1024|1024|16074|23866|1131
THREAD|41|10|16730|8119|10563|AppSearch_Index|0.000|0.0|0.000|0|3|3|0-7|0|1024|1024|13165|20704|245
WINDOW|seq=42|t_cs=16146892|wall_ms=260|threads=284|busy_threads=3|total_runtime_ms=0.675|total_runq_wait_ms=0.039|tgids=5032,10622,16730,26538
THREAD|42|1|16730|16730|10563|droid.deskclock|0.353|0.1|0.000|1|4|0|0-7|0|1024|1024|25508|43971|5803
THREAD|42|2|16730|6290|10563|oplus.view.bg|0.310|0.1|0.000|1|4|1|0-7|0|1024|1024|13498|20771|451
THREAD|42|3|16730|6340|10563|SurfaceSyncGrou|0.010|0.0|0.039|1|0|0|0-7|0|1024|1024|12811|20748|261
THREAD|42|4|16730|9973|10563|AppSearch_Index|0.000|0.0|0.000|0|3|3|0-7|0|1024|1024|13150|20688|240
THREAD|42|5|16730|9940|10563|AppSearch_Index|0.000|0.0|0.000|0|2|2|0-7|0|1024|1024|13115|20690|232
THREAD|42|6|26538|9612|10195|binder:26538_8|0.000|0.0|0.000|0|5|5|0-7|0|1024|1024|3367|6447|3307
THREAD|42|7|26538|9470|10195|binder:26538_B|0.000|0.0|0.000|0|6|6|0-7|0|1024|1024|2531|4304|2105
THREAD|42|8|10622|8513|10201|ExoPlayer:Playb|0.000|0.0|0.000|0|4|4|0-7|0|1024|1024|6463|10331|51
THREAD|42|9|10622|8509|10201|ExoPlayer:Playb|0.000|0.0|0.000|0|1|1|0-7|0|1024|1024|6331|10327|49
THREAD|42|10|26538|8364|10195|IMM.binder-emu|0.000|0.0|0.000|0|2|2|0-7|0|1024|1024|15737|23850|1039
WINDOW|seq=43|t_cs=16146919|wall_ms=270|threads=284|busy_threads=0|total_runtime_ms=0.000|total_runq_wait_ms=0.000|tgids=5032,10622,16730,26538
THREAD|43|1|16730|9973|10563|AppSearch_Index|0.000|0.0|0.000|0|3|3|0-7|0|1024|1024|13150|20688|240
THREAD|43|2|16730|9940|10563|AppSearch_Index|0.000|0.0|0.000|0|2|2|0-7|0|1024|1024|13115|20690|232
THREAD|43|3|26538|9612|10195|binder:26538_8|0.000|0.0|0.000|0|5|5|0-7|0|1024|1024|3367|6447|3307
THREAD|43|4|26538|9470|10195|binder:26538_B|0.000|0.0|0.000|0|6|6|0-7|0|1024|1024|2531|4304|2105
THREAD|43|5|10622|8513|10201|ExoPlayer:Playb|0.000|0.0|0.000|0|4|4|0-7|0|1024|1024|6463|10331|51
THREAD|43|6|10622|8509|10201|ExoPlayer:Playb|0.000|0.0|0.000|0|1|1|0-7|0|1024|1024|6331|10327|49
THREAD|43|7|26538|8364|10195|IMM.binder-emu|0.000|0.0|0.000|0|2|2|0-7|0|1024|1024|15737|23850|1039
THREAD|43|8|26538|8336|10195|Primes-Jank|0.000|0.0|0.000|0|4|4|0-7|0|1024|1024|16074|23866|1131
THREAD|43|9|16730|8119|10563|AppSearch_Index|0.000|0.0|0.000|0|3|3|0-7|0|1024|1024|13165|20704|245
THREAD|43|10|16730|7937|10563|AppSearch_Index|0.000|0.0|0.000|0|4|4|0-7|0|1024|1024|13102|20690|242
EVENT|seq=44|type=top_app_changed|from=5032,10622,16730,26538|to=5032,10622,22534,26538,27172,30630,30680|t_cs=16146945
WINDOW|seq=45|t_cs=16146971|wall_ms=260|threads=347|busy_threads=30|total_runtime_ms=76.977|total_runq_wait_ms=3.863|tgids=5032,10622,22534,26538,27172,30630,30680
THREAD|45|1|22534|26965|10192|ThreadPoolForeg|44.229|17.0|0.805|15|1|6|0-7|0|1024|1024|845|1944|717
THREAD|45|2|22534|22534|10192|.android.chrome|9.704|3.7|0.042|36|6|0|0-7|0|1024|1024|1777|4248|316
THREAD|45|3|22534|27046|10192|RenderThread|9.578|3.6|0.083|16|4|1|0-7|0|1024|1024|281|397|35
THREAD|45|4|22534|26894|10192|Jit_thread_pool|3.836|1.4|0.231|2|3|2|0-7|0|1024|1024|4|6|25
THREAD|45|5|27172|27307|10192|CompositorGpuTh|1.826|0.7|0.249|6|2|0|0-7|0|1024|1024|1642|1607|1146
THREAD|45|6|27172|27305|10192|VizCompositorTh|1.795|0.6|0.663|17|3|1|0-7|0|1024|1024|2408|3648|197
THREAD|45|7|22534|27111|10192|binder:22534_4|1.682|0.6|1.441|17|1|2|0-7|0|1024|1024|161|280|66
THREAD|45|8|26538|26538|10195|putmethod.latin|1.305|0.5|0.000|5|1|0|0-7|0|1024|1024|102699|160838|27431
THREAD|45|9|22534|26992|10192|queued-work-loo|0.871|0.3|0.000|3|0|0|0-7|0|1024|1024|49|127|39
THREAD|45|10|26538|20121|10195|binder:26538_D|0.475|0.1|0.000|6|5|3|0-7|0|1024|1024|2368|4551|2600
WINDOW|seq=46|t_cs=16146997|wall_ms=260|threads=347|busy_threads=5|total_runtime_ms=0.390|total_runq_wait_ms=0.506|tgids=5032,10622,22534,26538,27172,30630,30680
THREAD|46|1|22534|27111|10192|binder:22534_4|0.179|0.0|0.074|4|2|1|0-7|0|1024|1024|161|280|66
THREAD|46|2|22534|22534|10192|.android.chrome|0.074|0.0|0.000|2|0|1|0-7|0|1024|1024|1778|4249|316
THREAD|46|3|26538|20121|10195|binder:26538_D|0.059|0.0|0.363|1|3|3|0-7|0|1024|1024|2368|4551|2600
THREAD|46|4|22534|27091|10192|ThreadPoolForeg|0.059|0.0|0.006|1|3|2|0-7|0|1024|1024|90|189|92
THREAD|46|5|22534|27107|10192|CameraAvailabil|0.017|0.0|0.061|1|5|5|0-7|0|1024|1024|10|23|1
THREAD|46|6|30630|9782|10324|binder:30630_7|0.000|0.0|0.000|0|0|0|0-7|0|1024|1024|246|472|239
THREAD|46|7|26538|9612|10195|binder:26538_8|0.000|0.0|0.000|0|4|4|0-7|0|1024|1024|3368|6448|3307
THREAD|46|8|26538|9470|10195|binder:26538_B|0.000|0.0|0.000|0|6|6|0-7|0|1024|1024|2531|4304|2105
THREAD|46|9|10622|8513|10201|ExoPlayer:Playb|0.000|0.0|0.000|0|4|4|0-7|0|1024|1024|6463|10331|51
THREAD|46|10|10622|8509|10201|ExoPlayer:Playb|0.000|0.0|0.000|0|1|1|0-7|0|1024|1024|6331|10327|49
WINDOW|seq=47|t_cs=16147022|wall_ms=250|threads=347|busy_threads=6|total_runtime_ms=1.424|total_runq_wait_ms=0.000|tgids=5032,10622,22534,26538,27172,30630,30680
THREAD|47|1|30680|30700|90001|CrRendererMain|0.656|0.2|0.000|2|2|2|0-7|0|1024|1024|1019|1620|192
THREAD|47|2|26538|26538|10195|putmethod.latin|0.255|0.1|0.000|1|0|0|0-7|0|1024|1024|102699|160839|27431
THREAD|47|3|22534|22534|10192|.android.chrome|0.187|0.0|0.000|2|1|0|0-7|0|1024|1024|1779|4250|316
THREAD|47|4|22534|27086|10192|Chrome_IOThread|0.161|0.0|0.000|2|5|4|0-7|0|1024|1024|1063|2197|70
THREAD|47|5|22534|27046|10192|RenderThread|0.093|0.0|0.000|1|1|0|0-7|0|1024|1024|282|398|35
THREAD|47|6|30680|30710|90001|Chrome_ChildIOT|0.071|0.0|0.000|1|0|5|0-7|0|1024|1024|373|797|28
THREAD|47|7|30630|9782|10324|binder:30630_7|0.000|0.0|0.000|0|0|0|0-7|0|1024|1024|246|472|239
THREAD|47|8|26538|9612|10195|binder:26538_8|0.000|0.0|0.000|0|4|4|0-7|0|1024|1024|3368|6448|3307
THREAD|47|9|26538|9470|10195|binder:26538_B|0.000|0.0|0.000|0|6|6|0-7|0|1024|1024|2531|4304|2105
THREAD|47|10|10622|8513|10201|ExoPlayer:Playb|0.000|0.0|0.000|0|4|4|0-7|0|1024|1024|6463|10331|51
WINDOW|seq=48|t_cs=16147050|wall_ms=280|threads=347|busy_threads=6|total_runtime_ms=1.155|total_runq_wait_ms=0.288|tgids=5032,10622,22534,26538,27172,30630,30680
THREAD|48|1|27172|27307|10192|CompositorGpuTh|0.306|0.1|0.000|1|0|5|0-7|0|1024|1024|1643|1608|1146
THREAD|48|2|27172|27239|10192|CrGpuMain|0.242|0.0|0.000|1|5|5|0-7|0|1024|1024|359|615|77
THREAD|48|3|22534|22534|10192|.android.chrome|0.239|0.0|0.202|2|0|0|0-7|0|1024|1024|1779|4251|317
THREAD|48|4|22534|27048|10192|Chrome_ProcessL|0.191|0.0|0.000|1|2|1|0-7|0|1024|1024|90|113|74
THREAD|48|5|30680|30712|90001|Compositor|0.127|0.0|0.086|1|1|0|0-7|0|1024|1024|1681|3453|283
THREAD|48|6|22534|26985|10192|SurfaceSyncGrou|0.047|0.0|0.000|1|0|4|0-7|0|1024|1024|7|10|2
THREAD|48|7|30630|9782|10324|binder:30630_7|0.000|0.0|0.000|0|0|0|0-7|0|1024|1024|246|472|239
THREAD|48|8|26538|9612|10195|binder:26538_8|0.000|0.0|0.000|0|4|4|0-7|0|1024|1024|3368|6448|3307
THREAD|48|9|26538|9470|10195|binder:26538_B|0.000|0.0|0.000|0|6|6|0-7|0|1024|1024|2531|4304|2105
THREAD|48|10|10622|8513|10201|ExoPlayer:Playb|0.000|0.0|0.000|0|4|4|0-7|0|1024|1024|6463|10331|51
WINDOW|seq=49|t_cs=16147077|wall_ms=270|threads=347|busy_threads=9|total_runtime_ms=3.535|total_runq_wait_ms=0.573|tgids=5032,10622,22534,26538,27172,30630,30680
THREAD|49|1|22534|22534|10192|.android.chrome|2.092|0.7|0.028|2|0|0|0-7|0|1024|1024|1779|4252|318
THREAD|49|2|22534|26983|10192|ThreadPoolForeg|0.328|0.1|0.000|1|7|4|0-7|0|1024|1024|410|1025|377
THREAD|49|3|22534|26923|10192|oplus.view.bg|0.248|0.0|0.182|1|2|0|0-7|0|1024|1024|14|20|7
THREAD|49|4|22534|26965|10192|ThreadPoolForeg|0.237|0.0|0.070|2|6|0|0-7|0|1024|1024|846|1945|718
THREAD|49|5|22534|27102|10192|ThreadPoolSingl|0.217|0.0|0.000|1|7|1|0-7|0|1024|1024|48|81|29
THREAD|49|6|22534|27038|10192|ThreadPoolForeg|0.120|0.0|0.024|1|0|0|0-7|0|1024|1024|274|586|291
THREAD|49|7|22534|27000|10192|ThreadPoolForeg|0.102|0.0|0.062|1|2|1|0-7|0|1024|1024|424|1013|332
THREAD|49|8|22534|27039|10192|ThreadPoolForeg|0.098|0.0|0.084|2|2|1|0-7|0|1024|1024|178|392|343
THREAD|49|9|27172|27302|10192|ThreadPoolForeg|0.090|0.0|0.120|1|3|0|0-7|0|1024|1024|16|25|17
THREAD|49|10|30630|9782|10324|binder:30630_7|0.000|0.0|0.000|0|0|0|0-7|0|1024|1024|246|472|239
WINDOW|seq=50|t_cs=16147104|wall_ms=270|threads=347|busy_threads=7|total_runtime_ms=1.907|total_runq_wait_ms=0.093|tgids=5032,10622,22534,26538,27172,30630,30680
THREAD|50|1|30680|30700|90001|CrRendererMain|0.630|0.2|0.000|1|2|0|0-7|0|1024|1024|1020|1621|192
THREAD|50|2|22534|22534|10192|.android.chrome|0.321|0.1|0.000|1|0|1|0-7|0|1024|1024|1783|4257|318
THREAD|50|3|30680|30710|90001|Chrome_ChildIOT|0.277|0.1|0.010|3|5|7|0-7|0|1024|1024|375|800|28
THREAD|50|4|27172|27303|10192|Chrome_ChildIOT|0.263|0.0|0.000|3|3|1|0-7|0|1024|1024|171|376|7
THREAD|50|5|27172|27239|10192|CrGpuMain|0.221|0.0|0.082|1|5|6|0-7|0|1024|1024|360|616|77
THREAD|50|6|22534|27086|10192|Chrome_IOThread|0.156|0.0|0.000|2|4|4|0-7|0|1024|1024|1063|2199|70
THREAD|50|7|30680|30712|90001|Compositor|0.035|0.0|0.000|1|0|0|0-7|0|1024|1024|1682|3457|283
THREAD|50|8|30630|9782|10324|binder:30630_7|0.000|0.0|0.000|0|0|0|0-7|0|1024|1024|246|472|239
THREAD|50|9|26538|9612|10195|binder:26538_8|0.000|0.0|0.000|0|4|4|0-7|0|1024|1024|3368|6448|3307
THREAD|50|10|26538|9470|10195|binder:26538_B|0.000|0.0|0.000|0|6|6|0-7|0|1024|1024|2531|4304|2105
EVENT|seq=51|type=top_app_changed|from=5032,10622,22534,26538,27172,30630,30680|to=5032,10622,16730,26538|t_cs=16147127
WINDOW|seq=52|t_cs=16147153|wall_ms=260|threads=284|busy_threads=5|total_runtime_ms=2.269|total_runq_wait_ms=1.092|tgids=5032,10622,16730,26538
THREAD|52|1|16730|16730|10563|droid.deskclock|1.665|0.6|0.000|9|4|2|0-7|0|1024|1024|25584|44085|5819
THREAD|52|2|16730|6286|10563|RenderThread|0.368|0.1|0.204|5|0|0|0-7|0|1024|1024|19055|29529|1695
THREAD|52|3|16730|23541|10563|binder:16730_C|0.143|0.0|0.355|4|2|2|0-7|0|1024|1024|338|814|137
THREAD|52|4|26538|26587|10195|binder:26538_4|0.073|0.0|0.533|1|0|0|0-7|0|1024|1024|8464|13680|4793
THREAD|52|5|26538|27611|10195|pool-8-thread-1|0.018|0.0|0.000|1|5|5|0-7|0|1024|1024|4263|8141|446
THREAD|52|6|16730|9973|10563|AppSearch_Index|0.000|0.0|0.000|0|3|3|0-7|0|1024|1024|13150|20688|240
THREAD|52|7|16730|9940|10563|AppSearch_Index|0.000|0.0|0.000|0|2|2|0-7|0|1024|1024|13115|20690|232
THREAD|52|8|26538|9612|10195|binder:26538_8|0.000|0.0|0.000|0|0|0|0-7|0|1024|1024|3370|6452|3307
THREAD|52|9|26538|9470|10195|binder:26538_B|0.000|0.0|0.000|0|6|6|0-7|0|1024|1024|2531|4304|2105
THREAD|52|10|10622|8513|10201|ExoPlayer:Playb|0.000|0.0|0.000|0|4|4|0-7|0|1024|1024|6463|10331|51
WINDOW|seq=53|t_cs=16147180|wall_ms=270|threads=284|busy_threads=3|total_runtime_ms=0.509|total_runq_wait_ms=0.000|tgids=5032,10622,16730,26538
THREAD|53|1|26538|26538|10195|putmethod.latin|0.412|0.1|0.000|1|3|0|0-7|0|1024|1024|102705|160856|27431
THREAD|53|2|16730|6286|10563|RenderThread|0.058|0.0|0.000|1|0|1|0-7|0|1024|1024|19056|29530|1695
THREAD|53|3|16730|16755|10563|FinalizerWatchd|0.039|0.0|0.000|1|0|3|0-7|0|1024|1024|34|52|6
THREAD|53|4|16730|9973|10563|AppSearch_Index|0.000|0.0|0.000|0|3|3|0-7|0|1024|1024|13150|20688|240
THREAD|53|5|16730|9940|10563|AppSearch_Index|0.000|0.0|0.000|0|2|2|0-7|0|1024|1024|13115|20690|232
THREAD|53|6|26538|9612|10195|binder:26538_8|0.000|0.0|0.000|0|0|0|0-7|0|1024|1024|3370|6452|3307
THREAD|53|7|26538|9470|10195|binder:26538_B|0.000|0.0|0.000|0|6|6|0-7|0|1024|1024|2531|4304|2105
THREAD|53|8|10622|8513|10201|ExoPlayer:Playb|0.000|0.0|0.000|0|4|4|0-7|0|1024|1024|6463|10331|51
THREAD|53|9|10622|8509|10201|ExoPlayer:Playb|0.000|0.0|0.000|0|1|1|0-7|0|1024|1024|6331|10327|49
THREAD|53|10|26538|8364|10195|IMM.binder-emu|0.000|0.0|0.000|0|2|2|0-7|0|1024|1024|15737|23850|1039
WINDOW|seq=54|t_cs=16147209|wall_ms=290|threads=284|busy_threads=1|total_runtime_ms=0.068|total_runq_wait_ms=0.000|tgids=5032,10622,16730,26538
THREAD|54|1|16730|16730|10563|droid.deskclock|0.068|0.0|0.000|1|2|0|0-7|0|1024|1024|25585|44087|5819
THREAD|54|2|16730|9973|10563|AppSearch_Index|0.000|0.0|0.000|0|3|3|0-7|0|1024|1024|13150|20688|240
THREAD|54|3|16730|9940|10563|AppSearch_Index|0.000|0.0|0.000|0|2|2|0-7|0|1024|1024|13115|20690|232
THREAD|54|4|26538|9612|10195|binder:26538_8|0.000|0.0|0.000|0|0|0|0-7|0|1024|1024|3370|6452|3307
THREAD|54|5|26538|9470|10195|binder:26538_B|0.000|0.0|0.000|0|6|6|0-7|0|1024|1024|2531|4304|2105
THREAD|54|6|10622|8513|10201|ExoPlayer:Playb|0.000|0.0|0.000|0|4|4|0-7|0|1024|1024|6463|10331|51
THREAD|54|7|10622|8509|10201|ExoPlayer:Playb|0.000|0.0|0.000|0|1|1|0-7|0|1024|1024|6331|10327|49
THREAD|54|8|26538|8364|10195|IMM.binder-emu|0.000|0.0|0.000|0|2|2|0-7|0|1024|1024|15737|23850|1039
THREAD|54|9|26538|8336|10195|Primes-Jank|0.000|0.0|0.000|0|4|4|0-7|0|1024|1024|16074|23866|1131
THREAD|54|10|16730|8119|10563|AppSearch_Index|0.000|0.0|0.000|0|3|3|0-7|0|1024|1024|13165|20704|245
WINDOW|seq=55|t_cs=16147233|wall_ms=240|threads=284|busy_threads=3|total_runtime_ms=0.978|total_runq_wait_ms=0.312|tgids=5032,10622,16730,26538
THREAD|55|1|16730|6290|10563|oplus.view.bg|0.552|0.2|0.052|1|1|1|0-7|0|1024|1024|13502|20775|451
THREAD|55|2|16730|16730|10563|droid.deskclock|0.360|0.1|0.000|1|0|0|0-7|0|1024|1024|25585|44087|5819
THREAD|55|3|16730|6340|10563|SurfaceSyncGrou|0.064|0.0|0.259|1|4|0|0-7|0|1024|1024|12813|20750|261
THREAD|55|4|16730|9973|10563|AppSearch_Index|0.000|0.0|0.000|0|3|3|0-7|0|1024|1024|13150|20688|240
THREAD|55|5|16730|9940|10563|AppSearch_Index|0.000|0.0|0.000|0|2|2|0-7|0|1024|1024|13115|20690|232
THREAD|55|6|26538|9612|10195|binder:26538_8|0.000|0.0|0.000|0|0|0|0-7|0|1024|1024|3370|6452|3307
THREAD|55|7|26538|9470|10195|binder:26538_B|0.000|0.0|0.000|0|6|6|0-7|0|1024|1024|2531|4304|2105
THREAD|55|8|10622|8513|10201|ExoPlayer:Playb|0.000|0.0|0.000|0|4|4|0-7|0|1024|1024|6463|10331|51
THREAD|55|9|10622|8509|10201|ExoPlayer:Playb|0.000|0.0|0.000|0|1|1|0-7|0|1024|1024|6331|10327|49
THREAD|55|10|26538|8364|10195|IMM.binder-emu|0.000|0.0|0.000|0|2|2|0-7|0|1024|1024|15737|23850|1039
WINDOW|seq=56|t_cs=16147259|wall_ms=260|threads=284|busy_threads=0|total_runtime_ms=0.000|total_runq_wait_ms=0.000|tgids=5032,10622,16730,26538
THREAD|56|1|16730|9973|10563|AppSearch_Index|0.000|0.0|0.000|0|3|3|0-7|0|1024|1024|13150|20688|240
THREAD|56|2|16730|9940|10563|AppSearch_Index|0.000|0.0|0.000|0|2|2|0-7|0|1024|1024|13115|20690|232
THREAD|56|3|26538|9612|10195|binder:26538_8|0.000|0.0|0.000|0|0|0|0-7|0|1024|1024|3370|6452|3307
THREAD|56|4|26538|9470|10195|binder:26538_B|0.000|0.0|0.000|0|6|6|0-7|0|1024|1024|2531|4304|2105
THREAD|56|5|10622|8513|10201|ExoPlayer:Playb|0.000|0.0|0.000|0|4|4|0-7|0|1024|1024|6463|10331|51
THREAD|56|6|10622|8509|10201|ExoPlayer:Playb|0.000|0.0|0.000|0|1|1|0-7|0|1024|1024|6331|10327|49
THREAD|56|7|26538|8364|10195|IMM.binder-emu|0.000|0.0|0.000|0|2|2|0-7|0|1024|1024|15737|23850|1039
THREAD|56|8|26538|8336|10195|Primes-Jank|0.000|0.0|0.000|0|4|4|0-7|0|1024|1024|16074|23866|1131
THREAD|56|9|16730|8119|10563|AppSearch_Index|0.000|0.0|0.000|0|3|3|0-7|0|1024|1024|13165|20704|245
THREAD|56|10|16730|7937|10563|AppSearch_Index|0.000|0.0|0.000|0|4|4|0-7|0|1024|1024|13102|20690|242
WINDOW|seq=57|t_cs=16147284|wall_ms=250|threads=284|busy_threads=9|total_runtime_ms=6.009|total_runq_wait_ms=4.542|tgids=5032,10622,16730,26538
THREAD|57|1|16730|16730|10563|droid.deskclock|2.459|0.9|0.080|9|0|3|0-7|0|1024|1024|25596|44101|5821
THREAD|57|2|16730|6286|10563|RenderThread|1.617|0.6|1.210|3|1|1|0-7|0|1024|1024|19066|29539|1695
THREAD|57|3|26538|26587|10195|binder:26538_4|0.780|0.3|1.079|3|0|2|0-7|0|1024|1024|8466|13683|4793
THREAD|57|4|26538|26538|10195|putmethod.latin|0.428|0.1|0.000|13|0|0|0-7|0|1024|1024|102707|160869|27431
THREAD|57|5|26538|26912|10195|handlerThread|0.351|0.1|0.706|15|4|0|0-7|0|1024|1024|18648|29045|2975
THREAD|57|6|16730|23541|10563|binder:16730_C|0.311|0.1|0.540|7|2|3|0-7|0|1024|1024|347|824|144
THREAD|57|7|26538|16111|10195|Block-P11-325|0.035|0.0|0.122|2|3|0|0-7|0|1024|1024|17|38|3
THREAD|57|8|16730|6290|10563|oplus.view.bg|0.013|0.0|0.252|1|1|1|0-7|0|1024|1024|13502|20776|451
THREAD|57|9|26538|27611|10195|pool-8-thread-1|0.011|0.0|0.550|1|5|2|0-7|0|1024|1024|4264|8142|446
THREAD|57|10|16730|9973|10563|AppSearch_Index|0.000|0.0|0.000|0|3|3|0-7|0|1024|1024|13150|20688|240
EVENT|seq=58|type=top_app_changed|from=5032,10622,16730,26538|to=5032,10622,22534,26538,27172,30630,30680|t_cs=16147311
WINDOW|seq=59|t_cs=16147337|wall_ms=260|threads=347|busy_threads=5|total_runtime_ms=0.337|total_runq_wait_ms=0.188|tgids=5032,10622,22534,26538,27172,30630,30680
THREAD|59|1|22534|26900|10192|binder:22534_2|0.167|0.0|0.045|3|4|1|0-7|0|1024|1024|69|114|40
THREAD|59|2|26538|9612|10195|binder:26538_8|0.079|0.0|0.093|2|5|1|0-7|0|1024|1024|3374|6457|3308
THREAD|59|3|22534|22534|10192|.android.chrome|0.049|0.0|0.000|1|0|2|0-7|0|1024|1024|1898|4462|346
THREAD|59|4|22534|27107|10192|CameraAvailabil|0.024|0.0|0.017|1|5|3|0-7|0|1024|1024|13|27|1
THREAD|59|5|26538|27611|10195|pool-8-thread-1|0.015|0.0|0.032|1|2|1|0-7|0|1024|1024|4265|8143|446
THREAD|59|6|30630|9782|10324|binder:30630_7|0.000|0.0|0.000|0|0|0|0-7|0|1024|1024|246|472|239
THREAD|59|7|26538|9470|10195|binder:26538_B|0.000|0.0|0.000|0|6|6|0-7|0|1024|1024|2531|4304|2105
THREAD|59|8|10622|8513|10201|ExoPlayer:Playb|0.000|0.0|0.000|0|4|4|0-7|0|1024|1024|6463|10331|51
THREAD|59|9|10622|8509|10201|ExoPlayer:Playb|0.000|0.0|0.000|0|1|1|0-7|0|1024|1024|6331|10327|49
THREAD|59|10|26538|8364|10195|IMM.binder-emu|0.000|0.0|0.000|0|2|2|0-7|0|1024|1024|15737|23850|1039
WINDOW|seq=60|t_cs=16147365|wall_ms=280|threads=347|busy_threads=6|total_runtime_ms=1.646|total_runq_wait_ms=0.000|tgids=5032,10622,22534,26538,27172,30630,30680
THREAD|60|1|22534|22534|10192|.android.chrome|0.411|0.1|0.000|2|2|1|0-7|0|1024|1024|1901|4465|347
THREAD|60|2|30680|30700|90001|CrRendererMain|0.367|0.1|0.000|2|7|3|0-7|0|1024|1024|1048|1650|201
THREAD|60|3|26538|26538|10195|putmethod.latin|0.355|0.1|0.000|1|0|0|0-7|0|1024|1024|102707|160874|27431
THREAD|60|4|22534|27046|10192|RenderThread|0.256|0.0|0.000|1|1|0|0-7|0|1024|1024|324|452|42
THREAD|60|5|22534|27086|10192|Chrome_IOThread|0.164|0.0|0.000|2|5|5|0-7|0|1024|1024|1113|2281|75
THREAD|60|6|30680|30710|90001|Chrome_ChildIOT|0.092|0.0|0.000|1|6|0|0-7|0|1024|1024|400|854|28
THREAD|60|7|30630|9782|10324|binder:30630_7|0.000|0.0|0.000|0|0|0|0-7|0|1024|1024|246|472|239
THREAD|60|8|26538|9612|10195|binder:26538_8|0.000|0.0|0.000|0|1|1|0-7|0|1024|1024|3374|6457|3308
THREAD|60|9|26538|9470|10195|binder:26538_B|0.000|0.0|0.000|0|6|6|0-7|0|1024|1024|2531|4304|2105
THREAD|60|10|10622|8513|10201|ExoPlayer:Playb|0.000|0.0|0.000|0|4|4|0-7|0|1024|1024|6463|10331|51
WINDOW|seq=61|t_cs=16147392|wall_ms=270|threads=347|busy_threads=6|total_runtime_ms=1.130|total_runq_wait_ms=0.441|tgids=5032,10622,22534,26538,27172,30630,30680
THREAD|61|1|22534|22534|10192|.android.chrome|0.515|0.1|0.100|3|1|0|0-7|0|1024|1024|1901|4466|347
THREAD|61|2|27172|27239|10192|CrGpuMain|0.214|0.0|0.000|1|3|4|0-7|0|1024|1024|377|635|81
THREAD|61|3|27172|27307|10192|CompositorGpuTh|0.199|0.0|0.022|1|2|5|0-7|0|1024|1024|1672|1639|1173
THREAD|61|4|22534|27048|10192|Chrome_ProcessL|0.091|0.0|0.293|1|4|0|0-7|0|1024|1024|105|137|81
THREAD|61|5|30680|30712|90001|Compositor|0.082|0.0|0.024|1|4|0|0-7|0|1024|1024|1702|3495|290
THREAD|61|6|22534|26985|10192|SurfaceSyncGrou|0.026|0.0|0.000|1|1|0|0-7|0|1024|1024|10|12|3
THREAD|61|7|30630|9782|10324|binder:30630_7|0.000|0.0|0.000|0|0|0|0-7|0|1024|1024|246|472|239
THREAD|61|8|26538|9612|10195|binder:26538_8|0.000|0.0|0.000|0|1|1|0-7|0|1024|1024|3374|6457|3308
THREAD|61|9|26538|9470|10195|binder:26538_B|0.000|0.0|0.000|0|6|6|0-7|0|1024|1024|2531|4304|2105
THREAD|61|10|10622|8513|10201|ExoPlayer:Playb|0.000|0.0|0.000|0|4|4|0-7|0|1024|1024|6463|10331|51
WINDOW|seq=62|t_cs=16147419|wall_ms=270|threads=347|busy_threads=2|total_runtime_ms=0.476|total_runq_wait_ms=0.052|tgids=5032,10622,22534,26538,27172,30630,30680
THREAD|62|1|22534|26963|10192|ThreadPoolServi|0.242|0.0|0.000|1|0|1|0-7|0|1024|1024|29|63|8
THREAD|62|2|22534|26923|10192|oplus.view.bg|0.234|0.0|0.052|1|0|0|0-7|0|1024|1024|17|24|8
THREAD|62|3|30630|9782|10324|binder:30630_7|0.000|0.0|0.000|0|0|0|0-7|0|1024|1024|246|472|239
THREAD|62|4|26538|9612|10195|binder:26538_8|0.000|0.0|0.000|0|1|1|0-7|0|1024|1024|3374|6457|3308
THREAD|62|5|26538|9470|10195|binder:26538_B|0.000|0.0|0.000|0|6|6|0-7|0|1024|1024|2531|4304|2105
THREAD|62|6|10622|8513|10201|ExoPlayer:Playb|0.000|0.0|0.000|0|4|4|0-7|0|1024|1024|6463|10331|51
THREAD|62|7|10622|8509|10201|ExoPlayer:Playb|0.000|0.0|0.000|0|1|1|0-7|0|1024|1024|6331|10327|49
THREAD|62|8|26538|8364|10195|IMM.binder-emu|0.000|0.0|0.000|0|2|2|0-7|0|1024|1024|15737|23850|1039
THREAD|62|9|26538|8336|10195|Primes-Jank|0.000|0.0|0.000|0|4|4|0-7|0|1024|1024|16074|23866|1131
THREAD|62|10|22534|7879|10192|binder:22534_8|0.000|0.0|0.000|0|3|3|0-7|0|1024|1024|52|93|20
WINDOW|seq=63|t_cs=16147442|wall_ms=230|threads=347|busy_threads=6|total_runtime_ms=3.003|total_runq_wait_ms=0.088|tgids=5032,10622,22534,26538,27172,30630,30680
THREAD|63|1|22534|22534|10192|.android.chrome|1.529|0.6|0.000|6|0|7|0-7|0|1024|1024|1908|4479|347
THREAD|63|2|22534|27090|10192|NetworkService|1.142|0.4|0.076|4|3|0|0-7|0|1024|1024|611|1542|619
THREAD|63|3|22534|26900|10192|binder:22534_2|0.175|0.0|0.000|1|1|1|0-7|0|1024|1024|70|116|40
THREAD|63|4|22534|26899|10192|binder:22534_1|0.094|0.0|0.012|3|5|1|0-7|0|1024|1024|35|52|23
THREAD|63|5|30680|30712|90001|Compositor|0.041|0.0|0.000|1|0|0|0-7|0|1024|1024|1702|3496|290
THREAD|63|6|22534|26992|10192|queued-work-loo|0.021|0.0|0.000|1|0|4|0-7|0|1024|1024|61|142|46
THREAD|63|7|30630|9782|10324|binder:30630_7|0.000|0.0|0.000|0|0|0|0-7|0|1024|1024|246|472|239
THREAD|63|8|26538|9612|10195|binder:26538_8|0.000|0.0|0.000|0|1|1|0-7|0|1024|1024|3374|6457|3308
THREAD|63|9|26538|9470|10195|binder:26538_B|0.000|0.0|0.000|0|6|6|0-7|0|1024|1024|2531|4304|2105
THREAD|63|10|10622|8513|10201|ExoPlayer:Playb|0.000|0.0|0.000|0|4|4|0-7|0|1024|1024|6463|10331|51
EVENT|seq=64|type=top_app_changed|from=5032,10622,22534,26538,27172,30630,30680|to=5032,10622,16730,26538|t_cs=16147466
WINDOW|seq=65|t_cs=16147493|wall_ms=270|threads=284|busy_threads=7|total_runtime_ms=9.172|total_runq_wait_ms=0.798|tgids=5032,10622,16730,26538
THREAD|65|1|16730|6286|10563|RenderThread|4.637|1.7|0.154|13|2|6|0-7|0|1024|1024|19111|29596|1704
THREAD|65|2|16730|16730|10563|droid.deskclock|3.667|1.3|0.021|14|0|2|0-7|0|1024|1024|25641|44200|5832
THREAD|65|3|16730|6608|10563|binder:16730_5|0.554|0.2|0.039|9|6|0|0-7|0|1024|1024|689|1123|318
THREAD|65|4|16730|16750|10563|HeapTaskDaemon|0.142|0.0|0.000|1|1|1|0-7|0|1024|1024|104|99|763
THREAD|65|5|26538|26587|10195|binder:26538_4|0.111|0.0|0.500|1|2|2|0-7|0|1024|1024|8471|13690|4795
THREAD|65|6|16730|6343|10563|binder:16730_1|0.032|0.0|0.040|3|5|0|0-7|0|1024|1024|1638|2797|92
THREAD|65|7|26538|27611|10195|pool-8-thread-1|0.026|0.0|0.043|2|1|1|0-7|0|1024|1024|4265|8145|447
THREAD|65|8|16730|9973|10563|AppSearch_Index|0.000|0.0|0.000|0|3|3|0-7|0|1024|1024|13150|20688|240
THREAD|65|9|16730|9940|10563|AppSearch_Index|0.000|0.0|0.000|0|2|2|0-7|0|1024|1024|13115|20690|232
THREAD|65|10|26538|9612|10195|binder:26538_8|0.000|0.0|0.000|0|3|3|0-7|0|1024|1024|3378|6464|3311
WINDOW|seq=66|t_cs=16147519|wall_ms=260|threads=284|busy_threads=2|total_runtime_ms=0.434|total_runq_wait_ms=0.000|tgids=5032,10622,16730,26538
THREAD|66|1|26538|26538|10195|putmethod.latin|0.378|0.1|0.000|1|2|0|0-7|0|1024|1024|102714|160883|27431
THREAD|66|2|16730|6286|10563|RenderThread|0.056|0.0|0.000|1|6|2|0-7|0|1024|1024|19112|29597|1704
THREAD|66|3|16730|9973|10563|AppSearch_Index|0.000|0.0|0.000|0|3|3|0-7|0|1024|1024|13150|20688|240
THREAD|66|4|16730|9940|10563|AppSearch_Index|0.000|0.0|0.000|0|2|2|0-7|0|1024|1024|13115|20690|232
THREAD|66|5|26538|9612|10195|binder:26538_8|0.000|0.0|0.000|0|3|3|0-7|0|1024|1024|3378|6464|3311
THREAD|66|6|26538|9470|10195|binder:26538_B|0.000|0.0|0.000|0|6|6|0-7|0|1024|1024|2531|4304|2105
THREAD|66|7|10622|8513|10201|ExoPlayer:Playb|0.000|0.0|0.000|0|4|4|0-7|0|1024|1024|6463|10331|51
THREAD|66|8|10622|8509|10201|ExoPlayer:Playb|0.000|0.0|0.000|0|1|1|0-7|0|1024|1024|6331|10327|49
THREAD|66|9|26538|8364|10195|IMM.binder-emu|0.000|0.0|0.000|0|2|2|0-7|0|1024|1024|15737|23850|1039
THREAD|66|10|26538|8336|10195|Primes-Jank|0.000|0.0|0.000|0|4|4|0-7|0|1024|1024|16074|23866|1131
WINDOW|seq=67|t_cs=16147545|wall_ms=260|threads=284|busy_threads=1|total_runtime_ms=0.169|total_runq_wait_ms=0.000|tgids=5032,10622,16730,26538
THREAD|67|1|16730|16730|10563|droid.deskclock|0.169|0.0|0.000|1|2|0|0-7|0|1024|1024|25642|44201|5832
THREAD|67|2|16730|9973|10563|AppSearch_Index|0.000|0.0|0.000|0|3|3|0-7|0|1024|1024|13150|20688|240
THREAD|67|3|16730|9940|10563|AppSearch_Index|0.000|0.0|0.000|0|2|2|0-7|0|1024|1024|13115|20690|232
THREAD|67|4|26538|9612|10195|binder:26538_8|0.000|0.0|0.000|0|3|3|0-7|0|1024|1024|3378|6464|3311
THREAD|67|5|26538|9470|10195|binder:26538_B|0.000|0.0|0.000|0|6|6|0-7|0|1024|1024|2531|4304|2105
THREAD|67|6|10622|8513|10201|ExoPlayer:Playb|0.000|0.0|0.000|0|4|4|0-7|0|1024|1024|6463|10331|51
THREAD|67|7|10622|8509|10201|ExoPlayer:Playb|0.000|0.0|0.000|0|1|1|0-7|0|1024|1024|6331|10327|49
THREAD|67|8|26538|8364|10195|IMM.binder-emu|0.000|0.0|0.000|0|2|2|0-7|0|1024|1024|15737|23850|1039
THREAD|67|9|26538|8336|10195|Primes-Jank|0.000|0.0|0.000|0|4|4|0-7|0|1024|1024|16074|23866|1131
THREAD|67|10|16730|8119|10563|AppSearch_Index|0.000|0.0|0.000|0|3|3|0-7|0|1024|1024|13165|20704|245
WINDOW|seq=68|t_cs=16147574|wall_ms=290|threads=284|busy_threads=3|total_runtime_ms=0.349|total_runq_wait_ms=0.115|tgids=5032,10622,16730,26538
THREAD|68|1|16730|6290|10563|oplus.view.bg|0.244|0.0|0.109|3|3|0|0-7|0|1024|1024|13505|20779|454
THREAD|68|2|16730|16730|10563|droid.deskclock|0.095|0.0|0.000|1|0|0|0-7|0|1024|1024|25642|44202|5832
THREAD|68|3|16730|6340|10563|SurfaceSyncGrou|0.009|0.0|0.006|1|0|0|0-7|0|1024|1024|12813|20752|261
THREAD|68|4|16730|9973|10563|AppSearch_Index|0.000|0.0|0.000|0|3|3|0-7|0|1024|1024|13150|20688|240
THREAD|68|5|16730|9940|10563|AppSearch_Index|0.000|0.0|0.000|0|2|2|0-7|0|1024|1024|13115|20690|232
THREAD|68|6|26538|9612|10195|binder:26538_8|0.000|0.0|0.000|0|3|3|0-7|0|1024|1024|3378|6464|3311
THREAD|68|7|26538|9470|10195|binder:26538_B|0.000|0.0|0.000|0|6|6|0-7|0|1024|1024|2531|4304|2105
THREAD|68|8|10622|8513|10201|ExoPlayer:Playb|0.000|0.0|0.000|0|4|4|0-7|0|1024|1024|6463|10331|51
THREAD|68|9|10622|8509|10201|ExoPlayer:Playb|0.000|0.0|0.000|0|1|1|0-7|0|1024|1024|6331|10327|49
THREAD|68|10|26538|8364|10195|IMM.binder-emu|0.000|0.0|0.000|0|2|2|0-7|0|1024|1024|15737|23850|1039
WINDOW|seq=69|t_cs=16147600|wall_ms=260|threads=284|busy_threads=0|total_runtime_ms=0.000|total_runq_wait_ms=0.000|tgids=5032,10622,16730,26538
THREAD|69|1|16730|9973|10563|AppSearch_Index|0.000|0.0|0.000|0|3|3|0-7|0|1024|1024|13150|20688|240
THREAD|69|2|16730|9940|10563|AppSearch_Index|0.000|0.0|0.000|0|2|2|0-7|0|1024|1024|13115|20690|232
THREAD|69|3|26538|9612|10195|binder:26538_8|0.000|0.0|0.000|0|3|3|0-7|0|1024|1024|3378|6464|3311
THREAD|69|4|26538|9470|10195|binder:26538_B|0.000|0.0|0.000|0|6|6|0-7|0|1024|1024|2531|4304|2105
THREAD|69|5|10622|8513|10201|ExoPlayer:Playb|0.000|0.0|0.000|0|4|4|0-7|0|1024|1024|6463|10331|51
THREAD|69|6|10622|8509|10201|ExoPlayer:Playb|0.000|0.0|0.000|0|1|1|0-7|0|1024|1024|6331|10327|49
THREAD|69|7|26538|8364|10195|IMM.binder-emu|0.000|0.0|0.000|0|2|2|0-7|0|1024|1024|15737|23850|1039
THREAD|69|8|26538|8336|10195|Primes-Jank|0.000|0.0|0.000|0|4|4|0-7|0|1024|1024|16074|23866|1131
THREAD|69|9|16730|8119|10563|AppSearch_Index|0.000|0.0|0.000|0|3|3|0-7|0|1024|1024|13165|20704|245
THREAD|69|10|16730|7937|10563|AppSearch_Index|0.000|0.0|0.000|0|4|4|0-7|0|1024|1024|13102|20690|242
WINDOW|seq=70|t_cs=16147625|wall_ms=250|threads=284|busy_threads=7|total_runtime_ms=1.820|total_runq_wait_ms=0.843|tgids=5032,10622,16730,26538
THREAD|70|1|16730|16730|10563|droid.deskclock|0.894|0.3|0.003|3|0|2|0-7|0|1024|1024|25647|44209|5832
THREAD|70|2|26538|26538|10195|putmethod.latin|0.289|0.1|0.000|1|0|0|0-7|0|1024|1024|102715|160885|27431
THREAD|70|3|16730|6608|10563|binder:16730_5|0.253|0.1|0.216|2|0|4|0-7|0|1024|1024|692|1128|320
THREAD|70|4|26538|26912|10195|handlerThread|0.212|0.0|0.125|3|7|4|0-7|0|1024|1024|18655|29051|2977
THREAD|70|5|26538|26587|10195|binder:26538_4|0.120|0.0|0.108|3|2|1|0-7|0|1024|1024|8473|13693|4800
THREAD|70|6|26538|16111|10195|Block-P11-325|0.038|0.0|0.218|1|5|0|0-7|0|1024|1024|22|44|4
THREAD|70|7|26538|27611|10195|pool-8-thread-1|0.012|0.0|0.171|1|1|1|0-7|0|1024|1024|4265|8146|447
THREAD|70|8|16730|9973|10563|AppSearch_Index|0.000|0.0|0.000|0|3|3|0-7|0|1024|1024|13150|20688|240
THREAD|70|9|16730|9940|10563|AppSearch_Index|0.000|0.0|0.000|0|2|2|0-7|0|1024|1024|13115|20690|232
THREAD|70|10|26538|9612|10195|binder:26538_8|0.000|0.0|0.000|0|3|3|0-7|0|1024|1024|3378|6464|3311
EVENT|seq=71|type=top_app_changed|from=5032,10622,16730,26538|to=5032,10622,22534,26538,27172,30630,30680|t_cs=16147651
WINDOW|seq=72|t_cs=16147677|wall_ms=260|threads=347|busy_threads=8|total_runtime_ms=1.259|total_runq_wait_ms=0.097|tgids=5032,10622,22534,26538,27172,30630,30680
THREAD|72|1|22534|27086|10192|Chrome_IOThread|0.309|0.1|0.014|4|4|5|0-7|0|1024|1024|1171|2369|79
THREAD|72|2|30680|30700|90001|CrRendererMain|0.306|0.1|0.000|1|3|2|0-7|0|1024|1024|1075|1685|214
THREAD|72|3|22534|22534|10192|.android.chrome|0.246|0.0|0.033|3|1|2|0-7|0|1024|1024|2029|4687|386
THREAD|72|4|22534|26900|10192|binder:22534_2|0.187|0.0|0.019|2|0|4|0-7|0|1024|1024|102|150|48
THREAD|72|5|26538|9612|10195|binder:26538_8|0.094|0.0|0.029|1|0|0|0-7|0|1024|1024|3381|6468|3311
THREAD|72|6|30680|30710|90001|Chrome_ChildIOT|0.065|0.0|0.000|1|5|5|0-7|0|1024|1024|428|908|31
THREAD|72|7|26538|27611|10195|pool-8-thread-1|0.027|0.0|0.000|1|1|1|0-7|0|1024|1024|4265|8147|447
THREAD|72|8|22534|27107|10192|CameraAvailabil|0.022|0.0|0.000|1|2|1|0-7|0|1024|1024|16|31|1
THREAD|72|9|30630|9782|10324|binder:30630_7|0.000|0.0|0.000|0|0|0|0-7|0|1024|1024|246|472|239
THREAD|72|10|26538|9470|10195|binder:26538_B|0.000|0.0|0.000|0|6|6|0-7|0|1024|1024|2531|4304|2105
WINDOW|seq=73|t_cs=16147705|wall_ms=280|threads=347|busy_threads=6|total_runtime_ms=1.823|total_runq_wait_ms=0.000|tgids=5032,10622,22534,26538,27172,30630,30680
THREAD|73|1|22534|27046|10192|RenderThread|0.718|0.2|0.000|1|0|1|0-7|0|1024|1024|367|503|46
THREAD|73|2|30680|30700|90001|CrRendererMain|0.613|0.2|0.000|2|2|5|0-7|0|1024|1024|1076|1687|214
THREAD|73|3|26538|26538|10195|putmethod.latin|0.329|0.1|0.000|1|1|0|0-7|0|1024|1024|102717|160889|27431
THREAD|73|4|22534|27090|10192|NetworkService|0.063|0.0|0.000|1|1|1|0-7|0|1024|1024|618|1559|627
THREAD|73|5|22534|22534|10192|.android.chrome|0.061|0.0|0.000|1|2|0|0-7|0|1024|1024|2030|4688|386
THREAD|73|6|22534|26898|10192|FinalizerWatchd|0.036|0.0|0.000|1|1|1|0-7|0|1024|1024|5|9|2
THREAD|73|7|30630|9782|10324|binder:30630_7|0.000|0.0|0.000|0|0|0|0-7|0|1024|1024|246|472|239
THREAD|73|8|26538|9612|10195|binder:26538_8|0.000|0.0|0.000|0|0|0|0-7|0|1024|1024|3381|6468|3311
THREAD|73|9|26538|9470|10195|binder:26538_B|0.000|0.0|0.000|0|6|6|0-7|0|1024|1024|2531|4304|2105
THREAD|73|10|10622|8513|10201|ExoPlayer:Playb|0.000|0.0|0.000|0|4|4|0-7|0|1024|1024|6463|10331|51
WINDOW|seq=74|t_cs=16147731|wall_ms=260|threads=347|busy_threads=11|total_runtime_ms=1.176|total_runq_wait_ms=0.121|tgids=5032,10622,22534,26538,27172,30630,30680
THREAD|74|1|22534|22534|10192|.android.chrome|0.382|0.1|0.000|1|0|0|0-7|0|1024|1024|2030|4689|386
THREAD|74|2|30680|30712|90001|Compositor|0.214|0.0|0.000|1|3|4|0-7|0|1024|1024|1729|3550|294
THREAD|74|3|27172|27239|10192|CrGpuMain|0.197|0.0|0.000|1|3|5|0-7|0|1024|1024|392|663|86
THREAD|74|4|22534|27048|10192|Chrome_ProcessL|0.094|0.0|0.000|1|3|4|0-7|0|1024|1024|123|164|88
THREAD|74|5|22534|26985|10192|SurfaceSyncGrou|0.092|0.0|0.000|1|3|0|0-7|0|1024|1024|12|14|3
THREAD|74|6|5032|26579|10117|DefaultDispatch|0.062|0.0|0.085|3|0|0|0-7|0|1024|1024|641|1619|102
THREAD|74|7|5032|23771|10117|DefaultDispatch|0.047|0.0|0.007|1|0|0|0-7|0|1024|1024|551|1551|140
THREAD|74|8|27172|27307|10192|CompositorGpuTh|0.041|0.0|0.000|1|0|0|0-7|0|1024|1024|1718|1673|1196
THREAD|74|9|5032|7262|10117|DefaultDispatch|0.019|0.0|0.000|1|5|0|0-7|0|1024|1024|506|1376|93
THREAD|74|10|5032|23759|10117|DefaultDispatch|0.018|0.0|0.028|1|5|0|0-7|0|1024|1024|752|1974|195
WINDOW|seq=75|t_cs=16147757|wall_ms=260|threads=347|busy_threads=9|total_runtime_ms=10.595|total_runq_wait_ms=1.466|tgids=5032,10622,22534,26538,27172,30630,30680
THREAD|75|1|22534|22534|10192|.android.chrome|5.225|2.0|0.025|13|0|4|0-7|0|1024|1024|2040|4702|387
THREAD|75|2|22534|27090|10192|NetworkService|4.245|1.6|0.791|12|1|1|0-7|0|1024|1024|623|1565|633
THREAD|75|3|30680|30700|90001|CrRendererMain|0.259|0.0|0.000|1|5|5|0-7|0|1024|1024|1076|1688|214
THREAD|75|4|22534|26922|10192|binder:22534_3|0.233|0.0|0.536|3|2|0|0-7|0|1024|1024|76|140|24
THREAD|75|5|22534|26900|10192|binder:22534_2|0.202|0.0|0.030|2|4|0|0-7|0|1024|1024|104|152|48
THREAD|75|6|22534|26923|10192|oplus.view.bg|0.198|0.0|0.057|2|1|0|0-7|0|1024|1024|20|28|10
THREAD|75|7|30680|30710|90001|Chrome_ChildIOT|0.118|0.0|0.000|1|5|0|0-7|0|1024|1024|429|909|31
THREAD|75|8|22534|26963|10192|ThreadPoolServi|0.086|0.0|0.025|1|4|0|0-7|0|1024|1024|35|69|8
THREAD|75|9|22534|26992|10192|queued-work-loo|0.025|0.0|0.000|2|2|0|0-7|0|1024|1024|65|155|47
THREAD|75|10|30630|9782|10324|binder:30630_7|0.000|0.0|0.000|0|0|0|0-7|0|1024|1024|246|472|239
WINDOW|seq=76|t_cs=16147781|wall_ms=240|threads=347|busy_threads=12|total_runtime_ms=3.548|total_runq_wait_ms=1.735|tgids=5032,10622,22534,26538,27172,30630,30680
THREAD|76|1|30680|30706|90001|ThreadPoolForeg|2.246|0.9|0.000|1|1|6|0-7|0|1024|1024|203|361|186
THREAD|76|2|22534|26965|10192|ThreadPoolForeg|0.243|0.1|0.000|1|7|7|0-7|0|1024|1024|931|2072|800
THREAD|76|3|22534|27086|10192|Chrome_IOThread|0.235|0.0|0.000|2|5|1|0-7|0|1024|1024|1172|2371|79
THREAD|76|4|22534|27038|10192|ThreadPoolForeg|0.178|0.0|0.080|1|0|1|0-7|0|1024|1024|290|627|300
THREAD|76|5|22534|22534|10192|.android.chrome|0.157|0.0|0.000|2|4|1|0-7|0|1024|1024|2041|4703|387
THREAD|76|6|22534|26983|10192|ThreadPoolForeg|0.112|0.0|0.302|1|1|1|0-7|0|1024|1024|432|1111|405
THREAD|76|7|22534|27091|10192|ThreadPoolForeg|0.082|0.0|0.181|1|4|4|0-7|0|1024|1024|98|198|120
THREAD|76|8|27172|27302|10192|ThreadPoolForeg|0.081|0.0|0.299|1|1|4|0-7|0|1024|1024|22|33|25
THREAD|76|9|22534|27039|10192|ThreadPoolForeg|0.067|0.0|0.324|3|4|5|0-7|0|1024|1024|192|408|350
THREAD|76|10|22534|27000|10192|ThreadPoolForeg|0.058|0.0|0.258|1|1|5|0-7|0|1024|1024|438|1049|342
EVENT|seq=77|type=top_app_changed|from=5032,10622,22534,26538,27172,30630,30680|to=5032,10622,16730,26538|t_cs=16147805
WINDOW|seq=78|t_cs=16147832|wall_ms=270|threads=284|busy_threads=7|total_runtime_ms=11.196|total_runq_wait_ms=1.220|tgids=5032,10622,16730,26538
THREAD|78|1|16730|6286|10563|RenderThread|5.190|1.9|0.167|20|3|1|0-7|0|1024|1024|19160|29665|1705
THREAD|78|2|16730|16730|10563|droid.deskclock|4.697|1.7|0.071|17|0|2|0-7|0|1024|1024|25707|44314|5849
THREAD|78|3|16730|10128|10563|binder:16730_8|0.959|0.3|0.190|16|2|1|0-7|0|1024|1024|473|778|143
THREAD|78|4|16730|16818|10563|queued-work-loo|0.150|0.0|0.000|1|3|3|0-7|0|1024|1024|16996|27262|718
THREAD|78|5|16730|6343|10563|binder:16730_1|0.100|0.0|0.068|5|0|5|0-7|0|1024|1024|1645|2807|94
THREAD|78|6|26538|20121|10195|binder:26538_D|0.080|0.0|0.695|1|0|2|0-7|0|1024|1024|2374|4561|2600
THREAD|78|7|26538|27611|10195|pool-8-thread-1|0.016|0.0|0.026|1|3|3|0-7|0|1024|1024|4266|8149|447
THREAD|78|8|16730|9973|10563|AppSearch_Index|0.000|0.0|0.000|0|3|3|0-7|0|1024|1024|13150|20688|240
THREAD|78|9|16730|9940|10563|AppSearch_Index|0.000|0.0|0.000|0|2|2|0-7|0|1024|1024|13115|20690|232
THREAD|78|10|26538|9612|10195|binder:26538_8|0.000|0.0|0.000|0|5|5|0-7|0|1024|1024|3385|6475|3311
WINDOW|seq=79|t_cs=16147857|wall_ms=250|threads=284|busy_threads=1|total_runtime_ms=0.339|total_runq_wait_ms=0.000|tgids=5032,10622,16730,26538
THREAD|79|1|26538|26538|10195|putmethod.latin|0.339|0.1|0.000|1|5|0|0-7|0|1024|1024|102722|160896|27431
THREAD|79|2|16730|9973|10563|AppSearch_Index|0.000|0.0|0.000|0|3|3|0-7|0|1024|1024|13150|20688|240
THREAD|79|3|16730|9940|10563|AppSearch_Index|0.000|0.0|0.000|0|2|2|0-7|0|1024|1024|13115|20690|232
THREAD|79|4|26538|9612|10195|binder:26538_8|0.000|0.0|0.000|0|5|5|0-7|0|1024|1024|3385|6475|3311
THREAD|79|5|26538|9470|10195|binder:26538_B|0.000|0.0|0.000|0|6|6|0-7|0|1024|1024|2531|4304|2105
THREAD|79|6|10622|8513|10201|ExoPlayer:Playb|0.000|0.0|0.000|0|4|4|0-7|0|1024|1024|6463|10331|51
THREAD|79|7|10622|8509|10201|ExoPlayer:Playb|0.000|0.0|0.000|0|1|1|0-7|0|1024|1024|6331|10327|49
THREAD|79|8|26538|8364|10195|IMM.binder-emu|0.000|0.0|0.000|0|2|2|0-7|0|1024|1024|15737|23850|1039
THREAD|79|9|26538|8336|10195|Primes-Jank|0.000|0.0|0.000|0|4|4|0-7|0|1024|1024|16074|23866|1131
THREAD|79|10|16730|8119|10563|AppSearch_Index|0.000|0.0|0.000|0|3|3|0-7|0|1024|1024|13165|20704|245
WINDOW|seq=80|t_cs=16147884|wall_ms=270|threads=284|busy_threads=2|total_runtime_ms=0.106|total_runq_wait_ms=0.000|tgids=5032,10622,16730,26538
THREAD|80|1|16730|16730|10563|droid.deskclock|0.076|0.0|0.000|1|2|0|0-7|0|1024|1024|25708|44315|5849
THREAD|80|2|16730|6286|10563|RenderThread|0.030|0.0|0.000|1|1|0|0-7|0|1024|1024|19161|29666|1705
THREAD|80|3|16730|9973|10563|AppSearch_Index|0.000|0.0|0.000|0|3|3|0-7|0|1024|1024|13150|20688|240
THREAD|80|4|16730|9940|10563|AppSearch_Index|0.000|0.0|0.000|0|2|2|0-7|0|1024|1024|13115|20690|232
THREAD|80|5|26538|9612|10195|binder:26538_8|0.000|0.0|0.000|0|5|5|0-7|0|1024|1024|3385|6475|3311
THREAD|80|6|26538|9470|10195|binder:26538_B|0.000|0.0|0.000|0|6|6|0-7|0|1024|1024|2531|4304|2105
THREAD|80|7|10622|8513|10201|ExoPlayer:Playb|0.000|0.0|0.000|0|4|4|0-7|0|1024|1024|6463|10331|51
THREAD|80|8|10622|8509|10201|ExoPlayer:Playb|0.000|0.0|0.000|0|1|1|0-7|0|1024|1024|6331|10327|49
THREAD|80|9|26538|8364|10195|IMM.binder-emu|0.000|0.0|0.000|0|2|2|0-7|0|1024|1024|15737|23850|1039
THREAD|80|10|26538|8336|10195|Primes-Jank|0.000|0.0|0.000|0|4|4|0-7|0|1024|1024|16074|23866|1131
WINDOW|seq=81|t_cs=16147912|wall_ms=280|threads=284|busy_threads=3|total_runtime_ms=1.181|total_runq_wait_ms=0.513|tgids=5032,10622,16730,26538
THREAD|81|1|16730|16730|10563|droid.deskclock|0.689|0.2|0.105|2|0|1|0-7|0|1024|1024|25709|44316|5850
THREAD|81|2|16730|6290|10563|oplus.view.bg|0.458|0.1|0.115|1|1|0|0-7|0|1024|1024|13508|20783|454
THREAD|81|3|16730|6340|10563|SurfaceSyncGrou|0.034|0.0|0.292|1|2|1|0-7|0|1024|1024|12816|20754|261
THREAD|81|4|16730|9973|10563|AppSearch_Index|0.000|0.0|0.000|0|3|3|0-7|0|1024|1024|13150|20688|240
THREAD|81|5|16730|9940|10563|AppSearch_Index|0.000|0.0|0.000|0|2|2|0-7|0|1024|1024|13115|20690|232
THREAD|81|6|26538|9612|10195|binder:26538_8|0.000|0.0|0.000|0|5|5|0-7|0|1024|1024|3385|6475|3311
THREAD|81|7|26538|9470|10195|binder:26538_B|0.000|0.0|0.000|0|6|6|0-7|0|1024|1024|2531|4304|2105
THREAD|81|8|10622|8513|10201|ExoPlayer:Playb|0.000|0.0|0.000|0|4|4|0-7|0|1024|1024|6463|10331|51
THREAD|81|9|10622|8509|10201|ExoPlayer:Playb|0.000|0.0|0.000|0|1|1|0-7|0|1024|1024|6331|10327|49
THREAD|81|10|26538|8364|10195|IMM.binder-emu|0.000|0.0|0.000|0|2|2|0-7|0|1024|1024|15737|23850|1039
WINDOW|seq=82|t_cs=16147937|wall_ms=250|threads=284|busy_threads=0|total_runtime_ms=0.000|total_runq_wait_ms=0.000|tgids=5032,10622,16730,26538
THREAD|82|1|16730|9973|10563|AppSearch_Index|0.000|0.0|0.000|0|3|3|0-7|0|1024|1024|13150|20688|240
THREAD|82|2|16730|9940|10563|AppSearch_Index|0.000|0.0|0.000|0|2|2|0-7|0|1024|1024|13115|20690|232
THREAD|82|3|26538|9612|10195|binder:26538_8|0.000|0.0|0.000|0|5|5|0-7|0|1024|1024|3385|6475|3311
THREAD|82|4|26538|9470|10195|binder:26538_B|0.000|0.0|0.000|0|6|6|0-7|0|1024|1024|2531|4304|2105
THREAD|82|5|10622|8513|10201|ExoPlayer:Playb|0.000|0.0|0.000|0|4|4|0-7|0|1024|1024|6463|10331|51
THREAD|82|6|10622|8509|10201|ExoPlayer:Playb|0.000|0.0|0.000|0|1|1|0-7|0|1024|1024|6331|10327|49
THREAD|82|7|26538|8364|10195|IMM.binder-emu|0.000|0.0|0.000|0|2|2|0-7|0|1024|1024|15737|23850|1039
THREAD|82|8|26538|8336|10195|Primes-Jank|0.000|0.0|0.000|0|4|4|0-7|0|1024|1024|16074|23866|1131
THREAD|82|9|16730|8119|10563|AppSearch_Index|0.000|0.0|0.000|0|3|3|0-7|0|1024|1024|13165|20704|245
THREAD|82|10|16730|7937|10563|AppSearch_Index|0.000|0.0|0.000|0|4|4|0-7|0|1024|1024|13102|20690|242
WINDOW|seq=83|t_cs=16147964|wall_ms=270|threads=284|busy_threads=2|total_runtime_ms=0.272|total_runq_wait_ms=0.101|tgids=5032,10622,16730,26538
THREAD|83|1|26538|26912|10195|handlerThread|0.188|0.0|0.101|3|5|0|0-7|0|1024|1024|18659|29056|2979
THREAD|83|2|16730|16730|10563|droid.deskclock|0.084|0.0|0.000|1|1|0|0-7|0|1024|1024|25713|44321|5850
THREAD|83|3|16730|9973|10563|AppSearch_Index|0.000|0.0|0.000|0|3|3|0-7|0|1024|1024|13150|20688|240
THREAD|83|4|16730|9940|10563|AppSearch_Index|0.000|0.0|0.000|0|2|2|0-7|0|1024|1024|13115|20690|232
THREAD|83|5|26538|9612|10195|binder:26538_8|0.000|0.0|0.000|0|5|5|0-7|0|1024|1024|3385|6475|3311
THREAD|83|6|26538|9470|10195|binder:26538_B|0.000|0.0|0.000|0|6|6|0-7|0|1024|1024|2531|4304|2105
THREAD|83|7|10622|8513|10201|ExoPlayer:Playb|0.000|0.0|0.000|0|4|4|0-7|0|1024|1024|6463|10331|51
THREAD|83|8|10622|8509|10201|ExoPlayer:Playb|0.000|0.0|0.000|0|1|1|0-7|0|1024|1024|6331|10327|49
THREAD|83|9|26538|8364|10195|IMM.binder-emu|0.000|0.0|0.000|0|2|2|0-7|0|1024|1024|15737|23850|1039
THREAD|83|10|26538|8336|10195|Primes-Jank|0.000|0.0|0.000|0|4|4|0-7|0|1024|1024|16074|23866|1131
EVENT|seq=84|type=top_app_changed|from=5032,10622,16730,26538|to=5032,10622,22534,26538,27172,30630,30680|t_cs=16147988
WINDOW|seq=85|t_cs=16148016|wall_ms=280|threads=347|busy_threads=7|total_runtime_ms=1.353|total_runq_wait_ms=0.407|tgids=5032,10622,22534,26538,27172,30630,30680
THREAD|85|1|22534|22534|10192|.android.chrome|0.641|0.2|0.000|5|0|2|0-7|0|1024|1024|2142|4894|417
THREAD|85|2|22534|7879|10192|binder:22534_8|0.492|0.1|0.385|9|3|4|0-7|0|1024|1024|75|113|31
THREAD|85|3|22534|26895|10192|HeapTaskDaemon|0.078|0.0|0.000|1|4|4|0-7|0|1024|1024|19|18|35
THREAD|85|4|26538|20121|10195|binder:26538_D|0.076|0.0|0.000|1|0|0|0-7|0|1024|1024|2378|4571|2600
THREAD|85|5|22534|27107|10192|CameraAvailabil|0.028|0.0|0.009|1|4|4|0-7|0|1024|1024|18|35|1
THREAD|85|6|26538|27611|10195|pool-8-thread-1|0.018|0.0|0.012|1|0|0|0-7|0|1024|1024|4267|8151|447
THREAD|85|7|22534|27248|10192|binder:22534_5|0.016|0.0|0.000|1|2|2|0-7|0|1024|1024|63|100|9
THREAD|85|8|30630|9782|10324|binder:30630_7|0.000|0.0|0.000|0|0|0|0-7|0|1024|1024|246|472|239
THREAD|85|9|26538|9612|10195|binder:26538_8|0.000|0.0|0.000|0|3|3|0-7|0|1024|1024|3386|6476|3311
THREAD|85|10|26538|9470|10195|binder:26538_B|0.000|0.0|0.000|0|6|6|0-7|0|1024|1024|2531|4304|2105
WINDOW|seq=86|t_cs=16148041|wall_ms=250|threads=347|busy_threads=4|total_runtime_ms=1.195|total_runq_wait_ms=0.000|tgids=5032,10622,22534,26538,27172,30630,30680
THREAD|86|1|27172|27239|10192|CrGpuMain|0.505|0.2|0.000|1|2|2|0-7|0|1024|1024|408|692|93
THREAD|86|2|30680|30700|90001|CrRendererMain|0.317|0.1|0.000|2|3|3|0-7|0|1024|1024|1096|1719|219
THREAD|86|3|26538|26538|10195|putmethod.latin|0.271|0.1|0.000|1|2|0|0-7|0|1024|1024|102727|160902|27431
THREAD|86|4|22534|27046|10192|RenderThread|0.101|0.0|0.000|1|2|1|0-7|0|1024|1024|411|555|56
THREAD|86|5|30630|9782|10324|binder:30630_7|0.000|0.0|0.000|0|0|0|0-7|0|1024|1024|246|472|239
THREAD|86|6|26538|9612|10195|binder:26538_8|0.000|0.0|0.000|0|3|3|0-7|0|1024|1024|3386|6476|3311
THREAD|86|7|26538|9470|10195|binder:26538_B|0.000|0.0|0.000|0|6|6|0-7|0|1024|1024|2531|4304|2105
THREAD|86|8|10622|8513|10201|ExoPlayer:Playb|0.000|0.0|0.000|0|4|4|0-7|0|1024|1024|6463|10331|51
THREAD|86|9|10622|8509|10201|ExoPlayer:Playb|0.000|0.0|0.000|0|1|1|0-7|0|1024|1024|6331|10327|49
THREAD|86|10|26538|8364|10195|IMM.binder-emu|0.000|0.0|0.000|0|2|2|0-7|0|1024|1024|15737|23850|1039
WINDOW|seq=87|t_cs=16148067|wall_ms=260|threads=347|busy_threads=8|total_runtime_ms=14.042|total_runq_wait_ms=1.283|tgids=5032,10622,22534,26538,27172,30630,30680
THREAD|87|1|22534|22534|10192|.android.chrome|4.984|1.9|0.018|14|2|1|0-7|0|1024|1024|2153|4908|418
THREAD|87|2|22534|27090|10192|NetworkService|4.349|1.6|0.625|9|5|1|0-7|0|1024|1024|631|1583|642
THREAD|87|3|22534|26992|10192|queued-work-loo|3.369|1.2|0.370|7|2|0|0-7|0|1024|1024|71|174|48
THREAD|87|4|30680|30700|90001|CrRendererMain|0.461|0.1|0.000|1|3|0|0-7|0|1024|1024|1097|1720|219
THREAD|87|5|22534|7879|10192|binder:22534_8|0.335|0.1|0.000|2|4|0|0-7|0|1024|1024|76|115|31
THREAD|87|6|22534|27086|10192|Chrome_IOThread|0.254|0.0|0.000|2|0|4|0-7|0|1024|1024|1225|2460|84
THREAD|87|7|22534|26899|10192|binder:22534_1|0.179|0.0|0.268|4|3|4|0-7|0|1024|1024|71|109|32
THREAD|87|8|30680|30710|90001|Chrome_ChildIOT|0.107|0.0|0.000|1|0|5|0-7|0|1024|1024|463|968|32
THREAD|87|9|30630|9782|10324|binder:30630_7|0.000|0.0|0.000|0|0|0|0-7|0|1024|1024|246|472|239
THREAD|87|10|26538|9612|10195|binder:26538_8|0.000|0.0|0.000|0|3|3|0-7|0|1024|1024|3386|6476|3311
WINDOW|seq=88|t_cs=16148094|wall_ms=270|threads=347|busy_threads=10|total_runtime_ms=1.167|total_runq_wait_ms=3.022|tgids=5032,10622,22534,26538,27172,30630,30680
THREAD|88|1|22534|26923|10192|oplus.view.bg|0.317|0.1|0.883|1|3|1|0-7|0|1024|1024|24|32|11
THREAD|88|2|30680|30712|90001|Compositor|0.182|0.0|0.012|1|3|1|0-7|0|1024|1024|1751|3585|301
THREAD|88|3|27172|27239|10192|CrGpuMain|0.172|0.0|0.162|1|2|0|0-7|0|1024|1024|410|693|93
THREAD|88|4|22534|22534|10192|.android.chrome|0.108|0.0|0.000|1|1|0|0-7|0|1024|1024|2153|4908|418
THREAD|88|5|22534|26985|10192|SurfaceSyncGrou|0.088|0.0|0.000|1|1|5|0-7|0|1024|1024|14|16|3
THREAD|88|6|22534|27048|10192|Chrome_ProcessL|0.079|0.0|0.011|1|5|0|0-7|0|1024|1024|140|187|94
THREAD|88|7|22534|27102|10192|ThreadPoolSingl|0.073|0.0|0.000|1|3|5|0-7|0|1024|1024|58|99|32
THREAD|88|8|27172|27307|10192|CompositorGpuTh|0.071|0.0|0.000|1|0|0|0-7|0|1024|1024|1749|1713|1224
THREAD|88|9|22534|26963|10192|ThreadPoolServi|0.055|0.0|0.000|1|2|1|0-7|0|1024|1024|39|75|8
THREAD|88|10|22534|26992|10192|queued-work-loo|0.018|0.0|1.952|1|0|1|0-7|0|1024|1024|71|174|48
WINDOW|seq=89|t_cs=16148123|wall_ms=290|threads=347|busy_threads=0|total_runtime_ms=0.000|total_runq_wait_ms=0.000|tgids=5032,10622,22534,26538,27172,30630,30680
THREAD|89|1|30630|9782|10324|binder:30630_7|0.000|0.0|0.000|0|0|0|0-7|0|1024|1024|246|472|239
THREAD|89|2|26538|9612|10195|binder:26538_8|0.000|0.0|0.000|0|3|3|0-7|0|1024|1024|3386|6476|3311
THREAD|89|3|26538|9470|10195|binder:26538_B|0.000|0.0|0.000|0|6|6|0-7|0|1024|1024|2531|4304|2105
THREAD|89|4|10622|8513|10201|ExoPlayer:Playb|0.000|0.0|0.000|0|4|4|0-7|0|1024|1024|6463|10331|51
THREAD|89|5|10622|8509|10201|ExoPlayer:Playb|0.000|0.0|0.000|0|1|1|0-7|0|1024|1024|6331|10327|49
THREAD|89|6|26538|8364|10195|IMM.binder-emu|0.000|0.0|0.000|0|2|2|0-7|0|1024|1024|15737|23850|1039
THREAD|89|7|26538|8336|10195|Primes-Jank|0.000|0.0|0.000|0|4|4|0-7|0|1024|1024|16074|23866|1131
THREAD|89|8|22534|7879|10192|binder:22534_8|0.000|0.0|0.000|0|0|0|0-7|0|1024|1024|76|115|31
THREAD|89|9|26538|7737|10195|AiCoreClientWor|0.000|0.0|0.000|0|1|1|0-7|0|1024|1024|1|2|0
THREAD|89|10|26538|7736|10195|AiCoreClientWor|0.000|0.0|0.000|0|1|1|0-7|0|1024|1024|2|3|0
WINDOW|seq=90|t_cs=16148146|wall_ms=230|threads=347|busy_threads=39|total_runtime_ms=39.276|total_runq_wait_ms=37.505|tgids=5032,10622,22534,26538,27172,30630,30680
THREAD|90|1|22534|22534|10192|.android.chrome|15.895|6.9|0.102|23|0|0|0-7|0|1024|1024|2176|4942|419
THREAD|90|2|22534|26965|10192|ThreadPoolForeg|6.016|2.6|0.951|22|7|3|0-7|0|1024|1024|989|2139|856
THREAD|90|3|22534|27038|10192|ThreadPoolForeg|3.361|1.4|2.426|14|3|3|0-7|0|1024|1024|298|642|322
THREAD|90|4|30680|30700|90001|CrRendererMain|2.813|1.2|0.000|6|0|2|0-7|0|1024|1024|1100|1726|219
THREAD|90|5|27172|27302|10192|ThreadPoolForeg|1.807|0.7|0.236|3|1|2|0-7|0|1024|1024|33|38|42
THREAD|90|6|27172|27307|10192|CompositorGpuTh|1.437|0.6|1.749|6|0|5|0-7|0|1024|1024|1754|1717|1226
THREAD|90|7|27172|27305|10192|VizCompositorTh|1.328|0.5|0.009|14|2|0|0-7|0|1024|1024|2589|3895|207
THREAD|90|8|26538|26538|10195|putmethod.latin|1.268|0.5|0.058|6|0|0|0-7|0|1024|1024|102732|160909|27431
THREAD|90|9|22534|27046|10192|RenderThread|1.008|0.4|0.012|4|1|2|0-7|0|1024|1024|423|566|56
THREAD|90|10|30680|30712|90001|Compositor|0.773|0.3|0.423|9|1|3|0-7|0|1024|1024|1757|3594|301
EVENT|seq=91|type=top_app_changed|from=5032,10622,22534,26538,27172,30630,30680|to=5032,10622,16730,26538|t_cs=16148171
WINDOW|seq=92|t_cs=16148196|wall_ms=250|threads=284|busy_threads=4|total_runtime_ms=0.491|total_runq_wait_ms=0.897|tgids=5032,10622,16730,26538
THREAD|92|1|26538|26538|10195|putmethod.latin|0.238|0.0|0.000|1|1|0|0-7|0|1024|1024|102733|160910|27431
THREAD|92|2|16730|10127|10563|binder:16730_7|0.181|0.0|0.523|2|1|4|0-7|0|1024|1024|410|699|194
THREAD|92|3|16730|16730|10563|droid.deskclock|0.059|0.0|0.007|1|0|5|0-7|0|1024|1024|25774|44427|5866
THREAD|92|4|26538|27611|10195|pool-8-thread-1|0.012|0.0|0.366|1|4|1|0-7|0|1024|1024|4269|8153|447
THREAD|92|5|16730|9973|10563|AppSearch_Index|0.000|0.0|0.000|0|3|3|0-7|0|1024|1024|13150|20688|240
THREAD|92|6|16730|9940|10563|AppSearch_Index|0.000|0.0|0.000|0|2|2|0-7|0|1024|1024|13115|20690|232
THREAD|92|7|26538|9612|10195|binder:26538_8|0.000|0.0|0.000|0|2|2|0-7|0|1024|1024|3388|6480|3311
THREAD|92|8|26538|9470|10195|binder:26538_B|0.000|0.0|0.000|0|6|6|0-7|0|1024|1024|2531|4304|2105
THREAD|92|9|10622|8513|10201|ExoPlayer:Playb|0.000|0.0|0.000|0|4|4|0-7|0|1024|1024|6463|10331|51
THREAD|92|10|10622|8509|10201|ExoPlayer:Playb|0.000|0.0|0.000|0|1|1|0-7|0|1024|1024|6331|10327|49
WINDOW|seq=93|t_cs=16148225|wall_ms=290|threads=284|busy_threads=2|total_runtime_ms=0.256|total_runq_wait_ms=0.000|tgids=5032,10622,16730,26538
THREAD|93|1|16730|16730|10563|droid.deskclock|0.200|0.0|0.000|1|5|1|0-7|0|1024|1024|25775|44428|5866
THREAD|93|2|16730|6286|10563|RenderThread|0.055|0.0|0.000|1|6|0|0-7|0|1024|1024|19219|29735|1709
THREAD|93|3|16730|9973|10563|AppSearch_Index|0.000|0.0|0.000|0|3|3|0-7|0|1024|1024|13150|20688|240
THREAD|93|4|16730|9940|10563|AppSearch_Index|0.000|0.0|0.000|0|2|2|0-7|0|1024|1024|13115|20690|232
THREAD|93|5|26538|9612|10195|binder:26538_8|0.000|0.0|0.000|0|2|2|0-7|0|1024|1024|3388|6480|3311
THREAD|93|6|26538|9470|10195|binder:26538_B|0.000|0.0|0.000|0|6|6|0-7|0|1024|1024|2531|4304|2105
THREAD|93|7|10622|8513|10201|ExoPlayer:Playb|0.000|0.0|0.000|0|4|4|0-7|0|1024|1024|6463|10331|51
THREAD|93|8|10622|8509|10201|ExoPlayer:Playb|0.000|0.0|0.000|0|1|1|0-7|0|1024|1024|6331|10327|49
THREAD|93|9|26538|8364|10195|IMM.binder-emu|0.000|0.0|0.000|0|2|2|0-7|0|1024|1024|15737|23850|1039
THREAD|93|10|26538|8336|10195|Primes-Jank|0.000|0.0|0.000|0|4|4|0-7|0|1024|1024|16074|23866|1131
WINDOW|seq=94|t_cs=16148253|wall_ms=280|threads=284|busy_threads=3|total_runtime_ms=0.677|total_runq_wait_ms=0.065|tgids=5032,10622,16730,26538
THREAD|94|1|16730|16730|10563|droid.deskclock|0.339|0.1|0.000|1|1|1|0-7|0|1024|1024|25775|44429|5866
THREAD|94|2|16730|6290|10563|oplus.view.bg|0.315|0.1|0.065|2|4|0|0-7|0|1024|1024|13510|20787|456
THREAD|94|3|16730|6340|10563|SurfaceSyncGrou|0.022|0.0|0.000|1|2|2|0-7|0|1024|1024|12817|20756|261
THREAD|94|4|16730|9973|10563|AppSearch_Index|0.000|0.0|0.000|0|3|3|0-7|0|1024|1024|13150|20688|240
THREAD|94|5|16730|9940|10563|AppSearch_Index|0.000|0.0|0.000|0|2|2|0-7|0|1024|1024|13115|20690|232
THREAD|94|6|26538|9612|10195|binder:26538_8|0.000|0.0|0.000|0|2|2|0-7|0|1024|1024|3388|6480|3311
THREAD|94|7|26538|9470|10195|binder:26538_B|0.000|0.0|0.000|0|6|6|0-7|0|1024|1024|2531|4304|2105
THREAD|94|8|10622|8513|10201|ExoPlayer:Playb|0.000|0.0|0.000|0|4|4|0-7|0|1024|1024|6463|10331|51
THREAD|94|9|10622|8509|10201|ExoPlayer:Playb|0.000|0.0|0.000|0|1|1|0-7|0|1024|1024|6331|10327|49
THREAD|94|10|26538|8364|10195|IMM.binder-emu|0.000|0.0|0.000|0|2|2|0-7|0|1024|1024|15737|23850|1039
WINDOW|seq=95|t_cs=16148279|wall_ms=260|threads=284|busy_threads=0|total_runtime_ms=0.000|total_runq_wait_ms=0.000|tgids=5032,10622,16730,26538
THREAD|95|1|16730|9973|10563|AppSearch_Index|0.000|0.0|0.000|0|3|3|0-7|0|1024|1024|13150|20688|240
THREAD|95|2|16730|9940|10563|AppSearch_Index|0.000|0.0|0.000|0|2|2|0-7|0|1024|1024|13115|20690|232
THREAD|95|3|26538|9612|10195|binder:26538_8|0.000|0.0|0.000|0|2|2|0-7|0|1024|1024|3388|6480|3311
THREAD|95|4|26538|9470|10195|binder:26538_B|0.000|0.0|0.000|0|6|6|0-7|0|1024|1024|2531|4304|2105
THREAD|95|5|10622|8513|10201|ExoPlayer:Playb|0.000|0.0|0.000|0|4|4|0-7|0|1024|1024|6463|10331|51
THREAD|95|6|10622|8509|10201|ExoPlayer:Playb|0.000|0.0|0.000|0|1|1|0-7|0|1024|1024|6331|10327|49
THREAD|95|7|26538|8364|10195|IMM.binder-emu|0.000|0.0|0.000|0|2|2|0-7|0|1024|1024|15737|23850|1039
THREAD|95|8|26538|8336|10195|Primes-Jank|0.000|0.0|0.000|0|4|4|0-7|0|1024|1024|16074|23866|1131
THREAD|95|9|16730|8119|10563|AppSearch_Index|0.000|0.0|0.000|0|3|3|0-7|0|1024|1024|13165|20704|245
THREAD|95|10|16730|7937|10563|AppSearch_Index|0.000|0.0|0.000|0|4|4|0-7|0|1024|1024|13102|20690|242
WINDOW|seq=96|t_cs=16148302|wall_ms=230|threads=284|busy_threads=1|total_runtime_ms=0.084|total_runq_wait_ms=0.000|tgids=5032,10622,16730,26538
THREAD|96|1|16730|16730|10563|droid.deskclock|0.084|0.0|0.000|1|1|4|0-7|0|1024|1024|25776|44430|5866
THREAD|96|2|16730|9973|10563|AppSearch_Index|0.000|0.0|0.000|0|3|3|0-7|0|1024|1024|13150|20688|240
THREAD|96|3|16730|9940|10563|AppSearch_Index|0.000|0.0|0.000|0|2|2|0-7|0|1024|1024|13115|20690|232
THREAD|96|4|26538|9612|10195|binder:26538_8|0.000|0.0|0.000|0|2|2|0-7|0|1024|1024|3388|6480|3311
THREAD|96|5|26538|9470|10195|binder:26538_B|0.000|0.0|0.000|0|6|6|0-7|0|1024|1024|2531|4304|2105
THREAD|96|6|10622|8513|10201|ExoPlayer:Playb|0.000|0.0|0.000|0|4|4|0-7|0|1024|1024|6463|10331|51
THREAD|96|7|10622|8509|10201|ExoPlayer:Playb|0.000|0.0|0.000|0|1|1|0-7|0|1024|1024|6331|10327|49
THREAD|96|8|26538|8364|10195|IMM.binder-emu|0.000|0.0|0.000|0|2|2|0-7|0|1024|1024|15737|23850|1039
THREAD|96|9|26538|8336|10195|Primes-Jank|0.000|0.0|0.000|0|4|4|0-7|0|1024|1024|16074|23866|1131
THREAD|96|10|16730|8119|10563|AppSearch_Index|0.000|0.0|0.000|0|3|3|0-7|0|1024|1024|13165|20704|245
EVENT|seq=97|type=top_app_changed|from=5032,10622,16730,26538|to=5032,10622,22534,26538,27172,30630,30680|t_cs=16148329
WINDOW|seq=98|t_cs=16148356|wall_ms=270|threads=349|busy_threads=10|total_runtime_ms=5.354|total_runq_wait_ms=0.247|tgids=5032,10622,22534,26538,27172,30630,30680
THREAD|98|1|22534|22534|10192|.android.chrome|2.014|0.7|0.000|11|0|1|0-7|0|1024|1024|2254|5114|447
THREAD|98|2|22534|27046|10192|RenderThread|1.892|0.7|0.000|6|0|0|0-7|0|1024|1024|452|609|60
THREAD|98|3|22534|26922|10192|binder:22534_3|0.817|0.3|0.168|14|2|0|0-7|0|1024|1024|117|209|30
THREAD|98|4|30680|30700|90001|CrRendererMain|0.276|0.1|0.000|1|7|4|0-7|0|1024|1024|1118|1748|227
THREAD|98|5|26538|9612|10195|binder:26538_8|0.103|0.0|0.020|1|3|2|0-7|0|1024|1024|3395|6489|3312
THREAD|98|6|22534|12030|10192|binder:22534_A|0.079|0.0|0.000|3|2|2|0-7|0|1024|1024|1|5|0
THREAD|98|7|22534|27248|10192|binder:22534_5|0.059|0.0|0.031|4|2|0|0-7|0|1024|1024|70|111|9
THREAD|98|8|30680|30710|90001|Chrome_ChildIOT|0.053|0.0|0.000|1|3|3|0-7|0|1024|1024|490|1022|36
THREAD|98|9|22534|27107|10192|CameraAvailabil|0.039|0.0|0.000|1|7|4|0-7|0|1024|1024|23|39|1
THREAD|98|10|26538|27611|10195|pool-8-thread-1|0.018|0.0|0.027|1|4|0|0-7|0|1024|1024|4272|8155|447
WINDOW|seq=99|t_cs=16148382|wall_ms=260|threads=349|busy_threads=11|total_runtime_ms=9.416|total_runq_wait_ms=0.171|tgids=5032,10622,22534,26538,27172,30630,30680
THREAD|99|1|22534|22534|10192|.android.chrome|4.296|1.6|0.000|14|1|0|0-7|0|1024|1024|2256|5122|447
THREAD|99|2|22534|27090|10192|NetworkService|2.812|1.0|0.132|7|0|3|0-7|0|1024|1024|638|1600|660
THREAD|99|3|30680|30700|90001|CrRendererMain|1.093|0.4|0.000|2|4|1|0-7|0|1024|1024|1119|1750|227
THREAD|99|4|22534|26922|10192|binder:22534_3|0.376|0.1|0.000|3|0|2|0-7|0|1024|1024|117|210|30
THREAD|99|5|22534|27046|10192|RenderThread|0.313|0.1|0.000|1|0|0|0-7|0|1024|1024|452|610|60
THREAD|99|6|26538|26538|10195|putmethod.latin|0.282|0.1|0.000|1|0|0|0-7|0|1024|1024|102741|160921|27431
THREAD|99|7|22534|27086|10192|Chrome_IOThread|0.118|0.0|0.000|2|5|5|0-7|0|1024|1024|1275|2550|87
THREAD|99|8|30680|30707|90001|ThreadPoolForeg|0.046|0.0|0.005|1|0|2|0-7|0|1024|1024|51|100|26
THREAD|99|9|22534|26992|10192|queued-work-loo|0.028|0.0|0.000|2|5|3|0-7|0|1024|1024|77|187|51
THREAD|99|10|30680|30708|90001|ThreadPoolForeg|0.028|0.0|0.016|1|3|3|0-7|0|1024|1024|21|31|12
WINDOW|seq=100|t_cs=16148411|wall_ms=290|threads=349|busy_threads=1|total_runtime_ms=0.128|total_runq_wait_ms=0.000|tgids=5032,10622,22534,26538,27172,30630,30680
THREAD|100|1|22534|22534|10192|.android.chrome|0.128|0.0|0.000|1|0|2|0-7|0|1024|1024|2258|5124|447
THREAD|100|2|30630|9782|10324|binder:30630_7|0.000|0.0|0.000|0|0|0|0-7|0|1024|1024|246|472|239
THREAD|100|3|26538|9612|10195|binder:26538_8|0.000|0.0|0.000|0|2|2|0-7|0|1024|1024|3395|6489|3312
THREAD|100|4|26538|9470|10195|binder:26538_B|0.000|0.0|0.000|0|6|6|0-7|0|1024|1024|2531|4304|2105
THREAD|100|5|10622|8513|10201|ExoPlayer:Playb|0.000|0.0|0.000|0|4|4|0-7|0|1024|1024|6463|10331|51
THREAD|100|6|10622|8509|10201|ExoPlayer:Playb|0.000|0.0|0.000|0|1|1|0-7|0|1024|1024|6331|10327|49
THREAD|100|7|26538|8364|10195|IMM.binder-emu|0.000|0.0|0.000|0|2|2|0-7|0|1024|1024|15737|23850|1039
THREAD|100|8|26538|8336|10195|Primes-Jank|0.000|0.0|0.000|0|4|4|0-7|0|1024|1024|16074|23866|1131
THREAD|100|9|22534|7879|10192|binder:22534_8|0.000|0.0|0.000|0|4|4|0-7|0|1024|1024|88|140|37
THREAD|100|10|26538|7737|10195|AiCoreClientWor|0.000|0.0|0.000|0|1|1|0-7|0|1024|1024|1|2|0
WINDOW|seq=101|t_cs=16148436|wall_ms=250|threads=349|busy_threads=7|total_runtime_ms=1.636|total_runq_wait_ms=0.207|tgids=5032,10622,22534,26538,27172,30630,30680
THREAD|101|1|27172|27239|10192|CrGpuMain|0.725|0.2|0.000|2|4|1|0-7|0|1024|1024|422|715|94
THREAD|101|2|22534|26923|10192|oplus.view.bg|0.302|0.1|0.083|2|5|1|0-7|0|1024|1024|29|36|13
THREAD|101|3|30680|30712|90001|Compositor|0.251|0.1|0.000|1|1|0|0-7|0|1024|1024|1767|3619|303
THREAD|101|4|22534|22534|10192|.android.chrome|0.120|0.0|0.000|1|2|1|0-7|0|1024|1024|2258|5124|447
THREAD|101|5|27172|27307|10192|CompositorGpuTh|0.085|0.0|0.000|1|4|0|0-7|0|1024|1024|1784|1747|1254
THREAD|101|6|22534|26963|10192|ThreadPoolServi|0.084|0.0|0.123|1|6|0|0-7|0|1024|1024|42|81|8
THREAD|101|7|22534|27048|10192|Chrome_ProcessL|0.066|0.0|0.000|1|5|1|0-7|0|1024|1024|160|212|102
THREAD|101|8|22534|26985|10192|SurfaceSyncGrou|0.000|0.0|0.000|1|5|5|0-7|0|1024|1024|14|18|5
THREAD|101|9|30630|9782|10324|binder:30630_7|0.000|0.0|0.000|0|0|0|0-7|0|1024|1024|246|472|239
THREAD|101|10|26538|9612|10195|binder:26538_8|0.000|0.0|0.000|0|2|2|0-7|0|1024|1024|3395|6489|3312
WINDOW|seq=102|t_cs=16148461|wall_ms=250|threads=349|busy_threads=7|total_runtime_ms=0.669|total_runq_wait_ms=0.059|tgids=5032,10622,22534,26538,27172,30630,30680
THREAD|102|1|30680|30700|90001|CrRendererMain|0.175|0.0|0.000|1|1|1|0-7|0|1024|1024|1119|1751|227
THREAD|102|2|22534|27086|10192|Chrome_IOThread|0.128|0.0|0.000|2|5|5|0-7|0|1024|1024|1275|2552|87
THREAD|102|3|26538|27611|10195|pool-8-thread-1|0.108|0.0|0.000|1|0|6|0-7|0|1024|1024|4273|8156|447
THREAD|102|4|30680|30710|90001|Chrome_ChildIOT|0.079|0.0|0.000|1|3|0|0-7|0|1024|1024|491|1023|36
THREAD|102|5|26538|9612|10195|binder:26538_8|0.075|0.0|0.003|1|2|0|0-7|0|1024|1024|3396|6490|3312
THREAD|102|6|22534|26922|10192|binder:22534_3|0.074|0.0|0.055|1|2|0|0-7|0|1024|1024|118|211|30
THREAD|102|7|22534|27107|10192|CameraAvailabil|0.028|0.0|0.000|1|4|6|0-7|0|1024|1024|24|40|1
THREAD|102|8|30630|9782|10324|binder:30630_7|0.000|0.0|0.000|0|0|0|0-7|0|1024|1024|246|472|239
THREAD|102|9|26538|9470|10195|binder:26538_B|0.000|0.0|0.000|0|6|6|0-7|0|1024|1024|2531|4304|2105
THREAD|102|10|10622|8513|10201|ExoPlayer:Playb|0.000|0.0|0.000|0|4|4|0-7|0|1024|1024|6463|10331|51
WINDOW|seq=103|t_cs=16148486|wall_ms=250|threads=349|busy_threads=26|total_runtime_ms=27.000|total_runq_wait_ms=12.865|tgids=5032,10622,22534,26538,27172,30630,30680
THREAD|103|1|22534|22534|10192|.android.chrome|11.794|4.7|0.003|10|1|5|0-7|0|1024|1024|2280|5151|447
THREAD|103|2|22534|26965|10192|ThreadPoolForeg|3.636|1.4|0.711|17|7|3|0-7|0|1024|1024|1038|2205|903
THREAD|103|3|30680|30700|90001|CrRendererMain|2.217|0.8|0.008|5|1|5|0-7|0|1024|1024|1121|1756|228
THREAD|103|4|27172|27307|10192|CompositorGpuTh|1.488|0.5|2.152|12|0|4|0-7|0|1024|1024|1789|1753|1260
THREAD|103|5|27172|27302|10192|ThreadPoolForeg|1.436|0.5|0.296|4|4|1|0-7|0|1024|1024|37|42|45
THREAD|103|6|27172|27305|10192|VizCompositorTh|1.276|0.5|1.099|14|3|1|0-7|0|1024|1024|2638|3964|214
THREAD|103|7|27172|27239|10192|CrGpuMain|0.809|0.3|0.000|1|1|5|0-7|0|1024|1024|423|716|94
THREAD|103|8|30680|30712|90001|Compositor|0.739|0.2|0.029|9|0|0|0-7|0|1024|1024|1773|3628|303
THREAD|103|9|27172|27303|10192|Chrome_ChildIOT|0.625|0.2|0.063|3|5|0|0-7|0|1024|1024|246|511|15
THREAD|103|10|30680|30710|90001|Chrome_ChildIOT|0.514|0.2|0.000|3|0|3|0-7|0|1024|1024|493|1026|36
EVENT|seq=104|type=top_app_changed|from=5032,10622,22534,26538,27172,30630,30680|to=5032,10622,16730,26538|t_cs=16148511
WINDOW|seq=105|t_cs=16148538|wall_ms=270|threads=284|busy_threads=5|total_runtime_ms=0.656|total_runq_wait_ms=0.150|tgids=5032,10622,16730,26538
THREAD|105|1|26538|26538|10195|putmethod.latin|0.222|0.0|0.000|1|1|0|0-7|0|1024|1024|102749|160934|27431
THREAD|105|2|16730|11869|10563|binder:16730_9|0.175|0.0|0.150|4|5|1|0-7|0|1024|1024|292|503|149
THREAD|105|3|26538|20121|10195|binder:26538_D|0.113|0.0|0.000|1|5|5|0-7|0|1024|1024|2387|4585|2603
THREAD|105|4|16730|16730|10563|droid.deskclock|0.087|0.0|0.000|2|2|1|0-7|0|1024|1024|25843|44539|5883
THREAD|105|5|26538|27611|10195|pool-8-thread-1|0.057|0.0|0.000|1|6|6|0-7|0|1024|1024|4273|8158|447
THREAD|105|6|16730|9973|10563|AppSearch_Index|0.000|0.0|0.000|0|3|3|0-7|0|1024|1024|13150|20688|240
THREAD|105|7|16730|9940|10563|AppSearch_Index|0.000|0.0|0.000|0|2|2|0-7|0|1024|1024|13115|20690|232
THREAD|105|8|26538|9612|10195|binder:26538_8|0.000|0.0|0.000|0|1|1|0-7|0|1024|1024|3400|6497|3312
THREAD|105|9|26538|9470|10195|binder:26538_B|0.000|0.0|0.000|0|6|6|0-7|0|1024|1024|2531|4304|2105
THREAD|105|10|10622|8513|10201|ExoPlayer:Playb|0.000|0.0|0.000|0|4|4|0-7|0|1024|1024|6463|10331|51
WINDOW|seq=106|t_cs=16148564|wall_ms=260|threads=284|busy_threads=2|total_runtime_ms=0.125|total_runq_wait_ms=0.000|tgids=5032,10622,16730,26538
THREAD|106|1|16730|16730|10563|droid.deskclock|0.095|0.0|0.000|1|1|2|0-7|0|1024|1024|25844|44540|5883
THREAD|106|2|16730|6286|10563|RenderThread|0.030|0.0|0.000|1|1|1|0-7|0|1024|1024|19270|29804|1710
THREAD|106|3|16730|9973|10563|AppSearch_Index|0.000|0.0|0.000|0|3|3|0-7|0|1024|1024|13150|20688|240
THREAD|106|4|16730|9940|10563|AppSearch_Index|0.000|0.0|0.000|0|2|2|0-7|0|1024|1024|13115|20690|232
THREAD|106|5|26538|9612|10195|binder:26538_8|0.000|0.0|0.000|0|1|1|0-7|0|1024|1024|3400|6497|3312
THREAD|106|6|26538|9470|10195|binder:26538_B|0.000|0.0|0.000|0|6|6|0-7|0|1024|1024|2531|4304|2105
THREAD|106|7|10622|8513|10201|ExoPlayer:Playb|0.000|0.0|0.000|0|4|4|0-7|0|1024|1024|6463|10331|51
THREAD|106|8|10622|8509|10201|ExoPlayer:Playb|0.000|0.0|0.000|0|1|1|0-7|0|1024|1024|6331|10327|49
THREAD|106|9|26538|8364|10195|IMM.binder-emu|0.000|0.0|0.000|0|2|2|0-7|0|1024|1024|15737|23850|1039
THREAD|106|10|26538|8336|10195|Primes-Jank|0.000|0.0|0.000|0|4|4|0-7|0|1024|1024|16074|23866|1131
WINDOW|seq=107|t_cs=16148590|wall_ms=260|threads=284|busy_threads=3|total_runtime_ms=0.388|total_runq_wait_ms=0.026|tgids=5032,10622,16730,26538
THREAD|107|1|16730|16730|10563|droid.deskclock|0.269|0.1|0.000|1|2|1|0-7|0|1024|1024|25845|44541|5883
THREAD|107|2|16730|6290|10563|oplus.view.bg|0.111|0.0|0.026|2|4|2|0-7|0|1024|1024|13514|20791|459
THREAD|107|3|16730|6340|10563|SurfaceSyncGrou|0.007|0.0|0.000|1|5|5|0-7|0|1024|1024|12818|20758|261
THREAD|107|4|16730|9973|10563|AppSearch_Index|0.000|0.0|0.000|0|3|3|0-7|0|1024|1024|13150|20688|240
THREAD|107|5|16730|9940|10563|AppSearch_Index|0.000|0.0|0.000|0|2|2|0-7|0|1024|1024|13115|20690|232
THREAD|107|6|26538|9612|10195|binder:26538_8|0.000|0.0|0.000|0|1|1|0-7|0|1024|1024|3400|6497|3312
THREAD|107|7|26538|9470|10195|binder:26538_B|0.000|0.0|0.000|0|6|6|0-7|0|1024|1024|2531|4304|2105
THREAD|107|8|10622|8513|10201|ExoPlayer:Playb|0.000|0.0|0.000|0|4|4|0-7|0|1024|1024|6463|10331|51
THREAD|107|9|10622|8509|10201|ExoPlayer:Playb|0.000|0.0|0.000|0|1|1|0-7|0|1024|1024|6331|10327|49
THREAD|107|10|26538|8364|10195|IMM.binder-emu|0.000|0.0|0.000|0|2|2|0-7|0|1024|1024|15737|23850|1039
WINDOW|seq=108|t_cs=16148616|wall_ms=260|threads=284|busy_threads=0|total_runtime_ms=0.000|total_runq_wait_ms=0.000|tgids=5032,10622,16730,26538
THREAD|108|1|16730|9973|10563|AppSearch_Index|0.000|0.0|0.000|0|3|3|0-7|0|1024|1024|13150|20688|240
THREAD|108|2|16730|9940|10563|AppSearch_Index|0.000|0.0|0.000|0|2|2|0-7|0|1024|1024|13115|20690|232
THREAD|108|3|26538|9612|10195|binder:26538_8|0.000|0.0|0.000|0|1|1|0-7|0|1024|1024|3400|6497|3312
THREAD|108|4|26538|9470|10195|binder:26538_B|0.000|0.0|0.000|0|6|6|0-7|0|1024|1024|2531|4304|2105
THREAD|108|5|10622|8513|10201|ExoPlayer:Playb|0.000|0.0|0.000|0|4|4|0-7|0|1024|1024|6463|10331|51
THREAD|108|6|10622|8509|10201|ExoPlayer:Playb|0.000|0.0|0.000|0|1|1|0-7|0|1024|1024|6331|10327|49
THREAD|108|7|26538|8364|10195|IMM.binder-emu|0.000|0.0|0.000|0|2|2|0-7|0|1024|1024|15737|23850|1039
THREAD|108|8|26538|8336|10195|Primes-Jank|0.000|0.0|0.000|0|4|4|0-7|0|1024|1024|16074|23866|1131
THREAD|108|9|16730|8119|10563|AppSearch_Index|0.000|0.0|0.000|0|3|3|0-7|0|1024|1024|13165|20704|245
THREAD|108|10|16730|7937|10563|AppSearch_Index|0.000|0.0|0.000|0|4|4|0-7|0|1024|1024|13102|20690|242
WINDOW|seq=109|t_cs=16148643|wall_ms=270|threads=284|busy_threads=1|total_runtime_ms=0.059|total_runq_wait_ms=0.000|tgids=5032,10622,16730,26538
THREAD|109|1|16730|16730|10563|droid.deskclock|0.059|0.0|0.000|1|1|4|0-7|0|1024|1024|25846|44542|5883
THREAD|109|2|16730|9973|10563|AppSearch_Index|0.000|0.0|0.000|0|3|3|0-7|0|1024|1024|13150|20688|240
THREAD|109|3|16730|9940|10563|AppSearch_Index|0.000|0.0|0.000|0|2|2|0-7|0|1024|1024|13115|20690|232
THREAD|109|4|26538|9612|10195|binder:26538_8|0.000|0.0|0.000|0|1|1|0-7|0|1024|1024|3400|6497|3312
THREAD|109|5|26538|9470|10195|binder:26538_B|0.000|0.0|0.000|0|6|6|0-7|0|1024|1024|2531|4304|2105
THREAD|109|6|10622|8513|10201|ExoPlayer:Playb|0.000|0.0|0.000|0|4|4|0-7|0|1024|1024|6463|10331|51
THREAD|109|7|10622|8509|10201|ExoPlayer:Playb|0.000|0.0|0.000|0|1|1|0-7|0|1024|1024|6331|10327|49
THREAD|109|8|26538|8364|10195|IMM.binder-emu|0.000|0.0|0.000|0|2|2|0-7|0|1024|1024|15737|23850|1039
THREAD|109|9|26538|8336|10195|Primes-Jank|0.000|0.0|0.000|0|4|4|0-7|0|1024|1024|16074|23866|1131
THREAD|109|10|16730|8119|10563|AppSearch_Index|0.000|0.0|0.000|0|3|3|0-7|0|1024|1024|13165|20704|245
EVENT|seq=110|type=top_app_changed|from=5032,10622,16730,26538|to=5032,10622,22534,26538,27172,30630,30680|t_cs=16148669
WINDOW|seq=111|t_cs=16148695|wall_ms=260|threads=349|busy_threads=11|total_runtime_ms=13.870|total_runq_wait_ms=0.992|tgids=5032,10622,22534,26538,27172,30630,30680
THREAD|111|1|22534|22534|10192|.android.chrome|5.728|2.2|0.000|19|5|0|0-7|0|1024|1024|2362|5329|471
THREAD|111|2|22534|27046|10192|RenderThread|4.284|1.6|0.130|9|0|5|0-7|0|1024|1024|493|661|64
THREAD|111|3|22534|27090|10192|NetworkService|2.536|0.9|0.319|7|5|1|0-7|0|1024|1024|644|1616|677
THREAD|111|4|22534|27233|10192|binder:22534_5|1.055|0.4|0.329|19|1|5|0-7|0|1024|1024|58|83|24
THREAD|111|5|22534|27248|10192|binder:22534_5|0.087|0.0|0.119|5|2|2|0-7|0|1024|1024|77|121|9
THREAD|111|6|26538|20121|10195|binder:26538_D|0.079|0.0|0.039|1|1|2|0-7|0|1024|1024|2391|4595|2605
THREAD|111|7|27172|27305|10192|VizCompositorTh|0.048|0.0|0.000|1|2|1|0-7|0|1024|1024|2679|4026|215
THREAD|111|8|22534|27107|10192|CameraAvailabil|0.018|0.0|0.019|1|4|3|0-7|0|1024|1024|26|45|1
THREAD|111|9|26538|27611|10195|pool-8-thread-1|0.016|0.0|0.034|1|6|2|0-7|0|1024|1024|4274|8160|448
THREAD|111|10|22534|26900|10192|binder:22534_2|0.010|0.0|0.000|1|2|5|0-7|0|1024|1024|132|202|58
WINDOW|seq=112|t_cs=16148721|wall_ms=260|threads=349|busy_threads=3|total_runtime_ms=1.080|total_runq_wait_ms=0.000|tgids=5032,10622,22534,26538,27172,30630,30680
THREAD|112|1|26538|26538|10195|putmethod.latin|0.551|0.2|0.000|1|4|0|0-7|0|1024|1024|102754|160942|27431
THREAD|112|2|22534|27046|10192|RenderThread|0.310|0.1|0.000|1|5|1|0-7|0|1024|1024|494|662|64
THREAD|112|3|30680|30700|90001|CrRendererMain|0.217|0.0|0.000|2|0|5|0-7|0|1024|1024|1142|1783|239
THREAD|112|4|30630|9782|10324|binder:30630_7|0.000|0.0|0.000|0|0|0|0-7|0|1024|1024|246|472|239
THREAD|112|5|26538|9612|10195|binder:26538_8|0.000|0.0|0.000|0|1|1|0-7|0|1024|1024|3400|6498|3312
THREAD|112|6|26538|9470|10195|binder:26538_B|0.000|0.0|0.000|0|6|6|0-7|0|1024|1024|2531|4304|2105
THREAD|112|7|10622|8513|10201|ExoPlayer:Playb|0.000|0.0|0.000|0|4|4|0-7|0|1024|1024|6463|10331|51
THREAD|112|8|10622|8509|10201|ExoPlayer:Playb|0.000|0.0|0.000|0|1|1|0-7|0|1024|1024|6331|10327|49
THREAD|112|9|26538|8364|10195|IMM.binder-emu|0.000|0.0|0.000|0|2|2|0-7|0|1024|1024|15737|23850|1039
THREAD|112|10|26538|8336|10195|Primes-Jank|0.000|0.0|0.000|0|4|4|0-7|0|1024|1024|16074|23866|1131
WINDOW|seq=113|t_cs=16148748|wall_ms=270|threads=349|busy_threads=1|total_runtime_ms=0.142|total_runq_wait_ms=0.000|tgids=5032,10622,22534,26538,27172,30630,30680
THREAD|113|1|22534|22534|10192|.android.chrome|0.142|0.0|0.000|1|0|0|0-7|0|1024|1024|2362|5330|471
THREAD|113|2|30630|9782|10324|binder:30630_7|0.000|0.0|0.000|0|0|0|0-7|0|1024|1024|246|472|239
THREAD|113|3|26538|9612|10195|binder:26538_8|0.000|0.0|0.000|0|1|1|0-7|0|1024|1024|3400|6498|3312
THREAD|113|4|26538|9470|10195|binder:26538_B|0.000|0.0|0.000|0|6|6|0-7|0|1024|1024|2531|4304|2105
THREAD|113|5|10622|8513|10201|ExoPlayer:Playb|0.000|0.0|0.000|0|4|4|0-7|0|1024|1024|6463|10331|51
THREAD|113|6|10622|8509|10201|ExoPlayer:Playb|0.000|0.0|0.000|0|1|1|0-7|0|1024|1024|6331|10327|49
THREAD|113|7|26538|8364|10195|IMM.binder-emu|0.000|0.0|0.000|0|2|2|0-7|0|1024|1024|15737|23850|1039
THREAD|113|8|26538|8336|10195|Primes-Jank|0.000|0.0|0.000|0|4|4|0-7|0|1024|1024|16074|23866|1131
THREAD|113|9|22534|7879|10192|binder:22534_8|0.000|0.0|0.000|0|4|4|0-7|0|1024|1024|88|140|37
THREAD|113|10|26538|7737|10195|AiCoreClientWor|0.000|0.0|0.000|0|1|1|0-7|0|1024|1024|1|2|0
WINDOW|seq=114|t_cs=16148776|wall_ms=280|threads=349|busy_threads=17|total_runtime_ms=4.507|total_runq_wait_ms=1.872|tgids=5032,10622,22534,26538,27172,30630,30680
THREAD|114|1|22534|22534|10192|.android.chrome|1.944|0.6|0.000|3|0|4|0-7|0|1024|1024|2365|5333|471
THREAD|114|2|22534|26965|10192|ThreadPoolForeg|0.373|0.1|0.000|1|6|6|0-7|0|1024|1024|1068|2249|939
THREAD|114|3|30680|30700|90001|CrRendererMain|0.356|0.1|0.000|1|5|0|0-7|0|1024|1024|1143|1784|239
THREAD|114|4|22534|26923|10192|oplus.view.bg|0.301|0.1|0.000|1|1|0|0-7|0|1024|1024|30|40|13
THREAD|114|5|22534|26983|10192|ThreadPoolForeg|0.284|0.1|0.100|3|4|4|0-7|0|1024|1024|482|1267|464
THREAD|114|6|22534|27086|10192|Chrome_IOThread|0.257|0.0|0.000|2|3|1|0-7|0|1024|1024|1325|2639|94
THREAD|114|7|30680|30706|90001|ThreadPoolForeg|0.200|0.0|0.347|1|3|5|0-7|0|1024|1024|245|415|226
THREAD|114|8|27172|27239|10192|CrGpuMain|0.151|0.0|0.000|1|1|1|0-7|0|1024|1024|434|738|100
THREAD|114|9|22534|27091|10192|ThreadPoolForeg|0.137|0.0|0.305|1|1|4|0-7|0|1024|1024|110|215|144
THREAD|114|10|30680|30710|90001|Chrome_ChildIOT|0.101|0.0|0.000|1|5|5|0-7|0|1024|1024|515|1080|40
WINDOW|seq=115|t_cs=16148801|wall_ms=250|threads=349|busy_threads=1|total_runtime_ms=0.055|total_runq_wait_ms=0.000|tgids=5032,10622,22534,26538,27172,30630,30680
THREAD|115|1|22534|26963|10192|ThreadPoolServi|0.055|0.0|0.000|1|2|4|0-7|0|1024|1024|47|87|9
THREAD|115|2|30630|9782|10324|binder:30630_7|0.000|0.0|0.000|0|0|0|0-7|0|1024|1024|246|472|239
THREAD|115|3|26538|9612|10195|binder:26538_8|0.000|0.0|0.000|0|1|1|0-7|0|1024|1024|3400|6498|3312
THREAD|115|4|26538|9470|10195|binder:26538_B|0.000|0.0|0.000|0|6|6|0-7|0|1024|1024|2531|4304|2105
THREAD|115|5|10622|8513|10201|ExoPlayer:Playb|0.000|0.0|0.000|0|4|4|0-7|0|1024|1024|6463|10331|51
THREAD|115|6|10622|8509|10201|ExoPlayer:Playb|0.000|0.0|0.000|0|1|1|0-7|0|1024|1024|6331|10327|49
THREAD|115|7|26538|8364|10195|IMM.binder-emu|0.000|0.0|0.000|0|2|2|0-7|0|1024|1024|15737|23850|1039
THREAD|115|8|26538|8336|10195|Primes-Jank|0.000|0.0|0.000|0|4|4|0-7|0|1024|1024|16074|23866|1131
THREAD|115|9|22534|7879|10192|binder:22534_8|0.000|0.0|0.000|0|4|4|0-7|0|1024|1024|88|140|37
THREAD|115|10|26538|7737|10195|AiCoreClientWor|0.000|0.0|0.000|0|1|1|0-7|0|1024|1024|1|2|0
WINDOW|seq=116|t_cs=16148827|wall_ms=260|threads=349|busy_threads=19|total_runtime_ms=13.117|total_runq_wait_ms=11.561|tgids=5032,10622,22534,26538,27172,30630,30680
THREAD|116|1|27172|27302|10192|ThreadPoolForeg|3.066|1.1|1.842|3|1|4|0-7|0|1024|1024|38|46|47
THREAD|116|2|27172|27307|10192|CompositorGpuTh|1.610|0.6|4.828|9|1|2|0-7|0|1024|1024|1820|1783|1276
THREAD|116|3|30680|30700|90001|CrRendererMain|1.299|0.4|0.041|4|0|2|0-7|0|1024|1024|1146|1788|239
THREAD|116|4|22534|22534|10192|.android.chrome|1.128|0.4|0.049|6|4|4|0-7|0|1024|1024|2384|5359|472
THREAD|116|5|27172|27305|10192|VizCompositorTh|1.025|0.3|0.872|10|1|7|0-7|0|1024|1024|2687|4039|215
THREAD|116|6|27172|27239|10192|CrGpuMain|0.984|0.3|0.000|2|1|5|0-7|0|1024|1024|435|740|100
THREAD|116|7|30680|30712|90001|Compositor|0.872|0.3|0.685|9|0|4|0-7|0|1024|1024|1798|3675|306
THREAD|116|8|27172|27303|10192|Chrome_ChildIOT|0.659|0.2|0.036|4|2|0|0-7|0|1024|1024|260|542|16
THREAD|116|9|22534|26965|10192|ThreadPoolForeg|0.648|0.2|0.611|4|6|0|0-7|0|1024|1024|1080|2264|944
THREAD|116|10|30680|30710|90001|Chrome_ChildIOT|0.598|0.2|0.000|2|5|2|0-7|0|1024|1024|516|1082|40
EVENT|seq=117|type=top_app_changed|from=5032,10622,22534,26538,27172,30630,30680|to=5032,10622,16730,26538|t_cs=16148851
WINDOW|seq=118|t_cs=16148876|wall_ms=250|threads=284|busy_threads=4|total_runtime_ms=0.396|total_runq_wait_ms=0.601|tgids=5032,10622,16730,26538
THREAD|118|1|16730|11869|10563|binder:16730_9|0.149|0.0|0.044|2|2|2|0-7|0|1024|1024|319|537|157
THREAD|118|2|16730|16730|10563|droid.deskclock|0.137|0.0|0.000|3|3|0|0-7|0|1024|1024|25914|44649|5901
THREAD|118|3|26538|26587|10195|binder:26538_4|0.089|0.0|0.557|1|0|0|0-7|0|1024|1024|8478|13699|4800
THREAD|118|4|26538|27611|10195|pool-8-thread-1|0.020|0.0|0.000|1|2|2|0-7|0|1024|1024|4274|8162|448
THREAD|118|5|16730|9973|10563|AppSearch_Index|0.000|0.0|0.000|0|3|3|0-7|0|1024|1024|13150|20688|240
THREAD|118|6|16730|9940|10563|AppSearch_Index|0.000|0.0|0.000|0|2|2|0-7|0|1024|1024|13115|20690|232
THREAD|118|7|26538|9612|10195|binder:26538_8|0.000|0.0|0.000|0|4|4|0-7|0|1024|1024|3401|6499|3312
THREAD|118|8|26538|9470|10195|binder:26538_B|0.000|0.0|0.000|0|6|6|0-7|0|1024|1024|2531|4304|2105
THREAD|118|9|10622|8513|10201|ExoPlayer:Playb|0.000|0.0|0.000|0|4|4|0-7|0|1024|1024|6463|10331|51
THREAD|118|10|10622|8509|10201|ExoPlayer:Playb|0.000|0.0|0.000|0|1|1|0-7|0|1024|1024|6331|10327|49
WINDOW|seq=119|t_cs=16148902|wall_ms=260|threads=284|busy_threads=3|total_runtime_ms=0.676|total_runq_wait_ms=0.000|tgids=5032,10622,16730,26538
THREAD|119|1|26538|26538|10195|putmethod.latin|0.603|0.2|0.000|1|0|0|0-7|0|1024|1024|102762|160954|27431
THREAD|119|2|16730|6286|10563|RenderThread|0.044|0.0|0.000|1|2|0|0-7|0|1024|1024|19313|29868|1711
THREAD|119|3|16730|16755|10563|FinalizerWatchd|0.028|0.0|0.000|1|5|5|0-7|0|1024|1024|35|55|6
THREAD|119|4|16730|9973|10563|AppSearch_Index|0.000|0.0|0.000|0|3|3|0-7|0|1024|1024|13150|20688|240
THREAD|119|5|16730|9940|10563|AppSearch_Index|0.000|0.0|0.000|0|2|2|0-7|0|1024|1024|13115|20690|232
THREAD|119|6|26538|9612|10195|binder:26538_8|0.000|0.0|0.000|0|4|4|0-7|0|1024|1024|3401|6499|3312
THREAD|119|7|26538|9470|10195|binder:26538_B|0.000|0.0|0.000|0|6|6|0-7|0|1024|1024|2531|4304|2105
THREAD|119|8|10622|8513|10201|ExoPlayer:Playb|0.000|0.0|0.000|0|4|4|0-7|0|1024|1024|6463|10331|51
THREAD|119|9|10622|8509|10201|ExoPlayer:Playb|0.000|0.0|0.000|0|1|1|0-7|0|1024|1024|6331|10327|49
THREAD|119|10|26538|8364|10195|IMM.binder-emu|0.000|0.0|0.000|0|2|2|0-7|0|1024|1024|15737|23850|1039
WINDOW|seq=120|t_cs=16148930|wall_ms=280|threads=284|busy_threads=2|total_runtime_ms=0.190|total_runq_wait_ms=0.000|tgids=5032,10622,16730,26538
THREAD|120|1|16730|16730|10563|droid.deskclock|0.143|0.0|0.000|2|0|0|0-7|0|1024|1024|25914|44651|5901
THREAD|120|2|16730|6340|10563|SurfaceSyncGrou|0.047|0.0|0.000|1|5|0|0-7|0|1024|1024|12819|20760|261
THREAD|120|3|16730|9973|10563|AppSearch_Index|0.000|0.0|0.000|0|3|3|0-7|0|1024|1024|13150|20688|240
THREAD|120|4|16730|9940|10563|AppSearch_Index|0.000|0.0|0.000|0|2|2|0-7|0|1024|1024|13115|20690|232
THREAD|120|5|26538|9612|10195|binder:26538_8|0.000|0.0|0.000|0|4|4|0-7|0|1024|1024|3401|6499|3312
THREAD|120|6|26538|9470|10195|binder:26538_B|0.000|0.0|0.000|0|6|6|0-7|0|1024|1024|2531|4304|2105
THREAD|120|7|10622|8513|10201|ExoPlayer:Playb|0.000|0.0|0.000|0|4|4|0-7|0|1024|1024|6463|10331|51
THREAD|120|8|10622|8509|10201|ExoPlayer:Playb|0.000|0.0|0.000|0|1|1|0-7|0|1024|1024|6331|10327|49
THREAD|120|9|26538|8364|10195|IMM.binder-emu|0.000|0.0|0.000|0|2|2|0-7|0|1024|1024|15737|23850|1039
THREAD|120|10|26538|8336|10195|Primes-Jank|0.000|0.0|0.000|0|4|4|0-7|0|1024|1024|16074|23866|1131
WINDOW|seq=121|t_cs=16148958|wall_ms=280|threads=284|busy_threads=1|total_runtime_ms=0.145|total_runq_wait_ms=0.000|tgids=5032,10622,16730,26538
THREAD|121|1|16730|6290|10563|oplus.view.bg|0.145|0.0|0.000|1|2|0|0-7|0|1024|1024|13518|20795|460
THREAD|121|2|16730|9973|10563|AppSearch_Index|0.000|0.0|0.000|0|3|3|0-7|0|1024|1024|13150|20688|240
THREAD|121|3|16730|9940|10563|AppSearch_Index|0.000|0.0|0.000|0|2|2|0-7|0|1024|1024|13115|20690|232
THREAD|121|4|26538|9612|10195|binder:26538_8|0.000|0.0|0.000|0|4|4|0-7|0|1024|1024|3401|6499|3312
THREAD|121|5|26538|9470|10195|binder:26538_B|0.000|0.0|0.000|0|6|6|0-7|0|1024|1024|2531|4304|2105
THREAD|121|6|10622|8513|10201|ExoPlayer:Playb|0.000|0.0|0.000|0|4|4|0-7|0|1024|1024|6463|10331|51
THREAD|121|7|10622|8509|10201|ExoPlayer:Playb|0.000|0.0|0.000|0|1|1|0-7|0|1024|1024|6331|10327|49
THREAD|121|8|26538|8364|10195|IMM.binder-emu|0.000|0.0|0.000|0|2|2|0-7|0|1024|1024|15737|23850|1039
THREAD|121|9|26538|8336|10195|Primes-Jank|0.000|0.0|0.000|0|4|4|0-7|0|1024|1024|16074|23866|1131
THREAD|121|10|16730|8119|10563|AppSearch_Index|0.000|0.0|0.000|0|3|3|0-7|0|1024|1024|13165|20704|245
WINDOW|seq=122|t_cs=16148983|wall_ms=250|threads=284|busy_threads=3|total_runtime_ms=0.420|total_runq_wait_ms=1.261|tgids=5032,10622,16730,26538
THREAD|122|1|26538|26587|10195|binder:26538_4|0.317|0.1|1.138|5|0|4|0-7|0|1024|1024|8479|13702|4802
THREAD|122|2|16730|16730|10563|droid.deskclock|0.057|0.0|0.000|1|0|1|0-7|0|1024|1024|25915|44652|5901
THREAD|122|3|26538|27611|10195|pool-8-thread-1|0.045|0.0|0.122|3|2|5|0-7|0|1024|1024|4276|8165|448
THREAD|122|4|16730|9973|10563|AppSearch_Index|0.000|0.0|0.000|0|3|3|0-7|0|1024|1024|13150|20688|240
THREAD|122|5|16730|9940|10563|AppSearch_Index|0.000|0.0|0.000|0|2|2|0-7|0|1024|1024|13115|20690|232
THREAD|122|6|26538|9612|10195|binder:26538_8|0.000|0.0|0.000|0|4|4|0-7|0|1024|1024|3401|6499|3312
THREAD|122|7|26538|9470|10195|binder:26538_B|0.000|0.0|0.000|0|6|6|0-7|0|1024|1024|2531|4304|2105
THREAD|122|8|10622|8513|10201|ExoPlayer:Playb|0.000|0.0|0.000|0|4|4|0-7|0|1024|1024|6463|10331|51
THREAD|122|9|10622|8509|10201|ExoPlayer:Playb|0.000|0.0|0.000|0|1|1|0-7|0|1024|1024|6331|10327|49
THREAD|122|10|26538|8364|10195|IMM.binder-emu|0.000|0.0|0.000|0|2|2|0-7|0|1024|1024|15737|23850|1039
EVENT|seq=123|type=top_app_changed|from=5032,10622,16730,26538|to=5032,10622,22534,26538,27172,30630,30680|t_cs=16149009
END|windows=123|elapsed_s=32
