META|version=2|duration_s=30|interval_ms=250|top_n=10|kernel=6.6.118-android15-8-g2e6b9c3812c5-ab15114928-4k|read_only=yes
FIELDS|THREAD|seq|rank|tgid|tid|uid|comm|runtime_ms|runtime_pct|runq_wait_ms|slices|cpu_start|cpu_end|allowed|uclamp_min|uclamp_max|uclamp_max_eff|migrations_total|vol_ctx_total|nonvol_ctx_total
WINDOW|seq=1|t_cs=16275695|wall_ms=290|threads=263|busy_threads=1|total_runtime_ms=142.318|total_runq_wait_ms=1.009|tgids=5032,10622,16730,20685,26538
THREAD|1|1|20685|20685|10999|sh|142.318|49.0|1.009|22|1|1|0-7|0|1024|1024|97|94|135
THREAD|1|2|16730|9973|10563|AppSearch_Index|0.000|0.0|0.000|0|3|3|0-7|0|1024|1024|13150|20688|240
THREAD|1|3|16730|9940|10563|AppSearch_Index|0.000|0.0|0.000|0|2|2|0-7|0|1024|1024|13115|20690|232
THREAD|1|4|26538|9612|10195|binder:26538_8|0.000|0.0|0.000|0|3|3|0-7|0|1024|1024|3404|6506|3317
THREAD|1|5|26538|9470|10195|binder:26538_B|0.000|0.0|0.000|0|6|6|0-7|0|1024|1024|2531|4304|2105
THREAD|1|6|10622|8513|10201|ExoPlayer:Playb|0.000|0.0|0.000|0|4|4|0-7|0|1024|1024|6463|10331|51
THREAD|1|7|10622|8509|10201|ExoPlayer:Playb|0.000|0.0|0.000|0|1|1|0-7|0|1024|1024|6331|10327|49
THREAD|1|8|26538|8364|10195|IMM.binder-emu|0.000|0.0|0.000|0|2|2|0-7|0|1024|1024|15737|23850|1039
THREAD|1|9|26538|8336|10195|Primes-Jank|0.000|0.0|0.000|0|4|4|0-7|0|1024|1024|16074|23866|1131
THREAD|1|10|16730|8119|10563|AppSearch_Index|0.000|0.0|0.000|0|3|3|0-7|0|1024|1024|13165|20704|245
WINDOW|seq=2|t_cs=16275720|wall_ms=250|threads=263|busy_threads=1|total_runtime_ms=93.459|total_runq_wait_ms=0.157|tgids=5032,10622,16730,20685,26538
THREAD|2|1|20685|20685|10999|sh|93.459|37.3|0.157|11|1|0|0-7|0|1024|1024|100|102|140
THREAD|2|2|16730|9973|10563|AppSearch_Index|0.000|0.0|0.000|0|3|3|0-7|0|1024|1024|13150|20688|240
THREAD|2|3|16730|9940|10563|AppSearch_Index|0.000|0.0|0.000|0|2|2|0-7|0|1024|1024|13115|20690|232
THREAD|2|4|26538|9612|10195|binder:26538_8|0.000|0.0|0.000|0|3|3|0-7|0|1024|1024|3404|6506|3317
THREAD|2|5|26538|9470|10195|binder:26538_B|0.000|0.0|0.000|0|6|6|0-7|0|1024|1024|2531|4304|2105
THREAD|2|6|10622|8513|10201|ExoPlayer:Playb|0.000|0.0|0.000|0|4|4|0-7|0|1024|1024|6463|10331|51
THREAD|2|7|10622|8509|10201|ExoPlayer:Playb|0.000|0.0|0.000|0|1|1|0-7|0|1024|1024|6331|10327|49
THREAD|2|8|26538|8364|10195|IMM.binder-emu|0.000|0.0|0.000|0|2|2|0-7|0|1024|1024|15737|23850|1039
THREAD|2|9|26538|8336|10195|Primes-Jank|0.000|0.0|0.000|0|4|4|0-7|0|1024|1024|16074|23866|1131
THREAD|2|10|16730|8119|10563|AppSearch_Index|0.000|0.0|0.000|0|3|3|0-7|0|1024|1024|13165|20704|245
WINDOW|seq=3|t_cs=16275746|wall_ms=260|threads=263|busy_threads=1|total_runtime_ms=118.099|total_runq_wait_ms=2.775|tgids=5032,10622,16730,20685,26538
THREAD|3|1|20685|20685|10999|sh|118.099|45.4|2.775|15|0|2|0-7|0|1024|1024|105|109|146
THREAD|3|2|16730|9973|10563|AppSearch_Index|0.000|0.0|0.000|0|3|3|0-7|0|1024|1024|13150|20688|240
THREAD|3|3|16730|9940|10563|AppSearch_Index|0.000|0.0|0.000|0|2|2|0-7|0|1024|1024|13115|20690|232
THREAD|3|4|26538|9612|10195|binder:26538_8|0.000|0.0|0.000|0|3|3|0-7|0|1024|1024|3404|6506|3317
THREAD|3|5|26538|9470|10195|binder:26538_B|0.000|0.0|0.000|0|6|6|0-7|0|1024|1024|2531|4304|2105
THREAD|3|6|10622|8513|10201|ExoPlayer:Playb|0.000|0.0|0.000|0|4|4|0-7|0|1024|1024|6463|10331|51
THREAD|3|7|10622|8509|10201|ExoPlayer:Playb|0.000|0.0|0.000|0|1|1|0-7|0|1024|1024|6331|10327|49
THREAD|3|8|26538|8364|10195|IMM.binder-emu|0.000|0.0|0.000|0|2|2|0-7|0|1024|1024|15737|23850|1039
THREAD|3|9|26538|8336|10195|Primes-Jank|0.000|0.0|0.000|0|4|4|0-7|0|1024|1024|16074|23866|1131
THREAD|3|10|16730|8119|10563|AppSearch_Index|0.000|0.0|0.000|0|3|3|0-7|0|1024|1024|13165|20704|245
WINDOW|seq=4|t_cs=16275773|wall_ms=270|threads=263|busy_threads=1|total_runtime_ms=101.805|total_runq_wait_ms=0.036|tgids=5032,10622,16730,20685,26538
THREAD|4|1|20685|20685|10999|sh|101.805|37.7|0.036|11|2|1|0-7|0|1024|1024|111|118|157
THREAD|4|2|16730|9973|10563|AppSearch_Index|0.000|0.0|0.000|0|3|3|0-7|0|1024|1024|13150|20688|240
THREAD|4|3|16730|9940|10563|AppSearch_Index|0.000|0.0|0.000|0|2|2|0-7|0|1024|1024|13115|20690|232
THREAD|4|4|26538|9612|10195|binder:26538_8|0.000|0.0|0.000|0|3|3|0-7|0|1024|1024|3404|6506|3317
THREAD|4|5|26538|9470|10195|binder:26538_B|0.000|0.0|0.000|0|6|6|0-7|0|1024|1024|2531|4304|2105
THREAD|4|6|10622|8513|10201|ExoPlayer:Playb|0.000|0.0|0.000|0|4|4|0-7|0|1024|1024|6463|10331|51
THREAD|4|7|10622|8509|10201|ExoPlayer:Playb|0.000|0.0|0.000|0|1|1|0-7|0|1024|1024|6331|10327|49
THREAD|4|8|26538|8364|10195|IMM.binder-emu|0.000|0.0|0.000|0|2|2|0-7|0|1024|1024|15737|23850|1039
THREAD|4|9|26538|8336|10195|Primes-Jank|0.000|0.0|0.000|0|4|4|0-7|0|1024|1024|16074|23866|1131
THREAD|4|10|16730|8119|10563|AppSearch_Index|0.000|0.0|0.000|0|3|3|0-7|0|1024|1024|13165|20704|245
WINDOW|seq=5|t_cs=16275799|wall_ms=260|threads=263|busy_threads=1|total_runtime_ms=87.327|total_runq_wait_ms=2.581|tgids=5032,10622,16730,20685,26538
THREAD|5|1|20685|20685|10999|sh|87.327|33.5|2.581|21|1|4|0-7|0|1024|1024|114|125|161
THREAD|5|2|16730|9973|10563|AppSearch_Index|0.000|0.0|0.000|0|3|3|0-7|0|1024|1024|13150|20688|240
THREAD|5|3|16730|9940|10563|AppSearch_Index|0.000|0.0|0.000|0|2|2|0-7|0|1024|1024|13115|20690|232
THREAD|5|4|26538|9612|10195|binder:26538_8|0.000|0.0|0.000|0|3|3|0-7|0|1024|1024|3404|6506|3317
THREAD|5|5|26538|9470|10195|binder:26538_B|0.000|0.0|0.000|0|6|6|0-7|0|1024|1024|2531|4304|2105
THREAD|5|6|10622|8513|10201|ExoPlayer:Playb|0.000|0.0|0.000|0|4|4|0-7|0|1024|1024|6463|10331|51
THREAD|5|7|10622|8509|10201|ExoPlayer:Playb|0.000|0.0|0.000|0|1|1|0-7|0|1024|1024|6331|10327|49
THREAD|5|8|26538|8364|10195|IMM.binder-emu|0.000|0.0|0.000|0|2|2|0-7|0|1024|1024|15737|23850|1039
THREAD|5|9|26538|8336|10195|Primes-Jank|0.000|0.0|0.000|0|4|4|0-7|0|1024|1024|16074|23866|1131
THREAD|5|10|16730|8119|10563|AppSearch_Index|0.000|0.0|0.000|0|3|3|0-7|0|1024|1024|13165|20704|245
WINDOW|seq=6|t_cs=16275827|wall_ms=280|threads=263|busy_threads=1|total_runtime_ms=124.658|total_runq_wait_ms=0.159|tgids=5032,10622,16730,20685,26538
THREAD|6|1|20685|20685|10999|sh|124.658|44.5|0.159|13|4|4|0-7|0|1024|1024|118|133|166
THREAD|6|2|16730|9973|10563|AppSearch_Index|0.000|0.0|0.000|0|3|3|0-7|0|1024|1024|13150|20688|240
THREAD|6|3|16730|9940|10563|AppSearch_Index|0.000|0.0|0.000|0|2|2|0-7|0|1024|1024|13115|20690|232
THREAD|6|4|26538|9612|10195|binder:26538_8|0.000|0.0|0.000|0|3|3|0-7|0|1024|1024|3404|6506|3317
THREAD|6|5|26538|9470|10195|binder:26538_B|0.000|0.0|0.000|0|6|6|0-7|0|1024|1024|2531|4304|2105
THREAD|6|6|10622|8513|10201|ExoPlayer:Playb|0.000|0.0|0.000|0|4|4|0-7|0|1024|1024|6463|10331|51
THREAD|6|7|10622|8509|10201|ExoPlayer:Playb|0.000|0.0|0.000|0|1|1|0-7|0|1024|1024|6331|10327|49
THREAD|6|8|26538|8364|10195|IMM.binder-emu|0.000|0.0|0.000|0|2|2|0-7|0|1024|1024|15737|23850|1039
THREAD|6|9|26538|8336|10195|Primes-Jank|0.000|0.0|0.000|0|4|4|0-7|0|1024|1024|16074|23866|1131
THREAD|6|10|16730|8119|10563|AppSearch_Index|0.000|0.0|0.000|0|3|3|0-7|0|1024|1024|13165|20704|245
WINDOW|seq=7|t_cs=16275854|wall_ms=270|threads=263|busy_threads=1|total_runtime_ms=128.959|total_runq_wait_ms=0.352|tgids=5032,10622,16730,20685,26538
THREAD|7|1|20685|20685|10999|sh|128.959|47.7|0.352|15|4|1|0-7|0|1024|1024|126|141|176
THREAD|7|2|16730|9973|10563|AppSearch_Index|0.000|0.0|0.000|0|3|3|0-7|0|1024|1024|13150|20688|240
THREAD|7|3|16730|9940|10563|AppSearch_Index|0.000|0.0|0.000|0|2|2|0-7|0|1024|1024|13115|20690|232
THREAD|7|4|26538|9612|10195|binder:26538_8|0.000|0.0|0.000|0|3|3|0-7|0|1024|1024|3404|6506|3317
THREAD|7|5|26538|9470|10195|binder:26538_B|0.000|0.0|0.000|0|6|6|0-7|0|1024|1024|2531|4304|2105
THREAD|7|6|10622|8513|10201|ExoPlayer:Playb|0.000|0.0|0.000|0|4|4|0-7|0|1024|1024|6463|10331|51
THREAD|7|7|10622|8509|10201|ExoPlayer:Playb|0.000|0.0|0.000|0|1|1|0-7|0|1024|1024|6331|10327|49
THREAD|7|8|26538|8364|10195|IMM.binder-emu|0.000|0.0|0.000|0|2|2|0-7|0|1024|1024|15737|23850|1039
THREAD|7|9|26538|8336|10195|Primes-Jank|0.000|0.0|0.000|0|4|4|0-7|0|1024|1024|16074|23866|1131
THREAD|7|10|16730|8119|10563|AppSearch_Index|0.000|0.0|0.000|0|3|3|0-7|0|1024|1024|13165|20704|245
WINDOW|seq=8|t_cs=16275878|wall_ms=240|threads=263|busy_threads=1|total_runtime_ms=101.708|total_runq_wait_ms=0.947|tgids=5032,10622,16730,20685,26538
THREAD|8|1|20685|20685|10999|sh|101.708|42.3|0.947|9|1|4|0-7|0|1024|1024|130|147|178
THREAD|8|2|16730|9973|10563|AppSearch_Index|0.000|0.0|0.000|0|3|3|0-7|0|1024|1024|13150|20688|240
THREAD|8|3|16730|9940|10563|AppSearch_Index|0.000|0.0|0.000|0|2|2|0-7|0|1024|1024|13115|20690|232
THREAD|8|4|26538|9612|10195|binder:26538_8|0.000|0.0|0.000|0|3|3|0-7|0|1024|1024|3404|6506|3317
THREAD|8|5|26538|9470|10195|binder:26538_B|0.000|0.0|0.000|0|6|6|0-7|0|1024|1024|2531|4304|2105
THREAD|8|6|10622|8513|10201|ExoPlayer:Playb|0.000|0.0|0.000|0|4|4|0-7|0|1024|1024|6463|10331|51
THREAD|8|7|10622|8509|10201|ExoPlayer:Playb|0.000|0.0|0.000|0|1|1|0-7|0|1024|1024|6331|10327|49
THREAD|8|8|26538|8364|10195|IMM.binder-emu|0.000|0.0|0.000|0|2|2|0-7|0|1024|1024|15737|23850|1039
THREAD|8|9|26538|8336|10195|Primes-Jank|0.000|0.0|0.000|0|4|4|0-7|0|1024|1024|16074|23866|1131
THREAD|8|10|16730|8119|10563|AppSearch_Index|0.000|0.0|0.000|0|3|3|0-7|0|1024|1024|13165|20704|245
WINDOW|seq=9|t_cs=16275904|wall_ms=260|threads=263|busy_threads=1|total_runtime_ms=102.011|total_runq_wait_ms=0.033|tgids=5032,10622,16730,20685,26538
THREAD|9|1|20685|20685|10999|sh|102.011|39.2|0.033|11|4|5|0-7|0|1024|1024|133|155|186
THREAD|9|2|16730|9973|10563|AppSearch_Index|0.000|0.0|0.000|0|3|3|0-7|0|1024|1024|13150|20688|240
THREAD|9|3|16730|9940|10563|AppSearch_Index|0.000|0.0|0.000|0|2|2|0-7|0|1024|1024|13115|20690|232
THREAD|9|4|26538|9612|10195|binder:26538_8|0.000|0.0|0.000|0|3|3|0-7|0|1024|1024|3404|6506|3317
THREAD|9|5|26538|9470|10195|binder:26538_B|0.000|0.0|0.000|0|6|6|0-7|0|1024|1024|2531|4304|2105
THREAD|9|6|10622|8513|10201|ExoPlayer:Playb|0.000|0.0|0.000|0|4|4|0-7|0|1024|1024|6463|10331|51
THREAD|9|7|10622|8509|10201|ExoPlayer:Playb|0.000|0.0|0.000|0|1|1|0-7|0|1024|1024|6331|10327|49
THREAD|9|8|26538|8364|10195|IMM.binder-emu|0.000|0.0|0.000|0|2|2|0-7|0|1024|1024|15737|23850|1039
THREAD|9|9|26538|8336|10195|Primes-Jank|0.000|0.0|0.000|0|4|4|0-7|0|1024|1024|16074|23866|1131
THREAD|9|10|16730|8119|10563|AppSearch_Index|0.000|0.0|0.000|0|3|3|0-7|0|1024|1024|13165|20704|245
WINDOW|seq=10|t_cs=16275930|wall_ms=260|threads=263|busy_threads=1|total_runtime_ms=123.551|total_runq_wait_ms=0.465|tgids=5032,10622,16730,20685,26538
THREAD|10|1|20685|20685|10999|sh|123.551|47.5|0.465|18|5|0|0-7|0|1024|1024|138|161|191
THREAD|10|2|16730|9973|10563|AppSearch_Index|0.000|0.0|0.000|0|3|3|0-7|0|1024|1024|13150|20688|240
THREAD|10|3|16730|9940|10563|AppSearch_Index|0.000|0.0|0.000|0|2|2|0-7|0|1024|1024|13115|20690|232
THREAD|10|4|26538|9612|10195|binder:26538_8|0.000|0.0|0.000|0|3|3|0-7|0|1024|1024|3404|6506|3317
THREAD|10|5|26538|9470|10195|binder:26538_B|0.000|0.0|0.000|0|6|6|0-7|0|1024|1024|2531|4304|2105
THREAD|10|6|10622|8513|10201|ExoPlayer:Playb|0.000|0.0|0.000|0|4|4|0-7|0|1024|1024|6463|10331|51
THREAD|10|7|10622|8509|10201|ExoPlayer:Playb|0.000|0.0|0.000|0|1|1|0-7|0|1024|1024|6331|10327|49
THREAD|10|8|26538|8364|10195|IMM.binder-emu|0.000|0.0|0.000|0|2|2|0-7|0|1024|1024|15737|23850|1039
THREAD|10|9|26538|8336|10195|Primes-Jank|0.000|0.0|0.000|0|4|4|0-7|0|1024|1024|16074|23866|1131
THREAD|10|10|16730|8119|10563|AppSearch_Index|0.000|0.0|0.000|0|3|3|0-7|0|1024|1024|13165|20704|245
WINDOW|seq=11|t_cs=16275955|wall_ms=250|threads=263|busy_threads=1|total_runtime_ms=110.889|total_runq_wait_ms=0.151|tgids=5032,10622,16730,20685,26538
THREAD|11|1|20685|20685|10999|sh|110.889|44.3|0.151|15|0|5|0-7|0|1024|1024|141|169|200
THREAD|11|2|16730|9973|10563|AppSearch_Index|0.000|0.0|0.000|0|3|3|0-7|0|1024|1024|13150|20688|240
THREAD|11|3|16730|9940|10563|AppSearch_Index|0.000|0.0|0.000|0|2|2|0-7|0|1024|1024|13115|20690|232
THREAD|11|4|26538|9612|10195|binder:26538_8|0.000|0.0|0.000|0|3|3|0-7|0|1024|1024|3404|6506|3317
THREAD|11|5|26538|9470|10195|binder:26538_B|0.000|0.0|0.000|0|6|6|0-7|0|1024|1024|2531|4304|2105
THREAD|11|6|10622|8513|10201|ExoPlayer:Playb|0.000|0.0|0.000|0|4|4|0-7|0|1024|1024|6463|10331|51
THREAD|11|7|10622|8509|10201|ExoPlayer:Playb|0.000|0.0|0.000|0|1|1|0-7|0|1024|1024|6331|10327|49
THREAD|11|8|26538|8364|10195|IMM.binder-emu|0.000|0.0|0.000|0|2|2|0-7|0|1024|1024|15737|23850|1039
THREAD|11|9|26538|8336|10195|Primes-Jank|0.000|0.0|0.000|0|4|4|0-7|0|1024|1024|16074|23866|1131
THREAD|11|10|16730|8119|10563|AppSearch_Index|0.000|0.0|0.000|0|3|3|0-7|0|1024|1024|13165|20704|245
WINDOW|seq=12|t_cs=16275981|wall_ms=260|threads=263|busy_threads=1|total_runtime_ms=90.976|total_runq_wait_ms=0.304|tgids=5032,10622,16730,20685,26538
THREAD|12|1|20685|20685|10999|sh|90.976|34.9|0.304|13|5|5|0-7|0|1024|1024|145|177|204
THREAD|12|2|16730|9973|10563|AppSearch_Index|0.000|0.0|0.000|0|3|3|0-7|0|1024|1024|13150|20688|240
THREAD|12|3|16730|9940|10563|AppSearch_Index|0.000|0.0|0.000|0|2|2|0-7|0|1024|1024|13115|20690|232
THREAD|12|4|26538|9612|10195|binder:26538_8|0.000|0.0|0.000|0|3|3|0-7|0|1024|1024|3404|6506|3317
THREAD|12|5|26538|9470|10195|binder:26538_B|0.000|0.0|0.000|0|6|6|0-7|0|1024|1024|2531|4304|2105
THREAD|12|6|10622|8513|10201|ExoPlayer:Playb|0.000|0.0|0.000|0|4|4|0-7|0|1024|1024|6463|10331|51
THREAD|12|7|10622|8509|10201|ExoPlayer:Playb|0.000|0.0|0.000|0|1|1|0-7|0|1024|1024|6331|10327|49
THREAD|12|8|26538|8364|10195|IMM.binder-emu|0.000|0.0|0.000|0|2|2|0-7|0|1024|1024|15737|23850|1039
THREAD|12|9|26538|8336|10195|Primes-Jank|0.000|0.0|0.000|0|4|4|0-7|0|1024|1024|16074|23866|1131
THREAD|12|10|16730|8119|10563|AppSearch_Index|0.000|0.0|0.000|0|3|3|0-7|0|1024|1024|13165|20704|245
WINDOW|seq=13|t_cs=16276007|wall_ms=260|threads=263|busy_threads=1|total_runtime_ms=88.761|total_runq_wait_ms=0.027|tgids=5032,10622,16730,20685,26538
THREAD|13|1|20685|20685|10999|sh|88.761|34.1|0.027|10|5|0|0-7|0|1024|1024|148|185|217
THREAD|13|2|16730|9973|10563|AppSearch_Index|0.000|0.0|0.000|0|3|3|0-7|0|1024|1024|13150|20688|240
THREAD|13|3|16730|9940|10563|AppSearch_Index|0.000|0.0|0.000|0|2|2|0-7|0|1024|1024|13115|20690|232
THREAD|13|4|26538|9612|10195|binder:26538_8|0.000|0.0|0.000|0|3|3|0-7|0|1024|1024|3404|6506|3317
THREAD|13|5|26538|9470|10195|binder:26538_B|0.000|0.0|0.000|0|6|6|0-7|0|1024|1024|2531|4304|2105
THREAD|13|6|10622|8513|10201|ExoPlayer:Playb|0.000|0.0|0.000|0|4|4|0-7|0|1024|1024|6463|10331|51
THREAD|13|7|10622|8509|10201|ExoPlayer:Playb|0.000|0.0|0.000|0|1|1|0-7|0|1024|1024|6331|10327|49
THREAD|13|8|26538|8364|10195|IMM.binder-emu|0.000|0.0|0.000|0|2|2|0-7|0|1024|1024|15737|23850|1039
THREAD|13|9|26538|8336|10195|Primes-Jank|0.000|0.0|0.000|0|4|4|0-7|0|1024|1024|16074|23866|1131
THREAD|13|10|16730|8119|10563|AppSearch_Index|0.000|0.0|0.000|0|3|3|0-7|0|1024|1024|13165|20704|245
WINDOW|seq=14|t_cs=16276032|wall_ms=250|threads=263|busy_threads=1|total_runtime_ms=120.758|total_runq_wait_ms=0.852|tgids=5032,10622,16730,20685,26538
THREAD|14|1|20685|20685|10999|sh|120.758|48.3|0.852|22|0|5|0-7|0|1024|1024|152|191|221
THREAD|14|2|16730|9973|10563|AppSearch_Index|0.000|0.0|0.000|0|3|3|0-7|0|1024|1024|13150|20688|240
THREAD|14|3|16730|9940|10563|AppSearch_Index|0.000|0.0|0.000|0|2|2|0-7|0|1024|1024|13115|20690|232
THREAD|14|4|26538|9612|10195|binder:26538_8|0.000|0.0|0.000|0|3|3|0-7|0|1024|1024|3404|6506|3317
THREAD|14|5|26538|9470|10195|binder:26538_B|0.000|0.0|0.000|0|6|6|0-7|0|1024|1024|2531|4304|2105
THREAD|14|6|10622|8513|10201|ExoPlayer:Playb|0.000|0.0|0.000|0|4|4|0-7|0|1024|1024|6463|10331|51
THREAD|14|7|10622|8509|10201|ExoPlayer:Playb|0.000|0.0|0.000|0|1|1|0-7|0|1024|1024|6331|10327|49
THREAD|14|8|26538|8364|10195|IMM.binder-emu|0.000|0.0|0.000|0|2|2|0-7|0|1024|1024|15737|23850|1039
THREAD|14|9|26538|8336|10195|Primes-Jank|0.000|0.0|0.000|0|4|4|0-7|0|1024|1024|16074|23866|1131
THREAD|14|10|16730|8119|10563|AppSearch_Index|0.000|0.0|0.000|0|3|3|0-7|0|1024|1024|13165|20704|245
WINDOW|seq=15|t_cs=16276058|wall_ms=260|threads=263|busy_threads=1|total_runtime_ms=113.323|total_runq_wait_ms=0.126|tgids=5032,10622,16730,20685,26538
THREAD|15|1|20685|20685|10999|sh|113.323|43.5|0.126|13|5|0|0-7|0|1024|1024|158|198|227
THREAD|15|2|16730|9973|10563|AppSearch_Index|0.000|0.0|0.000|0|3|3|0-7|0|1024|1024|13150|20688|240
THREAD|15|3|16730|9940|10563|AppSearch_Index|0.000|0.0|0.000|0|2|2|0-7|0|1024|1024|13115|20690|232
THREAD|15|4|26538|9612|10195|binder:26538_8|0.000|0.0|0.000|0|3|3|0-7|0|1024|1024|3404|6506|3317
THREAD|15|5|26538|9470|10195|binder:26538_B|0.000|0.0|0.000|0|6|6|0-7|0|1024|1024|2531|4304|2105
THREAD|15|6|10622|8513|10201|ExoPlayer:Playb|0.000|0.0|0.000|0|4|4|0-7|0|1024|1024|6463|10331|51
THREAD|15|7|10622|8509|10201|ExoPlayer:Playb|0.000|0.0|0.000|0|1|1|0-7|0|1024|1024|6331|10327|49
THREAD|15|8|26538|8364|10195|IMM.binder-emu|0.000|0.0|0.000|0|2|2|0-7|0|1024|1024|15737|23850|1039
THREAD|15|9|26538|8336|10195|Primes-Jank|0.000|0.0|0.000|0|4|4|0-7|0|1024|1024|16074|23866|1131
THREAD|15|10|16730|8119|10563|AppSearch_Index|0.000|0.0|0.000|0|3|3|0-7|0|1024|1024|13165|20704|245
WINDOW|seq=16|t_cs=16276083|wall_ms=250|threads=263|busy_threads=1|total_runtime_ms=91.102|total_runq_wait_ms=0.211|tgids=5032,10622,16730,20685,26538
THREAD|16|1|20685|20685|10999|sh|91.102|36.4|0.211|12|0|4|0-7|0|1024|1024|163|206|231
THREAD|16|2|16730|9973|10563|AppSearch_Index|0.000|0.0|0.000|0|3|3|0-7|0|1024|1024|13150|20688|240
THREAD|16|3|16730|9940|10563|AppSearch_Index|0.000|0.0|0.000|0|2|2|0-7|0|1024|1024|13115|20690|232
THREAD|16|4|26538|9612|10195|binder:26538_8|0.000|0.0|0.000|0|3|3|0-7|0|1024|1024|3404|6506|3317
THREAD|16|5|26538|9470|10195|binder:26538_B|0.000|0.0|0.000|0|6|6|0-7|0|1024|1024|2531|4304|2105
THREAD|16|6|10622|8513|10201|ExoPlayer:Playb|0.000|0.0|0.000|0|4|4|0-7|0|1024|1024|6463|10331|51
THREAD|16|7|10622|8509|10201|ExoPlayer:Playb|0.000|0.0|0.000|0|1|1|0-7|0|1024|1024|6331|10327|49
THREAD|16|8|26538|8364|10195|IMM.binder-emu|0.000|0.0|0.000|0|2|2|0-7|0|1024|1024|15737|23850|1039
THREAD|16|9|26538|8336|10195|Primes-Jank|0.000|0.0|0.000|0|4|4|0-7|0|1024|1024|16074|23866|1131
THREAD|16|10|16730|8119|10563|AppSearch_Index|0.000|0.0|0.000|0|3|3|0-7|0|1024|1024|13165|20704|245
WINDOW|seq=17|t_cs=16276110|wall_ms=270|threads=263|busy_threads=1|total_runtime_ms=134.420|total_runq_wait_ms=0.478|tgids=5032,10622,16730,20685,26538
THREAD|17|1|20685|20685|10999|sh|134.420|49.7|0.478|14|4|5|0-7|0|1024|1024|166|213|239
THREAD|17|2|16730|9973|10563|AppSearch_Index|0.000|0.0|0.000|0|3|3|0-7|0|1024|1024|13150|20688|240
THREAD|17|3|16730|9940|10563|AppSearch_Index|0.000|0.0|0.000|0|2|2|0-7|0|1024|1024|13115|20690|232
THREAD|17|4|26538|9612|10195|binder:26538_8|0.000|0.0|0.000|0|3|3|0-7|0|1024|1024|3404|6506|3317
THREAD|17|5|26538|9470|10195|binder:26538_B|0.000|0.0|0.000|0|6|6|0-7|0|1024|1024|2531|4304|2105
THREAD|17|6|10622|8513|10201|ExoPlayer:Playb|0.000|0.0|0.000|0|4|4|0-7|0|1024|1024|6463|10331|51
THREAD|17|7|10622|8509|10201|ExoPlayer:Playb|0.000|0.0|0.000|0|1|1|0-7|0|1024|1024|6331|10327|49
THREAD|17|8|26538|8364|10195|IMM.binder-emu|0.000|0.0|0.000|0|2|2|0-7|0|1024|1024|15737|23850|1039
THREAD|17|9|26538|8336|10195|Primes-Jank|0.000|0.0|0.000|0|4|4|0-7|0|1024|1024|16074|23866|1131
THREAD|17|10|16730|8119|10563|AppSearch_Index|0.000|0.0|0.000|0|3|3|0-7|0|1024|1024|13165|20704|245
WINDOW|seq=18|t_cs=16276137|wall_ms=270|threads=263|busy_threads=1|total_runtime_ms=103.230|total_runq_wait_ms=0.372|tgids=5032,10622,16730,20685,26538
THREAD|18|1|20685|20685|10999|sh|103.230|38.2|0.372|15|5|0|0-7|0|1024|1024|174|221|249
THREAD|18|2|16730|9973|10563|AppSearch_Index|0.000|0.0|0.000|0|3|3|0-7|0|1024|1024|13150|20688|240
THREAD|18|3|16730|9940|10563|AppSearch_Index|0.000|0.0|0.000|0|2|2|0-7|0|1024|1024|13115|20690|232
THREAD|18|4|26538|9612|10195|binder:26538_8|0.000|0.0|0.000|0|3|3|0-7|0|1024|1024|3404|6506|3317
THREAD|18|5|26538|9470|10195|binder:26538_B|0.000|0.0|0.000|0|6|6|0-7|0|1024|1024|2531|4304|2105
THREAD|18|6|10622|8513|10201|ExoPlayer:Playb|0.000|0.0|0.000|0|4|4|0-7|0|1024|1024|6463|10331|51
THREAD|18|7|10622|8509|10201|ExoPlayer:Playb|0.000|0.0|0.000|0|1|1|0-7|0|1024|1024|6331|10327|49
THREAD|18|8|26538|8364|10195|IMM.binder-emu|0.000|0.0|0.000|0|2|2|0-7|0|1024|1024|15737|23850|1039
THREAD|18|9|26538|8336|10195|Primes-Jank|0.000|0.0|0.000|0|4|4|0-7|0|1024|1024|16074|23866|1131
THREAD|18|10|16730|8119|10563|AppSearch_Index|0.000|0.0|0.000|0|3|3|0-7|0|1024|1024|13165|20704|245
WINDOW|seq=19|t_cs=16276159|wall_ms=220|threads=263|busy_threads=1|total_runtime_ms=88.280|total_runq_wait_ms=1.852|tgids=5032,10622,16730,20685,26538
THREAD|19|1|20685|20685|10999|sh|88.280|40.1|1.852|14|0|1|0-7|0|1024|1024|177|228|255
THREAD|19|2|16730|9973|10563|AppSearch_Index|0.000|0.0|0.000|0|3|3|0-7|0|1024|1024|13150|20688|240
THREAD|19|3|16730|9940|10563|AppSearch_Index|0.000|0.0|0.000|0|2|2|0-7|0|1024|1024|13115|20690|232
THREAD|19|4|26538|9612|10195|binder:26538_8|0.000|0.0|0.000|0|3|3|0-7|0|1024|1024|3404|6506|3317
THREAD|19|5|26538|9470|10195|binder:26538_B|0.000|0.0|0.000|0|6|6|0-7|0|1024|1024|2531|4304|2105
THREAD|19|6|10622|8513|10201|ExoPlayer:Playb|0.000|0.0|0.000|0|4|4|0-7|0|1024|1024|6463|10331|51
THREAD|19|7|10622|8509|10201|ExoPlayer:Playb|0.000|0.0|0.000|0|1|1|0-7|0|1024|1024|6331|10327|49
THREAD|19|8|26538|8364|10195|IMM.binder-emu|0.000|0.0|0.000|0|2|2|0-7|0|1024|1024|15737|23850|1039
THREAD|19|9|26538|8336|10195|Primes-Jank|0.000|0.0|0.000|0|4|4|0-7|0|1024|1024|16074|23866|1131
THREAD|19|10|16730|8119|10563|AppSearch_Index|0.000|0.0|0.000|0|3|3|0-7|0|1024|1024|13165|20704|245
WINDOW|seq=20|t_cs=16276186|wall_ms=270|threads=263|busy_threads=1|total_runtime_ms=125.077|total_runq_wait_ms=1.530|tgids=5032,10622,16730,20685,26538
THREAD|20|1|20685|20685|10999|sh|125.077|46.3|1.530|22|1|5|0-7|0|1024|1024|183|234|268
THREAD|20|2|16730|9973|10563|AppSearch_Index|0.000|0.0|0.000|0|3|3|0-7|0|1024|1024|13150|20688|240
THREAD|20|3|16730|9940|10563|AppSearch_Index|0.000|0.0|0.000|0|2|2|0-7|0|1024|1024|13115|20690|232
THREAD|20|4|26538|9612|10195|binder:26538_8|0.000|0.0|0.000|0|3|3|0-7|0|1024|1024|3404|6506|3317
THREAD|20|5|26538|9470|10195|binder:26538_B|0.000|0.0|0.000|0|6|6|0-7|0|1024|1024|2531|4304|2105
THREAD|20|6|10622|8513|10201|ExoPlayer:Playb|0.000|0.0|0.000|0|4|4|0-7|0|1024|1024|6463|10331|51
THREAD|20|7|10622|8509|10201|ExoPlayer:Playb|0.000|0.0|0.000|0|1|1|0-7|0|1024|1024|6331|10327|49
THREAD|20|8|26538|8364|10195|IMM.binder-emu|0.000|0.0|0.000|0|2|2|0-7|0|1024|1024|15737|23850|1039
THREAD|20|9|26538|8336|10195|Primes-Jank|0.000|0.0|0.000|0|4|4|0-7|0|1024|1024|16074|23866|1131
THREAD|20|10|16730|8119|10563|AppSearch_Index|0.000|0.0|0.000|0|3|3|0-7|0|1024|1024|13165|20704|245
WINDOW|seq=21|t_cs=16276213|wall_ms=270|threads=263|busy_threads=1|total_runtime_ms=124.489|total_runq_wait_ms=0.535|tgids=5032,10622,16730,20685,26538
THREAD|21|1|20685|20685|10999|sh|124.489|46.1|0.535|20|5|4|0-7|0|1024|1024|188|241|281
THREAD|21|2|16730|9973|10563|AppSearch_Index|0.000|0.0|0.000|0|3|3|0-7|0|1024|1024|13150|20688|240
THREAD|21|3|16730|9940|10563|AppSearch_Index|0.000|0.0|0.000|0|2|2|0-7|0|1024|1024|13115|20690|232
THREAD|21|4|26538|9612|10195|binder:26538_8|0.000|0.0|0.000|0|3|3|0-7|0|1024|1024|3404|6506|3317
THREAD|21|5|26538|9470|10195|binder:26538_B|0.000|0.0|0.000|0|6|6|0-7|0|1024|1024|2531|4304|2105
THREAD|21|6|10622|8513|10201|ExoPlayer:Playb|0.000|0.0|0.000|0|4|4|0-7|0|1024|1024|6463|10331|51
THREAD|21|7|10622|8509|10201|ExoPlayer:Playb|0.000|0.0|0.000|0|1|1|0-7|0|1024|1024|6331|10327|49
THREAD|21|8|26538|8364|10195|IMM.binder-emu|0.000|0.0|0.000|0|2|2|0-7|0|1024|1024|15737|23850|1039
THREAD|21|9|26538|8336|10195|Primes-Jank|0.000|0.0|0.000|0|4|4|0-7|0|1024|1024|16074|23866|1131
THREAD|21|10|16730|8119|10563|AppSearch_Index|0.000|0.0|0.000|0|3|3|0-7|0|1024|1024|13165|20704|245
WINDOW|seq=22|t_cs=16276240|wall_ms=270|threads=263|busy_threads=1|total_runtime_ms=127.840|total_runq_wait_ms=0.045|tgids=5032,10622,16730,20685,26538
THREAD|22|1|20685|20685|10999|sh|127.840|47.3|0.045|10|4|0|0-7|0|1024|1024|194|249|286
THREAD|22|2|16730|9973|10563|AppSearch_Index|0.000|0.0|0.000|0|3|3|0-7|0|1024|1024|13150|20688|240
THREAD|22|3|16730|9940|10563|AppSearch_Index|0.000|0.0|0.000|0|2|2|0-7|0|1024|1024|13115|20690|232
THREAD|22|4|26538|9612|10195|binder:26538_8|0.000|0.0|0.000|0|3|3|0-7|0|1024|1024|3404|6506|3317
THREAD|22|5|26538|9470|10195|binder:26538_B|0.000|0.0|0.000|0|6|6|0-7|0|1024|1024|2531|4304|2105
THREAD|22|6|10622|8513|10201|ExoPlayer:Playb|0.000|0.0|0.000|0|4|4|0-7|0|1024|1024|6463|10331|51
THREAD|22|7|10622|8509|10201|ExoPlayer:Playb|0.000|0.0|0.000|0|1|1|0-7|0|1024|1024|6331|10327|49
THREAD|22|8|26538|8364|10195|IMM.binder-emu|0.000|0.0|0.000|0|2|2|0-7|0|1024|1024|15737|23850|1039
THREAD|22|9|26538|8336|10195|Primes-Jank|0.000|0.0|0.000|0|4|4|0-7|0|1024|1024|16074|23866|1131
THREAD|22|10|16730|8119|10563|AppSearch_Index|0.000|0.0|0.000|0|3|3|0-7|0|1024|1024|13165|20704|245
WINDOW|seq=23|t_cs=16276264|wall_ms=240|threads=263|busy_threads=1|total_runtime_ms=104.881|total_runq_wait_ms=0.467|tgids=5032,10622,16730,20685,26538
THREAD|23|1|20685|20685|10999|sh|104.881|43.7|0.467|14|0|0|0-7|0|1024|1024|196|255|294
THREAD|23|2|16730|9973|10563|AppSearch_Index|0.000|0.0|0.000|0|3|3|0-7|0|1024|1024|13150|20688|240
THREAD|23|3|16730|9940|10563|AppSearch_Index|0.000|0.0|0.000|0|2|2|0-7|0|1024|1024|13115|20690|232
THREAD|23|4|26538|9612|10195|binder:26538_8|0.000|0.0|0.000|0|3|3|0-7|0|1024|1024|3404|6506|3317
THREAD|23|5|26538|9470|10195|binder:26538_B|0.000|0.0|0.000|0|6|6|0-7|0|1024|1024|2531|4304|2105
THREAD|23|6|10622|8513|10201|ExoPlayer:Playb|0.000|0.0|0.000|0|4|4|0-7|0|1024|1024|6463|10331|51
THREAD|23|7|10622|8509|10201|ExoPlayer:Playb|0.000|0.0|0.000|0|1|1|0-7|0|1024|1024|6331|10327|49
THREAD|23|8|26538|8364|10195|IMM.binder-emu|0.000|0.0|0.000|0|2|2|0-7|0|1024|1024|15737|23850|1039
THREAD|23|9|26538|8336|10195|Primes-Jank|0.000|0.0|0.000|0|4|4|0-7|0|1024|1024|16074|23866|1131
THREAD|23|10|16730|8119|10563|AppSearch_Index|0.000|0.0|0.000|0|3|3|0-7|0|1024|1024|13165|20704|245
WINDOW|seq=24|t_cs=16276294|wall_ms=300|threads=263|busy_threads=1|total_runtime_ms=139.182|total_runq_wait_ms=0.343|tgids=5032,10622,16730,20685,26538
THREAD|24|1|20685|20685|10999|sh|139.182|46.3|0.343|17|0|4|0-7|0|1024|1024|201|263|307
THREAD|24|2|16730|9973|10563|AppSearch_Index|0.000|0.0|0.000|0|3|3|0-7|0|1024|1024|13150|20688|240
THREAD|24|3|16730|9940|10563|AppSearch_Index|0.000|0.0|0.000|0|2|2|0-7|0|1024|1024|13115|20690|232
THREAD|24|4|26538|9612|10195|binder:26538_8|0.000|0.0|0.000|0|3|3|0-7|0|1024|1024|3404|6506|3317
THREAD|24|5|26538|9470|10195|binder:26538_B|0.000|0.0|0.000|0|6|6|0-7|0|1024|1024|2531|4304|2105
THREAD|24|6|10622|8513|10201|ExoPlayer:Playb|0.000|0.0|0.000|0|4|4|0-7|0|1024|1024|6463|10331|51
THREAD|24|7|10622|8509|10201|ExoPlayer:Playb|0.000|0.0|0.000|0|1|1|0-7|0|1024|1024|6331|10327|49
THREAD|24|8|26538|8364|10195|IMM.binder-emu|0.000|0.0|0.000|0|2|2|0-7|0|1024|1024|15737|23850|1039
THREAD|24|9|26538|8336|10195|Primes-Jank|0.000|0.0|0.000|0|4|4|0-7|0|1024|1024|16074|23866|1131
THREAD|24|10|16730|8119|10563|AppSearch_Index|0.000|0.0|0.000|0|3|3|0-7|0|1024|1024|13165|20704|245
WINDOW|seq=25|t_cs=16276317|wall_ms=230|threads=263|busy_threads=1|total_runtime_ms=109.120|total_runq_wait_ms=6.391|tgids=5032,10622,16730,20685,26538
THREAD|25|1|20685|20685|10999|sh|109.120|47.4|6.391|14|4|4|0-7|0|1024|1024|203|269|310
THREAD|25|2|16730|9973|10563|AppSearch_Index|0.000|0.0|0.000|0|3|3|0-7|0|1024|1024|13150|20688|240
THREAD|25|3|16730|9940|10563|AppSearch_Index|0.000|0.0|0.000|0|2|2|0-7|0|1024|1024|13115|20690|232
THREAD|25|4|26538|9612|10195|binder:26538_8|0.000|0.0|0.000|0|3|3|0-7|0|1024|1024|3404|6506|3317
THREAD|25|5|26538|9470|10195|binder:26538_B|0.000|0.0|0.000|0|6|6|0-7|0|1024|1024|2531|4304|2105
THREAD|25|6|10622|8513|10201|ExoPlayer:Playb|0.000|0.0|0.000|0|4|4|0-7|0|1024|1024|6463|10331|51
THREAD|25|7|10622|8509|10201|ExoPlayer:Playb|0.000|0.0|0.000|0|1|1|0-7|0|1024|1024|6331|10327|49
THREAD|25|8|26538|8364|10195|IMM.binder-emu|0.000|0.0|0.000|0|2|2|0-7|0|1024|1024|15737|23850|1039
THREAD|25|9|26538|8336|10195|Primes-Jank|0.000|0.0|0.000|0|4|4|0-7|0|1024|1024|16074|23866|1131
THREAD|25|10|16730|8119|10563|AppSearch_Index|0.000|0.0|0.000|0|3|3|0-7|0|1024|1024|13165|20704|245
WINDOW|seq=26|t_cs=16276343|wall_ms=260|threads=263|busy_threads=1|total_runtime_ms=88.020|total_runq_wait_ms=0.033|tgids=5032,10622,16730,20685,26538
THREAD|26|1|20685|20685|10999|sh|88.020|33.8|0.033|10|4|0|0-7|0|1024|1024|205|277|314
THREAD|26|2|16730|9973|10563|AppSearch_Index|0.000|0.0|0.000|0|3|3|0-7|0|1024|1024|13150|20688|240
THREAD|26|3|16730|9940|10563|AppSearch_Index|0.000|0.0|0.000|0|2|2|0-7|0|1024|1024|13115|20690|232
THREAD|26|4|26538|9612|10195|binder:26538_8|0.000|0.0|0.000|0|3|3|0-7|0|1024|1024|3404|6506|3317
THREAD|26|5|26538|9470|10195|binder:26538_B|0.000|0.0|0.000|0|6|6|0-7|0|1024|1024|2531|4304|2105
THREAD|26|6|10622|8513|10201|ExoPlayer:Playb|0.000|0.0|0.000|0|4|4|0-7|0|1024|1024|6463|10331|51
THREAD|26|7|10622|8509|10201|ExoPlayer:Playb|0.000|0.0|0.000|0|1|1|0-7|0|1024|1024|6331|10327|49
THREAD|26|8|26538|8364|10195|IMM.binder-emu|0.000|0.0|0.000|0|2|2|0-7|0|1024|1024|15737|23850|1039
THREAD|26|9|26538|8336|10195|Primes-Jank|0.000|0.0|0.000|0|4|4|0-7|0|1024|1024|16074|23866|1131
THREAD|26|10|16730|8119|10563|AppSearch_Index|0.000|0.0|0.000|0|3|3|0-7|0|1024|1024|13165|20704|245
WINDOW|seq=27|t_cs=16276370|wall_ms=270|threads=263|busy_threads=1|total_runtime_ms=118.962|total_runq_wait_ms=1.132|tgids=5032,10622,16730,20685,26538
THREAD|27|1|20685|20685|10999|sh|118.962|44.0|1.132|22|0|1|0-7|0|1024|1024|216|284|345
THREAD|27|2|16730|9973|10563|AppSearch_Index|0.000|0.0|0.000|0|3|3|0-7|0|1024|1024|13150|20688|240
THREAD|27|3|16730|9940|10563|AppSearch_Index|0.000|0.0|0.000|0|2|2|0-7|0|1024|1024|13115|20690|232
THREAD|27|4|26538|9612|10195|binder:26538_8|0.000|0.0|0.000|0|3|3|0-7|0|1024|1024|3404|6506|3317
THREAD|27|5|26538|9470|10195|binder:26538_B|0.000|0.0|0.000|0|6|6|0-7|0|1024|1024|2531|4304|2105
THREAD|27|6|10622|8513|10201|ExoPlayer:Playb|0.000|0.0|0.000|0|4|4|0-7|0|1024|1024|6463|10331|51
THREAD|27|7|10622|8509|10201|ExoPlayer:Playb|0.000|0.0|0.000|0|1|1|0-7|0|1024|1024|6331|10327|49
THREAD|27|8|26538|8364|10195|IMM.binder-emu|0.000|0.0|0.000|0|2|2|0-7|0|1024|1024|15737|23850|1039
THREAD|27|9|26538|8336|10195|Primes-Jank|0.000|0.0|0.000|0|4|4|0-7|0|1024|1024|16074|23866|1131
THREAD|27|10|16730|8119|10563|AppSearch_Index|0.000|0.0|0.000|0|3|3|0-7|0|1024|1024|13165|20704|245
WINDOW|seq=28|t_cs=16276397|wall_ms=270|threads=263|busy_threads=1|total_runtime_ms=134.056|total_runq_wait_ms=2.160|tgids=5032,10622,16730,20685,26538
THREAD|28|1|20685|20685|10999|sh|134.056|49.6|2.160|38|1|5|0-7|0|1024|1024|226|291|359
THREAD|28|2|16730|9973|10563|AppSearch_Index|0.000|0.0|0.000|0|3|3|0-7|0|1024|1024|13150|20688|240
THREAD|28|3|16730|9940|10563|AppSearch_Index|0.000|0.0|0.000|0|2|2|0-7|0|1024|1024|13115|20690|232
THREAD|28|4|26538|9612|10195|binder:26538_8|0.000|0.0|0.000|0|3|3|0-7|0|1024|1024|3404|6506|3317
THREAD|28|5|26538|9470|10195|binder:26538_B|0.000|0.0|0.000|0|6|6|0-7|0|1024|1024|2531|4304|2105
THREAD|28|6|10622|8513|10201|ExoPlayer:Playb|0.000|0.0|0.000|0|4|4|0-7|0|1024|1024|6463|10331|51
THREAD|28|7|10622|8509|10201|ExoPlayer:Playb|0.000|0.0|0.000|0|1|1|0-7|0|1024|1024|6331|10327|49
THREAD|28|8|26538|8364|10195|IMM.binder-emu|0.000|0.0|0.000|0|2|2|0-7|0|1024|1024|15737|23850|1039
THREAD|28|9|26538|8336|10195|Primes-Jank|0.000|0.0|0.000|0|4|4|0-7|0|1024|1024|16074|23866|1131
THREAD|28|10|16730|8119|10563|AppSearch_Index|0.000|0.0|0.000|0|3|3|0-7|0|1024|1024|13165|20704|245
WINDOW|seq=29|t_cs=16276421|wall_ms=240|threads=263|busy_threads=1|total_runtime_ms=81.541|total_runq_wait_ms=0.132|tgids=5032,10622,16730,20685,26538
THREAD|29|1|20685|20685|10999|sh|81.541|33.9|0.132|12|5|0|0-7|0|1024|1024|229|298|363
THREAD|29|2|16730|9973|10563|AppSearch_Index|0.000|0.0|0.000|0|3|3|0-7|0|1024|1024|13150|20688|240
THREAD|29|3|16730|9940|10563|AppSearch_Index|0.000|0.0|0.000|0|2|2|0-7|0|1024|1024|13115|20690|232
THREAD|29|4|26538|9612|10195|binder:26538_8|0.000|0.0|0.000|0|3|3|0-7|0|1024|1024|3404|6506|3317
THREAD|29|5|26538|9470|10195|binder:26538_B|0.000|0.0|0.000|0|6|6|0-7|0|1024|1024|2531|4304|2105
THREAD|29|6|10622|8513|10201|ExoPlayer:Playb|0.000|0.0|0.000|0|4|4|0-7|0|1024|1024|6463|10331|51
THREAD|29|7|10622|8509|10201|ExoPlayer:Playb|0.000|0.0|0.000|0|1|1|0-7|0|1024|1024|6331|10327|49
THREAD|29|8|26538|8364|10195|IMM.binder-emu|0.000|0.0|0.000|0|2|2|0-7|0|1024|1024|15737|23850|1039
THREAD|29|9|26538|8336|10195|Primes-Jank|0.000|0.0|0.000|0|4|4|0-7|0|1024|1024|16074|23866|1131
THREAD|29|10|16730|8119|10563|AppSearch_Index|0.000|0.0|0.000|0|3|3|0-7|0|1024|1024|13165|20704|245
WINDOW|seq=30|t_cs=16276447|wall_ms=260|threads=263|busy_threads=1|total_runtime_ms=118.606|total_runq_wait_ms=0.328|tgids=5032,10622,16730,20685,26538
THREAD|30|1|20685|20685|10999|sh|118.606|45.6|0.328|12|0|1|0-7|0|1024|1024|234|305|371
THREAD|30|2|16730|9973|10563|AppSearch_Index|0.000|0.0|0.000|0|3|3|0-7|0|1024|1024|13150|20688|240
THREAD|30|3|16730|9940|10563|AppSearch_Index|0.000|0.0|0.000|0|2|2|0-7|0|1024|1024|13115|20690|232
THREAD|30|4|26538|9612|10195|binder:26538_8|0.000|0.0|0.000|0|3|3|0-7|0|1024|1024|3404|6506|3317
THREAD|30|5|26538|9470|10195|binder:26538_B|0.000|0.0|0.000|0|6|6|0-7|0|1024|1024|2531|4304|2105
THREAD|30|6|10622|8513|10201|ExoPlayer:Playb|0.000|0.0|0.000|0|4|4|0-7|0|1024|1024|6463|10331|51
THREAD|30|7|10622|8509|10201|ExoPlayer:Playb|0.000|0.0|0.000|0|1|1|0-7|0|1024|1024|6331|10327|49
THREAD|30|8|26538|8364|10195|IMM.binder-emu|0.000|0.0|0.000|0|2|2|0-7|0|1024|1024|15737|23850|1039
THREAD|30|9|26538|8336|10195|Primes-Jank|0.000|0.0|0.000|0|4|4|0-7|0|1024|1024|16074|23866|1131
THREAD|30|10|16730|8119|10563|AppSearch_Index|0.000|0.0|0.000|0|3|3|0-7|0|1024|1024|13165|20704|245
WINDOW|seq=31|t_cs=16276474|wall_ms=270|threads=263|busy_threads=1|total_runtime_ms=121.130|total_runq_wait_ms=0.526|tgids=5032,10622,16730,20685,26538
THREAD|31|1|20685|20685|10999|sh|121.130|44.8|0.526|20|1|4|0-7|0|1024|1024|238|312|384
THREAD|31|2|16730|9973|10563|AppSearch_Index|0.000|0.0|0.000|0|3|3|0-7|0|1024|1024|13150|20688|240
THREAD|31|3|16730|9940|10563|AppSearch_Index|0.000|0.0|0.000|0|2|2|0-7|0|1024|1024|13115|20690|232
THREAD|31|4|26538|9612|10195|binder:26538_8|0.000|0.0|0.000|0|3|3|0-7|0|1024|1024|3404|6506|3317
THREAD|31|5|26538|9470|10195|binder:26538_B|0.000|0.0|0.000|0|6|6|0-7|0|1024|1024|2531|4304|2105
THREAD|31|6|10622|8513|10201|ExoPlayer:Playb|0.000|0.0|0.000|0|4|4|0-7|0|1024|1024|6463|10331|51
THREAD|31|7|10622|8509|10201|ExoPlayer:Playb|0.000|0.0|0.000|0|1|1|0-7|0|1024|1024|6331|10327|49
THREAD|31|8|26538|8364|10195|IMM.binder-emu|0.000|0.0|0.000|0|2|2|0-7|0|1024|1024|15737|23850|1039
THREAD|31|9|26538|8336|10195|Primes-Jank|0.000|0.0|0.000|0|4|4|0-7|0|1024|1024|16074|23866|1131
THREAD|31|10|16730|8119|10563|AppSearch_Index|0.000|0.0|0.000|0|3|3|0-7|0|1024|1024|13165|20704|245
WINDOW|seq=32|t_cs=16276499|wall_ms=250|threads=263|busy_threads=1|total_runtime_ms=128.141|total_runq_wait_ms=0.369|tgids=5032,10622,16730,20685,26538
THREAD|32|1|20685|20685|10999|sh|128.141|51.2|0.369|15|4|0|0-7|0|1024|1024|240|318|389
THREAD|32|2|16730|9973|10563|AppSearch_Index|0.000|0.0|0.000|0|3|3|0-7|0|1024|1024|13150|20688|240
THREAD|32|3|16730|9940|10563|AppSearch_Index|0.000|0.0|0.000|0|2|2|0-7|0|1024|1024|13115|20690|232
THREAD|32|4|26538|9612|10195|binder:26538_8|0.000|0.0|0.000|0|3|3|0-7|0|1024|1024|3404|6506|3317
THREAD|32|5|26538|9470|10195|binder:26538_B|0.000|0.0|0.000|0|6|6|0-7|0|1024|1024|2531|4304|2105
THREAD|32|6|10622|8513|10201|ExoPlayer:Playb|0.000|0.0|0.000|0|4|4|0-7|0|1024|1024|6463|10331|51
THREAD|32|7|10622|8509|10201|ExoPlayer:Playb|0.000|0.0|0.000|0|1|1|0-7|0|1024|1024|6331|10327|49
THREAD|32|8|26538|8364|10195|IMM.binder-emu|0.000|0.0|0.000|0|2|2|0-7|0|1024|1024|15737|23850|1039
THREAD|32|9|26538|8336|10195|Primes-Jank|0.000|0.0|0.000|0|4|4|0-7|0|1024|1024|16074|23866|1131
THREAD|32|10|16730|8119|10563|AppSearch_Index|0.000|0.0|0.000|0|3|3|0-7|0|1024|1024|13165|20704|245
WINDOW|seq=33|t_cs=16276525|wall_ms=260|threads=263|busy_threads=1|total_runtime_ms=89.201|total_runq_wait_ms=0.046|tgids=5032,10622,16730,20685,26538
THREAD|33|1|20685|20685|10999|sh|89.201|34.3|0.046|11|0|0|0-7|0|1024|1024|242|326|391
THREAD|33|2|16730|9973|10563|AppSearch_Index|0.000|0.0|0.000|0|3|3|0-7|0|1024|1024|13150|20688|240
THREAD|33|3|16730|9940|10563|AppSearch_Index|0.000|0.0|0.000|0|2|2|0-7|0|1024|1024|13115|20690|232
THREAD|33|4|26538|9612|10195|binder:26538_8|0.000|0.0|0.000|0|3|3|0-7|0|1024|1024|3404|6506|3317
THREAD|33|5|26538|9470|10195|binder:26538_B|0.000|0.0|0.000|0|6|6|0-7|0|1024|1024|2531|4304|2105
THREAD|33|6|10622|8513|10201|ExoPlayer:Playb|0.000|0.0|0.000|0|4|4|0-7|0|1024|1024|6463|10331|51
THREAD|33|7|10622|8509|10201|ExoPlayer:Playb|0.000|0.0|0.000|0|1|1|0-7|0|1024|1024|6331|10327|49
THREAD|33|8|26538|8364|10195|IMM.binder-emu|0.000|0.0|0.000|0|2|2|0-7|0|1024|1024|15737|23850|1039
THREAD|33|9|26538|8336|10195|Primes-Jank|0.000|0.0|0.000|0|4|4|0-7|0|1024|1024|16074|23866|1131
THREAD|33|10|16730|8119|10563|AppSearch_Index|0.000|0.0|0.000|0|3|3|0-7|0|1024|1024|13165|20704|245
WINDOW|seq=34|t_cs=16276550|wall_ms=250|threads=263|busy_threads=1|total_runtime_ms=109.016|total_runq_wait_ms=0.523|tgids=5032,10622,16730,20685,26538
THREAD|34|1|20685|20685|10999|sh|109.016|43.6|0.523|13|0|0|0-7|0|1024|1024|247|334|401
THREAD|34|2|16730|9973|10563|AppSearch_Index|0.000|0.0|0.000|0|3|3|0-7|0|1024|1024|13150|20688|240
THREAD|34|3|16730|9940|10563|AppSearch_Index|0.000|0.0|0.000|0|2|2|0-7|0|1024|1024|13115|20690|232
THREAD|34|4|26538|9612|10195|binder:26538_8|0.000|0.0|0.000|0|3|3|0-7|0|1024|1024|3404|6506|3317
THREAD|34|5|26538|9470|10195|binder:26538_B|0.000|0.0|0.000|0|6|6|0-7|0|1024|1024|2531|4304|2105
THREAD|34|6|10622|8513|10201|ExoPlayer:Playb|0.000|0.0|0.000|0|4|4|0-7|0|1024|1024|6463|10331|51
THREAD|34|7|10622|8509|10201|ExoPlayer:Playb|0.000|0.0|0.000|0|1|1|0-7|0|1024|1024|6331|10327|49
THREAD|34|8|26538|8364|10195|IMM.binder-emu|0.000|0.0|0.000|0|2|2|0-7|0|1024|1024|15737|23850|1039
THREAD|34|9|26538|8336|10195|Primes-Jank|0.000|0.0|0.000|0|4|4|0-7|0|1024|1024|16074|23866|1131
THREAD|34|10|16730|8119|10563|AppSearch_Index|0.000|0.0|0.000|0|3|3|0-7|0|1024|1024|13165|20704|245
WINDOW|seq=35|t_cs=16276574|wall_ms=240|threads=263|busy_threads=1|total_runtime_ms=87.835|total_runq_wait_ms=0.332|tgids=5032,10622,16730,20685,26538
THREAD|35|1|20685|20685|10999|sh|87.835|36.5|0.332|12|0|5|0-7|0|1024|1024|249|341|402
THREAD|35|2|16730|9973|10563|AppSearch_Index|0.000|0.0|0.000|0|3|3|0-7|0|1024|1024|13150|20688|240
THREAD|35|3|16730|9940|10563|AppSearch_Index|0.000|0.0|0.000|0|2|2|0-7|0|1024|1024|13115|20690|232
THREAD|35|4|26538|9612|10195|binder:26538_8|0.000|0.0|0.000|0|3|3|0-7|0|1024|1024|3404|6506|3317
THREAD|35|5|26538|9470|10195|binder:26538_B|0.000|0.0|0.000|0|6|6|0-7|0|1024|1024|2531|4304|2105
THREAD|35|6|10622|8513|10201|ExoPlayer:Playb|0.000|0.0|0.000|0|4|4|0-7|0|1024|1024|6463|10331|51
THREAD|35|7|10622|8509|10201|ExoPlayer:Playb|0.000|0.0|0.000|0|1|1|0-7|0|1024|1024|6331|10327|49
THREAD|35|8|26538|8364|10195|IMM.binder-emu|0.000|0.0|0.000|0|2|2|0-7|0|1024|1024|15737|23850|1039
THREAD|35|9|26538|8336|10195|Primes-Jank|0.000|0.0|0.000|0|4|4|0-7|0|1024|1024|16074|23866|1131
THREAD|35|10|16730|8119|10563|AppSearch_Index|0.000|0.0|0.000|0|3|3|0-7|0|1024|1024|13165|20704|245
WINDOW|seq=36|t_cs=16276602|wall_ms=280|threads=263|busy_threads=1|total_runtime_ms=110.025|total_runq_wait_ms=3.449|tgids=5032,10622,16730,20685,26538
THREAD|36|1|20685|20685|10999|sh|110.025|39.2|3.449|45|5|4|0-7|0|1024|1024|262|349|445
THREAD|36|2|16730|9973|10563|AppSearch_Index|0.000|0.0|0.000|0|3|3|0-7|0|1024|1024|13150|20688|240
THREAD|36|3|16730|9940|10563|AppSearch_Index|0.000|0.0|0.000|0|2|2|0-7|0|1024|1024|13115|20690|232
THREAD|36|4|26538|9612|10195|binder:26538_8|0.000|0.0|0.000|0|3|3|0-7|0|1024|1024|3404|6506|3317
THREAD|36|5|26538|9470|10195|binder:26538_B|0.000|0.0|0.000|0|6|6|0-7|0|1024|1024|2531|4304|2105
THREAD|36|6|10622|8513|10201|ExoPlayer:Playb|0.000|0.0|0.000|0|4|4|0-7|0|1024|1024|6463|10331|51
THREAD|36|7|10622|8509|10201|ExoPlayer:Playb|0.000|0.0|0.000|0|1|1|0-7|0|1024|1024|6331|10327|49
THREAD|36|8|26538|8364|10195|IMM.binder-emu|0.000|0.0|0.000|0|2|2|0-7|0|1024|1024|15737|23850|1039
THREAD|36|9|26538|8336|10195|Primes-Jank|0.000|0.0|0.000|0|4|4|0-7|0|1024|1024|16074|23866|1131
THREAD|36|10|16730|8119|10563|AppSearch_Index|0.000|0.0|0.000|0|3|3|0-7|0|1024|1024|13165|20704|245
WINDOW|seq=37|t_cs=16276627|wall_ms=250|threads=263|busy_threads=1|total_runtime_ms=122.116|total_runq_wait_ms=0.466|tgids=5032,10622,16730,20685,26538
THREAD|37|1|20685|20685|10999|sh|122.116|48.8|0.466|17|4|5|0-7|0|1024|1024|266|356|454
THREAD|37|2|16730|9973|10563|AppSearch_Index|0.000|0.0|0.000|0|3|3|0-7|0|1024|1024|13150|20688|240
THREAD|37|3|16730|9940|10563|AppSearch_Index|0.000|0.0|0.000|0|2|2|0-7|0|1024|1024|13115|20690|232
THREAD|37|4|26538|9612|10195|binder:26538_8|0.000|0.0|0.000|0|3|3|0-7|0|1024|1024|3404|6506|3317
THREAD|37|5|26538|9470|10195|binder:26538_B|0.000|0.0|0.000|0|6|6|0-7|0|1024|1024|2531|4304|2105
THREAD|37|6|10622|8513|10201|ExoPlayer:Playb|0.000|0.0|0.000|0|4|4|0-7|0|1024|1024|6463|10331|51
THREAD|37|7|10622|8509|10201|ExoPlayer:Playb|0.000|0.0|0.000|0|1|1|0-7|0|1024|1024|6331|10327|49
THREAD|37|8|26538|8364|10195|IMM.binder-emu|0.000|0.0|0.000|0|2|2|0-7|0|1024|1024|15737|23850|1039
THREAD|37|9|26538|8336|10195|Primes-Jank|0.000|0.0|0.000|0|4|4|0-7|0|1024|1024|16074|23866|1131
THREAD|37|10|16730|8119|10563|AppSearch_Index|0.000|0.0|0.000|0|3|3|0-7|0|1024|1024|13165|20704|245
WINDOW|seq=38|t_cs=16276652|wall_ms=250|threads=263|busy_threads=1|total_runtime_ms=107.792|total_runq_wait_ms=0.423|tgids=5032,10622,16730,20685,26538
THREAD|38|1|20685|20685|10999|sh|107.792|43.1|0.423|17|5|0|0-7|0|1024|1024|270|363|462
THREAD|38|2|16730|9973|10563|AppSearch_Index|0.000|0.0|0.000|0|3|3|0-7|0|1024|1024|13150|20688|240
THREAD|38|3|16730|9940|10563|AppSearch_Index|0.000|0.0|0.000|0|2|2|0-7|0|1024|1024|13115|20690|232
THREAD|38|4|26538|9612|10195|binder:26538_8|0.000|0.0|0.000|0|3|3|0-7|0|1024|1024|3404|6506|3317
THREAD|38|5|26538|9470|10195|binder:26538_B|0.000|0.0|0.000|0|6|6|0-7|0|1024|1024|2531|4304|2105
THREAD|38|6|10622|8513|10201|ExoPlayer:Playb|0.000|0.0|0.000|0|4|4|0-7|0|1024|1024|6463|10331|51
THREAD|38|7|10622|8509|10201|ExoPlayer:Playb|0.000|0.0|0.000|0|1|1|0-7|0|1024|1024|6331|10327|49
THREAD|38|8|26538|8364|10195|IMM.binder-emu|0.000|0.0|0.000|0|2|2|0-7|0|1024|1024|15737|23850|1039
THREAD|38|9|26538|8336|10195|Primes-Jank|0.000|0.0|0.000|0|4|4|0-7|0|1024|1024|16074|23866|1131
THREAD|38|10|16730|8119|10563|AppSearch_Index|0.000|0.0|0.000|0|3|3|0-7|0|1024|1024|13165|20704|245
WINDOW|seq=39|t_cs=16276679|wall_ms=270|threads=263|busy_threads=1|total_runtime_ms=126.734|total_runq_wait_ms=2.952|tgids=5032,10622,16730,20685,26538
THREAD|39|1|20685|20685|10999|sh|126.734|46.9|2.952|19|0|5|0-7|0|1024|1024|278|370|477
THREAD|39|2|16730|9973|10563|AppSearch_Index|0.000|0.0|0.000|0|3|3|0-7|0|1024|1024|13150|20688|240
THREAD|39|3|16730|9940|10563|AppSearch_Index|0.000|0.0|0.000|0|2|2|0-7|0|1024|1024|13115|20690|232
THREAD|39|4|26538|9612|10195|binder:26538_8|0.000|0.0|0.000|0|3|3|0-7|0|1024|1024|3404|6506|3317
THREAD|39|5|26538|9470|10195|binder:26538_B|0.000|0.0|0.000|0|6|6|0-7|0|1024|1024|2531|4304|2105
THREAD|39|6|10622|8513|10201|ExoPlayer:Playb|0.000|0.0|0.000|0|4|4|0-7|0|1024|1024|6463|10331|51
THREAD|39|7|10622|8509|10201|ExoPlayer:Playb|0.000|0.0|0.000|0|1|1|0-7|0|1024|1024|6331|10327|49
THREAD|39|8|26538|8364|10195|IMM.binder-emu|0.000|0.0|0.000|0|2|2|0-7|0|1024|1024|15737|23850|1039
THREAD|39|9|26538|8336|10195|Primes-Jank|0.000|0.0|0.000|0|4|4|0-7|0|1024|1024|16074|23866|1131
THREAD|39|10|16730|8119|10563|AppSearch_Index|0.000|0.0|0.000|0|3|3|0-7|0|1024|1024|13165|20704|245
WINDOW|seq=40|t_cs=16276705|wall_ms=260|threads=263|busy_threads=1|total_runtime_ms=112.632|total_runq_wait_ms=0.631|tgids=5032,10622,16730,20685,26538
THREAD|40|1|20685|20685|10999|sh|112.632|43.3|0.631|21|5|5|0-7|0|1024|1024|285|376|485
THREAD|40|2|16730|9973|10563|AppSearch_Index|0.000|0.0|0.000|0|3|3|0-7|0|1024|1024|13150|20688|240
THREAD|40|3|16730|9940|10563|AppSearch_Index|0.000|0.0|0.000|0|2|2|0-7|0|1024|1024|13115|20690|232
THREAD|40|4|26538|9612|10195|binder:26538_8|0.000|0.0|0.000|0|3|3|0-7|0|1024|1024|3404|6506|3317
THREAD|40|5|26538|9470|10195|binder:26538_B|0.000|0.0|0.000|0|6|6|0-7|0|1024|1024|2531|4304|2105
THREAD|40|6|10622|8513|10201|ExoPlayer:Playb|0.000|0.0|0.000|0|4|4|0-7|0|1024|1024|6463|10331|51
THREAD|40|7|10622|8509|10201|ExoPlayer:Playb|0.000|0.0|0.000|0|1|1|0-7|0|1024|1024|6331|10327|49
THREAD|40|8|26538|8364|10195|IMM.binder-emu|0.000|0.0|0.000|0|2|2|0-7|0|1024|1024|15737|23850|1039
THREAD|40|9|26538|8336|10195|Primes-Jank|0.000|0.0|0.000|0|4|4|0-7|0|1024|1024|16074|23866|1131
THREAD|40|10|16730|8119|10563|AppSearch_Index|0.000|0.0|0.000|0|3|3|0-7|0|1024|1024|13165|20704|245
WINDOW|seq=41|t_cs=16276733|wall_ms=280|threads=263|busy_threads=1|total_runtime_ms=140.864|total_runq_wait_ms=0.002|tgids=5032,10622,16730,20685,26538
THREAD|41|1|20685|20685|10999|sh|140.864|50.3|0.002|8|5|0|0-7|0|1024|1024|287|383|487
THREAD|41|2|16730|9973|10563|AppSearch_Index|0.000|0.0|0.000|0|3|3|0-7|0|1024|1024|13150|20688|240
THREAD|41|3|16730|9940|10563|AppSearch_Index|0.000|0.0|0.000|0|2|2|0-7|0|1024|1024|13115|20690|232
THREAD|41|4|26538|9612|10195|binder:26538_8|0.000|0.0|0.000|0|3|3|0-7|0|1024|1024|3404|6506|3317
THREAD|41|5|26538|9470|10195|binder:26538_B|0.000|0.0|0.000|0|6|6|0-7|0|1024|1024|2531|4304|2105
THREAD|41|6|10622|8513|10201|ExoPlayer:Playb|0.000|0.0|0.000|0|4|4|0-7|0|1024|1024|6463|10331|51
THREAD|41|7|10622|8509|10201|ExoPlayer:Playb|0.000|0.0|0.000|0|1|1|0-7|0|1024|1024|6331|10327|49
THREAD|41|8|26538|8364|10195|IMM.binder-emu|0.000|0.0|0.000|0|2|2|0-7|0|1024|1024|15737|23850|1039
THREAD|41|9|26538|8336|10195|Primes-Jank|0.000|0.0|0.000|0|4|4|0-7|0|1024|1024|16074|23866|1131
THREAD|41|10|16730|8119|10563|AppSearch_Index|0.000|0.0|0.000|0|3|3|0-7|0|1024|1024|13165|20704|245
WINDOW|seq=42|t_cs=16276758|wall_ms=250|threads=263|busy_threads=1|total_runtime_ms=92.010|total_runq_wait_ms=0.165|tgids=5032,10622,16730,20685,26538
THREAD|42|1|20685|20685|10999|sh|92.010|36.8|0.165|14|0|5|0-7|0|1024|1024|292|391|495
THREAD|42|2|16730|9973|10563|AppSearch_Index|0.000|0.0|0.000|0|3|3|0-7|0|1024|1024|13150|20688|240
THREAD|42|3|16730|9940|10563|AppSearch_Index|0.000|0.0|0.000|0|2|2|0-7|0|1024|1024|13115|20690|232
THREAD|42|4|26538|9612|10195|binder:26538_8|0.000|0.0|0.000|0|3|3|0-7|0|1024|1024|3404|6506|3317
THREAD|42|5|26538|9470|10195|binder:26538_B|0.000|0.0|0.000|0|6|6|0-7|0|1024|1024|2531|4304|2105
THREAD|42|6|10622|8513|10201|ExoPlayer:Playb|0.000|0.0|0.000|0|4|4|0-7|0|1024|1024|6463|10331|51
THREAD|42|7|10622|8509|10201|ExoPlayer:Playb|0.000|0.0|0.000|0|1|1|0-7|0|1024|1024|6331|10327|49
THREAD|42|8|26538|8364|10195|IMM.binder-emu|0.000|0.0|0.000|0|2|2|0-7|0|1024|1024|15737|23850|1039
THREAD|42|9|26538|8336|10195|Primes-Jank|0.000|0.0|0.000|0|4|4|0-7|0|1024|1024|16074|23866|1131
THREAD|42|10|16730|8119|10563|AppSearch_Index|0.000|0.0|0.000|0|3|3|0-7|0|1024|1024|13165|20704|245
WINDOW|seq=43|t_cs=16276783|wall_ms=250|threads=263|busy_threads=1|total_runtime_ms=121.947|total_runq_wait_ms=0.805|tgids=5032,10622,16730,20685,26538
THREAD|43|1|20685|20685|10999|sh|121.947|48.7|0.805|17|5|3|0-7|0|1024|1024|297|398|503
THREAD|43|2|16730|9973|10563|AppSearch_Index|0.000|0.0|0.000|0|3|3|0-7|0|1024|1024|13150|20688|240
THREAD|43|3|16730|9940|10563|AppSearch_Index|0.000|0.0|0.000|0|2|2|0-7|0|1024|1024|13115|20690|232
THREAD|43|4|26538|9612|10195|binder:26538_8|0.000|0.0|0.000|0|3|3|0-7|0|1024|1024|3404|6506|3317
THREAD|43|5|26538|9470|10195|binder:26538_B|0.000|0.0|0.000|0|6|6|0-7|0|1024|1024|2531|4304|2105
THREAD|43|6|10622|8513|10201|ExoPlayer:Playb|0.000|0.0|0.000|0|4|4|0-7|0|1024|1024|6463|10331|51
THREAD|43|7|10622|8509|10201|ExoPlayer:Playb|0.000|0.0|0.000|0|1|1|0-7|0|1024|1024|6331|10327|49
THREAD|43|8|26538|8364|10195|IMM.binder-emu|0.000|0.0|0.000|0|2|2|0-7|0|1024|1024|15737|23850|1039
THREAD|43|9|26538|8336|10195|Primes-Jank|0.000|0.0|0.000|0|4|4|0-7|0|1024|1024|16074|23866|1131
THREAD|43|10|16730|8119|10563|AppSearch_Index|0.000|0.0|0.000|0|3|3|0-7|0|1024|1024|13165|20704|245
WINDOW|seq=44|t_cs=16276811|wall_ms=280|threads=263|busy_threads=1|total_runtime_ms=107.610|total_runq_wait_ms=0.021|tgids=5032,10622,16730,20685,26538
THREAD|44|1|20685|20685|10999|sh|107.610|38.4|0.021|9|3|4|0-7|0|1024|1024|298|406|505
THREAD|44|2|16730|9973|10563|AppSearch_Index|0.000|0.0|0.000|0|3|3|0-7|0|1024|1024|13150|20688|240
THREAD|44|3|16730|9940|10563|AppSearch_Index|0.000|0.0|0.000|0|2|2|0-7|0|1024|1024|13115|20690|232
THREAD|44|4|26538|9612|10195|binder:26538_8|0.000|0.0|0.000|0|3|3|0-7|0|1024|1024|3404|6506|3317
THREAD|44|5|26538|9470|10195|binder:26538_B|0.000|0.0|0.000|0|6|6|0-7|0|1024|1024|2531|4304|2105
THREAD|44|6|10622|8513|10201|ExoPlayer:Playb|0.000|0.0|0.000|0|4|4|0-7|0|1024|1024|6463|10331|51
THREAD|44|7|10622|8509|10201|ExoPlayer:Playb|0.000|0.0|0.000|0|1|1|0-7|0|1024|1024|6331|10327|49
THREAD|44|8|26538|8364|10195|IMM.binder-emu|0.000|0.0|0.000|0|2|2|0-7|0|1024|1024|15737|23850|1039
THREAD|44|9|26538|8336|10195|Primes-Jank|0.000|0.0|0.000|0|4|4|0-7|0|1024|1024|16074|23866|1131
THREAD|44|10|16730|8119|10563|AppSearch_Index|0.000|0.0|0.000|0|3|3|0-7|0|1024|1024|13165|20704|245
WINDOW|seq=45|t_cs=16276836|wall_ms=250|threads=263|busy_threads=1|total_runtime_ms=113.284|total_runq_wait_ms=0.173|tgids=5032,10622,16730,20685,26538
THREAD|45|1|20685|20685|10999|sh|113.284|45.3|0.173|10|4|5|0-7|0|1024|1024|301|412|507
THREAD|45|2|16730|9973|10563|AppSearch_Index|0.000|0.0|0.000|0|3|3|0-7|0|1024|1024|13150|20688|240
THREAD|45|3|16730|9940|10563|AppSearch_Index|0.000|0.0|0.000|0|2|2|0-7|0|1024|1024|13115|20690|232
THREAD|45|4|26538|9612|10195|binder:26538_8|0.000|0.0|0.000|0|3|3|0-7|0|1024|1024|3404|6506|3317
THREAD|45|5|26538|9470|10195|binder:26538_B|0.000|0.0|0.000|0|6|6|0-7|0|1024|1024|2531|4304|2105
THREAD|45|6|10622|8513|10201|ExoPlayer:Playb|0.000|0.0|0.000|0|4|4|0-7|0|1024|1024|6463|10331|51
THREAD|45|7|10622|8509|10201|ExoPlayer:Playb|0.000|0.0|0.000|0|1|1|0-7|0|1024|1024|6331|10327|49
THREAD|45|8|26538|8364|10195|IMM.binder-emu|0.000|0.0|0.000|0|2|2|0-7|0|1024|1024|15737|23850|1039
THREAD|45|9|26538|8336|10195|Primes-Jank|0.000|0.0|0.000|0|4|4|0-7|0|1024|1024|16074|23866|1131
THREAD|45|10|16730|8119|10563|AppSearch_Index|0.000|0.0|0.000|0|3|3|0-7|0|1024|1024|13165|20704|245
WINDOW|seq=46|t_cs=16276863|wall_ms=270|threads=263|busy_threads=1|total_runtime_ms=128.873|total_runq_wait_ms=0.062|tgids=5032,10622,16730,20685,26538
THREAD|46|1|20685|20685|10999|sh|128.873|47.7|0.062|10|5|5|0-7|0|1024|1024|304|420|510
THREAD|46|2|16730|9973|10563|AppSearch_Index|0.000|0.0|0.000|0|3|3|0-7|0|1024|1024|13150|20688|240
THREAD|46|3|16730|9940|10563|AppSearch_Index|0.000|0.0|0.000|0|2|2|0-7|0|1024|1024|13115|20690|232
THREAD|46|4|26538|9612|10195|binder:26538_8|0.000|0.0|0.000|0|3|3|0-7|0|1024|1024|3404|6506|3317
THREAD|46|5|26538|9470|10195|binder:26538_B|0.000|0.0|0.000|0|6|6|0-7|0|1024|1024|2531|4304|2105
THREAD|46|6|10622|8513|10201|ExoPlayer:Playb|0.000|0.0|0.000|0|4|4|0-7|0|1024|1024|6463|10331|51
THREAD|46|7|10622|8509|10201|ExoPlayer:Playb|0.000|0.0|0.000|0|1|1|0-7|0|1024|1024|6331|10327|49
THREAD|46|8|26538|8364|10195|IMM.binder-emu|0.000|0.0|0.000|0|2|2|0-7|0|1024|1024|15737|23850|1039
THREAD|46|9|26538|8336|10195|Primes-Jank|0.000|0.0|0.000|0|4|4|0-7|0|1024|1024|16074|23866|1131
THREAD|46|10|16730|8119|10563|AppSearch_Index|0.000|0.0|0.000|0|3|3|0-7|0|1024|1024|13165|20704|245
WINDOW|seq=47|t_cs=16276889|wall_ms=260|threads=263|busy_threads=1|total_runtime_ms=93.748|total_runq_wait_ms=0.099|tgids=5032,10622,16730,20685,26538
THREAD|47|1|20685|20685|10999|sh|93.748|36.0|0.099|10|5|4|0-7|0|1024|1024|307|427|512
THREAD|47|2|16730|9973|10563|AppSearch_Index|0.000|0.0|0.000|0|3|3|0-7|0|1024|1024|13150|20688|240
THREAD|47|3|16730|9940|10563|AppSearch_Index|0.000|0.0|0.000|0|2|2|0-7|0|1024|1024|13115|20690|232
THREAD|47|4|26538|9612|10195|binder:26538_8|0.000|0.0|0.000|0|3|3|0-7|0|1024|1024|3404|6506|3317
THREAD|47|5|26538|9470|10195|binder:26538_B|0.000|0.0|0.000|0|6|6|0-7|0|1024|1024|2531|4304|2105
THREAD|47|6|10622|8513|10201|ExoPlayer:Playb|0.000|0.0|0.000|0|4|4|0-7|0|1024|1024|6463|10331|51
THREAD|47|7|10622|8509|10201|ExoPlayer:Playb|0.000|0.0|0.000|0|1|1|0-7|0|1024|1024|6331|10327|49
THREAD|47|8|26538|8364|10195|IMM.binder-emu|0.000|0.0|0.000|0|2|2|0-7|0|1024|1024|15737|23850|1039
THREAD|47|9|26538|8336|10195|Primes-Jank|0.000|0.0|0.000|0|4|4|0-7|0|1024|1024|16074|23866|1131
THREAD|47|10|16730|8119|10563|AppSearch_Index|0.000|0.0|0.000|0|3|3|0-7|0|1024|1024|13165|20704|245
WINDOW|seq=48|t_cs=16276915|wall_ms=260|threads=263|busy_threads=1|total_runtime_ms=93.841|total_runq_wait_ms=0.013|tgids=5032,10622,16730,20685,26538
THREAD|48|1|20685|20685|10999|sh|93.841|36.0|0.013|9|4|0|0-7|0|1024|1024|309|435|514
THREAD|48|2|16730|9973|10563|AppSearch_Index|0.000|0.0|0.000|0|3|3|0-7|0|1024|1024|13150|20688|240
THREAD|48|3|16730|9940|10563|AppSearch_Index|0.000|0.0|0.000|0|2|2|0-7|0|1024|1024|13115|20690|232
THREAD|48|4|26538|9612|10195|binder:26538_8|0.000|0.0|0.000|0|3|3|0-7|0|1024|1024|3404|6506|3317
THREAD|48|5|26538|9470|10195|binder:26538_B|0.000|0.0|0.000|0|6|6|0-7|0|1024|1024|2531|4304|2105
THREAD|48|6|10622|8513|10201|ExoPlayer:Playb|0.000|0.0|0.000|0|4|4|0-7|0|1024|1024|6463|10331|51
THREAD|48|7|10622|8509|10201|ExoPlayer:Playb|0.000|0.0|0.000|0|1|1|0-7|0|1024|1024|6331|10327|49
THREAD|48|8|26538|8364|10195|IMM.binder-emu|0.000|0.0|0.000|0|2|2|0-7|0|1024|1024|15737|23850|1039
THREAD|48|9|26538|8336|10195|Primes-Jank|0.000|0.0|0.000|0|4|4|0-7|0|1024|1024|16074|23866|1131
THREAD|48|10|16730|8119|10563|AppSearch_Index|0.000|0.0|0.000|0|3|3|0-7|0|1024|1024|13165|20704|245
WINDOW|seq=49|t_cs=16276940|wall_ms=250|threads=263|busy_threads=1|total_runtime_ms=91.646|total_runq_wait_ms=1.528|tgids=5032,10622,16730,20685,26538
THREAD|49|1|20685|20685|10999|sh|91.646|36.6|1.528|17|0|5|0-7|0|1024|1024|312|444|523
THREAD|49|2|16730|9973|10563|AppSearch_Index|0.000|0.0|0.000|0|3|3|0-7|0|1024|1024|13150|20688|240
THREAD|49|3|16730|9940|10563|AppSearch_Index|0.000|0.0|0.000|0|2|2|0-7|0|1024|1024|13115|20690|232
THREAD|49|4|26538|9612|10195|binder:26538_8|0.000|0.0|0.000|0|3|3|0-7|0|1024|1024|3404|6506|3317
THREAD|49|5|26538|9470|10195|binder:26538_B|0.000|0.0|0.000|0|6|6|0-7|0|1024|1024|2531|4304|2105
THREAD|49|6|10622|8513|10201|ExoPlayer:Playb|0.000|0.0|0.000|0|4|4|0-7|0|1024|1024|6463|10331|51
THREAD|49|7|10622|8509|10201|ExoPlayer:Playb|0.000|0.0|0.000|0|1|1|0-7|0|1024|1024|6331|10327|49
THREAD|49|8|26538|8364|10195|IMM.binder-emu|0.000|0.0|0.000|0|2|2|0-7|0|1024|1024|15737|23850|1039
THREAD|49|9|26538|8336|10195|Primes-Jank|0.000|0.0|0.000|0|4|4|0-7|0|1024|1024|16074|23866|1131
THREAD|49|10|16730|8119|10563|AppSearch_Index|0.000|0.0|0.000|0|3|3|0-7|0|1024|1024|13165|20704|245
WINDOW|seq=50|t_cs=16276967|wall_ms=270|threads=263|busy_threads=1|total_runtime_ms=129.139|total_runq_wait_ms=0.088|tgids=5032,10622,16730,20685,26538
THREAD|50|1|20685|20685|10999|sh|129.139|47.8|0.088|12|5|5|0-7|0|1024|1024|315|450|529
THREAD|50|2|16730|9973|10563|AppSearch_Index|0.000|0.0|0.000|0|3|3|0-7|0|1024|1024|13150|20688|240
THREAD|50|3|16730|9940|10563|AppSearch_Index|0.000|0.0|0.000|0|2|2|0-7|0|1024|1024|13115|20690|232
THREAD|50|4|26538|9612|10195|binder:26538_8|0.000|0.0|0.000|0|3|3|0-7|0|1024|1024|3404|6506|3317
THREAD|50|5|26538|9470|10195|binder:26538_B|0.000|0.0|0.000|0|6|6|0-7|0|1024|1024|2531|4304|2105
THREAD|50|6|10622|8513|10201|ExoPlayer:Playb|0.000|0.0|0.000|0|4|4|0-7|0|1024|1024|6463|10331|51
THREAD|50|7|10622|8509|10201|ExoPlayer:Playb|0.000|0.0|0.000|0|1|1|0-7|0|1024|1024|6331|10327|49
THREAD|50|8|26538|8364|10195|IMM.binder-emu|0.000|0.0|0.000|0|2|2|0-7|0|1024|1024|15737|23850|1039
THREAD|50|9|26538|8336|10195|Primes-Jank|0.000|0.0|0.000|0|4|4|0-7|0|1024|1024|16074|23866|1131
THREAD|50|10|16730|8119|10563|AppSearch_Index|0.000|0.0|0.000|0|3|3|0-7|0|1024|1024|13165|20704|245
WINDOW|seq=51|t_cs=16276993|wall_ms=260|threads=263|busy_threads=1|total_runtime_ms=113.789|total_runq_wait_ms=0.298|tgids=5032,10622,16730,20685,26538
THREAD|51|1|20685|20685|10999|sh|113.789|43.7|0.298|13|5|1|0-7|0|1024|1024|320|458|544
THREAD|51|2|16730|9973|10563|AppSearch_Index|0.000|0.0|0.000|0|3|3|0-7|0|1024|1024|13150|20688|240
THREAD|51|3|16730|9940|10563|AppSearch_Index|0.000|0.0|0.000|0|2|2|0-7|0|1024|1024|13115|20690|232
THREAD|51|4|26538|9612|10195|binder:26538_8|0.000|0.0|0.000|0|3|3|0-7|0|1024|1024|3404|6506|3317
THREAD|51|5|26538|9470|10195|binder:26538_B|0.000|0.0|0.000|0|6|6|0-7|0|1024|1024|2531|4304|2105
THREAD|51|6|10622|8513|10201|ExoPlayer:Playb|0.000|0.0|0.000|0|4|4|0-7|0|1024|1024|6463|10331|51
THREAD|51|7|10622|8509|10201|ExoPlayer:Playb|0.000|0.0|0.000|0|1|1|0-7|0|1024|1024|6331|10327|49
THREAD|51|8|26538|8364|10195|IMM.binder-emu|0.000|0.0|0.000|0|2|2|0-7|0|1024|1024|15737|23850|1039
THREAD|51|9|26538|8336|10195|Primes-Jank|0.000|0.0|0.000|0|4|4|0-7|0|1024|1024|16074|23866|1131
THREAD|51|10|16730|8119|10563|AppSearch_Index|0.000|0.0|0.000|0|3|3|0-7|0|1024|1024|13165|20704|245
WINDOW|seq=52|t_cs=16277020|wall_ms=270|threads=263|busy_threads=1|total_runtime_ms=102.722|total_runq_wait_ms=2.052|tgids=5032,10622,16730,20685,26538
THREAD|52|1|20685|20685|10999|sh|102.722|38.0|2.052|20|1|4|0-7|0|1024|1024|321|466|546
THREAD|52|2|16730|9973|10563|AppSearch_Index|0.000|0.0|0.000|0|3|3|0-7|0|1024|1024|13150|20688|240
THREAD|52|3|16730|9940|10563|AppSearch_Index|0.000|0.0|0.000|0|2|2|0-7|0|1024|1024|13115|20690|232
THREAD|52|4|26538|9612|10195|binder:26538_8|0.000|0.0|0.000|0|3|3|0-7|0|1024|1024|3404|6506|3317
THREAD|52|5|26538|9470|10195|binder:26538_B|0.000|0.0|0.000|0|6|6|0-7|0|1024|1024|2531|4304|2105
THREAD|52|6|10622|8513|10201|ExoPlayer:Playb|0.000|0.0|0.000|0|4|4|0-7|0|1024|1024|6463|10331|51
THREAD|52|7|10622|8509|10201|ExoPlayer:Playb|0.000|0.0|0.000|0|1|1|0-7|0|1024|1024|6331|10327|49
THREAD|52|8|26538|8364|10195|IMM.binder-emu|0.000|0.0|0.000|0|2|2|0-7|0|1024|1024|15737|23850|1039
THREAD|52|9|26538|8336|10195|Primes-Jank|0.000|0.0|0.000|0|4|4|0-7|0|1024|1024|16074|23866|1131
THREAD|52|10|16730|8119|10563|AppSearch_Index|0.000|0.0|0.000|0|3|3|0-7|0|1024|1024|13165|20704|245
WINDOW|seq=53|t_cs=16277045|wall_ms=250|threads=263|busy_threads=1|total_runtime_ms=123.583|total_runq_wait_ms=0.039|tgids=5032,10622,16730,20685,26538
THREAD|53|1|20685|20685|10999|sh|123.583|49.4|0.039|9|4|5|0-7|0|1024|1024|325|471|549
THREAD|53|2|16730|9973|10563|AppSearch_Index|0.000|0.0|0.000|0|3|3|0-7|0|1024|1024|13150|20688|240
THREAD|53|3|16730|9940|10563|AppSearch_Index|0.000|0.0|0.000|0|2|2|0-7|0|1024|1024|13115|20690|232
THREAD|53|4|26538|9612|10195|binder:26538_8|0.000|0.0|0.000|0|3|3|0-7|0|1024|1024|3404|6506|3317
THREAD|53|5|26538|9470|10195|binder:26538_B|0.000|0.0|0.000|0|6|6|0-7|0|1024|1024|2531|4304|2105
THREAD|53|6|10622|8513|10201|ExoPlayer:Playb|0.000|0.0|0.000|0|4|4|0-7|0|1024|1024|6463|10331|51
THREAD|53|7|10622|8509|10201|ExoPlayer:Playb|0.000|0.0|0.000|0|1|1|0-7|0|1024|1024|6331|10327|49
THREAD|53|8|26538|8364|10195|IMM.binder-emu|0.000|0.0|0.000|0|2|2|0-7|0|1024|1024|15737|23850|1039
THREAD|53|9|26538|8336|10195|Primes-Jank|0.000|0.0|0.000|0|4|4|0-7|0|1024|1024|16074|23866|1131
THREAD|53|10|16730|8119|10563|AppSearch_Index|0.000|0.0|0.000|0|3|3|0-7|0|1024|1024|13165|20704|245
WINDOW|seq=54|t_cs=16277071|wall_ms=260|threads=263|busy_threads=1|total_runtime_ms=124.036|total_runq_wait_ms=0.279|tgids=5032,10622,16730,20685,26538
THREAD|54|1|20685|20685|10999|sh|124.036|47.7|0.279|12|5|5|0-7|0|1024|1024|328|478|554
THREAD|54|2|16730|9973|10563|AppSearch_Index|0.000|0.0|0.000|0|3|3|0-7|0|1024|1024|13150|20688|240
THREAD|54|3|16730|9940|10563|AppSearch_Index|0.000|0.0|0.000|0|2|2|0-7|0|1024|1024|13115|20690|232
THREAD|54|4|26538|9612|10195|binder:26538_8|0.000|0.0|0.000|0|3|3|0-7|0|1024|1024|3404|6506|3317
THREAD|54|5|26538|9470|10195|binder:26538_B|0.000|0.0|0.000|0|6|6|0-7|0|1024|1024|2531|4304|2105
THREAD|54|6|10622|8513|10201|ExoPlayer:Playb|0.000|0.0|0.000|0|4|4|0-7|0|1024|1024|6463|10331|51
THREAD|54|7|10622|8509|10201|ExoPlayer:Playb|0.000|0.0|0.000|0|1|1|0-7|0|1024|1024|6331|10327|49
THREAD|54|8|26538|8364|10195|IMM.binder-emu|0.000|0.0|0.000|0|2|2|0-7|0|1024|1024|15737|23850|1039
THREAD|54|9|26538|8336|10195|Primes-Jank|0.000|0.0|0.000|0|4|4|0-7|0|1024|1024|16074|23866|1131
THREAD|54|10|16730|8119|10563|AppSearch_Index|0.000|0.0|0.000|0|3|3|0-7|0|1024|1024|13165|20704|245
WINDOW|seq=55|t_cs=16277097|wall_ms=260|threads=263|busy_threads=1|total_runtime_ms=115.583|total_runq_wait_ms=0.505|tgids=5032,10622,16730,20685,26538
THREAD|55|1|20685|20685|10999|sh|115.583|44.4|0.505|14|5|0|0-7|0|1024|1024|333|485|561
THREAD|55|2|16730|9973|10563|AppSearch_Index|0.000|0.0|0.000|0|3|3|0-7|0|1024|1024|13150|20688|240
THREAD|55|3|16730|9940|10563|AppSearch_Index|0.000|0.0|0.000|0|2|2|0-7|0|1024|1024|13115|20690|232
THREAD|55|4|26538|9612|10195|binder:26538_8|0.000|0.0|0.000|0|3|3|0-7|0|1024|1024|3404|6506|3317
THREAD|55|5|26538|9470|10195|binder:26538_B|0.000|0.0|0.000|0|6|6|0-7|0|1024|1024|2531|4304|2105
THREAD|55|6|10622|8513|10201|ExoPlayer:Playb|0.000|0.0|0.000|0|4|4|0-7|0|1024|1024|6463|10331|51
THREAD|55|7|10622|8509|10201|ExoPlayer:Playb|0.000|0.0|0.000|0|1|1|0-7|0|1024|1024|6331|10327|49
THREAD|55|8|26538|8364|10195|IMM.binder-emu|0.000|0.0|0.000|0|2|2|0-7|0|1024|1024|15737|23850|1039
THREAD|55|9|26538|8336|10195|Primes-Jank|0.000|0.0|0.000|0|4|4|0-7|0|1024|1024|16074|23866|1131
THREAD|55|10|16730|8119|10563|AppSearch_Index|0.000|0.0|0.000|0|3|3|0-7|0|1024|1024|13165|20704|245
WINDOW|seq=56|t_cs=16277123|wall_ms=260|threads=263|busy_threads=1|total_runtime_ms=89.418|total_runq_wait_ms=0.273|tgids=5032,10622,16730,20685,26538
THREAD|56|1|20685|20685|10999|sh|89.418|34.3|0.273|11|0|0|0-7|0|1024|1024|336|493|564
THREAD|56|2|16730|9973|10563|AppSearch_Index|0.000|0.0|0.000|0|3|3|0-7|0|1024|1024|13150|20688|240
THREAD|56|3|16730|9940|10563|AppSearch_Index|0.000|0.0|0.000|0|2|2|0-7|0|1024|1024|13115|20690|232
THREAD|56|4|26538|9612|10195|binder:26538_8|0.000|0.0|0.000|0|3|3|0-7|0|1024|1024|3404|6506|3317
THREAD|56|5|26538|9470|10195|binder:26538_B|0.000|0.0|0.000|0|6|6|0-7|0|1024|1024|2531|4304|2105
THREAD|56|6|10622|8513|10201|ExoPlayer:Playb|0.000|0.0|0.000|0|4|4|0-7|0|1024|1024|6463|10331|51
THREAD|56|7|10622|8509|10201|ExoPlayer:Playb|0.000|0.0|0.000|0|1|1|0-7|0|1024|1024|6331|10327|49
THREAD|56|8|26538|8364|10195|IMM.binder-emu|0.000|0.0|0.000|0|2|2|0-7|0|1024|1024|15737|23850|1039
THREAD|56|9|26538|8336|10195|Primes-Jank|0.000|0.0|0.000|0|4|4|0-7|0|1024|1024|16074|23866|1131
THREAD|56|10|16730|8119|10563|AppSearch_Index|0.000|0.0|0.000|0|3|3|0-7|0|1024|1024|13165|20704|245
WINDOW|seq=57|t_cs=16277149|wall_ms=260|threads=263|busy_threads=1|total_runtime_ms=88.755|total_runq_wait_ms=0.170|tgids=5032,10622,16730,20685,26538
THREAD|57|1|20685|20685|10999|sh|88.755|34.1|0.170|14|0|5|0-7|0|1024|1024|341|502|569
THREAD|57|2|16730|9973|10563|AppSearch_Index|0.000|0.0|0.000|0|3|3|0-7|0|1024|1024|13150|20688|240
THREAD|57|3|16730|9940|10563|AppSearch_Index|0.000|0.0|0.000|0|2|2|0-7|0|1024|1024|13115|20690|232
THREAD|57|4|26538|9612|10195|binder:26538_8|0.000|0.0|0.000|0|3|3|0-7|0|1024|1024|3404|6506|3317
THREAD|57|5|26538|9470|10195|binder:26538_B|0.000|0.0|0.000|0|6|6|0-7|0|1024|1024|2531|4304|2105
THREAD|57|6|10622|8513|10201|ExoPlayer:Playb|0.000|0.0|0.000|0|4|4|0-7|0|1024|1024|6463|10331|51
THREAD|57|7|10622|8509|10201|ExoPlayer:Playb|0.000|0.0|0.000|0|1|1|0-7|0|1024|1024|6331|10327|49
THREAD|57|8|26538|8364|10195|IMM.binder-emu|0.000|0.0|0.000|0|2|2|0-7|0|1024|1024|15737|23850|1039
THREAD|57|9|26538|8336|10195|Primes-Jank|0.000|0.0|0.000|0|4|4|0-7|0|1024|1024|16074|23866|1131
THREAD|57|10|16730|8119|10563|AppSearch_Index|0.000|0.0|0.000|0|3|3|0-7|0|1024|1024|13165|20704|245
WINDOW|seq=58|t_cs=16277175|wall_ms=260|threads=263|busy_threads=1|total_runtime_ms=133.596|total_runq_wait_ms=0.358|tgids=5032,10622,16730,20685,26538
THREAD|58|1|20685|20685|10999|sh|133.596|51.3|0.358|11|5|5|0-7|0|1024|1024|345|509|579
THREAD|58|2|16730|9973|10563|AppSearch_Index|0.000|0.0|0.000|0|3|3|0-7|0|1024|1024|13150|20688|240
THREAD|58|3|16730|9940|10563|AppSearch_Index|0.000|0.0|0.000|0|2|2|0-7|0|1024|1024|13115|20690|232
THREAD|58|4|26538|9612|10195|binder:26538_8|0.000|0.0|0.000|0|3|3|0-7|0|1024|1024|3404|6506|3317
THREAD|58|5|26538|9470|10195|binder:26538_B|0.000|0.0|0.000|0|6|6|0-7|0|1024|1024|2531|4304|2105
THREAD|58|6|10622|8513|10201|ExoPlayer:Playb|0.000|0.0|0.000|0|4|4|0-7|0|1024|1024|6463|10331|51
THREAD|58|7|10622|8509|10201|ExoPlayer:Playb|0.000|0.0|0.000|0|1|1|0-7|0|1024|1024|6331|10327|49
THREAD|58|8|26538|8364|10195|IMM.binder-emu|0.000|0.0|0.000|0|2|2|0-7|0|1024|1024|15737|23850|1039
THREAD|58|9|26538|8336|10195|Primes-Jank|0.000|0.0|0.000|0|4|4|0-7|0|1024|1024|16074|23866|1131
THREAD|58|10|16730|8119|10563|AppSearch_Index|0.000|0.0|0.000|0|3|3|0-7|0|1024|1024|13165|20704|245
WINDOW|seq=59|t_cs=16277201|wall_ms=260|threads=263|busy_threads=1|total_runtime_ms=96.740|total_runq_wait_ms=0.363|tgids=5032,10622,16730,20685,26538
THREAD|59|1|20685|20685|10999|sh|96.740|37.2|0.363|16|5|5|0-7|0|1024|1024|350|516|582
THREAD|59|2|16730|9973|10563|AppSearch_Index|0.000|0.0|0.000|0|3|3|0-7|0|1024|1024|13150|20688|240
THREAD|59|3|16730|9940|10563|AppSearch_Index|0.000|0.0|0.000|0|2|2|0-7|0|1024|1024|13115|20690|232
THREAD|59|4|26538|9612|10195|binder:26538_8|0.000|0.0|0.000|0|3|3|0-7|0|1024|1024|3404|6506|3317
THREAD|59|5|26538|9470|10195|binder:26538_B|0.000|0.0|0.000|0|6|6|0-7|0|1024|1024|2531|4304|2105
THREAD|59|6|10622|8513|10201|ExoPlayer:Playb|0.000|0.0|0.000|0|4|4|0-7|0|1024|1024|6463|10331|51
THREAD|59|7|10622|8509|10201|ExoPlayer:Playb|0.000|0.0|0.000|0|1|1|0-7|0|1024|1024|6331|10327|49
THREAD|59|8|26538|8364|10195|IMM.binder-emu|0.000|0.0|0.000|0|2|2|0-7|0|1024|1024|15737|23850|1039
THREAD|59|9|26538|8336|10195|Primes-Jank|0.000|0.0|0.000|0|4|4|0-7|0|1024|1024|16074|23866|1131
THREAD|59|10|16730|8119|10563|AppSearch_Index|0.000|0.0|0.000|0|3|3|0-7|0|1024|1024|13165|20704|245
WINDOW|seq=60|t_cs=16277227|wall_ms=260|threads=263|busy_threads=1|total_runtime_ms=108.909|total_runq_wait_ms=0.158|tgids=5032,10622,16730,20685,26538
THREAD|60|1|20685|20685|10999|sh|108.909|41.8|0.158|10|5|4|0-7|0|1024|1024|351|523|586
THREAD|60|2|16730|9973|10563|AppSearch_Index|0.000|0.0|0.000|0|3|3|0-7|0|1024|1024|13150|20688|240
THREAD|60|3|16730|9940|10563|AppSearch_Index|0.000|0.0|0.000|0|2|2|0-7|0|1024|1024|13115|20690|232
THREAD|60|4|26538|9612|10195|binder:26538_8|0.000|0.0|0.000|0|3|3|0-7|0|1024|1024|3404|6506|3317
THREAD|60|5|26538|9470|10195|binder:26538_B|0.000|0.0|0.000|0|6|6|0-7|0|1024|1024|2531|4304|2105
THREAD|60|6|10622|8513|10201|ExoPlayer:Playb|0.000|0.0|0.000|0|4|4|0-7|0|1024|1024|6463|10331|51
THREAD|60|7|10622|8509|10201|ExoPlayer:Playb|0.000|0.0|0.000|0|1|1|0-7|0|1024|1024|6331|10327|49
THREAD|60|8|26538|8364|10195|IMM.binder-emu|0.000|0.0|0.000|0|2|2|0-7|0|1024|1024|15737|23850|1039
THREAD|60|9|26538|8336|10195|Primes-Jank|0.000|0.0|0.000|0|4|4|0-7|0|1024|1024|16074|23866|1131
THREAD|60|10|16730|8119|10563|AppSearch_Index|0.000|0.0|0.000|0|3|3|0-7|0|1024|1024|13165|20704|245
WINDOW|seq=61|t_cs=16277252|wall_ms=250|threads=263|busy_threads=1|total_runtime_ms=100.220|total_runq_wait_ms=2.225|tgids=5032,10622,16730,20685,26538
THREAD|61|1|20685|20685|10999|sh|100.220|40.0|2.225|17|4|4|0-7|0|1024|1024|356|531|594
THREAD|61|2|16730|9973|10563|AppSearch_Index|0.000|0.0|0.000|0|3|3|0-7|0|1024|1024|13150|20688|240
THREAD|61|3|16730|9940|10563|AppSearch_Index|0.000|0.0|0.000|0|2|2|0-7|0|1024|1024|13115|20690|232
THREAD|61|4|26538|9612|10195|binder:26538_8|0.000|0.0|0.000|0|3|3|0-7|0|1024|1024|3404|6506|3317
THREAD|61|5|26538|9470|10195|binder:26538_B|0.000|0.0|0.000|0|6|6|0-7|0|1024|1024|2531|4304|2105
THREAD|61|6|10622|8513|10201|ExoPlayer:Playb|0.000|0.0|0.000|0|4|4|0-7|0|1024|1024|6463|10331|51
THREAD|61|7|10622|8509|10201|ExoPlayer:Playb|0.000|0.0|0.000|0|1|1|0-7|0|1024|1024|6331|10327|49
THREAD|61|8|26538|8364|10195|IMM.binder-emu|0.000|0.0|0.000|0|2|2|0-7|0|1024|1024|15737|23850|1039
THREAD|61|9|26538|8336|10195|Primes-Jank|0.000|0.0|0.000|0|4|4|0-7|0|1024|1024|16074|23866|1131
THREAD|61|10|16730|8119|10563|AppSearch_Index|0.000|0.0|0.000|0|3|3|0-7|0|1024|1024|13165|20704|245
WINDOW|seq=62|t_cs=16277278|wall_ms=260|threads=263|busy_threads=1|total_runtime_ms=125.011|total_runq_wait_ms=0.182|tgids=5032,10622,16730,20685,26538
THREAD|62|1|20685|20685|10999|sh|125.011|48.0|0.182|11|4|5|0-7|0|1024|1024|362|537|600
THREAD|62|2|16730|9973|10563|AppSearch_Index|0.000|0.0|0.000|0|3|3|0-7|0|1024|1024|13150|20688|240
THREAD|62|3|16730|9940|10563|AppSearch_Index|0.000|0.0|0.000|0|2|2|0-7|0|1024|1024|13115|20690|232
THREAD|62|4|26538|9612|10195|binder:26538_8|0.000|0.0|0.000|0|3|3|0-7|0|1024|1024|3404|6506|3317
THREAD|62|5|26538|9470|10195|binder:26538_B|0.000|0.0|0.000|0|6|6|0-7|0|1024|1024|2531|4304|2105
THREAD|62|6|10622|8513|10201|ExoPlayer:Playb|0.000|0.0|0.000|0|4|4|0-7|0|1024|1024|6463|10331|51
THREAD|62|7|10622|8509|10201|ExoPlayer:Playb|0.000|0.0|0.000|0|1|1|0-7|0|1024|1024|6331|10327|49
THREAD|62|8|26538|8364|10195|IMM.binder-emu|0.000|0.0|0.000|0|2|2|0-7|0|1024|1024|15737|23850|1039
THREAD|62|9|26538|8336|10195|Primes-Jank|0.000|0.0|0.000|0|4|4|0-7|0|1024|1024|16074|23866|1131
THREAD|62|10|16730|8119|10563|AppSearch_Index|0.000|0.0|0.000|0|3|3|0-7|0|1024|1024|13165|20704|245
WINDOW|seq=63|t_cs=16277304|wall_ms=260|threads=263|busy_threads=1|total_runtime_ms=116.149|total_runq_wait_ms=0.571|tgids=5032,10622,16730,20685,26538
THREAD|63|1|20685|20685|10999|sh|116.149|44.6|0.571|16|5|1|0-7|0|1024|1024|365|544|609
THREAD|63|2|16730|9973|10563|AppSearch_Index|0.000|0.0|0.000|0|3|3|0-7|0|1024|1024|13150|20688|240
THREAD|63|3|16730|9940|10563|AppSearch_Index|0.000|0.0|0.000|0|2|2|0-7|0|1024|1024|13115|20690|232
THREAD|63|4|26538|9612|10195|binder:26538_8|0.000|0.0|0.000|0|3|3|0-7|0|1024|1024|3404|6506|3317
THREAD|63|5|26538|9470|10195|binder:26538_B|0.000|0.0|0.000|0|6|6|0-7|0|1024|1024|2531|4304|2105
THREAD|63|6|10622|8513|10201|ExoPlayer:Playb|0.000|0.0|0.000|0|4|4|0-7|0|1024|1024|6463|10331|51
THREAD|63|7|10622|8509|10201|ExoPlayer:Playb|0.000|0.0|0.000|0|1|1|0-7|0|1024|1024|6331|10327|49
THREAD|63|8|26538|8364|10195|IMM.binder-emu|0.000|0.0|0.000|0|2|2|0-7|0|1024|1024|15737|23850|1039
THREAD|63|9|26538|8336|10195|Primes-Jank|0.000|0.0|0.000|0|4|4|0-7|0|1024|1024|16074|23866|1131
THREAD|63|10|16730|8119|10563|AppSearch_Index|0.000|0.0|0.000|0|3|3|0-7|0|1024|1024|13165|20704|245
WINDOW|seq=64|t_cs=16277329|wall_ms=250|threads=263|busy_threads=1|total_runtime_ms=95.989|total_runq_wait_ms=0.073|tgids=5032,10622,16730,20685,26538
THREAD|64|1|20685|20685|10999|sh|95.989|38.3|0.073|10|1|4|0-7|0|1024|1024|366|552|610
THREAD|64|2|16730|9973|10563|AppSearch_Index|0.000|0.0|0.000|0|3|3|0-7|0|1024|1024|13150|20688|240
THREAD|64|3|16730|9940|10563|AppSearch_Index|0.000|0.0|0.000|0|2|2|0-7|0|1024|1024|13115|20690|232
THREAD|64|4|26538|9612|10195|binder:26538_8|0.000|0.0|0.000|0|3|3|0-7|0|1024|1024|3404|6506|3317
THREAD|64|5|26538|9470|10195|binder:26538_B|0.000|0.0|0.000|0|6|6|0-7|0|1024|1024|2531|4304|2105
THREAD|64|6|10622|8513|10201|ExoPlayer:Playb|0.000|0.0|0.000|0|4|4|0-7|0|1024|1024|6463|10331|51
THREAD|64|7|10622|8509|10201|ExoPlayer:Playb|0.000|0.0|0.000|0|1|1|0-7|0|1024|1024|6331|10327|49
THREAD|64|8|26538|8364|10195|IMM.binder-emu|0.000|0.0|0.000|0|2|2|0-7|0|1024|1024|15737|23850|1039
THREAD|64|9|26538|8336|10195|Primes-Jank|0.000|0.0|0.000|0|4|4|0-7|0|1024|1024|16074|23866|1131
THREAD|64|10|16730|8119|10563|AppSearch_Index|0.000|0.0|0.000|0|3|3|0-7|0|1024|1024|13165|20704|245
WINDOW|seq=65|t_cs=16277356|wall_ms=270|threads=263|busy_threads=1|total_runtime_ms=121.770|total_runq_wait_ms=1.136|tgids=5032,10622,16730,20685,26538
THREAD|65|1|20685|20685|10999|sh|121.770|45.1|1.136|14|4|5|0-7|0|1024|1024|370|559|616
THREAD|65|2|16730|9973|10563|AppSearch_Index|0.000|0.0|0.000|0|3|3|0-7|0|1024|1024|13150|20688|240
THREAD|65|3|16730|9940|10563|AppSearch_Index|0.000|0.0|0.000|0|2|2|0-7|0|1024|1024|13115|20690|232
THREAD|65|4|26538|9612|10195|binder:26538_8|0.000|0.0|0.000|0|3|3|0-7|0|1024|1024|3404|6506|3317
THREAD|65|5|26538|9470|10195|binder:26538_B|0.000|0.0|0.000|0|6|6|0-7|0|1024|1024|2531|4304|2105
THREAD|65|6|10622|8513|10201|ExoPlayer:Playb|0.000|0.0|0.000|0|4|4|0-7|0|1024|1024|6463|10331|51
THREAD|65|7|10622|8509|10201|ExoPlayer:Playb|0.000|0.0|0.000|0|1|1|0-7|0|1024|1024|6331|10327|49
THREAD|65|8|26538|8364|10195|IMM.binder-emu|0.000|0.0|0.000|0|2|2|0-7|0|1024|1024|15737|23850|1039
THREAD|65|9|26538|8336|10195|Primes-Jank|0.000|0.0|0.000|0|4|4|0-7|0|1024|1024|16074|23866|1131
THREAD|65|10|16730|8119|10563|AppSearch_Index|0.000|0.0|0.000|0|3|3|0-7|0|1024|1024|13165|20704|245
WINDOW|seq=66|t_cs=16277382|wall_ms=260|threads=263|busy_threads=1|total_runtime_ms=113.318|total_runq_wait_ms=0.908|tgids=5032,10622,16730,20685,26538
THREAD|66|1|20685|20685|10999|sh|113.318|43.5|0.908|17|5|1|0-7|0|1024|1024|375|566|629
THREAD|66|2|16730|9973|10563|AppSearch_Index|0.000|0.0|0.000|0|3|3|0-7|0|1024|1024|13150|20688|240
THREAD|66|3|16730|9940|10563|AppSearch_Index|0.000|0.0|0.000|0|2|2|0-7|0|1024|1024|13115|20690|232
THREAD|66|4|26538|9612|10195|binder:26538_8|0.000|0.0|0.000|0|3|3|0-7|0|1024|1024|3404|6506|3317
THREAD|66|5|26538|9470|10195|binder:26538_B|0.000|0.0|0.000|0|6|6|0-7|0|1024|1024|2531|4304|2105
THREAD|66|6|10622|8513|10201|ExoPlayer:Playb|0.000|0.0|0.000|0|4|4|0-7|0|1024|1024|6463|10331|51
THREAD|66|7|10622|8509|10201|ExoPlayer:Playb|0.000|0.0|0.000|0|1|1|0-7|0|1024|1024|6331|10327|49
THREAD|66|8|26538|8364|10195|IMM.binder-emu|0.000|0.0|0.000|0|2|2|0-7|0|1024|1024|15737|23850|1039
THREAD|66|9|26538|8336|10195|Primes-Jank|0.000|0.0|0.000|0|4|4|0-7|0|1024|1024|16074|23866|1131
THREAD|66|10|16730|8119|10563|AppSearch_Index|0.000|0.0|0.000|0|3|3|0-7|0|1024|1024|13165|20704|245
WINDOW|seq=67|t_cs=16277409|wall_ms=270|threads=263|busy_threads=1|total_runtime_ms=123.841|total_runq_wait_ms=0.252|tgids=5032,10622,16730,20685,26538
THREAD|67|1|20685|20685|10999|sh|123.841|45.8|0.252|11|1|4|0-7|0|1024|1024|375|573|630
THREAD|67|2|16730|9973|10563|AppSearch_Index|0.000|0.0|0.000|0|3|3|0-7|0|1024|1024|13150|20688|240
THREAD|67|3|16730|9940|10563|AppSearch_Index|0.000|0.0|0.000|0|2|2|0-7|0|1024|1024|13115|20690|232
THREAD|67|4|26538|9612|10195|binder:26538_8|0.000|0.0|0.000|0|3|3|0-7|0|1024|1024|3404|6506|3317
THREAD|67|5|26538|9470|10195|binder:26538_B|0.000|0.0|0.000|0|6|6|0-7|0|1024|1024|2531|4304|2105
THREAD|67|6|10622|8513|10201|ExoPlayer:Playb|0.000|0.0|0.000|0|4|4|0-7|0|1024|1024|6463|10331|51
THREAD|67|7|10622|8509|10201|ExoPlayer:Playb|0.000|0.0|0.000|0|1|1|0-7|0|1024|1024|6331|10327|49
THREAD|67|8|26538|8364|10195|IMM.binder-emu|0.000|0.0|0.000|0|2|2|0-7|0|1024|1024|15737|23850|1039
THREAD|67|9|26538|8336|10195|Primes-Jank|0.000|0.0|0.000|0|4|4|0-7|0|1024|1024|16074|23866|1131
THREAD|67|10|16730|8119|10563|AppSearch_Index|0.000|0.0|0.000|0|3|3|0-7|0|1024|1024|13165|20704|245
WINDOW|seq=68|t_cs=16277434|wall_ms=250|threads=263|busy_threads=1|total_runtime_ms=111.030|total_runq_wait_ms=3.131|tgids=5032,10622,16730,20685,26538
THREAD|68|1|20685|20685|10999|sh|111.030|44.4|3.131|24|4|5|0-7|0|1024|1024|382|580|648
THREAD|68|2|16730|9973|10563|AppSearch_Index|0.000|0.0|0.000|0|3|3|0-7|0|1024|1024|13150|20688|240
THREAD|68|3|16730|9940|10563|AppSearch_Index|0.000|0.0|0.000|0|2|2|0-7|0|1024|1024|13115|20690|232
THREAD|68|4|26538|9612|10195|binder:26538_8|0.000|0.0|0.000|0|3|3|0-7|0|1024|1024|3404|6506|3317
THREAD|68|5|26538|9470|10195|binder:26538_B|0.000|0.0|0.000|0|6|6|0-7|0|1024|1024|2531|4304|2105
THREAD|68|6|10622|8513|10201|ExoPlayer:Playb|0.000|0.0|0.000|0|4|4|0-7|0|1024|1024|6463|10331|51
THREAD|68|7|10622|8509|10201|ExoPlayer:Playb|0.000|0.0|0.000|0|1|1|0-7|0|1024|1024|6331|10327|49
THREAD|68|8|26538|8364|10195|IMM.binder-emu|0.000|0.0|0.000|0|2|2|0-7|0|1024|1024|15737|23850|1039
THREAD|68|9|26538|8336|10195|Primes-Jank|0.000|0.0|0.000|0|4|4|0-7|0|1024|1024|16074|23866|1131
THREAD|68|10|16730|8119|10563|AppSearch_Index|0.000|0.0|0.000|0|3|3|0-7|0|1024|1024|13165|20704|245
WINDOW|seq=69|t_cs=16277460|wall_ms=260|threads=263|busy_threads=1|total_runtime_ms=135.661|total_runq_wait_ms=0.469|tgids=5032,10622,16730,20685,26538
THREAD|69|1|20685|20685|10999|sh|135.661|52.1|0.469|15|5|1|0-7|0|1024|1024|389|587|659
THREAD|69|2|16730|9973|10563|AppSearch_Index|0.000|0.0|0.000|0|3|3|0-7|0|1024|1024|13150|20688|240
THREAD|69|3|16730|9940|10563|AppSearch_Index|0.000|0.0|0.000|0|2|2|0-7|0|1024|1024|13115|20690|232
THREAD|69|4|26538|9612|10195|binder:26538_8|0.000|0.0|0.000|0|3|3|0-7|0|1024|1024|3404|6506|3317
THREAD|69|5|26538|9470|10195|binder:26538_B|0.000|0.0|0.000|0|6|6|0-7|0|1024|1024|2531|4304|2105
THREAD|69|6|10622|8513|10201|ExoPlayer:Playb|0.000|0.0|0.000|0|4|4|0-7|0|1024|1024|6463|10331|51
THREAD|69|7|10622|8509|10201|ExoPlayer:Playb|0.000|0.0|0.000|0|1|1|0-7|0|1024|1024|6331|10327|49
THREAD|69|8|26538|8364|10195|IMM.binder-emu|0.000|0.0|0.000|0|2|2|0-7|0|1024|1024|15737|23850|1039
THREAD|69|9|26538|8336|10195|Primes-Jank|0.000|0.0|0.000|0|4|4|0-7|0|1024|1024|16074|23866|1131
THREAD|69|10|16730|8119|10563|AppSearch_Index|0.000|0.0|0.000|0|3|3|0-7|0|1024|1024|13165|20704|245
WINDOW|seq=70|t_cs=16277486|wall_ms=260|threads=263|busy_threads=1|total_runtime_ms=111.564|total_runq_wait_ms=0.869|tgids=5032,10622,16730,20685,26538
THREAD|70|1|20685|20685|10999|sh|111.564|42.9|0.869|21|1|4|0-7|0|1024|1024|396|593|671
THREAD|70|2|16730|9973|10563|AppSearch_Index|0.000|0.0|0.000|0|3|3|0-7|0|1024|1024|13150|20688|240
THREAD|70|3|16730|9940|10563|AppSearch_Index|0.000|0.0|0.000|0|2|2|0-7|0|1024|1024|13115|20690|232
THREAD|70|4|26538|9612|10195|binder:26538_8|0.000|0.0|0.000|0|3|3|0-7|0|1024|1024|3404|6506|3317
THREAD|70|5|26538|9470|10195|binder:26538_B|0.000|0.0|0.000|0|6|6|0-7|0|1024|1024|2531|4304|2105
THREAD|70|6|10622|8513|10201|ExoPlayer:Playb|0.000|0.0|0.000|0|4|4|0-7|0|1024|1024|6463|10331|51
THREAD|70|7|10622|8509|10201|ExoPlayer:Playb|0.000|0.0|0.000|0|1|1|0-7|0|1024|1024|6331|10327|49
THREAD|70|8|26538|8364|10195|IMM.binder-emu|0.000|0.0|0.000|0|2|2|0-7|0|1024|1024|15737|23850|1039
THREAD|70|9|26538|8336|10195|Primes-Jank|0.000|0.0|0.000|0|4|4|0-7|0|1024|1024|16074|23866|1131
THREAD|70|10|16730|8119|10563|AppSearch_Index|0.000|0.0|0.000|0|3|3|0-7|0|1024|1024|13165|20704|245
WINDOW|seq=71|t_cs=16277513|wall_ms=270|threads=263|busy_threads=1|total_runtime_ms=125.778|total_runq_wait_ms=0.380|tgids=5032,10622,16730,20685,26538
THREAD|71|1|20685|20685|10999|sh|125.778|46.5|0.380|12|4|4|0-7|0|1024|1024|405|600|675
THREAD|71|2|16730|9973|10563|AppSearch_Index|0.000|0.0|0.000|0|3|3|0-7|0|1024|1024|13150|20688|240
THREAD|71|3|16730|9940|10563|AppSearch_Index|0.000|0.0|0.000|0|2|2|0-7|0|1024|1024|13115|20690|232
THREAD|71|4|26538|9612|10195|binder:26538_8|0.000|0.0|0.000|0|3|3|0-7|0|1024|1024|3404|6506|3317
THREAD|71|5|26538|9470|10195|binder:26538_B|0.000|0.0|0.000|0|6|6|0-7|0|1024|1024|2531|4304|2105
THREAD|71|6|10622|8513|10201|ExoPlayer:Playb|0.000|0.0|0.000|0|4|4|0-7|0|1024|1024|6463|10331|51
THREAD|71|7|10622|8509|10201|ExoPlayer:Playb|0.000|0.0|0.000|0|1|1|0-7|0|1024|1024|6331|10327|49
THREAD|71|8|26538|8364|10195|IMM.binder-emu|0.000|0.0|0.000|0|2|2|0-7|0|1024|1024|15737|23850|1039
THREAD|71|9|26538|8336|10195|Primes-Jank|0.000|0.0|0.000|0|4|4|0-7|0|1024|1024|16074|23866|1131
THREAD|71|10|16730|8119|10563|AppSearch_Index|0.000|0.0|0.000|0|3|3|0-7|0|1024|1024|13165|20704|245
WINDOW|seq=72|t_cs=16277539|wall_ms=260|threads=263|busy_threads=1|total_runtime_ms=97.727|total_runq_wait_ms=0.267|tgids=5032,10622,16730,20685,26538
THREAD|72|1|20685|20685|10999|sh|97.727|37.5|0.267|11|4|5|0-7|0|1024|1024|408|609|681
THREAD|72|2|16730|9973|10563|AppSearch_Index|0.000|0.0|0.000|0|3|3|0-7|0|1024|1024|13150|20688|240
THREAD|72|3|16730|9940|10563|AppSearch_Index|0.000|0.0|0.000|0|2|2|0-7|0|1024|1024|13115|20690|232
THREAD|72|4|26538|9612|10195|binder:26538_8|0.000|0.0|0.000|0|3|3|0-7|0|1024|1024|3404|6506|3317
THREAD|72|5|26538|9470|10195|binder:26538_B|0.000|0.0|0.000|0|6|6|0-7|0|1024|1024|2531|4304|2105
THREAD|72|6|10622|8513|10201|ExoPlayer:Playb|0.000|0.0|0.000|0|4|4|0-7|0|1024|1024|6463|10331|51
THREAD|72|7|10622|8509|10201|ExoPlayer:Playb|0.000|0.0|0.000|0|1|1|0-7|0|1024|1024|6331|10327|49
THREAD|72|8|26538|8364|10195|IMM.binder-emu|0.000|0.0|0.000|0|2|2|0-7|0|1024|1024|15737|23850|1039
THREAD|72|9|26538|8336|10195|Primes-Jank|0.000|0.0|0.000|0|4|4|0-7|0|1024|1024|16074|23866|1131
THREAD|72|10|16730|8119|10563|AppSearch_Index|0.000|0.0|0.000|0|3|3|0-7|0|1024|1024|13165|20704|245
WINDOW|seq=73|t_cs=16277564|wall_ms=250|threads=263|busy_threads=1|total_runtime_ms=93.467|total_runq_wait_ms=0.357|tgids=5032,10622,16730,20685,26538
THREAD|73|1|20685|20685|10999|sh|93.467|37.3|0.357|23|5|1|0-7|0|1024|1024|413|617|693
THREAD|73|2|16730|9973|10563|AppSearch_Index|0.000|0.0|0.000|0|3|3|0-7|0|1024|1024|13150|20688|240
THREAD|73|3|16730|9940|10563|AppSearch_Index|0.000|0.0|0.000|0|2|2|0-7|0|1024|1024|13115|20690|232
THREAD|73|4|26538|9612|10195|binder:26538_8|0.000|0.0|0.000|0|3|3|0-7|0|1024|1024|3404|6506|3317
THREAD|73|5|26538|9470|10195|binder:26538_B|0.000|0.0|0.000|0|6|6|0-7|0|1024|1024|2531|4304|2105
THREAD|73|6|10622|8513|10201|ExoPlayer:Playb|0.000|0.0|0.000|0|4|4|0-7|0|1024|1024|6463|10331|51
THREAD|73|7|10622|8509|10201|ExoPlayer:Playb|0.000|0.0|0.000|0|1|1|0-7|0|1024|1024|6331|10327|49
THREAD|73|8|26538|8364|10195|IMM.binder-emu|0.000|0.0|0.000|0|2|2|0-7|0|1024|1024|15737|23850|1039
THREAD|73|9|26538|8336|10195|Primes-Jank|0.000|0.0|0.000|0|4|4|0-7|0|1024|1024|16074|23866|1131
THREAD|73|10|16730|8119|10563|AppSearch_Index|0.000|0.0|0.000|0|3|3|0-7|0|1024|1024|13165|20704|245
WINDOW|seq=74|t_cs=16277590|wall_ms=260|threads=263|busy_threads=1|total_runtime_ms=88.914|total_runq_wait_ms=0.264|tgids=5032,10622,16730,20685,26538
THREAD|74|1|20685|20685|10999|sh|88.914|34.1|0.264|13|1|5|0-7|0|1024|1024|417|624|701
THREAD|74|2|16730|9973|10563|AppSearch_Index|0.000|0.0|0.000|0|3|3|0-7|0|1024|1024|13150|20688|240
THREAD|74|3|16730|9940|10563|AppSearch_Index|0.000|0.0|0.000|0|2|2|0-7|0|1024|1024|13115|20690|232
THREAD|74|4|26538|9612|10195|binder:26538_8|0.000|0.0|0.000|0|3|3|0-7|0|1024|1024|3404|6506|3317
THREAD|74|5|26538|9470|10195|binder:26538_B|0.000|0.0|0.000|0|6|6|0-7|0|1024|1024|2531|4304|2105
THREAD|74|6|10622|8513|10201|ExoPlayer:Playb|0.000|0.0|0.000|0|4|4|0-7|0|1024|1024|6463|10331|51
THREAD|74|7|10622|8509|10201|ExoPlayer:Playb|0.000|0.0|0.000|0|1|1|0-7|0|1024|1024|6331|10327|49
THREAD|74|8|26538|8364|10195|IMM.binder-emu|0.000|0.0|0.000|0|2|2|0-7|0|1024|1024|15737|23850|1039
THREAD|74|9|26538|8336|10195|Primes-Jank|0.000|0.0|0.000|0|4|4|0-7|0|1024|1024|16074|23866|1131
THREAD|74|10|16730|8119|10563|AppSearch_Index|0.000|0.0|0.000|0|3|3|0-7|0|1024|1024|13165|20704|245
WINDOW|seq=75|t_cs=16277617|wall_ms=270|threads=263|busy_threads=1|total_runtime_ms=127.548|total_runq_wait_ms=0.535|tgids=5032,10622,16730,20685,26538
THREAD|75|1|20685|20685|10999|sh|127.548|47.2|0.535|14|5|4|0-7|0|1024|1024|420|631|706
THREAD|75|2|16730|9973|10563|AppSearch_Index|0.000|0.0|0.000|0|3|3|0-7|0|1024|1024|13150|20688|240
THREAD|75|3|16730|9940|10563|AppSearch_Index|0.000|0.0|0.000|0|2|2|0-7|0|1024|1024|13115|20690|232
THREAD|75|4|26538|9612|10195|binder:26538_8|0.000|0.0|0.000|0|3|3|0-7|0|1024|1024|3404|6506|3317
THREAD|75|5|26538|9470|10195|binder:26538_B|0.000|0.0|0.000|0|6|6|0-7|0|1024|1024|2531|4304|2105
THREAD|75|6|10622|8513|10201|ExoPlayer:Playb|0.000|0.0|0.000|0|4|4|0-7|0|1024|1024|6463|10331|51
THREAD|75|7|10622|8509|10201|ExoPlayer:Playb|0.000|0.0|0.000|0|1|1|0-7|0|1024|1024|6331|10327|49
THREAD|75|8|26538|8364|10195|IMM.binder-emu|0.000|0.0|0.000|0|2|2|0-7|0|1024|1024|15737|23850|1039
THREAD|75|9|26538|8336|10195|Primes-Jank|0.000|0.0|0.000|0|4|4|0-7|0|1024|1024|16074|23866|1131
THREAD|75|10|16730|8119|10563|AppSearch_Index|0.000|0.0|0.000|0|3|3|0-7|0|1024|1024|13165|20704|245
WINDOW|seq=76|t_cs=16277643|wall_ms=260|threads=263|busy_threads=1|total_runtime_ms=94.009|total_runq_wait_ms=0.081|tgids=5032,10622,16730,20685,26538
THREAD|76|1|20685|20685|10999|sh|94.009|36.1|0.081|11|4|1|0-7|0|1024|1024|422|640|712
THREAD|76|2|16730|9973|10563|AppSearch_Index|0.000|0.0|0.000|0|3|3|0-7|0|1024|1024|13150|20688|240
THREAD|76|3|16730|9940|10563|AppSearch_Index|0.000|0.0|0.000|0|2|2|0-7|0|1024|1024|13115|20690|232
THREAD|76|4|26538|9612|10195|binder:26538_8|0.000|0.0|0.000|0|3|3|0-7|0|1024|1024|3404|6506|3317
THREAD|76|5|26538|9470|10195|binder:26538_B|0.000|0.0|0.000|0|6|6|0-7|0|1024|1024|2531|4304|2105
THREAD|76|6|10622|8513|10201|ExoPlayer:Playb|0.000|0.0|0.000|0|4|4|0-7|0|1024|1024|6463|10331|51
THREAD|76|7|10622|8509|10201|ExoPlayer:Playb|0.000|0.0|0.000|0|1|1|0-7|0|1024|1024|6331|10327|49
THREAD|76|8|26538|8364|10195|IMM.binder-emu|0.000|0.0|0.000|0|2|2|0-7|0|1024|1024|15737|23850|1039
THREAD|76|9|26538|8336|10195|Primes-Jank|0.000|0.0|0.000|0|4|4|0-7|0|1024|1024|16074|23866|1131
THREAD|76|10|16730|8119|10563|AppSearch_Index|0.000|0.0|0.000|0|3|3|0-7|0|1024|1024|13165|20704|245
WINDOW|seq=77|t_cs=16277668|wall_ms=250|threads=263|busy_threads=1|total_runtime_ms=96.759|total_runq_wait_ms=2.534|tgids=5032,10622,16730,20685,26538
THREAD|77|1|20685|20685|10999|sh|96.759|38.7|2.534|13|1|1|0-7|0|1024|1024|424|647|716
THREAD|77|2|16730|9973|10563|AppSearch_Index|0.000|0.0|0.000|0|3|3|0-7|0|1024|1024|13150|20688|240
THREAD|77|3|16730|9940|10563|AppSearch_Index|0.000|0.0|0.000|0|2|2|0-7|0|1024|1024|13115|20690|232
THREAD|77|4|26538|9612|10195|binder:26538_8|0.000|0.0|0.000|0|3|3|0-7|0|1024|1024|3404|6506|3317
THREAD|77|5|26538|9470|10195|binder:26538_B|0.000|0.0|0.000|0|6|6|0-7|0|1024|1024|2531|4304|2105
THREAD|77|6|10622|8513|10201|ExoPlayer:Playb|0.000|0.0|0.000|0|4|4|0-7|0|1024|1024|6463|10331|51
THREAD|77|7|10622|8509|10201|ExoPlayer:Playb|0.000|0.0|0.000|0|1|1|0-7|0|1024|1024|6331|10327|49
THREAD|77|8|26538|8364|10195|IMM.binder-emu|0.000|0.0|0.000|0|2|2|0-7|0|1024|1024|15737|23850|1039
THREAD|77|9|26538|8336|10195|Primes-Jank|0.000|0.0|0.000|0|4|4|0-7|0|1024|1024|16074|23866|1131
THREAD|77|10|16730|8119|10563|AppSearch_Index|0.000|0.0|0.000|0|3|3|0-7|0|1024|1024|13165|20704|245
WINDOW|seq=78|t_cs=16277695|wall_ms=270|threads=263|busy_threads=1|total_runtime_ms=118.112|total_runq_wait_ms=0.366|tgids=5032,10622,16730,20685,26538
THREAD|78|1|20685|20685|10999|sh|118.112|43.7|0.366|17|1|1|0-7|0|1024|1024|435|654|726
THREAD|78|2|16730|9973|10563|AppSearch_Index|0.000|0.0|0.000|0|3|3|0-7|0|1024|1024|13150|20688|240
THREAD|78|3|16730|9940|10563|AppSearch_Index|0.000|0.0|0.000|0|2|2|0-7|0|1024|1024|13115|20690|232
THREAD|78|4|26538|9612|10195|binder:26538_8|0.000|0.0|0.000|0|3|3|0-7|0|1024|1024|3404|6506|3317
THREAD|78|5|26538|9470|10195|binder:26538_B|0.000|0.0|0.000|0|6|6|0-7|0|1024|1024|2531|4304|2105
THREAD|78|6|10622|8513|10201|ExoPlayer:Playb|0.000|0.0|0.000|0|4|4|0-7|0|1024|1024|6463|10331|51
THREAD|78|7|10622|8509|10201|ExoPlayer:Playb|0.000|0.0|0.000|0|1|1|0-7|0|1024|1024|6331|10327|49
THREAD|78|8|26538|8364|10195|IMM.binder-emu|0.000|0.0|0.000|0|2|2|0-7|0|1024|1024|15737|23850|1039
THREAD|78|9|26538|8336|10195|Primes-Jank|0.000|0.0|0.000|0|4|4|0-7|0|1024|1024|16074|23866|1131
THREAD|78|10|16730|8119|10563|AppSearch_Index|0.000|0.0|0.000|0|3|3|0-7|0|1024|1024|13165|20704|245
WINDOW|seq=79|t_cs=16277720|wall_ms=250|threads=263|busy_threads=1|total_runtime_ms=105.322|total_runq_wait_ms=0.097|tgids=5032,10622,16730,20685,26538
THREAD|79|1|20685|20685|10999|sh|105.322|42.1|0.097|14|1|5|0-7|0|1024|1024|437|661|730
THREAD|79|2|16730|9973|10563|AppSearch_Index|0.000|0.0|0.000|0|3|3|0-7|0|1024|1024|13150|20688|240
THREAD|79|3|16730|9940|10563|AppSearch_Index|0.000|0.0|0.000|0|2|2|0-7|0|1024|1024|13115|20690|232
THREAD|79|4|26538|9612|10195|binder:26538_8|0.000|0.0|0.000|0|3|3|0-7|0|1024|1024|3404|6506|3317
THREAD|79|5|26538|9470|10195|binder:26538_B|0.000|0.0|0.000|0|6|6|0-7|0|1024|1024|2531|4304|2105
THREAD|79|6|10622|8513|10201|ExoPlayer:Playb|0.000|0.0|0.000|0|4|4|0-7|0|1024|1024|6463|10331|51
THREAD|79|7|10622|8509|10201|ExoPlayer:Playb|0.000|0.0|0.000|0|1|1|0-7|0|1024|1024|6331|10327|49
THREAD|79|8|26538|8364|10195|IMM.binder-emu|0.000|0.0|0.000|0|2|2|0-7|0|1024|1024|15737|23850|1039
THREAD|79|9|26538|8336|10195|Primes-Jank|0.000|0.0|0.000|0|4|4|0-7|0|1024|1024|16074|23866|1131
THREAD|79|10|16730|8119|10563|AppSearch_Index|0.000|0.0|0.000|0|3|3|0-7|0|1024|1024|13165|20704|245
WINDOW|seq=80|t_cs=16277746|wall_ms=260|threads=263|busy_threads=1|total_runtime_ms=125.202|total_runq_wait_ms=0.049|tgids=5032,10622,16730,20685,26538
THREAD|80|1|20685|20685|10999|sh|125.202|48.1|0.049|7|5|5|0-7|0|1024|1024|439|669|734
THREAD|80|2|16730|9973|10563|AppSearch_Index|0.000|0.0|0.000|0|3|3|0-7|0|1024|1024|13150|20688|240
THREAD|80|3|16730|9940|10563|AppSearch_Index|0.000|0.0|0.000|0|2|2|0-7|0|1024|1024|13115|20690|232
THREAD|80|4|26538|9612|10195|binder:26538_8|0.000|0.0|0.000|0|3|3|0-7|0|1024|1024|3404|6506|3317
THREAD|80|5|26538|9470|10195|binder:26538_B|0.000|0.0|0.000|0|6|6|0-7|0|1024|1024|2531|4304|2105
THREAD|80|6|10622|8513|10201|ExoPlayer:Playb|0.000|0.0|0.000|0|4|4|0-7|0|1024|1024|6463|10331|51
THREAD|80|7|10622|8509|10201|ExoPlayer:Playb|0.000|0.0|0.000|0|1|1|0-7|0|1024|1024|6331|10327|49
THREAD|80|8|26538|8364|10195|IMM.binder-emu|0.000|0.0|0.000|0|2|2|0-7|0|1024|1024|15737|23850|1039
THREAD|80|9|26538|8336|10195|Primes-Jank|0.000|0.0|0.000|0|4|4|0-7|0|1024|1024|16074|23866|1131
THREAD|80|10|16730|8119|10563|AppSearch_Index|0.000|0.0|0.000|0|3|3|0-7|0|1024|1024|13165|20704|245
WINDOW|seq=81|t_cs=16277772|wall_ms=260|threads=263|busy_threads=1|total_runtime_ms=92.918|total_runq_wait_ms=0.519|tgids=5032,10622,16730,20685,26538
THREAD|81|1|20685|20685|10999|sh|92.918|35.7|0.519|14|5|4|0-7|0|1024|1024|442|677|740
THREAD|81|2|16730|9973|10563|AppSearch_Index|0.000|0.0|0.000|0|3|3|0-7|0|1024|1024|13150|20688|240
THREAD|81|3|16730|9940|10563|AppSearch_Index|0.000|0.0|0.000|0|2|2|0-7|0|1024|1024|13115|20690|232
THREAD|81|4|26538|9612|10195|binder:26538_8|0.000|0.0|0.000|0|3|3|0-7|0|1024|1024|3404|6506|3317
THREAD|81|5|26538|9470|10195|binder:26538_B|0.000|0.0|0.000|0|6|6|0-7|0|1024|1024|2531|4304|2105
THREAD|81|6|10622|8513|10201|ExoPlayer:Playb|0.000|0.0|0.000|0|4|4|0-7|0|1024|1024|6463|10331|51
THREAD|81|7|10622|8509|10201|ExoPlayer:Playb|0.000|0.0|0.000|0|1|1|0-7|0|1024|1024|6331|10327|49
THREAD|81|8|26538|8364|10195|IMM.binder-emu|0.000|0.0|0.000|0|2|2|0-7|0|1024|1024|15737|23850|1039
THREAD|81|9|26538|8336|10195|Primes-Jank|0.000|0.0|0.000|0|4|4|0-7|0|1024|1024|16074|23866|1131
THREAD|81|10|16730|8119|10563|AppSearch_Index|0.000|0.0|0.000|0|3|3|0-7|0|1024|1024|13165|20704|245
WINDOW|seq=82|t_cs=16277799|wall_ms=270|threads=263|busy_threads=1|total_runtime_ms=122.698|total_runq_wait_ms=2.678|tgids=5032,10622,16730,20685,26538
THREAD|82|1|20685|20685|10999|sh|122.698|45.4|2.678|12|4|5|0-7|0|1024|1024|444|683|743
THREAD|82|2|16730|9973|10563|AppSearch_Index|0.000|0.0|0.000|0|3|3|0-7|0|1024|1024|13150|20688|240
THREAD|82|3|16730|9940|10563|AppSearch_Index|0.000|0.0|0.000|0|2|2|0-7|0|1024|1024|13115|20690|232
THREAD|82|4|26538|9612|10195|binder:26538_8|0.000|0.0|0.000|0|3|3|0-7|0|1024|1024|3404|6506|3317
THREAD|82|5|26538|9470|10195|binder:26538_B|0.000|0.0|0.000|0|6|6|0-7|0|1024|1024|2531|4304|2105
THREAD|82|6|10622|8513|10201|ExoPlayer:Playb|0.000|0.0|0.000|0|4|4|0-7|0|1024|1024|6463|10331|51
THREAD|82|7|10622|8509|10201|ExoPlayer:Playb|0.000|0.0|0.000|0|1|1|0-7|0|1024|1024|6331|10327|49
THREAD|82|8|26538|8364|10195|IMM.binder-emu|0.000|0.0|0.000|0|2|2|0-7|0|1024|1024|15737|23850|1039
THREAD|82|9|26538|8336|10195|Primes-Jank|0.000|0.0|0.000|0|4|4|0-7|0|1024|1024|16074|23866|1131
THREAD|82|10|16730|8119|10563|AppSearch_Index|0.000|0.0|0.000|0|3|3|0-7|0|1024|1024|13165|20704|245
WINDOW|seq=83|t_cs=16277825|wall_ms=260|threads=263|busy_threads=1|total_runtime_ms=137.512|total_runq_wait_ms=0.307|tgids=5032,10622,16730,20685,26538
THREAD|83|1|20685|20685|10999|sh|137.512|52.8|0.307|15|5|1|0-7|0|1024|1024|450|690|752
THREAD|83|2|16730|9973|10563|AppSearch_Index|0.000|0.0|0.000|0|3|3|0-7|0|1024|1024|13150|20688|240
THREAD|83|3|16730|9940|10563|AppSearch_Index|0.000|0.0|0.000|0|2|2|0-7|0|1024|1024|13115|20690|232
THREAD|83|4|26538|9612|10195|binder:26538_8|0.000|0.0|0.000|0|3|3|0-7|0|1024|1024|3404|6506|3317
THREAD|83|5|26538|9470|10195|binder:26538_B|0.000|0.0|0.000|0|6|6|0-7|0|1024|1024|2531|4304|2105
THREAD|83|6|10622|8513|10201|ExoPlayer:Playb|0.000|0.0|0.000|0|4|4|0-7|0|1024|1024|6463|10331|51
THREAD|83|7|10622|8509|10201|ExoPlayer:Playb|0.000|0.0|0.000|0|1|1|0-7|0|1024|1024|6331|10327|49
THREAD|83|8|26538|8364|10195|IMM.binder-emu|0.000|0.0|0.000|0|2|2|0-7|0|1024|1024|15737|23850|1039
THREAD|83|9|26538|8336|10195|Primes-Jank|0.000|0.0|0.000|0|4|4|0-7|0|1024|1024|16074|23866|1131
THREAD|83|10|16730|8119|10563|AppSearch_Index|0.000|0.0|0.000|0|3|3|0-7|0|1024|1024|13165|20704|245
WINDOW|seq=84|t_cs=16277849|wall_ms=240|threads=263|busy_threads=1|total_runtime_ms=105.455|total_runq_wait_ms=1.495|tgids=5032,10622,16730,20685,26538
THREAD|84|1|20685|20685|10999|sh|105.455|43.9|1.495|19|1|4|0-7|0|1024|1024|453|696|763
THREAD|84|2|16730|9973|10563|AppSearch_Index|0.000|0.0|0.000|0|3|3|0-7|0|1024|1024|13150|20688|240
THREAD|84|3|16730|9940|10563|AppSearch_Index|0.000|0.0|0.000|0|2|2|0-7|0|1024|1024|13115|20690|232
THREAD|84|4|26538|9612|10195|binder:26538_8|0.000|0.0|0.000|0|3|3|0-7|0|1024|1024|3404|6506|3317
THREAD|84|5|26538|9470|10195|binder:26538_B|0.000|0.0|0.000|0|6|6|0-7|0|1024|1024|2531|4304|2105
THREAD|84|6|10622|8513|10201|ExoPlayer:Playb|0.000|0.0|0.000|0|4|4|0-7|0|1024|1024|6463|10331|51
THREAD|84|7|10622|8509|10201|ExoPlayer:Playb|0.000|0.0|0.000|0|1|1|0-7|0|1024|1024|6331|10327|49
THREAD|84|8|26538|8364|10195|IMM.binder-emu|0.000|0.0|0.000|0|2|2|0-7|0|1024|1024|15737|23850|1039
THREAD|84|9|26538|8336|10195|Primes-Jank|0.000|0.0|0.000|0|4|4|0-7|0|1024|1024|16074|23866|1131
THREAD|84|10|16730|8119|10563|AppSearch_Index|0.000|0.0|0.000|0|3|3|0-7|0|1024|1024|13165|20704|245
WINDOW|seq=85|t_cs=16277876|wall_ms=270|threads=263|busy_threads=1|total_runtime_ms=121.121|total_runq_wait_ms=0.067|tgids=5032,10622,16730,20685,26538
THREAD|85|1|20685|20685|10999|sh|121.121|44.8|0.067|10|4|1|0-7|0|1024|1024|458|703|772
THREAD|85|2|16730|9973|10563|AppSearch_Index|0.000|0.0|0.000|0|3|3|0-7|0|1024|1024|13150|20688|240
THREAD|85|3|16730|9940|10563|AppSearch_Index|0.000|0.0|0.000|0|2|2|0-7|0|1024|1024|13115|20690|232
THREAD|85|4|26538|9612|10195|binder:26538_8|0.000|0.0|0.000|0|3|3|0-7|0|1024|1024|3404|6506|3317
THREAD|85|5|26538|9470|10195|binder:26538_B|0.000|0.0|0.000|0|6|6|0-7|0|1024|1024|2531|4304|2105
THREAD|85|6|10622|8513|10201|ExoPlayer:Playb|0.000|0.0|0.000|0|4|4|0-7|0|1024|1024|6463|10331|51
THREAD|85|7|10622|8509|10201|ExoPlayer:Playb|0.000|0.0|0.000|0|1|1|0-7|0|1024|1024|6331|10327|49
THREAD|85|8|26538|8364|10195|IMM.binder-emu|0.000|0.0|0.000|0|2|2|0-7|0|1024|1024|15737|23850|1039
THREAD|85|9|26538|8336|10195|Primes-Jank|0.000|0.0|0.000|0|4|4|0-7|0|1024|1024|16074|23866|1131
THREAD|85|10|16730|8119|10563|AppSearch_Index|0.000|0.0|0.000|0|3|3|0-7|0|1024|1024|13165|20704|245
WINDOW|seq=86|t_cs=16277903|wall_ms=270|threads=263|busy_threads=1|total_runtime_ms=130.299|total_runq_wait_ms=0.473|tgids=5032,10622,16730,20685,26538
THREAD|86|1|20685|20685|10999|sh|130.299|48.2|0.473|16|1|4|0-7|0|1024|1024|460|710|780
THREAD|86|2|16730|9973|10563|AppSearch_Index|0.000|0.0|0.000|0|3|3|0-7|0|1024|1024|13150|20688|240
THREAD|86|3|16730|9940|10563|AppSearch_Index|0.000|0.0|0.000|0|2|2|0-7|0|1024|1024|13115|20690|232
THREAD|86|4|26538|9612|10195|binder:26538_8|0.000|0.0|0.000|0|3|3|0-7|0|1024|1024|3404|6506|3317
THREAD|86|5|26538|9470|10195|binder:26538_B|0.000|0.0|0.000|0|6|6|0-7|0|1024|1024|2531|4304|2105
THREAD|86|6|10622|8513|10201|ExoPlayer:Playb|0.000|0.0|0.000|0|4|4|0-7|0|1024|1024|6463|10331|51
THREAD|86|7|10622|8509|10201|ExoPlayer:Playb|0.000|0.0|0.000|0|1|1|0-7|0|1024|1024|6331|10327|49
THREAD|86|8|26538|8364|10195|IMM.binder-emu|0.000|0.0|0.000|0|2|2|0-7|0|1024|1024|15737|23850|1039
THREAD|86|9|26538|8336|10195|Primes-Jank|0.000|0.0|0.000|0|4|4|0-7|0|1024|1024|16074|23866|1131
THREAD|86|10|16730|8119|10563|AppSearch_Index|0.000|0.0|0.000|0|3|3|0-7|0|1024|1024|13165|20704|245
WINDOW|seq=87|t_cs=16277929|wall_ms=260|threads=263|busy_threads=1|total_runtime_ms=124.413|total_runq_wait_ms=0.737|tgids=5032,10622,16730,20685,26538
THREAD|87|1|20685|20685|10999|sh|124.413|47.8|0.737|15|4|5|0-7|0|1024|1024|464|716|783
THREAD|87|2|16730|9973|10563|AppSearch_Index|0.000|0.0|0.000|0|3|3|0-7|0|1024|1024|13150|20688|240
THREAD|87|3|16730|9940|10563|AppSearch_Index|0.000|0.0|0.000|0|2|2|0-7|0|1024|1024|13115|20690|232
THREAD|87|4|26538|9612|10195|binder:26538_8|0.000|0.0|0.000|0|3|3|0-7|0|1024|1024|3404|6506|3317
THREAD|87|5|26538|9470|10195|binder:26538_B|0.000|0.0|0.000|0|6|6|0-7|0|1024|1024|2531|4304|2105
THREAD|87|6|10622|8513|10201|ExoPlayer:Playb|0.000|0.0|0.000|0|4|4|0-7|0|1024|1024|6463|10331|51
THREAD|87|7|10622|8509|10201|ExoPlayer:Playb|0.000|0.0|0.000|0|1|1|0-7|0|1024|1024|6331|10327|49
THREAD|87|8|26538|8364|10195|IMM.binder-emu|0.000|0.0|0.000|0|2|2|0-7|0|1024|1024|15737|23850|1039
THREAD|87|9|26538|8336|10195|Primes-Jank|0.000|0.0|0.000|0|4|4|0-7|0|1024|1024|16074|23866|1131
THREAD|87|10|16730|8119|10563|AppSearch_Index|0.000|0.0|0.000|0|3|3|0-7|0|1024|1024|13165|20704|245
WINDOW|seq=88|t_cs=16277955|wall_ms=260|threads=263|busy_threads=1|total_runtime_ms=93.988|total_runq_wait_ms=0.946|tgids=5032,10622,16730,20685,26538
THREAD|88|1|20685|20685|10999|sh|93.988|36.1|0.946|17|5|5|0-7|0|1024|1024|470|725|793
THREAD|88|2|16730|9973|10563|AppSearch_Index|0.000|0.0|0.000|0|3|3|0-7|0|1024|1024|13150|20688|240
THREAD|88|3|16730|9940|10563|AppSearch_Index|0.000|0.0|0.000|0|2|2|0-7|0|1024|1024|13115|20690|232
THREAD|88|4|26538|9612|10195|binder:26538_8|0.000|0.0|0.000|0|3|3|0-7|0|1024|1024|3404|6506|3317
THREAD|88|5|26538|9470|10195|binder:26538_B|0.000|0.0|0.000|0|6|6|0-7|0|1024|1024|2531|4304|2105
THREAD|88|6|10622|8513|10201|ExoPlayer:Playb|0.000|0.0|0.000|0|4|4|0-7|0|1024|1024|6463|10331|51
THREAD|88|7|10622|8509|10201|ExoPlayer:Playb|0.000|0.0|0.000|0|1|1|0-7|0|1024|1024|6331|10327|49
THREAD|88|8|26538|8364|10195|IMM.binder-emu|0.000|0.0|0.000|0|2|2|0-7|0|1024|1024|15737|23850|1039
THREAD|88|9|26538|8336|10195|Primes-Jank|0.000|0.0|0.000|0|4|4|0-7|0|1024|1024|16074|23866|1131
THREAD|88|10|16730|8119|10563|AppSearch_Index|0.000|0.0|0.000|0|3|3|0-7|0|1024|1024|13165|20704|245
WINDOW|seq=89|t_cs=16277981|wall_ms=260|threads=263|busy_threads=1|total_runtime_ms=94.721|total_runq_wait_ms=2.654|tgids=5032,10622,16730,20685,26538
THREAD|89|1|20685|20685|10999|sh|94.721|36.4|2.654|14|5|1|0-7|0|1024|1024|471|733|798
THREAD|89|2|16730|9973|10563|AppSearch_Index|0.000|0.0|0.000|0|3|3|0-7|0|1024|1024|13150|20688|240
THREAD|89|3|16730|9940|10563|AppSearch_Index|0.000|0.0|0.000|0|2|2|0-7|0|1024|1024|13115|20690|232
THREAD|89|4|26538|9612|10195|binder:26538_8|0.000|0.0|0.000|0|3|3|0-7|0|1024|1024|3404|6506|3317
THREAD|89|5|26538|9470|10195|binder:26538_B|0.000|0.0|0.000|0|6|6|0-7|0|1024|1024|2531|4304|2105
THREAD|89|6|10622|8513|10201|ExoPlayer:Playb|0.000|0.0|0.000|0|4|4|0-7|0|1024|1024|6463|10331|51
THREAD|89|7|10622|8509|10201|ExoPlayer:Playb|0.000|0.0|0.000|0|1|1|0-7|0|1024|1024|6331|10327|49
THREAD|89|8|26538|8364|10195|IMM.binder-emu|0.000|0.0|0.000|0|2|2|0-7|0|1024|1024|15737|23850|1039
THREAD|89|9|26538|8336|10195|Primes-Jank|0.000|0.0|0.000|0|4|4|0-7|0|1024|1024|16074|23866|1131
THREAD|89|10|16730|8119|10563|AppSearch_Index|0.000|0.0|0.000|0|3|3|0-7|0|1024|1024|13165|20704|245
WINDOW|seq=90|t_cs=16278006|wall_ms=250|threads=263|busy_threads=1|total_runtime_ms=108.293|total_runq_wait_ms=0.515|tgids=5032,10622,16730,20685,26538
THREAD|90|1|20685|20685|10999|sh|108.293|43.3|0.515|15|1|4|0-7|0|1024|1024|478|739|810
THREAD|90|2|16730|9973|10563|AppSearch_Index|0.000|0.0|0.000|0|3|3|0-7|0|1024|1024|13150|20688|240
THREAD|90|3|16730|9940|10563|AppSearch_Index|0.000|0.0|0.000|0|2|2|0-7|0|1024|1024|13115|20690|232
THREAD|90|4|26538|9612|10195|binder:26538_8|0.000|0.0|0.000|0|3|3|0-7|0|1024|1024|3404|6506|3317
THREAD|90|5|26538|9470|10195|binder:26538_B|0.000|0.0|0.000|0|6|6|0-7|0|1024|1024|2531|4304|2105
THREAD|90|6|10622|8513|10201|ExoPlayer:Playb|0.000|0.0|0.000|0|4|4|0-7|0|1024|1024|6463|10331|51
THREAD|90|7|10622|8509|10201|ExoPlayer:Playb|0.000|0.0|0.000|0|1|1|0-7|0|1024|1024|6331|10327|49
THREAD|90|8|26538|8364|10195|IMM.binder-emu|0.000|0.0|0.000|0|2|2|0-7|0|1024|1024|15737|23850|1039
THREAD|90|9|26538|8336|10195|Primes-Jank|0.000|0.0|0.000|0|4|4|0-7|0|1024|1024|16074|23866|1131
THREAD|90|10|16730|8119|10563|AppSearch_Index|0.000|0.0|0.000|0|3|3|0-7|0|1024|1024|13165|20704|245
WINDOW|seq=91|t_cs=16278032|wall_ms=260|threads=263|busy_threads=1|total_runtime_ms=96.872|total_runq_wait_ms=0.368|tgids=5032,10622,16730,20685,26538
THREAD|91|1|20685|20685|10999|sh|96.872|37.2|0.368|19|4|4|0-7|0|1024|1024|481|748|835
THREAD|91|2|16730|9973|10563|AppSearch_Index|0.000|0.0|0.000|0|3|3|0-7|0|1024|1024|13150|20688|240
THREAD|91|3|16730|9940|10563|AppSearch_Index|0.000|0.0|0.000|0|2|2|0-7|0|1024|1024|13115|20690|232
THREAD|91|4|26538|9612|10195|binder:26538_8|0.000|0.0|0.000|0|3|3|0-7|0|1024|1024|3404|6506|3317
THREAD|91|5|26538|9470|10195|binder:26538_B|0.000|0.0|0.000|0|6|6|0-7|0|1024|1024|2531|4304|2105
THREAD|91|6|10622|8513|10201|ExoPlayer:Playb|0.000|0.0|0.000|0|4|4|0-7|0|1024|1024|6463|10331|51
THREAD|91|7|10622|8509|10201|ExoPlayer:Playb|0.000|0.0|0.000|0|1|1|0-7|0|1024|1024|6331|10327|49
THREAD|91|8|26538|8364|10195|IMM.binder-emu|0.000|0.0|0.000|0|2|2|0-7|0|1024|1024|15737|23850|1039
THREAD|91|9|26538|8336|10195|Primes-Jank|0.000|0.0|0.000|0|4|4|0-7|0|1024|1024|16074|23866|1131
THREAD|91|10|16730|8119|10563|AppSearch_Index|0.000|0.0|0.000|0|3|3|0-7|0|1024|1024|13165|20704|245
WINDOW|seq=92|t_cs=16278057|wall_ms=250|threads=263|busy_threads=4|total_runtime_ms=95.209|total_runq_wait_ms=2.848|tgids=5032,10622,16730,20685,26538
THREAD|92|1|20685|20685|10999|sh|95.064|38.0|2.382|28|4|4|0-7|0|1024|1024|482|755|840
THREAD|92|2|26538|27521|10195|CronetInit|0.060|0.0|0.136|1|1|1|0-7|0|1024|1024|20837|33215|2602
THREAD|92|3|26538|26587|10195|binder:26538_4|0.053|0.0|0.139|1|0|0|0-7|0|1024|1024|8528|13822|4830
THREAD|92|4|26538|26585|10195|binder:26538_3|0.030|0.0|0.190|2|0|0|0-7|0|1024|1024|6659|10110|3534
THREAD|92|5|16730|9973|10563|AppSearch_Index|0.000|0.0|0.000|0|3|3|0-7|0|1024|1024|13150|20688|240
THREAD|92|6|16730|9940|10563|AppSearch_Index|0.000|0.0|0.000|0|2|2|0-7|0|1024|1024|13115|20690|232
THREAD|92|7|26538|9612|10195|binder:26538_8|0.000|0.0|0.000|0|3|3|0-7|0|1024|1024|3404|6506|3317
THREAD|92|8|26538|9470|10195|binder:26538_B|0.000|0.0|0.000|0|6|6|0-7|0|1024|1024|2531|4304|2105
THREAD|92|9|10622|8513|10201|ExoPlayer:Playb|0.000|0.0|0.000|0|4|4|0-7|0|1024|1024|6463|10331|51
THREAD|92|10|10622|8509|10201|ExoPlayer:Playb|0.000|0.0|0.000|0|1|1|0-7|0|1024|1024|6331|10327|49
WINDOW|seq=93|t_cs=16278084|wall_ms=270|threads=263|busy_threads=1|total_runtime_ms=116.101|total_runq_wait_ms=0.660|tgids=5032,10622,16730,20685,26538
THREAD|93|1|20685|20685|10999|sh|116.101|43.0|0.660|17|4|4|0-7|0|1024|1024|488|762|847
THREAD|93|2|16730|9973|10563|AppSearch_Index|0.000|0.0|0.000|0|3|3|0-7|0|1024|1024|13150|20688|240
THREAD|93|3|16730|9940|10563|AppSearch_Index|0.000|0.0|0.000|0|2|2|0-7|0|1024|1024|13115|20690|232
THREAD|93|4|26538|9612|10195|binder:26538_8|0.000|0.0|0.000|0|3|3|0-7|0|1024|1024|3404|6506|3317
THREAD|93|5|26538|9470|10195|binder:26538_B|0.000|0.0|0.000|0|6|6|0-7|0|1024|1024|2531|4304|2105
THREAD|93|6|10622|8513|10201|ExoPlayer:Playb|0.000|0.0|0.000|0|4|4|0-7|0|1024|1024|6463|10331|51
THREAD|93|7|10622|8509|10201|ExoPlayer:Playb|0.000|0.0|0.000|0|1|1|0-7|0|1024|1024|6331|10327|49
THREAD|93|8|26538|8364|10195|IMM.binder-emu|0.000|0.0|0.000|0|2|2|0-7|0|1024|1024|15737|23850|1039
THREAD|93|9|26538|8336|10195|Primes-Jank|0.000|0.0|0.000|0|4|4|0-7|0|1024|1024|16074|23866|1131
THREAD|93|10|16730|8119|10563|AppSearch_Index|0.000|0.0|0.000|0|3|3|0-7|0|1024|1024|13165|20704|245
WINDOW|seq=94|t_cs=16278110|wall_ms=260|threads=263|busy_threads=2|total_runtime_ms=117.304|total_runq_wait_ms=0.228|tgids=5032,10622,16730,20685,26538
THREAD|94|1|20685|20685|10999|sh|117.244|45.0|0.228|14|4|5|0-7|0|1024|1024|495|769|854
THREAD|94|2|16730|16788|10563|GoogleApiHandle|0.059|0.0|0.000|1|6|4|0-7|0|1024|1024|17474|27208|656
THREAD|94|3|16730|9973|10563|AppSearch_Index|0.000|0.0|0.000|0|3|3|0-7|0|1024|1024|13150|20688|240
THREAD|94|4|16730|9940|10563|AppSearch_Index|0.000|0.0|0.000|0|2|2|0-7|0|1024|1024|13115|20690|232
THREAD|94|5|26538|9612|10195|binder:26538_8|0.000|0.0|0.000|0|3|3|0-7|0|1024|1024|3404|6506|3317
THREAD|94|6|26538|9470|10195|binder:26538_B|0.000|0.0|0.000|0|6|6|0-7|0|1024|1024|2531|4304|2105
THREAD|94|7|10622|8513|10201|ExoPlayer:Playb|0.000|0.0|0.000|0|4|4|0-7|0|1024|1024|6463|10331|51
THREAD|94|8|10622|8509|10201|ExoPlayer:Playb|0.000|0.0|0.000|0|1|1|0-7|0|1024|1024|6331|10327|49
THREAD|94|9|26538|8364|10195|IMM.binder-emu|0.000|0.0|0.000|0|2|2|0-7|0|1024|1024|15737|23850|1039
THREAD|94|10|26538|8336|10195|Primes-Jank|0.000|0.0|0.000|0|4|4|0-7|0|1024|1024|16074|23866|1131
WINDOW|seq=95|t_cs=16278135|wall_ms=250|threads=263|busy_threads=1|total_runtime_ms=93.773|total_runq_wait_ms=0.058|tgids=5032,10622,16730,20685,26538
THREAD|95|1|20685|20685|10999|sh|93.773|37.5|0.058|11|5|4|0-7|0|1024|1024|499|777|862
THREAD|95|2|16730|9973|10563|AppSearch_Index|0.000|0.0|0.000|0|3|3|0-7|0|1024|1024|13150|20688|240
THREAD|95|3|16730|9940|10563|AppSearch_Index|0.000|0.0|0.000|0|2|2|0-7|0|1024|1024|13115|20690|232
THREAD|95|4|26538|9612|10195|binder:26538_8|0.000|0.0|0.000|0|3|3|0-7|0|1024|1024|3404|6506|3317
THREAD|95|5|26538|9470|10195|binder:26538_B|0.000|0.0|0.000|0|6|6|0-7|0|1024|1024|2531|4304|2105
THREAD|95|6|10622|8513|10201|ExoPlayer:Playb|0.000|0.0|0.000|0|4|4|0-7|0|1024|1024|6463|10331|51
THREAD|95|7|10622|8509|10201|ExoPlayer:Playb|0.000|0.0|0.000|0|1|1|0-7|0|1024|1024|6331|10327|49
THREAD|95|8|26538|8364|10195|IMM.binder-emu|0.000|0.0|0.000|0|2|2|0-7|0|1024|1024|15737|23850|1039
THREAD|95|9|26538|8336|10195|Primes-Jank|0.000|0.0|0.000|0|4|4|0-7|0|1024|1024|16074|23866|1131
THREAD|95|10|16730|8119|10563|AppSearch_Index|0.000|0.0|0.000|0|3|3|0-7|0|1024|1024|13165|20704|245
WINDOW|seq=96|t_cs=16278161|wall_ms=260|threads=263|busy_threads=1|total_runtime_ms=111.805|total_runq_wait_ms=1.341|tgids=5032,10622,16730,20685,26538
THREAD|96|1|20685|20685|10999|sh|111.805|43.0|1.341|19|4|4|0-7|0|1024|1024|505|784|873
THREAD|96|2|16730|9973|10563|AppSearch_Index|0.000|0.0|0.000|0|3|3|0-7|0|1024|1024|13150|20688|240
THREAD|96|3|16730|9940|10563|AppSearch_Index|0.000|0.0|0.000|0|2|2|0-7|0|1024|1024|13115|20690|232
THREAD|96|4|26538|9612|10195|binder:26538_8|0.000|0.0|0.000|0|3|3|0-7|0|1024|1024|3404|6506|3317
THREAD|96|5|26538|9470|10195|binder:26538_B|0.000|0.0|0.000|0|6|6|0-7|0|1024|1024|2531|4304|2105
THREAD|96|6|10622|8513|10201|ExoPlayer:Playb|0.000|0.0|0.000|0|4|4|0-7|0|1024|1024|6463|10331|51
THREAD|96|7|10622|8509|10201|ExoPlayer:Playb|0.000|0.0|0.000|0|1|1|0-7|0|1024|1024|6331|10327|49
THREAD|96|8|26538|8364|10195|IMM.binder-emu|0.000|0.0|0.000|0|2|2|0-7|0|1024|1024|15737|23850|1039
THREAD|96|9|26538|8336|10195|Primes-Jank|0.000|0.0|0.000|0|4|4|0-7|0|1024|1024|16074|23866|1131
THREAD|96|10|16730|8119|10563|AppSearch_Index|0.000|0.0|0.000|0|3|3|0-7|0|1024|1024|13165|20704|245
WINDOW|seq=97|t_cs=16278186|wall_ms=250|threads=263|busy_threads=1|total_runtime_ms=93.674|total_runq_wait_ms=0.556|tgids=5032,10622,16730,20685,26538
THREAD|97|1|20685|20685|10999|sh|93.674|37.4|0.556|38|4|4|0-7|0|1024|1024|514|793|901
THREAD|97|2|16730|9973|10563|AppSearch_Index|0.000|0.0|0.000|0|3|3|0-7|0|1024|1024|13150|20688|240
THREAD|97|3|16730|9940|10563|AppSearch_Index|0.000|0.0|0.000|0|2|2|0-7|0|1024|1024|13115|20690|232
THREAD|97|4|26538|9612|10195|binder:26538_8|0.000|0.0|0.000|0|3|3|0-7|0|1024|1024|3404|6506|3317
THREAD|97|5|26538|9470|10195|binder:26538_B|0.000|0.0|0.000|0|6|6|0-7|0|1024|1024|2531|4304|2105
THREAD|97|6|10622|8513|10201|ExoPlayer:Playb|0.000|0.0|0.000|0|4|4|0-7|0|1024|1024|6463|10331|51
THREAD|97|7|10622|8509|10201|ExoPlayer:Playb|0.000|0.0|0.000|0|1|1|0-7|0|1024|1024|6331|10327|49
THREAD|97|8|26538|8364|10195|IMM.binder-emu|0.000|0.0|0.000|0|2|2|0-7|0|1024|1024|15737|23850|1039
THREAD|97|9|26538|8336|10195|Primes-Jank|0.000|0.0|0.000|0|4|4|0-7|0|1024|1024|16074|23866|1131
THREAD|97|10|16730|8119|10563|AppSearch_Index|0.000|0.0|0.000|0|3|3|0-7|0|1024|1024|13165|20704|245
WINDOW|seq=98|t_cs=16278212|wall_ms=260|threads=263|busy_threads=1|total_runtime_ms=114.490|total_runq_wait_ms=1.023|tgids=5032,10622,16730,20685,26538
THREAD|98|1|20685|20685|10999|sh|114.490|44.0|1.023|10|4|5|0-7|0|1024|1024|515|800|904
THREAD|98|2|16730|9973|10563|AppSearch_Index|0.000|0.0|0.000|0|3|3|0-7|0|1024|1024|13150|20688|240
THREAD|98|3|16730|9940|10563|AppSearch_Index|0.000|0.0|0.000|0|2|2|0-7|0|1024|1024|13115|20690|232
THREAD|98|4|26538|9612|10195|binder:26538_8|0.000|0.0|0.000|0|3|3|0-7|0|1024|1024|3404|6506|3317
THREAD|98|5|26538|9470|10195|binder:26538_B|0.000|0.0|0.000|0|6|6|0-7|0|1024|1024|2531|4304|2105
THREAD|98|6|10622|8513|10201|ExoPlayer:Playb|0.000|0.0|0.000|0|4|4|0-7|0|1024|1024|6463|10331|51
THREAD|98|7|10622|8509|10201|ExoPlayer:Playb|0.000|0.0|0.000|0|1|1|0-7|0|1024|1024|6331|10327|49
THREAD|98|8|26538|8364|10195|IMM.binder-emu|0.000|0.0|0.000|0|2|2|0-7|0|1024|1024|15737|23850|1039
THREAD|98|9|26538|8336|10195|Primes-Jank|0.000|0.0|0.000|0|4|4|0-7|0|1024|1024|16074|23866|1131
THREAD|98|10|16730|8119|10563|AppSearch_Index|0.000|0.0|0.000|0|3|3|0-7|0|1024|1024|13165|20704|245
WINDOW|seq=99|t_cs=16278238|wall_ms=260|threads=263|busy_threads=1|total_runtime_ms=109.195|total_runq_wait_ms=0.539|tgids=5032,10622,16730,20685,26538
THREAD|99|1|20685|20685|10999|sh|109.195|41.9|0.539|13|5|0|0-7|0|1024|1024|519|806|910
THREAD|99|2|16730|9973|10563|AppSearch_Index|0.000|0.0|0.000|0|3|3|0-7|0|1024|1024|13150|20688|240
THREAD|99|3|16730|9940|10563|AppSearch_Index|0.000|0.0|0.000|0|2|2|0-7|0|1024|1024|13115|20690|232
THREAD|99|4|26538|9612|10195|binder:26538_8|0.000|0.0|0.000|0|3|3|0-7|0|1024|1024|3404|6506|3317
THREAD|99|5|26538|9470|10195|binder:26538_B|0.000|0.0|0.000|0|6|6|0-7|0|1024|1024|2531|4304|2105
THREAD|99|6|10622|8513|10201|ExoPlayer:Playb|0.000|0.0|0.000|0|4|4|0-7|0|1024|1024|6463|10331|51
THREAD|99|7|10622|8509|10201|ExoPlayer:Playb|0.000|0.0|0.000|0|1|1|0-7|0|1024|1024|6331|10327|49
THREAD|99|8|26538|8364|10195|IMM.binder-emu|0.000|0.0|0.000|0|2|2|0-7|0|1024|1024|15737|23850|1039
THREAD|99|9|26538|8336|10195|Primes-Jank|0.000|0.0|0.000|0|4|4|0-7|0|1024|1024|16074|23866|1131
THREAD|99|10|16730|8119|10563|AppSearch_Index|0.000|0.0|0.000|0|3|3|0-7|0|1024|1024|13165|20704|245
WINDOW|seq=100|t_cs=16278265|wall_ms=270|threads=263|busy_threads=1|total_runtime_ms=89.873|total_runq_wait_ms=0.124|tgids=5032,10622,16730,20685,26538
THREAD|100|1|20685|20685|10999|sh|89.873|33.2|0.124|14|0|4|0-7|0|1024|1024|524|815|913
THREAD|100|2|16730|9973|10563|AppSearch_Index|0.000|0.0|0.000|0|3|3|0-7|0|1024|1024|13150|20688|240
THREAD|100|3|16730|9940|10563|AppSearch_Index|0.000|0.0|0.000|0|2|2|0-7|0|1024|1024|13115|20690|232
THREAD|100|4|26538|9612|10195|binder:26538_8|0.000|0.0|0.000|0|3|3|0-7|0|1024|1024|3404|6506|3317
THREAD|100|5|26538|9470|10195|binder:26538_B|0.000|0.0|0.000|0|6|6|0-7|0|1024|1024|2531|4304|2105
THREAD|100|6|10622|8513|10201|ExoPlayer:Playb|0.000|0.0|0.000|0|4|4|0-7|0|1024|1024|6463|10331|51
THREAD|100|7|10622|8509|10201|ExoPlayer:Playb|0.000|0.0|0.000|0|1|1|0-7|0|1024|1024|6331|10327|49
THREAD|100|8|26538|8364|10195|IMM.binder-emu|0.000|0.0|0.000|0|2|2|0-7|0|1024|1024|15737|23850|1039
THREAD|100|9|26538|8336|10195|Primes-Jank|0.000|0.0|0.000|0|4|4|0-7|0|1024|1024|16074|23866|1131
THREAD|100|10|16730|8119|10563|AppSearch_Index|0.000|0.0|0.000|0|3|3|0-7|0|1024|1024|13165|20704|245
WINDOW|seq=101|t_cs=16278290|wall_ms=250|threads=263|busy_threads=1|total_runtime_ms=94.224|total_runq_wait_ms=0.008|tgids=5032,10622,16730,20685,26538
THREAD|101|1|20685|20685|10999|sh|94.224|37.6|0.008|8|4|5|0-7|0|1024|1024|526|823|914
THREAD|101|2|16730|9973|10563|AppSearch_Index|0.000|0.0|0.000|0|3|3|0-7|0|1024|1024|13150|20688|240
THREAD|101|3|16730|9940|10563|AppSearch_Index|0.000|0.0|0.000|0|2|2|0-7|0|1024|1024|13115|20690|232
THREAD|101|4|26538|9612|10195|binder:26538_8|0.000|0.0|0.000|0|3|3|0-7|0|1024|1024|3404|6506|3317
THREAD|101|5|26538|9470|10195|binder:26538_B|0.000|0.0|0.000|0|6|6|0-7|0|1024|1024|2531|4304|2105
THREAD|101|6|10622|8513|10201|ExoPlayer:Playb|0.000|0.0|0.000|0|4|4|0-7|0|1024|1024|6463|10331|51
THREAD|101|7|10622|8509|10201|ExoPlayer:Playb|0.000|0.0|0.000|0|1|1|0-7|0|1024|1024|6331|10327|49
THREAD|101|8|26538|8364|10195|IMM.binder-emu|0.000|0.0|0.000|0|2|2|0-7|0|1024|1024|15737|23850|1039
THREAD|101|9|26538|8336|10195|Primes-Jank|0.000|0.0|0.000|0|4|4|0-7|0|1024|1024|16074|23866|1131
THREAD|101|10|16730|8119|10563|AppSearch_Index|0.000|0.0|0.000|0|3|3|0-7|0|1024|1024|13165|20704|245
WINDOW|seq=102|t_cs=16278317|wall_ms=270|threads=263|busy_threads=1|total_runtime_ms=104.536|total_runq_wait_ms=0.281|tgids=5032,10622,16730,20685,26538
THREAD|102|1|20685|20685|10999|sh|104.536|38.7|0.281|13|5|4|0-7|0|1024|1024|533|831|919
THREAD|102|2|16730|9973|10563|AppSearch_Index|0.000|0.0|0.000|0|3|3|0-7|0|1024|1024|13150|20688|240
THREAD|102|3|16730|9940|10563|AppSearch_Index|0.000|0.0|0.000|0|2|2|0-7|0|1024|1024|13115|20690|232
THREAD|102|4|26538|9612|10195|binder:26538_8|0.000|0.0|0.000|0|3|3|0-7|0|1024|1024|3404|6506|3317
THREAD|102|5|26538|9470|10195|binder:26538_B|0.000|0.0|0.000|0|6|6|0-7|0|1024|1024|2531|4304|2105
THREAD|102|6|10622|8513|10201|ExoPlayer:Playb|0.000|0.0|0.000|0|4|4|0-7|0|1024|1024|6463|10331|51
THREAD|102|7|10622|8509|10201|ExoPlayer:Playb|0.000|0.0|0.000|0|1|1|0-7|0|1024|1024|6331|10327|49
THREAD|102|8|26538|8364|10195|IMM.binder-emu|0.000|0.0|0.000|0|2|2|0-7|0|1024|1024|15737|23850|1039
THREAD|102|9|26538|8336|10195|Primes-Jank|0.000|0.0|0.000|0|4|4|0-7|0|1024|1024|16074|23866|1131
THREAD|102|10|16730|8119|10563|AppSearch_Index|0.000|0.0|0.000|0|3|3|0-7|0|1024|1024|13165|20704|245
WINDOW|seq=103|t_cs=16278345|wall_ms=280|threads=263|busy_threads=4|total_runtime_ms=129.398|total_runq_wait_ms=5.681|tgids=5032,10622,16730,20685,26538
THREAD|103|1|20685|20685|10999|sh|129.168|46.1|4.904|18|4|4|0-7|0|1024|1024|534|839|929
THREAD|103|2|26538|27521|10195|CronetInit|0.106|0.0|0.128|2|1|1|0-7|0|1024|1024|20837|33217|2602
THREAD|103|3|26538|26585|10195|binder:26538_3|0.089|0.0|0.027|1|0|0|0-7|0|1024|1024|6659|10111|3534
THREAD|103|4|26538|26587|10195|binder:26538_4|0.034|0.0|0.620|1|0|0|0-7|0|1024|1024|8528|13823|4830
THREAD|103|5|16730|9973|10563|AppSearch_Index|0.000|0.0|0.000|0|3|3|0-7|0|1024|1024|13150|20688|240
THREAD|103|6|16730|9940|10563|AppSearch_Index|0.000|0.0|0.000|0|2|2|0-7|0|1024|1024|13115|20690|232
THREAD|103|7|26538|9612|10195|binder:26538_8|0.000|0.0|0.000|0|3|3|0-7|0|1024|1024|3404|6506|3317
THREAD|103|8|26538|9470|10195|binder:26538_B|0.000|0.0|0.000|0|6|6|0-7|0|1024|1024|2531|4304|2105
THREAD|103|9|10622|8513|10201|ExoPlayer:Playb|0.000|0.0|0.000|0|4|4|0-7|0|1024|1024|6463|10331|51
THREAD|103|10|10622|8509|10201|ExoPlayer:Playb|0.000|0.0|0.000|0|1|1|0-7|0|1024|1024|6331|10327|49
WINDOW|seq=104|t_cs=16278370|wall_ms=250|threads=263|busy_threads=1|total_runtime_ms=84.774|total_runq_wait_ms=0.064|tgids=5032,10622,16730,20685,26538
THREAD|104|1|20685|20685|10999|sh|84.774|33.9|0.064|11|4|1|0-7|0|1024|1024|538|846|934
THREAD|104|2|16730|9973|10563|AppSearch_Index|0.000|0.0|0.000|0|3|3|0-7|0|1024|1024|13150|20688|240
THREAD|104|3|16730|9940|10563|AppSearch_Index|0.000|0.0|0.000|0|2|2|0-7|0|1024|1024|13115|20690|232
THREAD|104|4|26538|9612|10195|binder:26538_8|0.000|0.0|0.000|0|3|3|0-7|0|1024|1024|3404|6506|3317
THREAD|104|5|26538|9470|10195|binder:26538_B|0.000|0.0|0.000|0|6|6|0-7|0|1024|1024|2531|4304|2105
THREAD|104|6|10622|8513|10201|ExoPlayer:Playb|0.000|0.0|0.000|0|4|4|0-7|0|1024|1024|6463|10331|51
THREAD|104|7|10622|8509|10201|ExoPlayer:Playb|0.000|0.0|0.000|0|1|1|0-7|0|1024|1024|6331|10327|49
THREAD|104|8|26538|8364|10195|IMM.binder-emu|0.000|0.0|0.000|0|2|2|0-7|0|1024|1024|15737|23850|1039
THREAD|104|9|26538|8336|10195|Primes-Jank|0.000|0.0|0.000|0|4|4|0-7|0|1024|1024|16074|23866|1131
THREAD|104|10|16730|8119|10563|AppSearch_Index|0.000|0.0|0.000|0|3|3|0-7|0|1024|1024|13165|20704|245
WINDOW|seq=105|t_cs=16278396|wall_ms=260|threads=263|busy_threads=1|total_runtime_ms=120.495|total_runq_wait_ms=0.403|tgids=5032,10622,16730,20685,26538
THREAD|105|1|20685|20685|10999|sh|120.495|46.3|0.403|15|1|1|0-7|0|1024|1024|545|853|941
THREAD|105|2|16730|9973|10563|AppSearch_Index|0.000|0.0|0.000|0|3|3|0-7|0|1024|1024|13150|20688|240
THREAD|105|3|16730|9940|10563|AppSearch_Index|0.000|0.0|0.000|0|2|2|0-7|0|1024|1024|13115|20690|232
THREAD|105|4|26538|9612|10195|binder:26538_8|0.000|0.0|0.000|0|3|3|0-7|0|1024|1024|3404|6506|3317
THREAD|105|5|26538|9470|10195|binder:26538_B|0.000|0.0|0.000|0|6|6|0-7|0|1024|1024|2531|4304|2105
THREAD|105|6|10622|8513|10201|ExoPlayer:Playb|0.000|0.0|0.000|0|4|4|0-7|0|1024|1024|6463|10331|51
THREAD|105|7|10622|8509|10201|ExoPlayer:Playb|0.000|0.0|0.000|0|1|1|0-7|0|1024|1024|6331|10327|49
THREAD|105|8|26538|8364|10195|IMM.binder-emu|0.000|0.0|0.000|0|2|2|0-7|0|1024|1024|15737|23850|1039
THREAD|105|9|26538|8336|10195|Primes-Jank|0.000|0.0|0.000|0|4|4|0-7|0|1024|1024|16074|23866|1131
THREAD|105|10|16730|8119|10563|AppSearch_Index|0.000|0.0|0.000|0|3|3|0-7|0|1024|1024|13165|20704|245
WINDOW|seq=106|t_cs=16278422|wall_ms=260|threads=263|busy_threads=1|total_runtime_ms=112.603|total_runq_wait_ms=0.572|tgids=5032,10622,16730,20685,26538
THREAD|106|1|20685|20685|10999|sh|112.603|43.3|0.572|22|1|5|0-7|0|1024|1024|548|860|955
THREAD|106|2|16730|9973|10563|AppSearch_Index|0.000|0.0|0.000|0|3|3|0-7|0|1024|1024|13150|20688|240
THREAD|106|3|16730|9940|10563|AppSearch_Index|0.000|0.0|0.000|0|2|2|0-7|0|1024|1024|13115|20690|232
THREAD|106|4|26538|9612|10195|binder:26538_8|0.000|0.0|0.000|0|3|3|0-7|0|1024|1024|3404|6506|3317
THREAD|106|5|26538|9470|10195|binder:26538_B|0.000|0.0|0.000|0|6|6|0-7|0|1024|1024|2531|4304|2105
THREAD|106|6|10622|8513|10201|ExoPlayer:Playb|0.000|0.0|0.000|0|4|4|0-7|0|1024|1024|6463|10331|51
THREAD|106|7|10622|8509|10201|ExoPlayer:Playb|0.000|0.0|0.000|0|1|1|0-7|0|1024|1024|6331|10327|49
THREAD|106|8|26538|8364|10195|IMM.binder-emu|0.000|0.0|0.000|0|2|2|0-7|0|1024|1024|15737|23850|1039
THREAD|106|9|26538|8336|10195|Primes-Jank|0.000|0.0|0.000|0|4|4|0-7|0|1024|1024|16074|23866|1131
THREAD|106|10|16730|8119|10563|AppSearch_Index|0.000|0.0|0.000|0|3|3|0-7|0|1024|1024|13165|20704|245
WINDOW|seq=107|t_cs=16278447|wall_ms=250|threads=263|busy_threads=1|total_runtime_ms=115.315|total_runq_wait_ms=0.494|tgids=5032,10622,16730,20685,26538
THREAD|107|1|20685|20685|10999|sh|115.315|46.1|0.494|8|5|1|0-7|0|1024|1024|552|867|959
THREAD|107|2|16730|9973|10563|AppSearch_Index|0.000|0.0|0.000|0|3|3|0-7|0|1024|1024|13150|20688|240
THREAD|107|3|16730|9940|10563|AppSearch_Index|0.000|0.0|0.000|0|2|2|0-7|0|1024|1024|13115|20690|232
THREAD|107|4|26538|9612|10195|binder:26538_8|0.000|0.0|0.000|0|3|3|0-7|0|1024|1024|3404|6506|3317
THREAD|107|5|26538|9470|10195|binder:26538_B|0.000|0.0|0.000|0|6|6|0-7|0|1024|1024|2531|4304|2105
THREAD|107|6|10622|8513|10201|ExoPlayer:Playb|0.000|0.0|0.000|0|4|4|0-7|0|1024|1024|6463|10331|51
THREAD|107|7|10622|8509|10201|ExoPlayer:Playb|0.000|0.0|0.000|0|1|1|0-7|0|1024|1024|6331|10327|49
THREAD|107|8|26538|8364|10195|IMM.binder-emu|0.000|0.0|0.000|0|2|2|0-7|0|1024|1024|15737|23850|1039
THREAD|107|9|26538|8336|10195|Primes-Jank|0.000|0.0|0.000|0|4|4|0-7|0|1024|1024|16074|23866|1131
THREAD|107|10|16730|8119|10563|AppSearch_Index|0.000|0.0|0.000|0|3|3|0-7|0|1024|1024|13165|20704|245
WINDOW|seq=108|t_cs=16278474|wall_ms=270|threads=263|busy_threads=1|total_runtime_ms=106.910|total_runq_wait_ms=0.146|tgids=5032,10622,16730,20685,26538
THREAD|108|1|20685|20685|10999|sh|106.910|39.5|0.146|12|1|4|0-7|0|1024|1024|555|876|962
THREAD|108|2|16730|9973|10563|AppSearch_Index|0.000|0.0|0.000|0|3|3|0-7|0|1024|1024|13150|20688|240
THREAD|108|3|16730|9940|10563|AppSearch_Index|0.000|0.0|0.000|0|2|2|0-7|0|1024|1024|13115|20690|232
THREAD|108|4|26538|9612|10195|binder:26538_8|0.000|0.0|0.000|0|3|3|0-7|0|1024|1024|3404|6506|3317
THREAD|108|5|26538|9470|10195|binder:26538_B|0.000|0.0|0.000|0|6|6|0-7|0|1024|1024|2531|4304|2105
THREAD|108|6|10622|8513|10201|ExoPlayer:Playb|0.000|0.0|0.000|0|4|4|0-7|0|1024|1024|6463|10331|51
THREAD|108|7|10622|8509|10201|ExoPlayer:Playb|0.000|0.0|0.000|0|1|1|0-7|0|1024|1024|6331|10327|49
THREAD|108|8|26538|8364|10195|IMM.binder-emu|0.000|0.0|0.000|0|2|2|0-7|0|1024|1024|15737|23850|1039
THREAD|108|9|26538|8336|10195|Primes-Jank|0.000|0.0|0.000|0|4|4|0-7|0|1024|1024|16074|23866|1131
THREAD|108|10|16730|8119|10563|AppSearch_Index|0.000|0.0|0.000|0|3|3|0-7|0|1024|1024|13165|20704|245
WINDOW|seq=109|t_cs=16278500|wall_ms=260|threads=263|busy_threads=1|total_runtime_ms=112.458|total_runq_wait_ms=0.402|tgids=5032,10622,16730,20685,26538
THREAD|109|1|20685|20685|10999|sh|112.458|43.2|0.402|18|4|5|0-7|0|1024|1024|565|883|982
THREAD|109|2|16730|9973|10563|AppSearch_Index|0.000|0.0|0.000|0|3|3|0-7|0|1024|1024|13150|20688|240
THREAD|109|3|16730|9940|10563|AppSearch_Index|0.000|0.0|0.000|0|2|2|0-7|0|1024|1024|13115|20690|232
THREAD|109|4|26538|9612|10195|binder:26538_8|0.000|0.0|0.000|0|3|3|0-7|0|1024|1024|3404|6506|3317
THREAD|109|5|26538|9470|10195|binder:26538_B|0.000|0.0|0.000|0|6|6|0-7|0|1024|1024|2531|4304|2105
THREAD|109|6|10622|8513|10201|ExoPlayer:Playb|0.000|0.0|0.000|0|4|4|0-7|0|1024|1024|6463|10331|51
THREAD|109|7|10622|8509|10201|ExoPlayer:Playb|0.000|0.0|0.000|0|1|1|0-7|0|1024|1024|6331|10327|49
THREAD|109|8|26538|8364|10195|IMM.binder-emu|0.000|0.0|0.000|0|2|2|0-7|0|1024|1024|15737|23850|1039
THREAD|109|9|26538|8336|10195|Primes-Jank|0.000|0.0|0.000|0|4|4|0-7|0|1024|1024|16074|23866|1131
THREAD|109|10|16730|8119|10563|AppSearch_Index|0.000|0.0|0.000|0|3|3|0-7|0|1024|1024|13165|20704|245
WINDOW|seq=110|t_cs=16278526|wall_ms=260|threads=263|busy_threads=1|total_runtime_ms=97.510|total_runq_wait_ms=0.679|tgids=5032,10622,16730,20685,26538
THREAD|110|1|20685|20685|10999|sh|97.510|37.5|0.679|19|5|5|0-7|0|1024|1024|567|891|983
THREAD|110|2|16730|9973|10563|AppSearch_Index|0.000|0.0|0.000|0|3|3|0-7|0|1024|1024|13150|20688|240
THREAD|110|3|16730|9940|10563|AppSearch_Index|0.000|0.0|0.000|0|2|2|0-7|0|1024|1024|13115|20690|232
THREAD|110|4|26538|9612|10195|binder:26538_8|0.000|0.0|0.000|0|3|3|0-7|0|1024|1024|3404|6506|3317
THREAD|110|5|26538|9470|10195|binder:26538_B|0.000|0.0|0.000|0|6|6|0-7|0|1024|1024|2531|4304|2105
THREAD|110|6|10622|8513|10201|ExoPlayer:Playb|0.000|0.0|0.000|0|4|4|0-7|0|1024|1024|6463|10331|51
THREAD|110|7|10622|8509|10201|ExoPlayer:Playb|0.000|0.0|0.000|0|1|1|0-7|0|1024|1024|6331|10327|49
THREAD|110|8|26538|8364|10195|IMM.binder-emu|0.000|0.0|0.000|0|2|2|0-7|0|1024|1024|15737|23850|1039
THREAD|110|9|26538|8336|10195|Primes-Jank|0.000|0.0|0.000|0|4|4|0-7|0|1024|1024|16074|23866|1131
THREAD|110|10|16730|8119|10563|AppSearch_Index|0.000|0.0|0.000|0|3|3|0-7|0|1024|1024|13165|20704|245
WINDOW|seq=111|t_cs=16278553|wall_ms=270|threads=263|busy_threads=1|total_runtime_ms=108.533|total_runq_wait_ms=0.787|tgids=5032,10622,16730,20685,26538
THREAD|111|1|20685|20685|10999|sh|108.533|40.1|0.787|21|5|1|0-7|0|1024|1024|569|899|995
THREAD|111|2|16730|9973|10563|AppSearch_Index|0.000|0.0|0.000|0|3|3|0-7|0|1024|1024|13150|20688|240
THREAD|111|3|16730|9940|10563|AppSearch_Index|0.000|0.0|0.000|0|2|2|0-7|0|1024|1024|13115|20690|232
THREAD|111|4|26538|9612|10195|binder:26538_8|0.000|0.0|0.000|0|3|3|0-7|0|1024|1024|3404|6506|3317
THREAD|111|5|26538|9470|10195|binder:26538_B|0.000|0.0|0.000|0|6|6|0-7|0|1024|1024|2531|4304|2105
THREAD|111|6|10622|8513|10201|ExoPlayer:Playb|0.000|0.0|0.000|0|4|4|0-7|0|1024|1024|6463|10331|51
THREAD|111|7|10622|8509|10201|ExoPlayer:Playb|0.000|0.0|0.000|0|1|1|0-7|0|1024|1024|6331|10327|49
THREAD|111|8|26538|8364|10195|IMM.binder-emu|0.000|0.0|0.000|0|2|2|0-7|0|1024|1024|15737|23850|1039
THREAD|111|9|26538|8336|10195|Primes-Jank|0.000|0.0|0.000|0|4|4|0-7|0|1024|1024|16074|23866|1131
THREAD|111|10|16730|8119|10563|AppSearch_Index|0.000|0.0|0.000|0|3|3|0-7|0|1024|1024|13165|20704|245
WINDOW|seq=112|t_cs=16278579|wall_ms=260|threads=263|busy_threads=4|total_runtime_ms=93.861|total_runq_wait_ms=4.204|tgids=5032,10622,16730,20685,26538
THREAD|112|1|20685|20685|10999|sh|85.957|33.0|0.213|11|1|4|0-7|0|1024|1024|570|907|998
THREAD|112|2|16730|16730|10563|droid.deskclock|7.439|2.8|0.000|9|0|1|0-7|0|1024|1024|26188|45140|6058
THREAD|112|3|16730|10128|10563|binder:16730_8|0.295|0.1|3.709|2|0|0|0-7|0|1024|1024|529|868|165
THREAD|112|4|16730|16818|10563|queued-work-loo|0.168|0.0|0.281|2|5|5|0-7|0|1024|1024|16999|27274|718
THREAD|112|5|16730|9973|10563|AppSearch_Index|0.000|0.0|0.000|0|3|3|0-7|0|1024|1024|13150|20688|240
THREAD|112|6|16730|9940|10563|AppSearch_Index|0.000|0.0|0.000|0|2|2|0-7|0|1024|1024|13115|20690|232
THREAD|112|7|26538|9612|10195|binder:26538_8|0.000|0.0|0.000|0|3|3|0-7|0|1024|1024|3404|6506|3317
THREAD|112|8|26538|9470|10195|binder:26538_B|0.000|0.0|0.000|0|6|6|0-7|0|1024|1024|2531|4304|2105
THREAD|112|9|10622|8513|10201|ExoPlayer:Playb|0.000|0.0|0.000|0|4|4|0-7|0|1024|1024|6463|10331|51
THREAD|112|10|10622|8509|10201|ExoPlayer:Playb|0.000|0.0|0.000|0|1|1|0-7|0|1024|1024|6331|10327|49
WINDOW|seq=113|t_cs=16278606|wall_ms=270|threads=263|busy_threads=1|total_runtime_ms=108.287|total_runq_wait_ms=0.234|tgids=5032,10622,16730,20685,26538
THREAD|113|1|20685|20685|10999|sh|108.287|40.1|0.234|14|4|5|0-7|0|1024|1024|575|915|1004
THREAD|113|2|16730|9973|10563|AppSearch_Index|0.000|0.0|0.000|0|3|3|0-7|0|1024|1024|13150|20688|240
THREAD|113|3|16730|9940|10563|AppSearch_Index|0.000|0.0|0.000|0|2|2|0-7|0|1024|1024|13115|20690|232
THREAD|113|4|26538|9612|10195|binder:26538_8|0.000|0.0|0.000|0|3|3|0-7|0|1024|1024|3404|6506|3317
THREAD|113|5|26538|9470|10195|binder:26538_B|0.000|0.0|0.000|0|6|6|0-7|0|1024|1024|2531|4304|2105
THREAD|113|6|10622|8513|10201|ExoPlayer:Playb|0.000|0.0|0.000|0|4|4|0-7|0|1024|1024|6463|10331|51
THREAD|113|7|10622|8509|10201|ExoPlayer:Playb|0.000|0.0|0.000|0|1|1|0-7|0|1024|1024|6331|10327|49
THREAD|113|8|26538|8364|10195|IMM.binder-emu|0.000|0.0|0.000|0|2|2|0-7|0|1024|1024|15737|23850|1039
THREAD|113|9|26538|8336|10195|Primes-Jank|0.000|0.0|0.000|0|4|4|0-7|0|1024|1024|16074|23866|1131
THREAD|113|10|16730|8119|10563|AppSearch_Index|0.000|0.0|0.000|0|3|3|0-7|0|1024|1024|13165|20704|245
WINDOW|seq=114|t_cs=16278633|wall_ms=270|threads=263|busy_threads=1|total_runtime_ms=110.617|total_runq_wait_ms=0.100|tgids=5032,10622,16730,20685,26538
THREAD|114|1|20685|20685|10999|sh|110.617|40.9|0.100|15|5|5|0-7|0|1024|1024|581|922|1011
THREAD|114|2|16730|9973|10563|AppSearch_Index|0.000|0.0|0.000|0|3|3|0-7|0|1024|1024|13150|20688|240
THREAD|114|3|16730|9940|10563|AppSearch_Index|0.000|0.0|0.000|0|2|2|0-7|0|1024|1024|13115|20690|232
THREAD|114|4|26538|9612|10195|binder:26538_8|0.000|0.0|0.000|0|3|3|0-7|0|1024|1024|3404|6506|3317
THREAD|114|5|26538|9470|10195|binder:26538_B|0.000|0.0|0.000|0|6|6|0-7|0|1024|1024|2531|4304|2105
THREAD|114|6|10622|8513|10201|ExoPlayer:Playb|0.000|0.0|0.000|0|4|4|0-7|0|1024|1024|6463|10331|51
THREAD|114|7|10622|8509|10201|ExoPlayer:Playb|0.000|0.0|0.000|0|1|1|0-7|0|1024|1024|6331|10327|49
THREAD|114|8|26538|8364|10195|IMM.binder-emu|0.000|0.0|0.000|0|2|2|0-7|0|1024|1024|15737|23850|1039
THREAD|114|9|26538|8336|10195|Primes-Jank|0.000|0.0|0.000|0|4|4|0-7|0|1024|1024|16074|23866|1131
THREAD|114|10|16730|8119|10563|AppSearch_Index|0.000|0.0|0.000|0|3|3|0-7|0|1024|1024|13165|20704|245
WINDOW|seq=115|t_cs=16278657|wall_ms=240|threads=263|busy_threads=1|total_runtime_ms=113.660|total_runq_wait_ms=0.125|tgids=5032,10622,16730,20685,26538
THREAD|115|1|20685|20685|10999|sh|113.660|47.3|0.125|12|5|4|0-7|0|1024|1024|584|929|1018
THREAD|115|2|16730|9973|10563|AppSearch_Index|0.000|0.0|0.000|0|3|3|0-7|0|1024|1024|13150|20688|240
THREAD|115|3|16730|9940|10563|AppSearch_Index|0.000|0.0|0.000|0|2|2|0-7|0|1024|1024|13115|20690|232
THREAD|115|4|26538|9612|10195|binder:26538_8|0.000|0.0|0.000|0|3|3|0-7|0|1024|1024|3404|6506|3317
THREAD|115|5|26538|9470|10195|binder:26538_B|0.000|0.0|0.000|0|6|6|0-7|0|1024|1024|2531|4304|2105
THREAD|115|6|10622|8513|10201|ExoPlayer:Playb|0.000|0.0|0.000|0|4|4|0-7|0|1024|1024|6463|10331|51
THREAD|115|7|10622|8509|10201|ExoPlayer:Playb|0.000|0.0|0.000|0|1|1|0-7|0|1024|1024|6331|10327|49
THREAD|115|8|26538|8364|10195|IMM.binder-emu|0.000|0.0|0.000|0|2|2|0-7|0|1024|1024|15737|23850|1039
THREAD|115|9|26538|8336|10195|Primes-Jank|0.000|0.0|0.000|0|4|4|0-7|0|1024|1024|16074|23866|1131
THREAD|115|10|16730|8119|10563|AppSearch_Index|0.000|0.0|0.000|0|3|3|0-7|0|1024|1024|13165|20704|245
END|windows=115|elapsed_s=30
