META|version=2|duration_s=30|interval_ms=250|top_n=10|kernel=6.6.118-android15-8-g2e6b9c3812c5-ab15114928-4k|read_only=yes
FIELDS|THREAD|seq|rank|tgid|tid|uid|comm|runtime_ms|runtime_pct|runq_wait_ms|slices|cpu_start|cpu_end|allowed|uclamp_min|uclamp_max|uclamp_max_eff|migrations_total|vol_ctx_total|nonvol_ctx_total
WINDOW|seq=1|t_cs=16264740|wall_ms=270|threads=263|busy_threads=1|total_runtime_ms=142.569|total_runq_wait_ms=0.830|tgids=5032,9728,10622,16730,26538
THREAD|1|1|9728|9728|10999|sh|142.569|52.8|0.830|14|0|5|0-7|0|1024|1024|90|95|151
THREAD|1|2|16730|9973|10563|AppSearch_Index|0.000|0.0|0.000|0|3|3|0-7|0|1024|1024|13150|20688|240
THREAD|1|3|16730|9940|10563|AppSearch_Index|0.000|0.0|0.000|0|2|2|0-7|0|1024|1024|13115|20690|232
THREAD|1|4|26538|9612|10195|binder:26538_8|0.000|0.0|0.000|0|3|3|0-7|0|1024|1024|3404|6506|3317
THREAD|1|5|26538|9470|10195|binder:26538_B|0.000|0.0|0.000|0|6|6|0-7|0|1024|1024|2531|4304|2105
THREAD|1|6|10622|8513|10201|ExoPlayer:Playb|0.000|0.0|0.000|0|4|4|0-7|0|1024|1024|6463|10331|51
THREAD|1|7|10622|8509|10201|ExoPlayer:Playb|0.000|0.0|0.000|0|1|1|0-7|0|1024|1024|6331|10327|49
THREAD|1|8|26538|8364|10195|IMM.binder-emu|0.000|0.0|0.000|0|2|2|0-7|0|1024|1024|15737|23850|1039
THREAD|1|9|26538|8336|10195|Primes-Jank|0.000|0.0|0.000|0|4|4|0-7|0|1024|1024|16074|23866|1131
THREAD|1|10|16730|8119|10563|AppSearch_Index|0.000|0.0|0.000|0|3|3|0-7|0|1024|1024|13165|20704|245
WINDOW|seq=2|t_cs=16264767|wall_ms=270|threads=263|busy_threads=1|total_runtime_ms=98.808|total_runq_wait_ms=0.353|tgids=5032,9728,10622,16730,26538
THREAD|2|1|9728|9728|10999|sh|98.808|36.5|0.353|13|5|5|0-7|0|1024|1024|94|104|158
THREAD|2|2|16730|9973|10563|AppSearch_Index|0.000|0.0|0.000|0|3|3|0-7|0|1024|1024|13150|20688|240
THREAD|2|3|16730|9940|10563|AppSearch_Index|0.000|0.0|0.000|0|2|2|0-7|0|1024|1024|13115|20690|232
THREAD|2|4|26538|9612|10195|binder:26538_8|0.000|0.0|0.000|0|3|3|0-7|0|1024|1024|3404|6506|3317
THREAD|2|5|26538|9470|10195|binder:26538_B|0.000|0.0|0.000|0|6|6|0-7|0|1024|1024|2531|4304|2105
THREAD|2|6|10622|8513|10201|ExoPlayer:Playb|0.000|0.0|0.000|0|4|4|0-7|0|1024|1024|6463|10331|51
THREAD|2|7|10622|8509|10201|ExoPlayer:Playb|0.000|0.0|0.000|0|1|1|0-7|0|1024|1024|6331|10327|49
THREAD|2|8|26538|8364|10195|IMM.binder-emu|0.000|0.0|0.000|0|2|2|0-7|0|1024|1024|15737|23850|1039
THREAD|2|9|26538|8336|10195|Primes-Jank|0.000|0.0|0.000|0|4|4|0-7|0|1024|1024|16074|23866|1131
THREAD|2|10|16730|8119|10563|AppSearch_Index|0.000|0.0|0.000|0|3|3|0-7|0|1024|1024|13165|20704|245
WINDOW|seq=3|t_cs=16264793|wall_ms=260|threads=263|busy_threads=1|total_runtime_ms=84.274|total_runq_wait_ms=0.325|tgids=5032,9728,10622,16730,26538
THREAD|3|1|9728|9728|10999|sh|84.274|32.4|0.325|16|5|1|0-7|0|1024|1024|102|112|167
THREAD|3|2|16730|9973|10563|AppSearch_Index|0.000|0.0|0.000|0|3|3|0-7|0|1024|1024|13150|20688|240
THREAD|3|3|16730|9940|10563|AppSearch_Index|0.000|0.0|0.000|0|2|2|0-7|0|1024|1024|13115|20690|232
THREAD|3|4|26538|9612|10195|binder:26538_8|0.000|0.0|0.000|0|3|3|0-7|0|1024|1024|3404|6506|3317
THREAD|3|5|26538|9470|10195|binder:26538_B|0.000|0.0|0.000|0|6|6|0-7|0|1024|1024|2531|4304|2105
THREAD|3|6|10622|8513|10201|ExoPlayer:Playb|0.000|0.0|0.000|0|4|4|0-7|0|1024|1024|6463|10331|51
THREAD|3|7|10622|8509|10201|ExoPlayer:Playb|0.000|0.0|0.000|0|1|1|0-7|0|1024|1024|6331|10327|49
THREAD|3|8|26538|8364|10195|IMM.binder-emu|0.000|0.0|0.000|0|2|2|0-7|0|1024|1024|15737|23850|1039
THREAD|3|9|26538|8336|10195|Primes-Jank|0.000|0.0|0.000|0|4|4|0-7|0|1024|1024|16074|23866|1131
THREAD|3|10|16730|8119|10563|AppSearch_Index|0.000|0.0|0.000|0|3|3|0-7|0|1024|1024|13165|20704|245
WINDOW|seq=4|t_cs=16264819|wall_ms=260|threads=263|busy_threads=1|total_runtime_ms=103.772|total_runq_wait_ms=0.839|tgids=5032,9728,10622,16730,26538
THREAD|4|1|9728|9728|10999|sh|103.772|39.9|0.839|20|1|0|0-7|0|1024|1024|107|119|174
THREAD|4|2|16730|9973|10563|AppSearch_Index|0.000|0.0|0.000|0|3|3|0-7|0|1024|1024|13150|20688|240
THREAD|4|3|16730|9940|10563|AppSearch_Index|0.000|0.0|0.000|0|2|2|0-7|0|1024|1024|13115|20690|232
THREAD|4|4|26538|9612|10195|binder:26538_8|0.000|0.0|0.000|0|3|3|0-7|0|1024|1024|3404|6506|3317
THREAD|4|5|26538|9470|10195|binder:26538_B|0.000|0.0|0.000|0|6|6|0-7|0|1024|1024|2531|4304|2105
THREAD|4|6|10622|8513|10201|ExoPlayer:Playb|0.000|0.0|0.000|0|4|4|0-7|0|1024|1024|6463|10331|51
THREAD|4|7|10622|8509|10201|ExoPlayer:Playb|0.000|0.0|0.000|0|1|1|0-7|0|1024|1024|6331|10327|49
THREAD|4|8|26538|8364|10195|IMM.binder-emu|0.000|0.0|0.000|0|2|2|0-7|0|1024|1024|15737|23850|1039
THREAD|4|9|26538|8336|10195|Primes-Jank|0.000|0.0|0.000|0|4|4|0-7|0|1024|1024|16074|23866|1131
THREAD|4|10|16730|8119|10563|AppSearch_Index|0.000|0.0|0.000|0|3|3|0-7|0|1024|1024|13165|20704|245
WINDOW|seq=5|t_cs=16264846|wall_ms=270|threads=263|busy_threads=1|total_runtime_ms=117.860|total_runq_wait_ms=0.008|tgids=5032,9728,10622,16730,26538
THREAD|5|1|9728|9728|10999|sh|117.860|43.6|0.008|9|0|1|0-7|0|1024|1024|109|127|175
THREAD|5|2|16730|9973|10563|AppSearch_Index|0.000|0.0|0.000|0|3|3|0-7|0|1024|1024|13150|20688|240
THREAD|5|3|16730|9940|10563|AppSearch_Index|0.000|0.0|0.000|0|2|2|0-7|0|1024|1024|13115|20690|232
THREAD|5|4|26538|9612|10195|binder:26538_8|0.000|0.0|0.000|0|3|3|0-7|0|1024|1024|3404|6506|3317
THREAD|5|5|26538|9470|10195|binder:26538_B|0.000|0.0|0.000|0|6|6|0-7|0|1024|1024|2531|4304|2105
THREAD|5|6|10622|8513|10201|ExoPlayer:Playb|0.000|0.0|0.000|0|4|4|0-7|0|1024|1024|6463|10331|51
THREAD|5|7|10622|8509|10201|ExoPlayer:Playb|0.000|0.0|0.000|0|1|1|0-7|0|1024|1024|6331|10327|49
THREAD|5|8|26538|8364|10195|IMM.binder-emu|0.000|0.0|0.000|0|2|2|0-7|0|1024|1024|15737|23850|1039
THREAD|5|9|26538|8336|10195|Primes-Jank|0.000|0.0|0.000|0|4|4|0-7|0|1024|1024|16074|23866|1131
THREAD|5|10|16730|8119|10563|AppSearch_Index|0.000|0.0|0.000|0|3|3|0-7|0|1024|1024|13165|20704|245
WINDOW|seq=6|t_cs=16264871|wall_ms=250|threads=263|busy_threads=1|total_runtime_ms=107.398|total_runq_wait_ms=0.027|tgids=5032,9728,10622,16730,26538
THREAD|6|1|9728|9728|10999|sh|107.398|42.9|0.027|9|1|5|0-7|0|1024|1024|114|134|179
THREAD|6|2|16730|9973|10563|AppSearch_Index|0.000|0.0|0.000|0|3|3|0-7|0|1024|1024|13150|20688|240
THREAD|6|3|16730|9940|10563|AppSearch_Index|0.000|0.0|0.000|0|2|2|0-7|0|1024|1024|13115|20690|232
THREAD|6|4|26538|9612|10195|binder:26538_8|0.000|0.0|0.000|0|3|3|0-7|0|1024|1024|3404|6506|3317
THREAD|6|5|26538|9470|10195|binder:26538_B|0.000|0.0|0.000|0|6|6|0-7|0|1024|1024|2531|4304|2105
THREAD|6|6|10622|8513|10201|ExoPlayer:Playb|0.000|0.0|0.000|0|4|4|0-7|0|1024|1024|6463|10331|51
THREAD|6|7|10622|8509|10201|ExoPlayer:Playb|0.000|0.0|0.000|0|1|1|0-7|0|1024|1024|6331|10327|49
THREAD|6|8|26538|8364|10195|IMM.binder-emu|0.000|0.0|0.000|0|2|2|0-7|0|1024|1024|15737|23850|1039
THREAD|6|9|26538|8336|10195|Primes-Jank|0.000|0.0|0.000|0|4|4|0-7|0|1024|1024|16074|23866|1131
THREAD|6|10|16730|8119|10563|AppSearch_Index|0.000|0.0|0.000|0|3|3|0-7|0|1024|1024|13165|20704|245
WINDOW|seq=7|t_cs=16264897|wall_ms=260|threads=263|busy_threads=1|total_runtime_ms=99.511|total_runq_wait_ms=1.181|tgids=5032,9728,10622,16730,26538
THREAD|7|1|9728|9728|10999|sh|99.511|38.2|1.181|24|5|0|0-7|0|1024|1024|124|142|194
THREAD|7|2|16730|9973|10563|AppSearch_Index|0.000|0.0|0.000|0|3|3|0-7|0|1024|1024|13150|20688|240
THREAD|7|3|16730|9940|10563|AppSearch_Index|0.000|0.0|0.000|0|2|2|0-7|0|1024|1024|13115|20690|232
THREAD|7|4|26538|9612|10195|binder:26538_8|0.000|0.0|0.000|0|3|3|0-7|0|1024|1024|3404|6506|3317
THREAD|7|5|26538|9470|10195|binder:26538_B|0.000|0.0|0.000|0|6|6|0-7|0|1024|1024|2531|4304|2105
THREAD|7|6|10622|8513|10201|ExoPlayer:Playb|0.000|0.0|0.000|0|4|4|0-7|0|1024|1024|6463|10331|51
THREAD|7|7|10622|8509|10201|ExoPlayer:Playb|0.000|0.0|0.000|0|1|1|0-7|0|1024|1024|6331|10327|49
THREAD|7|8|26538|8364|10195|IMM.binder-emu|0.000|0.0|0.000|0|2|2|0-7|0|1024|1024|15737|23850|1039
THREAD|7|9|26538|8336|10195|Primes-Jank|0.000|0.0|0.000|0|4|4|0-7|0|1024|1024|16074|23866|1131
THREAD|7|10|16730|8119|10563|AppSearch_Index|0.000|0.0|0.000|0|3|3|0-7|0|1024|1024|13165|20704|245
WINDOW|seq=8|t_cs=16264924|wall_ms=270|threads=263|busy_threads=1|total_runtime_ms=112.033|total_runq_wait_ms=3.027|tgids=5032,9728,10622,16730,26538
THREAD|8|1|9728|9728|10999|sh|112.033|41.4|3.027|32|0|4|0-7|0|1024|1024|139|150|232
THREAD|8|2|16730|9973|10563|AppSearch_Index|0.000|0.0|0.000|0|3|3|0-7|0|1024|1024|13150|20688|240
THREAD|8|3|16730|9940|10563|AppSearch_Index|0.000|0.0|0.000|0|2|2|0-7|0|1024|1024|13115|20690|232
THREAD|8|4|26538|9612|10195|binder:26538_8|0.000|0.0|0.000|0|3|3|0-7|0|1024|1024|3404|6506|3317
THREAD|8|5|26538|9470|10195|binder:26538_B|0.000|0.0|0.000|0|6|6|0-7|0|1024|1024|2531|4304|2105
THREAD|8|6|10622|8513|10201|ExoPlayer:Playb|0.000|0.0|0.000|0|4|4|0-7|0|1024|1024|6463|10331|51
THREAD|8|7|10622|8509|10201|ExoPlayer:Playb|0.000|0.0|0.000|0|1|1|0-7|0|1024|1024|6331|10327|49
THREAD|8|8|26538|8364|10195|IMM.binder-emu|0.000|0.0|0.000|0|2|2|0-7|0|1024|1024|15737|23850|1039
THREAD|8|9|26538|8336|10195|Primes-Jank|0.000|0.0|0.000|0|4|4|0-7|0|1024|1024|16074|23866|1131
THREAD|8|10|16730|8119|10563|AppSearch_Index|0.000|0.0|0.000|0|3|3|0-7|0|1024|1024|13165|20704|245
WINDOW|seq=9|t_cs=16264949|wall_ms=250|threads=263|busy_threads=3|total_runtime_ms=93.908|total_runq_wait_ms=3.557|tgids=5032,9728,10622,16730,26538
THREAD|9|1|9728|9728|10999|sh|93.739|37.4|3.487|43|4|4|0-7|0|1024|1024|148|157|254
THREAD|9|2|26538|26585|10195|binder:26538_3|0.115|0.0|0.069|1|4|4|0-7|0|1024|1024|6656|10099|3533
THREAD|9|3|26538|27611|10195|pool-8-thread-1|0.053|0.0|0.000|1|5|5|0-7|0|1024|1024|4301|8252|451
THREAD|9|4|16730|9973|10563|AppSearch_Index|0.000|0.0|0.000|0|3|3|0-7|0|1024|1024|13150|20688|240
THREAD|9|5|16730|9940|10563|AppSearch_Index|0.000|0.0|0.000|0|2|2|0-7|0|1024|1024|13115|20690|232
THREAD|9|6|26538|9612|10195|binder:26538_8|0.000|0.0|0.000|0|3|3|0-7|0|1024|1024|3404|6506|3317
THREAD|9|7|26538|9470|10195|binder:26538_B|0.000|0.0|0.000|0|6|6|0-7|0|1024|1024|2531|4304|2105
THREAD|9|8|10622|8513|10201|ExoPlayer:Playb|0.000|0.0|0.000|0|4|4|0-7|0|1024|1024|6463|10331|51
THREAD|9|9|10622|8509|10201|ExoPlayer:Playb|0.000|0.0|0.000|0|1|1|0-7|0|1024|1024|6331|10327|49
THREAD|9|10|26538|8364|10195|IMM.binder-emu|0.000|0.0|0.000|0|2|2|0-7|0|1024|1024|15737|23850|1039
WINDOW|seq=10|t_cs=16264974|wall_ms=250|threads=263|busy_threads=1|total_runtime_ms=93.797|total_runq_wait_ms=0.185|tgids=5032,9728,10622,16730,26538
THREAD|10|1|9728|9728|10999|sh|93.797|37.5|0.185|16|4|4|0-7|0|1024|1024|158|164|270
THREAD|10|2|16730|9973|10563|AppSearch_Index|0.000|0.0|0.000|0|3|3|0-7|0|1024|1024|13150|20688|240
THREAD|10|3|16730|9940|10563|AppSearch_Index|0.000|0.0|0.000|0|2|2|0-7|0|1024|1024|13115|20690|232
THREAD|10|4|26538|9612|10195|binder:26538_8|0.000|0.0|0.000|0|3|3|0-7|0|1024|1024|3404|6506|3317
THREAD|10|5|26538|9470|10195|binder:26538_B|0.000|0.0|0.000|0|6|6|0-7|0|1024|1024|2531|4304|2105
THREAD|10|6|10622|8513|10201|ExoPlayer:Playb|0.000|0.0|0.000|0|4|4|0-7|0|1024|1024|6463|10331|51
THREAD|10|7|10622|8509|10201|ExoPlayer:Playb|0.000|0.0|0.000|0|1|1|0-7|0|1024|1024|6331|10327|49
THREAD|10|8|26538|8364|10195|IMM.binder-emu|0.000|0.0|0.000|0|2|2|0-7|0|1024|1024|15737|23850|1039
THREAD|10|9|26538|8336|10195|Primes-Jank|0.000|0.0|0.000|0|4|4|0-7|0|1024|1024|16074|23866|1131
THREAD|10|10|16730|8119|10563|AppSearch_Index|0.000|0.0|0.000|0|3|3|0-7|0|1024|1024|13165|20704|245
WINDOW|seq=11|t_cs=16265001|wall_ms=270|threads=263|busy_threads=1|total_runtime_ms=110.657|total_runq_wait_ms=0.786|tgids=5032,9728,10622,16730,26538
THREAD|11|1|9728|9728|10999|sh|110.657|40.9|0.786|21|4|1|0-7|0|1024|1024|163|173|279
THREAD|11|2|16730|9973|10563|AppSearch_Index|0.000|0.0|0.000|0|3|3|0-7|0|1024|1024|13150|20688|240
THREAD|11|3|16730|9940|10563|AppSearch_Index|0.000|0.0|0.000|0|2|2|0-7|0|1024|1024|13115|20690|232
THREAD|11|4|26538|9612|10195|binder:26538_8|0.000|0.0|0.000|0|3|3|0-7|0|1024|1024|3404|6506|3317
THREAD|11|5|26538|9470|10195|binder:26538_B|0.000|0.0|0.000|0|6|6|0-7|0|1024|1024|2531|4304|2105
THREAD|11|6|10622|8513|10201|ExoPlayer:Playb|0.000|0.0|0.000|0|4|4|0-7|0|1024|1024|6463|10331|51
THREAD|11|7|10622|8509|10201|ExoPlayer:Playb|0.000|0.0|0.000|0|1|1|0-7|0|1024|1024|6331|10327|49
THREAD|11|8|26538|8364|10195|IMM.binder-emu|0.000|0.0|0.000|0|2|2|0-7|0|1024|1024|15737|23850|1039
THREAD|11|9|26538|8336|10195|Primes-Jank|0.000|0.0|0.000|0|4|4|0-7|0|1024|1024|16074|23866|1131
THREAD|11|10|16730|8119|10563|AppSearch_Index|0.000|0.0|0.000|0|3|3|0-7|0|1024|1024|13165|20704|245
WINDOW|seq=12|t_cs=16265025|wall_ms=240|threads=263|busy_threads=1|total_runtime_ms=79.665|total_runq_wait_ms=0.179|tgids=5032,9728,10622,16730,26538
THREAD|12|1|9728|9728|10999|sh|79.665|33.1|0.179|16|1|5|0-7|0|1024|1024|168|180|310
THREAD|12|2|16730|9973|10563|AppSearch_Index|0.000|0.0|0.000|0|3|3|0-7|0|1024|1024|13150|20688|240
THREAD|12|3|16730|9940|10563|AppSearch_Index|0.000|0.0|0.000|0|2|2|0-7|0|1024|1024|13115|20690|232
THREAD|12|4|26538|9612|10195|binder:26538_8|0.000|0.0|0.000|0|3|3|0-7|0|1024|1024|3404|6506|3317
THREAD|12|5|26538|9470|10195|binder:26538_B|0.000|0.0|0.000|0|6|6|0-7|0|1024|1024|2531|4304|2105
THREAD|12|6|10622|8513|10201|ExoPlayer:Playb|0.000|0.0|0.000|0|4|4|0-7|0|1024|1024|6463|10331|51
THREAD|12|7|10622|8509|10201|ExoPlayer:Playb|0.000|0.0|0.000|0|1|1|0-7|0|1024|1024|6331|10327|49
THREAD|12|8|26538|8364|10195|IMM.binder-emu|0.000|0.0|0.000|0|2|2|0-7|0|1024|1024|15737|23850|1039
THREAD|12|9|26538|8336|10195|Primes-Jank|0.000|0.0|0.000|0|4|4|0-7|0|1024|1024|16074|23866|1131
THREAD|12|10|16730|8119|10563|AppSearch_Index|0.000|0.0|0.000|0|3|3|0-7|0|1024|1024|13165|20704|245
WINDOW|seq=13|t_cs=16265051|wall_ms=260|threads=263|busy_threads=1|total_runtime_ms=114.563|total_runq_wait_ms=3.667|tgids=5032,9728,10622,16730,26538
THREAD|13|1|9728|9728|10999|sh|114.563|44.0|3.667|36|5|1|0-7|0|1024|1024|171|187|313
THREAD|13|2|16730|9973|10563|AppSearch_Index|0.000|0.0|0.000|0|3|3|0-7|0|1024|1024|13150|20688|240
THREAD|13|3|16730|9940|10563|AppSearch_Index|0.000|0.0|0.000|0|2|2|0-7|0|1024|1024|13115|20690|232
THREAD|13|4|26538|9612|10195|binder:26538_8|0.000|0.0|0.000|0|3|3|0-7|0|1024|1024|3404|6506|3317
THREAD|13|5|26538|9470|10195|binder:26538_B|0.000|0.0|0.000|0|6|6|0-7|0|1024|1024|2531|4304|2105
THREAD|13|6|10622|8513|10201|ExoPlayer:Playb|0.000|0.0|0.000|0|4|4|0-7|0|1024|1024|6463|10331|51
THREAD|13|7|10622|8509|10201|ExoPlayer:Playb|0.000|0.0|0.000|0|1|1|0-7|0|1024|1024|6331|10327|49
THREAD|13|8|26538|8364|10195|IMM.binder-emu|0.000|0.0|0.000|0|2|2|0-7|0|1024|1024|15737|23850|1039
THREAD|13|9|26538|8336|10195|Primes-Jank|0.000|0.0|0.000|0|4|4|0-7|0|1024|1024|16074|23866|1131
THREAD|13|10|16730|8119|10563|AppSearch_Index|0.000|0.0|0.000|0|3|3|0-7|0|1024|1024|13165|20704|245
WINDOW|seq=14|t_cs=16265077|wall_ms=260|threads=263|busy_threads=1|total_runtime_ms=111.756|total_runq_wait_ms=0.217|tgids=5032,9728,10622,16730,26538
THREAD|14|1|9728|9728|10999|sh|111.756|42.9|0.217|14|1|0|0-7|0|1024|1024|180|194|322
THREAD|14|2|16730|9973|10563|AppSearch_Index|0.000|0.0|0.000|0|3|3|0-7|0|1024|1024|13150|20688|240
THREAD|14|3|16730|9940|10563|AppSearch_Index|0.000|0.0|0.000|0|2|2|0-7|0|1024|1024|13115|20690|232
THREAD|14|4|26538|9612|10195|binder:26538_8|0.000|0.0|0.000|0|3|3|0-7|0|1024|1024|3404|6506|3317
THREAD|14|5|26538|9470|10195|binder:26538_B|0.000|0.0|0.000|0|6|6|0-7|0|1024|1024|2531|4304|2105
THREAD|14|6|10622|8513|10201|ExoPlayer:Playb|0.000|0.0|0.000|0|4|4|0-7|0|1024|1024|6463|10331|51
THREAD|14|7|10622|8509|10201|ExoPlayer:Playb|0.000|0.0|0.000|0|1|1|0-7|0|1024|1024|6331|10327|49
THREAD|14|8|26538|8364|10195|IMM.binder-emu|0.000|0.0|0.000|0|2|2|0-7|0|1024|1024|15737|23850|1039
THREAD|14|9|26538|8336|10195|Primes-Jank|0.000|0.0|0.000|0|4|4|0-7|0|1024|1024|16074|23866|1131
THREAD|14|10|16730|8119|10563|AppSearch_Index|0.000|0.0|0.000|0|3|3|0-7|0|1024|1024|13165|20704|245
WINDOW|seq=15|t_cs=16265103|wall_ms=260|threads=263|busy_threads=1|total_runtime_ms=107.478|total_runq_wait_ms=0.834|tgids=5032,9728,10622,16730,26538
THREAD|15|1|9728|9728|10999|sh|107.478|41.3|0.834|16|0|0|0-7|0|1024|1024|184|202|328
THREAD|15|2|16730|9973|10563|AppSearch_Index|0.000|0.0|0.000|0|3|3|0-7|0|1024|1024|13150|20688|240
THREAD|15|3|16730|9940|10563|AppSearch_Index|0.000|0.0|0.000|0|2|2|0-7|0|1024|1024|13115|20690|232
THREAD|15|4|26538|9612|10195|binder:26538_8|0.000|0.0|0.000|0|3|3|0-7|0|1024|1024|3404|6506|3317
THREAD|15|5|26538|9470|10195|binder:26538_B|0.000|0.0|0.000|0|6|6|0-7|0|1024|1024|2531|4304|2105
THREAD|15|6|10622|8513|10201|ExoPlayer:Playb|0.000|0.0|0.000|0|4|4|0-7|0|1024|1024|6463|10331|51
THREAD|15|7|10622|8509|10201|ExoPlayer:Playb|0.000|0.0|0.000|0|1|1|0-7|0|1024|1024|6331|10327|49
THREAD|15|8|26538|8364|10195|IMM.binder-emu|0.000|0.0|0.000|0|2|2|0-7|0|1024|1024|15737|23850|1039
THREAD|15|9|26538|8336|10195|Primes-Jank|0.000|0.0|0.000|0|4|4|0-7|0|1024|1024|16074|23866|1131
THREAD|15|10|16730|8119|10563|AppSearch_Index|0.000|0.0|0.000|0|3|3|0-7|0|1024|1024|13165|20704|245
WINDOW|seq=16|t_cs=16265129|wall_ms=260|threads=263|busy_threads=1|total_runtime_ms=89.640|total_runq_wait_ms=0.233|tgids=5032,9728,10622,16730,26538
THREAD|16|1|9728|9728|10999|sh|89.640|34.4|0.233|13|0|4|0-7|0|1024|1024|189|210|340
THREAD|16|2|16730|9973|10563|AppSearch_Index|0.000|0.0|0.000|0|3|3|0-7|0|1024|1024|13150|20688|240
THREAD|16|3|16730|9940|10563|AppSearch_Index|0.000|0.0|0.000|0|2|2|0-7|0|1024|1024|13115|20690|232
THREAD|16|4|26538|9612|10195|binder:26538_8|0.000|0.0|0.000|0|3|3|0-7|0|1024|1024|3404|6506|3317
THREAD|16|5|26538|9470|10195|binder:26538_B|0.000|0.0|0.000|0|6|6|0-7|0|1024|1024|2531|4304|2105
THREAD|16|6|10622|8513|10201|ExoPlayer:Playb|0.000|0.0|0.000|0|4|4|0-7|0|1024|1024|6463|10331|51
THREAD|16|7|10622|8509|10201|ExoPlayer:Playb|0.000|0.0|0.000|0|1|1|0-7|0|1024|1024|6331|10327|49
THREAD|16|8|26538|8364|10195|IMM.binder-emu|0.000|0.0|0.000|0|2|2|0-7|0|1024|1024|15737|23850|1039
THREAD|16|9|26538|8336|10195|Primes-Jank|0.000|0.0|0.000|0|4|4|0-7|0|1024|1024|16074|23866|1131
THREAD|16|10|16730|8119|10563|AppSearch_Index|0.000|0.0|0.000|0|3|3|0-7|0|1024|1024|13165|20704|245
WINDOW|seq=17|t_cs=16265154|wall_ms=250|threads=263|busy_threads=1|total_runtime_ms=103.620|total_runq_wait_ms=1.391|tgids=5032,9728,10622,16730,26538
THREAD|17|1|9728|9728|10999|sh|103.620|41.4|1.391|15|4|1|0-7|0|1024|1024|196|218|352
THREAD|17|2|16730|9973|10563|AppSearch_Index|0.000|0.0|0.000|0|3|3|0-7|0|1024|1024|13150|20688|240
THREAD|17|3|16730|9940|10563|AppSearch_Index|0.000|0.0|0.000|0|2|2|0-7|0|1024|1024|13115|20690|232
THREAD|17|4|26538|9612|10195|binder:26538_8|0.000|0.0|0.000|0|3|3|0-7|0|1024|1024|3404|6506|3317
THREAD|17|5|26538|9470|10195|binder:26538_B|0.000|0.0|0.000|0|6|6|0-7|0|1024|1024|2531|4304|2105
THREAD|17|6|10622|8513|10201|ExoPlayer:Playb|0.000|0.0|0.000|0|4|4|0-7|0|1024|1024|6463|10331|51
THREAD|17|7|10622|8509|10201|ExoPlayer:Playb|0.000|0.0|0.000|0|1|1|0-7|0|1024|1024|6331|10327|49
THREAD|17|8|26538|8364|10195|IMM.binder-emu|0.000|0.0|0.000|0|2|2|0-7|0|1024|1024|15737|23850|1039
THREAD|17|9|26538|8336|10195|Primes-Jank|0.000|0.0|0.000|0|4|4|0-7|0|1024|1024|16074|23866|1131
THREAD|17|10|16730|8119|10563|AppSearch_Index|0.000|0.0|0.000|0|3|3|0-7|0|1024|1024|13165|20704|245
WINDOW|seq=18|t_cs=16265180|wall_ms=260|threads=263|busy_threads=1|total_runtime_ms=104.831|total_runq_wait_ms=1.096|tgids=5032,9728,10622,16730,26538
THREAD|18|1|9728|9728|10999|sh|104.831|40.3|1.096|23|1|4|0-7|0|1024|1024|201|225|357
THREAD|18|2|16730|9973|10563|AppSearch_Index|0.000|0.0|0.000|0|3|3|0-7|0|1024|1024|13150|20688|240
THREAD|18|3|16730|9940|10563|AppSearch_Index|0.000|0.0|0.000|0|2|2|0-7|0|1024|1024|13115|20690|232
THREAD|18|4|26538|9612|10195|binder:26538_8|0.000|0.0|0.000|0|3|3|0-7|0|1024|1024|3404|6506|3317
THREAD|18|5|26538|9470|10195|binder:26538_B|0.000|0.0|0.000|0|6|6|0-7|0|1024|1024|2531|4304|2105
THREAD|18|6|10622|8513|10201|ExoPlayer:Playb|0.000|0.0|0.000|0|4|4|0-7|0|1024|1024|6463|10331|51
THREAD|18|7|10622|8509|10201|ExoPlayer:Playb|0.000|0.0|0.000|0|1|1|0-7|0|1024|1024|6331|10327|49
THREAD|18|8|26538|8364|10195|IMM.binder-emu|0.000|0.0|0.000|0|2|2|0-7|0|1024|1024|15737|23850|1039
THREAD|18|9|26538|8336|10195|Primes-Jank|0.000|0.0|0.000|0|4|4|0-7|0|1024|1024|16074|23866|1131
THREAD|18|10|16730|8119|10563|AppSearch_Index|0.000|0.0|0.000|0|3|3|0-7|0|1024|1024|13165|20704|245
WINDOW|seq=19|t_cs=16265207|wall_ms=270|threads=263|busy_threads=1|total_runtime_ms=122.840|total_runq_wait_ms=0.449|tgids=5032,9728,10622,16730,26538
THREAD|19|1|9728|9728|10999|sh|122.840|45.4|0.449|19|4|1|0-7|0|1024|1024|207|232|367
THREAD|19|2|16730|9973|10563|AppSearch_Index|0.000|0.0|0.000|0|3|3|0-7|0|1024|1024|13150|20688|240
THREAD|19|3|16730|9940|10563|AppSearch_Index|0.000|0.0|0.000|0|2|2|0-7|0|1024|1024|13115|20690|232
THREAD|19|4|26538|9612|10195|binder:26538_8|0.000|0.0|0.000|0|3|3|0-7|0|1024|1024|3404|6506|3317
THREAD|19|5|26538|9470|10195|binder:26538_B|0.000|0.0|0.000|0|6|6|0-7|0|1024|1024|2531|4304|2105
THREAD|19|6|10622|8513|10201|ExoPlayer:Playb|0.000|0.0|0.000|0|4|4|0-7|0|1024|1024|6463|10331|51
THREAD|19|7|10622|8509|10201|ExoPlayer:Playb|0.000|0.0|0.000|0|1|1|0-7|0|1024|1024|6331|10327|49
THREAD|19|8|26538|8364|10195|IMM.binder-emu|0.000|0.0|0.000|0|2|2|0-7|0|1024|1024|15737|23850|1039
THREAD|19|9|26538|8336|10195|Primes-Jank|0.000|0.0|0.000|0|4|4|0-7|0|1024|1024|16074|23866|1131
THREAD|19|10|16730|8119|10563|AppSearch_Index|0.000|0.0|0.000|0|3|3|0-7|0|1024|1024|13165|20704|245
WINDOW|seq=20|t_cs=16265231|wall_ms=240|threads=263|busy_threads=1|total_runtime_ms=109.560|total_runq_wait_ms=0.084|tgids=5032,9728,10622,16730,26538
THREAD|20|1|9728|9728|10999|sh|109.560|45.6|0.084|10|1|1|0-7|0|1024|1024|209|238|378
THREAD|20|2|16730|9973|10563|AppSearch_Index|0.000|0.0|0.000|0|3|3|0-7|0|1024|1024|13150|20688|240
THREAD|20|3|16730|9940|10563|AppSearch_Index|0.000|0.0|0.000|0|2|2|0-7|0|1024|1024|13115|20690|232
THREAD|20|4|26538|9612|10195|binder:26538_8|0.000|0.0|0.000|0|3|3|0-7|0|1024|1024|3404|6506|3317
THREAD|20|5|26538|9470|10195|binder:26538_B|0.000|0.0|0.000|0|6|6|0-7|0|1024|1024|2531|4304|2105
THREAD|20|6|10622|8513|10201|ExoPlayer:Playb|0.000|0.0|0.000|0|4|4|0-7|0|1024|1024|6463|10331|51
THREAD|20|7|10622|8509|10201|ExoPlayer:Playb|0.000|0.0|0.000|0|1|1|0-7|0|1024|1024|6331|10327|49
THREAD|20|8|26538|8364|10195|IMM.binder-emu|0.000|0.0|0.000|0|2|2|0-7|0|1024|1024|15737|23850|1039
THREAD|20|9|26538|8336|10195|Primes-Jank|0.000|0.0|0.000|0|4|4|0-7|0|1024|1024|16074|23866|1131
THREAD|20|10|16730|8119|10563|AppSearch_Index|0.000|0.0|0.000|0|3|3|0-7|0|1024|1024|13165|20704|245
WINDOW|seq=21|t_cs=16265256|wall_ms=250|threads=263|busy_threads=1|total_runtime_ms=123.365|total_runq_wait_ms=0.591|tgids=5032,9728,10622,16730,26538
THREAD|21|1|9728|9728|10999|sh|123.365|49.3|0.591|20|1|5|0-7|0|1024|1024|214|245|386
THREAD|21|2|16730|9973|10563|AppSearch_Index|0.000|0.0|0.000|0|3|3|0-7|0|1024|1024|13150|20688|240
THREAD|21|3|16730|9940|10563|AppSearch_Index|0.000|0.0|0.000|0|2|2|0-7|0|1024|1024|13115|20690|232
THREAD|21|4|26538|9612|10195|binder:26538_8|0.000|0.0|0.000|0|3|3|0-7|0|1024|1024|3404|6506|3317
THREAD|21|5|26538|9470|10195|binder:26538_B|0.000|0.0|0.000|0|6|6|0-7|0|1024|1024|2531|4304|2105
THREAD|21|6|10622|8513|10201|ExoPlayer:Playb|0.000|0.0|0.000|0|4|4|0-7|0|1024|1024|6463|10331|51
THREAD|21|7|10622|8509|10201|ExoPlayer:Playb|0.000|0.0|0.000|0|1|1|0-7|0|1024|1024|6331|10327|49
THREAD|21|8|26538|8364|10195|IMM.binder-emu|0.000|0.0|0.000|0|2|2|0-7|0|1024|1024|15737|23850|1039
THREAD|21|9|26538|8336|10195|Primes-Jank|0.000|0.0|0.000|0|4|4|0-7|0|1024|1024|16074|23866|1131
THREAD|21|10|16730|8119|10563|AppSearch_Index|0.000|0.0|0.000|0|3|3|0-7|0|1024|1024|13165|20704|245
WINDOW|seq=22|t_cs=16265282|wall_ms=260|threads=263|busy_threads=1|total_runtime_ms=107.661|total_runq_wait_ms=1.877|tgids=5032,9728,10622,16730,26538
THREAD|22|1|9728|9728|10999|sh|107.661|41.4|1.877|31|5|5|0-7|0|1024|1024|227|252|410
THREAD|22|2|16730|9973|10563|AppSearch_Index|0.000|0.0|0.000|0|3|3|0-7|0|1024|1024|13150|20688|240
THREAD|22|3|16730|9940|10563|AppSearch_Index|0.000|0.0|0.000|0|2|2|0-7|0|1024|1024|13115|20690|232
THREAD|22|4|26538|9612|10195|binder:26538_8|0.000|0.0|0.000|0|3|3|0-7|0|1024|1024|3404|6506|3317
THREAD|22|5|26538|9470|10195|binder:26538_B|0.000|0.0|0.000|0|6|6|0-7|0|1024|1024|2531|4304|2105
THREAD|22|6|10622|8513|10201|ExoPlayer:Playb|0.000|0.0|0.000|0|4|4|0-7|0|1024|1024|6463|10331|51
THREAD|22|7|10622|8509|10201|ExoPlayer:Playb|0.000|0.0|0.000|0|1|1|0-7|0|1024|1024|6331|10327|49
THREAD|22|8|26538|8364|10195|IMM.binder-emu|0.000|0.0|0.000|0|2|2|0-7|0|1024|1024|15737|23850|1039
THREAD|22|9|26538|8336|10195|Primes-Jank|0.000|0.0|0.000|0|4|4|0-7|0|1024|1024|16074|23866|1131
THREAD|22|10|16730|8119|10563|AppSearch_Index|0.000|0.0|0.000|0|3|3|0-7|0|1024|1024|13165|20704|245
WINDOW|seq=23|t_cs=16265309|wall_ms=270|threads=263|busy_threads=1|total_runtime_ms=112.054|total_runq_wait_ms=0.714|tgids=5032,9728,10622,16730,26538
THREAD|23|1|9728|9728|10999|sh|112.054|41.5|0.714|16|5|0|0-7|0|1024|1024|233|260|423
THREAD|23|2|16730|9973|10563|AppSearch_Index|0.000|0.0|0.000|0|3|3|0-7|0|1024|1024|13150|20688|240
THREAD|23|3|16730|9940|10563|AppSearch_Index|0.000|0.0|0.000|0|2|2|0-7|0|1024|1024|13115|20690|232
THREAD|23|4|26538|9612|10195|binder:26538_8|0.000|0.0|0.000|0|3|3|0-7|0|1024|1024|3404|6506|3317
THREAD|23|5|26538|9470|10195|binder:26538_B|0.000|0.0|0.000|0|6|6|0-7|0|1024|1024|2531|4304|2105
THREAD|23|6|10622|8513|10201|ExoPlayer:Playb|0.000|0.0|0.000|0|4|4|0-7|0|1024|1024|6463|10331|51
THREAD|23|7|10622|8509|10201|ExoPlayer:Playb|0.000|0.0|0.000|0|1|1|0-7|0|1024|1024|6331|10327|49
THREAD|23|8|26538|8364|10195|IMM.binder-emu|0.000|0.0|0.000|0|2|2|0-7|0|1024|1024|15737|23850|1039
THREAD|23|9|26538|8336|10195|Primes-Jank|0.000|0.0|0.000|0|4|4|0-7|0|1024|1024|16074|23866|1131
THREAD|23|10|16730|8119|10563|AppSearch_Index|0.000|0.0|0.000|0|3|3|0-7|0|1024|1024|13165|20704|245
WINDOW|seq=24|t_cs=16265335|wall_ms=260|threads=263|busy_threads=1|total_runtime_ms=95.882|total_runq_wait_ms=0.525|tgids=5032,9728,10622,16730,26538
THREAD|24|1|9728|9728|10999|sh|95.882|36.8|0.525|18|0|4|0-7|0|1024|1024|235|268|427
THREAD|24|2|16730|9973|10563|AppSearch_Index|0.000|0.0|0.000|0|3|3|0-7|0|1024|1024|13150|20688|240
THREAD|24|3|16730|9940|10563|AppSearch_Index|0.000|0.0|0.000|0|2|2|0-7|0|1024|1024|13115|20690|232
THREAD|24|4|26538|9612|10195|binder:26538_8|0.000|0.0|0.000|0|3|3|0-7|0|1024|1024|3404|6506|3317
THREAD|24|5|26538|9470|10195|binder:26538_B|0.000|0.0|0.000|0|6|6|0-7|0|1024|1024|2531|4304|2105
THREAD|24|6|10622|8513|10201|ExoPlayer:Playb|0.000|0.0|0.000|0|4|4|0-7|0|1024|1024|6463|10331|51
THREAD|24|7|10622|8509|10201|ExoPlayer:Playb|0.000|0.0|0.000|0|1|1|0-7|0|1024|1024|6331|10327|49
THREAD|24|8|26538|8364|10195|IMM.binder-emu|0.000|0.0|0.000|0|2|2|0-7|0|1024|1024|15737|23850|1039
THREAD|24|9|26538|8336|10195|Primes-Jank|0.000|0.0|0.000|0|4|4|0-7|0|1024|1024|16074|23866|1131
THREAD|24|10|16730|8119|10563|AppSearch_Index|0.000|0.0|0.000|0|3|3|0-7|0|1024|1024|13165|20704|245
WINDOW|seq=25|t_cs=16265360|wall_ms=250|threads=263|busy_threads=1|total_runtime_ms=92.417|total_runq_wait_ms=2.516|tgids=5032,9728,10622,16730,26538
THREAD|25|1|9728|9728|10999|sh|92.417|36.9|2.516|33|4|3|0-7|0|1024|1024|248|276|456
THREAD|25|2|16730|9973|10563|AppSearch_Index|0.000|0.0|0.000|0|3|3|0-7|0|1024|1024|13150|20688|240
THREAD|25|3|16730|9940|10563|AppSearch_Index|0.000|0.0|0.000|0|2|2|0-7|0|1024|1024|13115|20690|232
THREAD|25|4|26538|9612|10195|binder:26538_8|0.000|0.0|0.000|0|3|3|0-7|0|1024|1024|3404|6506|3317
THREAD|25|5|26538|9470|10195|binder:26538_B|0.000|0.0|0.000|0|6|6|0-7|0|1024|1024|2531|4304|2105
THREAD|25|6|10622|8513|10201|ExoPlayer:Playb|0.000|0.0|0.000|0|4|4|0-7|0|1024|1024|6463|10331|51
THREAD|25|7|10622|8509|10201|ExoPlayer:Playb|0.000|0.0|0.000|0|1|1|0-7|0|1024|1024|6331|10327|49
THREAD|25|8|26538|8364|10195|IMM.binder-emu|0.000|0.0|0.000|0|2|2|0-7|0|1024|1024|15737|23850|1039
THREAD|25|9|26538|8336|10195|Primes-Jank|0.000|0.0|0.000|0|4|4|0-7|0|1024|1024|16074|23866|1131
THREAD|25|10|16730|8119|10563|AppSearch_Index|0.000|0.0|0.000|0|3|3|0-7|0|1024|1024|13165|20704|245
WINDOW|seq=26|t_cs=16265387|wall_ms=270|threads=263|busy_threads=3|total_runtime_ms=93.148|total_runq_wait_ms=2.302|tgids=5032,9728,10622,16730,26538
THREAD|26|1|9728|9728|10999|sh|93.017|34.4|1.896|29|3|5|0-7|0|1024|1024|254|284|472
THREAD|26|2|26538|26585|10195|binder:26538_3|0.105|0.0|0.399|2|4|5|0-7|0|1024|1024|6658|10101|3533
THREAD|26|3|26538|27611|10195|pool-8-thread-1|0.025|0.0|0.006|2|5|5|0-7|0|1024|1024|4301|8254|451
THREAD|26|4|16730|9973|10563|AppSearch_Index|0.000|0.0|0.000|0|3|3|0-7|0|1024|1024|13150|20688|240
THREAD|26|5|16730|9940|10563|AppSearch_Index|0.000|0.0|0.000|0|2|2|0-7|0|1024|1024|13115|20690|232
THREAD|26|6|26538|9612|10195|binder:26538_8|0.000|0.0|0.000|0|3|3|0-7|0|1024|1024|3404|6506|3317
THREAD|26|7|26538|9470|10195|binder:26538_B|0.000|0.0|0.000|0|6|6|0-7|0|1024|1024|2531|4304|2105
THREAD|26|8|10622|8513|10201|ExoPlayer:Playb|0.000|0.0|0.000|0|4|4|0-7|0|1024|1024|6463|10331|51
THREAD|26|9|10622|8509|10201|ExoPlayer:Playb|0.000|0.0|0.000|0|1|1|0-7|0|1024|1024|6331|10327|49
THREAD|26|10|26538|8364|10195|IMM.binder-emu|0.000|0.0|0.000|0|2|2|0-7|0|1024|1024|15737|23850|1039
WINDOW|seq=27|t_cs=16265413|wall_ms=260|threads=263|busy_threads=1|total_runtime_ms=106.508|total_runq_wait_ms=0.257|tgids=5032,9728,10622,16730,26538
THREAD|27|1|9728|9728|10999|sh|106.508|40.9|0.257|16|5|5|0-7|0|1024|1024|260|292|480
THREAD|27|2|16730|9973|10563|AppSearch_Index|0.000|0.0|0.000|0|3|3|0-7|0|1024|1024|13150|20688|240
THREAD|27|3|16730|9940|10563|AppSearch_Index|0.000|0.0|0.000|0|2|2|0-7|0|1024|1024|13115|20690|232
THREAD|27|4|26538|9612|10195|binder:26538_8|0.000|0.0|0.000|0|3|3|0-7|0|1024|1024|3404|6506|3317
THREAD|27|5|26538|9470|10195|binder:26538_B|0.000|0.0|0.000|0|6|6|0-7|0|1024|1024|2531|4304|2105
THREAD|27|6|10622|8513|10201|ExoPlayer:Playb|0.000|0.0|0.000|0|4|4|0-7|0|1024|1024|6463|10331|51
THREAD|27|7|10622|8509|10201|ExoPlayer:Playb|0.000|0.0|0.000|0|1|1|0-7|0|1024|1024|6331|10327|49
THREAD|27|8|26538|8364|10195|IMM.binder-emu|0.000|0.0|0.000|0|2|2|0-7|0|1024|1024|15737|23850|1039
THREAD|27|9|26538|8336|10195|Primes-Jank|0.000|0.0|0.000|0|4|4|0-7|0|1024|1024|16074|23866|1131
THREAD|27|10|16730|8119|10563|AppSearch_Index|0.000|0.0|0.000|0|3|3|0-7|0|1024|1024|13165|20704|245
WINDOW|seq=28|t_cs=16265439|wall_ms=260|threads=263|busy_threads=1|total_runtime_ms=111.073|total_runq_wait_ms=0.083|tgids=5032,9728,10622,16730,26538
THREAD|28|1|9728|9728|10999|sh|111.073|42.7|0.083|10|5|4|0-7|0|1024|1024|262|299|485
THREAD|28|2|16730|9973|10563|AppSearch_Index|0.000|0.0|0.000|0|3|3|0-7|0|1024|1024|13150|20688|240
THREAD|28|3|16730|9940|10563|AppSearch_Index|0.000|0.0|0.000|0|2|2|0-7|0|1024|1024|13115|20690|232
THREAD|28|4|26538|9612|10195|binder:26538_8|0.000|0.0|0.000|0|3|3|0-7|0|1024|1024|3404|6506|3317
THREAD|28|5|26538|9470|10195|binder:26538_B|0.000|0.0|0.000|0|6|6|0-7|0|1024|1024|2531|4304|2105
THREAD|28|6|10622|8513|10201|ExoPlayer:Playb|0.000|0.0|0.000|0|4|4|0-7|0|1024|1024|6463|10331|51
THREAD|28|7|10622|8509|10201|ExoPlayer:Playb|0.000|0.0|0.000|0|1|1|0-7|0|1024|1024|6331|10327|49
THREAD|28|8|26538|8364|10195|IMM.binder-emu|0.000|0.0|0.000|0|2|2|0-7|0|1024|1024|15737|23850|1039
THREAD|28|9|26538|8336|10195|Primes-Jank|0.000|0.0|0.000|0|4|4|0-7|0|1024|1024|16074|23866|1131
THREAD|28|10|16730|8119|10563|AppSearch_Index|0.000|0.0|0.000|0|3|3|0-7|0|1024|1024|13165|20704|245
WINDOW|seq=29|t_cs=16265465|wall_ms=260|threads=263|busy_threads=1|total_runtime_ms=104.148|total_runq_wait_ms=0.388|tgids=5032,9728,10622,16730,26538
THREAD|29|1|9728|9728|10999|sh|104.148|40.0|0.388|17|4|5|0-7|0|1024|1024|263|307|495
THREAD|29|2|16730|9973|10563|AppSearch_Index|0.000|0.0|0.000|0|3|3|0-7|0|1024|1024|13150|20688|240
THREAD|29|3|16730|9940|10563|AppSearch_Index|0.000|0.0|0.000|0|2|2|0-7|0|1024|1024|13115|20690|232
THREAD|29|4|26538|9612|10195|binder:26538_8|0.000|0.0|0.000|0|3|3|0-7|0|1024|1024|3404|6506|3317
THREAD|29|5|26538|9470|10195|binder:26538_B|0.000|0.0|0.000|0|6|6|0-7|0|1024|1024|2531|4304|2105
THREAD|29|6|10622|8513|10201|ExoPlayer:Playb|0.000|0.0|0.000|0|4|4|0-7|0|1024|1024|6463|10331|51
THREAD|29|7|10622|8509|10201|ExoPlayer:Playb|0.000|0.0|0.000|0|1|1|0-7|0|1024|1024|6331|10327|49
THREAD|29|8|26538|8364|10195|IMM.binder-emu|0.000|0.0|0.000|0|2|2|0-7|0|1024|1024|15737|23850|1039
THREAD|29|9|26538|8336|10195|Primes-Jank|0.000|0.0|0.000|0|4|4|0-7|0|1024|1024|16074|23866|1131
THREAD|29|10|16730|8119|10563|AppSearch_Index|0.000|0.0|0.000|0|3|3|0-7|0|1024|1024|13165|20704|245
WINDOW|seq=30|t_cs=16265492|wall_ms=270|threads=263|busy_threads=1|total_runtime_ms=116.428|total_runq_wait_ms=0.407|tgids=5032,9728,10622,16730,26538
THREAD|30|1|9728|9728|10999|sh|116.428|43.1|0.407|13|5|1|0-7|0|1024|1024|267|314|503
THREAD|30|2|16730|9973|10563|AppSearch_Index|0.000|0.0|0.000|0|3|3|0-7|0|1024|1024|13150|20688|240
THREAD|30|3|16730|9940|10563|AppSearch_Index|0.000|0.0|0.000|0|2|2|0-7|0|1024|1024|13115|20690|232
THREAD|30|4|26538|9612|10195|binder:26538_8|0.000|0.0|0.000|0|3|3|0-7|0|1024|1024|3404|6506|3317
THREAD|30|5|26538|9470|10195|binder:26538_B|0.000|0.0|0.000|0|6|6|0-7|0|1024|1024|2531|4304|2105
THREAD|30|6|10622|8513|10201|ExoPlayer:Playb|0.000|0.0|0.000|0|4|4|0-7|0|1024|1024|6463|10331|51
THREAD|30|7|10622|8509|10201|ExoPlayer:Playb|0.000|0.0|0.000|0|1|1|0-7|0|1024|1024|6331|10327|49
THREAD|30|8|26538|8364|10195|IMM.binder-emu|0.000|0.0|0.000|0|2|2|0-7|0|1024|1024|15737|23850|1039
THREAD|30|9|26538|8336|10195|Primes-Jank|0.000|0.0|0.000|0|4|4|0-7|0|1024|1024|16074|23866|1131
THREAD|30|10|16730|8119|10563|AppSearch_Index|0.000|0.0|0.000|0|3|3|0-7|0|1024|1024|13165|20704|245
WINDOW|seq=31|t_cs=16265517|wall_ms=250|threads=263|busy_threads=1|total_runtime_ms=95.448|total_runq_wait_ms=0.211|tgids=5032,9728,10622,16730,26538
THREAD|31|1|9728|9728|10999|sh|95.448|38.1|0.211|16|1|5|0-7|0|1024|1024|271|322|510
THREAD|31|2|16730|9973|10563|AppSearch_Index|0.000|0.0|0.000|0|3|3|0-7|0|1024|1024|13150|20688|240
THREAD|31|3|16730|9940|10563|AppSearch_Index|0.000|0.0|0.000|0|2|2|0-7|0|1024|1024|13115|20690|232
THREAD|31|4|26538|9612|10195|binder:26538_8|0.000|0.0|0.000|0|3|3|0-7|0|1024|1024|3404|6506|3317
THREAD|31|5|26538|9470|10195|binder:26538_B|0.000|0.0|0.000|0|6|6|0-7|0|1024|1024|2531|4304|2105
THREAD|31|6|10622|8513|10201|ExoPlayer:Playb|0.000|0.0|0.000|0|4|4|0-7|0|1024|1024|6463|10331|51
THREAD|31|7|10622|8509|10201|ExoPlayer:Playb|0.000|0.0|0.000|0|1|1|0-7|0|1024|1024|6331|10327|49
THREAD|31|8|26538|8364|10195|IMM.binder-emu|0.000|0.0|0.000|0|2|2|0-7|0|1024|1024|15737|23850|1039
THREAD|31|9|26538|8336|10195|Primes-Jank|0.000|0.0|0.000|0|4|4|0-7|0|1024|1024|16074|23866|1131
THREAD|31|10|16730|8119|10563|AppSearch_Index|0.000|0.0|0.000|0|3|3|0-7|0|1024|1024|13165|20704|245
WINDOW|seq=32|t_cs=16265543|wall_ms=260|threads=263|busy_threads=1|total_runtime_ms=95.838|total_runq_wait_ms=3.382|tgids=5032,9728,10622,16730,26538
THREAD|32|1|9728|9728|10999|sh|95.838|36.8|3.382|14|5|4|0-7|0|1024|1024|272|330|513
THREAD|32|2|16730|9973|10563|AppSearch_Index|0.000|0.0|0.000|0|3|3|0-7|0|1024|1024|13150|20688|240
THREAD|32|3|16730|9940|10563|AppSearch_Index|0.000|0.0|0.000|0|2|2|0-7|0|1024|1024|13115|20690|232
THREAD|32|4|26538|9612|10195|binder:26538_8|0.000|0.0|0.000|0|3|3|0-7|0|1024|1024|3404|6506|3317
THREAD|32|5|26538|9470|10195|binder:26538_B|0.000|0.0|0.000|0|6|6|0-7|0|1024|1024|2531|4304|2105
THREAD|32|6|10622|8513|10201|ExoPlayer:Playb|0.000|0.0|0.000|0|4|4|0-7|0|1024|1024|6463|10331|51
THREAD|32|7|10622|8509|10201|ExoPlayer:Playb|0.000|0.0|0.000|0|1|1|0-7|0|1024|1024|6331|10327|49
THREAD|32|8|26538|8364|10195|IMM.binder-emu|0.000|0.0|0.000|0|2|2|0-7|0|1024|1024|15737|23850|1039
THREAD|32|9|26538|8336|10195|Primes-Jank|0.000|0.0|0.000|0|4|4|0-7|0|1024|1024|16074|23866|1131
THREAD|32|10|16730|8119|10563|AppSearch_Index|0.000|0.0|0.000|0|3|3|0-7|0|1024|1024|13165|20704|245
WINDOW|seq=33|t_cs=16265568|wall_ms=250|threads=263|busy_threads=1|total_runtime_ms=103.175|total_runq_wait_ms=0.175|tgids=5032,9728,10622,16730,26538
THREAD|33|1|9728|9728|10999|sh|103.175|41.2|0.175|15|4|5|0-7|0|1024|1024|278|337|520
THREAD|33|2|16730|9973|10563|AppSearch_Index|0.000|0.0|0.000|0|3|3|0-7|0|1024|1024|13150|20688|240
THREAD|33|3|16730|9940|10563|AppSearch_Index|0.000|0.0|0.000|0|2|2|0-7|0|1024|1024|13115|20690|232
THREAD|33|4|26538|9612|10195|binder:26538_8|0.000|0.0|0.000|0|3|3|0-7|0|1024|1024|3404|6506|3317
THREAD|33|5|26538|9470|10195|binder:26538_B|0.000|0.0|0.000|0|6|6|0-7|0|1024|1024|2531|4304|2105
THREAD|33|6|10622|8513|10201|ExoPlayer:Playb|0.000|0.0|0.000|0|4|4|0-7|0|1024|1024|6463|10331|51
THREAD|33|7|10622|8509|10201|ExoPlayer:Playb|0.000|0.0|0.000|0|1|1|0-7|0|1024|1024|6331|10327|49
THREAD|33|8|26538|8364|10195|IMM.binder-emu|0.000|0.0|0.000|0|2|2|0-7|0|1024|1024|15737|23850|1039
THREAD|33|9|26538|8336|10195|Primes-Jank|0.000|0.0|0.000|0|4|4|0-7|0|1024|1024|16074|23866|1131
THREAD|33|10|16730|8119|10563|AppSearch_Index|0.000|0.0|0.000|0|3|3|0-7|0|1024|1024|13165|20704|245
WINDOW|seq=34|t_cs=16265596|wall_ms=280|threads=263|busy_threads=1|total_runtime_ms=114.815|total_runq_wait_ms=0.157|tgids=5032,9728,10622,16730,26538
THREAD|34|1|9728|9728|10999|sh|114.815|41.0|0.157|13|5|0|0-7|0|1024|1024|284|345|529
THREAD|34|2|16730|9973|10563|AppSearch_Index|0.000|0.0|0.000|0|3|3|0-7|0|1024|1024|13150|20688|240
THREAD|34|3|16730|9940|10563|AppSearch_Index|0.000|0.0|0.000|0|2|2|0-7|0|1024|1024|13115|20690|232
THREAD|34|4|26538|9612|10195|binder:26538_8|0.000|0.0|0.000|0|3|3|0-7|0|1024|1024|3404|6506|3317
THREAD|34|5|26538|9470|10195|binder:26538_B|0.000|0.0|0.000|0|6|6|0-7|0|1024|1024|2531|4304|2105
THREAD|34|6|10622|8513|10201|ExoPlayer:Playb|0.000|0.0|0.000|0|4|4|0-7|0|1024|1024|6463|10331|51
THREAD|34|7|10622|8509|10201|ExoPlayer:Playb|0.000|0.0|0.000|0|1|1|0-7|0|1024|1024|6331|10327|49
THREAD|34|8|26538|8364|10195|IMM.binder-emu|0.000|0.0|0.000|0|2|2|0-7|0|1024|1024|15737|23850|1039
THREAD|34|9|26538|8336|10195|Primes-Jank|0.000|0.0|0.000|0|4|4|0-7|0|1024|1024|16074|23866|1131
THREAD|34|10|16730|8119|10563|AppSearch_Index|0.000|0.0|0.000|0|3|3|0-7|0|1024|1024|13165|20704|245
WINDOW|seq=35|t_cs=16265621|wall_ms=250|threads=263|busy_threads=1|total_runtime_ms=117.601|total_runq_wait_ms=0.720|tgids=5032,9728,10622,16730,26538
THREAD|35|1|9728|9728|10999|sh|117.601|47.0|0.720|13|0|1|0-7|0|1024|1024|285|351|535
THREAD|35|2|16730|9973|10563|AppSearch_Index|0.000|0.0|0.000|0|3|3|0-7|0|1024|1024|13150|20688|240
THREAD|35|3|16730|9940|10563|AppSearch_Index|0.000|0.0|0.000|0|2|2|0-7|0|1024|1024|13115|20690|232
THREAD|35|4|26538|9612|10195|binder:26538_8|0.000|0.0|0.000|0|3|3|0-7|0|1024|1024|3404|6506|3317
THREAD|35|5|26538|9470|10195|binder:26538_B|0.000|0.0|0.000|0|6|6|0-7|0|1024|1024|2531|4304|2105
THREAD|35|6|10622|8513|10201|ExoPlayer:Playb|0.000|0.0|0.000|0|4|4|0-7|0|1024|1024|6463|10331|51
THREAD|35|7|10622|8509|10201|ExoPlayer:Playb|0.000|0.0|0.000|0|1|1|0-7|0|1024|1024|6331|10327|49
THREAD|35|8|26538|8364|10195|IMM.binder-emu|0.000|0.0|0.000|0|2|2|0-7|0|1024|1024|15737|23850|1039
THREAD|35|9|26538|8336|10195|Primes-Jank|0.000|0.0|0.000|0|4|4|0-7|0|1024|1024|16074|23866|1131
THREAD|35|10|16730|8119|10563|AppSearch_Index|0.000|0.0|0.000|0|3|3|0-7|0|1024|1024|13165|20704|245
WINDOW|seq=36|t_cs=16265648|wall_ms=270|threads=263|busy_threads=1|total_runtime_ms=104.745|total_runq_wait_ms=0.290|tgids=5032,9728,10622,16730,26538
THREAD|36|1|9728|9728|10999|sh|104.745|38.7|0.290|14|1|1|0-7|0|1024|1024|286|360|542
THREAD|36|2|16730|9973|10563|AppSearch_Index|0.000|0.0|0.000|0|3|3|0-7|0|1024|1024|13150|20688|240
THREAD|36|3|16730|9940|10563|AppSearch_Index|0.000|0.0|0.000|0|2|2|0-7|0|1024|1024|13115|20690|232
THREAD|36|4|26538|9612|10195|binder:26538_8|0.000|0.0|0.000|0|3|3|0-7|0|1024|1024|3404|6506|3317
THREAD|36|5|26538|9470|10195|binder:26538_B|0.000|0.0|0.000|0|6|6|0-7|0|1024|1024|2531|4304|2105
THREAD|36|6|10622|8513|10201|ExoPlayer:Playb|0.000|0.0|0.000|0|4|4|0-7|0|1024|1024|6463|10331|51
THREAD|36|7|10622|8509|10201|ExoPlayer:Playb|0.000|0.0|0.000|0|1|1|0-7|0|1024|1024|6331|10327|49
THREAD|36|8|26538|8364|10195|IMM.binder-emu|0.000|0.0|0.000|0|2|2|0-7|0|1024|1024|15737|23850|1039
THREAD|36|9|26538|8336|10195|Primes-Jank|0.000|0.0|0.000|0|4|4|0-7|0|1024|1024|16074|23866|1131
THREAD|36|10|16730|8119|10563|AppSearch_Index|0.000|0.0|0.000|0|3|3|0-7|0|1024|1024|13165|20704|245
WINDOW|seq=37|t_cs=16265674|wall_ms=260|threads=263|busy_threads=1|total_runtime_ms=109.232|total_runq_wait_ms=0.503|tgids=5032,9728,10622,16730,26538
THREAD|37|1|9728|9728|10999|sh|109.232|42.0|0.503|15|1|1|0-7|0|1024|1024|290|367|551
THREAD|37|2|16730|9973|10563|AppSearch_Index|0.000|0.0|0.000|0|3|3|0-7|0|1024|1024|13150|20688|240
THREAD|37|3|16730|9940|10563|AppSearch_Index|0.000|0.0|0.000|0|2|2|0-7|0|1024|1024|13115|20690|232
THREAD|37|4|26538|9612|10195|binder:26538_8|0.000|0.0|0.000|0|3|3|0-7|0|1024|1024|3404|6506|3317
THREAD|37|5|26538|9470|10195|binder:26538_B|0.000|0.0|0.000|0|6|6|0-7|0|1024|1024|2531|4304|2105
THREAD|37|6|10622|8513|10201|ExoPlayer:Playb|0.000|0.0|0.000|0|4|4|0-7|0|1024|1024|6463|10331|51
THREAD|37|7|10622|8509|10201|ExoPlayer:Playb|0.000|0.0|0.000|0|1|1|0-7|0|1024|1024|6331|10327|49
THREAD|37|8|26538|8364|10195|IMM.binder-emu|0.000|0.0|0.000|0|2|2|0-7|0|1024|1024|15737|23850|1039
THREAD|37|9|26538|8336|10195|Primes-Jank|0.000|0.0|0.000|0|4|4|0-7|0|1024|1024|16074|23866|1131
THREAD|37|10|16730|8119|10563|AppSearch_Index|0.000|0.0|0.000|0|3|3|0-7|0|1024|1024|13165|20704|245
WINDOW|seq=38|t_cs=16265699|wall_ms=250|threads=263|busy_threads=1|total_runtime_ms=110.506|total_runq_wait_ms=1.111|tgids=5032,9728,10622,16730,26538
THREAD|38|1|9728|9728|10999|sh|110.506|44.2|1.111|17|1|1|0-7|0|1024|1024|296|374|563
THREAD|38|2|16730|9973|10563|AppSearch_Index|0.000|0.0|0.000|0|3|3|0-7|0|1024|1024|13150|20688|240
THREAD|38|3|16730|9940|10563|AppSearch_Index|0.000|0.0|0.000|0|2|2|0-7|0|1024|1024|13115|20690|232
THREAD|38|4|26538|9612|10195|binder:26538_8|0.000|0.0|0.000|0|3|3|0-7|0|1024|1024|3404|6506|3317
THREAD|38|5|26538|9470|10195|binder:26538_B|0.000|0.0|0.000|0|6|6|0-7|0|1024|1024|2531|4304|2105
THREAD|38|6|10622|8513|10201|ExoPlayer:Playb|0.000|0.0|0.000|0|4|4|0-7|0|1024|1024|6463|10331|51
THREAD|38|7|10622|8509|10201|ExoPlayer:Playb|0.000|0.0|0.000|0|1|1|0-7|0|1024|1024|6331|10327|49
THREAD|38|8|26538|8364|10195|IMM.binder-emu|0.000|0.0|0.000|0|2|2|0-7|0|1024|1024|15737|23850|1039
THREAD|38|9|26538|8336|10195|Primes-Jank|0.000|0.0|0.000|0|4|4|0-7|0|1024|1024|16074|23866|1131
THREAD|38|10|16730|8119|10563|AppSearch_Index|0.000|0.0|0.000|0|3|3|0-7|0|1024|1024|13165|20704|245
WINDOW|seq=39|t_cs=16265726|wall_ms=270|threads=263|busy_threads=1|total_runtime_ms=107.880|total_runq_wait_ms=0.618|tgids=5032,9728,10622,16730,26538
THREAD|39|1|9728|9728|10999|sh|107.880|39.9|0.618|20|1|1|0-7|0|1024|1024|300|381|569
THREAD|39|2|16730|9973|10563|AppSearch_Index|0.000|0.0|0.000|0|3|3|0-7|0|1024|1024|13150|20688|240
THREAD|39|3|16730|9940|10563|AppSearch_Index|0.000|0.0|0.000|0|2|2|0-7|0|1024|1024|13115|20690|232
THREAD|39|4|26538|9612|10195|binder:26538_8|0.000|0.0|0.000|0|3|3|0-7|0|1024|1024|3404|6506|3317
THREAD|39|5|26538|9470|10195|binder:26538_B|0.000|0.0|0.000|0|6|6|0-7|0|1024|1024|2531|4304|2105
THREAD|39|6|10622|8513|10201|ExoPlayer:Playb|0.000|0.0|0.000|0|4|4|0-7|0|1024|1024|6463|10331|51
THREAD|39|7|10622|8509|10201|ExoPlayer:Playb|0.000|0.0|0.000|0|1|1|0-7|0|1024|1024|6331|10327|49
THREAD|39|8|26538|8364|10195|IMM.binder-emu|0.000|0.0|0.000|0|2|2|0-7|0|1024|1024|15737|23850|1039
THREAD|39|9|26538|8336|10195|Primes-Jank|0.000|0.0|0.000|0|4|4|0-7|0|1024|1024|16074|23866|1131
THREAD|39|10|16730|8119|10563|AppSearch_Index|0.000|0.0|0.000|0|3|3|0-7|0|1024|1024|13165|20704|245
WINDOW|seq=40|t_cs=16265752|wall_ms=260|threads=263|busy_threads=1|total_runtime_ms=114.451|total_runq_wait_ms=3.162|tgids=5032,9728,10622,16730,26538
THREAD|40|1|9728|9728|10999|sh|114.451|44.0|3.162|21|1|4|0-7|0|1024|1024|311|389|581
THREAD|40|2|16730|9973|10563|AppSearch_Index|0.000|0.0|0.000|0|3|3|0-7|0|1024|1024|13150|20688|240
THREAD|40|3|16730|9940|10563|AppSearch_Index|0.000|0.0|0.000|0|2|2|0-7|0|1024|1024|13115|20690|232
THREAD|40|4|26538|9612|10195|binder:26538_8|0.000|0.0|0.000|0|3|3|0-7|0|1024|1024|3404|6506|3317
THREAD|40|5|26538|9470|10195|binder:26538_B|0.000|0.0|0.000|0|6|6|0-7|0|1024|1024|2531|4304|2105
THREAD|40|6|10622|8513|10201|ExoPlayer:Playb|0.000|0.0|0.000|0|4|4|0-7|0|1024|1024|6463|10331|51
THREAD|40|7|10622|8509|10201|ExoPlayer:Playb|0.000|0.0|0.000|0|1|1|0-7|0|1024|1024|6331|10327|49
THREAD|40|8|26538|8364|10195|IMM.binder-emu|0.000|0.0|0.000|0|2|2|0-7|0|1024|1024|15737|23850|1039
THREAD|40|9|26538|8336|10195|Primes-Jank|0.000|0.0|0.000|0|4|4|0-7|0|1024|1024|16074|23866|1131
THREAD|40|10|16730|8119|10563|AppSearch_Index|0.000|0.0|0.000|0|3|3|0-7|0|1024|1024|13165|20704|245
WINDOW|seq=41|t_cs=16265780|wall_ms=280|threads=263|busy_threads=1|total_runtime_ms=98.366|total_runq_wait_ms=5.965|tgids=5032,9728,10622,16730,26538
THREAD|41|1|9728|9728|10999|sh|98.366|35.1|5.965|12|4|5|0-7|0|1024|1024|313|398|585
THREAD|41|2|16730|9973|10563|AppSearch_Index|0.000|0.0|0.000|0|3|3|0-7|0|1024|1024|13150|20688|240
THREAD|41|3|16730|9940|10563|AppSearch_Index|0.000|0.0|0.000|0|2|2|0-7|0|1024|1024|13115|20690|232
THREAD|41|4|26538|9612|10195|binder:26538_8|0.000|0.0|0.000|0|3|3|0-7|0|1024|1024|3404|6506|3317
THREAD|41|5|26538|9470|10195|binder:26538_B|0.000|0.0|0.000|0|6|6|0-7|0|1024|1024|2531|4304|2105
THREAD|41|6|10622|8513|10201|ExoPlayer:Playb|0.000|0.0|0.000|0|4|4|0-7|0|1024|1024|6463|10331|51
THREAD|41|7|10622|8509|10201|ExoPlayer:Playb|0.000|0.0|0.000|0|1|1|0-7|0|1024|1024|6331|10327|49
THREAD|41|8|26538|8364|10195|IMM.binder-emu|0.000|0.0|0.000|0|2|2|0-7|0|1024|1024|15737|23850|1039
THREAD|41|9|26538|8336|10195|Primes-Jank|0.000|0.0|0.000|0|4|4|0-7|0|1024|1024|16074|23866|1131
THREAD|41|10|16730|8119|10563|AppSearch_Index|0.000|0.0|0.000|0|3|3|0-7|0|1024|1024|13165|20704|245
WINDOW|seq=42|t_cs=16265805|wall_ms=250|threads=263|busy_threads=1|total_runtime_ms=101.013|total_runq_wait_ms=0.131|tgids=5032,9728,10622,16730,26538
THREAD|42|1|9728|9728|10999|sh|101.013|40.4|0.131|11|5|1|0-7|0|1024|1024|314|404|592
THREAD|42|2|16730|9973|10563|AppSearch_Index|0.000|0.0|0.000|0|3|3|0-7|0|1024|1024|13150|20688|240
THREAD|42|3|16730|9940|10563|AppSearch_Index|0.000|0.0|0.000|0|2|2|0-7|0|1024|1024|13115|20690|232
THREAD|42|4|26538|9612|10195|binder:26538_8|0.000|0.0|0.000|0|3|3|0-7|0|1024|1024|3404|6506|3317
THREAD|42|5|26538|9470|10195|binder:26538_B|0.000|0.0|0.000|0|6|6|0-7|0|1024|1024|2531|4304|2105
THREAD|42|6|10622|8513|10201|ExoPlayer:Playb|0.000|0.0|0.000|0|4|4|0-7|0|1024|1024|6463|10331|51
THREAD|42|7|10622|8509|10201|ExoPlayer:Playb|0.000|0.0|0.000|0|1|1|0-7|0|1024|1024|6331|10327|49
THREAD|42|8|26538|8364|10195|IMM.binder-emu|0.000|0.0|0.000|0|2|2|0-7|0|1024|1024|15737|23850|1039
THREAD|42|9|26538|8336|10195|Primes-Jank|0.000|0.0|0.000|0|4|4|0-7|0|1024|1024|16074|23866|1131
THREAD|42|10|16730|8119|10563|AppSearch_Index|0.000|0.0|0.000|0|3|3|0-7|0|1024|1024|13165|20704|245
WINDOW|seq=43|t_cs=16265831|wall_ms=260|threads=263|busy_threads=1|total_runtime_ms=104.285|total_runq_wait_ms=0.184|tgids=5032,9728,10622,16730,26538
THREAD|43|1|9728|9728|10999|sh|104.285|40.1|0.184|20|1|4|0-7|0|1024|1024|322|412|601
THREAD|43|2|16730|9973|10563|AppSearch_Index|0.000|0.0|0.000|0|3|3|0-7|0|1024|1024|13150|20688|240
THREAD|43|3|16730|9940|10563|AppSearch_Index|0.000|0.0|0.000|0|2|2|0-7|0|1024|1024|13115|20690|232
THREAD|43|4|26538|9612|10195|binder:26538_8|0.000|0.0|0.000|0|3|3|0-7|0|1024|1024|3404|6506|3317
THREAD|43|5|26538|9470|10195|binder:26538_B|0.000|0.0|0.000|0|6|6|0-7|0|1024|1024|2531|4304|2105
THREAD|43|6|10622|8513|10201|ExoPlayer:Playb|0.000|0.0|0.000|0|4|4|0-7|0|1024|1024|6463|10331|51
THREAD|43|7|10622|8509|10201|ExoPlayer:Playb|0.000|0.0|0.000|0|1|1|0-7|0|1024|1024|6331|10327|49
THREAD|43|8|26538|8364|10195|IMM.binder-emu|0.000|0.0|0.000|0|2|2|0-7|0|1024|1024|15737|23850|1039
THREAD|43|9|26538|8336|10195|Primes-Jank|0.000|0.0|0.000|0|4|4|0-7|0|1024|1024|16074|23866|1131
THREAD|43|10|16730|8119|10563|AppSearch_Index|0.000|0.0|0.000|0|3|3|0-7|0|1024|1024|13165|20704|245
WINDOW|seq=44|t_cs=16265858|wall_ms=270|threads=263|busy_threads=1|total_runtime_ms=97.977|total_runq_wait_ms=0.189|tgids=5032,9728,10622,16730,26538
THREAD|44|1|9728|9728|10999|sh|97.977|36.2|0.189|16|4|5|0-7|0|1024|1024|330|421|608
THREAD|44|2|16730|9973|10563|AppSearch_Index|0.000|0.0|0.000|0|3|3|0-7|0|1024|1024|13150|20688|240
THREAD|44|3|16730|9940|10563|AppSearch_Index|0.000|0.0|0.000|0|2|2|0-7|0|1024|1024|13115|20690|232
THREAD|44|4|26538|9612|10195|binder:26538_8|0.000|0.0|0.000|0|3|3|0-7|0|1024|1024|3404|6506|3317
THREAD|44|5|26538|9470|10195|binder:26538_B|0.000|0.0|0.000|0|6|6|0-7|0|1024|1024|2531|4304|2105
THREAD|44|6|10622|8513|10201|ExoPlayer:Playb|0.000|0.0|0.000|0|4|4|0-7|0|1024|1024|6463|10331|51
THREAD|44|7|10622|8509|10201|ExoPlayer:Playb|0.000|0.0|0.000|0|1|1|0-7|0|1024|1024|6331|10327|49
THREAD|44|8|26538|8364|10195|IMM.binder-emu|0.000|0.0|0.000|0|2|2|0-7|0|1024|1024|15737|23850|1039
THREAD|44|9|26538|8336|10195|Primes-Jank|0.000|0.0|0.000|0|4|4|0-7|0|1024|1024|16074|23866|1131
THREAD|44|10|16730|8119|10563|AppSearch_Index|0.000|0.0|0.000|0|3|3|0-7|0|1024|1024|13165|20704|245
WINDOW|seq=45|t_cs=16265884|wall_ms=260|threads=263|busy_threads=1|total_runtime_ms=120.743|total_runq_wait_ms=0.133|tgids=5032,9728,10622,16730,26538
THREAD|45|1|9728|9728|10999|sh|120.743|46.4|0.133|10|5|5|0-7|0|1024|1024|332|428|611
THREAD|45|2|16730|9973|10563|AppSearch_Index|0.000|0.0|0.000|0|3|3|0-7|0|1024|1024|13150|20688|240
THREAD|45|3|16730|9940|10563|AppSearch_Index|0.000|0.0|0.000|0|2|2|0-7|0|1024|1024|13115|20690|232
THREAD|45|4|26538|9612|10195|binder:26538_8|0.000|0.0|0.000|0|3|3|0-7|0|1024|1024|3404|6506|3317
THREAD|45|5|26538|9470|10195|binder:26538_B|0.000|0.0|0.000|0|6|6|0-7|0|1024|1024|2531|4304|2105
THREAD|45|6|10622|8513|10201|ExoPlayer:Playb|0.000|0.0|0.000|0|4|4|0-7|0|1024|1024|6463|10331|51
THREAD|45|7|10622|8509|10201|ExoPlayer:Playb|0.000|0.0|0.000|0|1|1|0-7|0|1024|1024|6331|10327|49
THREAD|45|8|26538|8364|10195|IMM.binder-emu|0.000|0.0|0.000|0|2|2|0-7|0|1024|1024|15737|23850|1039
THREAD|45|9|26538|8336|10195|Primes-Jank|0.000|0.0|0.000|0|4|4|0-7|0|1024|1024|16074|23866|1131
THREAD|45|10|16730|8119|10563|AppSearch_Index|0.000|0.0|0.000|0|3|3|0-7|0|1024|1024|13165|20704|245
WINDOW|seq=46|t_cs=16265910|wall_ms=260|threads=263|busy_threads=1|total_runtime_ms=113.541|total_runq_wait_ms=0.221|tgids=5032,9728,10622,16730,26538
THREAD|46|1|9728|9728|10999|sh|113.541|43.6|0.221|12|5|5|0-7|0|1024|1024|341|434|623
THREAD|46|2|16730|9973|10563|AppSearch_Index|0.000|0.0|0.000|0|3|3|0-7|0|1024|1024|13150|20688|240
THREAD|46|3|16730|9940|10563|AppSearch_Index|0.000|0.0|0.000|0|2|2|0-7|0|1024|1024|13115|20690|232
THREAD|46|4|26538|9612|10195|binder:26538_8|0.000|0.0|0.000|0|3|3|0-7|0|1024|1024|3404|6506|3317
THREAD|46|5|26538|9470|10195|binder:26538_B|0.000|0.0|0.000|0|6|6|0-7|0|1024|1024|2531|4304|2105
THREAD|46|6|10622|8513|10201|ExoPlayer:Playb|0.000|0.0|0.000|0|4|4|0-7|0|1024|1024|6463|10331|51
THREAD|46|7|10622|8509|10201|ExoPlayer:Playb|0.000|0.0|0.000|0|1|1|0-7|0|1024|1024|6331|10327|49
THREAD|46|8|26538|8364|10195|IMM.binder-emu|0.000|0.0|0.000|0|2|2|0-7|0|1024|1024|15737|23850|1039
THREAD|46|9|26538|8336|10195|Primes-Jank|0.000|0.0|0.000|0|4|4|0-7|0|1024|1024|16074|23866|1131
THREAD|46|10|16730|8119|10563|AppSearch_Index|0.000|0.0|0.000|0|3|3|0-7|0|1024|1024|13165|20704|245
WINDOW|seq=47|t_cs=16265936|wall_ms=260|threads=263|busy_threads=1|total_runtime_ms=122.192|total_runq_wait_ms=1.846|tgids=5032,9728,10622,16730,26538
THREAD|47|1|9728|9728|10999|sh|122.192|46.9|1.846|15|5|4|0-7|0|1024|1024|344|441|628
THREAD|47|2|16730|9973|10563|AppSearch_Index|0.000|0.0|0.000|0|3|3|0-7|0|1024|1024|13150|20688|240
THREAD|47|3|16730|9940|10563|AppSearch_Index|0.000|0.0|0.000|0|2|2|0-7|0|1024|1024|13115|20690|232
THREAD|47|4|26538|9612|10195|binder:26538_8|0.000|0.0|0.000|0|3|3|0-7|0|1024|1024|3404|6506|3317
THREAD|47|5|26538|9470|10195|binder:26538_B|0.000|0.0|0.000|0|6|6|0-7|0|1024|1024|2531|4304|2105
THREAD|47|6|10622|8513|10201|ExoPlayer:Playb|0.000|0.0|0.000|0|4|4|0-7|0|1024|1024|6463|10331|51
THREAD|47|7|10622|8509|10201|ExoPlayer:Playb|0.000|0.0|0.000|0|1|1|0-7|0|1024|1024|6331|10327|49
THREAD|47|8|26538|8364|10195|IMM.binder-emu|0.000|0.0|0.000|0|2|2|0-7|0|1024|1024|15737|23850|1039
THREAD|47|9|26538|8336|10195|Primes-Jank|0.000|0.0|0.000|0|4|4|0-7|0|1024|1024|16074|23866|1131
THREAD|47|10|16730|8119|10563|AppSearch_Index|0.000|0.0|0.000|0|3|3|0-7|0|1024|1024|13165|20704|245
WINDOW|seq=48|t_cs=16265963|wall_ms=270|threads=263|busy_threads=1|total_runtime_ms=121.059|total_runq_wait_ms=1.981|tgids=5032,9728,10622,16730,26538
THREAD|48|1|9728|9728|10999|sh|121.059|44.8|1.981|20|4|5|0-7|0|1024|1024|351|448|641
THREAD|48|2|16730|9973|10563|AppSearch_Index|0.000|0.0|0.000|0|3|3|0-7|0|1024|1024|13150|20688|240
THREAD|48|3|16730|9940|10563|AppSearch_Index|0.000|0.0|0.000|0|2|2|0-7|0|1024|1024|13115|20690|232
THREAD|48|4|26538|9612|10195|binder:26538_8|0.000|0.0|0.000|0|3|3|0-7|0|1024|1024|3404|6506|3317
THREAD|48|5|26538|9470|10195|binder:26538_B|0.000|0.0|0.000|0|6|6|0-7|0|1024|1024|2531|4304|2105
THREAD|48|6|10622|8513|10201|ExoPlayer:Playb|0.000|0.0|0.000|0|4|4|0-7|0|1024|1024|6463|10331|51
THREAD|48|7|10622|8509|10201|ExoPlayer:Playb|0.000|0.0|0.000|0|1|1|0-7|0|1024|1024|6331|10327|49
THREAD|48|8|26538|8364|10195|IMM.binder-emu|0.000|0.0|0.000|0|2|2|0-7|0|1024|1024|15737|23850|1039
THREAD|48|9|26538|8336|10195|Primes-Jank|0.000|0.0|0.000|0|4|4|0-7|0|1024|1024|16074|23866|1131
THREAD|48|10|16730|8119|10563|AppSearch_Index|0.000|0.0|0.000|0|3|3|0-7|0|1024|1024|13165|20704|245
WINDOW|seq=49|t_cs=16265988|wall_ms=250|threads=263|busy_threads=1|total_runtime_ms=92.371|total_runq_wait_ms=0.614|tgids=5032,9728,10622,16730,26538
THREAD|49|1|9728|9728|10999|sh|92.371|36.9|0.614|15|5|5|0-7|0|1024|1024|360|456|649
THREAD|49|2|16730|9973|10563|AppSearch_Index|0.000|0.0|0.000|0|3|3|0-7|0|1024|1024|13150|20688|240
THREAD|49|3|16730|9940|10563|AppSearch_Index|0.000|0.0|0.000|0|2|2|0-7|0|1024|1024|13115|20690|232
THREAD|49|4|26538|9612|10195|binder:26538_8|0.000|0.0|0.000|0|3|3|0-7|0|1024|1024|3404|6506|3317
THREAD|49|5|26538|9470|10195|binder:26538_B|0.000|0.0|0.000|0|6|6|0-7|0|1024|1024|2531|4304|2105
THREAD|49|6|10622|8513|10201|ExoPlayer:Playb|0.000|0.0|0.000|0|4|4|0-7|0|1024|1024|6463|10331|51
THREAD|49|7|10622|8509|10201|ExoPlayer:Playb|0.000|0.0|0.000|0|1|1|0-7|0|1024|1024|6331|10327|49
THREAD|49|8|26538|8364|10195|IMM.binder-emu|0.000|0.0|0.000|0|2|2|0-7|0|1024|1024|15737|23850|1039
THREAD|49|9|26538|8336|10195|Primes-Jank|0.000|0.0|0.000|0|4|4|0-7|0|1024|1024|16074|23866|1131
THREAD|49|10|16730|8119|10563|AppSearch_Index|0.000|0.0|0.000|0|3|3|0-7|0|1024|1024|13165|20704|245
WINDOW|seq=50|t_cs=16266015|wall_ms=270|threads=263|busy_threads=1|total_runtime_ms=97.659|total_runq_wait_ms=0.472|tgids=5032,9728,10622,16730,26538
THREAD|50|1|9728|9728|10999|sh|97.659|36.1|0.472|20|5|1|0-7|0|1024|1024|370|465|664
THREAD|50|2|16730|9973|10563|AppSearch_Index|0.000|0.0|0.000|0|3|3|0-7|0|1024|1024|13150|20688|240
THREAD|50|3|16730|9940|10563|AppSearch_Index|0.000|0.0|0.000|0|2|2|0-7|0|1024|1024|13115|20690|232
THREAD|50|4|26538|9612|10195|binder:26538_8|0.000|0.0|0.000|0|3|3|0-7|0|1024|1024|3404|6506|3317
THREAD|50|5|26538|9470|10195|binder:26538_B|0.000|0.0|0.000|0|6|6|0-7|0|1024|1024|2531|4304|2105
THREAD|50|6|10622|8513|10201|ExoPlayer:Playb|0.000|0.0|0.000|0|4|4|0-7|0|1024|1024|6463|10331|51
THREAD|50|7|10622|8509|10201|ExoPlayer:Playb|0.000|0.0|0.000|0|1|1|0-7|0|1024|1024|6331|10327|49
THREAD|50|8|26538|8364|10195|IMM.binder-emu|0.000|0.0|0.000|0|2|2|0-7|0|1024|1024|15737|23850|1039
THREAD|50|9|26538|8336|10195|Primes-Jank|0.000|0.0|0.000|0|4|4|0-7|0|1024|1024|16074|23866|1131
THREAD|50|10|16730|8119|10563|AppSearch_Index|0.000|0.0|0.000|0|3|3|0-7|0|1024|1024|13165|20704|245
WINDOW|seq=51|t_cs=16266039|wall_ms=240|threads=263|busy_threads=1|total_runtime_ms=85.061|total_runq_wait_ms=0.480|tgids=5032,9728,10622,16730,26538
THREAD|51|1|9728|9728|10999|sh|85.061|35.4|0.480|22|1|5|0-7|0|1024|1024|377|473|680
THREAD|51|2|16730|9973|10563|AppSearch_Index|0.000|0.0|0.000|0|3|3|0-7|0|1024|1024|13150|20688|240
THREAD|51|3|16730|9940|10563|AppSearch_Index|0.000|0.0|0.000|0|2|2|0-7|0|1024|1024|13115|20690|232
THREAD|51|4|26538|9612|10195|binder:26538_8|0.000|0.0|0.000|0|3|3|0-7|0|1024|1024|3404|6506|3317
THREAD|51|5|26538|9470|10195|binder:26538_B|0.000|0.0|0.000|0|6|6|0-7|0|1024|1024|2531|4304|2105
THREAD|51|6|10622|8513|10201|ExoPlayer:Playb|0.000|0.0|0.000|0|4|4|0-7|0|1024|1024|6463|10331|51
THREAD|51|7|10622|8509|10201|ExoPlayer:Playb|0.000|0.0|0.000|0|1|1|0-7|0|1024|1024|6331|10327|49
THREAD|51|8|26538|8364|10195|IMM.binder-emu|0.000|0.0|0.000|0|2|2|0-7|0|1024|1024|15737|23850|1039
THREAD|51|9|26538|8336|10195|Primes-Jank|0.000|0.0|0.000|0|4|4|0-7|0|1024|1024|16074|23866|1131
THREAD|51|10|16730|8119|10563|AppSearch_Index|0.000|0.0|0.000|0|3|3|0-7|0|1024|1024|13165|20704|245
WINDOW|seq=52|t_cs=16266066|wall_ms=270|threads=263|busy_threads=1|total_runtime_ms=103.429|total_runq_wait_ms=2.575|tgids=5032,9728,10622,16730,26538
THREAD|52|1|9728|9728|10999|sh|103.429|38.3|2.575|24|5|0|0-7|0|1024|1024|381|481|690
THREAD|52|2|16730|9973|10563|AppSearch_Index|0.000|0.0|0.000|0|3|3|0-7|0|1024|1024|13150|20688|240
THREAD|52|3|16730|9940|10563|AppSearch_Index|0.000|0.0|0.000|0|2|2|0-7|0|1024|1024|13115|20690|232
THREAD|52|4|26538|9612|10195|binder:26538_8|0.000|0.0|0.000|0|3|3|0-7|0|1024|1024|3404|6506|3317
THREAD|52|5|26538|9470|10195|binder:26538_B|0.000|0.0|0.000|0|6|6|0-7|0|1024|1024|2531|4304|2105
THREAD|52|6|10622|8513|10201|ExoPlayer:Playb|0.000|0.0|0.000|0|4|4|0-7|0|1024|1024|6463|10331|51
THREAD|52|7|10622|8509|10201|ExoPlayer:Playb|0.000|0.0|0.000|0|1|1|0-7|0|1024|1024|6331|10327|49
THREAD|52|8|26538|8364|10195|IMM.binder-emu|0.000|0.0|0.000|0|2|2|0-7|0|1024|1024|15737|23850|1039
THREAD|52|9|26538|8336|10195|Primes-Jank|0.000|0.0|0.000|0|4|4|0-7|0|1024|1024|16074|23866|1131
THREAD|52|10|16730|8119|10563|AppSearch_Index|0.000|0.0|0.000|0|3|3|0-7|0|1024|1024|13165|20704|245
WINDOW|seq=53|t_cs=16266093|wall_ms=270|threads=263|busy_threads=1|total_runtime_ms=104.678|total_runq_wait_ms=0.503|tgids=5032,9728,10622,16730,26538
THREAD|53|1|9728|9728|10999|sh|104.678|38.7|0.503|18|0|4|0-7|0|1024|1024|389|489|704
THREAD|53|2|16730|9973|10563|AppSearch_Index|0.000|0.0|0.000|0|3|3|0-7|0|1024|1024|13150|20688|240
THREAD|53|3|16730|9940|10563|AppSearch_Index|0.000|0.0|0.000|0|2|2|0-7|0|1024|1024|13115|20690|232
THREAD|53|4|26538|9612|10195|binder:26538_8|0.000|0.0|0.000|0|3|3|0-7|0|1024|1024|3404|6506|3317
THREAD|53|5|26538|9470|10195|binder:26538_B|0.000|0.0|0.000|0|6|6|0-7|0|1024|1024|2531|4304|2105
THREAD|53|6|10622|8513|10201|ExoPlayer:Playb|0.000|0.0|0.000|0|4|4|0-7|0|1024|1024|6463|10331|51
THREAD|53|7|10622|8509|10201|ExoPlayer:Playb|0.000|0.0|0.000|0|1|1|0-7|0|1024|1024|6331|10327|49
THREAD|53|8|26538|8364|10195|IMM.binder-emu|0.000|0.0|0.000|0|2|2|0-7|0|1024|1024|15737|23850|1039
THREAD|53|9|26538|8336|10195|Primes-Jank|0.000|0.0|0.000|0|4|4|0-7|0|1024|1024|16074|23866|1131
THREAD|53|10|16730|8119|10563|AppSearch_Index|0.000|0.0|0.000|0|3|3|0-7|0|1024|1024|13165|20704|245
WINDOW|seq=54|t_cs=16266119|wall_ms=260|threads=263|busy_threads=1|total_runtime_ms=91.119|total_runq_wait_ms=0.686|tgids=5032,9728,10622,16730,26538
THREAD|54|1|9728|9728|10999|sh|91.119|35.0|0.686|24|4|5|0-7|0|1024|1024|397|497|712
THREAD|54|2|16730|9973|10563|AppSearch_Index|0.000|0.0|0.000|0|3|3|0-7|0|1024|1024|13150|20688|240
THREAD|54|3|16730|9940|10563|AppSearch_Index|0.000|0.0|0.000|0|2|2|0-7|0|1024|1024|13115|20690|232
THREAD|54|4|26538|9612|10195|binder:26538_8|0.000|0.0|0.000|0|3|3|0-7|0|1024|1024|3404|6506|3317
THREAD|54|5|26538|9470|10195|binder:26538_B|0.000|0.0|0.000|0|6|6|0-7|0|1024|1024|2531|4304|2105
THREAD|54|6|10622|8513|10201|ExoPlayer:Playb|0.000|0.0|0.000|0|4|4|0-7|0|1024|1024|6463|10331|51
THREAD|54|7|10622|8509|10201|ExoPlayer:Playb|0.000|0.0|0.000|0|1|1|0-7|0|1024|1024|6331|10327|49
THREAD|54|8|26538|8364|10195|IMM.binder-emu|0.000|0.0|0.000|0|2|2|0-7|0|1024|1024|15737|23850|1039
THREAD|54|9|26538|8336|10195|Primes-Jank|0.000|0.0|0.000|0|4|4|0-7|0|1024|1024|16074|23866|1131
THREAD|54|10|16730|8119|10563|AppSearch_Index|0.000|0.0|0.000|0|3|3|0-7|0|1024|1024|13165|20704|245
WINDOW|seq=55|t_cs=16266145|wall_ms=260|threads=263|busy_threads=1|total_runtime_ms=112.473|total_runq_wait_ms=0.171|tgids=5032,9728,10622,16730,26538
THREAD|55|1|9728|9728|10999|sh|112.473|43.2|0.171|10|5|4|0-7|0|1024|1024|401|504|721
THREAD|55|2|16730|9973|10563|AppSearch_Index|0.000|0.0|0.000|0|3|3|0-7|0|1024|1024|13150|20688|240
THREAD|55|3|16730|9940|10563|AppSearch_Index|0.000|0.0|0.000|0|2|2|0-7|0|1024|1024|13115|20690|232
THREAD|55|4|26538|9612|10195|binder:26538_8|0.000|0.0|0.000|0|3|3|0-7|0|1024|1024|3404|6506|3317
THREAD|55|5|26538|9470|10195|binder:26538_B|0.000|0.0|0.000|0|6|6|0-7|0|1024|1024|2531|4304|2105
THREAD|55|6|10622|8513|10201|ExoPlayer:Playb|0.000|0.0|0.000|0|4|4|0-7|0|1024|1024|6463|10331|51
THREAD|55|7|10622|8509|10201|ExoPlayer:Playb|0.000|0.0|0.000|0|1|1|0-7|0|1024|1024|6331|10327|49
THREAD|55|8|26538|8364|10195|IMM.binder-emu|0.000|0.0|0.000|0|2|2|0-7|0|1024|1024|15737|23850|1039
THREAD|55|9|26538|8336|10195|Primes-Jank|0.000|0.0|0.000|0|4|4|0-7|0|1024|1024|16074|23866|1131
THREAD|55|10|16730|8119|10563|AppSearch_Index|0.000|0.0|0.000|0|3|3|0-7|0|1024|1024|13165|20704|245
WINDOW|seq=56|t_cs=16266170|wall_ms=250|threads=263|busy_threads=1|total_runtime_ms=103.391|total_runq_wait_ms=1.083|tgids=5032,9728,10622,16730,26538
THREAD|56|1|9728|9728|10999|sh|103.391|41.3|1.083|24|4|4|0-7|0|1024|1024|411|511|732
THREAD|56|2|16730|9973|10563|AppSearch_Index|0.000|0.0|0.000|0|3|3|0-7|0|1024|1024|13150|20688|240
THREAD|56|3|16730|9940|10563|AppSearch_Index|0.000|0.0|0.000|0|2|2|0-7|0|1024|1024|13115|20690|232
THREAD|56|4|26538|9612|10195|binder:26538_8|0.000|0.0|0.000|0|3|3|0-7|0|1024|1024|3404|6506|3317
THREAD|56|5|26538|9470|10195|binder:26538_B|0.000|0.0|0.000|0|6|6|0-7|0|1024|1024|2531|4304|2105
THREAD|56|6|10622|8513|10201|ExoPlayer:Playb|0.000|0.0|0.000|0|4|4|0-7|0|1024|1024|6463|10331|51
THREAD|56|7|10622|8509|10201|ExoPlayer:Playb|0.000|0.0|0.000|0|1|1|0-7|0|1024|1024|6331|10327|49
THREAD|56|8|26538|8364|10195|IMM.binder-emu|0.000|0.0|0.000|0|2|2|0-7|0|1024|1024|15737|23850|1039
THREAD|56|9|26538|8336|10195|Primes-Jank|0.000|0.0|0.000|0|4|4|0-7|0|1024|1024|16074|23866|1131
THREAD|56|10|16730|8119|10563|AppSearch_Index|0.000|0.0|0.000|0|3|3|0-7|0|1024|1024|13165|20704|245
WINDOW|seq=57|t_cs=16266196|wall_ms=260|threads=263|busy_threads=1|total_runtime_ms=96.189|total_runq_wait_ms=0.294|tgids=5032,9728,10622,16730,26538
THREAD|57|1|9728|9728|10999|sh|96.189|36.9|0.294|18|4|1|0-7|0|1024|1024|414|520|747
THREAD|57|2|16730|9973|10563|AppSearch_Index|0.000|0.0|0.000|0|3|3|0-7|0|1024|1024|13150|20688|240
THREAD|57|3|16730|9940|10563|AppSearch_Index|0.000|0.0|0.000|0|2|2|0-7|0|1024|1024|13115|20690|232
THREAD|57|4|26538|9612|10195|binder:26538_8|0.000|0.0|0.000|0|3|3|0-7|0|1024|1024|3404|6506|3317
THREAD|57|5|26538|9470|10195|binder:26538_B|0.000|0.0|0.000|0|6|6|0-7|0|1024|1024|2531|4304|2105
THREAD|57|6|10622|8513|10201|ExoPlayer:Playb|0.000|0.0|0.000|0|4|4|0-7|0|1024|1024|6463|10331|51
THREAD|57|7|10622|8509|10201|ExoPlayer:Playb|0.000|0.0|0.000|0|1|1|0-7|0|1024|1024|6331|10327|49
THREAD|57|8|26538|8364|10195|IMM.binder-emu|0.000|0.0|0.000|0|2|2|0-7|0|1024|1024|15737|23850|1039
THREAD|57|9|26538|8336|10195|Primes-Jank|0.000|0.0|0.000|0|4|4|0-7|0|1024|1024|16074|23866|1131
THREAD|57|10|16730|8119|10563|AppSearch_Index|0.000|0.0|0.000|0|3|3|0-7|0|1024|1024|13165|20704|245
WINDOW|seq=58|t_cs=16266222|wall_ms=260|threads=263|busy_threads=1|total_runtime_ms=90.030|total_runq_wait_ms=0.641|tgids=5032,9728,10622,16730,26538
THREAD|58|1|9728|9728|10999|sh|90.030|34.6|0.641|17|1|5|0-7|0|1024|1024|418|527|751
THREAD|58|2|16730|9973|10563|AppSearch_Index|0.000|0.0|0.000|0|3|3|0-7|0|1024|1024|13150|20688|240
THREAD|58|3|16730|9940|10563|AppSearch_Index|0.000|0.0|0.000|0|2|2|0-7|0|1024|1024|13115|20690|232
THREAD|58|4|26538|9612|10195|binder:26538_8|0.000|0.0|0.000|0|3|3|0-7|0|1024|1024|3404|6506|3317
THREAD|58|5|26538|9470|10195|binder:26538_B|0.000|0.0|0.000|0|6|6|0-7|0|1024|1024|2531|4304|2105
THREAD|58|6|10622|8513|10201|ExoPlayer:Playb|0.000|0.0|0.000|0|4|4|0-7|0|1024|1024|6463|10331|51
THREAD|58|7|10622|8509|10201|ExoPlayer:Playb|0.000|0.0|0.000|0|1|1|0-7|0|1024|1024|6331|10327|49
THREAD|58|8|26538|8364|10195|IMM.binder-emu|0.000|0.0|0.000|0|2|2|0-7|0|1024|1024|15737|23850|1039
THREAD|58|9|26538|8336|10195|Primes-Jank|0.000|0.0|0.000|0|4|4|0-7|0|1024|1024|16074|23866|1131
THREAD|58|10|16730|8119|10563|AppSearch_Index|0.000|0.0|0.000|0|3|3|0-7|0|1024|1024|13165|20704|245
WINDOW|seq=59|t_cs=16266249|wall_ms=270|threads=263|busy_threads=1|total_runtime_ms=98.421|total_runq_wait_ms=0.145|tgids=5032,9728,10622,16730,26538
THREAD|59|1|9728|9728|10999|sh|98.421|36.4|0.145|13|5|4|0-7|0|1024|1024|422|536|760
THREAD|59|2|16730|9973|10563|AppSearch_Index|0.000|0.0|0.000|0|3|3|0-7|0|1024|1024|13150|20688|240
THREAD|59|3|16730|9940|10563|AppSearch_Index|0.000|0.0|0.000|0|2|2|0-7|0|1024|1024|13115|20690|232
THREAD|59|4|26538|9612|10195|binder:26538_8|0.000|0.0|0.000|0|3|3|0-7|0|1024|1024|3404|6506|3317
THREAD|59|5|26538|9470|10195|binder:26538_B|0.000|0.0|0.000|0|6|6|0-7|0|1024|1024|2531|4304|2105
THREAD|59|6|10622|8513|10201|ExoPlayer:Playb|0.000|0.0|0.000|0|4|4|0-7|0|1024|1024|6463|10331|51
THREAD|59|7|10622|8509|10201|ExoPlayer:Playb|0.000|0.0|0.000|0|1|1|0-7|0|1024|1024|6331|10327|49
THREAD|59|8|26538|8364|10195|IMM.binder-emu|0.000|0.0|0.000|0|2|2|0-7|0|1024|1024|15737|23850|1039
THREAD|59|9|26538|8336|10195|Primes-Jank|0.000|0.0|0.000|0|4|4|0-7|0|1024|1024|16074|23866|1131
THREAD|59|10|16730|8119|10563|AppSearch_Index|0.000|0.0|0.000|0|3|3|0-7|0|1024|1024|13165|20704|245
WINDOW|seq=60|t_cs=16266276|wall_ms=270|threads=263|busy_threads=1|total_runtime_ms=99.253|total_runq_wait_ms=0.184|tgids=5032,9728,10622,16730,26538
THREAD|60|1|9728|9728|10999|sh|99.253|36.7|0.184|15|4|5|0-7|0|1024|1024|427|544|762
THREAD|60|2|16730|9973|10563|AppSearch_Index|0.000|0.0|0.000|0|3|3|0-7|0|1024|1024|13150|20688|240
THREAD|60|3|16730|9940|10563|AppSearch_Index|0.000|0.0|0.000|0|2|2|0-7|0|1024|1024|13115|20690|232
THREAD|60|4|26538|9612|10195|binder:26538_8|0.000|0.0|0.000|0|3|3|0-7|0|1024|1024|3404|6506|3317
THREAD|60|5|26538|9470|10195|binder:26538_B|0.000|0.0|0.000|0|6|6|0-7|0|1024|1024|2531|4304|2105
THREAD|60|6|10622|8513|10201|ExoPlayer:Playb|0.000|0.0|0.000|0|4|4|0-7|0|1024|1024|6463|10331|51
THREAD|60|7|10622|8509|10201|ExoPlayer:Playb|0.000|0.0|0.000|0|1|1|0-7|0|1024|1024|6331|10327|49
THREAD|60|8|26538|8364|10195|IMM.binder-emu|0.000|0.0|0.000|0|2|2|0-7|0|1024|1024|15737|23850|1039
THREAD|60|9|26538|8336|10195|Primes-Jank|0.000|0.0|0.000|0|4|4|0-7|0|1024|1024|16074|23866|1131
THREAD|60|10|16730|8119|10563|AppSearch_Index|0.000|0.0|0.000|0|3|3|0-7|0|1024|1024|13165|20704|245
WINDOW|seq=61|t_cs=16266300|wall_ms=240|threads=263|busy_threads=1|total_runtime_ms=97.981|total_runq_wait_ms=1.683|tgids=5032,9728,10622,16730,26538
THREAD|61|1|9728|9728|10999|sh|97.981|40.8|1.683|12|5|4|0-7|0|1024|1024|434|551|768
THREAD|61|2|16730|9973|10563|AppSearch_Index|0.000|0.0|0.000|0|3|3|0-7|0|1024|1024|13150|20688|240
THREAD|61|3|16730|9940|10563|AppSearch_Index|0.000|0.0|0.000|0|2|2|0-7|0|1024|1024|13115|20690|232
THREAD|61|4|26538|9612|10195|binder:26538_8|0.000|0.0|0.000|0|3|3|0-7|0|1024|1024|3404|6506|3317
THREAD|61|5|26538|9470|10195|binder:26538_B|0.000|0.0|0.000|0|6|6|0-7|0|1024|1024|2531|4304|2105
THREAD|61|6|10622|8513|10201|ExoPlayer:Playb|0.000|0.0|0.000|0|4|4|0-7|0|1024|1024|6463|10331|51
THREAD|61|7|10622|8509|10201|ExoPlayer:Playb|0.000|0.0|0.000|0|1|1|0-7|0|1024|1024|6331|10327|49
THREAD|61|8|26538|8364|10195|IMM.binder-emu|0.000|0.0|0.000|0|2|2|0-7|0|1024|1024|15737|23850|1039
THREAD|61|9|26538|8336|10195|Primes-Jank|0.000|0.0|0.000|0|4|4|0-7|0|1024|1024|16074|23866|1131
THREAD|61|10|16730|8119|10563|AppSearch_Index|0.000|0.0|0.000|0|3|3|0-7|0|1024|1024|13165|20704|245
WINDOW|seq=62|t_cs=16266327|wall_ms=270|threads=263|busy_threads=1|total_runtime_ms=117.341|total_runq_wait_ms=0.524|tgids=5032,9728,10622,16730,26538
THREAD|62|1|9728|9728|10999|sh|117.341|43.4|0.524|14|4|5|0-7|0|1024|1024|438|559|773
THREAD|62|2|16730|9973|10563|AppSearch_Index|0.000|0.0|0.000|0|3|3|0-7|0|1024|1024|13150|20688|240
THREAD|62|3|16730|9940|10563|AppSearch_Index|0.000|0.0|0.000|0|2|2|0-7|0|1024|1024|13115|20690|232
THREAD|62|4|26538|9612|10195|binder:26538_8|0.000|0.0|0.000|0|3|3|0-7|0|1024|1024|3404|6506|3317
THREAD|62|5|26538|9470|10195|binder:26538_B|0.000|0.0|0.000|0|6|6|0-7|0|1024|1024|2531|4304|2105
THREAD|62|6|10622|8513|10201|ExoPlayer:Playb|0.000|0.0|0.000|0|4|4|0-7|0|1024|1024|6463|10331|51
THREAD|62|7|10622|8509|10201|ExoPlayer:Playb|0.000|0.0|0.000|0|1|1|0-7|0|1024|1024|6331|10327|49
THREAD|62|8|26538|8364|10195|IMM.binder-emu|0.000|0.0|0.000|0|2|2|0-7|0|1024|1024|15737|23850|1039
THREAD|62|9|26538|8336|10195|Primes-Jank|0.000|0.0|0.000|0|4|4|0-7|0|1024|1024|16074|23866|1131
THREAD|62|10|16730|8119|10563|AppSearch_Index|0.000|0.0|0.000|0|3|3|0-7|0|1024|1024|13165|20704|245
WINDOW|seq=63|t_cs=16266353|wall_ms=260|threads=263|busy_threads=1|total_runtime_ms=101.581|total_runq_wait_ms=0.187|tgids=5032,9728,10622,16730,26538
THREAD|63|1|9728|9728|10999|sh|101.581|39.0|0.187|13|5|4|0-7|0|1024|1024|444|566|782
THREAD|63|2|16730|9973|10563|AppSearch_Index|0.000|0.0|0.000|0|3|3|0-7|0|1024|1024|13150|20688|240
THREAD|63|3|16730|9940|10563|AppSearch_Index|0.000|0.0|0.000|0|2|2|0-7|0|1024|1024|13115|20690|232
THREAD|63|4|26538|9612|10195|binder:26538_8|0.000|0.0|0.000|0|3|3|0-7|0|1024|1024|3404|6506|3317
THREAD|63|5|26538|9470|10195|binder:26538_B|0.000|0.0|0.000|0|6|6|0-7|0|1024|1024|2531|4304|2105
THREAD|63|6|10622|8513|10201|ExoPlayer:Playb|0.000|0.0|0.000|0|4|4|0-7|0|1024|1024|6463|10331|51
THREAD|63|7|10622|8509|10201|ExoPlayer:Playb|0.000|0.0|0.000|0|1|1|0-7|0|1024|1024|6331|10327|49
THREAD|63|8|26538|8364|10195|IMM.binder-emu|0.000|0.0|0.000|0|2|2|0-7|0|1024|1024|15737|23850|1039
THREAD|63|9|26538|8336|10195|Primes-Jank|0.000|0.0|0.000|0|4|4|0-7|0|1024|1024|16074|23866|1131
THREAD|63|10|16730|8119|10563|AppSearch_Index|0.000|0.0|0.000|0|3|3|0-7|0|1024|1024|13165|20704|245
WINDOW|seq=64|t_cs=16266378|wall_ms=250|threads=263|busy_threads=1|total_runtime_ms=91.607|total_runq_wait_ms=0.091|tgids=5032,9728,10622,16730,26538
THREAD|64|1|9728|9728|10999|sh|91.607|36.6|0.091|11|4|1|0-7|0|1024|1024|444|574|784
THREAD|64|2|16730|9973|10563|AppSearch_Index|0.000|0.0|0.000|0|3|3|0-7|0|1024|1024|13150|20688|240
THREAD|64|3|16730|9940|10563|AppSearch_Index|0.000|0.0|0.000|0|2|2|0-7|0|1024|1024|13115|20690|232
THREAD|64|4|26538|9612|10195|binder:26538_8|0.000|0.0|0.000|0|3|3|0-7|0|1024|1024|3404|6506|3317
THREAD|64|5|26538|9470|10195|binder:26538_B|0.000|0.0|0.000|0|6|6|0-7|0|1024|1024|2531|4304|2105
THREAD|64|6|10622|8513|10201|ExoPlayer:Playb|0.000|0.0|0.000|0|4|4|0-7|0|1024|1024|6463|10331|51
THREAD|64|7|10622|8509|10201|ExoPlayer:Playb|0.000|0.0|0.000|0|1|1|0-7|0|1024|1024|6331|10327|49
THREAD|64|8|26538|8364|10195|IMM.binder-emu|0.000|0.0|0.000|0|2|2|0-7|0|1024|1024|15737|23850|1039
THREAD|64|9|26538|8336|10195|Primes-Jank|0.000|0.0|0.000|0|4|4|0-7|0|1024|1024|16074|23866|1131
THREAD|64|10|16730|8119|10563|AppSearch_Index|0.000|0.0|0.000|0|3|3|0-7|0|1024|1024|13165|20704|245
WINDOW|seq=65|t_cs=16266406|wall_ms=280|threads=263|busy_threads=1|total_runtime_ms=106.127|total_runq_wait_ms=0.080|tgids=5032,9728,10622,16730,26538
THREAD|65|1|9728|9728|10999|sh|106.127|37.9|0.080|13|1|4|0-7|0|1024|1024|445|583|786
THREAD|65|2|16730|9973|10563|AppSearch_Index|0.000|0.0|0.000|0|3|3|0-7|0|1024|1024|13150|20688|240
THREAD|65|3|16730|9940|10563|AppSearch_Index|0.000|0.0|0.000|0|2|2|0-7|0|1024|1024|13115|20690|232
THREAD|65|4|26538|9612|10195|binder:26538_8|0.000|0.0|0.000|0|3|3|0-7|0|1024|1024|3404|6506|3317
THREAD|65|5|26538|9470|10195|binder:26538_B|0.000|0.0|0.000|0|6|6|0-7|0|1024|1024|2531|4304|2105
THREAD|65|6|10622|8513|10201|ExoPlayer:Playb|0.000|0.0|0.000|0|4|4|0-7|0|1024|1024|6463|10331|51
THREAD|65|7|10622|8509|10201|ExoPlayer:Playb|0.000|0.0|0.000|0|1|1|0-7|0|1024|1024|6331|10327|49
THREAD|65|8|26538|8364|10195|IMM.binder-emu|0.000|0.0|0.000|0|2|2|0-7|0|1024|1024|15737|23850|1039
THREAD|65|9|26538|8336|10195|Primes-Jank|0.000|0.0|0.000|0|4|4|0-7|0|1024|1024|16074|23866|1131
THREAD|65|10|16730|8119|10563|AppSearch_Index|0.000|0.0|0.000|0|3|3|0-7|0|1024|1024|13165|20704|245
WINDOW|seq=66|t_cs=16266432|wall_ms=260|threads=263|busy_threads=1|total_runtime_ms=96.303|total_runq_wait_ms=0.147|tgids=5032,9728,10622,16730,26538
THREAD|66|1|9728|9728|10999|sh|96.303|37.0|0.147|12|4|5|0-7|0|1024|1024|449|591|790
THREAD|66|2|16730|9973|10563|AppSearch_Index|0.000|0.0|0.000|0|3|3|0-7|0|1024|1024|13150|20688|240
THREAD|66|3|16730|9940|10563|AppSearch_Index|0.000|0.0|0.000|0|2|2|0-7|0|1024|1024|13115|20690|232
THREAD|66|4|26538|9612|10195|binder:26538_8|0.000|0.0|0.000|0|3|3|0-7|0|1024|1024|3404|6506|3317
THREAD|66|5|26538|9470|10195|binder:26538_B|0.000|0.0|0.000|0|6|6|0-7|0|1024|1024|2531|4304|2105
THREAD|66|6|10622|8513|10201|ExoPlayer:Playb|0.000|0.0|0.000|0|4|4|0-7|0|1024|1024|6463|10331|51
THREAD|66|7|10622|8509|10201|ExoPlayer:Playb|0.000|0.0|0.000|0|1|1|0-7|0|1024|1024|6331|10327|49
THREAD|66|8|26538|8364|10195|IMM.binder-emu|0.000|0.0|0.000|0|2|2|0-7|0|1024|1024|15737|23850|1039
THREAD|66|9|26538|8336|10195|Primes-Jank|0.000|0.0|0.000|0|4|4|0-7|0|1024|1024|16074|23866|1131
THREAD|66|10|16730|8119|10563|AppSearch_Index|0.000|0.0|0.000|0|3|3|0-7|0|1024|1024|13165|20704|245
WINDOW|seq=67|t_cs=16266458|wall_ms=260|threads=263|busy_threads=1|total_runtime_ms=92.900|total_runq_wait_ms=0.000|tgids=5032,9728,10622,16730,26538
THREAD|67|1|9728|9728|10999|sh|92.900|35.7|0.000|9|5|4|0-7|0|1024|1024|452|599|791
THREAD|67|2|16730|9973|10563|AppSearch_Index|0.000|0.0|0.000|0|3|3|0-7|0|1024|1024|13150|20688|240
THREAD|67|3|16730|9940|10563|AppSearch_Index|0.000|0.0|0.000|0|2|2|0-7|0|1024|1024|13115|20690|232
THREAD|67|4|26538|9612|10195|binder:26538_8|0.000|0.0|0.000|0|3|3|0-7|0|1024|1024|3404|6506|3317
THREAD|67|5|26538|9470|10195|binder:26538_B|0.000|0.0|0.000|0|6|6|0-7|0|1024|1024|2531|4304|2105
THREAD|67|6|10622|8513|10201|ExoPlayer:Playb|0.000|0.0|0.000|0|4|4|0-7|0|1024|1024|6463|10331|51
THREAD|67|7|10622|8509|10201|ExoPlayer:Playb|0.000|0.0|0.000|0|1|1|0-7|0|1024|1024|6331|10327|49
THREAD|67|8|26538|8364|10195|IMM.binder-emu|0.000|0.0|0.000|0|2|2|0-7|0|1024|1024|15737|23850|1039
THREAD|67|9|26538|8336|10195|Primes-Jank|0.000|0.0|0.000|0|4|4|0-7|0|1024|1024|16074|23866|1131
THREAD|67|10|16730|8119|10563|AppSearch_Index|0.000|0.0|0.000|0|3|3|0-7|0|1024|1024|13165|20704|245
WINDOW|seq=68|t_cs=16266483|wall_ms=250|threads=263|busy_threads=1|total_runtime_ms=102.656|total_runq_wait_ms=0.312|tgids=5032,9728,10622,16730,26538
THREAD|68|1|9728|9728|10999|sh|102.656|41.0|0.312|16|4|5|0-7|0|1024|1024|460|607|799
THREAD|68|2|16730|9973|10563|AppSearch_Index|0.000|0.0|0.000|0|3|3|0-7|0|1024|1024|13150|20688|240
THREAD|68|3|16730|9940|10563|AppSearch_Index|0.000|0.0|0.000|0|2|2|0-7|0|1024|1024|13115|20690|232
THREAD|68|4|26538|9612|10195|binder:26538_8|0.000|0.0|0.000|0|3|3|0-7|0|1024|1024|3404|6506|3317
THREAD|68|5|26538|9470|10195|binder:26538_B|0.000|0.0|0.000|0|6|6|0-7|0|1024|1024|2531|4304|2105
THREAD|68|6|10622|8513|10201|ExoPlayer:Playb|0.000|0.0|0.000|0|4|4|0-7|0|1024|1024|6463|10331|51
THREAD|68|7|10622|8509|10201|ExoPlayer:Playb|0.000|0.0|0.000|0|1|1|0-7|0|1024|1024|6331|10327|49
THREAD|68|8|26538|8364|10195|IMM.binder-emu|0.000|0.0|0.000|0|2|2|0-7|0|1024|1024|15737|23850|1039
THREAD|68|9|26538|8336|10195|Primes-Jank|0.000|0.0|0.000|0|4|4|0-7|0|1024|1024|16074|23866|1131
THREAD|68|10|16730|8119|10563|AppSearch_Index|0.000|0.0|0.000|0|3|3|0-7|0|1024|1024|13165|20704|245
WINDOW|seq=69|t_cs=16266509|wall_ms=260|threads=263|busy_threads=1|total_runtime_ms=96.908|total_runq_wait_ms=0.204|tgids=5032,9728,10622,16730,26538
THREAD|69|1|9728|9728|10999|sh|96.908|37.2|0.204|12|5|1|0-7|0|1024|1024|466|615|804
THREAD|69|2|16730|9973|10563|AppSearch_Index|0.000|0.0|0.000|0|3|3|0-7|0|1024|1024|13150|20688|240
THREAD|69|3|16730|9940|10563|AppSearch_Index|0.000|0.0|0.000|0|2|2|0-7|0|1024|1024|13115|20690|232
THREAD|69|4|26538|9612|10195|binder:26538_8|0.000|0.0|0.000|0|3|3|0-7|0|1024|1024|3404|6506|3317
THREAD|69|5|26538|9470|10195|binder:26538_B|0.000|0.0|0.000|0|6|6|0-7|0|1024|1024|2531|4304|2105
THREAD|69|6|10622|8513|10201|ExoPlayer:Playb|0.000|0.0|0.000|0|4|4|0-7|0|1024|1024|6463|10331|51
THREAD|69|7|10622|8509|10201|ExoPlayer:Playb|0.000|0.0|0.000|0|1|1|0-7|0|1024|1024|6331|10327|49
THREAD|69|8|26538|8364|10195|IMM.binder-emu|0.000|0.0|0.000|0|2|2|0-7|0|1024|1024|15737|23850|1039
THREAD|69|9|26538|8336|10195|Primes-Jank|0.000|0.0|0.000|0|4|4|0-7|0|1024|1024|16074|23866|1131
THREAD|69|10|16730|8119|10563|AppSearch_Index|0.000|0.0|0.000|0|3|3|0-7|0|1024|1024|13165|20704|245
WINDOW|seq=70|t_cs=16266534|wall_ms=250|threads=263|busy_threads=1|total_runtime_ms=94.988|total_runq_wait_ms=0.078|tgids=5032,9728,10622,16730,26538
THREAD|70|1|9728|9728|10999|sh|94.988|37.9|0.078|10|1|4|0-7|0|1024|1024|468|623|806
THREAD|70|2|16730|9973|10563|AppSearch_Index|0.000|0.0|0.000|0|3|3|0-7|0|1024|1024|13150|20688|240
THREAD|70|3|16730|9940|10563|AppSearch_Index|0.000|0.0|0.000|0|2|2|0-7|0|1024|1024|13115|20690|232
THREAD|70|4|26538|9612|10195|binder:26538_8|0.000|0.0|0.000|0|3|3|0-7|0|1024|1024|3404|6506|3317
THREAD|70|5|26538|9470|10195|binder:26538_B|0.000|0.0|0.000|0|6|6|0-7|0|1024|1024|2531|4304|2105
THREAD|70|6|10622|8513|10201|ExoPlayer:Playb|0.000|0.0|0.000|0|4|4|0-7|0|1024|1024|6463|10331|51
THREAD|70|7|10622|8509|10201|ExoPlayer:Playb|0.000|0.0|0.000|0|1|1|0-7|0|1024|1024|6331|10327|49
THREAD|70|8|26538|8364|10195|IMM.binder-emu|0.000|0.0|0.000|0|2|2|0-7|0|1024|1024|15737|23850|1039
THREAD|70|9|26538|8336|10195|Primes-Jank|0.000|0.0|0.000|0|4|4|0-7|0|1024|1024|16074|23866|1131
THREAD|70|10|16730|8119|10563|AppSearch_Index|0.000|0.0|0.000|0|3|3|0-7|0|1024|1024|13165|20704|245
WINDOW|seq=71|t_cs=16266561|wall_ms=270|threads=263|busy_threads=1|total_runtime_ms=92.409|total_runq_wait_ms=0.707|tgids=5032,9728,10622,16730,26538
THREAD|71|1|9728|9728|10999|sh|92.409|34.2|0.707|12|4|1|0-7|0|1024|1024|473|631|814
THREAD|71|2|16730|9973|10563|AppSearch_Index|0.000|0.0|0.000|0|3|3|0-7|0|1024|1024|13150|20688|240
THREAD|71|3|16730|9940|10563|AppSearch_Index|0.000|0.0|0.000|0|2|2|0-7|0|1024|1024|13115|20690|232
THREAD|71|4|26538|9612|10195|binder:26538_8|0.000|0.0|0.000|0|3|3|0-7|0|1024|1024|3404|6506|3317
THREAD|71|5|26538|9470|10195|binder:26538_B|0.000|0.0|0.000|0|6|6|0-7|0|1024|1024|2531|4304|2105
THREAD|71|6|10622|8513|10201|ExoPlayer:Playb|0.000|0.0|0.000|0|4|4|0-7|0|1024|1024|6463|10331|51
THREAD|71|7|10622|8509|10201|ExoPlayer:Playb|0.000|0.0|0.000|0|1|1|0-7|0|1024|1024|6331|10327|49
THREAD|71|8|26538|8364|10195|IMM.binder-emu|0.000|0.0|0.000|0|2|2|0-7|0|1024|1024|15737|23850|1039
THREAD|71|9|26538|8336|10195|Primes-Jank|0.000|0.0|0.000|0|4|4|0-7|0|1024|1024|16074|23866|1131
THREAD|71|10|16730|8119|10563|AppSearch_Index|0.000|0.0|0.000|0|3|3|0-7|0|1024|1024|13165|20704|245
WINDOW|seq=72|t_cs=16266587|wall_ms=260|threads=263|busy_threads=1|total_runtime_ms=96.494|total_runq_wait_ms=1.968|tgids=5032,9728,10622,16730,26538
THREAD|72|1|9728|9728|10999|sh|96.494|37.1|1.968|29|1|5|0-7|0|1024|1024|476|639|830
THREAD|72|2|16730|9973|10563|AppSearch_Index|0.000|0.0|0.000|0|3|3|0-7|0|1024|1024|13150|20688|240
THREAD|72|3|16730|9940|10563|AppSearch_Index|0.000|0.0|0.000|0|2|2|0-7|0|1024|1024|13115|20690|232
THREAD|72|4|26538|9612|10195|binder:26538_8|0.000|0.0|0.000|0|3|3|0-7|0|1024|1024|3404|6506|3317
THREAD|72|5|26538|9470|10195|binder:26538_B|0.000|0.0|0.000|0|6|6|0-7|0|1024|1024|2531|4304|2105
THREAD|72|6|10622|8513|10201|ExoPlayer:Playb|0.000|0.0|0.000|0|4|4|0-7|0|1024|1024|6463|10331|51
THREAD|72|7|10622|8509|10201|ExoPlayer:Playb|0.000|0.0|0.000|0|1|1|0-7|0|1024|1024|6331|10327|49
THREAD|72|8|26538|8364|10195|IMM.binder-emu|0.000|0.0|0.000|0|2|2|0-7|0|1024|1024|15737|23850|1039
THREAD|72|9|26538|8336|10195|Primes-Jank|0.000|0.0|0.000|0|4|4|0-7|0|1024|1024|16074|23866|1131
THREAD|72|10|16730|8119|10563|AppSearch_Index|0.000|0.0|0.000|0|3|3|0-7|0|1024|1024|13165|20704|245
WINDOW|seq=73|t_cs=16266613|wall_ms=260|threads=263|busy_threads=1|total_runtime_ms=81.797|total_runq_wait_ms=0.021|tgids=5032,9728,10622,16730,26538
THREAD|73|1|9728|9728|10999|sh|81.797|31.4|0.021|10|5|4|0-7|0|1024|1024|480|648|832
THREAD|73|2|16730|9973|10563|AppSearch_Index|0.000|0.0|0.000|0|3|3|0-7|0|1024|1024|13150|20688|240
THREAD|73|3|16730|9940|10563|AppSearch_Index|0.000|0.0|0.000|0|2|2|0-7|0|1024|1024|13115|20690|232
THREAD|73|4|26538|9612|10195|binder:26538_8|0.000|0.0|0.000|0|3|3|0-7|0|1024|1024|3404|6506|3317
THREAD|73|5|26538|9470|10195|binder:26538_B|0.000|0.0|0.000|0|6|6|0-7|0|1024|1024|2531|4304|2105
THREAD|73|6|10622|8513|10201|ExoPlayer:Playb|0.000|0.0|0.000|0|4|4|0-7|0|1024|1024|6463|10331|51
THREAD|73|7|10622|8509|10201|ExoPlayer:Playb|0.000|0.0|0.000|0|1|1|0-7|0|1024|1024|6331|10327|49
THREAD|73|8|26538|8364|10195|IMM.binder-emu|0.000|0.0|0.000|0|2|2|0-7|0|1024|1024|15737|23850|1039
THREAD|73|9|26538|8336|10195|Primes-Jank|0.000|0.0|0.000|0|4|4|0-7|0|1024|1024|16074|23866|1131
THREAD|73|10|16730|8119|10563|AppSearch_Index|0.000|0.0|0.000|0|3|3|0-7|0|1024|1024|13165|20704|245
WINDOW|seq=74|t_cs=16266639|wall_ms=260|threads=263|busy_threads=1|total_runtime_ms=96.566|total_runq_wait_ms=0.056|tgids=5032,9728,10622,16730,26538
THREAD|74|1|9728|9728|10999|sh|96.566|37.1|0.056|10|4|1|0-7|0|1024|1024|484|656|842
THREAD|74|2|16730|9973|10563|AppSearch_Index|0.000|0.0|0.000|0|3|3|0-7|0|1024|1024|13150|20688|240
THREAD|74|3|16730|9940|10563|AppSearch_Index|0.000|0.0|0.000|0|2|2|0-7|0|1024|1024|13115|20690|232
THREAD|74|4|26538|9612|10195|binder:26538_8|0.000|0.0|0.000|0|3|3|0-7|0|1024|1024|3404|6506|3317
THREAD|74|5|26538|9470|10195|binder:26538_B|0.000|0.0|0.000|0|6|6|0-7|0|1024|1024|2531|4304|2105
THREAD|74|6|10622|8513|10201|ExoPlayer:Playb|0.000|0.0|0.000|0|4|4|0-7|0|1024|1024|6463|10331|51
THREAD|74|7|10622|8509|10201|ExoPlayer:Playb|0.000|0.0|0.000|0|1|1|0-7|0|1024|1024|6331|10327|49
THREAD|74|8|26538|8364|10195|IMM.binder-emu|0.000|0.0|0.000|0|2|2|0-7|0|1024|1024|15737|23850|1039
THREAD|74|9|26538|8336|10195|Primes-Jank|0.000|0.0|0.000|0|4|4|0-7|0|1024|1024|16074|23866|1131
THREAD|74|10|16730|8119|10563|AppSearch_Index|0.000|0.0|0.000|0|3|3|0-7|0|1024|1024|13165|20704|245
WINDOW|seq=75|t_cs=16266664|wall_ms=250|threads=263|busy_threads=1|total_runtime_ms=110.472|total_runq_wait_ms=0.684|tgids=5032,9728,10622,16730,26538
THREAD|75|1|9728|9728|10999|sh|110.472|44.1|0.684|21|1|1|0-7|0|1024|1024|488|663|847
THREAD|75|2|16730|9973|10563|AppSearch_Index|0.000|0.0|0.000|0|3|3|0-7|0|1024|1024|13150|20688|240
THREAD|75|3|16730|9940|10563|AppSearch_Index|0.000|0.0|0.000|0|2|2|0-7|0|1024|1024|13115|20690|232
THREAD|75|4|26538|9612|10195|binder:26538_8|0.000|0.0|0.000|0|3|3|0-7|0|1024|1024|3404|6506|3317
THREAD|75|5|26538|9470|10195|binder:26538_B|0.000|0.0|0.000|0|6|6|0-7|0|1024|1024|2531|4304|2105
THREAD|75|6|10622|8513|10201|ExoPlayer:Playb|0.000|0.0|0.000|0|4|4|0-7|0|1024|1024|6463|10331|51
THREAD|75|7|10622|8509|10201|ExoPlayer:Playb|0.000|0.0|0.000|0|1|1|0-7|0|1024|1024|6331|10327|49
THREAD|75|8|26538|8364|10195|IMM.binder-emu|0.000|0.0|0.000|0|2|2|0-7|0|1024|1024|15737|23850|1039
THREAD|75|9|26538|8336|10195|Primes-Jank|0.000|0.0|0.000|0|4|4|0-7|0|1024|1024|16074|23866|1131
THREAD|75|10|16730|8119|10563|AppSearch_Index|0.000|0.0|0.000|0|3|3|0-7|0|1024|1024|13165|20704|245
WINDOW|seq=76|t_cs=16266690|wall_ms=260|threads=263|busy_threads=1|total_runtime_ms=105.243|total_runq_wait_ms=1.929|tgids=5032,9728,10622,16730,26538
THREAD|76|1|9728|9728|10999|sh|105.243|40.4|1.929|33|1|4|0-7|0|1024|1024|493|670|873
THREAD|76|2|16730|9973|10563|AppSearch_Index|0.000|0.0|0.000|0|3|3|0-7|0|1024|1024|13150|20688|240
THREAD|76|3|16730|9940|10563|AppSearch_Index|0.000|0.0|0.000|0|2|2|0-7|0|1024|1024|13115|20690|232
THREAD|76|4|26538|9612|10195|binder:26538_8|0.000|0.0|0.000|0|3|3|0-7|0|1024|1024|3404|6506|3317
THREAD|76|5|26538|9470|10195|binder:26538_B|0.000|0.0|0.000|0|6|6|0-7|0|1024|1024|2531|4304|2105
THREAD|76|6|10622|8513|10201|ExoPlayer:Playb|0.000|0.0|0.000|0|4|4|0-7|0|1024|1024|6463|10331|51
THREAD|76|7|10622|8509|10201|ExoPlayer:Playb|0.000|0.0|0.000|0|1|1|0-7|0|1024|1024|6331|10327|49
THREAD|76|8|26538|8364|10195|IMM.binder-emu|0.000|0.0|0.000|0|2|2|0-7|0|1024|1024|15737|23850|1039
THREAD|76|9|26538|8336|10195|Primes-Jank|0.000|0.0|0.000|0|4|4|0-7|0|1024|1024|16074|23866|1131
THREAD|76|10|16730|8119|10563|AppSearch_Index|0.000|0.0|0.000|0|3|3|0-7|0|1024|1024|13165|20704|245
WINDOW|seq=77|t_cs=16266717|wall_ms=270|threads=263|busy_threads=1|total_runtime_ms=131.257|total_runq_wait_ms=1.248|tgids=5032,9728,10622,16730,26538
THREAD|77|1|9728|9728|10999|sh|131.257|48.6|1.248|19|4|0|0-7|0|1024|1024|497|677|885
THREAD|77|2|16730|9973|10563|AppSearch_Index|0.000|0.0|0.000|0|3|3|0-7|0|1024|1024|13150|20688|240
THREAD|77|3|16730|9940|10563|AppSearch_Index|0.000|0.0|0.000|0|2|2|0-7|0|1024|1024|13115|20690|232
THREAD|77|4|26538|9612|10195|binder:26538_8|0.000|0.0|0.000|0|3|3|0-7|0|1024|1024|3404|6506|3317
THREAD|77|5|26538|9470|10195|binder:26538_B|0.000|0.0|0.000|0|6|6|0-7|0|1024|1024|2531|4304|2105
THREAD|77|6|10622|8513|10201|ExoPlayer:Playb|0.000|0.0|0.000|0|4|4|0-7|0|1024|1024|6463|10331|51
THREAD|77|7|10622|8509|10201|ExoPlayer:Playb|0.000|0.0|0.000|0|1|1|0-7|0|1024|1024|6331|10327|49
THREAD|77|8|26538|8364|10195|IMM.binder-emu|0.000|0.0|0.000|0|2|2|0-7|0|1024|1024|15737|23850|1039
THREAD|77|9|26538|8336|10195|Primes-Jank|0.000|0.0|0.000|0|4|4|0-7|0|1024|1024|16074|23866|1131
THREAD|77|10|16730|8119|10563|AppSearch_Index|0.000|0.0|0.000|0|3|3|0-7|0|1024|1024|13165|20704|245
WINDOW|seq=78|t_cs=16266743|wall_ms=260|threads=263|busy_threads=1|total_runtime_ms=109.964|total_runq_wait_ms=0.375|tgids=5032,9728,10622,16730,26538
THREAD|78|1|9728|9728|10999|sh|109.964|42.2|0.375|14|0|0|0-7|0|1024|1024|501|684|893
THREAD|78|2|16730|9973|10563|AppSearch_Index|0.000|0.0|0.000|0|3|3|0-7|0|1024|1024|13150|20688|240
THREAD|78|3|16730|9940|10563|AppSearch_Index|0.000|0.0|0.000|0|2|2|0-7|0|1024|1024|13115|20690|232
THREAD|78|4|26538|9612|10195|binder:26538_8|0.000|0.0|0.000|0|3|3|0-7|0|1024|1024|3404|6506|3317
THREAD|78|5|26538|9470|10195|binder:26538_B|0.000|0.0|0.000|0|6|6|0-7|0|1024|1024|2531|4304|2105
THREAD|78|6|10622|8513|10201|ExoPlayer:Playb|0.000|0.0|0.000|0|4|4|0-7|0|1024|1024|6463|10331|51
THREAD|78|7|10622|8509|10201|ExoPlayer:Playb|0.000|0.0|0.000|0|1|1|0-7|0|1024|1024|6331|10327|49
THREAD|78|8|26538|8364|10195|IMM.binder-emu|0.000|0.0|0.000|0|2|2|0-7|0|1024|1024|15737|23850|1039
THREAD|78|9|26538|8336|10195|Primes-Jank|0.000|0.0|0.000|0|4|4|0-7|0|1024|1024|16074|23866|1131
THREAD|78|10|16730|8119|10563|AppSearch_Index|0.000|0.0|0.000|0|3|3|0-7|0|1024|1024|13165|20704|245
WINDOW|seq=79|t_cs=16266768|wall_ms=250|threads=263|busy_threads=1|total_runtime_ms=120.518|total_runq_wait_ms=0.984|tgids=5032,9728,10622,16730,26538
THREAD|79|1|9728|9728|10999|sh|120.518|48.2|0.984|17|0|5|0-7|0|1024|1024|505|691|902
THREAD|79|2|16730|9973|10563|AppSearch_Index|0.000|0.0|0.000|0|3|3|0-7|0|1024|1024|13150|20688|240
THREAD|79|3|16730|9940|10563|AppSearch_Index|0.000|0.0|0.000|0|2|2|0-7|0|1024|1024|13115|20690|232
THREAD|79|4|26538|9612|10195|binder:26538_8|0.000|0.0|0.000|0|3|3|0-7|0|1024|1024|3404|6506|3317
THREAD|79|5|26538|9470|10195|binder:26538_B|0.000|0.0|0.000|0|6|6|0-7|0|1024|1024|2531|4304|2105
THREAD|79|6|10622|8513|10201|ExoPlayer:Playb|0.000|0.0|0.000|0|4|4|0-7|0|1024|1024|6463|10331|51
THREAD|79|7|10622|8509|10201|ExoPlayer:Playb|0.000|0.0|0.000|0|1|1|0-7|0|1024|1024|6331|10327|49
THREAD|79|8|26538|8364|10195|IMM.binder-emu|0.000|0.0|0.000|0|2|2|0-7|0|1024|1024|15737|23850|1039
THREAD|79|9|26538|8336|10195|Primes-Jank|0.000|0.0|0.000|0|4|4|0-7|0|1024|1024|16074|23866|1131
THREAD|79|10|16730|8119|10563|AppSearch_Index|0.000|0.0|0.000|0|3|3|0-7|0|1024|1024|13165|20704|245
WINDOW|seq=80|t_cs=16266795|wall_ms=270|threads=263|busy_threads=1|total_runtime_ms=102.582|total_runq_wait_ms=1.249|tgids=5032,9728,10622,16730,26538
THREAD|80|1|9728|9728|10999|sh|102.582|37.9|1.249|14|5|4|0-7|0|1024|1024|510|699|916
THREAD|80|2|16730|9973|10563|AppSearch_Index|0.000|0.0|0.000|0|3|3|0-7|0|1024|1024|13150|20688|240
THREAD|80|3|16730|9940|10563|AppSearch_Index|0.000|0.0|0.000|0|2|2|0-7|0|1024|1024|13115|20690|232
THREAD|80|4|26538|9612|10195|binder:26538_8|0.000|0.0|0.000|0|3|3|0-7|0|1024|1024|3404|6506|3317
THREAD|80|5|26538|9470|10195|binder:26538_B|0.000|0.0|0.000|0|6|6|0-7|0|1024|1024|2531|4304|2105
THREAD|80|6|10622|8513|10201|ExoPlayer:Playb|0.000|0.0|0.000|0|4|4|0-7|0|1024|1024|6463|10331|51
THREAD|80|7|10622|8509|10201|ExoPlayer:Playb|0.000|0.0|0.000|0|1|1|0-7|0|1024|1024|6331|10327|49
THREAD|80|8|26538|8364|10195|IMM.binder-emu|0.000|0.0|0.000|0|2|2|0-7|0|1024|1024|15737|23850|1039
THREAD|80|9|26538|8336|10195|Primes-Jank|0.000|0.0|0.000|0|4|4|0-7|0|1024|1024|16074|23866|1131
THREAD|80|10|16730|8119|10563|AppSearch_Index|0.000|0.0|0.000|0|3|3|0-7|0|1024|1024|13165|20704|245
WINDOW|seq=81|t_cs=16266821|wall_ms=260|threads=263|busy_threads=1|total_runtime_ms=124.296|total_runq_wait_ms=2.202|tgids=5032,9728,10622,16730,26538
THREAD|81|1|9728|9728|10999|sh|124.296|47.8|2.202|24|4|0|0-7|0|1024|1024|513|705|926
THREAD|81|2|16730|9973|10563|AppSearch_Index|0.000|0.0|0.000|0|3|3|0-7|0|1024|1024|13150|20688|240
THREAD|81|3|16730|9940|10563|AppSearch_Index|0.000|0.0|0.000|0|2|2|0-7|0|1024|1024|13115|20690|232
THREAD|81|4|26538|9612|10195|binder:26538_8|0.000|0.0|0.000|0|3|3|0-7|0|1024|1024|3404|6506|3317
THREAD|81|5|26538|9470|10195|binder:26538_B|0.000|0.0|0.000|0|6|6|0-7|0|1024|1024|2531|4304|2105
THREAD|81|6|10622|8513|10201|ExoPlayer:Playb|0.000|0.0|0.000|0|4|4|0-7|0|1024|1024|6463|10331|51
THREAD|81|7|10622|8509|10201|ExoPlayer:Playb|0.000|0.0|0.000|0|1|1|0-7|0|1024|1024|6331|10327|49
THREAD|81|8|26538|8364|10195|IMM.binder-emu|0.000|0.0|0.000|0|2|2|0-7|0|1024|1024|15737|23850|1039
THREAD|81|9|26538|8336|10195|Primes-Jank|0.000|0.0|0.000|0|4|4|0-7|0|1024|1024|16074|23866|1131
THREAD|81|10|16730|8119|10563|AppSearch_Index|0.000|0.0|0.000|0|3|3|0-7|0|1024|1024|13165|20704|245
WINDOW|seq=82|t_cs=16266847|wall_ms=260|threads=263|busy_threads=1|total_runtime_ms=115.664|total_runq_wait_ms=0.282|tgids=5032,9728,10622,16730,26538
THREAD|82|1|9728|9728|10999|sh|115.664|44.4|0.282|13|0|1|0-7|0|1024|1024|514|712|934
THREAD|82|2|16730|9973|10563|AppSearch_Index|0.000|0.0|0.000|0|3|3|0-7|0|1024|1024|13150|20688|240
THREAD|82|3|16730|9940|10563|AppSearch_Index|0.000|0.0|0.000|0|2|2|0-7|0|1024|1024|13115|20690|232
THREAD|82|4|26538|9612|10195|binder:26538_8|0.000|0.0|0.000|0|3|3|0-7|0|1024|1024|3404|6506|3317
THREAD|82|5|26538|9470|10195|binder:26538_B|0.000|0.0|0.000|0|6|6|0-7|0|1024|1024|2531|4304|2105
THREAD|82|6|10622|8513|10201|ExoPlayer:Playb|0.000|0.0|0.000|0|4|4|0-7|0|1024|1024|6463|10331|51
THREAD|82|7|10622|8509|10201|ExoPlayer:Playb|0.000|0.0|0.000|0|1|1|0-7|0|1024|1024|6331|10327|49
THREAD|82|8|26538|8364|10195|IMM.binder-emu|0.000|0.0|0.000|0|2|2|0-7|0|1024|1024|15737|23850|1039
THREAD|82|9|26538|8336|10195|Primes-Jank|0.000|0.0|0.000|0|4|4|0-7|0|1024|1024|16074|23866|1131
THREAD|82|10|16730|8119|10563|AppSearch_Index|0.000|0.0|0.000|0|3|3|0-7|0|1024|1024|13165|20704|245
WINDOW|seq=83|t_cs=16266872|wall_ms=250|threads=263|busy_threads=1|total_runtime_ms=93.659|total_runq_wait_ms=0.140|tgids=5032,9728,10622,16730,26538
THREAD|83|1|9728|9728|10999|sh|93.659|37.4|0.140|11|1|1|0-7|0|1024|1024|517|720|939
THREAD|83|2|16730|9973|10563|AppSearch_Index|0.000|0.0|0.000|0|3|3|0-7|0|1024|1024|13150|20688|240
THREAD|83|3|16730|9940|10563|AppSearch_Index|0.000|0.0|0.000|0|2|2|0-7|0|1024|1024|13115|20690|232
THREAD|83|4|26538|9612|10195|binder:26538_8|0.000|0.0|0.000|0|3|3|0-7|0|1024|1024|3404|6506|3317
THREAD|83|5|26538|9470|10195|binder:26538_B|0.000|0.0|0.000|0|6|6|0-7|0|1024|1024|2531|4304|2105
THREAD|83|6|10622|8513|10201|ExoPlayer:Playb|0.000|0.0|0.000|0|4|4|0-7|0|1024|1024|6463|10331|51
THREAD|83|7|10622|8509|10201|ExoPlayer:Playb|0.000|0.0|0.000|0|1|1|0-7|0|1024|1024|6331|10327|49
THREAD|83|8|26538|8364|10195|IMM.binder-emu|0.000|0.0|0.000|0|2|2|0-7|0|1024|1024|15737|23850|1039
THREAD|83|9|26538|8336|10195|Primes-Jank|0.000|0.0|0.000|0|4|4|0-7|0|1024|1024|16074|23866|1131
THREAD|83|10|16730|8119|10563|AppSearch_Index|0.000|0.0|0.000|0|3|3|0-7|0|1024|1024|13165|20704|245
WINDOW|seq=84|t_cs=16266898|wall_ms=260|threads=263|busy_threads=1|total_runtime_ms=102.497|total_runq_wait_ms=1.814|tgids=5032,9728,10622,16730,26538
THREAD|84|1|9728|9728|10999|sh|102.497|39.4|1.814|30|1|4|0-7|0|1024|1024|525|728|958
THREAD|84|2|16730|9973|10563|AppSearch_Index|0.000|0.0|0.000|0|3|3|0-7|0|1024|1024|13150|20688|240
THREAD|84|3|16730|9940|10563|AppSearch_Index|0.000|0.0|0.000|0|2|2|0-7|0|1024|1024|13115|20690|232
THREAD|84|4|26538|9612|10195|binder:26538_8|0.000|0.0|0.000|0|3|3|0-7|0|1024|1024|3404|6506|3317
THREAD|84|5|26538|9470|10195|binder:26538_B|0.000|0.0|0.000|0|6|6|0-7|0|1024|1024|2531|4304|2105
THREAD|84|6|10622|8513|10201|ExoPlayer:Playb|0.000|0.0|0.000|0|4|4|0-7|0|1024|1024|6463|10331|51
THREAD|84|7|10622|8509|10201|ExoPlayer:Playb|0.000|0.0|0.000|0|1|1|0-7|0|1024|1024|6331|10327|49
THREAD|84|8|26538|8364|10195|IMM.binder-emu|0.000|0.0|0.000|0|2|2|0-7|0|1024|1024|15737|23850|1039
THREAD|84|9|26538|8336|10195|Primes-Jank|0.000|0.0|0.000|0|4|4|0-7|0|1024|1024|16074|23866|1131
THREAD|84|10|16730|8119|10563|AppSearch_Index|0.000|0.0|0.000|0|3|3|0-7|0|1024|1024|13165|20704|245
WINDOW|seq=85|t_cs=16266925|wall_ms=270|threads=263|busy_threads=1|total_runtime_ms=114.017|total_runq_wait_ms=0.414|tgids=5032,9728,10622,16730,26538
THREAD|85|1|9728|9728|10999|sh|114.017|42.2|0.414|13|4|4|0-7|0|1024|1024|528|735|963
THREAD|85|2|16730|9973|10563|AppSearch_Index|0.000|0.0|0.000|0|3|3|0-7|0|1024|1024|13150|20688|240
THREAD|85|3|16730|9940|10563|AppSearch_Index|0.000|0.0|0.000|0|2|2|0-7|0|1024|1024|13115|20690|232
THREAD|85|4|26538|9612|10195|binder:26538_8|0.000|0.0|0.000|0|3|3|0-7|0|1024|1024|3404|6506|3317
THREAD|85|5|26538|9470|10195|binder:26538_B|0.000|0.0|0.000|0|6|6|0-7|0|1024|1024|2531|4304|2105
THREAD|85|6|10622|8513|10201|ExoPlayer:Playb|0.000|0.0|0.000|0|4|4|0-7|0|1024|1024|6463|10331|51
THREAD|85|7|10622|8509|10201|ExoPlayer:Playb|0.000|0.0|0.000|0|1|1|0-7|0|1024|1024|6331|10327|49
THREAD|85|8|26538|8364|10195|IMM.binder-emu|0.000|0.0|0.000|0|2|2|0-7|0|1024|1024|15737|23850|1039
THREAD|85|9|26538|8336|10195|Primes-Jank|0.000|0.0|0.000|0|4|4|0-7|0|1024|1024|16074|23866|1131
THREAD|85|10|16730|8119|10563|AppSearch_Index|0.000|0.0|0.000|0|3|3|0-7|0|1024|1024|13165|20704|245
WINDOW|seq=86|t_cs=16266950|wall_ms=250|threads=263|busy_threads=1|total_runtime_ms=92.921|total_runq_wait_ms=0.048|tgids=5032,9728,10622,16730,26538
THREAD|86|1|9728|9728|10999|sh|92.921|37.1|0.048|10|4|1|0-7|0|1024|1024|531|743|978
THREAD|86|2|16730|9973|10563|AppSearch_Index|0.000|0.0|0.000|0|3|3|0-7|0|1024|1024|13150|20688|240
THREAD|86|3|16730|9940|10563|AppSearch_Index|0.000|0.0|0.000|0|2|2|0-7|0|1024|1024|13115|20690|232
THREAD|86|4|26538|9612|10195|binder:26538_8|0.000|0.0|0.000|0|3|3|0-7|0|1024|1024|3404|6506|3317
THREAD|86|5|26538|9470|10195|binder:26538_B|0.000|0.0|0.000|0|6|6|0-7|0|1024|1024|2531|4304|2105
THREAD|86|6|10622|8513|10201|ExoPlayer:Playb|0.000|0.0|0.000|0|4|4|0-7|0|1024|1024|6463|10331|51
THREAD|86|7|10622|8509|10201|ExoPlayer:Playb|0.000|0.0|0.000|0|1|1|0-7|0|1024|1024|6331|10327|49
THREAD|86|8|26538|8364|10195|IMM.binder-emu|0.000|0.0|0.000|0|2|2|0-7|0|1024|1024|15737|23850|1039
THREAD|86|9|26538|8336|10195|Primes-Jank|0.000|0.0|0.000|0|4|4|0-7|0|1024|1024|16074|23866|1131
THREAD|86|10|16730|8119|10563|AppSearch_Index|0.000|0.0|0.000|0|3|3|0-7|0|1024|1024|13165|20704|245
WINDOW|seq=87|t_cs=16266977|wall_ms=270|threads=263|busy_threads=1|total_runtime_ms=122.585|total_runq_wait_ms=0.627|tgids=5032,9728,10622,16730,26538
THREAD|87|1|9728|9728|10999|sh|122.585|45.4|0.627|25|1|5|0-7|0|1024|1024|533|750|989
THREAD|87|2|16730|9973|10563|AppSearch_Index|0.000|0.0|0.000|0|3|3|0-7|0|1024|1024|13150|20688|240
THREAD|87|3|16730|9940|10563|AppSearch_Index|0.000|0.0|0.000|0|2|2|0-7|0|1024|1024|13115|20690|232
THREAD|87|4|26538|9612|10195|binder:26538_8|0.000|0.0|0.000|0|3|3|0-7|0|1024|1024|3404|6506|3317
THREAD|87|5|26538|9470|10195|binder:26538_B|0.000|0.0|0.000|0|6|6|0-7|0|1024|1024|2531|4304|2105
THREAD|87|6|10622|8513|10201|ExoPlayer:Playb|0.000|0.0|0.000|0|4|4|0-7|0|1024|1024|6463|10331|51
THREAD|87|7|10622|8509|10201|ExoPlayer:Playb|0.000|0.0|0.000|0|1|1|0-7|0|1024|1024|6331|10327|49
THREAD|87|8|26538|8364|10195|IMM.binder-emu|0.000|0.0|0.000|0|2|2|0-7|0|1024|1024|15737|23850|1039
THREAD|87|9|26538|8336|10195|Primes-Jank|0.000|0.0|0.000|0|4|4|0-7|0|1024|1024|16074|23866|1131
THREAD|87|10|16730|8119|10563|AppSearch_Index|0.000|0.0|0.000|0|3|3|0-7|0|1024|1024|13165|20704|245
WINDOW|seq=88|t_cs=16267002|wall_ms=250|threads=263|busy_threads=1|total_runtime_ms=120.058|total_runq_wait_ms=0.388|tgids=5032,9728,10622,16730,26538
THREAD|88|1|9728|9728|10999|sh|120.058|48.0|0.388|15|5|5|0-7|0|1024|1024|536|757|994
THREAD|88|2|16730|9973|10563|AppSearch_Index|0.000|0.0|0.000|0|3|3|0-7|0|1024|1024|13150|20688|240
THREAD|88|3|16730|9940|10563|AppSearch_Index|0.000|0.0|0.000|0|2|2|0-7|0|1024|1024|13115|20690|232
THREAD|88|4|26538|9612|10195|binder:26538_8|0.000|0.0|0.000|0|3|3|0-7|0|1024|1024|3404|6506|3317
THREAD|88|5|26538|9470|10195|binder:26538_B|0.000|0.0|0.000|0|6|6|0-7|0|1024|1024|2531|4304|2105
THREAD|88|6|10622|8513|10201|ExoPlayer:Playb|0.000|0.0|0.000|0|4|4|0-7|0|1024|1024|6463|10331|51
THREAD|88|7|10622|8509|10201|ExoPlayer:Playb|0.000|0.0|0.000|0|1|1|0-7|0|1024|1024|6331|10327|49
THREAD|88|8|26538|8364|10195|IMM.binder-emu|0.000|0.0|0.000|0|2|2|0-7|0|1024|1024|15737|23850|1039
THREAD|88|9|26538|8336|10195|Primes-Jank|0.000|0.0|0.000|0|4|4|0-7|0|1024|1024|16074|23866|1131
THREAD|88|10|16730|8119|10563|AppSearch_Index|0.000|0.0|0.000|0|3|3|0-7|0|1024|1024|13165|20704|245
WINDOW|seq=89|t_cs=16267028|wall_ms=260|threads=263|busy_threads=1|total_runtime_ms=122.056|total_runq_wait_ms=0.651|tgids=5032,9728,10622,16730,26538
THREAD|89|1|9728|9728|10999|sh|122.056|46.9|0.651|15|5|4|0-7|0|1024|1024|543|764|1004
THREAD|89|2|16730|9973|10563|AppSearch_Index|0.000|0.0|0.000|0|3|3|0-7|0|1024|1024|13150|20688|240
THREAD|89|3|16730|9940|10563|AppSearch_Index|0.000|0.0|0.000|0|2|2|0-7|0|1024|1024|13115|20690|232
THREAD|89|4|26538|9612|10195|binder:26538_8|0.000|0.0|0.000|0|3|3|0-7|0|1024|1024|3404|6506|3317
THREAD|89|5|26538|9470|10195|binder:26538_B|0.000|0.0|0.000|0|6|6|0-7|0|1024|1024|2531|4304|2105
THREAD|89|6|10622|8513|10201|ExoPlayer:Playb|0.000|0.0|0.000|0|4|4|0-7|0|1024|1024|6463|10331|51
THREAD|89|7|10622|8509|10201|ExoPlayer:Playb|0.000|0.0|0.000|0|1|1|0-7|0|1024|1024|6331|10327|49
THREAD|89|8|26538|8364|10195|IMM.binder-emu|0.000|0.0|0.000|0|2|2|0-7|0|1024|1024|15737|23850|1039
THREAD|89|9|26538|8336|10195|Primes-Jank|0.000|0.0|0.000|0|4|4|0-7|0|1024|1024|16074|23866|1131
THREAD|89|10|16730|8119|10563|AppSearch_Index|0.000|0.0|0.000|0|3|3|0-7|0|1024|1024|13165|20704|245
WINDOW|seq=90|t_cs=16267054|wall_ms=260|threads=263|busy_threads=1|total_runtime_ms=90.103|total_runq_wait_ms=9.038|tgids=5032,9728,10622,16730,26538
THREAD|90|1|9728|9728|10999|sh|90.103|34.6|9.038|14|4|4|0-7|0|1024|1024|546|771|1005
THREAD|90|2|16730|9973|10563|AppSearch_Index|0.000|0.0|0.000|0|3|3|0-7|0|1024|1024|13150|20688|240
THREAD|90|3|16730|9940|10563|AppSearch_Index|0.000|0.0|0.000|0|2|2|0-7|0|1024|1024|13115|20690|232
THREAD|90|4|26538|9612|10195|binder:26538_8|0.000|0.0|0.000|0|3|3|0-7|0|1024|1024|3404|6506|3317
THREAD|90|5|26538|9470|10195|binder:26538_B|0.000|0.0|0.000|0|6|6|0-7|0|1024|1024|2531|4304|2105
THREAD|90|6|10622|8513|10201|ExoPlayer:Playb|0.000|0.0|0.000|0|4|4|0-7|0|1024|1024|6463|10331|51
THREAD|90|7|10622|8509|10201|ExoPlayer:Playb|0.000|0.0|0.000|0|1|1|0-7|0|1024|1024|6331|10327|49
THREAD|90|8|26538|8364|10195|IMM.binder-emu|0.000|0.0|0.000|0|2|2|0-7|0|1024|1024|15737|23850|1039
THREAD|90|9|26538|8336|10195|Primes-Jank|0.000|0.0|0.000|0|4|4|0-7|0|1024|1024|16074|23866|1131
THREAD|90|10|16730|8119|10563|AppSearch_Index|0.000|0.0|0.000|0|3|3|0-7|0|1024|1024|13165|20704|245
WINDOW|seq=91|t_cs=16267081|wall_ms=270|threads=263|busy_threads=1|total_runtime_ms=102.001|total_runq_wait_ms=0.062|tgids=5032,9728,10622,16730,26538
THREAD|91|1|9728|9728|10999|sh|102.001|37.7|0.062|10|4|1|0-7|0|1024|1024|551|780|1011
THREAD|91|2|16730|9973|10563|AppSearch_Index|0.000|0.0|0.000|0|3|3|0-7|0|1024|1024|13150|20688|240
THREAD|91|3|16730|9940|10563|AppSearch_Index|0.000|0.0|0.000|0|2|2|0-7|0|1024|1024|13115|20690|232
THREAD|91|4|26538|9612|10195|binder:26538_8|0.000|0.0|0.000|0|3|3|0-7|0|1024|1024|3404|6506|3317
THREAD|91|5|26538|9470|10195|binder:26538_B|0.000|0.0|0.000|0|6|6|0-7|0|1024|1024|2531|4304|2105
THREAD|91|6|10622|8513|10201|ExoPlayer:Playb|0.000|0.0|0.000|0|4|4|0-7|0|1024|1024|6463|10331|51
THREAD|91|7|10622|8509|10201|ExoPlayer:Playb|0.000|0.0|0.000|0|1|1|0-7|0|1024|1024|6331|10327|49
THREAD|91|8|26538|8364|10195|IMM.binder-emu|0.000|0.0|0.000|0|2|2|0-7|0|1024|1024|15737|23850|1039
THREAD|91|9|26538|8336|10195|Primes-Jank|0.000|0.0|0.000|0|4|4|0-7|0|1024|1024|16074|23866|1131
THREAD|91|10|16730|8119|10563|AppSearch_Index|0.000|0.0|0.000|0|3|3|0-7|0|1024|1024|13165|20704|245
WINDOW|seq=92|t_cs=16267107|wall_ms=260|threads=263|busy_threads=1|total_runtime_ms=110.610|total_runq_wait_ms=0.403|tgids=5032,9728,10622,16730,26538
THREAD|92|1|9728|9728|10999|sh|110.610|42.5|0.403|12|1|5|0-7|0|1024|1024|553|787|1013
THREAD|92|2|16730|9973|10563|AppSearch_Index|0.000|0.0|0.000|0|3|3|0-7|0|1024|1024|13150|20688|240
THREAD|92|3|16730|9940|10563|AppSearch_Index|0.000|0.0|0.000|0|2|2|0-7|0|1024|1024|13115|20690|232
THREAD|92|4|26538|9612|10195|binder:26538_8|0.000|0.0|0.000|0|3|3|0-7|0|1024|1024|3404|6506|3317
THREAD|92|5|26538|9470|10195|binder:26538_B|0.000|0.0|0.000|0|6|6|0-7|0|1024|1024|2531|4304|2105
THREAD|92|6|10622|8513|10201|ExoPlayer:Playb|0.000|0.0|0.000|0|4|4|0-7|0|1024|1024|6463|10331|51
THREAD|92|7|10622|8509|10201|ExoPlayer:Playb|0.000|0.0|0.000|0|1|1|0-7|0|1024|1024|6331|10327|49
THREAD|92|8|26538|8364|10195|IMM.binder-emu|0.000|0.0|0.000|0|2|2|0-7|0|1024|1024|15737|23850|1039
THREAD|92|9|26538|8336|10195|Primes-Jank|0.000|0.0|0.000|0|4|4|0-7|0|1024|1024|16074|23866|1131
THREAD|92|10|16730|8119|10563|AppSearch_Index|0.000|0.0|0.000|0|3|3|0-7|0|1024|1024|13165|20704|245
WINDOW|seq=93|t_cs=16267133|wall_ms=260|threads=263|busy_threads=1|total_runtime_ms=98.866|total_runq_wait_ms=0.051|tgids=5032,9728,10622,16730,26538
THREAD|93|1|9728|9728|10999|sh|98.866|38.0|0.051|11|5|4|0-7|0|1024|1024|554|795|1016
THREAD|93|2|16730|9973|10563|AppSearch_Index|0.000|0.0|0.000|0|3|3|0-7|0|1024|1024|13150|20688|240
THREAD|93|3|16730|9940|10563|AppSearch_Index|0.000|0.0|0.000|0|2|2|0-7|0|1024|1024|13115|20690|232
THREAD|93|4|26538|9612|10195|binder:26538_8|0.000|0.0|0.000|0|3|3|0-7|0|1024|1024|3404|6506|3317
THREAD|93|5|26538|9470|10195|binder:26538_B|0.000|0.0|0.000|0|6|6|0-7|0|1024|1024|2531|4304|2105
THREAD|93|6|10622|8513|10201|ExoPlayer:Playb|0.000|0.0|0.000|0|4|4|0-7|0|1024|1024|6463|10331|51
THREAD|93|7|10622|8509|10201|ExoPlayer:Playb|0.000|0.0|0.000|0|1|1|0-7|0|1024|1024|6331|10327|49
THREAD|93|8|26538|8364|10195|IMM.binder-emu|0.000|0.0|0.000|0|2|2|0-7|0|1024|1024|15737|23850|1039
THREAD|93|9|26538|8336|10195|Primes-Jank|0.000|0.0|0.000|0|4|4|0-7|0|1024|1024|16074|23866|1131
THREAD|93|10|16730|8119|10563|AppSearch_Index|0.000|0.0|0.000|0|3|3|0-7|0|1024|1024|13165|20704|245
WINDOW|seq=94|t_cs=16267159|wall_ms=260|threads=263|busy_threads=1|total_runtime_ms=96.671|total_runq_wait_ms=0.082|tgids=5032,9728,10622,16730,26538
THREAD|94|1|9728|9728|10999|sh|96.671|37.1|0.082|10|4|1|0-7|0|1024|1024|556|803|1023
THREAD|94|2|16730|9973|10563|AppSearch_Index|0.000|0.0|0.000|0|3|3|0-7|0|1024|1024|13150|20688|240
THREAD|94|3|16730|9940|10563|AppSearch_Index|0.000|0.0|0.000|0|2|2|0-7|0|1024|1024|13115|20690|232
THREAD|94|4|26538|9612|10195|binder:26538_8|0.000|0.0|0.000|0|3|3|0-7|0|1024|1024|3404|6506|3317
THREAD|94|5|26538|9470|10195|binder:26538_B|0.000|0.0|0.000|0|6|6|0-7|0|1024|1024|2531|4304|2105
THREAD|94|6|10622|8513|10201|ExoPlayer:Playb|0.000|0.0|0.000|0|4|4|0-7|0|1024|1024|6463|10331|51
THREAD|94|7|10622|8509|10201|ExoPlayer:Playb|0.000|0.0|0.000|0|1|1|0-7|0|1024|1024|6331|10327|49
THREAD|94|8|26538|8364|10195|IMM.binder-emu|0.000|0.0|0.000|0|2|2|0-7|0|1024|1024|15737|23850|1039
THREAD|94|9|26538|8336|10195|Primes-Jank|0.000|0.0|0.000|0|4|4|0-7|0|1024|1024|16074|23866|1131
THREAD|94|10|16730|8119|10563|AppSearch_Index|0.000|0.0|0.000|0|3|3|0-7|0|1024|1024|13165|20704|245
WINDOW|seq=95|t_cs=16267186|wall_ms=270|threads=263|busy_threads=1|total_runtime_ms=118.186|total_runq_wait_ms=7.721|tgids=5032,9728,10622,16730,26538
THREAD|95|1|9728|9728|10999|sh|118.186|43.7|7.721|16|1|0|0-7|0|1024|1024|559|810|1030
THREAD|95|2|16730|9973|10563|AppSearch_Index|0.000|0.0|0.000|0|3|3|0-7|0|1024|1024|13150|20688|240
THREAD|95|3|16730|9940|10563|AppSearch_Index|0.000|0.0|0.000|0|2|2|0-7|0|1024|1024|13115|20690|232
THREAD|95|4|26538|9612|10195|binder:26538_8|0.000|0.0|0.000|0|3|3|0-7|0|1024|1024|3404|6506|3317
THREAD|95|5|26538|9470|10195|binder:26538_B|0.000|0.0|0.000|0|6|6|0-7|0|1024|1024|2531|4304|2105
THREAD|95|6|10622|8513|10201|ExoPlayer:Playb|0.000|0.0|0.000|0|4|4|0-7|0|1024|1024|6463|10331|51
THREAD|95|7|10622|8509|10201|ExoPlayer:Playb|0.000|0.0|0.000|0|1|1|0-7|0|1024|1024|6331|10327|49
THREAD|95|8|26538|8364|10195|IMM.binder-emu|0.000|0.0|0.000|0|2|2|0-7|0|1024|1024|15737|23850|1039
THREAD|95|9|26538|8336|10195|Primes-Jank|0.000|0.0|0.000|0|4|4|0-7|0|1024|1024|16074|23866|1131
THREAD|95|10|16730|8119|10563|AppSearch_Index|0.000|0.0|0.000|0|3|3|0-7|0|1024|1024|13165|20704|245
WINDOW|seq=96|t_cs=16267212|wall_ms=260|threads=263|busy_threads=1|total_runtime_ms=118.762|total_runq_wait_ms=0.773|tgids=5032,9728,10622,16730,26538
THREAD|96|1|9728|9728|10999|sh|118.762|45.6|0.773|13|0|4|0-7|0|1024|1024|562|816|1033
THREAD|96|2|16730|9973|10563|AppSearch_Index|0.000|0.0|0.000|0|3|3|0-7|0|1024|1024|13150|20688|240
THREAD|96|3|16730|9940|10563|AppSearch_Index|0.000|0.0|0.000|0|2|2|0-7|0|1024|1024|13115|20690|232
THREAD|96|4|26538|9612|10195|binder:26538_8|0.000|0.0|0.000|0|3|3|0-7|0|1024|1024|3404|6506|3317
THREAD|96|5|26538|9470|10195|binder:26538_B|0.000|0.0|0.000|0|6|6|0-7|0|1024|1024|2531|4304|2105
THREAD|96|6|10622|8513|10201|ExoPlayer:Playb|0.000|0.0|0.000|0|4|4|0-7|0|1024|1024|6463|10331|51
THREAD|96|7|10622|8509|10201|ExoPlayer:Playb|0.000|0.0|0.000|0|1|1|0-7|0|1024|1024|6331|10327|49
THREAD|96|8|26538|8364|10195|IMM.binder-emu|0.000|0.0|0.000|0|2|2|0-7|0|1024|1024|15737|23850|1039
THREAD|96|9|26538|8336|10195|Primes-Jank|0.000|0.0|0.000|0|4|4|0-7|0|1024|1024|16074|23866|1131
THREAD|96|10|16730|8119|10563|AppSearch_Index|0.000|0.0|0.000|0|3|3|0-7|0|1024|1024|13165|20704|245
WINDOW|seq=97|t_cs=16267237|wall_ms=250|threads=263|busy_threads=1|total_runtime_ms=109.621|total_runq_wait_ms=0.648|tgids=5032,9728,10622,16730,26538
THREAD|97|1|9728|9728|10999|sh|109.621|43.8|0.648|17|4|1|0-7|0|1024|1024|565|824|1042
THREAD|97|2|16730|9973|10563|AppSearch_Index|0.000|0.0|0.000|0|3|3|0-7|0|1024|1024|13150|20688|240
THREAD|97|3|16730|9940|10563|AppSearch_Index|0.000|0.0|0.000|0|2|2|0-7|0|1024|1024|13115|20690|232
THREAD|97|4|26538|9612|10195|binder:26538_8|0.000|0.0|0.000|0|3|3|0-7|0|1024|1024|3404|6506|3317
THREAD|97|5|26538|9470|10195|binder:26538_B|0.000|0.0|0.000|0|6|6|0-7|0|1024|1024|2531|4304|2105
THREAD|97|6|10622|8513|10201|ExoPlayer:Playb|0.000|0.0|0.000|0|4|4|0-7|0|1024|1024|6463|10331|51
THREAD|97|7|10622|8509|10201|ExoPlayer:Playb|0.000|0.0|0.000|0|1|1|0-7|0|1024|1024|6331|10327|49
THREAD|97|8|26538|8364|10195|IMM.binder-emu|0.000|0.0|0.000|0|2|2|0-7|0|1024|1024|15737|23850|1039
THREAD|97|9|26538|8336|10195|Primes-Jank|0.000|0.0|0.000|0|4|4|0-7|0|1024|1024|16074|23866|1131
THREAD|97|10|16730|8119|10563|AppSearch_Index|0.000|0.0|0.000|0|3|3|0-7|0|1024|1024|13165|20704|245
WINDOW|seq=98|t_cs=16267264|wall_ms=270|threads=263|busy_threads=1|total_runtime_ms=109.813|total_runq_wait_ms=0.164|tgids=5032,9728,10622,16730,26538
THREAD|98|1|9728|9728|10999|sh|109.813|40.6|0.164|14|1|0|0-7|0|1024|1024|566|831|1049
THREAD|98|2|16730|9973|10563|AppSearch_Index|0.000|0.0|0.000|0|3|3|0-7|0|1024|1024|13150|20688|240
THREAD|98|3|16730|9940|10563|AppSearch_Index|0.000|0.0|0.000|0|2|2|0-7|0|1024|1024|13115|20690|232
THREAD|98|4|26538|9612|10195|binder:26538_8|0.000|0.0|0.000|0|3|3|0-7|0|1024|1024|3404|6506|3317
THREAD|98|5|26538|9470|10195|binder:26538_B|0.000|0.0|0.000|0|6|6|0-7|0|1024|1024|2531|4304|2105
THREAD|98|6|10622|8513|10201|ExoPlayer:Playb|0.000|0.0|0.000|0|4|4|0-7|0|1024|1024|6463|10331|51
THREAD|98|7|10622|8509|10201|ExoPlayer:Playb|0.000|0.0|0.000|0|1|1|0-7|0|1024|1024|6331|10327|49
THREAD|98|8|26538|8364|10195|IMM.binder-emu|0.000|0.0|0.000|0|2|2|0-7|0|1024|1024|15737|23850|1039
THREAD|98|9|26538|8336|10195|Primes-Jank|0.000|0.0|0.000|0|4|4|0-7|0|1024|1024|16074|23866|1131
THREAD|98|10|16730|8119|10563|AppSearch_Index|0.000|0.0|0.000|0|3|3|0-7|0|1024|1024|13165|20704|245
WINDOW|seq=99|t_cs=16267290|wall_ms=260|threads=263|busy_threads=1|total_runtime_ms=95.821|total_runq_wait_ms=0.059|tgids=5032,9728,10622,16730,26538
THREAD|99|1|9728|9728|10999|sh|95.821|36.8|0.059|9|0|0|0-7|0|1024|1024|575|839|1059
THREAD|99|2|16730|9973|10563|AppSearch_Index|0.000|0.0|0.000|0|3|3|0-7|0|1024|1024|13150|20688|240
THREAD|99|3|16730|9940|10563|AppSearch_Index|0.000|0.0|0.000|0|2|2|0-7|0|1024|1024|13115|20690|232
THREAD|99|4|26538|9612|10195|binder:26538_8|0.000|0.0|0.000|0|3|3|0-7|0|1024|1024|3404|6506|3317
THREAD|99|5|26538|9470|10195|binder:26538_B|0.000|0.0|0.000|0|6|6|0-7|0|1024|1024|2531|4304|2105
THREAD|99|6|10622|8513|10201|ExoPlayer:Playb|0.000|0.0|0.000|0|4|4|0-7|0|1024|1024|6463|10331|51
THREAD|99|7|10622|8509|10201|ExoPlayer:Playb|0.000|0.0|0.000|0|1|1|0-7|0|1024|1024|6331|10327|49
THREAD|99|8|26538|8364|10195|IMM.binder-emu|0.000|0.0|0.000|0|2|2|0-7|0|1024|1024|15737|23850|1039
THREAD|99|9|26538|8336|10195|Primes-Jank|0.000|0.0|0.000|0|4|4|0-7|0|1024|1024|16074|23866|1131
THREAD|99|10|16730|8119|10563|AppSearch_Index|0.000|0.0|0.000|0|3|3|0-7|0|1024|1024|13165|20704|245
WINDOW|seq=100|t_cs=16267317|wall_ms=270|threads=263|busy_threads=1|total_runtime_ms=114.114|total_runq_wait_ms=2.371|tgids=5032,9728,10622,16730,26538
THREAD|100|1|9728|9728|10999|sh|114.114|42.2|2.371|22|0|1|0-7|0|1024|1024|577|847|1069
THREAD|100|2|16730|9973|10563|AppSearch_Index|0.000|0.0|0.000|0|3|3|0-7|0|1024|1024|13150|20688|240
THREAD|100|3|16730|9940|10563|AppSearch_Index|0.000|0.0|0.000|0|2|2|0-7|0|1024|1024|13115|20690|232
THREAD|100|4|26538|9612|10195|binder:26538_8|0.000|0.0|0.000|0|3|3|0-7|0|1024|1024|3404|6506|3317
THREAD|100|5|26538|9470|10195|binder:26538_B|0.000|0.0|0.000|0|6|6|0-7|0|1024|1024|2531|4304|2105
THREAD|100|6|10622|8513|10201|ExoPlayer:Playb|0.000|0.0|0.000|0|4|4|0-7|0|1024|1024|6463|10331|51
THREAD|100|7|10622|8509|10201|ExoPlayer:Playb|0.000|0.0|0.000|0|1|1|0-7|0|1024|1024|6331|10327|49
THREAD|100|8|26538|8364|10195|IMM.binder-emu|0.000|0.0|0.000|0|2|2|0-7|0|1024|1024|15737|23850|1039
THREAD|100|9|26538|8336|10195|Primes-Jank|0.000|0.0|0.000|0|4|4|0-7|0|1024|1024|16074|23866|1131
THREAD|100|10|16730|8119|10563|AppSearch_Index|0.000|0.0|0.000|0|3|3|0-7|0|1024|1024|13165|20704|245
WINDOW|seq=101|t_cs=16267340|wall_ms=230|threads=263|busy_threads=1|total_runtime_ms=91.888|total_runq_wait_ms=0.512|tgids=5032,9728,10622,16730,26538
THREAD|101|1|9728|9728|10999|sh|91.888|39.9|0.512|13|1|4|0-7|0|1024|1024|584|854|1073
THREAD|101|2|16730|9973|10563|AppSearch_Index|0.000|0.0|0.000|0|3|3|0-7|0|1024|1024|13150|20688|240
THREAD|101|3|16730|9940|10563|AppSearch_Index|0.000|0.0|0.000|0|2|2|0-7|0|1024|1024|13115|20690|232
THREAD|101|4|26538|9612|10195|binder:26538_8|0.000|0.0|0.000|0|3|3|0-7|0|1024|1024|3404|6506|3317
THREAD|101|5|26538|9470|10195|binder:26538_B|0.000|0.0|0.000|0|6|6|0-7|0|1024|1024|2531|4304|2105
THREAD|101|6|10622|8513|10201|ExoPlayer:Playb|0.000|0.0|0.000|0|4|4|0-7|0|1024|1024|6463|10331|51
THREAD|101|7|10622|8509|10201|ExoPlayer:Playb|0.000|0.0|0.000|0|1|1|0-7|0|1024|1024|6331|10327|49
THREAD|101|8|26538|8364|10195|IMM.binder-emu|0.000|0.0|0.000|0|2|2|0-7|0|1024|1024|15737|23850|1039
THREAD|101|9|26538|8336|10195|Primes-Jank|0.000|0.0|0.000|0|4|4|0-7|0|1024|1024|16074|23866|1131
THREAD|101|10|16730|8119|10563|AppSearch_Index|0.000|0.0|0.000|0|3|3|0-7|0|1024|1024|13165|20704|245
WINDOW|seq=102|t_cs=16267367|wall_ms=270|threads=263|busy_threads=1|total_runtime_ms=96.511|total_runq_wait_ms=0.131|tgids=5032,9728,10622,16730,26538
THREAD|102|1|9728|9728|10999|sh|96.511|35.7|0.131|15|4|1|0-7|0|1024|1024|585|863|1082
THREAD|102|2|16730|9973|10563|AppSearch_Index|0.000|0.0|0.000|0|3|3|0-7|0|1024|1024|13150|20688|240
THREAD|102|3|16730|9940|10563|AppSearch_Index|0.000|0.0|0.000|0|2|2|0-7|0|1024|1024|13115|20690|232
THREAD|102|4|26538|9612|10195|binder:26538_8|0.000|0.0|0.000|0|3|3|0-7|0|1024|1024|3404|6506|3317
THREAD|102|5|26538|9470|10195|binder:26538_B|0.000|0.0|0.000|0|6|6|0-7|0|1024|1024|2531|4304|2105
THREAD|102|6|10622|8513|10201|ExoPlayer:Playb|0.000|0.0|0.000|0|4|4|0-7|0|1024|1024|6463|10331|51
THREAD|102|7|10622|8509|10201|ExoPlayer:Playb|0.000|0.0|0.000|0|1|1|0-7|0|1024|1024|6331|10327|49
THREAD|102|8|26538|8364|10195|IMM.binder-emu|0.000|0.0|0.000|0|2|2|0-7|0|1024|1024|15737|23850|1039
THREAD|102|9|26538|8336|10195|Primes-Jank|0.000|0.0|0.000|0|4|4|0-7|0|1024|1024|16074|23866|1131
THREAD|102|10|16730|8119|10563|AppSearch_Index|0.000|0.0|0.000|0|3|3|0-7|0|1024|1024|13165|20704|245
WINDOW|seq=103|t_cs=16267393|wall_ms=260|threads=263|busy_threads=1|total_runtime_ms=115.795|total_runq_wait_ms=2.325|tgids=5032,9728,10622,16730,26538
THREAD|103|1|9728|9728|10999|sh|115.795|44.5|2.325|21|1|4|0-7|0|1024|1024|589|869|1091
THREAD|103|2|16730|9973|10563|AppSearch_Index|0.000|0.0|0.000|0|3|3|0-7|0|1024|1024|13150|20688|240
THREAD|103|3|16730|9940|10563|AppSearch_Index|0.000|0.0|0.000|0|2|2|0-7|0|1024|1024|13115|20690|232
THREAD|103|4|26538|9612|10195|binder:26538_8|0.000|0.0|0.000|0|3|3|0-7|0|1024|1024|3404|6506|3317
THREAD|103|5|26538|9470|10195|binder:26538_B|0.000|0.0|0.000|0|6|6|0-7|0|1024|1024|2531|4304|2105
THREAD|103|6|10622|8513|10201|ExoPlayer:Playb|0.000|0.0|0.000|0|4|4|0-7|0|1024|1024|6463|10331|51
THREAD|103|7|10622|8509|10201|ExoPlayer:Playb|0.000|0.0|0.000|0|1|1|0-7|0|1024|1024|6331|10327|49
THREAD|103|8|26538|8364|10195|IMM.binder-emu|0.000|0.0|0.000|0|2|2|0-7|0|1024|1024|15737|23850|1039
THREAD|103|9|26538|8336|10195|Primes-Jank|0.000|0.0|0.000|0|4|4|0-7|0|1024|1024|16074|23866|1131
THREAD|103|10|16730|8119|10563|AppSearch_Index|0.000|0.0|0.000|0|3|3|0-7|0|1024|1024|13165|20704|245
WINDOW|seq=104|t_cs=16267420|wall_ms=270|threads=263|busy_threads=1|total_runtime_ms=133.575|total_runq_wait_ms=0.003|tgids=5032,9728,10622,16730,26538
THREAD|104|1|9728|9728|10999|sh|133.575|49.4|0.003|8|4|5|0-7|0|1024|1024|591|876|1098
THREAD|104|2|16730|9973|10563|AppSearch_Index|0.000|0.0|0.000|0|3|3|0-7|0|1024|1024|13150|20688|240
THREAD|104|3|16730|9940|10563|AppSearch_Index|0.000|0.0|0.000|0|2|2|0-7|0|1024|1024|13115|20690|232
THREAD|104|4|26538|9612|10195|binder:26538_8|0.000|0.0|0.000|0|3|3|0-7|0|1024|1024|3404|6506|3317
THREAD|104|5|26538|9470|10195|binder:26538_B|0.000|0.0|0.000|0|6|6|0-7|0|1024|1024|2531|4304|2105
THREAD|104|6|10622|8513|10201|ExoPlayer:Playb|0.000|0.0|0.000|0|4|4|0-7|0|1024|1024|6463|10331|51
THREAD|104|7|10622|8509|10201|ExoPlayer:Playb|0.000|0.0|0.000|0|1|1|0-7|0|1024|1024|6331|10327|49
THREAD|104|8|26538|8364|10195|IMM.binder-emu|0.000|0.0|0.000|0|2|2|0-7|0|1024|1024|15737|23850|1039
THREAD|104|9|26538|8336|10195|Primes-Jank|0.000|0.0|0.000|0|4|4|0-7|0|1024|1024|16074|23866|1131
THREAD|104|10|16730|8119|10563|AppSearch_Index|0.000|0.0|0.000|0|3|3|0-7|0|1024|1024|13165|20704|245
WINDOW|seq=105|t_cs=16267444|wall_ms=240|threads=263|busy_threads=1|total_runtime_ms=107.433|total_runq_wait_ms=0.759|tgids=5032,9728,10622,16730,26538
THREAD|105|1|9728|9728|10999|sh|107.433|44.7|0.759|15|5|4|0-7|0|1024|1024|599|883|1102
THREAD|105|2|16730|9973|10563|AppSearch_Index|0.000|0.0|0.000|0|3|3|0-7|0|1024|1024|13150|20688|240
THREAD|105|3|16730|9940|10563|AppSearch_Index|0.000|0.0|0.000|0|2|2|0-7|0|1024|1024|13115|20690|232
THREAD|105|4|26538|9612|10195|binder:26538_8|0.000|0.0|0.000|0|3|3|0-7|0|1024|1024|3404|6506|3317
THREAD|105|5|26538|9470|10195|binder:26538_B|0.000|0.0|0.000|0|6|6|0-7|0|1024|1024|2531|4304|2105
THREAD|105|6|10622|8513|10201|ExoPlayer:Playb|0.000|0.0|0.000|0|4|4|0-7|0|1024|1024|6463|10331|51
THREAD|105|7|10622|8509|10201|ExoPlayer:Playb|0.000|0.0|0.000|0|1|1|0-7|0|1024|1024|6331|10327|49
THREAD|105|8|26538|8364|10195|IMM.binder-emu|0.000|0.0|0.000|0|2|2|0-7|0|1024|1024|15737|23850|1039
THREAD|105|9|26538|8336|10195|Primes-Jank|0.000|0.0|0.000|0|4|4|0-7|0|1024|1024|16074|23866|1131
THREAD|105|10|16730|8119|10563|AppSearch_Index|0.000|0.0|0.000|0|3|3|0-7|0|1024|1024|13165|20704|245
WINDOW|seq=106|t_cs=16267471|wall_ms=270|threads=263|busy_threads=1|total_runtime_ms=100.367|total_runq_wait_ms=0.459|tgids=5032,9728,10622,16730,26538
THREAD|106|1|9728|9728|10999|sh|100.367|37.1|0.459|10|4|4|0-7|0|1024|1024|600|891|1113
THREAD|106|2|16730|9973|10563|AppSearch_Index|0.000|0.0|0.000|0|3|3|0-7|0|1024|1024|13150|20688|240
THREAD|106|3|16730|9940|10563|AppSearch_Index|0.000|0.0|0.000|0|2|2|0-7|0|1024|1024|13115|20690|232
THREAD|106|4|26538|9612|10195|binder:26538_8|0.000|0.0|0.000|0|3|3|0-7|0|1024|1024|3404|6506|3317
THREAD|106|5|26538|9470|10195|binder:26538_B|0.000|0.0|0.000|0|6|6|0-7|0|1024|1024|2531|4304|2105
THREAD|106|6|10622|8513|10201|ExoPlayer:Playb|0.000|0.0|0.000|0|4|4|0-7|0|1024|1024|6463|10331|51
THREAD|106|7|10622|8509|10201|ExoPlayer:Playb|0.000|0.0|0.000|0|1|1|0-7|0|1024|1024|6331|10327|49
THREAD|106|8|26538|8364|10195|IMM.binder-emu|0.000|0.0|0.000|0|2|2|0-7|0|1024|1024|15737|23850|1039
THREAD|106|9|26538|8336|10195|Primes-Jank|0.000|0.0|0.000|0|4|4|0-7|0|1024|1024|16074|23866|1131
THREAD|106|10|16730|8119|10563|AppSearch_Index|0.000|0.0|0.000|0|3|3|0-7|0|1024|1024|13165|20704|245
WINDOW|seq=107|t_cs=16267497|wall_ms=260|threads=263|busy_threads=1|total_runtime_ms=114.788|total_runq_wait_ms=0.878|tgids=5032,9728,10622,16730,26538
THREAD|107|1|9728|9728|10999|sh|114.788|44.1|0.878|29|4|5|0-7|0|1024|1024|608|898|1124
THREAD|107|2|16730|9973|10563|AppSearch_Index|0.000|0.0|0.000|0|3|3|0-7|0|1024|1024|13150|20688|240
THREAD|107|3|16730|9940|10563|AppSearch_Index|0.000|0.0|0.000|0|2|2|0-7|0|1024|1024|13115|20690|232
THREAD|107|4|26538|9612|10195|binder:26538_8|0.000|0.0|0.000|0|3|3|0-7|0|1024|1024|3404|6506|3317
THREAD|107|5|26538|9470|10195|binder:26538_B|0.000|0.0|0.000|0|6|6|0-7|0|1024|1024|2531|4304|2105
THREAD|107|6|10622|8513|10201|ExoPlayer:Playb|0.000|0.0|0.000|0|4|4|0-7|0|1024|1024|6463|10331|51
THREAD|107|7|10622|8509|10201|ExoPlayer:Playb|0.000|0.0|0.000|0|1|1|0-7|0|1024|1024|6331|10327|49
THREAD|107|8|26538|8364|10195|IMM.binder-emu|0.000|0.0|0.000|0|2|2|0-7|0|1024|1024|15737|23850|1039
THREAD|107|9|26538|8336|10195|Primes-Jank|0.000|0.0|0.000|0|4|4|0-7|0|1024|1024|16074|23866|1131
THREAD|107|10|16730|8119|10563|AppSearch_Index|0.000|0.0|0.000|0|3|3|0-7|0|1024|1024|13165|20704|245
WINDOW|seq=108|t_cs=16267524|wall_ms=270|threads=263|busy_threads=1|total_runtime_ms=92.386|total_runq_wait_ms=0.034|tgids=5032,9728,10622,16730,26538
THREAD|108|1|9728|9728|10999|sh|92.386|34.2|0.034|9|5|0|0-7|0|1024|1024|612|906|1128
THREAD|108|2|16730|9973|10563|AppSearch_Index|0.000|0.0|0.000|0|3|3|0-7|0|1024|1024|13150|20688|240
THREAD|108|3|16730|9940|10563|AppSearch_Index|0.000|0.0|0.000|0|2|2|0-7|0|1024|1024|13115|20690|232
THREAD|108|4|26538|9612|10195|binder:26538_8|0.000|0.0|0.000|0|3|3|0-7|0|1024|1024|3404|6506|3317
THREAD|108|5|26538|9470|10195|binder:26538_B|0.000|0.0|0.000|0|6|6|0-7|0|1024|1024|2531|4304|2105
THREAD|108|6|10622|8513|10201|ExoPlayer:Playb|0.000|0.0|0.000|0|4|4|0-7|0|1024|1024|6463|10331|51
THREAD|108|7|10622|8509|10201|ExoPlayer:Playb|0.000|0.0|0.000|0|1|1|0-7|0|1024|1024|6331|10327|49
THREAD|108|8|26538|8364|10195|IMM.binder-emu|0.000|0.0|0.000|0|2|2|0-7|0|1024|1024|15737|23850|1039
THREAD|108|9|26538|8336|10195|Primes-Jank|0.000|0.0|0.000|0|4|4|0-7|0|1024|1024|16074|23866|1131
THREAD|108|10|16730|8119|10563|AppSearch_Index|0.000|0.0|0.000|0|3|3|0-7|0|1024|1024|13165|20704|245
WINDOW|seq=109|t_cs=16267550|wall_ms=260|threads=263|busy_threads=1|total_runtime_ms=93.664|total_runq_wait_ms=0.510|tgids=5032,9728,10622,16730,26538
THREAD|109|1|9728|9728|10999|sh|93.664|36.0|0.510|18|0|3|0-7|0|1024|1024|624|914|1146
THREAD|109|2|16730|9973|10563|AppSearch_Index|0.000|0.0|0.000|0|3|3|0-7|0|1024|1024|13150|20688|240
THREAD|109|3|16730|9940|10563|AppSearch_Index|0.000|0.0|0.000|0|2|2|0-7|0|1024|1024|13115|20690|232
THREAD|109|4|26538|9612|10195|binder:26538_8|0.000|0.0|0.000|0|3|3|0-7|0|1024|1024|3404|6506|3317
THREAD|109|5|26538|9470|10195|binder:26538_B|0.000|0.0|0.000|0|6|6|0-7|0|1024|1024|2531|4304|2105
THREAD|109|6|10622|8513|10201|ExoPlayer:Playb|0.000|0.0|0.000|0|4|4|0-7|0|1024|1024|6463|10331|51
THREAD|109|7|10622|8509|10201|ExoPlayer:Playb|0.000|0.0|0.000|0|1|1|0-7|0|1024|1024|6331|10327|49
THREAD|109|8|26538|8364|10195|IMM.binder-emu|0.000|0.0|0.000|0|2|2|0-7|0|1024|1024|15737|23850|1039
THREAD|109|9|26538|8336|10195|Primes-Jank|0.000|0.0|0.000|0|4|4|0-7|0|1024|1024|16074|23866|1131
THREAD|109|10|16730|8119|10563|AppSearch_Index|0.000|0.0|0.000|0|3|3|0-7|0|1024|1024|13165|20704|245
WINDOW|seq=110|t_cs=16267576|wall_ms=260|threads=263|busy_threads=1|total_runtime_ms=109.296|total_runq_wait_ms=0.821|tgids=5032,9728,10622,16730,26538
THREAD|110|1|9728|9728|10999|sh|109.296|42.0|0.821|25|3|4|0-7|0|1024|1024|629|922|1157
THREAD|110|2|16730|9973|10563|AppSearch_Index|0.000|0.0|0.000|0|3|3|0-7|0|1024|1024|13150|20688|240
THREAD|110|3|16730|9940|10563|AppSearch_Index|0.000|0.0|0.000|0|2|2|0-7|0|1024|1024|13115|20690|232
THREAD|110|4|26538|9612|10195|binder:26538_8|0.000|0.0|0.000|0|3|3|0-7|0|1024|1024|3404|6506|3317
THREAD|110|5|26538|9470|10195|binder:26538_B|0.000|0.0|0.000|0|6|6|0-7|0|1024|1024|2531|4304|2105
THREAD|110|6|10622|8513|10201|ExoPlayer:Playb|0.000|0.0|0.000|0|4|4|0-7|0|1024|1024|6463|10331|51
THREAD|110|7|10622|8509|10201|ExoPlayer:Playb|0.000|0.0|0.000|0|1|1|0-7|0|1024|1024|6331|10327|49
THREAD|110|8|26538|8364|10195|IMM.binder-emu|0.000|0.0|0.000|0|2|2|0-7|0|1024|1024|15737|23850|1039
THREAD|110|9|26538|8336|10195|Primes-Jank|0.000|0.0|0.000|0|4|4|0-7|0|1024|1024|16074|23866|1131
THREAD|110|10|16730|8119|10563|AppSearch_Index|0.000|0.0|0.000|0|3|3|0-7|0|1024|1024|13165|20704|245
WINDOW|seq=111|t_cs=16267602|wall_ms=260|threads=263|busy_threads=1|total_runtime_ms=120.485|total_runq_wait_ms=0.749|tgids=5032,9728,10622,16730,26538
THREAD|111|1|9728|9728|10999|sh|120.485|46.3|0.749|15|4|5|0-7|0|1024|1024|631|929|1162
THREAD|111|2|16730|9973|10563|AppSearch_Index|0.000|0.0|0.000|0|3|3|0-7|0|1024|1024|13150|20688|240
THREAD|111|3|16730|9940|10563|AppSearch_Index|0.000|0.0|0.000|0|2|2|0-7|0|1024|1024|13115|20690|232
THREAD|111|4|26538|9612|10195|binder:26538_8|0.000|0.0|0.000|0|3|3|0-7|0|1024|1024|3404|6506|3317
THREAD|111|5|26538|9470|10195|binder:26538_B|0.000|0.0|0.000|0|6|6|0-7|0|1024|1024|2531|4304|2105
THREAD|111|6|10622|8513|10201|ExoPlayer:Playb|0.000|0.0|0.000|0|4|4|0-7|0|1024|1024|6463|10331|51
THREAD|111|7|10622|8509|10201|ExoPlayer:Playb|0.000|0.0|0.000|0|1|1|0-7|0|1024|1024|6331|10327|49
THREAD|111|8|26538|8364|10195|IMM.binder-emu|0.000|0.0|0.000|0|2|2|0-7|0|1024|1024|15737|23850|1039
THREAD|111|9|26538|8336|10195|Primes-Jank|0.000|0.0|0.000|0|4|4|0-7|0|1024|1024|16074|23866|1131
THREAD|111|10|16730|8119|10563|AppSearch_Index|0.000|0.0|0.000|0|3|3|0-7|0|1024|1024|13165|20704|245
WINDOW|seq=112|t_cs=16267628|wall_ms=260|threads=263|busy_threads=1|total_runtime_ms=99.539|total_runq_wait_ms=4.861|tgids=5032,9728,10622,16730,26538
THREAD|112|1|9728|9728|10999|sh|99.539|38.2|4.861|10|5|1|0-7|0|1024|1024|636|936|1167
THREAD|112|2|16730|9973|10563|AppSearch_Index|0.000|0.0|0.000|0|3|3|0-7|0|1024|1024|13150|20688|240
THREAD|112|3|16730|9940|10563|AppSearch_Index|0.000|0.0|0.000|0|2|2|0-7|0|1024|1024|13115|20690|232
THREAD|112|4|26538|9612|10195|binder:26538_8|0.000|0.0|0.000|0|3|3|0-7|0|1024|1024|3404|6506|3317
THREAD|112|5|26538|9470|10195|binder:26538_B|0.000|0.0|0.000|0|6|6|0-7|0|1024|1024|2531|4304|2105
THREAD|112|6|10622|8513|10201|ExoPlayer:Playb|0.000|0.0|0.000|0|4|4|0-7|0|1024|1024|6463|10331|51
THREAD|112|7|10622|8509|10201|ExoPlayer:Playb|0.000|0.0|0.000|0|1|1|0-7|0|1024|1024|6331|10327|49
THREAD|112|8|26538|8364|10195|IMM.binder-emu|0.000|0.0|0.000|0|2|2|0-7|0|1024|1024|15737|23850|1039
THREAD|112|9|26538|8336|10195|Primes-Jank|0.000|0.0|0.000|0|4|4|0-7|0|1024|1024|16074|23866|1131
THREAD|112|10|16730|8119|10563|AppSearch_Index|0.000|0.0|0.000|0|3|3|0-7|0|1024|1024|13165|20704|245
WINDOW|seq=113|t_cs=16267653|wall_ms=250|threads=263|busy_threads=1|total_runtime_ms=91.705|total_runq_wait_ms=0.279|tgids=5032,9728,10622,16730,26538
THREAD|113|1|9728|9728|10999|sh|91.705|36.6|0.279|15|1|5|0-7|0|1024|1024|639|944|1173
THREAD|113|2|16730|9973|10563|AppSearch_Index|0.000|0.0|0.000|0|3|3|0-7|0|1024|1024|13150|20688|240
THREAD|113|3|16730|9940|10563|AppSearch_Index|0.000|0.0|0.000|0|2|2|0-7|0|1024|1024|13115|20690|232
THREAD|113|4|26538|9612|10195|binder:26538_8|0.000|0.0|0.000|0|3|3|0-7|0|1024|1024|3404|6506|3317
THREAD|113|5|26538|9470|10195|binder:26538_B|0.000|0.0|0.000|0|6|6|0-7|0|1024|1024|2531|4304|2105
THREAD|113|6|10622|8513|10201|ExoPlayer:Playb|0.000|0.0|0.000|0|4|4|0-7|0|1024|1024|6463|10331|51
THREAD|113|7|10622|8509|10201|ExoPlayer:Playb|0.000|0.0|0.000|0|1|1|0-7|0|1024|1024|6331|10327|49
THREAD|113|8|26538|8364|10195|IMM.binder-emu|0.000|0.0|0.000|0|2|2|0-7|0|1024|1024|15737|23850|1039
THREAD|113|9|26538|8336|10195|Primes-Jank|0.000|0.0|0.000|0|4|4|0-7|0|1024|1024|16074|23866|1131
THREAD|113|10|16730|8119|10563|AppSearch_Index|0.000|0.0|0.000|0|3|3|0-7|0|1024|1024|13165|20704|245
WINDOW|seq=114|t_cs=16267679|wall_ms=260|threads=263|busy_threads=1|total_runtime_ms=122.951|total_runq_wait_ms=0.121|tgids=5032,9728,10622,16730,26538
THREAD|114|1|9728|9728|10999|sh|122.951|47.2|0.121|13|5|1|0-7|0|1024|1024|646|951|1180
THREAD|114|2|16730|9973|10563|AppSearch_Index|0.000|0.0|0.000|0|3|3|0-7|0|1024|1024|13150|20688|240
THREAD|114|3|16730|9940|10563|AppSearch_Index|0.000|0.0|0.000|0|2|2|0-7|0|1024|1024|13115|20690|232
THREAD|114|4|26538|9612|10195|binder:26538_8|0.000|0.0|0.000|0|3|3|0-7|0|1024|1024|3404|6506|3317
THREAD|114|5|26538|9470|10195|binder:26538_B|0.000|0.0|0.000|0|6|6|0-7|0|1024|1024|2531|4304|2105
THREAD|114|6|10622|8513|10201|ExoPlayer:Playb|0.000|0.0|0.000|0|4|4|0-7|0|1024|1024|6463|10331|51
THREAD|114|7|10622|8509|10201|ExoPlayer:Playb|0.000|0.0|0.000|0|1|1|0-7|0|1024|1024|6331|10327|49
THREAD|114|8|26538|8364|10195|IMM.binder-emu|0.000|0.0|0.000|0|2|2|0-7|0|1024|1024|15737|23850|1039
THREAD|114|9|26538|8336|10195|Primes-Jank|0.000|0.0|0.000|0|4|4|0-7|0|1024|1024|16074|23866|1131
THREAD|114|10|16730|8119|10563|AppSearch_Index|0.000|0.0|0.000|0|3|3|0-7|0|1024|1024|13165|20704|245
WINDOW|seq=115|t_cs=16267706|wall_ms=270|threads=263|busy_threads=1|total_runtime_ms=138.112|total_runq_wait_ms=0.112|tgids=5032,9728,10622,16730,26538
THREAD|115|1|9728|9728|10999|sh|138.112|51.1|0.112|16|1|4|0-7|0|1024|1024|652|958|1185
THREAD|115|2|16730|9973|10563|AppSearch_Index|0.000|0.0|0.000|0|3|3|0-7|0|1024|1024|13150|20688|240
THREAD|115|3|16730|9940|10563|AppSearch_Index|0.000|0.0|0.000|0|2|2|0-7|0|1024|1024|13115|20690|232
THREAD|115|4|26538|9612|10195|binder:26538_8|0.000|0.0|0.000|0|3|3|0-7|0|1024|1024|3404|6506|3317
THREAD|115|5|26538|9470|10195|binder:26538_B|0.000|0.0|0.000|0|6|6|0-7|0|1024|1024|2531|4304|2105
THREAD|115|6|10622|8513|10201|ExoPlayer:Playb|0.000|0.0|0.000|0|4|4|0-7|0|1024|1024|6463|10331|51
THREAD|115|7|10622|8509|10201|ExoPlayer:Playb|0.000|0.0|0.000|0|1|1|0-7|0|1024|1024|6331|10327|49
THREAD|115|8|26538|8364|10195|IMM.binder-emu|0.000|0.0|0.000|0|2|2|0-7|0|1024|1024|15737|23850|1039
THREAD|115|9|26538|8336|10195|Primes-Jank|0.000|0.0|0.000|0|4|4|0-7|0|1024|1024|16074|23866|1131
THREAD|115|10|16730|8119|10563|AppSearch_Index|0.000|0.0|0.000|0|3|3|0-7|0|1024|1024|13165|20704|245
END|windows=115|elapsed_s=30
