timestamp,uptime,cpu0_freq,cpu1_freq,cpu2_freq,cpu3_freq,cpu4_freq,cpu5_freq,cpu6_freq,cpu7_freq,cpu0_util,cpu1_util,cpu2_util,cpu3_util,cpu4_util,cpu5_util,cpu6_util,cpu7_util,cpu0_max_freq,cpu1_max_freq,cpu2_max_freq,cpu3_max_freq,cpu4_max_freq,cpu5_max_freq,cpu6_max_freq,cpu7_max_freq,policy0_min_freq,policy0_max_freq,policy6_min_freq,policy6_max_freq,geekbench_pid,gb_main_tid,gb_main_thread_name,gb_main_thread_cpu,gb_main_thread_util,gb_main_thread_util_est,gb_main_thread_jiffies,gb_running_threads,gb_running_cpus,gb_nr_migrations,gb_cpuset,gb_cpus_allowed,gb_thread_cpuset,gb_thread_cpus_allowed,gb_uclamp_min,gb_uclamp_max,gb_uclamp_eff_min,gb_uclamp_eff_max,cpu_temp,cpu6_temp,cpu7_temp,cpuss0_temp,soc_temp,gpu_temp,skin_temp,battery_temp,thermal_status,thermal_status_name,cdev_cpu_cluster0,cdev_cpu_cluster1,cdev_ddr,cdev_pause_cpu6,cdev_pause_cpu7,gameopt_cpu6_max,gameopt_cpu7_max,gameopt_game_pid,gameopt_dsu_freq,gameopt_fake_cpu7_max
1786636110.435,250949.60,2400000,2400000,2400000,2400000,2400000,2400000,3283200,3283200,NA,NA,NA,NA,NA,NA,NA,NA,2918400,2918400,2918400,2918400,2918400,2918400,3283200,3283200,556800,2918400,1017600,3283200,7311,30423,pool-5-thread-1,5,26,38,18195,0,NA,31037,/top-app,0-7,/top-app,0-7,0,466,0,466,53.6,53.6,48.6,44.4,30,37.4,34.5,0.3,0,NONE,0,0,0,0,0,2147483647,2147483647,game_pid=-1 child_num=0 ui_assist_num=0,0,0
1786636110.702,250949.85,556800,556800,556800,556800,556800,556800,1017600,1017600,45.8,37.0,25.9,25.9,29.6,25.0,48.0,14.8,2918400,2918400,2918400,2918400,2918400,2918400,3283200,3283200,556800,2918400,1017600,3283200,7311,30423,pool-5-thread-1,5,26,38,18195,0,NA,31037,/top-app,0-7,/top-app,0-7,0,466,0,466,39.7,39.3,39.7,40.1,30,37.8,34.5,0.3,0,NONE,0,0,0,0,0,2147483647,2147483647,game_pid=-1 child_num=0 ui_assist_num=0,0,0
1786636110.969,250950.12,556800,556800,556800,556800,556800,556800,1017600,1017600,50.0,38.2,0.0,0.0,15.4,17.2,0.0,0.0,2918400,2918400,2918400,2918400,2918400,2918400,3283200,3283200,556800,2918400,1017600,3283200,7311,30423,pool-5-thread-1,5,26,38,18195,0,NA,31037,/top-app,0-7,/top-app,0-7,0,466,0,466,38.2,38.2,38.2,39.3,30,37.4,34.5,0.3,0,NONE,0,0,0,0,0,2147483647,2147483647,game_pid=-1 child_num=0 ui_assist_num=0,0,0
1786636111.197,250950.38,2400000,2400000,2400000,2400000,2400000,2400000,1017600,1017600,44.0,33.3,0.0,0.0,57.7,36.0,0.0,0.0,2918400,2918400,2918400,2918400,2918400,2918400,3283200,3283200,556800,2918400,1017600,3283200,7311,30423,pool-5-thread-1,5,26,38,18195,0,NA,31037,/top-app,0-7,/top-app,0-7,0,466,0,466,38.2,38.2,38.2,41.7,30,37.4,34.5,0.3,0,NONE,0,0,0,0,0,2147483647,2147483647,game_pid=-1 child_num=0 ui_assist_num=0,0,0
1786636111.538,250950.61,2400000,2400000,2400000,2400000,2400000,2400000,1017600,1017600,39.1,25.0,0.0,38.1,26.1,27.3,0.0,0.0,2918400,2918400,2918400,2918400,2918400,2918400,3283200,3283200,556800,2918400,1017600,3283200,7311,30423,pool-5-thread-1,5,26,38,18195,0,NA,31037,/top-app,0-7,/top-app,0-7,0,466,0,466,39.0,38.6,39.0,42.4,30,37.4,34.5,0.3,0,NONE,0,0,0,0,0,2147483647,2147483647,game_pid=-1 child_num=0 ui_assist_num=0,0,0
1786636111.716,250950.84,556800,556800,556800,556800,556800,556800,1017600,1017600,38.1,32.0,0.0,12.5,28.6,20.8,16.7,0.0,2918400,2918400,2918400,2918400,2918400,2918400,3283200,3283200,556800,2918400,1017600,3283200,7311,30423,pool-5-thread-1,5,26,38,18195,0,NA,31037,/top-app,0-7,/top-app,0-7,0,466,0,466,38.6,38.2,38.6,40.5,30,37.8,34.5,0.3,0,NONE,0,0,0,0,0,2147483647,2147483647,game_pid=-1 child_num=0 ui_assist_num=0,0,0
1786636114.985,250951.13,748800,748800,748800,748800,748800,748800,1017600,1017600,53.6,35.7,0.0,0.0,46.7,43.3,0.0,0.0,2918400,2918400,2918400,2918400,2918400,2918400,3283200,3283200,556800,2918400,1017600,3283200,7311,30423,pool-5-thread-1,5,26,38,18195,0,NA,31037,/top-app,0-7,/top-app,0-7,0,466,0,466,38.2,38.2,38.2,39.7,30,37.4,34.5,0.3,0,NONE,0,0,0,0,0,2147483647,2147483647,game_pid=-1 child_num=0 ui_assist_num=0,0,0
1786636114.992,250951.39,748800,748800,748800,748800,748800,748800,1017600,1017600,64.3,37.0,4.0,0.0,32.1,33.3,0.0,0.0,2918400,2918400,2918400,2918400,2918400,2918400,3283200,3283200,556800,2918400,1017600,3283200,7311,30423,pool-5-thread-1,5,26,38,18195,0,NA,31037,/top-app,0-7,/top-app,0-7,0,466,0,466,38.2,37.8,38.2,40.5,30,37.4,34.5,0.3,0,NONE,0,0,0,0,0,2147483647,2147483647,game_pid=-1 child_num=0 ui_assist_num=0,0,0
1786636114.993,250951.64,556800,556800,556800,556800,556800,556800,1017600,1017600,26.1,8.3,7.7,12.0,4.2,4.2,0.0,0.0,2918400,2918400,2918400,2918400,2918400,2918400,3283200,3283200,556800,2918400,1017600,3283200,7311,30423,pool-5-thread-1,5,26,38,18195,0,NA,31037,/top-app,0-7,/top-app,0-7,0,466,0,466,37.8,37.8,37.8,39.3,30,37.4,34.5,0.3,0,NONE,0,0,0,0,0,2147483647,2147483647,game_pid=-1 child_num=0 ui_assist_num=0,0,0
1786636114.993,250951.91,556800,556800,556800,556800,556800,556800,1017600,1017600,48.1,44.1,4.0,3.8,22.2,22.2,0.0,0.0,2918400,2918400,2918400,2918400,2918400,2918400,3283200,3283200,556800,2918400,1017600,3283200,7311,30423,pool-5-thread-1,5,26,38,18195,0,NA,31037,/top-app,0-7,/top-app,0-7,0,466,0,466,37.8,37.4,37.8,38.6,30,37.4,34.5,0.3,0,NONE,0,0,0,0,0,2147483647,2147483647,game_pid=-1 child_num=0 ui_assist_num=0,0,0
1786636114.993,250952.18,556800,556800,556800,556800,556800,556800,1017600,1017600,50.0,41.7,0.0,0.0,25.0,10.7,0.0,0.0,2918400,2918400,2918400,2918400,2918400,2918400,3283200,3283200,556800,2918400,1017600,3283200,7311,30423,pool-5-thread-1,5,26,38,18195,0,NA,31037,/top-app,0-7,/top-app,0-7,0,466,0,466,37.8,37.4,37.8,40.1,30,37.4,34.5,0.3,0,NONE,0,0,0,0,0,2147483647,2147483647,game_pid=-1 child_num=0 ui_assist_num=0,0,0
1786636114.993,250952.47,556800,556800,556800,556800,556800,556800,1017600,1017600,54.8,44.1,0.0,0.0,37.0,37.9,0.0,0.0,2918400,2918400,2918400,2918400,2918400,2918400,3283200,3283200,556800,2918400,1017600,3283200,7311,30423,pool-5-thread-1,5,26,38,18195,0,NA,31037,/top-app,0-7,/top-app,0-7,0,466,0,466,37.8,37.8,37.8,39.0,30,37.4,34.5,0.3,0,NONE,0,0,0,0,0,2147483647,2147483647,game_pid=-1 child_num=0 ui_assist_num=0,0,0
1786636114.993,250952.72,748800,748800,748800,748800,748800,748800,1017600,1017600,46.2,41.9,7.7,7.7,28.0,21.4,0.0,0.0,2918400,2918400,2918400,2918400,2918400,2918400,3283200,3283200,556800,2918400,1017600,3283200,7311,30423,pool-5-thread-1,5,26,38,18195,0,NA,31037,/top-app,0-7,/top-app,0-7,0,466,0,466,37.8,37.8,37.4,39.7,30,37.4,34.5,0.3,0,NONE,0,0,0,0,0,2147483647,2147483647,game_pid=-1 child_num=0 ui_assist_num=0,0,0
1786636114.993,250952.97,556800,556800,556800,556800,556800,556800,1017600,1017600,54.8,45.5,12.5,4.0,12.5,16.7,0.0,0.0,2918400,2918400,2918400,2918400,2918400,2918400,3283200,3283200,556800,2918400,1017600,3283200,7311,30423,pool-5-thread-1,5,26,38,18195,0,NA,31037,/top-app,0-7,/top-app,0-7,0,466,0,466,37.4,37.4,37.0,39.0,30,37.0,34.5,0.3,0,NONE,0,0,0,0,0,2147483647,2147483647,game_pid=-1 child_num=0 ui_assist_num=0,0,0
1786636114.993,250953.24,556800,556800,556800,556800,556800,556800,1017600,1017600,38.5,29.0,0.0,0.0,25.9,25.9,0.0,0.0,2918400,2918400,2918400,2918400,2918400,2918400,3283200,3283200,556800,2918400,1017600,3283200,7311,30423,pool-5-thread-1,5,26,38,18195,0,NA,31037,/top-app,0-7,/top-app,0-7,0,466,0,466,37.8,37.8,37.4,38.6,30,37.0,34.5,0.3,0,NONE,0,0,0,0,0,2147483647,2147483647,game_pid=-1 child_num=0 ui_assist_num=0,0,0
1786636114.993,250953.51,556800,556800,556800,556800,556800,556800,1017600,1017600,46.7,41.9,0.0,0.0,23.3,25.0,0.0,0.0,2918400,2918400,2918400,2918400,2918400,2918400,3283200,3283200,556800,2918400,1017600,3283200,7311,30423,pool-5-thread-1,5,26,38,18195,0,NA,31037,/top-app,0-7,/top-app,0-7,0,466,0,466,37.4,37.4,37.4,39.7,30,37.0,34.5,0.3,0,NONE,0,0,0,0,0,2147483647,2147483647,game_pid=-1 child_num=0 ui_assist_num=0,0,0
1786636114.993,250953.78,748800,748800,748800,748800,748800,748800,1017600,1017600,55.2,43.8,0.0,0.0,28.6,46.7,0.0,0.0,2918400,2918400,2918400,2918400,2918400,2918400,3283200,3283200,556800,2918400,1017600,3283200,7311,30423,pool-5-thread-1,5,26,38,18195,0,NA,31037,/top-app,0-7,/top-app,0-7,0,466,0,466,37.4,37.4,37.4,39.0,30,37.0,34.5,0.3,0,NONE,0,0,0,0,0,2147483647,2147483647,game_pid=-1 child_num=0 ui_assist_num=0,0,0
1786636114.993,250954.03,556800,556800,556800,556800,556800,556800,1017600,1017600,50.0,33.3,0.0,0.0,23.1,16.7,0.0,0.0,2918400,2918400,2918400,2918400,2918400,2918400,3283200,3283200,556800,2918400,1017600,3283200,7311,30423,pool-5-thread-1,5,26,38,18195,0,NA,31037,/top-app,0-7,/top-app,0-7,0,466,0,466,37.4,37.4,37.4,38.2,30,37.4,34.5,0.3,0,NONE,0,0,0,0,0,2147483647,2147483647,game_pid=-1 child_num=0 ui_assist_num=0,0,0
1786636115.140,250954.32,1785600,1785600,1785600,1785600,1785600,1785600,1017600,1017600,54.5,48.6,6.5,10.3,32.3,32.3,0.0,0.0,2918400,2918400,2918400,2918400,2918400,2918400,3283200,3283200,556800,2918400,1017600,3283200,7311,30423,pool-5-thread-1,5,26,38,18195,0,NA,31037,/top-app,0-7,/top-app,0-7,0,466,0,466,37.8,37.4,37.8,40.5,30,37.4,34.5,0.3,0,NONE,0,0,0,0,0,2147483647,2147483647,game_pid=-1 child_num=0 ui_assist_num=0,0,0
1786636115.415,250954.56,556800,556800,556800,556800,556800,556800,1017600,1017600,50.0,34.6,4.5,8.7,17.4,20.8,0.0,0.0,2918400,2918400,2918400,2918400,2918400,2918400,3283200,3283200,556800,2918400,1017600,3283200,7311,30423,pool-5-thread-1,5,26,38,18195,0,NA,31037,/top-app,0-7,/top-app,0-7,0,466,0,466,37.8,37.8,37.4,38.6,30,37.0,34.5,0.3,0,NONE,0,0,0,0,0,2147483647,2147483647,game_pid=-1 child_num=0 ui_assist_num=0,0,0
1786636115.695,250954.84,556800,556800,556800,556800,556800,556800,1017600,1017600,51.6,40.0,3.4,6.7,32.3,32.1,0.0,0.0,2918400,2918400,2918400,2918400,2918400,2918400,3283200,3283200,556800,2918400,1017600,3283200,7311,30423,pool-5-thread-1,5,26,38,18195,0,NA,31037,/top-app,0-7,/top-app,0-7,0,466,0,466,37.8,37.8,37.8,40.1,30,37.0,34.5,0.3,0,NONE,0,0,0,0,0,2147483647,2147483647,game_pid=-1 child_num=0 ui_assist_num=0,0,0
1786636115.961,250955.11,556800,556800,556800,556800,556800,556800,1017600,1017600,56.2,38.2,7.4,0.0,22.2,18.5,0.0,0.0,2918400,2918400,2918400,2918400,2918400,2918400,3283200,3283200,556800,2918400,1017600,3283200,7311,30423,pool-5-thread-1,5,26,38,18195,0,NA,31037,/top-app,0-7,/top-app,0-7,0,466,0,466,37.4,37.4,37.4,38.2,30,37.0,34.5,0.3,0,NONE,0,0,0,0,0,2147483647,2147483647,game_pid=-1 child_num=0 ui_assist_num=0,0,0
1786636116.229,250955.38,748800,748800,748800,748800,748800,748800,1017600,1017600,55.2,43.8,0.0,0.0,37.9,35.7,0.0,0.0,2918400,2918400,2918400,2918400,2918400,2918400,3283200,3283200,556800,2918400,1017600,3283200,7311,30423,pool-5-thread-1,5,26,38,18195,0,NA,31037,/top-app,0-7,/top-app,0-7,0,466,0,466,37.4,37.4,37.4,38.2,30,37.0,34.5,0.3,0,NONE,0,0,0,0,0,2147483647,2147483647,game_pid=-1 child_num=0 ui_assist_num=0,0,0
1786636116.505,250955.65,556800,556800,556800,556800,556800,556800,1017600,1017600,48.4,38.9,0.0,0.0,23.3,24.1,0.0,0.0,2918400,2918400,2918400,2918400,2918400,2918400,3283200,3283200,556800,2918400,1017600,3283200,7311,30423,pool-5-thread-1,5,26,38,18195,0,NA,31037,/top-app,0-7,/top-app,0-7,0,466,0,466,37.4,37.4,37.0,38.2,30,37.0,34.5,0.3,0,NONE,0,0,0,0,0,2147483647,2147483647,game_pid=-1 child_num=0 ui_assist_num=0,0,0
1786636116.763,250955.93,1152000,1152000,1152000,1152000,1152000,1152000,1017600,1017600,48.0,25.9,0.0,0.0,40.0,40.7,0.0,0.0,2918400,2918400,2918400,2918400,2918400,2918400,3283200,3283200,556800,2918400,1017600,3283200,7311,30423,pool-5-thread-1,5,26,38,18195,0,NA,31037,/top-app,0-7,/top-app,0-7,0,466,0,466,37.4,37.4,37.4,38.6,30,37.0,34.5,0.3,0,NONE,0,0,0,0,0,2147483647,2147483647,game_pid=-1 child_num=0 ui_assist_num=0,0,0
1786636117.057,250956.18,556800,556800,556800,556800,556800,556800,1017600,1017600,45.2,40.0,0.0,3.7,11.5,11.1,0.0,0.0,2918400,2918400,2918400,2918400,2918400,2918400,3283200,3283200,556800,2918400,1017600,3283200,7311,30423,pool-5-thread-1,5,26,38,18195,0,NA,31037,/top-app,0-7,/top-app,0-7,0,466,0,466,37.4,37.4,37.4,39.0,30,37.0,34.5,0.3,0,NONE,0,0,0,0,0,2147483647,2147483647,game_pid=-1 child_num=0 ui_assist_num=0,0,0
1786636117.721,250956.48,556800,556800,556800,556800,556800,556800,1017600,1017600,53.3,42.9,0.0,10.0,14.3,38.7,0.0,0.0,2918400,2918400,2918400,2918400,2918400,2918400,3283200,3283200,556800,2918400,1017600,3283200,7311,30423,pool-5-thread-1,5,26,38,18195,0,NA,31037,/top-app,0-7,/top-app,0-7,0,466,0,466,37.4,37.4,37.0,38.6,30,37.0,34.5,0.3,0,NONE,0,0,0,0,0,2147483647,2147483647,game_pid=-1 child_num=0 ui_assist_num=0,0,0
1786636117.723,250956.74,556800,556800,556800,556800,556800,556800,1017600,1017600,46.4,40.6,3.7,3.7,25.9,11.5,0.0,0.0,2918400,2918400,2918400,2918400,2918400,2918400,3283200,3283200,556800,2918400,1017600,3283200,7311,30423,pool-5-thread-1,5,26,38,18195,0,NA,31037,/top-app,0-7,/top-app,0-7,0,466,0,466,37.4,37.4,37.0,38.6,30,37.0,34.5,0.3,0,NONE,0,0,0,0,0,2147483647,2147483647,game_pid=-1 child_num=0 ui_assist_num=0,0,0
1786636117.843,250957.01,748800,748800,748800,748800,748800,748800,1017600,1017600,50.0,34.5,25.0,3.7,25.0,40.7,0.0,0.0,2918400,2918400,2918400,2918400,2918400,2918400,3283200,3283200,556800,2918400,1017600,3283200,7311,30423,pool-5-thread-1,5,26,38,18195,0,NA,31037,/top-app,0-7,/top-app,0-7,0,466,0,466,37.4,37.4,37.0,39.0,30,37.0,34.5,0.3,0,NONE,0,0,0,0,0,2147483647,2147483647,game_pid=-1 child_num=0 ui_assist_num=0,0,0
1786636118.120,250957.26,556800,556800,556800,556800,556800,556800,1017600,1017600,48.1,45.7,3.8,12.0,8.3,15.4,0.0,0.0,2918400,2918400,2918400,2918400,2918400,2918400,3283200,3283200,556800,2918400,1017600,3283200,7311,30423,pool-5-thread-1,5,26,38,18195,0,NA,31037,/top-app,0-7,/top-app,0-7,0,466,0,466,37.4,37.0,37.4,38.2,30,37.0,34.5,0.3,0,NONE,0,0,0,0,0,2147483647,2147483647,game_pid=-1 child_num=0 ui_assist_num=0,0,0
1786636118.417,250957.55,556800,556800,556800,556800,556800,556800,1017600,1017600,53.1,35.3,7.1,10.7,7.1,20.7,0.0,0.0,2918400,2918400,2918400,2918400,2918400,2918400,3283200,3283200,556800,2918400,1017600,3283200,7311,30423,pool-5-thread-1,5,26,38,18195,0,NA,31037,/top-app,0-7,/top-app,0-7,0,466,0,466,37.4,37.4,37.4,39.0,30,37.0,34.5,0.3,0,NONE,0,0,0,0,0,2147483647,2147483647,game_pid=-1 child_num=0 ui_assist_num=0,0,0
1786636118.691,250957.84,556800,556800,556800,556800,556800,556800,1017600,1017600,43.8,33.3,0.0,6.9,20.7,10.7,0.0,0.0,2918400,2918400,2918400,2918400,2918400,2918400,3283200,3283200,556800,2918400,1017600,3283200,7311,30423,pool-5-thread-1,5,26,38,18195,0,NA,31037,/top-app,0-7,/top-app,0-7,0,466,0,466,37.4,37.4,37.0,38.2,30,37.0,34.5,0.3,0,NONE,0,0,0,0,0,2147483647,2147483647,game_pid=-1 child_num=0 ui_assist_num=0,0,0
1786636118.966,250958.11,556800,556800,556800,556800,556800,556800,1017600,1017600,46.9,40.6,0.0,0.0,37.9,15.4,0.0,0.0,2918400,2918400,2918400,2918400,2918400,2918400,3283200,3283200,556800,2918400,1017600,3283200,7311,30423,pool-5-thread-1,5,26,38,18195,0,NA,31037,/top-app,0-7,/top-app,0-7,0,466,0,466,37.4,37.4,37.0,38.6,30,37.0,34.5,0.3,0,NONE,0,0,0,0,0,2147483647,2147483647,game_pid=-1 child_num=0 ui_assist_num=0,0,0
1786636119.214,250958.39,748800,748800,748800,748800,748800,748800,1017600,1017600,48.1,47.1,0.0,0.0,37.0,32.1,0.0,0.0,2918400,2918400,2918400,2918400,2918400,2918400,3283200,3283200,556800,2918400,1017600,3283200,7311,30423,pool-5-thread-1,5,26,38,18195,0,NA,31037,/top-app,0-7,/top-app,0-7,0,466,0,466,37.4,37.4,37.0,38.6,30,37.0,34.5,0.3,0,NONE,0,0,0,0,0,2147483647,2147483647,game_pid=-1 child_num=0 ui_assist_num=0,0,0
1786636119.484,250958.63,556800,556800,556800,556800,556800,556800,1017600,1017600,55.6,35.7,17.4,0.0,28.0,16.7,0.0,0.0,2918400,2918400,2918400,2918400,2918400,2918400,3283200,3283200,556800,2918400,1017600,3283200,7311,30423,pool-5-thread-1,5,26,38,18195,0,NA,31037,/top-app,0-7,/top-app,0-7,0,466,0,466,37.4,37.0,37.4,38.2,30,36.6,34.5,0.3,0,NONE,0,0,0,0,0,2147483647,2147483647,game_pid=-1 child_num=0 ui_assist_num=0,0,0
1786636119.799,250958.91,556800,556800,556800,556800,556800,556800,1017600,1017600,48.5,40.0,3.6,3.6,27.6,10.7,0.0,0.0,2918400,2918400,2918400,2918400,2918400,2918400,3283200,3283200,556800,2918400,1017600,3283200,7311,30423,pool-5-thread-1,5,26,38,18195,0,NA,31037,/top-app,0-7,/top-app,0-7,0,466,0,466,37.4,37.4,37.0,38.2,30,37.0,34.5,0.3,0,NONE,0,0,0,0,0,2147483647,2147483647,game_pid=-1 child_num=0 ui_assist_num=0,0,0
1786636120.074,250959.22,556800,556800,556800,556800,556800,556800,1017600,1017600,56.2,39.4,0.0,14.7,40.6,36.4,0.0,0.0,2918400,2918400,2918400,2918400,2918400,2918400,3283200,3283200,556800,2918400,1017600,3283200,7311,30423,pool-5-thread-1,5,26,38,18195,0,NA,31037,/top-app,0-7,/top-app,0-7,0,466,0,466,37.4,37.4,37.4,38.2,30,36.6,34.5,0.3,0,NONE,0,0,0,0,0,2147483647,2147483647,game_pid=-1 child_num=0 ui_assist_num=0,0,0
1786636120.338,250959.50,556800,556800,556800,556800,556800,556800,1017600,1017600,46.4,36.4,0.0,0.0,7.7,31.0,0.0,0.0,2918400,2918400,2918400,2918400,2918400,2918400,3283200,3283200,556800,2918400,1017600,3283200,7311,30423,pool-5-thread-1,5,26,38,18195,0,NA,31037,/top-app,0-7,/top-app,0-7,0,466,0,466,37.4,37.4,37.0,39.0,30,37.0,34.5,0.3,0,NONE,0,0,0,0,0,2147483647,2147483647,game_pid=-1 child_num=0 ui_assist_num=0,0,0
1786636120.600,250959.75,748800,748800,748800,748800,748800,748800,1017600,1017600,54.8,39.4,3.7,0.0,12.0,19.2,0.0,0.0,2918400,2918400,2918400,2918400,2918400,2918400,3283200,3283200,556800,2918400,1017600,3283200,7311,30423,pool-5-thread-1,5,26,38,18195,0,NA,31037,/top-app,0-7,/top-app,0-7,0,466,0,466,37.4,37.0,37.4,38.6,30,37.0,34.5,0.3,0,NONE,0,0,0,0,0,2147483647,2147483647,game_pid=-1 child_num=0 ui_assist_num=0,0,0
1786636120.878,250960.02,556800,556800,556800,556800,556800,556800,1017600,1017600,48.3,40.0,0.0,0.0,21.4,21.4,0.0,0.0,2918400,2918400,2918400,2918400,2918400,2918400,3283200,3283200,556800,2918400,1017600,3283200,7311,30423,pool-5-thread-1,5,26,38,18195,0,NA,31037,/top-app,0-7,/top-app,0-7,0,466,0,466,37.4,37.4,37.0,38.2,30,36.6,34.5,0.3,0,NONE,0,0,0,0,0,2147483647,2147483647,game_pid=-1 child_num=0 ui_assist_num=0,0,0
1786636121.176,250960.30,556800,556800,556800,556800,556800,556800,1017600,1017600,46.7,32.3,0.0,0.0,26.7,36.7,0.0,0.0,2918400,2918400,2918400,2918400,2918400,2918400,3283200,3283200,556800,2918400,1017600,3283200,7311,30423,pool-5-thread-1,5,26,38,18195,0,NA,31037,/top-app,0-7,/top-app,0-7,0,466,0,466,37.4,37.4,37.4,39.0,30,37.0,34.5,0.3,0,NONE,0,0,0,0,0,2147483647,2147483647,game_pid=-1 child_num=0 ui_assist_num=0,0,0
1786636121.447,250960.59,556800,556800,556800,556800,556800,556800,1017600,1017600,51.6,45.7,0.0,3.4,14.3,37.9,0.0,0.0,2918400,2918400,2918400,2918400,2918400,2918400,3283200,3283200,556800,2918400,1017600,3283200,7311,30423,pool-5-thread-1,5,26,38,18195,0,NA,31037,/top-app,0-7,/top-app,0-7,0,466,0,466,37.4,37.0,37.4,38.2,30,37.0,34.5,0.3,0,NONE,0,0,0,0,0,2147483647,2147483647,game_pid=-1 child_num=0 ui_assist_num=0,0,0
1786636121.782,250960.87,556800,556800,556800,556800,556800,556800,1017600,1017600,57.1,41.9,14.3,0.0,33.3,41.4,0.0,0.0,2918400,2918400,2918400,2918400,2918400,2918400,3283200,3283200,556800,2918400,1017600,3283200,7311,30423,pool-5-thread-1,5,26,38,18195,0,NA,31037,/top-app,0-7,/top-app,0-7,0,466,0,466,37.4,37.4,37.4,39.0,30,37.0,34.5,0.3,0,NONE,0,0,0,0,0,2147483647,2147483647,game_pid=-1 child_num=0 ui_assist_num=0,0,0
1786636121.996,250961.14,556800,556800,556800,556800,556800,556800,1017600,1017600,61.3,37.0,11.1,10.7,26.7,29.6,0.0,0.0,2918400,2918400,2918400,2918400,2918400,2918400,3283200,3283200,556800,2918400,1017600,3283200,7311,30423,pool-5-thread-1,5,26,38,18195,0,NA,31037,/top-app,0-7,/top-app,0-7,0,466,0,466,37.4,37.4,37.4,39.0,30,37.4,34.5,0.3,0,NONE,0,0,0,0,0,2147483647,2147483647,game_pid=-1 child_num=0 ui_assist_num=0,0,0
1786636122.232,250961.41,1363200,1363200,1363200,1363200,1363200,1363200,1017600,1017600,60.0,43.3,10.7,0.0,48.1,40.0,0.0,0.0,2918400,2918400,2918400,2918400,2918400,2918400,3283200,3283200,556800,2918400,1017600,3283200,7311,30423,pool-5-thread-1,5,26,38,18195,0,NA,31037,/top-app,0-7,/top-app,0-7,0,466,0,466,37.8,37.8,37.4,39.3,30,37.0,34.5,0.3,0,NONE,0,0,0,0,0,2147483647,2147483647,game_pid=-1 child_num=0 ui_assist_num=0,0,0
1786636122.531,250961.65,556800,556800,556800,556800,556800,556800,1017600,1017600,48.0,34.6,0.0,12.0,25.9,16.0,0.0,0.0,2918400,2918400,2918400,2918400,2918400,2918400,3283200,3283200,556800,2918400,1017600,3283200,7311,30423,pool-5-thread-1,5,26,38,18195,0,NA,31037,/top-app,0-7,/top-app,0-7,0,466,0,466,37.4,37.4,37.4,39.3,30,37.0,34.5,0.3,0,NONE,0,0,0,0,0,2147483647,2147483647,game_pid=-1 child_num=0 ui_assist_num=0,0,0
1786636122.771,250961.95,960000,960000,960000,960000,960000,960000,1017600,1017600,51.9,37.9,7.1,13.3,31.0,28.6,0.0,0.0,2918400,2918400,2918400,2918400,2918400,2918400,3283200,3283200,960000,2918400,1017600,3283200,7311,30423,pool-5-thread-1,5,26,38,18195,0,NA,31037,/top-app,0-7,/top-app,0-7,0,466,0,466,37.8,37.4,37.8,40.5,30,37.4,34.5,0.3,0,NONE,0,0,0,0,0,2147483647,2147483647,game_pid=-1 child_num=0 ui_assist_num=0,0,0
1786636123.071,250962.19,960000,960000,960000,960000,960000,960000,1017600,1017600,52.0,21.1,29.2,15.0,34.8,26.1,0.0,0.0,2918400,2918400,2918400,2918400,2918400,2918400,3283200,3283200,960000,2918400,1017600,3283200,7311,30423,pool-5-thread-1,5,26,38,18195,0,NA,31037,/top-app,0-7,/top-app,0-7,0,466,0,466,38.2,37.8,38.2,40.1,30,37.4,34.5,0.3,0,NONE,0,0,0,0,0,2147483647,2147483647,game_pid=-1 child_num=0 ui_assist_num=0,0,0
1786636123.247,250962.42,960000,960000,960000,960000,960000,960000,1017600,1017600,50.0,33.3,26.1,31.8,25.0,26.9,0.0,0.0,2918400,2918400,2918400,2918400,2918400,2918400,3283200,3283200,960000,2918400,1017600,3283200,7311,30423,pool-5-thread-1,5,26,38,18195,0,NA,31037,/top-app,0-7,/top-app,0-7,0,466,0,466,38.2,37.8,38.2,40.5,30,37.4,34.5,0.3,0,NONE,0,0,0,0,0,2147483647,2147483647,game_pid=-1 child_num=0 ui_assist_num=0,0,0
1786636123.490,250962.66,960000,960000,960000,960000,960000,960000,1017600,1017600,35.0,21.7,13.0,20.0,25.9,20.8,0.0,0.0,2918400,2918400,2918400,2918400,2918400,2918400,3283200,3283200,960000,2918400,1017600,3283200,7311,30423,pool-5-thread-1,5,26,38,18195,0,NA,31037,/top-app,0-7,/top-app,0-7,0,466,0,466,37.8,37.8,37.8,40.1,30,37.4,34.5,0.3,0,NONE,0,0,0,0,0,2147483647,2147483647,game_pid=-1 child_num=0 ui_assist_num=0,0,0
1786636123.755,250962.91,1363200,1363200,1363200,1363200,1363200,1363200,1017600,1017600,58.3,40.0,32.0,32.0,34.8,28.6,0.0,0.0,2918400,2918400,2918400,2918400,2918400,2918400,3283200,3283200,960000,2918400,1017600,3283200,7311,30423,pool-5-thread-1,5,26,38,18195,0,NA,31037,/top-app,0-7,/top-app,0-7,0,466,0,466,40.9,40.1,40.9,44.0,30,37.8,34.5,0.3,0,NONE,0,0,0,0,0,2147483647,2147483647,game_pid=-1 child_num=0 ui_assist_num=0,0,0
1786636123.989,250963.17,1996800,1996800,1996800,1996800,1996800,1996800,3283200,3283200,52.0,33.3,34.6,30.8,36.0,30.8,0.0,40.7,2918400,2918400,2918400,2918400,2918400,2918400,3283200,3283200,960000,2918400,1017600,3283200,7311,30423,pool-5-thread-1,5,26,38,18195,0,NA,31037,/top-app,0-7,/top-app,0-7,0,466,0,466,45.5,41.3,45.5,44.0,30,37.8,34.5,0.3,0,NONE,0,0,0,0,0,2147483647,2147483647,game_pid=-1 child_num=0 ui_assist_num=0,0,0
1786636124.226,250963.41,960000,960000,960000,960000,960000,960000,1017600,1017600,35.0,18.2,27.3,22.7,33.3,21.7,0.0,84.0,2918400,2918400,2918400,2918400,2918400,2918400,3283200,3283200,960000,2918400,1017600,3283200,7311,30423,pool-5-thread-1,5,26,38,18195,0,NA,31037,/top-app,0-7,/top-app,0-7,0,466,0,466,40.5,40.1,40.5,42.8,30,37.8,34.5,0.3,0,NONE,0,0,0,0,0,2147483647,2147483647,game_pid=-1 child_num=0 ui_assist_num=0,0,0
1786636124.563,250963.64,960000,960000,960000,960000,960000,960000,1017600,1017600,30.4,9.1,4.5,16.0,4.5,20.8,0.0,0.0,2918400,2918400,2918400,2918400,2918400,2918400,3283200,3283200,960000,2918400,1017600,3283200,7311,30423,pool-5-thread-1,5,26,38,18195,0,NA,31037,/top-app,0-7,/top-app,0-7,0,466,0,466,39.0,38.6,39.0,41.3,30,37.4,34.5,0.3,0,NONE,0,0,0,0,0,2147483647,2147483647,game_pid=-1 child_num=0 ui_assist_num=0,0,0
1786636125.038,250963.88,960000,960000,960000,960000,960000,960000,3283200,3283200,50.0,27.3,27.3,29.2,33.3,22.7,4.3,52.2,2918400,2918400,2918400,2918400,2918400,2918400,3283200,3283200,960000,2918400,1017600,3283200,7311,30423,pool-5-thread-1,5,26,38,18195,1,7,31037,/top-app,0-7,/top-app,0-7,0,466,0,466,44.8,41.7,44.8,41.3,30,37.8,34.5,0.3,0,NONE,0,0,0,0,0,2147483647,2147483647,game_pid=-1 child_num=0 ui_assist_num=0,0,0
1786636125.039,250964.12,1152000,1152000,1152000,1152000,1152000,1152000,3283200,3283200,22.7,12.5,8.0,8.3,8.0,16.0,0.0,100.0,2918400,2918400,2918400,2918400,2918400,2918400,3283200,3283200,960000,2918400,1017600,3283200,7311,30423,pool-5-thread-1,5,26,38,18195,1,7,31037,/top-app,0-7,/top-app,0-7,0,466,0,466,45.1,42.0,45.1,42.0,30,38.2,34.5,0.3,0,NONE,0,0,0,0,0,2147483647,2147483647,game_pid=-1 child_num=0 ui_assist_num=0,0,0
1786636125.208,250964.38,1152000,1152000,1152000,1152000,1152000,1152000,3283200,3283200,24.0,11.5,25.0,8.0,12.0,8.0,0.0,100.0,2918400,2918400,2918400,2918400,2918400,2918400,3283200,3283200,556800,2918400,1017600,3283200,7311,30423,pool-5-thread-1,5,26,38,18195,1,7,31037,/top-app,0-7,/top-app,0-7,0,466,0,466,45.5,42.0,45.5,41.3,30,37.8,34.5,0.3,0,NONE,0,0,0,0,0,2147483647,2147483647,game_pid=-1 child_num=0 ui_assist_num=0,0,0
1786636125.446,250964.63,1152000,1152000,1152000,1152000,1152000,1152000,3283200,3283200,30.4,16.7,0.0,0.0,19.2,18.5,0.0,100.0,2918400,2918400,2918400,2918400,2918400,2918400,3283200,3283200,556800,2918400,1017600,3283200,7311,30423,pool-5-thread-1,5,26,38,18195,1,7,31037,/top-app,0-7,/top-app,0-7,0,466,0,466,45.5,42.0,45.5,42.0,30,37.8,34.5,0.3,0,NONE,0,0,0,0,0,2147483647,2147483647,game_pid=-1 child_num=0 ui_assist_num=0,0,0
1786636125.924,250964.86,1152000,1152000,1152000,1152000,1152000,1152000,3283200,3283200,15.0,4.8,0.0,0.0,13.0,12.5,0.0,100.0,2918400,2918400,2918400,2918400,2918400,2918400,3283200,3283200,556800,2918400,1017600,3283200,7311,30423,pool-5-thread-1,5,26,38,18195,1,6,31037,/top-app,0-7,/top-app,0-7,0,466,0,466,45.1,45.1,42.4,41.3,30,38.2,34.5,0.3,0,NONE,0,0,0,0,0,2147483647,2147483647,game_pid=-1 child_num=0 ui_assist_num=0,0,0
1786636126.019,250965.11,1152000,1152000,1152000,1152000,1152000,1152000,3283200,3283200,22.7,4.5,4.2,0.0,19.2,4.3,96.0,0.0,2918400,2918400,2918400,2918400,2918400,2918400,3283200,3283200,556800,2918400,1017600,3283200,7311,30423,pool-5-thread-1,5,26,38,18195,1,6,31037,/top-app,0-7,/top-app,0-7,0,466,0,466,45.5,45.5,42.4,41.7,30,38.2,34.5,0.3,0,NONE,0,0,0,0,0,2147483647,2147483647,game_pid=-1 child_num=0 ui_assist_num=0,0,0
1786636126.174,250965.34,1363200,1363200,1363200,1363200,1363200,1363200,3283200,3283200,29.2,16.7,0.0,0.0,13.0,29.2,100.0,0.0,2918400,2918400,2918400,2918400,2918400,2918400,3283200,3283200,556800,2918400,1017600,3283200,7311,30423,pool-5-thread-1,5,26,38,18195,1,6,31037,/top-app,0-7,/top-app,0-7,0,466,0,466,58.7,58.7,47.5,43.6,30,38.6,34.5,0.3,0,NONE,0,0,0,0,0,2147483647,2147483647,game_pid=-1 child_num=0 ui_assist_num=0,0,0
1786636126.404,250965.59,1152000,1152000,1152000,1152000,1152000,1152000,3283200,3283200,15.0,12.5,0.0,0.0,16.7,8.7,100.0,0.0,2918400,2918400,2918400,2918400,2918400,2918400,3283200,3283200,556800,2918400,1017600,3283200,7311,30423,pool-5-thread-1,5,26,38,18195,1,6,31037,/top-app,0-7,/top-app,0-7,0,466,0,466,61.0,61.0,49.8,43.2,30,38.2,34.5,0.3,0,NONE,0,0,0,0,0,2147483647,2147483647,game_pid=-1 child_num=0 ui_assist_num=0,0,0
1786636126.651,250965.82,1152000,1152000,1152000,1152000,1152000,1152000,3283200,3283200,14.3,8.7,0.0,0.0,8.7,4.3,100.0,0.0,2918400,2918400,2918400,2918400,2918400,2918400,3283200,3283200,556800,2918400,1017600,3283200,7311,30423,pool-5-thread-1,5,26,38,18195,1,6,31037,/top-app,0-7,/top-app,0-7,0,466,0,466,57.5,57.5,49.0,43.6,30,38.6,34.5,0.3,0,NONE,0,0,0,0,0,2147483647,2147483647,game_pid=-1 child_num=0 ui_assist_num=0,0,0
1786636126.860,250966.05,1152000,1152000,1152000,1152000,1152000,1152000,3283200,3283200,14.3,8.7,0.0,0.0,8.7,4.3,100.0,0.0,2918400,2918400,2918400,2918400,2918400,2918400,3283200,3283200,556800,2918400,1017600,3283200,7311,30423,pool-5-thread-1,5,26,38,18195,1,6,31037,/top-app,0-7,/top-app,0-7,0,466,0,466,61.4,61.4,50.9,44.0,30,39.0,34.5,0.3,0,NONE,0,0,0,0,0,2147483647,2147483647,game_pid=-1 child_num=0 ui_assist_num=0,0,0
1786636127.098,250966.27,1152000,1152000,1152000,1152000,1152000,1152000,3283200,3283200,10.0,4.5,0.0,0.0,13.0,4.5,68.2,31.8,2918400,2918400,2918400,2918400,2918400,2918400,3283200,3283200,556800,2918400,1017600,3283200,7311,30423,pool-5-thread-1,5,26,38,18195,1,7,31037,/top-app,0-7,/top-app,0-7,0,466,0,466,62.1,52.1,62.1,45.1,30,39.3,34.5,0.3,0,NONE,0,0,0,0,0,2147483647,2147483647,game_pid=-1 child_num=0 ui_assist_num=0,0,0
1786636127.352,250966.51,1152000,1152000,1152000,1152000,1152000,1152000,3283200,3283200,31.8,20.8,8.3,11.5,32.0,25.0,0.0,100.0,2918400,2918400,2918400,2918400,2918400,2918400,3283200,3283200,556800,2918400,1017600,3283200,7311,30423,pool-5-thread-1,5,26,38,18195,1,7,31037,/top-app,0-7,/top-app,0-7,0,466,0,466,61.7,51.7,61.7,47.1,30,39.3,34.5,0.3,0,NONE,0,0,0,0,0,2147483647,2147483647,game_pid=-1 child_num=0 ui_assist_num=0,0,0
1786636127.588,250966.77,1152000,1152000,1152000,1152000,1152000,1152000,3283200,3283200,20.8,8.3,0.0,0.0,20.0,12.0,0.0,100.0,2918400,2918400,2918400,2918400,2918400,2918400,3283200,3283200,556800,2918400,1017600,3283200,7311,30423,pool-5-thread-1,5,26,38,18195,1,7,31037,/top-app,0-7,/top-app,0-7,0,466,0,466,59.8,49.8,59.8,45.9,30,39.7,34.5,0.3,0,NONE,0,0,0,0,0,2147483647,2147483647,game_pid=-1 child_num=0 ui_assist_num=0,0,0
1786636127.824,250967.00,1152000,1152000,1152000,1152000,1152000,1152000,3283200,3283200,15.0,4.8,0.0,0.0,12.5,8.3,0.0,100.0,2918400,2918400,2918400,2918400,2918400,2918400,3283200,3283200,556800,2918400,1017600,3283200,7311,30423,pool-5-thread-1,5,26,38,18195,1,7,31037,/top-app,0-7,/top-app,0-7,0,466,0,466,63.7,52.5,63.7,45.9,30,39.7,34.5,0.3,0,NONE,0,0,0,0,0,2147483647,2147483647,game_pid=-1 child_num=0 ui_assist_num=0,0,0
1786636128.058,250967.24,1152000,1152000,1152000,1152000,1152000,1152000,3283200,3283200,17.4,8.3,0.0,4.3,0.0,0.0,0.0,100.0,2918400,2918400,2918400,2918400,2918400,2918400,3283200,3283200,556800,2918400,1017600,3283200,7311,30423,pool-5-thread-1,5,26,38,18195,1,7,31037,/top-app,0-7,/top-app,0-7,0,466,0,466,59.8,50.5,59.8,46.3,30,39.7,34.5,0.3,0,NONE,0,0,0,0,0,2147483647,2147483647,game_pid=-1 child_num=0 ui_assist_num=0,0,0
1786636128.293,250967.47,1152000,1152000,1152000,1152000,1152000,1152000,3283200,3283200,22.7,18.2,0.0,0.0,21.7,9.1,0.0,100.0,2918400,2918400,2918400,2918400,2918400,2918400,3283200,3283200,556800,2918400,1017600,3283200,7311,30423,pool-5-thread-1,5,26,38,18195,1,7,31037,/top-app,0-7,/top-app,0-7,0,466,0,466,63.3,53.2,63.3,47.1,30,40.1,34.5,0.3,0,NONE,0,0,0,0,0,2147483647,2147483647,game_pid=-1 child_num=0 ui_assist_num=0,0,0
1786636128.544,250967.71,1152000,1152000,1152000,1152000,1152000,1152000,3283200,3283200,22.7,8.7,0.0,0.0,8.3,4.3,0.0,100.0,2918400,2918400,2918400,2918400,2918400,2918400,3283200,3283200,556800,2918400,1017600,3283200,7311,30423,pool-5-thread-1,5,26,38,18195,1,7,31037,/top-app,0-7,/top-app,0-7,0,466,0,466,64.8,52.1,64.8,49.4,30,40.5,34.5,0.3,0,NONE,0,0,0,0,0,2147483647,2147483647,game_pid=-1 child_num=0 ui_assist_num=0,0,0
1786636128.765,250967.96,2918400,2918400,2918400,2918400,2918400,2918400,3283200,3283200,16.7,47.8,0.0,0.0,12.5,30.8,0.0,100.0,2918400,2918400,2918400,2918400,2918400,2918400,3283200,3283200,556800,2918400,1017600,3283200,7311,30423,pool-5-thread-1,5,26,38,18195,1,7,31037,/top-app,0-7,/top-app,0-7,0,466,0,466,55.2,50.5,55.2,50.5,30,40.1,34.5,0.3,0,NONE,0,0,0,0,0,2147483647,2147483647,game_pid=-1 child_num=0 ui_assist_num=0,0,0
1786636128.990,250968.18,1996800,1996800,1996800,1996800,1996800,1996800,3283200,3283200,23.8,21.7,0.0,0.0,4.8,10.0,0.0,100.0,2918400,2918400,2918400,2918400,2918400,2918400,3283200,3283200,556800,2918400,1017600,3283200,7311,30423,pool-5-thread-1,5,26,38,18195,1,7,31037,/top-app,0-7,/top-app,0-7,0,466,0,466,64.5,52.9,64.5,47.8,30,40.5,34.5,0.3,0,NONE,0,0,0,0,0,2147483647,2147483647,game_pid=-1 child_num=0 ui_assist_num=0,0,0
1786636129.480,250968.41,1152000,1152000,1152000,1152000,1152000,1152000,3283200,3283200,10.0,4.8,0.0,0.0,0.0,8.3,0.0,100.0,2918400,2918400,2918400,2918400,2918400,2918400,3283200,3283200,556800,2918400,1017600,3283200,7311,30423,pool-5-thread-1,5,26,38,18195,1,7,31037,/top-app,0-7,/top-app,0-7,0,466,0,466,66.0,54.0,66.0,47.8,30,40.5,34.5,0.3,0,NONE,0,0,0,0,0,2147483647,2147483647,game_pid=-1 child_num=0 ui_assist_num=0,0,0
1786636129.480,250968.65,1152000,1152000,1152000,1152000,1152000,1152000,3283200,3283200,23.8,13.0,8.7,0.0,20.8,16.7,0.0,100.0,2918400,2918400,2918400,2918400,2918400,2918400,3283200,3283200,556800,2918400,1017600,3283200,7311,30423,pool-5-thread-1,5,26,38,18195,1,7,31037,/top-app,0-7,/top-app,0-7,0,466,0,466,60.6,51.7,60.6,47.8,30,40.1,34.5,0.3,0,NONE,0,0,0,0,0,2147483647,2147483647,game_pid=-1 child_num=0 ui_assist_num=0,0,0
1786636129.730,250968.88,1152000,1152000,1152000,1152000,1152000,1152000,3283200,3283200,17.4,9.1,0.0,0.0,4.3,4.5,0.0,100.0,2918400,2918400,2918400,2918400,2918400,2918400,3283200,3283200,556800,2918400,1017600,3283200,7311,30423,pool-5-thread-1,5,26,38,18195,1,7,31037,/top-app,0-7,/top-app,0-7,0,466,0,466,64.5,54.0,64.5,48.2,30,40.5,34.5,0.3,0,NONE,0,0,0,0,0,2147483647,2147483647,game_pid=-1 child_num=0 ui_assist_num=0,0,0
1786636129.965,250969.15,1152000,1152000,1152000,1152000,1152000,1152000,3283200,3283200,20.8,16.0,0.0,0.0,12.0,14.8,0.0,100.0,2918400,2918400,2918400,2918400,2918400,2918400,3283200,3283200,556800,2918400,1017600,3283200,7311,30423,pool-5-thread-1,5,26,38,18195,1,7,31037,/top-app,0-7,/top-app,0-7,0,466,0,466,60.6,52.5,60.6,48.6,30,41.3,34.5,0.3,0,NONE,0,0,0,0,0,2147483647,2147483647,game_pid=-1 child_num=0 ui_assist_num=0,0,0
1786636130.201,250969.38,1152000,1152000,1152000,1152000,1152000,1152000,3283200,3283200,10.0,8.7,0.0,0.0,13.0,0.0,0.0,100.0,2918400,2918400,2918400,2918400,2918400,2918400,3283200,3283200,556800,2918400,1017600,3283200,7311,30423,pool-5-thread-1,5,26,38,18195,1,7,31037,/top-app,0-7,/top-app,0-7,0,466,0,466,61.4,51.3,61.4,46.7,30,41.3,34.5,0.3,0,NONE,0,0,0,0,0,2147483647,2147483647,game_pid=-1 child_num=0 ui_assist_num=0,0,0
1786636130.434,250969.62,1152000,1152000,1152000,1152000,1152000,1152000,3283200,3283200,20.0,13.0,0.0,0.0,16.7,20.0,0.0,100.0,2918400,2918400,2918400,2918400,2918400,2918400,3283200,3283200,556800,2918400,1017600,3283200,7311,30423,pool-5-thread-1,5,26,38,18195,1,7,31037,/top-app,0-7,/top-app,0-7,0,466,0,466,65.2,53.6,65.2,48.2,30,41.3,34.5,0.3,0,NONE,0,0,0,0,0,2147483647,2147483647,game_pid=-1 child_num=0 ui_assist_num=0,0,0
1786636130.663,250969.85,1152000,1152000,1152000,1152000,1152000,1152000,3283200,3283200,14.3,0.0,0.0,0.0,8.3,9.1,0.0,100.0,2918400,2918400,2918400,2918400,2918400,2918400,3283200,3283200,556800,2918400,1017600,3283200,7311,30423,pool-5-thread-1,5,26,38,18195,1,7,31037,/top-app,0-7,/top-app,0-7,0,466,0,466,61.4,52.9,61.4,49.0,30,41.3,34.5,0.3,0,NONE,0,0,0,0,0,2147483647,2147483647,game_pid=-1 child_num=0 ui_assist_num=0,0,0
1786636130.914,250970.08,1152000,1152000,1152000,1152000,1152000,1152000,3283200,3283200,20.8,8.7,0.0,0.0,0.0,8.7,0.0,100.0,2918400,2918400,2918400,2918400,2918400,2918400,3283200,3283200,556800,2918400,1017600,3283200,7311,30423,pool-5-thread-1,5,26,38,18195,1,7,31037,/top-app,0-7,/top-app,0-7,0,466,0,466,65.2,54.0,65.2,48.6,30,40.9,34.5,0.3,0,NONE,0,0,0,0,0,2147483647,2147483647,game_pid=-1 child_num=0 ui_assist_num=0,0,0
1786636131.151,250970.33,1152000,1152000,1152000,1152000,1152000,1152000,3283200,3283200,20.8,12.0,0.0,0.0,4.2,8.3,0.0,100.0,2918400,2918400,2918400,2918400,2918400,2918400,3283200,3283200,556800,2918400,1017600,3283200,7311,30423,pool-5-thread-1,5,26,38,18195,1,7,31037,/top-app,0-7,/top-app,0-7,0,466,0,466,64.8,54.8,64.8,49.0,30,41.3,34.5,0.3,0,NONE,0,0,0,0,0,2147483647,2147483647,game_pid=-1 child_num=0 ui_assist_num=0,0,0
1786636131.384,250970.57,1152000,1152000,1152000,1152000,1152000,1152000,3283200,3283200,28.6,21.7,0.0,0.0,29.6,29.2,0.0,100.0,2918400,2918400,2918400,2918400,2918400,2918400,3283200,3283200,556800,2918400,1017600,3283200,7311,30423,pool-5-thread-1,5,26,38,18195,1,7,31037,/top-app,0-7,/top-app,0-7,0,466,0,466,62.1,53.2,62.1,49.4,30,41.7,34.5,0.3,0,NONE,0,0,0,0,0,2147483647,2147483647,game_pid=-1 child_num=0 ui_assist_num=0,0,0
1786636131.620,250970.80,1152000,1152000,1152000,1152000,1152000,1152000,3283200,3283200,10.0,9.1,0.0,0.0,4.5,9.1,0.0,100.0,2918400,2918400,2918400,2918400,2918400,2918400,3283200,3283200,556800,2918400,1017600,3283200,7311,30423,pool-5-thread-1,5,26,38,18195,1,7,31037,/top-app,0-7,/top-app,0-7,0,466,0,466,64.1,53.2,64.1,47.8,30,41.3,34.5,0.3,0,NONE,0,0,0,0,0,2147483647,2147483647,game_pid=-1 child_num=0 ui_assist_num=0,0,0
1786636131.859,250971.04,1152000,1152000,1152000,1152000,1152000,1152000,3283200,3283200,14.3,4.3,0.0,0.0,12.5,12.0,0.0,100.0,2918400,2918400,2918400,2918400,2918400,2918400,3283200,3283200,556800,2918400,1017600,3283200,7311,30423,pool-5-thread-1,5,26,38,18195,1,7,31037,/top-app,0-7,/top-app,0-7,0,466,0,466,66.4,54.8,66.4,48.2,30,41.3,34.5,0.3,0,NONE,0,0,0,0,0,2147483647,2147483647,game_pid=-1 child_num=0 ui_assist_num=0,0,0
1786636132.335,250971.28,1152000,1152000,1152000,1152000,1152000,1152000,3283200,3283200,21.7,8.7,0.0,4.3,8.0,0.0,0.0,100.0,2918400,2918400,2918400,2918400,2918400,2918400,3283200,3283200,556800,2918400,1017600,3283200,7311,30423,pool-5-thread-1,5,26,38,18195,1,7,31037,/top-app,0-7,/top-app,0-7,0,466,0,466,62.1,53.2,62.1,50.2,30,41.3,34.5,0.3,0,NONE,0,0,0,0,0,2147483647,2147483647,game_pid=-1 child_num=0 ui_assist_num=0,0,0
1786636132.343,250971.52,1152000,1152000,1152000,1152000,1152000,1152000,3283200,3283200,14.3,12.0,0.0,0.0,4.3,8.7,0.0,100.0,2918400,2918400,2918400,2918400,2918400,2918400,3283200,3283200,556800,2918400,1017600,3283200,7311,30423,pool-5-thread-1,5,26,38,18195,1,7,31037,/top-app,0-7,/top-app,0-7,0,466,0,466,65.2,55.2,65.2,50.2,30,41.7,34.5,0.3,0,NONE,0,0,0,0,0,2147483647,2147483647,game_pid=-1 child_num=0 ui_assist_num=0,0,0
1786636132.572,250971.76,1152000,1152000,1152000,1152000,1152000,1152000,3283200,3283200,27.3,4.5,0.0,0.0,8.7,20.8,0.0,100.0,2918400,2918400,2918400,2918400,2918400,2918400,3283200,3283200,556800,2918400,1017600,3283200,7311,30423,pool-5-thread-1,5,26,38,18195,1,7,31037,/top-app,0-7,/top-app,0-7,0,466,0,466,62.1,53.2,62.1,49.8,30,41.7,34.5,0.3,0,NONE,0,0,0,0,0,2147483647,2147483647,game_pid=-1 child_num=0 ui_assist_num=0,0,0
1786636132.800,250971.99,1152000,1152000,1152000,1152000,1152000,1152000,3283200,3283200,14.3,9.1,0.0,0.0,4.3,4.5,0.0,100.0,2918400,2918400,2918400,2918400,2918400,2918400,3283200,3283200,556800,2918400,1017600,3283200,7311,30423,pool-5-thread-1,5,26,38,18195,1,7,31037,/top-app,0-7,/top-app,0-7,0,466,0,466,54.4,50.5,54.4,48.6,30,41.7,34.5,0.3,0,NONE,0,0,0,0,0,2147483647,2147483647,game_pid=-1 child_num=0 ui_assist_num=0,0,0
1786636133.041,250972.21,556800,556800,556800,748800,748800,748800,1017600,1017600,45.5,22.7,0.0,0.0,17.4,21.7,0.0,47.8,2918400,2918400,2918400,2918400,2918400,2918400,3283200,3283200,556800,2918400,1017600,3283200,7311,30423,pool-5-thread-1,5,26,38,18195,0,NA,31037,/top-app,0-7,/top-app,0-7,0,466,0,466,45.1,45.1,45.1,47.1,30,41.7,34.5,0.3,0,NONE,0,0,0,0,0,2147483647,2147483647,game_pid=-1 child_num=0 ui_assist_num=0,0,0
1786636133.315,250972.46,556800,556800,556800,556800,556800,556800,1017600,1017600,52.2,33.3,4.2,0.0,28.0,30.8,0.0,0.0,2918400,2918400,2918400,2918400,2918400,2918400,3283200,3283200,556800,2918400,1017600,3283200,7311,30423,pool-5-thread-1,5,26,38,18195,0,NA,31037,/top-app,0-7,/top-app,0-7,0,466,0,466,43.6,43.6,43.6,47.1,30,41.3,34.5,0.3,0,NONE,0,0,0,0,0,2147483647,2147483647,game_pid=-1 child_num=0 ui_assist_num=0,0,0
1786636133.569,250972.73,556800,556800,556800,556800,556800,556800,1017600,1017600,53.6,39.3,33.3,28.6,36.7,42.9,0.0,0.0,2918400,2918400,2918400,2918400,2918400,2918400,3283200,3283200,556800,2918400,1017600,3283200,7311,30423,pool-5-thread-1,5,26,38,18195,0,NA,31037,/top-app,0-7,/top-app,0-7,0,466,0,466,42.8,42.8,42.8,44.8,30,41.3,34.5,0.3,0,NONE,0,0,0,0,0,2147483647,2147483647,game_pid=-1 child_num=0 ui_assist_num=0,0,0
1786636133.836,250972.99,556800,556800,556800,556800,556800,556800,1017600,1017600,45.8,24.0,4.0,11.1,26.9,32.0,0.0,0.0,2918400,2918400,2918400,2918400,2918400,2918400,3283200,3283200,556800,2918400,1017600,3283200,7311,30423,pool-5-thread-1,5,26,38,18195,0,NA,31037,/top-app,0-7,/top-app,0-7,0,466,0,466,42.0,42.0,41.7,43.2,30,40.9,34.5,0.3,0,NONE,0,0,0,0,0,2147483647,2147483647,game_pid=-1 child_num=0 ui_assist_num=0,0,0
1786636134.098,250973.26,556800,556800,556800,556800,556800,556800,1017600,1017600,37.0,16.0,0.0,0.0,25.9,26.9,0.0,0.0,2918400,2918400,2918400,2918400,2918400,2918400,3283200,3283200,556800,2918400,1017600,3283200,7311,30423,pool-5-thread-1,5,26,38,18195,0,NA,31037,/top-app,0-7,/top-app,0-7,0,466,0,466,41.7,41.7,41.7,42.8,30,40.1,34.5,0.3,0,NONE,0,0,0,0,0,2147483647,2147483647,game_pid=-1 child_num=0 ui_assist_num=0,0,0
1786636134.365,250973.51,556800,556800,556800,556800,556800,556800,1017600,1017600,44.4,38.7,0.0,3.8,23.1,32.1,0.0,0.0,2918400,2918400,2918400,2918400,2918400,2918400,3283200,3283200,556800,2918400,1017600,3283200,7311,30423,pool-5-thread-1,5,26,38,18195,0,NA,31037,/top-app,0-7,/top-app,0-7,0,466,0,466,41.3,41.3,41.3,42.4,30,40.5,34.5,0.3,0,NONE,0,0,0,0,0,2147483647,2147483647,game_pid=-1 child_num=0 ui_assist_num=0,0,0
1786636134.659,250973.79,556800,556800,556800,556800,556800,556800,1017600,1017600,51.5,33.3,7.1,3.7,37.0,11.1,0.0,0.0,2918400,2918400,2918400,2918400,2918400,2918400,3283200,3283200,556800,2918400,1017600,3283200,7311,30423,pool-5-thread-1,5,26,38,18195,0,NA,31037,/top-app,0-7,/top-app,0-7,0,466,0,466,41.3,40.9,41.3,42.8,30,40.1,34.5,0.3,0,NONE,0,0,0,0,0,2147483647,2147483647,game_pid=-1 child_num=0 ui_assist_num=0,0,0
1786636135.020,250974.08,556800,556800,556800,556800,556800,556800,1017600,1017600,45.2,31.4,0.0,0.0,7.1,25.8,0.0,0.0,2918400,2918400,2918400,2918400,2918400,2918400,3283200,3283200,556800,2918400,1017600,3283200,7311,30423,pool-5-thread-1,5,26,38,18195,0,NA,31037,/top-app,0-7,/top-app,0-7,0,466,0,466,40.5,40.5,40.5,41.3,30,39.7,34.5,0.3,0,NONE,0,0,0,0,0,2147483647,2147483647,game_pid=-1 child_num=0 ui_assist_num=0,0,0
1786636135.194,250974.35,556800,556800,556800,556800,556800,556800,1017600,1017600,52.9,45.9,0.0,0.0,14.3,17.9,0.0,0.0,2918400,2918400,2918400,2918400,2918400,2918400,3283200,3283200,556800,2918400,1017600,3283200,7311,30423,pool-5-thread-1,5,26,38,18195,0,NA,31037,/top-app,0-7,/top-app,0-7,0,466,0,466,40.1,40.1,40.1,42.0,30,39.7,34.5,0.3,0,NONE,0,0,0,0,0,2147483647,2147483647,game_pid=-1 child_num=0 ui_assist_num=0,0,0
1786636135.450,250974.61,556800,556800,556800,556800,556800,556800,1017600,1017600,55.2,45.2,0.0,7.4,29.6,29.6,0.0,0.0,2918400,2918400,2918400,2918400,2918400,2918400,3283200,3283200,556800,2918400,1017600,3283200,7311,30423,pool-5-thread-1,5,26,38,18195,0,NA,31037,/top-app,0-7,/top-app,0-7,0,466,0,466,40.5,40.1,40.5,41.7,30,39.3,34.5,0.3,0,NONE,0,0,0,0,0,2147483647,2147483647,game_pid=-1 child_num=0 ui_assist_num=0,0,0
1786636135.700,250974.87,556800,556800,556800,556800,556800,556800,1017600,1017600,50.0,42.4,0.0,4.0,15.4,25.0,0.0,0.0,2918400,2918400,2918400,2918400,2918400,2918400,3283200,3283200,556800,2918400,1017600,3283200,7311,30423,pool-5-thread-1,5,26,38,18195,0,NA,31037,/top-app,0-7,/top-app,0-7,0,466,0,466,40.1,40.1,40.1,42.4,30,39.3,34.5,0.3,0,NONE,0,0,0,0,0,2147483647,2147483647,game_pid=-1 child_num=0 ui_assist_num=0,0,0
1786636136.002,250975.12,556800,556800,556800,556800,556800,556800,1017600,1017600,50.0,39.3,0.0,0.0,16.0,29.6,0.0,0.0,2918400,2918400,2918400,2918400,2918400,2918400,3283200,3283200,556800,2918400,1017600,3283200,7311,30423,pool-5-thread-1,5,26,38,18195,0,NA,31037,/top-app,0-7,/top-app,0-7,0,466,0,466,40.1,40.1,40.1,41.7,30,39.7,34.5,0.3,0,NONE,0,0,0,0,0,2147483647,2147483647,game_pid=-1 child_num=0 ui_assist_num=0,0,0
1786636136.588,250975.42,556800,556800,556800,556800,556800,556800,1017600,1017600,54.1,39.5,0.0,3.2,25.8,29.0,0.0,0.0,2918400,2918400,2918400,2918400,2918400,2918400,3283200,3283200,556800,2918400,1017600,3283200,7311,30423,pool-5-thread-1,5,26,38,18195,0,NA,31037,/top-app,0-7,/top-app,0-7,0,466,0,466,40.1,40.1,39.7,40.9,30,39.3,34.5,0.3,0,NONE,0,0,0,0,0,2147483647,2147483647,game_pid=-1 child_num=0 ui_assist_num=0,0,0
1786636136.589,250975.70,556800,556800,556800,556800,556800,556800,1017600,1017600,58.8,38.2,17.2,0.0,11.1,7.4,0.0,0.0,2918400,2918400,2918400,2918400,2918400,2918400,3283200,3283200,556800,2918400,1017600,3283200,7311,30423,pool-5-thread-1,5,26,38,18195,0,NA,31037,/top-app,0-7,/top-app,0-7,0,466,0,466,40.1,39.7,40.1,40.9,30,39.3,34.5,0.3,0,NONE,0,0,0,0,0,2147483647,2147483647,game_pid=-1 child_num=0 ui_assist_num=0,0,0
1786636136.824,250975.96,556800,556800,556800,556800,556800,556800,1017600,1017600,60.7,41.4,7.7,11.1,44.4,22.2,0.0,0.0,2918400,2918400,2918400,2918400,2918400,2918400,3283200,3283200,556800,2918400,1017600,3283200,7311,30423,pool-5-thread-1,5,26,38,18195,0,NA,31037,/top-app,0-7,/top-app,0-7,0,466,0,466,39.7,39.7,39.7,40.5,30,39.3,34.5,0.3,0,NONE,0,0,0,0,0,2147483647,2147483647,game_pid=-1 child_num=0 ui_assist_num=0,0,0
1786636137.072,250976.25,2400000,2400000,2400000,2400000,2400000,2400000,1017600,1017600,54.3,38.2,13.8,0.0,24.1,35.5,0.0,0.0,2918400,2918400,2918400,2918400,2918400,2918400,3283200,3283200,556800,2918400,1017600,3283200,7311,30423,pool-5-thread-1,5,26,38,18195,0,NA,31037,/top-app,0-7,/top-app,0-7,0,466,0,466,40.5,40.5,40.5,41.7,30,39.0,34.5,0.3,0,NONE,0,0,0,0,0,2147483647,2147483647,game_pid=-1 child_num=0 ui_assist_num=0,0,0
1786636137.360,250976.49,556800,556800,556800,556800,556800,556800,1017600,1017600,57.7,50.0,0.0,0.0,32.0,32.0,4.2,0.0,2918400,2918400,2918400,2918400,2918400,2918400,3283200,3283200,556800,2918400,1017600,3283200,7311,30423,pool-5-thread-1,5,26,38,18195,0,NA,31037,/top-app,0-7,/top-app,0-7,0,466,0,466,39.7,39.7,39.7,42.0,30,39.0,34.5,0.3,0,NONE,0,0,0,0,0,2147483647,2147483647,game_pid=-1 child_num=0 ui_assist_num=0,0,0
1786636137.619,250976.78,556800,556800,556800,556800,556800,556800,1017600,1017600,55.9,48.5,0.0,6.9,25.0,29.6,0.0,0.0,2918400,2918400,2918400,2918400,2918400,2918400,3283200,3283200,556800,2918400,1017600,3283200,7311,30423,pool-5-thread-1,5,26,38,18195,0,NA,31037,/top-app,0-7,/top-app,0-7,0,466,0,466,39.7,39.7,39.7,40.9,30,39.0,34.5,0.3,0,NONE,0,0,0,0,0,2147483647,2147483647,game_pid=-1 child_num=0 ui_assist_num=0,0,0
1786636137.895,250977.04,556800,556800,556800,556800,556800,556800,1017600,1017600,59.4,41.4,0.0,11.1,37.9,32.1,0.0,0.0,2918400,2918400,2918400,2918400,2918400,2918400,3283200,3283200,556800,2918400,1017600,3283200,7311,30423,pool-5-thread-1,5,26,38,18195,0,NA,31037,/top-app,0-7,/top-app,0-7,0,466,0,466,39.3,39.3,39.3,40.5,30,39.0,34.5,0.3,0,NONE,0,0,0,0,0,2147483647,2147483647,game_pid=-1 child_num=0 ui_assist_num=0,0,0
1786636138.121,250977.31,960000,960000,960000,960000,960000,2745600,1017600,1017600,44.4,42.3,3.6,0.0,36.0,44.8,0.0,0.0,2918400,2918400,2918400,2918400,2918400,2918400,3283200,3283200,556800,2918400,1017600,3283200,7311,30423,pool-5-thread-1,5,26,38,18195,1,1,31037,/top-app,0-7,/top-app,0-7,0,466,0,466,40.5,39.7,40.5,44.4,30,39.0,34.5,0.3,0,NONE,0,0,0,0,0,2147483647,2147483647,game_pid=-1 child_num=0 ui_assist_num=0,0,0
1786636138.348,250977.53,2400000,2400000,2400000,2400000,2400000,2400000,1017600,1017600,47.8,25.0,0.0,0.0,39.1,36.4,0.0,0.0,2918400,2918400,2918400,2918400,2918400,2918400,3283200,3283200,556800,2918400,1017600,3283200,7311,30423,pool-5-thread-1,5,26,38,18195,1,1,31037,/top-app,0-7,/top-app,0-7,0,466,0,466,40.5,40.5,40.5,44.8,30,39.0,34.5,0.3,0,NONE,0,0,0,0,0,2147483647,2147483647,game_pid=-1 child_num=0 ui_assist_num=0,0,0
1786636138.594,250977.76,2745600,2745600,2745600,2745600,2745600,2745600,1017600,1017600,39.1,36.4,0.0,0.0,39.1,34.8,0.0,0.0,2918400,2918400,2918400,2918400,2918400,2918400,3283200,3283200,556800,2918400,1017600,3283200,7311,30423,pool-5-thread-1,5,26,38,18195,1,1,31037,/top-app,0-7,/top-app,0-7,0,466,0,466,41.3,40.5,41.3,45.5,30,39.3,34.5,0.3,0,NONE,0,0,0,0,0,2147483647,2147483647,game_pid=-1 child_num=0 ui_assist_num=0,0,0
1786636138.820,250978.01,2745600,2745600,2745600,2745600,2745600,2745600,1017600,1017600,41.7,37.5,0.0,0.0,37.5,50.0,0.0,0.0,2918400,2918400,2918400,2918400,2918400,2918400,3283200,3283200,556800,2918400,1017600,3283200,7311,30423,pool-5-thread-1,5,26,38,18195,1,0,31037,/top-app,0-7,/top-app,0-7,0,466,0,466,41.3,40.9,41.3,44.8,30,39.0,34.5,0.3,0,NONE,0,0,0,0,0,2147483647,2147483647,game_pid=-1 child_num=0 ui_assist_num=0,0,0
1786636139.055,250978.24,1363200,1363200,1363200,1363200,1363200,1363200,1017600,1017600,31.8,28.6,0.0,0.0,52.2,31.8,0.0,0.0,2918400,2918400,2918400,2918400,2918400,2918400,3283200,3283200,556800,2918400,1017600,3283200,7311,30423,pool-5-thread-1,5,26,38,18195,1,1,31037,/top-app,0-7,/top-app,0-7,0,466,0,466,40.9,40.9,40.9,45.1,30,39.0,34.5,0.3,0,NONE,0,0,0,0,0,2147483647,2147483647,game_pid=-1 child_num=0 ui_assist_num=0,0,0
1786636139.279,250978.47,2745600,2745600,2745600,2745600,2745600,2745600,1017600,1017600,34.8,29.2,0.0,0.0,36.4,47.6,0.0,0.0,2918400,2918400,2918400,2918400,2918400,2918400,3283200,3283200,556800,2918400,1017600,3283200,7311,30423,pool-5-thread-1,5,26,38,18195,1,1,31037,/top-app,0-7,/top-app,0-7,0,466,0,466,41.3,40.9,41.3,45.9,30,39.3,34.5,0.3,0,NONE,0,0,0,0,0,2147483647,2147483647,game_pid=-1 child_num=0 ui_assist_num=0,0,0
1786636139.503,250978.69,2745600,2745600,2745600,2745600,2745600,2745600,1017600,1017600,36.4,40.9,0.0,0.0,39.1,39.1,0.0,0.0,2918400,2918400,2918400,2918400,2918400,2918400,3283200,3283200,556800,2918400,1017600,3283200,7311,30423,pool-5-thread-1,5,26,38,18195,1,1,31037,/top-app,0-7,/top-app,0-7,0,466,0,466,41.7,40.9,41.7,45.5,30,39.3,34.5,0.3,0,NONE,0,0,0,0,0,2147483647,2147483647,game_pid=-1 child_num=0 ui_assist_num=0,0,0
1786636139.752,250978.92,2745600,2745600,2745600,2745600,2745600,2745600,1017600,1017600,38.1,50.0,0.0,0.0,36.4,43.5,0.0,0.0,2918400,2918400,2918400,2918400,2918400,2918400,3283200,3283200,556800,2918400,1017600,3283200,7311,30423,pool-5-thread-1,5,26,38,18195,1,1,31037,/top-app,0-7,/top-app,0-7,0,466,0,466,41.7,40.9,41.7,47.1,30,39.3,34.5,0.3,0,NONE,0,0,0,0,0,2147483647,2147483647,game_pid=-1 child_num=0 ui_assist_num=0,0,0
1786636139.974,250979.16,2745600,2745600,2745600,2745600,2745600,2745600,1017600,1017600,33.3,34.8,0.0,0.0,45.8,27.3,0.0,0.0,2918400,2918400,2918400,2918400,2918400,2918400,3283200,3283200,556800,2918400,1017600,3283200,7311,30423,pool-5-thread-1,5,26,38,18195,1,4,31037,/top-app,0-7,/top-app,0-7,0,466,0,466,41.7,41.3,41.7,47.1,30,39.3,34.5,0.3,0,NONE,0,0,0,0,0,2147483647,2147483647,game_pid=-1 child_num=0 ui_assist_num=0,0,0
1786636140.199,250979.39,2745600,2745600,2745600,2745600,2745600,2745600,1017600,1017600,28.6,35.0,0.0,0.0,43.5,40.0,0.0,0.0,2918400,2918400,2918400,2918400,2918400,2918400,3283200,3283200,556800,2918400,1017600,3283200,7311,30423,pool-5-thread-1,5,26,38,18195,1,4,31037,/top-app,0-7,/top-app,0-7,0,466,0,466,42.0,41.3,42.0,47.1,30,39.7,34.5,0.3,0,NONE,0,0,0,0,0,2147483647,2147483647,game_pid=-1 child_num=0 ui_assist_num=0,0,0
1786636140.432,250979.61,2745600,2745600,2745600,2745600,2745600,2745600,1017600,1017600,43.5,37.5,0.0,0.0,40.9,36.4,0.0,0.0,2918400,2918400,2918400,2918400,2918400,2918400,3283200,3283200,556800,2918400,1017600,3283200,7311,30423,pool-5-thread-1,5,26,38,18195,1,4,31037,/top-app,0-7,/top-app,0-7,0,466,0,466,42.0,41.3,42.0,45.1,30,39.3,34.5,0.3,0,NONE,0,0,0,0,0,2147483647,2147483647,game_pid=-1 child_num=0 ui_assist_num=0,0,0
1786636140.657,250979.85,2745600,2745600,2745600,2745600,2745600,2745600,1017600,1017600,21.7,36.4,0.0,0.0,36.4,34.8,0.0,0.0,2918400,2918400,2918400,2918400,2918400,2918400,3283200,3283200,556800,2918400,1017600,3283200,7311,30423,pool-5-thread-1,5,26,38,18195,1,4,31037,/top-app,0-7,/top-app,0-7,0,466,0,466,41.7,41.3,41.7,46.7,30,39.3,34.5,0.3,0,NONE,0,0,0,0,0,2147483647,2147483647,game_pid=-1 child_num=0 ui_assist_num=0,0,0
1786636140.919,250980.07,556800,556800,556800,556800,556800,556800,1017600,1017600,23.8,31.8,4.3,0.0,63.6,22.7,0.0,0.0,2918400,2918400,2918400,2918400,2918400,2918400,3283200,3283200,556800,2918400,1017600,3283200,7311,30423,pool-5-thread-1,5,26,38,18195,1,1,31037,/top-app,0-7,/top-app,0-7,0,466,0,466,42.0,41.3,42.0,47.1,30,39.7,34.5,0.3,0,NONE,0,0,0,0,0,2147483647,2147483647,game_pid=-1 child_num=0 ui_assist_num=0,0,0
1786636141.144,250980.33,2745600,2745600,2745600,2745600,2745600,2745600,1017600,1017600,38.5,37.5,0.0,0.0,38.5,24.0,0.0,0.0,2918400,2918400,2918400,2918400,2918400,2918400,3283200,3283200,556800,2918400,1017600,3283200,7311,30423,pool-5-thread-1,5,26,38,18195,1,5,31037,/top-app,0-7,/top-app,0-7,0,466,0,466,41.7,41.3,41.7,46.7,30,39.7,34.5,0.3,0,NONE,0,0,0,0,0,2147483647,2147483647,game_pid=-1 child_num=0 ui_assist_num=0,0,0
1786636141.369,250980.56,2745600,2745600,2745600,2745600,2745600,2745600,1017600,1017600,47.8,28.6,0.0,0.0,31.8,36.4,0.0,0.0,2918400,2918400,2918400,2918400,2918400,2918400,3283200,3283200,556800,2918400,1017600,3283200,7311,30423,pool-5-thread-1,5,26,38,18195,1,4,31037,/top-app,0-7,/top-app,0-7,0,466,0,466,41.7,41.3,41.7,46.7,30,39.7,34.5,0.3,0,NONE,0,0,0,0,0,2147483647,2147483647,game_pid=-1 child_num=0 ui_assist_num=0,0,0
1786636141.613,250980.78,2745600,2745600,2745600,2745600,2745600,2745600,1017600,1017600,30.4,19.0,0.0,8.7,25.0,52.4,0.0,0.0,2918400,2918400,2918400,2918400,2918400,2918400,3283200,3283200,556800,2918400,1017600,3283200,7311,30423,pool-5-thread-1,5,26,38,18195,1,4,31037,/top-app,0-7,/top-app,0-7,0,466,0,466,41.7,41.3,41.7,44.4,30,39.3,34.5,0.3,0,NONE,0,0,0,0,0,2147483647,2147483647,game_pid=-1 child_num=0 ui_assist_num=0,0,0
1786636141.844,250981.03,1785600,1785600,1785600,1785600,1785600,1785600,1017600,1017600,37.5,46.2,0.0,0.0,39.1,52.0,0.0,0.0,2918400,2918400,2918400,2918400,2918400,2918400,3283200,3283200,556800,2918400,1017600,3283200,7311,30423,pool-5-thread-1,5,26,38,18195,1,5,31037,/top-app,0-7,/top-app,0-7,0,466,0,466,42.0,41.3,42.0,45.1,30,39.3,34.5,0.3,0,NONE,0,0,0,0,0,2147483647,2147483647,game_pid=-1 child_num=0 ui_assist_num=0,0,0
1786636142.091,250981.26,2745600,2745600,2745600,2745600,2745600,2745600,1017600,1017600,22.7,40.9,0.0,0.0,40.9,23.8,0.0,0.0,2918400,2918400,2918400,2918400,2918400,2918400,3283200,3283200,556800,2918400,1017600,3283200,7311,30423,pool-5-thread-1,5,26,38,18195,1,4,31037,/top-app,0-7,/top-app,0-7,0,466,0,466,42.0,41.3,42.0,47.1,30,39.7,34.5,0.3,0,NONE,0,0,0,0,0,2147483647,2147483647,game_pid=-1 child_num=0 ui_assist_num=0,0,0
1786636142.315,250981.50,2745600,2745600,2745600,2745600,2745600,2745600,1017600,1017600,30.4,54.5,0.0,0.0,36.0,38.5,0.0,0.0,2918400,2918400,2918400,2918400,2918400,2918400,3283200,3283200,556800,2918400,1017600,3283200,7311,30423,pool-5-thread-1,5,26,38,18195,1,0,31037,/top-app,0-7,/top-app,0-7,0,466,0,466,42.4,41.7,42.4,47.1,30,39.3,34.5,0.3,0,NONE,0,0,0,0,0,2147483647,2147483647,game_pid=-1 child_num=0 ui_assist_num=0,0,0
1786636142.538,250981.73,2745600,2745600,2745600,2745600,2745600,2745600,1017600,1017600,28.6,38.1,0.0,0.0,25.0,31.8,0.0,0.0,2918400,2918400,2918400,2918400,2918400,2918400,3283200,3283200,556800,2918400,1017600,3283200,7311,30423,pool-5-thread-1,5,26,38,18195,1,0,31037,/top-app,0-7,/top-app,0-7,0,466,0,466,42.0,41.3,42.0,46.3,30,39.3,34.5,0.3,0,NONE,0,0,0,0,0,2147483647,2147483647,game_pid=-1 child_num=0 ui_assist_num=0,0,0
1786636142.761,250981.95,2745600,2745600,2745600,2745600,2745600,2745600,1017600,1017600,36.4,42.9,0.0,0.0,22.7,36.4,0.0,0.0,2918400,2918400,2918400,2918400,2918400,2918400,3283200,3283200,556800,2918400,1017600,3283200,7311,30423,pool-5-thread-1,5,26,38,18195,1,4,31037,/top-app,0-7,/top-app,0-7,0,466,0,466,42.4,41.7,42.4,47.1,30,39.3,34.5,0.3,0,NONE,0,0,0,0,0,2147483647,2147483647,game_pid=-1 child_num=0 ui_assist_num=0,0,0
1786636142.986,250982.18,2745600,2745600,2745600,2745600,2745600,2745600,1017600,1017600,27.3,31.8,0.0,0.0,45.5,28.6,0.0,0.0,2918400,2918400,2918400,2918400,2918400,2918400,3283200,3283200,556800,2918400,1017600,3283200,7311,30423,pool-5-thread-1,5,26,38,18195,1,0,31037,/top-app,0-7,/top-app,0-7,0,466,0,466,42.0,41.7,42.0,47.1,30,39.3,34.5,0.3,0,NONE,0,0,0,0,0,2147483647,2147483647,game_pid=-1 child_num=0 ui_assist_num=0,0,0
1786636143.230,250982.40,2745600,2745600,2745600,2745600,2745600,2745600,1017600,1017600,27.3,31.8,0.0,0.0,35.0,38.1,0.0,0.0,2918400,2918400,2918400,2918400,2918400,2918400,3283200,3283200,556800,2918400,1017600,3283200,7311,30423,pool-5-thread-1,5,26,38,18195,1,1,31037,/top-app,0-7,/top-app,0-7,0,466,0,466,42.0,41.7,42.0,47.1,30,39.7,34.5,0.3,0,NONE,0,0,0,0,0,2147483647,2147483647,game_pid=-1 child_num=0 ui_assist_num=0,0,0
1786636143.457,250982.64,2745600,2745600,2745600,2745600,2745600,2745600,1017600,1017600,39.1,48.0,0.0,0.0,32.0,50.0,0.0,0.0,2918400,2918400,2918400,2918400,2918400,2918400,3283200,3283200,556800,2918400,1017600,3283200,7311,30423,pool-5-thread-1,5,26,38,18195,1,1,31037,/top-app,0-7,/top-app,0-7,0,466,0,466,41.7,41.3,41.7,46.7,30,39.7,34.5,0.3,0,NONE,0,0,0,0,0,2147483647,2147483647,game_pid=-1 child_num=0 ui_assist_num=0,0,0
1786636143.681,250982.87,2745600,2745600,2745600,2745600,2745600,2745600,1017600,1017600,38.1,26.1,0.0,0.0,39.1,34.8,0.0,0.0,2918400,2918400,2918400,2918400,2918400,2918400,3283200,3283200,556800,2918400,1017600,3283200,7311,30423,pool-5-thread-1,5,26,38,18195,1,0,31037,/top-app,0-7,/top-app,0-7,0,466,0,466,42.0,41.3,42.0,46.7,30,39.7,34.5,0.3,0,NONE,0,0,0,0,0,2147483647,2147483647,game_pid=-1 child_num=0 ui_assist_num=0,0,0
1786636143.908,250983.10,2745600,2745600,2745600,2745600,2745600,2745600,1017600,1017600,47.8,28.6,0.0,0.0,45.0,40.9,0.0,0.0,2918400,2918400,2918400,2918400,2918400,2918400,3283200,3283200,556800,2918400,1017600,3283200,7311,30423,pool-5-thread-1,5,26,38,18195,1,4,31037,/top-app,0-7,/top-app,0-7,0,466,0,466,42.0,41.7,42.0,46.3,30,39.7,34.5,0.3,0,NONE,0,0,0,0,0,2147483647,2147483647,game_pid=-1 child_num=0 ui_assist_num=0,0,0
1786636144.134,250983.32,2745600,2745600,2745600,2745600,2745600,2745600,1017600,1017600,36.4,40.9,0.0,0.0,34.8,38.1,0.0,0.0,2918400,2918400,2918400,2918400,2918400,2918400,3283200,3283200,556800,2918400,1017600,3283200,7311,30423,pool-5-thread-1,5,26,38,18195,1,0,31037,/top-app,0-7,/top-app,0-7,0,466,0,466,41.7,41.7,41.7,46.3,30,39.3,34.5,0.3,0,NONE,0,0,0,0,0,2147483647,2147483647,game_pid=-1 child_num=0 ui_assist_num=0,0,0
1786636144.381,250983.55,2918400,2918400,2918400,2918400,2918400,2918400,1017600,1017600,52.2,34.8,0.0,0.0,33.3,36.4,0.0,0.0,2918400,2918400,2918400,2918400,2918400,2918400,3283200,3283200,556800,2918400,1017600,3283200,7311,30423,pool-5-thread-1,5,26,38,18195,1,4,31037,/top-app,0-7,/top-app,0-7,0,466,0,466,42.0,41.7,42.0,47.5,30,39.3,34.5,0.3,0,NONE,0,0,0,0,0,2147483647,2147483647,game_pid=-1 child_num=0 ui_assist_num=0,0,0
1786636144.605,250983.79,2745600,2745600,2745600,2745600,2745600,2745600,1017600,1017600,26.1,45.8,0.0,0.0,36.0,45.8,0.0,0.0,2918400,2918400,2918400,2918400,2918400,2918400,3283200,3283200,556800,2918400,1017600,3283200,7311,30423,pool-5-thread-1,5,26,38,18195,1,0,31037,/top-app,0-7,/top-app,0-7,0,466,0,466,42.0,41.7,42.0,47.1,30,39.3,34.5,0.3,0,NONE,0,0,0,0,0,2147483647,2147483647,game_pid=-1 child_num=0 ui_assist_num=0,0,0
1786636144.829,250984.02,2745600,2745600,2745600,2745600,2745600,2745600,1017600,1017600,31.8,43.5,0.0,0.0,40.0,31.8,0.0,0.0,2918400,2918400,2918400,2918400,2918400,2918400,3283200,3283200,556800,2918400,1017600,3283200,7311,30423,pool-5-thread-1,5,26,38,18195,1,4,31037,/top-app,0-7,/top-app,0-7,0,466,0,466,42.0,41.7,42.0,47.1,30,39.7,34.5,0.3,0,NONE,0,0,0,0,0,2147483647,2147483647,game_pid=-1 child_num=0 ui_assist_num=0,0,0
1786636145.054,250984.24,2745600,2745600,2745600,2745600,2745600,2745600,1017600,1017600,37.5,23.8,0.0,0.0,36.4,34.8,0.0,0.0,2918400,2918400,2918400,2918400,2918400,2918400,3283200,3283200,556800,2918400,1017600,3283200,7311,30423,pool-5-thread-1,5,26,38,18195,1,5,31037,/top-app,0-7,/top-app,0-7,0,466,0,466,41.7,41.7,41.7,46.7,30,39.7,34.5,0.3,0,NONE,0,0,0,0,0,2147483647,2147483647,game_pid=-1 child_num=0 ui_assist_num=0,0,0
1786636145.277,250984.47,2745600,2745600,2745600,2745600,2745600,2745600,1017600,1017600,35.0,38.1,0.0,0.0,27.3,36.4,0.0,0.0,2918400,2918400,2918400,2918400,2918400,2918400,3283200,3283200,556800,2918400,1017600,3283200,7311,30423,pool-5-thread-1,5,26,38,18195,1,5,31037,/top-app,0-7,/top-app,0-7,0,466,0,466,42.0,42.0,42.0,46.7,30,39.7,34.5,0.3,0,NONE,0,0,0,0,0,2147483647,2147483647,game_pid=-1 child_num=0 ui_assist_num=0,0,0
1786636145.524,250984.69,2745600,2745600,2745600,2745600,2745600,2745600,1017600,1017600,40.9,33.3,0.0,0.0,33.3,43.5,0.0,0.0,2918400,2918400,2918400,2918400,2918400,2918400,3283200,3283200,556800,2918400,1017600,3283200,7311,30423,pool-5-thread-1,5,26,38,18195,1,4,31037,/top-app,0-7,/top-app,0-7,0,466,0,466,42.4,41.7,42.4,47.1,30,39.7,34.5,0.3,0,NONE,0,0,0,0,0,2147483647,2147483647,game_pid=-1 child_num=0 ui_assist_num=0,0,0
1786636145.749,250984.94,2745600,2745600,2745600,2745600,2745600,2745600,1017600,1017600,33.3,37.5,0.0,0.0,33.3,43.5,0.0,0.0,2918400,2918400,2918400,2918400,2918400,2918400,3283200,3283200,556800,2918400,1017600,3283200,7311,30423,pool-5-thread-1,5,26,38,18195,1,1,31037,/top-app,0-7,/top-app,0-7,0,466,0,466,42.4,41.7,42.4,46.7,30,39.3,34.5,0.3,0,NONE,0,0,0,0,0,2147483647,2147483647,game_pid=-1 child_num=0 ui_assist_num=0,0,0
1786636145.973,250985.16,2745600,2745600,2745600,2745600,2745600,2745600,1017600,1017600,25.0,43.5,0.0,0.0,23.8,43.5,0.0,0.0,2918400,2918400,2918400,2918400,2918400,2918400,3283200,3283200,556800,2918400,1017600,3283200,7311,30423,pool-5-thread-1,5,26,38,18195,1,0,31037,/top-app,0-7,/top-app,0-7,0,466,0,466,42.0,41.7,42.0,46.7,30,39.7,34.5,0.3,0,NONE,0,0,0,0,0,2147483647,2147483647,game_pid=-1 child_num=0 ui_assist_num=0,0,0
1786636146.196,250985.39,2745600,2745600,2745600,2745600,2745600,2745600,1017600,1017600,36.4,45.5,0.0,0.0,45.5,33.3,0.0,0.0,2918400,2918400,2918400,2918400,2918400,2918400,3283200,3283200,556800,2918400,1017600,3283200,7311,30423,pool-5-thread-1,5,26,38,18195,1,4,31037,/top-app,0-7,/top-app,0-7,0,466,0,466,42.0,41.7,42.0,47.5,30,40.1,34.5,0.3,0,NONE,0,0,0,0,0,2147483647,2147483647,game_pid=-1 child_num=0 ui_assist_num=0,0,0
1786636146.421,250985.61,2745600,2745600,2745600,2745600,2745600,2745600,1017600,1017600,28.6,31.8,0.0,13.6,57.1,14.3,0.0,0.0,2918400,2918400,2918400,2918400,2918400,2918400,3283200,3283200,556800,2918400,1017600,3283200,7311,30423,pool-5-thread-1,5,26,38,18195,1,1,31037,/top-app,0-7,/top-app,0-7,0,466,0,466,42.0,41.7,42.0,46.7,30,39.7,34.5,0.3,0,NONE,0,0,0,0,0,2147483647,2147483647,game_pid=-1 child_num=0 ui_assist_num=0,0,0
1786636146.667,250985.83,2918400,2918400,2918400,2918400,2918400,2918400,1017600,1017600,40.9,31.8,0.0,0.0,28.6,22.7,0.0,0.0,2918400,2918400,2918400,2918400,2918400,2918400,3283200,3283200,556800,2918400,1017600,3283200,7311,30423,pool-5-thread-1,5,26,38,18195,1,0,31037,/top-app,0-7,/top-app,0-7,0,466,0,466,42.0,41.7,42.0,47.8,30,39.3,34.5,0.3,0,NONE,0,0,0,0,0,2147483647,2147483647,game_pid=-1 child_num=0 ui_assist_num=0,0,0
1786636146.889,250986.08,2745600,2745600,2745600,2745600,2745600,2745600,1017600,1017600,30.4,46.2,0.0,0.0,37.5,48.0,0.0,0.0,2918400,2918400,2918400,2918400,2918400,2918400,3283200,3283200,556800,2918400,1017600,3283200,7311,30423,pool-5-thread-1,5,26,38,18195,1,4,31037,/top-app,0-7,/top-app,0-7,0,466,0,466,42.4,42.0,42.4,47.5,30,39.7,34.5,0.3,0,NONE,0,0,0,0,0,2147483647,2147483647,game_pid=-1 child_num=0 ui_assist_num=0,0,0
1786636147.118,250986.30,2745600,2745600,2745600,2745600,2745600,2745600,1017600,1017600,27.3,38.1,0.0,0.0,31.8,36.4,0.0,0.0,2918400,2918400,2918400,2918400,2918400,2918400,3283200,3283200,556800,2918400,1017600,3283200,7311,30423,pool-5-thread-1,5,26,38,18195,1,0,31037,/top-app,0-7,/top-app,0-7,0,466,0,466,42.0,41.7,42.0,46.7,30,39.7,34.5,0.3,0,NONE,0,0,0,0,0,2147483647,2147483647,game_pid=-1 child_num=0 ui_assist_num=0,0,0
1786636147.342,250986.53,2745600,2745600,2745600,2745600,2745600,2745600,1017600,1017600,39.1,27.3,0.0,0.0,42.9,43.5,0.0,0.0,2918400,2918400,2918400,2918400,2918400,2918400,3283200,3283200,556800,2918400,1017600,3283200,7311,30423,pool-5-thread-1,5,26,38,18195,1,0,31037,/top-app,0-7,/top-app,0-7,0,466,0,466,42.0,41.7,42.0,47.1,30,39.7,34.5,0.3,0,NONE,0,0,0,0,0,2147483647,2147483647,game_pid=-1 child_num=0 ui_assist_num=0,0,0
1786636147.567,250986.75,2745600,2745600,2745600,2745600,2745600,2745600,1017600,1017600,45.5,50.0,0.0,0.0,39.1,31.8,0.0,0.0,2918400,2918400,2918400,2918400,2918400,2918400,3283200,3283200,556800,2918400,1017600,3283200,7311,30423,pool-5-thread-1,5,26,38,18195,1,1,31037,/top-app,0-7,/top-app,0-7,0,466,0,466,42.4,42.0,42.4,46.7,30,39.3,34.5,0.3,0,NONE,0,0,0,0,0,2147483647,2147483647,game_pid=-1 child_num=0 ui_assist_num=0,0,0
1786636147.812,250986.98,2745600,2745600,2745600,2745600,2745600,2745600,1017600,1017600,20.0,31.8,0.0,0.0,39.1,45.5,0.0,0.0,2918400,2918400,2918400,2918400,2918400,2918400,3283200,3283200,556800,2918400,1017600,3283200,7311,30423,pool-5-thread-1,5,26,38,18195,1,4,31037,/top-app,0-7,/top-app,0-7,0,466,0,466,42.0,41.7,42.0,47.1,30,39.7,34.5,0.3,0,NONE,0,0,0,0,0,2147483647,2147483647,game_pid=-1 child_num=0 ui_assist_num=0,0,0
1786636148.037,250987.23,2745600,2745600,2745600,2745600,2745600,2745600,1017600,1017600,30.4,43.5,0.0,0.0,34.8,41.7,0.0,0.0,2918400,2918400,2918400,2918400,2918400,2918400,3283200,3283200,556800,2918400,1017600,3283200,7311,30423,pool-5-thread-1,5,26,38,18195,1,5,31037,/top-app,0-7,/top-app,0-7,0,466,0,466,42.0,42.0,42.0,47.1,30,39.7,34.5,0.3,0,NONE,0,0,0,0,0,2147483647,2147483647,game_pid=-1 child_num=0 ui_assist_num=0,0,0
1786636148.261,250987.45,2745600,2745600,2745600,2745600,2745600,2745600,1017600,1017600,39.1,39.1,0.0,0.0,30.0,31.8,0.0,0.0,2918400,2918400,2918400,2918400,2918400,2918400,3283200,3283200,556800,2918400,1017600,3283200,7311,30423,pool-5-thread-1,5,26,38,18195,1,4,31037,/top-app,0-7,/top-app,0-7,0,466,0,466,42.4,41.3,42.4,46.7,30,39.7,34.5,0.3,0,NONE,0,0,0,0,0,2147483647,2147483647,game_pid=-1 child_num=0 ui_assist_num=0,0,0
1786636148.495,250987.67,1555200,1555200,1555200,1555200,1555200,1555200,1017600,1017600,25.0,30.0,0.0,0.0,31.8,45.5,0.0,0.0,2918400,2918400,2918400,2918400,2918400,2918400,3283200,3283200,556800,2918400,1017600,3283200,7311,30423,pool-5-thread-1,5,26,38,18195,1,5,31037,/top-app,0-7,/top-app,0-7,0,466,0,466,42.0,41.3,42.0,45.9,30,39.7,34.5,0.3,0,NONE,0,0,0,0,0,2147483647,2147483647,game_pid=-1 child_num=0 ui_assist_num=0,0,0
1786636148.719,250987.91,2745600,2745600,2745600,2745600,2745600,2745600,1017600,1017600,36.4,37.5,0.0,0.0,40.9,31.8,0.0,0.0,2918400,2918400,2918400,2918400,2918400,2918400,3283200,3283200,556800,2918400,1017600,3283200,7311,30423,pool-5-thread-1,5,26,38,18195,1,1,31037,/top-app,0-7,/top-app,0-7,0,466,0,466,41.7,41.7,41.7,46.3,30,39.7,34.5,0.3,0,NONE,0,0,0,0,0,2147483647,2147483647,game_pid=-1 child_num=0 ui_assist_num=0,0,0
1786636149.048,250988.13,2745600,2745600,2745600,2745600,2745600,2745600,1017600,1017600,31.8,36.4,0.0,0.0,38.1,39.1,0.0,0.0,2918400,2918400,2918400,2918400,2918400,2918400,3283200,3283200,556800,2918400,1017600,3283200,7311,30423,pool-5-thread-1,5,26,38,18195,1,5,31037,/top-app,0-7,/top-app,0-7,0,466,0,466,42.0,41.7,42.0,48.2,30,39.7,34.5,0.3,0,NONE,0,0,0,0,0,2147483647,2147483647,game_pid=-1 child_num=0 ui_assist_num=0,0,0
1786636149.190,250988.38,2745600,2745600,2745600,2745600,2745600,2745600,1017600,1017600,29.2,45.8,4.0,0.0,32.0,54.2,0.0,0.0,2918400,2918400,2918400,2918400,2918400,2918400,3283200,3283200,556800,2918400,1017600,3283200,7311,30423,pool-5-thread-1,5,26,38,18195,1,1,31037,/top-app,0-7,/top-app,0-7,0,466,0,466,42.0,41.3,42.0,46.7,30,39.7,34.5,0.3,0,NONE,0,0,0,0,0,2147483647,2147483647,game_pid=-1 child_num=0 ui_assist_num=0,0,0
1786636149.414,250988.60,2745600,2745600,2745600,2745600,2745600,2745600,1017600,1017600,25.0,38.1,0.0,0.0,40.9,40.9,0.0,0.0,2918400,2918400,2918400,2918400,2918400,2918400,3283200,3283200,556800,2918400,1017600,3283200,7311,30423,pool-5-thread-1,5,26,38,18195,1,5,31037,/top-app,0-7,/top-app,0-7,0,466,0,466,42.4,42.0,42.4,47.5,30,39.7,34.5,0.3,0,NONE,0,0,0,0,0,2147483647,2147483647,game_pid=-1 child_num=0 ui_assist_num=0,0,0
1786636149.637,250988.83,2745600,2745600,2745600,2745600,2745600,2745600,1017600,1017600,27.3,22.7,4.3,4.3,27.3,77.3,0.0,0.0,2918400,2918400,2918400,2918400,2918400,2918400,3283200,3283200,556800,2918400,1017600,3283200,7311,30423,pool-5-thread-1,5,26,38,18195,1,5,31037,/top-app,0-7,/top-app,0-7,0,466,0,466,42.0,41.7,42.0,46.7,30,39.7,34.5,0.3,0,NONE,0,0,0,0,0,2147483647,2147483647,game_pid=-1 child_num=0 ui_assist_num=0,0,0
1786636149.862,250989.05,2745600,2745600,2745600,2745600,2745600,2745600,1017600,1017600,22.7,30.0,0.0,0.0,33.3,38.1,0.0,0.0,2918400,2918400,2918400,2918400,2918400,2918400,3283200,3283200,556800,2918400,1017600,3283200,7311,30423,pool-5-thread-1,5,26,38,18195,1,5,31037,/top-app,0-7,/top-app,0-7,0,466,0,466,42.0,41.7,42.0,46.3,30,39.7,34.5,0.3,0,NONE,0,0,0,0,0,2147483647,2147483647,game_pid=-1 child_num=0 ui_assist_num=0,0,0
1786636152.493,250989.28,1363200,1363200,1363200,1363200,1363200,1363200,1017600,1017600,40.9,37.5,0.0,0.0,34.8,50.0,0.0,0.0,2918400,2918400,2918400,2918400,2918400,2918400,3283200,3283200,556800,2918400,1017600,3283200,7311,30423,pool-5-thread-1,5,26,38,18195,1,4,31037,/top-app,0-7,/top-app,0-7,0,466,0,466,42.0,41.7,42.0,45.9,30,39.7,34.5,0.3,0,NONE,0,0,0,0,0,2147483647,2147483647,game_pid=-1 child_num=0 ui_assist_num=0,0,0
1786636152.493,250989.53,2400000,2400000,2400000,2400000,2400000,2400000,1017600,1017600,33.3,50.0,0.0,0.0,27.3,37.5,0.0,0.0,2918400,2918400,2918400,2918400,2918400,2918400,3283200,3283200,556800,2918400,1017600,3283200,7311,30423,pool-5-thread-1,5,26,38,18195,1,4,31037,/top-app,0-7,/top-app,0-7,0,466,0,466,42.0,41.3,42.0,46.7,30,39.7,34.5,0.3,0,NONE,0,0,0,0,0,2147483647,2147483647,game_pid=-1 child_num=0 ui_assist_num=0,0,0
1786636152.493,250989.76,2745600,2745600,2745600,2745600,2745600,2745600,1017600,1017600,23.8,50.0,0.0,34.8,17.4,9.1,0.0,0.0,2918400,2918400,2918400,2918400,2918400,2918400,3283200,3283200,556800,2918400,1017600,3283200,7311,30423,pool-5-thread-1,5,26,38,18195,1,1,31037,/top-app,0-7,/top-app,0-7,0,466,0,466,42.0,41.7,42.0,46.3,30,40.1,34.5,0.3,0,NONE,0,0,0,0,0,2147483647,2147483647,game_pid=-1 child_num=0 ui_assist_num=0,0,0
1786636152.493,250989.98,2745600,2745600,2745600,2745600,2745600,2745600,1017600,1017600,21.7,63.6,0.0,9.1,13.6,22.7,0.0,0.0,2918400,2918400,2918400,2918400,2918400,2918400,3283200,3283200,556800,2918400,1017600,3283200,7311,30423,pool-5-thread-1,5,26,38,18195,1,0,31037,/top-app,0-7,/top-app,0-7,0,466,0,466,42.4,41.7,42.4,46.7,30,39.7,34.5,0.3,0,NONE,0,0,0,0,0,2147483647,2147483647,game_pid=-1 child_num=0 ui_assist_num=0,0,0
1786636152.494,250990.20,2745600,2745600,2745600,2745600,2745600,2745600,1017600,1017600,23.8,40.9,0.0,0.0,38.1,36.4,0.0,0.0,2918400,2918400,2918400,2918400,2918400,2918400,3283200,3283200,556800,2918400,1017600,3283200,7311,30423,pool-5-thread-1,5,26,38,18195,1,5,31037,/top-app,0-7,/top-app,0-7,0,466,0,466,42.0,41.7,42.0,46.7,30,40.1,34.5,0.3,0,NONE,0,0,0,0,0,2147483647,2147483647,game_pid=-1 child_num=0 ui_assist_num=0,0,0
1786636152.494,250990.43,2745600,2745600,2745600,2745600,2745600,2745600,1017600,1017600,39.1,38.1,0.0,0.0,27.3,28.6,0.0,0.0,2918400,2918400,2918400,2918400,2918400,2918400,3283200,3283200,556800,2918400,1017600,3283200,7311,30423,pool-5-thread-1,5,26,38,18195,1,4,31037,/top-app,0-7,/top-app,0-7,0,466,0,466,42.4,41.7,42.4,47.1,30,40.1,34.5,0.3,0,NONE,0,0,0,0,0,2147483647,2147483647,game_pid=-1 child_num=0 ui_assist_num=0,0,0
1786636152.494,250990.68,2745600,2745600,2745600,2745600,2745600,2745600,1017600,1017600,40.0,37.5,0.0,0.0,44.0,38.5,0.0,0.0,2918400,2918400,2918400,2918400,2918400,2918400,3283200,3283200,556800,2918400,1017600,3283200,7311,30423,pool-5-thread-1,5,26,38,18195,1,5,31037,/top-app,0-7,/top-app,0-7,0,466,0,466,42.4,42.0,42.4,47.5,30,39.7,34.5,0.3,0,NONE,0,0,0,0,0,2147483647,2147483647,game_pid=-1 child_num=0 ui_assist_num=0,0,0
1786636152.494,250990.90,2745600,2745600,2745600,2745600,2745600,2745600,1017600,1017600,31.8,37.5,0.0,0.0,35.0,30.0,0.0,0.0,2918400,2918400,2918400,2918400,2918400,2918400,3283200,3283200,556800,2918400,1017600,3283200,7311,30423,pool-5-thread-1,5,26,38,18195,1,4,31037,/top-app,0-7,/top-app,0-7,0,466,0,466,42.0,42.0,42.0,47.5,30,39.7,34.5,0.3,0,NONE,0,0,0,0,0,2147483647,2147483647,game_pid=-1 child_num=0 ui_assist_num=0,0,0
1786636152.494,250991.13,748800,748800,748800,748800,748800,748800,1017600,1017600,31.8,31.8,0.0,0.0,31.8,43.5,0.0,0.0,2918400,2918400,2918400,2918400,2918400,2918400,3283200,3283200,556800,2918400,1017600,3283200,7311,30423,pool-5-thread-1,5,26,38,18195,1,0,31037,/top-app,0-7,/top-app,0-7,0,466,0,466,42.4,41.3,42.4,45.5,30,39.7,34.5,0.3,0,NONE,0,0,0,0,0,2147483647,2147483647,game_pid=-1 child_num=0 ui_assist_num=0,0,0
1786636152.494,250991.36,2745600,2745600,2745600,2745600,2745600,2745600,1017600,1017600,69.6,31.8,0.0,0.0,29.2,13.6,0.0,0.0,2918400,2918400,2918400,2918400,2918400,2918400,3283200,3283200,556800,2918400,1017600,3283200,7311,30423,pool-5-thread-1,5,26,38,18195,1,5,31037,/top-app,0-7,/top-app,0-7,0,466,0,466,42.0,42.0,42.0,47.5,30,40.1,34.5,0.3,0,NONE,0,0,0,0,0,2147483647,2147483647,game_pid=-1 child_num=0 ui_assist_num=0,0,0
1786636152.494,250991.59,2745600,2745600,2745600,2745600,2745600,2745600,1017600,1017600,23.8,23.8,0.0,4.5,60.9,40.9,0.0,0.0,2918400,2918400,2918400,2918400,2918400,2918400,3283200,3283200,556800,2918400,1017600,3283200,7311,30423,pool-5-thread-1,5,26,38,18195,1,0,31037,/top-app,0-7,/top-app,0-7,0,466,0,466,42.4,42.0,42.4,47.5,30,40.1,34.5,0.3,0,NONE,0,0,0,0,0,2147483647,2147483647,game_pid=-1 child_num=0 ui_assist_num=0,0,0
1786636152.648,250991.84,2745600,2745600,2745600,2745600,2745600,2745600,1017600,1017600,38.5,41.7,0.0,0.0,50.0,41.7,0.0,0.0,2918400,2918400,2918400,2918400,2918400,2918400,3283200,3283200,556800,2918400,1017600,3283200,7311,30423,pool-5-thread-1,5,26,38,18195,1,4,31037,/top-app,0-7,/top-app,0-7,0,466,0,466,42.4,41.7,42.4,47.5,30,40.1,34.5,0.3,0,NONE,0,0,0,0,0,2147483647,2147483647,game_pid=-1 child_num=0 ui_assist_num=0,0,0
1786636152.873,250992.06,2918400,2918400,2918400,2918400,2918400,2918400,1017600,1017600,33.3,41.7,0.0,0.0,20.0,37.5,0.0,0.0,2918400,2918400,2918400,2918400,2918400,2918400,3283200,3283200,556800,2918400,1017600,3283200,7311,30423,pool-5-thread-1,5,26,38,18195,1,0,31037,/top-app,0-7,/top-app,0-7,0,466,0,466,42.4,42.0,42.4,47.1,30,40.1,34.5,0.3,0,NONE,0,0,0,0,0,2147483647,2147483647,game_pid=-1 child_num=0 ui_assist_num=0,0,0
1786636153.097,250992.29,2745600,2745600,2745600,2745600,2745600,2745600,1017600,1017600,26.1,59.1,13.6,0.0,21.7,23.8,0.0,0.0,2918400,2918400,2918400,2918400,2918400,2918400,3283200,3283200,556800,2918400,1017600,3283200,7311,30423,pool-5-thread-1,5,26,38,18195,1,2,31037,/top-app,0-7,/top-app,0-7,0,466,0,466,42.4,42.0,42.4,47.5,30,39.7,34.5,0.3,0,NONE,0,0,0,0,0,2147483647,2147483647,game_pid=-1 child_num=0 ui_assist_num=0,0,0
1786636153.320,250992.51,2745600,2745600,2745600,2745600,2745600,2745600,1017600,1017600,20.0,26.1,39.1,0.0,35.0,18.2,0.0,0.0,2918400,2918400,2918400,2918400,2918400,2918400,3283200,3283200,556800,2918400,1017600,3283200,7311,30423,pool-5-thread-1,5,26,38,18195,1,4,31037,/top-app,0-7,/top-app,0-7,0,466,0,466,42.4,41.7,42.4,47.1,30,39.7,34.5,0.3,0,NONE,0,0,0,0,0,2147483647,2147483647,game_pid=-1 child_num=0 ui_assist_num=0,0,0
1786636153.567,250992.73,2745600,2745600,2745600,2745600,2745600,2745600,1017600,1017600,30.4,40.9,0.0,0.0,38.1,33.3,0.0,0.0,2918400,2918400,2918400,2918400,2918400,2918400,3283200,3283200,556800,2918400,1017600,3283200,7311,30423,pool-5-thread-1,5,26,38,18195,1,1,31037,/top-app,0-7,/top-app,0-7,0,466,0,466,42.4,42.0,42.4,47.8,30,40.1,34.5,0.3,0,NONE,0,0,0,0,0,2147483647,2147483647,game_pid=-1 child_num=0 ui_assist_num=0,0,0
1786636153.792,250992.98,2745600,2745600,2745600,2745600,2745600,2745600,1017600,1017600,41.7,39.1,0.0,0.0,32.0,33.3,0.0,0.0,2918400,2918400,2918400,2918400,2918400,2918400,3283200,3283200,556800,2918400,1017600,3283200,7311,30423,pool-5-thread-1,5,26,38,18195,1,4,31037,/top-app,0-7,/top-app,0-7,0,466,0,466,42.4,41.7,42.4,47.5,30,39.7,34.5,0.3,0,NONE,0,0,0,0,0,2147483647,2147483647,game_pid=-1 child_num=0 ui_assist_num=0,0,0
1786636154.015,250993.21,2745600,2745600,2745600,2745600,2745600,2745600,1017600,1017600,40.9,37.5,0.0,50.0,45.5,36.4,0.0,0.0,2918400,2918400,2918400,2918400,2918400,2918400,3283200,3283200,556800,2918400,1017600,3283200,7311,30423,pool-5-thread-1,5,26,38,18195,1,4,31037,/top-app,0-7,/top-app,0-7,0,466,0,466,42.8,42.0,42.8,48.6,30,40.1,34.5,0.3,0,NONE,0,0,0,0,0,2147483647,2147483647,game_pid=-1 child_num=0 ui_assist_num=0,0,0
1786636154.238,250993.43,2745600,2745600,2745600,2745600,2745600,2745600,1017600,1017600,19.0,10.0,0.0,40.9,76.2,9.5,0.0,0.0,2918400,2918400,2918400,2918400,2918400,2918400,3283200,3283200,556800,2918400,1017600,3283200,7311,30423,pool-5-thread-1,5,26,38,18195,1,4,31037,/top-app,0-7,/top-app,0-7,0,466,0,466,42.8,42.0,42.8,49.0,30,39.7,34.5,0.3,0,NONE,0,0,0,0,0,2147483647,2147483647,game_pid=-1 child_num=0 ui_assist_num=0,0,0
1786636154.463,250993.65,2745600,2745600,2745600,2745600,2745600,2745600,1017600,1017600,26.1,30.4,4.3,0.0,50.0,31.8,0.0,0.0,2918400,2918400,2918400,2918400,2918400,2918400,3283200,3283200,556800,2918400,1017600,3283200,7311,30423,pool-5-thread-1,5,26,38,18195,1,1,31037,/top-app,0-7,/top-app,0-7,0,466,0,466,42.4,42.0,42.4,47.5,30,40.1,34.5,0.3,0,NONE,0,0,0,0,0,2147483647,2147483647,game_pid=-1 child_num=0 ui_assist_num=0,0,0
1786636154.710,250993.88,2745600,2745600,2745600,2745600,2745600,2745600,1017600,1017600,18.2,38.1,0.0,0.0,33.3,31.8,0.0,0.0,2918400,2918400,2918400,2918400,2918400,2918400,3283200,3283200,556800,2918400,1017600,3283200,7311,30423,pool-5-thread-1,5,26,38,18195,1,5,31037,/top-app,0-7,/top-app,0-7,0,466,0,466,42.8,41.7,42.8,47.8,30,40.1,34.5,0.3,0,NONE,0,0,0,0,0,2147483647,2147483647,game_pid=-1 child_num=0 ui_assist_num=0,0,0
1786636154.933,250994.12,2745600,2745600,2745600,2745600,2745600,2745600,1017600,1017600,38.5,40.0,0.0,4.0,25.0,41.7,0.0,0.0,2918400,2918400,2918400,2918400,2918400,2918400,3283200,3283200,556800,2918400,1017600,3283200,7311,30423,pool-5-thread-1,5,26,38,18195,1,4,31037,/top-app,0-7,/top-app,0-7,0,466,0,466,42.4,42.0,42.4,47.1,30,40.1,34.5,0.3,0,NONE,0,0,0,0,0,2147483647,2147483647,game_pid=-1 child_num=0 ui_assist_num=0,0,0
1786636155.204,250994.35,556800,556800,556800,556800,556800,556800,1017600,1017600,30.0,50.0,0.0,4.3,30.4,29.2,0.0,0.0,2918400,2918400,2918400,2918400,2918400,2918400,3283200,3283200,556800,2918400,1017600,3283200,7311,30423,pool-5-thread-1,5,26,38,18195,0,NA,31037,/top-app,0-7,/top-app,0-7,0,466,0,466,41.7,41.3,41.7,44.0,30,40.1,34.5,0.3,0,NONE,0,0,0,0,0,2147483647,2147483647,game_pid=-1 child_num=0 ui_assist_num=0,0,0
1786636155.513,250994.63,556800,556800,556800,556800,556800,556800,1017600,1017600,51.9,35.7,10.7,0.0,33.3,37.9,0.0,0.0,2918400,2918400,2918400,2918400,2918400,2918400,3283200,3283200,556800,2918400,1017600,3283200,7311,30423,pool-5-thread-1,5,26,38,18195,0,NA,31037,/top-app,0-7,/top-app,0-7,0,466,0,466,41.3,40.9,41.3,43.6,30,39.7,34.5,0.3,0,NONE,0,0,0,0,0,2147483647,2147483647,game_pid=-1 child_num=0 ui_assist_num=0,0,0
1786636155.715,250994.89,556800,556800,556800,556800,556800,556800,1017600,1017600,52.0,35.7,11.1,16.0,33.3,33.3,0.0,0.0,2918400,2918400,2918400,2918400,2918400,2918400,3283200,3283200,556800,2918400,1017600,3283200,7311,30423,pool-5-thread-1,5,26,38,18195,0,NA,31037,/top-app,0-7,/top-app,0-7,0,466,0,466,40.5,40.5,40.5,44.4,30,40.1,34.5,0.3,0,NONE,0,0,0,0,0,2147483647,2147483647,game_pid=-1 child_num=0 ui_assist_num=0,0,0
1786636156.002,250995.13,556800,556800,556800,556800,556800,556800,1017600,1017600,42.9,29.2,8.7,4.2,20.0,20.0,0.0,0.0,2918400,2918400,2918400,2918400,2918400,2918400,3283200,3283200,556800,2918400,1017600,3283200,7311,30423,pool-5-thread-1,5,26,38,18195,0,NA,31037,/top-app,0-7,/top-app,0-7,0,466,0,466,40.5,40.5,40.5,43.2,30,39.7,34.5,0.3,0,NONE,0,0,0,0,0,2147483647,2147483647,game_pid=-1 child_num=0 ui_assist_num=0,0,0
1786636156.271,250995.42,556800,556800,556800,556800,556800,556800,1017600,1017600,54.8,35.5,0.0,0.0,22.2,31.0,0.0,0.0,2918400,2918400,2918400,2918400,2918400,2918400,3283200,3283200,556800,2918400,1017600,3283200,7311,30423,pool-5-thread-1,5,26,38,18195,0,NA,31037,/top-app,0-7,/top-app,0-7,0,466,0,466,40.5,40.1,40.5,42.0,30,39.7,34.5,0.3,0,NONE,0,0,0,0,0,2147483647,2147483647,game_pid=-1 child_num=0 ui_assist_num=0,0,0
1786636156.547,250995.69,748800,748800,748800,748800,748800,748800,1017600,1017600,50.0,39.4,0.0,0.0,24.1,25.9,0.0,0.0,2918400,2918400,2918400,2918400,2918400,2918400,3283200,3283200,556800,2918400,1017600,3283200,7311,30423,pool-5-thread-1,5,26,38,18195,0,NA,31037,/top-app,0-7,/top-app,0-7,0,466,0,466,40.1,40.1,40.1,41.3,30,39.3,34.5,0.3,0,NONE,0,0,0,0,0,2147483647,2147483647,game_pid=-1 child_num=0 ui_assist_num=0,0,0
1786636156.805,250995.97,960000,960000,960000,960000,960000,960000,1017600,1017600,53.3,47.2,3.4,0.0,42.4,30.0,0.0,0.0,2918400,2918400,2918400,2918400,2918400,2918400,3283200,3283200,556800,2918400,1017600,3283200,7311,30423,pool-5-thread-1,5,26,38,18195,0,NA,31037,/top-app,0-7,/top-app,0-7,0,466,0,466,40.1,39.7,40.1,41.3,30,39.3,34.5,0.3,0,NONE,0,0,0,0,0,2147483647,2147483647,game_pid=-1 child_num=0 ui_assist_num=0,0,0
1786636157.078,250996.23,556800,556800,556800,556800,556800,556800,1017600,1017600,43.3,37.5,0.0,0.0,18.5,12.0,0.0,0.0,2918400,2918400,2918400,2918400,2918400,2918400,3283200,3283200,556800,2918400,1017600,3283200,7311,30423,pool-5-thread-1,5,26,38,18195,0,NA,31037,/top-app,0-7,/top-app,0-7,0,466,0,466,39.7,39.7,39.7,40.5,30,39.3,34.5,0.3,0,NONE,0,0,0,0,0,2147483647,2147483647,game_pid=-1 child_num=0 ui_assist_num=0,0,0
1786636157.390,250996.50,960000,960000,960000,960000,960000,960000,1017600,1017600,56.2,40.6,22.6,17.2,21.4,44.4,0.0,0.0,2918400,2918400,2918400,2918400,2918400,2918400,3283200,3283200,556800,2918400,1017600,3283200,7311,30423,pool-5-thread-1,5,26,38,18195,0,NA,31037,/top-app,0-7,/top-app,0-7,0,466,0,466,40.1,40.1,39.7,40.9,30,39.3,34.5,0.3,0,NONE,0,0,0,0,0,2147483647,2147483647,game_pid=-1 child_num=0 ui_assist_num=0,0,0
1786636157.659,250996.81,556800,556800,556800,556800,556800,556800,1017600,1017600,45.2,35.3,6.2,6.2,41.9,25.8,0.0,0.0,2918400,2918400,2918400,2918400,2918400,2918400,3283200,3283200,556800,2918400,1017600,3283200,7311,30423,pool-5-thread-1,5,26,38,18195,0,NA,31037,/top-app,0-7,/top-app,0-7,0,466,0,466,39.7,39.7,39.3,40.5,30,39.0,34.5,0.3,0,NONE,0,0,0,0,0,2147483647,2147483647,game_pid=-1 child_num=0 ui_assist_num=0,0,0
1786636157.932,250997.08,556800,556800,556800,556800,556800,556800,1017600,1017600,48.4,45.7,3.6,0.0,26.9,33.3,0.0,0.0,2918400,2918400,2918400,2918400,2918400,2918400,3283200,3283200,556800,2918400,1017600,3283200,7311,30423,pool-5-thread-1,5,26,38,18195,0,NA,31037,/top-app,0-7,/top-app,0-7,0,466,0,466,39.7,39.7,39.3,40.9,30,39.3,34.5,0.3,0,NONE,0,0,0,0,0,2147483647,2147483647,game_pid=-1 child_num=0 ui_assist_num=0,0,0
1786636158.178,250997.35,748800,748800,748800,748800,748800,748800,1017600,1017600,50.0,44.1,0.0,0.0,25.0,19.2,0.0,0.0,2918400,2918400,2918400,2918400,2918400,2918400,3283200,3283200,556800,2918400,1017600,3283200,7311,30423,pool-5-thread-1,5,26,38,18195,0,NA,31037,/top-app,0-7,/top-app,0-7,0,466,0,466,39.7,39.7,39.3,41.7,30,39.0,34.5,0.3,0,NONE,0,0,0,0,0,2147483647,2147483647,game_pid=-1 child_num=0 ui_assist_num=0,0,0
1786636158.447,250997.59,556800,556800,556800,556800,556800,556800,1017600,1017600,55.6,46.4,4.0,8.0,29.6,32.0,0.0,0.0,2918400,2918400,2918400,2918400,2918400,2918400,3283200,3283200,556800,2918400,1017600,3283200,7311,30423,pool-5-thread-1,5,26,38,18195,0,NA,31037,/top-app,0-7,/top-app,0-7,0,466,0,466,39.7,39.3,39.7,40.5,30,39.0,34.5,0.3,0,NONE,0,0,0,0,0,2147483647,2147483647,game_pid=-1 child_num=0 ui_assist_num=0,0,0
1786636158.744,250997.87,556800,556800,556800,556800,556800,556800,1017600,1017600,48.4,38.2,0.0,0.0,25.0,21.4,0.0,0.0,2918400,2918400,2918400,2918400,2918400,2918400,3283200,3283200,556800,2918400,1017600,3283200,7311,30423,pool-5-thread-1,5,26,38,18195,0,NA,31037,/top-app,0-7,/top-app,0-7,0,466,0,466,39.3,39.3,39.3,40.9,30,39.0,34.5,0.3,0,NONE,0,0,0,0,0,2147483647,2147483647,game_pid=-1 child_num=0 ui_assist_num=0,0,0
1786636159.001,250998.16,748800,748800,748800,748800,748800,748800,1017600,1017600,47.1,43.6,0.0,0.0,21.4,19.4,0.0,0.0,2918400,2918400,2918400,2918400,2918400,2918400,3283200,3283200,556800,2918400,1017600,3283200,7311,30423,pool-5-thread-1,5,26,38,18195,0,NA,31037,/top-app,0-7,/top-app,0-7,0,466,0,466,39.3,39.3,39.3,40.5,30,39.0,34.5,0.3,0,NONE,0,0,0,0,0,2147483647,2147483647,game_pid=-1 child_num=0 ui_assist_num=0,0,0
1786636159.233,250998.42,1996800,1996800,1996800,1996800,1996800,1996800,1017600,1017600,55.6,44.8,0.0,4.0,37.9,42.3,0.0,0.0,2918400,2918400,2918400,2918400,2918400,2918400,3283200,3283200,556800,2918400,1017600,3283200,7311,30423,pool-5-thread-1,5,26,38,18195,0,NA,31037,/top-app,0-7,/top-app,0-7,0,466,0,466,39.7,39.3,39.7,41.3,30,39.0,34.5,0.3,0,NONE,0,0,0,0,0,2147483647,2147483647,game_pid=-1 child_num=0 ui_assist_num=0,0,0
1786636159.500,250998.65,556800,556800,556800,556800,556800,556800,1017600,1017600,53.6,45.5,0.0,12.5,28.0,16.7,0.0,0.0,2918400,2918400,2918400,2918400,2918400,2918400,3283200,3283200,556800,2918400,1017600,3283200,7311,30423,pool-5-thread-1,5,26,38,18195,0,NA,31037,/top-app,0-7,/top-app,0-7,0,466,0,466,39.7,39.7,39.3,40.9,30,39.0,34.5,0.3,0,NONE,0,0,0,0,0,2147483647,2147483647,game_pid=-1 child_num=0 ui_assist_num=0,0,0
1786636159.755,250998.91,748800,748800,748800,748800,748800,748800,1017600,1017600,56.2,40.6,0.0,0.0,22.2,29.6,0.0,0.0,2918400,2918400,2918400,2918400,2918400,2918400,3283200,3283200,556800,2918400,1017600,3283200,7311,30423,pool-5-thread-1,5,26,38,18195,0,NA,31037,/top-app,0-7,/top-app,0-7,0,466,0,466,39.3,39.3,39.3,40.5,30,38.6,34.5,0.3,0,NONE,0,0,0,0,0,2147483647,2147483647,game_pid=-1 child_num=0 ui_assist_num=0,0,0
1786636160.054,250999.17,556800,556800,556800,556800,556800,556800,1017600,1017600,48.3,40.6,0.0,0.0,25.0,21.4,0.0,0.0,2918400,2918400,2918400,2918400,2918400,2918400,3283200,3283200,556800,2918400,1017600,3283200,7311,30423,pool-5-thread-1,5,26,38,18195,0,NA,31037,/top-app,0-7,/top-app,0-7,0,466,0,466,39.3,39.0,39.3,40.9,30,39.0,34.5,0.3,0,NONE,0,0,0,0,0,2147483647,2147483647,game_pid=-1 child_num=0 ui_assist_num=0,0,0
1786636160.279,250999.47,2745600,2745600,2745600,2745600,2745600,2745600,1017600,1017600,46.4,41.4,6.5,0.0,50.0,32.1,0.0,0.0,2918400,2918400,2918400,2918400,2918400,2918400,3283200,3283200,556800,2918400,1017600,3283200,7311,30423,pool-5-thread-1,5,26,38,18195,1,1,31037,/top-app,0-7,/top-app,0-7,0,466,0,466,40.5,39.7,40.5,44.8,30,39.0,34.5,0.3,0,NONE,0,0,0,0,0,2147483647,2147483647,game_pid=-1 child_num=0 ui_assist_num=0,0,0
1786636160.502,250999.69,2745600,2745600,2745600,2745600,2745600,2745600,1017600,1017600,20.8,65.2,4.5,0.0,23.8,18.2,0.0,0.0,2918400,2918400,2918400,2918400,2918400,2918400,3283200,3283200,556800,2918400,1017600,3283200,7311,30423,pool-5-thread-1,5,26,38,18195,1,0,31037,/top-app,0-7,/top-app,0-7,0,466,0,466,40.5,40.1,40.5,44.8,30,39.0,34.5,0.3,0,NONE,0,0,0,0,0,2147483647,2147483647,game_pid=-1 child_num=0 ui_assist_num=0,0,0
1786636160.728,250999.92,1363200,1363200,1363200,1363200,1363200,1363200,1017600,1017600,31.8,36.4,0.0,0.0,40.9,47.8,0.0,0.0,2918400,2918400,2918400,2918400,2918400,2918400,3283200,3283200,556800,2918400,1017600,3283200,7311,30423,pool-5-thread-1,5,26,38,18195,1,4,31037,/top-app,0-7,/top-app,0-7,0,466,0,466,40.5,40.1,40.5,44.8,30,39.0,34.5,0.3,0,NONE,0,0,0,0,0,2147483647,2147483647,game_pid=-1 child_num=0 ui_assist_num=0,0,0
1786636160.956,251000.14,2745600,2745600,2745600,2745600,2745600,2745600,1017600,1017600,19.0,36.4,0.0,0.0,60.9,15.0,0.0,0.0,2918400,2918400,2918400,2918400,2918400,2918400,3283200,3283200,556800,2918400,1017600,3283200,7311,30423,pool-5-thread-1,5,26,38,18195,1,1,31037,/top-app,0-7,/top-app,0-7,0,466,0,466,40.9,40.1,40.9,44.8,30,39.0,34.5,0.3,0,NONE,0,0,0,0,0,2147483647,2147483647,game_pid=-1 child_num=0 ui_assist_num=0,0,0
1786636161.206,251000.37,2745600,2745600,2745600,2745600,2745600,2745600,1017600,1017600,26.1,47.8,0.0,0.0,41.7,26.1,0.0,0.0,2918400,2918400,2918400,2918400,2918400,2918400,3283200,3283200,556800,2918400,1017600,3283200,7311,30423,pool-5-thread-1,5,26,38,18195,1,5,31037,/top-app,0-7,/top-app,0-7,0,466,0,466,40.9,40.5,40.9,45.9,30,39.0,34.5,0.3,0,NONE,0,0,0,0,0,2147483647,2147483647,game_pid=-1 child_num=0 ui_assist_num=0,0,0
1786636161.430,251000.62,2745600,2745600,2745600,2745600,2745600,2745600,1017600,1017600,29.2,79.2,0.0,4.0,30.4,33.3,0.0,0.0,2918400,2918400,2918400,2918400,2918400,2918400,3283200,3283200,556800,2918400,1017600,3283200,7311,30423,pool-5-thread-1,5,26,38,18195,1,5,31037,/top-app,0-7,/top-app,0-7,0,466,0,466,41.3,40.9,41.3,45.5,30,39.0,34.5,0.3,0,NONE,0,0,0,0,0,2147483647,2147483647,game_pid=-1 child_num=0 ui_assist_num=0,0,0
1786636161.658,251000.84,2745600,2745600,2745600,2745600,2745600,2745600,1017600,1017600,28.6,43.5,0.0,0.0,35.0,36.4,0.0,0.0,2918400,2918400,2918400,2918400,2918400,2918400,3283200,3283200,556800,2918400,1017600,3283200,7311,30423,pool-5-thread-1,5,26,38,18195,1,4,31037,/top-app,0-7,/top-app,0-7,0,466,0,466,41.3,40.9,41.3,45.5,30,39.0,34.5,0.3,0,NONE,0,0,0,0,0,2147483647,2147483647,game_pid=-1 child_num=0 ui_assist_num=0,0,0
1786636161.883,251001.07,2745600,2745600,2745600,2745600,2745600,2745600,1017600,1017600,36.4,23.8,0.0,0.0,45.5,38.1,0.0,0.0,2918400,2918400,2918400,2918400,2918400,2918400,3283200,3283200,556800,2918400,1017600,3283200,7311,30423,pool-5-thread-1,5,26,38,18195,1,0,31037,/top-app,0-7,/top-app,0-7,0,466,0,466,41.3,40.9,41.3,45.5,30,39.3,34.5,0.3,0,NONE,0,0,0,0,0,2147483647,2147483647,game_pid=-1 child_num=0 ui_assist_num=0,0,0
1786636162.109,251001.30,2918400,2918400,2918400,2918400,2918400,2918400,1017600,1017600,17.4,31.8,0.0,0.0,50.0,36.4,0.0,0.0,2918400,2918400,2918400,2918400,2918400,2918400,3283200,3283200,556800,2918400,1017600,3283200,7311,30423,pool-5-thread-1,5,26,38,18195,1,1,31037,/top-app,0-7,/top-app,0-7,0,466,0,466,41.3,40.5,41.3,45.9,30,39.3,34.5,0.3,0,NONE,0,0,0,0,0,2147483647,2147483647,game_pid=-1 child_num=0 ui_assist_num=0,0,0
1786636162.357,251001.52,2745600,2745600,2745600,2745600,2745600,2745600,1017600,1017600,47.6,39.1,0.0,0.0,40.9,38.1,0.0,0.0,2918400,2918400,2918400,2918400,2918400,2918400,3283200,3283200,556800,2918400,1017600,3283200,7311,30423,pool-5-thread-1,5,26,38,18195,1,4,31037,/top-app,0-7,/top-app,0-7,0,466,0,466,41.3,40.9,41.3,46.7,30,39.3,34.5,0.3,0,NONE,0,0,0,0,0,2147483647,2147483647,game_pid=-1 child_num=0 ui_assist_num=0,0,0
1786636162.585,251001.77,2745600,2745600,2745600,2745600,2745600,2745600,1017600,1017600,20.8,30.8,0.0,0.0,52.2,29.2,0.0,0.0,2918400,2918400,2918400,2918400,2918400,2918400,3283200,3283200,556800,2918400,1017600,3283200,7311,30423,pool-5-thread-1,5,26,38,18195,1,4,31037,/top-app,0-7,/top-app,0-7,0,466,0,466,41.3,40.5,41.3,45.5,30,39.3,34.5,0.3,0,NONE,0,0,0,0,0,2147483647,2147483647,game_pid=-1 child_num=0 ui_assist_num=0,0,0
1786636162.809,251002.00,2745600,2745600,2745600,2745600,2745600,2745600,1017600,1017600,31.8,45.5,0.0,0.0,23.8,43.5,0.0,0.0,2918400,2918400,2918400,2918400,2918400,2918400,3283200,3283200,556800,2918400,1017600,3283200,7311,30423,pool-5-thread-1,5,26,38,18195,1,4,31037,/top-app,0-7,/top-app,0-7,0,466,0,466,41.7,40.9,41.7,46.7,30,39.3,34.5,0.3,0,NONE,0,0,0,0,0,2147483647,2147483647,game_pid=-1 child_num=0 ui_assist_num=0,0,0
1786636163.033,251002.22,2745600,2745600,2745600,2745600,2745600,2745600,1017600,1017600,22.7,47.6,0.0,0.0,28.6,31.8,0.0,0.0,2918400,2918400,2918400,2918400,2918400,2918400,3283200,3283200,556800,2918400,1017600,3283200,7311,30423,pool-5-thread-1,5,26,38,18195,1,4,31037,/top-app,0-7,/top-app,0-7,0,466,0,466,41.7,40.9,41.7,45.9,30,39.3,34.5,0.3,0,NONE,0,0,0,0,0,2147483647,2147483647,game_pid=-1 child_num=0 ui_assist_num=0,0,0
1786636163.262,251002.45,2745600,2745600,2745600,2745600,2745600,2745600,1017600,1017600,19.0,38.1,0.0,0.0,43.5,38.1,0.0,0.0,2918400,2918400,2918400,2918400,2918400,2918400,3283200,3283200,556800,2918400,1017600,3283200,7311,30423,pool-5-thread-1,5,26,38,18195,1,5,31037,/top-app,0-7,/top-app,0-7,0,466,0,466,41.7,40.5,41.7,46.7,30,39.3,34.5,0.3,0,NONE,0,0,0,0,0,2147483647,2147483647,game_pid=-1 child_num=0 ui_assist_num=0,0,0
1786636163.510,251002.67,2745600,2745600,2745600,2745600,2745600,2745600,1017600,1017600,19.0,36.4,8.3,0.0,72.7,26.1,0.0,0.0,2918400,2918400,2918400,2918400,2918400,2918400,3283200,3283200,556800,2918400,1017600,3283200,7311,30423,pool-5-thread-1,5,26,38,18195,1,5,31037,/top-app,0-7,/top-app,0-7,0,466,0,466,41.3,40.9,41.3,47.1,30,39.3,34.5,0.3,0,NONE,0,0,0,0,0,2147483647,2147483647,game_pid=-1 child_num=0 ui_assist_num=0,0,0
1786636163.855,251002.92,2745600,2745600,2745600,2745600,2745600,2745600,1017600,1017600,37.5,34.8,0.0,0.0,40.0,45.8,0.0,0.0,2918400,2918400,2918400,2918400,2918400,2918400,3283200,3283200,556800,2918400,1017600,3283200,7311,30423,pool-5-thread-1,5,26,38,18195,1,4,31037,/top-app,0-7,/top-app,0-7,0,466,0,466,41.3,40.9,41.3,45.9,30,39.3,34.5,0.3,0,NONE,0,0,0,0,0,2147483647,2147483647,game_pid=-1 child_num=0 ui_assist_num=0,0,0
1786636163.962,251003.15,2745600,2745600,2745600,2745600,2745600,2745600,1017600,1017600,30.4,43.5,0.0,0.0,28.6,40.9,0.0,0.0,2918400,2918400,2918400,2918400,2918400,2918400,3283200,3283200,556800,2918400,1017600,3283200,7311,30423,pool-5-thread-1,5,26,38,18195,1,4,31037,/top-app,0-7,/top-app,0-7,0,466,0,466,41.7,41.3,41.7,46.3,30,39.3,34.5,0.3,0,NONE,0,0,0,0,0,2147483647,2147483647,game_pid=-1 child_num=0 ui_assist_num=0,0,0
1786636164.187,251003.37,2745600,2745600,2745600,2745600,2745600,2745600,1017600,1017600,28.6,19.0,0.0,0.0,52.4,45.5,0.0,0.0,2918400,2918400,2918400,2918400,2918400,2918400,3283200,3283200,556800,2918400,1017600,3283200,7311,30423,pool-5-thread-1,5,26,38,18195,1,5,31037,/top-app,0-7,/top-app,0-7,0,466,0,466,41.3,41.3,41.3,45.9,30,39.3,34.5,0.3,0,NONE,0,0,0,0,0,2147483647,2147483647,game_pid=-1 child_num=0 ui_assist_num=0,0,0
1786636164.416,251003.60,2745600,2745600,2745600,2745600,2745600,2745600,1017600,1017600,43.5,33.3,0.0,0.0,56.5,45.5,0.0,0.0,2918400,2918400,2918400,2918400,2918400,2918400,3283200,3283200,556800,2918400,1017600,3283200,7311,30423,pool-5-thread-1,5,26,38,18195,1,4,31037,/top-app,0-7,/top-app,0-7,0,466,0,466,41.7,41.3,41.7,46.3,30,39.3,34.5,0.3,0,NONE,0,0,0,0,0,2147483647,2147483647,game_pid=-1 child_num=0 ui_assist_num=0,0,0
1786636164.664,251003.83,2745600,2745600,2745600,2745600,2745600,2745600,1017600,1017600,27.3,40.9,0.0,0.0,36.4,40.9,0.0,0.0,2918400,2918400,2918400,2918400,2918400,2918400,3283200,3283200,556800,2918400,1017600,3283200,7311,30423,pool-5-thread-1,5,26,38,18195,1,0,31037,/top-app,0-7,/top-app,0-7,0,466,0,466,42.0,41.3,42.0,47.5,30,39.7,34.5,0.3,0,NONE,0,0,0,0,0,2147483647,2147483647,game_pid=-1 child_num=0 ui_assist_num=0,0,0
1786636164.892,251004.08,2745600,2745600,2745600,2745600,2745600,2745600,1017600,1017600,17.4,62.5,0.0,4.2,36.0,21.7,0.0,0.0,2918400,2918400,2918400,2918400,2918400,2918400,3283200,3283200,556800,2918400,1017600,3283200,7311,30423,pool-5-thread-1,5,26,38,18195,1,4,31037,/top-app,0-7,/top-app,0-7,0,466,0,466,42.0,41.7,42.0,47.1,30,39.3,34.5,0.3,0,NONE,0,0,0,0,0,2147483647,2147483647,game_pid=-1 child_num=0 ui_assist_num=0,0,0
1786636165.116,251004.30,2745600,2745600,2745600,2745600,2745600,2745600,1017600,1017600,28.6,37.5,0.0,0.0,22.7,45.5,0.0,0.0,2918400,2918400,2918400,2918400,2918400,2918400,3283200,3283200,556800,2918400,1017600,3283200,7311,30423,pool-5-thread-1,5,26,38,18195,1,1,31037,/top-app,0-7,/top-app,0-7,0,466,0,466,42.0,41.7,42.0,47.1,30,39.7,34.5,0.3,0,NONE,0,0,0,0,0,2147483647,2147483647,game_pid=-1 child_num=0 ui_assist_num=0,0,0
1786636165.341,251004.53,2745600,2745600,2745600,2745600,2745600,2745600,1017600,1017600,36.4,30.0,0.0,0.0,27.3,52.2,0.0,0.0,2918400,2918400,2918400,2918400,2918400,2918400,3283200,3283200,556800,2918400,1017600,3283200,7311,30423,pool-5-thread-1,5,26,38,18195,1,5,31037,/top-app,0-7,/top-app,0-7,0,466,0,466,42.0,41.7,42.0,47.1,30,39.7,34.5,0.3,0,NONE,0,0,0,0,0,2147483647,2147483647,game_pid=-1 child_num=0 ui_assist_num=0,0,0
1786636165.563,251004.75,2745600,2745600,2745600,2745600,2745600,2745600,1017600,1017600,40.9,31.8,4.3,4.5,27.3,63.6,0.0,0.0,2918400,2918400,2918400,2918400,2918400,2918400,3283200,3283200,556800,2918400,1017600,3283200,7311,30423,pool-5-thread-1,5,26,38,18195,1,5,31037,/top-app,0-7,/top-app,0-7,0,466,0,466,42.0,41.3,42.0,46.7,30,39.7,34.5,0.3,0,NONE,0,0,0,0,0,2147483647,2147483647,game_pid=-1 child_num=0 ui_assist_num=0,0,0
1786636165.812,251004.98,2745600,2745600,2745600,2745600,2745600,2745600,1017600,1017600,30.4,28.6,0.0,0.0,34.8,45.0,0.0,0.0,2918400,2918400,2918400,2918400,2918400,2918400,3283200,3283200,556800,2918400,1017600,3283200,7311,30423,pool-5-thread-1,5,26,38,18195,1,5,31037,/top-app,0-7,/top-app,0-7,0,466,0,466,42.4,41.7,42.4,47.1,30,39.7,34.5,0.3,0,NONE,0,0,0,0,0,2147483647,2147483647,game_pid=-1 child_num=0 ui_assist_num=0,0,0
1786636166.038,251005.22,2745600,2745600,2745600,2745600,2745600,2745600,1017600,1017600,18.2,43.5,0.0,0.0,37.5,40.0,0.0,0.0,2918400,2918400,2918400,2918400,2918400,2918400,3283200,3283200,556800,2918400,1017600,3283200,7311,30423,pool-5-thread-1,5,26,38,18195,1,1,31037,/top-app,0-7,/top-app,0-7,0,466,0,466,42.0,41.7,42.0,47.1,30,39.7,34.5,0.3,0,NONE,0,0,0,0,0,2147483647,2147483647,game_pid=-1 child_num=0 ui_assist_num=0,0,0
1786636166.272,251005.45,2745600,2745600,2745600,2745600,2745600,2745600,1017600,1017600,31.8,34.8,0.0,0.0,36.4,36.4,0.0,0.0,2918400,2918400,2918400,2918400,2918400,2918400,3283200,3283200,556800,2918400,1017600,3283200,7311,30423,pool-5-thread-1,5,26,38,18195,1,1,31037,/top-app,0-7,/top-app,0-7,0,466,0,466,42.0,41.7,42.0,46.3,30,39.7,34.5,0.3,0,NONE,0,0,0,0,0,2147483647,2147483647,game_pid=-1 child_num=0 ui_assist_num=0,0,0
1786636166.499,251005.69,2745600,2745600,2745600,2745600,2745600,2745600,1017600,1017600,34.8,39.1,0.0,0.0,36.4,43.5,0.0,0.0,2918400,2918400,2918400,2918400,2918400,2918400,3283200,3283200,556800,2918400,1017600,3283200,7311,30423,pool-5-thread-1,5,26,38,18195,1,4,31037,/top-app,0-7,/top-app,0-7,0,466,0,466,42.0,41.7,42.0,47.5,30,39.7,34.5,0.3,0,NONE,0,0,0,0,0,2147483647,2147483647,game_pid=-1 child_num=0 ui_assist_num=0,0,0
1786636166.730,251005.91,748800,748800,748800,748800,748800,748800,1017600,1017600,33.3,27.3,0.0,0.0,42.9,45.5,0.0,0.0,2918400,2918400,2918400,2918400,2918400,2918400,3283200,3283200,556800,2918400,1017600,3283200,7311,30423,pool-5-thread-1,5,26,38,18195,1,0,31037,/top-app,0-7,/top-app,0-7,0,466,0,466,42.4,42.0,42.4,46.7,30,39.7,34.5,0.3,0,NONE,0,0,0,0,0,2147483647,2147483647,game_pid=-1 child_num=0 ui_assist_num=0,0,0
1786636166.984,251006.14,2745600,2745600,2745600,2745600,2745600,2745600,1017600,1017600,31.8,34.8,0.0,0.0,21.7,41.7,0.0,0.0,2918400,2918400,2918400,2918400,2918400,2918400,3283200,3283200,556800,2918400,1017600,3283200,7311,30423,pool-5-thread-1,5,26,38,18195,1,0,31037,/top-app,0-7,/top-app,0-7,0,466,0,466,42.0,41.7,42.0,48.2,30,39.7,34.5,0.3,0,NONE,0,0,0,0,0,2147483647,2147483647,game_pid=-1 child_num=0 ui_assist_num=0,0,0
1786636167.251,251006.40,748800,748800,748800,748800,748800,748800,1017600,1017600,36.0,44.0,0.0,0.0,32.0,45.5,0.0,0.0,2918400,2918400,2918400,2918400,2918400,2918400,3283200,3283200,556800,2918400,1017600,3283200,7311,30423,pool-5-thread-1,5,26,38,18195,0,NA,31037,/top-app,0-7,/top-app,0-7,0,466,0,466,42.0,42.0,41.7,44.0,30,39.7,34.5,0.3,0,NONE,0,0,0,0,0,2147483647,2147483647,game_pid=-1 child_num=0 ui_assist_num=0,0,0
1786636167.506,251006.68,1363200,1363200,1363200,1363200,1363200,1363200,1017600,1017600,65.4,42.3,14.8,7.1,35.7,34.5,0.0,0.0,2918400,2918400,2918400,2918400,2918400,2918400,3283200,3283200,556800,2918400,1017600,3283200,7311,30423,pool-5-thread-1,5,26,38,18195,0,NA,31037,/top-app,0-7,/top-app,0-7,0,466,0,466,41.3,40.9,41.3,42.8,30,39.3,34.5,0.3,0,NONE,0,0,0,0,0,2147483647,2147483647,game_pid=-1 child_num=0 ui_assist_num=0,0,0
1786636167.765,251006.93,748800,748800,748800,748800,748800,748800,1017600,1017600,54.2,42.3,4.0,12.0,38.5,39.3,0.0,0.0,2918400,2918400,2918400,2918400,2918400,2918400,3283200,3283200,556800,2918400,1017600,3283200,7311,30423,pool-5-thread-1,5,26,38,18195,0,NA,31037,/top-app,0-7,/top-app,0-7,0,466,0,466,40.9,40.9,40.5,42.0,30,39.7,34.5,0.3,0,NONE,0,0,0,0,0,2147483647,2147483647,game_pid=-1 child_num=0 ui_assist_num=0,0,0
1786636168.044,251007.18,556800,556800,556800,556800,556800,556800,1017600,1017600,55.6,41.9,14.8,0.0,23.1,13.0,0.0,0.0,2918400,2918400,2918400,2918400,2918400,2918400,3283200,3283200,556800,2918400,1017600,3283200,7311,30423,pool-5-thread-1,5,26,38,18195,0,NA,31037,/top-app,0-7,/top-app,0-7,0,466,0,466,40.1,40.1,40.1,41.3,30,39.3,34.5,0.3,0,NONE,0,0,0,0,0,2147483647,2147483647,game_pid=-1 child_num=0 ui_assist_num=0,0,0
1786636168.341,251007.47,556800,556800,556800,556800,556800,556800,1017600,1017600,51.6,33.3,0.0,0.0,31.0,29.0,0.0,0.0,2918400,2918400,2918400,2918400,2918400,2918400,3283200,3283200,556800,2918400,1017600,3283200,7311,30423,pool-5-thread-1,5,26,38,18195,0,NA,31037,/top-app,0-7,/top-app,0-7,0,466,0,466,40.5,40.5,40.1,42.0,30,39.7,34.5,0.3,0,NONE,0,0,0,0,0,2147483647,2147483647,game_pid=-1 child_num=0 ui_assist_num=0,0,0
1786636168.590,251007.76,1555200,1555200,1555200,1555200,1555200,1555200,1017600,1017600,56.2,41.9,0.0,0.0,37.5,42.4,0.0,0.0,2918400,2918400,2918400,2918400,2918400,2918400,3283200,3283200,556800,2918400,1017600,3283200,7311,30423,pool-5-thread-1,5,26,38,18195,0,NA,31037,/top-app,0-7,/top-app,0-7,0,466,0,466,40.1,40.1,40.1,42.0,30,39.3,34.5,0.3,0,NONE,0,0,0,0,0,2147483647,2147483647,game_pid=-1 child_num=0 ui_assist_num=0,0,0
1786636168.850,251008.01,556800,556800,556800,556800,556800,556800,1017600,1017600,55.2,38.7,0.0,0.0,16.7,16.0,0.0,0.0,2918400,2918400,2918400,2918400,2918400,2918400,3283200,3283200,556800,2918400,1017600,3283200,7311,30423,pool-5-thread-1,5,26,38,18195,0,NA,31037,/top-app,0-7,/top-app,0-7,0,466,0,466,39.7,39.7,39.7,40.9,30,39.3,34.5,0.3,0,NONE,0,0,0,0,0,2147483647,2147483647,game_pid=-1 child_num=0 ui_assist_num=0,0,0
1786636169.120,251008.27,556800,556800,556800,556800,556800,556800,1017600,1017600,37.9,30.0,3.6,0.0,22.2,23.1,0.0,0.0,2918400,2918400,2918400,2918400,2918400,2918400,3283200,3283200,556800,2918400,1017600,3283200,7311,30423,pool-5-thread-1,5,26,38,18195,0,NA,31037,/top-app,0-7,/top-app,0-7,0,466,0,466,39.7,39.7,39.3,40.5,30,39.0,34.5,0.3,0,NONE,0,0,0,0,0,2147483647,2147483647,game_pid=-1 child_num=0 ui_assist_num=0,0,0
1786636169.365,251008.54,1152000,1152000,1152000,1152000,1152000,1152000,3072000,3072000,42.9,32.3,0.0,0.0,36.7,31.0,7.7,0.0,2918400,2918400,2918400,2918400,2918400,2918400,3283200,3283200,556800,2918400,1017600,3283200,7311,30423,pool-5-thread-1,5,26,38,18195,0,NA,31037,/top-app,0-7,/top-app,0-7,0,466,0,466,40.5,40.5,40.5,42.4,30,39.0,34.5,0.3,0,NONE,0,0,0,0,0,2147483647,2147483647,game_pid=-1 child_num=0 ui_assist_num=0,0,0
1786636169.626,251008.78,748800,748800,748800,748800,748800,748800,1017600,1017600,52.0,29.2,12.0,4.2,25.0,28.0,0.0,0.0,2918400,2918400,2918400,2918400,2918400,2918400,3283200,3283200,556800,2918400,1017600,3283200,7311,30423,pool-5-thread-1,5,26,38,18195,0,NA,31037,/top-app,0-7,/top-app,0-7,0,466,0,466,39.7,39.7,39.7,43.6,30,39.0,34.5,0.3,0,NONE,0,0,0,0,0,2147483647,2147483647,game_pid=-1 child_num=0 ui_assist_num=0,0,0
1786636169.888,251009.04,556800,556800,556800,556800,556800,556800,1017600,1017600,55.2,34.5,12.0,11.5,20.0,20.0,0.0,0.0,2918400,2918400,2918400,2918400,2918400,2918400,3283200,3283200,556800,2918400,1017600,3283200,7311,30423,pool-5-thread-1,5,26,38,18195,0,NA,31037,/top-app,0-7,/top-app,0-7,0,466,0,466,39.7,39.7,39.7,40.9,30,39.0,34.5,0.3,0,NONE,0,0,0,0,0,2147483647,2147483647,game_pid=-1 child_num=0 ui_assist_num=0,0,0
1786636170.155,251009.30,556800,556800,556800,556800,556800,556800,1017600,1017600,53.1,40.0,0.0,0.0,14.3,18.5,0.0,0.0,2918400,2918400,2918400,2918400,2918400,2918400,3283200,3283200,556800,2918400,1017600,3283200,7311,30423,pool-5-thread-1,5,26,38,18195,0,NA,31037,/top-app,0-7,/top-app,0-7,0,466,0,466,39.7,39.7,39.3,40.5,30,39.0,34.5,0.3,0,NONE,0,0,0,0,0,2147483647,2147483647,game_pid=-1 child_num=0 ui_assist_num=0,0,0
1786636170.429,251009.57,556800,556800,556800,556800,556800,556800,1017600,1017600,48.3,35.5,7.1,13.3,25.9,28.6,0.0,0.0,2918400,2918400,2918400,2918400,2918400,2918400,3283200,3283200,556800,2918400,1017600,3283200,7311,30423,pool-5-thread-1,5,26,38,18195,0,NA,31037,/top-app,0-7,/top-app,0-7,0,466,0,466,39.3,39.3,39.3,40.9,30,38.6,34.5,0.3,0,NONE,0,0,0,0,0,2147483647,2147483647,game_pid=-1 child_num=0 ui_assist_num=0,0,0
1786636170.664,251009.85,748800,748800,748800,748800,748800,748800,1017600,1017600,50.0,42.3,21.4,22.2,41.4,35.7,0.0,0.0,2918400,2918400,2918400,2918400,2918400,2918400,3283200,3283200,556800,2918400,1017600,3283200,7311,30423,pool-5-thread-1,5,26,38,18195,0,NA,31037,/top-app,0-7,/top-app,0-7,0,466,0,466,39.7,39.3,39.7,42.4,30,38.6,34.5,0.3,0,NONE,0,0,0,0,0,2147483647,2147483647,game_pid=-1 child_num=0 ui_assist_num=0,0,0
1786636170.958,251010.08,556800,556800,556800,556800,556800,556800,1017600,1017600,28.6,12.5,0.0,0.0,16.7,8.7,0.0,0.0,2918400,2918400,2918400,2918400,2918400,2918400,3283200,3283200,556800,2918400,1017600,3283200,7311,30423,pool-5-thread-1,5,26,38,18195,0,NA,31037,/top-app,0-7,/top-app,0-7,0,466,0,466,39.3,39.3,39.3,40.9,30,38.6,34.5,0.3,0,NONE,0,0,0,0,0,2147483647,2147483647,game_pid=-1 child_num=0 ui_assist_num=0,0,0
1786636171.219,251010.37,556800,556800,556800,556800,556800,556800,1017600,1017600,45.5,32.4,3.2,0.0,30.0,16.1,0.0,0.0,2918400,2918400,2918400,2918400,2918400,2918400,3283200,3283200,556800,2918400,1017600,3283200,7311,30423,pool-5-thread-1,5,26,38,18195,0,NA,31037,/top-app,0-7,/top-app,0-7,0,466,0,466,39.3,39.0,39.3,40.5,30,39.0,34.5,0.3,0,NONE,0,0,0,0,0,2147483647,2147483647,game_pid=-1 child_num=0 ui_assist_num=0,0,0
1786636171.500,251010.64,556800,556800,556800,556800,556800,556800,1017600,1017600,58.6,48.6,0.0,12.0,22.2,18.5,0.0,0.0,2918400,2918400,2918400,2918400,2918400,2918400,3283200,3283200,556800,2918400,1017600,3283200,7311,30423,pool-5-thread-1,5,26,38,18195,0,NA,31037,/top-app,0-7,/top-app,0-7,0,466,0,466,39.0,39.0,39.0,40.5,30,38.6,34.5,0.3,0,NONE,0,0,0,0,0,2147483647,2147483647,game_pid=-1 child_num=0 ui_assist_num=0,0,0
1786636171.748,251010.92,748800,748800,748800,748800,748800,748800,1017600,1017600,58.6,45.7,19.4,6.9,35.7,41.4,0.0,0.0,2918400,2918400,2918400,2918400,2918400,2918400,3283200,3283200,556800,2918400,1017600,3283200,7311,30423,pool-5-thread-1,5,26,38,18195,0,NA,31037,/top-app,0-7,/top-app,0-7,0,466,0,466,39.3,39.3,39.3,40.5,30,38.6,34.5,0.3,0,NONE,0,0,0,0,0,2147483647,2147483647,game_pid=-1 child_num=0 ui_assist_num=0,0,0
1786636172.024,251011.17,556800,556800,556800,556800,556800,556800,1017600,1017600,53.6,33.3,4.5,8.0,18.5,8.3,0.0,0.0,2918400,2918400,2918400,2918400,2918400,2918400,3283200,3283200,556800,2918400,1017600,3283200,7311,30423,pool-5-thread-1,5,26,38,18195,0,NA,31037,/top-app,0-7,/top-app,0-7,0,466,0,466,39.0,39.0,39.0,40.1,30,38.6,34.5,0.3,0,NONE,0,0,0,0,0,2147483647,2147483647,game_pid=-1 child_num=0 ui_assist_num=0,0,0
1786636172.283,251011.45,2745600,2745600,2745600,2745600,2745600,2745600,1017600,1017600,44.8,32.3,27.6,3.6,32.3,27.6,0.0,0.0,2918400,2918400,2918400,2918400,2918400,2918400,3283200,3283200,556800,2918400,1017600,3283200,7311,30423,pool-5-thread-1,5,26,38,18195,1,2,31037,/top-app,0-7,/top-app,0-7,0,466,0,466,39.7,39.3,39.7,44.0,30,38.6,34.5,0.3,0,NONE,0,0,0,0,0,2147483647,2147483647,game_pid=-1 child_num=0 ui_assist_num=0,0,0
1786636172.509,251011.69,2400000,2400000,2400000,2400000,2400000,2400000,1017600,1017600,20.0,16.7,34.8,4.2,21.7,48.0,0.0,0.0,2918400,2918400,2918400,2918400,2918400,2918400,3283200,3283200,556800,2918400,1017600,3283200,7311,30423,pool-5-thread-1,5,26,38,18195,1,4,31037,/top-app,0-7,/top-app,0-7,0,466,0,466,40.1,39.7,40.1,44.0,30,39.0,34.5,0.3,0,NONE,0,0,0,0,0,2147483647,2147483647,game_pid=-1 child_num=0 ui_assist_num=0,0,0
1786636172.736,251011.92,2745600,2745600,2745600,2745600,2745600,2745600,1017600,1017600,42.9,39.1,0.0,0.0,36.4,36.4,0.0,0.0,2918400,2918400,2918400,2918400,2918400,2918400,3283200,3283200,556800,2918400,1017600,3283200,7311,30423,pool-5-thread-1,5,26,38,18195,1,0,31037,/top-app,0-7,/top-app,0-7,0,466,0,466,40.5,39.7,40.5,45.5,30,38.6,34.5,0.3,0,NONE,0,0,0,0,0,2147483647,2147483647,game_pid=-1 child_num=0 ui_assist_num=0,0,0
1786636172.962,251012.15,2745600,2745600,2745600,2745600,2745600,2745600,1017600,1017600,13.6,59.1,4.3,43.5,14.3,17.4,0.0,0.0,2918400,2918400,2918400,2918400,2918400,2918400,3283200,3283200,556800,2918400,1017600,3283200,7311,30423,pool-5-thread-1,5,26,38,18195,1,1,31037,/top-app,0-7,/top-app,0-7,0,466,0,466,40.9,40.5,40.9,45.9,30,39.0,34.5,0.3,0,NONE,0,0,0,0,0,2147483647,2147483647,game_pid=-1 child_num=0 ui_assist_num=0,0,0
1786636173.185,251012.37,2745600,2745600,2745600,2745600,2745600,2745600,1017600,1017600,22.7,22.7,0.0,4.8,66.7,19.0,0.0,0.0,2918400,2918400,2918400,2918400,2918400,2918400,3283200,3283200,556800,2918400,1017600,3283200,7311,30423,pool-5-thread-1,5,26,38,18195,1,1,31037,/top-app,0-7,/top-app,0-7,0,466,0,466,40.9,40.5,40.9,45.9,30,39.0,34.5,0.3,0,NONE,0,0,0,0,0,2147483647,2147483647,game_pid=-1 child_num=0 ui_assist_num=0,0,0
1786636173.431,251012.60,2745600,2745600,2745600,2745600,2745600,2745600,1017600,1017600,23.8,42.9,0.0,0.0,38.1,54.5,0.0,0.0,2918400,2918400,2918400,2918400,2918400,2918400,3283200,3283200,556800,2918400,1017600,3283200,7311,30423,pool-5-thread-1,5,26,38,18195,1,4,31037,/top-app,0-7,/top-app,0-7,0,466,0,466,41.3,40.5,41.3,46.3,30,39.3,34.5,0.3,0,NONE,0,0,0,0,0,2147483647,2147483647,game_pid=-1 child_num=0 ui_assist_num=0,0,0
1786636173.656,251012.84,2745600,2745600,2745600,2745600,2745600,2745600,1017600,1017600,41.7,36.0,0.0,0.0,36.4,45.5,0.0,0.0,2918400,2918400,2918400,2918400,2918400,2918400,3283200,3283200,556800,2918400,1017600,3283200,7311,30423,pool-5-thread-1,5,26,38,18195,1,0,31037,/top-app,0-7,/top-app,0-7,0,466,0,466,41.3,40.9,41.3,46.3,30,39.3,34.5,0.3,0,NONE,0,0,0,0,0,2147483647,2147483647,game_pid=-1 child_num=0 ui_assist_num=0,0,0
1786636173.879,251013.07,2918400,2918400,2918400,2918400,2918400,2918400,1017600,1017600,28.6,27.3,22.7,0.0,54.5,26.1,0.0,0.0,2918400,2918400,2918400,2918400,2918400,2918400,3283200,3283200,556800,2918400,1017600,3283200,7311,30423,pool-5-thread-1,5,26,38,18195,1,1,31037,/top-app,0-7,/top-app,0-7,0,466,0,466,41.7,40.9,41.7,46.3,30,39.0,34.5,0.3,0,NONE,0,0,0,0,0,2147483647,2147483647,game_pid=-1 child_num=0 ui_assist_num=0,0,0
1786636174.104,251013.29,2745600,2745600,2745600,2745600,2745600,2745600,1017600,1017600,19.0,33.3,10.0,0.0,19.0,45.5,0.0,0.0,2918400,2918400,2918400,2918400,2918400,2918400,3283200,3283200,556800,2918400,1017600,3283200,7311,30423,pool-5-thread-1,5,26,38,18195,1,4,31037,/top-app,0-7,/top-app,0-7,0,466,0,466,41.7,40.9,41.7,46.3,30,39.3,34.5,0.3,0,NONE,0,0,0,0,0,2147483647,2147483647,game_pid=-1 child_num=0 ui_assist_num=0,0,0
1786636174.329,251013.52,2745600,2745600,2745600,2745600,2745600,2745600,1017600,1017600,34.8,33.3,0.0,0.0,40.9,31.8,0.0,0.0,2918400,2918400,2918400,2918400,2918400,2918400,3283200,3283200,556800,2918400,1017600,3283200,7311,30423,pool-5-thread-1,5,26,38,18195,1,1,31037,/top-app,0-7,/top-app,0-7,0,466,0,466,41.7,40.9,41.7,46.7,30,39.3,34.5,0.3,0,NONE,0,0,0,0,0,2147483647,2147483647,game_pid=-1 child_num=0 ui_assist_num=0,0,0
1786636174.577,251013.74,2745600,2745600,2745600,2745600,2745600,2745600,1017600,1017600,35.0,27.3,0.0,0.0,30.4,36.4,0.0,0.0,2918400,2918400,2918400,2918400,2918400,2918400,3283200,3283200,556800,2918400,1017600,3283200,7311,30423,pool-5-thread-1,5,26,38,18195,1,5,31037,/top-app,0-7,/top-app,0-7,0,466,0,466,41.7,41.3,41.7,46.3,30,39.7,34.5,0.3,0,NONE,0,0,0,0,0,2147483647,2147483647,game_pid=-1 child_num=0 ui_assist_num=0,0,0
1786636174.806,251013.99,2745600,2745600,2745600,2745600,2745600,2745600,1017600,1017600,20.8,37.5,0.0,0.0,46.2,39.1,0.0,0.0,2918400,2918400,2918400,2918400,2918400,2918400,3283200,3283200,556800,2918400,1017600,3283200,7311,30423,pool-5-thread-1,5,26,38,18195,1,5,31037,/top-app,0-7,/top-app,0-7,0,466,0,466,41.7,41.3,41.7,46.7,30,39.3,34.5,0.3,0,NONE,0,0,0,0,0,2147483647,2147483647,game_pid=-1 child_num=0 ui_assist_num=0,0,0
1786636175.031,251014.22,2745600,2745600,2745600,2745600,2745600,2745600,1017600,1017600,32.0,18.2,0.0,8.7,52.4,34.8,0.0,0.0,2918400,2918400,2918400,2918400,2918400,2918400,3283200,3283200,556800,2918400,1017600,3283200,7311,30423,pool-5-thread-1,5,26,38,18195,1,0,31037,/top-app,0-7,/top-app,0-7,0,466,0,466,42.0,41.3,42.0,46.3,30,39.3,34.5,0.3,0,NONE,0,0,0,0,0,2147483647,2147483647,game_pid=-1 child_num=0 ui_assist_num=0,0,0
1786636175.259,251014.45,2745600,2745600,2745600,2745600,2745600,2745600,1017600,1017600,28.6,38.1,0.0,0.0,36.4,30.4,0.0,0.0,2918400,2918400,2918400,2918400,2918400,2918400,3283200,3283200,556800,2918400,1017600,3283200,7311,30423,pool-5-thread-1,5,26,38,18195,1,4,31037,/top-app,0-7,/top-app,0-7,0,466,0,466,42.0,41.3,42.0,46.7,30,39.3,34.5,0.3,0,NONE,0,0,0,0,0,2147483647,2147483647,game_pid=-1 child_num=0 ui_assist_num=0,0,0
1786636175.483,251014.67,2745600,2745600,2745600,2745600,2745600,2745600,1017600,1017600,34.8,39.1,0.0,0.0,45.5,37.5,0.0,0.0,2918400,2918400,2918400,2918400,2918400,2918400,3283200,3283200,556800,2918400,1017600,3283200,7311,30423,pool-5-thread-1,5,26,38,18195,1,4,31037,/top-app,0-7,/top-app,0-7,0,466,0,466,41.7,41.3,41.7,46.7,30,39.7,34.5,0.3,0,NONE,0,0,0,0,0,2147483647,2147483647,game_pid=-1 child_num=0 ui_assist_num=0,0,0
1786636175.730,251014.90,2745600,2745600,2745600,2745600,2745600,2745600,1017600,1017600,40.0,40.0,0.0,14.3,31.8,30.0,0.0,0.0,2918400,2918400,2918400,2918400,2918400,2918400,3283200,3283200,556800,2918400,1017600,3283200,7311,30423,pool-5-thread-1,5,26,38,18195,1,5,31037,/top-app,0-7,/top-app,0-7,0,466,0,466,41.7,41.7,41.7,46.7,30,39.7,34.5,0.3,0,NONE,0,0,0,0,0,2147483647,2147483647,game_pid=-1 child_num=0 ui_assist_num=0,0,0
1786636175.956,251015.14,2745600,2745600,2745600,2745600,2745600,2745600,1017600,1017600,34.6,50.0,0.0,0.0,43.5,34.8,0.0,0.0,2918400,2918400,2918400,2918400,2918400,2918400,3283200,3283200,556800,2918400,1017600,3283200,7311,30423,pool-5-thread-1,5,26,38,18195,1,5,31037,/top-app,0-7,/top-app,0-7,0,466,0,466,42.0,41.7,42.0,46.7,30,39.3,34.5,0.3,0,NONE,0,0,0,0,0,2147483647,2147483647,game_pid=-1 child_num=0 ui_assist_num=0,0,0
1786636176.180,251015.37,2745600,2745600,2745600,2745600,2745600,2745600,1017600,1017600,22.2,23.8,0.0,0.0,40.9,41.7,0.0,0.0,2918400,2918400,2918400,2918400,2918400,2918400,3283200,3283200,556800,2918400,1017600,3283200,7311,30423,pool-5-thread-1,5,26,38,18195,1,5,31037,/top-app,0-7,/top-app,0-7,0,466,0,466,42.0,41.7,42.0,47.1,30,39.3,34.5,0.3,0,NONE,0,0,0,0,0,2147483647,2147483647,game_pid=-1 child_num=0 ui_assist_num=0,0,0
1786636176.403,251015.59,2745600,2745600,2745600,2745600,2745600,2745600,1017600,1017600,47.8,47.8,0.0,0.0,40.9,39.1,0.0,0.0,2918400,2918400,2918400,2918400,2918400,2918400,3283200,3283200,556800,2918400,1017600,3283200,7311,30423,pool-5-thread-1,5,26,38,18195,1,5,31037,/top-app,0-7,/top-app,0-7,0,466,0,466,42.0,41.7,42.0,46.7,30,39.3,34.5,0.3,0,NONE,0,0,0,0,0,2147483647,2147483647,game_pid=-1 child_num=0 ui_assist_num=0,0,0
1786636176.628,251015.82,2745600,2745600,2745600,2745600,2745600,2745600,1017600,1017600,34.8,33.3,0.0,0.0,45.5,36.4,0.0,0.0,2918400,2918400,2918400,2918400,2918400,2918400,3283200,3283200,556800,2918400,1017600,3283200,7311,30423,pool-5-thread-1,5,26,38,18195,1,5,31037,/top-app,0-7,/top-app,0-7,0,466,0,466,42.0,41.3,42.0,46.7,30,39.7,34.5,0.3,0,NONE,0,0,0,0,0,2147483647,2147483647,game_pid=-1 child_num=0 ui_assist_num=0,0,0
1786636176.877,251016.04,2745600,2745600,2745600,2745600,2745600,2745600,1017600,1017600,40.9,39.1,0.0,0.0,31.8,50.0,0.0,0.0,2918400,2918400,2918400,2918400,2918400,2918400,3283200,3283200,556800,2918400,1017600,3283200,7311,30423,pool-5-thread-1,5,26,38,18195,1,4,31037,/top-app,0-7,/top-app,0-7,0,466,0,466,42.0,41.3,42.0,49.4,30,39.3,34.5,0.3,0,NONE,0,0,0,0,0,2147483647,2147483647,game_pid=-1 child_num=0 ui_assist_num=0,0,0
1786636177.100,251016.29,2745600,2745600,2745600,2745600,2745600,2745600,1017600,1017600,20.0,12.5,15.4,52.2,45.8,45.8,0.0,0.0,2918400,2918400,2918400,2918400,2918400,2918400,3283200,3283200,556800,2918400,1017600,3283200,7311,30423,pool-5-thread-1,5,26,38,18195,1,4,31037,/top-app,0-7,/top-app,0-7,0,466,0,466,42.0,41.7,42.0,47.8,30,40.1,34.5,0.3,0,NONE,0,0,0,0,0,2147483647,2147483647,game_pid=-1 child_num=0 ui_assist_num=0,0,0
1786636177.326,251016.51,2745600,2745600,2745600,2745600,2745600,2745600,1017600,1017600,23.8,34.8,4.5,4.3,47.6,25.0,0.0,0.0,2918400,2918400,2918400,2918400,2918400,2918400,3283200,3283200,556800,2918400,1017600,3283200,7311,30423,pool-5-thread-1,5,26,38,18195,1,1,31037,/top-app,0-7,/top-app,0-7,0,466,0,466,42.4,42.0,42.4,47.5,30,39.7,34.5,0.3,0,NONE,0,0,0,0,0,2147483647,2147483647,game_pid=-1 child_num=0 ui_assist_num=0,0,0
1786636177.550,251016.74,2745600,2745600,2745600,2745600,2745600,2745600,1017600,1017600,40.9,43.5,0.0,0.0,30.4,28.6,0.0,0.0,2918400,2918400,2918400,2918400,2918400,2918400,3283200,3283200,556800,2918400,1017600,3283200,7311,30423,pool-5-thread-1,5,26,38,18195,1,5,31037,/top-app,0-7,/top-app,0-7,0,466,0,466,42.4,41.7,42.4,47.5,30,39.7,34.5,0.3,0,NONE,0,0,0,0,0,2147483647,2147483647,game_pid=-1 child_num=0 ui_assist_num=0,0,0
1786636177.777,251016.96,2745600,2745600,2745600,2745600,2745600,2745600,1017600,1017600,34.8,33.3,0.0,0.0,36.4,47.6,0.0,0.0,2918400,2918400,2918400,2918400,2918400,2918400,3283200,3283200,556800,2918400,1017600,3283200,7311,30423,pool-5-thread-1,5,26,38,18195,1,0,31037,/top-app,0-7,/top-app,0-7,0,466,0,466,42.4,41.7,42.4,46.7,30,39.7,34.5,0.3,0,NONE,0,0,0,0,0,2147483647,2147483647,game_pid=-1 child_num=0 ui_assist_num=0,0,0
1786636178.024,251017.19,2745600,2745600,2745600,2745600,2745600,2745600,1017600,1017600,38.1,37.5,0.0,0.0,38.1,38.1,0.0,0.0,2918400,2918400,2918400,2918400,2918400,2918400,3283200,3283200,556800,2918400,1017600,3283200,7311,30423,pool-5-thread-1,5,26,38,18195,1,0,31037,/top-app,0-7,/top-app,0-7,0,466,0,466,42.8,41.7,42.8,48.2,30,39.7,34.5,0.3,0,NONE,0,0,0,0,0,2147483647,2147483647,game_pid=-1 child_num=0 ui_assist_num=0,0,0
1786636178.260,251017.44,2745600,2745600,2745600,2745600,2745600,2745600,1017600,1017600,32.0,48.0,0.0,0.0,34.8,40.0,0.0,0.0,2918400,2918400,2918400,2918400,2918400,2918400,3283200,3283200,556800,2918400,1017600,3283200,7311,30423,pool-5-thread-1,5,26,38,18195,1,5,31037,/top-app,0-7,/top-app,0-7,0,466,0,466,42.4,41.7,42.4,45.5,30,39.7,34.5,0.3,0,NONE,0,0,0,0,0,2147483647,2147483647,game_pid=-1 child_num=0 ui_assist_num=0,0,0
1786636178.487,251017.67,2745600,2745600,2745600,2745600,2745600,2745600,1017600,1017600,30.4,18.2,4.2,4.2,63.6,37.5,0.0,0.0,2918400,2918400,2918400,2918400,2918400,2918400,3283200,3283200,556800,2918400,1017600,3283200,7311,30423,pool-5-thread-1,5,26,38,18195,1,4,31037,/top-app,0-7,/top-app,0-7,0,466,0,466,42.4,41.7,42.4,47.5,30,39.7,34.5,0.3,0,NONE,0,0,0,0,0,2147483647,2147483647,game_pid=-1 child_num=0 ui_assist_num=0,0,0
1786636178.710,251017.90,2745600,2745600,2745600,2745600,2745600,2745600,1017600,1017600,31.8,31.8,0.0,0.0,38.1,30.4,0.0,0.0,2918400,2918400,2918400,2918400,2918400,2918400,3283200,3283200,556800,2918400,1017600,3283200,7311,30423,pool-5-thread-1,5,26,38,18195,1,4,31037,/top-app,0-7,/top-app,0-7,0,466,0,466,42.4,41.7,42.4,47.1,30,40.1,34.5,0.3,0,NONE,0,0,0,0,0,2147483647,2147483647,game_pid=-1 child_num=0 ui_assist_num=0,0,0
1786636178.935,251018.12,2745600,2745600,2745600,2745600,2745600,2745600,1017600,1017600,39.1,38.1,0.0,0.0,45.5,27.3,0.0,0.0,2918400,2918400,2918400,2918400,2918400,2918400,3283200,3283200,556800,2918400,1017600,3283200,7311,30423,pool-5-thread-1,5,26,38,18195,1,5,31037,/top-app,0-7,/top-app,0-7,0,466,0,466,42.4,41.7,42.4,47.5,30,40.1,34.5,0.3,0,NONE,0,0,0,0,0,2147483647,2147483647,game_pid=-1 child_num=0 ui_assist_num=0,0,0
1786636179.238,251018.35,556800,556800,556800,556800,556800,556800,1017600,1017600,50.0,38.5,0.0,0.0,26.1,31.8,0.0,0.0,2918400,2918400,2918400,2918400,2918400,2918400,3283200,3283200,556800,2918400,1017600,3283200,7311,30423,pool-5-thread-1,5,26,38,18195,0,NA,31037,/top-app,0-7,/top-app,0-7,0,466,0,466,41.7,41.3,41.7,42.8,30,39.7,34.5,0.3,0,NONE,0,0,0,0,0,2147483647,2147483647,game_pid=-1 child_num=0 ui_assist_num=0,0,0
1786636179.512,251018.66,556800,556800,556800,556800,556800,556800,1017600,1017600,54.8,38.7,0.0,0.0,34.4,37.5,0.0,0.0,2918400,2918400,2918400,2918400,2918400,2918400,3283200,3283200,556800,2918400,1017600,3283200,7311,30423,pool-5-thread-1,5,26,38,18195,0,NA,31037,/top-app,0-7,/top-app,0-7,0,466,0,466,40.9,40.9,40.5,42.4,30,39.7,34.5,0.3,0,NONE,0,0,0,0,0,2147483647,2147483647,game_pid=-1 child_num=0 ui_assist_num=0,0,0
1786636179.765,251018.93,748800,748800,748800,748800,748800,748800,1017600,1017600,63.3,46.4,11.5,7.4,39.3,28.0,0.0,0.0,2918400,2918400,2918400,2918400,2918400,2918400,3283200,3283200,556800,2918400,1017600,3283200,7311,30423,pool-5-thread-1,5,26,38,18195,0,NA,31037,/top-app,0-7,/top-app,0-7,0,466,0,466,40.5,40.5,40.5,43.2,30,39.3,34.5,0.3,0,NONE,0,0,0,0,0,2147483647,2147483647,game_pid=-1 child_num=0 ui_assist_num=0,0,0
1786636180.002,251019.18,960000,960000,960000,960000,960000,960000,1017600,1017600,36.4,33.3,0.0,0.0,42.3,16.7,0.0,0.0,2918400,2918400,2918400,2918400,2918400,2918400,3283200,3283200,556800,2918400,1017600,3283200,7311,30423,pool-5-thread-1,5,26,38,18195,0,NA,31037,/top-app,0-7,/top-app,0-7,0,466,0,466,40.5,40.1,40.5,42.4,30,39.3,34.5,0.3,0,NONE,0,0,0,0,0,2147483647,2147483647,game_pid=-1 child_num=0 ui_assist_num=0,0,0
1786636180.271,251019.42,556800,556800,556800,556800,556800,556800,1017600,1017600,45.5,37.9,0.0,0.0,17.4,20.0,0.0,0.0,2918400,2918400,2918400,2918400,2918400,2918400,3283200,3283200,556800,2918400,1017600,3283200,7311,30423,pool-5-thread-1,5,26,38,18195,0,NA,31037,/top-app,0-7,/top-app,0-7,0,466,0,466,40.1,40.1,40.1,40.9,30,39.7,34.5,0.3,0,NONE,0,0,0,0,0,2147483647,2147483647,game_pid=-1 child_num=0 ui_assist_num=0,0,0
1786636180.819,251019.69,556800,556800,556800,556800,556800,556800,1017600,1017600,50.0,36.7,0.0,0.0,30.0,20.7,0.0,0.0,2918400,2918400,2918400,2918400,2918400,2918400,3283200,3283200,556800,2918400,1017600,3283200,7311,30423,pool-5-thread-1,5,26,38,18195,0,NA,31037,/top-app,0-7,/top-app,0-7,0,466,0,466,40.1,40.1,39.7,41.3,30,39.3,34.5,0.3,0,NONE,0,0,0,0,0,2147483647,2147483647,game_pid=-1 child_num=0 ui_assist_num=0,0,0
1786636180.865,251020.00,556800,556800,556800,556800,556800,556800,1017600,1017600,51.5,38.2,0.0,0.0,23.3,36.4,0.0,0.0,2918400,2918400,2918400,2918400,2918400,2918400,3283200,3283200,556800,2918400,1017600,3283200,7311,30423,pool-5-thread-1,5,26,38,18195,0,NA,31037,/top-app,0-7,/top-app,0-7,0,466,0,466,40.1,40.1,39.7,40.9,30,39.3,34.5,0.3,0,NONE,0,0,0,0,0,2147483647,2147483647,game_pid=-1 child_num=0 ui_assist_num=0,0,0
1786636181.148,251020.29,556800,556800,556800,556800,556800,556800,1017600,1017600,51.5,37.5,0.0,0.0,36.7,30.0,0.0,0.0,2918400,2918400,2918400,2918400,2918400,2918400,3283200,3283200,556800,2918400,1017600,3283200,7311,30423,pool-5-thread-1,5,26,38,18195,0,NA,31037,/top-app,0-7,/top-app,0-7,0,466,0,466,39.7,39.7,39.7,40.5,30,39.3,34.5,0.3,0,NONE,0,0,0,0,0,2147483647,2147483647,game_pid=-1 child_num=0 ui_assist_num=0,0,0
1786636181.426,251020.56,556800,556800,556800,556800,556800,556800,1017600,1017600,54.5,40.0,0.0,0.0,21.4,25.9,0.0,0.0,2918400,2918400,2918400,2918400,2918400,2918400,3283200,3283200,556800,2918400,1017600,3283200,7311,30423,pool-5-thread-1,5,26,38,18195,0,NA,31037,/top-app,0-7,/top-app,0-7,0,466,0,466,39.3,39.3,39.3,40.1,30,39.0,34.5,0.3,0,NONE,0,0,0,0,0,2147483647,2147483647,game_pid=-1 child_num=0 ui_assist_num=0,0,0
1786636181.707,251020.85,556800,556800,556800,556800,556800,556800,1017600,1017600,51.5,47.4,0.0,0.0,26.7,16.7,0.0,0.0,2918400,2918400,2918400,2918400,2918400,2918400,3283200,3283200,556800,2918400,1017600,3283200,7311,30423,pool-5-thread-1,5,26,38,18195,0,NA,31037,/top-app,0-7,/top-app,0-7,0,466,0,466,39.7,39.3,39.7,40.9,30,39.0,34.5,0.3,0,NONE,0,0,0,0,0,2147483647,2147483647,game_pid=-1 child_num=0 ui_assist_num=0,0,0
1786636182.003,251021.13,556800,556800,556800,556800,556800,556800,1017600,1017600,53.1,38.2,7.4,0.0,35.5,20.7,0.0,0.0,2918400,2918400,2918400,2918400,2918400,2918400,3283200,3283200,556800,2918400,1017600,3283200,7311,30423,pool-5-thread-1,5,26,38,18195,0,NA,31037,/top-app,0-7,/top-app,0-7,0,466,0,466,39.3,39.3,39.3,40.9,30,38.6,34.5,0.3,0,NONE,0,0,0,0,0,2147483647,2147483647,game_pid=-1 child_num=0 ui_assist_num=0,0,0
1786636182.377,251021.42,556800,556800,556800,556800,556800,556800,1017600,1017600,48.3,40.6,0.0,19.4,17.9,33.3,0.0,0.0,2918400,2918400,2918400,2918400,2918400,2918400,3283200,3283200,556800,2918400,1017600,3283200,7311,30423,pool-5-thread-1,5,26,38,18195,0,NA,31037,/top-app,0-7,/top-app,0-7,0,466,0,466,39.7,39.7,39.3,40.9,30,39.0,34.5,0.3,0,NONE,0,0,0,0,0,2147483647,2147483647,game_pid=-1 child_num=0 ui_assist_num=0,0,0
1786636182.523,251021.67,556800,556800,556800,556800,556800,556800,1017600,1017600,46.4,42.4,0.0,0.0,20.0,12.0,0.0,0.0,2918400,2918400,2918400,2918400,2918400,2918400,3283200,3283200,556800,2918400,1017600,3283200,7311,30423,pool-5-thread-1,5,26,38,18195,0,NA,31037,/top-app,0-7,/top-app,0-7,0,466,0,466,39.3,39.3,39.3,40.5,30,39.0,34.5,0.3,0,NONE,0,0,0,0,0,2147483647,2147483647,game_pid=-1 child_num=0 ui_assist_num=0,0,0
1786636182.795,251021.94,556800,556800,556800,556800,556800,556800,1017600,1017600,54.5,40.0,0.0,0.0,17.9,30.0,0.0,0.0,2918400,2918400,2918400,2918400,2918400,2918400,3283200,3283200,556800,2918400,1017600,3283200,7311,30423,pool-5-thread-1,5,26,38,18195,0,NA,31037,/top-app,0-7,/top-app,0-7,0,466,0,466,39.3,39.3,39.0,40.1,30,39.0,34.5,0.3,0,NONE,0,0,0,0,0,2147483647,2147483647,game_pid=-1 child_num=0 ui_assist_num=0,0,0
1786636183.065,251022.21,556800,556800,556800,556800,556800,556800,1017600,1017600,48.5,38.9,3.6,0.0,14.8,21.4,0.0,0.0,2918400,2918400,2918400,2918400,2918400,2918400,3283200,3283200,556800,2918400,1017600,3283200,7311,30423,pool-5-thread-1,5,26,38,18195,0,NA,31037,/top-app,0-7,/top-app,0-7,0,466,0,466,39.3,39.3,39.0,40.1,30,39.0,34.5,0.3,0,NONE,0,0,0,0,0,2147483647,2147483647,game_pid=-1 child_num=0 ui_assist_num=0,0,0
1786636183.364,251022.49,556800,556800,556800,556800,556800,556800,1017600,1017600,46.4,36.7,0.0,0.0,34.5,34.5,0.0,0.0,2918400,2918400,2918400,2918400,2918400,2918400,3283200,3283200,556800,2918400,1017600,3283200,7311,30423,pool-5-thread-1,5,26,38,18195,0,NA,31037,/top-app,0-7,/top-app,0-7,0,466,0,466,39.3,39.0,39.3,40.9,30,38.6,34.5,0.3,0,NONE,0,0,0,0,0,2147483647,2147483647,game_pid=-1 child_num=0 ui_assist_num=0,0,0
1786636183.642,251022.78,556800,556800,556800,556800,556800,556800,1017600,1017600,42.4,32.4,0.0,0.0,21.9,25.0,0.0,0.0,2918400,2918400,2918400,2918400,2918400,2918400,3283200,3283200,556800,2918400,1017600,3283200,7311,30423,pool-5-thread-1,5,26,38,18195,0,NA,31037,/top-app,0-7,/top-app,0-7,0,466,0,466,39.0,39.0,39.0,40.1,30,38.6,34.5,0.3,0,NONE,0,0,0,0,0,2147483647,2147483647,game_pid=-1 child_num=0 ui_assist_num=0,0,0
1786636183.896,251023.06,556800,556800,556800,556800,556800,556800,1017600,1017600,51.7,41.2,13.3,3.7,28.6,25.0,0.0,0.0,2918400,2918400,2918400,2918400,2918400,2918400,3283200,3283200,556800,2918400,1017600,3283200,7311,30423,pool-5-thread-1,5,26,38,18195,0,NA,31037,/top-app,0-7,/top-app,0-7,0,466,0,466,39.0,39.0,39.0,40.9,30,38.6,34.5,0.3,0,NONE,0,0,0,0,0,2147483647,2147483647,game_pid=-1 child_num=0 ui_assist_num=0,0,0
1786636184.122,251023.31,2745600,2745600,2745600,2745600,2745600,2745600,1017600,1017600,44.0,48.0,0.0,0.0,37.5,45.8,0.0,0.0,2918400,2918400,2918400,2918400,2918400,2918400,3283200,3283200,556800,2918400,1017600,3283200,7311,30423,pool-5-thread-1,5,26,38,18195,1,0,31037,/top-app,0-7,/top-app,0-7,0,466,0,466,39.7,39.3,39.7,44.0,30,38.6,34.5,0.3,0,NONE,0,0,0,0,0,2147483647,2147483647,game_pid=-1 child_num=0 ui_assist_num=0,0,0
1786636184.350,251023.53,2745600,2745600,2745600,2745600,2745600,2745600,1017600,1017600,59.1,38.1,4.5,13.0,45.8,33.3,0.0,0.0,2918400,2918400,2918400,2918400,2918400,2918400,3283200,3283200,556800,2918400,1017600,3283200,7311,30423,pool-5-thread-1,5,26,38,18195,1,4,31037,/top-app,0-7,/top-app,0-7,0,466,0,466,40.9,40.1,40.9,45.9,30,38.6,34.5,0.3,0,NONE,0,0,0,0,0,2147483647,2147483647,game_pid=-1 child_num=0 ui_assist_num=0,0,0
1786636184.594,251023.76,2745600,2745600,2745600,2745600,2745600,2745600,1017600,1017600,23.8,37.5,0.0,0.0,33.3,45.8,0.0,0.0,2918400,2918400,2918400,2918400,2918400,2918400,3283200,3283200,556800,2918400,1017600,3283200,7311,30423,pool-5-thread-1,5,26,38,18195,1,1,31037,/top-app,0-7,/top-app,0-7,0,466,0,466,41.3,40.5,41.3,46.3,30,38.6,34.5,0.3,0,NONE,0,0,0,0,0,2147483647,2147483647,game_pid=-1 child_num=0 ui_assist_num=0,0,0
1786636184.817,251024.01,2745600,2745600,2745600,2745600,2745600,2745600,1017600,1017600,33.3,39.1,0.0,0.0,56.5,42.3,0.0,0.0,2918400,2918400,2918400,2918400,2918400,2918400,3283200,3283200,556800,2918400,1017600,3283200,7311,30423,pool-5-thread-1,5,26,38,18195,1,4,31037,/top-app,0-7,/top-app,0-7,0,466,0,466,40.9,40.5,40.9,45.5,30,39.3,34.5,0.3,0,NONE,0,0,0,0,0,2147483647,2147483647,game_pid=-1 child_num=0 ui_assist_num=0,0,0
1786636185.044,251024.23,2745600,2745600,2745600,2745600,2745600,2745600,1017600,1017600,27.3,27.3,0.0,0.0,52.4,23.8,0.0,0.0,2918400,2918400,2918400,2918400,2918400,2918400,3283200,3283200,556800,2918400,1017600,3283200,7311,30423,pool-5-thread-1,5,26,38,18195,1,5,31037,/top-app,0-7,/top-app,0-7,0,466,0,466,41.7,40.5,41.7,47.1,30,39.0,34.5,0.3,0,NONE,0,0,0,0,0,2147483647,2147483647,game_pid=-1 child_num=0 ui_assist_num=0,0,0
1786636185.267,251024.46,2745600,2745600,2745600,2745600,2745600,2745600,1017600,1017600,21.1,41.7,0.0,0.0,56.0,36.4,0.0,0.0,2918400,2918400,2918400,2918400,2918400,2918400,3283200,3283200,556800,2918400,1017600,3283200,7311,30423,pool-5-thread-1,5,26,38,18195,1,5,31037,/top-app,0-7,/top-app,0-7,0,466,0,466,41.7,40.9,41.7,45.9,30,39.3,34.5,0.3,0,NONE,0,0,0,0,0,2147483647,2147483647,game_pid=-1 child_num=0 ui_assist_num=0,0,0
1786636185.491,251024.68,2745600,2745600,2745600,2745600,2745600,2745600,1017600,1017600,22.7,36.4,0.0,0.0,30.0,45.0,0.0,0.0,2918400,2918400,2918400,2918400,2918400,2918400,3283200,3283200,556800,2918400,1017600,3283200,7311,30423,pool-5-thread-1,5,26,38,18195,1,1,31037,/top-app,0-7,/top-app,0-7,0,466,0,466,41.3,41.3,41.3,45.5,30,39.3,34.5,0.3,0,NONE,0,0,0,0,0,2147483647,2147483647,game_pid=-1 child_num=0 ui_assist_num=0,0,0
1786636185.746,251024.90,2918400,2918400,2918400,2918400,2918400,2918400,1017600,1017600,39.1,33.3,0.0,0.0,42.9,34.8,0.0,0.0,2918400,2918400,2918400,2918400,2918400,2918400,3283200,3283200,556800,2918400,1017600,3283200,7311,30423,pool-5-thread-1,5,26,38,18195,1,0,31037,/top-app,0-7,/top-app,0-7,0,466,0,466,41.7,40.9,41.7,48.6,30,39.3,34.5,0.3,0,NONE,0,0,0,0,0,2147483647,2147483647,game_pid=-1 child_num=0 ui_assist_num=0,0,0
1786636185.966,251025.15,2745600,2745600,2745600,2745600,2745600,2745600,1017600,1017600,26.1,37.5,0.0,0.0,40.0,44.0,0.0,0.0,2918400,2918400,2918400,2918400,2918400,2918400,3283200,3283200,556800,2918400,1017600,3283200,7311,30423,pool-5-thread-1,5,26,38,18195,1,4,31037,/top-app,0-7,/top-app,0-7,0,466,0,466,42.0,41.3,42.0,47.1,30,39.3,34.5,0.3,0,NONE,0,0,0,0,0,2147483647,2147483647,game_pid=-1 child_num=0 ui_assist_num=0,0,0
1786636186.191,251025.38,2745600,2745600,2745600,2745600,2745600,2745600,1017600,1017600,39.1,39.1,0.0,0.0,38.1,36.4,0.0,0.0,2918400,2918400,2918400,2918400,2918400,2918400,3283200,3283200,556800,2918400,1017600,3283200,7311,30423,pool-5-thread-1,5,26,38,18195,1,0,31037,/top-app,0-7,/top-app,0-7,0,466,0,466,42.0,41.3,42.0,46.7,30,39.7,34.5,0.3,0,NONE,0,0,0,0,0,2147483647,2147483647,game_pid=-1 child_num=0 ui_assist_num=0,0,0
1786636186.417,251025.60,2745600,2745600,2745600,2745600,2745600,2745600,1017600,1017600,38.1,31.6,0.0,0.0,45.5,27.3,0.0,0.0,2918400,2918400,2918400,2918400,2918400,2918400,3283200,3283200,556800,2918400,1017600,3283200,7311,30423,pool-5-thread-1,5,26,38,18195,1,0,31037,/top-app,0-7,/top-app,0-7,0,466,0,466,41.7,41.7,41.7,47.1,30,39.3,34.5,0.3,0,NONE,0,0,0,0,0,2147483647,2147483647,game_pid=-1 child_num=0 ui_assist_num=0,0,0
1786636186.640,251025.83,2745600,2745600,2745600,2745600,2745600,2745600,1017600,1017600,28.6,47.8,0.0,0.0,26.1,27.3,0.0,0.0,2918400,2918400,2918400,2918400,2918400,2918400,3283200,3283200,556800,2918400,1017600,3283200,7311,30423,pool-5-thread-1,5,26,38,18195,1,5,31037,/top-app,0-7,/top-app,0-7,0,466,0,466,42.0,41.3,42.0,46.7,30,39.7,34.5,0.3,0,NONE,0,0,0,0,0,2147483647,2147483647,game_pid=-1 child_num=0 ui_assist_num=0,0,0
1786636186.890,251026.05,2745600,2745600,2745600,2745600,2745600,2745600,1017600,1017600,27.3,35.0,0.0,0.0,23.8,36.4,0.0,0.0,2918400,2918400,2918400,2918400,2918400,2918400,3283200,3283200,556800,2918400,1017600,3283200,7311,30423,pool-5-thread-1,5,26,38,18195,1,1,31037,/top-app,0-7,/top-app,0-7,0,466,0,466,42.0,41.7,42.0,47.8,30,39.7,34.5,0.3,0,NONE,0,0,0,0,0,2147483647,2147483647,game_pid=-1 child_num=0 ui_assist_num=0,0,0
1786636187.113,251026.30,2745600,2745600,2745600,2745600,2745600,2745600,1017600,1017600,32.0,26.1,0.0,0.0,43.5,41.7,0.0,0.0,2918400,2918400,2918400,2918400,2918400,2918400,3283200,3283200,556800,2918400,1017600,3283200,7311,30423,pool-5-thread-1,5,26,38,18195,1,1,31037,/top-app,0-7,/top-app,0-7,0,466,0,466,41.7,41.3,41.7,46.3,30,39.7,34.5,0.3,0,NONE,0,0,0,0,0,2147483647,2147483647,game_pid=-1 child_num=0 ui_assist_num=0,0,0
1786636187.336,251026.52,2745600,2745600,2745600,2745600,2745600,2745600,1017600,1017600,28.6,41.7,0.0,4.3,45.5,55.0,0.0,0.0,2918400,2918400,2918400,2918400,2918400,2918400,3283200,3283200,556800,2918400,1017600,3283200,7311,30423,pool-5-thread-1,5,26,38,18195,1,5,31037,/top-app,0-7,/top-app,0-7,0,466,0,466,42.0,41.7,42.0,47.1,30,39.7,34.5,0.3,0,NONE,0,0,0,0,0,2147483647,2147483647,game_pid=-1 child_num=0 ui_assist_num=0,0,0
1786636187.560,251026.75,2918400,2918400,2918400,2918400,2918400,2918400,1017600,1017600,20.0,20.0,0.0,0.0,30.4,59.1,0.0,0.0,2918400,2918400,2918400,2918400,2918400,2918400,3283200,3283200,556800,2918400,1017600,3283200,7311,30423,pool-5-thread-1,5,26,38,18195,1,4,31037,/top-app,0-7,/top-app,0-7,0,466,0,466,42.4,42.0,42.4,48.2,30,39.3,34.5,0.3,0,NONE,0,0,0,0,0,2147483647,2147483647,game_pid=-1 child_num=0 ui_assist_num=0,0,0
1786636187.784,251026.97,2918400,2918400,2918400,2918400,2918400,2918400,1017600,1017600,36.4,47.8,0.0,0.0,36.4,43.5,0.0,0.0,2918400,2918400,2918400,2918400,2918400,2918400,3283200,3283200,556800,2918400,1017600,3283200,7311,30423,pool-5-thread-1,5,26,38,18195,1,5,31037,/top-app,0-7,/top-app,0-7,0,466,0,466,42.8,42.0,42.8,49.0,30,39.7,34.5,0.3,0,NONE,0,0,0,0,0,2147483647,2147483647,game_pid=-1 child_num=0 ui_assist_num=0,0,0
1786636188.034,251027.20,2745600,2745600,2745600,2745600,2745600,2745600,1017600,1017600,34.8,22.7,0.0,0.0,42.9,35.0,0.0,0.0,2918400,2918400,2918400,2918400,2918400,2918400,3283200,3283200,556800,2918400,1017600,3283200,7311,30423,pool-5-thread-1,5,26,38,18195,1,0,31037,/top-app,0-7,/top-app,0-7,0,466,0,466,42.8,41.7,42.8,48.2,30,39.7,34.5,0.3,0,NONE,0,0,0,0,0,2147483647,2147483647,game_pid=-1 child_num=0 ui_assist_num=0,0,0
1786636188.259,251027.45,2745600,2745600,2745600,2745600,2745600,2745600,1017600,1017600,26.1,41.7,0.0,0.0,40.0,36.0,0.0,0.0,2918400,2918400,2918400,2918400,2918400,2918400,3283200,3283200,556800,2918400,1017600,3283200,7311,30423,pool-5-thread-1,5,26,38,18195,1,1,31037,/top-app,0-7,/top-app,0-7,0,466,0,466,42.4,42.0,42.4,47.1,30,39.7,34.5,0.3,0,NONE,0,0,0,0,0,2147483647,2147483647,game_pid=-1 child_num=0 ui_assist_num=0,0,0
1786636188.486,251027.67,2745600,2745600,2745600,2745600,2745600,2745600,1017600,1017600,39.1,36.4,0.0,0.0,42.9,35.0,0.0,0.0,2918400,2918400,2918400,2918400,2918400,2918400,3283200,3283200,556800,2918400,1017600,3283200,7311,30423,pool-5-thread-1,5,26,38,18195,1,1,31037,/top-app,0-7,/top-app,0-7,0,466,0,466,42.0,41.7,42.0,46.7,30,39.7,34.5,0.3,0,NONE,0,0,0,0,0,2147483647,2147483647,game_pid=-1 child_num=0 ui_assist_num=0,0,0
1786636188.711,251027.90,2745600,2745600,2745600,2745600,2745600,2745600,1017600,1017600,36.4,47.8,0.0,0.0,33.3,41.7,0.0,0.0,2918400,2918400,2918400,2918400,2918400,2918400,3283200,3283200,556800,2918400,1017600,3283200,7311,30423,pool-5-thread-1,5,26,38,18195,1,5,31037,/top-app,0-7,/top-app,0-7,0,466,0,466,42.8,41.7,42.8,48.2,30,39.7,34.5,0.3,0,NONE,0,0,0,0,0,2147483647,2147483647,game_pid=-1 child_num=0 ui_assist_num=0,0,0
1786636188.933,251028.12,2745600,2745600,2745600,2745600,2745600,2745600,1017600,1017600,23.8,25.0,0.0,0.0,27.3,47.8,0.0,0.0,2918400,2918400,2918400,2918400,2918400,2918400,3283200,3283200,556800,2918400,1017600,3283200,7311,30423,pool-5-thread-1,5,26,38,18195,1,4,31037,/top-app,0-7,/top-app,0-7,0,466,0,466,42.4,41.7,42.4,47.1,30,40.1,34.5,0.3,0,NONE,0,0,0,0,0,2147483647,2147483647,game_pid=-1 child_num=0 ui_assist_num=0,0,0
1786636189.181,251028.35,2745600,2745600,2745600,2745600,2745600,2745600,1017600,1017600,42.9,36.4,0.0,0.0,27.3,30.0,0.0,0.0,2918400,2918400,2918400,2918400,2918400,2918400,3283200,3283200,556800,2918400,1017600,3283200,7311,30423,pool-5-thread-1,5,26,38,18195,1,4,31037,/top-app,0-7,/top-app,0-7,0,466,0,466,42.4,42.0,42.4,47.5,30,39.7,34.5,0.3,0,NONE,0,0,0,0,0,2147483647,2147483647,game_pid=-1 child_num=0 ui_assist_num=0,0,0
1786636189.405,251028.59,2745600,2745600,2745600,2745600,2745600,2745600,1017600,1017600,45.8,43.5,0.0,3.8,55.6,41.7,0.0,0.0,2918400,2918400,2918400,2918400,2918400,2918400,3283200,3283200,556800,2918400,1017600,3283200,7311,30423,pool-5-thread-1,5,26,38,18195,1,0,31037,/top-app,0-7,/top-app,0-7,0,466,0,466,42.8,42.0,42.8,48.6,30,40.1,34.5,0.3,0,NONE,0,0,0,0,0,2147483647,2147483647,game_pid=-1 child_num=0 ui_assist_num=0,0,0
1786636189.632,251028.82,2745600,2745600,2745600,2745600,2745600,2745600,1017600,1017600,33.3,30.4,0.0,0.0,39.1,28.6,0.0,0.0,2918400,2918400,2918400,2918400,2918400,2918400,3283200,3283200,556800,2918400,1017600,3283200,7311,30423,pool-5-thread-1,5,26,38,18195,1,1,31037,/top-app,0-7,/top-app,0-7,0,466,0,466,42.4,42.0,42.4,47.5,30,40.1,34.5,0.3,0,NONE,0,0,0,0,0,2147483647,2147483647,game_pid=-1 child_num=0 ui_assist_num=0,0,0
1786636189.860,251029.04,2745600,2745600,2745600,2745600,2745600,2745600,1017600,1017600,33.3,52.2,0.0,0.0,38.1,33.3,0.0,0.0,2918400,2918400,2918400,2918400,2918400,2918400,3283200,3283200,556800,2918400,1017600,3283200,7311,30423,pool-5-thread-1,5,26,38,18195,1,5,31037,/top-app,0-7,/top-app,0-7,0,466,0,466,42.4,41.7,42.4,47.1,30,39.7,34.5,0.3,0,NONE,0,0,0,0,0,2147483647,2147483647,game_pid=-1 child_num=0 ui_assist_num=0,0,0
1786636190.097,251029.28,2745600,2745600,2745600,2745600,2745600,2745600,1017600,1017600,40.0,34.8,0.0,0.0,27.3,43.5,0.0,0.0,2918400,2918400,2918400,2918400,2918400,2918400,3283200,3283200,556800,2918400,1017600,3283200,7311,30423,pool-5-thread-1,5,26,38,18195,1,1,31037,/top-app,0-7,/top-app,0-7,0,466,0,466,42.4,41.7,42.4,46.7,30,40.1,34.5,0.3,0,NONE,0,0,0,0,0,2147483647,2147483647,game_pid=-1 child_num=0 ui_assist_num=0,0,0
1786636190.345,251029.51,2745600,2745600,2745600,2745600,2745600,2745600,1017600,1017600,30.4,40.9,4.5,0.0,33.3,34.8,0.0,0.0,2918400,2918400,2918400,2918400,2918400,2918400,3283200,3283200,556800,2918400,1017600,3283200,7311,30423,pool-5-thread-1,5,26,38,18195,1,0,31037,/top-app,0-7,/top-app,0-7,0,466,0,466,42.8,41.7,42.8,49.4,30,39.7,34.5,0.3,0,NONE,0,0,0,0,0,2147483647,2147483647,game_pid=-1 child_num=0 ui_assist_num=0,0,0
1786636190.571,251029.76,2745600,2745600,2745600,2745600,2745600,2745600,1017600,1017600,13.0,33.3,7.7,4.0,73.1,21.7,0.0,0.0,2918400,2918400,2918400,2918400,2918400,2918400,3283200,3283200,556800,2918400,1017600,3283200,7311,30423,pool-5-thread-1,5,26,38,18195,1,4,31037,/top-app,0-7,/top-app,0-7,0,466,0,466,42.4,41.7,42.4,47.5,30,40.1,34.5,0.3,0,NONE,0,0,0,0,0,2147483647,2147483647,game_pid=-1 child_num=0 ui_assist_num=0,0,0
1786636190.794,251029.98,2745600,2745600,2745600,2745600,2745600,2745600,1017600,1017600,22.7,30.4,0.0,0.0,39.1,43.5,0.0,0.0,2918400,2918400,2918400,2918400,2918400,2918400,3283200,3283200,556800,2918400,1017600,3283200,7311,30423,pool-5-thread-1,5,26,38,18195,1,5,31037,/top-app,0-7,/top-app,0-7,0,466,0,466,42.4,42.0,42.4,47.5,30,40.1,34.5,0.3,0,NONE,0,0,0,0,0,2147483647,2147483647,game_pid=-1 child_num=0 ui_assist_num=0,0,0
1786636191.031,251030.21,1363200,1363200,1363200,1363200,1363200,1363200,1017600,1017600,35.0,33.3,0.0,0.0,30.4,31.8,0.0,0.0,2918400,2918400,2918400,2918400,2918400,2918400,3283200,3283200,556800,2918400,1017600,3283200,7311,30423,pool-5-thread-1,5,26,38,18195,1,4,31037,/top-app,0-7,/top-app,0-7,0,466,0,466,42.4,42.0,42.4,46.3,30,39.7,34.5,0.3,0,NONE,0,0,0,0,0,2147483647,2147483647,game_pid=-1 child_num=0 ui_assist_num=0,0,0
1786636191.264,251030.45,556800,556800,556800,556800,1996800,1996800,1017600,1017600,30.8,40.0,0.0,0.0,30.4,47.8,0.0,0.0,2918400,2918400,2918400,2918400,2918400,2918400,3283200,3283200,556800,2918400,1017600,3283200,7311,30423,pool-5-thread-1,5,26,38,18195,1,0,31037,/top-app,0-7,/top-app,0-7,0,466,0,466,42.4,42.0,42.4,47.1,30,39.7,34.5,0.3,0,NONE,0,0,0,0,0,2147483647,2147483647,game_pid=-1 child_num=0 ui_assist_num=0,0,0
1786636191.512,251030.68,2227200,2227200,2227200,2227200,2227200,2227200,1017600,1017600,36.4,40.9,0.0,0.0,47.8,33.3,0.0,0.0,2918400,2918400,2918400,2918400,2918400,2918400,3283200,3283200,556800,2918400,1017600,3283200,7311,30423,pool-5-thread-1,5,26,38,18195,1,4,31037,/top-app,0-7,/top-app,0-7,0,466,0,466,42.8,42.0,42.8,47.8,30,40.1,34.5,0.3,0,NONE,0,0,0,0,0,2147483647,2147483647,game_pid=-1 child_num=0 ui_assist_num=0,0,0
1786636191.742,251030.92,2745600,2745600,2745600,2745600,2745600,2745600,1017600,1017600,37.5,40.0,0.0,0.0,48.0,45.8,0.0,0.0,2918400,2918400,2918400,2918400,2918400,2918400,3283200,3283200,556800,2918400,1017600,3283200,7311,30423,pool-5-thread-1,5,26,38,18195,1,1,31037,/top-app,0-7,/top-app,0-7,0,466,0,466,42.4,42.0,42.4,46.7,30,40.1,34.5,0.3,0,NONE,0,0,0,0,0,2147483647,2147483647,game_pid=-1 child_num=0 ui_assist_num=0,0,0
1786636191.967,251031.15,2745600,2745600,2745600,2745600,2745600,2745600,1017600,1017600,34.8,50.0,0.0,0.0,33.3,50.0,0.0,0.0,2918400,2918400,2918400,2918400,2918400,2918400,3283200,3283200,556800,2918400,1017600,3283200,7311,30423,pool-5-thread-1,5,26,38,18195,1,5,31037,/top-app,0-7,/top-app,0-7,0,466,0,466,42.4,41.7,42.4,46.7,30,40.1,34.5,0.3,0,NONE,0,0,0,0,0,2147483647,2147483647,game_pid=-1 child_num=0 ui_assist_num=0,0,0
1786636192.191,251031.38,2745600,2745600,2745600,2745600,2745600,2745600,1017600,1017600,39.1,25.0,0.0,0.0,36.4,42.9,0.0,0.0,2918400,2918400,2918400,2918400,2918400,2918400,3283200,3283200,556800,2918400,1017600,3283200,7311,30423,pool-5-thread-1,5,26,38,18195,1,1,31037,/top-app,0-7,/top-app,0-7,0,466,0,466,42.4,41.7,42.4,47.5,30,40.1,34.5,0.3,0,NONE,0,0,0,0,0,2147483647,2147483647,game_pid=-1 child_num=0 ui_assist_num=0,0,0
1786636192.434,251031.60,1996800,1996800,1996800,1996800,1996800,1996800,1017600,1017600,52.2,42.9,0.0,0.0,50.0,45.5,0.0,0.0,2918400,2918400,2918400,2918400,2918400,2918400,3283200,3283200,556800,2918400,1017600,3283200,7311,30423,pool-5-thread-1,5,26,38,18195,1,5,31037,/top-app,0-7,/top-app,0-7,0,466,0,466,43.2,42.4,43.2,49.4,30,40.1,34.5,0.3,0,NONE,0,0,0,0,0,2147483647,2147483647,game_pid=-1 child_num=0 ui_assist_num=0,0,0
1786636192.668,251031.83,2745600,2745600,2745600,2745600,2745600,2745600,1017600,1017600,45.5,47.8,31.8,31.8,40.9,87.0,0.0,0.0,2918400,2918400,2918400,2918400,2918400,2918400,3283200,3283200,556800,2918400,1017600,3283200,7311,30423,pool-5-thread-1,5,26,38,18195,1,5,31037,/top-app,0-7,/top-app,0-7,0,466,0,466,43.2,42.8,43.2,49.4,30,40.1,34.5,0.3,0,NONE,0,0,0,0,0,2147483647,2147483647,game_pid=-1 child_num=0 ui_assist_num=0,0,0
1786636192.894,251032.08,2745600,2745600,2745600,2745600,2745600,2745600,1017600,1017600,20.8,21.7,4.2,12.0,26.1,76.0,0.0,0.0,2918400,2918400,2918400,2918400,2918400,2918400,3283200,3283200,556800,2918400,1017600,3283200,7311,30423,pool-5-thread-1,5,26,38,18195,1,4,31037,/top-app,0-7,/top-app,0-7,0,466,0,466,43.2,42.4,43.2,50.5,30,40.1,34.5,0.3,0,NONE,0,0,0,0,0,2147483647,2147483647,game_pid=-1 child_num=0 ui_assist_num=0,0,0
1786636195.172,251032.31,2745600,2745600,2745600,2745600,2745600,2745600,1017600,1017600,27.3,22.7,0.0,8.7,73.9,34.8,0.0,0.0,2918400,2918400,2918400,2918400,2918400,2918400,3283200,3283200,556800,2918400,1017600,3283200,7311,30423,pool-5-thread-1,5,26,38,18195,1,4,31037,/top-app,0-7,/top-app,0-7,0,466,0,466,43.2,42.8,43.2,48.6,30,40.5,34.5,0.3,0,NONE,0,0,0,0,0,2147483647,2147483647,game_pid=-1 child_num=0 ui_assist_num=0,0,0
1786636195.173,251032.53,2745600,2745600,2745600,2745600,2745600,2745600,1017600,1017600,36.4,40.9,0.0,0.0,28.6,45.0,0.0,0.0,2918400,2918400,2918400,2918400,2918400,2918400,3283200,3283200,556800,2918400,1017600,3283200,7311,30423,pool-5-thread-1,5,26,38,18195,1,0,31037,/top-app,0-7,/top-app,0-7,0,466,0,466,43.2,42.4,43.2,48.2,30,40.1,34.5,0.3,0,NONE,0,0,0,0,0,2147483647,2147483647,game_pid=-1 child_num=0 ui_assist_num=0,0,0
1786636195.173,251032.76,2745600,2745600,2745600,2745600,2745600,2745600,1017600,1017600,30.4,33.3,0.0,0.0,52.2,36.4,0.0,0.0,2918400,2918400,2918400,2918400,2918400,2918400,3283200,3283200,556800,2918400,1017600,3283200,7311,30423,pool-5-thread-1,5,26,38,18195,1,5,31037,/top-app,0-7,/top-app,0-7,0,466,0,466,43.2,42.8,43.2,48.2,30,40.1,34.5,0.3,0,NONE,0,0,0,0,0,2147483647,2147483647,game_pid=-1 child_num=0 ui_assist_num=0,0,0
1786636195.173,251032.98,2745600,2745600,2745600,2745600,2745600,2745600,1017600,1017600,30.0,31.8,0.0,0.0,30.4,31.8,0.0,0.0,2918400,2918400,2918400,2918400,2918400,2918400,3283200,3283200,556800,2918400,1017600,3283200,7311,30423,pool-5-thread-1,5,26,38,18195,1,4,31037,/top-app,0-7,/top-app,0-7,0,466,0,466,43.2,42.4,43.2,48.6,30,40.1,34.5,0.3,0,NONE,0,0,0,0,0,2147483647,2147483647,game_pid=-1 child_num=0 ui_assist_num=0,0,0
1786636195.173,251033.23,2745600,2745600,2745600,2745600,2745600,2745600,1017600,1017600,62.5,41.7,0.0,0.0,26.1,36.4,0.0,0.0,2918400,2918400,2918400,2918400,2918400,2918400,3283200,3283200,556800,2918400,1017600,3283200,7311,30423,pool-5-thread-1,5,26,38,18195,1,1,31037,/top-app,0-7,/top-app,0-7,0,466,0,466,42.8,42.4,42.8,48.2,30,40.1,34.5,0.3,0,NONE,0,0,0,0,0,2147483647,2147483647,game_pid=-1 child_num=0 ui_assist_num=0,0,0
1786636195.173,251033.46,2745600,2745600,2745600,2745600,2745600,2745600,1017600,1017600,28.6,36.4,0.0,0.0,36.4,39.1,0.0,0.0,2918400,2918400,2918400,2918400,2918400,2918400,3283200,3283200,556800,2918400,1017600,3283200,7311,30423,pool-5-thread-1,5,26,38,18195,1,0,31037,/top-app,0-7,/top-app,0-7,0,466,0,466,42.8,42.4,42.8,47.5,30,40.1,34.5,0.3,0,NONE,0,0,0,0,0,2147483647,2147483647,game_pid=-1 child_num=0 ui_assist_num=0,0,0
1786636195.173,251033.68,2745600,2745600,2745600,2745600,2745600,2745600,1017600,1017600,40.9,39.1,0.0,0.0,40.9,27.3,0.0,0.0,2918400,2918400,2918400,2918400,2918400,2918400,3283200,3283200,556800,2918400,1017600,3283200,7311,30423,pool-5-thread-1,5,26,38,18195,1,4,31037,/top-app,0-7,/top-app,0-7,0,466,0,466,42.8,42.4,42.8,47.5,30,40.1,34.5,0.3,0,NONE,0,0,0,0,0,2147483647,2147483647,game_pid=-1 child_num=0 ui_assist_num=0,0,0
1786636195.173,251033.90,2745600,2745600,2745600,2745600,2745600,2745600,1017600,1017600,23.8,36.4,0.0,0.0,30.0,38.1,0.0,0.0,2918400,2918400,2918400,2918400,2918400,2918400,3283200,3283200,556800,2918400,1017600,3283200,7311,30423,pool-5-thread-1,5,26,38,18195,1,0,31037,/top-app,0-7,/top-app,0-7,0,466,0,466,42.8,42.4,42.8,48.6,30,40.1,34.5,0.3,0,NONE,0,0,0,0,0,2147483647,2147483647,game_pid=-1 child_num=0 ui_assist_num=0,0,0
1786636195.173,251034.13,2745600,2745600,2745600,2745600,2745600,2745600,1017600,1017600,33.3,27.3,0.0,0.0,42.9,25.0,0.0,0.0,2918400,2918400,2918400,2918400,2918400,2918400,3283200,3283200,556800,2918400,1017600,3283200,7311,30423,pool-5-thread-1,5,26,38,18195,1,5,31037,/top-app,0-7,/top-app,0-7,0,466,0,466,43.2,42.4,43.2,49.0,30,40.1,34.5,0.3,0,NONE,0,0,0,0,0,2147483647,2147483647,game_pid=-1 child_num=0 ui_assist_num=0,0,0
1786636195.182,251034.37,2745600,2745600,2745600,2745600,2745600,2745600,1017600,1017600,27.3,37.5,0.0,0.0,34.8,39.1,0.0,0.0,2918400,2918400,2918400,2918400,2918400,2918400,3283200,3283200,556800,2918400,1017600,3283200,7311,30423,pool-5-thread-1,5,26,38,18195,1,4,31037,/top-app,0-7,/top-app,0-7,0,466,0,466,43.2,42.4,43.2,48.6,30,40.1,34.5,0.3,0,NONE,0,0,0,0,0,2147483647,2147483647,game_pid=-1 child_num=0 ui_assist_num=0,0,0
1786636195.588,251034.59,2745600,2745600,2745600,2745600,2745600,2745600,1017600,1017600,33.3,47.6,0.0,0.0,42.9,21.7,0.0,0.0,2918400,2918400,2918400,2918400,2918400,2918400,3283200,3283200,556800,2918400,1017600,3283200,7311,30423,pool-5-thread-1,5,26,38,18195,1,5,31037,/top-app,0-7,/top-app,0-7,0,466,0,466,43.2,42.4,43.2,48.2,30,40.5,34.5,0.3,0,NONE,0,0,0,0,0,2147483647,2147483647,game_pid=-1 child_num=0 ui_assist_num=0,0,0
1786636195.636,251034.82,2745600,2745600,2745600,2745600,2745600,2745600,1017600,1017600,33.3,50.0,0.0,0.0,31.8,50.0,0.0,0.0,2918400,2918400,2918400,2918400,2918400,2918400,3283200,3283200,556800,2918400,1017600,3283200,7311,30423,pool-5-thread-1,5,26,38,18195,1,1,31037,/top-app,0-7,/top-app,0-7,0,466,0,466,42.8,42.4,42.8,48.2,30,40.5,34.5,0.3,0,NONE,0,0,0,0,0,2147483647,2147483647,game_pid=-1 child_num=0 ui_assist_num=0,0,0
1786636195.861,251035.05,2745600,2745600,2745600,2745600,2745600,2745600,1017600,1017600,34.8,38.1,0.0,0.0,40.9,36.4,0.0,0.0,2918400,2918400,2918400,2918400,2918400,2918400,3283200,3283200,556800,2918400,1017600,3283200,7311,30423,pool-5-thread-1,5,26,38,18195,1,5,31037,/top-app,0-7,/top-app,0-7,0,466,0,466,43.2,42.4,43.2,49.8,30,40.1,34.5,0.3,0,NONE,0,0,0,0,0,2147483647,2147483647,game_pid=-1 child_num=0 ui_assist_num=0,0,0
1786636196.104,251035.27,2745600,2745600,2745600,2745600,2745600,2745600,1017600,1017600,26.1,31.8,0.0,0.0,42.9,36.4,0.0,0.0,2918400,2918400,2918400,2918400,2918400,2918400,3283200,3283200,556800,2918400,1017600,3283200,7311,30423,pool-5-thread-1,5,26,38,18195,1,1,31037,/top-app,0-7,/top-app,0-7,0,466,0,466,43.2,42.4,43.2,49.0,30,40.1,34.5,0.3,0,NONE,0,0,0,0,0,2147483647,2147483647,game_pid=-1 child_num=0 ui_assist_num=0,0,0
1786636196.330,251035.52,2745600,2745600,2745600,2745600,2745600,2745600,1017600,1017600,36.4,31.8,0.0,0.0,43.5,31.8,0.0,0.0,2918400,2918400,2918400,2918400,2918400,2918400,3283200,3283200,556800,2918400,1017600,3283200,7311,30423,pool-5-thread-1,5,26,38,18195,1,1,31037,/top-app,0-7,/top-app,0-7,0,466,0,466,42.8,42.4,42.8,47.1,30,40.5,34.5,0.3,0,NONE,0,0,0,0,0,2147483647,2147483647,game_pid=-1 child_num=0 ui_assist_num=0,0,0
1786636196.553,251035.74,2745600,2745600,2745600,2745600,2745600,2745600,1017600,1017600,33.3,33.3,0.0,0.0,39.1,42.9,0.0,0.0,2918400,2918400,2918400,2918400,2918400,2918400,3283200,3283200,556800,2918400,1017600,3283200,7311,30423,pool-5-thread-1,5,26,38,18195,1,4,31037,/top-app,0-7,/top-app,0-7,0,466,0,466,43.2,42.4,43.2,49.8,30,40.5,34.5,0.3,0,NONE,0,0,0,0,0,2147483647,2147483647,game_pid=-1 child_num=0 ui_assist_num=0,0,0
1786636196.777,251035.96,2745600,2745600,2745600,2745600,2745600,2745600,1017600,1017600,28.6,34.8,0.0,0.0,40.9,40.9,0.0,0.0,2918400,2918400,2918400,2918400,2918400,2918400,3283200,3283200,556800,2918400,1017600,3283200,7311,30423,pool-5-thread-1,5,26,38,18195,1,5,31037,/top-app,0-7,/top-app,0-7,0,466,0,466,43.2,42.4,43.2,48.2,30,40.5,34.5,0.3,0,NONE,0,0,0,0,0,2147483647,2147483647,game_pid=-1 child_num=0 ui_assist_num=0,0,0
1786636197.008,251036.19,2745600,2745600,2745600,2745600,2745600,2745600,1017600,1017600,22.7,22.7,0.0,0.0,21.7,73.9,0.0,0.0,2918400,2918400,2918400,2918400,2918400,2918400,3283200,3283200,556800,2918400,1017600,3283200,7311,30423,pool-5-thread-1,5,26,38,18195,1,4,31037,/top-app,0-7,/top-app,0-7,0,466,0,466,43.2,42.4,43.2,47.8,30,40.5,34.5,0.3,0,NONE,0,0,0,0,0,2147483647,2147483647,game_pid=-1 child_num=0 ui_assist_num=0,0,0
1786636197.253,251036.42,2745600,2745600,2745600,2745600,2745600,2745600,1017600,1017600,36.4,28.6,0.0,0.0,56.5,22.7,0.0,0.0,2918400,2918400,2918400,2918400,2918400,2918400,3283200,3283200,556800,2918400,1017600,3283200,7311,30423,pool-5-thread-1,5,26,38,18195,1,1,31037,/top-app,0-7,/top-app,0-7,0,466,0,466,42.4,42.4,42.4,48.2,30,40.1,34.5,0.3,0,NONE,0,0,0,0,0,2147483647,2147483647,game_pid=-1 child_num=0 ui_assist_num=0,0,0
1786636197.477,251036.66,2745600,2745600,2745600,2745600,2745600,2745600,1017600,1017600,29.2,53.8,11.1,0.0,47.8,37.5,0.0,0.0,2918400,2918400,2918400,2918400,2918400,2918400,3283200,3283200,556800,2918400,1017600,3283200,7311,30423,pool-5-thread-1,5,26,38,18195,1,4,31037,/top-app,0-7,/top-app,0-7,0,466,0,466,42.8,42.4,42.8,49.8,30,40.5,34.5,0.3,0,NONE,0,0,0,0,0,2147483647,2147483647,game_pid=-1 child_num=0 ui_assist_num=0,0,0
1786636197.705,251036.89,2918400,2918400,2918400,2918400,2918400,2918400,1017600,1017600,36.8,18.2,23.8,0.0,50.0,31.8,4.2,0.0,2918400,2918400,2918400,2918400,2918400,2918400,3283200,3283200,556800,2918400,1017600,3283200,7311,30423,pool-5-thread-1,5,26,38,18195,1,1,31037,/top-app,0-7,/top-app,0-7,0,466,0,466,43.6,42.4,43.6,49.0,30,40.5,34.5,0.3,0,NONE,0,0,0,0,0,2147483647,2147483647,game_pid=-1 child_num=0 ui_assist_num=0,0,0
1786636197.929,251037.12,2745600,2745600,2745600,2745600,2745600,2745600,1017600,1017600,34.8,28.6,0.0,0.0,36.4,47.6,0.0,0.0,2918400,2918400,2918400,2918400,2918400,2918400,3283200,3283200,556800,2918400,1017600,3283200,7311,30423,pool-5-thread-1,5,26,38,18195,1,4,31037,/top-app,0-7,/top-app,0-7,0,466,0,466,43.2,42.4,43.2,48.2,30,40.5,34.5,0.3,0,NONE,0,0,0,0,0,2147483647,2147483647,game_pid=-1 child_num=0 ui_assist_num=0,0,0
1786636198.153,251037.34,2745600,2745600,2745600,2745600,2745600,2745600,1017600,1017600,21.7,26.3,0.0,0.0,40.9,30.4,0.0,0.0,2918400,2918400,2918400,2918400,2918400,2918400,3283200,3283200,556800,2918400,1017600,3283200,7311,30423,pool-5-thread-1,5,26,38,18195,1,5,31037,/top-app,0-7,/top-app,0-7,0,466,0,466,43.2,42.4,43.2,48.6,30,40.5,34.5,0.3,0,NONE,0,0,0,0,0,2147483647,2147483647,game_pid=-1 child_num=0 ui_assist_num=0,0,0
1786636198.409,251037.57,2400000,2400000,2400000,2400000,2400000,2400000,1017600,1017600,30.0,38.1,0.0,0.0,34.8,39.1,0.0,0.0,2918400,2918400,2918400,2918400,2918400,2918400,3283200,3283200,556800,2918400,1017600,3283200,7311,30423,pool-5-thread-1,5,26,38,18195,1,5,31037,/top-app,0-7,/top-app,0-7,0,466,0,466,43.2,42.8,43.2,49.4,30,40.5,34.5,0.3,0,NONE,0,0,0,0,0,2147483647,2147483647,game_pid=-1 child_num=0 ui_assist_num=0,0,0
1786636198.632,251037.82,2745600,2745600,2745600,2745600,2745600,2745600,1017600,1017600,28.0,36.0,16.0,0.0,50.0,30.4,0.0,0.0,2918400,2918400,2918400,2918400,2918400,2918400,3283200,3283200,556800,2918400,1017600,3283200,7311,30423,pool-5-thread-1,5,26,38,18195,1,4,31037,/top-app,0-7,/top-app,0-7,0,466,0,466,43.2,42.8,43.2,49.4,30,40.5,34.5,0.3,0,NONE,0,0,0,0,0,2147483647,2147483647,game_pid=-1 child_num=0 ui_assist_num=0,0,0
1786636198.857,251038.04,2745600,2745600,2745600,2745600,2745600,2745600,1017600,1017600,13.0,4.5,90.5,0.0,14.3,0.0,0.0,0.0,2918400,2918400,2918400,2918400,2918400,2918400,3283200,3283200,556800,2918400,1017600,3283200,7311,30423,pool-5-thread-1,5,26,38,18195,1,2,31037,/top-app,0-7,/top-app,0-7,0,466,0,466,43.2,42.4,43.2,48.6,30,40.5,34.5,0.3,0,NONE,0,0,0,0,0,2147483647,2147483647,game_pid=-1 child_num=0 ui_assist_num=0,0,0
1786636199.079,251038.27,2745600,2745600,2745600,2745600,2745600,2745600,1017600,1017600,21.7,27.3,60.9,0.0,27.3,19.0,0.0,0.0,2918400,2918400,2918400,2918400,2918400,2918400,3283200,3283200,556800,2918400,1017600,3283200,7311,30423,pool-5-thread-1,5,26,38,18195,1,5,31037,/top-app,0-7,/top-app,0-7,0,466,0,466,43.2,42.8,43.2,48.2,30,40.5,34.5,0.3,0,NONE,0,0,0,0,0,2147483647,2147483647,game_pid=-1 child_num=0 ui_assist_num=0,0,0
1786636199.309,251038.49,960000,960000,960000,960000,960000,960000,1017600,1017600,25.0,30.0,0.0,0.0,45.0,28.6,0.0,0.0,2918400,2918400,2918400,2918400,2918400,2918400,3283200,3283200,556800,2918400,1017600,3283200,7311,30423,pool-5-thread-1,5,26,38,18195,1,5,31037,/top-app,0-7,/top-app,0-7,0,466,0,466,42.8,42.4,42.8,47.5,30,40.1,34.5,0.3,0,NONE,0,0,0,0,0,2147483647,2147483647,game_pid=-1 child_num=0 ui_assist_num=0,0,0
1786636199.560,251038.72,2745600,2745600,2745600,2745600,2745600,2745600,1017600,1017600,36.4,33.3,0.0,0.0,31.8,54.5,0.0,0.0,2918400,2918400,2918400,2918400,2918400,2918400,3283200,3283200,556800,2918400,1017600,3283200,7311,30423,pool-5-thread-1,5,26,38,18195,1,1,31037,/top-app,0-7,/top-app,0-7,0,466,0,466,43.2,42.8,43.2,48.6,30,40.1,34.5,0.3,0,NONE,0,0,0,0,0,2147483647,2147483647,game_pid=-1 child_num=0 ui_assist_num=0,0,0
1786636199.779,251038.97,2745600,2745600,2745600,2745600,2745600,2745600,1017600,1017600,17.4,26.1,4.0,0.0,18.2,79.2,0.0,0.0,2918400,2918400,2918400,2918400,2918400,2918400,3283200,3283200,556800,2918400,1017600,3283200,7311,30423,pool-5-thread-1,5,26,38,18195,1,5,31037,/top-app,0-7,/top-app,0-7,0,466,0,466,43.2,42.8,43.2,47.5,30,40.5,34.5,0.3,0,NONE,0,0,0,0,0,2147483647,2147483647,game_pid=-1 child_num=0 ui_assist_num=0,0,0
1786636200.007,251039.19,2745600,2745600,2745600,2745600,2745600,2745600,1017600,1017600,22.7,22.7,0.0,0.0,36.4,58.3,0.0,0.0,2918400,2918400,2918400,2918400,2918400,2918400,3283200,3283200,556800,2918400,1017600,3283200,7311,30423,pool-5-thread-1,5,26,38,18195,1,0,31037,/top-app,0-7,/top-app,0-7,0,466,0,466,43.2,42.8,43.2,49.8,30,40.5,34.5,0.3,0,NONE,0,0,0,0,0,2147483647,2147483647,game_pid=-1 child_num=0 ui_assist_num=0,0,0
1786636200.232,251039.42,2745600,2745600,2745600,2745600,2745600,2745600,1017600,1017600,41.7,31.8,0.0,0.0,27.3,45.0,0.0,0.0,2918400,2918400,2918400,2918400,2918400,2918400,3283200,3283200,556800,2918400,1017600,3283200,7311,30423,pool-5-thread-1,5,26,38,18195,1,5,31037,/top-app,0-7,/top-app,0-7,0,466,0,466,43.6,43.2,43.6,48.6,30,40.5,34.5,0.3,0,NONE,0,0,0,0,0,2147483647,2147483647,game_pid=-1 child_num=0 ui_assist_num=0,0,0
1786636200.460,251039.64,2745600,2745600,2745600,2745600,2745600,2745600,1017600,1017600,28.6,40.9,0.0,0.0,22.7,47.8,0.0,0.0,2918400,2918400,2918400,2918400,2918400,2918400,3283200,3283200,556800,2918400,1017600,3283200,7311,30423,pool-5-thread-1,5,26,38,18195,1,4,31037,/top-app,0-7,/top-app,0-7,0,466,0,466,43.2,42.4,43.2,48.6,30,40.5,34.5,0.3,0,NONE,0,0,0,0,0,2147483647,2147483647,game_pid=-1 child_num=0 ui_assist_num=0,0,0
1786636200.703,251039.87,2745600,2745600,2745600,2745600,2745600,2745600,1017600,1017600,31.8,19.0,0.0,4.3,69.6,33.3,0.0,0.0,2918400,2918400,2918400,2918400,2918400,2918400,3283200,3283200,556800,2918400,1017600,3283200,7311,30423,pool-5-thread-1,5,26,38,18195,1,4,31037,/top-app,0-7,/top-app,0-7,0,466,0,466,43.2,42.8,43.2,50.2,30,40.5,34.5,0.3,0,NONE,0,0,0,0,0,2147483647,2147483647,game_pid=-1 child_num=0 ui_assist_num=0,0,0
1786636200.926,251040.11,2745600,2745600,2745600,2745600,2745600,2745600,1017600,1017600,8.3,8.7,4.0,65.2,50.0,12.0,0.0,0.0,2918400,2918400,2918400,2918400,2918400,2918400,3283200,3283200,556800,2918400,1017600,3283200,7311,30423,pool-5-thread-1,5,26,38,18195,1,4,31037,/top-app,0-7,/top-app,0-7,0,466,0,466,43.2,42.8,43.2,48.6,30,40.5,34.5,0.3,0,NONE,0,0,0,0,0,2147483647,2147483647,game_pid=-1 child_num=0 ui_assist_num=0,0,0
1786636201.646,251040.34,2745600,2745600,2745600,2745600,2745600,2745600,1017600,1017600,13.6,56.5,0.0,4.3,36.4,23.8,0.0,0.0,2918400,2918400,2918400,2918400,2918400,2918400,3283200,3283200,556800,2918400,1017600,3283200,7311,30423,pool-5-thread-1,5,26,38,18195,1,4,31037,/top-app,0-7,/top-app,0-7,0,466,0,466,43.6,42.8,43.6,48.6,30,40.9,34.5,0.3,0,NONE,0,0,0,0,0,2147483647,2147483647,game_pid=-1 child_num=0 ui_assist_num=0,0,0
1786636202.190,251040.56,2745600,2745600,2745600,2745600,2745600,2745600,1017600,1017600,40.9,33.3,0.0,0.0,31.8,40.0,0.0,0.0,2918400,2918400,2918400,2918400,2918400,2918400,3283200,3283200,556800,2918400,1017600,3283200,7311,30423,pool-5-thread-1,5,26,38,18195,1,4,31037,/top-app,0-7,/top-app,0-7,0,466,0,466,43.2,42.4,43.2,47.8,30,40.5,34.5,0.3,0,NONE,0,0,0,0,0,2147483647,2147483647,game_pid=-1 child_num=0 ui_assist_num=0,0,0
1786636202.190,251040.79,2745600,2745600,2745600,2745600,2745600,2745600,1017600,1017600,38.1,37.5,0.0,0.0,22.7,30.0,0.0,0.0,2918400,2918400,2918400,2918400,2918400,2918400,3283200,3283200,556800,2918400,1017600,3283200,7311,30423,pool-5-thread-1,5,26,38,18195,1,1,31037,/top-app,0-7,/top-app,0-7,0,466,0,466,43.2,42.4,43.2,48.6,30,40.5,34.5,0.3,0,NONE,0,0,0,0,0,2147483647,2147483647,game_pid=-1 child_num=0 ui_assist_num=0,0,0
1786636202.191,251041.01,2400000,2400000,2400000,2400000,2400000,2400000,1017600,1017600,43.5,30.0,0.0,0.0,39.1,47.8,0.0,0.0,2918400,2918400,2918400,2918400,2918400,2918400,3283200,3283200,556800,2918400,1017600,3283200,7311,30423,pool-5-thread-1,5,26,38,18195,1,5,31037,/top-app,0-7,/top-app,0-7,0,466,0,466,43.6,42.8,43.6,49.4,30,40.5,34.5,0.3,0,NONE,0,0,0,0,0,2147483647,2147483647,game_pid=-1 child_num=0 ui_assist_num=0,0,0
1786636202.191,251041.26,2745600,2745600,2745600,2745600,2745600,2745600,1017600,1017600,44.0,41.7,0.0,4.0,38.1,52.2,0.0,0.0,2918400,2918400,2918400,2918400,2918400,2918400,3283200,3283200,556800,2918400,1017600,3283200,7311,30423,pool-5-thread-1,5,26,38,18195,0,NA,31037,/top-app,0-7,/top-app,0-7,0,466,0,466,43.6,42.8,43.6,48.6,30,40.9,34.5,0.3,0,NONE,0,0,0,0,0,2147483647,2147483647,game_pid=-1 child_num=0 ui_assist_num=0,0,0
1786636202.348,251041.49,556800,556800,556800,556800,556800,556800,1017600,1017600,47.6,34.8,16.7,12.0,27.3,29.2,0.0,0.0,2918400,2918400,2918400,2918400,2918400,2918400,3283200,3283200,556800,2918400,1017600,3283200,7311,30423,pool-5-thread-1,5,26,38,18195,0,NA,31037,/top-app,0-7,/top-app,0-7,0,466,0,466,42.0,42.0,42.0,43.6,30,40.5,34.5,0.3,0,NONE,0,0,0,0,0,2147483647,2147483647,game_pid=-1 child_num=0 ui_assist_num=0,0,0
1786636202.597,251041.77,748800,748800,748800,748800,748800,748800,1017600,1017600,48.0,29.6,3.6,0.0,33.3,29.6,0.0,0.0,2918400,2918400,2918400,2918400,2918400,2918400,3283200,3283200,556800,2918400,1017600,3283200,7311,30423,pool-5-thread-1,5,26,38,18195,0,NA,31037,/top-app,0-7,/top-app,0-7,0,466,0,466,41.7,41.7,41.7,44.0,30,40.5,34.5,0.3,0,NONE,0,0,0,0,0,2147483647,2147483647,game_pid=-1 child_num=0 ui_assist_num=0,0,0
1786636202.866,251042.01,556800,556800,556800,556800,556800,556800,1017600,1017600,52.0,38.5,11.5,0.0,34.6,42.3,0.0,0.0,2918400,2918400,2918400,2918400,2918400,2918400,3283200,3283200,556800,2918400,1017600,3283200,7311,30423,pool-5-thread-1,5,26,38,18195,2,"4,0",31037,/top-app,0-7,/top-app,0-7,0,466,0,466,41.3,41.3,41.3,43.2,30,40.5,34.5,0.3,0,NONE,0,0,0,0,0,2147483647,2147483647,game_pid=-1 child_num=0 ui_assist_num=0,0,0
1786636203.154,251042.28,556800,556800,556800,556800,556800,556800,1017600,1017600,52.9,42.4,0.0,0.0,14.8,17.9,0.0,0.0,2918400,2918400,2918400,2918400,2918400,2918400,3283200,3283200,556800,2918400,1017600,3283200,7311,30423,pool-5-thread-1,5,26,38,18195,0,NA,31037,/top-app,0-7,/top-app,0-7,0,466,0,466,41.3,41.3,41.3,43.6,30,40.1,34.5,0.3,0,NONE,0,0,0,0,0,2147483647,2147483647,game_pid=-1 child_num=0 ui_assist_num=0,0,0
1786636203.962,251042.57,556800,556800,556800,556800,556800,556800,1017600,1017600,53.1,35.3,3.4,0.0,17.2,31.0,0.0,0.0,2918400,2918400,2918400,2918400,2918400,2918400,3283200,3283200,556800,2918400,1017600,3283200,7311,30423,pool-5-thread-1,5,26,38,18195,0,NA,31037,/top-app,0-7,/top-app,0-7,0,466,0,466,40.9,40.9,40.9,42.0,30,39.7,34.5,0.3,0,NONE,0,0,0,0,0,2147483647,2147483647,game_pid=-1 child_num=0 ui_assist_num=0,0,0
1786636203.963,251042.83,556800,556800,556800,556800,556800,556800,1017600,1017600,46.4,44.1,0.0,0.0,12.0,26.9,0.0,0.0,2918400,2918400,2918400,2918400,2918400,2918400,3283200,3283200,556800,2918400,1017600,3283200,7311,30423,pool-5-thread-1,5,26,38,18195,0,NA,31037,/top-app,0-7,/top-app,0-7,0,466,0,466,40.9,40.9,40.5,42.0,30,40.1,34.5,0.3,0,NONE,0,0,0,0,0,2147483647,2147483647,game_pid=-1 child_num=0 ui_assist_num=0,0,0
1786636203.963,251043.10,556800,556800,556800,556800,556800,556800,1017600,1017600,53.3,34.5,0.0,0.0,29.6,42.9,0.0,0.0,2918400,2918400,2918400,2918400,2918400,2918400,3283200,3283200,556800,2918400,1017600,3283200,7311,30423,pool-5-thread-1,5,26,38,18195,0,NA,31037,/top-app,0-7,/top-app,0-7,0,466,0,466,40.5,40.5,40.5,42.0,30,39.7,34.5,0.3,0,NONE,0,0,0,0,0,2147483647,2147483647,game_pid=-1 child_num=0 ui_assist_num=0,0,0
1786636204.198,251043.36,556800,556800,556800,556800,556800,556800,1017600,1017600,50.0,41.2,0.0,0.0,18.5,25.9,0.0,0.0,2918400,2918400,2918400,2918400,2918400,2918400,3283200,3283200,556800,2918400,1017600,3283200,7311,30423,pool-5-thread-1,5,26,38,18195,0,NA,31037,/top-app,0-7,/top-app,0-7,0,466,0,466,40.5,40.1,40.5,42.0,30,39.7,34.5,0.3,0,NONE,0,0,0,0,0,2147483647,2147483647,game_pid=-1 child_num=0 ui_assist_num=0,0,0
1786636204.489,251043.61,556800,556800,556800,556800,556800,556800,1017600,1017600,53.3,45.2,0.0,8.0,29.6,24.0,0.0,0.0,2918400,2918400,2918400,2918400,2918400,2918400,3283200,3283200,556800,2918400,1017600,3283200,7311,30423,pool-5-thread-1,5,26,38,18195,0,NA,31037,/top-app,0-7,/top-app,0-7,0,466,0,466,40.5,40.1,40.5,42.4,30,39.7,34.5,0.3,0,NONE,0,0,0,0,0,2147483647,2147483647,game_pid=-1 child_num=0 ui_assist_num=0,0,0
1786636204.761,251043.91,556800,556800,556800,556800,556800,556800,1017600,1017600,50.0,35.3,0.0,0.0,23.3,33.3,0.0,0.0,2918400,2918400,2918400,2918400,2918400,2918400,3283200,3283200,556800,2918400,1017600,3283200,7311,30423,pool-5-thread-1,5,26,38,18195,0,NA,31037,/top-app,0-7,/top-app,0-7,0,466,0,466,40.1,40.1,40.1,41.3,30,39.7,34.5,0.3,0,NONE,0,0,0,0,0,2147483647,2147483647,game_pid=-1 child_num=0 ui_assist_num=0,0,0
1786636205.034,251044.18,556800,556800,556800,556800,556800,556800,1017600,1017600,54.8,42.4,10.3,11.1,18.5,25.0,0.0,0.0,2918400,2918400,2918400,2918400,2918400,2918400,3283200,3283200,556800,2918400,1017600,3283200,7311,30423,pool-5-thread-1,5,26,38,18195,0,NA,31037,/top-app,0-7,/top-app,0-7,0,466,0,466,40.1,40.1,40.1,41.3,30,39.7,34.5,0.3,0,NONE,0,0,0,0,0,2147483647,2147483647,game_pid=-1 child_num=0 ui_assist_num=0,0,0
1786636205.307,251044.45,556800,556800,556800,556800,556800,556800,1017600,1017600,37.0,32.3,0.0,0.0,41.4,20.7,0.0,0.0,2918400,2918400,2918400,2918400,2918400,2918400,3283200,3283200,556800,2918400,1017600,3283200,7311,30423,pool-5-thread-1,5,26,38,18195,0,NA,31037,/top-app,0-7,/top-app,0-7,0,466,0,466,40.1,40.1,40.1,40.9,30,39.3,34.5,0.3,0,NONE,0,0,0,0,0,2147483647,2147483647,game_pid=-1 child_num=0 ui_assist_num=0,0,0
1786636205.543,251044.72,1363200,1363200,1363200,1363200,1363200,1363200,1017600,1017600,54.8,36.7,0.0,0.0,35.7,25.9,0.0,0.0,2918400,2918400,2918400,2918400,2918400,2918400,3283200,3283200,556800,2918400,1017600,3283200,7311,30423,pool-5-thread-1,5,26,38,18195,0,NA,31037,/top-app,0-7,/top-app,0-7,0,466,0,466,40.1,40.1,39.7,42.0,30,39.3,34.5,0.3,0,NONE,0,0,0,0,0,2147483647,2147483647,game_pid=-1 child_num=0 ui_assist_num=0,0,0
1786636205.982,251044.96,556800,556800,556800,556800,556800,556800,1017600,1017600,50.0,24.0,8.3,20.8,25.0,12.5,0.0,0.0,2918400,2918400,2918400,2918400,2918400,2918400,3283200,3283200,556800,2918400,1017600,3283200,7311,30423,pool-5-thread-1,5,26,38,18195,0,NA,31037,/top-app,0-7,/top-app,0-7,0,466,0,466,40.5,40.1,40.5,42.8,30,39.3,34.5,0.3,0,NONE,0,0,0,0,0,2147483647,2147483647,game_pid=-1 child_num=0 ui_assist_num=0,0,0
1786636206.093,251045.24,556800,556800,556800,556800,556800,556800,1017600,1017600,46.7,41.2,10.7,7.1,37.9,23.1,0.0,0.0,2918400,2918400,2918400,2918400,2918400,2918400,3283200,3283200,556800,2918400,1017600,3283200,7311,30423,pool-5-thread-1,5,26,38,18195,0,NA,31037,/top-app,0-7,/top-app,0-7,0,466,0,466,40.1,40.1,40.1,41.3,30,39.3,34.5,0.3,0,NONE,0,0,0,0,0,2147483647,2147483647,game_pid=-1 child_num=0 ui_assist_num=0,0,0
1786636206.356,251045.51,556800,556800,556800,556800,556800,556800,1017600,1017600,53.6,47.1,3.8,0.0,25.0,30.0,0.0,0.0,2918400,2918400,2918400,2918400,2918400,2918400,3283200,3283200,556800,2918400,1017600,3283200,7311,30423,pool-5-thread-1,5,26,38,18195,0,NA,31037,/top-app,0-7,/top-app,0-7,0,466,0,466,40.1,40.1,39.7,41.7,30,39.3,34.5,0.3,0,NONE,0,0,0,0,0,2147483647,2147483647,game_pid=-1 child_num=0 ui_assist_num=0,0,0
1786636206.620,251045.77,556800,556800,556800,556800,556800,556800,1017600,1017600,46.2,31.0,0.0,0.0,19.2,21.4,0.0,0.0,2918400,2918400,2918400,2918400,2918400,2918400,3283200,3283200,556800,2918400,1017600,3283200,7311,30423,pool-5-thread-1,5,26,38,18195,0,NA,31037,/top-app,0-7,/top-app,0-7,0,466,0,466,39.7,39.7,39.7,40.9,30,39.3,34.5,0.3,0,NONE,0,0,0,0,0,2147483647,2147483647,game_pid=-1 child_num=0 ui_assist_num=0,0,0
1786636211.932,251046.04,556800,556800,556800,556800,556800,556800,1017600,1017600,50.0,41.2,3.6,0.0,22.2,18.5,0.0,0.0,2918400,2918400,2918400,2918400,2918400,2918400,3283200,3283200,556800,2918400,1017600,3283200,7311,30423,pool-5-thread-1,5,26,38,18195,0,NA,31037,/top-app,0-7,/top-app,0-7,0,466,0,466,39.7,39.7,39.7,40.9,30,39.3,34.5,0.3,0,NONE,0,0,0,0,0,2147483647,2147483647,game_pid=-1 child_num=0 ui_assist_num=0,0,0
1786636217.959,251046.30,960000,960000,960000,960000,960000,960000,1017600,1017600,53.6,42.4,0.0,18.5,25.0,23.1,0.0,0.0,2918400,2918400,2918400,2918400,2918400,2918400,3283200,3283200,556800,2918400,1017600,3283200,7311,30423,pool-5-thread-1,5,26,38,18195,1,5,31037,/top-app,0-7,/top-app,0-7,0,466,0,466,40.1,39.7,40.1,43.6,30,39.0,34.5,0.3,0,NONE,0,0,0,0,0,2147483647,2147483647,game_pid=-1 child_num=0 ui_assist_num=0,0,0
1786636217.959,251046.56,2745600,2745600,2745600,2745600,2745600,2745600,1017600,1017600,48.1,25.0,46.2,0.0,21.7,16.7,0.0,0.0,2918400,2918400,2918400,2918400,2918400,2918400,3283200,3283200,556800,2918400,1017600,3283200,7311,30423,pool-5-thread-1,5,26,38,18195,1,2,31037,/top-app,0-7,/top-app,0-7,0,466,0,466,40.9,40.1,40.9,45.5,30,39.3,34.5,0.3,0,NONE,0,0,0,0,0,2147483647,2147483647,game_pid=-1 child_num=0 ui_assist_num=0,0,0
1786636217.959,251046.79,2745600,2745600,2745600,2745600,2745600,2745600,1017600,1017600,10.0,14.3,59.1,0.0,13.6,22.7,0.0,0.0,2918400,2918400,2918400,2918400,2918400,2918400,3283200,3283200,556800,2918400,1017600,3283200,7311,30423,pool-5-thread-1,5,26,38,18195,1,1,31037,/top-app,0-7,/top-app,0-7,0,466,0,466,40.9,40.9,40.9,45.1,30,39.3,34.5,0.3,0,NONE,0,0,0,0,0,2147483647,2147483647,game_pid=-1 child_num=0 ui_assist_num=0,0,0
1786636217.959,251047.02,2745600,2745600,2745600,2745600,2745600,2745600,1017600,1017600,34.8,45.8,0.0,0.0,28.6,38.1,0.0,0.0,2918400,2918400,2918400,2918400,2918400,2918400,3283200,3283200,556800,2918400,1017600,3283200,7311,30423,pool-5-thread-1,5,26,38,18195,1,1,31037,/top-app,0-7,/top-app,0-7,0,466,0,466,41.3,41.3,41.3,45.9,30,39.3,34.5,0.3,0,NONE,0,0,0,0,0,2147483647,2147483647,game_pid=-1 child_num=0 ui_assist_num=0,0,0
1786636217.959,251047.24,2745600,2745600,2745600,2745600,2745600,2745600,1017600,1017600,36.4,36.4,0.0,0.0,40.9,36.4,0.0,0.0,2918400,2918400,2918400,2918400,2918400,2918400,3283200,3283200,556800,2918400,1017600,3283200,7311,30423,pool-5-thread-1,5,26,38,18195,1,0,31037,/top-app,0-7,/top-app,0-7,0,466,0,466,42.0,41.7,42.0,47.5,30,39.3,34.5,0.3,0,NONE,0,0,0,0,0,2147483647,2147483647,game_pid=-1 child_num=0 ui_assist_num=0,0,0
1786636217.959,251047.47,2745600,2745600,2745600,2745600,2745600,2745600,1017600,1017600,38.1,38.1,0.0,0.0,39.1,19.0,0.0,0.0,2918400,2918400,2918400,2918400,2918400,2918400,3283200,3283200,556800,2918400,1017600,3283200,7311,30423,pool-5-thread-1,5,26,38,18195,1,0,31037,/top-app,0-7,/top-app,0-7,0,466,0,466,42.0,41.7,42.0,48.2,30,39.3,34.5,0.3,0,NONE,0,0,0,0,0,2147483647,2147483647,game_pid=-1 child_num=0 ui_assist_num=0,0,0
1786636217.959,251047.71,2745600,2745600,2745600,2745600,2745600,2745600,1017600,1017600,32.0,38.5,0.0,0.0,43.5,44.0,0.0,0.0,2918400,2918400,2918400,2918400,2918400,2918400,3283200,3283200,556800,2918400,1017600,3283200,7311,30423,pool-5-thread-1,5,26,38,18195,1,1,31037,/top-app,0-7,/top-app,0-7,0,466,0,466,42.0,41.7,42.0,47.5,30,39.3,34.5,0.3,0,NONE,0,0,0,0,0,2147483647,2147483647,game_pid=-1 child_num=0 ui_assist_num=0,0,0
1786636217.959,251047.94,2745600,2745600,2745600,2745600,2745600,2745600,1017600,1017600,36.4,25.0,0.0,0.0,45.5,31.8,0.0,0.0,2918400,2918400,2918400,2918400,2918400,2918400,3283200,3283200,556800,2918400,1017600,3283200,7311,30423,pool-5-thread-1,5,26,38,18195,1,5,31037,/top-app,0-7,/top-app,0-7,0,466,0,466,42.4,41.3,42.4,47.5,30,39.3,34.5,0.3,0,NONE,0,0,0,0,0,2147483647,2147483647,game_pid=-1 child_num=0 ui_assist_num=0,0,0
1786636217.959,251048.16,2918400,2918400,2918400,2918400,2918400,2918400,1017600,1017600,33.3,38.1,0.0,0.0,31.8,52.4,0.0,0.0,2918400,2918400,2918400,2918400,2918400,2918400,3283200,3283200,556800,2918400,1017600,3283200,7311,30423,pool-5-thread-1,5,26,38,18195,1,0,31037,/top-app,0-7,/top-app,0-7,0,466,0,466,42.4,42.0,42.4,49.0,30,39.7,34.5,0.3,0,NONE,0,0,0,0,0,2147483647,2147483647,game_pid=-1 child_num=0 ui_assist_num=0,0,0
1786636217.959,251048.38,2745600,2745600,2745600,2745600,2745600,2745600,1017600,1017600,38.1,36.4,0.0,0.0,28.6,35.0,0.0,0.0,2918400,2918400,2918400,2918400,2918400,2918400,3283200,3283200,556800,2918400,1017600,3283200,7311,30423,pool-5-thread-1,5,26,38,18195,1,0,31037,/top-app,0-7,/top-app,0-7,0,466,0,466,42.4,41.7,42.4,47.8,30,40.1,34.5,0.3,0,NONE,0,0,0,0,0,2147483647,2147483647,game_pid=-1 child_num=0 ui_assist_num=0,0,0
1786636217.959,251048.61,2745600,2745600,2745600,2745600,2745600,2745600,1017600,1017600,36.4,47.8,0.0,0.0,40.9,33.3,0.0,0.0,2918400,2918400,2918400,2918400,2918400,2918400,3283200,3283200,556800,2918400,1017600,3283200,7311,30423,pool-5-thread-1,5,26,38,18195,1,0,31037,/top-app,0-7,/top-app,0-7,0,466,0,466,42.4,42.0,42.4,48.2,30,39.7,34.5,0.3,0,NONE,0,0,0,0,0,2147483647,2147483647,game_pid=-1 child_num=0 ui_assist_num=0,0,0
1786636217.959,251048.86,2745600,2745600,2745600,2745600,2745600,2745600,1017600,1017600,39.1,42.3,0.0,0.0,34.8,34.8,0.0,0.0,2918400,2918400,2918400,2918400,2918400,2918400,3283200,3283200,556800,2918400,1017600,3283200,7311,30423,pool-5-thread-1,5,26,38,18195,1,4,31037,/top-app,0-7,/top-app,0-7,0,466,0,466,42.4,42.0,42.4,47.8,30,40.1,34.5,0.3,0,NONE,0,0,0,0,0,2147483647,2147483647,game_pid=-1 child_num=0 ui_assist_num=0,0,0
1786636217.960,251049.09,2745600,2745600,2745600,2745600,2745600,2745600,1017600,1017600,37.5,28.6,0.0,0.0,31.8,52.4,0.0,0.0,2918400,2918400,2918400,2918400,2918400,2918400,3283200,3283200,556800,2918400,1017600,3283200,7311,30423,pool-5-thread-1,5,26,38,18195,1,5,31037,/top-app,0-7,/top-app,0-7,0,466,0,466,42.4,41.7,42.4,47.5,30,39.7,34.5,0.3,0,NONE,0,0,0,0,0,2147483647,2147483647,game_pid=-1 child_num=0 ui_assist_num=0,0,0
1786636217.960,251049.31,2745600,2745600,2745600,2745600,2745600,2745600,1017600,1017600,47.8,28.6,0.0,0.0,45.5,34.8,0.0,0.0,2918400,2918400,2918400,2918400,2918400,2918400,3283200,3283200,556800,2918400,1017600,3283200,7311,30423,pool-5-thread-1,5,26,38,18195,1,5,31037,/top-app,0-7,/top-app,0-7,0,466,0,466,42.8,41.7,42.8,47.8,30,40.1,34.5,0.3,0,NONE,0,0,0,0,0,2147483647,2147483647,game_pid=-1 child_num=0 ui_assist_num=0,0,0
1786636217.960,251049.54,2745600,2745600,2745600,2745600,2745600,2745600,1017600,1017600,42.9,33.3,0.0,0.0,36.4,18.2,0.0,0.0,2918400,2918400,2918400,2918400,2918400,2918400,3283200,3283200,556800,2918400,1017600,3283200,7311,30423,pool-5-thread-1,5,26,38,18195,1,5,31037,/top-app,0-7,/top-app,0-7,0,466,0,466,42.8,42.0,42.8,47.5,30,39.7,34.5,0.3,0,NONE,0,0,0,0,0,2147483647,2147483647,game_pid=-1 child_num=0 ui_assist_num=0,0,0
1786636217.960,251049.77,2745600,2745600,2745600,2745600,2745600,2745600,1017600,1017600,30.4,34.8,0.0,0.0,38.1,28.6,0.0,0.0,2918400,2918400,2918400,2918400,2918400,2918400,3283200,3283200,556800,2918400,1017600,3283200,7311,30423,pool-5-thread-1,5,26,38,18195,1,4,31037,/top-app,0-7,/top-app,0-7,0,466,0,466,42.8,42.0,42.8,48.2,30,39.7,34.5,0.3,0,NONE,0,0,0,0,0,2147483647,2147483647,game_pid=-1 child_num=0 ui_assist_num=0,0,0
1786636217.960,251050.02,2745600,2745600,2745600,2745600,2745600,2745600,1017600,1017600,32.0,30.4,0.0,0.0,46.2,44.0,0.0,0.0,2918400,2918400,2918400,2918400,2918400,2918400,3283200,3283200,556800,2918400,1017600,3283200,7311,30423,pool-5-thread-1,5,26,38,18195,1,1,31037,/top-app,0-7,/top-app,0-7,0,466,0,466,42.4,42.0,42.4,47.8,30,40.1,34.5,0.3,0,NONE,0,0,0,0,0,2147483647,2147483647,game_pid=-1 child_num=0 ui_assist_num=0,0,0
1786636217.960,251050.24,2745600,2745600,2745600,2745600,2745600,2745600,1017600,1017600,30.0,45.5,0.0,0.0,30.0,42.9,0.0,0.0,2918400,2918400,2918400,2918400,2918400,2918400,3283200,3283200,556800,2918400,1017600,3283200,7311,30423,pool-5-thread-1,5,26,38,18195,1,0,31037,/top-app,0-7,/top-app,0-7,0,466,0,466,42.8,42.0,42.8,47.8,30,40.1,34.5,0.3,0,NONE,0,0,0,0,0,2147483647,2147483647,game_pid=-1 child_num=0 ui_assist_num=0,0,0
1786636217.960,251050.47,2745600,2745600,2745600,2745600,2745600,2745600,1017600,1017600,36.4,43.5,0.0,0.0,43.5,28.6,0.0,0.0,2918400,2918400,2918400,2918400,2918400,2918400,3283200,3283200,556800,2918400,1017600,3283200,7311,30423,pool-5-thread-1,5,26,38,18195,1,4,31037,/top-app,0-7,/top-app,0-7,0,466,0,466,42.4,42.4,42.4,49.0,30,40.1,34.5,0.3,0,NONE,0,0,0,0,0,2147483647,2147483647,game_pid=-1 child_num=0 ui_assist_num=0,0,0
1786636217.960,251050.70,2745600,2745600,2745600,2745600,2745600,2745600,1017600,1017600,41.7,9.1,0.0,66.7,4.5,9.5,0.0,0.0,2918400,2918400,2918400,2918400,2918400,2918400,3283200,3283200,556800,2918400,1017600,3283200,7311,30423,pool-5-thread-1,5,26,38,18195,1,3,31037,/top-app,0-7,/top-app,0-7,0,466,0,466,42.8,42.0,42.8,47.8,30,39.7,34.5,0.3,0,NONE,0,0,0,0,0,2147483647,2147483647,game_pid=-1 child_num=0 ui_assist_num=0,0,0
1786636217.960,251050.92,2745600,2745600,2745600,2745600,2745600,2745600,1017600,1017600,9.5,18.2,0.0,91.7,4.8,8.7,0.0,0.0,2918400,2918400,2918400,2918400,2918400,2918400,3283200,3283200,556800,2918400,1017600,3283200,7311,30423,pool-5-thread-1,5,26,38,18195,1,5,31037,/top-app,0-7,/top-app,0-7,0,466,0,466,42.8,42.0,42.8,48.6,30,40.1,34.5,0.3,0,NONE,0,0,0,0,0,2147483647,2147483647,game_pid=-1 child_num=0 ui_assist_num=0,0,0
1786636238.938,251051.17,2745600,2745600,2745600,2745600,2745600,2745600,1017600,1017600,52.0,33.3,0.0,0.0,32.0,43.5,0.0,0.0,2918400,2918400,2918400,2918400,2918400,2918400,3283200,3283200,556800,2918400,1017600,3283200,7311,30423,pool-5-thread-1,5,26,38,18195,1,1,31037,/top-app,0-7,/top-app,0-7,0,466,0,466,42.8,42.0,42.8,47.8,30,40.1,34.5,0.3,0,NONE,0,0,0,0,0,2147483647,2147483647,game_pid=-1 child_num=0 ui_assist_num=0,0,0
1786636238.938,251051.40,1152000,1152000,1152000,1152000,1152000,1152000,1017600,1017600,52.4,27.3,4.3,0.0,31.8,30.4,0.0,0.0,2918400,2918400,2918400,2918400,2918400,2918400,3283200,3283200,556800,2918400,1017600,3283200,7311,30423,pool-5-thread-1,5,26,38,18195,0,NA,31037,/top-app,0-7,/top-app,0-7,0,466,0,466,42.4,42.0,42.4,44.8,30,40.1,34.5,0.3,0,NONE,0,0,0,0,0,2147483647,2147483647,game_pid=-1 child_num=0 ui_assist_num=0,0,0
1786636238.938,251051.65,556800,556800,556800,556800,556800,556800,1017600,1017600,50.0,34.6,0.0,0.0,40.7,26.9,0.0,0.0,2918400,2918400,2918400,2918400,2918400,2918400,3283200,3283200,556800,2918400,1017600,3283200,7311,30423,pool-5-thread-1,5,26,38,18195,0,NA,31037,/top-app,0-7,/top-app,0-7,0,466,0,466,41.3,41.3,41.3,43.2,30,40.1,34.5,0.3,0,NONE,0,0,0,0,0,2147483647,2147483647,game_pid=-1 child_num=0 ui_assist_num=0,0,0
1786636238.938,251051.92,748800,748800,748800,748800,748800,748800,1017600,1017600,48.0,28.0,0.0,0.0,34.6,35.7,0.0,0.0,2918400,2918400,2918400,2918400,2918400,2918400,3283200,3283200,556800,2918400,1017600,3283200,7311,30423,pool-5-thread-1,5,26,38,18195,0,NA,31037,/top-app,0-7,/top-app,0-7,0,466,0,466,40.9,40.9,40.9,43.6,30,39.7,34.5,0.3,0,NONE,0,0,0,0,0,2147483647,2147483647,game_pid=-1 child_num=0 ui_assist_num=0,0,0
1786636238.938,251052.17,556800,556800,556800,556800,556800,556800,1017600,1017600,52.0,35.7,0.0,0.0,23.1,30.8,0.0,0.0,2918400,2918400,2918400,2918400,2918400,2918400,3283200,3283200,556800,2918400,1017600,3283200,7311,30423,pool-5-thread-1,5,26,38,18195,0,NA,31037,/top-app,0-7,/top-app,0-7,0,466,0,466,40.9,40.9,40.5,44.4,30,39.7,34.5,0.3,0,NONE,0,0,0,0,0,2147483647,2147483647,game_pid=-1 child_num=0 ui_assist_num=0,0,0
1786636238.938,251052.45,556800,556800,556800,556800,556800,556800,1017600,1017600,57.6,45.9,0.0,0.0,29.6,21.4,0.0,0.0,2918400,2918400,2918400,2918400,2918400,2918400,3283200,3283200,556800,2918400,1017600,3283200,7311,30423,pool-5-thread-1,5,26,38,18195,0,NA,31037,/top-app,0-7,/top-app,0-7,0,466,0,466,40.9,40.5,40.9,41.7,30,39.7,34.5,0.3,0,NONE,0,0,0,0,0,2147483647,2147483647,game_pid=-1 child_num=0 ui_assist_num=0,0,0
1786636238.938,251052.72,556800,556800,556800,556800,556800,556800,1017600,1017600,48.3,35.5,0.0,0.0,15.4,28.6,0.0,0.0,2918400,2918400,2918400,2918400,2918400,2918400,3283200,3283200,556800,2918400,1017600,3283200,7311,30423,pool-5-thread-1,5,26,38,18195,0,NA,31037,/top-app,0-7,/top-app,0-7,0,466,0,466,40.5,40.5,40.5,41.7,30,39.7,34.5,0.3,0,NONE,0,0,0,0,0,2147483647,2147483647,game_pid=-1 child_num=0 ui_assist_num=0,0,0
1786636238.938,251052.98,556800,556800,556800,556800,556800,556800,1017600,1017600,51.6,35.5,0.0,0.0,30.0,28.6,0.0,0.0,2918400,2918400,2918400,2918400,2918400,2918400,3283200,3283200,556800,2918400,1017600,3283200,7311,30423,pool-5-thread-1,5,26,38,18195,0,NA,31037,/top-app,0-7,/top-app,0-7,0,466,0,466,40.5,40.5,40.1,41.7,30,39.3,34.5,0.3,0,NONE,0,0,0,0,0,2147483647,2147483647,game_pid=-1 child_num=0 ui_assist_num=0,0,0
1786636238.938,251053.26,556800,556800,556800,556800,556800,556800,1017600,1017600,51.7,41.4,0.0,0.0,26.9,40.7,0.0,0.0,2918400,2918400,2918400,2918400,2918400,2918400,3283200,3283200,556800,2918400,1017600,3283200,7311,30423,pool-5-thread-1,5,26,38,18195,0,NA,31037,/top-app,0-7,/top-app,0-7,0,466,0,466,40.1,39.7,40.1,41.7,30,39.3,34.5,0.3,0,NONE,0,0,0,0,0,2147483647,2147483647,game_pid=-1 child_num=0 ui_assist_num=0,0,0
1786636238.938,251053.52,556800,556800,556800,556800,556800,556800,1017600,1017600,53.6,33.3,11.1,0.0,46.4,40.7,0.0,0.0,2918400,2918400,2918400,2918400,2918400,2918400,3283200,3283200,556800,2918400,1017600,3283200,7311,30423,pool-5-thread-1,5,26,38,18195,0,NA,31037,/top-app,0-7,/top-app,0-7,0,466,0,466,40.1,40.1,40.1,41.7,30,39.3,34.5,0.3,0,NONE,0,0,0,0,0,2147483647,2147483647,game_pid=-1 child_num=0 ui_assist_num=0,0,0
1786636238.938,251053.82,556800,556800,556800,556800,556800,556800,1017600,1017600,50.0,39.5,0.0,0.0,17.2,22.6,0.0,0.0,2918400,2918400,2918400,2918400,2918400,2918400,3283200,3283200,556800,2918400,1017600,3283200,7311,30423,pool-5-thread-1,5,26,38,18195,0,NA,31037,/top-app,0-7,/top-app,0-7,0,466,0,466,40.1,40.1,39.7,40.5,30,39.3,34.5,0.3,0,NONE,0,0,0,0,0,2147483647,2147483647,game_pid=-1 child_num=0 ui_assist_num=0,0,0
1786636238.938,251054.10,556800,556800,556800,556800,556800,556800,1017600,1017600,46.9,28.1,3.4,0.0,10.3,27.6,0.0,0.0,2918400,2918400,2918400,2918400,2918400,2918400,3283200,3283200,556800,2918400,1017600,3283200,7311,30423,pool-5-thread-1,5,26,38,18195,0,NA,31037,/top-app,0-7,/top-app,0-7,0,466,0,466,39.7,39.7,39.3,40.5,30,39.3,34.5,0.3,0,NONE,0,0,0,0,0,2147483647,2147483647,game_pid=-1 child_num=0 ui_assist_num=0,0,0
1786636238.938,251054.37,1363200,1363200,1363200,1363200,1363200,1363200,1017600,1017600,53.3,42.4,0.0,0.0,33.3,38.5,0.0,0.0,2918400,2918400,2918400,2918400,2918400,2918400,3283200,3283200,556800,2918400,1017600,3283200,7311,30423,pool-5-thread-1,5,26,38,18195,0,NA,31037,/top-app,0-7,/top-app,0-7,0,466,0,466,39.7,39.7,39.3,41.3,30,39.0,34.5,0.3,0,NONE,0,0,0,0,0,2147483647,2147483647,game_pid=-1 child_num=0 ui_assist_num=0,0,0
1786636238.939,251054.62,556800,556800,556800,556800,556800,556800,1017600,1017600,47.8,41.4,0.0,19.2,33.3,20.0,0.0,0.0,2918400,2918400,2918400,2918400,2918400,2918400,3283200,3283200,556800,2918400,1017600,3283200,7311,30423,pool-5-thread-1,5,26,38,18195,0,NA,31037,/top-app,0-7,/top-app,0-7,0,466,0,466,39.7,39.7,39.3,40.9,30,39.3,34.5,0.3,0,NONE,0,0,0,0,0,2147483647,2147483647,game_pid=-1 child_num=0 ui_assist_num=0,0,0
1786636238.939,251054.90,556800,556800,556800,556800,556800,556800,1017600,1017600,50.0,31.2,0.0,0.0,7.7,27.6,0.0,0.0,2918400,2918400,2918400,2918400,2918400,2918400,3283200,3283200,556800,2918400,1017600,3283200,7311,30423,pool-5-thread-1,5,26,38,18195,0,NA,31037,/top-app,0-7,/top-app,0-7,0,466,0,466,39.7,39.7,39.7,42.0,30,39.0,34.5,0.3,0,NONE,0,0,0,0,0,2147483647,2147483647,game_pid=-1 child_num=0 ui_assist_num=0,0,0
1786636238.939,251055.18,748800,748800,748800,748800,748800,748800,1017600,1017600,48.3,39.4,6.7,3.6,31.0,41.4,0.0,0.0,2918400,2918400,2918400,2918400,2918400,2918400,3283200,3283200,556800,2918400,1017600,3283200,7311,30423,pool-5-thread-1,5,26,38,18195,0,NA,31037,/top-app,0-7,/top-app,0-7,0,466,0,466,39.7,39.3,39.7,40.5,30,39.3,34.5,0.3,0,NONE,0,0,0,0,0,2147483647,2147483647,game_pid=-1 child_num=0 ui_assist_num=0,0,0
1786636238.939,251055.44,960000,960000,960000,960000,960000,960000,1017600,1017600,41.7,37.9,0.0,0.0,28.0,34.6,0.0,0.0,2918400,2918400,2918400,2918400,2918400,2918400,3283200,3283200,556800,2918400,1017600,3283200,7311,30423,pool-5-thread-1,5,26,38,18195,0,NA,31037,/top-app,0-7,/top-app,0-7,0,466,0,466,39.7,39.7,39.7,40.9,30,39.3,34.5,0.3,0,NONE,0,0,0,0,0,2147483647,2147483647,game_pid=-1 child_num=0 ui_assist_num=0,0,0
1786636238.939,251055.70,556800,556800,556800,556800,556800,556800,1017600,1017600,39.1,36.7,0.0,0.0,25.9,38.5,0.0,0.0,2918400,2918400,2918400,2918400,2918400,2918400,3283200,3283200,556800,2918400,1017600,3283200,7311,30423,pool-5-thread-1,5,26,38,18195,0,NA,31037,/top-app,0-7,/top-app,0-7,0,466,0,466,39.7,39.7,39.7,40.9,30,39.3,34.5,0.3,0,NONE,0,0,0,0,0,2147483647,2147483647,game_pid=-1 child_num=0 ui_assist_num=0,0,0
1786636238.939,251055.97,960000,960000,960000,960000,960000,960000,1017600,1017600,53.1,39.4,0.0,0.0,37.0,21.4,0.0,0.0,2918400,2918400,2918400,2918400,2918400,2918400,3283200,3283200,556800,2918400,1017600,3283200,7311,30423,pool-5-thread-1,5,26,38,18195,0,NA,31037,/top-app,0-7,/top-app,0-7,0,466,0,466,39.7,39.7,39.3,40.9,30,39.3,34.5,0.3,0,NONE,0,0,0,0,0,2147483647,2147483647,game_pid=-1 child_num=0 ui_assist_num=0,0,0
1786636238.939,251056.22,556800,556800,556800,556800,556800,556800,1017600,1017600,48.0,33.3,0.0,0.0,24.0,23.1,0.0,0.0,2918400,2918400,2918400,2918400,2918400,2918400,3283200,3283200,556800,2918400,1017600,3283200,7311,30423,pool-5-thread-1,5,26,38,18195,0,NA,31037,/top-app,0-7,/top-app,0-7,0,466,0,466,39.7,39.3,39.7,40.9,30,39.0,34.5,0.3,0,NONE,0,0,0,0,0,2147483647,2147483647,game_pid=-1 child_num=0 ui_assist_num=0,0,0
1786636238.939,251056.51,2745600,2745600,2745600,2745600,2745600,2745600,1017600,1017600,41.4,32.3,10.7,37.9,31.2,48.4,0.0,0.0,2918400,2918400,2918400,2918400,2918400,2918400,3283200,3283200,556800,2918400,1017600,3283200,7311,30423,pool-5-thread-1,5,26,38,18195,1,5,31037,/top-app,0-7,/top-app,0-7,0,466,0,466,40.5,39.7,40.5,45.1,30,39.0,34.5,0.3,0,NONE,0,0,0,0,0,2147483647,2147483647,game_pid=-1 child_num=0 ui_assist_num=0,0,0
1786636238.939,251056.73,2745600,2745600,2745600,2745600,2745600,2745600,1017600,1017600,39.1,28.6,0.0,0.0,33.3,40.0,0.0,0.0,2918400,2918400,2918400,2918400,2918400,2918400,3283200,3283200,556800,2918400,1017600,3283200,7311,30423,pool-5-thread-1,5,26,38,18195,1,4,31037,/top-app,0-7,/top-app,0-7,0,466,0,466,40.9,40.5,40.9,46.7,30,39.3,34.5,0.3,0,NONE,0,0,0,0,0,2147483647,2147483647,game_pid=-1 child_num=0 ui_assist_num=0,0,0
1786636238.939,251056.96,2918400,2918400,2918400,2918400,2918400,2918400,1017600,1017600,40.9,52.4,0.0,0.0,38.1,33.3,0.0,0.0,2918400,2918400,2918400,2918400,2918400,2918400,3283200,3283200,556800,2918400,1017600,3283200,7311,30423,pool-5-thread-1,5,26,38,18195,1,1,31037,/top-app,0-7,/top-app,0-7,0,466,0,466,42.0,40.9,42.0,48.2,30,39.3,34.5,0.3,0,NONE,0,0,0,0,0,2147483647,2147483647,game_pid=-1 child_num=0 ui_assist_num=0,0,0
1786636238.943,251057.37,2745600,2745600,2745600,2745600,2745600,2745600,1017600,1017600,12.5,12.2,90.2,0.0,12.2,7.7,0.0,0.0,2918400,2918400,2918400,2918400,2918400,2918400,3283200,3283200,556800,2918400,1017600,3283200,7311,30423,pool-5-thread-1,5,26,38,18195,1,5,31037,/top-app,0-7,/top-app,0-7,0,466,0,466,41.7,41.3,41.7,47.8,30,39.3,34.5,0.3,0,NONE,0,0,0,0,0,2147483647,2147483647,game_pid=-1 child_num=0 ui_assist_num=0,0,0
1786636238.943,251057.60,2745600,2745600,2745600,2745600,2745600,2745600,1017600,1017600,61.9,17.4,0.0,4.5,37.5,36.4,0.0,0.0,2918400,2918400,2918400,2918400,2918400,2918400,3283200,3283200,556800,2918400,1017600,3283200,7311,30423,pool-5-thread-1,5,26,38,18195,1,4,31037,/top-app,0-7,/top-app,0-7,0,466,0,466,42.4,41.7,42.4,48.2,30,39.3,34.5,0.3,0,NONE,0,0,0,0,0,2147483647,2147483647,game_pid=-1 child_num=0 ui_assist_num=0,0,0
1786636238.943,251057.85,2745600,2745600,2745600,2745600,2745600,2745600,1017600,1017600,36.0,34.8,0.0,0.0,39.1,33.3,0.0,0.0,2918400,2918400,2918400,2918400,2918400,2918400,3283200,3283200,556800,2918400,1017600,3283200,7311,30423,pool-5-thread-1,5,26,38,18195,1,0,31037,/top-app,0-7,/top-app,0-7,0,466,0,466,42.4,41.7,42.4,47.8,30,39.7,34.5,0.3,0,NONE,0,0,0,0,0,2147483647,2147483647,game_pid=-1 child_num=0 ui_assist_num=0,0,0
1786636238.943,251058.07,2745600,2745600,2745600,2745600,2745600,2745600,1017600,1017600,23.8,43.5,0.0,0.0,40.9,26.1,0.0,0.0,2918400,2918400,2918400,2918400,2918400,2918400,3283200,3283200,556800,2918400,1017600,3283200,7311,30423,pool-5-thread-1,5,26,38,18195,1,5,31037,/top-app,0-7,/top-app,0-7,0,466,0,466,42.4,41.7,42.4,47.8,30,39.3,34.5,0.3,0,NONE,0,0,0,0,0,2147483647,2147483647,game_pid=-1 child_num=0 ui_assist_num=0,0,0
1786636238.943,251058.30,2745600,2745600,2745600,2745600,2745600,2745600,1017600,1017600,27.3,50.0,0.0,0.0,33.3,28.6,0.0,0.0,2918400,2918400,2918400,2918400,2918400,2918400,3283200,3283200,556800,2918400,1017600,3283200,7311,30423,pool-5-thread-1,5,26,38,18195,1,5,31037,/top-app,0-7,/top-app,0-7,0,466,0,466,42.4,41.7,42.4,48.2,30,39.3,34.5,0.3,0,NONE,0,0,0,0,0,2147483647,2147483647,game_pid=-1 child_num=0 ui_assist_num=0,0,0
1786636238.943,251058.52,2745600,2745600,2745600,2745600,2745600,2745600,1017600,1017600,55.0,34.8,8.7,0.0,35.0,45.5,0.0,0.0,2918400,2918400,2918400,2918400,2918400,2918400,3283200,3283200,556800,2918400,1017600,3283200,7311,30423,pool-5-thread-1,5,26,38,18195,1,1,31037,/top-app,0-7,/top-app,0-7,0,466,0,466,42.8,41.7,42.8,48.6,30,39.7,34.5,0.3,0,NONE,0,0,0,0,0,2147483647,2147483647,game_pid=-1 child_num=0 ui_assist_num=0,0,0
1786636238.943,251058.75,2745600,2745600,2745600,2745600,2745600,2745600,1017600,1017600,4.8,5.0,95.5,0.0,13.0,9.1,0.0,0.0,2918400,2918400,2918400,2918400,2918400,2918400,3283200,3283200,556800,2918400,1017600,3283200,7311,30423,pool-5-thread-1,5,26,38,18195,1,2,31037,/top-app,0-7,/top-app,0-7,0,466,0,466,42.4,42.0,42.4,49.4,30,39.7,34.5,0.3,0,NONE,0,0,0,0,0,2147483647,2147483647,game_pid=-1 child_num=0 ui_assist_num=0,0,0
1786636238.943,251059.00,2745600,2745600,2745600,2745600,2745600,2745600,1017600,1017600,37.0,24.0,44.0,0.0,30.4,20.0,0.0,0.0,2918400,2918400,2918400,2918400,2918400,2918400,3283200,3283200,556800,2918400,1017600,3283200,7311,30423,pool-5-thread-1,5,26,38,18195,1,4,31037,/top-app,0-7,/top-app,0-7,0,466,0,466,42.8,42.0,42.8,48.6,30,39.3,34.5,0.3,0,NONE,0,0,0,0,0,2147483647,2147483647,game_pid=-1 child_num=0 ui_assist_num=0,0,0
1786636238.943,251059.23,2745600,2745600,2745600,2745600,2745600,2745600,1017600,1017600,38.1,45.8,0.0,0.0,43.5,36.4,0.0,0.0,2918400,2918400,2918400,2918400,2918400,2918400,3283200,3283200,556800,2918400,1017600,3283200,7311,30423,pool-5-thread-1,5,26,38,18195,1,0,31037,/top-app,0-7,/top-app,0-7,0,466,0,466,42.4,41.7,42.4,48.2,30,39.7,34.5,0.3,0,NONE,0,0,0,0,0,2147483647,2147483647,game_pid=-1 child_num=0 ui_assist_num=0,0,0
1786636238.944,251059.45,2745600,2745600,2745600,2745600,2745600,2745600,1017600,1017600,31.8,33.3,0.0,0.0,40.0,39.1,0.0,0.0,2918400,2918400,2918400,2918400,2918400,2918400,3283200,3283200,556800,2918400,1017600,3283200,7311,30423,pool-5-thread-1,5,26,38,18195,1,1,31037,/top-app,0-7,/top-app,0-7,0,466,0,466,42.8,42.0,42.8,47.1,30,39.7,34.5,0.3,0,NONE,0,0,0,0,0,2147483647,2147483647,game_pid=-1 child_num=0 ui_assist_num=0,0,0
1786636238.944,251059.68,2745600,2745600,2745600,2745600,2745600,2745600,1017600,1017600,36.4,43.5,0.0,0.0,41.7,39.1,0.0,0.0,2918400,2918400,2918400,2918400,2918400,2918400,3283200,3283200,556800,2918400,1017600,3283200,7311,30423,pool-5-thread-1,5,26,38,18195,1,4,31037,/top-app,0-7,/top-app,0-7,0,466,0,466,42.4,42.0,42.4,47.8,30,40.1,34.5,0.3,0,NONE,0,0,0,0,0,2147483647,2147483647,game_pid=-1 child_num=0 ui_assist_num=0,0,0
1786636238.944,251059.91,2745600,2745600,2745600,2745600,2745600,2745600,1017600,1017600,33.3,36.4,0.0,0.0,45.8,38.1,0.0,0.0,2918400,2918400,2918400,2918400,2918400,2918400,3283200,3283200,556800,2918400,1017600,3283200,7311,30423,pool-5-thread-1,5,26,38,18195,1,5,31037,/top-app,0-7,/top-app,0-7,0,466,0,466,42.4,41.7,42.4,48.2,30,39.7,34.5,0.3,0,NONE,0,0,0,0,0,2147483647,2147483647,game_pid=-1 child_num=0 ui_assist_num=0,0,0
1786636238.944,251060.16,2745600,2745600,2745600,2745600,2745600,2745600,1017600,1017600,33.3,34.8,0.0,0.0,31.8,48.1,0.0,0.0,2918400,2918400,2918400,2918400,2918400,2918400,3283200,3283200,556800,2918400,1017600,3283200,7311,30423,pool-5-thread-1,5,26,38,18195,1,1,31037,/top-app,0-7,/top-app,0-7,0,466,0,466,42.8,42.0,42.8,47.8,30,39.7,34.5,0.3,0,NONE,0,0,0,0,0,2147483647,2147483647,game_pid=-1 child_num=0 ui_assist_num=0,0,0
1786636238.944,251060.39,2745600,2745600,2745600,2745600,2745600,2745600,1017600,1017600,33.3,45.5,0.0,0.0,34.8,30.4,0.0,0.0,2918400,2918400,2918400,2918400,2918400,2918400,3283200,3283200,556800,2918400,1017600,3283200,7311,30423,pool-5-thread-1,5,26,38,18195,1,0,31037,/top-app,0-7,/top-app,0-7,0,466,0,466,42.4,42.0,42.4,47.5,30,39.7,34.5,0.3,0,NONE,0,0,0,0,0,2147483647,2147483647,game_pid=-1 child_num=0 ui_assist_num=0,0,0
1786636238.944,251060.61,2745600,2745600,2745600,2745600,2745600,2745600,1017600,1017600,45.5,45.5,0.0,4.8,42.9,22.7,0.0,0.0,2918400,2918400,2918400,2918400,2918400,2918400,3283200,3283200,556800,2918400,1017600,3283200,7311,30423,pool-5-thread-1,5,26,38,18195,1,0,31037,/top-app,0-7,/top-app,0-7,0,466,0,466,43.2,42.0,43.2,48.6,30,39.7,34.5,0.3,0,NONE,0,0,0,0,0,2147483647,2147483647,game_pid=-1 child_num=0 ui_assist_num=0,0,0
1786636238.944,251060.84,2745600,2745600,2745600,2745600,2745600,2745600,1017600,1017600,45.5,18.2,0.0,0.0,28.6,45.5,0.0,0.0,2918400,2918400,2918400,2918400,2918400,2918400,3283200,3283200,556800,2918400,1017600,3283200,7311,30423,pool-5-thread-1,5,26,38,18195,1,0,31037,/top-app,0-7,/top-app,0-7,0,466,0,466,42.8,42.4,42.8,48.2,30,39.7,34.5,0.3,0,NONE,0,0,0,0,0,2147483647,2147483647,game_pid=-1 child_num=0 ui_assist_num=0,0,0
1786636238.944,251061.07,2745600,2745600,2745600,2745600,2745600,2745600,1017600,1017600,42.9,31.8,0.0,0.0,37.5,39.1,0.0,0.0,2918400,2918400,2918400,2918400,2918400,2918400,3283200,3283200,556800,2918400,1017600,3283200,7311,30423,pool-5-thread-1,5,26,38,18195,1,4,31037,/top-app,0-7,/top-app,0-7,0,466,0,466,43.2,42.4,43.2,49.4,30,40.1,34.5,0.3,0,NONE,0,0,0,0,0,2147483647,2147483647,game_pid=-1 child_num=0 ui_assist_num=0,0,0
1786636238.944,251061.32,2745600,2745600,2745600,2745600,2745600,2745600,1017600,1017600,32.0,58.3,0.0,0.0,22.7,33.3,0.0,0.0,2918400,2918400,2918400,2918400,2918400,2918400,3283200,3283200,556800,2918400,1017600,3283200,7311,30423,pool-5-thread-1,5,26,38,18195,1,5,31037,/top-app,0-7,/top-app,0-7,0,466,0,466,42.8,42.4,42.8,48.2,30,40.1,34.5,0.3,0,NONE,0,0,0,0,0,2147483647,2147483647,game_pid=-1 child_num=0 ui_assist_num=0,0,0
1786636238.944,251061.55,2745600,2745600,2745600,2745600,2745600,2745600,1017600,1017600,23.8,38.1,0.0,0.0,40.9,36.4,0.0,0.0,2918400,2918400,2918400,2918400,2918400,2918400,3283200,3283200,556800,2918400,1017600,3283200,7311,30423,pool-5-thread-1,5,26,38,18195,1,1,31037,/top-app,0-7,/top-app,0-7,0,466,0,466,42.8,42.4,42.8,49.0,30,40.1,34.5,0.3,0,NONE,0,0,0,0,0,2147483647,2147483647,game_pid=-1 child_num=0 ui_assist_num=0,0,0
1786636238.944,251061.78,2745600,2745600,2745600,2745600,2745600,2745600,1017600,1017600,21.7,24.0,4.3,4.3,76.2,33.3,0.0,0.0,2918400,2918400,2918400,2918400,2918400,2918400,3283200,3283200,556800,2918400,1017600,3283200,7311,30423,pool-5-thread-1,5,26,38,18195,1,4,31037,/top-app,0-7,/top-app,0-7,0,466,0,466,43.2,42.4,43.2,48.6,30,39.7,34.5,0.3,0,NONE,0,0,0,0,0,2147483647,2147483647,game_pid=-1 child_num=0 ui_assist_num=0,0,0
1786636238.944,251062.00,2745600,2745600,2745600,2745600,2745600,2745600,1017600,1017600,27.3,34.8,0.0,0.0,37.5,28.6,0.0,0.0,2918400,2918400,2918400,2918400,2918400,2918400,3283200,3283200,556800,2918400,1017600,3283200,7311,30423,pool-5-thread-1,5,26,38,18195,1,0,31037,/top-app,0-7,/top-app,0-7,0,466,0,466,42.8,42.4,42.8,48.6,30,40.1,34.5,0.3,0,NONE,0,0,0,0,0,2147483647,2147483647,game_pid=-1 child_num=0 ui_assist_num=0,0,0
1786636238.944,251062.23,2918400,2918400,2918400,2918400,2918400,2918400,1017600,1017600,33.3,42.9,0.0,0.0,28.6,37.5,0.0,0.0,2918400,2918400,2918400,2918400,2918400,2918400,3283200,3283200,556800,2918400,1017600,3283200,7311,30423,pool-5-thread-1,5,26,38,18195,1,1,31037,/top-app,0-7,/top-app,0-7,0,466,0,466,42.8,42.4,42.8,49.0,30,40.5,34.5,0.3,0,NONE,0,0,0,0,0,2147483647,2147483647,game_pid=-1 child_num=0 ui_assist_num=0,0,0
1786636238.961,251062.48,2745600,2745600,2745600,2745600,2745600,2745600,1017600,1017600,40.9,40.0,0.0,0.0,37.5,31.8,0.0,0.0,2918400,2918400,2918400,2918400,2918400,2918400,3283200,3283200,556800,2918400,1017600,3283200,7311,30423,pool-5-thread-1,5,26,38,18195,1,5,31037,/top-app,0-7,/top-app,0-7,0,466,0,466,42.8,42.0,42.8,47.5,30,40.5,34.5,0.3,0,NONE,0,0,0,0,0,2147483647,2147483647,game_pid=-1 child_num=0 ui_assist_num=0,0,0
1786636239.171,251078.35,2745600,2745600,2745600,2745600,2745600,2745600,1017600,1017600,35.6,37.1,0.4,0.7,32.7,29.5,0.0,0.0,2918400,2918400,2918400,2918400,2918400,2918400,3283200,3283200,556800,2918400,1017600,3283200,7311,30423,pool-5-thread-1,5,26,38,18195,1,5,31037,/top-app,0-7,/top-app,0-7,0,466,0,466,41.7,40.9,41.7,46.3,30,39.3,34.6,0.3,0,NONE,0,0,0,0,0,2147483647,2147483647,game_pid=-1 child_num=0 ui_assist_num=0,0,0
1786636239.398,251078.58,2745600,2745600,2745600,2745600,2745600,2745600,1017600,1017600,27.3,63.6,0.0,4.3,26.1,34.8,0.0,0.0,2918400,2918400,2918400,2918400,2918400,2918400,3283200,3283200,556800,2918400,1017600,3283200,7311,30423,pool-5-thread-1,5,26,38,18195,1,4,31037,/top-app,0-7,/top-app,0-7,0,466,0,466,41.7,40.9,41.7,46.3,30,39.3,34.6,0.3,0,NONE,0,0,0,0,0,2147483647,2147483647,game_pid=-1 child_num=0 ui_assist_num=0,0,0
1786636239.630,251078.81,2745600,2745600,2745600,2745600,2745600,2745600,1017600,1017600,23.8,40.9,0.0,4.3,27.3,37.5,0.0,0.0,2918400,2918400,2918400,2918400,2918400,2918400,3283200,3283200,556800,2918400,1017600,3283200,7311,30423,pool-5-thread-1,5,26,38,18195,1,1,31037,/top-app,0-7,/top-app,0-7,0,466,0,466,41.7,40.9,41.7,45.9,30,39.7,34.6,0.3,0,NONE,0,0,0,0,0,2147483647,2147483647,game_pid=-1 child_num=0 ui_assist_num=0,0,0
1786636239.878,251079.04,2745600,2745600,2745600,2745600,2745600,2745600,1017600,1017600,28.6,39.1,0.0,0.0,45.5,40.9,0.0,0.0,2918400,2918400,2918400,2918400,2918400,2918400,3283200,3283200,556800,2918400,1017600,3283200,7311,30423,pool-5-thread-1,5,26,38,18195,1,1,31037,/top-app,0-7,/top-app,0-7,0,466,0,466,41.7,41.7,41.7,45.9,30,39.3,34.6,0.3,0,NONE,0,0,0,0,0,2147483647,2147483647,game_pid=-1 child_num=0 ui_assist_num=0,0,0
1786636240.104,251079.29,2745600,2745600,2745600,2745600,2745600,2745600,1017600,1017600,29.2,50.0,0.0,0.0,30.4,50.0,0.0,0.0,2918400,2918400,2918400,2918400,2918400,2918400,3283200,3283200,556800,2918400,1017600,3283200,7311,30423,pool-5-thread-1,5,26,38,18195,1,1,31037,/top-app,0-7,/top-app,0-7,0,466,0,466,42.0,41.3,42.0,45.9,30,39.3,34.6,0.3,0,NONE,0,0,0,0,0,2147483647,2147483647,game_pid=-1 child_num=0 ui_assist_num=0,0,0
1786636240.331,251079.51,2745600,2745600,2745600,2745600,2745600,2745600,1017600,1017600,36.4,54.2,0.0,0.0,36.4,31.8,0.0,0.0,2918400,2918400,2918400,2918400,2918400,2918400,3283200,3283200,556800,2918400,1017600,3283200,7311,30423,pool-5-thread-1,5,26,38,18195,1,0,31037,/top-app,0-7,/top-app,0-7,0,466,0,466,41.7,41.3,41.7,45.9,30,39.7,34.6,0.3,0,NONE,0,0,0,0,0,2147483647,2147483647,game_pid=-1 child_num=0 ui_assist_num=0,0,0
1786636240.692,251079.74,2745600,2745600,2745600,2745600,2745600,2745600,1017600,1017600,22.7,28.6,0.0,0.0,31.8,45.8,0.0,0.0,2918400,2918400,2918400,2918400,2918400,2918400,3283200,3283200,556800,2918400,1017600,3283200,7311,30423,pool-5-thread-1,5,26,38,18195,1,1,31037,/top-app,0-7,/top-app,0-7,0,466,0,466,41.7,41.3,41.7,45.5,30,39.7,34.6,0.3,0,NONE,0,0,0,0,0,2147483647,2147483647,game_pid=-1 child_num=0 ui_assist_num=0,0,0
1786636240.789,251079.97,2745600,2745600,2745600,2745600,2745600,2745600,1017600,1017600,22.7,50.0,0.0,0.0,39.1,28.6,0.0,0.0,2918400,2918400,2918400,2918400,2918400,2918400,3283200,3283200,556800,2918400,1017600,3283200,7311,30423,pool-5-thread-1,5,26,38,18195,1,4,31037,/top-app,0-7,/top-app,0-7,0,466,0,466,42.0,41.7,42.0,46.7,30,39.3,34.6,0.3,0,NONE,0,0,0,0,0,2147483647,2147483647,game_pid=-1 child_num=0 ui_assist_num=0,0,0
1786636241.034,251080.20,2745600,2745600,2745600,2745600,2745600,2745600,1017600,1017600,36.4,33.3,0.0,0.0,45.5,27.3,0.0,0.0,2918400,2918400,2918400,2918400,2918400,2918400,3283200,3283200,556800,2918400,1017600,3283200,7311,30423,pool-5-thread-1,5,26,38,18195,1,4,31037,/top-app,0-7,/top-app,0-7,0,466,0,466,42.0,41.7,42.0,48.2,30,39.7,34.6,0.3,0,NONE,0,0,0,0,0,2147483647,2147483647,game_pid=-1 child_num=0 ui_assist_num=0,0,0
1786636241.261,251080.44,2745600,2745600,2745600,2745600,2745600,2745600,1017600,1017600,20.8,36.0,8.0,0.0,39.1,60.9,0.0,0.0,2918400,2918400,2918400,2918400,2918400,2918400,3283200,3283200,556800,2918400,1017600,3283200,7311,30423,pool-5-thread-1,5,26,38,18195,1,4,31037,/top-app,0-7,/top-app,0-7,0,466,0,466,42.4,41.7,42.4,46.3,30,39.7,34.6,0.3,0,NONE,0,0,0,0,0,2147483647,2147483647,game_pid=-1 child_num=0 ui_assist_num=0,0,0
1786636241.488,251080.67,2745600,2745600,2745600,2745600,2745600,2745600,1017600,1017600,26.1,36.4,0.0,0.0,47.8,33.3,0.0,0.0,2918400,2918400,2918400,2918400,2918400,2918400,3283200,3283200,556800,2918400,1017600,3283200,7311,30423,pool-5-thread-1,5,26,38,18195,1,0,31037,/top-app,0-7,/top-app,0-7,0,466,0,466,42.0,41.7,42.0,46.7,30,39.7,34.6,0.3,0,NONE,0,0,0,0,0,2147483647,2147483647,game_pid=-1 child_num=0 ui_assist_num=0,0,0
1786636241.714,251080.90,2745600,2745600,2745600,2745600,2745600,2745600,1017600,1017600,31.8,43.5,0.0,0.0,33.3,37.5,0.0,0.0,2918400,2918400,2918400,2918400,2918400,2918400,3283200,3283200,556800,2918400,1017600,3283200,7311,30423,pool-5-thread-1,5,26,38,18195,1,4,31037,/top-app,0-7,/top-app,0-7,0,466,0,466,42.0,41.7,42.0,46.7,30,39.7,34.6,0.3,0,NONE,0,0,0,0,0,2147483647,2147483647,game_pid=-1 child_num=0 ui_assist_num=0,0,0
1786636241.939,251081.12,2745600,2745600,2745600,2745600,2745600,2745600,1017600,1017600,26.1,27.3,0.0,0.0,33.3,60.9,0.0,0.0,2918400,2918400,2918400,2918400,2918400,2918400,3283200,3283200,556800,2918400,1017600,3283200,7311,30423,pool-5-thread-1,5,26,38,18195,1,1,31037,/top-app,0-7,/top-app,0-7,0,466,0,466,42.0,41.7,42.0,46.3,30,39.7,34.6,0.3,0,NONE,0,0,0,0,0,2147483647,2147483647,game_pid=-1 child_num=0 ui_assist_num=0,0,0
1786636242.190,251081.35,2745600,2745600,2745600,2745600,2745600,2745600,1017600,1017600,15.0,40.9,0.0,0.0,36.4,38.1,0.0,0.0,2918400,2918400,2918400,2918400,2918400,2918400,3283200,3283200,556800,2918400,1017600,3283200,7311,30423,pool-5-thread-1,5,26,38,18195,1,0,31037,/top-app,0-7,/top-app,0-7,0,466,0,466,42.4,41.3,42.4,48.2,30,39.7,34.6,0.3,0,NONE,0,0,0,0,0,2147483647,2147483647,game_pid=-1 child_num=0 ui_assist_num=0,0,0
1786636242.415,251081.60,2745600,2745600,2745600,2745600,2745600,2745600,1017600,1017600,29.2,20.0,0.0,83.3,16.7,20.0,0.0,0.0,2918400,2918400,2918400,2918400,2918400,2918400,3283200,3283200,556800,2918400,1017600,3283200,7311,30423,pool-5-thread-1,5,26,38,18195,1,3,31037,/top-app,0-7,/top-app,0-7,0,466,0,466,42.0,41.7,42.0,46.7,30,39.7,34.6,0.3,0,NONE,0,0,0,0,0,2147483647,2147483647,game_pid=-1 child_num=0 ui_assist_num=0,0,0
1786636242.640,251081.83,2745600,2745600,2745600,2745600,2745600,2745600,1017600,1017600,27.3,77.3,9.5,22.7,36.4,34.8,0.0,0.0,2918400,2918400,2918400,2918400,2918400,2918400,3283200,3283200,556800,2918400,1017600,3283200,7311,30423,pool-5-thread-1,5,26,38,18195,1,4,31037,/top-app,0-7,/top-app,0-7,0,466,0,466,42.8,42.0,42.8,47.5,30,40.1,34.6,0.3,0,NONE,0,0,0,0,0,2147483647,2147483647,game_pid=-1 child_num=0 ui_assist_num=0,0,0
1786636242.868,251082.05,2745600,2745600,2745600,2745600,2745600,2745600,1017600,1017600,47.6,29.2,0.0,0.0,36.0,28.6,0.0,0.0,2918400,2918400,2918400,2918400,2918400,2918400,3283200,3283200,556800,2918400,1017600,3283200,7311,30423,pool-5-thread-1,5,26,38,18195,1,1,31037,/top-app,0-7,/top-app,0-7,0,466,0,466,42.8,42.0,42.8,47.1,30,40.1,34.6,0.3,0,NONE,0,0,0,0,0,2147483647,2147483647,game_pid=-1 child_num=0 ui_assist_num=0,0,0
1786636243.090,251082.28,2745600,2745600,2745600,2745600,2745600,2745600,1017600,1017600,45.5,45.0,0.0,0.0,36.4,41.7,0.0,0.0,2918400,2918400,2918400,2918400,2918400,2918400,3283200,3283200,556800,2918400,1017600,3283200,7311,30423,pool-5-thread-1,5,26,38,18195,1,4,31037,/top-app,0-7,/top-app,0-7,0,466,0,466,42.4,41.7,42.4,47.5,30,40.1,34.6,0.3,0,NONE,0,0,0,0,0,2147483647,2147483647,game_pid=-1 child_num=0 ui_assist_num=0,0,0
1786636243.336,251082.50,2745600,2745600,2745600,2745600,2745600,2745600,1017600,1017600,27.3,45.8,0.0,0.0,35.0,35.0,0.0,0.0,2918400,2918400,2918400,2918400,2918400,2918400,3283200,3283200,556800,2918400,1017600,3283200,7311,30423,pool-5-thread-1,5,26,38,18195,1,0,31037,/top-app,0-7,/top-app,0-7,0,466,0,466,42.4,42.0,42.4,47.1,30,39.7,34.6,0.3,0,NONE,0,0,0,0,0,2147483647,2147483647,game_pid=-1 child_num=0 ui_assist_num=0,0,0
1786636243.593,251082.75,2918400,2918400,2918400,2918400,2918400,2918400,1017600,1017600,45.8,52.2,4.2,8.0,52.0,52.2,0.0,0.0,2918400,2918400,2918400,2918400,2918400,2918400,3283200,3283200,556800,2918400,1017600,3283200,7311,30423,pool-5-thread-1,5,26,38,18195,1,5,31037,/top-app,0-7,/top-app,0-7,0,466,0,466,49.4,49.4,45.1,49.8,30,40.1,34.6,0.3,0,NONE,0,0,0,0,0,2147483647,2147483647,game_pid=-1 child_num=0 ui_assist_num=0,0,0
1786636243.794,251082.97,2745600,2745600,2745600,2745600,2745600,2745600,1017600,1017600,26.1,26.1,9.1,4.5,30.4,78.3,4.3,0.0,2918400,2918400,2918400,2918400,2918400,2918400,3283200,3283200,556800,2918400,1017600,3283200,7311,30423,pool-5-thread-1,5,26,38,18195,1,0,31037,/top-app,0-7,/top-app,0-7,0,466,0,466,42.8,42.0,42.8,46.3,30,40.1,34.6,0.3,0,NONE,0,0,0,0,0,2147483647,2147483647,game_pid=-1 child_num=0 ui_assist_num=0,0,0
1786636244.024,251083.20,2745600,2745600,2745600,2745600,2745600,2745600,1017600,1017600,23.8,36.4,0.0,0.0,52.0,36.4,0.0,0.0,2918400,2918400,2918400,2918400,2918400,2918400,3283200,3283200,556800,2918400,1017600,3283200,7311,30423,pool-5-thread-1,5,26,38,18195,1,0,31037,/top-app,0-7,/top-app,0-7,0,466,0,466,42.4,41.7,42.4,47.5,30,40.1,34.6,0.3,0,NONE,0,0,0,0,0,2147483647,2147483647,game_pid=-1 child_num=0 ui_assist_num=0,0,0
1786636244.249,251083.43,2745600,2745600,2745600,2745600,2745600,2745600,1017600,1017600,34.8,63.6,0.0,0.0,42.9,50.0,0.0,0.0,2918400,2918400,2918400,2918400,2918400,2918400,3283200,3283200,556800,2918400,1017600,3283200,7311,30423,pool-5-thread-1,5,26,38,18195,1,1,31037,/top-app,0-7,/top-app,0-7,0,466,0,466,42.8,42.4,42.8,47.8,30,40.1,34.6,0.3,0,NONE,0,0,0,0,0,2147483647,2147483647,game_pid=-1 child_num=0 ui_assist_num=0,0,0
1786636244.498,251083.66,2745600,2745600,2745600,2745600,2745600,2745600,1017600,1017600,19.0,52.4,0.0,4.5,21.1,40.9,0.0,0.0,2918400,2918400,2918400,2918400,2918400,2918400,3283200,3283200,556800,2918400,1017600,3283200,7311,30423,pool-5-thread-1,5,26,38,18195,1,1,31037,/top-app,0-7,/top-app,0-7,0,466,0,466,42.8,42.0,42.8,48.2,30,40.1,34.6,0.3,0,NONE,0,0,0,0,0,2147483647,2147483647,game_pid=-1 child_num=0 ui_assist_num=0,0,0
1786636244.730,251083.91,2745600,2745600,2745600,2745600,2745600,2745600,1017600,1017600,38.5,40.0,0.0,0.0,41.7,40.0,0.0,0.0,2918400,2918400,2918400,2918400,2918400,2918400,3283200,3283200,556800,2918400,1017600,3283200,7311,30423,pool-5-thread-1,5,26,38,18195,1,4,31037,/top-app,0-7,/top-app,0-7,0,466,0,466,42.4,42.0,42.4,47.1,30,40.1,34.6,0.3,0,NONE,0,0,0,0,0,2147483647,2147483647,game_pid=-1 child_num=0 ui_assist_num=0,0,0
1786636244.954,251084.14,2745600,2745600,2745600,2745600,2745600,2745600,1017600,1017600,26.1,34.8,0.0,0.0,40.0,36.4,0.0,0.0,2918400,2918400,2918400,2918400,2918400,2918400,3283200,3283200,556800,2918400,1017600,3283200,7311,30423,pool-5-thread-1,5,26,38,18195,1,5,31037,/top-app,0-7,/top-app,0-7,0,466,0,466,42.4,42.0,42.4,47.5,30,40.1,34.6,0.3,0,NONE,0,0,0,0,0,2147483647,2147483647,game_pid=-1 child_num=0 ui_assist_num=0,0,0
1786636245.179,251084.36,2745600,2745600,2745600,2745600,2745600,2745600,1017600,1017600,28.6,36.4,0.0,0.0,50.0,43.5,0.0,0.0,2918400,2918400,2918400,2918400,2918400,2918400,3283200,3283200,556800,2918400,1017600,3283200,7311,30423,pool-5-thread-1,5,26,38,18195,1,4,31037,/top-app,0-7,/top-app,0-7,0,466,0,466,42.4,42.0,42.4,47.8,30,40.1,34.6,0.3,0,NONE,0,0,0,0,0,2147483647,2147483647,game_pid=-1 child_num=0 ui_assist_num=0,0,0
1786636245.405,251084.59,2745600,2745600,2745600,2745600,2745600,2745600,1017600,1017600,27.3,27.3,0.0,0.0,54.5,36.4,0.0,0.0,2918400,2918400,2918400,2918400,2918400,2918400,3283200,3283200,556800,2918400,1017600,3283200,7311,30423,pool-5-thread-1,5,26,38,18195,1,1,31037,/top-app,0-7,/top-app,0-7,0,466,0,466,42.8,42.0,42.8,47.8,30,39.7,34.6,0.3,0,NONE,0,0,0,0,0,2147483647,2147483647,game_pid=-1 child_num=0 ui_assist_num=0,0,0
1786636245.655,251084.82,2745600,2745600,2745600,2745600,2745600,2745600,1017600,1017600,31.8,28.6,0.0,0.0,57.1,14.3,0.0,0.0,2918400,2918400,2918400,2918400,2918400,2918400,3283200,3283200,556800,2918400,1017600,3283200,7311,30423,pool-5-thread-1,5,26,38,18195,1,0,31037,/top-app,0-7,/top-app,0-7,0,466,0,466,42.4,41.7,42.4,47.8,30,40.1,34.6,0.3,0,NONE,0,0,0,0,0,2147483647,2147483647,game_pid=-1 child_num=0 ui_assist_num=0,0,0
1786636245.879,251085.06,2745600,2745600,2745600,2745600,2745600,2745600,1017600,1017600,36.0,32.0,0.0,0.0,36.0,48.0,0.0,0.0,2918400,2918400,2918400,2918400,2918400,2918400,3283200,3283200,556800,2918400,1017600,3283200,7311,30423,pool-5-thread-1,5,26,38,18195,1,0,31037,/top-app,0-7,/top-app,0-7,0,466,0,466,42.0,41.7,42.0,46.7,30,40.1,34.6,0.3,0,NONE,0,0,0,0,0,2147483647,2147483647,game_pid=-1 child_num=0 ui_assist_num=0,0,0
1786636246.105,251085.29,2745600,2745600,2745600,2745600,2745600,2745600,1017600,1017600,33.3,36.4,0.0,0.0,31.8,33.3,0.0,0.0,2918400,2918400,2918400,2918400,2918400,2918400,3283200,3283200,556800,2918400,1017600,3283200,7311,30423,pool-5-thread-1,5,26,38,18195,1,5,31037,/top-app,0-7,/top-app,0-7,0,466,0,466,42.4,41.7,42.4,46.3,30,40.1,34.6,0.3,0,NONE,0,0,0,0,0,2147483647,2147483647,game_pid=-1 child_num=0 ui_assist_num=0,0,0
1786636246.330,251085.52,2745600,2745600,2745600,2745600,2745600,2745600,1017600,1017600,28.6,43.5,0.0,0.0,50.0,45.5,0.0,0.0,2918400,2918400,2918400,2918400,2918400,2918400,3283200,3283200,556800,2918400,1017600,3283200,7311,30423,pool-5-thread-1,5,26,38,18195,1,5,31037,/top-app,0-7,/top-app,0-7,0,466,0,466,42.4,42.0,42.4,47.5,30,40.1,34.6,0.3,0,NONE,0,0,0,0,0,2147483647,2147483647,game_pid=-1 child_num=0 ui_assist_num=0,0,0
1786636246.554,251085.74,2745600,2745600,2745600,2745600,2745600,2745600,1017600,1017600,31.8,28.6,0.0,0.0,33.3,31.8,0.0,0.0,2918400,2918400,2918400,2918400,2918400,2918400,3283200,3283200,556800,2918400,1017600,3283200,7311,30423,pool-5-thread-1,5,26,38,18195,1,4,31037,/top-app,0-7,/top-app,0-7,0,466,0,466,42.0,42.0,42.0,46.7,30,40.1,34.6,0.3,0,NONE,0,0,0,0,0,2147483647,2147483647,game_pid=-1 child_num=0 ui_assist_num=0,0,0
1786636246.803,251085.97,2745600,2745600,2745600,2745600,2745600,2745600,1017600,1017600,25.0,43.5,0.0,0.0,9.5,47.8,0.0,0.0,2918400,2918400,2918400,2918400,2918400,2918400,3283200,3283200,556800,2918400,1017600,3283200,7311,30423,pool-5-thread-1,5,26,38,18195,1,0,31037,/top-app,0-7,/top-app,0-7,0,466,0,466,42.0,42.0,42.0,46.7,30,39.7,34.6,0.3,0,NONE,0,0,0,0,0,2147483647,2147483647,game_pid=-1 child_num=0 ui_assist_num=0,0,0
1786636247.033,251086.21,2745600,2745600,2745600,2745600,2745600,2745600,1017600,1017600,18.2,34.8,0.0,0.0,39.1,43.5,0.0,0.0,2918400,2918400,2918400,2918400,2918400,2918400,3283200,3283200,556800,2918400,1017600,3283200,7311,30423,pool-5-thread-1,5,26,38,18195,1,5,31037,/top-app,0-7,/top-app,0-7,0,466,0,466,42.0,42.0,42.0,46.3,30,40.1,34.6,0.3,0,NONE,0,0,0,0,0,2147483647,2147483647,game_pid=-1 child_num=0 ui_assist_num=0,0,0
1786636247.726,251086.44,2745600,2745600,2745600,2745600,2745600,2745600,1017600,1017600,56.5,37.5,8.7,0.0,42.9,19.0,0.0,0.0,2918400,2918400,2918400,2918400,2918400,2918400,3283200,3283200,556800,2918400,1017600,3283200,7311,30423,pool-5-thread-1,5,26,38,18195,1,0,31037,/top-app,0-7,/top-app,0-7,0,466,0,466,42.4,41.7,42.4,46.3,30,40.1,34.6,0.3,0,NONE,0,0,0,0,0,2147483647,2147483647,game_pid=-1 child_num=0 ui_assist_num=0,0,0
1786636247.835,251086.67,2918400,2918400,2918400,2918400,2918400,2918400,1017600,1017600,36.4,59.1,4.5,0.0,39.1,33.3,0.0,0.0,2918400,2918400,2918400,2918400,2918400,2918400,3283200,3283200,556800,2918400,1017600,3283200,7311,30423,pool-5-thread-1,5,26,38,18195,1,4,31037,/top-app,0-7,/top-app,0-7,0,466,0,466,42.8,42.0,42.8,50.2,30,40.1,34.6,0.3,0,NONE,0,0,0,0,0,2147483647,2147483647,game_pid=-1 child_num=0 ui_assist_num=0,0,0
1786636247.835,251086.90,2745600,2745600,2745600,2745600,2745600,2745600,1017600,1017600,19.0,13.6,0.0,4.5,87.0,14.3,0.0,0.0,2918400,2918400,2918400,2918400,2918400,2918400,3283200,3283200,556800,2918400,1017600,3283200,7311,30423,pool-5-thread-1,5,26,38,18195,1,1,31037,/top-app,0-7,/top-app,0-7,0,466,0,466,42.8,42.0,42.8,47.1,30,40.1,34.6,0.3,0,NONE,0,0,0,0,0,2147483647,2147483647,game_pid=-1 child_num=0 ui_assist_num=0,0,0
1786636247.961,251087.12,2745600,2745600,2745600,2745600,2745600,2745600,1017600,1017600,45.5,33.3,0.0,4.2,30.4,56.5,0.0,0.0,2918400,2918400,2918400,2918400,2918400,2918400,3283200,3283200,556800,2918400,1017600,3283200,7311,30423,pool-5-thread-1,5,26,38,18195,1,4,31037,/top-app,0-7,/top-app,0-7,0,466,0,466,42.8,42.4,42.8,48.2,30,40.5,34.6,0.3,0,NONE,0,0,0,0,0,2147483647,2147483647,game_pid=-1 child_num=0 ui_assist_num=0,0,0
1786636248.186,251087.37,2745600,2745600,2745600,2745600,2745600,2745600,1017600,1017600,28.0,33.3,0.0,0.0,56.0,29.2,0.0,0.0,2918400,2918400,2918400,2918400,2918400,2918400,3283200,3283200,556800,2918400,1017600,3283200,7311,30423,pool-5-thread-1,5,26,38,18195,1,4,31037,/top-app,0-7,/top-app,0-7,0,466,0,466,42.4,42.0,42.4,48.6,30,40.1,34.6,0.3,0,NONE,0,0,0,0,0,2147483647,2147483647,game_pid=-1 child_num=0 ui_assist_num=0,0,0
1786636248.410,251087.60,2745600,2745600,2745600,2745600,2745600,2745600,1017600,1017600,23.8,22.7,8.7,4.5,72.7,31.8,0.0,0.0,2918400,2918400,2918400,2918400,2918400,2918400,3283200,3283200,556800,2918400,1017600,3283200,7311,30423,pool-5-thread-1,5,26,38,18195,1,5,31037,/top-app,0-7,/top-app,0-7,0,466,0,466,42.8,42.0,42.8,47.5,30,40.1,34.6,0.3,0,NONE,0,0,0,0,0,2147483647,2147483647,game_pid=-1 child_num=0 ui_assist_num=0,0,0
1786636248.641,251087.82,2745600,2745600,2745600,2745600,2745600,2745600,1017600,1017600,31.8,36.4,0.0,0.0,33.3,37.5,0.0,0.0,2918400,2918400,2918400,2918400,2918400,2918400,3283200,3283200,556800,2918400,1017600,3283200,7311,30423,pool-5-thread-1,5,26,38,18195,1,5,31037,/top-app,0-7,/top-app,0-7,0,466,0,466,42.4,42.0,42.4,46.7,30,40.5,34.6,0.3,0,NONE,0,0,0,0,0,2147483647,2147483647,game_pid=-1 child_num=0 ui_assist_num=0,0,0
1786636248.865,251088.05,2918400,2918400,2918400,2918400,2918400,2918400,1017600,1017600,36.4,40.9,0.0,0.0,45.8,47.6,0.0,0.0,2918400,2918400,2918400,2918400,2918400,2918400,3283200,3283200,556800,2918400,1017600,3283200,7311,30423,pool-5-thread-1,5,26,38,18195,1,1,31037,/top-app,0-7,/top-app,0-7,0,466,0,466,42.4,42.4,42.4,49.8,30,40.5,34.6,0.3,0,NONE,0,0,0,0,0,2147483647,2147483647,game_pid=-1 child_num=0 ui_assist_num=0,0,0
1786636249.110,251088.27,2745600,2745600,2745600,2745600,2745600,2745600,1017600,1017600,63.6,33.3,0.0,4.5,55.0,47.8,0.0,0.0,2918400,2918400,2918400,2918400,2918400,2918400,3283200,3283200,556800,2918400,1017600,3283200,7311,30423,pool-5-thread-1,5,26,38,18195,1,4,31037,/top-app,0-7,/top-app,0-7,0,466,0,466,43.2,42.4,43.2,49.0,30,40.1,34.6,0.3,0,NONE,0,0,0,0,0,2147483647,2147483647,game_pid=-1 child_num=0 ui_assist_num=0,0,0
1786636249.336,251088.52,2745600,2745600,2745600,2745600,2745600,2745600,1017600,1017600,34.8,56.5,0.0,0.0,52.0,41.7,0.0,0.0,2918400,2918400,2918400,2918400,2918400,2918400,3283200,3283200,556800,2918400,1017600,3283200,7311,30423,pool-5-thread-1,5,26,38,18195,1,1,31037,/top-app,0-7,/top-app,0-7,0,466,0,466,42.8,42.4,42.8,48.2,30,40.1,34.6,0.3,0,NONE,0,0,0,0,0,2147483647,2147483647,game_pid=-1 child_num=0 ui_assist_num=0,0,0
1786636249.563,251088.75,2745600,2745600,2745600,2745600,2745600,2745600,1017600,1017600,27.3,69.6,0.0,0.0,18.2,22.7,0.0,0.0,2918400,2918400,2918400,2918400,2918400,2918400,3283200,3283200,556800,2918400,1017600,3283200,7311,30423,pool-5-thread-1,5,26,38,18195,1,5,31037,/top-app,0-7,/top-app,0-7,0,466,0,466,43.2,42.4,43.2,47.1,30,40.5,34.6,0.3,0,NONE,0,0,0,0,0,2147483647,2147483647,game_pid=-1 child_num=0 ui_assist_num=0,0,0
1786636249.789,251088.97,2745600,2745600,2745600,2745600,2745600,2745600,1017600,1017600,34.8,36.4,0.0,0.0,36.4,36.4,0.0,0.0,2918400,2918400,2918400,2918400,2918400,2918400,3283200,3283200,556800,2918400,1017600,3283200,7311,30423,pool-5-thread-1,5,26,38,18195,1,4,31037,/top-app,0-7,/top-app,0-7,0,466,0,466,42.8,42.0,42.8,47.8,30,40.5,34.6,0.3,0,NONE,0,0,0,0,0,2147483647,2147483647,game_pid=-1 child_num=0 ui_assist_num=0,0,0
1786636250.019,251089.20,2745600,2745600,2745600,2745600,2745600,2745600,1017600,1017600,20.0,47.8,0.0,0.0,40.9,40.0,0.0,0.0,2918400,2918400,2918400,2918400,2918400,2918400,3283200,3283200,556800,2918400,1017600,3283200,7311,30423,pool-5-thread-1,5,26,38,18195,1,5,31037,/top-app,0-7,/top-app,0-7,0,466,0,466,42.8,42.0,42.8,46.7,30,40.5,34.6,0.3,0,NONE,0,0,0,0,0,2147483647,2147483647,game_pid=-1 child_num=0 ui_assist_num=0,0,0
1786636250.272,251089.43,1996800,1996800,1996800,1996800,1996800,1996800,1017600,1017600,44.0,36.4,0.0,0.0,39.1,48.0,0.0,0.0,2918400,2918400,2918400,2918400,2918400,2918400,3283200,3283200,556800,2918400,1017600,3283200,7311,30423,pool-5-thread-1,5,26,38,18195,1,1,31037,/top-app,0-7,/top-app,0-7,0,466,0,466,42.8,42.0,42.8,47.8,30,40.5,34.6,0.3,0,NONE,0,0,0,0,0,2147483647,2147483647,game_pid=-1 child_num=0 ui_assist_num=0,0,0
1786636250.496,251089.68,2745600,2745600,2745600,2745600,2745600,2745600,1017600,1017600,34.8,56.0,0.0,8.7,32.0,33.3,0.0,0.0,2918400,2918400,2918400,2918400,2918400,2918400,3283200,3283200,556800,2918400,1017600,3283200,7311,30423,pool-5-thread-1,5,26,38,18195,1,5,31037,/top-app,0-7,/top-app,0-7,0,466,0,466,42.0,42.0,42.0,45.9,30,40.1,34.6,0.3,0,NONE,0,0,0,0,0,2147483647,2147483647,game_pid=-1 child_num=0 ui_assist_num=0,0,0
1786636250.721,251089.91,2745600,2745600,2745600,2745600,2745600,2745600,1017600,1017600,9.5,56.5,0.0,0.0,31.8,27.3,0.0,0.0,2918400,2918400,2918400,2918400,2918400,2918400,3283200,3283200,556800,2918400,1017600,3283200,7311,30423,pool-5-thread-1,5,26,38,18195,1,5,31037,/top-app,0-7,/top-app,0-7,0,466,0,466,42.4,41.7,42.4,46.3,30,40.1,34.6,0.3,0,NONE,0,0,0,0,0,2147483647,2147483647,game_pid=-1 child_num=0 ui_assist_num=0,0,0
1786636250.945,251090.13,2745600,2745600,2745600,2745600,2745600,2745600,1017600,1017600,31.8,33.3,0.0,0.0,27.3,47.6,0.0,0.0,2918400,2918400,2918400,2918400,2918400,2918400,3283200,3283200,556800,2918400,1017600,3283200,7311,30423,pool-5-thread-1,5,26,38,18195,1,0,31037,/top-app,0-7,/top-app,0-7,0,466,0,466,42.0,41.7,42.0,47.5,30,40.1,34.6,0.3,0,NONE,0,0,0,0,0,2147483647,2147483647,game_pid=-1 child_num=0 ui_assist_num=0,0,0
1786636251.174,251090.36,2745600,2745600,2745600,2745600,2745600,2745600,1017600,1017600,33.3,22.7,0.0,0.0,39.1,39.1,0.0,0.0,2918400,2918400,2918400,2918400,2918400,2918400,3283200,3283200,556800,2918400,1017600,3283200,7311,30423,pool-5-thread-1,5,26,38,18195,1,4,31037,/top-app,0-7,/top-app,0-7,0,466,0,466,42.4,41.7,42.4,47.8,30,40.1,34.6,0.3,0,NONE,0,0,0,0,0,2147483647,2147483647,game_pid=-1 child_num=0 ui_assist_num=0,0,0
1786636251.417,251090.58,2745600,2745600,2745600,2745600,2745600,2745600,1017600,1017600,18.2,22.7,54.5,0.0,19.0,52.2,0.0,0.0,2918400,2918400,2918400,2918400,2918400,2918400,3283200,3283200,556800,2918400,1017600,3283200,7311,30423,pool-5-thread-1,5,26,38,18195,1,1,31037,/top-app,0-7,/top-app,0-7,0,466,0,466,42.4,42.0,42.4,48.2,30,40.5,34.6,0.3,0,NONE,0,0,0,0,0,2147483647,2147483647,game_pid=-1 child_num=0 ui_assist_num=0,0,0
1786636251.644,251090.83,2745600,2745600,2745600,2745600,2745600,2745600,1017600,1017600,25.0,45.8,0.0,0.0,41.7,27.3,0.0,0.0,2918400,2918400,2918400,2918400,2918400,2918400,3283200,3283200,556800,2918400,1017600,3283200,7311,30423,pool-5-thread-1,5,26,38,18195,1,5,31037,/top-app,0-7,/top-app,0-7,0,466,0,466,42.8,42.0,42.8,47.1,30,40.1,34.6,0.3,0,NONE,0,0,0,0,0,2147483647,2147483647,game_pid=-1 child_num=0 ui_assist_num=0,0,0
1786636251.869,251091.05,2745600,2745600,2745600,2745600,2745600,2745600,1017600,1017600,39.1,38.1,0.0,0.0,27.3,47.8,0.0,0.0,2918400,2918400,2918400,2918400,2918400,2918400,3283200,3283200,556800,2918400,1017600,3283200,7311,30423,pool-5-thread-1,5,26,38,18195,1,4,31037,/top-app,0-7,/top-app,0-7,0,466,0,466,42.8,42.0,42.8,47.5,30,40.1,34.6,0.3,0,NONE,0,0,0,0,0,2147483647,2147483647,game_pid=-1 child_num=0 ui_assist_num=0,0,0
1786636252.106,251091.28,2745600,2745600,2745600,2745600,2745600,2745600,1017600,1017600,31.8,36.4,0.0,0.0,38.1,38.1,0.0,0.0,2918400,2918400,2918400,2918400,2918400,2918400,3283200,3283200,556800,2918400,1017600,3283200,7311,30423,pool-5-thread-1,5,26,38,18195,1,5,31037,/top-app,0-7,/top-app,0-7,0,466,0,466,42.4,42.4,42.4,46.3,30,40.1,34.6,0.3,0,NONE,0,0,0,0,0,2147483647,2147483647,game_pid=-1 child_num=0 ui_assist_num=0,0,0
1786636252.798,251091.52,2745600,2745600,2745600,2745600,2745600,2745600,1017600,1017600,43.5,26.3,0.0,0.0,52.0,48.0,0.0,0.0,2918400,2918400,2918400,2918400,2918400,2918400,3283200,3283200,556800,2918400,1017600,3283200,7311,30423,pool-5-thread-1,5,26,38,18195,1,0,31037,/top-app,0-7,/top-app,0-7,0,466,0,466,42.8,42.0,42.8,45.9,30,40.5,34.6,0.3,0,NONE,0,0,0,0,0,2147483647,2147483647,game_pid=-1 child_num=0 ui_assist_num=0,0,0
1786636252.799,251091.76,2745600,2745600,2745600,2745600,2745600,2745600,1017600,1017600,20.8,44.0,0.0,0.0,27.3,40.9,0.0,0.0,2918400,2918400,2918400,2918400,2918400,2918400,3283200,3283200,556800,2918400,1017600,3283200,7311,30423,pool-5-thread-1,5,26,38,18195,1,4,31037,/top-app,0-7,/top-app,0-7,0,466,0,466,42.8,42.0,42.8,47.8,30,40.1,34.6,0.3,0,NONE,0,0,0,0,0,2147483647,2147483647,game_pid=-1 child_num=0 ui_assist_num=0,0,0
1786636252.821,251092.00,2745600,2745600,2745600,2745600,2745600,2745600,1017600,1017600,59.3,31.8,0.0,4.2,29.2,25.0,0.0,0.0,2918400,2918400,2918400,2918400,2918400,2918400,3283200,3283200,556800,2918400,1017600,3283200,7311,30423,pool-5-thread-1,5,26,38,18195,1,0,31037,/top-app,0-7,/top-app,0-7,0,466,0,466,42.8,42.4,42.8,47.1,30,40.1,34.6,0.3,0,NONE,0,0,0,0,0,2147483647,2147483647,game_pid=-1 child_num=0 ui_assist_num=0,0,0
1786636253.075,251092.23,2745600,2745600,2745600,2745600,2745600,2745600,1017600,1017600,23.8,34.8,4.2,0.0,36.4,45.5,0.0,0.0,2918400,2918400,2918400,2918400,2918400,2918400,3283200,3283200,556800,2918400,1017600,3283200,7311,30423,pool-5-thread-1,5,26,38,18195,1,1,31037,/top-app,0-7,/top-app,0-7,0,466,0,466,42.8,42.4,42.8,47.5,30,40.1,34.6,0.3,0,NONE,0,0,0,0,0,2147483647,2147483647,game_pid=-1 child_num=0 ui_assist_num=0,0,0
1786636253.277,251092.46,2745600,2745600,2745600,2745600,2745600,2745600,1017600,1017600,38.1,31.8,0.0,0.0,45.5,31.8,0.0,0.0,2918400,2918400,2918400,2918400,2918400,2918400,3283200,3283200,556800,2918400,1017600,3283200,7311,30423,pool-5-thread-1,5,26,38,18195,1,1,31037,/top-app,0-7,/top-app,0-7,0,466,0,466,42.8,42.0,42.8,46.3,30,40.1,34.6,0.3,0,NONE,0,0,0,0,0,2147483647,2147483647,game_pid=-1 child_num=0 ui_assist_num=0,0,0
1786636253.504,251092.69,2745600,2745600,2745600,2745600,2745600,2745600,1017600,1017600,34.8,25.0,0.0,0.0,36.4,63.6,0.0,0.0,2918400,2918400,2918400,2918400,2918400,2918400,3283200,3283200,556800,2918400,1017600,3283200,7311,30423,pool-5-thread-1,5,26,38,18195,1,1,31037,/top-app,0-7,/top-app,0-7,0,466,0,466,42.0,41.7,42.0,47.1,30,40.1,34.6,0.3,0,NONE,0,0,0,0,0,2147483647,2147483647,game_pid=-1 child_num=0 ui_assist_num=0,0,0
1786636253.751,251092.91,2745600,2745600,2745600,2745600,2745600,2745600,1017600,1017600,14.3,42.9,22.7,0.0,22.7,23.8,0.0,0.0,2918400,2918400,2918400,2918400,2918400,2918400,3283200,3283200,556800,2918400,1017600,3283200,7311,30423,pool-5-thread-1,5,26,38,18195,1,1,31037,/top-app,0-7,/top-app,0-7,0,466,0,466,42.4,41.7,42.4,46.7,30,40.1,34.6,0.3,0,NONE,0,0,0,0,0,2147483647,2147483647,game_pid=-1 child_num=0 ui_assist_num=0,0,0
1786636253.974,251093.16,2745600,2745600,2745600,2745600,2745600,2745600,1017600,1017600,26.1,43.5,0.0,0.0,37.5,36.0,0.0,0.0,2918400,2918400,2918400,2918400,2918400,2918400,3283200,3283200,556800,2918400,1017600,3283200,7311,30423,pool-5-thread-1,5,26,38,18195,1,5,31037,/top-app,0-7,/top-app,0-7,0,466,0,466,42.4,41.7,42.4,47.1,30,40.1,34.6,0.3,0,NONE,0,0,0,0,0,2147483647,2147483647,game_pid=-1 child_num=0 ui_assist_num=0,0,0
1786636254.201,251093.38,2745600,2745600,2745600,2745600,2745600,2745600,1017600,1017600,34.8,37.5,0.0,0.0,52.4,33.3,0.0,0.0,2918400,2918400,2918400,2918400,2918400,2918400,3283200,3283200,556800,2918400,1017600,3283200,7311,30423,pool-5-thread-1,5,26,38,18195,1,5,31037,/top-app,0-7,/top-app,0-7,0,466,0,466,42.4,42.0,42.4,46.7,30,40.1,34.6,0.3,0,NONE,0,0,0,0,0,2147483647,2147483647,game_pid=-1 child_num=0 ui_assist_num=0,0,0
1786636254.423,251093.61,2745600,2745600,2745600,2745600,2745600,2745600,1017600,1017600,31.8,31.8,0.0,0.0,52.2,40.9,0.0,0.0,2918400,2918400,2918400,2918400,2918400,2918400,3283200,3283200,556800,2918400,1017600,3283200,7311,30423,pool-5-thread-1,5,26,38,18195,1,4,31037,/top-app,0-7,/top-app,0-7,0,466,0,466,42.4,41.7,42.4,47.8,30,39.7,34.6,0.3,0,NONE,0,0,0,0,0,2147483647,2147483647,game_pid=-1 child_num=0 ui_assist_num=0,0,0
1786636254.647,251093.83,2745600,2745600,2745600,2745600,2745600,2745600,1017600,1017600,14.3,60.0,0.0,0.0,29.2,30.4,0.0,0.0,2918400,2918400,2918400,2918400,2918400,2918400,3283200,3283200,556800,2918400,1017600,3283200,7311,30423,pool-5-thread-1,5,26,38,18195,1,0,31037,/top-app,0-7,/top-app,0-7,0,466,0,466,42.8,42.0,42.8,47.1,30,40.1,34.6,0.3,0,NONE,0,0,0,0,0,2147483647,2147483647,game_pid=-1 child_num=0 ui_assist_num=0,0,0
1786636254.928,251094.06,556800,556800,556800,556800,556800,556800,1017600,1017600,36.4,36.4,0.0,0.0,26.3,30.4,0.0,0.0,2918400,2918400,2918400,2918400,2918400,2918400,3283200,3283200,556800,2918400,1017600,3283200,7311,30423,pool-5-thread-1,5,26,38,18195,0,NA,31037,/top-app,0-7,/top-app,0-7,0,466,0,466,42.0,42.0,42.0,45.5,30,40.5,34.6,0.3,0,NONE,0,0,0,0,0,2147483647,2147483647,game_pid=-1 child_num=0 ui_assist_num=0,0,0
1786636255.202,251094.34,556800,556800,556800,556800,556800,556800,1017600,1017600,51.7,37.9,0.0,0.0,33.3,23.1,0.0,0.0,2918400,2918400,2918400,2918400,2918400,2918400,3283200,3283200,556800,2918400,1017600,3283200,7311,30423,pool-5-thread-1,5,26,38,18195,1,4,31037,/top-app,0-7,/top-app,0-7,0,466,0,466,41.7,41.7,41.3,42.8,30,40.1,34.6,0.3,0,NONE,0,0,0,0,0,2147483647,2147483647,game_pid=-1 child_num=0 ui_assist_num=0,0,0
1786636255.444,251094.62,748800,748800,748800,748800,748800,748800,1017600,1017600,54.2,33.3,0.0,3.7,37.9,48.3,0.0,0.0,2918400,2918400,2918400,2918400,2918400,2918400,3283200,3283200,556800,2918400,1017600,3283200,7311,30423,pool-5-thread-1,5,26,38,18195,0,NA,31037,/top-app,0-7,/top-app,0-7,0,466,0,466,41.3,40.9,41.3,43.6,30,40.1,34.6,0.3,0,NONE,0,0,0,0,0,2147483647,2147483647,game_pid=-1 child_num=0 ui_assist_num=0,0,0
1786636255.702,251094.86,556800,556800,556800,556800,556800,556800,1017600,1017600,45.8,34.6,4.2,19.2,32.0,24.0,0.0,0.0,2918400,2918400,2918400,2918400,2918400,2918400,3283200,3283200,556800,2918400,1017600,3283200,7311,30423,pool-5-thread-1,5,26,38,18195,1,0,31037,/top-app,0-7,/top-app,0-7,0,466,0,466,40.9,40.9,40.9,43.6,30,40.1,34.6,0.3,0,NONE,0,0,0,0,0,2147483647,2147483647,game_pid=-1 child_num=0 ui_assist_num=0,0,0
1786636255.958,251095.11,556800,556800,556800,556800,556800,556800,1017600,1017600,53.8,38.7,0.0,0.0,29.6,21.4,0.0,0.0,2918400,2918400,2918400,2918400,2918400,2918400,3283200,3283200,556800,2918400,1017600,3283200,7311,30423,pool-5-thread-1,5,26,38,18195,0,NA,31037,/top-app,0-7,/top-app,0-7,0,466,0,466,40.9,40.9,40.5,43.2,30,40.1,34.6,0.3,0,NONE,0,0,0,0,0,2147483647,2147483647,game_pid=-1 child_num=0 ui_assist_num=0,0,0
1786636256.329,251095.37,556800,556800,556800,556800,556800,556800,1017600,1017600,57.7,40.7,28.6,24.0,40.7,40.7,0.0,0.0,2918400,2918400,2918400,2918400,2918400,2918400,3283200,3283200,556800,2918400,1017600,3283200,7311,30423,pool-5-thread-1,5,26,38,18195,0,NA,31037,/top-app,0-7,/top-app,0-7,0,466,0,466,40.9,40.9,40.9,44.0,30,40.1,34.6,0.3,0,NONE,0,0,0,0,0,2147483647,2147483647,game_pid=-1 child_num=0 ui_assist_num=0,0,0
1786636256.475,251095.65,748800,748800,748800,748800,748800,748800,1017600,1017600,53.6,42.9,20.7,3.6,39.3,28.6,0.0,0.0,2918400,2918400,2918400,2918400,2918400,2918400,3283200,3283200,556800,2918400,1017600,3283200,7311,30423,pool-5-thread-1,5,26,38,18195,0,NA,31037,/top-app,0-7,/top-app,0-7,0,466,0,466,40.5,40.5,40.5,43.6,30,40.1,34.6,0.3,0,NONE,0,0,0,0,0,2147483647,2147483647,game_pid=-1 child_num=0 ui_assist_num=0,0,0
1786636256.739,251095.89,556800,556800,556800,556800,556800,556800,1017600,1017600,45.0,34.6,0.0,8.7,18.2,20.8,0.0,0.0,2918400,2918400,2918400,2918400,2918400,2918400,3283200,3283200,556800,2918400,1017600,3283200,7311,30423,pool-5-thread-1,5,26,38,18195,0,NA,31037,/top-app,0-7,/top-app,0-7,0,466,0,466,40.5,40.5,40.1,42.0,30,39.7,34.6,0.3,0,NONE,0,0,0,0,0,2147483647,2147483647,game_pid=-1 child_num=0 ui_assist_num=0,0,0
1786636257.006,251096.15,556800,556800,556800,556800,556800,556800,1017600,1017600,48.3,40.6,3.8,0.0,37.9,39.3,0.0,0.0,2918400,2918400,2918400,2918400,2918400,2918400,3283200,3283200,556800,2918400,1017600,3283200,7311,30423,pool-5-thread-1,5,26,38,18195,0,NA,31037,/top-app,0-7,/top-app,0-7,0,466,0,466,40.1,40.1,40.1,41.3,30,39.7,34.6,0.3,0,NONE,0,0,0,0,0,2147483647,2147483647,game_pid=-1 child_num=0 ui_assist_num=0,0,0
1786636257.277,251096.42,556800,556800,556800,556800,556800,556800,1017600,1017600,53.1,42.9,0.0,0.0,31.0,22.2,0.0,0.0,2918400,2918400,2918400,2918400,2918400,2918400,3283200,3283200,556800,2918400,1017600,3283200,7311,30423,pool-5-thread-1,5,26,38,18195,0,NA,31037,/top-app,0-7,/top-app,0-7,0,466,0,466,40.5,40.5,40.1,41.3,30,39.7,34.6,0.3,0,NONE,0,0,0,0,0,2147483647,2147483647,game_pid=-1 child_num=0 ui_assist_num=0,0,0
1786636257.567,251096.69,556800,556800,556800,556800,556800,556800,1017600,1017600,50.0,42.4,0.0,0.0,24.1,32.1,0.0,0.0,2918400,2918400,2918400,2918400,2918400,2918400,3283200,3283200,556800,2918400,1017600,3283200,7311,30423,pool-5-thread-1,5,26,38,18195,0,NA,31037,/top-app,0-7,/top-app,0-7,0,466,0,466,40.5,40.1,40.5,42.4,30,39.7,34.6,0.3,0,NONE,0,0,0,0,0,2147483647,2147483647,game_pid=-1 child_num=0 ui_assist_num=0,0,0
1786636257.841,251096.98,556800,556800,556800,556800,556800,556800,1017600,1017600,48.3,40.0,10.0,17.2,34.5,35.5,0.0,0.0,2918400,2918400,2918400,2918400,2918400,2918400,3283200,3283200,556800,2918400,1017600,3283200,7311,30423,pool-5-thread-1,5,26,38,18195,0,NA,31037,/top-app,0-7,/top-app,0-7,0,466,0,466,40.1,40.1,39.7,41.3,30,39.3,34.6,0.3,0,NONE,0,0,0,0,0,2147483647,2147483647,game_pid=-1 child_num=0 ui_assist_num=0,0,0
1786636258.110,251097.26,556800,556800,556800,556800,556800,556800,1017600,1017600,50.0,44.4,0.0,0.0,20.7,22.2,0.0,0.0,2918400,2918400,2918400,2918400,2918400,2918400,3283200,3283200,556800,2918400,1017600,3283200,7311,30423,pool-5-thread-1,5,26,38,18195,0,NA,31037,/top-app,0-7,/top-app,0-7,0,466,0,466,39.7,39.7,39.7,40.9,30,39.3,34.6,0.3,0,NONE,0,0,0,0,0,2147483647,2147483647,game_pid=-1 child_num=0 ui_assist_num=0,0,0
1786636258.360,251097.52,748800,748800,748800,748800,748800,748800,1017600,1017600,57.7,43.3,15.4,3.7,28.0,22.2,0.0,0.0,2918400,2918400,2918400,2918400,2918400,2918400,3283200,3283200,556800,2918400,1017600,3283200,7311,30423,pool-5-thread-1,5,26,38,18195,0,NA,31037,/top-app,0-7,/top-app,0-7,0,466,0,466,40.1,40.1,39.7,41.7,30,39.3,34.6,0.3,0,NONE,0,0,0,0,0,2147483647,2147483647,game_pid=-1 child_num=0 ui_assist_num=0,0,0
1786636258.612,251097.77,556800,556800,556800,556800,556800,556800,1017600,1017600,50.0,40.0,0.0,0.0,23.1,26.9,0.0,0.0,2918400,2918400,2918400,2918400,2918400,2918400,3283200,3283200,556800,2918400,1017600,3283200,7311,30423,pool-5-thread-1,5,26,38,18195,0,NA,31037,/top-app,0-7,/top-app,0-7,0,466,0,466,40.1,39.7,40.1,41.7,30,39.3,34.6,0.3,0,NONE,0,0,0,0,0,2147483647,2147483647,game_pid=-1 child_num=0 ui_assist_num=0,0,0
1786636258.905,251098.02,556800,556800,556800,556800,556800,556800,1017600,1017600,56.7,38.7,0.0,0.0,30.8,24.0,0.0,0.0,2918400,2918400,2918400,2918400,2918400,2918400,3283200,3283200,556800,2918400,1017600,3283200,7311,30423,pool-5-thread-1,5,26,38,18195,0,NA,31037,/top-app,0-7,/top-app,0-7,0,466,0,466,40.1,40.1,39.7,41.3,30,39.0,34.6,0.3,0,NONE,0,0,0,0,0,2147483647,2147483647,game_pid=-1 child_num=0 ui_assist_num=0,0,0
1786636259.180,251098.32,556800,556800,556800,556800,556800,556800,1017600,1017600,45.5,35.3,0.0,0.0,26.7,35.5,0.0,0.0,2918400,2918400,2918400,2918400,2918400,2918400,3283200,3283200,556800,2918400,1017600,3283200,7311,30423,pool-5-thread-1,5,26,38,18195,0,NA,31037,/top-app,0-7,/top-app,0-7,0,466,0,466,40.1,39.7,40.1,40.9,30,39.3,34.6,0.3,0,NONE,0,0,0,0,0,2147483647,2147483647,game_pid=-1 child_num=0 ui_assist_num=0,0,0
1786636259.455,251098.60,556800,556800,556800,556800,556800,556800,1017600,1017600,53.3,42.4,6.9,3.7,37.9,31.0,0.0,0.0,2918400,2918400,2918400,2918400,2918400,2918400,3283200,3283200,556800,2918400,1017600,3283200,7311,30423,pool-5-thread-1,5,26,38,18195,0,NA,31037,/top-app,0-7,/top-app,0-7,0,466,0,466,39.7,39.7,39.7,40.9,30,39.3,34.6,0.3,0,NONE,0,0,0,0,0,2147483647,2147483647,game_pid=-1 child_num=0 ui_assist_num=0,0,0
1786636259.710,251098.87,748800,748800,748800,748800,748800,748800,1017600,1017600,54.8,40.0,0.0,3.7,24.1,42.9,0.0,0.0,2918400,2918400,2918400,2918400,2918400,2918400,3283200,3283200,556800,2918400,1017600,3283200,7311,30423,pool-5-thread-1,5,26,38,18195,0,NA,31037,/top-app,0-7,/top-app,0-7,0,466,0,466,39.7,39.3,39.7,40.9,30,39.0,34.6,0.3,0,NONE,0,0,0,0,0,2147483647,2147483647,game_pid=-1 child_num=0 ui_assist_num=0,0,0
1786636261.039,251099.12,2745600,2745600,2745600,2745600,2745600,2745600,3283200,3283200,50.0,40.0,11.5,0.0,57.7,42.3,11.5,0.0,2918400,2918400,2918400,2918400,2918400,2918400,3283200,3283200,556800,2918400,1017600,3283200,7311,30423,pool-5-thread-1,5,26,38,18195,1,0,31037,/top-app,0-7,/top-app,0-7,0,466,0,466,50.2,50.2,44.8,45.9,30,39.3,34.6,0.3,0,NONE,0,0,0,0,0,2147483647,2147483647,game_pid=-1 child_num=0 ui_assist_num=0,0,0
1786636261.044,251099.35,2400000,2400000,2400000,2400000,2400000,2400000,1017600,1017600,50.0,26.1,4.5,0.0,61.9,18.2,8.7,0.0,2918400,2918400,2918400,2918400,2918400,2918400,3283200,3283200,556800,2918400,1017600,3283200,7311,30423,pool-5-thread-1,5,26,38,18195,1,0,31037,/top-app,0-7,/top-app,0-7,0,466,0,466,41.7,40.9,41.7,47.1,30,39.7,34.6,0.3,0,NONE,0,0,0,0,0,2147483647,2147483647,game_pid=-1 child_num=0 ui_assist_num=0,0,0
1786636261.044,251099.59,2745600,2745600,2745600,2745600,2745600,2745600,1017600,1017600,44.0,27.3,0.0,3.8,50.0,41.7,0.0,0.0,2918400,2918400,2918400,2918400,2918400,2918400,3283200,3283200,556800,2918400,1017600,3283200,7311,30423,pool-5-thread-1,5,26,38,18195,1,1,31037,/top-app,0-7,/top-app,0-7,0,466,0,466,41.7,41.3,41.7,46.7,30,39.7,34.6,0.3,0,NONE,0,0,0,0,0,2147483647,2147483647,game_pid=-1 child_num=0 ui_assist_num=0,0,0
1786636261.044,251099.82,2400000,2400000,2400000,2400000,2400000,2400000,1017600,1017600,45.5,36.4,0.0,0.0,31.8,28.6,0.0,0.0,2918400,2918400,2918400,2918400,2918400,2918400,3283200,3283200,556800,2918400,1017600,3283200,7311,30423,pool-5-thread-1,5,26,38,18195,1,1,31037,/top-app,0-7,/top-app,0-7,0,466,0,466,42.0,41.3,42.0,47.1,30,40.1,34.6,0.3,0,NONE,0,0,0,0,0,2147483647,2147483647,game_pid=-1 child_num=0 ui_assist_num=0,0,0
1786636261.044,251100.04,2745600,2745600,2745600,2745600,2745600,2745600,1017600,1017600,38.1,36.4,0.0,0.0,33.3,45.8,0.0,0.0,2918400,2918400,2918400,2918400,2918400,2918400,3283200,3283200,556800,2918400,1017600,3283200,7311,30423,pool-5-thread-1,5,26,38,18195,1,4,31037,/top-app,0-7,/top-app,0-7,0,466,0,466,42.4,41.7,42.4,47.8,30,40.1,34.6,0.3,0,NONE,0,0,0,0,0,2147483647,2147483647,game_pid=-1 child_num=0 ui_assist_num=0,0,0
1786636261.084,251100.27,2918400,2918400,2918400,2918400,2918400,2918400,1017600,1017600,36.4,33.3,0.0,0.0,40.9,35.0,0.0,0.0,2918400,2918400,2918400,2918400,2918400,2918400,3283200,3283200,556800,2918400,1017600,3283200,7311,30423,pool-5-thread-1,5,26,38,18195,1,0,31037,/top-app,0-7,/top-app,0-7,0,466,0,466,42.8,41.7,42.8,49.0,30,40.1,34.6,0.3,0,NONE,0,0,0,0,0,2147483647,2147483647,game_pid=-1 child_num=0 ui_assist_num=0,0,0
1786636261.335,251100.49,2745600,2745600,2745600,2745600,2745600,2745600,1017600,1017600,20.0,36.4,0.0,22.7,43.5,40.0,0.0,0.0,2918400,2918400,2918400,2918400,2918400,2918400,3283200,3283200,556800,2918400,1017600,3283200,7311,30423,pool-5-thread-1,5,26,38,18195,1,5,31037,/top-app,0-7,/top-app,0-7,0,466,0,466,42.8,42.0,42.8,47.8,30,39.7,34.6,0.3,0,NONE,0,0,0,0,0,2147483647,2147483647,game_pid=-1 child_num=0 ui_assist_num=0,0,0
1786636261.557,251100.74,2918400,2918400,2918400,2918400,2918400,2918400,1017600,1017600,41.7,45.8,0.0,0.0,48.0,44.0,0.0,0.0,2918400,2918400,2918400,2918400,2918400,2918400,3283200,3283200,556800,2918400,1017600,3283200,7311,30423,pool-5-thread-1,5,26,38,18195,1,0,31037,/top-app,0-7,/top-app,0-7,0,466,0,466,42.8,42.0,42.8,48.2,30,40.5,34.6,0.3,0,NONE,0,0,0,0,0,2147483647,2147483647,game_pid=-1 child_num=0 ui_assist_num=0,0,0
1786636261.780,251100.97,2745600,2745600,2745600,2745600,2745600,2745600,1017600,1017600,21.7,22.7,4.5,72.7,14.3,19.0,0.0,0.0,2918400,2918400,2918400,2918400,2918400,2918400,3283200,3283200,556800,2918400,1017600,3283200,7311,30423,pool-5-thread-1,5,26,38,18195,1,5,31037,/top-app,0-7,/top-app,0-7,0,466,0,466,43.2,42.4,43.2,48.2,30,40.5,34.6,0.3,0,NONE,0,0,0,0,0,2147483647,2147483647,game_pid=-1 child_num=0 ui_assist_num=0,0,0
1786636262.254,251101.19,2745600,2745600,2745600,2745600,2745600,2745600,1017600,1017600,28.6,31.8,0.0,0.0,50.0,42.9,0.0,0.0,2918400,2918400,2918400,2918400,2918400,2918400,3283200,3283200,556800,2918400,1017600,3283200,7311,30423,pool-5-thread-1,5,26,38,18195,1,0,31037,/top-app,0-7,/top-app,0-7,0,466,0,466,42.8,42.4,42.8,49.0,30,40.5,34.6,0.3,0,NONE,0,0,0,0,0,2147483647,2147483647,game_pid=-1 child_num=0 ui_assist_num=0,0,0
1786636262.256,251101.41,2745600,2745600,2745600,2745600,2745600,2745600,1017600,1017600,36.4,43.5,0.0,0.0,28.6,47.8,0.0,0.0,2918400,2918400,2918400,2918400,2918400,2918400,3283200,3283200,556800,2918400,1017600,3283200,7311,30423,pool-5-thread-1,5,26,38,18195,1,5,31037,/top-app,0-7,/top-app,0-7,0,466,0,466,43.2,42.4,43.2,49.0,30,40.5,34.6,0.3,0,NONE,0,0,0,0,0,2147483647,2147483647,game_pid=-1 child_num=0 ui_assist_num=0,0,0
1786636262.481,251101.64,1785600,1785600,1785600,1785600,1785600,1785600,1017600,1017600,30.0,33.3,0.0,0.0,45.5,28.6,0.0,0.0,2918400,2918400,2918400,2918400,2918400,2918400,3283200,3283200,556800,2918400,1017600,3283200,7311,30423,pool-5-thread-1,5,26,38,18195,1,0,31037,/top-app,0-7,/top-app,0-7,0,466,0,466,43.6,42.8,43.6,48.6,30,40.5,34.6,0.3,0,NONE,0,0,0,0,0,2147483647,2147483647,game_pid=-1 child_num=0 ui_assist_num=0,0,0
1786636262.706,251101.89,2400000,2400000,2400000,2400000,2400000,2400000,1017600,1017600,29.2,24.0,0.0,0.0,52.2,37.5,0.0,0.0,2918400,2918400,2918400,2918400,2918400,2918400,3283200,3283200,556800,2918400,1017600,3283200,7311,30423,pool-5-thread-1,5,26,38,18195,1,0,31037,/top-app,0-7,/top-app,0-7,0,466,0,466,42.4,42.4,42.4,47.5,30,40.5,34.6,0.3,0,NONE,0,0,0,0,0,2147483647,2147483647,game_pid=-1 child_num=0 ui_assist_num=0,0,0
1786636262.929,251102.12,2745600,2745600,2745600,2745600,2745600,2745600,1017600,1017600,34.8,36.4,0.0,0.0,42.9,33.3,0.0,0.0,2918400,2918400,2918400,2918400,2918400,2918400,3283200,3283200,556800,2918400,1017600,3283200,7311,30423,pool-5-thread-1,5,26,38,18195,1,1,31037,/top-app,0-7,/top-app,0-7,0,466,0,466,43.2,42.8,43.2,48.6,30,40.5,34.6,0.3,0,NONE,0,0,0,0,0,2147483647,2147483647,game_pid=-1 child_num=0 ui_assist_num=0,0,0
1786636263.163,251102.34,1555200,1555200,1555200,1555200,1555200,1555200,1017600,1017600,26.1,34.8,0.0,0.0,31.8,33.3,0.0,0.0,2918400,2918400,2918400,2918400,2918400,2918400,3283200,3283200,556800,2918400,1017600,3283200,7311,30423,pool-5-thread-1,5,26,38,18195,1,5,31037,/top-app,0-7,/top-app,0-7,0,466,0,466,43.2,42.4,43.2,47.1,30,40.5,34.6,0.3,0,NONE,0,0,0,0,0,2147483647,2147483647,game_pid=-1 child_num=0 ui_assist_num=0,0,0
1786636263.387,251102.57,2918400,2918400,2918400,2918400,2918400,2918400,1017600,1017600,31.8,39.1,0.0,0.0,39.1,45.5,0.0,0.0,2918400,2918400,2918400,2918400,2918400,2918400,3283200,3283200,556800,2918400,1017600,3283200,7311,30423,pool-5-thread-1,5,26,38,18195,1,5,31037,/top-app,0-7,/top-app,0-7,0,466,0,466,43.6,42.4,43.6,49.0,30,40.5,34.6,0.3,0,NONE,0,0,0,0,0,2147483647,2147483647,game_pid=-1 child_num=0 ui_assist_num=0,0,0
1786636263.634,251102.80,2745600,2745600,2745600,2745600,2745600,2745600,1017600,1017600,27.3,45.5,0.0,0.0,30.4,39.1,0.0,0.0,2918400,2918400,2918400,2918400,2918400,2918400,3283200,3283200,556800,2918400,1017600,3283200,7311,30423,pool-5-thread-1,5,26,38,18195,1,5,31037,/top-app,0-7,/top-app,0-7,0,466,0,466,43.6,42.4,43.6,48.6,30,40.5,34.6,0.3,0,NONE,0,0,0,0,0,2147483647,2147483647,game_pid=-1 child_num=0 ui_assist_num=0,0,0
1786636263.857,251103.04,2745600,2745600,2745600,2745600,2745600,2745600,1017600,1017600,56.0,33.3,0.0,0.0,34.8,34.8,0.0,0.0,2918400,2918400,2918400,2918400,2918400,2918400,3283200,3283200,556800,2918400,1017600,3283200,7311,30423,pool-5-thread-1,5,26,38,18195,1,0,31037,/top-app,0-7,/top-app,0-7,0,466,0,466,43.6,42.8,43.6,49.0,30,40.5,34.6,0.3,0,NONE,0,0,0,0,0,2147483647,2147483647,game_pid=-1 child_num=0 ui_assist_num=0,0,0
1786636265.047,251103.27,2745600,2745600,2745600,2745600,2745600,2745600,1017600,1017600,50.0,33.3,0.0,0.0,36.4,25.0,0.0,0.0,2918400,2918400,2918400,2918400,2918400,2918400,3283200,3283200,556800,2918400,1017600,3283200,7311,30423,pool-5-thread-1,5,26,38,18195,1,0,31037,/top-app,0-7,/top-app,0-7,0,466,0,466,43.6,43.2,43.6,49.8,30,40.9,34.6,0.3,0,NONE,0,0,0,0,0,2147483647,2147483647,game_pid=-1 child_num=0 ui_assist_num=0,0,0
1786636265.052,251103.50,2745600,2745600,2745600,2745600,2745600,2745600,1017600,1017600,35.0,40.9,9.5,25.0,56.5,59.1,0.0,0.0,2918400,2918400,2918400,2918400,2918400,2918400,3283200,3283200,556800,2918400,1017600,3283200,7311,30423,pool-5-thread-1,5,26,38,18195,1,5,31037,/top-app,0-7,/top-app,0-7,0,466,0,466,44.4,43.2,44.4,50.2,30,40.9,34.6,0.3,0,NONE,0,0,0,0,0,2147483647,2147483647,game_pid=-1 child_num=0 ui_assist_num=0,0,0
1786636265.052,251103.72,2745600,2745600,2745600,2745600,2745600,2745600,1017600,1017600,28.6,36.4,0.0,0.0,42.9,33.3,0.0,0.0,2918400,2918400,2918400,2918400,2918400,2918400,3283200,3283200,556800,2918400,1017600,3283200,7311,30423,pool-5-thread-1,5,26,38,18195,1,1,31037,/top-app,0-7,/top-app,0-7,0,466,0,466,43.2,43.2,43.2,48.2,30,40.9,34.6,0.3,0,NONE,0,0,0,0,0,2147483647,2147483647,game_pid=-1 child_num=0 ui_assist_num=0,0,0
1786636265.052,251103.95,2745600,2745600,2745600,2745600,2745600,2745600,1017600,1017600,34.8,36.4,0.0,0.0,39.1,34.8,0.0,0.0,2918400,2918400,2918400,2918400,2918400,2918400,3283200,3283200,556800,2918400,1017600,3283200,7311,30423,pool-5-thread-1,5,26,38,18195,1,5,31037,/top-app,0-7,/top-app,0-7,0,466,0,466,43.6,43.2,43.6,48.6,30,40.9,34.6,0.3,0,NONE,0,0,0,0,0,2147483647,2147483647,game_pid=-1 child_num=0 ui_assist_num=0,0,0
1786636265.052,251104.19,2745600,2745600,2745600,2745600,2745600,2745600,1017600,1017600,53.8,47.8,0.0,8.7,37.5,30.4,0.0,0.0,2918400,2918400,2918400,2918400,2918400,2918400,3283200,3283200,556800,2918400,1017600,3283200,7311,30423,pool-5-thread-1,5,26,38,18195,1,4,31037,/top-app,0-7,/top-app,0-7,0,466,0,466,44.0,43.2,44.0,50.2,30,40.9,34.6,0.3,0,NONE,0,0,0,0,0,2147483647,2147483647,game_pid=-1 child_num=0 ui_assist_num=0,0,0
1786636265.234,251104.41,1785600,1785600,1785600,1785600,1785600,1785600,1017600,1017600,35.0,31.8,0.0,0.0,28.6,36.4,0.0,0.0,2918400,2918400,2918400,2918400,2918400,2918400,3283200,3283200,556800,2918400,1017600,3283200,7311,30423,pool-5-thread-1,5,26,38,18195,1,4,31037,/top-app,0-7,/top-app,0-7,0,466,0,466,43.6,43.2,43.6,48.6,30,41.3,34.6,0.3,0,NONE,0,0,0,0,0,2147483647,2147483647,game_pid=-1 child_num=0 ui_assist_num=0,0,0
1786636265.457,251104.64,2745600,2745600,2745600,2745600,2745600,2745600,1017600,1017600,34.8,43.5,0.0,0.0,42.9,21.7,0.0,0.0,2918400,2918400,2918400,2918400,2918400,2918400,3283200,3283200,556800,2918400,1017600,3283200,7311,30423,pool-5-thread-1,5,26,38,18195,1,0,31037,/top-app,0-7,/top-app,0-7,0,466,0,466,43.6,43.2,43.6,48.6,30,40.9,34.6,0.3,0,NONE,0,0,0,0,0,2147483647,2147483647,game_pid=-1 child_num=0 ui_assist_num=0,0,0
1786636265.680,251104.87,2745600,2745600,2745600,2745600,2745600,2745600,1017600,1017600,22.7,52.2,0.0,0.0,39.1,30.0,0.0,0.0,2918400,2918400,2918400,2918400,2918400,2918400,3283200,3283200,556800,2918400,1017600,3283200,7311,30423,pool-5-thread-1,5,26,38,18195,1,0,31037,/top-app,0-7,/top-app,0-7,0,466,0,466,43.6,43.2,43.6,49.0,30,40.9,34.6,0.3,0,NONE,0,0,0,0,0,2147483647,2147483647,game_pid=-1 child_num=0 ui_assist_num=0,0,0
1786636265.962,251105.09,748800,748800,748800,748800,748800,748800,1017600,1017600,52.2,45.5,0.0,0.0,40.9,47.8,0.0,0.0,2918400,2918400,2918400,2918400,2918400,2918400,3283200,3283200,556800,2918400,1017600,3283200,7311,30423,pool-5-thread-1,5,26,38,18195,0,NA,31037,/top-app,0-7,/top-app,0-7,0,466,0,466,42.8,42.4,42.8,45.5,30,40.9,34.6,0.3,0,NONE,0,0,0,0,0,2147483647,2147483647,game_pid=-1 child_num=0 ui_assist_num=0,0,0
1786636266.217,251105.38,748800,748800,748800,748800,748800,748800,1017600,1017600,53.8,30.8,0.0,0.0,31.0,31.0,0.0,0.0,2918400,2918400,2918400,2918400,2918400,2918400,3283200,3283200,556800,2918400,1017600,3283200,7311,30423,pool-5-thread-1,5,26,38,18195,0,NA,31037,/top-app,0-7,/top-app,0-7,0,466,0,466,42.0,42.0,41.7,43.6,30,40.9,34.6,0.3,0,NONE,0,0,0,0,0,2147483647,2147483647,game_pid=-1 child_num=0 ui_assist_num=0,0,0
1786636266.494,251105.64,556800,556800,556800,556800,556800,556800,1017600,1017600,45.8,35.7,0.0,0.0,39.3,37.0,0.0,0.0,2918400,2918400,2918400,2918400,2918400,2918400,3283200,3283200,556800,2918400,1017600,3283200,7311,30423,pool-5-thread-1,5,26,38,18195,0,NA,31037,/top-app,0-7,/top-app,0-7,0,466,0,466,41.7,41.7,41.3,43.2,30,40.5,34.6,0.3,0,NONE,0,0,0,0,0,2147483647,2147483647,game_pid=-1 child_num=0 ui_assist_num=0,0,0
1786636266.766,251105.91,556800,556800,556800,556800,556800,556800,1017600,1017600,41.7,26.9,0.0,0.0,25.9,16.0,0.0,0.0,2918400,2918400,2918400,2918400,2918400,2918400,3283200,3283200,556800,2918400,1017600,3283200,7311,30423,pool-5-thread-1,5,26,38,18195,0,NA,31037,/top-app,0-7,/top-app,0-7,0,466,0,466,41.3,41.3,41.3,42.8,30,40.5,34.6,0.3,0,NONE,0,0,0,0,0,2147483647,2147483647,game_pid=-1 child_num=0 ui_assist_num=0,0,0
1786636267.046,251106.18,556800,556800,556800,556800,556800,556800,1017600,1017600,50.0,37.9,0.0,0.0,35.7,33.3,0.0,0.0,2918400,2918400,2918400,2918400,2918400,2918400,3283200,3283200,556800,2918400,1017600,3283200,7311,30423,pool-5-thread-1,5,26,38,18195,0,NA,31037,/top-app,0-7,/top-app,0-7,0,466,0,466,41.3,40.9,41.3,42.0,30,40.5,34.6,0.3,0,NONE,0,0,0,0,0,2147483647,2147483647,game_pid=-1 child_num=0 ui_assist_num=0,0,0
1786636267.341,251106.47,556800,556800,556800,556800,556800,556800,1017600,1017600,58.1,43.8,12.9,0.0,30.3,40.0,0.0,0.0,2918400,2918400,2918400,2918400,2918400,2918400,3283200,3283200,556800,2918400,1017600,3283200,7311,30423,pool-5-thread-1,5,26,38,18195,0,NA,31037,/top-app,0-7,/top-app,0-7,0,466,0,466,40.9,40.9,40.9,43.6,30,40.1,34.6,0.3,0,NONE,0,0,0,0,0,2147483647,2147483647,game_pid=-1 child_num=0 ui_assist_num=0,0,0
1786636267.621,251106.75,556800,556800,556800,556800,556800,556800,1017600,1017600,42.3,32.3,0.0,0.0,17.9,31.0,0.0,0.0,2918400,2918400,2918400,2918400,2918400,2918400,3283200,3283200,556800,2918400,1017600,3283200,7311,30423,pool-5-thread-1,5,26,38,18195,0,NA,31037,/top-app,0-7,/top-app,0-7,0,466,0,466,40.9,40.9,40.5,41.3,30,39.7,34.6,0.3,0,NONE,0,0,0,0,0,2147483647,2147483647,game_pid=-1 child_num=0 ui_assist_num=0,0,0
1786636268.376,251107.05,556800,556800,556800,556800,556800,556800,1017600,1017600,55.9,44.4,6.5,6.9,23.3,31.2,0.0,0.0,2918400,2918400,2918400,2918400,2918400,2918400,3283200,3283200,556800,2918400,1017600,3283200,7311,30423,pool-5-thread-1,5,26,38,18195,0,NA,31037,/top-app,0-7,/top-app,0-7,0,466,0,466,40.5,40.5,40.5,41.7,30,40.1,34.6,0.3,0,NONE,0,0,0,0,0,2147483647,2147483647,game_pid=-1 child_num=0 ui_assist_num=0,0,0
1786636268.422,251107.32,556800,556800,556800,556800,556800,556800,1017600,1017600,56.7,38.7,3.8,6.9,21.4,25.0,0.0,0.0,2918400,2918400,2918400,2918400,2918400,2918400,3283200,3283200,556800,2918400,1017600,3283200,7311,30423,pool-5-thread-1,5,26,38,18195,0,NA,31037,/top-app,0-7,/top-app,0-7,0,466,0,466,40.5,40.5,40.1,42.0,30,40.1,34.6,0.3,0,NONE,0,0,0,0,0,2147483647,2147483647,game_pid=-1 child_num=0 ui_assist_num=0,0,0
1786636268.422,251107.58,748800,748800,748800,748800,748800,748800,1017600,1017600,46.2,40.0,0.0,0.0,34.6,24.0,0.0,0.0,2918400,2918400,2918400,2918400,2918400,2918400,3283200,3283200,556800,2918400,1017600,3283200,7311,30423,pool-5-thread-1,5,26,38,18195,0,NA,31037,/top-app,0-7,/top-app,0-7,0,466,0,466,40.1,40.1,40.1,42.4,30,39.7,34.6,0.3,0,NONE,0,0,0,0,0,2147483647,2147483647,game_pid=-1 child_num=0 ui_assist_num=0,0,0
1786636268.697,251107.82,556800,556800,556800,556800,556800,556800,1017600,1017600,44.4,37.9,0.0,0.0,20.0,30.8,0.0,0.0,2918400,2918400,2918400,2918400,2918400,2918400,3283200,3283200,556800,2918400,1017600,3283200,7311,30423,pool-5-thread-1,5,26,38,18195,0,NA,31037,/top-app,0-7,/top-app,0-7,0,466,0,466,40.5,40.5,40.1,42.0,30,40.1,34.6,0.3,0,NONE,0,0,0,0,0,2147483647,2147483647,game_pid=-1 child_num=0 ui_assist_num=0,0,0
1786636268.962,251108.11,556800,556800,556800,556800,556800,556800,1017600,1017600,53.1,43.6,0.0,0.0,16.7,24.1,0.0,0.0,2918400,2918400,2918400,2918400,2918400,2918400,3283200,3283200,556800,2918400,1017600,3283200,7311,30423,pool-5-thread-1,5,26,38,18195,0,NA,31037,/top-app,0-7,/top-app,0-7,0,466,0,466,40.1,40.1,40.1,41.3,30,39.7,34.6,0.3,0,NONE,0,0,0,0,0,2147483647,2147483647,game_pid=-1 child_num=0 ui_assist_num=0,0,0
1786636269.230,251108.38,556800,556800,556800,556800,556800,556800,1017600,1017600,51.9,50.0,0.0,0.0,32.0,39.3,0.0,0.0,2918400,2918400,2918400,2918400,2918400,2918400,3283200,3283200,556800,2918400,1017600,3283200,7311,30423,pool-5-thread-1,5,26,38,18195,0,NA,31037,/top-app,0-7,/top-app,0-7,0,466,0,466,40.1,40.1,40.1,40.9,30,39.7,34.6,0.3,0,NONE,0,0,0,0,0,2147483647,2147483647,game_pid=-1 child_num=0 ui_assist_num=0,0,0
1786636283.574,251108.65,556800,556800,556800,556800,556800,556800,1017600,1017600,46.4,36.4,0.0,3.6,20.7,34.5,0.0,0.0,2918400,2918400,2918400,2918400,2918400,2918400,3283200,3283200,556800,2918400,1017600,3283200,7311,30423,pool-5-thread-1,5,26,38,18195,0,NA,31037,/top-app,0-7,/top-app,0-7,0,466,0,466,40.1,40.1,40.1,40.9,30,39.3,34.6,0.3,0,NONE,0,0,0,0,0,2147483647,2147483647,game_pid=-1 child_num=0 ui_assist_num=0,0,0
1786636283.576,251108.93,556800,556800,556800,556800,556800,556800,1017600,1017600,53.1,38.2,3.6,0.0,20.7,21.4,0.0,0.0,2918400,2918400,2918400,2918400,2918400,2918400,3283200,3283200,556800,2918400,1017600,3283200,7311,30423,pool-5-thread-1,5,26,38,18195,0,NA,31037,/top-app,0-7,/top-app,0-7,0,466,0,466,40.1,40.1,39.7,40.9,30,39.3,34.6,0.3,0,NONE,0,0,0,0,0,2147483647,2147483647,game_pid=-1 child_num=0 ui_assist_num=0,0,0
1786636283.576,251109.20,556800,556800,556800,556800,556800,556800,1017600,1017600,46.4,34.4,0.0,0.0,17.9,18.5,0.0,0.0,2918400,2918400,2918400,2918400,2918400,2918400,3283200,3283200,556800,2918400,1017600,3283200,7311,30423,pool-5-thread-1,5,26,38,18195,0,NA,31037,/top-app,0-7,/top-app,0-7,0,466,0,466,40.1,40.1,40.1,41.7,30,39.3,34.6,0.3,0,NONE,0,0,0,0,0,2147483647,2147483647,game_pid=-1 child_num=0 ui_assist_num=0,0,0
1786636283.576,251109.50,556800,556800,556800,556800,556800,556800,1017600,1017600,43.3,34.4,0.0,0.0,33.3,28.1,0.0,0.0,2918400,2918400,2918400,2918400,2918400,2918400,3283200,3283200,556800,2918400,1017600,3283200,7311,30423,pool-5-thread-1,5,26,38,18195,0,NA,31037,/top-app,0-7,/top-app,0-7,0,466,0,466,40.1,40.1,39.7,41.3,30,39.3,34.6,0.3,0,NONE,0,0,0,0,0,2147483647,2147483647,game_pid=-1 child_num=0 ui_assist_num=0,0,0
1786636283.576,251109.77,556800,556800,556800,556800,556800,556800,1017600,1017600,45.2,40.0,0.0,0.0,15.4,22.2,0.0,0.0,2918400,2918400,2918400,2918400,2918400,2918400,3283200,3283200,556800,2918400,1017600,3283200,7311,30423,pool-5-thread-1,5,26,38,18195,0,NA,31037,/top-app,0-7,/top-app,0-7,0,466,0,466,39.7,39.7,39.7,40.9,30,39.7,34.6,0.3,0,NONE,0,0,0,0,0,2147483647,2147483647,game_pid=-1 child_num=0 ui_assist_num=0,0,0
1786636283.576,251110.03,1785600,1785600,1785600,1785600,1785600,1785600,1017600,1017600,44.4,27.6,0.0,0.0,35.7,28.6,0.0,0.0,2918400,2918400,2918400,2918400,2918400,2918400,3283200,3283200,556800,2918400,1017600,3283200,7311,30423,pool-5-thread-1,5,26,38,18195,1,1,31037,/top-app,0-7,/top-app,0-7,0,466,0,466,39.7,39.7,39.7,42.0,30,39.0,34.6,0.3,0,NONE,0,0,0,0,0,2147483647,2147483647,game_pid=-1 child_num=0 ui_assist_num=0,0,0
1786636283.576,251110.27,2745600,2745600,2745600,2745600,2745600,2745600,1017600,1017600,45.8,52.2,0.0,0.0,30.0,39.1,0.0,0.0,2918400,2918400,2918400,2918400,2918400,2918400,3283200,3283200,556800,2918400,1017600,3283200,7311,30423,pool-5-thread-1,5,26,38,18195,1,0,31037,/top-app,0-7,/top-app,0-7,0,466,0,466,40.9,40.5,40.9,44.0,30,39.3,34.6,0.3,0,NONE,0,0,0,0,0,2147483647,2147483647,game_pid=-1 child_num=0 ui_assist_num=0,0,0
1786636283.577,251110.49,2745600,2745600,2745600,2745600,2745600,2745600,1017600,1017600,40.9,38.1,0.0,0.0,43.5,45.0,0.0,0.0,2918400,2918400,2918400,2918400,2918400,2918400,3283200,3283200,556800,2918400,1017600,3283200,7311,30423,pool-5-thread-1,5,26,38,18195,1,0,31037,/top-app,0-7,/top-app,0-7,0,466,0,466,41.3,40.5,41.3,45.5,30,39.7,34.6,0.3,0,NONE,0,0,0,0,0,2147483647,2147483647,game_pid=-1 child_num=0 ui_assist_num=0,0,0
1786636283.577,251110.75,2745600,2745600,2745600,2745600,2745600,2745600,1017600,1017600,38.5,44.0,0.0,0.0,48.0,30.8,0.0,0.0,2918400,2918400,2918400,2918400,2918400,2918400,3283200,3283200,556800,2918400,1017600,3283200,7311,30423,pool-5-thread-1,5,26,38,18195,1,5,31037,/top-app,0-7,/top-app,0-7,0,466,0,466,41.7,40.9,41.7,45.5,30,39.3,34.6,0.3,0,NONE,0,0,0,0,0,2147483647,2147483647,game_pid=-1 child_num=0 ui_assist_num=0,0,0
1786636283.577,251110.97,2745600,2745600,2745600,2745600,2745600,2745600,1017600,1017600,23.8,36.4,0.0,0.0,33.3,47.8,0.0,0.0,2918400,2918400,2918400,2918400,2918400,2918400,3283200,3283200,556800,2918400,1017600,3283200,7311,30423,pool-5-thread-1,5,26,38,18195,1,4,31037,/top-app,0-7,/top-app,0-7,0,466,0,466,41.7,40.9,41.7,45.1,30,39.7,34.6,0.3,0,NONE,0,0,0,0,0,2147483647,2147483647,game_pid=-1 child_num=0 ui_assist_num=0,0,0
1786636283.577,251111.21,2745600,2745600,2745600,2745600,2745600,2745600,1017600,1017600,36.4,39.1,0.0,0.0,33.3,33.3,0.0,0.0,2918400,2918400,2918400,2918400,2918400,2918400,3283200,3283200,556800,2918400,1017600,3283200,7311,30423,pool-5-thread-1,5,26,38,18195,1,5,31037,/top-app,0-7,/top-app,0-7,0,466,0,466,41.7,41.3,41.7,46.7,30,39.7,34.6,0.3,0,NONE,0,0,0,0,0,2147483647,2147483647,game_pid=-1 child_num=0 ui_assist_num=0,0,0
1786636283.577,251111.43,2745600,2745600,2745600,2745600,2745600,2745600,1017600,1017600,34.8,37.5,0.0,0.0,52.4,40.0,0.0,0.0,2918400,2918400,2918400,2918400,2918400,2918400,3283200,3283200,556800,2918400,1017600,3283200,7311,30423,pool-5-thread-1,5,26,38,18195,1,4,31037,/top-app,0-7,/top-app,0-7,0,466,0,466,42.4,41.3,42.4,47.8,30,40.1,34.6,0.3,0,NONE,0,0,0,0,0,2147483647,2147483647,game_pid=-1 child_num=0 ui_assist_num=0,0,0
1786636283.577,251111.66,2745600,2745600,2745600,2745600,2745600,2745600,1017600,1017600,28.6,31.8,4.5,0.0,47.8,31.8,0.0,0.0,2918400,2918400,2918400,2918400,2918400,2918400,3283200,3283200,556800,2918400,1017600,3283200,7311,30423,pool-5-thread-1,5,26,38,18195,1,4,31037,/top-app,0-7,/top-app,0-7,0,466,0,466,42.4,41.7,42.4,47.8,30,40.1,34.6,0.3,0,NONE,0,0,0,0,0,2147483647,2147483647,game_pid=-1 child_num=0 ui_assist_num=0,0,0
1786636283.577,251111.90,2745600,2745600,2745600,2745600,2745600,2745600,1017600,1017600,32.0,43.5,0.0,0.0,41.7,42.3,0.0,0.0,2918400,2918400,2918400,2918400,2918400,2918400,3283200,3283200,556800,2918400,1017600,3283200,7311,30423,pool-5-thread-1,5,26,38,18195,1,5,31037,/top-app,0-7,/top-app,0-7,0,466,0,466,42.4,42.0,42.4,47.8,30,40.1,34.6,0.3,0,NONE,0,0,0,0,0,2147483647,2147483647,game_pid=-1 child_num=0 ui_assist_num=0,0,0
1786636283.577,251112.13,2745600,2745600,2745600,2745600,2745600,2745600,1017600,1017600,33.3,27.3,0.0,0.0,36.4,45.5,0.0,0.0,2918400,2918400,2918400,2918400,2918400,2918400,3283200,3283200,556800,2918400,1017600,3283200,7311,30423,pool-5-thread-1,5,26,38,18195,1,4,31037,/top-app,0-7,/top-app,0-7,0,466,0,466,42.8,42.0,42.8,47.8,30,40.1,34.6,0.3,0,NONE,0,0,0,0,0,2147483647,2147483647,game_pid=-1 child_num=0 ui_assist_num=0,0,0
1786636283.577,251112.35,2745600,2745600,2745600,2745600,2745600,2745600,1017600,1017600,23.8,38.1,0.0,0.0,38.1,19.0,0.0,0.0,2918400,2918400,2918400,2918400,2918400,2918400,3283200,3283200,556800,2918400,1017600,3283200,7311,30423,pool-5-thread-1,5,26,38,18195,1,0,31037,/top-app,0-7,/top-app,0-7,0,466,0,466,42.8,42.4,42.8,47.8,30,40.1,34.6,0.3,0,NONE,0,0,0,0,0,2147483647,2147483647,game_pid=-1 child_num=0 ui_assist_num=0,0,0
1786636283.577,251112.58,2745600,2745600,2745600,2745600,2745600,2745600,1017600,1017600,21.7,18.2,0.0,81.0,14.3,21.7,0.0,0.0,2918400,2918400,2918400,2918400,2918400,2918400,3283200,3283200,556800,2918400,1017600,3283200,7311,30423,pool-5-thread-1,5,26,38,18195,1,3,31037,/top-app,0-7,/top-app,0-7,0,466,0,466,42.8,42.4,42.8,47.8,30,40.5,34.6,0.3,0,NONE,0,0,0,0,0,2147483647,2147483647,game_pid=-1 child_num=0 ui_assist_num=0,0,0
1786636283.577,251112.80,2745600,2745600,2745600,2745600,2745600,2745600,1017600,1017600,23.8,45.5,0.0,13.0,37.5,23.8,0.0,0.0,2918400,2918400,2918400,2918400,2918400,2918400,3283200,3283200,556800,2918400,1017600,3283200,7311,30423,pool-5-thread-1,5,26,38,18195,1,4,31037,/top-app,0-7,/top-app,0-7,0,466,0,466,43.6,42.4,43.6,48.6,30,40.5,34.6,0.3,0,NONE,0,0,0,0,0,2147483647,2147483647,game_pid=-1 child_num=0 ui_assist_num=0,0,0
1786636283.577,251113.04,2745600,2745600,2745600,2745600,2745600,2745600,1017600,1017600,40.0,36.0,0.0,0.0,37.5,31.8,0.0,0.0,2918400,2918400,2918400,2918400,2918400,2918400,3283200,3283200,556800,2918400,1017600,3283200,7311,30423,pool-5-thread-1,5,26,38,18195,1,1,31037,/top-app,0-7,/top-app,0-7,0,466,0,466,43.2,42.4,43.2,47.8,30,40.5,34.6,0.3,0,NONE,0,0,0,0,0,2147483647,2147483647,game_pid=-1 child_num=0 ui_assist_num=0,0,0
1786636283.577,251113.27,2745600,2745600,2745600,2745600,2745600,2745600,1017600,1017600,21.1,45.5,0.0,0.0,36.4,34.8,0.0,0.0,2918400,2918400,2918400,2918400,2918400,2918400,3283200,3283200,556800,2918400,1017600,3283200,7311,30423,pool-5-thread-1,5,26,38,18195,1,4,31037,/top-app,0-7,/top-app,0-7,0,466,0,466,43.2,42.4,43.2,48.2,30,40.5,34.6,0.3,0,NONE,0,0,0,0,0,2147483647,2147483647,game_pid=-1 child_num=0 ui_assist_num=0,0,0
1786636283.577,251113.49,2745600,2745600,2745600,2745600,2745600,2745600,1017600,1017600,39.1,42.9,0.0,4.5,25.0,61.9,0.0,0.0,2918400,2918400,2918400,2918400,2918400,2918400,3283200,3283200,556800,2918400,1017600,3283200,7311,30423,pool-5-thread-1,5,26,38,18195,1,5,31037,/top-app,0-7,/top-app,0-7,0,466,0,466,43.6,43.2,43.6,49.0,30,40.9,34.6,0.3,0,NONE,0,0,0,0,0,2147483647,2147483647,game_pid=-1 child_num=0 ui_assist_num=0,0,0
1786636283.577,251113.71,2745600,2745600,2745600,2745600,2745600,2745600,1017600,1017600,9.5,50.0,4.5,13.6,18.2,45.5,0.0,0.0,2918400,2918400,2918400,2918400,2918400,2918400,3283200,3283200,556800,2918400,1017600,3283200,7311,30423,pool-5-thread-1,5,26,38,18195,1,4,31037,/top-app,0-7,/top-app,0-7,0,466,0,466,43.6,42.8,43.6,49.0,30,41.3,34.6,0.3,0,NONE,0,0,0,0,0,2147483647,2147483647,game_pid=-1 child_num=0 ui_assist_num=0,0,0
1786636283.577,251113.93,2745600,2745600,2745600,2745600,2745600,2745600,1017600,1017600,31.8,31.8,0.0,0.0,40.9,20.8,0.0,0.0,2918400,2918400,2918400,2918400,2918400,2918400,3283200,3283200,556800,2918400,1017600,3283200,7311,30423,pool-5-thread-1,5,26,38,18195,1,4,31037,/top-app,0-7,/top-app,0-7,0,466,0,466,43.2,42.8,43.2,49.0,30,40.9,34.6,0.3,0,NONE,0,0,0,0,0,2147483647,2147483647,game_pid=-1 child_num=0 ui_assist_num=0,0,0
1786636283.577,251114.18,2745600,2745600,2745600,2745600,2745600,2745600,1017600,1017600,33.3,29.2,0.0,0.0,39.1,39.1,0.0,0.0,2918400,2918400,2918400,2918400,2918400,2918400,3283200,3283200,556800,2918400,1017600,3283200,7311,30423,pool-5-thread-1,5,26,38,18195,1,5,31037,/top-app,0-7,/top-app,0-7,0,466,0,466,43.6,42.8,43.6,48.2,30,41.3,34.6,0.3,0,NONE,0,0,0,0,0,2147483647,2147483647,game_pid=-1 child_num=0 ui_assist_num=0,0,0
1786636283.577,251114.40,556800,556800,556800,556800,556800,556800,1017600,1017600,39.1,28.6,0.0,0.0,33.3,29.2,0.0,0.0,2918400,2918400,2918400,2918400,2918400,2918400,3283200,3283200,556800,2918400,1017600,3283200,7311,30423,pool-5-thread-1,5,26,38,18195,0,NA,31037,/top-app,0-7,/top-app,0-7,0,466,0,466,42.4,42.4,42.4,45.1,30,40.5,34.6,0.3,0,NONE,0,0,0,0,0,2147483647,2147483647,game_pid=-1 child_num=0 ui_assist_num=0,0,0
1786636283.813,251122.99,556800,556800,556800,556800,556800,556800,1017600,1017600,42.9,36.8,1.7,0.9,26.8,24.8,0.0,0.0,2918400,2918400,2918400,2918400,2918400,2918400,3283200,3283200,556800,2918400,1017600,3283200,7311,30423,pool-5-thread-1,5,26,38,18195,1,4,31037,/top-app,0-7,/top-app,0-7,0,466,0,466,42.0,41.7,42.0,46.3,30,39.7,34.6,0.3,0,NONE,0,0,0,0,0,2147483647,2147483647,game_pid=-1 child_num=0 ui_assist_num=0,0,0
1786636307.997,251123.22,2745600,2745600,2745600,2745600,2745600,2745600,1017600,1017600,40.9,34.8,0.0,0.0,40.9,34.8,0.0,0.0,2918400,2918400,2918400,2918400,2918400,2918400,3283200,3283200,556800,2918400,1017600,3283200,7311,30423,pool-5-thread-1,5,26,38,18195,1,4,31037,/top-app,0-7,/top-app,0-7,0,466,0,466,42.4,42.0,42.4,46.3,30,40.1,34.6,0.3,0,NONE,0,0,0,0,0,2147483647,2147483647,game_pid=-1 child_num=0 ui_assist_num=0,0,0
1786636308.004,251123.45,2745600,2745600,2745600,2745600,2745600,2745600,1017600,1017600,28.6,33.3,0.0,0.0,39.1,38.1,0.0,0.0,2918400,2918400,2918400,2918400,2918400,2918400,3283200,3283200,556800,2918400,1017600,3283200,7311,30423,pool-5-thread-1,5,26,38,18195,1,0,31037,/top-app,0-7,/top-app,0-7,0,466,0,466,42.8,42.0,42.8,47.8,30,40.1,34.6,0.3,0,NONE,0,0,0,0,0,2147483647,2147483647,game_pid=-1 child_num=0 ui_assist_num=0,0,0
1786636308.004,251123.69,2745600,2745600,2745600,2745600,2745600,2745600,1017600,1017600,29.2,34.8,0.0,3.8,34.8,42.3,0.0,0.0,2918400,2918400,2918400,2918400,2918400,2918400,3283200,3283200,556800,2918400,1017600,3283200,7311,30423,pool-5-thread-1,5,26,38,18195,1,4,31037,/top-app,0-7,/top-app,0-7,0,466,0,466,42.4,41.7,42.4,47.5,30,39.7,34.6,0.3,0,NONE,0,0,0,0,0,2147483647,2147483647,game_pid=-1 child_num=0 ui_assist_num=0,0,0
1786636308.004,251123.92,2745600,2745600,2745600,2745600,2745600,2745600,1017600,1017600,40.9,42.9,0.0,0.0,36.4,31.8,0.0,0.0,2918400,2918400,2918400,2918400,2918400,2918400,3283200,3283200,556800,2918400,1017600,3283200,7311,30423,pool-5-thread-1,5,26,38,18195,1,5,31037,/top-app,0-7,/top-app,0-7,0,466,0,466,42.0,41.7,42.0,47.1,30,39.7,34.6,0.3,0,NONE,0,0,0,0,0,2147483647,2147483647,game_pid=-1 child_num=0 ui_assist_num=0,0,0
1786636308.004,251124.14,1785600,1785600,1785600,1785600,1785600,1785600,1017600,1017600,34.8,10.0,0.0,0.0,45.5,38.1,0.0,0.0,2918400,2918400,2918400,2918400,2918400,2918400,3283200,3283200,556800,2918400,1017600,3283200,7311,30423,pool-5-thread-1,5,26,38,18195,1,4,31037,/top-app,0-7,/top-app,0-7,0,466,0,466,42.0,41.7,42.0,46.3,30,39.7,34.6,0.3,0,NONE,0,0,0,0,0,2147483647,2147483647,game_pid=-1 child_num=0 ui_assist_num=0,0,0
1786636308.005,251124.37,2745600,2745600,2745600,2745600,2745600,2745600,1017600,1017600,27.3,30.4,0.0,0.0,43.5,31.8,0.0,0.0,2918400,2918400,2918400,2918400,2918400,2918400,3283200,3283200,556800,2918400,1017600,3283200,7311,30423,pool-5-thread-1,5,26,38,18195,1,5,31037,/top-app,0-7,/top-app,0-7,0,466,0,466,42.0,41.7,42.0,46.3,30,40.1,34.6,0.3,0,NONE,0,0,0,0,0,2147483647,2147483647,game_pid=-1 child_num=0 ui_assist_num=0,0,0
1786636308.005,251124.59,2745600,2745600,2745600,2745600,2745600,2745600,1017600,1017600,38.1,37.5,0.0,0.0,35.0,31.8,0.0,0.0,2918400,2918400,2918400,2918400,2918400,2918400,3283200,3283200,556800,2918400,1017600,3283200,7311,30423,pool-5-thread-1,5,26,38,18195,1,4,31037,/top-app,0-7,/top-app,0-7,0,466,0,466,42.4,41.7,42.4,47.1,30,39.7,34.6,0.3,0,NONE,0,0,0,0,0,2147483647,2147483647,game_pid=-1 child_num=0 ui_assist_num=0,0,0
1786636308.005,251124.84,2745600,2745600,2745600,2745600,2745600,2745600,1017600,1017600,25.0,39.1,0.0,0.0,40.7,36.4,0.0,0.0,2918400,2918400,2918400,2918400,2918400,2918400,3283200,3283200,556800,2918400,1017600,3283200,7311,30423,pool-5-thread-1,5,26,38,18195,1,1,31037,/top-app,0-7,/top-app,0-7,0,466,0,466,42.4,42.0,42.4,46.7,30,39.7,34.6,0.3,0,NONE,0,0,0,0,0,2147483647,2147483647,game_pid=-1 child_num=0 ui_assist_num=0,0,0
1786636308.005,251125.06,2745600,2745600,2745600,2745600,2745600,2745600,1017600,1017600,23.8,45.5,0.0,0.0,40.0,40.9,0.0,0.0,2918400,2918400,2918400,2918400,2918400,2918400,3283200,3283200,556800,2918400,1017600,3283200,7311,30423,pool-5-thread-1,5,26,38,18195,1,0,31037,/top-app,0-7,/top-app,0-7,0,466,0,466,42.4,41.7,42.4,47.1,30,40.1,34.6,0.3,0,NONE,0,0,0,0,0,2147483647,2147483647,game_pid=-1 child_num=0 ui_assist_num=0,0,0
1786636308.005,251125.29,2745600,2745600,2745600,2745600,2745600,2745600,1017600,1017600,38.1,22.7,0.0,0.0,14.3,50.0,0.0,0.0,2918400,2918400,2918400,2918400,2918400,2918400,3283200,3283200,556800,2918400,1017600,3283200,7311,30423,pool-5-thread-1,5,26,38,18195,1,5,31037,/top-app,0-7,/top-app,0-7,0,466,0,466,42.4,42.0,42.4,47.1,30,40.1,34.6,0.3,0,NONE,0,0,0,0,0,2147483647,2147483647,game_pid=-1 child_num=0 ui_assist_num=0,0,0
1786636308.005,251125.51,2745600,2745600,2745600,2745600,2745600,2745600,1017600,1017600,45.8,19.0,0.0,0.0,36.4,38.1,0.0,0.0,2918400,2918400,2918400,2918400,2918400,2918400,3283200,3283200,556800,2918400,1017600,3283200,7311,30423,pool-5-thread-1,5,26,38,18195,1,5,31037,/top-app,0-7,/top-app,0-7,0,466,0,466,42.0,42.0,42.0,47.1,30,40.1,34.6,0.3,0,NONE,0,0,0,0,0,2147483647,2147483647,game_pid=-1 child_num=0 ui_assist_num=0,0,0
1786636308.005,251125.74,2745600,2745600,2745600,2745600,2745600,2745600,1017600,1017600,36.4,47.8,0.0,0.0,36.4,27.3,0.0,0.0,2918400,2918400,2918400,2918400,2918400,2918400,3283200,3283200,556800,2918400,1017600,3283200,7311,30423,pool-5-thread-1,5,26,38,18195,1,4,31037,/top-app,0-7,/top-app,0-7,0,466,0,466,42.4,42.0,42.4,47.8,30,39.7,34.7,0.3,0,NONE,0,0,0,0,0,2147483647,2147483647,game_pid=-1 child_num=0 ui_assist_num=0,0,0
1786636308.005,251125.99,2745600,2745600,2745600,2745600,2745600,2745600,1017600,1017600,29.2,39.1,0.0,0.0,34.8,42.3,0.0,0.0,2918400,2918400,2918400,2918400,2918400,2918400,3283200,3283200,556800,2918400,1017600,3283200,7311,30423,pool-5-thread-1,5,26,38,18195,1,5,31037,/top-app,0-7,/top-app,0-7,0,466,0,466,42.4,42.0,42.4,46.7,30,40.5,34.7,0.3,0,NONE,0,0,0,0,0,2147483647,2147483647,game_pid=-1 child_num=0 ui_assist_num=0,0,0
1786636308.005,251126.21,2745600,2745600,2745600,2745600,2745600,2745600,1017600,1017600,19.0,31.8,0.0,0.0,39.1,35.0,0.0,0.0,2918400,2918400,2918400,2918400,2918400,2918400,3283200,3283200,556800,2918400,1017600,3283200,7311,30423,pool-5-thread-1,5,26,38,18195,1,5,31037,/top-app,0-7,/top-app,0-7,0,466,0,466,42.4,41.7,42.4,46.7,30,40.1,34.7,0.3,0,NONE,0,0,0,0,0,2147483647,2147483647,game_pid=-1 child_num=0 ui_assist_num=0,0,0
1786636308.006,251126.44,2745600,2745600,2745600,2745600,2745600,2745600,1017600,1017600,21.1,31.8,0.0,0.0,40.9,33.3,0.0,0.0,2918400,2918400,2918400,2918400,2918400,2918400,3283200,3283200,556800,2918400,1017600,3283200,7311,30423,pool-5-thread-1,5,26,38,18195,1,4,31037,/top-app,0-7,/top-app,0-7,0,466,0,466,42.4,41.7,42.4,46.7,30,40.1,34.7,0.3,0,NONE,0,0,0,0,0,2147483647,2147483647,game_pid=-1 child_num=0 ui_assist_num=0,0,0
1786636308.006,251126.66,2400000,2400000,2400000,2400000,2400000,2400000,1017600,1017600,34.8,40.0,0.0,0.0,36.4,41.7,0.0,0.0,2918400,2918400,2918400,2918400,2918400,2918400,3283200,3283200,556800,2918400,1017600,3283200,7311,30423,pool-5-thread-1,5,26,38,18195,1,5,31037,/top-app,0-7,/top-app,0-7,0,466,0,466,42.0,41.7,42.0,45.9,30,40.5,34.7,0.3,0,NONE,0,0,0,0,0,2147483647,2147483647,game_pid=-1 child_num=0 ui_assist_num=0,0,0
1786636308.006,251126.89,2745600,2745600,2745600,2745600,2745600,2745600,1017600,1017600,18.2,40.9,0.0,0.0,36.4,39.1,0.0,0.0,2918400,2918400,2918400,2918400,2918400,2918400,3283200,3283200,556800,2918400,1017600,3283200,7311,30423,pool-5-thread-1,5,26,38,18195,1,1,31037,/top-app,0-7,/top-app,0-7,0,466,0,466,42.4,41.7,42.4,48.6,30,39.7,34.7,0.3,0,NONE,0,0,0,0,0,2147483647,2147483647,game_pid=-1 child_num=0 ui_assist_num=0,0,0
1786636308.006,251127.14,2400000,2400000,2400000,2400000,2400000,2400000,1017600,1017600,26.1,23.1,0.0,4.2,69.6,41.7,0.0,0.0,2918400,2918400,2918400,2918400,2918400,2918400,3283200,3283200,556800,2918400,1017600,3283200,7311,30423,pool-5-thread-1,5,26,38,18195,1,4,31037,/top-app,0-7,/top-app,0-7,0,466,0,466,42.4,42.0,42.4,46.7,30,40.1,34.7,0.3,0,NONE,0,0,0,0,0,2147483647,2147483647,game_pid=-1 child_num=0 ui_assist_num=0,0,0
1786636308.006,251127.36,2745600,2745600,2745600,2745600,2745600,2745600,1017600,1017600,37.5,30.0,0.0,0.0,18.2,38.1,0.0,0.0,2918400,2918400,2918400,2918400,2918400,2918400,3283200,3283200,556800,2918400,1017600,3283200,7311,30423,pool-5-thread-1,5,26,38,18195,1,5,31037,/top-app,0-7,/top-app,0-7,0,466,0,466,42.8,41.7,42.8,47.1,30,40.5,34.7,0.3,0,NONE,0,0,0,0,0,2147483647,2147483647,game_pid=-1 child_num=0 ui_assist_num=0,0,0
1786636308.006,251127.59,2745600,2745600,2745600,2745600,2745600,2745600,1017600,1017600,33.3,33.3,13.0,13.6,38.1,77.3,0.0,0.0,2918400,2918400,2918400,2918400,2918400,2918400,3283200,3283200,556800,2918400,1017600,3283200,7311,30423,pool-5-thread-1,5,26,38,18195,1,5,31037,/top-app,0-7,/top-app,0-7,0,466,0,466,42.8,42.4,42.8,47.8,30,40.1,34.7,0.3,0,NONE,0,0,0,0,0,2147483647,2147483647,game_pid=-1 child_num=0 ui_assist_num=0,0,0
1786636308.006,251127.81,2745600,2745600,2745600,2745600,2745600,2745600,1017600,1017600,36.4,28.6,4.5,0.0,31.8,36.4,0.0,0.0,2918400,2918400,2918400,2918400,2918400,2918400,3283200,3283200,556800,2918400,1017600,3283200,7311,30423,pool-5-thread-1,5,26,38,18195,1,1,31037,/top-app,0-7,/top-app,0-7,0,466,0,466,43.2,42.4,43.2,47.5,30,40.5,34.7,0.3,0,NONE,0,0,0,0,0,2147483647,2147483647,game_pid=-1 child_num=0 ui_assist_num=0,0,0
1786636308.006,251128.04,2745600,2745600,2745600,2745600,2745600,2745600,1017600,1017600,40.0,36.4,0.0,0.0,40.9,34.8,0.0,0.0,2918400,2918400,2918400,2918400,2918400,2918400,3283200,3283200,556800,2918400,1017600,3283200,7311,30423,pool-5-thread-1,5,26,38,18195,1,0,31037,/top-app,0-7,/top-app,0-7,0,466,0,466,42.8,42.4,42.8,47.8,30,40.1,34.7,0.3,0,NONE,0,0,0,0,0,2147483647,2147483647,game_pid=-1 child_num=0 ui_assist_num=0,0,0
1786636308.006,251128.28,2745600,2745600,2745600,2745600,2745600,2745600,1017600,1017600,26.1,29.2,0.0,0.0,50.0,50.0,0.0,0.0,2918400,2918400,2918400,2918400,2918400,2918400,3283200,3283200,556800,2918400,1017600,3283200,7311,30423,pool-5-thread-1,5,26,38,18195,1,4,31037,/top-app,0-7,/top-app,0-7,0,466,0,466,42.8,42.0,42.8,47.5,30,40.1,34.7,0.3,0,NONE,0,0,0,0,0,2147483647,2147483647,game_pid=-1 child_num=0 ui_assist_num=0,0,0
1786636308.006,251128.51,2745600,2745600,2745600,2745600,2745600,2745600,1017600,1017600,43.5,25.0,0.0,0.0,42.9,39.1,0.0,0.0,2918400,2918400,2918400,2918400,2918400,2918400,3283200,3283200,556800,2918400,1017600,3283200,7311,30423,pool-5-thread-1,5,26,38,18195,1,5,31037,/top-app,0-7,/top-app,0-7,0,466,0,466,42.4,42.4,42.4,47.5,30,40.5,34.7,0.3,0,NONE,0,0,0,0,0,2147483647,2147483647,game_pid=-1 child_num=0 ui_assist_num=0,0,0
1786636308.231,251147.41,2745600,2745600,2745600,2745600,2745600,2745600,1017600,1017600,35.3,34.8,1.3,5.2,28.9,30.8,0.0,0.0,2918400,2918400,2918400,2918400,2918400,2918400,3283200,3283200,556800,2918400,1017600,3283200,7311,30423,pool-5-thread-1,5,26,38,18195,1,5,31037,/top-app,0-7,/top-app,0-7,0,466,0,466,43.2,42.4,43.2,49.4,30,40.9,34.7,0.3,0,NONE,0,0,0,0,0,2147483647,2147483647,game_pid=-1 child_num=0 ui_assist_num=0,0,0
1786636308.449,251147.63,2745600,2745600,2745600,2745600,2745600,2745600,1017600,1017600,22.7,31.8,0.0,72.7,29.2,22.7,0.0,0.0,2918400,2918400,2918400,2918400,2918400,2918400,3283200,3283200,556800,2918400,1017600,3283200,7311,30423,pool-5-thread-1,5,26,38,18195,1,1,31037,/top-app,0-7,/top-app,0-7,0,466,0,466,43.6,43.2,43.6,49.0,30,40.9,34.7,0.3,0,NONE,0,0,0,0,0,2147483647,2147483647,game_pid=-1 child_num=0 ui_assist_num=0,0,0
1786636308.699,251147.86,2745600,2745600,2745600,2745600,2745600,2745600,1017600,1017600,23.8,47.6,0.0,4.3,33.3,39.1,0.0,0.0,2918400,2918400,2918400,2918400,2918400,2918400,3283200,3283200,556800,2918400,1017600,3283200,7311,30423,pool-5-thread-1,5,26,38,18195,1,5,31037,/top-app,0-7,/top-app,0-7,0,466,0,466,44.0,43.2,44.0,50.2,30,40.9,34.7,0.3,0,NONE,0,0,0,0,0,2147483647,2147483647,game_pid=-1 child_num=0 ui_assist_num=0,0,0
1786636308.923,251148.11,2745600,2745600,2745600,2745600,2745600,2745600,1017600,1017600,30.4,39.1,0.0,0.0,34.8,40.0,0.0,0.0,2918400,2918400,2918400,2918400,2918400,2918400,3283200,3283200,556800,2918400,1017600,3283200,7311,30423,pool-5-thread-1,5,26,38,18195,1,1,31037,/top-app,0-7,/top-app,0-7,0,466,0,466,44.0,43.2,44.0,49.0,30,40.9,34.7,0.3,0,NONE,0,0,0,0,0,2147483647,2147483647,game_pid=-1 child_num=0 ui_assist_num=0,0,0
1786636309.147,251148.33,2745600,2745600,2745600,2745600,2745600,2745600,1017600,1017600,27.3,40.9,0.0,0.0,45.5,40.9,0.0,0.0,2918400,2918400,2918400,2918400,2918400,2918400,3283200,3283200,556800,2918400,1017600,3283200,7311,30423,pool-5-thread-1,5,26,38,18195,1,5,31037,/top-app,0-7,/top-app,0-7,0,466,0,466,43.6,42.8,43.6,49.0,30,40.9,34.7,0.3,0,NONE,0,0,0,0,0,2147483647,2147483647,game_pid=-1 child_num=0 ui_assist_num=0,0,0
1786636309.371,251148.56,2745600,2745600,2745600,2745600,2745600,2745600,1017600,1017600,26.1,36.4,34.8,0.0,31.8,31.8,0.0,0.0,2918400,2918400,2918400,2918400,2918400,2918400,3283200,3283200,556800,2918400,1017600,3283200,7311,30423,pool-5-thread-1,5,26,38,18195,1,2,31037,/top-app,0-7,/top-app,0-7,0,466,0,466,43.6,43.2,43.6,50.2,30,40.9,34.7,0.3,0,NONE,0,0,0,0,0,2147483647,2147483647,game_pid=-1 child_num=0 ui_assist_num=0,0,0
1786636309.598,251148.78,2745600,2745600,2745600,2745600,2745600,2745600,1017600,1017600,23.8,33.3,38.1,0.0,52.2,20.0,0.0,0.0,2918400,2918400,2918400,2918400,2918400,2918400,3283200,3283200,556800,2918400,1017600,3283200,7311,30423,pool-5-thread-1,5,26,38,18195,1,4,31037,/top-app,0-7,/top-app,0-7,0,466,0,466,44.0,43.2,44.0,50.2,30,40.9,34.7,0.3,0,NONE,0,0,0,0,0,2147483647,2147483647,game_pid=-1 child_num=0 ui_assist_num=0,0,0
1786636309.851,251149.01,2745600,2745600,2745600,2745600,2745600,2745600,1017600,1017600,31.8,31.8,0.0,0.0,42.9,33.3,0.0,0.0,2918400,2918400,2918400,2918400,2918400,2918400,3283200,3283200,556800,2918400,1017600,3283200,7311,30423,pool-5-thread-1,5,26,38,18195,1,1,31037,/top-app,0-7,/top-app,0-7,0,466,0,466,44.0,43.2,44.0,49.8,30,40.9,34.7,0.3,0,NONE,0,0,0,0,0,2147483647,2147483647,game_pid=-1 child_num=0 ui_assist_num=0,0,0
1786636310.075,251149.26,2745600,2745600,2745600,2745600,2745600,2745600,1017600,1017600,40.7,41.7,0.0,0.0,33.3,46.2,0.0,0.0,2918400,2918400,2918400,2918400,2918400,2918400,3283200,3283200,556800,2918400,1017600,3283200,7311,30423,pool-5-thread-1,5,26,38,18195,1,4,31037,/top-app,0-7,/top-app,0-7,0,466,0,466,44.0,43.2,44.0,49.8,30,40.5,34.7,0.3,0,NONE,0,0,0,0,0,2147483647,2147483647,game_pid=-1 child_num=0 ui_assist_num=0,0,0
1786636310.298,251149.48,2745600,2745600,2745600,2745600,2745600,2745600,1017600,1017600,40.9,31.8,0.0,0.0,33.3,30.0,0.0,0.0,2918400,2918400,2918400,2918400,2918400,2918400,3283200,3283200,556800,2918400,1017600,3283200,7311,30423,pool-5-thread-1,5,26,38,18195,1,0,31037,/top-app,0-7,/top-app,0-7,0,466,0,466,44.0,43.2,44.0,50.2,30,41.3,34.7,0.3,0,NONE,0,0,0,0,0,2147483647,2147483647,game_pid=-1 child_num=0 ui_assist_num=0,0,0
1786636310.521,251149.71,2745600,2745600,2745600,2745600,2745600,2745600,1017600,1017600,39.1,47.6,0.0,0.0,40.9,45.5,0.0,0.0,2918400,2918400,2918400,2918400,2918400,2918400,3283200,3283200,556800,2918400,1017600,3283200,7311,30423,pool-5-thread-1,5,26,38,18195,1,0,31037,/top-app,0-7,/top-app,0-7,0,466,0,466,44.4,43.2,44.4,49.0,30,40.9,34.7,0.3,0,NONE,0,0,0,0,0,2147483647,2147483647,game_pid=-1 child_num=0 ui_assist_num=0,0,0
1786636310.749,251149.93,2745600,2745600,2745600,2745600,2745600,2745600,1017600,1017600,14.3,47.8,0.0,0.0,41.7,36.4,0.0,0.0,2918400,2918400,2918400,2918400,2918400,2918400,3283200,3283200,556800,2918400,1017600,3283200,7311,30423,pool-5-thread-1,5,26,38,18195,1,4,31037,/top-app,0-7,/top-app,0-7,0,466,0,466,44.0,43.2,44.0,49.4,30,40.9,34.7,0.3,0,NONE,0,0,0,0,0,2147483647,2147483647,game_pid=-1 child_num=0 ui_assist_num=0,0,0
1786636310.996,251150.16,2745600,2745600,2745600,2745600,2745600,2745600,1017600,1017600,31.8,33.3,0.0,0.0,40.0,28.6,0.0,0.0,2918400,2918400,2918400,2918400,2918400,2918400,3283200,3283200,556800,2918400,1017600,3283200,7311,30423,pool-5-thread-1,5,26,38,18195,1,4,31037,/top-app,0-7,/top-app,0-7,0,466,0,466,44.0,43.2,44.0,49.8,30,40.9,34.7,0.3,0,NONE,0,0,0,0,0,2147483647,2147483647,game_pid=-1 child_num=0 ui_assist_num=0,0,0
1786636311.219,251150.40,2745600,2745600,2745600,2745600,2745600,2745600,1017600,1017600,34.8,48.1,0.0,0.0,40.7,41.7,0.0,0.0,2918400,2918400,2918400,2918400,2918400,2918400,3283200,3283200,556800,2918400,1017600,3283200,7311,30423,pool-5-thread-1,5,26,38,18195,1,5,31037,/top-app,0-7,/top-app,0-7,0,466,0,466,44.0,43.6,44.0,49.4,30,40.9,34.7,0.3,0,NONE,0,0,0,0,0,2147483647,2147483647,game_pid=-1 child_num=0 ui_assist_num=0,0,0
1786636311.444,251150.63,2745600,2745600,2745600,2745600,2745600,2745600,1017600,1017600,38.1,33.3,0.0,0.0,36.4,33.3,0.0,0.0,2918400,2918400,2918400,2918400,2918400,2918400,3283200,3283200,556800,2918400,1017600,3283200,7311,30423,pool-5-thread-1,5,26,38,18195,1,0,31037,/top-app,0-7,/top-app,0-7,0,466,0,466,44.0,43.6,44.0,49.4,30,41.3,34.7,0.3,0,NONE,0,0,0,0,0,2147483647,2147483647,game_pid=-1 child_num=0 ui_assist_num=0,0,0
1786636311.672,251150.85,2745600,2745600,2745600,2745600,2745600,2745600,1017600,1017600,21.7,27.3,12.5,0.0,76.2,33.3,0.0,0.0,2918400,2918400,2918400,2918400,2918400,2918400,3283200,3283200,556800,2918400,1017600,3283200,7311,30423,pool-5-thread-1,5,26,38,18195,1,4,31037,/top-app,0-7,/top-app,0-7,0,466,0,466,44.0,43.6,44.0,50.2,30,41.3,34.7,0.3,0,NONE,0,0,0,0,0,2147483647,2147483647,game_pid=-1 child_num=0 ui_assist_num=0,0,0
1786636311.905,251151.08,1555200,1555200,1555200,1555200,1555200,1555200,1017600,1017600,47.8,31.8,0.0,0.0,15.0,52.2,0.0,0.0,2918400,2918400,2918400,2918400,2918400,2918400,3283200,3283200,556800,2918400,1017600,3283200,7311,30423,pool-5-thread-1,5,26,38,18195,1,5,31037,/top-app,0-7,/top-app,0-7,0,466,0,466,44.0,43.2,44.0,47.5,30,40.9,34.7,0.3,0,NONE,0,0,0,0,0,2147483647,2147483647,game_pid=-1 child_num=0 ui_assist_num=0,0,0
1786636312.154,251151.31,2745600,2745600,2745600,2745600,2745600,2745600,1017600,1017600,31.8,40.9,0.0,0.0,45.8,23.8,0.0,0.0,2918400,2918400,2918400,2918400,2918400,2918400,3283200,3283200,556800,2918400,1017600,3283200,7311,30423,pool-5-thread-1,5,26,38,18195,1,4,31037,/top-app,0-7,/top-app,0-7,0,466,0,466,44.0,43.2,44.0,50.5,30,40.9,34.7,0.3,0,NONE,0,0,0,0,0,2147483647,2147483647,game_pid=-1 child_num=0 ui_assist_num=0,0,0
1786636312.392,251151.57,556800,556800,556800,556800,556800,556800,1017600,1017600,48.0,34.6,0.0,0.0,38.5,58.3,0.0,0.0,2918400,2918400,2918400,2918400,2918400,2918400,3283200,3283200,556800,2918400,1017600,3283200,7311,30423,pool-5-thread-1,5,26,38,18195,1,4,31037,/top-app,0-7,/top-app,0-7,0,466,0,466,43.6,43.2,43.6,47.5,30,41.3,34.7,0.3,0,NONE,0,0,0,0,0,2147483647,2147483647,game_pid=-1 child_num=0 ui_assist_num=0,0,0
1786636312.617,251151.80,2745600,2745600,2745600,2745600,2745600,2745600,1017600,1017600,36.4,43.5,0.0,0.0,41.7,40.9,0.0,0.0,2918400,2918400,2918400,2918400,2918400,2918400,3283200,3283200,556800,2918400,1017600,3283200,7311,30423,pool-5-thread-1,5,26,38,18195,1,1,31037,/top-app,0-7,/top-app,0-7,0,466,0,466,43.6,43.2,43.6,48.6,30,41.3,34.7,0.3,0,NONE,0,0,0,0,0,2147483647,2147483647,game_pid=-1 child_num=0 ui_assist_num=0,0,0
1786636312.843,251152.03,2745600,2745600,2745600,2745600,2745600,2745600,1017600,1017600,33.3,40.0,0.0,0.0,31.8,45.5,0.0,0.0,2918400,2918400,2918400,2918400,2918400,2918400,3283200,3283200,556800,2918400,1017600,3283200,7311,30423,pool-5-thread-1,5,26,38,18195,1,5,31037,/top-app,0-7,/top-app,0-7,0,466,0,466,44.0,43.6,44.0,49.8,30,40.9,34.7,0.3,0,NONE,0,0,0,0,0,2147483647,2147483647,game_pid=-1 child_num=0 ui_assist_num=0,0,0
1786636313.068,251152.25,2745600,2745600,2745600,2745600,2745600,2745600,1017600,1017600,38.1,39.1,0.0,0.0,33.3,23.8,0.0,0.0,2918400,2918400,2918400,2918400,2918400,2918400,3283200,3283200,556800,2918400,1017600,3283200,7311,30423,pool-5-thread-1,5,26,38,18195,1,0,31037,/top-app,0-7,/top-app,0-7,0,466,0,466,44.0,43.2,44.0,49.4,30,40.9,34.7,0.3,0,NONE,0,0,0,0,0,2147483647,2147483647,game_pid=-1 child_num=0 ui_assist_num=0,0,0
1786636313.315,251152.48,2745600,2745600,2745600,2745600,2745600,2745600,1017600,1017600,39.1,33.3,0.0,0.0,31.8,40.9,0.0,0.0,2918400,2918400,2918400,2918400,2918400,2918400,3283200,3283200,556800,2918400,1017600,3283200,7311,30423,pool-5-thread-1,5,26,38,18195,1,1,31037,/top-app,0-7,/top-app,0-7,0,466,0,466,44.4,43.2,44.4,49.4,30,40.9,34.7,0.3,0,NONE,0,0,0,0,0,2147483647,2147483647,game_pid=-1 child_num=0 ui_assist_num=0,0,0
1786636313.542,251152.72,2745600,2745600,2745600,2745600,2745600,2745600,1017600,1017600,30.4,43.5,0.0,8.0,44.0,26.1,0.0,0.0,2918400,2918400,2918400,2918400,2918400,2918400,3283200,3283200,556800,2918400,1017600,3283200,7311,30423,pool-5-thread-1,5,26,38,18195,1,5,31037,/top-app,0-7,/top-app,0-7,0,466,0,466,44.0,43.6,44.0,50.5,30,40.9,34.7,0.3,0,NONE,0,0,0,0,0,2147483647,2147483647,game_pid=-1 child_num=0 ui_assist_num=0,0,0
1786636313.772,251152.95,1555200,1555200,1555200,1555200,1555200,1555200,1017600,1017600,27.3,75.0,0.0,0.0,20.0,28.6,0.0,0.0,2918400,2918400,2918400,2918400,2918400,2918400,3283200,3283200,556800,2918400,1017600,3283200,7311,30423,pool-5-thread-1,5,26,38,18195,1,1,31037,/top-app,0-7,/top-app,0-7,0,466,0,466,44.0,43.2,44.0,48.2,30,41.3,34.7,0.3,0,NONE,0,0,0,0,0,2147483647,2147483647,game_pid=-1 child_num=0 ui_assist_num=0,0,0
1786636313.998,251153.18,2918400,2918400,2918400,2918400,2918400,2918400,1017600,1017600,34.8,38.1,0.0,0.0,30.4,45.5,0.0,0.0,2918400,2918400,2918400,2918400,2918400,2918400,3283200,3283200,556800,2918400,1017600,3283200,7311,30423,pool-5-thread-1,5,26,38,18195,1,4,31037,/top-app,0-7,/top-app,0-7,0,466,0,466,44.0,43.2,44.0,49.8,30,40.9,34.7,0.3,0,NONE,0,0,0,0,0,2147483647,2147483647,game_pid=-1 child_num=0 ui_assist_num=0,0,0
1786636314.221,251153.41,2745600,2745600,2745600,2745600,2745600,2745600,1017600,1017600,31.8,40.9,0.0,0.0,38.1,39.1,0.0,0.0,2918400,2918400,2918400,2918400,2918400,2918400,3283200,3283200,556800,2918400,1017600,3283200,7311,30423,pool-5-thread-1,5,26,38,18195,1,1,31037,/top-app,0-7,/top-app,0-7,0,466,0,466,44.0,43.6,44.0,49.4,30,41.3,34.7,0.3,0,NONE,0,0,0,0,0,2147483647,2147483647,game_pid=-1 child_num=0 ui_assist_num=0,0,0
1786636314.469,251153.63,2745600,2745600,2745600,2745600,2745600,2745600,1017600,1017600,40.9,31.8,0.0,0.0,23.8,40.0,0.0,0.0,2918400,2918400,2918400,2918400,2918400,2918400,3283200,3283200,556800,2918400,1017600,3283200,7311,30423,pool-5-thread-1,5,26,38,18195,1,1,31037,/top-app,0-7,/top-app,0-7,0,466,0,466,44.0,43.2,44.0,50.2,30,41.3,34.7,0.3,0,NONE,0,0,0,0,0,2147483647,2147483647,game_pid=-1 child_num=0 ui_assist_num=0,0,0
1786636314.695,251153.88,2745600,2745600,2745600,2745600,2745600,2745600,1017600,1017600,39.1,37.5,0.0,0.0,46.2,46.2,0.0,0.0,2918400,2918400,2918400,2918400,2918400,2918400,3283200,3283200,556800,2918400,1017600,3283200,7311,30423,pool-5-thread-1,5,26,38,18195,1,4,31037,/top-app,0-7,/top-app,0-7,0,466,0,466,44.4,43.6,44.4,50.5,30,41.3,34.7,0.3,0,NONE,0,0,0,0,0,2147483647,2147483647,game_pid=-1 child_num=0 ui_assist_num=0,0,0
1786636314.920,251154.10,2745600,2745600,2745600,2745600,2745600,2745600,1017600,1017600,13.0,13.0,0.0,61.9,40.9,4.8,0.0,0.0,2918400,2918400,2918400,2918400,2918400,2918400,3283200,3283200,556800,2918400,1017600,3283200,7311,30423,pool-5-thread-1,5,26,38,18195,1,3,31037,/top-app,0-7,/top-app,0-7,0,466,0,466,44.0,43.2,44.0,49.0,30,41.3,34.7,0.3,0,NONE,0,0,0,0,0,2147483647,2147483647,game_pid=-1 child_num=0 ui_assist_num=0,0,0
1786636315.145,251154.33,2745600,2745600,2745600,2745600,2745600,2745600,1017600,1017600,9.5,13.0,0.0,100.0,4.8,4.5,0.0,0.0,2918400,2918400,2918400,2918400,2918400,2918400,3283200,3283200,556800,2918400,1017600,3283200,7311,30423,pool-5-thread-1,5,26,38,18195,1,3,31037,/top-app,0-7,/top-app,0-7,0,466,0,466,43.6,43.2,43.6,48.6,30,41.3,34.7,0.3,0,NONE,0,0,0,0,0,2147483647,2147483647,game_pid=-1 child_num=0 ui_assist_num=0,0,0
1786636315.370,251154.55,2745600,2745600,2745600,2745600,2745600,2745600,1017600,1017600,30.4,23.8,0.0,18.2,40.9,33.3,0.0,0.0,2918400,2918400,2918400,2918400,2918400,2918400,3283200,3283200,556800,2918400,1017600,3283200,7311,30423,pool-5-thread-1,5,26,38,18195,1,4,31037,/top-app,0-7,/top-app,0-7,0,466,0,466,44.4,43.2,44.4,50.9,30,41.3,34.7,0.3,0,NONE,0,0,0,0,0,2147483647,2147483647,game_pid=-1 child_num=0 ui_assist_num=0,0,0
1786636315.620,251154.78,2745600,2745600,2745600,2745600,2745600,2745600,1017600,1017600,50.0,45.5,0.0,0.0,50.0,52.4,0.0,0.0,2918400,2918400,2918400,2918400,2918400,2918400,3283200,3283200,556800,2918400,1017600,3283200,7311,30423,pool-5-thread-1,5,26,38,18195,1,1,31037,/top-app,0-7,/top-app,0-7,0,466,0,466,44.8,43.6,44.8,51.3,30,41.3,34.7,0.3,0,NONE,0,0,0,0,0,2147483647,2147483647,game_pid=-1 child_num=0 ui_assist_num=0,0,0
1786636315.845,251155.03,2745600,2745600,2745600,2745600,2745600,2745600,1017600,1017600,28.0,58.3,8.0,0.0,40.0,30.8,0.0,0.0,2918400,2918400,2918400,2918400,2918400,2918400,3283200,3283200,556800,2918400,1017600,3283200,7311,30423,pool-5-thread-1,5,26,38,18195,1,5,31037,/top-app,0-7,/top-app,0-7,0,466,0,466,44.8,43.6,44.8,50.2,30,41.3,34.7,0.3,0,NONE,0,0,0,0,0,2147483647,2147483647,game_pid=-1 child_num=0 ui_assist_num=0,0,0
1786636316.070,251155.25,2745600,2745600,2745600,2745600,2745600,2745600,1017600,1017600,39.1,31.8,0.0,0.0,54.5,34.8,0.0,0.0,2918400,2918400,2918400,2918400,2918400,2918400,3283200,3283200,556800,2918400,1017600,3283200,7311,30423,pool-5-thread-1,5,26,38,18195,1,5,31037,/top-app,0-7,/top-app,0-7,0,466,0,466,44.4,43.6,44.4,49.8,30,41.3,34.7,0.3,0,NONE,0,0,0,0,0,2147483647,2147483647,game_pid=-1 child_num=0 ui_assist_num=0,0,0
1786636316.293,251155.48,2745600,2745600,2745600,2745600,2745600,2745600,1017600,1017600,38.1,47.8,0.0,0.0,36.4,38.1,0.0,0.0,2918400,2918400,2918400,2918400,2918400,2918400,3283200,3283200,556800,2918400,1017600,3283200,7311,30423,pool-5-thread-1,5,26,38,18195,1,5,31037,/top-app,0-7,/top-app,0-7,0,466,0,466,44.4,43.6,44.4,50.5,30,41.3,34.7,0.3,0,NONE,0,0,0,0,0,2147483647,2147483647,game_pid=-1 child_num=0 ui_assist_num=0,0,0
1786636316.529,251155.70,556800,556800,556800,556800,556800,556800,1017600,1017600,27.3,28.6,0.0,0.0,31.6,40.9,0.0,0.0,2918400,2918400,2918400,2918400,2918400,2918400,3283200,3283200,556800,2918400,1017600,3283200,7311,30423,pool-5-thread-1,5,26,38,18195,1,0,31037,/top-app,0-7,/top-app,0-7,0,466,0,466,44.0,43.2,44.0,48.6,30,41.7,34.7,0.3,0,NONE,0,0,0,0,0,2147483647,2147483647,game_pid=-1 child_num=0 ui_assist_num=0,0,0
1786636316.776,251155.94,2745600,2745600,2745600,2745600,2745600,2745600,1017600,1017600,40.9,43.5,0.0,0.0,45.5,56.0,0.0,0.0,2918400,2918400,2918400,2918400,2918400,2918400,3283200,3283200,556800,2918400,1017600,3283200,7311,30423,pool-5-thread-1,5,26,38,18195,1,4,31037,/top-app,0-7,/top-app,0-7,0,466,0,466,44.8,43.6,44.8,49.4,30,41.7,34.7,0.3,0,NONE,0,0,0,0,0,2147483647,2147483647,game_pid=-1 child_num=0 ui_assist_num=0,0,0
1786636317.019,251156.18,1363200,1363200,1363200,1363200,1363200,1363200,1017600,1017600,36.0,37.5,0.0,3.8,37.5,41.7,0.0,0.0,2918400,2918400,2918400,2918400,2918400,2918400,3283200,3283200,556800,2918400,1017600,3283200,7311,30423,pool-5-thread-1,5,26,38,18195,1,5,31037,/top-app,0-7,/top-app,0-7,0,466,0,466,44.4,43.2,44.4,48.2,30,41.3,34.7,0.3,0,NONE,0,0,0,0,0,2147483647,2147483647,game_pid=-1 child_num=0 ui_assist_num=0,0,0
1786636317.242,251156.42,2745600,2745600,2745600,2745600,2745600,2745600,1017600,1017600,28.6,22.7,4.2,8.3,70.8,27.3,0.0,0.0,2918400,2918400,2918400,2918400,2918400,2918400,3283200,3283200,556800,2918400,1017600,3283200,7311,30423,pool-5-thread-1,5,26,38,18195,1,5,31037,/top-app,0-7,/top-app,0-7,0,466,0,466,44.4,43.6,44.4,49.8,30,41.3,34.7,0.3,0,NONE,0,0,0,0,0,2147483647,2147483647,game_pid=-1 child_num=0 ui_assist_num=0,0,0
1786636317.473,251156.65,2227200,2227200,2227200,2227200,2227200,2227200,1017600,1017600,27.3,33.3,0.0,0.0,38.1,45.8,0.0,0.0,2918400,2918400,2918400,2918400,2918400,2918400,3283200,3283200,556800,2918400,1017600,3283200,7311,30423,pool-5-thread-1,5,26,38,18195,1,4,31037,/top-app,0-7,/top-app,0-7,0,466,0,466,44.4,43.6,44.4,50.2,30,41.7,34.7,0.3,0,NONE,0,0,0,0,0,2147483647,2147483647,game_pid=-1 child_num=0 ui_assist_num=0,0,0
1786636317.697,251156.88,2745600,2745600,2745600,2745600,2745600,2745600,1017600,1017600,40.9,40.0,0.0,0.0,36.4,47.8,0.0,0.0,2918400,2918400,2918400,2918400,2918400,2918400,3283200,3283200,556800,2918400,1017600,3283200,7311,30423,pool-5-thread-1,5,26,38,18195,1,5,31037,/top-app,0-7,/top-app,0-7,0,466,0,466,44.8,44.0,44.8,50.5,30,41.7,34.7,0.3,0,NONE,0,0,0,0,0,2147483647,2147483647,game_pid=-1 child_num=0 ui_assist_num=0,0,0
1786636317.944,251157.11,2745600,2745600,2745600,2745600,2745600,2745600,1017600,1017600,39.1,40.0,0.0,0.0,34.8,45.8,0.0,0.0,2918400,2918400,2918400,2918400,2918400,2918400,3283200,3283200,556800,2918400,1017600,3283200,7311,30423,pool-5-thread-1,5,26,38,18195,1,4,31037,/top-app,0-7,/top-app,0-7,0,466,0,466,44.0,43.2,44.0,49.0,30,41.7,34.7,0.3,0,NONE,0,0,0,0,0,2147483647,2147483647,game_pid=-1 child_num=0 ui_assist_num=0,0,0
1786636318.200,251157.35,2745600,2745600,2745600,2745600,2745600,2745600,1017600,1017600,26.1,33.3,0.0,0.0,31.8,48.0,0.0,0.0,2918400,2918400,2918400,2918400,2918400,2918400,3283200,3283200,556800,2918400,1017600,3283200,7311,30423,pool-5-thread-1,5,26,38,18195,1,1,31037,/top-app,0-7,/top-app,0-7,0,466,0,466,44.0,43.6,44.0,49.8,30,41.3,34.7,0.3,0,NONE,0,0,0,0,0,2147483647,2147483647,game_pid=-1 child_num=0 ui_assist_num=0,0,0
1786636318.396,251157.58,2745600,2745600,2745600,2745600,2745600,2745600,1017600,1017600,36.4,40.9,0.0,0.0,27.3,45.5,0.0,0.0,2918400,2918400,2918400,2918400,2918400,2918400,3283200,3283200,556800,2918400,1017600,3283200,7311,30423,pool-5-thread-1,5,26,38,18195,1,4,31037,/top-app,0-7,/top-app,0-7,0,466,0,466,44.0,43.2,44.0,49.8,30,41.3,34.7,0.3,0,NONE,0,0,0,0,0,2147483647,2147483647,game_pid=-1 child_num=0 ui_assist_num=0,0,0
1786636318.619,251157.80,2745600,2745600,2745600,2745600,2745600,2745600,1017600,1017600,33.3,43.5,0.0,0.0,38.1,43.5,0.0,0.0,2918400,2918400,2918400,2918400,2918400,2918400,3283200,3283200,556800,2918400,1017600,3283200,7311,30423,pool-5-thread-1,5,26,38,18195,1,5,31037,/top-app,0-7,/top-app,0-7,0,466,0,466,44.4,43.6,44.4,49.4,30,41.3,34.7,0.3,0,NONE,0,0,0,0,0,2147483647,2147483647,game_pid=-1 child_num=0 ui_assist_num=0,0,0
1786636318.845,251158.03,2745600,2745600,2745600,2745600,2745600,2745600,1017600,1017600,40.0,47.8,0.0,0.0,47.6,33.3,0.0,0.0,2918400,2918400,2918400,2918400,2918400,2918400,3283200,3283200,556800,2918400,1017600,3283200,7311,30423,pool-5-thread-1,5,26,38,18195,1,5,31037,/top-app,0-7,/top-app,0-7,0,466,0,466,44.4,43.6,44.4,50.5,30,41.3,34.7,0.3,0,NONE,0,0,0,0,0,2147483647,2147483647,game_pid=-1 child_num=0 ui_assist_num=0,0,0
1786636319.411,251158.25,2745600,2745600,2745600,2745600,2745600,2745600,1017600,1017600,26.1,45.5,0.0,0.0,40.9,34.8,0.0,0.0,2918400,2918400,2918400,2918400,2918400,2918400,3283200,3283200,556800,2918400,1017600,3283200,7311,30423,pool-5-thread-1,5,26,38,18195,1,1,31037,/top-app,0-7,/top-app,0-7,0,466,0,466,44.4,43.6,44.4,50.5,30,41.7,34.7,0.3,0,NONE,0,0,0,0,0,2147483647,2147483647,game_pid=-1 child_num=0 ui_assist_num=0,0,0
1786636319.411,251158.50,2745600,2745600,2745600,2745600,2745600,2745600,1017600,1017600,32.0,33.3,0.0,0.0,42.3,45.8,0.0,0.0,2918400,2918400,2918400,2918400,2918400,2918400,3283200,3283200,556800,2918400,1017600,3283200,7311,30423,pool-5-thread-1,5,26,38,18195,1,5,31037,/top-app,0-7,/top-app,0-7,0,466,0,466,44.0,43.6,44.0,49.0,30,41.7,34.7,0.3,0,NONE,0,0,0,0,0,2147483647,2147483647,game_pid=-1 child_num=0 ui_assist_num=0,0,0
1786636319.546,251158.73,2745600,2745600,2745600,2745600,2745600,2745600,1017600,1017600,40.9,42.9,0.0,0.0,40.9,45.5,0.0,0.0,2918400,2918400,2918400,2918400,2918400,2918400,3283200,3283200,556800,2918400,1017600,3283200,7311,30423,pool-5-thread-1,5,26,38,18195,1,1,31037,/top-app,0-7,/top-app,0-7,0,466,0,466,44.4,44.0,44.4,49.8,30,41.7,34.7,0.3,0,NONE,0,0,0,0,0,2147483647,2147483647,game_pid=-1 child_num=0 ui_assist_num=0,0,0
1786636319.769,251158.95,2745600,2745600,2745600,2745600,2745600,2745600,1017600,1017600,56.5,31.8,4.3,0.0,40.0,25.0,0.0,0.0,2918400,2918400,2918400,2918400,2918400,2918400,3283200,3283200,556800,2918400,1017600,3283200,7311,30423,pool-5-thread-1,5,26,38,18195,1,4,31037,/top-app,0-7,/top-app,0-7,0,466,0,466,44.8,43.6,44.8,50.5,30,41.7,34.7,0.3,0,NONE,0,0,0,0,0,2147483647,2147483647,game_pid=-1 child_num=0 ui_assist_num=0,0,0
1786636319.993,251159.18,2745600,2745600,2745600,2745600,2745600,2745600,1017600,1017600,31.8,33.3,0.0,0.0,30.4,34.8,0.0,0.0,2918400,2918400,2918400,2918400,2918400,2918400,3283200,3283200,556800,2918400,1017600,3283200,7311,30423,pool-5-thread-1,5,26,38,18195,1,4,31037,/top-app,0-7,/top-app,0-7,0,466,0,466,44.8,44.0,44.8,49.4,30,41.7,34.7,0.3,0,NONE,0,0,0,0,0,2147483647,2147483647,game_pid=-1 child_num=0 ui_assist_num=0,0,0
1786636320.238,251159.40,2745600,2745600,2745600,2745600,2745600,2745600,1017600,1017600,19.0,47.8,0.0,4.5,40.9,43.5,0.0,0.0,2918400,2918400,2918400,2918400,2918400,2918400,3283200,3283200,556800,2918400,1017600,3283200,7311,30423,pool-5-thread-1,5,26,38,18195,1,1,31037,/top-app,0-7,/top-app,0-7,0,466,0,466,44.8,43.6,44.8,50.5,30,41.3,34.7,0.3,0,NONE,0,0,0,0,0,2147483647,2147483647,game_pid=-1 child_num=0 ui_assist_num=0,0,0
1786636320.462,251159.65,2745600,2745600,2745600,2745600,2745600,2745600,1017600,1017600,34.8,52.2,0.0,4.2,36.0,31.8,0.0,0.0,2918400,2918400,2918400,2918400,2918400,2918400,3283200,3283200,556800,2918400,1017600,3283200,7311,30423,pool-5-thread-1,5,26,38,18195,1,1,31037,/top-app,0-7,/top-app,0-7,0,466,0,466,44.8,44.0,44.8,50.9,30,41.7,34.7,0.3,0,NONE,0,0,0,0,0,2147483647,2147483647,game_pid=-1 child_num=0 ui_assist_num=0,0,0
1786636320.688,251159.87,2745600,2745600,2745600,2745600,2745600,2745600,1017600,1017600,39.1,42.9,0.0,0.0,31.8,23.8,0.0,0.0,2918400,2918400,2918400,2918400,2918400,2918400,3283200,3283200,556800,2918400,1017600,3283200,7311,30423,pool-5-thread-1,5,26,38,18195,1,0,31037,/top-app,0-7,/top-app,0-7,0,466,0,466,44.4,43.6,44.4,49.8,30,41.7,34.7,0.3,0,NONE,0,0,0,0,0,2147483647,2147483647,game_pid=-1 child_num=0 ui_assist_num=0,0,0
1786636320.917,251160.10,2745600,2745600,2745600,2745600,2745600,2745600,1017600,1017600,30.4,27.3,0.0,0.0,31.8,73.9,0.0,0.0,2918400,2918400,2918400,2918400,2918400,2918400,3283200,3283200,556800,2918400,1017600,3283200,7311,30423,pool-5-thread-1,5,26,38,18195,1,1,31037,/top-app,0-7,/top-app,0-7,0,466,0,466,44.8,44.0,44.8,51.3,30,41.7,34.7,0.3,0,NONE,0,0,0,0,0,2147483647,2147483647,game_pid=-1 child_num=0 ui_assist_num=0,0,0
1786636321.141,251160.32,2745600,2745600,2745600,2745600,2745600,2745600,1017600,1017600,33.3,36.4,0.0,0.0,39.1,40.9,0.0,0.0,2918400,2918400,2918400,2918400,2918400,2918400,3283200,3283200,556800,2918400,1017600,3283200,7311,30423,pool-5-thread-1,5,26,38,18195,1,4,31037,/top-app,0-7,/top-app,0-7,0,466,0,466,44.8,44.0,44.8,50.2,30,41.7,34.7,0.3,0,NONE,0,0,0,0,0,2147483647,2147483647,game_pid=-1 child_num=0 ui_assist_num=0,0,0
1786636321.390,251160.55,2745600,2745600,2745600,2745600,2745600,2745600,1017600,1017600,22.7,73.9,0.0,0.0,27.3,33.3,0.0,0.0,2918400,2918400,2918400,2918400,2918400,2918400,3283200,3283200,556800,2918400,1017600,3283200,7311,30423,pool-5-thread-1,5,26,38,18195,1,1,31037,/top-app,0-7,/top-app,0-7,0,466,0,466,44.4,44.0,44.4,49.8,30,41.7,34.7,0.3,0,NONE,0,0,0,0,0,2147483647,2147483647,game_pid=-1 child_num=0 ui_assist_num=0,0,0
1786636321.649,251160.80,556800,556800,556800,556800,556800,556800,1017600,1017600,45.8,48.1,19.2,8.3,32.0,24.0,0.0,0.0,2918400,2918400,2918400,2918400,2918400,2918400,3283200,3283200,556800,2918400,1017600,3283200,7311,30423,pool-5-thread-1,5,26,38,18195,0,NA,31037,/top-app,0-7,/top-app,0-7,0,466,0,466,42.8,42.8,42.8,45.1,30,41.3,34.7,0.3,0,NONE,0,0,0,0,0,2147483647,2147483647,game_pid=-1 child_num=0 ui_assist_num=0,0,0
1786636321.920,251161.06,556800,556800,556800,556800,556800,556800,1017600,1017600,50.0,30.8,11.5,14.8,28.6,44.4,0.0,0.0,2918400,2918400,2918400,2918400,2918400,2918400,3283200,3283200,556800,2918400,1017600,3283200,7311,30423,pool-5-thread-1,5,26,38,18195,1,1,31037,/top-app,0-7,/top-app,0-7,0,466,0,466,42.8,42.4,42.8,44.4,30,41.3,34.7,0.3,0,NONE,0,0,0,0,0,2147483647,2147483647,game_pid=-1 child_num=0 ui_assist_num=0,0,0
1786636324.392,251161.33,556800,556800,556800,556800,556800,556800,1017600,1017600,41.7,26.9,0.0,0.0,23.1,33.3,0.0,0.0,2918400,2918400,2918400,2918400,2918400,2918400,3283200,3283200,556800,2918400,1017600,3283200,7311,30423,pool-5-thread-1,5,26,38,18195,0,NA,31037,/top-app,0-7,/top-app,0-7,0,466,0,466,42.4,42.0,42.4,44.4,30,40.9,34.7,0.3,0,NONE,0,0,0,0,0,2147483647,2147483647,game_pid=-1 child_num=0 ui_assist_num=0,0,0
1786636328.757,251161.60,556800,556800,556800,556800,556800,556800,1017600,1017600,40.0,24.0,7.4,11.1,22.2,15.4,0.0,0.0,2918400,2918400,2918400,2918400,2918400,2918400,3283200,3283200,556800,2918400,1017600,3283200,7311,30423,pool-5-thread-1,5,26,38,18195,0,NA,31037,/top-app,0-7,/top-app,0-7,0,466,0,466,42.0,41.7,42.0,43.2,30,40.9,34.7,0.3,0,NONE,0,0,0,0,0,2147483647,2147483647,game_pid=-1 child_num=0 ui_assist_num=0,0,0
1786636328.757,251161.87,556800,556800,556800,556800,556800,556800,1017600,1017600,54.5,38.2,7.1,6.9,11.1,22.2,0.0,0.0,2918400,2918400,2918400,2918400,2918400,2918400,3283200,3283200,556800,2918400,1017600,3283200,7311,30423,pool-5-thread-1,5,26,38,18195,0,NA,31037,/top-app,0-7,/top-app,0-7,0,466,0,466,41.7,41.7,41.7,42.8,30,40.5,34.7,0.3,0,NONE,0,0,0,0,0,2147483647,2147483647,game_pid=-1 child_num=0 ui_assist_num=0,0,0
1786636328.757,251162.19,556800,556800,556800,556800,556800,556800,1017600,1017600,50.0,39.5,0.0,0.0,31.2,27.3,0.0,0.0,2918400,2918400,2918400,2918400,2918400,2918400,3283200,3283200,556800,2918400,1017600,3283200,7311,30423,pool-5-thread-1,5,26,38,18195,0,NA,31037,/top-app,0-7,/top-app,0-7,0,466,0,466,41.7,41.7,41.3,42.8,30,40.9,34.7,0.3,0,NONE,0,0,0,0,0,2147483647,2147483647,game_pid=-1 child_num=0 ui_assist_num=0,0,0
1786636328.757,251162.45,556800,556800,556800,556800,556800,556800,1017600,1017600,50.0,42.9,0.0,0.0,21.4,22.2,0.0,0.0,2918400,2918400,2918400,2918400,2918400,2918400,3283200,3283200,556800,2918400,1017600,3283200,7311,30423,pool-5-thread-1,5,26,38,18195,0,NA,31037,/top-app,0-7,/top-app,0-7,0,466,0,466,41.3,41.3,41.3,43.2,30,40.5,34.7,0.3,0,NONE,0,0,0,0,0,2147483647,2147483647,game_pid=-1 child_num=0 ui_assist_num=0,0,0
1786636328.758,251162.71,556800,556800,556800,556800,556800,556800,1017600,1017600,58.1,48.4,0.0,3.7,19.2,24.0,0.0,0.0,2918400,2918400,2918400,2918400,2918400,2918400,3283200,3283200,556800,2918400,1017600,3283200,7311,30423,pool-5-thread-1,5,26,38,18195,0,NA,31037,/top-app,0-7,/top-app,0-7,0,466,0,466,41.3,40.9,41.3,42.8,30,40.5,34.7,0.3,0,NONE,0,0,0,0,0,2147483647,2147483647,game_pid=-1 child_num=0 ui_assist_num=0,0,0
1786636328.758,251162.96,556800,556800,556800,556800,556800,556800,1017600,1017600,55.2,34.5,4.2,8.0,19.2,16.0,0.0,0.0,2918400,2918400,2918400,2918400,2918400,2918400,3283200,3283200,556800,2918400,1017600,3283200,7311,30423,pool-5-thread-1,5,26,38,18195,0,NA,31037,/top-app,0-7,/top-app,0-7,0,466,0,466,40.9,40.9,40.9,42.0,30,40.5,34.7,0.3,0,NONE,0,0,0,0,0,2147483647,2147483647,game_pid=-1 child_num=0 ui_assist_num=0,0,0
1786636328.758,251163.23,960000,960000,960000,960000,960000,960000,1017600,1017600,50.0,38.7,18.5,14.3,31.0,21.4,0.0,0.0,2918400,2918400,2918400,2918400,2918400,2918400,3283200,3283200,556800,2918400,1017600,3283200,7311,30423,pool-5-thread-1,5,26,38,18195,0,NA,31037,/top-app,0-7,/top-app,0-7,0,466,0,466,40.9,40.9,40.9,42.4,30,40.5,34.7,0.3,0,NONE,0,0,0,0,0,2147483647,2147483647,game_pid=-1 child_num=0 ui_assist_num=0,0,0
1786636328.758,251163.51,556800,556800,556800,556800,556800,556800,1017600,1017600,48.5,40.6,0.0,0.0,28.6,23.3,0.0,0.0,2918400,2918400,2918400,2918400,2918400,2918400,3283200,3283200,556800,2918400,1017600,3283200,7311,30423,pool-5-thread-1,5,26,38,18195,0,NA,31037,/top-app,0-7,/top-app,0-7,0,466,0,466,40.9,40.9,40.9,41.7,30,40.5,34.7,0.3,0,NONE,0,0,0,0,0,2147483647,2147483647,game_pid=-1 child_num=0 ui_assist_num=0,0,0
1786636328.803,251163.78,556800,556800,556800,556800,556800,556800,1017600,1017600,57.6,45.7,0.0,0.0,25.0,19.2,0.0,0.0,2918400,2918400,2918400,2918400,2918400,2918400,3283200,3283200,556800,2918400,1017600,3283200,7311,30423,pool-5-thread-1,5,26,38,18195,0,NA,31037,/top-app,0-7,/top-app,0-7,0,466,0,466,40.9,40.9,40.5,42.8,30,40.1,34.7,0.3,0,NONE,0,0,0,0,0,2147483647,2147483647,game_pid=-1 child_num=0 ui_assist_num=0,0,0
1786636328.803,251164.03,556800,556800,556800,556800,556800,556800,1017600,1017600,50.0,34.6,0.0,0.0,33.3,23.1,0.0,0.0,2918400,2918400,2918400,2918400,2918400,2918400,3283200,3283200,556800,2918400,1017600,3283200,7311,30423,pool-5-thread-1,5,26,38,18195,0,NA,31037,/top-app,0-7,/top-app,0-7,0,466,0,466,40.9,40.9,40.5,42.4,30,40.5,34.7,0.3,0,NONE,0,0,0,0,0,2147483647,2147483647,game_pid=-1 child_num=0 ui_assist_num=0,0,0
1786636328.803,251164.29,556800,556800,556800,556800,556800,556800,1017600,1017600,53.1,44.1,7.4,0.0,23.1,19.2,0.0,0.0,2918400,2918400,2918400,2918400,2918400,2918400,3283200,3283200,556800,2918400,1017600,3283200,7311,30423,pool-5-thread-1,5,26,38,18195,0,NA,31037,/top-app,0-7,/top-app,0-7,0,466,0,466,40.5,40.5,40.5,41.7,30,40.1,34.7,0.3,0,NONE,0,0,0,0,0,2147483647,2147483647,game_pid=-1 child_num=0 ui_assist_num=0,0,0
1786636328.803,251164.56,556800,556800,556800,556800,556800,556800,1017600,1017600,51.6,35.5,0.0,0.0,24.1,27.6,0.0,0.0,2918400,2918400,2918400,2918400,2918400,2918400,3283200,3283200,556800,2918400,1017600,3283200,7311,30423,pool-5-thread-1,5,26,38,18195,0,NA,31037,/top-app,0-7,/top-app,0-7,0,466,0,466,40.9,40.9,40.5,42.4,30,40.1,34.7,0.3,0,NONE,0,0,0,0,0,2147483647,2147483647,game_pid=-1 child_num=0 ui_assist_num=0,0,0
1786636328.803,251164.85,556800,556800,556800,556800,556800,556800,1017600,1017600,48.6,41.7,3.3,3.4,17.2,23.3,0.0,0.0,2918400,2918400,2918400,2918400,2918400,2918400,3283200,3283200,556800,2918400,1017600,3283200,7311,30423,pool-5-thread-1,5,26,38,18195,0,NA,31037,/top-app,0-7,/top-app,0-7,0,466,0,466,40.5,40.5,40.5,41.7,30,40.1,34.7,0.3,0,NONE,0,0,0,0,0,2147483647,2147483647,game_pid=-1 child_num=0 ui_assist_num=0,0,0
1786636328.803,251165.12,748800,748800,748800,748800,748800,748800,1017600,1017600,51.6,47.2,3.7,0.0,28.6,30.0,0.0,0.0,2918400,2918400,2918400,2918400,2918400,2918400,3283200,3283200,556800,2918400,1017600,3283200,7311,30423,pool-5-thread-1,5,26,38,18195,0,NA,31037,/top-app,0-7,/top-app,0-7,0,466,0,466,40.9,40.5,40.9,41.7,30,40.1,34.7,0.3,0,NONE,0,0,0,0,0,2147483647,2147483647,game_pid=-1 child_num=0 ui_assist_num=0,0,0
1786636328.803,251165.38,556800,556800,556800,556800,556800,556800,1017600,1017600,44.8,40.6,14.8,0.0,23.1,24.0,0.0,0.0,2918400,2918400,2918400,2918400,2918400,2918400,3283200,3283200,556800,2918400,1017600,3283200,7311,30423,pool-5-thread-1,5,26,38,18195,0,NA,31037,/top-app,0-7,/top-app,0-7,0,466,0,466,40.5,40.5,40.5,40.9,30,39.7,34.7,0.3,0,NONE,0,0,0,0,0,2147483647,2147483647,game_pid=-1 child_num=0 ui_assist_num=0,0,0
1786636328.803,251165.65,2400000,2400000,2400000,2400000,2400000,2400000,1017600,1017600,53.1,33.3,0.0,0.0,23.1,33.3,0.0,0.0,2918400,2918400,2918400,2918400,2918400,2918400,3283200,3283200,556800,2918400,1017600,3283200,7311,30423,pool-5-thread-1,5,26,38,18195,1,4,31037,/top-app,0-7,/top-app,0-7,0,466,0,466,40.5,40.5,40.5,43.6,30,40.1,34.7,0.3,0,NONE,0,0,0,0,0,2147483647,2147483647,game_pid=-1 child_num=0 ui_assist_num=0,0,0
1786636328.804,251165.88,2400000,2400000,2400000,2400000,2400000,2400000,1017600,1017600,39.1,36.4,0.0,0.0,37.5,45.8,0.0,0.0,2918400,2918400,2918400,2918400,2918400,2918400,3283200,3283200,556800,2918400,1017600,3283200,7311,30423,pool-5-thread-1,5,26,38,18195,1,4,31037,/top-app,0-7,/top-app,0-7,0,466,0,466,41.3,40.9,41.3,45.5,30,39.7,34.7,0.3,0,NONE,0,0,0,0,0,2147483647,2147483647,game_pid=-1 child_num=0 ui_assist_num=0,0,0
1786636328.804,251166.13,2745600,2745600,2745600,2745600,2745600,2745600,1017600,1017600,38.5,38.5,0.0,0.0,54.2,21.7,0.0,0.0,2918400,2918400,2918400,2918400,2918400,2918400,3283200,3283200,556800,2918400,1017600,3283200,7311,30423,pool-5-thread-1,5,26,38,18195,1,0,31037,/top-app,0-7,/top-app,0-7,0,466,0,466,42.0,41.7,42.0,46.3,30,40.1,34.7,0.3,0,NONE,0,0,0,0,0,2147483647,2147483647,game_pid=-1 child_num=0 ui_assist_num=0,0,0
1786636328.804,251166.36,2918400,2918400,2918400,2918400,2918400,2918400,1017600,1017600,38.1,40.9,0.0,0.0,40.9,45.5,0.0,0.0,2918400,2918400,2918400,2918400,2918400,2918400,3283200,3283200,556800,2918400,1017600,3283200,7311,30423,pool-5-thread-1,5,26,38,18195,1,5,31037,/top-app,0-7,/top-app,0-7,0,466,0,466,42.8,41.7,42.8,49.0,30,39.7,34.7,0.3,0,NONE,0,0,0,0,0,2147483647,2147483647,game_pid=-1 child_num=0 ui_assist_num=0,0,0
1786636328.804,251166.59,2745600,2745600,2745600,2745600,2745600,2745600,1017600,1017600,29.2,60.9,50.0,0.0,13.6,9.5,0.0,17.4,2918400,2918400,2918400,2918400,2918400,2918400,3283200,3283200,556800,2918400,1017600,3283200,7311,30423,pool-5-thread-1,5,26,38,18195,1,2,31037,/top-app,0-7,/top-app,0-7,0,466,0,466,42.8,42.0,42.8,48.2,30,40.5,34.7,0.3,0,NONE,0,0,0,0,0,2147483647,2147483647,game_pid=-1 child_num=0 ui_assist_num=0,0,0
1786636328.804,251166.81,2745600,2745600,2745600,2745600,2745600,2745600,1017600,1017600,13.0,0.0,100.0,0.0,9.5,9.1,0.0,0.0,2918400,2918400,2918400,2918400,2918400,2918400,3283200,3283200,556800,2918400,1017600,3283200,7311,30423,pool-5-thread-1,5,26,38,18195,1,2,31037,/top-app,0-7,/top-app,0-7,0,466,0,466,42.4,42.0,42.4,47.8,30,40.1,34.7,0.3,0,NONE,0,0,0,0,0,2147483647,2147483647,game_pid=-1 child_num=0 ui_assist_num=0,0,0
1786636328.804,251167.04,2745600,2745600,2745600,2745600,2745600,2745600,1017600,1017600,26.1,31.8,17.4,0.0,19.0,50.0,0.0,0.0,2918400,2918400,2918400,2918400,2918400,2918400,3283200,3283200,556800,2918400,1017600,3283200,7311,30423,pool-5-thread-1,5,26,38,18195,1,5,31037,/top-app,0-7,/top-app,0-7,0,466,0,466,43.2,42.4,43.2,48.6,30,40.5,34.7,0.3,0,NONE,0,0,0,0,0,2147483647,2147483647,game_pid=-1 child_num=0 ui_assist_num=0,0,0
1786636328.804,251167.28,2745600,2745600,2745600,2745600,2745600,2745600,1017600,1017600,34.8,57.7,0.0,12.0,36.0,34.6,0.0,0.0,2918400,2918400,2918400,2918400,2918400,2918400,3283200,3283200,556800,2918400,1017600,3283200,7311,30423,pool-5-thread-1,5,26,38,18195,1,1,31037,/top-app,0-7,/top-app,0-7,0,466,0,466,42.8,42.4,42.8,47.5,30,40.1,34.7,0.3,0,NONE,0,0,0,0,0,2147483647,2147483647,game_pid=-1 child_num=0 ui_assist_num=0,0,0
1786636328.804,251167.51,2918400,2918400,2918400,2918400,2918400,2918400,1017600,1017600,30.0,36.4,0.0,4.3,39.1,42.9,0.0,0.0,2918400,2918400,2918400,2918400,2918400,2918400,3283200,3283200,556800,2918400,1017600,3283200,7311,30423,pool-5-thread-1,5,26,38,18195,1,1,31037,/top-app,0-7,/top-app,0-7,0,466,0,466,43.2,42.4,43.2,48.2,30,40.5,34.7,0.3,0,NONE,0,0,0,0,0,2147483647,2147483647,game_pid=-1 child_num=0 ui_assist_num=0,0,0
1786636328.804,251167.74,2745600,2745600,2745600,2745600,2745600,2745600,1017600,1017600,34.8,54.5,0.0,0.0,30.0,34.8,0.0,0.0,2918400,2918400,2918400,2918400,2918400,2918400,3283200,3283200,556800,2918400,1017600,3283200,7311,30423,pool-5-thread-1,5,26,38,18195,1,4,31037,/top-app,0-7,/top-app,0-7,0,466,0,466,42.8,42.4,42.8,47.8,30,40.5,34.7,0.3,0,NONE,0,0,0,0,0,2147483647,2147483647,game_pid=-1 child_num=0 ui_assist_num=0,0,0
1786636330.045,251167.97,2745600,2745600,2745600,2745600,2745600,2745600,1017600,1017600,39.1,27.3,0.0,0.0,34.8,36.4,0.0,0.0,2918400,2918400,2918400,2918400,2918400,2918400,3283200,3283200,556800,2918400,1017600,3283200,7311,30423,pool-5-thread-1,5,26,38,18195,1,1,31037,/top-app,0-7,/top-app,0-7,0,466,0,466,43.2,42.4,43.2,48.2,30,40.5,34.7,0.3,0,NONE,0,0,0,0,0,2147483647,2147483647,game_pid=-1 child_num=0 ui_assist_num=0,0,0
1786636330.047,251168.19,2745600,2745600,2745600,2745600,2745600,2745600,1017600,1017600,28.6,40.9,0.0,0.0,36.4,52.2,0.0,0.0,2918400,2918400,2918400,2918400,2918400,2918400,3283200,3283200,556800,2918400,1017600,3283200,7311,30423,pool-5-thread-1,5,26,38,18195,1,1,31037,/top-app,0-7,/top-app,0-7,0,466,0,466,43.2,42.4,43.2,49.4,30,40.5,34.7,0.3,0,NONE,0,0,0,0,0,2147483647,2147483647,game_pid=-1 child_num=0 ui_assist_num=0,0,0
1786636330.047,251168.44,2745600,2745600,2745600,2745600,2745600,2745600,1017600,1017600,25.0,26.1,0.0,0.0,32.0,75.0,0.0,0.0,2918400,2918400,2918400,2918400,2918400,2918400,3283200,3283200,556800,2918400,1017600,3283200,7311,30423,pool-5-thread-1,5,26,38,18195,1,0,31037,/top-app,0-7,/top-app,0-7,0,466,0,466,43.6,42.4,43.6,47.8,30,40.9,34.7,0.3,0,NONE,0,0,0,0,0,2147483647,2147483647,game_pid=-1 child_num=0 ui_assist_num=0,0,0
1786636330.047,251168.68,2745600,2745600,2745600,2745600,2745600,2745600,1017600,1017600,34.8,37.5,0.0,0.0,41.7,33.3,0.0,0.0,2918400,2918400,2918400,2918400,2918400,2918400,3283200,3283200,556800,2918400,1017600,3283200,7311,30423,pool-5-thread-1,5,26,38,18195,1,4,31037,/top-app,0-7,/top-app,0-7,0,466,0,466,42.8,42.4,42.8,48.6,30,40.5,34.7,0.3,0,NONE,0,0,0,0,0,2147483647,2147483647,game_pid=-1 child_num=0 ui_assist_num=0,0,0
1786636330.047,251168.91,2745600,2745600,2745600,2745600,2745600,2745600,1017600,1017600,65.2,9.5,0.0,0.0,30.4,20.0,0.0,0.0,2918400,2918400,2918400,2918400,2918400,2918400,3283200,3283200,556800,2918400,1017600,3283200,7311,30423,pool-5-thread-1,5,26,38,18195,1,0,31037,/top-app,0-7,/top-app,0-7,0,466,0,466,43.2,42.8,43.2,48.6,30,40.5,34.7,0.3,0,NONE,0,0,0,0,0,2147483647,2147483647,game_pid=-1 child_num=0 ui_assist_num=0,0,0
1786636330.047,251169.13,2745600,2745600,2745600,2745600,2745600,2745600,1017600,1017600,33.3,25.0,0.0,0.0,33.3,56.5,0.0,0.0,2918400,2918400,2918400,2918400,2918400,2918400,3283200,3283200,556800,2918400,1017600,3283200,7311,30423,pool-5-thread-1,5,26,38,18195,1,1,31037,/top-app,0-7,/top-app,0-7,0,466,0,466,42.8,42.4,42.8,47.5,30,40.5,34.7,0.3,0,NONE,0,0,0,0,0,2147483647,2147483647,game_pid=-1 child_num=0 ui_assist_num=0,0,0
1786636330.200,251169.36,2745600,2745600,2745600,2745600,2745600,2745600,1017600,1017600,22.7,39.1,0.0,0.0,52.2,36.4,0.0,0.0,2918400,2918400,2918400,2918400,2918400,2918400,3283200,3283200,556800,2918400,1017600,3283200,7311,30423,pool-5-thread-1,5,26,38,18195,1,4,31037,/top-app,0-7,/top-app,0-7,0,466,0,466,43.2,42.4,43.2,49.4,30,40.5,34.7,0.3,0,NONE,0,0,0,0,0,2147483647,2147483647,game_pid=-1 child_num=0 ui_assist_num=0,0,0
1786636330.430,251169.61,2745600,2745600,2745600,2745600,2745600,2745600,1017600,1017600,34.6,34.8,0.0,0.0,42.3,44.0,0.0,0.0,2918400,2918400,2918400,2918400,2918400,2918400,3283200,3283200,556800,2918400,1017600,3283200,7311,30423,pool-5-thread-1,5,26,38,18195,1,1,31037,/top-app,0-7,/top-app,0-7,0,466,0,466,43.2,42.4,43.2,47.8,30,40.9,34.7,0.3,0,NONE,0,0,0,0,0,2147483647,2147483647,game_pid=-1 child_num=0 ui_assist_num=0,0,0
1786636330.654,251169.84,2745600,2745600,2745600,2745600,2745600,2745600,1017600,1017600,40.9,43.5,0.0,0.0,47.8,40.9,0.0,0.0,2918400,2918400,2918400,2918400,2918400,2918400,3283200,3283200,556800,2918400,1017600,3283200,7311,30423,pool-5-thread-1,5,26,38,18195,1,4,31037,/top-app,0-7,/top-app,0-7,0,466,0,466,43.2,42.8,43.2,48.2,30,40.9,34.7,0.3,0,NONE,0,0,0,0,0,2147483647,2147483647,game_pid=-1 child_num=0 ui_assist_num=0,0,0
1786636330.880,251170.06,2918400,2918400,2918400,2918400,2918400,2918400,1017600,1017600,33.3,33.3,0.0,0.0,35.0,36.4,0.0,0.0,2918400,2918400,2918400,2918400,2918400,2918400,3283200,3283200,556800,2918400,1017600,3283200,7311,30423,pool-5-thread-1,5,26,38,18195,1,0,31037,/top-app,0-7,/top-app,0-7,0,466,0,466,43.2,42.4,43.2,49.0,30,40.9,34.7,0.3,0,NONE,0,0,0,0,0,2147483647,2147483647,game_pid=-1 child_num=0 ui_assist_num=0,0,0
1786636331.104,251170.29,2745600,2745600,2745600,2745600,2745600,2745600,1017600,1017600,47.8,28.6,0.0,0.0,41.7,31.8,0.0,0.0,2918400,2918400,2918400,2918400,2918400,2918400,3283200,3283200,556800,2918400,1017600,3283200,7311,30423,pool-5-thread-1,5,26,38,18195,1,4,31037,/top-app,0-7,/top-app,0-7,0,466,0,466,43.2,42.4,43.2,48.6,30,40.5,34.7,0.3,0,NONE,0,0,0,0,0,2147483647,2147483647,game_pid=-1 child_num=0 ui_assist_num=0,0,0
1786636331.350,251170.51,2745600,2745600,2745600,2745600,2745600,2745600,1017600,1017600,33.3,40.0,0.0,0.0,36.4,43.5,0.0,0.0,2918400,2918400,2918400,2918400,2918400,2918400,3283200,3283200,556800,2918400,1017600,3283200,7311,30423,pool-5-thread-1,5,26,38,18195,1,5,31037,/top-app,0-7,/top-app,0-7,0,466,0,466,43.2,42.4,43.2,49.0,30,40.5,34.7,0.3,0,NONE,0,0,0,0,0,2147483647,2147483647,game_pid=-1 child_num=0 ui_assist_num=0,0,0
1786636331.575,251170.76,2745600,2745600,2745600,2745600,2745600,2745600,1017600,1017600,39.1,56.0,0.0,0.0,39.1,43.5,0.0,8.3,2918400,2918400,2918400,2918400,2918400,2918400,3283200,3283200,556800,2918400,1017600,3283200,7311,30423,pool-5-thread-1,5,26,38,18195,1,5,31037,/top-app,0-7,/top-app,0-7,0,466,0,466,44.0,43.2,44.0,49.0,30,40.9,34.7,0.3,0,NONE,0,0,0,0,0,2147483647,2147483647,game_pid=-1 child_num=0 ui_assist_num=0,0,0
1786636331.801,251170.98,2745600,2745600,2745600,2745600,2745600,2745600,1017600,1017600,37.5,38.1,0.0,0.0,38.1,34.8,0.0,0.0,2918400,2918400,2918400,2918400,2918400,2918400,3283200,3283200,556800,2918400,1017600,3283200,7311,30423,pool-5-thread-1,5,26,38,18195,1,1,31037,/top-app,0-7,/top-app,0-7,0,466,0,466,43.6,43.2,43.6,49.0,30,41.3,34.7,0.3,0,NONE,0,0,0,0,0,2147483647,2147483647,game_pid=-1 child_num=0 ui_assist_num=0,0,0
1786636332.030,251171.21,2745600,2745600,2745600,2745600,2745600,2745600,1017600,1017600,19.0,34.8,0.0,0.0,27.3,55.0,0.0,0.0,2918400,2918400,2918400,2918400,2918400,2918400,3283200,3283200,556800,2918400,1017600,3283200,7311,30423,pool-5-thread-1,5,26,38,18195,1,1,31037,/top-app,0-7,/top-app,0-7,0,466,0,466,43.6,42.8,43.6,48.6,30,40.9,34.7,0.3,0,NONE,0,0,0,0,0,2147483647,2147483647,game_pid=-1 child_num=0 ui_assist_num=0,0,0
1786636332.256,251171.44,2745600,2745600,2745600,2745600,2745600,2745600,1017600,1017600,19.0,40.9,13.6,0.0,34.8,47.6,0.0,0.0,2918400,2918400,2918400,2918400,2918400,2918400,3283200,3283200,556800,2918400,1017600,3283200,7311,30423,pool-5-thread-1,5,26,38,18195,1,0,31037,/top-app,0-7,/top-app,0-7,0,466,0,466,43.6,42.8,43.6,49.0,30,40.9,34.7,0.3,0,NONE,0,0,0,0,0,2147483647,2147483647,game_pid=-1 child_num=0 ui_assist_num=0,0,0
1786636332.504,251171.66,2745600,2745600,2745600,2745600,2745600,2745600,1017600,1017600,37.5,28.6,4.2,0.0,38.1,41.7,0.0,0.0,2918400,2918400,2918400,2918400,2918400,2918400,3283200,3283200,556800,2918400,1017600,3283200,7311,30423,pool-5-thread-1,5,26,38,18195,1,4,31037,/top-app,0-7,/top-app,0-7,0,466,0,466,43.6,42.8,43.6,49.0,30,40.9,34.7,0.3,0,NONE,0,0,0,0,0,2147483647,2147483647,game_pid=-1 child_num=0 ui_assist_num=0,0,0
1786636332.732,251171.91,2745600,2745600,2745600,2745600,2745600,2745600,1017600,1017600,33.3,36.0,0.0,0.0,48.0,37.5,0.0,0.0,2918400,2918400,2918400,2918400,2918400,2918400,3283200,3283200,556800,2918400,1017600,3283200,7311,30423,pool-5-thread-1,5,26,38,18195,1,5,31037,/top-app,0-7,/top-app,0-7,0,466,0,466,43.6,42.4,43.6,48.6,30,40.9,34.7,0.3,0,NONE,0,0,0,0,0,2147483647,2147483647,game_pid=-1 child_num=0 ui_assist_num=0,0,0
1786636332.957,251172.14,2745600,2745600,2745600,2745600,2745600,2745600,1017600,1017600,33.3,33.3,0.0,0.0,33.3,38.1,0.0,0.0,2918400,2918400,2918400,2918400,2918400,2918400,3283200,3283200,556800,2918400,1017600,3283200,7311,30423,pool-5-thread-1,5,26,38,18195,1,1,31037,/top-app,0-7,/top-app,0-7,0,466,0,466,43.2,42.8,43.2,48.6,30,40.9,34.7,0.3,0,NONE,0,0,0,0,0,2147483647,2147483647,game_pid=-1 child_num=0 ui_assist_num=0,0,0
1786636333.184,251172.37,2745600,2745600,2745600,2745600,2745600,2745600,1017600,1017600,30.4,33.3,0.0,0.0,45.5,47.8,0.0,0.0,2918400,2918400,2918400,2918400,2918400,2918400,3283200,3283200,556800,2918400,1017600,3283200,7311,30423,pool-5-thread-1,5,26,38,18195,1,0,31037,/top-app,0-7,/top-app,0-7,0,466,0,466,43.6,42.8,43.6,48.6,30,40.5,34.7,0.3,0,NONE,0,0,0,0,0,2147483647,2147483647,game_pid=-1 child_num=0 ui_assist_num=0,0,0
1786636333.408,251172.59,2745600,2745600,2745600,2745600,2745600,2745600,1017600,1017600,18.2,18.2,0.0,4.5,27.3,63.6,0.0,0.0,2918400,2918400,2918400,2918400,2918400,2918400,3283200,3283200,556800,2918400,1017600,3283200,7311,30423,pool-5-thread-1,5,26,38,18195,1,1,31037,/top-app,0-7,/top-app,0-7,0,466,0,466,43.6,42.8,43.6,48.6,30,40.9,34.7,0.3,0,NONE,0,0,0,0,0,2147483647,2147483647,game_pid=-1 child_num=0 ui_assist_num=0,0,0
1786636333.654,251172.82,2745600,2745600,2745600,2745600,2745600,2745600,1017600,1017600,36.4,30.0,0.0,0.0,42.9,38.1,0.0,0.0,2918400,2918400,2918400,2918400,2918400,2918400,3283200,3283200,556800,2918400,1017600,3283200,7311,30423,pool-5-thread-1,5,26,38,18195,1,1,31037,/top-app,0-7,/top-app,0-7,0,466,0,466,44.0,42.8,44.0,49.8,30,40.9,34.7,0.3,0,NONE,0,0,0,0,0,2147483647,2147483647,game_pid=-1 child_num=0 ui_assist_num=0,0,0
1786636333.879,251173.06,2745600,2745600,2745600,2745600,2745600,2745600,1017600,1017600,41.7,42.3,0.0,0.0,41.7,38.5,0.0,0.0,2918400,2918400,2918400,2918400,2918400,2918400,3283200,3283200,556800,2918400,1017600,3283200,7311,30423,pool-5-thread-1,5,26,38,18195,1,4,31037,/top-app,0-7,/top-app,0-7,0,466,0,466,44.0,43.6,44.0,49.4,30,40.9,34.7,0.3,0,NONE,0,0,0,0,0,2147483647,2147483647,game_pid=-1 child_num=0 ui_assist_num=0,0,0
1786636334.109,251173.29,2745600,2745600,2745600,2745600,2745600,2745600,1017600,1017600,45.5,25.0,0.0,0.0,31.8,35.0,0.0,0.0,2918400,2918400,2918400,2918400,2918400,2918400,3283200,3283200,556800,2918400,1017600,3283200,7311,30423,pool-5-thread-1,5,26,38,18195,1,5,31037,/top-app,0-7,/top-app,0-7,0,466,0,466,43.6,42.8,43.6,48.6,30,40.9,34.7,0.3,0,NONE,0,0,0,0,0,2147483647,2147483647,game_pid=-1 child_num=0 ui_assist_num=0,0,0
1786636334.332,251173.52,2745600,2745600,2745600,2745600,2745600,2745600,1017600,1017600,28.6,33.3,8.7,4.5,34.8,73.9,0.0,0.0,2918400,2918400,2918400,2918400,2918400,2918400,3283200,3283200,556800,2918400,1017600,3283200,7311,30423,pool-5-thread-1,5,26,38,18195,1,4,31037,/top-app,0-7,/top-app,0-7,0,466,0,466,44.0,43.6,44.0,49.8,30,40.9,34.7,0.3,0,NONE,0,0,0,0,0,2147483647,2147483647,game_pid=-1 child_num=0 ui_assist_num=0,0,0
1786636334.556,251173.74,2745600,2745600,2745600,2745600,2745600,2745600,1017600,1017600,36.4,39.1,0.0,0.0,23.8,28.6,0.0,0.0,2918400,2918400,2918400,2918400,2918400,2918400,3283200,3283200,556800,2918400,1017600,3283200,7311,30423,pool-5-thread-1,5,26,38,18195,1,5,31037,/top-app,0-7,/top-app,0-7,0,466,0,466,43.6,43.2,43.6,49.0,30,40.9,34.7,0.3,0,NONE,0,0,0,0,0,2147483647,2147483647,game_pid=-1 child_num=0 ui_assist_num=0,0,0
1786636334.806,251173.96,2745600,2745600,2745600,2745600,2745600,2745600,1017600,1017600,33.3,36.4,0.0,0.0,42.9,26.1,0.0,0.0,2918400,2918400,2918400,2918400,2918400,2918400,3283200,3283200,556800,2918400,1017600,3283200,7311,30423,pool-5-thread-1,5,26,38,18195,1,1,31037,/top-app,0-7,/top-app,0-7,0,466,0,466,43.6,43.2,43.6,49.8,30,41.3,34.7,0.3,0,NONE,0,0,0,0,0,2147483647,2147483647,game_pid=-1 child_num=0 ui_assist_num=0,0,0
1786636335.035,251174.21,2745600,2745600,2745600,2745600,2745600,2745600,1017600,1017600,40.0,33.3,0.0,0.0,37.5,40.0,0.0,0.0,2918400,2918400,2918400,2918400,2918400,2918400,3283200,3283200,556800,2918400,1017600,3283200,7311,30423,pool-5-thread-1,5,26,38,18195,1,4,31037,/top-app,0-7,/top-app,0-7,0,466,0,466,43.6,42.8,43.6,48.6,30,40.9,34.7,0.3,0,NONE,0,0,0,0,0,2147483647,2147483647,game_pid=-1 child_num=0 ui_assist_num=0,0,0
1786636335.274,251174.44,556800,556800,556800,556800,556800,556800,1017600,1017600,36.4,35.0,0.0,0.0,40.9,41.7,0.0,0.0,2918400,2918400,2918400,2918400,2918400,2918400,3283200,3283200,556800,2918400,1017600,3283200,7311,30423,pool-5-thread-1,5,26,38,18195,1,4,31037,/top-app,0-7,/top-app,0-7,0,466,0,466,43.6,43.2,43.6,47.1,30,40.9,34.7,0.3,0,NONE,0,0,0,0,0,2147483647,2147483647,game_pid=-1 child_num=0 ui_assist_num=0,0,0
1786636335.503,251174.68,2745600,2745600,2745600,2745600,2745600,2745600,1017600,1017600,37.5,39.1,0.0,0.0,41.7,35.0,0.0,0.0,2918400,2918400,2918400,2918400,2918400,2918400,3283200,3283200,556800,2918400,1017600,3283200,7311,30423,pool-5-thread-1,5,26,38,18195,1,0,31037,/top-app,0-7,/top-app,0-7,0,466,0,466,43.6,42.8,43.6,48.6,30,40.9,34.7,0.3,0,NONE,0,0,0,0,0,2147483647,2147483647,game_pid=-1 child_num=0 ui_assist_num=0,0,0
1786636335.728,251174.91,2745600,2745600,2745600,2745600,2745600,2745600,1017600,1017600,21.7,23.8,0.0,0.0,19.0,63.6,0.0,0.0,2918400,2918400,2918400,2918400,2918400,2918400,3283200,3283200,556800,2918400,1017600,3283200,7311,30423,pool-5-thread-1,5,26,38,18195,1,0,31037,/top-app,0-7,/top-app,0-7,0,466,0,466,43.6,42.8,43.6,48.2,30,41.3,34.7,0.3,0,NONE,0,0,0,0,0,2147483647,2147483647,game_pid=-1 child_num=0 ui_assist_num=0,0,0
1786636335.977,251175.14,2745600,2745600,2745600,2745600,2745600,2745600,1017600,1017600,25.0,50.0,0.0,0.0,31.8,28.6,0.0,0.0,2918400,2918400,2918400,2918400,2918400,2918400,3283200,3283200,556800,2918400,1017600,3283200,7311,30423,pool-5-thread-1,5,26,38,18195,1,0,31037,/top-app,0-7,/top-app,0-7,0,466,0,466,43.6,43.2,43.6,49.0,30,40.9,34.7,0.3,0,NONE,0,0,0,0,0,2147483647,2147483647,game_pid=-1 child_num=0 ui_assist_num=0,0,0
1786636336.201,251175.38,2745600,2745600,2745600,2745600,2745600,2745600,1017600,1017600,33.3,38.5,0.0,0.0,36.0,50.0,0.0,0.0,2918400,2918400,2918400,2918400,2918400,2918400,3283200,3283200,556800,2918400,1017600,3283200,7311,30423,pool-5-thread-1,5,26,38,18195,1,0,31037,/top-app,0-7,/top-app,0-7,0,466,0,466,43.6,42.8,43.6,49.0,30,40.9,34.7,0.3,0,NONE,0,0,0,0,0,2147483647,2147483647,game_pid=-1 child_num=0 ui_assist_num=0,0,0
1786636336.426,251175.61,2745600,2745600,2745600,2745600,2745600,2745600,1017600,1017600,40.9,45.5,0.0,0.0,45.5,48.0,0.0,0.0,2918400,2918400,2918400,2918400,2918400,2918400,3283200,3283200,556800,2918400,1017600,3283200,7311,30423,pool-5-thread-1,5,26,38,18195,1,5,31037,/top-app,0-7,/top-app,0-7,0,466,0,466,43.6,42.8,43.6,48.6,30,40.9,34.7,0.3,0,NONE,0,0,0,0,0,2147483647,2147483647,game_pid=-1 child_num=0 ui_assist_num=0,0,0
1786636336.652,251175.83,2745600,2745600,2745600,2745600,2745600,2745600,1017600,1017600,27.3,39.1,0.0,0.0,33.3,42.9,0.0,0.0,2918400,2918400,2918400,2918400,2918400,2918400,3283200,3283200,556800,2918400,1017600,3283200,7311,30423,pool-5-thread-1,5,26,38,18195,1,0,31037,/top-app,0-7,/top-app,0-7,0,466,0,466,43.6,42.8,43.6,48.6,30,41.3,34.7,0.3,0,NONE,0,0,0,0,0,2147483647,2147483647,game_pid=-1 child_num=0 ui_assist_num=0,0,0
1786636336.885,251176.06,2400000,2400000,2400000,2400000,2400000,2400000,1017600,1017600,41.7,38.1,0.0,0.0,40.9,39.1,0.0,0.0,2918400,2918400,2918400,2918400,2918400,2918400,3283200,3283200,556800,2918400,1017600,3283200,7311,30423,pool-5-thread-1,5,26,38,18195,1,1,31037,/top-app,0-7,/top-app,0-7,0,466,0,466,43.2,42.8,43.2,47.5,30,40.9,34.7,0.3,0,NONE,0,0,0,0,0,2147483647,2147483647,game_pid=-1 child_num=0 ui_assist_num=0,0,0
1786636337.144,251176.30,2745600,2400000,2400000,2400000,2400000,2400000,1017600,1017600,50.0,34.8,0.0,0.0,30.4,45.5,0.0,0.0,2918400,2918400,2918400,2918400,2918400,2918400,3283200,3283200,556800,2918400,1017600,3283200,7311,30423,pool-5-thread-1,5,26,38,18195,1,0,31037,/top-app,0-7,/top-app,0-7,0,466,0,466,43.2,42.8,43.2,48.2,30,41.3,34.7,0.3,0,NONE,0,0,0,0,0,2147483647,2147483647,game_pid=-1 child_num=0 ui_assist_num=0,0,0
1786636345.072,251176.55,2745600,2745600,2745600,2745600,2745600,2745600,1017600,1017600,44.0,53.8,0.0,12.5,44.0,40.7,0.0,0.0,2918400,2918400,2918400,2918400,2918400,2918400,3283200,3283200,556800,2918400,1017600,3283200,7311,30423,pool-5-thread-1,5,26,38,18195,1,0,31037,/top-app,0-7,/top-app,0-7,0,466,0,466,43.6,42.8,43.6,48.2,30,40.9,34.7,0.3,0,NONE,0,0,0,0,0,2147483647,2147483647,game_pid=-1 child_num=0 ui_assist_num=0,0,0
1786636345.379,251176.78,2745600,2745600,2745600,2745600,2745600,2745600,1017600,1017600,22.7,27.3,0.0,0.0,60.0,31.8,0.0,0.0,2918400,2918400,2918400,2918400,2918400,2918400,3283200,3283200,556800,2918400,1017600,3283200,7311,30423,pool-5-thread-1,5,26,38,18195,1,4,31037,/top-app,0-7,/top-app,0-7,0,466,0,466,43.2,43.2,43.2,49.0,30,41.3,34.7,0.3,0,NONE,0,0,0,0,0,2147483647,2147483647,game_pid=-1 child_num=0 ui_assist_num=0,0,0
1786636345.380,251177.00,2745600,2745600,2745600,2745600,2745600,2745600,1017600,1017600,27.3,38.1,4.3,0.0,45.5,39.1,0.0,0.0,2918400,2918400,2918400,2918400,2918400,2918400,3283200,3283200,556800,2918400,1017600,3283200,7311,30423,pool-5-thread-1,5,26,38,18195,1,1,31037,/top-app,0-7,/top-app,0-7,0,466,0,466,43.6,42.8,43.6,48.6,30,40.9,34.7,0.3,0,NONE,0,0,0,0,0,2147483647,2147483647,game_pid=-1 child_num=0 ui_assist_num=0,0,0
1786636345.380,251177.23,2227200,2227200,2227200,2227200,2227200,2227200,1017600,1017600,38.1,33.3,4.3,8.3,68.2,36.4,0.0,0.0,2918400,2918400,2918400,2918400,2918400,2918400,3283200,3283200,556800,2918400,1017600,3283200,7311,30423,pool-5-thread-1,5,26,38,18195,1,4,31037,/top-app,0-7,/top-app,0-7,0,466,0,466,43.6,42.8,43.6,47.8,30,40.9,34.7,0.3,0,NONE,0,0,0,0,0,2147483647,2147483647,game_pid=-1 child_num=0 ui_assist_num=0,0,0
1786636345.380,251177.46,2745600,2745600,2745600,2745600,2745600,2745600,1017600,1017600,22.7,22.7,4.5,4.5,62.5,22.7,0.0,0.0,2918400,2918400,2918400,2918400,2918400,2918400,3283200,3283200,556800,2918400,1017600,3283200,7311,30423,pool-5-thread-1,5,26,38,18195,1,5,31037,/top-app,0-7,/top-app,0-7,0,466,0,466,43.6,42.8,43.6,49.4,30,41.3,34.7,0.3,0,NONE,0,0,0,0,0,2147483647,2147483647,game_pid=-1 child_num=0 ui_assist_num=0,0,0
1786636345.380,251177.70,2745600,2745600,2745600,2745600,2745600,2745600,1017600,1017600,25.0,20.8,4.2,8.0,26.1,84.0,0.0,0.0,2918400,2918400,2918400,2918400,2918400,2918400,3283200,3283200,556800,2918400,1017600,3283200,7311,30423,pool-5-thread-1,5,26,38,18195,1,1,31037,/top-app,0-7,/top-app,0-7,0,466,0,466,43.2,42.8,43.2,47.8,30,40.9,34.7,0.3,0,NONE,0,0,0,0,0,2147483647,2147483647,game_pid=-1 child_num=0 ui_assist_num=0,0,0
1786636345.380,251177.93,2745600,2745600,2745600,2745600,2745600,2745600,1017600,1017600,31.8,28.6,0.0,0.0,23.8,40.9,0.0,0.0,2918400,2918400,2918400,2918400,2918400,2918400,3283200,3283200,556800,2918400,1017600,3283200,7311,30423,pool-5-thread-1,5,26,38,18195,1,4,31037,/top-app,0-7,/top-app,0-7,0,466,0,466,43.6,42.8,43.6,48.6,30,40.9,34.7,0.3,0,NONE,0,0,0,0,0,2147483647,2147483647,game_pid=-1 child_num=0 ui_assist_num=0,0,0
1786636345.380,251178.16,2918400,2918400,2918400,2918400,2918400,2918400,1017600,1017600,33.3,36.4,0.0,0.0,45.5,33.3,0.0,0.0,2918400,2918400,2918400,2918400,2918400,2918400,3283200,3283200,556800,2918400,1017600,3283200,7311,30423,pool-5-thread-1,5,26,38,18195,1,1,31037,/top-app,0-7,/top-app,0-7,0,466,0,466,44.0,43.2,44.0,50.5,30,40.9,34.7,0.3,0,NONE,0,0,0,0,0,2147483647,2147483647,game_pid=-1 child_num=0 ui_assist_num=0,0,0
1786636345.380,251178.38,2745600,2745600,2745600,2745600,2745600,2745600,1017600,1017600,34.8,26.1,0.0,0.0,69.6,26.1,0.0,0.0,2918400,2918400,2918400,2918400,2918400,2918400,3283200,3283200,556800,2918400,1017600,3283200,7311,30423,pool-5-thread-1,5,26,38,18195,1,1,31037,/top-app,0-7,/top-app,0-7,0,466,0,466,44.0,43.2,44.0,49.4,30,40.9,34.7,0.3,0,NONE,0,0,0,0,0,2147483647,2147483647,game_pid=-1 child_num=0 ui_assist_num=0,0,0
1786636345.380,251178.61,2745600,2745600,2745600,2745600,2745600,2745600,1017600,1017600,40.9,33.3,0.0,0.0,40.9,43.5,0.0,0.0,2918400,2918400,2918400,2918400,2918400,2918400,3283200,3283200,556800,2918400,1017600,3283200,7311,30423,pool-5-thread-1,5,26,38,18195,1,4,31037,/top-app,0-7,/top-app,0-7,0,466,0,466,44.0,43.2,44.0,49.4,30,40.9,34.7,0.3,0,NONE,0,0,0,0,0,2147483647,2147483647,game_pid=-1 child_num=0 ui_assist_num=0,0,0
1786636345.380,251178.86,2918400,2918400,2918400,2918400,2918400,2918400,1017600,1017600,40.0,47.8,0.0,0.0,40.0,42.3,0.0,0.0,2918400,2918400,2918400,2918400,2918400,2918400,3283200,3283200,556800,2918400,1017600,3283200,7311,30423,pool-5-thread-1,5,26,38,18195,1,5,31037,/top-app,0-7,/top-app,0-7,0,466,0,466,45.5,43.6,45.5,53.6,30,40.9,34.7,0.3,0,NONE,0,0,0,0,0,2147483647,2147483647,game_pid=-1 child_num=0 ui_assist_num=0,0,0
1786636345.380,251179.10,2918400,2918400,2918400,2918400,2918400,2918400,1017600,1017600,21.7,28.0,60.9,25.0,22.7,68.2,0.0,0.0,2918400,2918400,2918400,2918400,2918400,2918400,3283200,3283200,556800,2918400,1017600,3283200,7311,30423,pool-5-thread-1,5,26,38,18195,1,2,31037,/top-app,0-7,/top-app,0-7,0,466,0,466,44.4,43.6,44.4,50.5,30,41.3,34.7,0.3,0,NONE,0,0,0,0,0,2147483647,2147483647,game_pid=-1 child_num=0 ui_assist_num=0,0,0
1786636345.380,251179.32,2745600,2745600,2745600,2745600,2745600,2745600,1017600,1017600,4.8,9.1,72.7,0.0,8.7,34.8,0.0,0.0,2918400,2918400,2918400,2918400,2918400,2918400,3283200,3283200,556800,2918400,1017600,3283200,7311,30423,pool-5-thread-1,5,26,38,18195,1,5,31037,/top-app,0-7,/top-app,0-7,0,466,0,466,44.0,43.2,44.0,49.4,30,41.3,34.7,0.3,0,NONE,0,0,0,0,0,2147483647,2147483647,game_pid=-1 child_num=0 ui_assist_num=0,0,0
1786636345.380,251179.55,748800,748800,748800,748800,748800,748800,1017600,1017600,50.0,43.5,4.3,4.2,25.0,47.8,0.0,0.0,2918400,2918400,2918400,2918400,2918400,2918400,3283200,3283200,556800,2918400,1017600,3283200,7311,30423,pool-5-thread-1,5,26,38,18195,0,NA,31037,/top-app,0-7,/top-app,0-7,0,466,0,466,42.8,42.4,42.8,45.1,30,41.3,34.7,0.3,0,NONE,0,0,0,0,0,2147483647,2147483647,game_pid=-1 child_num=0 ui_assist_num=0,0,0
1786636345.380,251179.80,556800,556800,556800,556800,556800,556800,1017600,1017600,43.5,30.8,0.0,16.0,32.1,26.9,0.0,0.0,2918400,2918400,2918400,2918400,2918400,2918400,3283200,3283200,556800,2918400,1017600,3283200,7311,30423,pool-5-thread-1,5,26,38,18195,0,NA,31037,/top-app,0-7,/top-app,0-7,0,466,0,466,42.4,42.0,42.4,45.5,30,41.3,34.7,0.3,0,NONE,0,0,0,0,0,2147483647,2147483647,game_pid=-1 child_num=0 ui_assist_num=0,0,0
1786636345.380,251180.09,960000,960000,960000,960000,960000,960000,1017600,1017600,44.0,42.9,26.7,17.2,25.9,18.5,0.0,0.0,2918400,2918400,2918400,2918400,2918400,2918400,3283200,3283200,556800,2918400,1017600,3283200,7311,30423,pool-5-thread-1,5,26,38,18195,0,NA,31037,/top-app,0-7,/top-app,0-7,0,466,0,466,42.0,42.0,41.7,43.2,30,40.9,34.7,0.3,0,NONE,0,0,0,0,0,2147483647,2147483647,game_pid=-1 child_num=0 ui_assist_num=0,0,0
1786636345.380,251180.34,748800,748800,748800,748800,748800,748800,1017600,1017600,48.0,24.0,3.7,0.0,26.9,26.9,0.0,0.0,2918400,2918400,2918400,2918400,2918400,2918400,3283200,3283200,556800,2918400,1017600,3283200,7311,30423,pool-5-thread-1,5,26,38,18195,0,NA,31037,/top-app,0-7,/top-app,0-7,0,466,0,466,41.7,41.7,41.7,43.6,30,40.9,34.7,0.3,0,NONE,0,0,0,0,0,2147483647,2147483647,game_pid=-1 child_num=0 ui_assist_num=0,0,0
1786636345.380,251180.59,556800,556800,556800,556800,556800,556800,1017600,1017600,50.0,48.0,0.0,0.0,30.4,26.1,0.0,0.0,2918400,2918400,2918400,2918400,2918400,2918400,3283200,3283200,556800,2918400,1017600,3283200,7311,30423,pool-5-thread-1,5,26,38,18195,0,NA,31037,/top-app,0-7,/top-app,0-7,0,466,0,466,42.0,41.7,42.0,44.0,30,40.9,34.7,0.3,0,NONE,0,0,0,0,0,2147483647,2147483647,game_pid=-1 child_num=0 ui_assist_num=0,0,0
1786636345.380,251180.85,556800,556800,556800,556800,556800,556800,1017600,1017600,57.6,35.7,14.8,7.4,15.4,19.2,0.0,0.0,2918400,2918400,2918400,2918400,2918400,2918400,3283200,3283200,556800,2918400,1017600,3283200,7311,30423,pool-5-thread-1,5,26,38,18195,0,NA,31037,/top-app,0-7,/top-app,0-7,0,466,0,466,41.7,41.7,41.3,42.4,30,40.5,34.8,0.3,0,NONE,0,0,0,0,0,2147483647,2147483647,game_pid=-1 child_num=0 ui_assist_num=0,0,0
1786636345.381,251181.14,556800,556800,556800,556800,556800,556800,1017600,1017600,50.0,46.2,0.0,0.0,31.2,24.1,0.0,0.0,2918400,2918400,2918400,2918400,2918400,2918400,3283200,3283200,556800,2918400,1017600,3283200,7311,30423,pool-5-thread-1,5,26,38,18195,0,NA,31037,/top-app,0-7,/top-app,0-7,0,466,0,466,41.3,40.9,41.3,43.6,30,40.5,34.8,0.3,0,NONE,0,0,0,0,0,2147483647,2147483647,game_pid=-1 child_num=0 ui_assist_num=0,0,0
1786636345.381,251181.43,556800,556800,556800,556800,556800,556800,1017600,1017600,47.1,41.7,0.0,0.0,32.3,7.1,0.0,0.0,2918400,2918400,2918400,2918400,2918400,2918400,3283200,3283200,556800,2918400,1017600,3283200,7311,30423,pool-5-thread-1,5,26,38,18195,0,NA,31037,/top-app,0-7,/top-app,0-7,0,466,0,466,40.9,40.9,40.9,42.4,30,40.5,34.8,0.3,0,NONE,0,0,0,0,0,2147483647,2147483647,game_pid=-1 child_num=0 ui_assist_num=0,0,0
1786636345.381,251181.70,748800,748800,748800,748800,748800,748800,1017600,1017600,54.8,43.8,0.0,10.0,30.8,30.0,0.0,0.0,2918400,2918400,2918400,2918400,2918400,2918400,3283200,3283200,556800,2918400,1017600,3283200,7311,30423,pool-5-thread-1,5,26,38,18195,0,NA,31037,/top-app,0-7,/top-app,0-7,0,466,0,466,40.9,40.9,40.9,42.0,30,40.5,34.8,0.3,0,NONE,0,0,0,0,0,2147483647,2147483647,game_pid=-1 child_num=0 ui_assist_num=0,0,0
1786636345.381,251181.96,556800,556800,556800,556800,556800,556800,1017600,1017600,50.0,44.1,4.0,4.0,14.8,25.0,0.0,0.0,2918400,2918400,2918400,2918400,2918400,2918400,3283200,3283200,556800,2918400,1017600,3283200,7311,30423,pool-5-thread-1,5,26,38,18195,0,NA,31037,/top-app,0-7,/top-app,0-7,0,466,0,466,40.5,40.5,40.5,41.3,30,40.1,34.8,0.3,0,NONE,0,0,0,0,0,2147483647,2147483647,game_pid=-1 child_num=0 ui_assist_num=0,0,0
1786636345.381,251182.23,556800,556800,556800,556800,556800,556800,1017600,1017600,50.0,37.5,0.0,11.1,11.1,20.7,0.0,0.0,2918400,2918400,2918400,2918400,2918400,2918400,3283200,3283200,556800,2918400,1017600,3283200,7311,30423,pool-5-thread-1,5,26,38,18195,0,NA,31037,/top-app,0-7,/top-app,0-7,0,466,0,466,40.9,40.9,40.5,42.0,30,40.5,34.8,0.3,0,NONE,0,0,0,0,0,2147483647,2147483647,game_pid=-1 child_num=0 ui_assist_num=0,0,0
1786636355.346,251184.50,2745600,2745600,2745600,2745600,2745600,2745600,1017600,1017600,50.7,41.5,2.2,1.3,20.9,21.7,0.0,0.0,2918400,2918400,2918400,2918400,2918400,2918400,3283200,3283200,556800,2918400,1017600,3283200,7311,30423,pool-5-thread-1,5,26,38,18195,1,4,31037,/top-app,0-7,/top-app,0-7,0,466,0,466,40.9,40.5,40.9,45.9,30,39.7,34.8,0.3,0,NONE,0,0,0,0,0,2147483647,2147483647,game_pid=-1 child_num=0 ui_assist_num=0,0,0
1786636361.213,251184.74,2745600,2745600,2745600,2745600,2745600,2745600,1017600,1017600,29.2,44.0,0.0,0.0,34.8,40.9,0.0,0.0,2918400,2918400,2918400,2918400,2918400,2918400,3283200,3283200,556800,2918400,1017600,3283200,7311,30423,pool-5-thread-1,5,26,38,18195,1,5,31037,/top-app,0-7,/top-app,0-7,0,466,0,466,41.7,40.9,41.7,46.3,30,39.7,34.8,0.3,0,NONE,0,0,0,0,0,2147483647,2147483647,game_pid=-1 child_num=0 ui_assist_num=0,0,0
1786636361.213,251184.97,2918400,2918400,2918400,2918400,2918400,2918400,1017600,1017600,38.1,42.9,0.0,0.0,38.1,39.1,0.0,0.0,2918400,2918400,2918400,2918400,2918400,2918400,3283200,3283200,556800,2918400,1017600,3283200,7311,30423,pool-5-thread-1,5,26,38,18195,1,1,31037,/top-app,0-7,/top-app,0-7,0,466,0,466,42.0,41.7,42.0,47.5,30,40.1,34.8,0.3,0,NONE,0,0,0,0,0,2147483647,2147483647,game_pid=-1 child_num=0 ui_assist_num=0,0,0
1786636361.213,251185.19,2745600,2745600,2745600,2745600,2745600,2745600,1017600,1017600,36.4,31.8,0.0,0.0,31.8,33.3,0.0,0.0,2918400,2918400,2918400,2918400,2918400,2918400,3283200,3283200,556800,2918400,1017600,3283200,7311,30423,pool-5-thread-1,5,26,38,18195,1,4,31037,/top-app,0-7,/top-app,0-7,0,466,0,466,42.4,41.7,42.4,47.5,30,40.1,34.8,0.3,0,NONE,0,0,0,0,0,2147483647,2147483647,game_pid=-1 child_num=0 ui_assist_num=0,0,0
1786636361.213,251185.42,2745600,2745600,2745600,2745600,2745600,2745600,1017600,1017600,23.8,40.0,0.0,0.0,33.3,27.3,0.0,0.0,2918400,2918400,2918400,2918400,2918400,2918400,3283200,3283200,556800,2918400,1017600,3283200,7311,30423,pool-5-thread-1,5,26,38,18195,1,1,31037,/top-app,0-7,/top-app,0-7,0,466,0,466,42.8,42.0,42.8,48.6,30,40.5,34.8,0.3,0,NONE,0,0,0,0,0,2147483647,2147483647,game_pid=-1 child_num=0 ui_assist_num=0,0,0
1786636361.213,251185.65,2745600,2745600,2745600,2745600,2745600,2745600,1017600,1017600,27.3,41.7,0.0,0.0,40.9,38.1,0.0,0.0,2918400,2918400,2918400,2918400,2918400,2918400,3283200,3283200,556800,2918400,1017600,3283200,7311,30423,pool-5-thread-1,5,26,38,18195,1,4,31037,/top-app,0-7,/top-app,0-7,0,466,0,466,42.8,42.0,42.8,49.0,30,40.5,34.8,0.3,0,NONE,0,0,0,0,0,2147483647,2147483647,game_pid=-1 child_num=0 ui_assist_num=0,0,0
1786636361.213,251185.89,2745600,2745600,2745600,2745600,2745600,2745600,1017600,1017600,29.2,26.1,0.0,0.0,48.0,44.0,0.0,0.0,2918400,2918400,2918400,2918400,2918400,2918400,3283200,3283200,556800,2918400,1017600,3283200,7311,30423,pool-5-thread-1,5,26,38,18195,1,4,31037,/top-app,0-7,/top-app,0-7,0,466,0,466,43.2,42.4,43.2,49.0,30,40.5,34.8,0.3,0,NONE,0,0,0,0,0,2147483647,2147483647,game_pid=-1 child_num=0 ui_assist_num=0,0,0
1786636361.213,251186.11,2745600,2745600,2745600,2745600,2745600,2745600,1017600,1017600,39.1,41.7,0.0,0.0,27.3,30.0,0.0,0.0,2918400,2918400,2918400,2918400,2918400,2918400,3283200,3283200,556800,2918400,1017600,3283200,7311,30423,pool-5-thread-1,5,26,38,18195,1,1,31037,/top-app,0-7,/top-app,0-7,0,466,0,466,42.8,42.0,42.8,47.5,30,40.5,34.8,0.3,0,NONE,0,0,0,0,0,2147483647,2147483647,game_pid=-1 child_num=0 ui_assist_num=0,0,0
1786636361.213,251186.35,2745600,2745600,2745600,2745600,2745600,2745600,1017600,1017600,36.4,33.3,0.0,0.0,25.0,36.4,0.0,0.0,2918400,2918400,2918400,2918400,2918400,2918400,3283200,3283200,556800,2918400,1017600,3283200,7311,30423,pool-5-thread-1,5,26,38,18195,1,4,31037,/top-app,0-7,/top-app,0-7,0,466,0,466,43.2,42.4,43.2,48.6,30,40.5,34.8,0.3,0,NONE,0,0,0,0,0,2147483647,2147483647,game_pid=-1 child_num=0 ui_assist_num=0,0,0
1786636361.213,251186.57,2745600,2745600,2745600,2745600,2745600,2745600,1017600,1017600,41.7,17.4,0.0,50.0,17.4,36.0,0.0,0.0,2918400,2918400,2918400,2918400,2918400,2918400,3283200,3283200,556800,2918400,1017600,3283200,7311,30423,pool-5-thread-1,5,26,38,18195,1,5,31037,/top-app,0-7,/top-app,0-7,0,466,0,466,43.2,42.4,43.2,48.2,30,40.5,34.8,0.3,0,NONE,0,0,0,0,0,2147483647,2147483647,game_pid=-1 child_num=0 ui_assist_num=0,0,0
1786636361.213,251186.80,2745600,2745600,2745600,2745600,2745600,2745600,1017600,1017600,31.8,19.0,0.0,0.0,50.0,35.0,0.0,0.0,2918400,2918400,2918400,2918400,2918400,2918400,3283200,3283200,556800,2918400,1017600,3283200,7311,30423,pool-5-thread-1,5,26,38,18195,1,5,31037,/top-app,0-7,/top-app,0-7,0,466,0,466,43.6,42.8,43.6,49.4,30,40.5,34.8,0.3,0,NONE,0,0,0,0,0,2147483647,2147483647,game_pid=-1 child_num=0 ui_assist_num=0,0,0
1786636361.213,251187.05,556800,556800,556800,556800,556800,556800,1017600,1017600,39.1,39.1,0.0,0.0,50.0,39.1,0.0,0.0,2918400,2918400,2918400,2918400,2918400,2918400,3283200,3283200,556800,2918400,1017600,3283200,7311,30423,pool-5-thread-1,5,26,38,18195,1,5,31037,/top-app,0-7,/top-app,0-7,0,466,0,466,42.8,42.8,42.8,46.3,30,40.5,34.8,0.3,0,NONE,0,0,0,0,0,2147483647,2147483647,game_pid=-1 child_num=0 ui_assist_num=0,0,0
1786636361.213,251187.28,2745600,2745600,2745600,2745600,2745600,2745600,1017600,1017600,25.0,33.3,0.0,0.0,33.3,43.5,0.0,0.0,2918400,2918400,2918400,2918400,2918400,2918400,3283200,3283200,556800,2918400,1017600,3283200,7311,30423,pool-5-thread-1,5,26,38,18195,1,5,31037,/top-app,0-7,/top-app,0-7,0,466,0,466,43.2,42.4,43.2,48.2,30,40.5,34.8,0.3,0,NONE,0,0,0,0,0,2147483647,2147483647,game_pid=-1 child_num=0 ui_assist_num=0,0,0
1786636361.213,251187.51,2745600,2745600,2745600,2745600,2745600,2745600,1017600,1017600,34.8,38.1,0.0,0.0,45.5,36.4,0.0,0.0,2918400,2918400,2918400,2918400,2918400,2918400,3283200,3283200,556800,2918400,1017600,3283200,7311,30423,pool-5-thread-1,5,26,38,18195,1,1,31037,/top-app,0-7,/top-app,0-7,0,466,0,466,42.8,42.8,42.8,47.8,30,40.5,34.8,0.3,0,NONE,0,0,0,0,0,2147483647,2147483647,game_pid=-1 child_num=0 ui_assist_num=0,0,0
1786636361.214,251187.73,2745600,2745600,2745600,2745600,2745600,2745600,1017600,1017600,14.3,31.8,0.0,0.0,40.9,31.8,0.0,0.0,2918400,2918400,2918400,2918400,2918400,2918400,3283200,3283200,556800,2918400,1017600,3283200,7311,30423,pool-5-thread-1,5,26,38,18195,1,5,31037,/top-app,0-7,/top-app,0-7,0,466,0,466,43.6,42.8,43.6,48.6,30,40.9,34.8,0.3,0,NONE,0,0,0,0,0,2147483647,2147483647,game_pid=-1 child_num=0 ui_assist_num=0,0,0
1786636361.214,251187.96,2745600,2745600,2745600,2745600,2745600,2745600,1017600,1017600,36.4,47.8,0.0,0.0,38.1,38.1,0.0,0.0,2918400,2918400,2918400,2918400,2918400,2918400,3283200,3283200,556800,2918400,1017600,3283200,7311,30423,pool-5-thread-1,5,26,38,18195,1,1,31037,/top-app,0-7,/top-app,0-7,0,466,0,466,43.6,42.8,43.6,49.0,30,40.9,34.8,0.3,0,NONE,0,0,0,0,0,2147483647,2147483647,game_pid=-1 child_num=0 ui_assist_num=0,0,0
1786636361.214,251188.20,2745600,2745600,2745600,2745600,2745600,2745600,1017600,1017600,37.5,41.7,0.0,0.0,40.9,34.8,0.0,0.0,2918400,2918400,2918400,2918400,2918400,2918400,3283200,3283200,556800,2918400,1017600,3283200,7311,30423,pool-5-thread-1,5,26,38,18195,1,4,31037,/top-app,0-7,/top-app,0-7,0,466,0,466,43.6,42.8,43.6,49.0,30,40.9,34.8,0.3,0,NONE,0,0,0,0,0,2147483647,2147483647,game_pid=-1 child_num=0 ui_assist_num=0,0,0
1786636361.214,251188.43,2745600,2745600,2745600,2745600,2745600,2745600,1017600,1017600,36.4,30.0,0.0,0.0,23.8,41.7,0.0,0.0,2918400,2918400,2918400,2918400,2918400,2918400,3283200,3283200,556800,2918400,1017600,3283200,7311,30423,pool-5-thread-1,5,26,38,18195,1,4,31037,/top-app,0-7,/top-app,0-7,0,466,0,466,43.6,42.8,43.6,49.0,30,40.9,34.8,0.3,0,NONE,0,0,0,0,0,2147483647,2147483647,game_pid=-1 child_num=0 ui_assist_num=0,0,0
1786636361.214,251188.65,556800,556800,556800,556800,556800,556800,1017600,1017600,36.4,28.0,0.0,0.0,45.8,42.9,0.0,0.0,2918400,2918400,2918400,2918400,2918400,2918400,3283200,3283200,556800,2918400,1017600,3283200,7311,30423,pool-5-thread-1,5,26,38,18195,1,4,31037,/top-app,0-7,/top-app,0-7,0,466,0,466,43.6,42.4,43.6,47.1,30,40.9,34.8,0.3,0,NONE,0,0,0,0,0,2147483647,2147483647,game_pid=-1 child_num=0 ui_assist_num=0,0,0
1786636361.214,251188.89,2745600,2745600,2745600,2745600,2745600,2745600,1017600,1017600,30.4,36.4,26.1,0.0,13.6,29.2,0.0,0.0,2918400,2918400,2918400,2918400,2918400,2918400,3283200,3283200,556800,2918400,1017600,3283200,7311,30423,pool-5-thread-1,5,26,38,18195,1,0,31037,/top-app,0-7,/top-app,0-7,0,466,0,466,44.0,43.2,44.0,49.4,30,40.9,34.8,0.3,0,NONE,0,0,0,0,0,2147483647,2147483647,game_pid=-1 child_num=0 ui_assist_num=0,0,0
1786636361.214,251189.12,2745600,2745600,2745600,2745600,2745600,2745600,1017600,1017600,40.9,54.5,4.3,0.0,38.1,38.1,0.0,0.0,2918400,2918400,2918400,2918400,2918400,2918400,3283200,3283200,556800,2918400,1017600,3283200,7311,30423,pool-5-thread-1,5,26,38,18195,1,4,31037,/top-app,0-7,/top-app,0-7,0,466,0,466,43.2,43.2,43.2,47.8,30,41.3,34.8,0.3,0,NONE,0,0,0,0,0,2147483647,2147483647,game_pid=-1 child_num=0 ui_assist_num=0,0,0
1786636361.214,251189.38,2745600,2745600,2745600,2745600,2745600,2745600,1017600,1017600,36.0,36.0,0.0,0.0,38.5,38.5,0.0,0.0,2918400,2918400,2918400,2918400,2918400,2918400,3283200,3283200,556800,2918400,1017600,3283200,7311,30423,pool-5-thread-1,5,26,38,18195,1,1,31037,/top-app,0-7,/top-app,0-7,0,466,0,466,43.6,42.8,43.6,49.0,30,41.3,34.8,0.3,0,NONE,0,0,0,0,0,2147483647,2147483647,game_pid=-1 child_num=0 ui_assist_num=0,0,0
1786636361.214,251189.60,556800,556800,556800,556800,556800,556800,1017600,1017600,27.3,35.0,0.0,0.0,31.8,34.8,0.0,0.0,2918400,2918400,2918400,2918400,2918400,2918400,3283200,3283200,556800,2918400,1017600,3283200,7311,30423,pool-5-thread-1,5,26,38,18195,1,5,31037,/top-app,0-7,/top-app,0-7,0,466,0,466,43.2,42.8,43.2,46.3,30,40.9,34.8,0.3,0,NONE,0,0,0,0,0,2147483647,2147483647,game_pid=-1 child_num=0 ui_assist_num=0,0,0
1786636361.214,251189.85,2745600,2745600,2745600,2745600,2745600,2745600,1017600,1017600,19.2,24.0,0.0,4.0,28.0,69.6,0.0,0.0,2918400,2918400,2918400,2918400,2918400,2918400,3283200,3283200,556800,2918400,1017600,3283200,7311,30423,pool-5-thread-1,5,26,38,18195,1,5,31037,/top-app,0-7,/top-app,0-7,0,466,0,466,43.6,42.8,43.6,48.2,30,40.9,34.8,0.3,0,NONE,0,0,0,0,0,2147483647,2147483647,game_pid=-1 child_num=0 ui_assist_num=0,0,0
1786636361.214,251190.08,2745600,2745600,2745600,2745600,2745600,2745600,1017600,1017600,19.0,45.8,0.0,0.0,42.9,33.3,0.0,0.0,2918400,2918400,2918400,2918400,2918400,2918400,3283200,3283200,556800,2918400,1017600,3283200,7311,30423,pool-5-thread-1,5,26,38,18195,1,4,31037,/top-app,0-7,/top-app,0-7,0,466,0,466,43.6,43.2,43.6,48.6,30,40.9,34.8,0.3,0,NONE,0,0,0,0,0,2147483647,2147483647,game_pid=-1 child_num=0 ui_assist_num=0,0,0
1786636373.640,251194.78,556800,556800,556800,556800,556800,556800,1017600,1017600,32.7,34.0,0.6,0.2,31.9,32.3,0.0,0.0,2918400,2918400,2918400,2918400,2918400,2918400,3283200,3283200,556800,2918400,1017600,3283200,7311,30423,pool-5-thread-1,5,26,38,18195,0,NA,31037,/top-app,0-7,/top-app,0-7,0,466,0,466,41.7,41.7,41.7,44.4,30,40.9,34.8,0.3,0,NONE,0,0,0,0,0,2147483647,2147483647,game_pid=-1 child_num=0 ui_assist_num=0,0,0
1786636373.640,251195.07,556800,556800,556800,556800,556800,556800,1017600,1017600,40.0,28.6,3.3,3.4,31.0,36.7,0.0,0.0,2918400,2918400,2918400,2918400,2918400,2918400,3283200,3283200,556800,2918400,1017600,3283200,7311,30423,pool-5-thread-1,5,26,38,18195,0,NA,31037,/top-app,0-7,/top-app,0-7,0,466,0,466,41.7,41.3,41.7,44.8,30,40.9,34.8,0.3,0,NONE,0,0,0,0,0,2147483647,2147483647,game_pid=-1 child_num=0 ui_assist_num=0,0,0
1786636373.640,251195.32,556800,556800,556800,556800,556800,556800,1017600,1017600,46.2,25.9,4.0,0.0,18.5,28.0,0.0,0.0,2918400,2918400,2918400,2918400,2918400,2918400,3283200,3283200,556800,2918400,1017600,3283200,7311,30423,pool-5-thread-1,5,26,38,18195,0,NA,31037,/top-app,0-7,/top-app,0-7,0,466,0,466,41.3,41.3,41.3,43.2,30,40.5,34.8,0.3,0,NONE,0,0,0,0,0,2147483647,2147483647,game_pid=-1 child_num=0 ui_assist_num=0,0,0
1786636373.640,251195.58,556800,556800,556800,556800,556800,556800,1017600,1017600,48.4,40.0,0.0,0.0,25.0,25.0,0.0,0.0,2918400,2918400,2918400,2918400,2918400,2918400,3283200,3283200,556800,2918400,1017600,3283200,7311,30423,pool-5-thread-1,5,26,38,18195,0,NA,31037,/top-app,0-7,/top-app,0-7,0,466,0,466,41.3,41.3,41.3,43.2,30,40.9,34.8,0.3,0,NONE,0,0,0,0,0,2147483647,2147483647,game_pid=-1 child_num=0 ui_assist_num=0,0,0
1786636373.640,251195.84,556800,556800,556800,556800,556800,556800,1017600,1017600,46.4,44.4,0.0,0.0,16.0,16.0,0.0,0.0,2918400,2918400,2918400,2918400,2918400,2918400,3283200,3283200,556800,2918400,1017600,3283200,7311,30423,pool-5-thread-1,5,26,38,18195,0,NA,31037,/top-app,0-7,/top-app,0-7,0,466,0,466,41.3,40.9,41.3,42.0,30,40.5,34.8,0.3,0,NONE,0,0,0,0,0,2147483647,2147483647,game_pid=-1 child_num=0 ui_assist_num=0,0,0
1786636373.640,251196.12,556800,556800,556800,556800,556800,556800,1017600,1017600,55.9,43.2,3.6,7.1,14.8,14.3,0.0,0.0,2918400,2918400,2918400,2918400,2918400,2918400,3283200,3283200,556800,2918400,1017600,3283200,7311,30423,pool-5-thread-1,5,26,38,18195,0,NA,31037,/top-app,0-7,/top-app,0-7,0,466,0,466,41.3,40.9,41.3,43.6,30,40.1,34.8,0.3,0,NONE,0,0,0,0,0,2147483647,2147483647,game_pid=-1 child_num=0 ui_assist_num=0,0,0
1786636373.640,251196.40,748800,748800,748800,748800,556800,556800,1017600,1017600,52.9,42.4,10.3,10.3,40.0,48.1,0.0,0.0,2918400,2918400,2918400,2918400,2918400,2918400,3283200,3283200,556800,2918400,1017600,3283200,7311,30423,pool-5-thread-1,5,26,38,18195,0,NA,31037,/top-app,0-7,/top-app,0-7,0,466,0,466,40.9,40.9,40.9,42.0,30,40.5,34.8,0.3,0,NONE,0,0,0,0,0,2147483647,2147483647,game_pid=-1 child_num=0 ui_assist_num=0,0,0
1786636373.640,251196.68,556800,556800,556800,556800,556800,556800,1017600,1017600,44.4,34.5,3.4,0.0,17.2,17.2,0.0,0.0,2918400,2918400,2918400,2918400,2918400,2918400,3283200,3283200,556800,2918400,1017600,3283200,7311,30423,pool-5-thread-1,5,26,38,18195,0,NA,31037,/top-app,0-7,/top-app,0-7,0,466,0,466,40.9,40.9,40.9,42.0,30,40.5,34.8,0.3,0,NONE,0,0,0,0,0,2147483647,2147483647,game_pid=-1 child_num=0 ui_assist_num=0,0,0
1786636373.640,251196.95,556800,556800,556800,556800,556800,556800,1017600,1017600,57.6,44.4,3.6,0.0,21.4,20.7,0.0,0.0,2918400,2918400,2918400,2918400,2918400,2918400,3283200,3283200,556800,2918400,1017600,3283200,7311,30423,pool-5-thread-1,5,26,38,18195,0,NA,31037,/top-app,0-7,/top-app,0-7,0,466,0,466,40.9,40.9,40.5,42.4,30,40.1,34.8,0.3,0,NONE,0,0,0,0,0,2147483647,2147483647,game_pid=-1 child_num=0 ui_assist_num=0,0,0
1786636373.640,251197.20,556800,556800,556800,556800,556800,556800,1017600,1017600,53.6,33.3,0.0,14.8,20.8,20.8,0.0,0.0,2918400,2918400,2918400,2918400,2918400,2918400,3283200,3283200,556800,2918400,1017600,3283200,7311,30423,pool-5-thread-1,5,26,38,18195,0,NA,31037,/top-app,0-7,/top-app,0-7,0,466,0,466,40.9,40.9,40.5,42.8,30,40.1,34.8,0.3,0,NONE,0,0,0,0,0,2147483647,2147483647,game_pid=-1 child_num=0 ui_assist_num=0,0,0
1786636373.640,251197.45,556800,556800,556800,556800,556800,556800,1017600,1017600,53.6,46.9,0.0,0.0,20.8,12.5,0.0,0.0,2918400,2918400,2918400,2918400,2918400,2918400,3283200,3283200,556800,2918400,1017600,3283200,7311,30423,pool-5-thread-1,5,26,38,18195,0,NA,31037,/top-app,0-7,/top-app,0-7,0,466,0,466,40.5,40.5,40.5,43.2,30,39.7,34.8,0.3,0,NONE,0,0,0,0,0,2147483647,2147483647,game_pid=-1 child_num=0 ui_assist_num=0,0,0
1786636373.640,251197.73,556800,556800,556800,556800,556800,556800,1017600,1017600,44.4,30.0,3.4,0.0,26.7,17.9,0.0,0.0,2918400,2918400,2918400,2918400,2918400,2918400,3283200,3283200,556800,2918400,1017600,3283200,7311,30423,pool-5-thread-1,5,26,38,18195,0,NA,31037,/top-app,0-7,/top-app,0-7,0,466,0,466,40.5,40.5,40.5,41.3,30,39.7,34.8,0.3,0,NONE,0,0,0,0,0,2147483647,2147483647,game_pid=-1 child_num=0 ui_assist_num=0,0,0
1786636373.640,251198.01,556800,556800,556800,556800,556800,556800,1017600,1017600,47.1,41.7,0.0,0.0,14.8,10.3,0.0,0.0,2918400,2918400,2918400,2918400,2918400,2918400,3283200,3283200,556800,2918400,1017600,3283200,7311,30423,pool-5-thread-1,5,26,38,18195,0,NA,31037,/top-app,0-7,/top-app,0-7,0,466,0,466,40.5,40.5,40.5,41.3,30,40.1,34.8,0.3,0,NONE,0,0,0,0,0,2147483647,2147483647,game_pid=-1 child_num=0 ui_assist_num=0,0,0
1786636373.641,251198.28,2400000,2400000,2400000,2400000,2400000,2400000,1017600,1017600,44.8,33.3,3.6,0.0,32.1,53.6,0.0,0.0,2918400,2918400,2918400,2918400,2918400,2918400,3283200,3283200,556800,2918400,1017600,3283200,7311,30423,pool-5-thread-1,5,26,38,18195,0,NA,31037,/top-app,0-7,/top-app,0-7,0,466,0,466,40.5,40.5,40.5,42.8,30,40.1,34.8,0.3,0,NONE,0,0,0,0,0,2147483647,2147483647,game_pid=-1 child_num=0 ui_assist_num=0,0,0
1786636373.641,251198.51,556800,556800,556800,556800,556800,556800,1017600,1017600,57.1,39.3,0.0,0.0,24.0,21.7,0.0,0.0,2918400,2918400,2918400,2918400,2918400,2918400,3283200,3283200,556800,2918400,1017600,3283200,7311,30423,pool-5-thread-1,5,26,38,18195,0,NA,31037,/top-app,0-7,/top-app,0-7,0,466,0,466,40.5,40.5,40.1,42.0,30,39.7,34.8,0.3,0,NONE,0,0,0,0,0,2147483647,2147483647,game_pid=-1 child_num=0 ui_assist_num=0,0,0
1786636373.641,251198.76,556800,556800,556800,556800,556800,556800,1017600,1017600,51.7,45.5,3.7,3.8,15.4,25.9,0.0,0.0,2918400,2918400,2918400,2918400,2918400,2918400,3283200,3283200,556800,2918400,1017600,3283200,7311,30423,pool-5-thread-1,5,26,38,18195,0,NA,31037,/top-app,0-7,/top-app,0-7,0,466,0,466,40.5,40.5,40.1,41.7,30,39.7,34.8,0.3,0,NONE,0,0,0,0,0,2147483647,2147483647,game_pid=-1 child_num=0 ui_assist_num=0,0,0
1786636373.641,251199.07,556800,556800,556800,556800,556800,556800,1017600,1017600,52.9,40.0,12.9,3.2,18.8,19.4,0.0,0.0,2918400,2918400,2918400,2918400,2918400,2918400,3283200,3283200,556800,2918400,1017600,3283200,7311,30423,pool-5-thread-1,5,26,38,18195,0,NA,31037,/top-app,0-7,/top-app,0-7,0,466,0,466,40.1,40.1,40.1,41.3,30,39.7,34.8,0.3,0,NONE,0,0,0,0,0,2147483647,2147483647,game_pid=-1 child_num=0 ui_assist_num=0,0,0
1786636373.641,251199.35,2227200,2227200,2227200,2227200,2227200,2227200,1017600,1017600,53.3,51.4,0.0,3.7,21.4,37.0,0.0,0.0,2918400,2918400,2918400,2918400,2918400,2918400,3283200,3283200,556800,2918400,1017600,3283200,7311,30423,pool-5-thread-1,5,26,38,18195,1,5,31037,/top-app,0-7,/top-app,0-7,0,466,0,466,40.1,40.1,40.1,43.6,30,39.7,34.8,0.3,0,NONE,0,0,0,0,0,2147483647,2147483647,game_pid=-1 child_num=0 ui_assist_num=0,0,0
1786636373.641,251199.58,2745600,2745600,2745600,2745600,2745600,2745600,1017600,1017600,23.8,23.8,4.3,4.3,31.8,63.6,0.0,0.0,2918400,2918400,2918400,2918400,2918400,2918400,3283200,3283200,556800,2918400,1017600,3283200,7311,30423,pool-5-thread-1,5,26,38,18195,1,5,31037,/top-app,0-7,/top-app,0-7,0,466,0,466,40.9,40.9,40.9,45.1,30,39.7,34.8,0.3,0,NONE,0,0,0,0,0,2147483647,2147483647,game_pid=-1 child_num=0 ui_assist_num=0,0,0
1786636373.641,251199.81,2400000,2400000,2400000,2400000,2400000,2400000,1017600,1017600,36.4,31.8,0.0,0.0,27.3,38.1,0.0,0.0,2918400,2918400,2918400,2918400,2918400,2918400,3283200,3283200,556800,2918400,1017600,3283200,7311,30423,pool-5-thread-1,5,26,38,18195,1,0,31037,/top-app,0-7,/top-app,0-7,0,466,0,466,41.7,41.3,41.7,45.1,30,40.1,34.8,0.3,0,NONE,0,0,0,0,0,2147483647,2147483647,game_pid=-1 child_num=0 ui_assist_num=0,0,0
1786636373.641,251200.03,2745600,2745600,2745600,2745600,2745600,2745600,1017600,1017600,31.8,52.2,0.0,0.0,30.4,36.4,0.0,0.0,2918400,2918400,2918400,2918400,2918400,2918400,3283200,3283200,556800,2918400,1017600,3283200,7311,30423,pool-5-thread-1,5,26,38,18195,1,0,31037,/top-app,0-7,/top-app,0-7,0,466,0,466,42.0,41.7,42.0,45.9,30,40.1,34.8,0.3,0,NONE,0,0,0,0,0,2147483647,2147483647,game_pid=-1 child_num=0 ui_assist_num=0,0,0
1786636373.641,251200.28,2745600,2745600,2745600,2745600,2745600,2745600,1017600,1017600,34.8,30.4,0.0,0.0,50.0,25.0,0.0,0.0,2918400,2918400,2918400,2918400,2918400,2918400,3283200,3283200,556800,2918400,1017600,3283200,7311,30423,pool-5-thread-1,5,26,38,18195,1,0,31037,/top-app,0-7,/top-app,0-7,0,466,0,466,41.7,41.7,41.7,46.3,30,40.1,34.8,0.3,0,NONE,0,0,0,0,0,2147483647,2147483647,game_pid=-1 child_num=0 ui_assist_num=0,0,0
1786636373.703,251200.51,2745600,2745600,2745600,2745600,2745600,2745600,1017600,1017600,41.7,31.8,13.6,0.0,68.2,23.8,0.0,0.0,2918400,2918400,2918400,2918400,2918400,2918400,3283200,3283200,556800,2918400,1017600,3283200,7311,30423,pool-5-thread-1,5,26,38,18195,1,1,31037,/top-app,0-7,/top-app,0-7,0,466,0,466,42.0,41.7,42.0,47.1,30,40.1,34.8,0.3,0,NONE,0,0,0,0,0,2147483647,2147483647,game_pid=-1 child_num=0 ui_assist_num=0,0,0
1786636373.703,251200.73,2745600,2745600,2745600,2745600,2745600,2745600,1017600,1017600,23.8,40.9,0.0,0.0,40.9,33.3,0.0,0.0,2918400,2918400,2918400,2918400,2918400,2918400,3283200,3283200,556800,2918400,1017600,3283200,7311,30423,pool-5-thread-1,5,26,38,18195,1,1,31037,/top-app,0-7,/top-app,0-7,0,466,0,466,42.4,41.3,42.4,46.7,30,40.1,34.8,0.3,0,NONE,0,0,0,0,0,2147483647,2147483647,game_pid=-1 child_num=0 ui_assist_num=0,0,0
1786636373.703,251200.95,2745600,2745600,2745600,2745600,2745600,2745600,1017600,1017600,26.1,33.3,0.0,0.0,47.6,34.8,0.0,0.0,2918400,2918400,2918400,2918400,2918400,2918400,3283200,3283200,556800,2918400,1017600,3283200,7311,30423,pool-5-thread-1,5,26,38,18195,1,4,31037,/top-app,0-7,/top-app,0-7,0,466,0,466,42.0,41.7,42.0,46.3,30,39.7,34.8,0.3,0,NONE,0,0,0,0,0,2147483647,2147483647,game_pid=-1 child_num=0 ui_assist_num=0,0,0
1786636373.703,251201.18,2745600,2745600,2745600,2745600,2745600,2745600,1017600,1017600,22.7,39.1,0.0,0.0,52.4,23.8,0.0,0.0,2918400,2918400,2918400,2918400,2918400,2918400,3283200,3283200,556800,2918400,1017600,3283200,7311,30423,pool-5-thread-1,5,26,38,18195,1,0,31037,/top-app,0-7,/top-app,0-7,0,466,0,466,42.4,41.7,42.4,47.1,30,39.7,34.8,0.3,0,NONE,0,0,0,0,0,2147483647,2147483647,game_pid=-1 child_num=0 ui_assist_num=0,0,0
1786636373.703,251201.43,2745600,2745600,2745600,2745600,2745600,2745600,1017600,1017600,42.3,41.7,0.0,0.0,33.3,43.5,0.0,0.0,2918400,2918400,2918400,2918400,2918400,2918400,3283200,3283200,556800,2918400,1017600,3283200,7311,30423,pool-5-thread-1,5,26,38,18195,1,0,31037,/top-app,0-7,/top-app,0-7,0,466,0,466,42.4,42.0,42.4,47.1,30,40.1,34.8,0.3,0,NONE,0,0,0,0,0,2147483647,2147483647,game_pid=-1 child_num=0 ui_assist_num=0,0,0
1786636373.703,251201.65,2745600,2745600,2745600,2745600,2745600,2745600,1017600,1017600,19.0,33.3,0.0,0.0,47.8,31.8,0.0,0.0,2918400,2918400,2918400,2918400,2918400,2918400,3283200,3283200,556800,2918400,1017600,3283200,7311,30423,pool-5-thread-1,5,26,38,18195,1,4,31037,/top-app,0-7,/top-app,0-7,0,466,0,466,42.0,41.7,42.0,46.3,30,40.1,34.8,0.3,0,NONE,0,0,0,0,0,2147483647,2147483647,game_pid=-1 child_num=0 ui_assist_num=0,0,0
1786636373.703,251201.88,2745600,2745600,2745600,2745600,2745600,2745600,1017600,1017600,23.8,31.8,0.0,0.0,31.8,40.9,0.0,0.0,2918400,2918400,2918400,2918400,2918400,2918400,3283200,3283200,556800,2918400,1017600,3283200,7311,30423,pool-5-thread-1,5,26,38,18195,1,5,31037,/top-app,0-7,/top-app,0-7,0,466,0,466,42.0,42.0,42.0,46.3,30,40.1,34.8,0.3,0,NONE,0,0,0,0,0,2147483647,2147483647,game_pid=-1 child_num=0 ui_assist_num=0,0,0
1786636373.703,251202.11,2745600,2745600,2745600,2745600,2745600,2745600,1017600,1017600,21.7,54.5,0.0,0.0,31.8,30.4,0.0,0.0,2918400,2918400,2918400,2918400,2918400,2918400,3283200,3283200,556800,2918400,1017600,3283200,7311,30423,pool-5-thread-1,5,26,38,18195,1,5,31037,/top-app,0-7,/top-app,0-7,0,466,0,466,42.0,41.7,42.0,46.3,30,40.1,34.8,0.3,0,NONE,0,0,0,0,0,2147483647,2147483647,game_pid=-1 child_num=0 ui_assist_num=0,0,0
1786636373.703,251202.33,2745600,2745600,2745600,2745600,2745600,2745600,1017600,1017600,19.0,27.3,0.0,0.0,42.9,45.0,0.0,0.0,2918400,2918400,2918400,2918400,2918400,2918400,3283200,3283200,556800,2918400,1017600,3283200,7311,30423,pool-5-thread-1,5,26,38,18195,1,4,31037,/top-app,0-7,/top-app,0-7,0,466,0,466,42.4,42.0,42.4,47.8,30,40.5,34.8,0.3,0,NONE,0,0,0,0,0,2147483647,2147483647,game_pid=-1 child_num=0 ui_assist_num=0,0,0
1786636373.703,251202.58,2745600,2745600,2745600,2745600,2745600,2745600,1017600,1017600,18.2,18.2,0.0,72.0,30.8,20.8,0.0,0.0,2918400,2918400,2918400,2918400,2918400,2918400,3283200,3283200,556800,2918400,1017600,3283200,7311,30423,pool-5-thread-1,5,26,38,18195,1,3,31037,/top-app,0-7,/top-app,0-7,0,466,0,466,42.4,42.0,42.4,46.3,30,40.1,34.8,0.3,0,NONE,0,0,0,0,0,2147483647,2147483647,game_pid=-1 child_num=0 ui_assist_num=0,0,0
1786636373.703,251202.80,2745600,2745600,2745600,2745600,2745600,2745600,1017600,1017600,57.1,18.2,0.0,26.1,4.8,22.7,0.0,0.0,2918400,2918400,2918400,2918400,2918400,2918400,3283200,3283200,556800,2918400,1017600,3283200,7311,30423,pool-5-thread-1,5,26,38,18195,1,0,31037,/top-app,0-7,/top-app,0-7,0,466,0,466,42.8,42.0,42.8,46.7,30,40.5,34.8,0.3,0,NONE,0,0,0,0,0,2147483647,2147483647,game_pid=-1 child_num=0 ui_assist_num=0,0,0
1786636373.703,251203.03,2745600,2745600,2745600,2745600,2745600,2745600,1017600,1017600,34.8,23.8,0.0,0.0,33.3,54.2,0.0,0.0,2918400,2918400,2918400,2918400,2918400,2918400,3283200,3283200,556800,2918400,1017600,3283200,7311,30423,pool-5-thread-1,5,26,38,18195,1,0,31037,/top-app,0-7,/top-app,0-7,0,466,0,466,42.8,41.7,42.8,45.9,30,40.5,34.8,0.3,0,NONE,0,0,0,0,0,2147483647,2147483647,game_pid=-1 child_num=0 ui_assist_num=0,0,0
1786636373.703,251203.26,2745600,2745600,2745600,2745600,2745600,2745600,1017600,1017600,36.4,38.1,0.0,0.0,40.9,39.1,0.0,0.0,2918400,2918400,2918400,2918400,2918400,2918400,3283200,3283200,556800,2918400,1017600,3283200,7311,30423,pool-5-thread-1,5,26,38,18195,1,4,31037,/top-app,0-7,/top-app,0-7,0,466,0,466,42.4,42.0,42.4,47.1,30,40.5,34.8,0.3,0,NONE,0,0,0,0,0,2147483647,2147483647,game_pid=-1 child_num=0 ui_assist_num=0,0,0
1786636373.703,251203.49,2745600,2745600,2745600,2745600,2745600,2745600,1017600,1017600,47.6,39.1,0.0,0.0,54.5,43.5,0.0,0.0,2918400,2918400,2918400,2918400,2918400,2918400,3283200,3283200,556800,2918400,1017600,3283200,7311,30423,pool-5-thread-1,5,26,38,18195,1,4,31037,/top-app,0-7,/top-app,0-7,0,466,0,466,43.2,42.0,43.2,49.8,30,40.1,34.8,0.3,0,NONE,0,0,0,0,0,2147483647,2147483647,game_pid=-1 child_num=0 ui_assist_num=0,0,0
1786636373.703,251203.73,2745600,2745600,2745600,2745600,2745600,2745600,1017600,1017600,28.0,32.0,8.3,0.0,51.9,40.0,0.0,0.0,2918400,2918400,2918400,2918400,2918400,2918400,3283200,3283200,556800,2918400,1017600,3283200,7311,30423,pool-5-thread-1,5,26,38,18195,1,0,31037,/top-app,0-7,/top-app,0-7,0,466,0,466,42.8,42.4,42.8,47.1,30,40.5,34.8,0.3,0,NONE,0,0,0,0,0,2147483647,2147483647,game_pid=-1 child_num=0 ui_assist_num=0,0,0
1786636373.704,251203.96,2745600,2745600,2745600,2745600,2745600,2745600,1017600,1017600,30.0,33.3,0.0,0.0,45.5,15.0,0.0,0.0,2918400,2918400,2918400,2918400,2918400,2918400,3283200,3283200,556800,2918400,1017600,3283200,7311,30423,pool-5-thread-1,5,26,38,18195,1,1,31037,/top-app,0-7,/top-app,0-7,0,466,0,466,42.4,42.0,42.4,47.1,30,40.1,34.8,0.3,0,NONE,0,0,0,0,0,2147483647,2147483647,game_pid=-1 child_num=0 ui_assist_num=0,0,0
1786636373.704,251204.18,2745600,2745600,2745600,2745600,2745600,2745600,1017600,1017600,22.7,42.9,0.0,0.0,40.9,27.3,0.0,0.0,2918400,2918400,2918400,2918400,2918400,2918400,3283200,3283200,556800,2918400,1017600,3283200,7311,30423,pool-5-thread-1,5,26,38,18195,1,1,31037,/top-app,0-7,/top-app,0-7,0,466,0,466,42.4,42.0,42.4,46.7,30,40.5,34.8,0.3,0,NONE,0,0,0,0,0,2147483647,2147483647,game_pid=-1 child_num=0 ui_assist_num=0,0,0
1786636373.704,251204.41,2745600,2745600,2745600,2745600,2745600,2745600,1017600,1017600,29.2,40.9,0.0,0.0,56.5,36.4,0.0,0.0,2918400,2918400,2918400,2918400,2918400,2918400,3283200,3283200,556800,2918400,1017600,3283200,7311,30423,pool-5-thread-1,5,26,38,18195,1,1,31037,/top-app,0-7,/top-app,0-7,0,466,0,466,42.8,42.4,42.8,47.1,30,40.5,34.8,0.3,0,NONE,0,0,0,0,0,2147483647,2147483647,game_pid=-1 child_num=0 ui_assist_num=0,0,0
1786636373.704,251204.63,2745600,2745600,2745600,2745600,2745600,2745600,1017600,1017600,40.9,56.5,0.0,0.0,15.8,33.3,0.0,0.0,2918400,2918400,2918400,2918400,2918400,2918400,3283200,3283200,556800,2918400,1017600,3283200,7311,30423,pool-5-thread-1,5,26,38,18195,1,5,31037,/top-app,0-7,/top-app,0-7,0,466,0,466,43.2,42.4,43.2,47.8,30,40.1,34.8,0.3,0,NONE,0,0,0,0,0,2147483647,2147483647,game_pid=-1 child_num=0 ui_assist_num=0,0,0
1786636373.704,251204.88,2745600,2745600,2745600,2745600,2745600,2745600,1017600,1017600,18.2,33.3,0.0,0.0,40.0,46.2,0.0,0.0,2918400,2918400,2918400,2918400,2918400,2918400,3283200,3283200,556800,2918400,1017600,3283200,7311,30423,pool-5-thread-1,5,26,38,18195,1,4,31037,/top-app,0-7,/top-app,0-7,0,466,0,466,42.4,42.4,42.4,47.1,30,40.5,34.8,0.3,0,NONE,0,0,0,0,0,2147483647,2147483647,game_pid=-1 child_num=0 ui_assist_num=0,0,0
1786636373.704,251205.11,2918400,2918400,2918400,2918400,2918400,2918400,1017600,1017600,17.4,22.7,0.0,4.3,72.7,23.8,0.0,0.0,2918400,2918400,2918400,2918400,2918400,2918400,3283200,3283200,556800,2918400,1017600,3283200,7311,30423,pool-5-thread-1,5,26,38,18195,1,1,31037,/top-app,0-7,/top-app,0-7,0,466,0,466,42.8,42.0,42.8,47.5,30,40.5,34.8,0.3,0,NONE,0,0,0,0,0,2147483647,2147483647,game_pid=-1 child_num=0 ui_assist_num=0,0,0
1786636373.704,251205.34,2745600,2745600,2745600,2745600,2745600,2745600,1017600,1017600,34.8,36.4,0.0,0.0,36.4,23.8,0.0,0.0,2918400,2918400,2918400,2918400,2918400,2918400,3283200,3283200,556800,2918400,1017600,3283200,7311,30423,pool-5-thread-1,5,26,38,18195,0,NA,31037,/top-app,0-7,/top-app,0-7,0,466,0,466,42.4,42.0,42.4,45.5,30,40.5,34.8,0.3,0,NONE,0,0,0,0,0,2147483647,2147483647,game_pid=-1 child_num=0 ui_assist_num=0,0,0
1786636373.704,251205.58,556800,556800,556800,556800,556800,556800,1017600,1017600,47.6,38.5,12.0,4.2,37.5,36.0,0.0,0.0,2918400,2918400,2918400,2918400,2918400,2918400,3283200,3283200,556800,2918400,1017600,3283200,7311,30423,pool-5-thread-1,5,26,38,18195,0,NA,31037,/top-app,0-7,/top-app,0-7,0,466,0,466,41.7,41.3,41.7,43.2,30,40.1,34.8,0.3,0,NONE,0,0,0,0,0,2147483647,2147483647,game_pid=-1 child_num=0 ui_assist_num=0,0,0
1786636393.861,251213.05,2745600,2745600,2745600,2745600,2745600,2745600,1017600,1017600,47.8,39.4,1.7,1.2,26.3,24.6,0.0,0.0,2918400,2918400,2918400,2918400,2918400,2918400,3283200,3283200,556800,2918400,1017600,3283200,7311,30423,pool-5-thread-1,5,26,38,18195,1,4,31037,/top-app,0-7,/top-app,0-7,0,466,0,466,42.8,42.0,42.8,48.6,30,40.1,34.8,0.3,0,NONE,0,0,0,0,0,2147483647,2147483647,game_pid=-1 child_num=0 ui_assist_num=0,0,0
1786636395.503,251213.29,2745600,2745600,2745600,2745600,2745600,2745600,1017600,1017600,34.6,36.0,0.0,0.0,43.5,37.5,0.0,0.0,2918400,2918400,2918400,2918400,2918400,2918400,3283200,3283200,556800,2918400,1017600,3283200,7311,30423,pool-5-thread-1,5,26,38,18195,1,5,31037,/top-app,0-7,/top-app,0-7,0,466,0,466,42.8,42.0,42.8,48.2,30,40.1,34.8,0.3,0,NONE,0,0,0,0,0,2147483647,2147483647,game_pid=-1 child_num=0 ui_assist_num=0,0,0
1786636395.504,251213.52,2745600,2745600,2745600,2745600,2745600,2745600,1017600,1017600,50.0,45.5,0.0,0.0,30.4,30.4,0.0,0.0,2918400,2918400,2918400,2918400,2918400,2918400,3283200,3283200,556800,2918400,1017600,3283200,7311,30423,pool-5-thread-1,5,26,38,18195,1,1,31037,/top-app,0-7,/top-app,0-7,0,466,0,466,42.8,42.4,42.8,47.8,30,40.5,34.8,0.3,0,NONE,0,0,0,0,0,2147483647,2147483647,game_pid=-1 child_num=0 ui_assist_num=0,0,0
1786636395.504,251213.74,2745600,2745600,2745600,2745600,2745600,2745600,1017600,1017600,22.7,28.6,0.0,0.0,36.4,36.4,0.0,0.0,2918400,2918400,2918400,2918400,2918400,2918400,3283200,3283200,556800,2918400,1017600,3283200,7311,30423,pool-5-thread-1,5,26,38,18195,1,1,31037,/top-app,0-7,/top-app,0-7,0,466,0,466,43.2,42.4,43.2,47.8,30,40.5,34.8,0.3,0,NONE,0,0,0,0,0,2147483647,2147483647,game_pid=-1 child_num=0 ui_assist_num=0,0,0
1786636395.504,251213.97,2745600,2745600,2745600,2745600,2745600,2745600,1017600,1017600,28.6,34.8,0.0,0.0,47.6,28.6,0.0,0.0,2918400,2918400,2918400,2918400,2918400,2918400,3283200,3283200,556800,2918400,1017600,3283200,7311,30423,pool-5-thread-1,5,26,38,18195,1,1,31037,/top-app,0-7,/top-app,0-7,0,466,0,466,43.2,42.4,43.2,49.0,30,40.9,34.8,0.3,0,NONE,0,0,0,0,0,2147483647,2147483647,game_pid=-1 child_num=0 ui_assist_num=0,0,0
1786636395.504,251214.19,2745600,2745600,2745600,2745600,2745600,2745600,1017600,1017600,45.5,28.6,0.0,0.0,34.8,30.4,0.0,0.0,2918400,2918400,2918400,2918400,2918400,2918400,3283200,3283200,556800,2918400,1017600,3283200,7311,30423,pool-5-thread-1,5,26,38,18195,1,1,31037,/top-app,0-7,/top-app,0-7,0,466,0,466,43.6,42.8,43.6,49.4,30,40.9,34.8,0.3,0,NONE,0,0,0,0,0,2147483647,2147483647,game_pid=-1 child_num=0 ui_assist_num=0,0,0
1786636395.504,251214.43,2745600,2745600,2745600,2745600,2745600,2745600,1017600,1017600,33.3,45.8,0.0,0.0,44.0,37.5,0.0,0.0,2918400,2918400,2918400,2918400,2918400,2918400,3283200,3283200,556800,2918400,1017600,3283200,7311,30423,pool-5-thread-1,5,26,38,18195,1,1,31037,/top-app,0-7,/top-app,0-7,0,466,0,466,44.0,43.2,44.0,50.2,30,40.9,34.8,0.3,0,NONE,0,0,0,0,0,2147483647,2147483647,game_pid=-1 child_num=0 ui_assist_num=0,0,0
1786636395.504,251214.66,2745600,2745600,2745600,2745600,2745600,2745600,1017600,1017600,18.2,38.1,0.0,0.0,39.1,36.4,0.0,0.0,2918400,2918400,2918400,2918400,2918400,2918400,3283200,3283200,556800,2918400,1017600,3283200,7311,30423,pool-5-thread-1,5,26,38,18195,1,1,31037,/top-app,0-7,/top-app,0-7,0,466,0,466,44.0,43.2,44.0,49.8,30,40.9,34.8,0.3,0,NONE,0,0,0,0,0,2147483647,2147483647,game_pid=-1 child_num=0 ui_assist_num=0,0,0
1786636395.504,251214.88,2745600,2745600,2745600,2745600,2745600,2745600,1017600,1017600,28.6,40.9,0.0,0.0,31.8,40.9,0.0,0.0,2918400,2918400,2918400,2918400,2918400,2918400,3283200,3283200,556800,2918400,1017600,3283200,7311,30423,pool-5-thread-1,5,26,38,18195,1,4,31037,/top-app,0-7,/top-app,0-7,0,466,0,466,43.6,43.2,43.6,50.5,30,40.9,34.8,0.3,0,NONE,0,0,0,0,0,2147483647,2147483647,game_pid=-1 child_num=0 ui_assist_num=0,0,0
1786636395.504,251215.11,2745600,2745600,2745600,2745600,2745600,2745600,1017600,1017600,33.3,47.8,0.0,0.0,36.4,43.5,0.0,0.0,2918400,2918400,2918400,2918400,2918400,2918400,3283200,3283200,556800,2918400,1017600,3283200,7311,30423,pool-5-thread-1,5,26,38,18195,1,0,31037,/top-app,0-7,/top-app,0-7,0,466,0,466,44.0,43.2,44.0,50.2,30,40.9,34.8,0.3,0,NONE,0,0,0,0,0,2147483647,2147483647,game_pid=-1 child_num=0 ui_assist_num=0,0,0
1786636395.504,251215.34,556800,556800,556800,556800,556800,556800,1017600,1017600,34.8,30.4,0.0,0.0,36.4,30.0,0.0,0.0,2918400,2918400,2918400,2918400,2918400,2918400,3283200,3283200,556800,2918400,1017600,3283200,7311,30423,pool-5-thread-1,5,26,38,18195,1,0,31037,/top-app,0-7,/top-app,0-7,0,466,0,466,44.4,43.6,44.4,51.3,30,40.9,34.8,0.3,0,NONE,0,0,0,0,0,2147483647,2147483647,game_pid=-1 child_num=0 ui_assist_num=0,0,0
1786636395.504,251215.59,2745600,2745600,2745600,2745600,2745600,2745600,1017600,1017600,24.0,34.8,0.0,7.7,60.0,24.0,0.0,0.0,2918400,2918400,2918400,2918400,2918400,2918400,3283200,3283200,556800,2918400,1017600,3283200,7311,30423,pool-5-thread-1,5,26,38,18195,1,4,31037,/top-app,0-7,/top-app,0-7,0,466,0,466,44.4,43.2,44.4,50.5,30,40.9,34.8,0.3,0,NONE,0,0,0,0,0,2147483647,2147483647,game_pid=-1 child_num=0 ui_assist_num=0,0,0
1786636395.504,251215.81,2745600,2745600,2745600,2745600,2745600,2745600,1017600,1017600,25.0,36.4,0.0,0.0,42.9,30.4,0.0,0.0,2918400,2918400,2918400,2918400,2918400,2918400,3283200,3283200,556800,2918400,1017600,3283200,7311,30423,pool-5-thread-1,5,26,38,18195,1,5,31037,/top-app,0-7,/top-app,0-7,0,466,0,466,43.6,43.2,43.6,48.2,30,41.3,34.8,0.3,0,NONE,0,0,0,0,0,2147483647,2147483647,game_pid=-1 child_num=0 ui_assist_num=0,0,0
1786636395.504,251216.04,2745600,2745600,2745600,2745600,2745600,2745600,1017600,1017600,22.7,45.5,0.0,0.0,33.3,50.0,0.0,0.0,2918400,2918400,2918400,2918400,2918400,2918400,3283200,3283200,556800,2918400,1017600,3283200,7311,30423,pool-5-thread-1,5,26,38,18195,1,5,31037,/top-app,0-7,/top-app,0-7,0,466,0,466,43.6,43.2,43.6,48.6,30,40.9,34.8,0.3,0,NONE,0,0,0,0,0,2147483647,2147483647,game_pid=-1 child_num=0 ui_assist_num=0,0,0
1786636395.504,251216.27,2745600,2745600,2745600,2745600,2745600,2745600,1017600,1017600,50.0,28.6,0.0,0.0,45.8,30.4,0.0,0.0,2918400,2918400,2918400,2918400,2918400,2918400,3283200,3283200,556800,2918400,1017600,3283200,7311,30423,pool-5-thread-1,5,26,38,18195,1,0,31037,/top-app,0-7,/top-app,0-7,0,466,0,466,43.6,43.2,43.6,49.0,30,40.9,34.8,0.3,0,NONE,0,0,0,0,0,2147483647,2147483647,game_pid=-1 child_num=0 ui_assist_num=0,0,0
1786636395.504,251216.49,2745600,2745600,2745600,2745600,2745600,2745600,1017600,1017600,41.7,33.3,4.3,8.7,60.9,27.3,0.0,0.0,2918400,2918400,2918400,2918400,2918400,2918400,3283200,3283200,556800,2918400,1017600,3283200,7311,30423,pool-5-thread-1,5,26,38,18195,1,1,31037,/top-app,0-7,/top-app,0-7,0,466,0,466,43.6,42.8,43.6,50.2,30,40.9,34.8,0.3,0,NONE,0,0,0,0,0,2147483647,2147483647,game_pid=-1 child_num=0 ui_assist_num=0,0,0
1786636395.505,251216.74,2745600,2745600,2745600,2745600,2745600,2745600,1017600,1017600,30.4,48.0,32.0,4.0,28.0,28.0,0.0,0.0,2918400,2918400,2918400,2918400,2918400,2918400,3283200,3283200,556800,2918400,1017600,3283200,7311,30423,pool-5-thread-1,5,26,38,18195,1,1,31037,/top-app,0-7,/top-app,0-7,0,466,0,466,44.0,43.2,44.0,49.0,30,41.3,34.8,0.3,0,NONE,0,0,0,0,0,2147483647,2147483647,game_pid=-1 child_num=0 ui_assist_num=0,0,0
1786636395.505,251216.96,2745600,2745600,2745600,2745600,2745600,2745600,1017600,1017600,59.1,33.3,4.3,0.0,19.0,25.0,0.0,0.0,2918400,2918400,2918400,2918400,2918400,2918400,3283200,3283200,556800,2918400,1017600,3283200,7311,30423,pool-5-thread-1,5,26,38,18195,1,1,31037,/top-app,0-7,/top-app,0-7,0,466,0,466,43.6,42.8,43.6,49.0,30,41.3,34.8,0.3,0,NONE,0,0,0,0,0,2147483647,2147483647,game_pid=-1 child_num=0 ui_assist_num=0,0,0
1786636395.505,251217.19,556800,556800,556800,556800,556800,556800,1017600,1017600,27.3,26.1,0.0,4.2,18.2,70.8,0.0,0.0,2918400,2918400,2918400,2918400,2918400,2918400,3283200,3283200,556800,2918400,1017600,3283200,7311,30423,pool-5-thread-1,5,26,38,18195,1,0,31037,/top-app,0-7,/top-app,0-7,0,466,0,466,43.2,42.8,43.2,46.7,30,41.3,34.8,0.3,0,NONE,0,0,0,0,0,2147483647,2147483647,game_pid=-1 child_num=0 ui_assist_num=0,0,0
1786636395.505,251217.44,2745600,2745600,2745600,2745600,2745600,2745600,1017600,1017600,31.8,33.3,0.0,0.0,33.3,47.8,0.0,0.0,2918400,2918400,2918400,2918400,2918400,2918400,3283200,3283200,556800,2918400,1017600,3283200,7311,30423,pool-5-thread-1,5,26,38,18195,1,0,31037,/top-app,0-7,/top-app,0-7,0,466,0,466,43.6,42.8,43.6,48.2,30,40.9,34.8,0.3,0,NONE,0,0,0,0,0,2147483647,2147483647,game_pid=-1 child_num=0 ui_assist_num=0,0,0
1786636395.505,251217.66,2745600,2745600,2745600,2745600,2745600,2745600,1017600,1017600,36.4,27.3,4.3,0.0,33.3,47.8,0.0,0.0,2918400,2918400,2918400,2918400,2918400,2918400,3283200,3283200,556800,2918400,1017600,3283200,7311,30423,pool-5-thread-1,5,26,38,18195,1,4,31037,/top-app,0-7,/top-app,0-7,0,466,0,466,43.2,43.2,43.2,48.6,30,41.3,34.8,0.3,0,NONE,0,0,0,0,0,2147483647,2147483647,game_pid=-1 child_num=0 ui_assist_num=0,0,0
1786636395.505,251217.91,2745600,2745600,2745600,2745600,2745600,2745600,1017600,1017600,33.3,33.3,0.0,0.0,48.0,28.0,0.0,0.0,2918400,2918400,2918400,2918400,2918400,2918400,3283200,3283200,556800,2918400,1017600,3283200,7311,30423,pool-5-thread-1,5,26,38,18195,1,4,31037,/top-app,0-7,/top-app,0-7,0,466,0,466,43.6,43.2,43.6,49.4,30,40.9,34.8,0.3,0,NONE,0,0,0,0,0,2147483647,2147483647,game_pid=-1 child_num=0 ui_assist_num=0,0,0
1786636395.505,251218.14,2745600,2745600,2745600,2745600,2745600,2745600,1017600,1017600,41.7,34.8,0.0,0.0,40.9,26.3,0.0,0.0,2918400,2918400,2918400,2918400,2918400,2918400,3283200,3283200,556800,2918400,1017600,3283200,7311,30423,pool-5-thread-1,5,26,38,18195,1,1,31037,/top-app,0-7,/top-app,0-7,0,466,0,466,44.0,43.2,44.0,49.8,30,41.3,34.8,0.3,0,NONE,0,0,0,0,0,2147483647,2147483647,game_pid=-1 child_num=0 ui_assist_num=0,0,0
1786636395.505,251218.36,2745600,2745600,2745600,2745600,2745600,2745600,1017600,1017600,25.0,22.7,0.0,4.3,22.7,66.7,0.0,0.0,2918400,2918400,2918400,2918400,2918400,2918400,3283200,3283200,556800,2918400,1017600,3283200,7311,30423,pool-5-thread-1,5,26,38,18195,1,5,31037,/top-app,0-7,/top-app,0-7,0,466,0,466,44.0,43.2,44.0,50.2,30,41.3,34.8,0.3,0,NONE,0,0,0,0,0,2147483647,2147483647,game_pid=-1 child_num=0 ui_assist_num=0,0,0
1786636395.505,251218.59,2745600,2745600,2745600,2745600,2745600,2745600,1017600,1017600,33.3,39.1,0.0,0.0,27.3,30.0,0.0,0.0,2918400,2918400,2918400,2918400,2918400,2918400,3283200,3283200,556800,2918400,1017600,3283200,7311,30423,pool-5-thread-1,5,26,38,18195,1,1,31037,/top-app,0-7,/top-app,0-7,0,466,0,466,44.4,43.6,44.4,49.4,30,41.3,34.8,0.3,0,NONE,0,0,0,0,0,2147483647,2147483647,game_pid=-1 child_num=0 ui_assist_num=0,0,0
1786636399.055,251233.27,2745600,2745600,2745600,2745600,2745600,2745600,1017600,1017600,31.5,31.7,0.2,0.3,34.8,34.7,0.0,0.0,2918400,2918400,2918400,2918400,2918400,2918400,3283200,3283200,556800,2918400,1017600,3283200,7311,30423,pool-5-thread-1,5,26,38,18195,1,5,31037,/top-app,0-7,/top-app,0-7,0,466,0,466,44.4,43.6,44.4,50.5,30,41.7,34.9,0.3,0,NONE,0,0,0,0,0,2147483647,2147483647,game_pid=-1 child_num=0 ui_assist_num=0,0,0
1786636399.055,251233.52,2745600,2918400,2918400,2918400,2918400,2918400,1017600,1017600,46.2,47.8,0.0,0.0,47.8,41.7,0.0,0.0,2918400,2918400,2918400,2918400,2918400,2918400,3283200,3283200,556800,2918400,1017600,3283200,7311,30423,pool-5-thread-1,5,26,38,18195,1,1,31037,/top-app,0-7,/top-app,0-7,0,466,0,466,45.1,44.0,45.1,52.5,30,42.0,34.9,0.3,0,NONE,0,0,0,0,0,2147483647,2147483647,game_pid=-1 child_num=0 ui_assist_num=0,0,0
1786636399.055,251233.74,2745600,2745600,2745600,2745600,2745600,2745600,1017600,1017600,15.0,57.1,0.0,4.5,19.0,31.8,0.0,0.0,2918400,2918400,2918400,2918400,2918400,2918400,3283200,3283200,556800,2918400,1017600,3283200,7311,30423,pool-5-thread-1,5,26,38,18195,1,1,31037,/top-app,0-7,/top-app,0-7,0,466,0,466,45.1,44.4,45.1,51.3,30,41.7,34.9,0.3,0,NONE,0,0,0,0,0,2147483647,2147483647,game_pid=-1 child_num=0 ui_assist_num=0,0,0
1786636399.056,251233.97,2745600,2745600,2745600,2745600,2745600,2745600,1017600,1017600,36.4,30.4,0.0,0.0,34.8,31.8,0.0,0.0,2918400,2918400,2918400,2918400,2918400,2918400,3283200,3283200,556800,2918400,1017600,3283200,7311,30423,pool-5-thread-1,5,26,38,18195,1,5,31037,/top-app,0-7,/top-app,0-7,0,466,0,466,44.8,44.4,44.8,51.3,30,41.7,34.9,0.3,0,NONE,0,0,0,0,0,2147483647,2147483647,game_pid=-1 child_num=0 ui_assist_num=0,0,0
1786636399.056,251234.19,2745600,2745600,2745600,2745600,2745600,2745600,1017600,1017600,22.7,40.9,0.0,0.0,26.1,40.9,0.0,0.0,2918400,2918400,2918400,2918400,2918400,2918400,3283200,3283200,556800,2918400,1017600,3283200,7311,30423,pool-5-thread-1,5,26,38,18195,1,0,31037,/top-app,0-7,/top-app,0-7,0,466,0,466,45.1,44.4,45.1,50.9,30,42.0,34.9,0.3,0,NONE,0,0,0,0,0,2147483647,2147483647,game_pid=-1 child_num=0 ui_assist_num=0,0,0
1786636399.056,251234.42,2745600,2745600,2745600,2745600,2745600,2745600,1017600,1017600,33.3,34.8,0.0,0.0,36.4,33.3,0.0,0.0,2918400,2918400,2918400,2918400,2918400,2918400,3283200,3283200,556800,2918400,1017600,3283200,7311,30423,pool-5-thread-1,5,26,38,18195,1,0,31037,/top-app,0-7,/top-app,0-7,0,466,0,466,45.1,44.8,45.1,53.2,30,42.0,34.9,0.3,0,NONE,0,0,0,0,0,2147483647,2147483647,game_pid=-1 child_num=0 ui_assist_num=0,0,0
1786636399.056,251234.66,2745600,2745600,2745600,2745600,2745600,2745600,1017600,1017600,36.0,66.7,4.2,0.0,31.8,23.1,0.0,0.0,2918400,2918400,2918400,2918400,2918400,2918400,3283200,3283200,556800,2918400,1017600,3283200,7311,30423,pool-5-thread-1,5,26,38,18195,1,5,31037,/top-app,0-7,/top-app,0-7,0,466,0,466,45.5,44.8,45.5,51.7,30,42.0,34.9,0.3,0,NONE,0,0,0,0,0,2147483647,2147483647,game_pid=-1 child_num=0 ui_assist_num=0,0,0
1786636399.060,251234.89,556800,556800,556800,556800,556800,556800,1017600,1017600,42.9,41.7,0.0,0.0,37.5,34.8,0.0,0.0,2918400,2918400,2918400,2918400,2918400,2918400,3283200,3283200,556800,2918400,1017600,3283200,7311,30423,pool-5-thread-1,5,26,38,18195,0,NA,31037,/top-app,0-7,/top-app,0-7,0,466,0,466,43.6,43.6,43.6,45.9,30,42.0,34.9,0.3,0,NONE,0,0,0,0,0,2147483647,2147483647,game_pid=-1 child_num=0 ui_assist_num=0,0,0
1786636399.060,251235.17,556800,556800,556800,556800,556800,556800,1017600,1017600,51.9,29.6,0.0,0.0,31.0,33.3,0.0,0.0,2918400,2918400,2918400,2918400,2918400,2918400,3283200,3283200,556800,2918400,1017600,3283200,7311,30423,pool-5-thread-1,5,26,38,18195,0,NA,31037,/top-app,0-7,/top-app,0-7,0,466,0,466,43.2,42.8,43.2,44.8,30,41.7,34.9,0.3,0,NONE,0,0,0,0,0,2147483647,2147483647,game_pid=-1 child_num=0 ui_assist_num=0,0,0
1786636399.060,251235.44,556800,556800,556800,556800,556800,556800,1017600,1017600,48.1,34.5,0.0,0.0,29.6,32.1,0.0,0.0,2918400,2918400,2918400,2918400,2918400,2918400,3283200,3283200,556800,2918400,1017600,3283200,7311,30423,pool-5-thread-1,5,26,38,18195,0,NA,31037,/top-app,0-7,/top-app,0-7,0,466,0,466,42.8,42.8,42.4,45.1,30,42.0,34.9,0.3,0,NONE,0,0,0,0,0,2147483647,2147483647,game_pid=-1 child_num=0 ui_assist_num=0,0,0
1786636399.060,251235.70,556800,556800,556800,556800,556800,556800,1017600,1017600,50.0,30.8,15.4,15.4,23.1,23.1,0.0,0.0,2918400,2918400,2918400,2918400,2918400,2918400,3283200,3283200,556800,2918400,1017600,3283200,7311,30423,pool-5-thread-1,5,26,38,18195,0,NA,31037,/top-app,0-7,/top-app,0-7,0,466,0,466,42.4,42.0,42.4,44.8,30,41.7,34.9,0.3,0,NONE,0,0,0,0,0,2147483647,2147483647,game_pid=-1 child_num=0 ui_assist_num=0,0,0
1786636399.060,251235.98,556800,556800,556800,556800,556800,556800,1017600,1017600,46.7,28.1,0.0,0.0,25.0,11.1,0.0,0.0,2918400,2918400,2918400,2918400,2918400,2918400,3283200,3283200,556800,2918400,1017600,3283200,7311,30423,pool-5-thread-1,5,26,38,18195,0,NA,31037,/top-app,0-7,/top-app,0-7,0,466,0,466,42.0,42.0,42.0,43.2,30,41.7,34.9,0.3,0,NONE,0,0,0,0,0,2147483647,2147483647,game_pid=-1 child_num=0 ui_assist_num=0,0,0
1786636399.060,251236.26,556800,556800,556800,556800,556800,556800,1017600,1017600,55.9,44.4,0.0,0.0,23.3,26.7,0.0,0.0,2918400,2918400,2918400,2918400,2918400,2918400,3283200,3283200,556800,2918400,1017600,3283200,7311,30423,pool-5-thread-1,5,26,38,18195,0,NA,31037,/top-app,0-7,/top-app,0-7,0,466,0,466,42.0,41.7,42.0,43.2,30,41.3,34.9,0.3,0,NONE,0,0,0,0,0,2147483647,2147483647,game_pid=-1 child_num=0 ui_assist_num=0,0,0
1786636399.060,251236.53,960000,960000,960000,960000,960000,960000,1017600,1017600,52.2,38.5,17.9,7.7,60.7,53.6,0.0,0.0,2918400,2918400,2918400,2918400,2918400,2918400,3283200,3283200,556800,2918400,1017600,3283200,7311,30423,pool-5-thread-1,5,26,38,18195,0,NA,31037,/top-app,0-7,/top-app,0-7,0,466,0,466,42.0,42.0,41.7,43.2,30,41.3,34.9,0.3,0,NONE,0,0,0,0,0,2147483647,2147483647,game_pid=-1 child_num=0 ui_assist_num=0,0,0
1786636399.060,251236.78,556800,556800,556800,556800,556800,556800,1017600,1017600,51.7,41.9,0.0,0.0,19.2,22.2,0.0,0.0,2918400,2918400,2918400,2918400,2918400,2918400,3283200,3283200,556800,2918400,1017600,3283200,7311,30423,pool-5-thread-1,5,26,38,18195,0,NA,31037,/top-app,0-7,/top-app,0-7,0,466,0,466,41.7,41.3,41.7,42.4,30,40.9,34.9,0.3,0,NONE,0,0,0,0,0,2147483647,2147483647,game_pid=-1 child_num=0 ui_assist_num=0,0,0
1786636399.060,251237.05,556800,556800,556800,556800,556800,556800,1017600,1017600,44.8,42.4,3.6,0.0,14.8,28.6,0.0,0.0,2918400,2918400,2918400,2918400,2918400,2918400,3283200,3283200,556800,2918400,1017600,3283200,7311,30423,pool-5-thread-1,5,26,38,18195,0,NA,31037,/top-app,0-7,/top-app,0-7,0,466,0,466,41.7,41.3,41.7,43.6,30,40.5,34.9,0.3,0,NONE,0,0,0,0,0,2147483647,2147483647,game_pid=-1 child_num=0 ui_assist_num=0,0,0
1786636399.060,251237.33,556800,556800,556800,556800,556800,556800,1017600,1017600,40.0,37.1,0.0,0.0,20.7,29.6,0.0,0.0,2918400,2918400,2918400,2918400,2918400,2918400,3283200,3283200,556800,2918400,1017600,3283200,7311,30423,pool-5-thread-1,5,26,38,18195,0,NA,31037,/top-app,0-7,/top-app,0-7,0,466,0,466,41.7,41.3,41.7,42.4,30,40.9,34.9,0.3,0,NONE,0,0,0,0,0,2147483647,2147483647,game_pid=-1 child_num=0 ui_assist_num=0,0,0
1786636399.060,251237.60,960000,960000,960000,960000,960000,960000,1017600,1017600,55.9,44.1,0.0,0.0,41.4,25.0,0.0,0.0,2918400,2918400,2918400,2918400,2918400,2918400,3283200,3283200,556800,2918400,1017600,3283200,7311,30423,pool-5-thread-1,5,26,38,18195,0,NA,31037,/top-app,0-7,/top-app,0-7,0,466,0,466,41.3,41.3,41.3,43.6,30,40.9,34.9,0.3,0,NONE,0,0,0,0,0,2147483647,2147483647,game_pid=-1 child_num=0 ui_assist_num=0,0,0
1786636399.060,251237.84,556800,556800,556800,556800,556800,556800,1017600,1017600,51.7,40.0,0.0,0.0,20.8,12.5,0.0,0.0,2918400,2918400,2918400,2918400,2918400,2918400,3283200,3283200,556800,2918400,1017600,3283200,7311,30423,pool-5-thread-1,5,26,38,18195,0,NA,31037,/top-app,0-7,/top-app,0-7,0,466,0,466,41.3,41.3,40.9,42.0,30,40.5,34.9,0.3,0,NONE,0,0,0,0,0,2147483647,2147483647,game_pid=-1 child_num=0 ui_assist_num=0,0,0
1786636399.061,251238.13,556800,556800,556800,556800,556800,556800,1017600,1017600,46.9,42.1,0.0,0.0,13.8,31.0,0.0,0.0,2918400,2918400,2918400,2918400,2918400,2918400,3283200,3283200,556800,2918400,1017600,3283200,7311,30423,pool-5-thread-1,5,26,38,18195,0,NA,31037,/top-app,0-7,/top-app,0-7,0,466,0,466,40.9,40.9,40.9,42.4,30,40.5,34.9,0.3,0,NONE,0,0,0,0,0,2147483647,2147483647,game_pid=-1 child_num=0 ui_assist_num=0,0,0
1786636399.285,251238.40,556800,556800,556800,556800,556800,556800,1017600,1017600,54.8,42.4,0.0,0.0,25.9,36.7,0.0,0.0,2918400,2918400,2918400,2918400,2918400,2918400,3283200,3283200,556800,2918400,1017600,3283200,7311,30423,pool-5-thread-1,5,26,38,18195,0,NA,31037,/top-app,0-7,/top-app,0-7,0,466,0,466,41.3,41.3,40.9,43.2,30,40.9,34.9,0.3,0,NONE,0,0,0,0,0,2147483647,2147483647,game_pid=-1 child_num=0 ui_assist_num=0,0,0
1786636399.531,251238.69,960000,960000,960000,960000,960000,960000,1017600,1017600,50.0,40.6,10.0,12.5,41.4,28.6,0.0,0.0,2918400,2918400,2918400,2918400,2918400,2918400,3283200,3283200,556800,2918400,1017600,3283200,7311,30423,pool-5-thread-1,5,26,38,18195,0,NA,31037,/top-app,0-7,/top-app,0-7,0,466,0,466,41.3,41.3,40.9,42.4,30,40.1,34.9,0.3,0,NONE,0,0,0,0,0,2147483647,2147483647,game_pid=-1 child_num=0 ui_assist_num=0,0,0
1786636399.789,251238.94,748800,748800,748800,748800,556800,556800,1017600,1017600,59.4,40.0,8.0,8.0,8.3,12.0,0.0,0.0,2918400,2918400,2918400,2918400,2918400,2918400,3283200,3283200,556800,2918400,1017600,3283200,7311,30423,pool-5-thread-1,5,26,38,18195,0,NA,31037,/top-app,0-7,/top-app,0-7,0,466,0,466,40.9,40.9,40.9,42.4,30,40.1,34.9,0.3,0,NONE,0,0,0,0,0,2147483647,2147483647,game_pid=-1 child_num=0 ui_assist_num=0,0,0
1786636400.070,251239.20,556800,556800,556800,556800,556800,556800,1017600,1017600,48.3,44.1,0.0,0.0,16.0,19.2,0.0,0.0,2918400,2918400,2918400,2918400,2918400,2918400,3283200,3283200,556800,2918400,1017600,3283200,7311,30423,pool-5-thread-1,5,26,38,18195,0,NA,31037,/top-app,0-7,/top-app,0-7,0,466,0,466,40.9,40.9,40.9,41.7,30,40.5,34.9,0.3,0,NONE,0,0,0,0,0,2147483647,2147483647,game_pid=-1 child_num=0 ui_assist_num=0,0,0
1786636400.351,251239.49,556800,556800,556800,556800,556800,556800,1017600,1017600,58.6,47.2,0.0,0.0,35.5,26.7,0.0,0.0,2918400,2918400,2918400,2918400,2918400,2918400,3283200,3283200,556800,2918400,1017600,3283200,7311,30423,pool-5-thread-1,5,26,38,18195,0,NA,31037,/top-app,0-7,/top-app,0-7,0,466,0,466,40.9,40.9,40.5,42.0,30,40.1,34.9,0.3,0,NONE,0,0,0,0,0,2147483647,2147483647,game_pid=-1 child_num=0 ui_assist_num=0,0,0
1786636400.622,251239.76,2400000,2400000,2400000,2400000,2400000,2400000,1017600,1017600,53.1,40.6,0.0,0.0,29.6,37.9,0.0,0.0,2918400,2918400,2918400,2918400,2918400,2918400,3283200,3283200,556800,2918400,1017600,3283200,7311,30423,pool-5-thread-1,5,26,38,18195,1,5,31037,/top-app,0-7,/top-app,0-7,0,466,0,466,40.9,40.5,40.9,43.2,30,40.1,34.9,0.3,0,NONE,0,0,0,0,0,2147483647,2147483647,game_pid=-1 child_num=0 ui_assist_num=0,0,0
1786636400.889,251240.03,2918400,2918400,2918400,2918400,2918400,2918400,1017600,1017600,63.0,50.0,19.2,18.5,54.2,64.0,0.0,0.0,2918400,2918400,2918400,2918400,2918400,2918400,3283200,3283200,556800,2918400,1017600,3283200,7311,30423,pool-5-thread-1,5,26,38,18195,12,"5,4,2,2,1,3,4,1,0,3,4,3",31037,/top-app,0-7,/top-app,0-7,0,466,0,466,47.5,45.1,47.5,56.7,30,40.5,34.9,0.3,0,NONE,0,0,0,0,0,2147483647,2147483647,game_pid=-1 child_num=0 ui_assist_num=0,0,0
1786636401.122,251240.31,2918400,2918400,2918400,2918400,2918400,2918400,3283200,3283200,96.3,96.4,92.9,96.2,92.3,93.1,77.8,78.6,2918400,2918400,2918400,2918400,2918400,2918400,3283200,3283200,556800,2918400,1017600,3283200,7311,30423,pool-5-thread-1,5,26,38,18195,1,3,31037,/top-app,0-7,/top-app,0-7,0,466,0,466,52.9,51.7,52.9,57.5,30,41.7,34.9,0.3,0,NONE,0,0,0,0,0,2147483647,2147483647,game_pid=-1 child_num=0 ui_assist_num=0,0,0
1786636401.375,251240.53,2918400,2918400,2918400,2918400,2918400,2918400,2649600,2649600,59.1,57.1,66.7,95.5,60.9,57.1,36.4,45.5,2918400,2918400,2918400,2918400,2918400,2918400,3283200,3283200,556800,2918400,1017600,3283200,7311,30423,pool-5-thread-1,5,26,38,18195,13,"3,1,1,6,4,6,0,6,4,2,5,7,4",31037,/top-app,0-7,/top-app,0-7,0,466,0,466,64.1,61.7,64.1,63.7,30,41.7,34.9,0.3,0,NONE,0,0,0,0,0,2147483647,2147483647,game_pid=-1 child_num=0 ui_assist_num=0,0,0
1786636401.608,251240.79,2918400,2918400,2918400,2918400,2918400,2918400,1017600,1017600,65.4,84.0,87.5,69.2,68.0,84.6,61.5,59.3,2918400,2918400,2918400,2918400,2918400,2918400,3283200,3283200,556800,2918400,1017600,3283200,7311,30423,pool-5-thread-1,5,26,38,18195,1,1,31037,/top-app,0-7,/top-app,0-7,0,466,0,466,50.5,49.4,50.5,57.9,30,42.4,34.9,0.3,0,NONE,0,0,0,0,0,2147483647,2147483647,game_pid=-1 child_num=0 ui_assist_num=0,0,0
1786636401.902,251241.03,2918400,2918400,2918400,2918400,2918400,2918400,3283200,3283200,91.3,95.8,83.3,83.3,83.3,82.6,70.8,82.6,2918400,2918400,2918400,2918400,2918400,2918400,3283200,3283200,556800,2918400,1017600,3283200,7311,30423,pool-5-thread-1,5,26,38,18195,5,"1,6,3,5,4",31037,/top-app,0-7,/top-app,0-7,0,466,0,466,64.5,64.5,60.6,64.5,30,43.2,34.9,0.3,0,NONE,0,0,0,0,0,2147483647,2147483647,game_pid=-1 child_num=0 ui_assist_num=0,0,0
1786636402.135,251241.31,2918400,2918400,2918400,2918400,2918400,2918400,2246400,2246400,57.1,79.3,64.3,51.9,53.6,62.1,57.1,51.7,2918400,2918400,2918400,2918400,2918400,2918400,3283200,3283200,556800,2918400,1017600,3283200,7311,30423,pool-5-thread-1,5,26,38,18195,11,"7,1,1,1,3,3,2,7,5,4,0",31037,/top-app,0-7,/top-app,0-7,0,466,0,466,63.7,61.4,63.7,61.7,30,43.6,34.9,0.3,0,NONE,0,0,0,0,0,2147483647,2147483647,game_pid=-1 child_num=0 ui_assist_num=0,0,0
1786636402.364,251241.55,2918400,2918400,2918400,2918400,2918400,2918400,2649600,2649600,100.0,95.8,95.7,91.3,95.8,100.0,100.0,100.0,2918400,2918400,2918400,2918400,2918400,2918400,3283200,3283200,556800,2918400,1017600,3283200,7311,30423,pool-5-thread-1,5,26,38,18195,4,"0,7,6,5",31037,/top-app,0-7,/top-app,0-7,0,466,0,466,74.1,64.1,74.1,65.2,30,44.0,34.9,0.3,0,NONE,0,0,0,0,0,2147483647,2147483647,game_pid=-1 child_num=0 ui_assist_num=0,0,0
1786636402.645,251241.77,2918400,2918400,2918400,2918400,2918400,2918400,3283200,3283200,56.5,50.0,54.5,83.3,52.2,69.6,39.1,58.3,2918400,2918400,2918400,2918400,2918400,2918400,3283200,3283200,556800,2918400,1017600,3283200,7311,30423,pool-5-thread-1,5,26,38,18195,10,"3,6,4,5,4,6,2,7,0,1",31037,/top-app,0-7,/top-app,0-7,0,466,0,466,66.4,65.2,66.4,68.3,30,44.4,34.9,0.3,0,NONE,0,0,0,0,0,2147483647,2147483647,game_pid=-1 child_num=0 ui_assist_num=0,0,0
1786636402.894,251242.06,960000,960000,960000,960000,960000,960000,1017600,1017600,75.0,63.3,65.5,57.1,65.5,80.0,75.0,62.1,2918400,2918400,2918400,2918400,2918400,2918400,3283200,3283200,556800,2918400,1017600,3283200,7311,30423,pool-5-thread-1,5,26,38,18195,1,4,31037,/top-app,0-7,/top-app,0-7,0,466,0,466,52.9,52.5,52.9,56.3,30,44.8,34.9,0.3,0,NONE,0,0,0,0,0,2147483647,2147483647,game_pid=-1 child_num=0 ui_assist_num=0,0,0
1786636403.163,251242.30,556800,556800,556800,556800,556800,556800,1017600,1017600,40.0,27.3,8.3,45.8,40.9,34.8,0.0,0.0,2918400,2918400,2918400,2918400,2918400,2918400,3283200,3283200,556800,2918400,1017600,3283200,7311,30423,pool-5-thread-1,5,26,38,18195,0,NA,31037,/top-app,0-7,/top-app,0-7,0,466,0,466,49.4,49.0,49.4,54.4,30,44.0,34.9,0.3,0,NONE,0,0,0,0,0,2147483647,2147483647,game_pid=-1 child_num=0 ui_assist_num=0,0,0
1786636403.425,251242.57,556800,556800,556800,556800,556800,556800,1017600,1017600,40.0,30.8,24.1,3.8,35.7,23.1,0.0,0.0,2918400,2918400,2918400,2918400,2918400,2918400,3283200,3283200,556800,2918400,1017600,3283200,7311,30423,pool-5-thread-1,5,26,38,18195,0,NA,31037,/top-app,0-7,/top-app,0-7,0,466,0,466,47.1,46.7,47.1,49.0,30,44.0,34.9,0.3,0,NONE,0,0,0,0,0,2147483647,2147483647,game_pid=-1 child_num=0 ui_assist_num=0,0,0
1786636403.698,251242.83,556800,556800,556800,556800,556800,556800,1017600,1017600,55.6,34.6,15.4,10.7,32.1,29.6,0.0,0.0,2918400,2918400,2918400,2918400,2918400,2918400,3283200,3283200,556800,2918400,1017600,3283200,7311,30423,pool-5-thread-1,5,26,38,18195,0,NA,31037,/top-app,0-7,/top-app,0-7,0,466,0,466,45.9,45.9,45.9,48.2,30,43.6,34.9,0.3,0,NONE,0,0,0,0,0,2147483647,2147483647,game_pid=-1 child_num=0 ui_assist_num=0,0,0
1786636403.955,251243.11,556800,556800,556800,556800,556800,556800,1017600,1017600,50.0,34.5,11.1,3.7,23.1,28.6,0.0,0.0,2918400,2918400,2918400,2918400,2918400,2918400,3283200,3283200,556800,2918400,1017600,3283200,7311,30423,pool-5-thread-1,5,26,38,18195,0,NA,31037,/top-app,0-7,/top-app,0-7,0,466,0,466,45.1,45.1,45.1,47.1,30,43.6,34.9,0.3,0,NONE,0,0,0,0,0,2147483647,2147483647,game_pid=-1 child_num=0 ui_assist_num=0,0,0
1786636404.211,251243.36,556800,556800,556800,556800,556800,556800,1017600,1017600,53.3,41.9,0.0,0.0,25.9,30.8,0.0,0.0,2918400,2918400,2918400,2918400,2918400,2918400,3283200,3283200,556800,2918400,1017600,3283200,7311,30423,pool-5-thread-1,5,26,38,18195,0,NA,31037,/top-app,0-7,/top-app,0-7,0,466,0,466,44.8,44.4,44.8,46.3,30,42.8,34.9,0.3,0,NONE,0,0,0,0,0,2147483647,2147483647,game_pid=-1 child_num=0 ui_assist_num=0,0,0
1786636404.497,251243.62,556800,556800,556800,556800,556800,556800,1017600,1017600,55.6,44.1,0.0,8.0,16.0,12.0,0.0,0.0,2918400,2918400,2918400,2918400,2918400,2918400,3283200,3283200,556800,2918400,1017600,3283200,7311,30423,pool-5-thread-1,5,26,38,18195,0,NA,31037,/top-app,0-7,/top-app,0-7,0,466,0,466,44.0,44.0,44.0,46.3,30,42.4,34.9,0.3,0,NONE,0,0,0,0,0,2147483647,2147483647,game_pid=-1 child_num=0 ui_assist_num=0,0,0
1786636404.748,251243.91,556800,556800,556800,556800,556800,556800,1017600,1017600,51.4,38.2,0.0,0.0,20.0,26.7,0.0,0.0,2918400,2918400,2918400,2918400,2918400,2918400,3283200,3283200,556800,2918400,1017600,3283200,7311,30423,pool-5-thread-1,5,26,38,18195,0,NA,31037,/top-app,0-7,/top-app,0-7,0,466,0,466,44.0,43.6,44.0,46.3,30,42.8,34.9,0.3,0,NONE,0,0,0,0,0,2147483647,2147483647,game_pid=-1 child_num=0 ui_assist_num=0,0,0
1786636405.020,251244.16,556800,556800,556800,556800,556800,556800,1017600,1017600,47.8,39.3,4.2,8.0,26.9,26.9,0.0,0.0,2918400,2918400,2918400,2918400,2918400,2918400,3283200,3283200,556800,2918400,1017600,3283200,7311,30423,pool-5-thread-1,5,26,38,18195,0,NA,31037,/top-app,0-7,/top-app,0-7,0,466,0,466,43.2,43.2,43.2,44.4,30,42.4,34.9,0.3,0,NONE,0,0,0,0,0,2147483647,2147483647,game_pid=-1 child_num=0 ui_assist_num=0,0,0
1786636405.299,251244.44,556800,556800,556800,556800,556800,556800,1017600,1017600,48.4,39.4,0.0,0.0,20.7,21.4,0.0,0.0,2918400,2918400,2918400,2918400,2918400,2918400,3283200,3283200,556800,2918400,1017600,3283200,7311,30423,pool-5-thread-1,5,26,38,18195,0,NA,31037,/top-app,0-7,/top-app,0-7,0,466,0,466,43.2,43.2,42.8,44.0,30,42.0,34.9,0.3,0,NONE,0,0,0,0,0,2147483647,2147483647,game_pid=-1 child_num=0 ui_assist_num=0,0,0
1786636405.551,251244.71,556800,556800,556800,556800,556800,556800,1017600,1017600,48.3,47.1,0.0,0.0,14.8,32.1,0.0,0.0,2918400,2918400,2918400,2918400,2918400,2918400,3283200,3283200,556800,2918400,1017600,3283200,7311,30423,pool-5-thread-1,5,26,38,18195,0,NA,31037,/top-app,0-7,/top-app,0-7,0,466,0,466,42.8,42.8,42.8,44.4,30,42.0,34.9,0.3,0,NONE,0,0,0,0,0,2147483647,2147483647,game_pid=-1 child_num=0 ui_assist_num=0,0,0
1786636405.823,251244.96,748800,748800,748800,748800,748800,748800,1017600,1017600,56.2,36.7,7.7,0.0,8.3,19.2,0.0,0.0,2918400,2918400,2918400,2918400,2918400,2918400,3283200,3283200,556800,2918400,1017600,3283200,7311,30423,pool-5-thread-1,5,26,38,18195,0,NA,31037,/top-app,0-7,/top-app,0-7,0,466,0,466,42.4,42.4,42.4,45.1,30,41.7,34.9,0.3,0,NONE,0,0,0,0,0,2147483647,2147483647,game_pid=-1 child_num=0 ui_assist_num=0,0,0
1786636406.094,251245.23,556800,556800,556800,556800,556800,556800,1017600,1017600,48.3,39.4,17.2,10.7,17.9,22.2,0.0,0.0,2918400,2918400,2918400,2918400,2918400,2918400,3283200,3283200,556800,2918400,1017600,3283200,7311,30423,pool-5-thread-1,5,26,38,18195,0,NA,31037,/top-app,0-7,/top-app,0-7,0,466,0,466,42.4,42.4,42.4,43.6,30,41.7,34.9,0.3,0,NONE,0,0,0,0,0,2147483647,2147483647,game_pid=-1 child_num=0 ui_assist_num=0,0,0
1786636406.351,251245.51,748800,748800,748800,748800,748800,748800,1017600,1017600,44.8,37.9,0.0,0.0,35.7,30.0,0.0,0.0,2918400,2918400,2918400,2918400,2918400,2918400,3283200,3283200,556800,2918400,1017600,3283200,7311,30423,pool-5-thread-1,5,26,38,18195,0,NA,31037,/top-app,0-7,/top-app,0-7,0,466,0,466,42.4,42.4,42.0,43.6,30,41.3,34.9,0.3,0,NONE,0,0,0,0,0,2147483647,2147483647,game_pid=-1 child_num=0 ui_assist_num=0,0,0
1786636406.624,251245.76,556800,556800,556800,556800,556800,556800,1017600,1017600,46.2,42.4,0.0,0.0,15.4,18.5,0.0,0.0,2918400,2918400,2918400,2918400,2918400,2918400,3283200,3283200,556800,2918400,1017600,3283200,7311,30423,pool-5-thread-1,5,26,38,18195,0,NA,31037,/top-app,0-7,/top-app,0-7,0,466,0,466,42.0,42.0,42.0,42.8,30,41.3,34.9,0.3,0,NONE,0,0,0,0,0,2147483647,2147483647,game_pid=-1 child_num=0 ui_assist_num=0,0,0
1786636406.877,251246.04,748800,748800,748800,748800,748800,748800,1017600,1017600,46.7,34.4,0.0,0.0,14.8,33.3,0.0,0.0,2918400,2918400,2918400,2918400,2918400,2918400,3283200,3283200,556800,2918400,1017600,3283200,7311,30423,pool-5-thread-1,5,26,38,18195,0,NA,31037,/top-app,0-7,/top-app,0-7,0,466,0,466,41.7,41.7,41.7,44.4,30,41.3,34.9,0.3,0,NONE,0,0,0,0,0,2147483647,2147483647,game_pid=-1 child_num=0 ui_assist_num=0,0,0
1786636407.159,251246.28,556800,556800,556800,556800,556800,556800,1017600,1017600,50.0,36.7,4.0,8.3,18.5,8.3,0.0,0.0,2918400,2918400,2918400,2918400,2918400,2918400,3283200,3283200,556800,2918400,1017600,3283200,7311,30423,pool-5-thread-1,5,26,38,18195,0,NA,31037,/top-app,0-7,/top-app,0-7,0,466,0,466,42.0,41.7,42.0,44.4,30,41.3,34.9,0.3,0,NONE,0,0,0,0,0,2147483647,2147483647,game_pid=-1 child_num=0 ui_assist_num=0,0,0
1786636407.403,251246.57,748800,748800,748800,748800,748800,748800,1017600,1017600,50.0,37.9,17.9,11.1,28.6,39.3,0.0,0.0,2918400,2918400,2918400,2918400,2918400,2918400,3283200,3283200,556800,2918400,1017600,3283200,7311,30423,pool-5-thread-1,5,26,38,18195,0,NA,31037,/top-app,0-7,/top-app,0-7,0,466,0,466,42.0,41.7,42.0,43.6,30,40.9,34.9,0.3,0,NONE,0,0,0,0,0,2147483647,2147483647,game_pid=-1 child_num=0 ui_assist_num=0,0,0
1786636407.659,251246.81,556800,556800,556800,556800,556800,556800,1017600,1017600,51.9,38.7,0.0,4.2,20.0,25.9,0.0,0.0,2918400,2918400,2918400,2918400,2918400,2918400,3283200,3283200,556800,2918400,1017600,3283200,7311,30423,pool-5-thread-1,5,26,38,18195,0,NA,31037,/top-app,0-7,/top-app,0-7,0,466,0,466,41.7,41.7,41.7,43.2,30,40.9,34.9,0.3,0,NONE,0,0,0,0,0,2147483647,2147483647,game_pid=-1 child_num=0 ui_assist_num=0,0,0
1786636407.928,251247.07,556800,556800,556800,556800,556800,556800,1017600,1017600,53.3,43.8,11.1,7.7,26.9,28.0,0.0,0.0,2918400,2918400,2918400,2918400,2918400,2918400,3283200,3283200,556800,2918400,1017600,3283200,7311,30423,pool-5-thread-1,5,26,38,18195,0,NA,31037,/top-app,0-7,/top-app,0-7,0,466,0,466,41.7,41.7,41.7,43.2,30,41.3,34.9,0.3,0,NONE,0,0,0,0,0,2147483647,2147483647,game_pid=-1 child_num=0 ui_assist_num=0,0,0
1786636408.157,251247.34,2400000,2400000,2400000,2400000,2400000,2400000,1017600,1017600,44.4,38.7,7.7,19.2,28.6,40.0,0.0,0.0,2918400,2918400,2918400,2918400,2918400,2918400,3283200,3283200,556800,2918400,1017600,3283200,7311,30423,pool-5-thread-1,5,26,38,18195,1,5,31037,/top-app,0-7,/top-app,0-7,0,466,0,466,42.0,41.3,42.0,45.9,30,40.9,34.9,0.3,0,NONE,0,0,0,0,0,2147483647,2147483647,game_pid=-1 child_num=0 ui_assist_num=0,0,0
1786636408.404,251247.56,2400000,2400000,2400000,2400000,2400000,2400000,1017600,1017600,36.4,45.5,4.5,8.7,23.8,31.8,0.0,0.0,2918400,2918400,2918400,2918400,2918400,2918400,3283200,3283200,556800,2918400,1017600,3283200,7311,30423,pool-5-thread-1,5,26,38,18195,1,1,31037,/top-app,0-7,/top-app,0-7,0,466,0,466,43.2,42.4,43.2,47.8,30,41.3,34.9,0.3,0,NONE,0,0,0,0,0,2147483647,2147483647,game_pid=-1 child_num=0 ui_assist_num=0,0,0
1786636408.653,251247.81,2918400,2918400,2918400,2918400,2918400,2918400,1017600,1017600,60.0,54.2,23.1,23.1,50.0,57.7,0.0,0.0,2918400,2918400,2918400,2918400,2918400,2918400,3283200,3283200,556800,2918400,1017600,3283200,7311,30423,pool-5-thread-1,5,26,38,18195,8,"4,0,2,5,1,5,3,3",31037,/top-app,0-7,/top-app,0-7,0,466,0,466,44.4,43.2,44.4,54.8,30,40.9,34.9,0.3,0,NONE,0,0,0,0,0,2147483647,2147483647,game_pid=-1 child_num=0 ui_assist_num=0,0,0
1786636408.903,251248.07,2918400,2918400,2918400,2918400,2918400,2918400,1017600,1017600,100.0,100.0,100.0,100.0,100.0,100.0,0.0,0.0,2918400,2918400,2918400,2918400,2918400,2918400,3283200,3283200,556800,2918400,1017600,3283200,7311,30423,pool-5-thread-1,5,26,38,18195,8,"4,1,2,5,1,0,3,3",31037,/top-app,0-7,/top-app,0-7,0,466,0,466,47.1,45.5,47.1,59.0,30,42.0,34.9,0.3,0,NONE,0,0,0,0,0,2147483647,2147483647,game_pid=-1 child_num=0 ui_assist_num=0,0,0
1786636409.172,251248.33,2918400,2918400,2918400,2918400,2918400,2918400,1017600,1017600,100.0,100.0,100.0,100.0,100.0,100.0,0.0,0.0,2918400,2918400,2918400,2918400,2918400,2918400,3283200,3283200,556800,2918400,1017600,3283200,7311,30423,pool-5-thread-1,5,26,38,18195,8,"4,1,2,5,5,0,3,3",31037,/top-app,0-7,/top-app,0-7,0,466,0,466,48.6,46.7,48.6,66.4,30,42.0,34.9,0.3,0,NONE,0,0,0,0,0,2147483647,2147483647,game_pid=-1 child_num=0 ui_assist_num=0,0,0
1786636409.436,251248.59,2918400,2918400,2918400,2918400,2918400,2918400,1017600,1017600,100.0,100.0,100.0,100.0,100.0,100.0,0.0,0.0,2918400,2918400,2918400,2918400,2918400,2918400,3283200,3283200,556800,2918400,1017600,3283200,7311,30423,pool-5-thread-1,5,26,38,18195,8,"4,1,2,5,0,3,3,5",31037,/top-app,0-7,/top-app,0-7,0,466,0,466,50.2,47.8,50.2,66.4,30,42.4,34.9,0.3,0,NONE,0,0,0,0,0,2147483647,2147483647,game_pid=-1 child_num=0 ui_assist_num=0,0,0
1786636409.687,251248.85,2745600,2745600,2745600,2745600,2745600,2745600,1017600,1017600,66.7,96.0,68.0,64.0,88.9,74.1,0.0,0.0,2918400,2918400,2918400,2918400,2918400,2918400,3283200,3283200,556800,2918400,1017600,3283200,7311,30423,pool-5-thread-1,5,26,38,18195,1,1,31037,/top-app,0-7,/top-app,0-7,0,466,0,466,49.8,47.8,49.8,59.0,30,42.8,34.9,0.3,0,NONE,0,0,0,0,0,2147483647,2147483647,game_pid=-1 child_num=0 ui_assist_num=0,0,0
1786636409.946,251249.10,960000,960000,960000,960000,960000,960000,2649600,2649600,84.6,75.0,70.4,70.4,88.5,83.3,15.4,30.8,2918400,2918400,2918400,2918400,2918400,2918400,3283200,3283200,556800,2918400,1017600,3283200,7311,30423,pool-5-thread-1,5,26,38,18195,2,"7,2",31037,/top-app,0-7,/top-app,0-7,0,466,0,466,54.8,53.2,54.8,57.9,30,43.6,34.9,0.3,0,NONE,0,0,0,0,0,2147483647,2147483647,game_pid=-1 child_num=0 ui_assist_num=0,0,0
1786636410.175,251249.35,2745600,2745600,2745600,2745600,2745600,2745600,1017600,1017600,24.0,16.0,12.5,87.5,12.5,19.2,7.7,8.0,2918400,2918400,2918400,2918400,2918400,2918400,3283200,3283200,556800,2918400,1017600,3283200,7311,30423,pool-5-thread-1,5,26,38,18195,1,3,31037,/top-app,0-7,/top-app,0-7,0,466,0,466,48.6,47.8,48.6,55.2,30,43.6,34.9,0.3,0,NONE,0,0,0,0,0,2147483647,2147483647,game_pid=-1 child_num=0 ui_assist_num=0,0,0
1786636410.425,251249.59,2918400,2918400,2918400,2918400,2918400,2918400,1017600,1017600,66.7,63.6,50.0,52.2,82.6,68.2,0.0,0.0,2918400,2918400,2918400,2918400,2918400,2918400,3283200,3283200,556800,2918400,1017600,3283200,7311,30423,pool-5-thread-1,5,26,38,18195,8,"1,5,4,0,0,2,4,3",31037,/top-app,0-7,/top-app,0-7,0,466,0,466,49.8,47.8,49.8,61.7,30,43.6,34.9,0.3,0,NONE,0,0,0,0,0,2147483647,2147483647,game_pid=-1 child_num=0 ui_assist_num=0,0,0
1786636410.657,251249.83,2918400,2918400,2918400,2918400,2918400,2918400,1017600,1017600,100.0,100.0,100.0,100.0,100.0,100.0,0.0,0.0,2918400,2918400,2918400,2918400,2918400,2918400,3283200,3283200,556800,2918400,1017600,3283200,7311,30423,pool-5-thread-1,5,26,38,18195,8,"1,5,4,2,1,2,5,3",31037,/top-app,0-7,/top-app,0-7,0,466,0,466,51.3,49.0,51.3,66.8,30,43.6,34.9,0.3,0,NONE,0,0,0,0,0,2147483647,2147483647,game_pid=-1 child_num=0 ui_assist_num=0,0,0
1786636410.916,251250.07,2918400,2918400,2918400,2918400,2918400,2918400,1689600,1689600,100.0,100.0,100.0,100.0,100.0,100.0,0.0,7.7,2918400,2918400,2918400,2918400,2918400,2918400,3283200,3283200,556800,2918400,1017600,3283200,7311,30423,pool-5-thread-1,5,26,38,18195,8,"1,0,4,0,1,2,5,7",31037,/top-app,0-7,/top-app,0-7,0,466,0,466,73.7,66.4,73.7,68.3,30,44.0,34.9,0.3,0,NONE,0,0,0,0,0,2147483647,2147483647,game_pid=-1 child_num=0 ui_assist_num=0,0,0
1786636411.139,251250.32,2918400,2918400,2918400,2918400,2918400,2918400,1017600,1017600,87.0,100.0,96.0,100.0,84.6,84.0,84.0,80.0,2918400,2918400,2918400,2918400,2918400,2918400,3283200,3283200,556800,2918400,1017600,3283200,7311,30423,pool-5-thread-1,5,26,38,18195,1,1,31037,/top-app,0-7,/top-app,0-7,0,466,0,466,58.7,56.7,58.7,66.4,30,44.8,34.9,0.3,0,NONE,0,0,0,0,0,2147483647,2147483647,game_pid=-1 child_num=0 ui_assist_num=0,0,0
1786636412.478,251250.55,2918400,2918400,2918400,2918400,2918400,2918400,1017600,1017600,37.5,47.8,0.0,8.7,47.6,27.3,0.0,0.0,2918400,2918400,2918400,2918400,2918400,2918400,3283200,3283200,556800,2918400,1017600,3283200,7311,30423,pool-5-thread-1,5,26,38,18195,8,"0,5,1,0,4,2,2,3",31037,/top-app,0-7,/top-app,0-7,0,466,0,466,52.5,50.9,52.5,63.7,30,45.1,34.9,0.3,0,NONE,0,0,0,0,0,2147483647,2147483647,game_pid=-1 child_num=0 ui_assist_num=0,0,0
1786636412.481,251250.80,2745600,2745600,2745600,2745600,2745600,2745600,1017600,1017600,69.2,66.7,64.3,95.8,68.0,65.4,0.0,0.0,2918400,2918400,2918400,2918400,2918400,2918400,3283200,3283200,556800,2918400,1017600,3283200,7311,30423,pool-5-thread-1,5,26,38,18195,1,3,31037,/top-app,0-7,/top-app,0-7,0,466,0,466,51.7,50.2,51.7,59.4,30,45.1,34.9,0.3,0,NONE,0,0,0,0,0,2147483647,2147483647,game_pid=-1 child_num=0 ui_assist_num=0,0,0
1786636412.481,251251.02,2745600,2745600,2745600,2745600,2745600,2745600,1017600,1017600,23.8,18.2,4.5,52.2,14.3,15.0,0.0,0.0,2918400,2918400,2918400,2918400,2918400,2918400,3283200,3283200,556800,2918400,1017600,3283200,7311,30423,pool-5-thread-1,5,26,38,18195,1,1,31037,/top-app,0-7,/top-app,0-7,0,466,0,466,50.2,49.0,50.2,55.6,30,44.8,34.9,0.3,0,NONE,0,0,0,0,0,2147483647,2147483647,game_pid=-1 child_num=0 ui_assist_num=0,0,0
1786636412.481,251251.25,2918400,2918400,2918400,2918400,2918400,2918400,1017600,1017600,86.4,86.4,70.8,73.9,86.4,88.0,0.0,0.0,2918400,2918400,2918400,2918400,2918400,2918400,3283200,3283200,556800,2918400,1017600,3283200,7311,30423,pool-5-thread-1,5,26,38,18195,8,"0,5,6,3,2,4,1,1",31037,/top-app,0-7,/top-app,0-7,0,466,0,466,65.6,62.5,65.6,63.3,30,44.8,34.9,0.3,0,NONE,0,0,0,0,0,2147483647,2147483647,game_pid=-1 child_num=0 ui_assist_num=0,0,0
1786636412.481,251251.56,2918400,2918400,2918400,2918400,2918400,2918400,3283200,3283200,100.0,100.0,100.0,100.0,100.0,100.0,80.0,83.3,2918400,2918400,2918400,2918400,2918400,2918400,3283200,3283200,556800,2918400,1017600,3283200,7311,30423,pool-5-thread-1,5,26,38,18195,8,"0,5,6,3,2,4,1,7",31037,/top-app,0-7,/top-app,0-7,0,466,0,466,79.1,78.7,79.1,71.4,30,45.5,34.9,0.3,0,NONE,0,0,0,0,0,2147483647,2147483647,game_pid=-1 child_num=0 ui_assist_num=0,0,0
1786636415.059,251251.80,2918400,2918400,2918400,2918400,2918400,2918400,3283200,3283200,83.3,83.3,91.3,95.8,91.7,78.3,83.3,92.0,2918400,2918400,2918400,2918400,2918400,2918400,3283200,3283200,556800,2918400,1017600,3283200,7311,30423,pool-5-thread-1,5,26,38,18195,2,"3,2",31037,/top-app,0-7,/top-app,0-7,0,466,0,466,62.9,60.6,62.9,71.0,30,46.3,34.9,0.3,0,NONE,0,0,0,0,0,2147483647,2147483647,game_pid=-1 child_num=0 ui_assist_num=0,0,0
1786636415.065,251252.02,2918400,2918400,2918400,2918400,2918400,2918400,1017600,1017600,36.4,28.6,18.2,52.2,17.4,13.0,0.0,4.5,2918400,2918400,2918400,2918400,2918400,2918400,3283200,3283200,556800,2918400,1017600,3283200,7311,30423,pool-5-thread-1,5,26,38,18195,1,5,31037,/top-app,0-7,/top-app,0-7,0,466,0,466,59.4,57.9,59.4,62.1,30,46.3,34.9,0.3,0,NONE,0,0,0,0,0,2147483647,2147483647,game_pid=-1 child_num=0 ui_assist_num=0,0,0
1786636415.065,251252.27,2745600,2745600,2745600,2745600,2745600,2745600,1017600,1017600,66.7,54.2,44.0,72.0,52.0,56.0,51.9,40.0,2918400,2918400,2918400,2918400,2918400,2918400,3283200,3283200,556800,2918400,1017600,3283200,7311,30423,pool-5-thread-1,5,26,38,18195,1,3,31037,/top-app,0-7,/top-app,0-7,0,466,0,466,54.4,53.2,54.4,60.2,30,46.3,34.9,0.3,0,NONE,0,0,0,0,0,2147483647,2147483647,game_pid=-1 child_num=0 ui_assist_num=0,0,0
1786636415.065,251252.49,2745600,2745600,2745600,2745600,2745600,2745600,1017600,1017600,27.3,27.3,0.0,40.9,35.0,29.2,0.0,0.0,2918400,2918400,2918400,2918400,2918400,2918400,3283200,3283200,556800,2918400,1017600,3283200,7311,30423,pool-5-thread-1,5,26,38,18195,1,0,31037,/top-app,0-7,/top-app,0-7,0,466,0,466,52.1,50.9,52.1,58.3,30,45.9,34.9,0.3,0,NONE,0,0,0,0,0,2147483647,2147483647,game_pid=-1 child_num=0 ui_assist_num=0,0,0
1786636415.065,251252.74,2918400,2918400,2918400,2918400,2918400,2918400,1017600,1017600,95.8,91.7,72.0,73.9,88.0,91.3,0.0,0.0,2918400,2918400,2918400,2918400,2918400,2918400,3283200,3283200,556800,2918400,1017600,3283200,7311,30423,pool-5-thread-1,5,26,38,18195,8,"5,4,4,1,0,0,3,2",31037,/top-app,0-7,/top-app,0-7,0,466,0,466,53.2,51.3,53.2,67.2,30,45.9,34.9,0.3,0,NONE,0,0,0,0,0,2147483647,2147483647,game_pid=-1 child_num=0 ui_assist_num=0,0,0
1786636415.065,251252.99,2918400,2918400,2918400,2918400,2918400,2918400,1017600,1017600,100.0,100.0,100.0,100.0,100.0,100.0,0.0,0.0,2918400,2918400,2918400,2918400,2918400,2918400,3283200,3283200,556800,2918400,1017600,3283200,7311,30423,pool-5-thread-1,5,26,38,18195,8,"5,5,4,1,0,4,3,2",31037,/top-app,0-7,/top-app,0-7,0,466,0,466,54.4,52.1,54.4,69.9,30,45.5,34.9,0.3,0,NONE,0,0,0,0,0,2147483647,2147483647,game_pid=-1 child_num=0 ui_assist_num=0,0,0
1786636415.066,251253.26,2918400,2918400,2918400,2918400,2918400,2918400,1017600,1017600,100.0,100.0,100.0,100.0,100.0,100.0,0.0,0.0,2918400,2918400,2918400,2918400,2918400,2918400,3283200,3283200,556800,2918400,1017600,3283200,7311,30423,pool-5-thread-1,5,26,38,18195,8,"5,5,4,1,0,4,3,2",31037,/top-app,0-7,/top-app,0-7,0,466,0,466,55.6,53.2,55.6,72.9,30,46.3,34.9,0.3,0,NONE,0,0,0,0,0,2147483647,2147483647,game_pid=-1 child_num=0 ui_assist_num=0,0,0
1786636415.066,251253.51,2745600,2745600,2745600,2745600,2745600,2745600,1017600,1017600,72.0,80.8,100.0,73.1,76.0,69.6,0.0,0.0,2918400,2918400,2918400,2918400,2918400,2918400,3283200,3283200,556800,2918400,1017600,3283200,7311,30423,pool-5-thread-1,5,26,38,18195,1,2,31037,/top-app,0-7,/top-app,0-7,0,466,0,466,54.0,52.5,54.0,63.3,30,46.3,34.9,0.3,0,NONE,0,0,0,0,0,2147483647,2147483647,game_pid=-1 child_num=0 ui_assist_num=0,0,0
1786636415.066,251253.73,2745600,2745600,2745600,2745600,2745600,2745600,1017600,1017600,30.4,26.1,27.3,4.5,52.2,36.4,0.0,0.0,2918400,2918400,2918400,2918400,2918400,2918400,3283200,3283200,556800,2918400,1017600,3283200,7311,30423,pool-5-thread-1,5,26,38,18195,8,"1,5,0,7,3,2,3,4",31037,/top-app,0-7,/top-app,0-7,0,466,0,466,61.7,53.6,61.7,66.0,30,45.9,34.9,0.3,0,NONE,0,0,0,0,0,2147483647,2147483647,game_pid=-1 child_num=0 ui_assist_num=0,0,0
1786636415.066,251254.02,2745600,2745600,2745600,2745600,2745600,2745600,1017600,1017600,48.1,78.6,48.3,46.4,53.6,56.2,6.9,27.6,2918400,2918400,2918400,2918400,2918400,2918400,3283200,3283200,556800,2918400,1017600,3283200,7311,30423,pool-5-thread-1,5,26,38,18195,1,5,31037,/top-app,0-7,/top-app,0-7,0,466,0,466,52.5,51.3,52.5,59.4,30,46.3,34.9,0.3,0,NONE,0,0,0,0,0,2147483647,2147483647,game_pid=-1 child_num=0 ui_assist_num=0,0,0
1786636415.081,251254.24,2745600,2745600,2745600,2745600,2745600,2745600,1017600,1017600,31.8,42.9,0.0,0.0,28.6,33.3,0.0,0.0,2918400,2918400,2918400,2918400,2918400,2918400,3283200,3283200,556800,2918400,1017600,3283200,7311,30423,pool-5-thread-1,5,26,38,18195,8,"4,3,5,1,5,2,1,0",31037,/top-app,0-7,/top-app,0-7,0,466,0,466,51.3,50.5,51.3,59.8,30,45.9,34.9,0.3,0,NONE,0,0,0,0,0,2147483647,2147483647,game_pid=-1 child_num=0 ui_assist_num=0,0,0
1786636415.331,251254.50,2918400,2918400,2918400,2918400,2918400,2918400,1017600,1017600,100.0,96.0,96.0,92.3,100.0,96.0,0.0,0.0,2918400,2918400,2918400,2918400,2918400,2918400,3283200,3283200,556800,2918400,1017600,3283200,7311,30423,pool-5-thread-1,5,26,38,18195,8,"4,3,3,1,5,2,5,0",31037,/top-app,0-7,/top-app,0-7,0,466,0,466,53.2,51.3,53.2,66.8,30,46.3,34.9,0.3,0,NONE,0,0,0,0,0,2147483647,2147483647,game_pid=-1 child_num=0 ui_assist_num=0,0,0
1786636415.576,251254.74,2918400,2918400,2918400,2918400,2918400,2918400,1017600,1017600,100.0,100.0,100.0,100.0,100.0,100.0,0.0,0.0,2918400,2918400,2918400,2918400,2918400,2918400,3283200,3283200,556800,2918400,1017600,3283200,7311,30423,pool-5-thread-1,5,26,38,18195,8,"4,3,1,1,5,2,5,0",31037,/top-app,0-7,/top-app,0-7,0,466,0,466,54.4,52.1,54.4,69.1,30,46.3,34.9,0.3,0,NONE,0,0,0,0,0,2147483647,2147483647,game_pid=-1 child_num=0 ui_assist_num=0,0,0
1786636415.854,251254.99,2918400,2918400,2918400,2918400,2918400,2918400,1017600,1017600,100.0,100.0,100.0,100.0,100.0,100.0,0.0,0.0,2918400,2918400,2918400,2918400,2918400,2918400,3283200,3283200,556800,2918400,1017600,3283200,7311,30423,pool-5-thread-1,5,26,38,18195,5,"1,0,2,5,3",31037,/top-app,0-7,/top-app,0-7,0,466,0,466,55.6,53.2,55.6,73.3,30,46.3,34.9,0.3,0,NONE,0,0,0,0,0,2147483647,2147483647,game_pid=-1 child_num=0 ui_assist_num=0,0,0
1786636416.083,251255.26,2745600,2745600,2745600,2745600,2745600,2745600,1017600,1017600,71.4,88.9,88.9,59.3,66.7,63.0,0.0,11.1,2918400,2918400,2918400,2918400,2918400,2918400,3283200,3283200,556800,2918400,1017600,3283200,7311,30423,pool-5-thread-1,5,26,38,18195,2,"1,2",31037,/top-app,0-7,/top-app,0-7,0,466,0,466,55.2,53.6,55.2,64.8,30,46.7,34.9,0.3,0,NONE,0,0,0,0,0,2147483647,2147483647,game_pid=-1 child_num=0 ui_assist_num=0,0,0
1786636416.306,251255.49,2745600,2745600,2745600,2745600,2745600,2745600,1017600,1017600,60.0,66.7,82.6,54.5,57.1,69.6,42.9,59.1,2918400,2918400,2918400,2918400,2918400,2918400,3283200,3283200,556800,2918400,1017600,3283200,7311,30423,pool-5-thread-1,5,26,38,18195,5,"5,2,5,1,6",31037,/top-app,0-7,/top-app,0-7,0,466,0,466,60.2,59.4,60.2,67.2,30,47.1,34.9,0.3,0,NONE,0,0,0,0,0,2147483647,2147483647,game_pid=-1 child_num=0 ui_assist_num=0,0,0
1786636416.529,251255.71,2745600,2745600,2745600,2745600,2745600,2745600,1017600,1017600,10.0,19.0,4.8,27.3,28.6,63.6,4.5,0.0,2918400,2918400,2918400,2918400,2918400,2918400,3283200,3283200,556800,2918400,1017600,3283200,7311,30423,pool-5-thread-1,5,26,38,18195,2,"5,1",31037,/top-app,0-7,/top-app,0-7,0,466,0,466,53.2,52.1,53.2,58.3,30,46.7,34.9,0.3,0,NONE,0,0,0,0,0,2147483647,2147483647,game_pid=-1 child_num=0 ui_assist_num=0,0,0
1786636416.780,251255.94,556800,556800,556800,556800,556800,556800,1017600,1017600,45.5,29.2,0.0,13.0,32.0,17.4,0.0,0.0,2918400,2918400,2918400,2918400,2918400,2918400,3283200,3283200,556800,2918400,1017600,3283200,7311,30423,pool-5-thread-1,5,26,38,18195,0,NA,31037,/top-app,0-7,/top-app,0-7,0,466,0,466,50.5,49.8,50.5,53.6,30,46.3,34.9,0.3,0,NONE,0,0,0,0,0,2147483647,2147483647,game_pid=-1 child_num=0 ui_assist_num=0,0,0
1786636417.078,251256.19,556800,556800,556800,556800,556800,556800,1017600,1017600,47.8,29.2,0.0,3.8,20.8,24.0,0.0,0.0,2918400,2918400,2918400,2918400,2918400,2918400,3283200,3283200,556800,2918400,1017600,3283200,7311,30423,pool-5-thread-1,5,26,38,18195,0,NA,31037,/top-app,0-7,/top-app,0-7,0,466,0,466,49.0,48.6,49.0,52.1,30,46.3,34.9,0.3,0,NONE,0,0,0,0,0,2147483647,2147483647,game_pid=-1 child_num=0 ui_assist_num=0,0,0
1786636417.347,251256.49,556800,556800,556800,556800,556800,556800,1017600,1017600,44.8,30.0,16.1,0.0,23.3,37.9,0.0,0.0,2918400,2918400,2918400,2918400,2918400,2918400,3283200,3283200,556800,2918400,1017600,3283200,7311,30423,pool-5-thread-1,5,26,38,18195,0,NA,31037,/top-app,0-7,/top-app,0-7,0,466,0,466,47.8,47.5,47.8,49.4,30,45.5,34.9,0.3,0,NONE,0,0,0,0,0,2147483647,2147483647,game_pid=-1 child_num=0 ui_assist_num=0,0,0
1786636417.617,251256.76,556800,556800,556800,556800,556800,556800,1017600,1017600,60.0,48.5,3.8,10.7,37.0,35.7,0.0,0.0,2918400,2918400,2918400,2918400,2918400,2918400,3283200,3283200,556800,2918400,1017600,3283200,7311,30423,pool-5-thread-1,5,26,38,18195,0,NA,31037,/top-app,0-7,/top-app,0-7,0,466,0,466,47.1,47.1,47.1,48.6,30,45.1,34.9,0.3,0,NONE,0,0,0,0,0,2147483647,2147483647,game_pid=-1 child_num=0 ui_assist_num=0,0,0
1786636417.893,251257.03,748800,748800,748800,748800,748800,748800,1017600,1017600,50.0,41.2,0.0,3.8,35.7,11.1,0.0,0.0,2918400,2918400,2918400,2918400,2918400,2918400,3283200,3283200,556800,2918400,1017600,3283200,7311,30423,pool-5-thread-1,5,26,38,18195,0,NA,31037,/top-app,0-7,/top-app,0-7,0,466,0,466,46.3,46.3,46.3,47.5,30,45.1,34.9,0.3,0,NONE,0,0,0,0,0,2147483647,2147483647,game_pid=-1 child_num=0 ui_assist_num=0,0,0
1786636418.183,251257.31,556800,556800,556800,556800,556800,556800,1017600,1017600,52.8,47.4,0.0,0.0,16.7,20.7,0.0,0.0,2918400,2918400,2918400,2918400,2918400,2918400,3283200,3283200,556800,2918400,1017600,3283200,7311,30423,pool-5-thread-1,5,26,38,18195,0,NA,31037,/top-app,0-7,/top-app,0-7,0,466,0,466,45.9,45.9,45.9,47.1,30,44.4,34.9,0.3,0,NONE,0,0,0,0,0,2147483647,2147483647,game_pid=-1 child_num=0 ui_assist_num=0,0,0
1786636418.470,251257.60,748800,748800,748800,748800,748800,748800,1017600,1017600,55.2,46.9,3.4,6.7,38.7,38.7,0.0,0.0,2918400,2918400,2918400,2918400,2918400,2918400,3283200,3283200,556800,2918400,1017600,3283200,7311,30423,pool-5-thread-1,5,26,38,18195,0,NA,31037,/top-app,0-7,/top-app,0-7,0,466,0,466,45.5,45.5,45.5,48.2,30,44.4,34.9,0.3,0,NONE,0,0,0,0,0,2147483647,2147483647,game_pid=-1 child_num=0 ui_assist_num=0,0,0
1786636418.738,251257.88,556800,556800,556800,556800,556800,556800,1017600,1017600,41.4,35.3,0.0,10.7,14.3,17.9,0.0,0.0,2918400,2918400,2918400,2918400,2918400,2918400,3283200,3283200,556800,2918400,1017600,3283200,7311,30423,pool-5-thread-1,5,26,38,18195,0,NA,31037,/top-app,0-7,/top-app,0-7,0,466,0,466,45.5,45.1,45.5,46.7,30,44.0,34.9,0.3,0,NONE,0,0,0,0,0,2147483647,2147483647,game_pid=-1 child_num=0 ui_assist_num=0,0,0
1786636418.994,251258.15,556800,556800,556800,556800,556800,556800,1017600,1017600,38.5,31.2,0.0,0.0,8.3,11.1,0.0,0.0,2918400,2918400,2918400,2918400,2918400,2918400,3283200,3283200,556800,2918400,1017600,3283200,7311,30423,pool-5-thread-1,5,26,38,18195,0,NA,31037,/top-app,0-7,/top-app,0-7,0,466,0,466,45.1,45.1,44.8,46.3,30,44.0,34.9,0.3,0,NONE,0,0,0,0,0,2147483647,2147483647,game_pid=-1 child_num=0 ui_assist_num=0,0,0
1786636419.266,251258.40,556800,556800,556800,556800,556800,556800,1017600,1017600,51.7,38.7,0.0,0.0,32.1,28.6,0.0,0.0,2918400,2918400,2918400,2918400,2918400,2918400,3283200,3283200,556800,2918400,1017600,3283200,7311,30423,pool-5-thread-1,5,26,38,18195,0,NA,31037,/top-app,0-7,/top-app,0-7,0,466,0,466,44.8,44.8,44.8,45.9,30,44.0,34.9,0.3,0,NONE,0,0,0,0,0,2147483647,2147483647,game_pid=-1 child_num=0 ui_assist_num=0,0,0
1786636419.490,251258.67,2918400,2918400,2918400,2918400,2918400,2918400,1017600,1017600,53.8,33.3,3.7,0.0,50.0,32.0,0.0,0.0,2918400,2918400,2918400,2918400,2918400,2918400,3283200,3283200,556800,2918400,1017600,3283200,7311,30423,pool-5-thread-1,5,26,38,18195,0,NA,31037,/top-app,0-7,/top-app,0-7,0,466,0,466,45.1,44.4,45.1,49.4,30,43.6,34.9,0.3,0,NONE,0,0,0,0,0,2147483647,2147483647,game_pid=-1 child_num=0 ui_assist_num=0,0,0
1786636419.776,251258.90,556800,556800,556800,556800,556800,556800,1017600,1017600,42.3,30.8,26.1,0.0,13.6,16.7,0.0,0.0,2918400,2918400,2918400,2918400,2918400,2918400,3283200,3283200,556800,2918400,1017600,3283200,7311,30423,pool-5-thread-1,5,26,38,18195,0,NA,31037,/top-app,0-7,/top-app,0-7,0,466,0,466,44.8,44.8,44.8,47.8,30,43.6,34.9,0.3,0,NONE,0,0,0,0,0,2147483647,2147483647,game_pid=-1 child_num=0 ui_assist_num=0,0,0
1786636420.055,251259.18,556800,556800,556800,556800,556800,556800,1017600,1017600,43.8,43.2,0.0,3.6,14.3,32.1,0.0,0.0,2918400,2918400,2918400,2918400,2918400,2918400,3283200,3283200,556800,2918400,1017600,3283200,7311,30423,pool-5-thread-1,5,26,38,18195,0,NA,31037,/top-app,0-7,/top-app,0-7,0,466,0,466,44.4,44.4,44.4,45.5,30,43.2,34.9,0.3,0,NONE,0,0,0,0,0,2147483647,2147483647,game_pid=-1 child_num=0 ui_assist_num=0,0,0
1786636420.334,251259.47,748800,748800,748800,748800,748800,748800,1017600,1017600,55.9,37.1,0.0,0.0,29.0,24.1,0.0,0.0,2918400,2918400,2918400,2918400,2918400,2918400,3283200,3283200,556800,2918400,1017600,3283200,7311,30423,pool-5-thread-1,5,26,38,18195,0,NA,31037,/top-app,0-7,/top-app,0-7,0,466,0,466,44.0,44.0,44.0,45.1,30,43.2,34.9,0.3,0,NONE,0,0,0,0,0,2147483647,2147483647,game_pid=-1 child_num=0 ui_assist_num=0,0,0
1786636420.885,251259.76,556800,556800,556800,556800,556800,556800,1017600,1017600,44.8,38.7,0.0,0.0,34.5,33.3,0.0,0.0,2918400,2918400,2918400,2918400,2918400,2918400,3283200,3283200,556800,2918400,1017600,3283200,7311,30423,pool-5-thread-1,5,26,38,18195,0,NA,31037,/top-app,0-7,/top-app,0-7,0,466,0,466,44.0,44.0,43.6,45.1,30,42.8,34.9,0.3,0,NONE,0,0,0,0,0,2147483647,2147483647,game_pid=-1 child_num=0 ui_assist_num=0,0,0
1786636421.323,251260.04,556800,556800,556800,556800,556800,556800,1017600,1017600,48.3,39.4,0.0,0.0,26.7,23.3,0.0,0.0,2918400,2918400,2918400,2918400,2918400,2918400,3283200,3283200,556800,2918400,1017600,3283200,7311,30423,pool-5-thread-1,5,26,38,18195,0,NA,31037,/top-app,0-7,/top-app,0-7,0,466,0,466,43.6,43.6,43.6,44.8,30,42.8,34.9,0.3,0,NONE,0,0,0,0,0,2147483647,2147483647,game_pid=-1 child_num=0 ui_assist_num=0,0,0
1786636422.210,251260.31,556800,556800,556800,556800,556800,556800,1017600,1017600,43.3,37.1,0.0,0.0,14.3,18.5,0.0,0.0,2918400,2918400,2918400,2918400,2918400,2918400,3283200,3283200,556800,2918400,1017600,3283200,7311,30423,pool-5-thread-1,5,26,38,18195,0,NA,31037,/top-app,0-7,/top-app,0-7,0,466,0,466,43.2,43.2,43.2,45.9,30,42.8,34.9,0.3,0,NONE,0,0,0,0,0,2147483647,2147483647,game_pid=-1 child_num=0 ui_assist_num=0,0,0
1786636422.843,251260.60,556800,556800,556800,556800,556800,556800,1017600,1017600,56.7,43.3,16.7,16.7,42.9,34.5,0.0,0.0,2918400,2918400,2918400,2918400,2918400,2918400,3283200,3283200,556800,2918400,1017600,3283200,7311,30423,pool-5-thread-1,5,26,38,18195,0,NA,31037,/top-app,0-7,/top-app,0-7,0,466,0,466,43.2,43.2,43.2,45.1,30,42.8,34.9,0.3,0,NONE,0,0,0,0,0,2147483647,2147483647,game_pid=-1 child_num=0 ui_assist_num=0,0,0
1786636422.843,251260.87,2745600,2745600,2745600,2745600,2745600,2745600,1017600,1017600,81.5,69.2,55.6,57.7,82.1,69.2,0.0,0.0,2918400,2918400,2918400,2918400,2918400,2918400,3283200,3283200,556800,2918400,1017600,3283200,7311,30423,pool-5-thread-1,5,26,38,18195,8,"4,5,0,1,3,4,2,2",31037,/top-app,0-7,/top-app,0-7,0,466,0,466,46.3,44.8,46.3,56.7,30,42.4,34.9,0.3,0,NONE,0,0,0,0,0,2147483647,2147483647,game_pid=-1 child_num=0 ui_assist_num=0,0,0
1786636422.844,251261.12,2745600,2745600,2745600,2745600,2745600,2745600,1017600,1017600,100.0,100.0,100.0,100.0,100.0,100.0,0.0,0.0,2918400,2918400,2918400,2918400,2918400,2918400,3283200,3283200,556800,2918400,1017600,3283200,7311,30423,pool-5-thread-1,5,26,38,18195,8,"4,2,2,0,1,3,5,0",31037,/top-app,0-7,/top-app,0-7,0,466,0,466,48.2,46.7,48.2,63.3,30,42.8,34.9,0.3,0,NONE,0,0,0,0,0,2147483647,2147483647,game_pid=-1 child_num=0 ui_assist_num=0,0,0
1786636422.844,251261.38,2918400,2918400,2918400,2918400,2918400,2918400,1017600,1017600,100.0,100.0,100.0,100.0,100.0,100.0,0.0,0.0,2918400,2918400,2918400,2918400,2918400,2918400,3283200,3283200,556800,2918400,1017600,3283200,7311,30423,pool-5-thread-1,5,26,38,18195,8,"1,1,4,0,2,3,5,2",31037,/top-app,0-7,/top-app,0-7,0,466,0,466,50.9,48.6,50.9,66.4,30,43.2,34.9,0.3,0,NONE,0,0,0,0,0,2147483647,2147483647,game_pid=-1 child_num=0 ui_assist_num=0,0,0
1786636422.844,251261.63,2745600,2745600,2745600,2745600,2745600,2745600,1017600,1017600,78.3,66.7,54.5,54.5,66.7,60.0,0.0,0.0,2918400,2918400,2918400,2918400,2918400,2918400,3283200,3283200,556800,2918400,1017600,3283200,7311,30423,pool-5-thread-1,5,26,38,18195,8,"4,1,5,2,5,0,3,7",31037,/top-app,0-7,/top-app,0-7,0,466,0,466,58.3,55.6,58.3,65.2,30,43.6,34.9,0.3,0,NONE,0,0,0,0,0,2147483647,2147483647,game_pid=-1 child_num=0 ui_assist_num=0,0,0
1786636422.844,251261.91,2918400,2918400,2918400,2918400,2918400,2918400,3283200,3283200,100.0,100.0,100.0,100.0,100.0,100.0,78.6,82.8,2918400,2918400,2918400,2918400,2918400,2918400,3283200,3283200,556800,2918400,1017600,3283200,7311,30423,pool-5-thread-1,5,26,38,18195,8,"3,7,6,0,4,2,5,1",31037,/top-app,0-7,/top-app,0-7,0,466,0,466,78.0,75.3,78.0,73.3,30,44.4,34.9,0.3,0,NONE,0,0,0,0,0,2147483647,2147483647,game_pid=-1 child_num=0 ui_assist_num=0,0,0
1786636422.969,251262.15,2745600,2745600,2745600,2745600,2745600,2745600,1017600,1017600,69.6,66.7,87.5,60.9,100.0,54.2,95.8,60.9,2918400,2918400,2918400,2918400,2918400,2918400,3283200,3283200,556800,2918400,1017600,3283200,7311,30423,pool-5-thread-1,5,26,38,18195,2,"2,4",31037,/top-app,0-7,/top-app,0-7,0,466,0,466,59.8,58.3,59.8,66.4,30,45.1,34.9,0.3,0,NONE,0,0,0,0,0,2147483647,2147483647,game_pid=-1 child_num=0 ui_assist_num=0,0,0
1786636423.634,251262.38,2918400,2918400,2918400,2918400,2918400,2918400,1017600,1017600,75.0,73.9,78.3,70.8,100.0,79.2,0.0,0.0,2918400,2918400,2918400,2918400,2918400,2918400,3283200,3283200,556800,2918400,1017600,3283200,7311,30423,pool-5-thread-1,5,26,38,18195,8,"1,0,2,3,4,2,0,5",31037,/top-app,0-7,/top-app,0-7,0,466,0,466,55.6,52.9,55.6,71.4,30,45.5,34.9,0.3,0,NONE,0,0,0,0,0,2147483647,2147483647,game_pid=-1 child_num=0 ui_assist_num=0,0,0
1786636432.367,251262.63,2918400,2918400,2918400,2918400,2918400,2918400,1017600,1017600,100.0,100.0,100.0,100.0,100.0,100.0,0.0,0.0,2918400,2918400,2918400,2918400,2918400,2918400,3283200,3283200,556800,2918400,1017600,3283200,7311,30423,pool-5-thread-1,5,26,38,18195,8,"1,0,2,4,3,3,0,5",31037,/top-app,0-7,/top-app,0-7,0,466,0,466,55.6,52.9,55.6,72.2,30,45.9,34.9,0.3,0,NONE,0,0,0,0,0,2147483647,2147483647,game_pid=-1 child_num=0 ui_assist_num=0,0,0
1786636432.370,251262.89,2918400,2918400,2918400,2918400,2918400,2918400,1017600,1017600,100.0,100.0,100.0,100.0,96.3,100.0,0.0,0.0,2918400,2918400,2918400,2918400,2918400,2918400,3283200,3283200,556800,2918400,1017600,3283200,7311,30423,pool-5-thread-1,5,26,38,18195,4,"5,2,3,4",31037,/top-app,0-7,/top-app,0-7,0,466,0,466,55.2,52.9,55.2,70.6,30,45.9,34.9,0.3,0,NONE,0,0,0,0,0,2147483647,2147483647,game_pid=-1 child_num=0 ui_assist_num=0,0,0
1786636432.370,251263.14,2918400,2918400,2918400,2918400,2918400,2918400,1017600,1017600,92.0,80.8,79.2,80.0,92.0,80.0,0.0,0.0,2918400,2918400,2918400,2918400,2918400,2918400,3283200,3283200,556800,2918400,1017600,3283200,7311,30423,pool-5-thread-1,5,26,38,18195,8,"5,0,2,4,3,5,1,1",31037,/top-app,0-7,/top-app,0-7,0,466,0,466,55.6,52.9,55.6,72.6,30,45.9,34.9,0.3,0,NONE,0,0,0,0,0,2147483647,2147483647,game_pid=-1 child_num=0 ui_assist_num=0,0,0
1786636432.370,251263.42,2918400,2918400,2918400,2918400,2918400,2918400,1017600,1017600,100.0,100.0,100.0,100.0,100.0,100.0,0.0,0.0,2918400,2918400,2918400,2918400,2918400,2918400,3283200,3283200,556800,2918400,1017600,3283200,7311,30423,pool-5-thread-1,5,26,38,18195,8,"5,3,2,3,4,4,0,1",31037,/top-app,0-7,/top-app,0-7,0,466,0,466,56.0,53.6,56.0,73.3,30,46.3,34.9,0.3,0,NONE,0,0,0,0,0,2147483647,2147483647,game_pid=-1 child_num=0 ui_assist_num=0,0,0
1786636432.370,251263.67,2918400,2918400,2918400,2918400,2918400,2918400,1017600,1017600,95.8,100.0,100.0,100.0,100.0,100.0,0.0,0.0,2918400,2918400,2918400,2918400,2918400,2918400,3283200,3283200,556800,2918400,1017600,3283200,7311,30423,pool-5-thread-1,5,26,38,18195,3,"5,1,4",31037,/top-app,0-7,/top-app,0-7,0,466,0,466,56.3,53.6,56.3,72.6,30,46.7,34.9,0.3,0,NONE,0,0,0,0,0,2147483647,2147483647,game_pid=-1 child_num=0 ui_assist_num=0,0,0
1786636432.370,251263.89,2918400,2918400,2918400,2918400,2918400,2918400,1017600,1017600,45.8,82.6,18.2,21.7,40.9,43.5,0.0,0.0,2918400,2918400,2918400,2918400,2918400,2918400,3283200,3283200,556800,2918400,1017600,3283200,7311,30423,pool-5-thread-1,5,26,38,18195,8,"4,3,4,5,1,2,5,0",31037,/top-app,0-7,/top-app,0-7,0,466,0,466,54.4,52.5,54.4,68.3,30,46.3,34.9,0.3,0,NONE,0,0,0,0,0,2147483647,2147483647,game_pid=-1 child_num=0 ui_assist_num=0,0,0
1786636432.370,251264.15,2918400,2918400,2918400,2918400,2918400,2918400,1017600,1017600,100.0,100.0,100.0,100.0,100.0,100.0,0.0,0.0,2918400,2918400,2918400,2918400,2918400,2918400,3283200,3283200,556800,2918400,1017600,3283200,7311,30423,pool-5-thread-1,5,26,38,18195,8,"4,2,3,1,1,2,5,0",31037,/top-app,0-7,/top-app,0-7,0,466,0,466,68.7,66.0,68.7,72.6,30,47.1,34.9,0.3,0,NONE,0,0,0,0,0,2147483647,2147483647,game_pid=-1 child_num=0 ui_assist_num=0,0,0
1786636432.370,251264.42,2745600,2745600,2745600,2745600,2745600,2745600,2649600,2649600,96.4,96.3,100.0,100.0,85.7,92.6,75.0,78.6,2918400,2918400,2918400,2918400,2918400,2918400,3283200,3283200,556800,2918400,1017600,3283200,7311,30423,pool-5-thread-1,5,26,38,18195,4,"7,2,3,1",31037,/top-app,0-7,/top-app,0-7,0,466,0,466,74.5,66.0,74.5,72.6,30,47.1,34.9,0.3,0,NONE,0,0,0,0,0,2147483647,2147483647,game_pid=-1 child_num=0 ui_assist_num=0,0,0
1786636432.370,251264.65,556800,556800,556800,556800,556800,556800,1017600,1017600,21.1,37.5,52.2,18.2,21.7,13.6,0.0,36.4,2918400,2918400,2918400,2918400,2918400,2918400,3283200,3283200,556800,2918400,1017600,3283200,7311,30423,pool-5-thread-1,5,26,38,18195,0,NA,31037,/top-app,0-7,/top-app,0-7,0,466,0,466,54.4,53.6,54.4,58.3,30,47.1,34.9,0.3,0,NONE,0,0,0,0,0,2147483647,2147483647,game_pid=-1 child_num=0 ui_assist_num=0,0,0
1786636432.370,251264.91,556800,556800,556800,556800,556800,556800,1017600,1017600,41.7,28.0,0.0,0.0,40.7,37.0,0.0,0.0,2918400,2918400,2918400,2918400,2918400,2918400,3283200,3283200,556800,2918400,1017600,3283200,7311,30423,pool-5-thread-1,5,26,38,18195,0,NA,31037,/top-app,0-7,/top-app,0-7,0,466,0,466,50.9,50.5,50.9,53.6,30,46.3,34.9,0.3,0,NONE,0,0,0,0,0,2147483647,2147483647,game_pid=-1 child_num=0 ui_assist_num=0,0,0
1786636432.370,251265.18,556800,556800,556800,556800,556800,556800,1017600,1017600,50.0,37.0,3.8,15.4,37.9,29.6,0.0,0.0,2918400,2918400,2918400,2918400,2918400,2918400,3283200,3283200,556800,2918400,1017600,3283200,7311,30423,pool-5-thread-1,5,26,38,18195,0,NA,31037,/top-app,0-7,/top-app,0-7,0,466,0,466,49.8,49.8,49.8,51.3,30,46.3,34.9,0.3,0,NONE,0,0,0,0,0,2147483647,2147483647,game_pid=-1 child_num=0 ui_assist_num=0,0,0
1786636432.370,251265.45,556800,556800,556800,556800,556800,556800,1017600,1017600,41.7,26.9,0.0,0.0,29.6,25.9,0.0,0.0,2918400,2918400,2918400,2918400,2918400,2918400,3283200,3283200,556800,2918400,1017600,3283200,7311,30423,pool-5-thread-1,5,26,38,18195,0,NA,31037,/top-app,0-7,/top-app,0-7,0,466,0,466,48.6,48.2,48.6,51.3,30,45.9,34.9,0.3,0,NONE,0,0,0,0,0,2147483647,2147483647,game_pid=-1 child_num=0 ui_assist_num=0,0,0
1786636432.370,251265.74,556800,556800,556800,556800,556800,556800,1017600,1017600,41.9,33.3,0.0,0.0,13.8,27.6,0.0,0.0,2918400,2918400,2918400,2918400,2918400,2918400,3283200,3283200,556800,2918400,1017600,3283200,7311,30423,pool-5-thread-1,5,26,38,18195,0,NA,31037,/top-app,0-7,/top-app,0-7,0,466,0,466,47.8,47.8,47.5,49.8,30,45.5,35.0,0.3,0,NONE,0,0,0,0,0,2147483647,2147483647,game_pid=-1 child_num=0 ui_assist_num=0,0,0
1786636432.370,251266.00,556800,556800,556800,556800,556800,556800,1017600,1017600,53.3,42.4,13.8,3.8,25.0,26.9,0.0,0.0,2918400,2918400,2918400,2918400,2918400,2918400,3283200,3283200,556800,2918400,1017600,3283200,7311,30423,pool-5-thread-1,5,26,38,18195,0,NA,31037,/top-app,0-7,/top-app,0-7,0,466,0,466,47.1,47.1,46.7,48.6,30,45.1,35.0,0.3,0,NONE,0,0,0,0,0,2147483647,2147483647,game_pid=-1 child_num=0 ui_assist_num=0,0,0
1786636432.370,251266.27,556800,556800,556800,556800,556800,556800,1017600,1017600,50.0,41.2,11.1,11.1,19.2,14.8,0.0,0.0,2918400,2918400,2918400,2918400,2918400,2918400,3283200,3283200,556800,2918400,1017600,3283200,7311,30423,pool-5-thread-1,5,26,38,18195,0,NA,31037,/top-app,0-7,/top-app,0-7,0,466,0,466,46.7,46.3,46.7,47.5,30,44.8,35.0,0.3,0,NONE,0,0,0,0,0,2147483647,2147483647,game_pid=-1 child_num=0 ui_assist_num=0,0,0
1786636432.371,251266.55,556800,556800,556800,556800,556800,556800,1017600,1017600,51.6,30.0,10.7,3.6,37.9,34.5,0.0,0.0,2918400,2918400,2918400,2918400,2918400,2918400,3283200,3283200,556800,2918400,1017600,3283200,7311,30423,pool-5-thread-1,5,26,38,18195,0,NA,31037,/top-app,0-7,/top-app,0-7,0,466,0,466,45.9,45.9,45.9,47.5,30,44.8,35.0,0.3,0,NONE,0,0,0,0,0,2147483647,2147483647,game_pid=-1 child_num=0 ui_assist_num=0,0,0
1786636432.371,251266.83,1363200,1363200,1363200,1363200,1363200,1363200,1017600,1017600,50.0,36.7,7.1,6.9,25.9,33.3,0.0,0.0,2918400,2918400,2918400,2918400,2918400,2918400,3283200,3283200,556800,2918400,1017600,3283200,7311,30423,pool-5-thread-1,5,26,38,18195,0,NA,31037,/top-app,0-7,/top-app,0-7,0,466,0,466,45.5,45.5,45.5,47.8,30,44.4,35.0,0.3,0,NONE,0,0,0,0,0,2147483647,2147483647,game_pid=-1 child_num=0 ui_assist_num=0,0,0
1786636432.371,251267.09,960000,960000,960000,960000,960000,960000,1017600,1017600,56.7,41.4,0.0,3.6,19.2,28.0,0.0,0.0,2918400,2918400,2918400,2918400,2918400,2918400,3283200,3283200,556800,2918400,1017600,3283200,7311,30423,pool-5-thread-1,5,26,38,18195,0,NA,31037,/top-app,0-7,/top-app,0-7,0,466,0,466,45.5,45.5,45.5,46.7,30,44.0,35.0,0.3,0,NONE,0,0,0,0,0,2147483647,2147483647,game_pid=-1 child_num=0 ui_assist_num=0,0,0
1786636432.371,251267.35,556800,556800,556800,556800,556800,556800,1017600,1017600,53.3,41.9,0.0,0.0,12.0,19.2,0.0,0.0,2918400,2918400,2918400,2918400,2918400,2918400,3283200,3283200,556800,2918400,1017600,3283200,7311,30423,pool-5-thread-1,5,26,38,18195,0,NA,31037,/top-app,0-7,/top-app,0-7,0,466,0,466,45.1,45.1,45.1,46.3,30,44.0,35.0,0.3,0,NONE,0,0,0,0,0,2147483647,2147483647,game_pid=-1 child_num=0 ui_assist_num=0,0,0
1786636432.371,251267.62,556800,556800,556800,556800,556800,556800,1017600,1017600,54.8,42.4,0.0,0.0,32.3,20.7,0.0,0.0,2918400,2918400,2918400,2918400,2918400,2918400,3283200,3283200,556800,2918400,1017600,3283200,7311,30423,pool-5-thread-1,5,26,38,18195,0,NA,31037,/top-app,0-7,/top-app,0-7,0,466,0,466,44.8,44.8,44.8,46.3,30,44.0,35.0,0.3,0,NONE,0,0,0,0,0,2147483647,2147483647,game_pid=-1 child_num=0 ui_assist_num=0,0,0
1786636432.371,251267.89,556800,556800,556800,556800,556800,556800,1017600,1017600,50.0,41.2,0.0,0.0,11.5,17.9,0.0,0.0,2918400,2918400,2918400,2918400,2918400,2918400,3283200,3283200,556800,2918400,1017600,3283200,7311,30423,pool-5-thread-1,5,26,38,18195,0,NA,31037,/top-app,0-7,/top-app,0-7,0,466,0,466,44.8,44.8,44.4,45.9,30,43.6,35.0,0.3,0,NONE,0,0,0,0,0,2147483647,2147483647,game_pid=-1 child_num=0 ui_assist_num=0,0,0
1786636432.371,251268.16,960000,960000,960000,960000,960000,960000,1017600,1017600,48.1,42.4,3.7,0.0,28.6,33.3,0.0,0.0,2918400,2918400,2918400,2918400,2918400,2918400,3283200,3283200,556800,2918400,1017600,3283200,7311,30423,pool-5-thread-1,5,26,38,18195,0,NA,31037,/top-app,0-7,/top-app,0-7,0,466,0,466,44.8,44.8,44.8,47.8,30,43.6,35.0,0.3,0,NONE,0,0,0,0,0,2147483647,2147483647,game_pid=-1 child_num=0 ui_assist_num=0,0,0
1786636432.371,251268.43,556800,556800,556800,556800,556800,556800,1017600,1017600,53.3,40.0,7.4,0.0,22.2,23.1,0.0,0.0,2918400,2918400,2918400,2918400,2918400,2918400,3283200,3283200,556800,2918400,1017600,3283200,7311,30423,pool-5-thread-1,5,26,38,18195,0,NA,31037,/top-app,0-7,/top-app,0-7,0,466,0,466,44.4,44.4,44.0,45.9,30,43.6,35.0,0.3,0,NONE,0,0,0,0,0,2147483647,2147483647,game_pid=-1 child_num=0 ui_assist_num=0,0,0
1786636432.371,251268.69,556800,556800,556800,556800,556800,556800,1017600,1017600,54.8,48.6,0.0,0.0,18.5,25.0,0.0,0.0,2918400,2918400,2918400,2918400,2918400,2918400,3283200,3283200,556800,2918400,1017600,3283200,7311,30423,pool-5-thread-1,5,26,38,18195,0,NA,31037,/top-app,0-7,/top-app,0-7,0,466,0,466,44.4,44.0,44.4,46.3,30,43.2,35.0,0.3,0,NONE,0,0,0,0,0,2147483647,2147483647,game_pid=-1 child_num=0 ui_assist_num=0,0,0
1786636432.371,251268.94,556800,556800,556800,556800,556800,556800,1017600,1017600,48.3,41.9,7.7,8.0,36.0,33.3,0.0,0.0,2918400,2918400,2918400,2918400,2918400,2918400,3283200,3283200,556800,2918400,1017600,3283200,7311,30423,pool-5-thread-1,5,26,38,18195,0,NA,31037,/top-app,0-7,/top-app,0-7,0,466,0,466,44.4,44.4,44.0,44.8,30,43.2,35.0,0.3,0,NONE,0,0,0,0,0,2147483647,2147483647,game_pid=-1 child_num=0 ui_assist_num=0,0,0
1786636432.594,251271.78,2745600,2745600,2745600,2745600,2745600,2745600,1017600,1017600,67.8,64.6,53.4,66.7,62.6,62.8,0.0,0.0,2918400,2918400,2918400,2918400,2918400,2918400,3283200,3283200,556800,2918400,1017600,3283200,7311,NA,NA,NA,NA,NA,NA,0,NA,NA,/top-app,0-7,NA,NA,NA,NA,NA,NA,54.4,51.7,54.4,67.9,30,45.1,35.0,0.3,0,NONE,0,0,0,0,0,2147483647,2147483647,game_pid=-1 child_num=0 ui_assist_num=0,0,0
1786636432.860,251272.00,2745600,2745600,2745600,2745600,2745600,2745600,1017600,1017600,86.4,86.4,87.0,90.5,95.2,85.7,0.0,0.0,2918400,2918400,2918400,2918400,2918400,2918400,3283200,3283200,556800,2918400,1017600,3283200,7311,30423,pool-5-thread-1,5,26,38,18195,8,"3,4,2,5,2,0,1,0",31037,/top-app,0-7,/top-app,0-7,0,466,0,466,54.4,52.1,54.4,72.6,30,45.5,35.0,0.3,0,NONE,0,0,0,0,0,2147483647,2147483647,game_pid=-1 child_num=0 ui_assist_num=0,0,0
1786636433.082,251272.27,2918400,2918400,2918400,2918400,2918400,2918400,1017600,1017600,100.0,100.0,100.0,100.0,96.6,100.0,0.0,0.0,2918400,2918400,2918400,2918400,2918400,2918400,3283200,3283200,556800,2918400,1017600,3283200,7311,NA,NA,NA,NA,NA,NA,0,NA,NA,/top-app,0-7,NA,NA,NA,NA,NA,NA,56.0,53.2,56.0,74.1,30,45.5,35.0,0.3,0,NONE,0,0,0,0,0,2147483647,2147483647,game_pid=-1 child_num=0 ui_assist_num=0,0,0
1786636433.321,251272.49,2745600,2745600,2745600,2745600,2745600,2745600,1017600,1017600,90.9,90.5,90.9,81.0,90.5,90.0,0.0,0.0,2918400,2918400,2918400,2918400,2918400,2918400,3283200,3283200,556800,2918400,1017600,3283200,7311,30423,pool-5-thread-1,5,26,38,18195,8,"4,2,0,3,1,5,3,2",31037,/top-app,0-7,/top-app,0-7,0,466,0,466,55.2,52.9,55.2,71.4,30,45.9,35.0,0.3,0,NONE,0,0,0,0,0,2147483647,2147483647,game_pid=-1 child_num=0 ui_assist_num=0,0,0
1786636433.565,251272.72,2918400,2918400,2918400,2918400,2918400,2918400,1017600,1017600,95.7,95.7,95.7,100.0,95.7,96.0,0.0,0.0,2918400,2918400,2918400,2918400,2918400,2918400,3283200,3283200,556800,2918400,1017600,3283200,7311,30423,pool-5-thread-1,5,26,38,18195,8,"2,4,4,3,5,0,3,1",31037,/top-app,0-7,/top-app,0-7,0,466,0,466,56.7,53.6,56.7,76.8,30,45.9,35.0,0.3,0,NONE,0,0,0,0,0,2147483647,2147483647,game_pid=-1 child_num=0 ui_assist_num=0,0,0
1786636433.797,251272.98,2745600,2745600,2745600,2745600,2745600,2745600,1017600,1017600,64.0,64.0,65.4,92.0,68.0,64.0,0.0,0.0,2918400,2918400,2918400,2918400,2918400,2918400,3283200,3283200,556800,2918400,1017600,3283200,7311,30423,pool-5-thread-1,5,26,38,18195,1,3,31037,/top-app,0-7,/top-app,0-7,0,466,0,466,54.8,53.2,54.8,63.7,30,46.3,35.0,0.3,0,NONE,0,0,0,0,0,2147483647,2147483647,game_pid=-1 child_num=0 ui_assist_num=0,0,0
1786636434.194,251273.20,1785600,1785600,1785600,1785600,1785600,1785600,1017600,1017600,42.9,27.3,8.7,33.3,34.8,19.0,0.0,0.0,2918400,2918400,2918400,2918400,2918400,2918400,3283200,3283200,556800,2918400,1017600,3283200,7311,30423,pool-5-thread-1,5,26,38,18195,0,NA,31037,/top-app,0-7,/top-app,0-7,0,466,0,466,51.3,50.5,51.3,56.0,30,45.9,35.0,0.3,0,NONE,0,0,0,0,0,2147483647,2147483647,game_pid=-1 child_num=0 ui_assist_num=0,0,0
1786636440.214,251273.46,748800,748800,748800,748800,748800,748800,1017600,1017600,45.8,29.2,12.5,11.5,32.0,33.3,0.0,0.0,2918400,2918400,2918400,2918400,2918400,2918400,3283200,3283200,556800,2918400,1017600,3283200,7311,30423,pool-5-thread-1,5,26,38,18195,2,"2,0",31037,/top-app,0-7,/top-app,0-7,0,466,0,466,49.8,49.0,49.8,51.7,30,45.9,35.0,0.3,0,NONE,0,0,0,0,0,2147483647,2147483647,game_pid=-1 child_num=0 ui_assist_num=0,0,0
1786636440.261,251273.73,556800,556800,556800,556800,556800,556800,1017600,1017600,44.0,29.6,3.6,3.7,34.6,21.4,0.0,0.0,2918400,2918400,2918400,2918400,2918400,2918400,3283200,3283200,556800,2918400,1017600,3283200,7311,30423,pool-5-thread-1,5,26,38,18195,0,NA,31037,/top-app,0-7,/top-app,0-7,0,466,0,466,48.2,47.8,48.2,51.3,30,45.5,35.0,0.3,0,NONE,0,0,0,0,0,2147483647,2147483647,game_pid=-1 child_num=0 ui_assist_num=0,0,0
1786636440.261,251273.98,556800,556800,556800,556800,556800,556800,1017600,1017600,39.1,24.0,0.0,0.0,23.1,25.9,0.0,0.0,2918400,2918400,2918400,2918400,2918400,2918400,3283200,3283200,556800,2918400,1017600,3283200,7311,30423,pool-5-thread-1,5,26,38,18195,0,NA,31037,/top-app,0-7,/top-app,0-7,0,466,0,466,47.5,47.5,47.5,49.4,30,45.1,35.0,0.3,0,NONE,0,0,0,0,0,2147483647,2147483647,game_pid=-1 child_num=0 ui_assist_num=0,0,0
1786636440.261,251274.25,556800,556800,556800,556800,556800,556800,1017600,1017600,48.1,37.5,14.8,3.8,18.5,16.0,0.0,0.0,2918400,2918400,2918400,2918400,2918400,2918400,3283200,3283200,556800,2918400,1017600,3283200,7311,30423,pool-5-thread-1,5,26,38,18195,0,NA,31037,/top-app,0-7,/top-app,0-7,0,466,0,466,46.7,46.7,46.7,48.2,30,44.8,35.0,0.3,0,NONE,0,0,0,0,0,2147483647,2147483647,game_pid=-1 child_num=0 ui_assist_num=0,0,0
1786636440.261,251274.51,1152000,1152000,1152000,1152000,1152000,1152000,1017600,1017600,53.6,38.7,11.1,10.7,29.6,29.2,0.0,0.0,2918400,2918400,2918400,2918400,2918400,2918400,3283200,3283200,556800,2918400,1017600,3283200,7311,30423,pool-5-thread-1,5,26,38,18195,0,NA,31037,/top-app,0-7,/top-app,0-7,0,466,0,466,46.3,46.3,46.3,48.6,30,44.8,35.0,0.3,0,NONE,0,0,0,0,0,2147483647,2147483647,game_pid=-1 child_num=0 ui_assist_num=0,0,0
1786636440.261,251274.79,556800,556800,556800,556800,556800,556800,1017600,1017600,48.3,31.0,3.6,3.7,38.7,27.6,0.0,0.0,2918400,2918400,2918400,2918400,2918400,2918400,3283200,3283200,556800,2918400,1017600,3283200,7311,30423,pool-5-thread-1,5,26,38,18195,0,NA,31037,/top-app,0-7,/top-app,0-7,0,466,0,466,46.3,45.9,46.3,47.1,30,44.8,35.0,0.3,0,NONE,0,0,0,0,0,2147483647,2147483647,game_pid=-1 child_num=0 ui_assist_num=0,0,0
1786636440.261,251275.08,556800,556800,556800,556800,556800,556800,1017600,1017600,51.6,37.5,10.3,10.3,27.6,20.0,0.0,0.0,2918400,2918400,2918400,2918400,2918400,2918400,3283200,3283200,556800,2918400,1017600,3283200,7311,30423,pool-5-thread-1,5,26,38,18195,0,NA,31037,/top-app,0-7,/top-app,0-7,0,466,0,466,45.5,45.5,45.5,46.7,30,44.0,35.0,0.3,0,NONE,0,0,0,0,0,2147483647,2147483647,game_pid=-1 child_num=0 ui_assist_num=0,0,0
1786636440.261,251275.35,1785600,1785600,1785600,1785600,1785600,1785600,1017600,1017600,41.4,37.5,0.0,0.0,18.5,25.0,0.0,0.0,2918400,2918400,2918400,2918400,2918400,2918400,3283200,3283200,556800,2918400,1017600,3283200,7311,30423,pool-5-thread-1,5,26,38,18195,0,NA,31037,/top-app,0-7,/top-app,0-7,0,466,0,466,45.1,45.1,45.1,48.2,30,44.4,35.0,0.3,0,NONE,0,0,0,0,0,2147483647,2147483647,game_pid=-1 child_num=0 ui_assist_num=0,0,0
1786636440.261,251275.58,2400000,2400000,2400000,2400000,2400000,2400000,1017600,1017600,39.1,39.1,0.0,4.5,45.5,28.6,0.0,0.0,2918400,2918400,2918400,2918400,2918400,2918400,3283200,3283200,556800,2918400,1017600,3283200,7311,30423,pool-5-thread-1,5,26,38,18195,0,NA,31037,/top-app,0-7,/top-app,0-7,0,466,0,466,45.1,45.1,45.1,47.8,30,44.0,35.0,0.3,0,NONE,0,0,0,0,0,2147483647,2147483647,game_pid=-1 child_num=0 ui_assist_num=0,0,0
1786636440.261,251275.81,556800,556800,556800,556800,556800,556800,1017600,1017600,44.4,43.8,0.0,4.0,24.0,15.4,0.0,0.0,2918400,2918400,2918400,2918400,2918400,2918400,3283200,3283200,556800,2918400,1017600,3283200,7311,30423,pool-5-thread-1,5,26,38,18195,0,NA,31037,/top-app,0-7,/top-app,0-7,0,466,0,466,44.8,44.8,44.8,46.7,30,44.0,35.0,0.3,0,NONE,0,0,0,0,0,2147483647,2147483647,game_pid=-1 child_num=0 ui_assist_num=0,0,0
1786636440.261,251276.11,556800,556800,556800,556800,556800,556800,1017600,1017600,44.8,38.2,0.0,0.0,32.3,17.2,0.0,0.0,2918400,2918400,2918400,2918400,2918400,2918400,3283200,3283200,556800,2918400,1017600,3283200,7311,30423,pool-5-thread-1,5,26,38,18195,0,NA,31037,/top-app,0-7,/top-app,0-7,0,466,0,466,44.8,44.4,44.8,46.7,30,43.6,35.0,0.3,0,NONE,0,0,0,0,0,2147483647,2147483647,game_pid=-1 child_num=0 ui_assist_num=0,0,0
1786636440.261,251276.36,556800,556800,556800,556800,556800,556800,1017600,1017600,46.4,37.5,0.0,0.0,16.0,12.5,0.0,0.0,2918400,2918400,2918400,2918400,2918400,2918400,3283200,3283200,556800,2918400,1017600,3283200,7311,30423,pool-5-thread-1,5,26,38,18195,0,NA,31037,/top-app,0-7,/top-app,0-7,0,466,0,466,44.4,44.4,44.4,45.5,30,43.6,35.0,0.3,0,NONE,0,0,0,0,0,2147483647,2147483647,game_pid=-1 child_num=0 ui_assist_num=0,0,0
1786636440.261,251276.62,748800,748800,748800,748800,748800,748800,1017600,1017600,50.0,48.4,0.0,0.0,30.8,34.6,0.0,0.0,2918400,2918400,2918400,2918400,2918400,2918400,3283200,3283200,556800,2918400,1017600,3283200,7311,30423,pool-5-thread-1,5,26,38,18195,0,NA,31037,/top-app,0-7,/top-app,0-7,0,466,0,466,44.0,44.0,44.0,45.5,30,43.6,35.0,0.3,0,NONE,0,0,0,0,0,2147483647,2147483647,game_pid=-1 child_num=0 ui_assist_num=0,0,0
1786636440.261,251276.88,556800,556800,556800,556800,556800,556800,1017600,1017600,54.8,43.8,18.5,11.5,18.5,18.5,0.0,0.0,2918400,2918400,2918400,2918400,2918400,2918400,3283200,3283200,556800,2918400,1017600,3283200,7311,30423,pool-5-thread-1,5,26,38,18195,0,NA,31037,/top-app,0-7,/top-app,0-7,0,466,0,466,44.4,44.4,44.0,45.9,30,43.2,35.0,0.3,0,NONE,0,0,0,0,0,2147483647,2147483647,game_pid=-1 child_num=0 ui_assist_num=0,0,0
1786636440.261,251277.13,556800,556800,556800,556800,556800,556800,1017600,1017600,55.2,50.0,0.0,0.0,28.0,32.1,0.0,0.0,2918400,2918400,2918400,2918400,2918400,2918400,3283200,3283200,556800,2918400,1017600,3283200,7311,30423,pool-5-thread-1,5,26,38,18195,0,NA,31037,/top-app,0-7,/top-app,0-7,0,466,0,466,44.0,44.0,43.6,45.9,30,43.2,35.0,0.3,0,NONE,0,0,0,0,0,2147483647,2147483647,game_pid=-1 child_num=0 ui_assist_num=0,0,0
1786636440.261,251277.43,556800,556800,556800,556800,556800,556800,1017600,1017600,47.1,43.6,0.0,0.0,12.9,28.6,0.0,0.0,2918400,2918400,2918400,2918400,2918400,2918400,3283200,3283200,556800,2918400,1017600,3283200,7311,30423,pool-5-thread-1,5,26,38,18195,0,NA,31037,/top-app,0-7,/top-app,0-7,0,466,0,466,43.6,43.6,43.6,44.8,30,42.8,35.0,0.3,0,NONE,0,0,0,0,0,2147483647,2147483647,game_pid=-1 child_num=0 ui_assist_num=0,0,0
1786636440.262,251277.70,2227200,2227200,2227200,2227200,2227200,2227200,1017600,1017600,53.6,41.9,7.7,19.2,30.8,41.4,0.0,0.0,2918400,2918400,2918400,2918400,2918400,2918400,3283200,3283200,556800,2918400,1017600,3283200,7311,30423,pool-5-thread-1,5,26,38,18195,0,NA,31037,/top-app,0-7,/top-app,0-7,0,466,0,466,44.0,44.0,43.6,47.1,30,43.2,35.0,0.3,0,NONE,0,0,0,0,0,2147483647,2147483647,game_pid=-1 child_num=0 ui_assist_num=0,0,0
1786636440.262,251277.93,556800,556800,556800,556800,556800,556800,1017600,1017600,44.4,36.7,4.5,8.3,16.7,8.7,0.0,0.0,2918400,2918400,2918400,2918400,2918400,2918400,3283200,3283200,556800,2918400,1017600,3283200,7311,30423,pool-5-thread-1,5,26,38,18195,0,NA,31037,/top-app,0-7,/top-app,0-7,0,466,0,466,43.6,43.6,43.6,44.8,30,42.8,35.0,0.3,0,NONE,0,0,0,0,0,2147483647,2147483647,game_pid=-1 child_num=0 ui_assist_num=0,0,0
1786636440.262,251278.20,2918400,2918400,2918400,2918400,2918400,2918400,1017600,1017600,65.4,50.0,22.2,25.0,63.0,51.9,0.0,0.0,2918400,2918400,2918400,2918400,2918400,2918400,3283200,3283200,556800,2918400,1017600,3283200,7311,30423,pool-5-thread-1,5,26,38,18195,8,"1,5,2,0,4,3,3,5",31037,/top-app,0-7,/top-app,0-7,0,466,0,466,45.9,44.8,45.9,56.3,30,42.8,35.0,0.3,0,NONE,0,0,0,0,0,2147483647,2147483647,game_pid=-1 child_num=0 ui_assist_num=0,0,0
1786636440.262,251278.46,2918400,2918400,2918400,2918400,2918400,2918400,1017600,1017600,100.0,96.3,100.0,100.0,100.0,100.0,0.0,0.0,2918400,2918400,2918400,2918400,2918400,2918400,3283200,3283200,556800,2918400,1017600,3283200,7311,30423,pool-5-thread-1,5,26,38,18195,8,"4,2,3,0,3,2,5,1",31037,/top-app,0-7,/top-app,0-7,0,466,0,466,48.2,46.7,48.2,58.7,30,43.2,35.0,0.3,0,NONE,0,0,0,0,0,2147483647,2147483647,game_pid=-1 child_num=0 ui_assist_num=0,0,0
1786636440.262,251278.75,2745600,2745600,2745600,2745600,2745600,2745600,1017600,1017600,100.0,100.0,100.0,100.0,100.0,100.0,0.0,0.0,2918400,2918400,2918400,2918400,2918400,2918400,3283200,3283200,556800,2918400,1017600,3283200,7311,30423,pool-5-thread-1,5,26,38,18195,2,"0,1",31037,/top-app,0-7,/top-app,0-7,0,466,0,466,49.4,47.8,49.4,60.2,30,43.2,35.0,0.3,0,NONE,0,0,0,0,0,2147483647,2147483647,game_pid=-1 child_num=0 ui_assist_num=0,0,0
1786636440.262,251278.98,2918400,2918400,2918400,2918400,2918400,2918400,1017600,1017600,95.8,100.0,95.8,100.0,100.0,95.7,0.0,0.0,2918400,2918400,2918400,2918400,2918400,2918400,3283200,3283200,556800,2918400,1017600,3283200,7311,30423,pool-5-thread-1,5,26,38,18195,8,"3,0,5,1,3,2,2,4",31037,/top-app,0-7,/top-app,0-7,0,466,0,466,50.2,48.2,50.2,64.5,30,43.6,35.0,0.3,0,NONE,0,0,0,0,0,2147483647,2147483647,game_pid=-1 child_num=0 ui_assist_num=0,0,0
1786636440.262,251279.23,2918400,2918400,2918400,2918400,2918400,2918400,1017600,1017600,100.0,100.0,100.0,100.0,96.0,100.0,0.0,0.0,2918400,2918400,2918400,2918400,2918400,2918400,3283200,3283200,556800,2918400,1017600,3283200,7311,30423,pool-5-thread-1,5,26,38,18195,8,"1,0,5,2,3,2,4,4",31037,/top-app,0-7,/top-app,0-7,0,466,0,466,50.2,48.6,50.2,62.9,30,44.0,35.0,0.3,0,NONE,0,0,0,0,0,2147483647,2147483647,game_pid=-1 child_num=0 ui_assist_num=0,0,0
1786636451.476,251279.48,2918400,2918400,2918400,2918400,2918400,2918400,1017600,1017600,92.0,100.0,92.0,92.0,96.0,100.0,0.0,0.0,2918400,2918400,2918400,2918400,2918400,2918400,3283200,3283200,556800,2918400,1017600,3283200,7311,30423,pool-5-thread-1,5,26,38,18195,8,"1,4,3,3,5,4,0,2",31037,/top-app,0-7,/top-app,0-7,0,466,0,466,51.3,49.4,51.3,64.8,30,44.4,35.0,0.3,0,NONE,0,0,0,0,0,2147483647,2147483647,game_pid=-1 child_num=0 ui_assist_num=0,0,0
1786636451.496,251279.72,2918400,2918400,2918400,2918400,2918400,2918400,1017600,1017600,100.0,100.0,100.0,100.0,100.0,100.0,0.0,0.0,2918400,2918400,2918400,2918400,2918400,2918400,3283200,3283200,556800,2918400,1017600,3283200,7311,30423,pool-5-thread-1,5,26,38,18195,8,"0,4,2,1,5,0,3,2",31037,/top-app,0-7,/top-app,0-7,0,466,0,466,62.9,61.4,62.9,61.7,30,44.0,35.0,0.3,0,NONE,0,0,0,0,0,2147483647,2147483647,game_pid=-1 child_num=0 ui_assist_num=0,0,0
1786636451.496,251280.00,2918400,2918400,2918400,2918400,2918400,2918400,3283200,3283200,88.9,96.4,92.3,92.9,92.9,96.7,80.8,75.0,2918400,2918400,2918400,2918400,2918400,2918400,3283200,3283200,556800,2918400,1017600,3283200,7311,30423,pool-5-thread-1,5,26,38,18195,8,"5,1,7,4,0,6,3,2",31037,/top-app,0-7,/top-app,0-7,0,466,0,466,80.3,78.0,80.3,68.7,30,44.8,35.0,0.3,0,NONE,0,0,0,0,0,2147483647,2147483647,game_pid=-1 child_num=0 ui_assist_num=0,0,0
1786636451.496,251280.23,2918400,2918400,2918400,2918400,2918400,2918400,2649600,2649600,100.0,100.0,95.7,100.0,100.0,100.0,100.0,100.0,2918400,2918400,2918400,2918400,2918400,2918400,3283200,3283200,556800,2918400,1017600,3283200,7311,30423,pool-5-thread-1,5,26,38,18195,8,"3,7,2,4,1,5,0,6",31037,/top-app,0-7,/top-app,0-7,0,466,0,466,78.7,75.3,78.7,68.7,30,45.5,35.0,0.3,0,NONE,0,0,0,0,0,2147483647,2147483647,game_pid=-1 child_num=0 ui_assist_num=0,0,0
1786636451.497,251280.47,2918400,2918400,2918400,2918400,2918400,2918400,3283200,3283200,92.0,100.0,91.7,96.0,88.0,91.7,87.0,91.7,2918400,2918400,2918400,2918400,2918400,2918400,3283200,3283200,556800,2918400,1017600,3283200,7311,30423,pool-5-thread-1,5,26,38,18195,8,"5,7,2,0,3,6,1,4",31037,/top-app,0-7,/top-app,0-7,0,466,0,466,81.8,80.7,81.8,71.0,30,45.9,35.0,0.3,0,NONE,0,0,0,0,0,2147483647,2147483647,game_pid=-1 child_num=0 ui_assist_num=0,0,0
1786636451.497,251280.71,1785600,1785600,1785600,1785600,1785600,1785600,1017600,1017600,82.6,83.3,81.8,82.6,91.7,83.3,80.8,72.7,2918400,2918400,2918400,2918400,2918400,2918400,3283200,3283200,556800,2918400,1017600,3283200,7311,30423,pool-5-thread-1,5,26,38,18195,0,NA,31037,/top-app,0-7,/top-app,0-7,0,466,0,466,59.4,57.9,59.4,62.1,30,46.3,35.0,0.3,0,NONE,0,0,0,0,0,2147483647,2147483647,game_pid=-1 child_num=0 ui_assist_num=0,0,0
1786636451.497,251280.95,748800,748800,748800,748800,748800,748800,1017600,1017600,50.0,28.6,24.0,8.7,29.2,33.3,0.0,0.0,2918400,2918400,2918400,2918400,2918400,2918400,3283200,3283200,556800,2918400,1017600,3283200,7311,30423,pool-5-thread-1,5,26,38,18195,0,NA,31037,/top-app,0-7,/top-app,0-7,0,466,0,466,52.1,51.3,52.1,56.3,30,46.3,35.0,0.3,0,NONE,0,0,0,0,0,2147483647,2147483647,game_pid=-1 child_num=0 ui_assist_num=0,0,0
1786636451.497,251281.22,556800,556800,556800,556800,556800,556800,1017600,1017600,44.0,35.7,7.7,0.0,16.0,15.4,0.0,0.0,2918400,2918400,2918400,2918400,2918400,2918400,3283200,3283200,556800,2918400,1017600,3283200,7311,30423,pool-5-thread-1,5,26,38,18195,0,NA,31037,/top-app,0-7,/top-app,0-7,0,466,0,466,49.8,49.4,49.8,51.3,30,45.9,35.0,0.3,0,NONE,0,0,0,0,0,2147483647,2147483647,game_pid=-1 child_num=0 ui_assist_num=0,0,0
1786636451.497,251281.50,556800,556800,556800,556800,556800,556800,1017600,1017600,54.2,28.0,7.4,17.2,37.9,32.1,0.0,0.0,2918400,2918400,2918400,2918400,2918400,2918400,3283200,3283200,556800,2918400,1017600,3283200,7311,30423,pool-5-thread-1,5,26,38,18195,0,NA,31037,/top-app,0-7,/top-app,0-7,0,466,0,466,48.6,48.2,48.6,49.8,30,45.5,35.0,0.3,0,NONE,0,0,0,0,0,2147483647,2147483647,game_pid=-1 child_num=0 ui_assist_num=0,0,0
1786636451.497,251281.77,556800,556800,556800,556800,556800,556800,1017600,1017600,46.2,34.5,7.1,0.0,28.6,28.6,0.0,0.0,2918400,2918400,2918400,2918400,2918400,2918400,3283200,3283200,556800,2918400,1017600,3283200,7311,30423,pool-5-thread-1,5,26,38,18195,0,NA,31037,/top-app,0-7,/top-app,0-7,0,466,0,466,47.1,47.1,47.1,48.6,30,45.1,35.0,0.3,0,NONE,0,0,0,0,0,2147483647,2147483647,game_pid=-1 child_num=0 ui_assist_num=0,0,0
1786636451.497,251282.03,556800,556800,556800,556800,556800,556800,1017600,1017600,46.7,36.7,0.0,3.8,44.0,18.5,0.0,0.0,2918400,2918400,2918400,2918400,2918400,2918400,3283200,3283200,556800,2918400,1017600,3283200,7311,30423,pool-5-thread-1,5,26,38,18195,0,NA,31037,/top-app,0-7,/top-app,0-7,0,466,0,466,46.7,46.7,46.7,47.8,30,44.8,35.0,0.3,0,NONE,0,0,0,0,0,2147483647,2147483647,game_pid=-1 child_num=0 ui_assist_num=0,0,0
1786636451.497,251282.31,556800,556800,556800,556800,556800,556800,1017600,1017600,50.0,40.5,0.0,0.0,10.3,20.7,0.0,0.0,2918400,2918400,2918400,2918400,2918400,2918400,3283200,3283200,556800,2918400,1017600,3283200,7311,30423,pool-5-thread-1,5,26,38,18195,0,NA,31037,/top-app,0-7,/top-app,0-7,0,466,0,466,45.9,45.9,45.9,48.6,30,44.8,35.0,0.3,0,NONE,0,0,0,0,0,2147483647,2147483647,game_pid=-1 child_num=0 ui_assist_num=0,0,0
1786636451.497,251282.60,556800,556800,556800,556800,556800,556800,1017600,1017600,50.0,42.9,0.0,0.0,20.7,29.0,0.0,0.0,2918400,2918400,2918400,2918400,2918400,2918400,3283200,3283200,556800,2918400,1017600,3283200,7311,30423,pool-5-thread-1,5,26,38,18195,0,NA,31037,/top-app,0-7,/top-app,0-7,0,466,0,466,45.9,45.5,45.9,46.7,30,44.4,35.0,0.3,0,NONE,0,0,0,0,0,2147483647,2147483647,game_pid=-1 child_num=0 ui_assist_num=0,0,0
1786636451.497,251282.87,556800,556800,556800,556800,556800,556800,1017600,1017600,44.8,44.4,0.0,0.0,21.4,22.2,0.0,0.0,2918400,2918400,2918400,2918400,2918400,2918400,3283200,3283200,556800,2918400,1017600,3283200,7311,30423,pool-5-thread-1,5,26,38,18195,0,NA,31037,/top-app,0-7,/top-app,0-7,0,466,0,466,45.1,45.1,45.1,46.3,30,44.0,35.0,0.3,0,NONE,0,0,0,0,0,2147483647,2147483647,game_pid=-1 child_num=0 ui_assist_num=0,0,0
1786636451.497,251283.16,556800,556800,556800,556800,556800,556800,1017600,1017600,57.6,39.4,6.9,7.1,29.0,30.0,0.0,0.0,2918400,2918400,2918400,2918400,2918400,2918400,3283200,3283200,556800,2918400,1017600,3283200,7311,30423,pool-5-thread-1,5,26,38,18195,0,NA,31037,/top-app,0-7,/top-app,0-7,0,466,0,466,45.1,44.8,45.1,47.1,30,43.6,35.0,0.3,0,NONE,0,0,0,0,0,2147483647,2147483647,game_pid=-1 child_num=0 ui_assist_num=0,0,0
1786636451.497,251283.41,556800,556800,556800,556800,556800,556800,1017600,1017600,42.9,35.5,0.0,0.0,30.8,23.1,0.0,0.0,2918400,2918400,2918400,2918400,2918400,2918400,3283200,3283200,556800,2918400,1017600,3283200,7311,30423,pool-5-thread-1,5,26,38,18195,0,NA,31037,/top-app,0-7,/top-app,0-7,0,466,0,466,44.8,44.8,44.8,46.3,30,44.0,35.0,0.3,0,NONE,0,0,0,0,0,2147483647,2147483647,game_pid=-1 child_num=0 ui_assist_num=0,0,0
1786636451.497,251283.68,556800,556800,556800,556800,556800,556800,1017600,1017600,51.7,37.5,0.0,3.6,21.4,22.2,0.0,0.0,2918400,2918400,2918400,2918400,2918400,2918400,3283200,3283200,556800,2918400,1017600,3283200,7311,30423,pool-5-thread-1,5,26,38,18195,0,NA,31037,/top-app,0-7,/top-app,0-7,0,466,0,466,44.8,44.4,44.8,46.3,30,43.2,35.0,0.3,0,NONE,0,0,0,0,0,2147483647,2147483647,game_pid=-1 child_num=0 ui_assist_num=0,0,0
1786636451.497,251283.98,748800,748800,748800,748800,748800,748800,1017600,1017600,50.0,41.0,3.2,0.0,21.4,10.3,0.0,0.0,2918400,2918400,2918400,2918400,2918400,2918400,3283200,3283200,556800,2918400,1017600,3283200,7311,30423,pool-5-thread-1,5,26,38,18195,0,NA,31037,/top-app,0-7,/top-app,0-7,0,466,0,466,44.4,44.4,44.4,45.9,30,43.2,35.0,0.3,0,NONE,0,0,0,0,0,2147483647,2147483647,game_pid=-1 child_num=0 ui_assist_num=0,0,0
1786636451.497,251284.24,556800,556800,556800,556800,556800,556800,1017600,1017600,53.3,41.9,11.5,0.0,27.6,25.0,0.0,0.0,2918400,2918400,2918400,2918400,2918400,2918400,3283200,3283200,556800,2918400,1017600,3283200,7311,30423,pool-5-thread-1,5,26,38,18195,0,NA,31037,/top-app,0-7,/top-app,0-7,0,466,0,466,44.0,44.0,44.0,45.1,30,43.2,35.0,0.3,0,NONE,0,0,0,0,0,2147483647,2147483647,game_pid=-1 child_num=0 ui_assist_num=0,0,0
1786636451.497,251284.51,748800,748800,748800,748800,748800,748800,1017600,1017600,48.3,39.4,0.0,0.0,29.6,25.0,0.0,0.0,2918400,2918400,2918400,2918400,2918400,2918400,3283200,3283200,556800,2918400,1017600,3283200,7311,30423,pool-5-thread-1,5,26,38,18195,0,NA,31037,/top-app,0-7,/top-app,0-7,0,466,0,466,44.0,44.0,43.6,45.1,30,43.2,35.0,0.3,0,NONE,0,0,0,0,0,2147483647,2147483647,game_pid=-1 child_num=0 ui_assist_num=0,0,0
1786636451.497,251284.76,556800,556800,556800,556800,556800,556800,1017600,1017600,57.1,46.7,0.0,4.0,30.8,24.0,0.0,0.0,2918400,2918400,2918400,2918400,2918400,2918400,3283200,3283200,556800,2918400,1017600,3283200,7311,30423,pool-5-thread-1,5,26,38,18195,0,NA,31037,/top-app,0-7,/top-app,0-7,0,466,0,466,44.0,44.0,43.6,45.1,30,43.2,35.0,0.3,0,NONE,0,0,0,0,0,2147483647,2147483647,game_pid=-1 child_num=0 ui_assist_num=0,0,0
1786636451.498,251285.03,556800,556800,556800,556800,556800,556800,1017600,1017600,46.4,37.5,0.0,0.0,33.3,30.8,0.0,0.0,2918400,2918400,2918400,2918400,2918400,2918400,3283200,3283200,556800,2918400,1017600,3283200,7311,30423,pool-5-thread-1,5,26,38,18195,0,NA,31037,/top-app,0-7,/top-app,0-7,0,466,0,466,44.0,43.6,44.0,46.3,30,43.2,35.0,0.3,0,NONE,0,0,0,0,0,2147483647,2147483647,game_pid=-1 child_num=0 ui_assist_num=0,0,0
1786636451.498,251285.32,556800,556800,556800,556800,556800,556800,1017600,1017600,51.4,40.5,16.1,6.9,13.8,29.0,0.0,0.0,2918400,2918400,2918400,2918400,2918400,2918400,3283200,3283200,556800,2918400,1017600,3283200,7311,30423,pool-5-thread-1,5,26,38,18195,0,NA,31037,/top-app,0-7,/top-app,0-7,0,466,0,466,43.6,43.6,43.6,45.1,30,42.8,35.0,0.3,0,NONE,0,0,0,0,0,2147483647,2147483647,game_pid=-1 child_num=0 ui_assist_num=0,0,0
1786636451.498,251285.59,556800,556800,556800,556800,556800,556800,1017600,1017600,53.3,44.1,0.0,0.0,28.6,22.2,0.0,0.0,2918400,2918400,2918400,2918400,2918400,2918400,3283200,3283200,556800,2918400,1017600,3283200,7311,30423,pool-5-thread-1,5,26,38,18195,0,NA,31037,/top-app,0-7,/top-app,0-7,0,466,0,466,43.6,43.6,43.6,44.8,30,42.8,35.0,0.3,0,NONE,0,0,0,0,0,2147483647,2147483647,game_pid=-1 child_num=0 ui_assist_num=0,0,0
1786636452.460,251290.90,556800,556800,556800,556800,556800,556800,1017600,1017600,59.6,46.8,25.3,26.7,35.6,33.7,0.0,0.0,2918400,2918400,2918400,2918400,2918400,2918400,3283200,3283200,556800,2918400,1017600,3283200,7311,30423,pool-5-thread-1,5,26,38,18195,0,NA,31037,/top-app,0-7,/top-app,0-7,0,466,0,466,43.2,42.8,43.2,44.8,30,42.4,35.1,0.4,0,NONE,0,0,0,0,0,2147483647,2147483647,game_pid=-1 child_num=0 ui_assist_num=0,0,0
1786636452.461,251291.16,556800,556800,556800,556800,556800,556800,1017600,1017600,51.6,46.9,0.0,0.0,23.1,23.1,0.0,0.0,2918400,2918400,2918400,2918400,2918400,2918400,3283200,3283200,556800,2918400,1017600,3283200,7311,30423,pool-5-thread-1,5,26,38,18195,0,NA,31037,/top-app,0-7,/top-app,0-7,0,466,0,466,43.2,43.2,42.8,44.4,30,42.8,35.1,0.4,0,NONE,0,0,0,0,0,2147483647,2147483647,game_pid=-1 child_num=0 ui_assist_num=0,0,0
1786636452.461,251291.42,1785600,1785600,1785600,1785600,1785600,1785600,1017600,1017600,48.3,41.9,11.5,7.7,23.1,28.0,0.0,0.0,2918400,2918400,2918400,2918400,2918400,2918400,3283200,3283200,556800,2918400,1017600,3283200,7311,30423,pool-5-thread-1,5,26,38,18195,0,NA,31037,/top-app,0-7,/top-app,0-7,0,466,0,466,43.2,42.8,43.2,45.5,30,42.4,35.1,0.4,0,NONE,0,0,0,0,0,2147483647,2147483647,game_pid=-1 child_num=0 ui_assist_num=0,0,0
1786636452.533,251291.68,556800,556800,556800,556800,556800,556800,1017600,1017600,44.4,30.0,12.0,3.8,21.4,18.5,0.0,0.0,2918400,2918400,2918400,2918400,2918400,2918400,3283200,3283200,556800,2918400,1017600,3283200,7311,30423,pool-5-thread-1,5,26,38,18195,0,NA,31037,/top-app,0-7,/top-app,0-7,0,466,0,466,43.2,43.2,42.8,44.4,30,42.4,35.1,0.4,0,NONE,0,0,0,0,0,2147483647,2147483647,game_pid=-1 child_num=0 ui_assist_num=0,0,0
1786636454.100,251291.94,556800,556800,556800,556800,556800,556800,1017600,1017600,48.5,38.9,0.0,0.0,11.5,12.0,0.0,0.0,2918400,2918400,2918400,2918400,2918400,2918400,3283200,3283200,556800,2918400,1017600,3283200,7311,30423,pool-5-thread-1,5,26,38,18195,0,NA,31037,/top-app,0-7,/top-app,0-7,0,466,0,466,42.8,42.8,42.4,43.6,30,42.0,35.1,0.4,0,NONE,0,0,0,0,0,2147483647,2147483647,game_pid=-1 child_num=0 ui_assist_num=0,0,0
1786636454.103,251292.21,1785600,1785600,1785600,1785600,1785600,1785600,1017600,1017600,53.6,48.5,0.0,0.0,25.0,32.1,0.0,0.0,2918400,2918400,2918400,2918400,2918400,2918400,3283200,3283200,556800,2918400,1017600,3283200,7311,30423,pool-5-thread-1,5,26,38,18195,1,4,31037,/top-app,0-7,/top-app,0-7,0,466,0,466,42.8,42.8,42.4,44.4,30,42.0,35.1,0.4,0,NONE,0,0,0,0,0,2147483647,2147483647,game_pid=-1 child_num=0 ui_assist_num=0,0,0
1786636454.103,251292.45,2400000,2400000,2400000,2400000,2400000,2400000,1017600,1017600,50.0,45.5,0.0,0.0,43.5,36.4,0.0,0.0,2918400,2918400,2918400,2918400,2918400,2918400,3283200,3283200,556800,2918400,1017600,3283200,7311,30423,pool-5-thread-1,5,26,38,18195,1,5,31037,/top-app,0-7,/top-app,0-7,0,466,0,466,43.2,43.2,43.2,47.5,30,42.0,35.1,0.4,0,NONE,0,0,0,0,0,2147483647,2147483647,game_pid=-1 child_num=0 ui_assist_num=0,0,0
1786636454.104,251292.68,2745600,2745600,2745600,2745600,2745600,2745600,1017600,1017600,33.3,45.5,0.0,0.0,33.3,34.8,0.0,0.0,2918400,2918400,2918400,2918400,2918400,2918400,3283200,3283200,556800,2918400,1017600,3283200,7311,30423,pool-5-thread-1,5,26,38,18195,1,1,31037,/top-app,0-7,/top-app,0-7,0,466,0,466,44.0,43.6,44.0,49.4,30,42.0,35.1,0.4,0,NONE,0,0,0,0,0,2147483647,2147483647,game_pid=-1 child_num=0 ui_assist_num=0,0,0
1786636454.104,251292.92,2745600,2745600,2745600,2745600,2745600,2745600,1017600,1017600,34.8,31.8,0.0,0.0,40.0,41.7,0.0,0.0,2918400,2918400,2918400,2918400,2918400,2918400,3283200,3283200,556800,2918400,1017600,3283200,7311,30423,pool-5-thread-1,5,26,38,18195,1,4,31037,/top-app,0-7,/top-app,0-7,0,466,0,466,44.4,44.0,44.4,47.8,30,42.4,35.1,0.4,0,NONE,0,0,0,0,0,2147483647,2147483647,game_pid=-1 child_num=0 ui_assist_num=0,0,0
1786636454.104,251293.16,2918400,2918400,2918400,2918400,2918400,2918400,1017600,1017600,37.5,48.0,0.0,0.0,45.8,33.3,0.0,0.0,2918400,2918400,2918400,2918400,2918400,2918400,3283200,3283200,556800,2918400,1017600,3283200,7311,30423,pool-5-thread-1,5,26,38,18195,1,1,31037,/top-app,0-7,/top-app,0-7,0,466,0,466,44.8,44.0,44.8,52.5,30,42.4,35.1,0.4,0,NONE,0,0,0,0,0,2147483647,2147483647,game_pid=-1 child_num=0 ui_assist_num=0,0,0
1786636454.264,251293.41,2918400,2918400,2918400,2918400,2918400,2918400,1017600,1017600,92.0,92.0,76.0,80.0,91.3,88.5,0.0,0.0,2918400,2918400,2918400,2918400,2918400,2918400,3283200,3283200,556800,2918400,1017600,3283200,7311,30423,pool-5-thread-1,5,26,38,18195,8,"0,5,2,2,1,4,3,4",31037,/top-app,0-7,/top-app,0-7,0,466,0,466,47.5,46.3,47.5,59.4,30,43.2,35.1,0.4,0,NONE,0,0,0,0,0,2147483647,2147483647,game_pid=-1 child_num=0 ui_assist_num=0,0,0
1786636454.526,251293.67,2918400,2918400,2918400,2918400,2918400,2918400,1017600,1017600,100.0,100.0,100.0,100.0,96.3,100.0,0.0,0.0,2918400,2918400,2918400,2918400,2918400,2918400,3283200,3283200,556800,2918400,1017600,3283200,7311,30423,pool-5-thread-1,5,26,38,18195,8,"1,2,5,4,3,2,0,5",31037,/top-app,0-7,/top-app,0-7,0,466,0,466,49.8,47.8,49.8,63.7,30,44.0,35.1,0.4,0,NONE,0,0,0,0,0,2147483647,2147483647,game_pid=-1 child_num=0 ui_assist_num=0,0,0
1786636454.776,251293.94,2745600,2745600,2745600,2745600,2745600,2745600,1017600,1017600,92.3,100.0,92.6,92.6,96.2,92.6,0.0,0.0,2918400,2918400,2918400,2918400,2918400,2918400,3283200,3283200,556800,2918400,1017600,3283200,7311,30423,pool-5-thread-1,5,26,38,18195,1,4,31037,/top-app,0-7,/top-app,0-7,0,466,0,466,50.5,49.0,50.5,61.0,30,44.8,35.1,0.4,0,NONE,0,0,0,0,0,2147483647,2147483647,game_pid=-1 child_num=0 ui_assist_num=0,0,0
1786636455.044,251294.18,556800,556800,556800,556800,556800,556800,1017600,1017600,33.3,9.1,16.0,13.0,41.7,17.4,0.0,0.0,2918400,2918400,2918400,2918400,2918400,2918400,3283200,3283200,556800,2918400,1017600,3283200,7311,30423,pool-5-thread-1,5,26,38,18195,0,NA,31037,/top-app,0-7,/top-app,0-7,0,466,0,466,47.5,47.5,47.5,50.5,30,44.0,35.1,0.4,0,NONE,0,0,0,0,0,2147483647,2147483647,game_pid=-1 child_num=0 ui_assist_num=0,0,0
1786636455.294,251294.45,556800,556800,556800,556800,556800,556800,1017600,1017600,42.3,26.9,0.0,0.0,25.9,37.9,0.0,0.0,2918400,2918400,2918400,2918400,2918400,2918400,3283200,3283200,556800,2918400,1017600,3283200,7311,30423,pool-5-thread-1,5,26,38,18195,0,NA,31037,/top-app,0-7,/top-app,0-7,0,466,0,466,45.9,45.9,45.9,49.4,30,44.0,35.1,0.4,0,NONE,0,0,0,0,0,2147483647,2147483647,game_pid=-1 child_num=0 ui_assist_num=0,0,0
1786636455.548,251294.70,556800,556800,556800,556800,556800,556800,1017600,1017600,50.0,38.5,0.0,0.0,30.8,29.2,0.0,0.0,2918400,2918400,2918400,2918400,2918400,2918400,3283200,3283200,556800,2918400,1017600,3283200,7311,30423,pool-5-thread-1,5,26,38,18195,0,NA,31037,/top-app,0-7,/top-app,0-7,0,466,0,466,45.1,45.1,45.1,48.2,30,44.0,35.1,0.4,0,NONE,0,0,0,0,0,2147483647,2147483647,game_pid=-1 child_num=0 ui_assist_num=0,0,0
1786636455.810,251294.95,556800,556800,556800,556800,556800,556800,1017600,1017600,45.8,24.0,12.5,8.0,24.0,19.2,0.0,0.0,2918400,2918400,2918400,2918400,2918400,2918400,3283200,3283200,556800,2918400,1017600,3283200,7311,30423,pool-5-thread-1,5,26,38,18195,0,NA,31037,/top-app,0-7,/top-app,0-7,0,466,0,466,44.8,44.8,44.8,46.3,30,43.2,35.1,0.4,0,NONE,0,0,0,0,0,2147483647,2147483647,game_pid=-1 child_num=0 ui_assist_num=0,0,0
1786636456.469,251295.22,2918400,2918400,2918400,2918400,2918400,2918400,1017600,1017600,57.7,50.0,15.4,20.0,57.7,52.0,0.0,0.0,2918400,2918400,2918400,2918400,2918400,2918400,3283200,3283200,556800,2918400,1017600,3283200,7311,30423,pool-5-thread-1,5,26,38,18195,0,NA,31037,/top-app,0-7,/top-app,0-7,0,466,0,466,45.5,45.1,45.5,50.2,30,43.6,35.1,0.4,0,NONE,0,0,0,0,0,2147483647,2147483647,game_pid=-1 child_num=0 ui_assist_num=0,0,0
1786636456.470,251295.47,556800,556800,556800,556800,556800,556800,1017600,1017600,37.5,30.8,8.3,12.0,25.9,12.0,0.0,0.0,2918400,2918400,2918400,2918400,2918400,2918400,3283200,3283200,556800,2918400,1017600,3283200,7311,30423,pool-5-thread-1,5,26,38,18195,0,NA,31037,/top-app,0-7,/top-app,0-7,0,466,0,466,44.4,44.4,44.4,45.9,30,43.2,35.1,0.4,0,NONE,0,0,0,0,0,2147483647,2147483647,game_pid=-1 child_num=0 ui_assist_num=0,0,0
1786636456.595,251295.73,556800,556800,556800,556800,556800,556800,1017600,1017600,38.5,25.9,0.0,0.0,34.6,30.8,0.0,0.0,2918400,2918400,2918400,2918400,2918400,2918400,3283200,3283200,556800,2918400,1017600,3283200,7311,30423,pool-5-thread-1,5,26,38,18195,0,NA,31037,/top-app,0-7,/top-app,0-7,0,466,0,466,43.6,43.6,43.6,45.1,30,43.2,35.1,0.4,0,NONE,0,0,0,0,0,2147483647,2147483647,game_pid=-1 child_num=0 ui_assist_num=0,0,0
1786636456.869,251296.01,556800,556800,556800,556800,556800,556800,1017600,1017600,48.3,35.3,0.0,0.0,11.1,21.4,0.0,0.0,2918400,2918400,2918400,2918400,2918400,2918400,3283200,3283200,556800,2918400,1017600,3283200,7311,30423,pool-5-thread-1,5,26,38,18195,0,NA,31037,/top-app,0-7,/top-app,0-7,0,466,0,466,43.6,43.6,43.6,44.8,30,42.8,35.1,0.4,0,NONE,0,0,0,0,0,2147483647,2147483647,game_pid=-1 child_num=0 ui_assist_num=0,0,0
1786636457.141,251296.27,556800,556800,556800,556800,556800,556800,1017600,1017600,50.0,34.4,0.0,0.0,24.1,8.0,0.0,0.0,2918400,2918400,2918400,2918400,2918400,2918400,3283200,3283200,556800,2918400,1017600,3283200,7311,30423,pool-5-thread-1,5,26,38,18195,0,NA,31037,/top-app,0-7,/top-app,0-7,0,466,0,466,43.6,43.2,43.6,44.4,30,42.8,35.1,0.4,0,NONE,0,0,0,0,0,2147483647,2147483647,game_pid=-1 child_num=0 ui_assist_num=0,0,0
1786636457.561,251296.55,556800,556800,556800,556800,556800,556800,1017600,1017600,46.7,37.5,0.0,0.0,41.4,42.9,0.0,0.0,2918400,2918400,2918400,2918400,2918400,2918400,3283200,3283200,556800,2918400,1017600,3283200,7311,30423,pool-5-thread-1,5,26,38,18195,0,NA,31037,/top-app,0-7,/top-app,0-7,0,466,0,466,43.2,43.2,43.2,45.5,30,42.4,35.1,0.4,0,NONE,0,0,0,0,0,2147483647,2147483647,game_pid=-1 child_num=0 ui_assist_num=0,0,0
1786636457.712,251296.85,556800,556800,556800,556800,556800,556800,1017600,1017600,53.1,43.2,9.7,20.0,24.1,30.3,0.0,0.0,2918400,2918400,2918400,2918400,2918400,2918400,3283200,3283200,556800,2918400,1017600,3283200,7311,30423,pool-5-thread-1,5,26,38,18195,0,NA,31037,/top-app,0-7,/top-app,0-7,0,466,0,466,43.2,43.2,43.2,44.4,30,42.0,35.1,0.4,0,NONE,0,0,0,0,0,2147483647,2147483647,game_pid=-1 child_num=0 ui_assist_num=0,0,0
1786636457.983,251297.13,556800,556800,556800,556800,556800,556800,1017600,1017600,50.0,39.4,0.0,0.0,33.3,30.0,0.0,0.0,2918400,2918400,2918400,2918400,2918400,2918400,3283200,3283200,556800,2918400,1017600,3283200,7311,30423,pool-5-thread-1,5,26,38,18195,0,NA,31037,/top-app,0-7,/top-app,0-7,0,466,0,466,43.2,43.2,42.8,44.0,30,42.4,35.1,0.4,0,NONE,0,0,0,0,0,2147483647,2147483647,game_pid=-1 child_num=0 ui_assist_num=0,0,0
1786636458.260,251297.39,556800,556800,556800,556800,556800,556800,1017600,1017600,41.4,32.1,3.8,10.7,25.0,48.1,0.0,0.0,2918400,2918400,2918400,2918400,2918400,2918400,3283200,3283200,556800,2918400,1017600,3283200,7311,30423,pool-5-thread-1,5,26,38,18195,0,NA,31037,/top-app,0-7,/top-app,0-7,0,466,0,466,42.8,42.4,42.8,44.0,30,42.4,35.1,0.4,0,NONE,0,0,0,0,0,2147483647,2147483647,game_pid=-1 child_num=0 ui_assist_num=0,0,0
1786636458.513,251297.68,748800,748800,748800,748800,748800,748800,1017600,1017600,51.6,40.0,3.6,7.1,27.6,29.0,0.0,0.0,2918400,2918400,2918400,2918400,2918400,2918400,3283200,3283200,556800,2918400,1017600,3283200,7311,30423,pool-5-thread-1,5,26,38,18195,0,NA,31037,/top-app,0-7,/top-app,0-7,0,466,0,466,42.8,42.8,42.8,44.8,30,42.0,35.1,0.4,0,NONE,0,0,0,0,0,2147483647,2147483647,game_pid=-1 child_num=0 ui_assist_num=0,0,0
1786636459.667,251297.92,556800,556800,556800,556800,556800,556800,1017600,1017600,46.4,34.5,0.0,0.0,12.5,16.0,0.0,0.0,2918400,2918400,2918400,2918400,2918400,2918400,3283200,3283200,556800,2918400,1017600,3283200,7311,30423,pool-5-thread-1,5,26,38,18195,0,NA,31037,/top-app,0-7,/top-app,0-7,0,466,0,466,42.4,42.4,42.4,44.4,30,42.0,35.1,0.4,0,NONE,0,0,0,0,0,2147483647,2147483647,game_pid=-1 child_num=0 ui_assist_num=0,0,0
1786636459.669,251298.22,1363200,1363200,1363200,1363200,1363200,1363200,1017600,1017600,47.1,43.6,0.0,0.0,50.0,10.3,0.0,0.0,2918400,2918400,2918400,2918400,2918400,2918400,3283200,3283200,556800,2918400,1017600,3283200,7311,30423,pool-5-thread-1,5,26,38,18195,0,NA,31037,/top-app,0-7,/top-app,0-7,0,466,0,466,42.4,42.4,42.4,44.4,30,42.0,35.1,0.4,0,NONE,0,0,0,0,0,2147483647,2147483647,game_pid=-1 child_num=0 ui_assist_num=0,0,0
1786636459.669,251298.46,960000,960000,960000,960000,960000,960000,1017600,1017600,51.7,40.7,0.0,0.0,21.7,25.0,0.0,0.0,2918400,2918400,2918400,2918400,2918400,2918400,3283200,3283200,556800,2918400,1017600,3283200,7311,30423,pool-5-thread-1,5,26,38,18195,0,NA,31037,/top-app,0-7,/top-app,0-7,0,466,0,466,42.8,42.8,42.4,44.0,30,41.7,35.1,0.4,0,NONE,0,0,0,0,0,2147483647,2147483647,game_pid=-1 child_num=0 ui_assist_num=0,0,0
1786636459.669,251298.72,556800,556800,748800,748800,748800,748800,1017600,1017600,56.7,44.1,3.7,0.0,25.0,23.1,0.0,0.0,2918400,2918400,2918400,2918400,2918400,2918400,3283200,3283200,556800,2918400,1017600,3283200,7311,30423,pool-5-thread-1,5,26,38,18195,0,NA,31037,/top-app,0-7,/top-app,0-7,0,466,0,466,42.4,42.4,42.4,45.1,30,41.7,35.1,0.4,0,NONE,0,0,0,0,0,2147483647,2147483647,game_pid=-1 child_num=0 ui_assist_num=0,0,0
1786636459.996,251298.96,556800,556800,556800,556800,556800,556800,1017600,1017600,52.0,39.3,12.5,8.3,20.8,33.3,0.0,0.0,2918400,2918400,2918400,2918400,2918400,2918400,3283200,3283200,556800,2918400,1017600,3283200,7311,30423,pool-5-thread-1,5,26,38,18195,0,NA,31037,/top-app,0-7,/top-app,0-7,0,466,0,466,42.0,42.0,42.0,43.2,30,41.7,35.1,0.4,0,NONE,0,0,0,0,0,2147483647,2147483647,game_pid=-1 child_num=0 ui_assist_num=0,0,0
1786636460.080,251299.24,2745600,2745600,2745600,2745600,2745600,2745600,1017600,1017600,44.4,25.9,0.0,0.0,35.7,55.6,0.0,0.0,2918400,2918400,2918400,2918400,2918400,2918400,3283200,3283200,556800,2918400,1017600,3283200,7311,30423,pool-5-thread-1,5,26,38,18195,1,0,31037,/top-app,0-7,/top-app,0-7,0,466,0,466,43.2,42.4,43.2,48.2,30,41.7,35.1,0.4,0,NONE,0,0,0,0,0,2147483647,2147483647,game_pid=-1 child_num=0 ui_assist_num=0,0,0
1786636460.302,251299.48,2918400,2918400,2918400,2918400,2918400,2918400,1017600,1017600,36.0,34.8,0.0,0.0,34.8,50.0,0.0,0.0,2918400,2918400,2918400,2918400,2918400,2918400,3283200,3283200,556800,2918400,1017600,3283200,7311,30423,pool-5-thread-1,5,26,38,18195,1,5,31037,/top-app,0-7,/top-app,0-7,0,466,0,466,43.6,43.2,43.6,48.2,30,41.7,35.1,0.4,0,NONE,0,0,0,0,0,2147483647,2147483647,game_pid=-1 child_num=0 ui_assist_num=0,0,0
1786636460.554,251299.71,2400000,2400000,2400000,2400000,2400000,2400000,1017600,1017600,33.3,28.6,0.0,0.0,38.1,34.8,0.0,0.0,2918400,2918400,2918400,2918400,2918400,2918400,3283200,3283200,556800,2918400,1017600,3283200,7311,30423,pool-5-thread-1,5,26,38,18195,1,0,31037,/top-app,0-7,/top-app,0-7,0,466,0,466,44.0,43.6,44.0,51.3,30,42.0,35.1,0.4,0,NONE,0,0,0,0,0,2147483647,2147483647,game_pid=-1 child_num=0 ui_assist_num=0,0,0
1786636460.822,251299.96,2918400,2918400,2918400,2918400,2918400,2918400,1017600,1017600,85.7,84.6,92.0,74.1,84.6,89.3,0.0,0.0,2918400,2918400,2918400,2918400,2918400,2918400,3283200,3283200,556800,2918400,1017600,3283200,7311,30423,pool-5-thread-1,5,26,38,18195,8,"2,0,1,3,3,5,4,0",31037,/top-app,0-7,/top-app,0-7,0,466,0,466,46.7,45.5,46.7,57.9,30,42.0,35.1,0.4,0,NONE,0,0,0,0,0,2147483647,2147483647,game_pid=-1 child_num=0 ui_assist_num=0,0,0
1786636461.073,251300.23,2918400,2918400,2918400,2918400,2918400,2918400,1017600,1017600,100.0,100.0,100.0,100.0,100.0,100.0,0.0,0.0,2918400,2918400,2918400,2918400,2918400,2918400,3283200,3283200,556800,2918400,1017600,3283200,7311,30423,pool-5-thread-1,5,26,38,18195,8,"2,4,1,5,3,5,4,0",31037,/top-app,0-7,/top-app,0-7,0,466,0,466,48.2,46.7,48.2,60.2,30,42.8,35.1,0.4,0,NONE,0,0,0,0,0,2147483647,2147483647,game_pid=-1 child_num=0 ui_assist_num=0,0,0
1786636461.360,251300.48,2918400,2918400,2918400,2918400,2918400,2918400,1017600,1017600,100.0,100.0,100.0,100.0,100.0,100.0,0.0,0.0,2918400,2918400,2918400,2918400,2918400,2918400,3283200,3283200,556800,2918400,1017600,3283200,7311,30423,pool-5-thread-1,5,26,38,18195,8,"2,3,4,6,4,1,5,0",31037,/top-app,0-7,/top-app,0-7,0,466,0,466,56.3,53.2,56.3,61.0,30,43.2,35.1,0.4,0,NONE,0,0,0,0,0,2147483647,2147483647,game_pid=-1 child_num=0 ui_assist_num=0,0,0
1786636461.597,251300.77,2918400,2918400,2918400,2918400,2918400,2918400,3283200,3283200,100.0,100.0,100.0,100.0,100.0,100.0,85.2,77.4,2918400,2918400,2918400,2918400,2918400,2918400,3283200,3283200,556800,2918400,1017600,3283200,7311,30423,pool-5-thread-1,5,26,38,18195,8,"2,3,7,6,4,1,5,0",31037,/top-app,0-7,/top-app,0-7,0,466,0,466,71.8,70.2,71.8,65.6,30,43.6,35.1,0.4,0,NONE,0,0,0,0,0,2147483647,2147483647,game_pid=-1 child_num=0 ui_assist_num=0,0,0
1786636461.837,251301.01,2745600,2745600,2745600,2745600,2745600,2745600,3283200,3283200,100.0,100.0,100.0,100.0,100.0,100.0,100.0,100.0,2918400,2918400,2918400,2918400,2918400,2918400,3283200,3283200,556800,2918400,1017600,3283200,7311,30423,pool-5-thread-1,5,26,38,18195,8,"2,3,7,6,4,1,5,0",31037,/top-app,0-7,/top-app,0-7,0,466,0,466,76.8,73.3,76.8,67.9,30,44.8,35.1,0.4,0,NONE,0,0,0,0,0,2147483647,2147483647,game_pid=-1 child_num=0 ui_assist_num=0,0,0
1786636462.080,251301.25,2918400,2918400,2918400,2918400,2918400,2918400,3283200,3283200,100.0,100.0,100.0,100.0,100.0,100.0,100.0,100.0,2918400,2918400,2918400,2918400,2918400,2918400,3283200,3283200,556800,2918400,1017600,3283200,7311,30423,pool-5-thread-1,5,26,38,18195,8,"2,3,7,6,4,1,5,0",31037,/top-app,0-7,/top-app,0-7,0,466,0,466,77.6,76.8,77.6,70.2,30,45.1,35.1,0.4,0,NONE,0,0,0,0,0,2147483647,2147483647,game_pid=-1 child_num=0 ui_assist_num=0,0,0
1786636462.323,251301.49,2918400,2918400,2918400,2918400,2918400,2918400,3283200,3283200,100.0,100.0,100.0,100.0,100.0,100.0,96.0,100.0,2918400,2918400,2918400,2918400,2918400,2918400,3283200,3283200,556800,2918400,1017600,3283200,7311,30423,pool-5-thread-1,5,26,38,18195,8,"0,7,4,3,2,6,5,1",31037,/top-app,0-7,/top-app,0-7,0,466,0,466,76.4,73.7,76.4,71.4,30,45.9,35.1,0.4,0,NONE,0,0,0,0,0,2147483647,2147483647,game_pid=-1 child_num=0 ui_assist_num=0,0,0
1786636462.605,251301.73,2918400,2918400,2918400,2918400,2918400,2918400,2649600,2649600,100.0,100.0,100.0,100.0,100.0,100.0,100.0,100.0,2918400,2918400,2918400,2918400,2918400,2918400,3283200,3283200,556800,2918400,1017600,3283200,7311,30423,pool-5-thread-1,5,26,38,18195,8,"0,7,4,3,2,6,5,1",31037,/top-app,0-7,/top-app,0-7,0,466,0,466,80.3,77.2,80.3,72.2,30,46.7,35.1,0.4,0,NONE,0,0,0,0,0,2147483647,2147483647,game_pid=-1 child_num=0 ui_assist_num=0,0,0
1786636462.845,251302.01,2918400,2918400,2918400,2918400,2918400,2918400,2649600,2649600,100.0,100.0,100.0,100.0,100.0,100.0,100.0,100.0,2918400,2918400,2918400,2918400,2918400,2918400,3283200,3283200,556800,2918400,1017600,3283200,7311,30423,pool-5-thread-1,5,26,38,18195,8,"0,7,4,3,2,6,5,1",31037,/top-app,0-7,/top-app,0-7,0,466,0,466,83.0,79.1,83.0,72.9,30,46.7,35.1,0.4,0,NONE,0,0,0,0,0,2147483647,2147483647,game_pid=-1 child_num=0 ui_assist_num=0,0,0
1786636463.093,251302.26,2918400,2918400,2918400,2918400,2918400,2918400,2649600,2649600,100.0,100.0,100.0,100.0,100.0,100.0,100.0,100.0,2918400,2918400,2918400,2918400,2918400,2918400,3283200,3283200,556800,2918400,1017600,3283200,7311,30423,pool-5-thread-1,5,26,38,18195,8,"0,7,4,3,2,6,5,1",31037,/top-app,0-7,/top-app,0-7,0,466,0,466,79.9,78.7,79.9,73.7,30,47.1,35.1,0.4,0,NONE,0,0,0,0,0,2147483647,2147483647,game_pid=-1 child_num=0 ui_assist_num=0,0,0
1786636463.344,251302.51,2918400,2918400,2918400,2918400,2918400,2918400,2649600,2649600,100.0,100.0,100.0,100.0,100.0,100.0,100.0,100.0,2918400,2918400,2918400,2918400,2918400,2918400,3283200,3283200,556800,2918400,1017600,3283200,7311,30423,pool-5-thread-1,5,26,38,18195,8,"0,7,4,3,2,6,5,1",31037,/top-app,0-7,/top-app,0-7,0,466,0,466,79.5,78.0,79.5,74.1,30,47.5,35.1,0.4,0,NONE,0,0,0,0,0,2147483647,2147483647,game_pid=-1 child_num=0 ui_assist_num=0,0,0
1786636463.588,251302.75,2918400,2918400,2918400,2918400,2918400,2918400,2649600,2649600,100.0,100.0,100.0,100.0,100.0,100.0,100.0,100.0,2918400,2918400,2918400,2918400,2918400,2918400,3283200,3283200,556800,2918400,1017600,3283200,7311,30423,pool-5-thread-1,5,26,38,18195,8,"0,7,4,3,2,6,5,1",31037,/top-app,0-7,/top-app,0-7,0,466,0,466,78.7,76.4,78.7,74.5,30,47.8,35.1,0.4,0,NONE,0,0,0,0,0,2147483647,2147483647,game_pid=-1 child_num=0 ui_assist_num=0,0,0
1786636463.880,251303.00,2918400,2918400,2918400,2918400,2918400,2918400,2649600,2649600,100.0,100.0,100.0,100.0,100.0,100.0,100.0,100.0,2918400,2918400,2918400,2918400,2918400,2918400,3283200,3283200,556800,2918400,1017600,3283200,7311,30423,pool-5-thread-1,5,26,38,18195,8,"0,7,4,3,2,6,5,1",31037,/top-app,0-7,/top-app,0-7,0,466,0,466,76.4,74.5,76.4,75.7,30,48.2,35.1,0.4,0,NONE,0,0,0,0,0,2147483647,2147483647,game_pid=-1 child_num=0 ui_assist_num=0,0,0
1786636464.134,251303.30,2918400,2918400,2918400,2918400,2918400,2918400,2649600,2649600,100.0,100.0,100.0,100.0,100.0,100.0,100.0,100.0,2918400,2918400,2918400,2918400,2918400,2918400,3283200,3283200,556800,2918400,1017600,3283200,7311,30423,pool-5-thread-1,5,26,38,18195,8,"0,7,4,3,2,6,5,1",31037,/top-app,0-7,/top-app,0-7,0,466,0,466,81.1,79.9,81.1,76.0,30,48.2,35.1,0.4,0,NONE,0,0,0,0,0,2147483647,2147483647,game_pid=-1 child_num=0 ui_assist_num=0,0,0
1786636464.377,251303.54,2918400,2918400,2918400,2918400,2918400,2918400,2649600,2649600,100.0,100.0,100.0,100.0,100.0,100.0,100.0,100.0,2918400,2918400,2918400,2918400,2918400,2918400,3283200,3283200,556800,2918400,1017600,3283200,7311,30423,pool-5-thread-1,5,26,38,18195,8,"0,7,4,3,2,6,5,1",31037,/top-app,0-7,/top-app,0-7,0,466,0,466,77.6,75.3,77.6,76.0,30,49.0,35.1,0.4,0,NONE,0,0,0,0,0,2147483647,2147483647,game_pid=-1 child_num=0 ui_assist_num=0,0,0
1786636464.626,251303.79,2918400,2918400,2918400,2918400,2918400,2918400,2649600,2649600,100.0,100.0,100.0,100.0,100.0,100.0,100.0,100.0,2918400,2918400,2918400,2918400,2918400,2918400,3283200,3283200,556800,2918400,1017600,3283200,7311,30423,pool-5-thread-1,5,26,38,18195,8,"0,7,4,3,2,6,5,1",31037,/top-app,0-7,/top-app,0-7,0,466,0,466,78.4,75.7,78.4,76.4,30,49.0,35.1,0.4,0,NONE,0,0,0,0,0,2147483647,2147483647,game_pid=-1 child_num=0 ui_assist_num=0,0,0
1786636464.926,251304.04,2918400,2918400,2918400,2918400,2918400,2918400,2649600,2649600,100.0,100.0,100.0,100.0,100.0,100.0,100.0,100.0,2918400,2918400,2918400,2918400,2918400,2918400,3283200,3283200,556800,2918400,1017600,3283200,7311,30423,pool-5-thread-1,5,26,38,18195,8,"0,7,4,3,2,6,5,1",31037,/top-app,0-7,/top-app,0-7,0,466,0,466,81.1,78.4,81.1,77.2,30,49.4,35.1,0.4,0,NONE,0,0,0,0,0,2147483647,2147483647,game_pid=-1 child_num=0 ui_assist_num=0,0,0
1786636465.177,251304.30,2918400,2918400,2918400,2918400,2918400,2918400,2649600,2649600,100.0,100.0,100.0,100.0,100.0,100.0,100.0,100.0,2918400,2918400,2918400,2918400,2918400,2918400,3283200,3283200,556800,2918400,1017600,3283200,7311,30423,pool-5-thread-1,5,26,38,18195,8,"0,7,4,3,2,6,5,1",31037,/top-app,0-7,/top-app,0-7,0,466,0,466,83.4,80.7,83.4,77.2,30,49.8,35.1,0.4,0,NONE,0,0,0,0,0,2147483647,2147483647,game_pid=-1 child_num=0 ui_assist_num=0,0,0
1786636465.424,251304.58,2918400,2918400,2918400,2918400,2918400,2918400,2649600,2649600,100.0,100.0,100.0,100.0,100.0,100.0,100.0,100.0,2918400,2918400,2918400,2918400,2918400,2918400,3283200,3283200,556800,2918400,1017600,3283200,7311,30423,pool-5-thread-1,5,26,38,18195,8,"0,7,4,3,2,6,5,1",31037,/top-app,0-7,/top-app,0-7,0,466,0,466,79.5,77.2,79.5,78.0,30,50.2,35.1,0.4,0,NONE,0,0,0,0,0,2147483647,2147483647,game_pid=-1 child_num=0 ui_assist_num=0,0,0
1786636465.668,251304.83,2918400,2918400,2918400,2918400,2918400,2918400,3283200,3283200,100.0,100.0,100.0,100.0,100.0,100.0,100.0,100.0,2918400,2918400,2918400,2918400,2918400,2918400,3283200,3283200,556800,2918400,1017600,3283200,7311,30423,pool-5-thread-1,5,26,38,18195,8,"0,7,4,3,2,6,5,1",31037,/top-app,0-7,/top-app,0-7,0,466,0,466,79.9,77.2,79.9,78.4,30,50.2,35.1,0.4,0,NONE,0,0,0,0,0,2147483647,2147483647,game_pid=-1 child_num=0 ui_assist_num=0,0,0
1786636465.913,251305.08,2918400,2918400,2918400,2918400,2918400,2918400,3283200,3283200,100.0,100.0,100.0,100.0,100.0,100.0,100.0,100.0,2918400,2918400,2918400,2918400,2918400,2918400,3283200,3283200,556800,2918400,1017600,3283200,7311,30423,pool-5-thread-1,5,26,38,18195,8,"0,7,4,3,2,6,5,1",31037,/top-app,0-7,/top-app,0-7,0,466,0,466,79.5,77.2,79.5,78.4,30,50.5,35.1,0.4,0,NONE,0,0,0,0,0,2147483647,2147483647,game_pid=-1 child_num=0 ui_assist_num=0,0,0
1786636466.160,251305.33,2918400,2918400,2918400,2918400,2918400,2918400,3283200,3283200,100.0,100.0,100.0,100.0,100.0,100.0,100.0,100.0,2918400,2918400,2918400,2918400,2918400,2918400,3283200,3283200,556800,2918400,1017600,3283200,7311,30423,pool-5-thread-1,5,26,38,18195,8,"0,1,4,3,2,7,5,6",31037,/top-app,0-7,/top-app,0-7,0,466,0,466,86.5,84.5,86.5,79.5,30,50.9,35.1,0.4,0,NONE,0,0,0,0,0,2147483647,2147483647,game_pid=-1 child_num=0 ui_assist_num=0,0,0
1786636466.438,251305.57,2918400,2918400,2918400,2918400,2918400,2918400,3283200,3283200,100.0,100.0,100.0,100.0,100.0,100.0,100.0,100.0,2918400,2918400,2918400,2918400,2918400,2918400,3283200,3283200,556800,2918400,1017600,3283200,7311,30423,pool-5-thread-1,5,26,38,18195,8,"0,1,4,3,2,7,5,6",31037,/top-app,0-7,/top-app,0-7,0,466,0,466,88.8,86.9,88.8,80.3,30,50.9,35.1,0.4,0,NONE,0,0,0,0,0,2147483647,2147483647,game_pid=-1 child_num=0 ui_assist_num=0,0,0
1786636466.681,251305.84,2918400,2918400,2918400,2918400,2918400,2918400,3283200,3283200,100.0,100.0,100.0,100.0,100.0,100.0,100.0,100.0,2918400,2918400,2918400,2918400,2918400,2918400,3283200,3283200,556800,2918400,1017600,3283200,7311,30423,pool-5-thread-1,5,26,38,18195,8,"0,1,4,3,2,7,5,6",31037,/top-app,0-7,/top-app,0-7,0,466,0,466,88.8,86.9,88.8,80.3,30,51.3,35.2,0.4,0,NONE,0,0,0,0,0,2147483647,2147483647,game_pid=-1 child_num=0 ui_assist_num=0,0,0
1786636466.917,251306.09,2918400,2918400,2918400,2918400,2918400,2918400,3283200,3283200,100.0,100.0,100.0,100.0,100.0,100.0,100.0,100.0,2918400,2918400,2918400,2918400,2918400,2918400,3283200,3283200,556800,2918400,1017600,3283200,7311,30423,pool-5-thread-1,5,26,38,18195,8,"0,1,4,3,2,7,5,6",31037,/top-app,0-7,/top-app,0-7,0,466,0,466,87.6,86.1,87.6,80.3,30,51.3,35.2,0.4,0,NONE,0,0,0,0,0,2147483647,2147483647,game_pid=-1 child_num=0 ui_assist_num=0,0,0
1786636478.417,251306.32,2918400,2918400,2918400,2918400,2918400,2918400,2438400,2438400,100.0,100.0,95.8,100.0,100.0,100.0,100.0,95.7,2918400,2918400,2918400,2918400,2918400,2918400,3283200,3283200,556800,2918400,1017600,3283200,7311,30423,pool-5-thread-1,5,26,38,18195,0,NA,31037,/top-app,0-7,/top-app,0-7,0,466,0,466,71.4,69.1,71.4,77.6,30,51.3,35.2,0.4,0,NONE,0,0,0,0,0,2147483647,2147483647,game_pid=-1 child_num=0 ui_assist_num=0,0,0
1786636478.424,251306.55,556800,556800,556800,556800,556800,556800,1017600,1017600,52.2,22.7,4.8,4.8,22.7,21.7,0.0,0.0,2918400,2918400,2918400,2918400,2918400,2918400,3283200,3283200,556800,2918400,1017600,3283200,7311,30423,pool-5-thread-1,5,26,38,18195,1,5,31037,/top-app,0-7,/top-app,0-7,0,466,0,466,59.0,58.7,59.0,61.7,30,50.9,35.2,0.4,0,NONE,0,0,0,0,0,2147483647,2147483647,game_pid=-1 child_num=0 ui_assist_num=0,0,0
1786636478.425,251306.82,556800,556800,556800,556800,556800,556800,1017600,1017600,46.2,30.8,0.0,0.0,42.9,35.7,0.0,0.0,2918400,2918400,2918400,2918400,2918400,2918400,3283200,3283200,556800,2918400,1017600,3283200,7311,30423,pool-5-thread-1,5,26,38,18195,0,NA,31037,/top-app,0-7,/top-app,0-7,0,466,0,466,56.0,56.0,56.0,58.7,30,50.5,35.2,0.4,0,NONE,0,0,0,0,0,2147483647,2147483647,game_pid=-1 child_num=0 ui_assist_num=0,0,0
1786636478.425,251307.10,556800,556800,556800,556800,556800,556800,1017600,1017600,48.1,26.9,17.2,10.3,21.4,40.7,0.0,0.0,2918400,2918400,2918400,2918400,2918400,2918400,3283200,3283200,556800,2918400,1017600,3283200,7311,30423,pool-5-thread-1,5,26,38,18195,0,NA,31037,/top-app,0-7,/top-app,0-7,0,466,0,466,54.4,54.0,54.4,56.3,30,49.8,35.2,0.4,0,NONE,0,0,0,0,0,2147483647,2147483647,game_pid=-1 child_num=0 ui_assist_num=0,0,0
1786636478.425,251307.36,556800,556800,556800,556800,556800,556800,1017600,1017600,41.7,24.0,0.0,12.0,22.2,34.6,3.7,0.0,2918400,2918400,2918400,2918400,2918400,2918400,3283200,3283200,556800,2918400,1017600,3283200,7311,30423,pool-5-thread-1,5,26,38,18195,0,NA,31037,/top-app,0-7,/top-app,0-7,0,466,0,466,52.5,52.5,52.5,54.0,30,49.0,35.2,0.4,0,NONE,0,0,0,0,0,2147483647,2147483647,game_pid=-1 child_num=0 ui_assist_num=0,0,0
1786636478.425,251307.64,556800,556800,556800,556800,556800,556800,1017600,1017600,48.3,38.9,10.7,0.0,18.5,16.7,0.0,0.0,2918400,2918400,2918400,2918400,2918400,2918400,3283200,3283200,556800,2918400,1017600,3283200,7311,30423,pool-5-thread-1,5,26,38,18195,0,NA,31037,/top-app,0-7,/top-app,0-7,0,466,0,466,51.7,51.3,51.7,53.6,30,48.6,35.2,0.4,0,NONE,0,0,0,0,0,2147483647,2147483647,game_pid=-1 child_num=0 ui_assist_num=0,0,0
1786636478.425,251307.89,556800,556800,556800,556800,556800,556800,1017600,1017600,51.6,37.5,0.0,0.0,8.3,16.0,0.0,0.0,2918400,2918400,2918400,2918400,2918400,2918400,3283200,3283200,556800,2918400,1017600,3283200,7311,30423,pool-5-thread-1,5,26,38,18195,0,NA,31037,/top-app,0-7,/top-app,0-7,0,466,0,466,50.5,50.5,50.5,51.7,30,47.8,35.2,0.4,0,NONE,0,0,0,0,0,2147483647,2147483647,game_pid=-1 child_num=0 ui_assist_num=0,0,0
1786636478.425,251308.18,1363200,1363200,1363200,1363200,1363200,1363200,1017600,1017600,50.0,38.9,0.0,0.0,31.0,36.7,0.0,0.0,2918400,2918400,2918400,2918400,2918400,2918400,3283200,3283200,556800,2918400,1017600,3283200,7311,30423,pool-5-thread-1,5,26,38,18195,0,NA,31037,/top-app,0-7,/top-app,0-7,0,466,0,466,50.2,49.8,50.2,52.9,30,47.5,35.2,0.4,0,NONE,0,0,0,0,0,2147483647,2147483647,game_pid=-1 child_num=0 ui_assist_num=0,0,0
1786636478.425,251308.44,556800,556800,556800,556800,556800,556800,1017600,1017600,50.0,34.5,11.1,8.0,15.4,16.0,0.0,0.0,2918400,2918400,2918400,2918400,2918400,2918400,3283200,3283200,556800,2918400,1017600,3283200,7311,30423,pool-5-thread-1,5,26,38,18195,0,NA,31037,/top-app,0-7,/top-app,0-7,0,466,0,466,49.4,49.4,49.4,50.9,30,47.5,35.2,0.4,0,NONE,0,0,0,0,0,2147483647,2147483647,game_pid=-1 child_num=0 ui_assist_num=0,0,0
1786636478.425,251308.70,556800,556800,556800,556800,556800,556800,1017600,1017600,48.1,43.8,0.0,0.0,18.5,25.9,0.0,0.0,2918400,2918400,2918400,2918400,2918400,2918400,3283200,3283200,556800,2918400,1017600,3283200,7311,30423,pool-5-thread-1,5,26,38,18195,0,NA,31037,/top-app,0-7,/top-app,0-7,0,466,0,466,48.6,48.6,48.6,50.5,30,47.1,35.2,0.4,0,NONE,0,0,0,0,0,2147483647,2147483647,game_pid=-1 child_num=0 ui_assist_num=0,0,0
1786636478.425,251308.96,556800,556800,556800,556800,556800,556800,1017600,1017600,54.8,36.7,3.8,7.4,29.6,32.1,0.0,0.0,2918400,2918400,2918400,2918400,2918400,2918400,3283200,3283200,556800,2918400,1017600,3283200,7311,30423,pool-5-thread-1,5,26,38,18195,0,NA,31037,/top-app,0-7,/top-app,0-7,0,466,0,466,48.6,48.2,48.6,49.8,30,46.7,35.2,0.4,0,NONE,0,0,0,0,0,2147483647,2147483647,game_pid=-1 child_num=0 ui_assist_num=0,0,0
1786636478.425,251309.23,748800,748800,748800,748800,748800,748800,1017600,1017600,51.6,38.7,0.0,0.0,30.0,22.2,0.0,0.0,2918400,2918400,2918400,2918400,2918400,2918400,3283200,3283200,556800,2918400,1017600,3283200,7311,30423,pool-5-thread-1,5,26,38,18195,0,NA,31037,/top-app,0-7,/top-app,0-7,0,466,0,466,47.8,47.8,47.8,50.9,30,46.3,35.2,0.4,0,NONE,0,0,0,0,0,2147483647,2147483647,game_pid=-1 child_num=0 ui_assist_num=0,0,0
1786636478.425,251309.48,556800,556800,556800,556800,556800,556800,1017600,1017600,50.0,43.3,0.0,8.0,16.7,24.0,0.0,0.0,2918400,2918400,2918400,2918400,2918400,2918400,3283200,3283200,556800,2918400,1017600,3283200,7311,30423,pool-5-thread-1,5,26,38,18195,0,NA,31037,/top-app,0-7,/top-app,0-7,0,466,0,466,47.8,47.8,47.5,49.4,30,46.3,35.2,0.4,0,NONE,0,0,0,0,0,2147483647,2147483647,game_pid=-1 child_num=0 ui_assist_num=0,0,0
1786636478.425,251309.77,556800,556800,556800,556800,556800,556800,1017600,1017600,45.2,33.3,0.0,0.0,23.3,14.8,0.0,0.0,2918400,2918400,2918400,2918400,2918400,2918400,3283200,3283200,556800,2918400,1017600,3283200,7311,30423,pool-5-thread-1,5,26,38,18195,0,NA,31037,/top-app,0-7,/top-app,0-7,0,466,0,466,47.1,47.1,47.1,47.8,30,45.9,35.2,0.4,0,NONE,0,0,0,0,0,2147483647,2147483647,game_pid=-1 child_num=0 ui_assist_num=0,0,0
1786636478.425,251310.06,556800,556800,556800,556800,556800,556800,1017600,1017600,48.6,35.3,0.0,0.0,13.3,20.7,0.0,0.0,2918400,2918400,2918400,2918400,2918400,2918400,3283200,3283200,556800,2918400,1017600,3283200,7311,30423,pool-5-thread-1,5,26,38,18195,0,NA,31037,/top-app,0-7,/top-app,0-7,0,466,0,466,46.7,46.7,46.7,47.8,30,45.5,35.2,0.4,0,NONE,0,0,0,0,0,2147483647,2147483647,game_pid=-1 child_num=0 ui_assist_num=0,0,0
1786636478.425,251310.32,960000,960000,960000,960000,960000,960000,1017600,1017600,44.4,35.5,0.0,0.0,16.7,38.5,0.0,0.0,2918400,2918400,2918400,2918400,2918400,2918400,3283200,3283200,556800,2918400,1017600,3283200,7311,30423,pool-5-thread-1,5,26,38,18195,0,NA,31037,/top-app,0-7,/top-app,0-7,0,466,0,466,46.7,46.7,46.7,48.6,30,45.5,35.2,0.4,0,NONE,0,0,0,0,0,2147483647,2147483647,game_pid=-1 child_num=0 ui_assist_num=0,0,0
1786636478.426,251310.56,556800,556800,556800,556800,556800,556800,1017600,1017600,48.0,37.9,0.0,0.0,26.9,20.0,0.0,0.0,2918400,2918400,2918400,2918400,2918400,2918400,3283200,3283200,556800,2918400,1017600,3283200,7311,30423,pool-5-thread-1,5,26,38,18195,0,NA,31037,/top-app,0-7,/top-app,0-7,0,466,0,466,46.3,46.3,46.3,47.5,30,45.1,35.2,0.4,0,NONE,0,0,0,0,0,2147483647,2147483647,game_pid=-1 child_num=0 ui_assist_num=0,0,0
1786636478.426,251310.85,556800,556800,556800,556800,556800,556800,1017600,1017600,56.8,41.7,0.0,3.3,27.6,28.1,0.0,0.0,2918400,2918400,2918400,2918400,2918400,2918400,3283200,3283200,556800,2918400,1017600,3283200,7311,30423,pool-5-thread-1,5,26,38,18195,0,NA,31037,/top-app,0-7,/top-app,0-7,0,466,0,466,46.3,46.3,46.3,48.6,30,45.1,35.2,0.4,0,NONE,0,0,0,0,0,2147483647,2147483647,game_pid=-1 child_num=0 ui_assist_num=0,0,0
1786636478.426,251311.15,556800,556800,556800,556800,556800,556800,1017600,1017600,48.5,33.3,0.0,0.0,34.5,13.3,0.0,0.0,2918400,2918400,2918400,2918400,2918400,2918400,3283200,3283200,556800,2918400,1017600,3283200,7311,30423,pool-5-thread-1,5,26,38,18195,0,NA,31037,/top-app,0-7,/top-app,0-7,0,466,0,466,45.9,45.9,45.9,47.8,30,45.1,35.2,0.4,0,NONE,0,0,0,0,0,2147483647,2147483647,game_pid=-1 child_num=0 ui_assist_num=0,0,0
1786636478.426,251311.41,960000,960000,960000,960000,960000,960000,1017600,1017600,50.0,43.3,4.2,19.2,46.2,34.6,0.0,0.0,2918400,2918400,2918400,2918400,2918400,2918400,3283200,3283200,556800,2918400,1017600,3283200,7311,30423,pool-5-thread-1,5,26,38,18195,1,3,31037,/top-app,0-7,/top-app,0-7,0,466,0,466,45.9,45.9,45.9,47.5,30,45.1,35.2,0.4,0,NONE,0,0,0,0,0,2147483647,2147483647,game_pid=-1 child_num=0 ui_assist_num=0,0,0
1786636478.426,251311.65,556800,556800,556800,556800,556800,556800,1017600,1017600,59.3,41.4,8.0,8.0,20.0,12.5,0.0,0.0,2918400,2918400,2918400,2918400,2918400,2918400,3283200,3283200,556800,2918400,1017600,3283200,7311,30423,pool-5-thread-1,5,26,38,18195,1,1,31037,/top-app,0-7,/top-app,0-7,0,466,0,466,45.9,45.9,45.9,46.7,30,44.8,35.2,0.4,0,NONE,0,0,0,0,0,2147483647,2147483647,game_pid=-1 child_num=0 ui_assist_num=0,0,0
1786636478.426,251311.92,960000,960000,960000,960000,960000,960000,1017600,1017600,56.7,39.3,0.0,0.0,26.9,37.0,0.0,0.0,2918400,2918400,2918400,2918400,2918400,2918400,3283200,3283200,556800,2918400,1017600,3283200,7311,30423,pool-5-thread-1,5,26,38,18195,0,NA,31037,/top-app,0-7,/top-app,0-7,0,466,0,466,45.9,45.9,45.5,47.1,30,44.8,35.2,0.4,0,NONE,0,0,0,0,0,2147483647,2147483647,game_pid=-1 child_num=0 ui_assist_num=0,0,0
1786636478.426,251312.18,556800,556800,556800,556800,556800,556800,1017600,1017600,53.6,37.0,0.0,0.0,32.1,23.1,0.0,0.0,2918400,2918400,2918400,2918400,2918400,2918400,3283200,3283200,556800,2918400,1017600,3283200,7311,30423,pool-5-thread-1,5,26,38,18195,0,NA,31037,/top-app,0-7,/top-app,0-7,0,466,0,466,45.5,45.5,45.5,47.1,30,44.4,35.2,0.4,0,NONE,0,0,0,0,0,2147483647,2147483647,game_pid=-1 child_num=0 ui_assist_num=0,0,0
1786636478.426,251312.47,1363200,1363200,1363200,1363200,1363200,1363200,1017600,1017600,53.1,42.4,0.0,0.0,30.0,41.4,0.0,0.0,2918400,2918400,2918400,2918400,2918400,2918400,3283200,3283200,556800,2918400,1017600,3283200,7311,30423,pool-5-thread-1,5,26,38,18195,0,NA,31037,/top-app,0-7,/top-app,0-7,0,466,0,466,45.5,45.5,45.5,46.7,30,44.4,35.2,0.4,0,NONE,0,0,0,0,0,2147483647,2147483647,game_pid=-1 child_num=0 ui_assist_num=0,0,0
1786636478.426,251312.72,748800,748800,748800,748800,748800,748800,1017600,1017600,42.3,37.9,0.0,0.0,20.0,26.9,0.0,0.0,2918400,2918400,2918400,2918400,2918400,2918400,3283200,3283200,556800,2918400,1017600,3283200,7311,30423,pool-5-thread-1,5,26,38,18195,0,NA,31037,/top-app,0-7,/top-app,0-7,0,466,0,466,45.1,45.1,45.1,47.5,30,44.4,35.2,0.4,0,NONE,0,0,0,0,0,2147483647,2147483647,game_pid=-1 child_num=0 ui_assist_num=0,0,0
1786636478.695,251317.84,748800,748800,748800,748800,748800,748800,1017600,1017600,50.9,38.8,6.2,4.3,22.6,20.9,1.9,7.2,2918400,2918400,2918400,2918400,2918400,2918400,3283200,3283200,556800,2918400,1017600,3283200,7311,23493,RenderThread,4,0,44,427,0,NA,6895,/top-app,0-7,/top-app,0-7,0,1024,0,1024,43.2,43.2,43.2,44.4,30,42.8,35.2,0.4,0,NONE,0,0,0,0,0,2147483647,2147483647,game_pid=-1 child_num=0 ui_assist_num=0,0,0
1786636478.962,251318.10,556800,556800,556800,556800,556800,556800,1017600,1017600,50.0,36.4,0.0,0.0,26.9,3.8,0.0,0.0,2918400,2918400,2918400,2918400,2918400,2918400,3283200,3283200,556800,2918400,1017600,3283200,7311,23493,RenderThread,4,0,44,427,0,NA,6895,/top-app,0-7,/top-app,0-7,0,1024,0,1024,43.6,43.6,43.2,44.8,30,42.8,35.2,0.4,0,NONE,0,0,0,0,0,2147483647,2147483647,game_pid=-1 child_num=0 ui_assist_num=0,0,0
1786636479.238,251318.37,556800,556800,556800,556800,556800,556800,1017600,1017600,48.4,34.4,0.0,0.0,28.6,18.5,0.0,0.0,2918400,2918400,2918400,2918400,2918400,2918400,3283200,3283200,556800,2918400,1017600,3283200,7311,23493,RenderThread,4,0,44,427,0,NA,6895,/top-app,0-7,/top-app,0-7,0,1024,0,1024,43.6,43.6,43.6,45.1,30,42.8,35.2,0.4,0,NONE,0,0,0,0,0,2147483647,2147483647,game_pid=-1 child_num=0 ui_assist_num=0,0,0
1786636479.502,251318.64,556800,556800,556800,556800,556800,556800,1017600,1017600,50.0,44.1,3.6,3.7,11.5,27.6,0.0,0.0,2918400,2918400,2918400,2918400,2918400,2918400,3283200,3283200,556800,2918400,1017600,3283200,7311,23493,RenderThread,4,0,44,427,0,NA,6895,/top-app,0-7,/top-app,0-7,0,1024,0,1024,43.2,43.2,42.8,44.4,30,42.8,35.2,0.4,0,NONE,0,0,0,0,0,2147483647,2147483647,game_pid=-1 child_num=0 ui_assist_num=0,0,0
1786636479.764,251318.91,556800,556800,556800,556800,556800,556800,1017600,1017600,50.0,45.5,0.0,14.3,21.4,25.9,0.0,0.0,2918400,2918400,2918400,2918400,2918400,2918400,3283200,3283200,556800,2918400,1017600,3283200,7311,23493,RenderThread,4,0,44,427,0,NA,6895,/top-app,0-7,/top-app,0-7,0,1024,0,1024,43.2,43.2,42.8,44.0,30,42.8,35.2,0.4,0,NONE,0,0,0,0,0,2147483647,2147483647,game_pid=-1 child_num=0 ui_assist_num=0,0,0
1786636480.027,251319.17,556800,556800,556800,556800,556800,556800,1017600,1017600,51.7,41.2,0.0,0.0,18.5,25.9,0.0,0.0,2918400,2918400,2918400,2918400,2918400,2918400,3283200,3283200,556800,2918400,1017600,3283200,7311,23493,RenderThread,4,0,44,427,0,NA,6895,/top-app,0-7,/top-app,0-7,0,1024,0,1024,43.2,43.2,42.8,43.6,30,42.8,35.2,0.4,0,NONE,0,0,0,0,0,2147483647,2147483647,game_pid=-1 child_num=0 ui_assist_num=0,0,0
1786636480.303,251319.44,556800,556800,556800,556800,556800,556800,1017600,1017600,38.5,36.4,0.0,0.0,25.9,37.9,0.0,0.0,2918400,2918400,2918400,2918400,2918400,2918400,3283200,3283200,556800,2918400,1017600,3283200,7311,23493,RenderThread,4,0,44,427,0,NA,6895,/top-app,0-7,/top-app,0-7,0,1024,0,1024,43.2,43.2,43.2,44.0,30,42.4,35.2,0.4,0,NONE,0,0,0,0,0,2147483647,2147483647,game_pid=-1 child_num=0 ui_assist_num=0,0,0
1786636480.558,251319.71,2400000,2400000,2400000,2400000,2400000,2400000,1017600,1017600,42.9,28.6,0.0,0.0,42.3,22.2,0.0,0.0,2918400,2918400,2918400,2918400,2918400,2918400,3283200,3283200,556800,2918400,1017600,3283200,7311,23493,RenderThread,4,0,44,427,0,NA,6895,/top-app,0-7,/top-app,0-7,0,1024,0,1024,43.6,43.6,43.6,47.1,30,42.8,35.2,0.4,0,NONE,0,0,0,0,0,2147483647,2147483647,game_pid=-1 child_num=0 ui_assist_num=0,0,0
1786636480.812,251319.96,556800,556800,556800,556800,556800,556800,1017600,1017600,42.3,48.3,0.0,0.0,28.0,25.0,0.0,0.0,2918400,2918400,2918400,2918400,2918400,2918400,3283200,3283200,556800,2918400,1017600,3283200,7311,23493,RenderThread,4,0,44,427,0,NA,6895,/top-app,0-7,/top-app,0-7,0,1024,0,1024,43.2,43.2,42.8,45.1,30,42.4,35.2,0.4,0,NONE,0,0,0,0,0,2147483647,2147483647,game_pid=-1 child_num=0 ui_assist_num=0,0,0
1786636481.078,251320.22,556800,556800,556800,556800,556800,556800,1017600,1017600,55.6,46.9,0.0,0.0,32.0,25.9,0.0,0.0,2918400,2918400,2918400,2918400,2918400,2918400,3283200,3283200,556800,2918400,1017600,3283200,7311,23493,RenderThread,4,0,44,427,0,NA,6895,/top-app,0-7,/top-app,0-7,0,1024,0,1024,43.2,43.2,42.8,44.0,30,42.4,35.2,0.4,0,NONE,0,0,0,0,0,2147483647,2147483647,game_pid=-1 child_num=0 ui_assist_num=0,0,0
1786636481.308,251320.49,2400000,2400000,2400000,2400000,2400000,2400000,1017600,1017600,35.7,34.5,0.0,0.0,50.0,33.3,0.0,0.0,2918400,2918400,2918400,2918400,2918400,2918400,3283200,3283200,556800,2918400,1017600,3283200,7311,23493,RenderThread,4,0,44,427,0,NA,6895,/top-app,0-7,/top-app,0-7,0,1024,0,1024,43.6,43.2,43.6,46.7,30,42.4,35.2,0.4,0,NONE,0,0,0,0,0,2147483647,2147483647,game_pid=-1 child_num=0 ui_assist_num=0,0,0
1786636481.530,251320.71,2918400,2918400,2918400,2918400,2918400,2918400,1017600,1017600,25.0,14.3,18.2,0.0,56.0,18.2,0.0,0.0,2918400,2918400,2918400,2918400,2918400,2918400,3283200,3283200,556800,2918400,1017600,3283200,7311,23493,RenderThread,4,0,44,427,0,NA,6895,/top-app,0-7,/top-app,0-7,0,1024,0,1024,44.0,43.6,44.0,49.0,30,42.8,35.2,0.4,0,NONE,0,0,0,0,0,2147483647,2147483647,game_pid=-1 child_num=0 ui_assist_num=0,0,0
1786636481.801,251320.93,556800,556800,556800,556800,556800,556800,1017600,1017600,34.8,17.4,0.0,31.8,19.0,28.6,0.0,0.0,2918400,2918400,2918400,2918400,2918400,2918400,3283200,3283200,556800,2918400,1017600,3283200,7311,23493,RenderThread,4,0,44,427,0,NA,6895,/top-app,0-7,/top-app,0-7,0,1024,0,1024,44.4,43.6,44.4,48.6,30,42.8,35.3,0.4,0,NONE,0,0,0,0,0,2147483647,2147483647,game_pid=-1 child_num=0 ui_assist_num=0,0,0
1786636482.057,251321.21,556800,556800,556800,556800,556800,556800,1017600,1017600,46.2,19.2,0.0,0.0,25.0,22.2,0.0,0.0,2918400,2918400,2918400,2918400,2918400,2918400,3283200,3283200,556800,2918400,1017600,3283200,7311,23493,RenderThread,4,0,44,427,0,NA,6895,/top-app,0-7,/top-app,0-7,0,1024,0,1024,43.6,43.6,43.2,45.1,30,42.8,35.3,0.4,0,NONE,0,0,0,0,0,2147483647,2147483647,game_pid=-1 child_num=0 ui_assist_num=0,0,0
1786636482.292,251321.46,960000,960000,960000,960000,960000,960000,1017600,1017600,37.5,16.7,0.0,0.0,20.8,34.6,0.0,0.0,2918400,2918400,2918400,2918400,2918400,2918400,3283200,3283200,556800,2918400,1017600,3283200,7311,23493,RenderThread,4,0,44,427,0,NA,6895,/top-app,0-7,/top-app,0-7,0,1024,0,1024,43.2,43.2,43.2,45.9,30,42.4,35.3,0.4,0,NONE,0,0,0,0,0,2147483647,2147483647,game_pid=-1 child_num=0 ui_assist_num=0,0,0
1786636482.553,251321.70,556800,556800,556800,556800,556800,556800,1017600,1017600,25.0,12.5,0.0,0.0,8.3,12.5,0.0,0.0,2918400,2918400,2918400,2918400,2918400,2918400,3283200,3283200,556800,2918400,1017600,3283200,7311,23493,RenderThread,4,0,44,427,0,NA,6895,/top-app,0-7,/top-app,0-7,0,1024,0,1024,43.2,43.2,42.8,44.0,30,42.4,35.3,0.4,0,NONE,0,0,0,0,0,2147483647,2147483647,game_pid=-1 child_num=0 ui_assist_num=0,0,0
1786636482.814,251321.96,556800,556800,556800,556800,556800,556800,1017600,1017600,40.0,22.2,0.0,0.0,22.2,34.6,0.0,0.0,2918400,2918400,2918400,2918400,2918400,2918400,3283200,3283200,556800,2918400,1017600,3283200,7311,23493,RenderThread,4,0,44,427,0,NA,6895,/top-app,0-7,/top-app,0-7,0,1024,0,1024,42.8,42.8,42.8,44.4,30,42.4,35.3,0.4,0,NONE,0,0,0,0,0,2147483647,2147483647,game_pid=-1 child_num=0 ui_assist_num=0,0,0
1786636483.093,251322.22,556800,556800,556800,556800,556800,556800,1017600,1017600,51.6,38.2,0.0,0.0,22.2,7.7,0.0,0.0,2918400,2918400,2918400,2918400,2918400,2918400,3283200,3283200,556800,2918400,1017600,3283200,7311,23493,RenderThread,4,0,44,427,0,NA,6895,/top-app,0-7,/top-app,0-7,0,1024,0,1024,42.8,42.8,42.4,44.8,30,42.0,35.3,0.4,0,NONE,0,0,0,0,0,2147483647,2147483647,game_pid=-1 child_num=0 ui_assist_num=0,0,0
1786636483.354,251322.50,556800,556800,556800,556800,556800,556800,1017600,1017600,46.7,42.4,0.0,0.0,22.2,20.0,0.0,0.0,2918400,2918400,2918400,2918400,2918400,2918400,3283200,3283200,556800,2918400,1017600,3283200,7311,23493,RenderThread,4,0,44,427,0,NA,6895,/top-app,0-7,/top-app,0-7,0,1024,0,1024,42.8,42.8,42.4,43.6,30,42.0,35.3,0.4,0,NONE,0,0,0,0,0,2147483647,2147483647,game_pid=-1 child_num=0 ui_assist_num=0,0,0
1786636483.619,251322.76,556800,556800,556800,556800,556800,556800,1017600,1017600,46.2,34.5,0.0,3.7,25.9,15.4,0.0,0.0,2918400,2918400,2918400,2918400,2918400,2918400,3283200,3283200,556800,2918400,1017600,3283200,7311,23493,RenderThread,4,0,44,427,0,NA,6895,/top-app,0-7,/top-app,0-7,0,1024,0,1024,42.4,42.4,42.4,44.0,30,42.0,35.3,0.4,0,NONE,0,0,0,0,0,2147483647,2147483647,game_pid=-1 child_num=0 ui_assist_num=0,0,0
1786636483.883,251323.03,556800,556800,556800,556800,556800,556800,1017600,1017600,53.6,38.7,7.7,11.5,16.0,20.0,0.0,0.0,2918400,2918400,2918400,2918400,2918400,2918400,3283200,3283200,556800,2918400,1017600,3283200,7311,23493,RenderThread,4,0,44,427,0,NA,6895,/top-app,0-7,/top-app,0-7,0,1024,0,1024,42.8,42.8,42.4,44.0,30,42.0,35.3,0.4,0,NONE,0,0,0,0,0,2147483647,2147483647,game_pid=-1 child_num=0 ui_assist_num=0,0,0
1786636484.145,251323.29,556800,556800,556800,556800,556800,556800,1017600,1017600,42.9,37.1,11.5,3.6,34.6,11.1,0.0,0.0,2918400,2918400,2918400,2918400,2918400,2918400,3283200,3283200,556800,2918400,1017600,3283200,7311,23493,RenderThread,4,0,44,427,0,NA,6895,/top-app,0-7,/top-app,0-7,0,1024,0,1024,42.4,42.4,42.4,44.0,30,42.0,35.3,0.4,0,NONE,0,0,0,0,0,2147483647,2147483647,game_pid=-1 child_num=0 ui_assist_num=0,0,0
1786636484.415,251323.55,556800,556800,556800,556800,556800,556800,1017600,1017600,38.5,23.1,0.0,0.0,37.0,25.9,0.0,0.0,2918400,2918400,2918400,2918400,2918400,2918400,3283200,3283200,556800,2918400,1017600,3283200,7311,23493,RenderThread,4,0,44,427,0,NA,6895,/top-app,0-7,/top-app,0-7,0,1024,0,1024,42.4,42.4,42.4,46.3,30,42.4,35.3,0.4,0,NONE,0,0,0,0,0,2147483647,2147483647,game_pid=-1 child_num=0 ui_assist_num=0,0,0
1786636484.676,251323.82,556800,556800,556800,556800,556800,556800,1017600,1017600,51.6,45.5,3.8,0.0,25.0,22.2,0.0,0.0,2918400,2918400,2918400,2918400,2918400,2918400,3283200,3283200,556800,2918400,1017600,3283200,7311,23493,RenderThread,4,0,44,427,0,NA,6895,/top-app,0-7,/top-app,0-7,0,1024,0,1024,42.4,42.4,42.4,44.0,30,42.0,35.3,0.4,0,NONE,0,0,0,0,0,2147483647,2147483647,game_pid=-1 child_num=0 ui_assist_num=0,0,0
1786636484.920,251324.08,556800,556800,556800,556800,556800,556800,1017600,1017600,48.1,28.6,3.8,0.0,23.1,26.9,0.0,0.0,2918400,2918400,2918400,2918400,2918400,2918400,3283200,3283200,556800,2918400,1017600,3283200,7311,23493,RenderThread,4,0,44,427,0,NA,6895,/top-app,0-7,/top-app,0-7,0,1024,0,1024,42.4,42.4,42.4,44.4,30,42.0,35.3,0.4,0,NONE,0,0,0,0,0,2147483647,2147483647,game_pid=-1 child_num=0 ui_assist_num=0,0,0
1786636485.179,251324.32,556800,556800,556800,556800,556800,556800,1017600,1017600,36.4,12.5,8.3,8.0,12.0,12.0,0.0,0.0,2918400,2918400,2918400,2918400,2918400,2918400,3283200,3283200,556800,2918400,1017600,3283200,7311,23493,RenderThread,4,0,44,427,0,NA,6895,/top-app,0-7,/top-app,0-7,0,1024,0,1024,42.4,42.4,42.4,44.0,30,42.0,35.3,0.4,0,NONE,0,0,0,0,0,2147483647,2147483647,game_pid=-1 child_num=0 ui_assist_num=0,0,0
1786636485.434,251324.58,556800,556800,556800,556800,556800,556800,1017600,1017600,48.3,37.5,0.0,0.0,22.2,26.9,0.0,0.0,2918400,2918400,2918400,2918400,2918400,2918400,3283200,3283200,556800,2918400,1017600,3283200,7311,23493,RenderThread,4,0,44,427,0,NA,6895,/top-app,0-7,/top-app,0-7,0,1024,0,1024,42.4,42.4,42.0,43.6,30,42.0,35.3,0.4,0,NONE,0,0,0,0,0,2147483647,2147483647,game_pid=-1 child_num=0 ui_assist_num=0,0,0
1786636485.729,251324.84,556800,556800,556800,556800,556800,556800,1017600,1017600,40.7,35.5,0.0,0.0,12.0,29.6,0.0,0.0,2918400,2918400,2918400,2918400,2918400,2918400,3283200,3283200,556800,2918400,1017600,3283200,7311,23493,RenderThread,4,0,44,427,0,NA,6895,/top-app,0-7,/top-app,0-7,0,1024,0,1024,42.4,42.4,42.0,44.0,30,41.7,35.3,0.4,0,NONE,0,0,0,0,0,2147483647,2147483647,game_pid=-1 child_num=0 ui_assist_num=0,0,0
1786636485.992,251325.14,960000,960000,960000,960000,960000,960000,1017600,1017600,46.4,35.5,0.0,0.0,30.0,37.9,0.0,0.0,2918400,2918400,2918400,2918400,2918400,2918400,3283200,3283200,556800,2918400,1017600,3283200,7311,23493,RenderThread,4,0,44,427,0,NA,6895,/top-app,0-7,/top-app,0-7,0,1024,0,1024,42.4,42.0,42.4,43.6,30,41.7,35.3,0.4,0,NONE,0,0,0,0,0,2147483647,2147483647,game_pid=-1 child_num=0 ui_assist_num=0,0,0
1786636486.266,251325.40,556800,556800,556800,556800,556800,556800,1017600,1017600,42.3,27.6,0.0,0.0,19.2,25.9,0.0,0.0,2918400,2918400,2918400,2918400,2918400,2918400,3283200,3283200,556800,2918400,1017600,3283200,7311,23493,RenderThread,4,0,44,427,0,NA,6895,/top-app,0-7,/top-app,0-7,0,1024,0,1024,42.4,42.4,42.0,43.2,30,42.0,35.3,0.4,0,NONE,0,0,0,0,0,2147483647,2147483647,game_pid=-1 child_num=0 ui_assist_num=0,0,0
1786636486.537,251325.68,556800,556800,556800,556800,556800,556800,1017600,1017600,46.7,29.0,0.0,3.6,32.3,31.0,0.0,0.0,2918400,2918400,2918400,2918400,2918400,2918400,3283200,3283200,556800,2918400,1017600,3283200,7311,23493,RenderThread,4,0,44,427,0,NA,6895,/top-app,0-7,/top-app,0-7,0,1024,0,1024,42.0,42.0,41.7,43.6,30,41.7,35.3,0.4,0,NONE,0,0,0,0,0,2147483647,2147483647,game_pid=-1 child_num=0 ui_assist_num=0,0,0
1786636486.807,251325.94,556800,556800,556800,556800,556800,556800,1017600,1017600,48.4,41.7,0.0,0.0,12.0,11.5,0.0,0.0,2918400,2918400,2918400,2918400,2918400,2918400,3283200,3283200,556800,2918400,1017600,3283200,7311,23493,RenderThread,4,0,44,427,0,NA,6895,/top-app,0-7,/top-app,0-7,0,1024,0,1024,42.0,42.0,42.0,42.8,30,41.7,35.3,0.4,0,NONE,0,0,0,0,0,2147483647,2147483647,game_pid=-1 child_num=0 ui_assist_num=0,0,0
1786636487.107,251326.22,556800,556800,556800,556800,556800,556800,1017600,1017600,42.9,25.0,10.0,3.6,24.1,33.3,0.0,0.0,2918400,2918400,2918400,2918400,2918400,2918400,3283200,3283200,556800,2918400,1017600,3283200,7311,23493,RenderThread,4,0,44,427,0,NA,6895,/top-app,0-7,/top-app,0-7,0,1024,0,1024,42.0,42.0,42.0,43.6,30,41.7,35.3,0.4,0,NONE,0,0,0,0,0,2147483647,2147483647,game_pid=-1 child_num=0 ui_assist_num=0,0,0
1786636487.378,251326.51,556800,556800,556800,556800,556800,556800,1017600,1017600,42.9,32.3,3.4,0.0,23.3,44.8,0.0,0.0,2918400,2918400,2918400,2918400,2918400,2918400,3283200,3283200,556800,2918400,1017600,3283200,7311,23493,RenderThread,4,0,44,427,0,NA,6895,/top-app,0-7,/top-app,0-7,0,1024,0,1024,42.0,42.0,42.0,43.2,30,42.0,35.3,0.4,0,NONE,0,0,0,0,0,2147483647,2147483647,game_pid=-1 child_num=0 ui_assist_num=0,0,0
1786636487.655,251326.79,556800,556800,556800,556800,556800,556800,1017600,1017600,46.9,32.3,0.0,0.0,31.0,24.1,0.0,0.0,2918400,2918400,2918400,2918400,2918400,2918400,3283200,3283200,556800,2918400,1017600,3283200,7311,23493,RenderThread,4,0,44,427,0,NA,6895,/top-app,0-7,/top-app,0-7,0,1024,0,1024,42.0,42.0,42.0,42.4,30,41.7,35.3,0.4,0,NONE,0,0,0,0,0,2147483647,2147483647,game_pid=-1 child_num=0 ui_assist_num=0,0,0
1786636500.652,251327.06,748800,748800,748800,748800,748800,748800,1017600,1017600,55.2,38.7,0.0,0.0,25.9,40.7,0.0,0.0,2918400,2918400,2918400,2918400,2918400,2918400,3283200,3283200,556800,2918400,1017600,3283200,7311,23493,RenderThread,4,0,44,427,0,NA,6895,/top-app,0-7,/top-app,0-7,0,1024,0,1024,42.0,41.7,42.0,43.6,30,41.7,35.3,0.4,0,NONE,0,0,0,0,0,2147483647,2147483647,game_pid=-1 child_num=0 ui_assist_num=0,0,0
1786636500.658,251327.31,556800,556800,556800,556800,556800,556800,1017600,1017600,50.0,37.0,3.8,0.0,34.6,26.9,0.0,0.0,2918400,2918400,2918400,2918400,2918400,2918400,3283200,3283200,556800,2918400,1017600,3283200,7311,23493,RenderThread,4,0,44,427,0,NA,6895,/top-app,0-7,/top-app,0-7,0,1024,0,1024,42.0,42.0,42.0,42.8,30,41.7,35.3,0.4,0,NONE,0,0,0,0,0,2147483647,2147483647,game_pid=-1 child_num=0 ui_assist_num=0,0,0
1786636500.658,251327.57,556800,556800,556800,556800,556800,556800,1017600,1017600,48.3,38.7,0.0,0.0,28.6,39.3,0.0,0.0,2918400,2918400,2918400,2918400,2918400,2918400,3283200,3283200,556800,2918400,1017600,3283200,7311,23493,RenderThread,4,0,44,427,0,NA,6895,/top-app,0-7,/top-app,0-7,0,1024,0,1024,42.0,41.7,42.0,44.4,30,41.7,35.3,0.4,0,NONE,0,0,0,0,0,2147483647,2147483647,game_pid=-1 child_num=0 ui_assist_num=0,0,0
1786636500.658,251327.86,2400000,2400000,2400000,2400000,2400000,2400000,1017600,1017600,58.6,53.3,25.0,25.0,42.9,50.0,0.0,0.0,2918400,2918400,2918400,2918400,2918400,2918400,3283200,3283200,556800,2918400,1017600,3283200,7311,23493,RenderThread,4,0,44,427,0,NA,6895,/top-app,0-7,/top-app,0-7,0,1024,0,1024,42.4,42.4,42.4,46.3,30,42.0,35.3,0.4,0,NONE,0,0,0,0,0,2147483647,2147483647,game_pid=-1 child_num=0 ui_assist_num=0,0,0
1786636500.658,251328.09,748800,748800,748800,748800,748800,748800,1017600,1017600,47.8,35.7,0.0,16.0,26.1,13.0,0.0,0.0,2918400,2918400,2918400,2918400,2918400,2918400,3283200,3283200,556800,2918400,1017600,3283200,7311,23493,RenderThread,4,0,44,427,0,NA,6895,/top-app,0-7,/top-app,0-7,0,1024,0,1024,42.0,42.0,42.0,44.4,30,41.7,35.3,0.4,0,NONE,0,0,0,0,0,2147483647,2147483647,game_pid=-1 child_num=0 ui_assist_num=0,0,0
1786636500.658,251328.33,1363200,1363200,1363200,1363200,1363200,1363200,1017600,1017600,40.9,33.3,20.0,16.0,32.0,50.0,0.0,0.0,2918400,2918400,2918400,2918400,2918400,2918400,3283200,3283200,556800,2918400,1017600,3283200,7311,23493,RenderThread,4,0,44,427,0,NA,6895,/top-app,0-7,/top-app,0-7,0,1024,0,1024,42.4,42.4,42.0,44.4,30,41.7,35.3,0.4,0,NONE,0,0,0,0,0,2147483647,2147483647,game_pid=-1 child_num=0 ui_assist_num=0,0,0
1786636500.659,251328.58,2400000,2400000,2400000,2400000,2400000,2400000,1017600,1017600,41.7,36.0,0.0,0.0,31.8,37.5,0.0,0.0,2918400,2918400,2918400,2918400,2918400,2918400,3283200,3283200,556800,2918400,1017600,3283200,7311,23493,RenderThread,4,0,44,427,0,NA,6895,/top-app,0-7,/top-app,0-7,0,1024,0,1024,43.2,42.8,43.2,45.9,30,41.7,35.3,0.4,0,NONE,0,0,0,0,0,2147483647,2147483647,game_pid=-1 child_num=0 ui_assist_num=0,0,0
1786636500.659,251328.81,556800,556800,556800,556800,556800,556800,1017600,1017600,42.3,45.2,0.0,0.0,20.0,17.4,0.0,0.0,2918400,2918400,2918400,2918400,2918400,2918400,3283200,3283200,556800,2918400,1017600,3283200,7311,23493,RenderThread,4,0,44,427,0,NA,6895,/top-app,0-7,/top-app,0-7,0,1024,0,1024,42.4,42.4,42.4,44.0,30,41.7,35.3,0.4,0,NONE,0,0,0,0,0,2147483647,2147483647,game_pid=-1 child_num=0 ui_assist_num=0,0,0
1786636500.659,251329.11,556800,556800,556800,556800,556800,556800,1017600,1017600,50.0,45.9,0.0,0.0,32.3,25.0,0.0,0.0,2918400,2918400,2918400,2918400,2918400,2918400,3283200,3283200,556800,2918400,1017600,3283200,7311,23493,RenderThread,4,0,44,427,0,NA,6895,/top-app,0-7,/top-app,0-7,0,1024,0,1024,42.0,41.7,42.0,43.2,30,41.7,35.3,0.4,0,NONE,0,0,0,0,0,2147483647,2147483647,game_pid=-1 child_num=0 ui_assist_num=0,0,0
1786636500.659,251329.39,960000,960000,960000,960000,960000,960000,1017600,1017600,53.3,41.9,0.0,0.0,37.5,38.7,0.0,0.0,2918400,2918400,2918400,2918400,2918400,2918400,3283200,3283200,556800,2918400,1017600,3283200,7311,23493,RenderThread,4,0,44,427,0,NA,6895,/top-app,0-7,/top-app,0-7,0,1024,0,1024,42.0,41.7,42.0,43.2,30,41.7,35.3,0.4,0,NONE,0,0,0,0,0,2147483647,2147483647,game_pid=-1 child_num=0 ui_assist_num=0,0,0
1786636500.659,251329.64,556800,556800,556800,556800,556800,556800,1017600,1017600,48.0,25.9,4.0,0.0,20.0,23.1,0.0,0.0,2918400,2918400,2918400,2918400,2918400,2918400,3283200,3283200,556800,2918400,1017600,3283200,7311,23493,RenderThread,4,0,44,427,0,NA,6895,/top-app,0-7,/top-app,0-7,0,1024,0,1024,41.7,41.7,41.7,42.8,30,41.3,35.3,0.4,0,NONE,0,0,0,0,0,2147483647,2147483647,game_pid=-1 child_num=0 ui_assist_num=0,0,0
1786636500.659,251329.93,556800,556800,556800,556800,556800,556800,1017600,1017600,57.5,46.2,0.0,0.0,20.7,26.7,0.0,0.0,2918400,2918400,2918400,2918400,2918400,2918400,3283200,3283200,556800,2918400,1017600,3283200,7311,23493,RenderThread,4,0,44,427,0,NA,6895,/top-app,0-7,/top-app,0-7,0,1024,0,1024,41.7,41.7,41.3,42.8,30,41.3,35.3,0.4,0,NONE,0,0,0,0,0,2147483647,2147483647,game_pid=-1 child_num=0 ui_assist_num=0,0,0
1786636500.659,251330.20,556800,556800,556800,556800,556800,556800,1017600,1017600,46.7,38.7,0.0,0.0,10.7,35.5,0.0,0.0,2918400,2918400,2918400,2918400,2918400,2918400,3283200,3283200,556800,2918400,1017600,3283200,7311,23493,RenderThread,4,0,44,427,0,NA,6895,/top-app,0-7,/top-app,0-7,0,1024,0,1024,41.7,41.7,41.7,43.6,30,40.9,35.3,0.4,0,NONE,0,0,0,0,0,2147483647,2147483647,game_pid=-1 child_num=0 ui_assist_num=0,0,0
1786636500.659,251330.50,556800,556800,556800,556800,556800,556800,1017600,1017600,50.0,39.4,0.0,0.0,39.4,40.0,0.0,0.0,2918400,2918400,2918400,2918400,2918400,2918400,3283200,3283200,556800,2918400,1017600,3283200,7311,23493,RenderThread,4,0,44,427,0,NA,6895,/top-app,0-7,/top-app,0-7,0,1024,0,1024,41.7,41.7,41.3,42.8,30,40.9,35.3,0.4,0,NONE,0,0,0,0,0,2147483647,2147483647,game_pid=-1 child_num=0 ui_assist_num=0,0,0
1786636500.659,251330.76,748800,748800,748800,748800,748800,748800,1017600,1017600,51.7,42.4,0.0,0.0,37.9,12.0,0.0,0.0,2918400,2918400,2918400,2918400,2918400,2918400,3283200,3283200,556800,2918400,1017600,3283200,7311,23493,RenderThread,4,0,44,427,0,NA,6895,/top-app,0-7,/top-app,0-7,0,1024,0,1024,41.7,41.3,41.7,42.4,30,41.3,35.3,0.4,0,NONE,0,0,0,0,0,2147483647,2147483647,game_pid=-1 child_num=0 ui_assist_num=0,0,0
1786636500.659,251331.04,556800,556800,556800,556800,556800,556800,1017600,1017600,46.9,33.3,0.0,0.0,29.6,23.3,0.0,0.0,2918400,2918400,2918400,2918400,2918400,2918400,3283200,3283200,556800,2918400,1017600,3283200,7311,23493,RenderThread,4,0,44,427,0,NA,6895,/top-app,0-7,/top-app,0-7,0,1024,0,1024,41.3,41.3,41.3,42.4,30,40.9,35.3,0.4,0,NONE,0,0,0,0,0,2147483647,2147483647,game_pid=-1 child_num=0 ui_assist_num=0,0,0
1786636500.659,251331.30,556800,556800,556800,556800,556800,556800,1017600,1017600,51.5,41.2,0.0,0.0,7.4,11.5,0.0,0.0,2918400,2918400,2918400,2918400,2918400,2918400,3283200,3283200,556800,2918400,1017600,3283200,7311,23493,RenderThread,4,0,44,427,0,NA,6895,/top-app,0-7,/top-app,0-7,0,1024,0,1024,41.7,41.7,41.3,42.4,30,41.3,35.3,0.4,0,NONE,0,0,0,0,0,2147483647,2147483647,game_pid=-1 child_num=0 ui_assist_num=0,0,0
1786636500.659,251331.57,556800,556800,556800,556800,556800,556800,1017600,1017600,44.8,32.1,0.0,13.8,32.1,35.7,0.0,0.0,2918400,2918400,2918400,2918400,2918400,2918400,3283200,3283200,556800,2918400,1017600,3283200,7311,23493,RenderThread,4,0,44,427,0,NA,6895,/top-app,0-7,/top-app,0-7,0,1024,0,1024,42.0,41.3,42.0,44.4,30,40.9,35.3,0.4,0,NONE,0,0,0,0,0,2147483647,2147483647,game_pid=-1 child_num=0 ui_assist_num=0,0,0
1786636500.659,251331.86,556800,556800,556800,556800,556800,556800,1017600,1017600,48.5,34.4,0.0,7.1,24.1,11.1,0.0,0.0,2918400,2918400,2918400,2918400,2918400,2918400,3283200,3283200,556800,2918400,1017600,3283200,7311,23493,RenderThread,4,0,44,427,0,NA,6895,/top-app,0-7,/top-app,0-7,0,1024,0,1024,41.7,41.7,41.3,42.0,30,40.9,35.3,0.4,0,NONE,0,0,0,0,0,2147483647,2147483647,game_pid=-1 child_num=0 ui_assist_num=0,0,0
1786636500.659,251332.14,556800,556800,556800,556800,556800,556800,1017600,1017600,48.4,38.9,3.4,0.0,27.6,25.8,0.0,0.0,2918400,2918400,2918400,2918400,2918400,2918400,3283200,3283200,556800,2918400,1017600,3283200,7311,23493,RenderThread,4,0,44,427,0,NA,6895,/top-app,0-7,/top-app,0-7,0,1024,0,1024,41.3,41.3,41.3,42.4,30,41.3,35.3,0.4,0,NONE,0,0,0,0,0,2147483647,2147483647,game_pid=-1 child_num=0 ui_assist_num=0,0,0
1786636500.659,251332.41,556800,556800,556800,556800,556800,556800,1017600,1017600,51.7,41.2,0.0,0.0,27.6,25.0,0.0,0.0,2918400,2918400,2918400,2918400,2918400,2918400,3283200,3283200,556800,2918400,1017600,3283200,7311,23493,RenderThread,4,0,44,427,0,NA,6895,/top-app,0-7,/top-app,0-7,0,1024,0,1024,41.3,41.3,40.9,42.4,30,40.5,35.3,0.4,0,NONE,0,0,0,0,0,2147483647,2147483647,game_pid=-1 child_num=0 ui_assist_num=0,0,0
1786636500.659,251332.68,556800,556800,556800,556800,556800,556800,1017600,1017600,48.1,48.6,0.0,3.6,29.6,18.5,0.0,0.0,2918400,2918400,2918400,2918400,2918400,2918400,3283200,3283200,556800,2918400,1017600,3283200,7311,23493,RenderThread,4,0,44,427,0,NA,6895,/top-app,0-7,/top-app,0-7,0,1024,0,1024,41.3,41.3,40.9,42.4,30,40.9,35.3,0.4,0,NONE,0,0,0,0,0,2147483647,2147483647,game_pid=-1 child_num=0 ui_assist_num=0,0,0
1786636500.660,251332.95,556800,556800,556800,556800,556800,556800,1017600,1017600,54.8,34.5,11.1,0.0,21.4,26.7,0.0,0.0,2918400,2918400,2918400,2918400,2918400,2918400,3283200,3283200,556800,2918400,1017600,3283200,7311,23493,RenderThread,4,0,44,427,0,NA,6895,/top-app,0-7,/top-app,0-7,0,1024,0,1024,41.3,41.3,41.3,43.2,30,40.9,35.3,0.4,0,NONE,0,0,0,0,0,2147483647,2147483647,game_pid=-1 child_num=0 ui_assist_num=0,0,0
1786636500.660,251333.25,556800,556800,556800,556800,556800,556800,1017600,1017600,43.8,34.4,0.0,0.0,21.9,51.5,0.0,0.0,2918400,2918400,2918400,2918400,2918400,2918400,3283200,3283200,556800,2918400,1017600,3283200,7311,23493,RenderThread,4,0,44,427,0,NA,6895,/top-app,0-7,/top-app,0-7,0,1024,0,1024,41.3,41.3,41.3,42.0,30,40.9,35.3,0.4,0,NONE,0,0,0,0,0,2147483647,2147483647,game_pid=-1 child_num=0 ui_assist_num=0,0,0
1786636500.906,251340.08,748800,748800,748800,748800,748800,748800,1017600,1017600,50.8,41.1,1.5,1.0,17.8,15.6,0.0,0.0,2918400,2918400,2918400,2918400,2918400,2918400,3283200,3283200,556800,2918400,1017600,3283200,7311,23493,RenderThread,4,0,44,427,0,NA,6895,/top-app,0-7,/top-app,0-7,0,1024,0,1024,40.9,40.9,40.9,43.2,30,40.5,35.3,0.4,0,NONE,0,0,0,0,0,2147483647,2147483647,game_pid=-1 child_num=0 ui_assist_num=0,0,0
1786636501.178,251340.31,556800,556800,556800,556800,556800,556800,1017600,1017600,46.4,38.7,4.2,8.3,15.4,8.3,0.0,0.0,2918400,2918400,2918400,2918400,2918400,2918400,3283200,3283200,556800,2918400,1017600,3283200,7311,23493,RenderThread,4,0,44,427,0,NA,6895,/top-app,0-7,/top-app,0-7,0,1024,0,1024,40.5,40.5,40.5,41.7,30,40.5,35.3,0.4,0,NONE,0,0,0,0,0,2147483647,2147483647,game_pid=-1 child_num=0 ui_assist_num=0,0,0
1786636501.450,251340.59,556800,556800,556800,556800,556800,556800,1017600,1017600,51.6,41.2,0.0,0.0,28.6,14.3,0.0,0.0,2918400,2918400,2918400,2918400,2918400,2918400,3283200,3283200,556800,2918400,1017600,3283200,7311,23493,RenderThread,4,0,44,427,0,NA,6895,/top-app,0-7,/top-app,0-7,0,1024,0,1024,40.5,40.5,40.5,41.7,30,40.5,35.3,0.4,0,NONE,0,0,0,0,0,2147483647,2147483647,game_pid=-1 child_num=0 ui_assist_num=0,0,0
1786636501.738,251340.86,556800,556800,556800,556800,556800,556800,1017600,1017600,42.3,40.0,3.6,0.0,17.9,17.9,0.0,0.0,2918400,2918400,2918400,2918400,2918400,2918400,3283200,3283200,556800,2918400,1017600,3283200,7311,23493,RenderThread,4,0,44,427,0,NA,6895,/top-app,0-7,/top-app,0-7,0,1024,0,1024,40.5,40.5,40.5,43.2,30,40.1,35.4,0.4,0,NONE,0,0,0,0,0,2147483647,2147483647,game_pid=-1 child_num=0 ui_assist_num=0,0,0
1786636502.010,251341.15,556800,556800,556800,556800,556800,556800,1017600,1017600,53.1,39.4,0.0,0.0,34.4,48.4,0.0,0.0,2918400,2918400,2918400,2918400,2918400,2918400,3283200,3283200,556800,2918400,1017600,3283200,7311,23493,RenderThread,4,0,44,427,0,NA,6895,/top-app,0-7,/top-app,0-7,0,1024,0,1024,40.9,40.9,40.5,41.7,30,40.5,35.4,0.4,0,NONE,0,0,0,0,0,2147483647,2147483647,game_pid=-1 child_num=0 ui_assist_num=0,0,0
1786636502.271,251341.42,556800,556800,556800,556800,556800,556800,1017600,1017600,40.0,26.7,0.0,0.0,11.1,32.1,0.0,0.0,2918400,2918400,2918400,2918400,2918400,2918400,3283200,3283200,556800,2918400,1017600,3283200,7311,23493,RenderThread,4,0,44,427,0,NA,6895,/top-app,0-7,/top-app,0-7,0,1024,0,1024,40.5,40.5,40.5,42.4,30,40.5,35.4,0.4,0,NONE,0,0,0,0,0,2147483647,2147483647,game_pid=-1 child_num=0 ui_assist_num=0,0,0
1786636502.552,251341.68,556800,556800,556800,556800,556800,556800,1017600,1017600,40.7,41.2,3.8,0.0,11.5,16.0,0.0,0.0,2918400,2918400,2918400,2918400,2918400,2918400,3283200,3283200,556800,2918400,1017600,3283200,7311,23493,RenderThread,4,0,44,427,0,NA,6895,/top-app,0-7,/top-app,0-7,0,1024,0,1024,40.5,40.5,40.5,41.7,30,40.5,35.4,0.4,0,NONE,0,0,0,0,0,2147483647,2147483647,game_pid=-1 child_num=0 ui_assist_num=0,0,0
1786636502.825,251341.96,556800,556800,556800,556800,556800,556800,1017600,1017600,46.7,39.4,0.0,6.7,20.7,26.7,0.0,0.0,2918400,2918400,2918400,2918400,2918400,2918400,3283200,3283200,556800,2918400,1017600,3283200,7311,23493,RenderThread,4,0,44,427,0,NA,6895,/top-app,0-7,/top-app,0-7,0,1024,0,1024,40.5,40.5,40.5,41.7,30,40.1,35.4,0.4,0,NONE,0,0,0,0,0,2147483647,2147483647,game_pid=-1 child_num=0 ui_assist_num=0,0,0
1786636503.110,251342.23,556800,556800,556800,556800,556800,556800,1017600,1017600,48.1,38.7,7.7,7.4,40.0,22.2,0.0,0.0,2918400,2918400,2918400,2918400,2918400,2918400,3283200,3283200,556800,2918400,1017600,3283200,7311,23493,RenderThread,4,0,44,427,0,NA,6895,/top-app,0-7,/top-app,0-7,0,1024,0,1024,40.5,40.5,40.5,42.8,30,40.1,35.4,0.4,0,NONE,0,0,0,0,0,2147483647,2147483647,game_pid=-1 child_num=0 ui_assist_num=0,0,0
1786636503.374,251342.52,556800,556800,556800,556800,556800,556800,1017600,1017600,45.2,40.0,0.0,3.4,17.2,28.6,0.0,0.0,2918400,2918400,2918400,2918400,2918400,2918400,3283200,3283200,556800,2918400,1017600,3283200,7311,23493,RenderThread,4,0,44,427,0,NA,6895,/top-app,0-7,/top-app,0-7,0,1024,0,1024,40.9,40.5,40.9,42.0,30,40.5,35.4,0.4,0,NONE,0,0,0,0,0,2147483647,2147483647,game_pid=-1 child_num=0 ui_assist_num=0,0,0
1786636503.631,251342.78,556800,556800,556800,556800,556800,556800,1017600,1017600,50.0,36.7,0.0,0.0,32.1,17.9,0.0,0.0,2918400,2918400,2918400,2918400,2918400,2918400,3283200,3283200,556800,2918400,1017600,3283200,7311,23493,RenderThread,4,0,44,427,0,NA,6895,/top-app,0-7,/top-app,0-7,0,1024,0,1024,40.5,40.5,40.5,42.0,30,40.5,35.4,0.4,0,NONE,0,0,0,0,0,2147483647,2147483647,game_pid=-1 child_num=0 ui_assist_num=0,0,0
1786636503.901,251343.04,556800,556800,556800,556800,556800,556800,1017600,1017600,53.6,33.3,16.0,0.0,18.5,21.4,0.0,0.0,2918400,2918400,2918400,2918400,2918400,2918400,3283200,3283200,556800,2918400,1017600,3283200,7311,23493,RenderThread,4,0,44,427,0,NA,6895,/top-app,0-7,/top-app,0-7,0,1024,0,1024,40.5,40.5,40.5,41.7,30,40.1,35.4,0.4,0,NONE,0,0,0,0,0,2147483647,2147483647,game_pid=-1 child_num=0 ui_assist_num=0,0,0
1786636504.169,251343.31,556800,556800,556800,556800,556800,556800,1017600,1017600,46.7,36.7,3.7,3.6,40.7,15.4,0.0,0.0,2918400,2918400,2918400,2918400,2918400,2918400,3283200,3283200,556800,2918400,1017600,3283200,7311,23493,RenderThread,4,0,44,427,0,NA,6895,/top-app,0-7,/top-app,0-7,0,1024,0,1024,40.9,40.5,40.9,42.0,30,40.1,35.4,0.4,0,NONE,0,0,0,0,0,2147483647,2147483647,game_pid=-1 child_num=0 ui_assist_num=0,0,0
1786636504.466,251343.58,748800,748800,748800,748800,748800,748800,1017600,1017600,50.0,32.3,0.0,0.0,29.6,19.2,0.0,0.0,2918400,2918400,2918400,2918400,2918400,2918400,3283200,3283200,556800,2918400,1017600,3283200,7311,23493,RenderThread,4,0,44,427,0,NA,6895,/top-app,0-7,/top-app,0-7,0,1024,0,1024,40.5,40.5,40.5,42.4,30,40.5,35.4,0.4,0,NONE,0,0,0,0,0,2147483647,2147483647,game_pid=-1 child_num=0 ui_assist_num=0,0,0
1786636504.730,251343.87,556800,556800,556800,556800,556800,556800,1017600,1017600,48.5,46.2,0.0,0.0,13.8,35.5,0.0,0.0,2918400,2918400,2918400,2918400,2918400,2918400,3283200,3283200,556800,2918400,1017600,3283200,7311,23493,RenderThread,4,0,44,427,0,NA,6895,/top-app,0-7,/top-app,0-7,0,1024,0,1024,40.5,40.5,40.5,41.7,30,40.1,35.4,0.4,0,NONE,0,0,0,0,0,2147483647,2147483647,game_pid=-1 child_num=0 ui_assist_num=0,0,0
1786636505.001,251344.14,556800,556800,556800,556800,556800,556800,1017600,1017600,51.9,40.6,0.0,0.0,22.2,25.9,0.0,0.0,2918400,2918400,2918400,2918400,2918400,2918400,3283200,3283200,556800,2918400,1017600,3283200,7311,23493,RenderThread,4,0,44,427,0,NA,6895,/top-app,0-7,/top-app,0-7,0,1024,0,1024,40.5,40.5,40.5,41.7,30,40.1,35.4,0.4,0,NONE,0,0,0,0,0,2147483647,2147483647,game_pid=-1 child_num=0 ui_assist_num=0,0,0
1786636505.255,251344.41,748800,748800,748800,748800,748800,748800,1017600,1017600,55.2,43.3,0.0,0.0,50.0,28.6,0.0,0.0,2918400,2918400,2918400,2918400,2918400,2918400,3283200,3283200,556800,2918400,1017600,3283200,7311,23493,RenderThread,4,0,44,427,0,NA,6895,/top-app,0-7,/top-app,0-7,0,1024,0,1024,40.5,40.5,40.5,41.7,30,40.1,35.4,0.4,0,NONE,0,0,0,0,0,2147483647,2147483647,game_pid=-1 child_num=0 ui_assist_num=0,0,0
1786636505.521,251344.67,556800,556800,556800,556800,556800,556800,1017600,1017600,37.5,25.9,0.0,0.0,29.6,15.4,0.0,0.0,2918400,2918400,2918400,2918400,2918400,2918400,3283200,3283200,556800,2918400,1017600,3283200,7311,23493,RenderThread,4,0,44,427,0,NA,6895,/top-app,0-7,/top-app,0-7,0,1024,0,1024,40.9,40.5,40.9,42.0,30,40.1,35.4,0.4,0,NONE,0,0,0,0,0,2147483647,2147483647,game_pid=-1 child_num=0 ui_assist_num=0,0,0
1786636505.797,251344.93,556800,556800,556800,556800,556800,556800,1017600,1017600,42.9,35.5,0.0,3.8,11.1,25.9,0.0,0.0,2918400,2918400,2918400,2918400,2918400,2918400,3283200,3283200,556800,2918400,1017600,3283200,7311,23493,RenderThread,4,0,44,427,0,NA,6895,/top-app,0-7,/top-app,0-7,0,1024,0,1024,40.5,40.5,40.5,42.8,30,40.1,35.4,0.4,0,NONE,0,0,0,0,0,2147483647,2147483647,game_pid=-1 child_num=0 ui_assist_num=0,0,0
1786636506.058,251345.20,556800,556800,556800,556800,556800,556800,1017600,1017600,48.1,37.5,10.3,7.7,8.0,27.6,0.0,0.0,2918400,2918400,2918400,2918400,2918400,2918400,3283200,3283200,556800,2918400,1017600,3283200,7311,23493,RenderThread,4,0,44,427,0,NA,6895,/top-app,0-7,/top-app,0-7,0,1024,0,1024,40.5,40.5,40.5,42.0,30,40.1,35.4,0.4,0,NONE,0,0,0,0,0,2147483647,2147483647,game_pid=-1 child_num=0 ui_assist_num=0,0,0
1786636506.319,251345.46,556800,556800,556800,556800,556800,556800,1017600,1017600,45.8,31.0,3.8,3.7,22.2,16.7,0.0,0.0,2918400,2918400,2918400,2918400,2918400,2918400,3283200,3283200,556800,2918400,1017600,3283200,7311,23493,RenderThread,4,0,44,427,0,NA,6895,/top-app,0-7,/top-app,0-7,0,1024,0,1024,40.5,40.5,40.5,42.0,30,40.1,35.4,0.4,0,NONE,0,0,0,0,0,2147483647,2147483647,game_pid=-1 child_num=0 ui_assist_num=0,0,0
1786636506.584,251345.72,556800,556800,556800,556800,556800,556800,1017600,1017600,53.3,43.8,0.0,0.0,21.4,24.0,0.0,0.0,2918400,2918400,2918400,2918400,2918400,2918400,3283200,3283200,556800,2918400,1017600,3283200,7311,23493,RenderThread,4,0,44,427,0,NA,6895,/top-app,0-7,/top-app,0-7,0,1024,0,1024,40.5,40.5,40.5,41.7,30,40.1,35.4,0.4,0,NONE,0,0,0,0,0,2147483647,2147483647,game_pid=-1 child_num=0 ui_assist_num=0,0,0
1786636506.863,251345.99,556800,556800,556800,556800,556800,556800,1017600,1017600,42.3,31.2,0.0,0.0,29.6,23.1,0.0,0.0,2918400,2918400,2918400,2918400,2918400,2918400,3283200,3283200,556800,2918400,1017600,3283200,7311,23493,RenderThread,4,0,44,427,0,NA,6895,/top-app,0-7,/top-app,0-7,0,1024,0,1024,40.5,40.5,40.5,41.7,30,40.1,35.4,0.4,0,NONE,0,0,0,0,0,2147483647,2147483647,game_pid=-1 child_num=0 ui_assist_num=0,0,0
1786636507.160,251346.28,556800,556800,556800,556800,556800,556800,1017600,1017600,52.9,42.1,0.0,0.0,22.6,16.7,0.0,0.0,2918400,2918400,2918400,2918400,2918400,2918400,3283200,3283200,556800,2918400,1017600,3283200,7311,23493,RenderThread,4,0,44,427,0,NA,6895,/top-app,0-7,/top-app,0-7,0,1024,0,1024,40.5,40.5,40.5,43.2,30,40.1,35.4,0.4,0,NONE,0,0,0,0,0,2147483647,2147483647,game_pid=-1 child_num=0 ui_assist_num=0,0,0
1786636507.438,251346.56,556800,556800,556800,556800,556800,556800,1017600,1017600,57.6,43.3,6.9,0.0,27.6,20.7,0.0,0.0,2918400,2918400,2918400,2918400,2918400,2918400,3283200,3283200,556800,2918400,1017600,3283200,7311,23493,RenderThread,4,0,44,427,0,NA,6895,/top-app,0-7,/top-app,0-7,0,1024,0,1024,40.1,40.1,40.1,41.3,30,40.1,35.4,0.4,0,NONE,0,0,0,0,0,2147483647,2147483647,game_pid=-1 child_num=0 ui_assist_num=0,0,0
1786636507.720,251346.85,556800,556800,556800,556800,556800,556800,1017600,1017600,50.0,37.1,6.9,6.9,26.7,14.3,0.0,0.0,2918400,2918400,2918400,2918400,2918400,2918400,3283200,3283200,556800,2918400,1017600,3283200,7311,23493,RenderThread,4,0,44,427,0,NA,6895,/top-app,0-7,/top-app,0-7,0,1024,0,1024,40.1,40.1,40.1,40.9,30,40.1,35.4,0.4,0,NONE,0,0,0,0,0,2147483647,2147483647,game_pid=-1 child_num=0 ui_assist_num=0,0,0
1786636508.007,251347.13,556800,556800,556800,556800,556800,556800,1017600,1017600,50.0,41.2,0.0,0.0,26.7,22.6,0.0,0.0,2918400,2918400,2918400,2918400,2918400,2918400,3283200,3283200,556800,2918400,1017600,3283200,7311,23493,RenderThread,4,0,44,427,0,NA,6895,/top-app,0-7,/top-app,0-7,0,1024,0,1024,40.5,40.1,40.5,41.3,30,40.1,35.4,0.4,0,NONE,0,0,0,0,0,2147483647,2147483647,game_pid=-1 child_num=0 ui_assist_num=0,0,0
1786636508.272,251347.42,556800,556800,556800,556800,556800,556800,1017600,1017600,50.0,35.5,0.0,3.6,21.4,33.3,0.0,0.0,2918400,2918400,2918400,2918400,2918400,2918400,3283200,3283200,556800,2918400,1017600,3283200,7311,23493,RenderThread,4,0,44,427,0,NA,6895,/top-app,0-7,/top-app,0-7,0,1024,0,1024,40.5,40.5,40.1,42.4,30,40.1,35.4,0.4,0,NONE,0,0,0,0,0,2147483647,2147483647,game_pid=-1 child_num=0 ui_assist_num=0,0,0
1786636508.563,251347.68,556800,556800,556800,556800,556800,556800,1017600,1017600,46.7,34.4,0.0,3.8,22.2,0.0,0.0,0.0,2918400,2918400,2918400,2918400,2918400,2918400,3283200,3283200,556800,2918400,1017600,3283200,7311,23493,RenderThread,4,0,44,427,0,NA,6895,/top-app,0-7,/top-app,0-7,0,1024,0,1024,40.5,40.1,40.5,42.0,30,40.1,35.4,0.4,0,NONE,0,0,0,0,0,2147483647,2147483647,game_pid=-1 child_num=0 ui_assist_num=0,0,0
1786636508.839,251347.97,556800,556800,556800,556800,556800,556800,1017600,1017600,40.0,40.5,0.0,0.0,34.5,17.2,0.0,0.0,2918400,2918400,2918400,2918400,2918400,2918400,3283200,3283200,556800,2918400,1017600,3283200,7311,23493,RenderThread,4,0,44,427,0,NA,6895,/top-app,0-7,/top-app,0-7,0,1024,0,1024,40.1,40.1,40.1,41.7,30,40.1,35.4,0.4,0,NONE,0,0,0,0,0,2147483647,2147483647,game_pid=-1 child_num=0 ui_assist_num=0,0,0
1786636509.115,251348.25,556800,556800,556800,556800,556800,556800,1017600,1017600,48.3,38.2,0.0,0.0,36.7,34.5,0.0,0.0,2918400,2918400,2918400,2918400,2918400,2918400,3283200,3283200,556800,2918400,1017600,3283200,7311,23493,RenderThread,4,0,44,427,0,NA,6895,/top-app,0-7,/top-app,0-7,0,1024,0,1024,40.5,40.5,40.5,41.3,30,40.1,35.4,0.4,0,NONE,0,0,0,0,0,2147483647,2147483647,game_pid=-1 child_num=0 ui_assist_num=0,0,0
1786636509.385,251348.52,556800,556800,556800,556800,556800,556800,1017600,1017600,46.2,41.4,0.0,0.0,25.0,37.9,0.0,0.0,2918400,2918400,2918400,2918400,2918400,2918400,3283200,3283200,556800,2918400,1017600,3283200,7311,23493,RenderThread,4,0,44,427,0,NA,6895,/top-app,0-7,/top-app,0-7,0,1024,0,1024,40.1,40.1,40.1,41.7,30,40.1,35.4,0.4,0,NONE,0,0,0,0,0,2147483647,2147483647,game_pid=-1 child_num=0 ui_assist_num=0,0,0
1786636509.665,251348.79,556800,556800,556800,556800,556800,556800,1017600,1017600,50.0,40.0,0.0,0.0,25.9,14.8,0.0,0.0,2918400,2918400,2918400,2918400,2918400,2918400,3283200,3283200,556800,2918400,1017600,3283200,7311,23493,RenderThread,4,0,44,427,0,NA,6895,/top-app,0-7,/top-app,0-7,0,1024,0,1024,40.5,40.5,40.1,40.9,30,40.1,35.4,0.4,0,NONE,0,0,0,0,0,2147483647,2147483647,game_pid=-1 child_num=0 ui_assist_num=0,0,0
1786636509.967,251349.08,556800,556800,556800,556800,556800,556800,1017600,1017600,54.8,39.4,6.7,10.3,18.5,14.8,0.0,0.0,2918400,2918400,2918400,2918400,2918400,2918400,3283200,3283200,556800,2918400,1017600,3283200,7311,23493,RenderThread,4,0,44,427,0,NA,6895,/top-app,0-7,/top-app,0-7,0,1024,0,1024,40.5,40.1,40.5,42.0,30,40.1,35.4,0.4,0,NONE,0,0,0,0,0,2147483647,2147483647,game_pid=-1 child_num=0 ui_assist_num=0,0,0
1786636510.221,251349.37,556800,556800,556800,556800,556800,556800,1017600,1017600,46.9,39.5,0.0,0.0,25.8,25.8,0.0,0.0,2918400,2918400,2918400,2918400,2918400,2918400,3283200,3283200,556800,2918400,1017600,3283200,7311,23493,RenderThread,4,0,44,427,0,NA,6895,/top-app,0-7,/top-app,0-7,0,1024,0,1024,40.5,40.5,40.1,41.7,30,40.1,35.4,0.4,0,NONE,0,0,0,0,0,2147483647,2147483647,game_pid=-1 child_num=0 ui_assist_num=0,0,0
1786636510.489,251349.63,556800,556800,556800,556800,556800,556800,1017600,1017600,53.6,40.0,3.7,0.0,24.0,28.0,0.0,0.0,2918400,2918400,2918400,2918400,2918400,2918400,3283200,3283200,556800,2918400,1017600,3283200,7311,23493,RenderThread,4,0,44,427,0,NA,6895,/top-app,0-7,/top-app,0-7,0,1024,0,1024,40.5,40.5,40.1,41.7,30,40.1,35.4,0.4,0,NONE,0,0,0,0,0,2147483647,2147483647,game_pid=-1 child_num=0 ui_assist_num=0,0,0
1786636510.758,251349.89,556800,556800,556800,556800,556800,556800,1017600,1017600,52.9,30.0,0.0,0.0,30.8,22.2,0.0,0.0,2918400,2918400,2918400,2918400,2918400,2918400,3283200,3283200,556800,2918400,1017600,3283200,7311,23493,RenderThread,4,0,44,427,0,NA,6895,/top-app,0-7,/top-app,0-7,0,1024,0,1024,40.5,40.5,40.1,41.7,30,40.1,35.4,0.4,0,NONE,0,0,0,0,0,2147483647,2147483647,game_pid=-1 child_num=0 ui_assist_num=0,0,0
1786636511.036,251350.17,556800,556800,556800,556800,556800,556800,1017600,1017600,45.2,35.3,0.0,3.4,11.1,22.2,0.0,0.0,2918400,2918400,2918400,2918400,2918400,2918400,3283200,3283200,556800,2918400,1017600,3283200,7311,23493,RenderThread,4,0,44,427,0,NA,6895,/top-app,0-7,/top-app,0-7,0,1024,0,1024,40.1,40.1,40.1,41.3,30,39.7,35.4,0.4,0,NONE,0,0,0,0,0,2147483647,2147483647,game_pid=-1 child_num=0 ui_assist_num=0,0,0
1786636511.324,251350.44,556800,556800,556800,556800,556800,556800,1017600,1017600,59.4,42.4,0.0,0.0,17.2,27.6,0.0,0.0,2918400,2918400,2918400,2918400,2918400,2918400,3283200,3283200,556800,2918400,1017600,3283200,7311,23493,RenderThread,4,0,44,427,0,NA,6895,/top-app,0-7,/top-app,0-7,0,1024,0,1024,40.5,40.5,40.1,43.6,30,39.7,35.4,0.4,0,NONE,0,0,0,0,0,2147483647,2147483647,game_pid=-1 child_num=0 ui_assist_num=0,0,0
1786636511.576,251350.73,748800,748800,748800,748800,748800,748800,1017600,1017600,55.9,45.7,3.6,3.6,23.3,22.2,0.0,0.0,2918400,2918400,2918400,2918400,2918400,2918400,3283200,3283200,556800,2918400,1017600,3283200,7311,23493,RenderThread,4,0,44,427,0,NA,6895,/top-app,0-7,/top-app,0-7,0,1024,0,1024,40.1,40.1,40.1,41.7,30,40.1,35.4,0.4,0,NONE,0,0,0,0,0,2147483647,2147483647,game_pid=-1 child_num=0 ui_assist_num=0,0,0
1786636511.828,251350.98,556800,556800,556800,556800,556800,556800,1017600,1017600,53.6,40.0,0.0,0.0,30.8,25.9,0.0,0.0,2918400,2918400,2918400,2918400,2918400,2918400,3283200,3283200,556800,2918400,1017600,3283200,7311,23493,RenderThread,4,0,44,427,0,NA,6895,/top-app,0-7,/top-app,0-7,0,1024,0,1024,40.1,40.1,40.1,42.0,30,39.7,35.4,0.4,0,NONE,0,0,0,0,0,2147483647,2147483647,game_pid=-1 child_num=0 ui_assist_num=0,0,0
1786636512.103,251351.23,556800,556800,556800,556800,556800,556800,1017600,1017600,51.9,45.5,0.0,0.0,25.9,22.2,0.0,0.0,2918400,2918400,2918400,2918400,2918400,2918400,3283200,3283200,556800,2918400,1017600,3283200,7311,23493,RenderThread,4,0,44,427,0,NA,6895,/top-app,0-7,/top-app,0-7,0,1024,0,1024,40.1,40.1,40.1,40.9,30,40.1,35.4,0.4,0,NONE,0,0,0,0,0,2147483647,2147483647,game_pid=-1 child_num=0 ui_assist_num=0,0,0
1786636512.371,251351.52,556800,556800,556800,556800,556800,556800,1017600,1017600,59.4,39.4,0.0,10.0,24.1,24.1,0.0,0.0,2918400,2918400,2918400,2918400,2918400,2918400,3283200,3283200,556800,2918400,1017600,3283200,7311,23493,RenderThread,4,0,44,427,0,NA,6895,/top-app,0-7,/top-app,0-7,0,1024,0,1024,40.1,39.7,40.1,42.4,30,40.1,35.4,0.4,0,NONE,0,0,0,0,0,2147483647,2147483647,game_pid=-1 child_num=0 ui_assist_num=0,0,0
1786636512.662,251351.77,556800,556800,556800,556800,556800,556800,1017600,1017600,53.1,47.1,11.1,0.0,19.2,23.1,0.0,0.0,2918400,2918400,2918400,2918400,2918400,2918400,3283200,3283200,556800,2918400,1017600,3283200,7311,23493,RenderThread,4,0,44,427,0,NA,6895,/top-app,0-7,/top-app,0-7,0,1024,0,1024,40.1,40.1,40.1,41.7,30,39.7,35.4,0.4,0,NONE,0,0,0,0,0,2147483647,2147483647,game_pid=-1 child_num=0 ui_assist_num=0,0,0
1786636512.918,251352.07,960000,960000,960000,960000,960000,960000,1017600,1017600,50.0,31.2,0.0,0.0,36.7,19.4,0.0,0.0,2918400,2918400,2918400,2918400,2918400,2918400,3283200,3283200,556800,2918400,1017600,3283200,7311,23493,RenderThread,4,0,44,427,0,NA,6895,/top-app,0-7,/top-app,0-7,0,1024,0,1024,40.1,40.1,40.1,41.3,30,40.1,35.4,0.4,0,NONE,0,0,0,0,0,2147483647,2147483647,game_pid=-1 child_num=0 ui_assist_num=0,0,0
1786636513.194,251352.33,556800,556800,556800,556800,556800,556800,1017600,1017600,46.9,36.4,0.0,0.0,11.1,28.6,0.0,0.0,2918400,2918400,2918400,2918400,2918400,2918400,3283200,3283200,556800,2918400,1017600,3283200,7311,23493,RenderThread,4,0,44,427,0,NA,6895,/top-app,0-7,/top-app,0-7,0,1024,0,1024,40.5,40.5,40.1,41.3,30,40.1,35.4,0.4,0,NONE,0,0,0,0,0,2147483647,2147483647,game_pid=-1 child_num=0 ui_assist_num=0,0,0
1786636513.441,251352.60,748800,748800,748800,748800,748800,748800,1017600,1017600,58.1,40.0,0.0,0.0,23.1,32.1,0.0,0.0,2918400,2918400,2918400,2918400,2918400,2918400,3283200,3283200,556800,2918400,1017600,3283200,7311,23493,RenderThread,4,0,44,427,0,NA,6895,/top-app,0-7,/top-app,0-7,0,1024,0,1024,40.1,40.1,40.1,42.4,30,39.7,35.4,0.4,0,NONE,0,0,0,0,0,2147483647,2147483647,game_pid=-1 child_num=0 ui_assist_num=0,0,0
1786636513.697,251352.85,556800,556800,556800,556800,556800,556800,1017600,1017600,50.0,41.9,0.0,0.0,28.0,30.8,0.0,0.0,2918400,2918400,2918400,2918400,2918400,2918400,3283200,3283200,556800,2918400,1017600,3283200,7311,23493,RenderThread,4,0,44,427,0,NA,6895,/top-app,0-7,/top-app,0-7,0,1024,0,1024,40.1,40.1,40.1,41.3,30,39.7,35.4,0.4,0,NONE,0,0,0,0,0,2147483647,2147483647,game_pid=-1 child_num=0 ui_assist_num=0,0,0
1786636514.158,251353.10,556800,556800,556800,556800,556800,556800,1017600,1017600,54.8,47.2,0.0,0.0,15.4,30.8,0.0,0.0,2918400,2918400,2918400,2918400,2918400,2918400,3283200,3283200,556800,2918400,1017600,3283200,7311,23493,RenderThread,4,0,44,427,0,NA,6895,/top-app,0-7,/top-app,0-7,0,1024,0,1024,40.1,40.1,40.1,42.4,30,39.7,35.4,0.4,0,NONE,0,0,0,0,0,2147483647,2147483647,game_pid=-1 child_num=0 ui_assist_num=0,0,0
1786636514.263,251353.40,960000,960000,960000,960000,960000,960000,1017600,1017600,55.6,44.7,0.0,0.0,17.2,26.7,0.0,0.0,2918400,2918400,2918400,2918400,2918400,2918400,3283200,3283200,556800,2918400,1017600,3283200,7311,23493,RenderThread,4,0,44,427,0,NA,6895,/top-app,0-7,/top-app,0-7,0,1024,0,1024,40.1,40.1,40.1,40.9,30,39.7,35.4,0.4,0,NONE,0,0,0,0,0,2147483647,2147483647,game_pid=-1 child_num=0 ui_assist_num=0,0,0
1786636514.517,251353.67,1785600,1785600,1785600,1785600,1785600,1785600,1017600,1017600,48.4,34.5,6.9,6.9,39.3,39.3,0.0,0.0,2918400,2918400,2918400,2918400,2918400,2918400,3283200,3283200,556800,2918400,1017600,3283200,7311,23493,RenderThread,4,0,44,427,0,NA,6895,/top-app,0-7,/top-app,0-7,0,1024,0,1024,40.5,40.5,40.5,42.0,30,39.7,35.4,0.4,0,NONE,0,0,0,0,0,2147483647,2147483647,game_pid=-1 child_num=0 ui_assist_num=0,0,0
1786636514.777,251353.93,748800,748800,748800,748800,748800,748800,1017600,1017600,51.9,36.7,0.0,0.0,28.6,25.0,0.0,0.0,2918400,2918400,2918400,2918400,2918400,2918400,3283200,3283200,556800,2918400,1017600,3283200,7311,23493,RenderThread,4,0,44,427,0,NA,6895,/top-app,0-7,/top-app,0-7,0,1024,0,1024,40.1,40.1,40.1,41.3,30,39.7,35.4,0.4,0,NONE,0,0,0,0,0,2147483647,2147483647,game_pid=-1 child_num=0 ui_assist_num=0,0,0
1786636515.039,251354.18,556800,556800,556800,556800,556800,556800,1017600,1017600,46.2,33.3,0.0,0.0,8.3,12.0,0.0,0.0,2918400,2918400,2918400,2918400,2918400,2918400,3283200,3283200,556800,2918400,1017600,3283200,7311,23493,RenderThread,4,0,44,427,0,NA,6895,/top-app,0-7,/top-app,0-7,0,1024,0,1024,40.1,40.1,39.7,41.3,30,39.7,35.4,0.4,0,NONE,0,0,0,0,0,2147483647,2147483647,game_pid=-1 child_num=0 ui_assist_num=0,0,0
1786636515.345,251354.44,556800,556800,556800,556800,556800,556800,1017600,1017600,54.8,35.5,0.0,0.0,24.0,28.6,0.0,0.0,2918400,2918400,2918400,2918400,2918400,2918400,3283200,3283200,556800,2918400,1017600,3283200,7311,23493,RenderThread,4,0,44,427,0,NA,6895,/top-app,0-7,/top-app,0-7,0,1024,0,1024,40.1,40.1,40.1,41.3,30,39.7,35.4,0.4,0,NONE,0,0,0,0,0,2147483647,2147483647,game_pid=-1 child_num=0 ui_assist_num=0,0,0
1786636515.615,251354.76,556800,556800,556800,556800,556800,556800,1017600,1017600,53.1,39.4,6.2,9.4,40.0,40.6,0.0,0.0,2918400,2918400,2918400,2918400,2918400,2918400,3283200,3283200,556800,2918400,1017600,3283200,7311,23493,RenderThread,4,0,44,427,0,NA,6895,/top-app,0-7,/top-app,0-7,0,1024,0,1024,40.1,40.1,40.1,41.7,30,39.7,35.4,0.4,0,NONE,0,0,0,0,0,2147483647,2147483647,game_pid=-1 child_num=0 ui_assist_num=0,0,0
1786636515.871,251355.02,556800,556800,556800,556800,556800,556800,1017600,1017600,53.1,35.3,3.8,0.0,25.9,25.0,0.0,0.0,2918400,2918400,2918400,2918400,2918400,2918400,3283200,3283200,556800,2918400,1017600,3283200,7311,23493,RenderThread,4,0,44,427,0,NA,6895,/top-app,0-7,/top-app,0-7,0,1024,0,1024,40.1,39.7,40.1,41.7,30,39.7,35.4,0.4,0,NONE,0,0,0,0,0,2147483647,2147483647,game_pid=-1 child_num=0 ui_assist_num=0,0,0
1786636516.140,251355.28,556800,556800,556800,556800,556800,556800,1017600,1017600,48.3,36.7,0.0,0.0,28.6,14.8,0.0,0.0,2918400,2918400,2918400,2918400,2918400,2918400,3283200,3283200,556800,2918400,1017600,3283200,7311,23493,RenderThread,4,0,44,427,0,NA,6895,/top-app,0-7,/top-app,0-7,0,1024,0,1024,40.1,40.1,40.1,40.9,30,40.1,35.4,0.4,0,NONE,0,0,0,0,0,2147483647,2147483647,game_pid=-1 child_num=0 ui_assist_num=0,0,0
1786636516.409,251355.55,556800,556800,556800,556800,556800,556800,1017600,1017600,42.9,41.4,0.0,0.0,28.6,35.7,0.0,0.0,2918400,2918400,2918400,2918400,2918400,2918400,3283200,3283200,556800,2918400,1017600,3283200,7311,23493,RenderThread,4,0,44,427,0,NA,6895,/top-app,0-7,/top-app,0-7,0,1024,0,1024,40.1,40.1,40.1,41.7,30,39.7,35.4,0.4,0,NONE,0,0,0,0,0,2147483647,2147483647,game_pid=-1 child_num=0 ui_assist_num=0,0,0
1786636516.692,251355.82,960000,960000,960000,960000,960000,960000,1017600,1017600,50.0,38.7,0.0,0.0,46.4,24.1,0.0,0.0,2918400,2918400,2918400,2918400,2918400,2918400,3283200,3283200,556800,2918400,1017600,3283200,7311,23493,RenderThread,4,0,44,427,0,NA,6895,/top-app,0-7,/top-app,0-7,0,1024,0,1024,40.1,40.1,40.1,42.4,30,39.3,35.4,0.4,0,NONE,0,0,0,0,0,2147483647,2147483647,game_pid=-1 child_num=0 ui_assist_num=0,0,0
1786636516.966,251356.10,556800,556800,556800,556800,556800,556800,1017600,1017600,46.7,38.2,0.0,0.0,24.1,35.7,0.0,0.0,2918400,2918400,2918400,2918400,2918400,2918400,3283200,3283200,556800,2918400,1017600,3283200,7311,23493,RenderThread,4,0,44,427,0,NA,6895,/top-app,0-7,/top-app,0-7,0,1024,0,1024,40.5,40.5,40.1,41.3,30,39.7,35.4,0.4,0,NONE,0,0,0,0,0,2147483647,2147483647,game_pid=-1 child_num=0 ui_assist_num=0,0,0
1786636517.218,251356.38,748800,748800,748800,748800,748800,748800,1017600,1017600,53.3,47.2,0.0,0.0,27.6,30.0,0.0,0.0,2918400,2918400,2918400,2918400,2918400,2918400,3283200,3283200,556800,2918400,1017600,3283200,7311,23493,RenderThread,4,0,44,427,0,NA,6895,/top-app,0-7,/top-app,0-7,0,1024,0,1024,40.1,40.1,40.1,41.3,30,39.7,35.4,0.4,0,NONE,0,0,0,0,0,2147483647,2147483647,game_pid=-1 child_num=0 ui_assist_num=0,0,0
1786636517.482,251356.62,556800,556800,556800,556800,556800,556800,1017600,1017600,48.3,39.3,0.0,0.0,42.9,39.1,0.0,0.0,2918400,2918400,2918400,2918400,2918400,2918400,3283200,3283200,556800,2918400,1017600,3283200,7311,23493,RenderThread,4,0,44,427,0,NA,6895,/top-app,0-7,/top-app,0-7,0,1024,0,1024,40.1,40.1,39.7,41.3,30,39.7,35.4,0.4,0,NONE,0,0,0,0,0,2147483647,2147483647,game_pid=-1 child_num=0 ui_assist_num=0,0,0
1786636517.750,251356.89,748800,748800,748800,748800,748800,748800,1017600,1017600,53.6,45.2,0.0,3.7,32.1,41.4,0.0,0.0,2918400,2918400,2918400,2918400,2918400,2918400,3283200,3283200,556800,2918400,1017600,3283200,7311,23493,RenderThread,4,0,44,427,0,NA,6895,/top-app,0-7,/top-app,0-7,0,1024,0,1024,40.5,40.5,40.1,40.9,30,39.7,35.4,0.4,0,NONE,0,0,0,0,0,2147483647,2147483647,game_pid=-1 child_num=0 ui_assist_num=0,0,0
1786636518.051,251357.16,556800,556800,556800,556800,556800,556800,1017600,1017600,51.5,41.2,3.7,0.0,11.1,31.0,0.0,0.0,2918400,2918400,2918400,2918400,2918400,2918400,3283200,3283200,556800,2918400,1017600,3283200,7311,23493,RenderThread,4,0,44,427,0,NA,6895,/top-app,0-7,/top-app,0-7,0,1024,0,1024,40.1,40.1,40.1,41.7,30,39.7,35.4,0.4,0,NONE,0,0,0,0,0,2147483647,2147483647,game_pid=-1 child_num=0 ui_assist_num=0,0,0
1786636518.317,251357.46,556800,556800,556800,556800,556800,556800,1017600,1017600,48.5,34.4,0.0,3.4,25.8,46.7,0.0,0.0,2918400,2918400,2918400,2918400,2918400,2918400,3283200,3283200,556800,2918400,1017600,3283200,7311,23493,RenderThread,4,0,44,427,0,NA,6895,/top-app,0-7,/top-app,0-7,0,1024,0,1024,40.1,40.1,39.7,41.7,30,39.7,35.4,0.4,0,NONE,0,0,0,0,0,2147483647,2147483647,game_pid=-1 child_num=0 ui_assist_num=0,0,0
1786636518.582,251357.72,556800,556800,556800,556800,556800,556800,1017600,1017600,45.2,40.5,0.0,0.0,11.1,19.2,0.0,0.0,2918400,2918400,2918400,2918400,2918400,2918400,3283200,3283200,556800,2918400,1017600,3283200,7311,23493,RenderThread,4,0,44,427,0,NA,6895,/top-app,0-7,/top-app,0-7,0,1024,0,1024,40.1,39.7,40.1,40.9,30,39.7,35.4,0.4,0,NONE,0,0,0,0,0,2147483647,2147483647,game_pid=-1 child_num=0 ui_assist_num=0,0,0
1786636518.822,251357.99,2227200,2227200,2227200,2227200,2227200,2227200,1017600,1017600,50.0,45.7,0.0,0.0,23.1,39.3,0.0,0.0,2918400,2918400,2918400,2918400,2918400,2918400,3283200,3283200,556800,2918400,1017600,3283200,7311,23493,RenderThread,4,0,44,427,0,NA,6895,/top-app,0-7,/top-app,0-7,0,1024,0,1024,40.1,40.1,40.1,41.7,30,39.7,35.4,0.4,0,NONE,0,0,0,0,0,2147483647,2147483647,game_pid=-1 child_num=0 ui_assist_num=0,0,0
1786636519.094,251358.23,556800,556800,556800,556800,556800,556800,1017600,1017600,52.0,37.0,8.3,0.0,20.8,33.3,0.0,0.0,2918400,2918400,2918400,2918400,2918400,2918400,3283200,3283200,556800,2918400,1017600,3283200,7311,23493,RenderThread,4,0,44,427,0,NA,6895,/top-app,0-7,/top-app,0-7,0,1024,0,1024,40.1,40.1,39.7,40.9,30,39.7,35.4,0.4,0,NONE,0,0,0,0,0,2147483647,2147483647,game_pid=-1 child_num=0 ui_assist_num=0,0,0
1786636519.381,251358.50,556800,556800,556800,556800,556800,556800,1017600,1017600,46.4,40.0,20.7,0.0,17.2,14.8,0.0,0.0,2918400,2918400,2918400,2918400,2918400,2918400,3283200,3283200,556800,2918400,1017600,3283200,7311,23493,RenderThread,4,0,44,427,0,NA,6895,/top-app,0-7,/top-app,0-7,0,1024,0,1024,40.1,39.7,40.1,42.0,30,39.7,35.4,0.4,0,NONE,0,0,0,0,0,2147483647,2147483647,game_pid=-1 child_num=0 ui_assist_num=0,0,0
1786636519.653,251358.79,556800,556800,556800,556800,556800,556800,1017600,1017600,45.2,47.2,0.0,6.7,21.4,28.6,0.0,0.0,2918400,2918400,2918400,2918400,2918400,2918400,3283200,3283200,556800,2918400,1017600,3283200,7311,23493,RenderThread,4,0,44,427,0,NA,6895,/top-app,0-7,/top-app,0-7,0,1024,0,1024,40.1,40.1,40.1,40.9,30,39.7,35.4,0.4,0,NONE,0,0,0,0,0,2147483647,2147483647,game_pid=-1 child_num=0 ui_assist_num=0,0,0
1786636519.930,251359.07,556800,556800,556800,556800,556800,556800,1017600,1017600,59.4,39.4,10.3,6.9,25.9,31.0,0.0,0.0,2918400,2918400,2918400,2918400,2918400,2918400,3283200,3283200,556800,2918400,1017600,3283200,7311,23493,RenderThread,4,0,44,427,0,NA,6895,/top-app,0-7,/top-app,0-7,0,1024,0,1024,40.1,40.1,40.1,40.9,30,39.3,35.4,0.4,0,NONE,0,0,0,0,0,2147483647,2147483647,game_pid=-1 child_num=0 ui_assist_num=0,0,0
1786636520.164,251359.34,1785600,1785600,1785600,1785600,1785600,1785600,1017600,1017600,45.2,44.4,7.1,11.1,27.6,14.3,0.0,0.0,2918400,2918400,2918400,2918400,2918400,2918400,3283200,3283200,556800,2918400,1017600,3283200,7311,23493,RenderThread,4,0,44,427,0,NA,6895,/top-app,0-7,/top-app,0-7,0,1024,0,1024,40.1,39.7,40.1,42.4,30,39.7,35.4,0.4,0,NONE,0,0,0,0,0,2147483647,2147483647,game_pid=-1 child_num=0 ui_assist_num=0,0,0
1786636520.429,251359.57,556800,556800,556800,556800,556800,556800,1017600,1017600,50.0,33.3,0.0,0.0,20.0,13.6,0.0,0.0,2918400,2918400,2918400,2918400,2918400,2918400,3283200,3283200,556800,2918400,1017600,3283200,7311,23493,RenderThread,4,0,44,427,0,NA,6895,/top-app,0-7,/top-app,0-7,0,1024,0,1024,40.1,40.1,40.1,41.3,30,39.7,35.4,0.4,0,NONE,0,0,0,0,0,2147483647,2147483647,game_pid=-1 child_num=0 ui_assist_num=0,0,0
1786636520.722,251359.83,556800,556800,556800,556800,556800,556800,1017600,1017600,48.4,42.9,0.0,0.0,15.4,15.4,0.0,0.0,2918400,2918400,2918400,2918400,2918400,2918400,3283200,3283200,556800,2918400,1017600,3283200,7311,23493,RenderThread,4,0,44,427,0,NA,6895,/top-app,0-7,/top-app,0-7,0,1024,0,1024,40.1,40.1,40.1,41.7,30,39.7,35.4,0.4,0,NONE,0,0,0,0,0,2147483647,2147483647,game_pid=-1 child_num=0 ui_assist_num=0,0,0
1786636520.977,251360.13,556800,556800,556800,556800,556800,556800,1017600,1017600,35.7,26.7,0.0,10.0,35.5,48.3,0.0,0.0,2918400,2918400,2918400,2918400,2918400,2918400,3283200,3283200,556800,2918400,1017600,3283200,7311,23493,RenderThread,4,0,44,427,0,NA,6895,/top-app,0-7,/top-app,0-7,0,1024,0,1024,40.1,40.1,40.1,41.7,30,39.7,35.4,0.4,0,NONE,0,0,0,0,0,2147483647,2147483647,game_pid=-1 child_num=0 ui_assist_num=0,0,0
1786636521.221,251360.38,556800,556800,556800,556800,556800,556800,1017600,1017600,51.9,33.3,0.0,0.0,25.9,29.6,0.0,0.0,2918400,2918400,2918400,2918400,2918400,2918400,3283200,3283200,556800,2918400,1017600,3283200,7311,23493,RenderThread,4,0,44,427,0,NA,6895,/top-app,0-7,/top-app,0-7,0,1024,0,1024,40.1,40.1,40.1,41.3,30,40.1,35.4,0.4,0,NONE,0,0,0,0,0,2147483647,2147483647,game_pid=-1 child_num=0 ui_assist_num=0,0,0
1786636521.496,251360.63,556800,556800,556800,556800,556800,556800,1017600,1017600,53.1,41.9,0.0,0.0,24.0,16.0,0.0,0.0,2918400,2918400,2918400,2918400,2918400,2918400,3283200,3283200,556800,2918400,1017600,3283200,7311,23493,RenderThread,4,0,44,427,0,NA,6895,/top-app,0-7,/top-app,0-7,0,1024,0,1024,40.1,40.1,40.1,40.5,30,39.7,35.4,0.4,0,NONE,0,0,0,0,0,2147483647,2147483647,game_pid=-1 child_num=0 ui_assist_num=0,0,0
1786636521.761,251360.91,556800,556800,556800,556800,556800,556800,1017600,1017600,45.2,41.7,0.0,0.0,33.3,6.9,0.0,0.0,2918400,2918400,2918400,2918400,2918400,2918400,3283200,3283200,556800,2918400,1017600,3283200,7311,23493,RenderThread,4,0,44,427,0,NA,6895,/top-app,0-7,/top-app,0-7,0,1024,0,1024,40.1,40.1,39.7,41.3,30,39.7,35.4,0.4,0,NONE,0,0,0,0,0,2147483647,2147483647,game_pid=-1 child_num=0 ui_assist_num=0,0,0
1786636522.053,251361.17,556800,556800,556800,556800,556800,556800,1017600,1017600,50.0,45.5,7.4,0.0,28.0,40.7,0.0,0.0,2918400,2918400,2918400,2918400,2918400,2918400,3283200,3283200,556800,2918400,1017600,3283200,7311,23493,RenderThread,4,0,44,427,0,NA,6895,/top-app,0-7,/top-app,0-7,0,1024,0,1024,39.7,39.7,39.7,41.7,30,39.7,35.4,0.4,0,NONE,0,0,0,0,0,2147483647,2147483647,game_pid=-1 child_num=0 ui_assist_num=0,0,0
1786636522.334,251361.46,556800,556800,556800,556800,556800,556800,1017600,1017600,48.5,46.2,6.5,6.5,17.2,30.0,0.0,0.0,2918400,2918400,2918400,2918400,2918400,2918400,3283200,3283200,556800,2918400,1017600,3283200,7311,23493,RenderThread,4,0,44,427,0,NA,6895,/top-app,0-7,/top-app,0-7,0,1024,0,1024,39.7,39.7,39.7,40.9,30,39.7,35.4,0.4,0,NONE,0,0,0,0,0,2147483647,2147483647,game_pid=-1 child_num=0 ui_assist_num=0,0,0
1786636522.616,251361.75,556800,556800,556800,556800,556800,556800,1017600,1017600,54.3,33.3,6.7,3.4,20.7,23.3,0.0,0.0,2918400,2918400,2918400,2918400,2918400,2918400,3283200,3283200,556800,2918400,1017600,3283200,7311,23493,RenderThread,4,0,44,427,0,NA,6895,/top-app,0-7,/top-app,0-7,0,1024,0,1024,40.1,40.1,40.1,40.9,30,39.7,35.4,0.4,0,NONE,0,0,0,0,0,2147483647,2147483647,game_pid=-1 child_num=0 ui_assist_num=0,0,0
1786636522.885,251362.03,556800,556800,556800,556800,556800,556800,1017600,1017600,48.5,43.2,0.0,0.0,17.2,29.0,0.0,0.0,2918400,2918400,2918400,2918400,2918400,2918400,3283200,3283200,556800,2918400,1017600,3283200,7311,23493,RenderThread,4,0,44,427,0,NA,6895,/top-app,0-7,/top-app,0-7,0,1024,0,1024,39.7,39.7,39.7,40.9,30,39.3,35.4,0.4,0,NONE,0,0,0,0,0,2147483647,2147483647,game_pid=-1 child_num=0 ui_assist_num=0,0,0
1786636523.162,251362.30,556800,556800,556800,556800,556800,556800,1017600,1017600,46.4,38.7,3.7,3.8,32.1,35.7,0.0,0.0,2918400,2918400,2918400,2918400,2918400,2918400,3283200,3283200,556800,2918400,1017600,3283200,7311,23493,RenderThread,4,0,44,427,0,NA,6895,/top-app,0-7,/top-app,0-7,0,1024,0,1024,39.7,39.7,39.7,40.9,30,39.3,35.4,0.4,0,NONE,0,0,0,0,0,2147483647,2147483647,game_pid=-1 child_num=0 ui_assist_num=0,0,0
1786636523.461,251362.57,556800,556800,556800,556800,556800,556800,1017600,1017600,60.0,42.4,0.0,0.0,30.0,20.7,0.0,0.0,2918400,2918400,2918400,2918400,2918400,2918400,3283200,3283200,556800,2918400,1017600,3283200,7311,23493,RenderThread,4,0,44,427,0,NA,6895,/top-app,0-7,/top-app,0-7,0,1024,0,1024,40.1,40.1,39.7,41.3,30,39.7,35.4,0.4,0,NONE,0,0,0,0,0,2147483647,2147483647,game_pid=-1 child_num=0 ui_assist_num=0,0,0
1786636523.727,251362.87,556800,556800,556800,556800,556800,556800,1017600,1017600,45.2,39.5,0.0,0.0,16.7,24.1,0.0,0.0,2918400,2918400,2918400,2918400,2918400,2918400,3283200,3283200,556800,2918400,1017600,3283200,7311,23493,RenderThread,4,0,44,427,0,NA,6895,/top-app,0-7,/top-app,0-7,0,1024,0,1024,39.7,39.7,39.7,40.9,30,39.7,35.4,0.4,0,NONE,0,0,0,0,0,2147483647,2147483647,game_pid=-1 child_num=0 ui_assist_num=0,0,0
1786636524.004,251363.14,556800,556800,556800,556800,556800,556800,1017600,1017600,52.9,44.1,0.0,0.0,27.6,32.1,0.0,0.0,2918400,2918400,2918400,2918400,2918400,2918400,3283200,3283200,556800,2918400,1017600,3283200,7311,23493,RenderThread,4,0,44,427,0,NA,6895,/top-app,0-7,/top-app,0-7,0,1024,0,1024,40.1,40.1,39.7,41.3,30,39.7,35.4,0.4,0,NONE,0,0,0,0,0,2147483647,2147483647,game_pid=-1 child_num=0 ui_assist_num=0,0,0
1786636524.281,251363.41,556800,556800,556800,556800,556800,556800,1017600,1017600,53.6,50.0,3.7,12.9,41.4,44.8,0.0,0.0,2918400,2918400,2918400,2918400,2918400,2918400,3283200,3283200,556800,2918400,1017600,3283200,7311,23493,RenderThread,4,0,44,427,0,NA,6895,/top-app,0-7,/top-app,0-7,0,1024,0,1024,39.7,39.7,39.7,41.3,30,39.7,35.4,0.4,0,NONE,0,0,0,0,0,2147483647,2147483647,game_pid=-1 child_num=0 ui_assist_num=0,0,0
1786636525.254,251363.69,556800,556800,556800,556800,556800,556800,1017600,1017600,50.0,43.2,0.0,0.0,25.8,14.8,0.0,0.0,2918400,2918400,2918400,2918400,2918400,2918400,3283200,3283200,556800,2918400,1017600,3283200,7311,23493,RenderThread,4,0,44,427,0,NA,6895,/top-app,0-7,/top-app,0-7,0,1024,0,1024,39.7,39.7,39.7,40.9,30,39.7,35.4,0.4,0,NONE,0,0,0,0,0,2147483647,2147483647,game_pid=-1 child_num=0 ui_assist_num=0,0,0
1786636525.256,251363.95,556800,556800,556800,556800,556800,556800,1017600,1017600,53.3,32.3,0.0,0.0,25.9,20.7,0.0,0.0,2918400,2918400,2918400,2918400,2918400,2918400,3283200,3283200,556800,2918400,1017600,3283200,7311,23493,RenderThread,4,0,44,427,0,NA,6895,/top-app,0-7,/top-app,0-7,0,1024,0,1024,40.1,40.1,39.7,41.7,30,39.7,35.4,0.4,0,NONE,0,0,0,0,0,2147483647,2147483647,game_pid=-1 child_num=0 ui_assist_num=0,0,0
1786636525.257,251364.25,556800,556800,556800,556800,556800,556800,1017600,1017600,48.5,38.9,0.0,0.0,16.7,27.6,0.0,0.0,2918400,2918400,2918400,2918400,2918400,2918400,3283200,3283200,556800,2918400,1017600,3283200,7311,23493,RenderThread,4,0,44,427,0,NA,6895,/top-app,0-7,/top-app,0-7,0,1024,0,1024,40.1,40.1,39.7,42.0,30,39.7,35.4,0.4,0,NONE,0,0,0,0,0,2147483647,2147483647,game_pid=-1 child_num=0 ui_assist_num=0,0,0
1786636525.322,251364.49,1555200,1555200,1555200,1555200,1555200,1555200,1017600,1017600,53.8,36.0,16.0,8.0,28.0,39.1,0.0,0.0,2918400,2918400,2918400,2918400,2918400,2918400,3283200,3283200,556800,2918400,1017600,3283200,7311,23493,RenderThread,4,0,44,427,0,NA,6895,/top-app,0-7,/top-app,0-7,0,1024,0,1024,40.1,39.7,40.1,42.4,30,39.7,35.4,0.4,0,NONE,0,0,0,0,0,2147483647,2147483647,game_pid=-1 child_num=0 ui_assist_num=0,0,0
1786636537.410,251364.73,748800,748800,748800,748800,748800,748800,1017600,1017600,60.9,41.7,8.7,8.7,36.0,43.5,0.0,45.5,2918400,2918400,2918400,2918400,2918400,2918400,3283200,3283200,556800,2918400,1017600,3283200,7311,23493,RenderThread,4,0,44,427,0,NA,6895,/top-app,0-7,/top-app,0-7,0,1024,0,1024,41.3,41.3,41.3,42.4,30,39.7,35.4,0.4,0,NONE,0,0,0,0,0,2147483647,2147483647,game_pid=-1 child_num=0 ui_assist_num=0,0,0
1786636541.085,251364.98,556800,556800,556800,556800,556800,556800,1017600,1017600,55.2,37.0,14.8,16.0,19.2,22.2,0.0,0.0,2918400,2918400,2918400,2918400,2918400,2918400,3283200,3283200,556800,2918400,1017600,3283200,7311,23493,RenderThread,4,0,44,427,0,NA,6895,/top-app,0-7,/top-app,0-7,0,1024,0,1024,40.5,40.1,40.5,41.7,30,39.7,35.4,0.4,0,NONE,0,0,0,0,0,2147483647,2147483647,game_pid=-1 child_num=0 ui_assist_num=0,0,0
1786636541.085,251365.25,556800,556800,556800,556800,556800,556800,1017600,1017600,54.5,50.0,0.0,14.3,18.5,17.9,0.0,0.0,2918400,2918400,2918400,2918400,2918400,2918400,3283200,3283200,556800,2918400,1017600,3283200,7311,23493,RenderThread,4,0,44,427,0,NA,6895,/top-app,0-7,/top-app,0-7,0,1024,0,1024,40.5,40.1,40.5,42.8,30,39.7,35.4,0.4,0,NONE,0,0,0,0,0,2147483647,2147483647,game_pid=-1 child_num=0 ui_assist_num=0,0,0
1786636541.085,251365.54,556800,556800,556800,556800,556800,556800,1017600,1017600,43.3,36.4,10.3,0.0,24.1,17.2,0.0,0.0,2918400,2918400,2918400,2918400,2918400,2918400,3283200,3283200,556800,2918400,1017600,3283200,7311,23493,RenderThread,4,0,44,427,0,NA,6895,/top-app,0-7,/top-app,0-7,0,1024,0,1024,40.1,40.1,40.1,40.5,30,39.7,35.4,0.4,0,NONE,0,0,0,0,0,2147483647,2147483647,game_pid=-1 child_num=0 ui_assist_num=0,0,0
1786636541.085,251365.83,556800,556800,556800,556800,556800,556800,1017600,1017600,52.8,41.7,0.0,0.0,29.0,30.0,0.0,0.0,2918400,2918400,2918400,2918400,2918400,2918400,3283200,3283200,556800,2918400,1017600,3283200,7311,23493,RenderThread,4,0,44,427,0,NA,6895,/top-app,0-7,/top-app,0-7,0,1024,0,1024,40.1,40.1,40.1,40.9,30,39.7,35.4,0.4,0,NONE,0,0,0,0,0,2147483647,2147483647,game_pid=-1 child_num=0 ui_assist_num=0,0,0
1786636541.085,251366.10,748800,748800,748800,748800,748800,748800,1017600,1017600,52.9,42.4,0.0,0.0,32.1,19.2,0.0,0.0,2918400,2918400,2918400,2918400,2918400,2918400,3283200,3283200,556800,2918400,1017600,3283200,7311,23493,RenderThread,4,0,44,427,0,NA,6895,/top-app,0-7,/top-app,0-7,0,1024,0,1024,40.1,40.1,39.7,40.9,30,39.3,35.4,0.4,0,NONE,0,0,0,0,0,2147483647,2147483647,game_pid=-1 child_num=0 ui_assist_num=0,0,0
1786636541.085,251366.37,1785600,1785600,1785600,1785600,1785600,1785600,1017600,1017600,58.6,50.0,0.0,3.6,33.3,35.7,0.0,0.0,2918400,2918400,2918400,2918400,2918400,2918400,3283200,3283200,556800,2918400,1017600,3283200,7311,23493,RenderThread,4,0,44,427,0,NA,6895,/top-app,0-7,/top-app,0-7,0,1024,0,1024,40.1,40.1,40.1,41.7,30,39.7,35.4,0.4,0,NONE,0,0,0,0,0,2147483647,2147483647,game_pid=-1 child_num=0 ui_assist_num=0,0,0
1786636541.085,251366.61,556800,556800,556800,556800,556800,556800,1017600,1017600,53.6,40.6,8.7,8.3,20.0,8.3,0.0,0.0,2918400,2918400,2918400,2918400,2918400,2918400,3283200,3283200,556800,2918400,1017600,3283200,7311,23493,RenderThread,4,0,44,427,0,NA,6895,/top-app,0-7,/top-app,0-7,0,1024,0,1024,40.1,39.7,40.1,41.7,30,39.7,35.4,0.4,0,NONE,0,0,0,0,0,2147483647,2147483647,game_pid=-1 child_num=0 ui_assist_num=0,0,0
1786636541.085,251366.90,556800,556800,556800,556800,556800,556800,1017600,1017600,46.9,35.3,0.0,0.0,30.0,30.0,0.0,0.0,2918400,2918400,2918400,2918400,2918400,2918400,3283200,3283200,556800,2918400,1017600,3283200,7311,23493,RenderThread,4,0,44,427,0,NA,6895,/top-app,0-7,/top-app,0-7,0,1024,0,1024,40.1,40.1,40.1,41.3,30,39.3,35.4,0.4,0,NONE,0,0,0,0,0,2147483647,2147483647,game_pid=-1 child_num=0 ui_assist_num=0,0,0
1786636541.085,251367.19,556800,556800,556800,556800,556800,556800,1017600,1017600,62.5,48.6,3.4,10.3,38.7,30.0,0.0,0.0,2918400,2918400,2918400,2918400,2918400,2918400,3283200,3283200,556800,2918400,1017600,3283200,7311,23493,RenderThread,4,0,44,427,0,NA,6895,/top-app,0-7,/top-app,0-7,0,1024,0,1024,39.7,39.7,39.7,40.9,30,39.7,35.4,0.4,0,NONE,0,0,0,0,0,2147483647,2147483647,game_pid=-1 child_num=0 ui_assist_num=0,0,0
1786636541.086,251367.46,556800,556800,556800,556800,556800,556800,1017600,1017600,53.6,36.7,13.3,6.9,32.1,24.1,0.0,0.0,2918400,2918400,2918400,2918400,2918400,2918400,3283200,3283200,556800,2918400,1017600,3283200,7311,23493,RenderThread,4,0,44,427,0,NA,6895,/top-app,0-7,/top-app,0-7,0,1024,0,1024,40.1,40.1,40.1,40.9,30,39.7,35.4,0.4,0,NONE,0,0,0,0,0,2147483647,2147483647,game_pid=-1 child_num=0 ui_assist_num=0,0,0
1786636541.086,251367.74,556800,556800,556800,556800,556800,556800,1017600,1017600,51.6,44.4,0.0,0.0,23.3,28.6,0.0,0.0,2918400,2918400,2918400,2918400,2918400,2918400,3283200,3283200,556800,2918400,1017600,3283200,7311,23493,RenderThread,4,0,44,427,0,NA,6895,/top-app,0-7,/top-app,0-7,0,1024,0,1024,39.7,39.7,39.7,40.9,30,39.7,35.4,0.4,0,NONE,0,0,0,0,0,2147483647,2147483647,game_pid=-1 child_num=0 ui_assist_num=0,0,0
1786636541.086,251368.02,556800,556800,556800,556800,556800,556800,1017600,1017600,51.4,36.1,0.0,0.0,18.5,10.7,0.0,0.0,2918400,2918400,2918400,2918400,2918400,2918400,3283200,3283200,556800,2918400,1017600,3283200,7311,23493,RenderThread,4,0,44,427,0,NA,6895,/top-app,0-7,/top-app,0-7,0,1024,0,1024,39.7,39.7,39.7,42.4,30,39.3,35.4,0.4,0,NONE,0,0,0,0,0,2147483647,2147483647,game_pid=-1 child_num=0 ui_assist_num=0,0,0
1786636541.086,251368.32,556800,556800,556800,556800,556800,556800,1017600,1017600,43.8,37.1,0.0,0.0,30.3,48.3,0.0,0.0,2918400,2918400,2918400,2918400,2918400,2918400,3283200,3283200,556800,2918400,1017600,3283200,7311,23493,RenderThread,4,0,44,427,0,NA,6895,/top-app,0-7,/top-app,0-7,0,1024,0,1024,39.7,39.7,39.7,41.3,30,39.3,35.4,0.4,0,NONE,0,0,0,0,0,2147483647,2147483647,game_pid=-1 child_num=0 ui_assist_num=0,0,0
1786636541.086,251368.59,556800,556800,556800,556800,556800,556800,1017600,1017600,51.9,41.4,0.0,0.0,27.6,33.3,0.0,0.0,2918400,2918400,2918400,2918400,2918400,2918400,3283200,3283200,556800,2918400,1017600,3283200,7311,23493,RenderThread,4,0,44,427,0,NA,6895,/top-app,0-7,/top-app,0-7,0,1024,0,1024,40.1,40.1,39.7,41.3,30,39.7,35.4,0.4,0,NONE,0,0,0,0,0,2147483647,2147483647,game_pid=-1 child_num=0 ui_assist_num=0,0,0
1786636541.086,251368.85,556800,556800,556800,556800,556800,556800,1017600,1017600,50.0,43.8,0.0,0.0,37.9,18.5,0.0,0.0,2918400,2918400,2918400,2918400,2918400,2918400,3283200,3283200,556800,2918400,1017600,3283200,7311,23493,RenderThread,4,0,44,427,0,NA,6895,/top-app,0-7,/top-app,0-7,0,1024,0,1024,39.7,39.7,39.7,40.5,30,39.3,35.4,0.4,0,NONE,0,0,0,0,0,2147483647,2147483647,game_pid=-1 child_num=0 ui_assist_num=0,0,0
1786636541.086,251369.12,556800,556800,556800,556800,556800,556800,1017600,1017600,54.8,41.2,0.0,0.0,17.9,33.3,0.0,0.0,2918400,2918400,2918400,2918400,2918400,2918400,3283200,3283200,556800,2918400,1017600,3283200,7311,23493,RenderThread,4,0,44,427,0,NA,6895,/top-app,0-7,/top-app,0-7,0,1024,0,1024,39.7,39.7,39.7,41.3,30,39.3,35.4,0.4,0,NONE,0,0,0,0,0,2147483647,2147483647,game_pid=-1 child_num=0 ui_assist_num=0,0,0
1786636541.086,251369.36,556800,556800,556800,556800,556800,556800,1017600,1017600,48.3,37.5,0.0,0.0,12.0,12.0,0.0,0.0,2918400,2918400,2918400,2918400,2918400,2918400,3283200,3283200,556800,2918400,1017600,3283200,7311,23493,RenderThread,4,0,44,427,0,NA,6895,/top-app,0-7,/top-app,0-7,0,1024,0,1024,39.7,39.7,39.7,42.0,30,39.3,35.4,0.4,0,NONE,0,0,0,0,0,2147483647,2147483647,game_pid=-1 child_num=0 ui_assist_num=0,0,0
1786636541.086,251369.64,556800,556800,556800,556800,556800,556800,1017600,1017600,53.3,45.5,32.1,3.8,21.4,31.0,0.0,0.0,2918400,2918400,2918400,2918400,2918400,2918400,3283200,3283200,556800,2918400,1017600,3283200,7311,23493,RenderThread,4,0,44,427,0,NA,6895,/top-app,0-7,/top-app,0-7,0,1024,0,1024,40.1,40.1,40.1,41.7,30,39.7,35.4,0.4,0,NONE,0,0,0,0,0,2147483647,2147483647,game_pid=-1 child_num=0 ui_assist_num=0,0,0
1786636541.086,251369.90,556800,556800,556800,556800,556800,556800,1017600,1017600,43.3,47.4,0.0,0.0,25.0,12.0,0.0,0.0,2918400,2918400,2918400,2918400,2918400,2918400,3283200,3283200,556800,2918400,1017600,3283200,7311,23493,RenderThread,4,0,44,427,0,NA,6895,/top-app,0-7,/top-app,0-7,0,1024,0,1024,39.7,39.7,39.7,41.3,30,39.7,35.4,0.4,0,NONE,0,0,0,0,0,2147483647,2147483647,game_pid=-1 child_num=0 ui_assist_num=0,0,0
1786636541.086,251370.17,556800,556800,556800,556800,556800,556800,1017600,1017600,52.9,40.0,0.0,0.0,25.9,32.1,0.0,0.0,2918400,2918400,2918400,2918400,2918400,2918400,3283200,3283200,556800,2918400,1017600,3283200,7311,23493,RenderThread,4,0,44,427,0,NA,6895,/top-app,0-7,/top-app,0-7,0,1024,0,1024,39.7,39.7,39.7,40.5,30,39.3,35.4,0.4,0,NONE,0,0,0,0,0,2147483647,2147483647,game_pid=-1 child_num=0 ui_assist_num=0,0,0
1786636541.086,251370.45,556800,556800,556800,556800,556800,556800,1017600,1017600,48.5,45.0,0.0,0.0,20.7,23.3,0.0,0.0,2918400,2918400,2918400,2918400,2918400,2918400,3283200,3283200,556800,2918400,1017600,3283200,7311,23493,RenderThread,4,0,44,427,0,NA,6895,/top-app,0-7,/top-app,0-7,0,1024,0,1024,39.7,39.7,39.7,41.3,30,39.7,35.4,0.4,0,NONE,0,0,0,0,0,2147483647,2147483647,game_pid=-1 child_num=0 ui_assist_num=0,0,0
1786636541.086,251370.70,556800,556800,556800,556800,556800,556800,1017600,1017600,53.6,41.4,3.8,0.0,32.0,33.3,0.0,0.0,2918400,2918400,2918400,2918400,2918400,2918400,3283200,3283200,556800,2918400,1017600,3283200,7311,23493,RenderThread,4,0,44,427,0,NA,6895,/top-app,0-7,/top-app,0-7,0,1024,0,1024,40.1,39.7,40.1,42.8,30,39.7,35.4,0.4,0,NONE,0,0,0,0,0,2147483647,2147483647,game_pid=-1 child_num=0 ui_assist_num=0,0,0
1786636541.086,251370.98,748800,748800,748800,748800,748800,748800,1017600,1017600,46.4,36.4,10.0,3.7,33.3,14.8,0.0,0.0,2918400,2918400,2918400,2918400,2918400,2918400,3283200,3283200,556800,2918400,1017600,3283200,7311,23493,RenderThread,4,0,44,427,0,NA,6895,/top-app,0-7,/top-app,0-7,0,1024,0,1024,40.1,40.1,39.7,41.7,30,39.7,35.4,0.4,0,NONE,0,0,0,0,0,2147483647,2147483647,game_pid=-1 child_num=0 ui_assist_num=0,0,0
1786636566.598,251376.83,556800,556800,556800,556800,556800,556800,1017600,1017600,50.1,42.0,1.4,1.9,20.2,18.2,0.0,0.0,2918400,2918400,2918400,2918400,2918400,2918400,3283200,3283200,556800,2918400,1017600,3283200,7311,23493,RenderThread,4,0,44,427,0,NA,6895,/top-app,0-7,/top-app,0-7,0,1024,0,1024,39.7,39.3,39.7,40.5,30,39.3,35.4,0.4,0,NONE,0,0,0,0,0,2147483647,2147483647,game_pid=-1 child_num=0 ui_assist_num=0,0,0
1786636566.598,251377.12,556800,556800,556800,556800,556800,556800,1017600,1017600,50.0,44.1,3.8,0.0,30.0,36.7,0.0,0.0,2918400,2918400,2918400,2918400,2918400,2918400,3283200,3283200,556800,2918400,1017600,3283200,7311,23493,RenderThread,4,0,44,427,0,NA,6895,/top-app,0-7,/top-app,0-7,0,1024,0,1024,39.3,39.3,39.3,40.9,30,39.3,35.4,0.4,0,NONE,0,0,0,0,0,2147483647,2147483647,game_pid=-1 child_num=0 ui_assist_num=0,0,0
1786636566.598,251377.39,556800,556800,556800,556800,556800,556800,1017600,1017600,54.5,40.0,0.0,0.0,28.6,14.8,0.0,0.0,2918400,2918400,2918400,2918400,2918400,2918400,3283200,3283200,556800,2918400,1017600,3283200,7311,23493,RenderThread,4,0,44,427,0,NA,6895,/top-app,0-7,/top-app,0-7,0,1024,0,1024,39.7,39.3,39.7,40.5,30,39.3,35.4,0.4,0,NONE,0,0,0,0,0,2147483647,2147483647,game_pid=-1 child_num=0 ui_assist_num=0,0,0
1786636566.598,251377.66,556800,556800,556800,556800,556800,556800,1017600,1017600,41.4,31.2,0.0,0.0,29.0,17.9,0.0,0.0,2918400,2918400,2918400,2918400,2918400,2918400,3283200,3283200,556800,2918400,1017600,3283200,7311,23493,RenderThread,4,0,44,427,0,NA,6895,/top-app,0-7,/top-app,0-7,0,1024,0,1024,39.7,39.7,39.3,41.3,30,39.3,35.4,0.4,0,NONE,0,0,0,0,0,2147483647,2147483647,game_pid=-1 child_num=0 ui_assist_num=0,0,0
1786636566.598,251377.95,748800,748800,748800,748800,748800,748800,1017600,1017600,41.9,37.1,0.0,0.0,20.0,20.7,0.0,0.0,2918400,2918400,2918400,2918400,2918400,2918400,3283200,3283200,556800,2918400,1017600,3283200,7311,23493,RenderThread,4,0,44,427,0,NA,6895,/top-app,0-7,/top-app,0-7,0,1024,0,1024,39.3,39.3,39.3,40.9,30,39.3,35.4,0.4,0,NONE,0,0,0,0,0,2147483647,2147483647,game_pid=-1 child_num=0 ui_assist_num=0,0,0
1786636566.598,251378.21,1785600,1785600,1785600,1785600,1785600,1785600,1017600,1017600,40.7,25.9,0.0,0.0,20.0,48.1,0.0,0.0,2918400,2918400,2918400,2918400,2918400,2918400,3283200,3283200,556800,2918400,1017600,3283200,7311,23493,RenderThread,4,0,44,427,0,NA,6895,/top-app,0-7,/top-app,0-7,0,1024,0,1024,39.7,39.7,39.7,41.3,30,39.3,35.4,0.4,0,NONE,0,0,0,0,0,2147483647,2147483647,game_pid=-1 child_num=0 ui_assist_num=0,0,0
1786636566.598,251378.46,556800,556800,556800,556800,556800,556800,1017600,1017600,51.9,45.2,0.0,0.0,20.0,26.9,0.0,0.0,2918400,2918400,2918400,2918400,2918400,2918400,3283200,3283200,556800,2918400,1017600,3283200,7311,23493,RenderThread,4,0,44,427,0,NA,6895,/top-app,0-7,/top-app,0-7,0,1024,0,1024,39.7,39.7,39.3,40.9,30,39.3,35.4,0.4,0,NONE,0,0,0,0,0,2147483647,2147483647,game_pid=-1 child_num=0 ui_assist_num=0,0,0
1786636566.598,251378.73,556800,556800,556800,556800,556800,556800,1017600,1017600,56.7,40.0,17.2,7.4,21.4,18.5,0.0,0.0,2918400,2918400,2918400,2918400,2918400,2918400,3283200,3283200,556800,2918400,1017600,3283200,7311,23493,RenderThread,4,0,44,427,0,NA,6895,/top-app,0-7,/top-app,0-7,0,1024,0,1024,39.7,39.7,39.3,40.5,30,39.3,35.4,0.4,0,NONE,0,0,0,0,0,2147483647,2147483647,game_pid=-1 child_num=0 ui_assist_num=0,0,0
1786636566.598,251379.00,748800,748800,748800,748800,748800,748800,1017600,1017600,54.5,39.4,7.4,0.0,18.5,24.1,0.0,0.0,2918400,2918400,2918400,2918400,2918400,2918400,3283200,3283200,556800,2918400,1017600,3283200,7311,23493,RenderThread,4,0,44,427,0,NA,6895,/top-app,0-7,/top-app,0-7,0,1024,0,1024,39.7,39.7,39.3,42.8,30,39.3,35.4,0.4,0,NONE,0,0,0,0,0,2147483647,2147483647,game_pid=-1 child_num=0 ui_assist_num=0,0,0
1786636566.599,251379.27,556800,556800,556800,556800,556800,556800,1017600,1017600,43.3,32.3,0.0,0.0,22.2,11.1,0.0,0.0,2918400,2918400,2918400,2918400,2918400,2918400,3283200,3283200,556800,2918400,1017600,3283200,7311,23493,RenderThread,4,0,44,427,0,NA,6895,/top-app,0-7,/top-app,0-7,0,1024,0,1024,39.7,39.3,39.7,40.9,30,39.3,35.4,0.4,0,NONE,0,0,0,0,0,2147483647,2147483647,game_pid=-1 child_num=0 ui_assist_num=0,0,0
1786636566.599,251379.55,748800,748800,748800,748800,748800,748800,1017600,1017600,53.1,39.4,0.0,0.0,33.3,17.9,0.0,0.0,2918400,2918400,2918400,2918400,2918400,2918400,3283200,3283200,556800,2918400,1017600,3283200,7311,23493,RenderThread,4,0,44,427,0,NA,6895,/top-app,0-7,/top-app,0-7,0,1024,0,1024,39.7,39.3,39.7,40.5,30,39.3,35.4,0.4,0,NONE,0,0,0,0,0,2147483647,2147483647,game_pid=-1 child_num=0 ui_assist_num=0,0,0
1786636566.599,251379.83,556800,556800,556800,556800,556800,556800,1017600,1017600,44.8,40.0,0.0,0.0,25.0,17.9,0.0,0.0,2918400,2918400,2918400,2918400,2918400,2918400,3283200,3283200,556800,2918400,1017600,3283200,7311,23493,RenderThread,4,0,44,427,0,NA,6895,/top-app,0-7,/top-app,0-7,0,1024,0,1024,39.3,39.3,39.3,40.5,30,39.3,35.4,0.4,0,NONE,0,0,0,0,0,2147483647,2147483647,game_pid=-1 child_num=0 ui_assist_num=0,0,0
1786636566.599,251380.11,2400000,2400000,2400000,2400000,2400000,2400000,1017600,1017600,55.6,47.1,0.0,0.0,35.5,23.3,0.0,0.0,2918400,2918400,2918400,2918400,2918400,2918400,3283200,3283200,556800,2918400,1017600,3283200,7311,23493,RenderThread,4,0,44,427,0,NA,6895,/top-app,0-7,/top-app,0-7,0,1024,0,1024,39.7,39.7,39.7,41.7,30,39.3,35.4,0.4,0,NONE,0,0,0,0,0,2147483647,2147483647,game_pid=-1 child_num=0 ui_assist_num=0,0,0
1786636567.294,251380.34,556800,556800,556800,556800,556800,556800,1017600,1017600,50.0,34.6,0.0,0.0,18.2,24.0,0.0,0.0,2918400,2918400,2918400,2918400,2918400,2918400,3283200,3283200,556800,2918400,1017600,3283200,7311,23493,RenderThread,4,0,44,427,0,NA,6895,/top-app,0-7,/top-app,0-7,0,1024,0,1024,40.1,39.7,40.1,41.7,30,39.3,35.4,0.4,0,NONE,0,0,0,0,0,2147483647,2147483647,game_pid=-1 child_num=0 ui_assist_num=0,0,0
1786636567.295,251380.64,556800,556800,556800,556800,556800,556800,1017600,1017600,53.1,39.4,0.0,0.0,19.4,21.4,0.0,0.0,2918400,2918400,2918400,2918400,2918400,2918400,3283200,3283200,556800,2918400,1017600,3283200,7311,23493,RenderThread,4,0,44,427,0,NA,6895,/top-app,0-7,/top-app,0-7,0,1024,0,1024,39.7,39.3,39.7,40.5,30,39.3,35.4,0.4,0,NONE,0,0,0,0,0,2147483647,2147483647,game_pid=-1 child_num=0 ui_assist_num=0,0,0
1786636567.295,251380.92,556800,556800,556800,556800,556800,556800,1017600,1017600,51.6,35.3,0.0,0.0,14.8,27.6,0.0,0.0,2918400,2918400,2918400,2918400,2918400,2918400,3283200,3283200,556800,2918400,1017600,3283200,7311,23493,RenderThread,4,0,44,427,0,NA,6895,/top-app,0-7,/top-app,0-7,0,1024,0,1024,39.7,39.7,39.3,40.9,30,39.3,35.5,0.4,0,NONE,0,0,0,0,0,2147483647,2147483647,game_pid=-1 child_num=0 ui_assist_num=0,0,0
1786636567.295,251381.19,1152000,1152000,1152000,1152000,1152000,1152000,1017600,1017600,51.9,43.3,0.0,0.0,37.9,32.1,0.0,0.0,2918400,2918400,2918400,2918400,2918400,2918400,3283200,3283200,556800,2918400,1017600,3283200,7311,23493,RenderThread,4,0,44,427,0,NA,6895,/top-app,0-7,/top-app,0-7,0,1024,0,1024,39.7,39.7,39.3,40.5,30,39.3,35.5,0.4,0,NONE,0,0,0,0,0,2147483647,2147483647,game_pid=-1 child_num=0 ui_assist_num=0,0,0
1786636567.295,251381.45,556800,556800,556800,556800,556800,556800,1017600,1017600,44.8,35.5,0.0,0.0,22.2,18.5,0.0,0.0,2918400,2918400,2918400,2918400,2918400,2918400,3283200,3283200,556800,2918400,1017600,3283200,7311,23493,RenderThread,4,0,44,427,0,NA,6895,/top-app,0-7,/top-app,0-7,0,1024,0,1024,39.7,39.3,39.7,40.5,30,39.0,35.5,0.4,0,NONE,0,0,0,0,0,2147483647,2147483647,game_pid=-1 child_num=0 ui_assist_num=0,0,0
1786636567.295,251381.72,556800,556800,556800,556800,556800,556800,1017600,1017600,50.0,42.9,3.6,0.0,14.8,18.5,0.0,0.0,2918400,2918400,2918400,2918400,2918400,2918400,3283200,3283200,556800,2918400,1017600,3283200,7311,23493,RenderThread,4,0,44,427,0,NA,6895,/top-app,0-7,/top-app,0-7,0,1024,0,1024,39.7,39.7,39.3,41.7,30,39.3,35.5,0.4,0,NONE,0,0,0,0,0,2147483647,2147483647,game_pid=-1 child_num=0 ui_assist_num=0,0,0
1786636567.295,251382.01,556800,556800,556800,556800,556800,556800,1017600,1017600,51.5,40.5,0.0,0.0,12.9,18.5,0.0,0.0,2918400,2918400,2918400,2918400,2918400,2918400,3283200,3283200,556800,2918400,1017600,3283200,7311,23493,RenderThread,4,0,44,427,0,NA,6895,/top-app,0-7,/top-app,0-7,0,1024,0,1024,39.3,39.3,39.3,40.5,30,39.0,35.5,0.4,0,NONE,0,0,0,0,0,2147483647,2147483647,game_pid=-1 child_num=0 ui_assist_num=0,0,0
1786636567.295,251382.28,556800,556800,556800,556800,556800,556800,1017600,1017600,50.0,39.4,0.0,0.0,32.0,25.0,0.0,0.0,2918400,2918400,2918400,2918400,2918400,2918400,3283200,3283200,556800,2918400,1017600,3283200,7311,23493,RenderThread,4,0,44,427,0,NA,6895,/top-app,0-7,/top-app,0-7,0,1024,0,1024,39.3,39.3,39.3,40.5,30,39.3,35.5,0.4,0,NONE,0,0,0,0,0,2147483647,2147483647,game_pid=-1 child_num=0 ui_assist_num=0,0,0
1786636567.295,251382.55,556800,556800,556800,556800,556800,556800,1017600,1017600,51.7,45.5,0.0,0.0,31.0,24.1,0.0,0.0,2918400,2918400,2918400,2918400,2918400,2918400,3283200,3283200,556800,2918400,1017600,3283200,7311,23493,RenderThread,4,0,44,427,0,NA,6895,/top-app,0-7,/top-app,0-7,0,1024,0,1024,39.3,39.3,39.3,40.5,30,39.3,35.5,0.4,0,NONE,0,0,0,0,0,2147483647,2147483647,game_pid=-1 child_num=0 ui_assist_num=0,0,0
1786636567.295,251382.82,556800,556800,556800,556800,556800,556800,1017600,1017600,50.0,34.4,3.6,0.0,14.8,14.8,0.0,0.0,2918400,2918400,2918400,2918400,2918400,2918400,3283200,3283200,556800,2918400,1017600,3283200,7311,23493,RenderThread,4,0,44,427,0,NA,6895,/top-app,0-7,/top-app,0-7,0,1024,0,1024,39.3,39.3,39.3,40.1,30,39.3,35.5,0.4,0,NONE,0,0,0,0,0,2147483647,2147483647,game_pid=-1 child_num=0 ui_assist_num=0,0,0
1786636567.295,251383.10,556800,556800,556800,556800,556800,556800,1017600,1017600,48.4,43.2,0.0,7.1,24.2,25.8,0.0,0.0,2918400,2918400,2918400,2918400,2918400,2918400,3283200,3283200,556800,2918400,1017600,3283200,7311,23493,RenderThread,4,0,44,427,0,NA,6895,/top-app,0-7,/top-app,0-7,0,1024,0,1024,39.7,39.3,39.7,43.2,30,39.0,35.5,0.4,0,NONE,0,0,0,0,0,2147483647,2147483647,game_pid=-1 child_num=0 ui_assist_num=0,0,0
1786636567.295,251383.38,748800,748800,748800,748800,748800,748800,1017600,1017600,48.1,45.2,0.0,0.0,48.4,31.0,0.0,0.0,2918400,2918400,2918400,2918400,2918400,2918400,3283200,3283200,556800,2918400,1017600,3283200,7311,23493,RenderThread,4,0,44,427,0,NA,6895,/top-app,0-7,/top-app,0-7,0,1024,0,1024,39.7,39.3,39.7,40.1,30,39.3,35.5,0.4,0,NONE,0,0,0,0,0,2147483647,2147483647,game_pid=-1 child_num=0 ui_assist_num=0,0,0
1786636567.295,251383.67,556800,556800,556800,556800,556800,556800,1017600,1017600,42.9,26.7,6.9,3.6,38.5,34.5,0.0,0.0,2918400,2918400,2918400,2918400,2918400,2918400,3283200,3283200,556800,2918400,1017600,3283200,7311,23493,RenderThread,4,0,44,427,0,NA,6895,/top-app,0-7,/top-app,0-7,0,1024,0,1024,39.7,39.7,39.3,40.5,30,39.3,35.5,0.4,0,NONE,0,0,0,0,0,2147483647,2147483647,game_pid=-1 child_num=0 ui_assist_num=0,0,0
1786636567.295,251383.94,556800,556800,556800,556800,556800,556800,1017600,1017600,50.0,39.5,0.0,0.0,7.1,27.6,0.0,0.0,2918400,2918400,2918400,2918400,2918400,2918400,3283200,3283200,556800,2918400,1017600,3283200,7311,23493,RenderThread,4,0,44,427,0,NA,6895,/top-app,0-7,/top-app,0-7,0,1024,0,1024,39.7,39.3,39.7,40.1,30,39.3,35.5,0.4,0,NONE,0,0,0,0,0,2147483647,2147483647,game_pid=-1 child_num=0 ui_assist_num=0,0,0
1786636567.295,251384.21,556800,556800,556800,556800,556800,556800,1017600,1017600,50.0,28.6,0.0,3.6,18.5,29.6,0.0,0.0,2918400,2918400,2918400,2918400,2918400,2918400,3283200,3283200,556800,2918400,1017600,3283200,7311,23493,RenderThread,4,0,44,427,0,NA,6895,/top-app,0-7,/top-app,0-7,0,1024,0,1024,39.3,39.3,39.3,40.5,30,39.0,35.5,0.4,0,NONE,0,0,0,0,0,2147483647,2147483647,game_pid=-1 child_num=0 ui_assist_num=0,0,0
1786636567.295,251384.50,556800,556800,556800,556800,556800,556800,1017600,1017600,60.6,44.1,7.1,24.1,30.0,17.9,0.0,0.0,2918400,2918400,2918400,2918400,2918400,2918400,3283200,3283200,556800,2918400,1017600,3283200,7311,23493,RenderThread,4,0,44,427,0,NA,6895,/top-app,0-7,/top-app,0-7,0,1024,0,1024,39.7,39.3,39.7,41.7,30,39.3,35.5,0.4,0,NONE,0,0,0,0,0,2147483647,2147483647,game_pid=-1 child_num=0 ui_assist_num=0,0,0
1786636567.295,251384.80,2227200,2227200,2227200,2227200,2227200,2227200,1017600,1017600,50.0,45.9,3.4,10.0,35.7,37.9,0.0,0.0,2918400,2918400,2918400,2918400,2918400,2918400,3283200,3283200,556800,2918400,1017600,3283200,7311,23493,RenderThread,4,0,44,427,0,NA,6895,/top-app,0-7,/top-app,0-7,0,1024,0,1024,39.7,39.3,39.7,40.9,30,39.0,35.5,0.4,0,NONE,0,0,0,0,0,2147483647,2147483647,game_pid=-1 child_num=0 ui_assist_num=0,0,0
1786636567.295,251385.05,556800,556800,556800,556800,556800,556800,1017600,1017600,51.7,37.5,11.5,0.0,27.6,23.1,0.0,0.0,2918400,2918400,2918400,2918400,2918400,2918400,3283200,3283200,556800,2918400,1017600,3283200,7311,23493,RenderThread,4,0,44,427,0,NA,6895,/top-app,0-7,/top-app,0-7,0,1024,0,1024,39.7,39.3,39.7,40.5,30,39.3,35.5,0.4,0,NONE,0,0,0,0,0,2147483647,2147483647,game_pid=-1 child_num=0 ui_assist_num=0,0,0
1786636567.295,251385.32,556800,556800,556800,556800,556800,556800,1017600,1017600,50.0,44.7,0.0,0.0,16.0,12.0,0.0,0.0,2918400,2918400,2918400,2918400,2918400,2918400,3283200,3283200,556800,2918400,1017600,3283200,7311,23493,RenderThread,4,0,44,427,0,NA,6895,/top-app,0-7,/top-app,0-7,0,1024,0,1024,39.3,39.3,39.3,40.5,30,39.3,35.5,0.4,0,NONE,0,0,0,0,0,2147483647,2147483647,game_pid=-1 child_num=0 ui_assist_num=0,0,0
1786636567.296,251385.60,556800,556800,556800,556800,556800,556800,1017600,1017600,48.3,42.4,0.0,0.0,34.5,21.4,0.0,0.0,2918400,2918400,2918400,2918400,2918400,2918400,3283200,3283200,556800,2918400,1017600,3283200,7311,23493,RenderThread,4,0,44,427,0,NA,6895,/top-app,0-7,/top-app,0-7,0,1024,0,1024,39.3,39.3,39.3,40.9,30,39.0,35.5,0.4,0,NONE,0,0,0,0,0,2147483647,2147483647,game_pid=-1 child_num=0 ui_assist_num=0,0,0
1786636567.296,251385.85,556800,556800,556800,556800,556800,556800,1017600,1017600,46.4,31.0,0.0,0.0,11.5,16.0,0.0,0.0,2918400,2918400,2918400,2918400,2918400,2918400,3283200,3283200,556800,2918400,1017600,3283200,7311,23493,RenderThread,4,0,44,427,0,NA,6895,/top-app,0-7,/top-app,0-7,0,1024,0,1024,39.3,39.3,39.3,41.7,30,39.0,35.5,0.4,0,NONE,0,0,0,0,0,2147483647,2147483647,game_pid=-1 child_num=0 ui_assist_num=0,0,0
1786636567.296,251386.14,556800,556800,556800,556800,556800,556800,1017600,1017600,35.7,29.4,0.0,0.0,20.0,27.6,0.0,0.0,2918400,2918400,2918400,2918400,2918400,2918400,3283200,3283200,556800,2918400,1017600,3283200,7311,23493,RenderThread,4,0,44,427,0,NA,6895,/top-app,0-7,/top-app,0-7,0,1024,0,1024,39.3,39.3,39.3,40.9,30,39.0,35.5,0.4,0,NONE,0,0,0,0,0,2147483647,2147483647,game_pid=-1 child_num=0 ui_assist_num=0,0,0
1786636567.296,251386.41,748800,748800,748800,748800,748800,748800,1017600,1017600,53.1,44.1,0.0,3.7,28.6,29.6,0.0,0.0,2918400,2918400,2918400,2918400,2918400,2918400,3283200,3283200,556800,2918400,1017600,3283200,7311,23493,RenderThread,4,0,44,427,0,NA,6895,/top-app,0-7,/top-app,0-7,0,1024,0,1024,39.3,39.3,39.3,41.3,30,39.3,35.5,0.4,0,NONE,0,0,0,0,0,2147483647,2147483647,game_pid=-1 child_num=0 ui_assist_num=0,0,0
1786636567.296,251386.66,556800,556800,556800,556800,556800,556800,1017600,1017600,56.7,46.9,11.5,11.5,16.0,25.9,0.0,0.0,2918400,2918400,2918400,2918400,2918400,2918400,3283200,3283200,556800,2918400,1017600,3283200,7311,23493,RenderThread,4,0,44,427,0,NA,6895,/top-app,0-7,/top-app,0-7,0,1024,0,1024,39.7,39.7,39.3,40.1,30,39.3,35.5,0.4,0,NONE,0,0,0,0,0,2147483647,2147483647,game_pid=-1 child_num=0 ui_assist_num=0,0,0
