# started 2026-09-21 14:48:29  level/status: level=3 held=yes cfb=0 prime=3513600 junc=31C left=常开 pids=12628 13501 26316 8945 
# p6max=3513600 p0max=3532800 cfb=0
# node=0:3532800 1:3532800 2:3532800 3:3532800 4:3532800 5:3532800 6:3513600 7:3513600 
ts|c0|c1|c2|c3|c4|c5|c6|c7|p0max|p6max|junc|shell|cfb|cool
1789994909|2400000|2400000|2400000|2227200|2745600|2745600|3513600|3513600|3532800|3513600|38600|23700|0|no
1789994909|2400000|2400000|2400000|2400000|2400000|2400000|1017600|1017600|3532800|3513600|33900|23700|0|no
1789994910|2400000|2227200|1996800|2400000|2400000|2227200|1017600|1017600|3532800|3513600|31600|23700|0|no
1789994910|3072000|3072000|2400000|2400000|2400000|2400000|1017600|1017600|3532800|3513600|32400|23700|0|no
1789994910|2400000|2227200|2400000|2400000|2227200|2227200|1017600|1017600|3532800|3513600|32800|23700|0|no
1789994910|2400000|2400000|2400000|2400000|2400000|2400000|1017600|1017600|3532800|3513600|32800|23700|0|no
1789994911|2400000|2400000|3072000|2400000|2400000|2400000|1017600|1017600|3532800|3513600|31600|23700|0|no
1789994911|2400000|2400000|2400000|2400000|2400000|2400000|1017600|1017600|3532800|3513600|32400|23700|0|no
1789994912|2400000|2400000|2400000|2400000|2400000|2400000|1017600|1017600|3532800|3513600|31600|23700|0|no
1789994912|2400000|2400000|2400000|2400000|2400000|2400000|1017600|1017600|3532800|3513600|32000|23700|0|no
1789994912|2400000|2400000|2400000|3072000|2400000|2745600|1017600|1017600|3532800|3513600|31600|23700|0|no
1789994912|2745600|3072000|3072000|3072000|3072000|2745600|1017600|1017600|3532800|3513600|32400|23700|0|no
1789994913|2745600|2745600|1996800|3072000|3072000|3072000|3513600|3513600|3532800|3513600|39700|23700|0|no
1789994913|3072000|3072000|3072000|3072000|3072000|2918400|3513600|3513600|3532800|3513600|40100|23700|0|no
1789994913|3072000|3072000|3072000|3072000|3072000|3072000|3513600|3513600|3532800|3513600|40500|23700|0|no
1789994913|3072000|3072000|3072000|3072000|3072000|3072000|3513600|3513600|3532800|3513600|40100|23700|0|no
1789994914|3072000|3072000|3072000|3072000|3072000|3072000|3513600|3513600|3532800|3513600|55200|23700|0|no
1789994914|3072000|3072000|3072000|3072000|3072000|3072000|3513600|3513600|3532800|3513600|56000|23700|0|no
1789994915|3072000|3072000|3072000|3072000|3072000|3072000|3513600|3513600|3532800|3513600|56000|23700|0|no
1789994915|3072000|3072000|3072000|3072000|3072000|3072000|3513600|3513600|3532800|3513600|55600|23700|0|no
1789994915|3072000|3072000|3072000|3072000|3072000|3072000|3513600|3513600|3532800|3513600|50900|23700|0|no
1789994915|3072000|3072000|3072000|3072000|3072000|3072000|3513600|3513600|3532800|3513600|50900|23700|0|no
1789994916|3072000|3072000|3072000|3072000|3072000|3072000|3513600|3513600|3532800|3513600|57100|23700|0|no
1789994916|3072000|3072000|3072000|3072000|3072000|3072000|3513600|3513600|3532800|3513600|57100|23700|0|no
1789994916|3072000|3072000|3072000|3072000|3072000|3072000|3513600|3513600|3532800|3513600|57100|23700|0|no
1789994916|3072000|3072000|3072000|3072000|3072000|3072000|3513600|3513600|3532800|3513600|57100|23700|0|no
1789994917|3072000|3072000|3072000|3072000|3072000|3072000|3513600|3513600|3532800|3513600|53200|23700|0|no
1789994917|3072000|3072000|3072000|3072000|3072000|3072000|3513600|3513600|3532800|3513600|53200|23700|0|no
1789994918|3072000|3072000|3072000|3072000|3072000|3072000|3801600|3801600|3532800|4320000|51700|23700|0|no
1789994918|3072000|3072000|3072000|3072000|3072000|3072000|3801600|3801600|3532800|4320000|51700|23700|0|no
1789994918|3072000|3072000|3072000|3072000|3072000|3072000|3513600|3513600|3532800|3513600|52100|23700|0|no
1789994918|3072000|3072000|3072000|3072000|3072000|3072000|3513600|3513600|3532800|3513600|52100|23700|0|no
1789994919|3072000|3072000|3072000|3072000|3072000|3072000|3513600|3513600|3532800|3513600|51300|23700|0|no
1789994919|3072000|3072000|3072000|3072000|3072000|3072000|3513600|3513600|3532800|3513600|51300|23700|0|no
1789994919|3072000|3072000|3072000|3072000|3072000|3072000|3513600|3513600|3532800|3513600|52500|23700|0|no
1789994919|3072000|3072000|3072000|3072000|3072000|3072000|3513600|3513600|3532800|3513600|52500|23700|0|no
1789994920|3072000|3072000|3072000|3072000|3072000|3072000|3513600|3513600|3532800|3513600|51300|23700|0|no
1789994920|3072000|3072000|3072000|3072000|3072000|3072000|3513600|3513600|3532800|3513600|51300|23700|0|no
1789994920|3072000|3072000|3072000|3072000|3072000|3072000|1017600|1017600|3532800|3513600|41300|23700|0|no
1789994920|3072000|3072000|3072000|3072000|3072000|3072000|1017600|1017600|3532800|3513600|41300|23700|0|no
1789994921|3072000|3072000|3072000|3072000|3072000|3072000|1017600|1017600|3532800|3513600|37800|23700|0|no
1789994921|3072000|3072000|3072000|3072000|3072000|3072000|1017600|1017600|3532800|3513600|37800|23700|0|no
1789994922|2400000|2400000|3072000|2400000|2745600|3072000|1017600|3513600|3532800|3513600|37000|23700|0|no
1789994922|2400000|2400000|3072000|2400000|2745600|3072000|1017600|3513600|3532800|3513600|37000|23700|0|no
1789994922|2400000|2227200|2227200|2400000|2400000|2400000|1017600|1017600|3532800|3513600|35100|23700|0|no
1789994922|2400000|2227200|2227200|2400000|2400000|2400000|1017600|1017600|3532800|3513600|35100|23700|0|no
1789994923|2400000|2400000|2400000|2400000|2400000|2400000|1017600|1017600|3532800|3513600|34300|23700|0|no
1789994923|2400000|2400000|2400000|2400000|2400000|2400000|1017600|1017600|3532800|3513600|34300|23700|0|no
1789994924|2400000|2400000|2400000|2400000|2400000|2400000|1017600|1017600|3532800|3513600|33900|23700|0|no
1789994924|2400000|2400000|2400000|2400000|2400000|2400000|1017600|1017600|3532800|3513600|33600|23700|0|no
1789994924|2400000|3072000|3072000|2745600|3072000|3072000|1017600|1017600|3532800|3513600|33600|23700|0|no
1789994924|2400000|3072000|3072000|2400000|3072000|3072000|1017600|1017600|3532800|3513600|33900|23700|0|no
1789994925|2400000|2400000|2400000|2400000|2400000|2400000|1017600|1017600|3532800|3513600|33200|23700|0|no
1789994925|2400000|2400000|2400000|2400000|2400000|2400000|1017600|1017600|3532800|3513600|32800|23700|0|no
1789994925|2400000|2400000|2400000|2400000|2745600|2745600|3513600|3513600|3532800|3513600|40500|23700|0|no
1789994925|2400000|2400000|2400000|2400000|2745600|2745600|3513600|3513600|3532800|3513600|40500|23700|0|no
1789994926|3072000|3072000|3072000|3072000|3072000|3072000|3513600|3513600|3532800|3513600|44800|23700|0|no
1789994926|3072000|3072000|3072000|3072000|3072000|3072000|3513600|3513600|3532800|3513600|44800|23700|0|no
1789994927|3072000|3072000|3072000|3072000|3072000|3072000|3513600|3513600|3532800|3513600|53200|23700|0|no
1789994927|3072000|3072000|3072000|3072000|3072000|3072000|3513600|3513600|3532800|3513600|53200|23700|0|no
1789994927|3072000|3072000|3072000|3072000|3072000|3072000|3513600|3513600|3532800|3513600|54400|23700|0|no
1789994927|3072000|3072000|3072000|3072000|3072000|3072000|3513600|3513600|3532800|3513600|54400|23700|0|no
1789994928|3072000|3072000|3072000|3072000|3072000|3072000|3513600|3513600|3532800|3513600|46700|23600|0|no
1789994928|3072000|3072000|3072000|3072000|3072000|3072000|3513600|3513600|3532800|3513600|46700|23600|0|no
1789994928|3072000|3072000|3072000|3072000|3072000|3072000|3513600|3513600|3532800|3513600|47100|23600|0|no
1789994928|3072000|3072000|3072000|3072000|3072000|3072000|3513600|3513600|3532800|3513600|47100|23600|0|no
1789994929|3072000|3072000|3072000|3072000|3072000|3072000|3513600|3513600|3532800|3513600|46700|23600|0|no
1789994929|3072000|3072000|3072000|3072000|3072000|3072000|3513600|3513600|3532800|3513600|46700|23600|0|no
1789994930|3072000|3072000|2918400|2918400|2918400|2745600|3513600|3513600|3532800|3513600|46700|23600|0|no
1789994930|3072000|3072000|2918400|2918400|2918400|2745600|3513600|3513600|3532800|3513600|46700|23600|0|no
1789994930|3072000|3072000|3072000|3072000|3072000|3072000|3513600|3513600|3532800|3513600|48200|23600|0|no
1789994930|3072000|3072000|3072000|3072000|3072000|3072000|3513600|3513600|3532800|3513600|48200|23600|0|no
1789994931|1555200|3072000|3072000|3072000|3072000|3072000|3513600|3513600|3532800|3513600|48200|23600|0|no
1789994931|1555200|3072000|3072000|3072000|3072000|3072000|3513600|3513600|3532800|3513600|47800|23600|0|no
1789994931|3072000|3072000|3072000|3072000|3072000|3072000|3513600|3513600|3532800|3513600|47500|23600|0|no
1789994931|3072000|3072000|3072000|3072000|3072000|3072000|3513600|3513600|3532800|3513600|47800|23600|0|no
1789994932|3072000|3072000|3072000|3072000|3072000|3072000|3513600|3513600|3532800|3513600|48600|23600|0|no
1789994932|3072000|3072000|3072000|3072000|3072000|3072000|3513600|3513600|3532800|3513600|48200|23600|0|no
1789994933|3072000|3072000|3072000|3072000|3072000|3072000|3513600|3513600|3532800|3513600|61000|23600|0|no
1789994933|3072000|3072000|3072000|3072000|3072000|3072000|3513600|3513600|3532800|3513600|61000|23600|0|no
1789994933|1363200|3072000|3072000|3072000|3072000|3072000|3513600|3513600|3532800|3513600|56700|23500|0|no
1789994933|1363200|3072000|3072000|3072000|3072000|3072000|3513600|3513600|3532800|3513600|56700|23500|0|no
1789994934|1363200|3072000|3072000|3072000|3072000|3072000|3513600|3513600|3532800|3513600|57100|23500|0|no
1789994934|1363200|3072000|3072000|3072000|3072000|3072000|3513600|3513600|3532800|3513600|57500|23500|0|no
1789994934|3072000|3072000|3072000|3072000|3072000|3072000|3513600|3513600|3532800|3513600|56700|23500|0|no
1789994934|3072000|3072000|3072000|3072000|3072000|3072000|3513600|3513600|3532800|3513600|57500|23500|0|no
1789994935|3072000|3072000|3072000|3072000|3072000|3072000|3513600|3513600|3532800|3513600|57100|23500|0|no
1789994935|3072000|3072000|3072000|3072000|3072000|3072000|3513600|3513600|3532800|3513600|57100|23500|0|no
1789994935|3072000|3072000|3072000|3072000|3072000|3072000|1017600|1017600|3532800|3513600|41300|23500|0|no
1789994935|3072000|3072000|3072000|3072000|3072000|3072000|1017600|1017600|3532800|3513600|41300|23500|0|no
1789994936|3072000|3072000|3072000|3072000|3072000|3072000|1017600|1017600|3532800|3513600|38600|23500|0|no
1789994936|3072000|3072000|3072000|3072000|3072000|3072000|1017600|1017600|3532800|3513600|38600|23500|0|no
1789994937|2400000|2400000|2400000|2745600|2745600|2400000|1017600|1017600|3532800|3513600|37000|23500|0|no
1789994937|2400000|2400000|2400000|2400000|2745600|2400000|1017600|1017600|3532800|3513600|36600|23500|0|no
1789994937|1152000|2400000|2400000|2400000|2400000|2400000|1017600|1017600|3532800|3513600|35900|23500|0|no
1789994937|1152000|2400000|2400000|2400000|2400000|2400000|1017600|1017600|3532800|3513600|35900|23500|0|no
1789994938|2745600|2745600|3072000|2745600|3072000|3072000|1017600|1017600|3532800|3513600|35900|23500|0|no
1789994938|2745600|2745600|3072000|2745600|3072000|3072000|1017600|1017600|3532800|3513600|35500|23500|0|no
1789994939|2400000|2400000|2400000|2400000|2400000|2400000|1017600|1017600|3532800|3513600|35100|23500|0|no
1789994939|2400000|2400000|2400000|2400000|2400000|2400000|1017600|1017600|3532800|3513600|34700|23500|0|no
1789994939|2400000|2745600|2745600|3072000|2400000|2400000|1017600|1017600|3532800|3513600|34700|23500|0|no
1789994939|2400000|2745600|2745600|2745600|3072000|2400000|1017600|1017600|3532800|3513600|35100|23500|0|no
1789994940|2400000|2400000|2400000|2400000|2400000|2400000|1017600|1017600|3532800|3513600|35100|23500|0|no
1789994940|2400000|2400000|2400000|2400000|2400000|2400000|1017600|1017600|3532800|3513600|35100|23500|0|no
1789994941|3072000|3072000|3072000|3072000|3072000|3072000|3513600|3513600|3532800|3513600|44800|23500|0|no
1789994941|3072000|3072000|3072000|3072000|3072000|3072000|3513600|3513600|3532800|3513600|44800|23500|0|no
1789994941|3072000|3072000|3072000|3072000|3072000|3072000|3513600|3513600|3532800|3513600|48200|23500|0|no
1789994941|3072000|3072000|3072000|3072000|3072000|3072000|3513600|3513600|3532800|3513600|48200|23500|0|no
1789994942|3072000|3072000|3072000|3072000|3072000|3072000|3513600|3513600|3532800|3513600|49800|23500|0|no
1789994942|3072000|3072000|3072000|3072000|3072000|3072000|3513600|3513600|3532800|3513600|49800|23500|0|no
1789994942|3072000|3072000|3072000|3072000|3072000|3072000|3513600|3513600|3532800|3513600|49000|23500|0|no
1789994942|3072000|3072000|3072000|3072000|3072000|3072000|3513600|3513600|3532800|3513600|49000|23500|0|no
1789994943|3072000|3072000|3072000|3072000|3072000|3072000|3513600|3513600|3532800|3513600|51300|23500|0|no
1789994943|3072000|3072000|3072000|3072000|3072000|3072000|3513600|3513600|3532800|3513600|51300|23500|0|no
1789994943|3072000|3072000|3072000|3072000|3072000|3072000|3513600|3513600|3532800|3513600|52100|23500|0|no
1789994943|3072000|3072000|3072000|3072000|3072000|3072000|3513600|3513600|3532800|3513600|52100|23500|0|no
1789994944|1785600|3072000|3072000|3072000|2918400|2745600|1017600|1017600|3532800|3513600|43600|23500|0|no
1789994944|1785600|3072000|3072000|3072000|2918400|2745600|1017600|1017600|3532800|3513600|43600|23500|0|no
1789994945|3072000|3072000|3072000|3072000|3072000|3072000|1017600|1017600|3532800|3513600|38200|23500|0|no
1789994945|3072000|3072000|3072000|3072000|3072000|3072000|1017600|1017600|3532800|3513600|38200|23500|0|no
1789994945|2400000|2400000|2400000|2400000|2400000|2400000|1017600|1017600|3532800|3513600|36600|23500|0|no
1789994945|2400000|2400000|2400000|2400000|2400000|2400000|1017600|1017600|3532800|3513600|36600|23500|0|no
1789994946|2400000|2400000|2400000|2400000|2400000|2400000|1017600|1017600|3532800|3513600|35500|23500|0|no
1789994946|2400000|2400000|2400000|2400000|2400000|2400000|1017600|1017600|3532800|3513600|35500|23500|0|no
1789994947|2400000|2400000|2400000|2400000|2400000|2400000|1017600|1017600|3532800|3513600|34700|23500|0|no
1789994947|2400000|2400000|2400000|2400000|2400000|2400000|1017600|1017600|3532800|3513600|34700|23500|0|no
1789994947|1152000|1152000|2400000|2400000|2400000|2400000|1017600|1017600|3532800|3513600|34700|23500|0|no
1789994947|1152000|1152000|2400000|2400000|2400000|2400000|1017600|1017600|3532800|3513600|34300|23500|0|no
1789994948|2400000|2400000|2400000|2400000|2400000|2400000|1017600|1017600|3532800|3513600|33900|23500|0|no
1789994948|2400000|2400000|2400000|2400000|2400000|2400000|1017600|1017600|3532800|3513600|34300|23500|0|no
1789994948|2400000|2400000|2400000|2400000|2400000|2400000|1017600|1017600|3532800|3513600|33600|23500|0|no
1789994948|2400000|2400000|2400000|2400000|2400000|2400000|1017600|1017600|3532800|3513600|33900|23500|0|no
1789994949|2400000|2400000|3072000|3072000|3072000|3072000|3513600|3513600|3532800|3513600|40900|23500|0|no
1789994949|2400000|3072000|3072000|3072000|3072000|3072000|3513600|3513600|3532800|3513600|41300|23500|0|no
1789994950|3072000|3072000|3072000|2745600|2745600|2745600|3513600|3513600|3532800|3513600|51700|23500|0|no
1789994950|3072000|3072000|3072000|2745600|2745600|2745600|3513600|3513600|3532800|3513600|51300|23500|0|no
1789994950|3072000|3072000|3072000|3072000|3072000|3072000|3513600|3513600|3532800|3513600|66800|23500|0|no
1789994950|3072000|3072000|3072000|3072000|3072000|3072000|3513600|3513600|3532800|3513600|66800|23500|0|no
1789994951|3072000|3072000|3072000|3072000|3072000|3072000|3513600|3513600|3532800|3513600|67900|23500|0|no
1789994951|3072000|3072000|3072000|3072000|3072000|3072000|3513600|3513600|3532800|3513600|67900|23500|0|no
1789994951|3072000|3072000|3072000|3072000|3072000|3072000|3513600|3513600|3532800|3513600|68300|23500|0|no
1789994951|3072000|3072000|3072000|3072000|3072000|3072000|3513600|3513600|3532800|3513600|68300|23500|0|no
1789994952|2918400|2918400|3072000|3072000|3072000|3072000|3513600|3513600|3532800|3513600|67200|23500|0|no
1789994952|2918400|2918400|2918400|3072000|3072000|3072000|3513600|3513600|3532800|3513600|67500|23500|0|no
1789994953|3072000|3072000|3072000|3072000|3072000|3072000|1017600|1017600|3532800|3513600|39000|23400|0|no
1789994953|3072000|3072000|3072000|3072000|3072000|3072000|1017600|1017600|3532800|3513600|39000|23400|0|no
1789994953|3072000|3072000|3072000|3072000|3072000|3072000|1017600|1017600|3532800|3513600|37000|23400|0|no
1789994953|3072000|3072000|3072000|3072000|3072000|3072000|1017600|1017600|3532800|3513600|37000|23400|0|no
1789994954|2400000|2400000|2400000|2400000|2400000|2400000|1017600|1017600|3532800|3513600|35500|23400|0|no
1789994954|2400000|2400000|2400000|2400000|2400000|2400000|1017600|1017600|3532800|3513600|35500|23400|0|no
1789994954|2400000|2400000|2400000|2745600|2400000|3072000|1017600|1017600|3532800|3513600|35100|23400|0|no
1789994954|2400000|2400000|2400000|2745600|2400000|3072000|1017600|1017600|3532800|3513600|35100|23400|0|no
1789994955|1785600|3072000|2400000|2400000|2400000|2400000|1017600|1017600|3532800|3513600|34700|23400|0|no
1789994955|1785600|3072000|2400000|2400000|2400000|2400000|1017600|1017600|3532800|3513600|34700|23400|0|no
1789994956|2400000|2400000|2400000|2400000|2400000|2400000|1017600|1017600|3532800|3513600|33900|23400|0|no
1789994956|2400000|2400000|2400000|2400000|2400000|2400000|1017600|1017600|3532800|3513600|33900|23400|0|no
1789994956|2400000|2400000|2400000|2400000|2400000|2400000|1017600|1017600|3532800|3513600|33900|23400|0|no
1789994956|2400000|2400000|2400000|2400000|2400000|2400000|1017600|1017600|3532800|3513600|33900|23400|0|no
1789994957|2400000|2745600|2400000|2400000|2400000|2400000|1017600|1017600|3532800|3513600|33600|23400|0|no
1789994957|2400000|2400000|2400000|2400000|2400000|2400000|1017600|1017600|3532800|3513600|33900|23400|0|no
1789994958|3072000|3072000|3072000|3072000|3072000|3072000|3513600|3513600|3532800|3513600|45100|23400|0|no
1789994958|3072000|3072000|3072000|3072000|3072000|3072000|3513600|3513600|3532800|3513600|45500|23400|0|no
1789994958|3072000|3072000|3072000|3072000|3072000|3072000|3513600|3513600|3532800|3513600|52900|23400|0|no
1789994958|3072000|3072000|3072000|3072000|3072000|3072000|3513600|3513600|3532800|3513600|53200|23400|0|no
1789994959|3072000|3072000|3072000|3072000|3072000|3072000|3513600|3513600|3532800|3513600|52900|23400|0|no
1789994959|3072000|3072000|3072000|3072000|3072000|3072000|3513600|3513600|3532800|3513600|52900|23400|0|no
1789994959|3072000|3072000|3072000|3072000|3072000|3072000|3513600|3513600|3532800|3513600|52100|23400|0|no
1789994959|3072000|3072000|3072000|3072000|3072000|3072000|3513600|3513600|3532800|3513600|52100|23400|0|no
1789994960|3072000|3072000|3072000|3072000|3072000|3072000|3513600|3513600|3532800|3513600|56000|23400|0|no
1789994960|3072000|3072000|3072000|3072000|3072000|3072000|3513600|3513600|3532800|3513600|56000|23400|0|no
1789994961|3072000|3072000|3072000|3072000|3072000|2918400|3513600|3513600|3532800|3513600|52900|23400|0|no
1789994961|3072000|3072000|3072000|3072000|3072000|2918400|3513600|3513600|3532800|3513600|52900|23400|0|no
1789994961|3072000|3072000|3072000|3072000|3072000|3072000|3513600|3513600|3532800|3513600|52500|23400|0|no
1789994961|3072000|3072000|3072000|3072000|3072000|3072000|3513600|3513600|3532800|3513600|52500|23400|0|no
1789994962|3072000|3072000|3072000|3072000|3072000|3072000|3513600|3513600|3532800|3513600|53200|23400|0|no
1789994962|3072000|3072000|3072000|3072000|3072000|3072000|3513600|3513600|3532800|3513600|53200|23400|0|no
1789994962|3072000|3072000|3072000|3072000|3072000|3072000|3513600|3513600|3532800|3513600|51300|23400|0|no
1789994962|3072000|3072000|3072000|3072000|3072000|3072000|3513600|3513600|3532800|3513600|51300|23400|0|no
1789994963|3072000|3072000|3072000|3072000|3072000|3072000|3513600|3513600|3532800|3513600|52500|23400|0|no
1789994963|3072000|3072000|3072000|3072000|3072000|3072000|3513600|3513600|3532800|3513600|52500|23400|0|no
1789994963|1555200|3072000|3072000|3072000|3072000|3072000|3513600|3513600|3532800|3513600|55200|23400|0|no
1789994963|1555200|3072000|3072000|3072000|3072000|3072000|3513600|3513600|3532800|3513600|55200|23400|0|no
1789994964|3072000|3072000|3072000|3072000|2918400|2918400|3513600|3513600|3532800|3513600|52100|23400|0|no
1789994964|3072000|3072000|3072000|3072000|2918400|2918400|3513600|3513600|3532800|3513600|52100|23400|0|no
1789994965|3072000|3072000|3072000|3072000|3072000|3072000|3513600|3513600|3532800|3513600|54000|23400|0|no
1789994965|3072000|3072000|3072000|3072000|3072000|3072000|3513600|3513600|3532800|3513600|54000|23400|0|no
1789994965|3072000|3072000|3072000|3072000|3072000|3072000|3513600|3513600|3532800|3513600|56300|23400|0|no
1789994965|3072000|3072000|3072000|3072000|3072000|3072000|3513600|3513600|3532800|3513600|56300|23400|0|no
1789994966|3072000|3072000|3072000|3072000|3072000|3072000|3513600|3513600|3532800|3513600|54400|23400|0|no
1789994966|3072000|3072000|3072000|3072000|3072000|3072000|3513600|3513600|3532800|3513600|54400|23400|0|no
1789994966|3072000|3072000|3072000|3072000|3072000|3072000|1017600|1017600|3532800|3513600|41700|23400|0|no
1789994966|3072000|3072000|3072000|3072000|3072000|3072000|1017600|1017600|3532800|3513600|41700|23400|0|no
1789994967|3072000|3072000|3072000|3072000|3072000|3072000|1017600|1017600|3532800|3513600|39300|23400|0|no
1789994967|3072000|3072000|3072000|3072000|3072000|3072000|1017600|1017600|3532800|3513600|39300|23400|0|no
1789994968|2400000|2400000|2227200|2227200|2227200|2227200|1017600|1017600|3532800|3513600|37400|23400|0|no
1789994968|2400000|2227200|2227200|2227200|2227200|2227200|1017600|1017600|3532800|3513600|37400|23400|0|no
1789994968|2400000|2400000|2400000|2400000|2400000|2400000|1017600|1017600|3532800|3513600|36600|23400|0|no
1789994968|2400000|2400000|2400000|2400000|2400000|2400000|1017600|1017600|3532800|3513600|36600|23400|0|no
1789994969|2400000|2400000|2400000|2400000|2400000|2400000|1017600|1017600|3532800|3513600|35900|23400|0|no
1789994969|2400000|2400000|2400000|2400000|2400000|2400000|1017600|1017600|3532800|3513600|35900|23400|0|no
1789994970|2400000|2400000|2400000|2400000|2400000|2400000|1017600|1017600|3532800|3513600|35500|23400|0|no
1789994970|2400000|2400000|2400000|2400000|2400000|2400000|1017600|1017600|3532800|3513600|35500|23400|0|no
1789994970|2400000|2400000|2400000|2400000|2400000|2400000|1017600|1017600|3532800|3513600|35100|23400|0|no
1789994970|2400000|2400000|2400000|2400000|2400000|2400000|1017600|1017600|3532800|3513600|35100|23400|0|no
1789994971|2400000|2400000|2400000|2400000|2400000|2400000|1017600|1017600|3532800|3513600|34700|23400|0|no
1789994971|2400000|2400000|2400000|2400000|2400000|2400000|1017600|1017600|3532800|3513600|34700|23400|0|no
1789994971|3072000|3072000|3072000|3072000|3072000|3072000|3513600|3513600|3532800|3513600|47100|23400|0|no
1789994971|3072000|3072000|3072000|3072000|3072000|3072000|3513600|3513600|3532800|3513600|47100|23400|0|no
1789994972|3072000|3072000|3072000|3072000|3072000|3072000|3513600|3513600|3532800|3513600|49800|23400|0|no
1789994972|3072000|3072000|3072000|3072000|3072000|3072000|3513600|3513600|3532800|3513600|49800|23400|0|no
1789994973|3072000|3072000|3072000|3072000|3072000|3072000|3513600|3513600|3532800|3513600|63300|23400|0|no
1789994973|3072000|3072000|3072000|3072000|3072000|3072000|3513600|3513600|3532800|3513600|63300|23400|0|no
1789994973|3072000|3072000|3072000|3072000|3072000|3072000|3513600|3513600|3532800|3513600|63700|23400|0|no
1789994973|3072000|3072000|3072000|3072000|3072000|3072000|3513600|3513600|3532800|3513600|64100|23400|0|no
1789994974|1363200|3072000|3072000|3072000|3072000|3072000|3513600|3513600|3532800|3513600|64100|23400|0|no
1789994974|1363200|3072000|3072000|3072000|3072000|3072000|3513600|3513600|3532800|3513600|64100|23400|0|no
1789994974|3072000|3072000|3072000|3072000|3072000|3072000|1017600|1017600|3532800|3513600|39000|23400|0|no
1789994974|3072000|3072000|3072000|3072000|3072000|3072000|1017600|1017600|3532800|3513600|39000|23400|0|no
1789994975|2400000|2400000|2400000|2400000|2745600|2400000|1017600|1017600|3532800|3513600|37000|23400|0|no
1789994975|2400000|2400000|2400000|2400000|2745600|2400000|1017600|1017600|3532800|3513600|37000|23400|0|no
1789994976|2400000|2400000|2400000|2400000|2400000|2400000|1017600|1017600|3532800|3513600|36300|23400|0|no
1789994976|2400000|2400000|2400000|2400000|2400000|2400000|1017600|1017600|3532800|3513600|36300|23400|0|no
1789994976|2400000|2400000|2400000|2400000|2400000|2400000|1017600|1017600|3532800|3513600|35500|23400|0|no
1789994976|2400000|2400000|2400000|2400000|2400000|2400000|1017600|1017600|3532800|3513600|35500|23400|0|no
1789994977|2400000|2400000|2400000|2400000|2400000|2400000|1017600|1017600|3532800|3513600|35100|23400|0|no
1789994977|2400000|2400000|2400000|2400000|2400000|2400000|1017600|1017600|3532800|3513600|35100|23400|0|no
1789994977|2400000|2400000|2400000|2745600|2400000|2400000|1017600|1017600|3532800|3513600|34700|23400|0|no
1789994977|2400000|2400000|2400000|2745600|2400000|2400000|1017600|1017600|3532800|3513600|34700|23400|0|no
1789994978|3072000|3072000|3072000|3072000|2745600|2400000|1017600|1017600|3532800|3513600|34700|23400|0|no
1789994978|3072000|3072000|3072000|2745600|2400000|2400000|1017600|1017600|3532800|3513600|35100|23400|0|no
1789994979|2400000|2400000|2400000|2400000|2400000|1996800|1017600|1017600|3532800|3513600|33900|23400|0|no
1789994979|2400000|2400000|2400000|2400000|2400000|1996800|1017600|1017600|3532800|3513600|34300|23400|0|no
1789994979|2400000|2400000|2400000|2400000|2400000|2227200|3513600|3513600|3532800|3513600|63300|23400|0|no
1789994979|2400000|2400000|2400000|2400000|2400000|2227200|3513600|3513600|3532800|3513600|63300|23400|0|no
1789994980|3072000|3072000|3072000|3072000|3072000|3072000|3513600|3513600|3532800|3513600|68700|23400|0|no
1789994980|3072000|3072000|3072000|3072000|3072000|3072000|3513600|3513600|3532800|3513600|68700|23400|0|no
1789994981|3072000|3072000|3072000|3072000|3072000|3072000|3513600|3513600|3532800|3513600|64100|23400|0|no
1789994981|3072000|3072000|3072000|3072000|3072000|3072000|3513600|3513600|3532800|3513600|64100|23400|0|no
1789994981|3072000|3072000|3072000|3072000|3072000|3072000|3513600|3513600|3532800|3513600|67500|23400|0|no
1789994981|3072000|3072000|3072000|3072000|3072000|3072000|3513600|3513600|3532800|3513600|67500|23400|0|no
1789994982|3072000|3072000|3072000|2918400|2918400|2918400|3513600|3513600|3532800|3513600|55200|23400|0|no
1789994982|3072000|3072000|3072000|2918400|2918400|2918400|3513600|3513600|3532800|3513600|55600|23400|0|no
1789994982|1996800|3072000|3072000|3072000|3072000|3072000|3513600|3513600|3532800|3513600|49400|23400|0|no
1789994982|1996800|3072000|3072000|3072000|3072000|3072000|3513600|3513600|3532800|3513600|49800|23400|0|no
1789994983|3072000|3072000|3072000|3072000|3072000|3072000|3513600|3513600|3532800|3513600|49000|23400|0|no
1789994983|3072000|3072000|3072000|3072000|3072000|3072000|3513600|3513600|3532800|3513600|49000|23400|0|no
1789994983|3072000|3072000|3072000|3072000|3072000|3072000|3513600|3513600|3532800|3513600|56000|23400|0|no
1789994983|3072000|3072000|3072000|3072000|3072000|3072000|3513600|3513600|3532800|3513600|56000|23400|0|no
1789994984|3072000|3072000|3072000|3072000|3072000|3072000|3513600|3513600|3532800|3513600|67200|23400|0|no
1789994984|3072000|3072000|3072000|3072000|3072000|2918400|3513600|3513600|3532800|3513600|67200|23400|0|no
1789994985|3072000|3072000|3072000|3072000|3072000|3072000|3513600|3513600|3532800|3513600|70600|23400|0|no
1789994985|3072000|3072000|3072000|3072000|3072000|3072000|3513600|3513600|3532800|3513600|71000|23400|0|no
1789994985|3072000|3072000|3072000|3072000|3072000|3072000|3513600|3513600|3532800|3513600|74100|23400|0|no
1789994985|3072000|3072000|3072000|3072000|3072000|3072000|3513600|3513600|3532800|3513600|73700|23400|0|no
1789994986|3072000|3072000|3072000|3072000|3072000|3072000|3513600|3513600|3532800|3513600|69900|23400|0|no
1789994986|3072000|3072000|3072000|3072000|3072000|3072000|3513600|3513600|3532800|3513600|70200|23400|0|no
1789994986|3072000|3072000|3072000|3072000|3072000|3072000|3513600|3513600|3532800|3513600|76800|23400|0|no
1789994986|3072000|3072000|3072000|3072000|3072000|3072000|3513600|3513600|3532800|3513600|77200|23400|0|no
1789994987|3072000|3072000|3072000|3072000|3072000|3072000|3513600|3513600|3532800|3513600|75300|23400|0|no
1789994987|3072000|3072000|3072000|3072000|3072000|3072000|3513600|3513600|3532800|3513600|66800|23400|0|no
1789994988|3072000|3072000|2745600|2745600|2745600|3072000|1017600|1017600|3532800|3513600|41700|23400|0|no
1789994988|3072000|3072000|2745600|2745600|2745600|3072000|1017600|1017600|3532800|3513600|41300|23400|0|no
1789994988|2400000|2400000|2400000|2400000|2400000|2400000|1017600|1017600|3532800|3513600|39300|23400|0|no
1789994988|2400000|2400000|2400000|2400000|2400000|2400000|1017600|1017600|3532800|3513600|39000|23400|0|no
1789994989|2400000|2400000|2400000|2400000|2400000|2400000|1017600|1017600|3532800|3513600|37800|23400|0|no
1789994989|2400000|2400000|2400000|2400000|2400000|2400000|1017600|1017600|3532800|3513600|37800|23400|0|no
1789994990|2400000|2400000|2400000|2400000|2400000|2400000|1017600|1017600|3532800|3513600|37000|23400|0|no
1789994990|2400000|2400000|2400000|2400000|2400000|2400000|1017600|1017600|3532800|3513600|37000|23400|0|no
1789994990|960000|3072000|2400000|2400000|2400000|2400000|1017600|1017600|3532800|3513600|36600|23400|0|no
1789994990|960000|3072000|2400000|2400000|2400000|2400000|1017600|1017600|3532800|3513600|36600|23400|0|no
1789994991|2400000|2400000|2400000|2400000|2400000|2400000|1017600|1017600|3532800|3513600|35900|23400|0|no
1789994991|2400000|2400000|2400000|2400000|2400000|2400000|1017600|1017600|3532800|3513600|35900|23400|0|no
1789994991|2400000|2400000|2400000|2400000|2400000|2400000|1017600|1017600|3532800|3513600|35500|23400|0|no
1789994991|2400000|2400000|2400000|2400000|2400000|2400000|1017600|1017600|3532800|3513600|35500|23400|0|no
1789994992|2745600|2400000|2400000|2400000|2400000|2400000|1017600|1017600|3532800|3513600|35100|23400|0|no
1789994992|2745600|2400000|2400000|2400000|2400000|2400000|1017600|1017600|3532800|3513600|35100|23400|0|no
1789994993|3072000|3072000|3072000|3072000|3072000|3072000|3513600|3513600|3532800|3513600|48600|23400|0|no
1789994993|3072000|3072000|3072000|3072000|3072000|3072000|3513600|3513600|3532800|3513600|48600|23400|0|no
1789994993|3072000|3072000|3072000|3072000|3072000|3072000|3513600|3513600|3532800|3513600|50500|23400|0|no
1789994993|3072000|3072000|3072000|3072000|3072000|3072000|3513600|3513600|3532800|3513600|50500|23400|0|no
1789994994|3072000|3072000|3072000|3072000|3072000|3072000|3513600|3513600|3532800|3513600|49800|23400|0|no
1789994994|3072000|3072000|3072000|3072000|3072000|3072000|3513600|3513600|3532800|3513600|50200|23400|0|no
1789994994|1363200|3072000|3072000|3072000|3072000|3072000|3513600|3513600|3532800|3513600|53600|23400|0|no
1789994994|1363200|3072000|3072000|3072000|3072000|3072000|3513600|3513600|3532800|3513600|53600|23400|0|no
1789994995|2227200|2227200|2227200|2227200|3072000|3072000|3513600|3513600|3532800|3513600|50900|23400|0|no
1789994995|2227200|2227200|2227200|2227200|3072000|3072000|3513600|3513600|3532800|3513600|50900|23400|0|no
1789994996|3072000|3072000|3072000|3072000|3072000|3072000|3513600|3513600|3532800|3513600|52100|23400|0|no
1789994996|3072000|3072000|3072000|3072000|3072000|3072000|3513600|3513600|3532800|3513600|52100|23400|0|no
1789994996|3072000|3072000|3072000|3072000|3072000|3072000|3513600|3513600|3532800|3513600|54800|23400|0|no
1789994996|3072000|3072000|3072000|3072000|3072000|3072000|3513600|3513600|3532800|3513600|54800|23400|0|no
1789994997|1555200|1555200|3072000|3072000|3072000|3072000|3513600|3513600|3532800|3513600|50500|23400|0|no
1789994997|1555200|1555200|3072000|3072000|3072000|3072000|3513600|3513600|3532800|3513600|50900|23400|0|no
1789994997|3072000|3072000|3072000|3072000|3072000|3072000|3513600|3513600|3532800|3513600|53600|23400|0|no
1789994997|3072000|3072000|3072000|3072000|3072000|3072000|3513600|3513600|3532800|3513600|53600|23400|0|no
1789994998|2745600|2918400|2918400|2918400|3072000|3072000|3513600|3513600|3532800|3513600|56000|23400|0|no
1789994998|2745600|2918400|2918400|2918400|3072000|3072000|3513600|3513600|3532800|3513600|56000|23400|0|no
1789994999|3072000|3072000|3072000|3072000|3072000|3072000|3513600|3513600|3532800|3513600|51300|23400|0|no
1789994999|3072000|3072000|3072000|3072000|3072000|3072000|3513600|3513600|3532800|3513600|51300|23400|0|no
1789994999|3072000|3072000|3072000|3072000|3072000|3072000|3513600|3513600|3532800|3513600|55200|23400|0|no
1789994999|3072000|3072000|3072000|3072000|3072000|3072000|3513600|3513600|3532800|3513600|55600|23400|0|no
1789995000|3072000|3072000|3072000|3072000|3072000|3072000|3513600|3513600|3532800|3513600|69900|23400|0|no
1789995000|3072000|3072000|3072000|3072000|3072000|3072000|3513600|3513600|3532800|3513600|69900|23400|0|no
1789995000|3072000|3072000|3072000|3072000|3072000|3072000|3513600|3513600|3532800|3513600|62500|23400|0|no
1789995000|3072000|3072000|3072000|3072000|3072000|3072000|3513600|3513600|3532800|3513600|62100|23400|0|no
1789995001|3072000|3072000|3072000|3072000|3072000|3072000|1017600|1017600|3532800|3513600|42000|23400|0|no
1789995001|3072000|3072000|3072000|3072000|3072000|3072000|1017600|1017600|3532800|3513600|41700|23400|0|no
1789995002|3072000|3072000|3072000|3072000|3072000|3072000|1017600|1017600|3532800|3513600|39700|23400|0|no
1789995002|3072000|3072000|3072000|3072000|3072000|3072000|1017600|1017600|3532800|3513600|39700|23400|0|no
1789995002|2400000|2400000|2400000|2400000|2400000|2400000|1017600|1017600|3532800|3513600|37400|23400|0|no
1789995002|2400000|2400000|2400000|2400000|2400000|2400000|1017600|1017600|3532800|3513600|37400|23400|0|no
1789995003|2400000|2400000|2400000|2400000|2400000|2400000|1017600|1017600|3532800|3513600|37000|23400|0|no
1789995003|2400000|2400000|2400000|2400000|2400000|2400000|1017600|1017600|3532800|3513600|37000|23400|0|no
1789995004|2400000|2400000|2400000|2400000|2400000|2400000|1017600|1017600|3532800|3513600|36600|23400|0|no
1789995004|2400000|2400000|2400000|2400000|2400000|2400000|1017600|1017600|3532800|3513600|36300|23400|0|no
1789995004|1996800|2227200|2227200|2227200|2400000|2400000|1017600|1017600|3532800|3513600|36300|23400|0|no
1789995004|1996800|2227200|2227200|2227200|2400000|2400000|1017600|1017600|3532800|3513600|36300|23400|0|no
1789995005|2400000|2400000|2400000|2400000|2400000|2400000|1017600|1017600|3532800|3513600|35900|23400|0|no
1789995005|2400000|2400000|2400000|2400000|2400000|2400000|1017600|1017600|3532800|3513600|35500|23400|0|no
1789995005|2400000|2400000|2400000|2400000|2400000|2400000|1017600|1017600|3532800|3513600|35500|23400|0|no
1789995005|2400000|2400000|2400000|2400000|2400000|2400000|1017600|1017600|3532800|3513600|35500|23400|0|no
1789995006|3072000|3072000|3072000|3072000|3072000|3072000|3513600|3513600|3532800|3513600|45500|23400|0|no
1789995006|3072000|3072000|3072000|3072000|3072000|3072000|3513600|3513600|3532800|3513600|45500|23400|0|no
1789995007|3072000|3072000|3072000|3072000|3072000|3072000|3513600|3513600|3532800|3513600|50900|23400|0|no
1789995007|3072000|3072000|3072000|3072000|3072000|3072000|3513600|3513600|3532800|3513600|50900|23400|0|no
1789995007|3072000|3072000|3072000|3072000|3072000|3072000|3513600|3513600|3532800|3513600|56700|23400|0|no
1789995007|3072000|3072000|3072000|3072000|3072000|3072000|3513600|3513600|3532800|3513600|56700|23400|0|no
1789995008|3072000|3072000|3072000|3072000|3072000|3072000|3513600|3513600|3532800|3513600|60600|23400|0|no
1789995008|3072000|3072000|3072000|3072000|3072000|3072000|3513600|3513600|3532800|3513600|60600|23400|0|no
1789995008|2745600|2745600|2745600|3072000|3072000|3072000|3513600|3513600|3532800|3513600|53600|23400|0|no
1789995008|2745600|2745600|2745600|3072000|3072000|3072000|3513600|3513600|3532800|3513600|53600|23400|0|no
1789995009|3072000|3072000|3072000|3072000|3072000|3072000|1017600|1017600|3532800|3513600|40500|23400|0|no
1789995009|3072000|3072000|3072000|3072000|3072000|3072000|1017600|1017600|3532800|3513600|40500|23400|0|no
1789995010|2400000|2400000|2400000|2400000|2400000|2400000|1017600|1017600|3532800|3513600|38600|23400|0|no
1789995010|2400000|2400000|2400000|2400000|2400000|2400000|1017600|1017600|3532800|3513600|38600|23400|0|no
1789995010|2745600|2400000|2400000|2400000|2400000|3072000|1017600|1017600|3532800|3513600|38600|23400|0|no
1789995010|2745600|2400000|2400000|2400000|3072000|3072000|1017600|1017600|3532800|3513600|38600|23400|0|no
1789995011|3072000|3072000|3072000|3072000|3072000|3072000|1017600|1017600|3532800|3513600|37000|23400|0|no
1789995011|3072000|3072000|3072000|3072000|3072000|3072000|1017600|1017600|3532800|3513600|37400|23400|0|no
1789995011|2400000|2400000|2400000|2400000|2400000|2400000|1017600|1017600|3532800|3513600|36300|23400|0|no
1789995011|2400000|2400000|2400000|2400000|2400000|2400000|1017600|1017600|3532800|3513600|36300|23400|0|no
1789995012|2400000|2400000|2400000|2400000|2400000|2400000|1017600|1017600|3532800|3513600|36300|23400|0|no
1789995012|2400000|2400000|2400000|2400000|2400000|2400000|1017600|1017600|3532800|3513600|36300|23400|0|no
1789995013|2400000|2400000|2400000|2400000|2400000|2400000|1017600|1017600|3532800|3513600|35500|23400|0|no
1789995013|2400000|2400000|2400000|2400000|2400000|2400000|1017600|1017600|3532800|3513600|35500|23400|0|no
1789995013|2400000|2400000|2400000|2400000|2400000|2400000|1017600|1017600|3532800|3513600|35100|23400|0|no
1789995013|2400000|2400000|2400000|2400000|2400000|2400000|1017600|1017600|3532800|3513600|35500|23400|0|no
1789995014|3072000|3072000|3072000|3072000|3072000|3072000|3513600|3513600|3532800|3513600|56300|23400|0|no
1789995014|3072000|3072000|3072000|3072000|3072000|3072000|3513600|3513600|3532800|3513600|56300|23400|0|no
1789995014|3072000|3072000|3072000|3072000|3072000|3072000|3513600|3513600|3532800|3513600|61000|23400|0|no
1789995014|3072000|3072000|3072000|3072000|3072000|3072000|3513600|3513600|3532800|3513600|60600|23400|0|no
1789995015|3072000|3072000|3072000|3072000|3072000|3072000|3513600|3513600|3532800|3513600|67200|23400|0|no
1789995015|3072000|3072000|3072000|3072000|3072000|3072000|3513600|3513600|3532800|3513600|66000|23400|0|no
1789995016|3072000|3072000|3072000|3072000|3072000|3072000|1017600|1017600|3532800|3513600|41700|23400|0|no
1789995016|3072000|3072000|3072000|3072000|3072000|3072000|1017600|1017600|3532800|3513600|41700|23400|0|no
1789995016|960000|3072000|3072000|3072000|3072000|3072000|1017600|1017600|3532800|3513600|38600|23400|0|no
1789995016|960000|3072000|3072000|3072000|3072000|3072000|1017600|1017600|3532800|3513600|38600|23400|0|no
1789995017|3072000|3072000|3072000|2745600|2400000|2745600|1017600|1017600|3532800|3513600|37400|23400|0|no
1789995017|3072000|3072000|3072000|2745600|2745600|2745600|1017600|1017600|3532800|3513600|37400|23400|0|no
1789995018|2400000|2400000|2400000|2400000|2400000|2400000|1017600|1017600|3532800|3513600|36300|23400|0|no
1789995018|2400000|2400000|2400000|2400000|2400000|2400000|1017600|1017600|3532800|3513600|36300|23400|0|no
1789995018|2400000|2400000|2400000|2400000|2400000|2400000|1017600|1017600|3532800|3513600|36600|23400|0|no
1789995018|2400000|2400000|2400000|2400000|2400000|2400000|1017600|1017600|3532800|3513600|36600|23400|0|no
1789995019|2400000|2400000|2227200|2227200|2400000|2400000|1017600|1017600|3532800|3513600|36600|23400|0|no
1789995019|2400000|2400000|2227200|2227200|2400000|2400000|1017600|1017600|3532800|3513600|37000|23400|0|no
1789995019|2400000|2400000|2745600|2400000|2745600|2745600|1017600|1017600|3532800|3513600|36600|23400|0|no
1789995019|2400000|2400000|2745600|2400000|2745600|2745600|1017600|1017600|3532800|3513600|36600|23400|0|no
1789995020|2400000|2400000|1785600|1785600|1785600|2400000|1017600|1017600|3532800|3513600|35500|23400|0|no
1789995020|2400000|2400000|1785600|1785600|1785600|2400000|1017600|1017600|3532800|3513600|35500|23400|0|no
1789995021|3072000|3072000|3072000|3072000|2918400|2918400|3513600|3513600|3532800|3513600|59400|23400|0|no
1789995021|3072000|3072000|3072000|3072000|2918400|2918400|3513600|3513600|3532800|3513600|59400|23400|0|no
1789995021|3072000|3072000|3072000|3072000|3072000|3072000|3513600|3513600|3532800|3513600|48200|23400|0|no
1789995021|3072000|3072000|3072000|3072000|3072000|3072000|3513600|3513600|3532800|3513600|48200|23400|0|no
1789995022|3072000|3072000|3072000|3072000|3072000|3072000|3513600|3513600|3532800|3513600|49800|23400|0|no
1789995022|3072000|3072000|3072000|3072000|3072000|3072000|3513600|3513600|3532800|3513600|49800|23400|0|no
1789995022|1555200|1363200|1363200|3072000|3072000|3072000|3513600|3513600|3532800|3513600|49800|23400|0|no
1789995022|1555200|1363200|1363200|3072000|3072000|3072000|3513600|3513600|3532800|3513600|49800|23400|0|no
1789995023|3072000|3072000|3072000|3072000|3072000|3072000|3513600|3513600|3532800|3513600|50900|23400|0|no
1789995023|3072000|3072000|3072000|3072000|3072000|3072000|3513600|3513600|3532800|3513600|50900|23400|0|no
1789995024|3072000|3072000|3072000|3072000|3072000|3072000|3513600|3513600|3532800|3513600|60200|23400|0|no
1789995024|3072000|3072000|3072000|3072000|3072000|3072000|3513600|3513600|3532800|3513600|60200|23400|0|no
1789995024|3072000|3072000|3072000|2745600|2745600|2745600|3513600|3513600|3532800|3513600|51300|23400|0|no
1789995024|3072000|3072000|2745600|2745600|2745600|2745600|3513600|3513600|3532800|3513600|51700|23400|0|no
1789995025|3072000|3072000|3072000|3072000|3072000|3072000|3513600|3513600|3532800|3513600|51300|23400|0|no
1789995025|3072000|3072000|3072000|3072000|3072000|2918400|3513600|3513600|3532800|3513600|50900|23400|0|no
1789995025|3072000|3072000|3072000|3072000|3072000|3072000|3513600|3513600|3532800|3513600|61000|23400|0|no
1789995025|3072000|3072000|3072000|3072000|3072000|3072000|3513600|3513600|3532800|3513600|61400|23400|0|no
1789995026|3072000|3072000|2745600|2745600|3072000|3072000|3513600|3513600|3532800|3513600|61700|23400|0|no
1789995026|3072000|3072000|2745600|2745600|3072000|3072000|3513600|3513600|3532800|3513600|61700|23400|0|no
1789995027|3072000|3072000|3072000|3072000|3072000|3072000|3513600|3513600|3532800|3513600|61400|23400|0|no
1789995027|3072000|3072000|3072000|3072000|3072000|3072000|3513600|3513600|3532800|3513600|61400|23400|0|no
1789995027|3072000|3072000|3072000|3072000|2918400|2918400|3513600|3513600|3532800|3513600|61400|23400|0|no
1789995027|3072000|3072000|3072000|3072000|2918400|2918400|3513600|3513600|3532800|3513600|61400|23400|0|no
1789995028|3072000|3072000|3072000|3072000|3072000|2918400|3513600|3513600|3532800|3513600|62100|23400|0|no
1789995028|3072000|3072000|3072000|3072000|3072000|2918400|3513600|3513600|3532800|3513600|62100|23400|0|no
1789995028|3072000|3072000|3072000|2745600|2745600|2745600|1017600|1017600|3532800|3513600|42800|23400|0|no
1789995028|3072000|3072000|3072000|3072000|2745600|2745600|1017600|1017600|3532800|3513600|42400|23400|0|no
1789995029|3072000|3072000|3072000|3072000|2918400|2918400|1017600|1017600|3532800|3513600|39300|23400|0|no
1789995029|3072000|3072000|3072000|3072000|2918400|2918400|1017600|1017600|3532800|3513600|39300|23400|0|no
1789995029|2400000|2400000|2400000|2400000|2400000|2400000|1017600|1017600|3532800|3513600|37800|23400|0|no
1789995029|2400000|2400000|2400000|2400000|2400000|2400000|1017600|1017600|3532800|3513600|37800|23400|0|no
1789995030|3072000|3072000|2400000|2400000|2400000|2400000|1017600|1017600|3532800|3513600|37000|23400|0|no
1789995030|3072000|2745600|2400000|2400000|2400000|2400000|1017600|1017600|3532800|3513600|37000|23400|0|no
1789995031|2400000|2400000|2400000|2400000|2400000|2400000|1017600|1017600|3532800|3513600|36600|23400|0|no
1789995031|2400000|2400000|2400000|2400000|2400000|2400000|1017600|1017600|3532800|3513600|36600|23400|0|no
1789995031|2400000|2227200|2227200|2400000|2400000|2400000|1017600|1017600|3532800|3513600|35900|23400|0|no
1789995031|2400000|2227200|2227200|2400000|2400000|2400000|1017600|1017600|3532800|3513600|35900|23400|0|no
1789995032|2400000|2400000|2400000|2400000|2400000|2400000|1017600|1017600|3532800|3513600|35100|23400|0|no
1789995032|2400000|2400000|2400000|2400000|2400000|2400000|1017600|1017600|3532800|3513600|35100|23400|0|no
1789995033|2400000|2400000|2400000|2400000|2400000|2400000|1017600|1017600|3532800|3513600|35100|23400|0|no
1789995033|2400000|2400000|2400000|2400000|2400000|2400000|1017600|1017600|3532800|3513600|35100|23400|0|no
1789995033|3072000|3072000|3072000|3072000|2745600|2745600|3513600|3513600|3532800|3513600|56300|23400|0|no
1789995033|3072000|3072000|3072000|3072000|2745600|2745600|3513600|3513600|3532800|3513600|56700|23400|0|no
1789995034|3072000|3072000|3072000|3072000|3072000|3072000|3513600|3513600|3532800|3513600|64500|23400|0|no
1789995034|3072000|3072000|3072000|3072000|3072000|3072000|3513600|3513600|3532800|3513600|63700|23400|0|no
1789995034|1152000|3072000|3072000|3072000|3072000|3072000|3513600|3513600|3532800|3513600|67900|23400|0|no
1789995034|1152000|3072000|3072000|3072000|3072000|3072000|3513600|3513600|3532800|3513600|68300|23400|0|no
1789995035|3072000|3072000|3072000|3072000|3072000|3072000|3513600|3513600|3532800|3513600|68700|23400|0|no
1789995035|3072000|3072000|3072000|3072000|3072000|3072000|3513600|3513600|3532800|3513600|68700|23400|0|no
1789995036|2400000|2400000|2400000|2227200|2227200|3072000|3513600|3513600|3532800|3513600|71800|23400|0|no
1789995036|2400000|2400000|2400000|2227200|2227200|3072000|3513600|3513600|3532800|3513600|71800|23400|0|no
1789995036|3072000|3072000|3072000|3072000|2227200|2227200|3513600|3513600|3532800|3513600|72900|23400|0|no
1789995036|1785600|3072000|3072000|3072000|2227200|2227200|3513600|3513600|3532800|3513600|72900|23400|0|no
1789995037|3072000|3072000|3072000|3072000|3072000|3072000|3513600|3513600|3532800|3513600|72600|23400|0|no
1789995037|3072000|3072000|3072000|3072000|3072000|3072000|3513600|3513600|3532800|3513600|72600|23400|0|no
1789995037|3072000|3072000|3072000|3072000|3072000|3072000|3513600|3513600|3532800|3513600|62500|23400|0|no
1789995037|3072000|3072000|3072000|3072000|3072000|3072000|3513600|3513600|3532800|3513600|62100|23400|0|no
1789995038|3072000|3072000|3072000|3072000|3072000|3072000|3513600|3513600|3532800|3513600|72600|23300|0|no
1789995038|3072000|3072000|3072000|3072000|3072000|3072000|3513600|3513600|3532800|3513600|72600|23300|0|no
1789995039|3072000|3072000|3072000|2400000|2400000|2400000|3513600|3513600|3532800|3513600|71400|23300|0|no
1789995039|3072000|3072000|3072000|2400000|2400000|2400000|3513600|3513600|3532800|3513600|71400|23300|0|no
1789995039|1996800|2227200|2227200|2227200|1785600|1785600|3513600|3513600|3532800|3513600|73700|23300|0|no
1789995039|1996800|2227200|2227200|2227200|1785600|1785600|3513600|3513600|3532800|3513600|73700|23300|0|no
1789995040|3072000|3072000|3072000|3072000|3072000|3072000|3513600|3513600|3532800|3513600|64100|23300|0|no
1789995040|3072000|3072000|3072000|3072000|3072000|3072000|3513600|3513600|3532800|3513600|64100|23300|0|no
1789995040|1363200|1363200|3072000|3072000|3072000|3072000|3513600|3513600|3532800|3513600|75300|23300|0|no
1789995040|1363200|1363200|3072000|3072000|3072000|3072000|3513600|3513600|3532800|3513600|74500|23300|0|no
1789995041|1152000|1152000|1555200|1555200|1363200|1363200|3513600|3513600|3532800|3513600|73700|23300|0|no
1789995041|1152000|1152000|1555200|1555200|1363200|1363200|3513600|3513600|3532800|3513600|73700|23300|0|no
1789995042|3072000|3072000|3072000|3072000|3072000|3072000|3513600|3513600|3532800|3513600|64100|23300|0|no
1789995042|3072000|3072000|3072000|3072000|3072000|3072000|3513600|3513600|3532800|3513600|64100|23300|0|no
1789995042|3072000|3072000|3072000|3072000|3072000|3072000|3513600|3513600|3532800|3513600|74900|23300|0|no
1789995042|3072000|3072000|3072000|3072000|3072000|3072000|3513600|3513600|3532800|3513600|75300|23300|0|no
1789995043|3072000|3072000|3072000|3072000|3072000|3072000|3513600|3513600|3532800|3513600|72200|23400|0|no
1789995043|3072000|3072000|3072000|3072000|3072000|3072000|3513600|3513600|3532800|3513600|72200|23400|0|no
1789995043|1363200|1363200|1785600|1785600|1785600|3072000|1017600|1017600|3532800|3513600|48600|23400|0|no
1789995043|1363200|1363200|1785600|1785600|1785600|3072000|1017600|1017600|3532800|3513600|48600|23400|0|no
1789995044|3072000|3072000|3072000|3072000|3072000|3072000|1017600|1017600|3532800|3513600|41700|23400|0|no
1789995044|3072000|3072000|3072000|3072000|3072000|3072000|1017600|1017600|3532800|3513600|41700|23400|0|no
1789995045|2400000|2400000|2400000|2400000|2400000|2400000|1017600|1017600|3532800|3513600|40100|23400|0|no
1789995045|2400000|2400000|2400000|2400000|2400000|2400000|1017600|1017600|3532800|3513600|40100|23400|0|no
1789995045|2400000|2400000|2400000|2400000|1996800|1996800|1017600|1017600|3532800|3513600|38600|23400|0|no
1789995045|2400000|2400000|2400000|2400000|1996800|1996800|1017600|1017600|3532800|3513600|38600|23400|0|no
1789995046|1363200|1363200|1152000|1152000|1363200|2400000|1017600|1017600|3532800|3513600|37800|23400|0|no
1789995046|1363200|1363200|1152000|1152000|1363200|2400000|1017600|1017600|3532800|3513600|37400|23400|0|no
1789995046|2400000|2400000|2400000|2400000|2227200|2227200|1017600|1017600|3532800|3513600|37800|23400|0|no
1789995046|2400000|2400000|2400000|2400000|2227200|2227200|1017600|1017600|3532800|3513600|37800|23400|0|no
1789995047|2400000|2400000|2400000|2400000|2400000|2400000|1017600|1017600|3532800|3513600|37000|23400|0|no
1789995047|2400000|2400000|2400000|2400000|2400000|2400000|1017600|1017600|3532800|3513600|37400|23400|0|no
1789995048|2400000|2400000|2400000|2400000|2400000|2400000|1017600|1017600|3532800|3513600|36600|23400|0|no
1789995048|2400000|2400000|2400000|2400000|2400000|2400000|1017600|1017600|3532800|3513600|36600|23400|0|no
1789995048|2400000|2400000|2400000|1996800|1996800|2227200|1017600|1017600|3532800|3513600|37000|23400|0|no
1789995048|2400000|2400000|2400000|1996800|1996800|2227200|1017600|1017600|3532800|3513600|37000|23400|0|no
1789995049|3072000|3072000|3072000|3072000|3072000|3072000|3513600|3513600|3532800|3513600|62100|23400|0|no
1789995049|3072000|3072000|3072000|3072000|3072000|3072000|3513600|3513600|3532800|3513600|62100|23400|0|no
1789995049|3072000|3072000|3072000|3072000|3072000|3072000|3513600|3513600|3532800|3513600|62100|23400|0|no
1789995049|3072000|3072000|3072000|3072000|3072000|3072000|3513600|3513600|3532800|3513600|62100|23400|0|no
1789995050|3072000|3072000|3072000|2745600|2745600|2745600|3513600|3513600|3532800|3513600|64800|23400|0|no
1789995050|3072000|3072000|3072000|2745600|2745600|2745600|3513600|3513600|3532800|3513600|64800|23400|0|no
1789995051|3072000|3072000|2227200|2227200|2227200|2227200|3513600|3513600|3532800|3513600|64800|23400|0|no
1789995051|3072000|3072000|2227200|2227200|2227200|2227200|3513600|3513600|3532800|3513600|64500|23400|0|no
1789995051|1363200|1363200|3072000|3072000|3072000|3072000|3513600|3513600|3532800|3513600|64800|23400|0|no
1789995051|1363200|1363200|3072000|3072000|3072000|3072000|3513600|3513600|3532800|3513600|66000|23400|0|no
1789995052|1555200|3072000|3072000|3072000|3072000|3072000|3513600|3513600|3532800|3513600|54000|23400|0|no
1789995052|1555200|3072000|3072000|3072000|3072000|3072000|3513600|3513600|3532800|3513600|53600|23400|0|no
1789995052|3072000|3072000|3072000|3072000|3072000|3072000|3513600|3513600|3532800|3513600|54400|23400|0|no
1789995052|3072000|3072000|3072000|3072000|3072000|3072000|3513600|3513600|3532800|3513600|54000|23400|0|no
1789995053|3072000|3072000|3072000|3072000|3072000|3072000|3513600|3513600|3532800|3513600|55200|23300|0|no
1789995053|3072000|3072000|3072000|3072000|3072000|3072000|3513600|3513600|3532800|3513600|55200|23300|0|no
1789995054|3072000|3072000|3072000|3072000|3072000|3072000|3513600|3513600|3532800|3513600|54800|23300|0|no
1789995054|3072000|3072000|3072000|3072000|3072000|3072000|3513600|3513600|3532800|3513600|54800|23300|0|no
1789995054|3072000|3072000|3072000|3072000|3072000|3072000|3513600|3513600|3532800|3513600|54800|23300|0|no
1789995054|3072000|3072000|3072000|3072000|3072000|3072000|3513600|3513600|3532800|3513600|54800|23300|0|no
1789995055|3072000|3072000|3072000|3072000|3072000|3072000|3513600|3513600|3532800|3513600|55600|23300|0|no
1789995055|3072000|3072000|3072000|3072000|3072000|3072000|3513600|3513600|3532800|3513600|55600|23300|0|no
1789995055|3072000|3072000|3072000|3072000|3072000|3072000|3513600|3513600|3532800|3513600|55600|23300|0|no
1789995055|3072000|3072000|3072000|3072000|3072000|3072000|3513600|3513600|3532800|3513600|55600|23300|0|no
1789995056|1363200|3072000|3072000|3072000|3072000|3072000|1017600|1017600|3532800|3513600|42800|23300|0|no
1789995056|1363200|3072000|3072000|3072000|3072000|3072000|1017600|1017600|3532800|3513600|42800|23300|0|no
1789995057|3072000|3072000|2745600|2745600|2745600|3072000|1017600|1017600|3532800|3513600|40100|23300|0|no
1789995057|3072000|3072000|2745600|2745600|2745600|3072000|1017600|1017600|3532800|3513600|39700|23300|0|no
1789995057|2400000|2745600|2745600|2745600|2400000|2400000|1017600|1017600|3532800|3513600|39000|23300|0|no
1789995057|2400000|2745600|2745600|2745600|2400000|2400000|1017600|1017600|3532800|3513600|39000|23300|0|no
1789995058|2400000|2400000|2745600|3072000|2745600|3072000|1017600|1017600|3532800|3513600|37800|23300|0|no
1789995058|2400000|2400000|2745600|3072000|2745600|3072000|1017600|1017600|3532800|3513600|37800|23300|0|no
1789995058|2400000|2400000|2400000|2400000|2400000|2400000|1017600|1017600|3532800|3513600|36600|23300|0|no
1789995058|2400000|2400000|2400000|2400000|2400000|2400000|1017600|1017600|3532800|3513600|36600|23300|0|no
1789995059|3072000|3072000|2400000|2745600|2400000|2400000|1017600|1017600|3532800|3513600|37000|23300|0|no
1789995059|3072000|3072000|2400000|2745600|2400000|2400000|1017600|1017600|3532800|3513600|37000|23300|0|no
1789995060|1152000|1152000|1363200|1555200|1555200|1555200|1017600|1017600|3532800|3513600|36300|23300|0|no
1789995060|1152000|1152000|1363200|1363200|1555200|1555200|1017600|1017600|3532800|3513600|36300|23300|0|no
1789995060|1363200|2400000|3072000|2400000|2745600|2918400|1017600|1017600|3532800|3513600|36300|23300|0|no
1789995060|1363200|2400000|3072000|2400000|2745600|2918400|1017600|1017600|3532800|3513600|36300|23300|0|no
1789995061|1152000|3072000|3072000|3072000|3072000|3072000|3513600|3513600|3532800|3513600|60200|23300|0|no
1789995061|1152000|3072000|3072000|3072000|3072000|3072000|3513600|3513600|3532800|3513600|60200|23300|0|no
1789995062|1152000|3072000|3072000|3072000|2745600|2745600|3513600|3513600|3532800|3513600|63700|23300|0|no
1789995062|3072000|3072000|3072000|3072000|2745600|2745600|3513600|3513600|3532800|3513600|64100|23300|0|no
1789995062|1363200|1363200|3072000|3072000|3072000|3072000|3513600|3513600|3532800|3513600|64800|23300|0|no
1789995062|1363200|1363200|3072000|3072000|3072000|3072000|3513600|3513600|3532800|3513600|64800|23300|0|no
1789995063|3072000|3072000|3072000|3072000|3072000|3072000|3513600|3513600|3532800|3513600|65600|23300|0|no
1789995063|3072000|3072000|3072000|3072000|3072000|3072000|3513600|3513600|3532800|3513600|65600|23300|0|no
1789995063|3072000|3072000|3072000|3072000|2745600|2745600|3513600|3513600|3532800|3513600|66800|23300|0|no
1789995063|3072000|3072000|3072000|2745600|2745600|2745600|3513600|3513600|3532800|3513600|67200|23300|0|no
1789995064|1152000|3072000|3072000|3072000|3072000|2745600|3513600|3513600|3532800|3513600|66800|23300|0|no
1789995064|1152000|3072000|3072000|3072000|3072000|2745600|3513600|3513600|3532800|3513600|66800|23300|0|no
1789995065|3072000|3072000|3072000|3072000|3072000|3072000|3513600|3513600|3532800|3513600|55200|23300|0|no
1789995065|3072000|3072000|3072000|3072000|3072000|3072000|3513600|3513600|3532800|3513600|55200|23300|0|no
1789995065|1555200|1555200|1363200|1363200|1363200|1363200|3513600|3513600|3532800|3513600|55600|23300|0|no
1789995065|1555200|1555200|1363200|1363200|1363200|3072000|3513600|3513600|3532800|3513600|55600|23300|0|no
1789995066|2227200|2227200|2400000|2400000|2227200|2227200|1017600|1017600|3532800|3513600|41300|23300|0|no
1789995066|2227200|2227200|2400000|2400000|2227200|2227200|1017600|1017600|3532800|3513600|40900|23300|0|no
1789995066|2400000|2400000|2400000|2400000|2400000|2400000|1017600|1017600|3532800|3513600|39000|23300|0|no
1789995066|2400000|2400000|2400000|2400000|2400000|2400000|1017600|1017600|3532800|3513600|39000|23300|0|no
1789995067|2400000|2400000|2400000|2400000|2400000|2400000|1017600|1017600|3532800|3513600|37800|23300|0|no
1789995067|2400000|2400000|2400000|2400000|2400000|2400000|1017600|1017600|3532800|3513600|38200|23300|0|no
1789995068|2400000|2400000|2400000|2400000|2400000|2400000|1017600|1017600|3532800|3513600|37000|23400|0|no
1789995068|2400000|2400000|2400000|2400000|2400000|2400000|1017600|1017600|3532800|3513600|37000|23400|0|no
1789995068|960000|960000|3072000|3072000|3072000|3072000|1017600|1017600|3532800|3513600|37000|23400|0|no
1789995068|960000|960000|3072000|3072000|3072000|3072000|1017600|1017600|3532800|3513600|37000|23400|0|no
1789995069|2400000|2400000|2400000|2400000|2227200|2227200|1017600|1017600|3532800|3513600|35900|23400|0|no
1789995069|2400000|2400000|2400000|2400000|2227200|2227200|1017600|1017600|3532800|3513600|35900|23400|0|no
1789995069|2400000|1996800|1996800|1996800|1996800|2400000|1017600|1017600|3532800|3513600|35900|23400|0|no
1789995069|2400000|1996800|1996800|1996800|1996800|1996800|1017600|1017600|3532800|3513600|35900|23400|0|no
1789995070|2400000|2400000|2400000|2400000|3072000|2745600|1017600|1017600|3532800|3513600|35900|23400|0|no
1789995070|2400000|2400000|2400000|2400000|3072000|2745600|1017600|1017600|3532800|3513600|35900|23400|0|no
1789995071|3072000|3072000|3072000|2745600|2745600|2745600|3513600|3513600|3532800|3513600|47100|23400|0|no
1789995071|3072000|3072000|3072000|3072000|2745600|2745600|3513600|3513600|3532800|3513600|47100|23400|0|no
1789995071|3072000|3072000|3072000|1996800|1996800|1996800|3513600|3513600|3532800|3513600|48600|23400|0|no
1789995071|3072000|3072000|3072000|1996800|1996800|1996800|3513600|3513600|3532800|3513600|48200|23400|0|no
1789995072|3072000|3072000|3072000|3072000|3072000|3072000|3513600|3513600|3532800|3513600|49400|23400|0|no
1789995072|3072000|3072000|3072000|3072000|3072000|3072000|3513600|3513600|3532800|3513600|49400|23400|0|no
1789995073|3072000|3072000|3072000|3072000|2745600|2745600|3513600|3513600|3532800|3513600|49800|23400|0|no
1789995073|3072000|3072000|3072000|3072000|2745600|2745600|3513600|3513600|3532800|3513600|49800|23400|0|no
1789995073|1555200|1555200|3072000|3072000|3072000|3072000|3513600|3513600|3532800|3513600|50900|23400|0|no
1789995073|1555200|1555200|3072000|3072000|3072000|3072000|3513600|3513600|3532800|3513600|50900|23400|0|no
1789995074|3072000|3072000|3072000|3072000|3072000|3072000|1017600|1017600|3532800|3513600|41300|23400|0|no
1789995074|3072000|3072000|3072000|3072000|3072000|3072000|1017600|1017600|3532800|3513600|41300|23400|0|no
1789995074|3072000|3072000|3072000|3072000|3072000|3072000|1017600|1017600|3532800|3513600|38200|23400|0|no
1789995074|3072000|3072000|3072000|3072000|3072000|3072000|1017600|1017600|3532800|3513600|38200|23400|0|no
1789995075|2400000|2400000|2400000|2400000|2400000|2400000|1017600|1017600|3532800|3513600|37000|23400|0|no
1789995075|2400000|2400000|2400000|2400000|2400000|2400000|1017600|1017600|3532800|3513600|37000|23400|0|no
1789995076|2745600|2400000|2400000|2745600|3072000|3072000|1017600|1017600|3532800|3513600|36300|23400|0|no
1789995076|2745600|2400000|2745600|2745600|3072000|3072000|1017600|1017600|3532800|3513600|36600|23400|0|no
1789995076|2400000|3072000|2400000|2745600|2745600|2745600|1017600|1017600|3532800|3513600|35900|23400|0|no
1789995076|2400000|3072000|2400000|2745600|2745600|2745600|1017600|1017600|3532800|3513600|35500|23400|0|no
1789995077|2400000|2400000|2400000|2400000|2400000|2400000|1017600|1017600|3532800|3513600|35100|23400|0|no
1789995077|2400000|2400000|2400000|2400000|2400000|2400000|1017600|1017600|3532800|3513600|35100|23400|0|no
1789995077|960000|960000|2400000|2400000|2400000|2400000|1017600|1017600|3532800|3513600|34700|23400|0|no
1789995077|960000|960000|2400000|2400000|2400000|2400000|1017600|1017600|3532800|3513600|34700|23400|0|no
1789995078|2400000|2400000|2400000|2400000|1996800|1996800|1017600|1017600|3532800|3513600|34700|23400|0|no
1789995078|2400000|2400000|2400000|2400000|1996800|1996800|1017600|1017600|3532800|3513600|34700|23400|0|no
1789995079|3072000|3072000|3072000|2745600|2745600|2745600|3513600|3513600|3532800|3513600|43600|23400|0|no
1789995079|3072000|3072000|3072000|2745600|2745600|2745600|3513600|3513600|3532800|3513600|43600|23400|0|no
1789995079|3072000|3072000|3072000|2745600|2745600|2745600|3513600|3513600|3532800|3513600|50500|23400|0|no
1789995079|3072000|3072000|3072000|2745600|2745600|2745600|3513600|3513600|3532800|3513600|50500|23400|0|no
1789995080|3072000|3072000|3072000|3072000|3072000|3072000|3513600|3513600|3532800|3513600|52100|23400|0|no
1789995080|3072000|3072000|3072000|3072000|3072000|3072000|3513600|3513600|3532800|3513600|52100|23400|0|no
1789995080|3072000|3072000|3072000|2918400|2918400|2918400|3513600|3513600|3532800|3513600|56000|23400|0|no
1789995080|3072000|3072000|3072000|2918400|2918400|2918400|3513600|3513600|3532800|3513600|56000|23400|0|no
1789995081|3072000|3072000|3072000|2745600|2745600|2745600|3513600|3513600|3532800|3513600|55200|23400|0|no
1789995081|3072000|3072000|3072000|2745600|2745600|2745600|3513600|3513600|3532800|3513600|55200|23400|0|no
1789995082|3072000|3072000|3072000|3072000|3072000|3072000|3513600|3513600|3532800|3513600|54000|23400|0|no
1789995082|3072000|3072000|3072000|3072000|3072000|3072000|3513600|3513600|3532800|3513600|54000|23400|0|no
1789995082|3072000|3072000|3072000|2918400|2918400|2918400|3513600|3513600|3532800|3513600|56700|23400|0|no
1789995082|3072000|3072000|3072000|3072000|2918400|2918400|3513600|3513600|3532800|3513600|56700|23400|0|no
1789995083|3072000|3072000|3072000|3072000|3072000|3072000|3513600|3513600|3532800|3513600|59000|23400|0|no
1789995083|3072000|3072000|3072000|3072000|3072000|3072000|3513600|3513600|3532800|3513600|59000|23400|0|no
1789995083|3072000|3072000|3072000|3072000|3072000|3072000|3513600|3513600|3532800|3513600|58700|23400|0|no
1789995083|3072000|3072000|3072000|3072000|3072000|3072000|3513600|3513600|3532800|3513600|58700|23400|0|no
1789995084|3072000|3072000|3072000|3072000|3072000|3072000|3513600|3513600|3532800|3513600|58300|23400|0|no
1789995084|3072000|3072000|3072000|3072000|3072000|3072000|3513600|3513600|3532800|3513600|58300|23400|0|no
1789995085|3072000|3072000|3072000|3072000|3072000|3072000|3513600|3513600|3532800|3513600|60600|23400|0|no
1789995085|3072000|3072000|3072000|3072000|3072000|3072000|3513600|3513600|3532800|3513600|60600|23400|0|no
1789995085|3072000|3072000|3072000|3072000|3072000|3072000|3513600|3513600|3532800|3513600|58700|23400|0|no
1789995085|1363200|3072000|3072000|3072000|3072000|3072000|3513600|3513600|3532800|3513600|58700|23400|0|no
1789995086|3072000|3072000|3072000|2918400|2918400|2918400|3513600|3513600|3532800|3513600|57900|23400|0|no
1789995086|3072000|3072000|3072000|2918400|2918400|2918400|3513600|3513600|3532800|3513600|57900|23400|0|no
1789995086|1363200|3072000|3072000|3072000|3072000|3072000|3513600|3513600|3532800|3513600|59800|23400|0|no
1789995086|1363200|1363200|3072000|3072000|3072000|3072000|3513600|3513600|3532800|3513600|59400|23400|0|no
1789995087|1363200|3072000|3072000|3072000|3072000|3072000|3513600|3513600|3532800|3513600|60200|23400|0|no
1789995087|1363200|3072000|3072000|3072000|3072000|3072000|3513600|3513600|3532800|3513600|60200|23400|0|no
1789995088|3072000|3072000|3072000|3072000|3072000|3072000|3513600|3513600|3532800|3513600|58700|23400|0|no
1789995088|3072000|3072000|3072000|3072000|3072000|3072000|3513600|3513600|3532800|3513600|58700|23400|0|no
1789995088|3072000|3072000|3072000|2400000|2400000|2400000|3513600|3513600|3532800|3513600|59800|23400|0|no
1789995088|3072000|3072000|3072000|2400000|2400000|2400000|3513600|3513600|3532800|3513600|59800|23400|0|no
1789995089|3072000|3072000|3072000|3072000|3072000|3072000|3513600|3513600|3532800|3513600|74900|23400|0|no
1789995089|3072000|3072000|3072000|3072000|3072000|3072000|3513600|3513600|3532800|3513600|74900|23400|0|no
1789995089|3072000|3072000|3072000|2745600|2745600|2918400|1017600|1017600|3532800|3513600|44400|23400|0|no
1789995089|3072000|3072000|3072000|2745600|2745600|2918400|1017600|1017600|3532800|3513600|44400|23400|0|no
1789995090|3072000|3072000|2918400|2918400|2918400|2745600|1017600|1017600|3532800|3513600|41700|23400|0|no
1789995090|3072000|3072000|2918400|2918400|2918400|2745600|1017600|1017600|3532800|3513600|41700|23400|0|no
1789995091|2400000|2400000|2400000|2400000|2400000|2400000|1017600|1017600|3532800|3513600|40500|23400|0|no
1789995091|2400000|2400000|2400000|2400000|2400000|2400000|1017600|1017600|3532800|3513600|40500|23400|0|no
1789995091|2400000|3072000|3072000|3072000|2400000|2400000|1017600|1017600|3532800|3513600|39300|23400|0|no
1789995091|2400000|3072000|3072000|3072000|2400000|2400000|1017600|1017600|3532800|3513600|39300|23400|0|no
1789995092|2400000|2400000|2400000|2400000|2400000|2400000|1017600|1017600|3532800|3513600|38200|23400|0|no
1789995092|2400000|2400000|2400000|2400000|2400000|2400000|1017600|1017600|3532800|3513600|38200|23400|0|no
1789995092|2400000|2400000|2400000|2400000|2400000|2400000|1017600|1017600|3532800|3513600|37400|23400|0|no
1789995092|2400000|2400000|2400000|2400000|2400000|2400000|1017600|1017600|3532800|3513600|37400|23400|0|no
1789995093|2400000|2400000|3072000|2400000|3072000|3072000|1017600|1017600|3532800|3513600|37800|23400|0|no
1789995093|2400000|2400000|3072000|2400000|3072000|3072000|1017600|1017600|3532800|3513600|37400|23400|0|no
1789995094|2400000|2400000|2400000|2400000|2400000|2227200|1017600|1017600|3532800|3513600|36600|23400|0|no
1789995094|2400000|2400000|2400000|2400000|2400000|2227200|1017600|1017600|3532800|3513600|36600|23400|0|no
1789995094|3072000|3072000|3072000|3072000|3072000|3072000|3513600|3513600|3532800|3513600|68700|23400|0|no
1789995094|3072000|3072000|3072000|3072000|3072000|3072000|3513600|3513600|3532800|3513600|70600|23400|0|no
1789995095|3072000|3072000|3072000|3072000|3072000|3072000|3513600|3513600|3532800|3513600|77200|23400|0|no
1789995095|3072000|3072000|3072000|3072000|3072000|3072000|3513600|3513600|3532800|3513600|77200|23400|0|no
1789995096|3072000|3072000|3072000|3072000|3072000|3072000|3513600|3513600|3532800|3513600|64100|23400|0|no
1789995096|3072000|3072000|3072000|3072000|3072000|3072000|3513600|3513600|3532800|3513600|66800|23400|0|no
1789995096|3072000|3072000|3072000|2745600|2745600|2745600|1017600|1017600|3532800|3513600|49000|23400|0|no
1789995096|3072000|3072000|3072000|2745600|2745600|2745600|1017600|1017600|3532800|3513600|49000|23400|0|no
1789995097|1785600|1785600|1996800|1996800|2227200|2227200|1017600|1017600|3532800|3513600|42800|23400|0|no
1789995097|1785600|1785600|1996800|1996800|2227200|2227200|1017600|1017600|3532800|3513600|42400|23400|0|no
1789995098|960000|2400000|2400000|2400000|2400000|2400000|1017600|1017600|3532800|3513600|40100|23400|0|no
1789995098|960000|2400000|2400000|2400000|2400000|2400000|1017600|1017600|3532800|3513600|40100|23400|0|no
1789995098|2400000|2400000|3072000|3072000|3072000|2745600|1017600|1017600|3532800|3513600|39700|23400|0|no
1789995098|2400000|2400000|3072000|3072000|3072000|2745600|1017600|1017600|3532800|3513600|39300|23400|0|no
1789995099|960000|2400000|2400000|2400000|2400000|2400000|1017600|1017600|3532800|3513600|37800|23400|0|no
1789995099|960000|2400000|2400000|2400000|2400000|2400000|1017600|1017600|3532800|3513600|37800|23400|0|no
1789995099|2400000|2400000|1785600|1785600|2400000|2400000|1017600|1017600|3532800|3513600|37400|23400|0|no
1789995099|2400000|2400000|1785600|1785600|2400000|2400000|1017600|1017600|3532800|3513600|37400|23400|0|no
1789995100|2400000|2400000|2400000|2400000|2400000|2400000|1017600|1017600|3532800|3513600|37000|23400|0|no
1789995100|2400000|2400000|2400000|2400000|2400000|2400000|1017600|1017600|3532800|3513600|37000|23400|0|no
1789995101|2400000|2400000|2400000|2400000|2400000|2400000|1017600|1017600|3532800|3513600|36600|23400|0|no
1789995101|2400000|2400000|2400000|2400000|2400000|2400000|1017600|1017600|3532800|3513600|36600|23400|0|no
1789995101|3072000|3072000|3072000|3072000|3072000|3072000|3513600|3513600|3532800|3513600|47500|23400|0|no
1789995101|3072000|3072000|3072000|3072000|3072000|3072000|3513600|3513600|3532800|3513600|47500|23400|0|no
1789995102|3072000|3072000|3072000|3072000|3072000|3072000|3513600|3513600|3532800|3513600|79900|23400|0|no
1789995102|3072000|3072000|3072000|3072000|3072000|3072000|3513600|3513600|3532800|3513600|84500|23400|0|no
1789995102|1152000|3072000|3072000|3072000|3072000|3072000|3513600|3513600|3532800|3513600|74100|23400|0|no
1789995103|3072000|3072000|3072000|3072000|3072000|3072000|3513600|3513600|3532800|3513600|70600|23400|0|no
1789995103|3072000|3072000|3072000|3072000|3072000|3072000|3513600|3513600|3532800|3513600|86900|23400|0|no
1789995103|3072000|3072000|3072000|3072000|3072000|3072000|3513600|3513600|3532800|3513600|87200|23400|0|no
1789995104|3072000|3072000|3072000|3072000|3072000|3072000|3513600|3513600|3532800|3513600|89900|23400|0|no
1789995104|3072000|3072000|3072000|3072000|3072000|3072000|3513600|3513600|3532800|3513600|87200|23400|0|no
1789995104|3072000|3072000|3072000|2745600|2745600|2745600|3513600|3513600|3532800|3513600|85700|23400|0|no
1789995104|3072000|3072000|3072000|2745600|2745600|2745600|3513600|3513600|3532800|3513600|85700|23400|0|no
1789995105|3072000|3072000|3072000|3072000|3072000|3072000|3513600|3513600|3532800|3513600|90300|23400|0|no
1789995105|3072000|3072000|3072000|3072000|3072000|3072000|3513600|3513600|3532800|3513600|90300|23400|0|no
1789995106|3072000|3072000|3072000|3072000|3072000|3072000|3513600|3513600|3532800|3513600|90300|23400|0|no
1789995106|3072000|3072000|3072000|3072000|3072000|3072000|3513600|3513600|3532800|3513600|90300|23400|0|no
1789995106|2745600|3072000|2745600|2745600|2745600|2745600|3513600|3513600|3532800|3513600|71800|23400|0|no
1789995106|3072000|2745600|2745600|2745600|2745600|2400000|3513600|3513600|3532800|3513600|70600|23400|0|no
1789995107|3072000|3072000|3072000|3072000|3072000|3072000|1017600|1017600|3532800|3513600|51700|23400|0|no
1789995107|3072000|3072000|3072000|3072000|3072000|3072000|1017600|1017600|3532800|3513600|51700|23400|0|no
1789995108|2400000|2400000|2400000|2400000|2400000|2400000|1017600|1017600|3532800|3513600|46700|23400|0|no
1789995108|2400000|2400000|2400000|2400000|2400000|2400000|1017600|1017600|3532800|3513600|47100|23400|0|no
1789995108|3072000|3072000|3072000|3072000|2400000|2400000|1017600|1017600|3532800|3513600|44400|23500|0|no
1789995108|3072000|3072000|3072000|2745600|2400000|2400000|1017600|1017600|3532800|3513600|45100|23500|0|no
1789995109|960000|1152000|1363200|1363200|2745600|2400000|1017600|1017600|3532800|3513600|42800|23500|0|no
1789995109|960000|1152000|1363200|1363200|2745600|2400000|1017600|1017600|3532800|3513600|42800|23500|0|no
1789995109|2400000|2400000|2400000|2400000|2400000|2400000|1017600|1017600|3532800|3513600|41700|23500|0|no
1789995109|2400000|2400000|2400000|2400000|2400000|2400000|1017600|1017600|3532800|3513600|41700|23500|0|no
1789995110|960000|2400000|2400000|2400000|2400000|2745600|1017600|1017600|3532800|3513600|40900|23500|0|no
1789995110|2400000|2400000|2400000|2400000|2400000|2745600|1017600|1017600|3532800|3513600|40900|23500|0|no
1789995111|2400000|2400000|2400000|2400000|2227200|2227200|1017600|1017600|3532800|3513600|40100|23500|0|no
1789995111|2400000|2400000|2400000|2400000|2227200|2227200|1017600|1017600|3532800|3513600|40100|23500|0|no
1789995111|960000|960000|2400000|2400000|2400000|2400000|1017600|1017600|3532800|3513600|39700|23500|0|no
1789995111|960000|960000|2400000|2400000|2400000|2400000|1017600|1017600|3532800|3513600|39700|23500|0|no
1789995112|1152000|3072000|3072000|3072000|3072000|3072000|3513600|3513600|3532800|3513600|81100|23500|0|no
1789995112|1152000|3072000|3072000|3072000|3072000|3072000|3513600|3513600|3532800|3513600|83400|23500|0|no
1789995113|3072000|3072000|3072000|3072000|3072000|3072000|3513600|3513600|3532800|3513600|89600|23400|0|no
1789995113|3072000|3072000|3072000|3072000|3072000|3072000|3513600|3513600|3532800|3513600|89200|23400|0|no
1789995113|3072000|3072000|3072000|3072000|3072000|3072000|3513600|3513600|3532800|3513600|89900|23400|0|no
1789995113|3072000|3072000|3072000|3072000|3072000|3072000|3513600|3513600|3532800|3513600|89600|23400|0|no
1789995114|3072000|3072000|3072000|3072000|3072000|3072000|3513600|3513600|3532800|3513600|89600|23400|0|no
1789995114|3072000|3072000|3072000|3072000|3072000|3072000|3513600|3513600|3532800|3513600|89600|23400|0|no
1789995115|3072000|3072000|2745600|2745600|2745600|2745600|1017600|1017600|3532800|3513600|50900|23400|0|no
1789995115|3072000|3072000|2745600|2745600|2745600|2745600|1017600|1017600|3532800|3513600|50900|23400|0|no
1789995115|1152000|2745600|2745600|2745600|2400000|2400000|1017600|1017600|3532800|3513600|47100|23400|0|no
1789995115|1152000|2745600|2745600|2400000|2400000|2400000|1017600|1017600|3532800|3513600|46700|23400|0|no
1789995116|2227200|2227200|2400000|2400000|2400000|2400000|1017600|1017600|3532800|3513600|44800|23400|0|no
1789995116|2227200|2227200|2400000|2400000|2400000|2400000|1017600|1017600|3532800|3513600|44400|23400|0|no
1789995116|2400000|2400000|2227200|2227200|2227200|1996800|1017600|1017600|3532800|3513600|43600|23400|0|no
1789995116|2400000|2400000|2227200|2227200|2227200|1996800|1017600|1017600|3532800|3513600|43200|23400|0|no
1789995117|1152000|1152000|2400000|2400000|2400000|2400000|1017600|1017600|3532800|3513600|42000|23400|0|no
1789995117|1152000|1152000|2400000|2400000|2400000|2400000|1017600|1017600|3532800|3513600|42400|23400|0|no
1789995118|2400000|2400000|2227200|2227200|2227200|2745600|1017600|1017600|3532800|3513600|41300|23400|0|no
1789995118|2400000|2400000|2227200|2227200|2227200|2745600|1017600|1017600|3532800|3513600|41300|23400|0|no
1789995118|2400000|2400000|2400000|2400000|2400000|2745600|1017600|1017600|3532800|3513600|40500|23400|0|no
1789995118|2400000|2400000|2400000|2400000|2400000|2745600|1017600|1017600|3532800|3513600|40900|23400|0|no
1789995119|2400000|2400000|2400000|2400000|2400000|2400000|1017600|1017600|3532800|3513600|39700|23400|0|no
1789995119|2400000|2400000|2400000|2400000|2400000|2400000|1017600|1017600|3532800|3513600|39700|23400|0|no
1789995120|3072000|3072000|3072000|3072000|3072000|3072000|2649600|3513600|3532800|3513600|79500|23400|0|no
1789995120|3072000|3072000|3072000|3072000|3072000|3072000|2649600|3513600|3532800|3513600|79500|23400|0|no
1789995120|3072000|3072000|3072000|3072000|3072000|3072000|2438400|2438400|3532800|3513600|74100|23400|0|no
1789995120|3072000|3072000|3072000|3072000|3072000|3072000|2438400|3513600|3532800|3513600|72600|23400|0|no
1789995121|3072000|3072000|3072000|3072000|3072000|3072000|1689600|3513600|3532800|3513600|89900|23400|0|no
1789995121|3072000|3072000|3072000|3072000|3072000|3072000|1689600|3513600|3532800|3513600|89900|23400|0|no
1789995121|3072000|3072000|3072000|3072000|3072000|3072000|1017600|1017600|3532800|3513600|80300|23400|0|no
1789995121|3072000|3072000|3072000|3072000|3072000|3072000|1017600|3513600|3532800|3513600|80300|23400|0|no
1789995122|3072000|3072000|3072000|3072000|3072000|3072000|1017600|1017600|3532800|3513600|50200|23400|0|no
1789995122|3072000|3072000|3072000|3072000|3072000|3072000|1017600|1017600|3532800|3513600|50200|23400|0|no
1789995123|2400000|2400000|2400000|2400000|2400000|2400000|1017600|1017600|3532800|3513600|46300|23500|0|no
1789995123|2400000|2400000|2400000|2400000|2400000|2400000|1017600|1017600|3532800|3513600|46300|23500|0|no
1789995123|2400000|2400000|2400000|2400000|2400000|2400000|1017600|1017600|3532800|3513600|44000|23500|0|no
1789995123|2400000|2400000|2400000|2400000|2400000|2400000|1017600|1017600|3532800|3513600|44000|23500|0|no
1789995124|2400000|2400000|3072000|2400000|3072000|3072000|1017600|1017600|3532800|3513600|42800|23500|0|no
1789995124|2400000|2400000|3072000|2400000|3072000|3072000|1017600|1017600|3532800|3513600|42800|23500|0|no
1789995125|2400000|2400000|2400000|2400000|2400000|2400000|1017600|1017600|3532800|3513600|41300|23500|0|no
1789995125|2400000|2400000|2400000|2400000|2400000|2400000|1017600|1017600|3532800|3513600|41300|23500|0|no
1789995125|960000|3072000|3072000|2400000|3072000|2745600|1017600|1017600|3532800|3513600|41300|23500|0|no
1789995125|960000|3072000|3072000|2400000|3072000|2745600|1017600|1017600|3532800|3513600|41300|23500|0|no
1789995126|2400000|2400000|2400000|2400000|2400000|2400000|1017600|1017600|3532800|3513600|40100|23500|0|no
1789995126|2400000|2400000|2400000|2400000|2400000|2400000|1017600|1017600|3532800|3513600|40100|23500|0|no
1789995126|2400000|2400000|2400000|3072000|3072000|2400000|1017600|1017600|3532800|3513600|39700|23500|0|no
1789995126|2400000|2400000|2400000|3072000|3072000|3072000|1017600|1017600|3532800|3513600|39700|23500|0|no
1789995127|3072000|3072000|3072000|3072000|3072000|3072000|3513600|3513600|3532800|3513600|87600|23500|0|no
1789995127|3072000|3072000|3072000|3072000|3072000|3072000|3513600|3513600|3532800|3513600|88400|23500|0|no
1789995128|3072000|3072000|3072000|3072000|3072000|3072000|3513600|3513600|3532800|3513600|89600|23500|0|no
1789995128|3072000|3072000|3072000|3072000|3072000|3072000|3513600|3513600|3532800|3513600|89200|23500|0|no
1789995128|3072000|3072000|3072000|3072000|3072000|3072000|3513600|3513600|3532800|3513600|83000|23500|0|no
1789995128|3072000|3072000|3072000|3072000|3072000|3072000|3513600|3513600|3532800|3513600|86900|23500|0|no
1789995129|3072000|3072000|3072000|3072000|3072000|3072000|1017600|1017600|3532800|3513600|49000|23500|0|no
1789995129|3072000|3072000|3072000|3072000|3072000|3072000|1017600|1017600|3532800|3513600|48600|23500|0|no
1789995130|1555200|1555200|2745600|2400000|2400000|2227200|1017600|1017600|3532800|3513600|45100|23500|0|no
1789995130|1555200|2745600|2400000|2400000|2227200|2227200|1017600|1017600|3532800|3513600|45100|23500|0|no
1789995130|2400000|3072000|3072000|3072000|2400000|2745600|1017600|1017600|3532800|3513600|42800|23500|0|no
1789995130|2400000|3072000|3072000|3072000|2400000|2745600|1017600|1017600|3532800|3513600|42800|23500|0|no
1789995131|2400000|2400000|1996800|1996800|2227200|2227200|1017600|1017600|3532800|3513600|41300|23500|0|no
1789995131|2400000|2400000|1996800|1996800|2227200|2227200|1017600|1017600|3532800|3513600|41700|23500|0|no
1789995131|2400000|2400000|2400000|2400000|2400000|2400000|1017600|1017600|3532800|3513600|40500|23500|0|no
1789995131|2400000|2400000|2400000|2400000|2400000|2400000|1017600|1017600|3532800|3513600|40500|23500|0|no
1789995132|2400000|2400000|2400000|2400000|2400000|2400000|1017600|1017600|3532800|3513600|39700|23500|0|no
1789995132|2400000|2400000|2400000|2400000|2400000|2400000|1017600|1017600|3532800|3513600|39300|23500|0|no
1789995133|2745600|2745600|2400000|2400000|2400000|2400000|1017600|1017600|3532800|3513600|39000|23500|0|no
1789995133|2745600|2745600|2400000|2400000|2400000|2400000|1017600|1017600|3532800|3513600|39000|23500|0|no
1789995133|2400000|2400000|2400000|2400000|2400000|2400000|1017600|1017600|3532800|3513600|39000|23500|0|no
1789995133|2400000|2400000|2400000|2400000|2400000|2400000|1017600|1017600|3532800|3513600|39000|23500|0|no
1789995134|3072000|3072000|3072000|3072000|3072000|3072000|3513600|3513600|3532800|3513600|77600|23500|0|no
1789995134|3072000|3072000|3072000|3072000|3072000|3072000|3513600|3513600|3532800|3513600|76400|23500|0|no
1789995135|3072000|3072000|3072000|2745600|2745600|2745600|1017600|1017600|3532800|3513600|54400|23500|0|no
1789995135|2745600|2745600|2400000|2400000|2400000|2227200|1017600|1017600|3532800|3513600|53200|23500|0|no
1789995135|3072000|3072000|3072000|2918400|2918400|2918400|1017600|1017600|3532800|3513600|44400|23500|0|no
1789995135|3072000|2918400|2918400|2918400|2745600|2745600|1017600|1017600|3532800|3513600|44800|23500|0|no
1789995136|2400000|2400000|2400000|2400000|2400000|2400000|1017600|1017600|3532800|3513600|42400|23500|0|no
1789995136|2400000|2400000|2400000|2400000|2400000|2400000|1017600|1017600|3532800|3513600|42000|23500|0|no
1789995136|2400000|2400000|2400000|2400000|2400000|2400000|1017600|1017600|3532800|3513600|41300|23500|0|no
1789995136|2400000|2400000|2400000|2400000|2400000|2400000|1017600|1017600|3532800|3513600|41300|23500|0|no
1789995137|2400000|2400000|2400000|2400000|2400000|2400000|1017600|1017600|3532800|3513600|39700|23500|0|no
1789995137|2400000|2400000|2400000|2400000|2400000|2400000|1017600|1017600|3532800|3513600|39700|23500|0|no
1789995138|2400000|2400000|2400000|2400000|2400000|2400000|1017600|1017600|3532800|3513600|39300|23500|0|no
1789995138|2400000|2400000|2400000|2400000|2400000|2400000|1017600|1017600|3532800|3513600|39300|23500|0|no
1789995138|1785600|1996800|1996800|1996800|2227200|2227200|1017600|1017600|3532800|3513600|39000|23500|0|no
1789995138|1785600|1996800|1996800|1996800|2227200|2227200|1017600|1017600|3532800|3513600|39000|23500|0|no
1789995139|2400000|2400000|2400000|2400000|2400000|2400000|1017600|1017600|3532800|3513600|38200|23500|0|no
1789995139|2400000|2400000|2400000|2400000|2400000|2400000|1017600|1017600|3532800|3513600|38200|23500|0|no
1789995140|2400000|2400000|2400000|2400000|1996800|1996800|3513600|3513600|3532800|3513600|44000|23500|0|no
1789995140|2400000|2400000|2400000|2400000|1996800|1996800|3513600|3513600|3532800|3513600|44000|23500|0|no
1789995140|3072000|3072000|3072000|3072000|3072000|3072000|3513600|3513600|3532800|3513600|67500|23500|0|no
1789995140|3072000|3072000|3072000|3072000|3072000|3072000|3513600|3513600|3532800|3513600|67500|23500|0|no
1789995141|3072000|3072000|3072000|3072000|3072000|3072000|3513600|3513600|3532800|3513600|53600|23500|0|no
1789995141|3072000|3072000|3072000|3072000|3072000|3072000|3513600|3513600|3532800|3513600|53600|23500|0|no
1789995141|3072000|3072000|3072000|3072000|3072000|3072000|1017600|1017600|3532800|3513600|43200|23500|0|no
1789995141|3072000|3072000|3072000|3072000|3072000|3072000|1017600|1017600|3532800|3513600|43600|23500|0|no
1789995142|960000|2400000|2400000|2400000|2400000|2400000|1017600|1017600|3532800|3513600|40500|23500|0|no
1789995142|960000|2400000|2400000|2400000|2400000|2400000|1017600|1017600|3532800|3513600|40900|23500|0|no
1789995143|2400000|2400000|1785600|1785600|1785600|1785600|1017600|1017600|3532800|3513600|39700|23600|0|no
1789995143|2400000|2400000|1785600|1785600|1785600|1785600|1017600|1017600|3532800|3513600|39700|23600|0|no
1789995143|2400000|2400000|1996800|1996800|1996800|1555200|1017600|1017600|3532800|3513600|39000|23600|0|no
1789995143|2400000|2400000|1996800|1996800|1996800|1555200|1017600|1017600|3532800|3513600|38600|23600|0|no
1789995144|2400000|2400000|2400000|2400000|2400000|2400000|1017600|1017600|3532800|3513600|38200|23600|0|no
1789995144|2400000|2400000|2400000|2400000|2400000|2400000|1017600|1017600|3532800|3513600|38200|23600|0|no
1789995145|3072000|2745600|2745600|3072000|2745600|3072000|1017600|1017600|3532800|3513600|38200|23600|0|no
1789995145|3072000|2745600|2745600|3072000|2745600|3072000|1017600|1017600|3532800|3513600|38200|23600|0|no
1789995145|2400000|2400000|3072000|3072000|3072000|3072000|1017600|1017600|3532800|3513600|37800|23600|0|no
1789995145|2400000|2400000|3072000|3072000|3072000|3072000|1017600|1017600|3532800|3513600|38200|23600|0|no
1789995146|2400000|2400000|2400000|2400000|2400000|2400000|1017600|1017600|3532800|3513600|37400|23600|0|no
1789995146|2400000|2400000|2400000|2400000|2400000|2400000|1017600|1017600|3532800|3513600|37400|23600|0|no
1789995146|3072000|3072000|3072000|3072000|3072000|3072000|3513600|3513600|3532800|3513600|72600|23600|0|no
1789995146|3072000|3072000|3072000|3072000|3072000|3072000|3513600|3513600|3532800|3513600|72200|23600|0|no
1789995147|3072000|3072000|3072000|3072000|3072000|3072000|3513600|3513600|3532800|3513600|79500|23600|0|no
1789995147|3072000|3072000|3072000|3072000|3072000|3072000|3513600|3513600|3532800|3513600|80300|23600|0|no
1789995148|3072000|3072000|3072000|3072000|3072000|3072000|3513600|3513600|3532800|3513600|84100|23600|0|no
1789995148|3072000|3072000|3072000|3072000|3072000|3072000|3513600|3513600|3532800|3513600|85700|23600|0|no
1789995148|3072000|3072000|3072000|3072000|3072000|3072000|3513600|3513600|3532800|3513600|87200|23600|0|no
1789995148|3072000|3072000|3072000|3072000|3072000|3072000|3513600|3513600|3532800|3513600|85300|23600|0|no
1789995149|3072000|3072000|3072000|3072000|3072000|3072000|3513600|3513600|3532800|3513600|88400|23600|0|no
1789995149|3072000|3072000|3072000|3072000|3072000|3072000|3513600|3513600|3532800|3513600|88400|23600|0|no
1789995150|3072000|3072000|3072000|3072000|3072000|3072000|3513600|3513600|3532800|3513600|89200|23600|0|no
1789995150|3072000|3072000|3072000|3072000|3072000|3072000|3513600|3513600|3532800|3513600|89600|23600|0|no
1789995150|3072000|3072000|3072000|3072000|3072000|3072000|3513600|3513600|3532800|3513600|89600|23600|0|no
1789995150|3072000|3072000|3072000|3072000|3072000|3072000|3513600|3513600|3532800|3513600|89600|23600|0|no
1789995151|3072000|3072000|3072000|3072000|3072000|3072000|3513600|3513600|3532800|3513600|89900|23600|0|no
1789995151|3072000|3072000|3072000|3072000|3072000|3072000|3513600|3513600|3532800|3513600|89600|23600|0|no
1789995152|3072000|3072000|3072000|3072000|3072000|3072000|3513600|3513600|3532800|3513600|89200|23600|0|no
1789995152|3072000|3072000|3072000|3072000|3072000|3072000|3513600|3513600|3532800|3513600|89200|23600|0|no
1789995152|3072000|3072000|3072000|3072000|3072000|3072000|1017600|1017600|3532800|3513600|59000|23600|0|no
1789995152|3072000|3072000|3072000|3072000|3072000|3072000|1017600|1017600|3532800|3513600|58700|23600|0|no
1789995153|3072000|3072000|3072000|3072000|3072000|3072000|1017600|1017600|3532800|3513600|51300|23600|0|no
1789995153|3072000|3072000|3072000|3072000|3072000|3072000|1017600|1017600|3532800|3513600|50900|23600|0|no
1789995154|2400000|2400000|2400000|2400000|2400000|2400000|1017600|1017600|3532800|3513600|47500|23600|0|no
1789995154|2400000|2400000|2400000|2400000|2400000|2400000|1017600|1017600|3532800|3513600|47500|23600|0|no
1789995154|3072000|2745600|2745600|2400000|2400000|2400000|1017600|1017600|3532800|3513600|45500|23600|0|no
1789995154|3072000|2745600|2400000|2400000|2400000|2400000|1017600|1017600|3532800|3513600|45500|23600|0|no
1789995155|3072000|3072000|2745600|2745600|3072000|3072000|1017600|1017600|3532800|3513600|44400|23600|0|no
1789995155|3072000|2745600|2745600|2745600|3072000|3072000|1017600|1017600|3532800|3513600|44400|23600|0|no
1789995155|2400000|2400000|2400000|2400000|2400000|2400000|1017600|1017600|3532800|3513600|42800|23600|0|no
1789995155|2400000|2400000|2400000|2400000|2400000|2400000|1017600|1017600|3532800|3513600|43200|23600|0|no
1789995156|1152000|1152000|2400000|2400000|2400000|2400000|1017600|1017600|3532800|3513600|42000|23600|0|no
1789995156|1152000|1152000|2400000|2400000|2400000|2400000|1017600|1017600|3532800|3513600|42000|23600|0|no
1789995157|2400000|2400000|2400000|2400000|2400000|2400000|1017600|1017600|3532800|3513600|41700|23600|0|no
1789995157|2400000|2400000|2400000|2400000|2400000|2400000|1017600|1017600|3532800|3513600|41300|23600|0|no
1789995157|2400000|2400000|2745600|2745600|2745600|2745600|1017600|1017600|3532800|3513600|40900|23600|0|no
1789995157|2400000|2400000|2745600|2745600|2745600|2745600|1017600|1017600|3532800|3513600|40900|23600|0|no
1789995158|2745600|2745600|3072000|3072000|2400000|2400000|1017600|1017600|3532800|3513600|40500|23700|0|no
1789995158|2745600|2745600|3072000|3072000|2400000|2400000|1017600|1017600|3532800|3513600|40500|23700|0|no
1789995159|960000|2400000|2400000|2400000|2400000|2400000|1017600|1017600|3532800|3513600|39700|23700|0|no
1789995159|960000|2400000|2400000|2400000|2400000|2400000|1017600|1017600|3532800|3513600|40100|23700|0|no
1789995159|2400000|2400000|2400000|2400000|2400000|2400000|1017600|1017600|3532800|3513600|40100|23700|0|no
1789995159|2400000|2400000|2400000|2400000|2400000|2400000|1017600|1017600|3532800|3513600|40100|23700|0|no
1789995160|2745600|3072000|2400000|2400000|3072000|3072000|1958400|1958400|3532800|3513600|45500|23700|0|no
1789995160|2745600|3072000|2400000|2400000|3072000|3072000|1958400|1958400|3532800|3513600|45100|23700|0|no
1789995160|3072000|3072000|3072000|3072000|3072000|3072000|3513600|3513600|3532800|3513600|50500|23700|0|no
1789995160|3072000|3072000|3072000|3072000|3072000|3072000|3513600|3513600|3532800|3513600|50900|23700|0|no
1789995161|1555200|1363200|1363200|1363200|3072000|3072000|1017600|1017600|3532800|3513600|40900|23700|0|no
1789995161|1555200|1363200|1363200|1363200|3072000|3072000|1017600|1017600|3532800|3513600|40900|23700|0|no
1789995162|2400000|2400000|2400000|2400000|2400000|2400000|1017600|1017600|3532800|3513600|39700|23700|0|no
1789995162|2400000|2400000|2400000|2400000|2400000|2400000|1017600|1017600|3532800|3513600|39700|23700|0|no
1789995162|1996800|1996800|2227200|2227200|2227200|2227200|1017600|1017600|3532800|3513600|39000|23700|0|no
1789995162|1996800|1996800|2227200|2227200|2227200|2227200|1017600|1017600|3532800|3513600|39000|23700|0|no
1789995163|2400000|2400000|2400000|2400000|3072000|2745600|1017600|1017600|3532800|3513600|39000|23700|0|no
1789995163|2400000|2400000|2400000|2400000|3072000|2745600|1017600|1017600|3532800|3513600|39000|23700|0|no
1789995164|2400000|2400000|2400000|2400000|2400000|1785600|1017600|1017600|3532800|3513600|38200|23700|0|no
1789995164|2400000|2400000|2400000|2400000|2400000|1785600|1017600|1017600|3532800|3513600|38200|23700|0|no
1789995164|2400000|2400000|2400000|3072000|3072000|3072000|1017600|1017600|3532800|3513600|38200|23700|0|no
1789995164|2400000|2400000|2400000|3072000|3072000|3072000|1017600|1017600|3532800|3513600|38600|23700|0|no
1789995165|2400000|2400000|2400000|2400000|2400000|2400000|1017600|1017600|3532800|3513600|37400|23700|0|no
1789995165|2400000|2400000|2400000|2400000|2400000|2400000|1017600|1017600|3532800|3513600|37400|23700|0|no
1789995165|2400000|2400000|2400000|2400000|2400000|2400000|1017600|1017600|3532800|3513600|37400|23700|0|no
1789995165|2400000|2400000|2400000|2400000|2400000|2400000|1017600|1017600|3532800|3513600|37400|23700|0|no
1789995166|2400000|1996800|2227200|2227200|2400000|2400000|1017600|1017600|3532800|3513600|37000|23700|0|no
1789995166|2400000|1996800|2227200|2227200|2227200|2400000|1017600|1017600|3532800|3513600|37000|23700|0|no
1789995167|3072000|3072000|2745600|2745600|1996800|1996800|1017600|1017600|3532800|3513600|37400|23700|0|no
1789995167|3072000|3072000|2745600|2745600|1996800|1996800|1017600|1017600|3532800|3513600|37400|23700|0|no
1789995167|1152000|2400000|2400000|2400000|2400000|2400000|1017600|1017600|3532800|3513600|37800|23700|0|no
1789995167|1152000|2400000|2400000|2400000|2400000|2400000|1017600|1017600|3532800|3513600|37800|23700|0|no
1789995168|2400000|2400000|2400000|1785600|2745600|2745600|1017600|1017600|3532800|3513600|37400|23700|0|no
1789995168|2400000|2400000|2400000|1785600|1785600|2745600|1017600|1017600|3532800|3513600|37400|23700|0|no
1789995169|2400000|2400000|2400000|2400000|2400000|2400000|1017600|1017600|3532800|3513600|36600|23700|0|no
1789995169|2400000|2400000|2400000|2400000|2400000|2400000|1017600|1017600|3532800|3513600|36600|23700|0|no
1789995169|2400000|2400000|2400000|2400000|2400000|2745600|1017600|1017600|3532800|3513600|36600|23700|0|no
1789995169|2400000|2400000|2400000|2400000|2400000|2745600|1017600|1017600|3532800|3513600|36600|23700|0|no
1789995170|2400000|2400000|2400000|2400000|2400000|2400000|1017600|1017600|3532800|3513600|36600|23700|0|no
1789995170|2400000|2400000|2400000|2400000|2400000|2400000|1017600|1017600|3532800|3513600|36600|23700|0|no
1789995170|2745600|3072000|3072000|2745600|2745600|2400000|1017600|1017600|3532800|3513600|39000|23700|0|no
1789995170|2745600|3072000|3072000|2745600|2745600|2400000|1017600|1017600|3532800|3513600|39000|23700|0|no
1789995171|2745600|2400000|2400000|1785600|1785600|1785600|1017600|1017600|3532800|3513600|36600|23700|0|no
1789995171|2745600|2400000|2400000|1785600|1785600|1785600|1017600|1017600|3532800|3513600|37000|23700|0|no
1789995172|2400000|2400000|2400000|2400000|2400000|2400000|1017600|1017600|3532800|3513600|36600|23700|0|no
1789995172|2400000|2400000|2400000|2400000|2400000|2400000|1017600|1017600|3532800|3513600|36300|23700|0|no
1789995172|2400000|3072000|3072000|3072000|2400000|2400000|1017600|1017600|3532800|3513600|36300|23700|0|no
1789995172|2400000|3072000|3072000|3072000|2400000|2400000|1017600|1017600|3532800|3513600|36300|23700|0|no
1789995173|2745600|2400000|2400000|1996800|1996800|1785600|1017600|1017600|3532800|3513600|36300|23800|0|no
1789995173|2745600|2400000|2400000|1996800|1996800|1785600|1017600|1017600|3532800|3513600|36300|23800|0|no
1789995173|1363200|2400000|2400000|2400000|2400000|2400000|1017600|1017600|3532800|3513600|36300|23800|0|no
1789995173|1363200|2400000|2400000|2400000|2400000|2400000|1017600|1017600|3532800|3513600|36300|23800|0|no
1789995174|2400000|2400000|2400000|2400000|2400000|2400000|1017600|1017600|3532800|3513600|35900|23800|0|no
1789995174|2400000|2400000|2400000|2400000|2400000|2400000|1017600|1017600|3532800|3513600|35500|23800|0|no
1789995175|2400000|2400000|2400000|2400000|2400000|2400000|1017600|1017600|3532800|3513600|35900|23800|0|no
1789995175|2400000|2400000|2400000|2400000|2400000|2400000|1017600|1017600|3532800|3513600|35500|23800|0|no
1789995175|960000|2400000|2400000|2400000|2400000|2400000|1017600|1017600|3532800|3513600|35500|23800|0|no
1789995175|960000|2400000|2400000|2400000|2400000|2400000|1017600|1017600|3532800|3513600|35500|23800|0|no
1789995176|2400000|2400000|2400000|2400000|2400000|2400000|1017600|1017600|3532800|3513600|35100|23800|0|no
1789995176|2400000|2400000|2400000|2400000|2400000|2400000|1017600|1017600|3532800|3513600|35100|23800|0|no
1789995177|960000|1152000|2400000|2400000|2400000|2400000|1017600|1017600|3532800|3513600|35100|23800|0|no
1789995177|960000|1152000|2400000|2400000|2400000|2400000|1017600|1017600|3532800|3513600|35100|23800|0|no
1789995177|3072000|3072000|2400000|2400000|2400000|2400000|1017600|1017600|3532800|3513600|35500|23800|0|no
1789995177|3072000|3072000|2400000|2400000|2400000|2400000|1017600|1017600|3532800|3513600|35500|23800|0|no
1789995178|2400000|2400000|2227200|2227200|2227200|2400000|1017600|1017600|3532800|3513600|35100|23800|0|no
1789995178|2400000|2400000|2227200|2227200|2227200|2400000|1017600|1017600|3532800|3513600|35100|23800|0|no
1789995179|1152000|2400000|3072000|2400000|2918400|2918400|1017600|1017600|3532800|3513600|35500|23800|0|no
1789995179|1152000|2400000|3072000|2400000|2918400|2918400|1017600|1017600|3532800|3513600|35500|23800|0|no
1789995179|2400000|2400000|1996800|1996800|2745600|2400000|1017600|1017600|3532800|3513600|35100|23800|0|no
1789995179|2400000|2400000|1996800|1996800|2745600|2400000|1017600|1017600|3532800|3513600|35100|23800|0|no
1789995180|1996800|1996800|1996800|1785600|1785600|1996800|1017600|1017600|3532800|3513600|35100|23800|0|no
1789995180|1996800|1996800|1785600|1785600|1785600|1996800|1017600|1017600|3532800|3513600|35100|23800|0|no
1789995180|2400000|2400000|2400000|2400000|2400000|2400000|1017600|1017600|3532800|3513600|34700|23800|0|no
1789995180|2400000|2400000|2400000|2400000|2400000|2400000|1017600|1017600|3532800|3513600|34700|23800|0|no
1789995181|960000|2745600|2400000|2745600|2400000|2400000|1017600|1017600|3532800|3513600|34700|23800|0|no
1789995181|960000|2745600|2400000|2745600|2400000|2400000|1017600|1017600|3532800|3513600|34700|23800|0|no
1789995182|2400000|2400000|2400000|2745600|2400000|2400000|1017600|1017600|3532800|3513600|34700|23800|0|no
1789995182|2400000|2400000|2400000|2745600|2400000|2400000|1017600|1017600|3532800|3513600|34700|23800|0|no
1789995182|2400000|2400000|2400000|2400000|2400000|2400000|1017600|1017600|3532800|3513600|34700|23800|0|no
1789995182|2400000|2400000|2400000|2400000|2400000|2400000|1017600|1017600|3532800|3513600|34700|23800|0|no
1789995183|2400000|2400000|2400000|2400000|2400000|2400000|1017600|1017600|3532800|3513600|34300|23800|0|no
1789995183|2400000|2400000|2400000|2400000|2400000|2400000|1017600|1017600|3532800|3513600|34300|23800|0|no
1789995184|2400000|2227200|2227200|2227200|2400000|2400000|1017600|1017600|3532800|3513600|34300|23800|0|no
1789995184|2400000|2227200|2227200|2227200|2400000|2400000|1017600|1017600|3532800|3513600|34300|23800|0|no
1789995184|960000|1152000|2400000|3072000|3072000|3072000|1017600|1017600|3532800|3513600|34700|23800|0|no
1789995184|960000|1152000|2400000|3072000|3072000|2745600|1017600|1017600|3532800|3513600|34700|23800|0|no
1789995185|2400000|3072000|3072000|3072000|3072000|3072000|1017600|1017600|3532800|3513600|34700|23800|0|no
1789995185|2400000|3072000|3072000|3072000|3072000|3072000|1017600|1017600|3532800|3513600|34300|23800|0|no
1789995185|1785600|1785600|1785600|1785600|1785600|2400000|1017600|1017600|3532800|3513600|34300|23800|0|no
1789995185|1785600|1785600|1785600|1785600|2400000|2400000|1017600|1017600|3532800|3513600|34300|23800|0|no
1789995186|2400000|2400000|2400000|2400000|2400000|2400000|1017600|1017600|3532800|3513600|33900|23800|0|no
1789995186|2400000|2400000|2400000|2400000|2400000|2400000|1017600|1017600|3532800|3513600|33900|23800|0|no
1789995187|960000|1363200|2400000|2400000|3072000|3072000|1017600|1017600|3532800|3513600|33900|23800|0|no
1789995187|960000|1363200|2400000|2400000|3072000|3072000|1017600|1017600|3532800|3513600|33900|23800|0|no
1789995187|2400000|2400000|2400000|2400000|2400000|2400000|1017600|1017600|3532800|3513600|33900|23800|0|no
1789995187|2400000|2400000|2400000|2400000|2400000|2400000|1017600|1017600|3532800|3513600|33900|23800|0|no
1789995188|2400000|2400000|2400000|2400000|2400000|2400000|1017600|1017600|3532800|3513600|33600|23900|0|no
1789995188|2400000|2400000|2400000|2400000|2400000|2400000|1017600|1017600|3532800|3513600|33600|23900|0|no
1789995189|1785600|1785600|1785600|1785600|1785600|1152000|1017600|1017600|3532800|3513600|33600|23900|0|no
1789995189|1785600|1785600|1785600|1785600|1152000|1152000|1017600|1017600|3532800|3513600|33600|23900|0|no
1789995189|2745600|2745600|2745600|2400000|2918400|2918400|1017600|1017600|3532800|3513600|33900|23900|0|no
1789995189|2745600|2745600|2745600|2400000|2745600|2918400|1017600|1017600|3532800|3513600|34300|23900|0|no
1789995190|2400000|2400000|2400000|2400000|3072000|2400000|1017600|1017600|3532800|3513600|33900|23900|0|no
1789995190|2400000|2400000|2400000|2400000|3072000|2400000|1017600|1017600|3532800|3513600|33900|23900|0|no
1789995190|2400000|2400000|2400000|2400000|2400000|2400000|1017600|1017600|3532800|3513600|33900|23900|0|no
1789995190|2400000|2400000|2400000|2400000|2400000|2400000|1017600|1017600|3532800|3513600|33900|23900|0|no
1789995191|1996800|2400000|2400000|2400000|2400000|2400000|1017600|1017600|3532800|3513600|33600|23900|0|no
1789995191|1996800|2400000|2400000|2400000|2400000|2400000|1017600|1017600|3532800|3513600|33600|23900|0|no
1789995192|2400000|1996800|1996800|1996800|2227200|2227200|1017600|1017600|3532800|3513600|33600|23900|0|no
1789995192|2400000|1996800|1996800|1996800|2227200|2227200|1017600|1017600|3532800|3513600|33600|23900|0|no
1789995192|1785600|1785600|1363200|1363200|1363200|1363200|1017600|1017600|3532800|3513600|33600|23900|0|no
1789995192|1785600|1785600|1363200|1363200|1363200|1363200|1017600|1017600|3532800|3513600|33600|23900|0|no
1789995193|960000|960000|960000|1152000|2400000|2745600|1017600|1017600|3532800|3513600|33600|23900|0|no
1789995193|960000|960000|960000|1152000|2400000|2745600|1017600|1017600|3532800|3513600|33600|23900|0|no
1789995194|2400000|2227200|2227200|2227200|2400000|2400000|1017600|1017600|3532800|3513600|33600|23900|0|no
1789995194|2400000|2227200|2227200|2227200|2400000|2400000|1017600|1017600|3532800|3513600|33600|23900|0|no
1789995194|2400000|3072000|3072000|3072000|3072000|3072000|1017600|1017600|3532800|3513600|33200|23900|0|no
1789995194|2400000|3072000|2745600|3072000|3072000|3072000|1017600|1017600|3532800|3513600|33600|23900|0|no
1789995195|2745600|2400000|3072000|3072000|3072000|2745600|1017600|1017600|3532800|3513600|33200|23900|0|no
1789995195|2745600|2400000|3072000|3072000|3072000|3072000|1017600|1017600|3532800|3513600|33200|23900|0|no
1789995195|2400000|2400000|2400000|2400000|2400000|2400000|1017600|1017600|3532800|3513600|33900|23900|0|no
1789995195|2400000|2400000|2745600|2400000|2400000|2400000|1017600|1017600|3532800|3513600|33900|23900|0|no
1789995196|2745600|2400000|2400000|2400000|2400000|2227200|1017600|1017600|3532800|3513600|33600|23900|0|no
1789995196|2745600|2400000|2400000|2400000|2227200|2227200|1017600|1017600|3532800|3513600|33600|23900|0|no
1789995197|2400000|2400000|2400000|2400000|2227200|2227200|1017600|1017600|3532800|3513600|33600|23900|0|no
1789995197|2400000|2400000|2400000|2400000|2227200|2227200|1017600|1017600|3532800|3513600|33600|23900|0|no
1789995197|2400000|1785600|1785600|2745600|2745600|2400000|1017600|1017600|3532800|3513600|33200|23900|0|no
1789995197|2400000|1785600|1785600|2745600|2745600|2400000|1017600|1017600|3532800|3513600|33200|23900|0|no
1789995198|2400000|2400000|2400000|2400000|2400000|3072000|1017600|1017600|3532800|3513600|33600|23900|0|no
1789995198|2400000|2400000|2400000|2400000|2400000|3072000|1017600|1017600|3532800|3513600|33600|23900|0|no
1789995199|2400000|2400000|2400000|2400000|2400000|2400000|1017600|1017600|3532800|3513600|32800|23900|0|no
1789995199|2400000|2400000|2400000|2400000|2400000|2400000|1017600|1017600|3532800|3513600|33200|23900|0|no
1789995199|2400000|2400000|2400000|2400000|2400000|2400000|1017600|1017600|3532800|3513600|33200|23900|0|no
1789995199|2400000|2400000|2400000|2400000|2400000|2400000|1017600|1017600|3532800|3513600|33200|23900|0|no
1789995200|2400000|2400000|2400000|2400000|2400000|2400000|1017600|1017600|3532800|3513600|33200|23900|0|no
1789995200|2400000|2400000|2400000|2400000|2400000|2400000|1017600|1017600|3532800|3513600|33200|23900|0|no
1789995200|1363200|2400000|2400000|2400000|2400000|2400000|1017600|1017600|3532800|3513600|33200|23900|0|no
1789995200|1363200|2400000|2400000|2400000|2400000|2400000|1017600|1017600|3532800|3513600|33200|23900|0|no
1789995201|2400000|2400000|2400000|2400000|2400000|2400000|1017600|1017600|3532800|3513600|32800|23900|0|no
1789995201|2400000|2400000|2400000|2400000|2400000|2400000|1017600|1017600|3532800|3513600|32800|23900|0|no
1789995202|2400000|2400000|2400000|2400000|2400000|2400000|1017600|1017600|3532800|3513600|32800|23900|0|no
1789995202|2400000|2400000|2400000|2400000|2400000|2400000|1017600|1017600|3532800|3513600|32800|23900|0|no
1789995202|2400000|2400000|2400000|2400000|2400000|2400000|1017600|1017600|3532800|3513600|33200|23900|0|no
1789995202|2400000|2400000|2400000|2400000|2400000|2400000|1017600|1017600|3532800|3513600|33200|23900|0|no
1789995203|2400000|2400000|2400000|3072000|3072000|2745600|1017600|1017600|3532800|3513600|32800|23900|0|no
1789995203|2400000|2400000|2400000|3072000|3072000|2745600|1017600|1017600|3532800|3513600|32800|23900|0|no
1789995204|2400000|2400000|2400000|2400000|2227200|2227200|1017600|1017600|3532800|3513600|33200|23900|0|no
1789995204|2400000|2400000|2400000|2400000|2227200|2227200|1017600|1017600|3532800|3513600|33200|23900|0|no
1789995204|2400000|2400000|2400000|2400000|2400000|2400000|1017600|1017600|3532800|3513600|33200|23900|0|no
1789995204|2400000|2400000|2400000|2400000|2400000|1785600|1017600|1017600|3532800|3513600|32800|23900|0|no
1789995205|2400000|2400000|2227200|2227200|2227200|2227200|1017600|1017600|3532800|3513600|32800|23900|0|no
1789995205|2400000|2400000|2227200|2227200|2227200|2227200|1017600|1017600|3532800|3513600|32400|23900|0|no
1789995205|2400000|2400000|2400000|2400000|1996800|1996800|1017600|1017600|3532800|3513600|32800|23900|0|no
1789995205|2400000|2400000|2400000|2400000|1996800|1996800|1017600|1017600|3532800|3513600|32800|23900|0|no
1789995206|2400000|2400000|2400000|2400000|2400000|2400000|1017600|1017600|3532800|3513600|32800|23900|0|no
1789995206|2400000|2400000|2400000|2400000|2400000|2400000|1017600|1017600|3532800|3513600|32800|23900|0|no
1789995207|2400000|2400000|2400000|2400000|2400000|2400000|1017600|1017600|3532800|3513600|32800|23900|0|no
1789995207|2400000|2400000|2400000|2400000|2400000|2400000|1017600|1017600|3532800|3513600|32800|23900|0|no
1789995207|2400000|2400000|2400000|2227200|2227200|2227200|1017600|1017600|3532800|3513600|32800|23900|0|no
1789995207|2400000|2400000|2400000|2227200|2227200|2227200|1017600|1017600|3532800|3513600|32800|23900|0|no
1789995208|2400000|2400000|2400000|2400000|2400000|2400000|1017600|1017600|3532800|3513600|32400|23900|0|no
1789995208|2400000|2400000|2400000|2400000|2400000|2400000|1017600|1017600|3532800|3513600|32400|23900|0|no
1789995209|960000|2400000|2400000|2400000|2400000|2400000|1017600|1017600|3532800|3513600|32400|23900|0|no
1789995209|960000|2400000|2400000|2400000|2400000|2400000|1017600|1017600|3532800|3513600|32400|23900|0|no
1789995209|2400000|1996800|1996800|1785600|1785600|1785600|1017600|1017600|3532800|3513600|32400|23900|0|no
1789995209|2400000|1996800|1996800|1785600|1785600|1785600|1017600|1017600|3532800|3513600|32400|23900|0|no
1789995210|2400000|2400000|2400000|2400000|2227200|2227200|1017600|1017600|3532800|3513600|32400|23900|0|no
1789995210|2400000|2400000|2400000|2400000|2227200|2227200|1017600|1017600|3532800|3513600|32400|23900|0|no
1789995210|2400000|1996800|1996800|1996800|2227200|2227200|1017600|1017600|3532800|3513600|32400|23900|0|no
1789995210|2400000|1996800|1996800|1996800|2227200|2227200|1017600|1017600|3532800|3513600|32400|23900|0|no
1789995211|2400000|2400000|2400000|2400000|2400000|2400000|1017600|1017600|3532800|3513600|32400|23900|0|no
1789995211|2400000|2400000|2400000|2400000|2400000|2400000|1017600|1017600|3532800|3513600|32400|23900|0|no
1789995212|2400000|2400000|2400000|2400000|2400000|2400000|1017600|1017600|3532800|3513600|32400|23900|0|no
1789995212|2400000|2400000|2400000|2400000|2400000|2400000|1017600|1017600|3532800|3513600|32400|23900|0|no
1789995212|2400000|2745600|2400000|2400000|2400000|2400000|1017600|1017600|3532800|3513600|32000|23900|0|no
1789995212|2400000|2745600|2400000|2400000|2400000|2400000|1017600|1017600|3532800|3513600|32000|23900|0|no
1789995213|2400000|2400000|2400000|2400000|2400000|2400000|1017600|1017600|3532800|3513600|32400|23900|0|no
1789995213|2400000|2400000|2400000|2400000|2400000|2400000|1017600|1017600|3532800|3513600|32400|23900|0|no
1789995214|2400000|2400000|2400000|2227200|2227200|2227200|1017600|1017600|3532800|3513600|32400|23900|0|no
1789995214|1363200|2400000|2400000|2227200|2227200|2227200|1017600|1017600|3532800|3513600|32400|23900|0|no
1789995214|2400000|2400000|2400000|2400000|1996800|1996800|1017600|1017600|3532800|3513600|32000|23900|0|no
1789995214|2400000|2400000|2400000|2400000|1996800|1996800|1017600|1017600|3532800|3513600|32000|23900|0|no
1789995215|2400000|2400000|2400000|2400000|2400000|2400000|1017600|1017600|3532800|3513600|32400|23900|0|no
1789995215|2400000|2400000|2400000|2400000|2400000|2400000|1017600|1017600|3532800|3513600|32400|23900|0|no
1789995215|2745600|2400000|2400000|2400000|2400000|2400000|1017600|1017600|3532800|3513600|32400|23900|0|no
1789995215|2745600|2400000|2400000|2400000|2400000|2400000|1017600|1017600|3532800|3513600|32400|23900|0|no
1789995216|2400000|2745600|2400000|2400000|2400000|2400000|1017600|1017600|3532800|3513600|32400|23900|0|no
1789995216|2400000|2745600|2400000|2400000|2400000|2400000|1017600|1017600|3532800|3513600|32400|23900|0|no
1789995217|2400000|2400000|2400000|2400000|2400000|2400000|1017600|1017600|3532800|3513600|32800|23900|0|no
1789995217|2400000|2400000|2400000|2400000|2400000|2400000|1017600|1017600|3532800|3513600|32800|23900|0|no
1789995217|2400000|2400000|2400000|2227200|2227200|2227200|1017600|1017600|3532800|3513600|32400|23900|0|no
1789995217|2400000|2400000|2400000|2227200|2227200|2227200|1017600|1017600|3532800|3513600|32400|23900|0|no
1789995218|2400000|2400000|2400000|2400000|2400000|2400000|1017600|1017600|3532800|3513600|32000|23900|0|no
1789995218|2400000|2400000|2400000|2400000|2400000|2400000|1017600|1017600|3532800|3513600|32000|23900|0|no
1789995219|2400000|2227200|2227200|2227200|1555200|1555200|1017600|1017600|3532800|3513600|32000|23900|0|no
1789995219|2400000|2227200|2227200|2227200|1555200|1555200|1017600|1017600|3532800|3513600|32000|23900|0|no
1789995219|2400000|2400000|2400000|2400000|2400000|2400000|1017600|1017600|3532800|3513600|32000|23900|0|no
1789995219|2400000|2400000|2400000|2400000|2400000|2400000|1017600|1017600|3532800|3513600|32000|23900|0|no
1789995220|2400000|2400000|1996800|1996800|1785600|1785600|1017600|1017600|3532800|3513600|32000|23900|0|no
1789995220|2400000|2400000|1996800|1996800|1785600|1785600|1017600|1017600|3532800|3513600|32000|23900|0|no
1789995220|748800|2400000|2400000|1785600|1785600|2400000|1017600|1017600|3532800|3513600|32000|23900|0|no
1789995220|748800|2400000|2400000|1785600|1785600|2400000|1017600|1017600|3532800|3513600|32000|23900|0|no
1789995221|2400000|2400000|2227200|2227200|2227200|3072000|1017600|1017600|3532800|3513600|32000|23900|0|no
1789995221|2400000|2400000|2227200|2227200|2227200|3072000|1017600|1017600|3532800|3513600|32000|23900|0|no
1789995222|2400000|2400000|2400000|2400000|2400000|2400000|1017600|1017600|3532800|3513600|32400|23900|0|no
1789995222|2400000|2400000|2400000|2400000|2400000|2400000|1017600|1017600|3532800|3513600|32400|23900|0|no
1789995222|1555200|1555200|2400000|2400000|2400000|2400000|1017600|1017600|3532800|3513600|32000|23900|0|no
1789995222|1555200|1555200|2400000|2400000|2400000|2400000|1017600|1017600|3532800|3513600|32000|23900|0|no
1789995223|2400000|2400000|2400000|2400000|2400000|2400000|1017600|1017600|3532800|3513600|31600|23900|0|no
1789995223|2400000|2400000|2400000|2400000|2400000|2400000|1017600|1017600|3532800|3513600|31600|23900|0|no
1789995224|1555200|1363200|1555200|1555200|1785600|1785600|1017600|1017600|3532800|3513600|31600|23900|0|no
1789995224|1555200|1363200|1555200|1555200|1785600|1785600|1017600|1017600|3532800|3513600|31600|23900|0|no
1789995224|960000|2400000|2400000|2400000|2400000|2400000|1017600|1017600|3532800|3513600|31600|23900|0|no
1789995224|960000|2400000|2400000|2400000|2400000|2400000|1017600|1017600|3532800|3513600|31600|23900|0|no
1789995225|2400000|2227200|2227200|2227200|2400000|2400000|1017600|1017600|3532800|3513600|31600|23900|0|no
1789995225|2400000|2227200|2227200|2227200|2400000|2400000|1017600|1017600|3532800|3513600|31600|23900|0|no
1789995225|2400000|2400000|2400000|2400000|2400000|2400000|1017600|1017600|3532800|3513600|31600|23900|0|no
1789995225|2400000|2400000|2400000|2400000|2400000|2400000|1017600|1017600|3532800|3513600|32000|23900|0|no
1789995226|2400000|2400000|2400000|2400000|2745600|2400000|1017600|1017600|3532800|3513600|31600|23900|0|no
1789995226|2400000|2400000|2400000|2400000|2745600|2400000|1017600|1017600|3532800|3513600|31600|23900|0|no
1789995227|2400000|2400000|2400000|2400000|2400000|2400000|1017600|1017600|3532800|3513600|31600|23900|0|no
1789995227|2400000|2400000|2400000|2400000|2400000|2400000|1017600|1017600|3532800|3513600|31600|23900|0|no
1789995227|2400000|2400000|2400000|2400000|2400000|2400000|1017600|1017600|3532800|3513600|32800|23900|0|no
1789995227|2400000|2400000|2400000|2400000|2400000|2400000|1017600|1017600|3532800|3513600|32800|23900|0|no
1789995228|2400000|2400000|1996800|1996800|2745600|2745600|1017600|1017600|3532800|3513600|32000|23900|0|no
1789995228|2400000|2400000|1996800|1996800|2745600|2745600|1017600|1017600|3532800|3513600|32000|23900|0|no
1789995229|2400000|2400000|2400000|2400000|2400000|2400000|1017600|1017600|3532800|3513600|32000|23900|0|no
1789995229|2400000|2400000|2400000|2400000|2400000|2400000|1017600|1017600|3532800|3513600|31600|23900|0|no
1789995229|2400000|2400000|2400000|2400000|2745600|2745600|1017600|1017600|3532800|3513600|32000|23900|0|no
1789995229|2400000|2400000|2400000|2400000|2745600|2745600|1017600|1017600|3532800|3513600|32000|23900|0|no
1789995230|2400000|2400000|2400000|2400000|2400000|2400000|1017600|1017600|3532800|3513600|32000|23900|0|no
1789995230|2400000|2400000|2400000|2400000|2400000|2400000|1017600|1017600|3532800|3513600|32000|23900|0|no
1789995230|2400000|2400000|2400000|2227200|2227200|2227200|1017600|1017600|3532800|3513600|32000|23900|0|no
1789995230|2400000|2400000|2400000|2227200|2227200|2227200|1017600|1017600|3532800|3513600|32000|23900|0|no
1789995231|2400000|2400000|2400000|2400000|2400000|2227200|1017600|1017600|3532800|3513600|31600|23900|0|no
1789995231|2400000|2400000|2400000|2400000|2400000|2227200|1017600|1017600|3532800|3513600|31600|23900|0|no
1789995232|3072000|3072000|3072000|3072000|3072000|3072000|1017600|1017600|3532800|3513600|32400|23900|0|no
1789995232|3072000|3072000|3072000|3072000|3072000|3072000|1017600|1017600|3532800|3513600|32800|23900|0|no
1789995232|3072000|2400000|2400000|3072000|2400000|2745600|1017600|1017600|3532800|3513600|32400|23900|0|no
1789995232|3072000|2400000|2400000|3072000|2400000|2745600|1017600|1017600|3532800|3513600|32400|23900|0|no
1789995233|2400000|2400000|2400000|2400000|2400000|2400000|1017600|1017600|3532800|3513600|31600|23900|0|no
1789995233|2400000|2400000|2400000|2400000|2400000|2400000|1017600|1017600|3532800|3513600|31600|23900|0|no
1789995234|2400000|2400000|2400000|2400000|2400000|2400000|1017600|1017600|3532800|3513600|32000|23900|0|no
1789995234|2400000|2400000|2400000|2400000|2400000|2400000|1017600|1017600|3532800|3513600|31600|23900|0|no
1789995234|2400000|2400000|2400000|2400000|2400000|2400000|1017600|1017600|3532800|3513600|31600|23900|0|no
1789995234|2400000|2400000|2400000|2400000|2400000|2400000|1017600|1017600|3532800|3513600|31600|23900|0|no
1789995235|2400000|2400000|2400000|2400000|2400000|2400000|1017600|1017600|3532800|3513600|32000|23900|0|no
1789995235|2400000|2400000|2400000|2400000|2400000|2400000|1017600|1017600|3532800|3513600|32000|23900|0|no
1789995235|2400000|2400000|2400000|2227200|2227200|2227200|1017600|1017600|3532800|3513600|32000|23900|0|no
1789995235|2400000|2400000|2227200|2227200|2227200|2227200|1017600|1017600|3532800|3513600|32000|23900|0|no
1789995236|2400000|2400000|2400000|2400000|2400000|2400000|1017600|1017600|3532800|3513600|32000|23900|0|no
1789995236|2400000|2400000|2400000|2400000|2400000|2400000|1017600|1017600|3532800|3513600|31600|23900|0|no
1789995237|2400000|2400000|2400000|2400000|2400000|2400000|1017600|1017600|3532800|3513600|31600|23900|0|no
1789995237|2400000|2400000|2400000|2400000|2400000|2400000|1017600|1017600|3532800|3513600|31200|23900|0|no
1789995237|2400000|2400000|2400000|2400000|2400000|2400000|1017600|1017600|3532800|3513600|32000|23900|0|no
1789995237|2400000|2400000|2400000|2400000|2400000|2400000|1017600|1017600|3532800|3513600|31600|23900|0|no
1789995238|2400000|2400000|2400000|1996800|1996800|2400000|1017600|1017600|3532800|3513600|31600|23900|0|no
1789995238|2400000|2400000|2400000|1996800|1996800|2400000|1017600|1017600|3532800|3513600|31600|23900|0|no
1789995239|2400000|2400000|2400000|2400000|2400000|2400000|1017600|1017600|3532800|3513600|31600|23900|0|no
1789995239|2400000|2400000|2400000|2400000|2400000|2400000|1017600|1017600|3532800|3513600|31600|23900|0|no
1789995239|960000|1152000|1152000|2400000|2400000|2400000|1017600|1017600|3532800|3513600|31600|23900|0|no
1789995239|960000|1152000|1152000|2400000|2400000|2400000|1017600|1017600|3532800|3513600|31600|23900|0|no
1789995240|960000|2400000|2400000|2400000|2400000|2400000|1017600|1017600|3532800|3513600|31600|23900|0|no
1789995240|960000|2400000|2400000|2400000|2400000|2400000|1017600|1017600|3532800|3513600|31600|23900|0|no
1789995240|2400000|2400000|2400000|2400000|2400000|2400000|1017600|1017600|3532800|3513600|32000|23900|0|no
1789995240|2400000|2400000|2400000|2400000|2400000|2400000|1017600|1017600|3532800|3513600|32000|23900|0|no
1789995241|2400000|2400000|2400000|2400000|2400000|2400000|1017600|1017600|3532800|3513600|31600|23900|0|no
1789995241|2400000|2400000|2400000|2400000|2400000|2400000|1017600|1017600|3532800|3513600|31600|23900|0|no
1789995242|2400000|2400000|2400000|2400000|2400000|2400000|1017600|1017600|3532800|3513600|32000|23900|0|no
1789995242|2400000|2400000|2400000|2400000|2400000|2400000|1017600|1017600|3532800|3513600|32000|23900|0|no
1789995242|2400000|2400000|2400000|2400000|2400000|2400000|1017600|1017600|3532800|3513600|31200|23900|0|no
1789995242|2400000|2400000|2400000|2400000|2400000|2400000|1017600|1017600|3532800|3513600|31600|23900|0|no
1789995243|2400000|2745600|3072000|3072000|2745600|3072000|1017600|1017600|3532800|3513600|32000|23900|0|no
1789995243|2400000|2745600|3072000|3072000|2745600|3072000|1017600|1017600|3532800|3513600|32000|23900|0|no
1789995244|1152000|2400000|2400000|2400000|2400000|2400000|1017600|1017600|3532800|3513600|31600|23900|0|no
1789995244|1152000|2400000|2400000|2400000|2400000|2400000|1017600|1017600|3532800|3513600|31600|23900|0|no
1789995244|2400000|2400000|1996800|1996800|2227200|2227200|1017600|1017600|3532800|3513600|31200|23900|0|no
1789995244|2400000|2400000|1996800|1996800|2227200|2227200|1017600|1017600|3532800|3513600|31600|23900|0|no
1789995245|748800|2400000|2400000|1996800|1996800|1996800|1017600|1017600|3532800|3513600|31200|23900|0|no
1789995245|748800|2400000|2400000|1996800|1996800|1996800|1017600|1017600|3532800|3513600|31200|23900|0|no
1789995245|960000|2400000|2400000|2400000|2400000|2400000|1017600|1017600|3532800|3513600|31600|23900|0|no
1789995245|960000|2400000|2400000|2400000|2400000|2400000|1017600|1017600|3532800|3513600|31600|23900|0|no
1789995246|2400000|2400000|2400000|2400000|2400000|2400000|1017600|1017600|3532800|3513600|31200|23900|0|no
1789995246|2400000|2400000|2400000|2400000|2400000|2400000|1017600|1017600|3532800|3513600|31200|23900|0|no
1789995247|1555200|1785600|1785600|1785600|1785600|1996800|1017600|1017600|3532800|3513600|31200|23900|0|no
1789995247|1555200|1785600|1785600|1785600|1785600|1996800|1017600|1017600|3532800|3513600|31200|23900|0|no
1789995247|2400000|2400000|2400000|2400000|2400000|2227200|1017600|1017600|3532800|3513600|31200|23900|0|no
1789995247|2400000|2400000|2400000|2400000|2400000|2227200|1017600|1017600|3532800|3513600|31200|23900|0|no
1789995248|2400000|2400000|2400000|2745600|3072000|3072000|1017600|1017600|3532800|3513600|31600|23900|0|no
1789995248|2400000|2400000|2400000|2745600|3072000|3072000|1017600|1017600|3532800|3513600|31600|23900|0|no
1789995249|2227200|2227200|2400000|2400000|2400000|2400000|1017600|1017600|3532800|3513600|31600|23900|0|no
1789995249|2227200|2227200|2400000|2400000|2400000|2400000|1017600|1017600|3532800|3513600|31600|23900|0|no
1789995249|2400000|2400000|2400000|2400000|2400000|2400000|1017600|1017600|3532800|3513600|31200|23900|0|no
1789995249|2400000|2400000|2400000|2400000|2400000|2400000|1017600|1017600|3532800|3513600|31200|23900|0|no
1789995250|2745600|2400000|2400000|2400000|2227200|2227200|1017600|1017600|3532800|3513600|31200|23900|0|no
1789995250|2745600|2400000|2400000|2400000|2400000|2227200|1017600|1017600|3532800|3513600|31200|23900|0|no
1789995250|960000|2400000|2400000|2227200|2227200|2227200|1017600|1017600|3532800|3513600|31200|23900|0|no
1789995250|960000|2400000|2400000|2227200|2227200|2227200|1017600|1017600|3532800|3513600|31200|23900|0|no
1789995251|2400000|2745600|3072000|3072000|2745600|3072000|1017600|1017600|3532800|3513600|31200|23900|0|no
1789995251|2400000|2745600|3072000|3072000|2745600|3072000|1017600|1017600|3532800|3513600|31200|23900|0|no
1789995252|960000|1363200|2400000|2400000|2400000|2400000|1017600|1017600|3532800|3513600|31200|23900|0|no
1789995252|960000|1363200|2400000|2400000|2400000|2400000|1017600|1017600|3532800|3513600|31200|23900|0|no
1789995252|3072000|2400000|2400000|2400000|2400000|1785600|1017600|1017600|3532800|3513600|30800|23900|0|no
1789995252|3072000|2400000|2400000|2400000|2400000|1785600|1017600|1017600|3532800|3513600|30800|23900|0|no
1789995253|2400000|2400000|2400000|2400000|2400000|2400000|1017600|1017600|3532800|3513600|30800|23900|0|no
1789995253|2400000|2400000|2400000|2400000|2400000|2400000|1017600|1017600|3532800|3513600|30800|23900|0|no
1789995254|3072000|3072000|2745600|2745600|2745600|2745600|1017600|1017600|3532800|3513600|31200|23900|0|no
1789995254|3072000|3072000|2745600|2745600|2745600|2745600|1017600|1017600|3532800|3513600|31200|23900|0|no
1789995254|960000|960000|960000|2400000|2400000|2400000|1017600|1017600|3532800|3513600|30800|23900|0|no
1789995254|960000|960000|960000|2400000|2400000|2400000|1017600|1017600|3532800|3513600|30800|23900|0|no
1789995255|2400000|2400000|2400000|2400000|2400000|2227200|1017600|1017600|3532800|3513600|30800|23900|0|no
1789995255|2400000|2400000|2400000|2400000|2400000|2227200|1017600|1017600|3532800|3513600|31200|23900|0|no
1789995255|2400000|2400000|1996800|1996800|2227200|2227200|1017600|1017600|3532800|3513600|31600|23900|0|no
1789995255|2400000|2400000|1996800|1996800|2227200|2227200|1017600|1017600|3532800|3513600|31600|23900|0|no
1789995256|2400000|3072000|3072000|2400000|2400000|2400000|1017600|1017600|3532800|3513600|31200|23900|0|no
1789995256|2400000|3072000|3072000|2400000|2400000|2400000|1017600|1017600|3532800|3513600|31600|23900|0|no
1789995257|2400000|2400000|2400000|2400000|2400000|2400000|1017600|1017600|3532800|3513600|31200|23900|0|no
1789995257|2400000|2400000|2400000|2400000|2400000|2400000|1017600|1017600|3532800|3513600|31600|23900|0|no
1789995257|2400000|2400000|3072000|3072000|3072000|3072000|1017600|1017600|3532800|3513600|32000|23900|0|no
1789995257|2400000|2400000|2400000|3072000|3072000|3072000|1017600|1017600|3532800|3513600|31200|23900|0|no
1789995258|2400000|2400000|2400000|2745600|2745600|3072000|1017600|1017600|3532800|3513600|31600|23900|0|no
1789995258|2400000|2400000|2400000|2400000|2745600|3072000|1017600|1017600|3532800|3513600|31600|23900|0|no
1789995259|2400000|2400000|2400000|2400000|2400000|2400000|1017600|1017600|3532800|3513600|31200|23900|0|no
1789995259|2400000|2400000|2400000|2400000|2400000|2400000|1017600|1017600|3532800|3513600|31200|23900|0|no
1789995259|1152000|1152000|2400000|2400000|2400000|2400000|1017600|1017600|3532800|3513600|31200|23900|0|no
1789995259|1152000|2400000|2400000|2400000|2400000|2400000|1017600|1017600|3532800|3513600|31200|23900|0|no
1789995260|1363200|1363200|2400000|2400000|2400000|2400000|1017600|1017600|3532800|3513600|31200|23900|0|no
1789995260|1363200|1363200|2400000|2400000|2400000|2400000|1017600|1017600|3532800|3513600|31200|23900|0|no
1789995260|1555200|1555200|1152000|2745600|2745600|2400000|1017600|1017600|3532800|3513600|31600|23900|0|no
1789995260|1555200|1555200|1152000|2745600|2745600|2400000|1017600|1017600|3532800|3513600|31600|23900|0|no
1789995261|2400000|2400000|2400000|2400000|2400000|2400000|1017600|1017600|3532800|3513600|30800|23900|0|no
1789995261|2400000|2400000|2400000|2400000|2400000|2400000|1017600|1017600|3532800|3513600|30800|23900|0|no
1789995262|2400000|2400000|2400000|2400000|2400000|2400000|1017600|1017600|3532800|3513600|31600|23900|0|no
1789995262|2400000|2400000|2400000|2400000|2400000|2400000|1017600|1017600|3532800|3513600|31200|23900|0|no
1789995262|2400000|2400000|2400000|2400000|1785600|1785600|1017600|1017600|3532800|3513600|31200|23900|0|no
1789995262|2400000|2400000|2400000|2400000|1785600|1785600|1017600|1017600|3532800|3513600|31200|23900|0|no
1789995263|2400000|2400000|2400000|2400000|2400000|2400000|1017600|1017600|3532800|3513600|31200|23900|0|no
1789995263|2400000|2400000|2400000|2400000|2400000|2400000|1017600|1017600|3532800|3513600|31200|23900|0|no
1789995264|2745600|2745600|2745600|2745600|2745600|2745600|1017600|1017600|3532800|3513600|32400|23900|0|no
1789995264|2745600|2745600|2745600|2745600|2745600|2745600|1017600|1017600|3532800|3513600|32400|23900|0|no
1789995264|3072000|3072000|3072000|3072000|3072000|3072000|1017600|1017600|3532800|3513600|33900|23900|0|no
1789995264|3072000|3072000|3072000|3072000|3072000|3072000|1017600|1017600|3532800|3513600|34300|23900|0|no
1789995265|3072000|3072000|3072000|3072000|3072000|3072000|1017600|1017600|3532800|3513600|35100|23900|0|no
1789995265|3072000|3072000|3072000|3072000|3072000|3072000|1017600|1017600|3532800|3513600|35100|23900|0|no
1789995265|3072000|3072000|3072000|3072000|3072000|3072000|1017600|1017600|3532800|3513600|35100|23900|0|no
1789995265|3072000|3072000|3072000|3072000|3072000|3072000|1017600|1017600|3532800|3513600|35100|23900|0|no
1789995266|3072000|3072000|3072000|3072000|3072000|3072000|1017600|1017600|3532800|3513600|35900|23900|0|no
1789995266|3072000|3072000|3072000|3072000|3072000|3072000|1017600|1017600|3532800|3513600|35900|23900|0|no
1789995266|3072000|3072000|3072000|3072000|3072000|3072000|1017600|1017600|3532800|3513600|35900|23900|0|no
1789995266|3072000|3072000|3072000|3072000|3072000|3072000|1017600|1017600|3532800|3513600|35900|23900|0|no
1789995267|3072000|3072000|3072000|3072000|3072000|3072000|1017600|1017600|3532800|3513600|35900|23900|0|no
1789995267|3072000|3072000|3072000|3072000|3072000|3072000|1017600|1017600|3532800|3513600|35500|23900|0|no
1789995268|3072000|3072000|3072000|3072000|3072000|3072000|1017600|1017600|3532800|3513600|36600|23900|0|no
1789995268|3072000|3072000|3072000|3072000|3072000|3072000|1017600|1017600|3532800|3513600|36600|23900|0|no
1789995268|3072000|3072000|3072000|3072000|3072000|3072000|1017600|1017600|3532800|3513600|36600|23900|0|no
1789995268|3072000|3072000|3072000|3072000|3072000|3072000|1017600|1017600|3532800|3513600|36300|23900|0|no
1789995269|3072000|3072000|3072000|3072000|3072000|3072000|1017600|1017600|3532800|3513600|36600|23900|0|no
1789995269|3072000|3072000|3072000|3072000|3072000|3072000|1017600|1017600|3532800|3513600|36600|23900|0|no
1789995269|3072000|3072000|3072000|3072000|3072000|3072000|1017600|1017600|3532800|3513600|37000|23900|0|no
1789995269|3072000|3072000|3072000|3072000|3072000|3072000|1017600|1017600|3532800|3513600|36600|23900|0|no
1789995270|3072000|3072000|3072000|3072000|3072000|3072000|1017600|1017600|3532800|3513600|36600|23900|0|no
1789995270|3072000|3072000|3072000|3072000|3072000|3072000|1017600|1017600|3532800|3513600|36600|23900|0|no
1789995271|3072000|3072000|3072000|3072000|3072000|3072000|1017600|1017600|3532800|3513600|36600|23900|0|no
1789995271|3072000|3072000|3072000|3072000|3072000|3072000|1017600|1017600|3532800|3513600|36600|23900|0|no
1789995271|3072000|3072000|3072000|3072000|3072000|3072000|1017600|1017600|3532800|3513600|36300|23900|0|no
1789995271|3072000|3072000|3072000|3072000|3072000|3072000|1017600|1017600|3532800|3513600|36600|23900|0|no
1789995272|3072000|3072000|3072000|3072000|3072000|3072000|1017600|1017600|3532800|3513600|37000|23900|0|no
1789995272|3072000|3072000|3072000|3072000|3072000|3072000|1017600|1017600|3532800|3513600|37000|23900|0|no
1789995272|3072000|3072000|3072000|3072000|3072000|3072000|1017600|1017600|3532800|3513600|34700|23900|0|no
1789995272|3072000|3072000|3072000|3072000|3072000|3072000|1017600|1017600|3532800|3513600|34700|23900|0|no
1789995273|1152000|1152000|2400000|2400000|2400000|2400000|1017600|1017600|3532800|3513600|33600|23900|0|no
1789995273|1152000|1152000|2400000|2400000|2400000|2400000|1017600|1017600|3532800|3513600|33600|23900|0|no
1789995274|2400000|2227200|2227200|2227200|2400000|2400000|1017600|1017600|3532800|3513600|33600|23900|0|no
1789995274|2400000|2227200|2227200|2227200|2400000|2400000|1017600|1017600|3532800|3513600|33600|23900|0|no
1789995274|2400000|2400000|2400000|2227200|2227200|2227200|1017600|1017600|3532800|3513600|32800|23900|0|no
1789995274|2400000|2400000|2400000|2227200|2227200|2227200|1017600|1017600|3532800|3513600|32800|23900|0|no
1789995275|2400000|2400000|2400000|2400000|2400000|2400000|1017600|1017600|3532800|3513600|32400|23900|0|no
1789995275|2400000|2400000|2400000|2400000|2400000|2400000|1017600|1017600|3532800|3513600|32400|23900|0|no
1789995275|2227200|2227200|2227200|2227200|2227200|2227200|1017600|1017600|3532800|3513600|32400|23900|0|no
1789995275|2227200|2227200|2227200|2227200|2227200|2227200|1017600|1017600|3532800|3513600|32400|23900|0|no
1789995276|2400000|2400000|2227200|2227200|2227200|2400000|1017600|1017600|3532800|3513600|32400|23900|0|no
1789995276|2400000|2400000|2227200|2227200|2227200|2400000|1017600|1017600|3532800|3513600|32000|23900|0|no
1789995277|2400000|2400000|3072000|2400000|2400000|3072000|1017600|1017600|3532800|3513600|32400|23900|0|no
1789995277|2400000|2400000|3072000|2400000|2400000|3072000|1017600|1017600|3532800|3513600|32400|23900|0|no
1789995277|2400000|2400000|2400000|2400000|3072000|3072000|1017600|1017600|3532800|3513600|32400|23900|0|no
1789995277|2400000|2400000|2400000|2400000|3072000|3072000|1017600|1017600|3532800|3513600|32400|23900|0|no
1789995278|2400000|2400000|2400000|2400000|2400000|2400000|1017600|1017600|3532800|3513600|31600|23900|0|no
1789995278|2400000|2400000|2400000|2400000|2400000|2400000|1017600|1017600|3532800|3513600|31600|23900|0|no
1789995279|2400000|2400000|2400000|1785600|1785600|1785600|1017600|1017600|3532800|3513600|32000|23900|0|no
1789995279|2400000|2400000|2400000|1785600|1785600|1785600|1017600|1017600|3532800|3513600|31600|23900|0|no
1789995279|2400000|2400000|2400000|2400000|2400000|2400000|1017600|1017600|3532800|3513600|31600|23900|0|no
1789995279|2400000|2400000|2400000|2400000|2400000|2400000|1017600|1017600|3532800|3513600|31600|23900|0|no
1789995280|2400000|2400000|2400000|2400000|1996800|1996800|1017600|1017600|3532800|3513600|31600|23900|0|no
1789995280|2400000|2400000|2400000|2400000|1996800|1996800|1017600|1017600|3532800|3513600|31600|23900|0|no
1789995280|2400000|2400000|2227200|2227200|2227200|1996800|1017600|1017600|3532800|3513600|31600|23900|0|no
1789995280|2400000|2400000|2227200|2227200|2227200|1996800|1017600|1017600|3532800|3513600|31600|23900|0|no
1789995281|1152000|1152000|2400000|2400000|2400000|2400000|1017600|1017600|3532800|3513600|31200|23900|0|no
1789995281|1152000|1152000|2400000|2400000|2400000|2400000|1017600|1017600|3532800|3513600|31200|23900|0|no
1789995282|2400000|2400000|2400000|2400000|2400000|2400000|1017600|1017600|3532800|3513600|31200|23900|0|no
1789995282|2400000|2400000|2400000|2400000|2400000|2400000|1017600|1017600|3532800|3513600|31200|23900|0|no
1789995282|3072000|3072000|3072000|2745600|2400000|2400000|1017600|1017600|3532800|3513600|32000|23900|0|no
1789995282|3072000|3072000|3072000|2745600|2400000|2400000|1017600|1017600|3532800|3513600|31600|23900|0|no
1789995283|2400000|2400000|2400000|2400000|2227200|2227200|1017600|1017600|3532800|3513600|31200|23800|0|no
1789995283|2400000|2400000|2400000|2400000|2227200|2227200|1017600|1017600|3532800|3513600|31200|23800|0|no
1789995284|2400000|2400000|2400000|2400000|2400000|2400000|1017600|1017600|3532800|3513600|31600|23800|0|no
1789995284|2400000|2400000|2400000|2400000|2400000|2400000|1017600|1017600|3532800|3513600|31600|23800|0|no
1789995284|2400000|2227200|2227200|2227200|2745600|2400000|1017600|1017600|3532800|3513600|31600|23800|0|no
1789995284|2400000|2227200|2227200|2227200|2745600|2400000|1017600|1017600|3532800|3513600|31200|23800|0|no
1789995285|2400000|2400000|2400000|3072000|3072000|2400000|1017600|1017600|3532800|3513600|31200|23800|0|no
1789995285|2400000|2400000|2400000|3072000|3072000|2400000|1017600|1017600|3532800|3513600|31600|23800|0|no
1789995285|2400000|2400000|2400000|2400000|2227200|2227200|1017600|1017600|3532800|3513600|31200|23800|0|no
1789995285|2400000|2400000|2400000|2400000|2227200|2227200|1017600|1017600|3532800|3513600|31200|23800|0|no
1789995286|2400000|2400000|2400000|2400000|2745600|2400000|1017600|1017600|3532800|3513600|31200|23800|0|no
1789995286|2400000|2400000|2400000|2400000|2745600|2400000|1017600|1017600|3532800|3513600|31200|23800|0|no
1789995287|2400000|2400000|2400000|2400000|2400000|2400000|1017600|1017600|3532800|3513600|31600|23800|0|no
1789995287|2400000|2400000|2400000|2400000|2400000|2400000|1017600|1017600|3532800|3513600|31600|23800|0|no
1789995287|1785600|2745600|2745600|2400000|2400000|2400000|1017600|1017600|3532800|3513600|31600|23800|0|no
1789995287|1785600|2745600|2745600|2400000|2400000|2400000|1017600|1017600|3532800|3513600|31600|23800|0|no
1789995288|2400000|2400000|2400000|2400000|2400000|2400000|1017600|1017600|3532800|3513600|32000|23800|0|no
1789995288|2400000|2400000|2400000|2400000|2400000|2400000|1017600|1017600|3532800|3513600|32000|23800|0|no
1789995288|2400000|2400000|1996800|1996800|2400000|2400000|1017600|1017600|3532800|3513600|31600|23800|0|no
1789995288|2400000|2400000|1996800|1996800|2400000|2400000|1017600|1017600|3532800|3513600|31600|23800|0|no
1789995289|2745600|2745600|3072000|3072000|3072000|3072000|1017600|1017600|3532800|3513600|33900|23800|0|no
1789995289|2745600|2745600|3072000|3072000|3072000|3072000|1017600|1017600|3532800|3513600|33900|23800|0|no
1789995290|2400000|2400000|2400000|2400000|2400000|2400000|1017600|1017600|3532800|3513600|34700|23800|0|no
1789995290|2400000|2400000|2400000|2400000|2400000|2400000|1017600|1017600|3532800|3513600|34700|23800|0|no
1789995290|960000|2400000|2400000|2400000|2400000|2400000|1017600|1017600|3532800|3513600|33900|23800|0|no
1789995290|960000|2400000|2400000|2400000|2400000|2400000|1017600|1017600|3532800|3513600|33900|23800|0|no
1789995291|2400000|2400000|2400000|2400000|2400000|2400000|1017600|1017600|3532800|3513600|32800|23800|0|no
1789995291|2400000|2400000|2400000|2400000|2400000|2400000|1017600|1017600|3532800|3513600|32800|23800|0|no
1789995292|1152000|1152000|1152000|2400000|2400000|1996800|1017600|1017600|3532800|3513600|32400|23800|0|no
1789995292|1152000|1152000|1152000|2400000|2400000|1996800|1017600|1017600|3532800|3513600|32400|23800|0|no
1789995292|1152000|2400000|3072000|3072000|3072000|3072000|1017600|1017600|3532800|3513600|32400|23800|0|no
1789995292|1152000|2400000|3072000|3072000|3072000|3072000|1017600|1017600|3532800|3513600|32800|23800|0|no
1789995293|2400000|2400000|1996800|1996800|2745600|2400000|1017600|1017600|3532800|3513600|31600|23800|0|no
1789995293|2400000|2400000|1996800|1996800|2745600|2400000|1017600|1017600|3532800|3513600|31600|23800|0|no
1789995294|3072000|3072000|3072000|2400000|2400000|2400000|1017600|1017600|3532800|3513600|32000|23800|0|no
1789995294|3072000|3072000|3072000|2400000|2400000|2400000|1017600|1017600|3532800|3513600|32000|23800|0|no
1789995294|1785600|2400000|2400000|2400000|2400000|2400000|1017600|1017600|3532800|3513600|31600|23800|0|no
1789995294|1785600|2400000|2400000|2400000|2400000|2400000|1017600|1017600|3532800|3513600|31200|23800|0|no
1789995295|3072000|3072000|3072000|3072000|3072000|2918400|1017600|1017600|3532800|3513600|32000|23800|0|no
1789995295|3072000|3072000|3072000|3072000|3072000|2918400|1017600|1017600|3532800|3513600|32000|23800|0|no
1789995295|1555200|1785600|1785600|2400000|2400000|2400000|1017600|1017600|3532800|3513600|31200|23800|0|no
1789995295|1555200|1785600|1785600|2400000|2400000|2400000|1017600|1017600|3532800|3513600|31600|23800|0|no
1789995296|2400000|2400000|2400000|2400000|2400000|2745600|1017600|1017600|3532800|3513600|31600|23800|0|no
1789995296|2400000|2400000|2400000|2400000|2400000|2745600|1017600|1017600|3532800|3513600|31600|23800|0|no
1789995297|2400000|2400000|2400000|2400000|2400000|2400000|1017600|1017600|3532800|3513600|31600|23800|0|no
1789995297|2400000|2400000|2400000|2400000|2400000|2400000|1017600|1017600|3532800|3513600|31600|23800|0|no
1789995297|2400000|2400000|2400000|2400000|2400000|2400000|1017600|1017600|3532800|3513600|31200|23800|0|no
1789995297|2400000|2400000|2400000|2400000|2400000|2400000|1017600|1017600|3532800|3513600|31600|23800|0|no
1789995298|2400000|2400000|2400000|2400000|2745600|2400000|1017600|1017600|3532800|3513600|31200|23800|0|no
1789995298|2400000|2400000|2400000|2400000|2745600|2400000|1017600|1017600|3532800|3513600|31200|23800|0|no
1789995298|2400000|2400000|1996800|1996800|2400000|2400000|1017600|1017600|3532800|3513600|31600|23800|0|no
1789995298|2400000|2400000|1996800|1996800|2400000|2400000|1017600|1017600|3532800|3513600|31600|23800|0|no
1789995299|960000|2400000|2400000|2400000|2745600|2400000|1017600|1017600|3532800|3513600|30800|23800|0|no
1789995299|960000|2400000|2400000|2400000|2745600|2400000|1017600|1017600|3532800|3513600|30800|23800|0|no
1789995300|2400000|2400000|2400000|2400000|2400000|2400000|1017600|1017600|3532800|3513600|31200|23800|0|no
1789995300|2400000|2400000|2400000|2400000|2400000|2400000|1017600|1017600|3532800|3513600|31200|23800|0|no
1789995300|1785600|2745600|2400000|2400000|2227200|2227200|1017600|1017600|3532800|3513600|31600|23800|0|no
1789995300|1785600|2745600|2400000|2400000|2227200|2227200|1017600|1017600|3532800|3513600|31200|23800|0|no
1789995301|2400000|2400000|2400000|2745600|2400000|2400000|1017600|1017600|3532800|3513600|31200|23800|0|no
1789995301|2400000|2400000|2400000|2745600|2400000|2400000|1017600|1017600|3532800|3513600|31200|23800|0|no
1789995302|2400000|2400000|2400000|2400000|2400000|2400000|1017600|1017600|3532800|3513600|31200|23800|0|no
1789995302|2400000|2400000|2400000|2400000|2400000|2400000|1017600|1017600|3532800|3513600|31200|23800|0|no
1789995302|2400000|2400000|2400000|2227200|2227200|2227200|1017600|1017600|3532800|3513600|31200|23800|0|no
1789995302|2400000|2400000|2400000|2227200|2227200|2227200|1017600|1017600|3532800|3513600|30800|23800|0|no
1789995303|2400000|2400000|2400000|2400000|2400000|2227200|1017600|1017600|3532800|3513600|30800|23800|0|no
1789995303|2400000|2400000|2400000|2400000|2400000|2227200|1017600|1017600|3532800|3513600|30800|23800|0|no
1789995304|2400000|2400000|2400000|2400000|2400000|2400000|1017600|1017600|3532800|3513600|30800|23800|0|no
1789995304|2400000|2400000|2400000|2400000|2400000|2400000|1017600|1017600|3532800|3513600|30800|23800|0|no
1789995304|1555200|1555200|1785600|1785600|2400000|2400000|1017600|1017600|3532800|3513600|31200|23800|0|no
1789995304|1555200|1555200|1785600|1785600|2400000|2400000|1017600|1017600|3532800|3513600|31200|23800|0|no
1789995305|2400000|3072000|3072000|2400000|2400000|2400000|1017600|1017600|3532800|3513600|30800|23800|0|no
1789995305|2400000|3072000|3072000|2400000|2400000|2400000|1017600|1017600|3532800|3513600|30800|23800|0|no
1789995305|1363200|1785600|1785600|3072000|2400000|2400000|1017600|1017600|3532800|3513600|31200|23800|0|no
1789995305|1363200|1785600|1785600|3072000|2400000|2400000|1017600|1017600|3532800|3513600|30800|23800|0|no
1789995306|960000|1152000|2400000|2400000|2400000|2400000|1017600|1017600|3532800|3513600|30800|23800|0|no
1789995306|960000|1152000|2400000|2400000|2400000|2400000|1017600|1017600|3532800|3513600|30800|23800|0|no
1789995307|960000|1152000|1152000|1152000|1363200|1363200|1017600|1017600|3532800|3513600|30500|23800|0|no
1789995307|960000|1152000|1152000|1152000|1363200|1363200|1017600|1017600|3532800|3513600|30500|23800|0|no
1789995307|2400000|2400000|2400000|2400000|2400000|2400000|1017600|1017600|3532800|3513600|30800|23800|0|no
1789995307|2400000|2400000|2400000|2400000|2400000|2400000|1017600|1017600|3532800|3513600|30800|23800|0|no
1789995308|960000|2400000|2400000|2227200|2227200|2227200|1017600|1017600|3532800|3513600|30500|23700|0|no
1789995308|960000|2400000|2400000|2227200|2227200|2227200|1017600|1017600|3532800|3513600|30500|23700|0|no
1789995309|2400000|2400000|2400000|2400000|2227200|2227200|1017600|1017600|3532800|3513600|30500|23700|0|no
1789995309|2400000|2400000|2400000|2400000|2227200|2227200|1017600|1017600|3532800|3513600|30500|23700|0|no
1789995309|2400000|2400000|2400000|2400000|2400000|2400000|1017600|1017600|3532800|3513600|30500|23700|0|no
1789995309|2400000|2400000|2400000|2400000|2400000|2400000|1017600|1017600|3532800|3513600|30500|23700|0|no
1789995310|960000|2400000|2400000|2400000|2400000|2400000|1017600|1017600|3532800|3513600|30800|23700|0|no
1789995310|960000|2400000|2400000|2400000|2400000|2400000|1017600|1017600|3532800|3513600|30800|23700|0|no
1789995310|2400000|2400000|2745600|2400000|2400000|2745600|1017600|1017600|3532800|3513600|31200|23700|0|no
1789995310|2400000|2400000|2745600|2400000|2400000|2745600|1017600|1017600|3532800|3513600|31200|23700|0|no
1789995311|2400000|2400000|2400000|2400000|2400000|2400000|1017600|1017600|3532800|3513600|30500|23700|0|no
1789995311|2400000|2400000|2400000|2400000|2400000|2400000|1017600|1017600|3532800|3513600|30500|23700|0|no
1789995312|2400000|2400000|2400000|2400000|2400000|2400000|1017600|1017600|3532800|3513600|30500|23700|0|no
1789995312|2400000|2400000|2400000|2400000|2400000|2400000|1017600|1017600|3532800|3513600|30500|23700|0|no
1789995312|960000|2400000|2400000|2400000|2227200|2227200|1017600|1017600|3532800|3513600|30100|23700|0|no
1789995312|960000|2400000|2400000|2227200|2227200|2227200|1017600|1017600|3532800|3513600|30500|23700|0|no
1789995313|2400000|2400000|2400000|2400000|2400000|2400000|1017600|1017600|3532800|3513600|30500|23700|0|no
1789995313|2400000|2400000|2400000|2400000|2400000|2400000|1017600|1017600|3532800|3513600|30500|23700|0|no
1789995314|2400000|2400000|2400000|2400000|2400000|2400000|1017600|1017600|3532800|3513600|30500|23700|0|no
1789995314|2400000|2400000|2400000|2400000|2400000|2400000|1017600|1017600|3532800|3513600|30800|23700|0|no
1789995314|2400000|2400000|2400000|2400000|1785600|1785600|1017600|1017600|3532800|3513600|30500|23700|0|no
1789995314|2400000|2400000|2400000|2400000|1785600|1785600|1017600|1017600|3532800|3513600|30500|23700|0|no
1789995315|1363200|1363200|1555200|1555200|2745600|2745600|1017600|1017600|3532800|3513600|30500|23700|0|no
1789995315|1363200|1363200|1555200|1555200|2745600|2745600|1017600|1017600|3532800|3513600|30500|23700|0|no
1789995315|3072000|3072000|2400000|2400000|2400000|1996800|1017600|1017600|3532800|3513600|31200|23700|0|no
1789995315|3072000|3072000|2400000|2400000|2400000|1996800|1017600|1017600|3532800|3513600|30800|23700|0|no
1789995316|2400000|2400000|2400000|2745600|2400000|2745600|1017600|1017600|3532800|3513600|31200|23700|0|no
1789995316|2400000|2400000|2400000|2745600|2400000|2745600|1017600|1017600|3532800|3513600|31200|23700|0|no
1789995317|2400000|2400000|1785600|1785600|2227200|2227200|1017600|1017600|3532800|3513600|30800|23700|0|no
1789995317|2400000|2400000|1785600|1785600|2227200|2227200|1017600|1017600|3532800|3513600|30800|23700|0|no
1789995317|2400000|2400000|2400000|2400000|1996800|1996800|1017600|1017600|3532800|3513600|30800|23700|0|no
1789995317|2400000|2400000|2400000|2400000|1996800|1996800|1017600|1017600|3532800|3513600|30800|23700|0|no
1789995318|2400000|2400000|2227200|2227200|2400000|2400000|1017600|1017600|3532800|3513600|30500|23700|0|no
1789995318|2400000|2400000|2227200|2227200|2227200|2400000|1017600|1017600|3532800|3513600|30800|23700|0|no
1789995319|960000|1152000|2400000|2400000|2227200|2227200|1017600|1017600|3532800|3513600|30800|23700|0|no
1789995319|960000|1152000|2400000|2400000|2227200|2227200|1017600|1017600|3532800|3513600|30800|23700|0|no
