run_id,block,arm,cycle_id,requested_min,effective_min,pred_demand,start_cpu,candidate_mask,misfit,selected_cpu,first_run_cpu,wake_latency_us,initial_junction_c,peak_junction_c
s2b-r01,1,A,s2b-r01-0,0,0,164,0,16,0,4,4,22.0,44.8,50.5
s2b-r01,1,A,s2b-r01-1,0,0,85,0,16,0,4,4,62.0,44.8,50.5
s2b-r01,1,A,s2b-r01-2,0,0,68,0,16,0,4,4,33.0,44.8,50.5
s2b-r01,1,A,s2b-r01-3,0,0,31,0,16,0,4,4,73.0,44.8,50.5
s2b-r01,1,A,s2b-r01-4,0,0,148,0,16,0,4,4,80.0,44.8,50.5
s2b-r01,1,A,s2b-r01-5,0,0,154,0,8,0,3,3,37.0,44.8,50.5
s2b-r01,1,A,s2b-r01-6,0,0,164,0,4,0,2,2,21.0,44.8,50.5
s2b-r01,1,A,s2b-r01-7,0,0,107,0,4,0,2,2,44.0,44.8,50.5
s2b-r01,1,A,s2b-r01-8,0,0,153,0,32,0,5,5,64.0,44.8,50.5
s2b-r01,1,A,s2b-r01-9,0,0,153,0,32,0,5,5,65.0,44.8,50.5
s2b-r01,1,A,s2b-r01-10,0,0,153,0,32,0,5,5,82.0,44.8,50.5
s2b-r01,1,A,s2b-r01-11,0,0,14,0,32,0,5,5,111.0,44.8,50.5
s2b-r01,1,A,s2b-r01-12,0,0,66,0,32,0,5,5,78.0,44.8,50.5
s2b-r01,1,A,s2b-r01-13,0,0,116,0,16,0,2,2,56.0,44.8,50.5
s2b-r01,1,A,s2b-r01-14,0,0,142,0,4,0,2,2,42.0,44.8,50.5
s2b-r01,1,A,s2b-r01-15,0,0,55,0,4,0,2,2,67.0,44.8,50.5
s2b-r01,1,A,s2b-r01-16,0,0,83,0,1,0,0,0,103.0,44.8,50.5
s2b-r01,1,A,s2b-r01-17,0,0,154,0,2,0,1,1,22.0,44.8,50.5
s2b-r01,1,A,s2b-r01-18,0,0,174,0,1,0,0,0,23.0,44.8,50.5
s2b-r01,1,A,s2b-r01-19,0,0,154,0,2,0,1,1,226.0,44.8,50.5
s2b-r01,1,A,s2b-r01-20,0,0,95,0,1,0,0,0,78.0,44.8,50.5
s2b-r01,1,A,s2b-r01-21,0,0,95,0,2,0,1,1,62.0,44.8,50.5
s2b-r01,1,A,s2b-r01-22,0,0,11,0,32,0,5,5,117.0,44.8,50.5
s2b-r01,1,A,s2b-r01-23,0,0,152,0,32,0,5,5,109.0,44.8,50.5
s2b-r01,1,A,s2b-r01-24,0,0,53,0,16,0,4,4,47.0,44.8,50.5
s2b-r01,1,A,s2b-r01-25,0,0,21,0,16,0,4,4,106.0,44.8,50.5
s2b-r01,1,A,s2b-r01-26,0,0,66,0,8,0,3,3,216.0,44.8,50.5
s2b-r01,1,A,s2b-r01-27,0,0,125,0,32,0,0,5,98.0,44.8,50.5
s2b-r01,1,A,s2b-r01-28,0,0,150,0,2,0,1,1,35.0,44.8,50.5
s2b-r01,1,A,s2b-r01-29,0,0,125,0,2,0,1,1,27.0,44.8,50.5
s2b-r01,1,A,s2b-r01-30,0,0,3,0,2,0,1,1,53.0,44.8,50.5
s2b-r01,1,A,s2b-r01-31,0,0,61,0,32,0,5,5,55.0,44.8,50.5
s2b-r01,1,A,s2b-r01-32,0,0,119,0,16,0,4,4,26.0,44.8,50.5
s2b-r01,1,A,s2b-r01-33,0,0,138,0,16,0,4,4,45.0,44.8,50.5
s2b-r01,1,A,s2b-r01-34,0,0,11,0,16,0,4,4,81.0,44.8,50.5
s2b-r01,1,A,s2b-r01-35,0,0,120,0,32,0,5,5,164.0,44.8,50.5
s2b-r01,1,A,s2b-r01-36,0,0,120,0,2,0,1,1,101.0,44.8,50.5
s2b-r01,1,A,s2b-r01-37,0,0,110,0,2,0,1,1,35.0,44.8,50.5
s2b-r01,1,A,s2b-r01-38,0,0,159,0,32,0,5,5,32.0,44.8,50.5
s2b-r01,1,A,s2b-r01-39,0,0,159,0,32,0,5,5,20.0,44.8,50.5
s2b-r01,1,A,s2b-r01-40,0,0,41,0,1,0,0,0,17.0,44.8,50.5
s2b-r01,1,A,s2b-r01-41,0,0,150,0,16,0,4,4,122.0,44.8,50.5
s2b-r01,1,A,s2b-r01-42,0,0,41,0,32,0,5,5,91.0,44.8,50.5
s2b-r01,1,A,s2b-r01-43,0,0,82,0,2,0,5,1,120.0,44.8,50.5
s2b-r01,1,A,s2b-r01-44,0,0,99,0,2,0,1,1,103.0,44.8,50.5
s2b-r01,1,A,s2b-r01-45,0,0,34,0,1,0,0,0,83.0,44.8,50.5
s2b-r01,1,A,s2b-r01-46,0,0,93,0,16,0,4,4,79.0,44.8,50.5
s2b-r01,1,A,s2b-r01-47,0,0,142,0,16,0,4,4,44.0,44.8,50.5
s2b-r01,1,A,s2b-r01-48,0,0,136,0,16,0,4,4,19.0,44.8,50.5
s2b-r01,1,A,s2b-r01-49,0,0,151,0,2,0,1,1,18.0,44.8,50.5
s2b-r01,1,A,s2b-r01-50,0,0,151,0,32,0,5,5,46.0,44.8,50.5
s2b-r01,1,A,s2b-r01-51,0,0,23,0,2,0,1,1,63.0,44.8,50.5
s2b-r01,1,A,s2b-r01-52,0,0,68,0,2,0,1,1,64.0,44.8,50.5
s2b-r01,1,A,s2b-r01-53,0,0,52,0,2,0,1,1,26.0,44.8,50.5
s2b-r01,1,A,s2b-r01-54,0,0,152,0,16,0,4,4,53.0,44.8,50.5
s2b-r01,1,A,s2b-r01-55,0,0,152,0,16,0,4,4,45.0,44.8,50.5
s2b-r01,1,A,s2b-r01-56,0,0,152,0,16,0,4,4,106.0,44.8,50.5
s2b-r01,1,A,s2b-r01-57,0,0,76,0,32,0,0,0,58.0,44.8,50.5
s2b-r01,1,A,s2b-r01-58,0,0,133,0,8,0,3,3,46.0,44.8,50.5
s2b-r01,1,A,s2b-r01-59,0,0,112,0,8,0,3,3,26.0,44.8,50.5
s2b-r01,1,A,s2b-r01-60,0,0,148,0,8,0,3,3,29.0,44.8,50.5
s2b-r01,1,A,s2b-r01-61,0,0,149,0,8,0,3,3,29.0,44.8,50.5
s2b-r01,1,A,s2b-r01-62,0,0,148,0,2,0,1,1,59.0,44.8,50.5
s2b-r01,1,A,s2b-r01-63,0,0,111,0,2,0,1,1,79.0,44.8,50.5
s2b-r01,1,A,s2b-r01-64,0,0,111,0,2,0,1,1,102.0,44.8,50.5
s2b-r01,1,A,s2b-r01-65,0,0,78,0,2,0,1,1,21.0,44.8,50.5
s2b-r01,1,A,s2b-r01-66,0,0,97,0,16,0,4,4,33.0,44.8,50.5
s2b-r01,1,A,s2b-r01-67,0,0,78,0,16,0,4,4,35.0,44.8,50.5
s2b-r01,1,A,s2b-r01-68,0,0,5,0,32,0,5,5,78.0,44.8,50.5
s2b-r01,1,A,s2b-r01-69,0,0,44,0,1,0,0,0,50.0,44.8,50.5
s2b-r01,1,A,s2b-r01-70,0,0,62,0,2,0,1,1,16.0,44.8,50.5
s2b-r01,1,A,s2b-r01-71,0,0,153,0,2,0,1,1,22.0,44.8,50.5
s2b-r01,1,A,s2b-r01-72,0,0,63,0,32,0,5,5,79.0,44.8,50.5
s2b-r01,1,A,s2b-r01-73,0,0,118,0,16,0,4,4,17.0,44.8,50.5
s2b-r01,1,A,s2b-r01-74,0,0,132,0,16,0,4,4,31.0,44.8,50.5
s2b-r01,1,A,s2b-r01-75,0,0,118,0,32,0,4,5,198.0,44.8,50.5
s2b-r01,1,A,s2b-r01-76,0,0,106,0,8,0,3,3,37.0,44.8,50.5
s2b-r01,1,A,s2b-r01-77,0,0,113,0,4,0,2,2,29.0,44.8,50.5
s2b-r01,1,A,s2b-r01-78,0,0,151,0,4,0,2,2,63.0,44.8,50.5
s2b-r01,1,A,s2b-r01-79,0,0,145,0,4,0,2,2,65.0,44.8,50.5
s2b-r01,1,A,s2b-r01-80,0,0,97,0,1,0,0,0,177.0,44.8,50.5
s2b-r01,1,A,s2b-r01-81,0,0,55,0,16,0,4,4,78.0,44.8,50.5
s2b-r01,1,A,s2b-r01-82,0,0,88,0,16,0,4,4,107.0,44.8,50.5
s2b-r01,1,A,s2b-r01-83,0,0,122,0,16,0,4,4,105.0,44.8,50.5
s2b-r01,1,A,s2b-r01-84,0,0,56,0,16,0,4,4,104.0,44.8,50.5
s2b-r01,1,A,s2b-r01-85,0,0,123,0,32,0,5,5,20.0,44.8,50.5
s2b-r01,1,A,s2b-r01-86,0,0,146,0,32,0,5,5,52.0,44.8,50.5
s2b-r01,1,A,s2b-r01-87,0,0,83,0,32,0,5,5,49.0,44.8,50.5
s2b-r01,1,A,s2b-r01-88,0,0,83,0,16,0,5,0,386.0,44.8,50.5
s2b-r01,1,A,s2b-r01-89,0,0,177,0,16,0,4,4,44.0,44.8,50.5
s2b-r01,1,A,s2b-r01-90,0,0,149,0,16,0,4,4,62.0,44.8,50.5
s2b-r01,1,A,s2b-r01-91,0,0,17,0,16,0,4,4,79.0,44.8,50.5
s2b-r01,1,A,s2b-r01-92,0,0,34,0,32,0,5,5,55.0,44.8,50.5
s2b-r01,1,A,s2b-r01-93,0,0,73,0,16,0,4,4,73.0,44.8,50.5
s2b-r01,1,A,s2b-r01-94,0,0,89,0,16,0,4,4,85.0,44.8,50.5
s2b-r01,1,A,s2b-r01-95,0,0,115,0,16,0,4,4,52.0,44.8,50.5
s2b-r01,1,A,s2b-r01-96,0,0,34,0,16,0,4,4,321.0,44.8,50.5
s2b-r01,1,A,s2b-r01-97,0,0,12,0,32,0,5,5,36.0,44.8,50.5
s2b-r01,1,A,s2b-r01-98,0,0,157,0,32,0,5,5,21.0,44.8,50.5
s2b-r01,1,A,s2b-r01-99,0,0,157,0,16,0,5,2,121.0,44.8,50.5
s2b-r01,1,A,s2b-r01-100,0,0,157,0,4,0,2,2,65.0,44.8,50.5
s2b-r01,1,A,s2b-r01-101,0,0,27,0,2,0,1,1,34.0,44.8,50.5
s2b-r01,1,A,s2b-r01-102,0,0,149,0,2,0,1,1,106.0,44.8,50.5
s2b-r01,1,A,s2b-r01-103,0,0,56,0,16,0,4,4,81.0,44.8,50.5
s2b-r01,1,A,s2b-r01-104,0,0,94,0,16,0,4,4,26.0,44.8,50.5
s2b-r01,1,A,s2b-r01-105,0,0,148,0,16,0,4,4,83.0,44.8,50.5
s2b-r01,1,A,s2b-r01-106,0,0,94,0,16,0,4,4,101.0,44.8,50.5
s2b-r01,1,A,s2b-r01-107,0,0,78,0,2,0,1,1,100.0,44.8,50.5
s2b-r01,1,A,s2b-r01-108,0,0,78,0,1,0,0,0,73.0,44.8,50.5
s2b-r01,1,A,s2b-r01-109,0,0,58,0,16,0,1,1,83.0,44.8,50.5
s2b-r01,1,A,s2b-r01-110,0,0,74,0,16,0,4,4,24.0,44.8,50.5
s2b-r01,1,A,s2b-r01-111,0,0,152,0,1,0,0,0,31.0,44.8,50.5
s2b-r01,1,A,s2b-r01-112,0,0,128,0,32,0,5,5,137.0,44.8,50.5
s2b-r01,1,A,s2b-r01-113,0,0,153,0,32,0,5,5,27.0,44.8,50.5
s2b-r01,1,A,s2b-r01-114,0,0,138,0,1,0,0,0,63.0,44.8,50.5
s2b-r01,1,A,s2b-r01-115,0,0,125,0,1,0,5,4,274.0,44.8,50.5
s2b-r01,1,A,s2b-r01-116,0,0,125,0,16,0,4,4,108.0,44.8,50.5
s2b-r01,1,A,s2b-r01-117,0,0,125,0,16,0,4,4,62.0,44.8,50.5
s2b-r01,1,A,s2b-r01-118,0,0,125,0,16,0,4,4,85.0,44.8,50.5
s2b-r01,1,A,s2b-r01-119,0,0,80,0,32,0,5,5,50.0,44.8,50.5
s2b-r01,1,A,s2b-r01-120,0,0,80,0,16,0,4,4,30.0,44.8,50.5
s2b-r01,1,A,s2b-r01-121,0,0,155,0,1,0,0,0,45.0,44.8,50.5
s2b-r01,1,A,s2b-r01-122,0,0,121,0,32,0,5,5,104.0,44.8,50.5
s2b-r01,1,A,s2b-r01-123,0,0,121,0,32,0,5,5,102.0,44.8,50.5
s2b-r01,1,A,s2b-r01-124,0,0,121,0,16,0,4,4,24.0,44.8,50.5
s2b-r01,1,A,s2b-r01-125,0,0,147,0,16,0,4,4,25.0,44.8,50.5
s2b-r01,1,A,s2b-r01-126,0,0,90,0,32,0,5,5,48.0,44.8,50.5
s2b-r01,1,A,s2b-r01-127,0,0,75,0,1,0,0,0,82.0,44.8,50.5
s2b-r01,1,A,s2b-r01-128,0,0,105,0,32,0,5,5,78.0,44.8,50.5
s2b-r01,1,A,s2b-r01-129,0,0,49,0,2,0,5,1,30.0,44.8,50.5
s2b-r01,1,A,s2b-r01-130,0,0,231,0,16,0,4,4,18.0,44.8,50.5
s2b-r01,1,A,s2b-r01-131,0,0,128,0,16,0,4,4,40.0,44.8,50.5
s2b-r01,1,A,s2b-r01-132,0,0,148,0,16,0,4,4,105.0,44.8,50.5
s2b-r01,1,A,s2b-r01-133,0,0,51,0,16,0,4,4,85.0,44.8,50.5
s2b-r01,1,A,s2b-r01-134,0,0,89,0,2,0,1,1,51.0,44.8,50.5
s2b-r01,1,A,s2b-r01-135,0,0,120,0,16,0,4,4,102.0,44.8,50.5
s2b-r01,1,A,s2b-r01-136,0,0,96,0,2,0,1,1,78.0,44.8,50.5
s2b-r01,1,A,s2b-r01-137,0,0,149,0,2,0,1,1,28.0,44.8,50.5
s2b-r01,1,A,s2b-r01-138,0,0,156,0,2,0,1,1,59.0,44.8,50.5
s2b-r01,1,A,s2b-r01-139,0,0,151,0,2,0,1,1,18.0,44.8,50.5
s2b-r01,1,A,s2b-r01-140,0,0,151,0,32,0,5,5,17.0,44.8,50.5
s2b-r01,1,A,s2b-r01-141,0,0,151,0,16,0,4,4,27.0,44.8,50.5
s2b-r01,1,A,s2b-r01-142,0,0,151,0,16,0,4,4,45.0,44.8,50.5
s2b-r01,1,A,s2b-r01-143,0,0,110,0,16,0,4,4,42.0,44.8,50.5
s2b-r01,1,A,s2b-r01-144,0,0,110,0,16,0,4,4,58.0,44.8,50.5
s2b-r01,1,A,s2b-r01-145,0,0,130,0,2,0,1,1,42.0,44.8,50.5
s2b-r01,1,A,s2b-r01-146,0,0,87,0,2,0,1,1,103.0,44.8,50.5
s2b-r01,1,A,s2b-r01-147,0,0,105,0,1,0,0,0,53.0,44.8,50.5
s2b-r01,1,A,s2b-r01-148,0,0,175,0,16,0,4,4,34.0,44.8,50.5
s2b-r01,1,A,s2b-r01-149,0,0,175,0,32,0,5,5,47.0,44.8,50.5
s2b-r01,1,A,s2b-r01-150,0,0,175,0,2,0,1,1,143.0,44.8,50.5
s2b-r01,1,A,s2b-r01-151,0,0,175,0,2,0,1,1,37.0,44.8,50.5
s2b-r01,1,A,s2b-r01-152,0,0,145,0,8,0,3,3,151.0,44.8,50.5
s2b-r01,1,A,s2b-r01-153,0,0,51,0,8,0,3,3,64.0,44.8,50.5
s2b-r01,1,A,s2b-r01-154,0,0,30,0,8,0,3,3,104.0,44.8,50.5
s2b-r01,1,A,s2b-r01-155,0,0,81,0,2,0,1,1,102.0,44.8,50.5
s2b-r01,1,A,s2b-r01-156,0,0,22,0,32,0,4,4,170.0,44.8,50.5
s2b-r01,1,A,s2b-r01-157,0,0,30,0,32,0,5,5,62.0,44.8,50.5
s2b-r01,1,A,s2b-r01-158,0,0,22,0,32,0,5,5,64.0,44.8,50.5
s2b-r01,1,A,s2b-r01-159,0,0,86,0,32,0,5,5,52.0,44.8,50.5
s2b-r01,1,A,s2b-r01-160,0,0,86,0,32,0,5,5,78.0,44.8,50.5
s2b-r01,1,A,s2b-r01-161,0,0,75,0,1,0,0,0,22.0,44.8,50.5
s2b-r01,1,A,s2b-r01-162,0,0,158,0,2,0,1,1,20.0,44.8,50.5
s2b-r01,1,A,s2b-r01-163,0,0,158,0,1,0,0,0,32.0,44.8,50.5
s2b-r01,1,A,s2b-r01-164,0,0,75,0,2,0,1,1,26.0,44.8,50.5
s2b-r01,1,A,s2b-r01-165,0,0,168,0,32,0,5,5,35.0,44.8,50.5
s2b-r01,1,A,s2b-r01-166,0,0,168,0,32,0,5,5,45.0,44.8,50.5
s2b-r01,1,A,s2b-r01-167,0,0,23,0,16,0,4,4,56.0,44.8,50.5
s2b-r01,1,A,s2b-r01-168,0,0,18,0,1,0,0,0,49.0,44.8,50.5
s2b-r01,1,A,s2b-r01-169,0,0,45,0,16,0,4,4,17.0,44.8,50.5
s2b-r01,1,A,s2b-r01-170,0,0,149,0,16,0,4,4,19.0,44.8,50.5
s2b-r01,1,A,s2b-r01-171,0,0,80,0,2,0,1,1,79.0,44.8,50.5
s2b-r01,1,A,s2b-r01-172,0,0,84,0,1,0,0,0,94.0,44.8,50.5
s2b-r01,1,A,s2b-r01-173,0,0,160,0,1,0,0,0,33.0,44.8,50.5
s2b-r01,1,A,s2b-r01-174,0,0,160,0,1,0,0,0,17.0,44.8,50.5
s2b-r01,1,A,s2b-r01-175,0,0,87,0,2,0,1,1,38.0,44.8,50.5
s2b-r01,1,A,s2b-r01-176,0,0,33,0,1,0,1,0,85.0,44.8,50.5
s2b-r01,1,A,s2b-r01-177,0,0,155,0,16,0,4,4,77.0,44.8,50.5
s2b-r01,1,A,s2b-r01-178,0,0,33,0,16,0,4,4,103.0,44.8,50.5
s2b-r01,1,A,s2b-r01-179,0,0,68,0,2,0,4,1,1619.0,44.8,50.5
s2b-r01,1,A,s2b-r01-180,0,0,148,0,2,0,1,1,124.0,44.8,50.5
s2b-r01,1,A,s2b-r01-181,0,0,148,0,2,0,1,1,16.0,44.8,50.5
s2b-r01,1,A,s2b-r01-182,0,0,148,0,2,0,1,1,66.0,44.8,50.5
s2b-r01,1,A,s2b-r01-183,0,0,108,0,1,0,0,0,80.0,44.8,50.5
s2b-r01,1,A,s2b-r01-184,0,0,20,0,16,0,4,4,37.0,44.8,50.5
s2b-r01,1,A,s2b-r01-185,0,0,183,0,1,0,4,0,438.0,44.8,50.5
s2b-r01,1,A,s2b-r01-186,0,0,183,0,32,0,5,5,22.0,44.8,50.5
s2b-r01,1,A,s2b-r01-187,0,0,124,0,32,0,5,5,105.0,44.8,50.5
s2b-r01,1,A,s2b-r01-188,0,0,94,0,32,0,5,5,49.0,44.8,50.5
s2b-r01,1,A,s2b-r01-189,0,0,103,0,32,0,5,5,86.0,44.8,50.5
s2b-r01,1,A,s2b-r01-190,0,0,131,0,32,0,5,5,26.0,44.8,50.5
s2b-r01,1,A,s2b-r01-191,0,0,158,0,2,0,1,1,23.0,44.8,50.5
s2b-r01,1,A,s2b-r01-192,0,0,147,0,2,0,1,1,59.0,44.8,50.5
s2b-r01,1,A,s2b-r01-193,0,0,99,0,2,0,1,1,559.0,44.8,50.5
s2b-r01,1,A,s2b-r01-194,0,0,103,0,16,0,4,4,44.0,44.8,50.5
s2b-r01,1,A,s2b-r01-195,0,0,103,0,16,0,4,4,52.0,44.8,50.5
s2b-r01,1,A,s2b-r01-196,0,0,147,0,16,0,4,4,106.0,44.8,50.5
s2b-r01,1,A,s2b-r01-197,0,0,96,0,16,0,4,4,107.0,44.8,50.5
s2b-r01,1,A,s2b-r01-198,0,0,117,0,1,0,0,0,78.0,44.8,50.5
s2b-r01,1,A,s2b-r01-199,0,0,25,0,1,0,0,0,56.0,44.8,50.5
s2b-r01,1,A,s2b-r01-200,0,0,151,0,2,0,1,1,24.0,44.8,50.5
s2b-r01,1,A,s2b-r01-201,0,0,151,0,2,0,1,1,46.0,44.8,50.5
s2b-r01,1,A,s2b-r01-202,0,0,114,0,2,0,1,1,19.0,44.8,50.5
s2b-r01,1,A,s2b-r01-203,0,0,156,0,16,0,4,4,109.0,44.8,50.5
s2b-r01,1,A,s2b-r01-204,0,0,117,0,16,0,4,4,103.0,44.8,50.5
s2b-r01,1,A,s2b-r01-205,0,0,117,0,16,0,4,4,103.0,44.8,50.5
s2b-r01,1,A,s2b-r01-206,0,0,19,0,16,0,4,4,65.0,44.8,50.5
s2b-r01,1,A,s2b-r01-207,0,0,15,0,16,0,4,4,105.0,44.8,50.5
s2b-r01,1,A,s2b-r01-208,0,0,83,0,16,0,4,4,104.0,44.8,50.5
s2b-r01,1,A,s2b-r01-209,0,0,122,0,1,0,0,0,53.0,44.8,50.5
s2b-r01,1,A,s2b-r01-210,0,0,164,0,1,0,0,0,35.0,44.8,50.5
s2b-r01,1,A,s2b-r01-211,0,0,153,0,1,0,0,0,31.0,44.8,50.5
s2b-r01,1,A,s2b-r01-212,0,0,153,0,16,0,4,4,56.0,44.8,50.5
s2b-r01,1,A,s2b-r01-213,0,0,98,0,2,0,1,1,69.0,44.8,50.5
s2b-r01,1,A,s2b-r01-214,0,0,148,0,16,0,4,4,52.0,44.8,50.5
s2b-r01,1,A,s2b-r01-215,0,0,67,0,16,0,4,4,105.0,44.8,50.5
s2b-r01,1,A,s2b-r01-216,0,0,117,0,32,0,5,5,57.0,44.8,50.5
s2b-r01,1,A,s2b-r01-217,0,0,117,0,32,0,5,5,106.0,44.8,50.5
s2b-r01,1,A,s2b-r01-218,0,0,117,0,32,0,5,5,105.0,44.8,50.5
s2b-r01,1,A,s2b-r01-219,0,0,129,0,2,0,5,4,116.0,44.8,50.5
s2b-r01,1,A,s2b-r01-220,0,0,159,0,1,0,0,0,28.0,44.8,50.5
s2b-r01,1,A,s2b-r01-221,0,0,162,0,16,0,4,4,30.0,44.8,50.5
s2b-r01,1,A,s2b-r01-222,0,0,150,0,16,0,4,4,52.0,44.8,50.5
s2b-r01,1,A,s2b-r01-223,0,0,83,0,2,0,1,1,255.0,44.8,50.5
s2b-r01,1,A,s2b-r01-224,0,0,83,0,16,0,4,4,83.0,44.8,50.5
s2b-r01,1,A,s2b-r01-225,0,0,80,0,2,0,1,1,75.0,44.8,50.5
s2b-r01,1,A,s2b-r01-226,0,0,104,0,2,0,1,1,64.0,44.8,50.5
s2b-r01,1,A,s2b-r01-227,0,0,148,0,2,0,1,1,360.0,44.8,50.5
s2b-r01,1,A,s2b-r01-228,0,0,121,0,16,0,4,4,26.0,44.8,50.5
s2b-r01,1,A,s2b-r01-229,0,0,149,0,2,0,1,1,43.0,44.8,50.5
s2b-r01,1,A,s2b-r01-230,0,0,149,0,4,0,2,2,31.0,44.8,50.5
s2b-r01,1,A,s2b-r01-231,0,0,199,0,1,0,0,0,38.0,44.8,50.5
s2b-r01,1,A,s2b-r01-232,0,0,154,0,1,0,0,0,22.0,44.8,50.5
s2b-r01,1,A,s2b-r01-233,0,0,154,0,1,0,0,0,31.0,44.8,50.5
s2b-r01,1,A,s2b-r01-234,0,0,18,0,2,0,1,1,80.0,44.8,50.5
s2b-r01,1,A,s2b-r01-235,0,0,83,0,32,0,3,1,109.0,44.8,50.5
s2b-r01,1,A,s2b-r01-236,0,0,101,0,32,0,5,5,44.0,44.8,50.5
s2b-r01,1,A,s2b-r01-237,0,0,92,0,32,0,5,5,54.0,44.8,50.5
s2b-r01,1,A,s2b-r01-238,0,0,149,0,32,0,5,5,54.0,44.8,50.5
s2b-r01,1,A,s2b-r01-239,0,0,150,0,16,0,4,4,48.0,44.8,50.5
s2b-r01,1,A,s2b-r01-240,0,0,158,0,1,0,0,0,16.0,44.8,50.5
s2b-r01,1,A,s2b-r01-241,0,0,153,0,1,0,0,0,19.0,44.8,50.5
s2b-r01,1,A,s2b-r01-242,0,0,158,0,2,0,1,1,171.0,44.8,50.5
s2b-r01,1,A,s2b-r01-243,0,0,104,0,1,0,0,0,96.0,44.8,50.5
s2b-r01,1,A,s2b-r01-244,0,0,115,0,32,0,5,5,78.0,44.8,50.5
s2b-r01,1,A,s2b-r01-245,0,0,115,0,32,0,5,5,101.0,44.8,50.5
s2b-r01,1,A,s2b-r01-246,0,0,92,0,1,0,0,0,64.0,44.8,50.5
s2b-r01,1,A,s2b-r01-247,0,0,208,0,1,0,0,0,19.0,44.8,50.5
s2b-r01,1,A,s2b-r01-248,0,0,132,0,1,0,0,0,24.0,44.8,50.5
s2b-r01,1,A,s2b-r01-249,0,0,41,0,32,0,5,5,70.0,44.8,50.5
s2b-r01,1,A,s2b-r01-250,0,0,57,0,1,0,0,0,44.0,44.8,50.5
s2b-r01,1,A,s2b-r01-251,0,0,5,0,2,0,1,1,29.0,44.8,50.5
s2b-r01,1,A,s2b-r01-252,0,0,155,0,16,0,4,4,14.0,44.8,50.5
s2b-r01,1,A,s2b-r01-253,0,0,35,0,16,0,4,4,85.0,44.8,50.5
s2b-r01,1,A,s2b-r01-254,0,0,176,0,4,0,2,2,119.0,44.8,50.5
s2b-r01,1,A,s2b-r01-255,0,0,119,0,4,0,2,2,39.0,44.8,50.5
s2b-r01,1,A,s2b-r01-256,0,0,176,0,4,0,2,2,101.0,44.8,50.5
s2b-r01,1,A,s2b-r01-257,0,0,111,0,4,0,2,2,106.0,44.8,50.5
s2b-r01,1,A,s2b-r01-258,0,0,111,0,32,0,5,5,121.0,44.8,50.5
s2b-r01,1,A,s2b-r01-259,0,0,125,0,32,0,5,5,50.0,44.8,50.5
s2b-r01,1,A,s2b-r01-260,0,0,125,0,1,0,0,0,30.0,44.8,50.5
s2b-r01,1,A,s2b-r01-261,0,0,157,0,16,0,4,4,39.0,44.8,50.5
s2b-r01,1,A,s2b-r01-262,0,0,157,0,16,0,4,4,28.0,44.8,50.5
s2b-r01,1,A,s2b-r01-263,0,0,80,0,16,0,4,4,63.0,44.8,50.5
s2b-r01,1,A,s2b-r01-264,0,0,80,0,16,0,4,4,79.0,44.8,50.5
s2b-r01,1,A,s2b-r01-265,0,0,87,0,32,0,5,5,44.0,44.8,50.5
s2b-r01,1,A,s2b-r01-266,0,0,102,0,32,0,5,5,48.0,44.8,50.5
s2b-r01,1,A,s2b-r01-267,0,0,90,0,32,0,5,5,106.0,44.8,50.5
s2b-r01,1,A,s2b-r01-268,0,0,124,0,32,0,5,5,70.0,44.8,50.5
s2b-r01,1,A,s2b-r01-269,0,0,64,0,2,0,1,1,40.0,44.8,50.5
s2b-r01,1,A,s2b-r01-270,0,0,155,0,16,0,4,4,65.0,44.8,50.5
s2b-r01,1,A,s2b-r01-271,0,0,149,0,16,0,4,4,22.0,44.8,50.5
s2b-r01,1,A,s2b-r01-272,0,0,149,0,16,0,4,4,106.0,44.8,50.5
s2b-r01,1,A,s2b-r01-273,0,0,95,0,32,0,5,5,68.0,44.8,50.5
s2b-r01,1,A,s2b-r01-274,0,0,125,0,2,0,1,1,43.0,44.8,50.5
s2b-r01,1,A,s2b-r01-275,0,0,125,0,1,0,1,1,118.0,44.8,50.5
s2b-r01,1,A,s2b-r01-276,0,0,32,0,16,0,4,4,99.0,44.8,50.5
s2b-r01,1,A,s2b-r01-277,0,0,85,0,32,0,5,5,76.0,44.8,50.5
s2b-r01,1,A,s2b-r01-278,0,0,93,0,32,0,5,5,110.0,44.8,50.5
s2b-r01,1,A,s2b-r01-279,0,0,29,0,1,0,0,0,53.0,44.8,50.5
s2b-r01,1,A,s2b-r01-280,0,0,38,0,16,0,4,4,28.0,44.8,50.5
s2b-r01,1,A,s2b-r01-281,0,0,159,0,16,0,4,4,26.0,44.8,50.5
s2b-r01,1,A,s2b-r01-282,0,0,159,0,16,0,4,4,56.0,44.8,50.5
s2b-r01,1,A,s2b-r01-283,0,0,77,0,16,0,4,4,27.0,44.8,50.5
s2b-r01,1,A,s2b-r01-284,0,0,151,0,32,0,4,4,65.0,44.8,50.5
s2b-r01,1,A,s2b-r01-285,0,0,94,0,16,0,4,4,107.0,44.8,50.5
s2b-r01,1,A,s2b-r01-286,0,0,104,0,1,0,0,0,92.0,44.8,50.5
s2b-r01,1,A,s2b-r01-287,0,0,3,0,32,0,5,5,50.0,44.8,50.5
s2b-r01,1,A,s2b-r01-288,0,0,153,0,32,0,5,5,23.0,44.8,50.5
s2b-r01,1,A,s2b-r01-289,0,0,153,0,8,0,3,3,29.0,44.8,50.5
s2b-r01,1,A,s2b-r01-290,0,0,62,0,8,0,3,3,44.0,44.8,50.5
s2b-r01,1,A,s2b-r01-291,0,0,148,0,8,0,3,3,72.0,44.8,50.5
s2b-r01,1,A,s2b-r01-292,0,0,148,0,8,0,3,3,30.0,44.8,50.5
s2b-r01,1,A,s2b-r01-293,0,0,116,0,1,0,0,0,76.0,44.8,50.5
s2b-r01,1,A,s2b-r01-294,0,0,96,0,1,0,0,0,154.0,44.8,50.5
s2b-r01,1,A,s2b-r01-295,0,0,60,0,16,0,4,4,149.0,44.8,50.5
s2b-r01,1,A,s2b-r01-296,0,0,93,0,2,0,1,1,58.0,44.8,50.5
s2b-r01,1,A,s2b-r01-297,0,0,153,0,32,0,5,5,102.0,44.8,50.5
s2b-r01,1,A,s2b-r01-298,0,0,93,0,2,0,1,1,40.0,44.8,50.5
s2b-r01,1,A,s2b-r01-299,0,0,76,0,1,0,0,0,61.0,44.8,50.5
s2b-r01,1,A,s2b-r01-300,0,0,107,0,1,0,0,0,34.0,44.8,50.5
s2b-r01,1,A,s2b-r01-301,0,0,156,0,1,0,0,0,24.0,44.8,50.5
s2b-r01,1,A,s2b-r01-302,0,0,156,0,1,0,0,0,27.0,44.8,50.5
s2b-r01,1,A,s2b-r01-303,0,0,109,0,2,0,1,1,57.0,44.8,50.5
s2b-r01,1,A,s2b-r01-304,0,0,126,0,16,0,1,4,82.0,44.8,50.5
s2b-r01,1,A,s2b-r01-305,0,0,151,0,16,0,4,4,36.0,44.8,50.5
s2b-r01,1,A,s2b-r01-306,0,0,148,0,32,0,5,5,47.0,44.8,50.5
s2b-r01,1,A,s2b-r01-307,0,0,105,0,32,0,5,5,38.0,44.8,50.5
s2b-r01,1,A,s2b-r01-308,0,0,105,0,2,0,1,1,37.0,44.8,50.5
s2b-r01,1,A,s2b-r01-309,0,0,18,0,2,0,1,1,40.0,44.8,50.5
s2b-r01,1,A,s2b-r01-310,0,0,38,0,2,0,1,1,20.0,44.8,50.5
s2b-r01,1,A,s2b-r01-311,0,0,152,0,16,0,4,4,35.0,44.8,50.5
s2b-r01,1,A,s2b-r01-312,0,0,131,0,16,0,4,4,29.0,44.8,50.5
s2b-r01,1,A,s2b-r01-313,0,0,21,0,2,0,1,1,89.0,44.8,50.5
s2b-r01,1,A,s2b-r01-314,0,0,71,0,16,0,4,4,65.0,44.8,50.5
s2b-r01,1,A,s2b-r01-315,0,0,113,0,2,0,4,1,137.0,44.8,50.5
s2b-r01,1,A,s2b-r01-316,0,0,152,0,8,0,3,3,53.0,44.8,50.5
s2b-r01,1,A,s2b-r01-317,0,0,89,0,8,0,3,3,77.0,44.8,50.5
s2b-r01,1,A,s2b-r01-318,0,0,61,0,1,0,0,0,34.0,44.8,50.5
s2b-r01,1,A,s2b-r01-319,0,0,152,0,1,0,0,0,16.0,44.8,50.5
s2b-r01,1,A,s2b-r01-320,0,0,111,0,1,0,0,0,32.0,44.8,50.5
s2b-r01,1,A,s2b-r01-321,0,0,102,0,16,0,4,4,42.0,44.8,50.5
s2b-r01,1,A,s2b-r01-322,0,0,121,0,16,0,4,4,47.0,44.8,50.5
s2b-r01,1,A,s2b-r01-323,0,0,149,0,1,0,0,0,42.0,44.8,50.5
s2b-r01,1,A,s2b-r01-324,0,0,160,0,1,0,0,0,27.0,44.8,50.5
s2b-r01,1,A,s2b-r01-325,0,0,145,0,16,0,4,4,55.0,44.8,50.5
s2b-r01,1,A,s2b-r01-326,0,0,145,0,16,0,4,4,27.0,44.8,50.5
s2b-r01,1,A,s2b-r01-327,0,0,151,0,16,0,4,4,52.0,44.8,50.5
s2b-r01,1,A,s2b-r01-328,0,0,80,0,16,0,4,4,58.0,44.8,50.5
s2b-r01,1,A,s2b-r01-329,0,0,150,0,16,0,4,4,29.0,44.8,50.5
s2b-r01,1,A,s2b-r01-330,0,0,154,0,16,0,4,4,64.0,44.8,50.5
s2b-r01,1,A,s2b-r01-331,0,0,112,0,16,0,4,4,88.0,44.8,50.5
s2b-r01,1,A,s2b-r01-332,0,0,143,0,1,0,4,5,58.0,44.8,50.5
s2b-r01,1,A,s2b-r01-333,0,0,110,0,32,0,5,5,42.0,44.8,50.5
s2b-r01,1,A,s2b-r01-334,0,0,150,0,32,0,5,5,79.0,44.8,50.5
s2b-r01,1,A,s2b-r01-335,0,0,8,0,2,0,5,1,101.0,44.8,50.5
s2b-r01,1,A,s2b-r01-336,0,0,28,0,2,0,1,1,100.0,44.8,50.5
s2b-r01,1,A,s2b-r01-337,0,0,80,0,2,0,1,1,50.0,44.8,50.5
s2b-r01,1,A,s2b-r01-338,0,0,149,0,1,0,0,0,50.0,44.8,50.5
s2b-r01,1,A,s2b-r01-339,0,0,167,0,1,0,0,0,22.0,44.8,50.5
s2b-r01,1,A,s2b-r01-340,0,0,114,0,2,0,0,5,205.0,44.8,50.5
s2b-r01,1,A,s2b-r01-341,0,0,114,0,32,0,5,5,65.0,44.8,50.5
s2b-r01,1,A,s2b-r01-342,0,0,114,0,32,0,5,5,34.0,44.8,50.5
s2b-r01,1,A,s2b-r01-343,0,0,114,0,2,0,1,1,33.0,44.8,50.5
s2b-r01,1,A,s2b-r01-344,0,0,52,0,2,0,1,1,16.0,44.8,50.5
s2b-r01,1,A,s2b-r01-345,0,0,155,0,2,0,1,1,15.0,44.8,50.5
s2b-r01,1,A,s2b-r01-346,0,0,152,0,2,0,1,1,1184.0,44.8,50.5
s2b-r01,1,A,s2b-r01-347,0,0,73,0,4,0,2,2,22.0,44.8,50.5
s2b-r01,1,A,s2b-r01-348,0,0,152,0,4,0,2,2,50.0,44.8,50.5
s2b-r01,1,A,s2b-r01-349,0,0,120,0,4,0,2,2,109.0,44.8,50.5
s2b-r01,1,A,s2b-r01-350,0,0,120,0,8,0,3,3,85.0,44.8,50.5
s2b-r01,1,A,s2b-r01-351,0,0,120,0,1,0,0,0,18.0,44.8,50.5
s2b-r01,1,A,s2b-r01-352,0,0,152,0,1,0,0,0,21.0,44.8,50.5
s2b-r01,1,A,s2b-r01-353,0,0,155,0,1,0,0,0,22.0,44.8,50.5
s2b-r01,1,A,s2b-r01-354,0,0,126,0,16,0,4,4,55.0,44.8,50.5
s2b-r01,1,A,s2b-r01-355,0,0,152,0,32,0,5,5,42.0,44.8,50.5
s2b-r01,1,A,s2b-r01-356,0,0,161,0,1,0,0,0,47.0,44.8,50.5
s2b-r01,1,A,s2b-r01-357,0,0,165,0,16,0,4,4,103.0,44.8,50.5
s2b-r01,1,A,s2b-r01-358,0,0,109,0,2,0,1,1,55.0,44.8,50.5
s2b-r01,1,A,s2b-r01-359,0,0,77,0,2,0,1,1,74.0,44.8,50.5
s2b-r01,1,A,s2b-r01-360,0,0,77,0,2,0,1,1,69.0,44.8,50.5
s2b-r01,1,A,s2b-r01-361,0,0,12,0,32,0,5,5,28.0,44.8,50.5
s2b-r01,1,A,s2b-r01-362,0,0,160,0,1,0,0,0,34.0,44.8,50.5
s2b-r01,1,A,s2b-r01-363,0,0,160,0,16,0,4,4,25.0,44.8,50.5
s2b-r01,1,A,s2b-r01-364,0,0,160,0,16,0,4,4,108.0,44.8,50.5
s2b-r01,1,A,s2b-r01-365,0,0,117,0,16,0,4,4,48.0,44.8,50.5
s2b-r01,1,A,s2b-r01-366,0,0,117,0,16,0,4,4,58.0,44.8,50.5
s2b-r01,1,A,s2b-r01-367,0,0,42,0,16,0,4,4,100.0,44.8,50.5
s2b-r01,1,A,s2b-r01-368,0,0,82,0,1,0,0,0,104.0,44.8,50.5
s2b-r01,1,A,s2b-r01-369,0,0,31,0,32,0,5,5,109.0,44.8,50.5
s2b-r01,1,A,s2b-r01-370,0,0,91,0,2,0,0,1,110.0,44.8,50.5
s2b-r01,1,A,s2b-r01-371,0,0,5,0,16,0,4,4,77.0,44.8,50.5
s2b-r01,1,A,s2b-r01-372,0,0,33,0,16,0,4,4,19.0,44.8,50.5
s2b-r01,1,A,s2b-r01-373,0,0,152,0,32,0,5,5,30.0,44.8,50.5
s2b-r01,1,A,s2b-r01-374,0,0,102,0,32,0,5,5,36.0,44.8,50.5
s2b-r01,1,A,s2b-r01-375,0,0,148,0,32,0,5,5,101.0,44.8,50.5
s2b-r01,1,A,s2b-r01-376,0,0,102,0,32,0,5,5,66.0,44.8,50.5
s2b-r01,1,A,s2b-r01-377,0,0,90,0,32,0,5,5,45.0,44.8,50.5
s2b-r01,1,A,s2b-r01-378,0,0,90,0,32,0,5,5,62.0,44.8,50.5
s2b-r01,1,A,s2b-r01-379,0,0,55,0,2,0,1,1,61.0,44.8,50.5
s2b-r01,1,A,s2b-r01-380,0,0,112,0,2,0,1,1,27.0,44.8,50.5
s2b-r01,1,A,s2b-r01-381,0,0,172,0,16,0,4,4,40.0,44.8,50.5
s2b-r01,1,A,s2b-r01-382,0,0,146,0,16,0,4,4,34.0,44.8,50.5
s2b-r01,1,A,s2b-r01-383,0,0,150,0,32,0,5,5,101.0,44.8,50.5
s2b-r01,1,A,s2b-r01-384,0,0,149,0,32,0,5,5,69.0,44.8,50.5
s2b-r01,1,A,s2b-r01-385,0,0,154,0,32,0,5,5,63.0,44.8,50.5
s2b-r01,1,A,s2b-r01-386,0,0,125,0,2,0,1,1,93.0,44.8,50.5
s2b-r01,1,A,s2b-r01-387,0,0,125,0,32,0,5,5,289.0,44.8,50.5
s2b-r01,1,A,s2b-r01-388,0,0,149,0,2,0,1,1,40.0,44.8,50.5
s2b-r01,1,A,s2b-r01-389,0,0,75,0,2,0,1,1,59.0,44.8,50.5
s2b-r01,1,A,s2b-r01-390,0,0,101,0,32,0,5,5,43.0,44.8,50.5
s2b-r01,1,A,s2b-r01-391,0,0,174,0,2,0,1,1,40.0,44.8,50.5
s2b-r01,1,A,s2b-r01-392,0,0,174,0,16,0,4,4,27.0,44.8,50.5
s2b-r01,1,A,s2b-r01-393,0,0,174,0,16,0,4,4,42.0,44.8,50.5
s2b-r01,1,A,s2b-r01-394,0,0,174,0,16,0,4,4,56.0,44.8,50.5
s2b-r01,1,A,s2b-r01-395,0,0,19,0,32,0,5,5,33.0,44.8,50.5
s2b-r01,1,A,s2b-r01-396,0,0,177,0,16,0,4,4,51.0,44.8,50.5
s2b-r01,1,A,s2b-r01-397,0,0,5,0,16,0,4,4,45.0,44.8,50.5
s2b-r01,1,A,s2b-r01-398,0,0,28,0,1,0,0,0,159.0,44.8,50.5
s2b-r01,1,A,s2b-r01-399,0,0,90,0,32,0,5,5,40.0,44.8,50.5
s2b-r01,1,A,s2b-r01-400,0,0,113,0,32,0,5,5,44.0,44.8,50.5
s2b-r01,1,A,s2b-r01-401,0,0,56,0,32,0,5,5,70.0,44.8,50.5
s2b-r01,1,A,s2b-r01-402,0,0,154,0,16,0,4,4,37.0,44.8,50.5
s2b-r01,1,A,s2b-r01-403,0,0,154,0,16,0,4,4,18.0,44.8,50.5
s2b-r01,1,A,s2b-r01-404,0,0,109,0,16,0,4,4,27.0,44.8,50.5
s2b-r01,1,A,s2b-r01-405,0,0,11,0,16,0,4,4,109.0,44.8,50.5
s2b-r01,1,A,s2b-r01-406,0,0,64,0,16,0,4,4,114.0,44.8,50.5
s2b-r01,1,A,s2b-r01-407,0,0,7,0,16,0,4,4,77.0,44.8,50.5
s2b-r01,1,A,s2b-r01-408,0,0,32,0,16,0,4,4,29.0,44.8,50.5
s2b-r01,1,A,s2b-r01-409,0,0,167,0,2,0,1,1,106.0,44.8,50.5
s2b-r01,1,A,s2b-r01-410,0,0,35,0,2,0,1,1,46.0,44.8,50.5
s2b-r01,1,A,s2b-r01-411,0,0,35,0,32,0,5,5,111.0,44.8,50.5
s2b-r01,1,A,s2b-r01-412,0,0,63,0,16,0,4,4,91.0,44.8,50.5
s2b-r01,1,A,s2b-r01-413,0,0,117,0,16,0,4,4,21.0,44.8,50.5
s2b-r01,1,A,s2b-r01-414,0,0,149,0,16,0,4,5,123.0,44.8,50.5
s2b-r01,1,A,s2b-r01-415,0,0,152,0,1,0,0,0,52.0,44.8,50.5
s2b-r01,1,A,s2b-r01-416,0,0,117,0,1,0,0,0,91.0,44.8,50.5
s2b-r01,1,A,s2b-r01-417,0,0,117,0,2,0,1,1,55.0,44.8,50.5
s2b-r01,1,A,s2b-r01-418,0,0,117,0,2,0,1,1,50.0,44.8,50.5
s2b-r01,1,A,s2b-r01-419,0,0,101,0,2,0,1,1,102.0,44.8,50.5
s2b-r01,1,A,s2b-r01-420,0,0,101,0,2,0,1,1,104.0,44.8,50.5
s2b-r01,1,A,s2b-r01-421,0,0,124,0,2,0,1,1,102.0,44.8,50.5
s2b-r01,1,A,s2b-r01-422,0,0,124,0,16,0,4,4,80.0,44.8,50.5
s2b-r01,1,A,s2b-r01-423,0,0,148,0,16,0,4,4,16.0,44.8,50.5
s2b-r01,1,A,s2b-r01-424,0,0,156,0,32,0,5,5,88.0,44.8,50.5
s2b-r01,1,A,s2b-r01-425,0,0,120,0,2,0,1,1,38.0,44.8,50.5
s2b-r01,1,A,s2b-r01-426,0,0,47,0,2,0,1,1,37.0,44.8,50.5
s2b-r01,1,A,s2b-r01-427,0,0,3,0,2,0,1,1,103.0,44.8,50.5
s2b-r01,1,A,s2b-r01-428,0,0,77,0,2,0,1,1,88.0,44.8,50.5
s2b-r01,1,A,s2b-r01-429,0,0,125,0,2,0,1,1,76.0,44.8,50.5
s2b-r01,1,A,s2b-r01-430,0,0,125,0,2,0,1,1,100.0,44.8,50.5
s2b-r01,1,A,s2b-r01-431,0,0,101,0,1,0,0,0,39.0,44.8,50.5
s2b-r01,1,A,s2b-r01-432,0,0,174,0,1,0,0,0,32.0,44.8,50.5
s2b-r01,1,A,s2b-r01-433,0,0,108,0,1,0,0,0,14.0,44.8,50.5
s2b-r01,1,A,s2b-r01-434,0,0,174,0,1,0,0,0,13.0,44.8,50.5
s2b-r01,1,A,s2b-r01-435,0,0,119,0,1,0,0,0,23.0,44.8,50.5
s2b-r01,1,A,s2b-r01-436,0,0,162,0,2,0,1,1,126.0,44.8,50.5
s2b-r01,1,A,s2b-r01-437,0,0,164,0,16,0,4,4,100.0,44.8,50.5
s2b-r01,1,A,s2b-r01-438,0,0,54,0,2,0,4,0,108.0,44.8,50.5
s2b-r01,1,A,s2b-r01-439,0,0,124,0,32,0,5,5,37.0,44.8,50.5
s2b-r01,1,A,s2b-r01-440,0,0,157,0,8,0,3,3,18.0,44.8,50.5
s2b-r01,1,A,s2b-r01-441,0,0,149,0,8,0,3,3,26.0,44.8,50.5
s2b-r01,1,A,s2b-r01-442,0,0,151,0,8,0,3,3,47.0,44.8,50.5
s2b-r01,1,A,s2b-r01-443,0,0,98,0,16,0,4,4,92.0,44.8,50.5
s2b-r01,1,A,s2b-r01-444,0,0,159,0,16,0,4,4,40.0,44.8,50.5
s2b-r01,1,A,s2b-r01-445,0,0,157,0,1,0,4,0,118.0,44.8,50.5
s2b-r01,1,A,s2b-r01-446,0,0,162,0,4,0,2,2,37.0,44.8,50.5
s2b-r01,1,A,s2b-r01-447,0,0,157,0,4,0,2,2,39.0,44.8,50.5
s2b-r01,1,A,s2b-r01-448,0,0,112,0,16,0,2,4,62.0,44.8,50.5
s2b-r01,1,A,s2b-r01-449,0,0,82,0,16,0,4,4,103.0,44.8,50.5
s2b-r01,1,A,s2b-r01-450,0,0,100,0,2,0,4,4,274.0,44.8,50.5
s2b-r01,1,A,s2b-r01-451,0,0,59,0,1,0,4,4,66.0,44.8,50.5
s2b-r01,1,A,s2b-r01-452,0,0,79,0,1,0,0,0,25.0,44.8,50.5
s2b-r01,1,A,s2b-r01-453,0,0,150,0,1,0,0,0,36.0,44.8,50.5
s2b-r01,1,A,s2b-r01-454,0,0,155,0,1,0,0,0,63.0,44.8,50.5
s2b-r01,1,A,s2b-r01-455,0,0,116,0,16,0,4,4,26.0,44.8,50.5
s2b-r01,1,A,s2b-r01-456,0,0,116,0,32,0,5,5,35.0,44.8,50.5
s2b-r01,1,A,s2b-r01-457,0,0,3,0,32,0,5,5,103.0,44.8,50.5
s2b-r01,1,A,s2b-r01-458,0,0,63,0,32,0,5,5,98.0,44.8,50.5
s2b-r01,1,A,s2b-r01-459,0,0,118,0,32,0,5,5,108.0,44.8,50.5
s2b-r01,1,A,s2b-r01-460,0,0,98,0,2,0,1,1,83.0,44.8,50.5
s2b-r01,1,A,s2b-r01-461,0,0,109,0,16,0,4,4,42.0,44.8,50.5
s2b-r01,1,A,s2b-r01-462,0,0,106,0,16,0,4,4,23.0,44.8,50.5
s2b-r01,1,A,s2b-r01-463,0,0,157,0,32,0,5,5,40.0,44.8,50.5
s2b-r01,1,A,s2b-r01-464,0,0,157,0,32,0,5,5,140.0,44.8,50.5
s2b-r01,1,A,s2b-r01-465,0,0,106,0,32,0,5,5,104.0,44.8,50.5
s2b-r01,1,A,s2b-r01-466,0,0,90,0,32,0,5,5,109.0,44.8,50.5
s2b-r02,1,B,s2b-r02-0,512,512,178,0,2,0,1,1,19.0,45.1,56.7
s2b-r02,1,B,s2b-r02-1,512,512,152,0,1,0,0,0,12.0,45.1,56.7
s2b-r02,1,B,s2b-r02-2,512,512,152,0,1,0,0,0,13.0,45.1,56.7
s2b-r02,1,B,s2b-r02-3,512,512,155,0,1,0,0,0,26.0,45.1,56.7
s2b-r02,1,B,s2b-r02-4,512,512,138,0,32,0,5,5,13.0,45.1,56.7
s2b-r02,1,B,s2b-r02-5,512,512,148,0,32,0,5,5,29.0,45.1,56.7
s2b-r02,1,B,s2b-r02-6,512,512,142,0,2,0,1,1,29.0,45.1,56.7
s2b-r02,1,B,s2b-r02-7,512,512,146,0,2,0,1,1,26.0,45.1,56.7
s2b-r02,1,B,s2b-r02-8,512,512,145,0,2,0,1,1,16.0,45.1,56.7
s2b-r02,1,B,s2b-r02-9,512,512,147,0,16,0,4,4,26.0,45.1,56.7
s2b-r02,1,B,s2b-r02-10,512,512,193,0,16,0,4,4,15.0,45.1,56.7
s2b-r02,1,B,s2b-r02-11,512,512,148,0,16,0,4,4,72.0,45.1,56.7
s2b-r02,1,B,s2b-r02-12,512,512,148,0,1,0,0,0,39.0,45.1,56.7
s2b-r02,1,B,s2b-r02-13,512,512,158,0,32,0,5,5,73.0,45.1,56.7
s2b-r02,1,B,s2b-r02-14,512,512,155,0,32,0,5,5,29.0,45.1,56.7
s2b-r02,1,B,s2b-r02-15,512,512,28,0,16,0,0,4,74.0,45.1,56.7
s2b-r02,1,B,s2b-r02-16,512,512,148,0,16,0,4,4,102.0,45.1,56.7
s2b-r02,1,B,s2b-r02-17,512,512,61,0,16,0,4,4,23.0,45.1,56.7
s2b-r02,1,B,s2b-r02-18,512,512,153,0,16,0,4,4,41.0,45.1,56.7
s2b-r02,1,B,s2b-r02-19,512,512,137,0,16,0,4,4,50.0,45.1,56.7
s2b-r02,1,B,s2b-r02-20,512,512,150,0,16,0,4,4,37.0,45.1,56.7
s2b-r02,1,B,s2b-r02-21,512,512,151,0,16,0,4,4,28.0,45.1,56.7
s2b-r02,1,B,s2b-r02-22,512,512,88,0,16,0,4,4,45.0,45.1,56.7
s2b-r02,1,B,s2b-r02-23,512,512,152,0,16,0,4,4,17.0,45.1,56.7
s2b-r02,1,B,s2b-r02-24,512,512,152,0,1,0,0,0,45.0,45.1,56.7
s2b-r02,1,B,s2b-r02-25,512,512,48,0,1,0,0,0,43.0,45.1,56.7
s2b-r02,1,B,s2b-r02-26,512,512,48,0,1,0,0,0,61.0,45.1,56.7
s2b-r02,1,B,s2b-r02-27,512,512,108,0,16,0,4,4,24.0,45.1,56.7
s2b-r02,1,B,s2b-r02-28,512,512,161,0,2,0,1,1,27.0,45.1,56.7
s2b-r02,1,B,s2b-r02-29,512,512,161,0,32,0,5,5,44.0,45.1,56.7
s2b-r02,1,B,s2b-r02-30,512,512,161,0,2,0,1,1,113.0,45.1,56.7
s2b-r02,1,B,s2b-r02-31,512,512,161,0,2,0,1,1,27.0,45.1,56.7
s2b-r02,1,B,s2b-r02-32,512,512,153,0,1,0,0,0,86.0,45.1,56.7
s2b-r02,1,B,s2b-r02-33,512,512,155,0,32,0,5,5,24.0,45.1,56.7
s2b-r02,1,B,s2b-r02-34,512,512,153,0,32,0,5,5,16.0,45.1,56.7
s2b-r02,1,B,s2b-r02-35,512,512,153,0,32,0,5,5,61.0,45.1,56.7
s2b-r02,1,B,s2b-r02-36,512,512,153,6,32,1,5,5,79.0,45.1,56.7
s2b-r02,1,B,s2b-r02-37,512,512,153,0,32,0,5,5,44.0,45.1,56.7
s2b-r02,1,B,s2b-r02-38,512,512,158,6,64,0,6,6,77.0,45.1,56.7
s2b-r02,1,B,s2b-r02-39,512,512,25,6,64,0,6,6,173.0,45.1,56.7
s2b-r02,1,B,s2b-r02-40,512,512,106,6,64,0,6,6,51.0,45.1,56.7
s2b-r02,1,B,s2b-r02-41,512,512,99,6,64,0,6,6,140.0,45.1,56.7
s2b-r02,1,B,s2b-r02-42,512,512,91,6,64,0,6,6,51.0,45.1,56.7
s2b-r02,1,B,s2b-r02-43,512,512,99,6,64,0,6,6,145.0,45.1,56.7
s2b-r02,1,B,s2b-r02-44,512,512,99,6,64,0,6,6,48.0,45.1,56.7
s2b-r02,1,B,s2b-r02-45,512,512,99,6,64,0,6,6,143.0,45.1,56.7
s2b-r02,1,B,s2b-r02-46,512,512,103,6,64,0,6,6,49.0,45.1,56.7
s2b-r02,1,B,s2b-r02-47,512,512,100,6,64,0,6,6,127.0,45.1,56.7
s2b-r02,1,B,s2b-r02-48,512,512,105,6,64,0,6,6,183.0,45.1,56.7
s2b-r02,1,B,s2b-r02-49,512,512,100,6,64,0,6,6,50.0,45.1,56.7
s2b-r02,1,B,s2b-r02-50,512,512,100,6,64,0,6,6,146.0,45.1,56.7
s2b-r02,1,B,s2b-r02-51,512,512,83,6,64,0,6,6,123.0,45.1,56.7
s2b-r02,1,B,s2b-r02-52,512,512,101,6,64,0,6,6,49.0,45.1,56.7
s2b-r02,1,B,s2b-r02-53,512,512,85,6,64,0,6,6,201.0,45.1,56.7
s2b-r02,1,B,s2b-r02-54,512,512,105,6,64,0,6,6,57.0,45.1,56.7
s2b-r02,1,B,s2b-r02-55,512,512,105,6,64,0,6,6,150.0,45.1,56.7
s2b-r02,1,B,s2b-r02-56,512,512,105,6,64,0,6,6,54.0,45.1,56.7
s2b-r02,1,B,s2b-r02-57,512,512,105,6,64,0,6,6,155.0,45.1,56.7
s2b-r02,1,B,s2b-r02-58,512,512,103,6,64,0,6,6,49.0,45.1,56.7
s2b-r02,1,B,s2b-r02-59,512,512,103,6,64,0,6,6,129.0,45.1,56.7
s2b-r02,1,B,s2b-r02-60,512,512,103,6,64,0,6,6,55.0,45.1,56.7
s2b-r02,1,B,s2b-r02-61,512,512,103,6,64,0,6,6,224.0,45.1,56.7
s2b-r02,1,B,s2b-r02-62,512,512,132,6,64,0,6,6,39.0,45.1,56.7
s2b-r02,1,B,s2b-r02-63,512,512,71,6,64,0,6,6,150.0,45.1,56.7
s2b-r02,1,B,s2b-r02-64,512,512,103,6,64,0,6,6,57.0,45.1,56.7
s2b-r02,1,B,s2b-r02-65,512,512,86,6,64,0,6,6,480.0,45.1,56.7
s2b-r02,1,B,s2b-r02-66,512,512,129,6,64,0,6,6,41.0,45.1,56.7
s2b-r02,1,B,s2b-r02-67,512,512,100,6,64,0,6,6,149.0,45.1,56.7
s2b-r02,1,B,s2b-r02-68,512,512,106,6,64,0,6,6,54.0,45.1,56.7
s2b-r02,1,B,s2b-r02-69,512,512,102,6,128,0,7,7,114.0,45.1,56.7
s2b-r02,1,B,s2b-r02-70,512,512,106,0,4,0,2,2,25.0,45.1,56.7
s2b-r02,1,B,s2b-r02-71,512,512,149,0,4,0,2,2,21.0,45.1,56.7
s2b-r02,1,B,s2b-r02-72,512,512,158,0,2,0,1,1,17.0,45.1,56.7
s2b-r02,1,B,s2b-r02-73,512,512,149,0,2,0,1,1,23.0,45.1,56.7
s2b-r02,1,B,s2b-r02-74,512,512,111,0,4,0,2,2,46.0,45.1,56.7
s2b-r02,1,B,s2b-r02-75,512,512,160,0,32,0,5,5,40.0,45.1,56.7
s2b-r02,1,B,s2b-r02-76,512,512,160,0,32,0,5,5,19.0,45.1,56.7
s2b-r02,1,B,s2b-r02-77,512,512,209,0,32,0,5,5,15.0,45.1,56.7
s2b-r02,1,B,s2b-r02-78,512,512,160,0,32,0,5,5,20.0,45.1,56.7
s2b-r02,1,B,s2b-r02-79,512,512,154,0,32,0,5,5,101.0,45.1,56.7
s2b-r02,1,B,s2b-r02-80,512,512,154,0,2,0,1,1,30.0,45.1,56.7
s2b-r02,1,B,s2b-r02-81,512,512,154,0,2,0,1,1,29.0,45.1,56.7
s2b-r02,1,B,s2b-r02-82,512,512,158,0,16,0,4,4,22.0,45.1,56.7
s2b-r02,1,B,s2b-r02-83,512,512,67,0,1,0,0,0,294.0,45.1,56.7
s2b-r02,1,B,s2b-r02-84,512,512,263,6,64,0,6,6,58.0,45.1,56.7
s2b-r02,1,B,s2b-r02-85,512,512,99,6,64,0,6,6,17.0,45.1,56.7
s2b-r02,1,B,s2b-r02-86,512,512,97,6,64,0,6,6,18.0,45.1,56.7
s2b-r02,1,B,s2b-r02-87,512,512,98,6,64,0,6,6,49.0,45.1,56.7
s2b-r02,1,B,s2b-r02-88,512,512,98,6,64,0,6,6,101.0,45.1,56.7
s2b-r02,1,B,s2b-r02-89,512,512,98,6,64,0,6,6,47.0,45.1,56.7
s2b-r02,1,B,s2b-r02-90,512,512,98,6,64,0,6,6,142.0,45.1,56.7
s2b-r02,1,B,s2b-r02-91,512,512,103,6,128,0,6,7,148.0,45.1,56.7
s2b-r02,1,B,s2b-r02-92,512,512,108,6,128,0,7,7,52.0,45.1,56.7
s2b-r02,1,B,s2b-r02-93,512,512,108,6,128,0,7,7,48.0,45.1,56.7
s2b-r02,1,B,s2b-r02-94,512,512,108,6,128,0,7,7,292.0,45.1,56.7
s2b-r02,1,B,s2b-r02-95,512,512,108,6,128,0,7,7,49.0,45.1,56.7
s2b-r02,1,B,s2b-r02-96,512,512,65,6,128,0,7,7,136.0,45.1,56.7
s2b-r02,1,B,s2b-r02-97,512,512,105,6,128,0,7,7,48.0,45.1,56.7
s2b-r02,1,B,s2b-r02-98,512,512,65,6,128,0,7,7,148.0,45.1,56.7
s2b-r02,1,B,s2b-r02-99,512,512,101,6,128,0,7,7,61.0,45.1,56.7
s2b-r02,1,B,s2b-r02-100,512,512,101,6,128,0,7,7,107.0,45.1,56.7
s2b-r02,1,B,s2b-r02-101,512,512,101,6,128,0,7,7,55.0,45.1,56.7
s2b-r02,1,B,s2b-r02-102,512,512,101,6,128,0,7,7,159.0,45.1,56.7
s2b-r02,1,B,s2b-r02-103,512,512,103,6,128,0,7,7,55.0,45.1,56.7
s2b-r02,1,B,s2b-r02-104,512,512,103,6,128,0,7,7,135.0,45.1,56.7
s2b-r02,1,B,s2b-r02-105,512,512,110,6,128,0,7,7,47.0,45.1,56.7
s2b-r02,1,B,s2b-r02-106,512,512,87,6,128,0,7,7,57.0,45.1,56.7
s2b-r02,1,B,s2b-r02-107,512,512,101,6,128,0,7,7,173.0,45.1,56.7
s2b-r02,1,B,s2b-r02-108,512,512,105,6,128,0,7,7,56.0,45.1,56.7
s2b-r02,1,B,s2b-r02-109,512,512,87,6,128,0,7,7,144.0,45.1,56.7
s2b-r02,1,B,s2b-r02-110,512,512,102,6,128,0,7,7,48.0,45.1,56.7
s2b-r02,1,B,s2b-r02-111,512,512,102,0,16,0,4,4,112.0,45.1,56.7
s2b-r02,1,B,s2b-r02-112,512,512,140,0,2,0,1,1,57.0,45.1,56.7
s2b-r02,1,B,s2b-r02-113,512,512,174,6,64,0,6,6,30.0,45.1,56.7
s2b-r02,1,B,s2b-r02-114,512,512,99,0,32,0,5,5,55.0,45.1,56.7
s2b-r02,1,B,s2b-r02-115,512,512,155,0,32,0,5,5,32.0,45.1,56.7
s2b-r02,1,B,s2b-r02-116,512,512,155,6,64,0,6,6,102.0,45.1,56.7
s2b-r02,1,B,s2b-r02-117,512,512,102,6,64,0,6,6,51.0,45.1,56.7
s2b-r02,1,B,s2b-r02-118,512,512,99,0,32,0,5,5,158.0,45.1,56.7
s2b-r02,1,B,s2b-r02-119,512,512,119,6,128,0,7,7,48.0,45.1,56.7
s2b-r02,1,B,s2b-r02-120,512,512,119,6,128,0,7,7,214.0,45.1,56.7
s2b-r02,1,B,s2b-r02-121,512,512,119,6,128,0,7,7,50.0,45.1,56.7
s2b-r02,1,B,s2b-r02-122,512,512,119,6,128,0,7,7,250.0,45.1,56.7
s2b-r02,1,B,s2b-r02-123,512,512,107,6,128,0,7,7,52.0,45.1,56.7
s2b-r02,1,B,s2b-r02-124,512,512,107,6,128,0,7,7,65.0,45.1,56.7
s2b-r02,1,B,s2b-r02-125,512,512,107,6,128,0,7,7,50.0,45.1,56.7
s2b-r02,1,B,s2b-r02-126,512,512,107,6,128,0,7,7,183.0,45.1,56.7
s2b-r02,1,B,s2b-r02-127,512,512,104,6,128,0,7,7,55.0,45.1,56.7
s2b-r02,1,B,s2b-r02-128,512,512,104,6,128,0,7,7,201.0,45.1,56.7
s2b-r02,1,B,s2b-r02-129,512,512,104,6,128,0,7,7,54.0,45.1,56.7
s2b-r02,1,B,s2b-r02-130,512,512,104,6,128,0,7,7,155.0,45.1,56.7
s2b-r02,1,B,s2b-r02-131,512,512,111,6,128,0,7,7,58.0,45.1,56.7
s2b-r02,1,B,s2b-r02-132,512,512,111,6,128,0,7,7,180.0,45.1,56.7
s2b-r02,1,B,s2b-r02-133,512,512,111,6,128,0,7,7,49.0,45.1,56.7
s2b-r02,1,B,s2b-r02-134,512,512,111,6,128,0,7,7,127.0,45.1,56.7
s2b-r02,1,B,s2b-r02-135,512,512,111,6,128,0,7,7,49.0,45.1,56.7
s2b-r02,1,B,s2b-r02-136,512,512,65,6,128,0,7,7,148.0,45.1,56.7
s2b-r02,1,B,s2b-r02-137,512,512,104,6,128,0,7,7,51.0,45.1,56.7
s2b-r02,1,B,s2b-r02-138,512,512,97,6,128,0,7,7,157.0,45.1,56.7
s2b-r02,1,B,s2b-r02-139,512,512,111,6,128,0,7,7,50.0,45.1,56.7
s2b-r02,1,B,s2b-r02-140,512,512,111,6,128,0,7,7,53.0,45.1,56.7
s2b-r02,1,B,s2b-r02-141,512,512,111,6,128,0,7,7,180.0,45.1,56.7
s2b-r02,1,B,s2b-r02-142,512,512,113,6,128,0,7,7,53.0,45.1,56.7
s2b-r02,1,B,s2b-r02-143,512,512,94,6,128,0,7,7,126.0,45.1,56.7
s2b-r02,1,B,s2b-r02-144,512,512,101,6,128,0,7,7,51.0,45.1,56.7
s2b-r02,1,B,s2b-r02-145,512,512,103,6,128,0,7,7,147.0,45.1,56.7
s2b-r02,1,B,s2b-r02-146,512,512,59,6,128,0,7,7,51.0,45.1,56.7
s2b-r02,1,B,s2b-r02-147,512,512,99,0,16,0,7,7,220.0,45.1,56.7
s2b-r02,1,B,s2b-r02-148,512,512,105,6,128,0,7,7,51.0,45.1,56.7
s2b-r02,1,B,s2b-r02-149,512,512,96,6,128,0,7,7,136.0,45.1,56.7
s2b-r02,1,B,s2b-r02-150,512,512,106,6,128,0,7,7,54.0,45.1,56.7
s2b-r02,1,B,s2b-r02-151,512,512,101,6,128,0,7,7,455.0,45.1,56.7
s2b-r02,1,B,s2b-r02-152,512,512,122,6,128,0,7,7,48.0,45.1,56.7
s2b-r02,1,B,s2b-r02-153,512,512,101,6,128,0,7,7,157.0,45.1,56.7
s2b-r02,1,B,s2b-r02-154,512,512,103,6,128,0,7,7,50.0,45.1,56.7
s2b-r02,1,B,s2b-r02-155,512,512,99,6,128,0,7,7,101.0,45.1,56.7
s2b-r02,1,B,s2b-r02-156,512,512,99,6,128,0,7,7,48.0,45.1,56.7
s2b-r02,1,B,s2b-r02-157,512,512,99,6,128,0,7,7,73.0,45.1,56.7
s2b-r02,1,B,s2b-r02-158,512,512,82,6,128,0,7,7,117.0,45.1,56.7
s2b-r02,1,B,s2b-r02-159,512,512,112,6,128,0,7,7,49.0,45.1,56.7
s2b-r02,1,B,s2b-r02-160,512,512,82,6,128,0,7,7,138.0,45.1,56.7
s2b-r02,1,B,s2b-r02-161,512,512,104,6,128,0,7,7,50.0,45.1,56.7
s2b-r02,1,B,s2b-r02-162,512,512,86,6,128,0,7,7,125.0,45.1,56.7
s2b-r02,1,B,s2b-r02-163,512,512,102,6,128,0,7,7,48.0,45.1,56.7
s2b-r02,1,B,s2b-r02-164,512,512,86,6,128,0,7,7,146.0,45.1,56.7
s2b-r02,1,B,s2b-r02-165,512,512,107,6,128,0,7,7,48.0,45.1,56.7
s2b-r02,1,B,s2b-r02-166,512,512,107,6,128,0,7,7,130.0,45.1,56.7
s2b-r02,1,B,s2b-r02-167,512,512,107,6,128,0,7,7,52.0,45.1,56.7
s2b-r02,1,B,s2b-r02-168,512,512,107,6,128,0,7,7,168.0,45.1,56.7
s2b-r02,1,B,s2b-r02-169,512,512,58,6,128,0,7,7,49.0,45.1,56.7
s2b-r02,1,B,s2b-r02-170,512,512,101,6,128,0,7,7,135.0,45.1,56.7
s2b-r02,1,B,s2b-r02-171,512,512,82,6,128,0,7,7,50.0,45.1,56.7
s2b-r02,1,B,s2b-r02-172,512,512,101,6,128,0,7,7,181.0,45.1,56.7
s2b-r02,1,B,s2b-r02-173,512,512,111,6,128,0,7,7,52.0,45.1,56.7
s2b-r02,1,B,s2b-r02-174,512,512,101,6,128,0,7,7,129.0,45.1,56.7
s2b-r02,1,B,s2b-r02-175,512,512,101,6,128,0,7,7,155.0,45.1,56.7
s2b-r02,1,B,s2b-r02-176,512,512,107,6,128,0,7,7,46.0,45.1,56.7
s2b-r02,1,B,s2b-r02-177,512,512,107,6,128,0,7,7,155.0,45.1,56.7
s2b-r02,1,B,s2b-r02-178,512,512,107,6,128,0,7,7,50.0,45.1,56.7
s2b-r02,1,B,s2b-r02-179,512,512,107,6,128,0,7,7,178.0,45.1,56.7
s2b-r02,1,B,s2b-r02-180,512,512,60,6,128,0,7,7,52.0,45.1,56.7
s2b-r02,1,B,s2b-r02-181,512,512,100,6,128,0,7,7,167.0,45.1,56.7
s2b-r02,1,B,s2b-r02-182,512,512,85,6,128,0,7,7,49.0,45.1,56.7
s2b-r02,1,B,s2b-r02-183,512,512,98,6,128,0,7,7,167.0,45.1,56.7
s2b-r02,1,B,s2b-r02-184,512,512,103,6,128,0,7,7,56.0,45.1,56.7
s2b-r02,1,B,s2b-r02-185,512,512,98,6,128,0,7,7,471.0,45.1,56.7
s2b-r02,1,B,s2b-r02-186,512,512,115,6,128,0,7,7,58.0,45.1,56.7
s2b-r02,1,B,s2b-r02-187,512,512,100,6,128,0,7,7,153.0,45.1,56.7
s2b-r02,1,B,s2b-r02-188,512,512,102,6,128,0,7,7,52.0,45.1,56.7
s2b-r02,1,B,s2b-r02-189,512,512,100,6,128,0,7,7,153.0,45.1,56.7
s2b-r02,1,B,s2b-r02-190,512,512,102,6,128,0,7,7,60.0,45.1,56.7
s2b-r02,1,B,s2b-r02-191,512,512,99,6,128,0,7,7,100.0,45.1,56.7
s2b-r02,1,B,s2b-r02-192,512,512,100,6,128,0,7,7,51.0,45.1,56.7
s2b-r02,1,B,s2b-r02-193,512,512,99,6,128,0,7,7,175.0,45.1,56.7
s2b-r02,1,B,s2b-r02-194,512,512,99,6,128,0,7,7,52.0,45.1,56.7
s2b-r02,1,B,s2b-r02-195,512,512,98,6,128,0,7,7,122.0,45.1,56.7
s2b-r02,1,B,s2b-r02-196,512,512,98,6,64,0,6,6,55.0,45.1,56.7
s2b-r02,1,B,s2b-r02-197,512,512,99,6,64,0,6,6,282.0,45.1,56.7
s2b-r02,1,B,s2b-r02-198,512,512,113,6,64,0,6,6,58.0,45.1,56.7
s2b-r02,1,B,s2b-r02-199,512,512,102,6,64,0,6,6,215.0,45.1,56.7
s2b-r02,1,B,s2b-r02-200,512,512,104,6,64,0,6,6,50.0,45.1,56.7
s2b-r02,1,B,s2b-r02-201,512,512,102,6,64,0,6,6,132.0,45.1,56.7
s2b-r02,1,B,s2b-r02-202,512,512,102,6,64,0,6,6,49.0,45.1,56.7
s2b-r02,1,B,s2b-r02-203,512,512,68,6,64,0,6,6,174.0,45.1,56.7
s2b-r02,1,B,s2b-r02-204,512,512,104,6,64,0,6,6,59.0,45.1,56.7
s2b-r02,1,B,s2b-r02-205,512,512,99,6,64,0,6,6,122.0,45.1,56.7
s2b-r02,1,B,s2b-r02-206,512,512,101,6,64,0,6,6,47.0,45.1,56.7
s2b-r02,1,B,s2b-r02-207,512,512,99,6,64,0,6,6,298.0,45.1,56.7
s2b-r02,1,B,s2b-r02-208,512,512,113,6,64,0,6,6,53.0,45.1,56.7
s2b-r02,1,B,s2b-r02-209,512,512,99,6,64,0,6,6,126.0,45.1,56.7
s2b-r02,1,B,s2b-r02-210,512,512,102,6,64,0,6,6,53.0,45.1,56.7
s2b-r02,1,B,s2b-r02-211,512,512,74,6,64,0,6,6,147.0,45.1,56.7
s2b-r02,1,B,s2b-r02-212,512,512,102,6,64,0,6,6,55.0,45.1,56.7
s2b-r02,1,B,s2b-r02-213,512,512,100,6,64,0,6,6,173.0,45.1,56.7
s2b-r02,1,B,s2b-r02-214,512,512,105,6,64,0,6,6,51.0,45.1,56.7
s2b-r02,1,B,s2b-r02-215,512,512,31,6,64,0,6,6,120.0,45.1,56.7
s2b-r02,1,B,s2b-r02-216,512,512,101,0,32,0,5,5,61.0,45.1,56.7
s2b-r02,1,B,s2b-r02-217,512,512,154,6,128,0,7,7,2156.0,45.1,56.7
s2b-r02,1,B,s2b-r02-218,512,512,120,6,128,0,7,7,53.0,45.1,56.7
s2b-r02,1,B,s2b-r02-219,512,512,101,6,128,0,7,7,149.0,45.1,56.7
s2b-r02,1,B,s2b-r02-220,512,512,62,6,128,0,7,7,60.0,45.1,56.7
s2b-r02,1,B,s2b-r02-221,512,512,98,6,128,0,7,7,148.0,45.1,56.7
s2b-r02,1,B,s2b-r02-222,512,512,103,6,128,0,7,7,47.0,45.1,56.7
s2b-r02,1,B,s2b-r02-223,512,512,26,6,128,0,7,7,146.0,45.1,56.7
s2b-r02,1,B,s2b-r02-224,512,512,104,6,128,0,7,7,57.0,45.1,56.7
s2b-r02,1,B,s2b-r02-225,512,512,99,6,128,0,7,7,147.0,45.1,56.7
s2b-r02,1,B,s2b-r02-226,512,512,92,6,128,0,7,7,50.0,45.1,56.7
s2b-r02,1,B,s2b-r02-227,512,512,98,6,128,0,7,7,248.0,45.1,56.7
s2b-r02,1,B,s2b-r02-228,512,512,108,0,2,0,1,1,197.0,45.1,56.7
s2b-r02,1,B,s2b-r02-229,512,512,170,0,1,0,0,0,14.0,45.1,56.7
s2b-r02,1,B,s2b-r02-230,512,512,170,0,1,0,0,0,453.0,45.1,56.7
s2b-r02,1,B,s2b-r02-231,512,512,151,6,64,0,6,6,49.0,45.1,56.7
s2b-r02,1,B,s2b-r02-232,512,512,98,6,64,0,6,6,43.0,45.1,56.7
s2b-r02,1,B,s2b-r02-233,512,512,106,6,64,0,6,6,19.0,45.1,56.7
s2b-r02,1,B,s2b-r02-234,512,512,99,6,128,0,7,7,73.0,45.1,56.7
s2b-r02,1,B,s2b-r02-235,512,512,98,6,128,0,7,7,33.0,45.1,56.7
s2b-r02,1,B,s2b-r02-236,512,512,102,6,128,0,7,7,67.0,45.1,56.7
s2b-r02,1,B,s2b-r02-237,512,512,105,6,128,0,7,7,151.0,45.1,56.7
s2b-r02,1,B,s2b-r02-238,512,512,102,6,128,0,7,7,48.0,45.1,56.7
s2b-r02,1,B,s2b-r02-239,512,512,102,6,128,0,7,7,135.0,45.1,56.7
s2b-r02,1,B,s2b-r02-240,512,512,102,6,128,0,7,7,50.0,45.1,56.7
s2b-r02,1,B,s2b-r02-241,512,512,102,6,128,0,7,7,203.0,45.1,56.7
s2b-r02,1,B,s2b-r02-242,512,512,109,6,128,0,7,7,49.0,45.1,56.7
s2b-r02,1,B,s2b-r02-243,512,512,102,6,128,0,7,7,62.0,45.1,56.7
s2b-r02,1,B,s2b-r02-244,512,512,62,6,128,0,7,7,50.0,45.1,56.7
s2b-r02,1,B,s2b-r02-245,512,512,97,6,128,0,7,7,52.0,45.1,56.7
s2b-r02,1,B,s2b-r02-246,512,512,100,6,128,0,7,7,180.0,45.1,56.7
s2b-r02,1,B,s2b-r02-247,512,512,108,6,128,0,7,7,54.0,45.1,56.7
s2b-r02,1,B,s2b-r02-248,512,512,98,6,128,0,7,7,123.0,45.1,56.7
s2b-r02,1,B,s2b-r02-249,512,512,105,6,128,0,7,7,174.0,45.1,56.7
s2b-r02,1,B,s2b-r02-250,512,512,110,6,128,0,7,7,54.0,45.1,56.7
s2b-r02,1,B,s2b-r02-251,512,512,102,6,128,0,7,7,210.0,45.1,56.7
s2b-r02,1,B,s2b-r02-252,512,512,105,6,128,0,7,7,169.0,45.1,56.7
s2b-r02,1,B,s2b-r02-253,512,512,99,6,128,0,7,7,111.0,45.1,56.7
s2b-r02,1,B,s2b-r02-254,512,512,102,6,128,0,7,7,49.0,45.1,56.7
s2b-r02,1,B,s2b-r02-255,512,512,99,6,128,0,7,7,150.0,45.1,56.7
s2b-r02,1,B,s2b-r02-256,512,512,103,6,128,0,7,7,54.0,45.1,56.7
s2b-r02,1,B,s2b-r02-257,512,512,86,6,128,0,7,7,147.0,45.1,56.7
s2b-r02,1,B,s2b-r02-258,512,512,110,6,128,0,7,7,49.0,45.1,56.7
s2b-r02,1,B,s2b-r02-259,512,512,88,6,128,0,7,7,181.0,45.1,56.7
s2b-r02,1,B,s2b-r02-260,512,512,102,6,128,0,7,7,57.0,45.1,56.7
s2b-r02,1,B,s2b-r02-261,512,512,102,6,128,0,7,7,191.0,45.1,56.7
s2b-r02,1,B,s2b-r02-262,512,512,102,6,128,0,7,7,49.0,45.1,56.7
s2b-r02,1,B,s2b-r02-263,512,512,102,6,128,0,7,7,107.0,45.1,56.7
s2b-r02,1,B,s2b-r02-264,512,512,86,6,128,0,7,7,51.0,45.1,56.7
s2b-r02,1,B,s2b-r02-265,512,512,100,6,128,0,7,7,155.0,45.1,56.7
s2b-r02,1,B,s2b-r02-266,512,512,105,6,128,0,7,7,57.0,45.1,56.7
s2b-r02,1,B,s2b-r02-267,512,512,74,6,128,0,7,7,151.0,45.1,56.7
s2b-r02,1,B,s2b-r02-268,512,512,102,6,128,0,7,7,51.0,45.1,56.7
s2b-r02,1,B,s2b-r02-269,512,512,98,6,128,0,7,7,148.0,45.1,56.7
s2b-r02,1,B,s2b-r02-270,512,512,101,6,128,0,7,7,51.0,45.1,56.7
s2b-r02,1,B,s2b-r02-271,512,512,99,6,128,0,7,7,156.0,45.1,56.7
s2b-r02,1,B,s2b-r02-272,512,512,110,6,128,0,7,7,54.0,45.1,56.7
s2b-r02,1,B,s2b-r02-273,512,512,102,6,128,0,7,7,69.0,45.1,56.7
s2b-r02,1,B,s2b-r02-274,512,512,99,6,128,0,7,7,51.0,45.1,56.7
s2b-r02,1,B,s2b-r02-275,512,512,99,6,128,0,7,7,199.0,45.1,56.7
s2b-r02,1,B,s2b-r02-276,512,512,105,6,128,0,7,7,54.0,45.1,56.7
s2b-r02,1,B,s2b-r02-277,512,512,99,6,128,0,7,7,50.0,45.1,56.7
s2b-r02,1,B,s2b-r02-278,512,512,99,6,128,0,7,7,150.0,45.1,56.7
s2b-r02,1,B,s2b-r02-279,512,512,102,6,128,0,7,7,51.0,45.1,56.7
s2b-r02,1,B,s2b-r02-280,512,512,102,6,128,0,7,7,155.0,45.1,56.7
s2b-r02,1,B,s2b-r02-281,512,512,103,6,128,0,7,7,48.0,45.1,56.7
s2b-r02,1,B,s2b-r02-282,512,512,102,6,128,0,7,7,115.0,45.1,56.7
s2b-r02,1,B,s2b-r02-283,512,512,101,6,128,0,7,7,53.0,45.1,56.7
s2b-r02,1,B,s2b-r02-284,512,512,101,6,128,0,7,7,156.0,45.1,56.7
s2b-r02,1,B,s2b-r02-285,512,512,101,6,128,0,7,7,50.0,45.1,56.7
s2b-r02,1,B,s2b-r02-286,512,512,101,6,128,0,7,7,305.0,45.1,56.7
s2b-r02,1,B,s2b-r02-287,512,512,117,6,128,0,7,7,47.0,45.1,56.7
s2b-r02,1,B,s2b-r02-288,512,512,117,6,128,0,7,7,184.0,45.1,56.7
s2b-r02,1,B,s2b-r02-289,512,512,117,6,128,0,7,7,54.0,45.1,56.7
s2b-r02,1,B,s2b-r02-290,512,512,117,6,128,0,7,7,163.0,45.1,56.7
s2b-r02,1,B,s2b-r02-291,512,512,117,6,128,0,7,7,52.0,45.1,56.7
s2b-r02,1,B,s2b-r02-292,512,512,67,6,128,0,7,7,126.0,45.1,56.7
s2b-r02,1,B,s2b-r02-293,512,512,101,6,128,0,7,7,48.0,45.1,56.7
s2b-r02,1,B,s2b-r02-294,512,512,81,6,128,0,7,7,144.0,45.1,56.7
s2b-r02,1,B,s2b-r02-295,512,512,103,6,128,0,7,7,49.0,45.1,56.7
s2b-r02,1,B,s2b-r02-296,512,512,103,6,128,0,7,7,144.0,45.1,56.7
s2b-r02,1,B,s2b-r02-297,512,512,107,6,128,0,7,7,199.0,45.1,56.7
s2b-r02,1,B,s2b-r02-298,512,512,107,6,128,0,7,7,56.0,45.1,56.7
s2b-r02,1,B,s2b-r02-299,512,512,82,6,128,0,7,7,212.0,45.1,56.7
s2b-r02,1,B,s2b-r02-300,512,512,108,6,64,0,6,6,68.0,45.1,56.7
s2b-r02,1,B,s2b-r02-301,512,512,100,6,64,0,6,6,32.0,45.1,56.7
s2b-r02,1,B,s2b-r02-302,512,512,103,0,2,0,1,1,51.0,45.1,56.7
s2b-r02,1,B,s2b-r02-303,512,512,150,0,2,0,1,1,18.0,45.1,56.7
s2b-r02,1,B,s2b-r02-304,512,512,150,0,2,0,1,1,49.0,45.1,56.7
s2b-r02,1,B,s2b-r02-305,512,512,152,0,2,0,1,1,30.0,45.1,56.7
s2b-r02,1,B,s2b-r02-306,512,512,158,0,32,0,5,5,17.0,45.1,56.7
s2b-r02,1,B,s2b-r02-307,512,512,150,0,32,0,5,5,21.0,45.1,56.7
s2b-r02,1,B,s2b-r02-308,512,512,96,0,32,0,5,5,51.0,45.1,56.7
s2b-r02,1,B,s2b-r02-309,512,512,96,0,32,0,5,5,43.0,45.1,56.7
s2b-r02,1,B,s2b-r02-310,512,512,44,0,16,0,4,4,29.0,45.1,56.7
s2b-r02,1,B,s2b-r02-311,512,512,147,0,16,0,4,4,52.0,45.1,56.7
s2b-r02,1,B,s2b-r02-312,512,512,122,0,16,0,4,4,68.0,45.1,56.7
s2b-r02,1,B,s2b-r02-313,512,512,153,0,32,0,5,5,84.0,45.1,56.7
s2b-r02,1,B,s2b-r02-314,512,512,160,0,32,0,5,5,20.0,45.1,56.7
s2b-r02,1,B,s2b-r02-315,512,512,160,6,1,1,0,0,34.0,45.1,56.7
s2b-r02,1,B,s2b-r02-316,512,512,160,6,32,1,5,5,109.0,45.1,56.7
s2b-r02,1,B,s2b-r02-317,512,512,160,0,32,0,5,5,41.0,45.1,56.7
s2b-r02,1,B,s2b-r02-318,512,512,160,0,32,0,5,5,14.0,45.1,56.7
s2b-r02,1,B,s2b-r02-319,512,512,17,6,16,1,4,4,86.0,45.1,56.7
s2b-r02,1,B,s2b-r02-320,512,512,153,6,16,1,4,4,25.0,45.1,56.7
s2b-r02,1,B,s2b-r02-321,512,512,50,0,16,0,4,4,57.0,45.1,56.7
s2b-r02,1,B,s2b-r02-322,512,512,149,0,16,0,4,4,137.0,45.1,56.7
s2b-r02,1,B,s2b-r02-323,512,512,154,0,16,1,4,4,196.0,45.1,56.7
s2b-r02,1,B,s2b-r02-324,512,512,237,6,1,1,0,0,46.0,45.1,56.7
s2b-r02,1,B,s2b-r02-325,512,512,152,6,1,1,0,0,27.0,45.1,56.7
s2b-r02,1,B,s2b-r02-326,512,512,95,6,1,1,0,0,47.0,45.1,56.7
s2b-r02,1,B,s2b-r02-327,512,512,95,6,16,1,4,4,139.0,45.1,56.7
s2b-r02,1,B,s2b-r02-328,512,512,151,6,16,1,4,4,109.0,45.1,56.7
s2b-r02,1,B,s2b-r02-329,512,512,154,0,16,0,4,4,451.0,45.1,56.7
s2b-r02,1,B,s2b-r02-330,512,512,218,6,16,1,4,4,26.0,45.1,56.7
s2b-r02,1,B,s2b-r02-331,512,512,150,6,16,1,4,4,32.0,45.1,56.7
s2b-r02,1,B,s2b-r02-332,512,512,150,6,16,1,4,4,107.0,45.1,56.7
s2b-r02,1,B,s2b-r02-333,512,512,150,0,1,0,4,4,163.0,45.1,56.7
s2b-r02,1,B,s2b-r02-334,512,512,46,6,32,1,5,5,42.0,45.1,56.7
s2b-r02,1,B,s2b-r02-335,512,512,157,6,32,1,5,5,28.0,45.1,56.7
s2b-r02,1,B,s2b-r02-336,512,512,99,0,32,0,5,5,81.0,45.1,56.7
s2b-r02,1,B,s2b-r02-337,512,512,157,6,32,1,5,5,146.0,45.1,56.7
s2b-r02,1,B,s2b-r02-338,512,512,154,6,32,1,5,5,16.0,45.1,56.7
s2b-r02,1,B,s2b-r02-339,512,512,155,6,32,1,5,5,47.0,45.1,56.7
s2b-r02,1,B,s2b-r02-340,512,512,154,6,32,1,5,5,93.0,45.1,56.7
s2b-r02,1,B,s2b-r02-341,512,512,9,6,32,1,5,5,56.0,45.1,56.7
s2b-r02,1,B,s2b-r02-342,512,512,153,6,16,1,4,4,48.0,45.1,56.7
s2b-r02,1,B,s2b-r02-343,512,512,181,0,16,0,4,4,23.0,45.1,56.7
s2b-r02,1,B,s2b-r02-344,512,512,157,0,32,0,4,4,236.0,45.1,56.7
s2b-r02,1,B,s2b-r02-345,512,512,163,6,128,0,7,7,76.0,45.1,56.7
s2b-r02,1,B,s2b-r02-346,512,512,103,0,1,0,0,0,55.0,45.1,56.7
s2b-r02,1,B,s2b-r02-347,512,512,137,0,16,0,4,4,50.0,45.1,56.7
s2b-r02,1,B,s2b-r02-348,512,512,151,6,64,0,6,6,19.0,45.1,56.7
s2b-r02,1,B,s2b-r02-349,512,512,103,6,64,0,6,6,22.0,45.1,56.7
s2b-r02,1,B,s2b-r02-350,512,512,99,6,64,0,6,6,49.0,45.1,56.7
s2b-r02,1,B,s2b-r02-351,512,512,99,6,64,0,6,6,145.0,45.1,56.7
s2b-r02,1,B,s2b-r02-352,512,512,102,6,64,0,6,6,55.0,45.1,56.7
s2b-r02,1,B,s2b-r02-353,512,512,99,6,64,0,6,6,150.0,45.1,56.7
s2b-r02,1,B,s2b-r02-354,512,512,101,6,64,0,6,6,49.0,45.1,56.7
s2b-r02,1,B,s2b-r02-355,512,512,98,6,64,0,6,6,150.0,45.1,56.7
s2b-r02,1,B,s2b-r02-356,512,512,110,6,64,0,6,6,52.0,45.1,56.7
s2b-r02,1,B,s2b-r02-357,512,512,106,6,64,0,6,6,207.0,45.1,56.7
s2b-r02,1,B,s2b-r02-358,512,512,104,6,64,0,6,6,49.0,45.1,56.7
s2b-r02,1,B,s2b-r02-359,512,512,104,6,64,0,6,6,131.0,45.1,56.7
s2b-r02,1,B,s2b-r02-360,512,512,104,6,64,0,6,6,52.0,45.1,56.7
s2b-r02,1,B,s2b-r02-361,512,512,104,6,64,0,6,6,175.0,45.1,56.7
s2b-r02,1,B,s2b-r02-362,512,512,109,6,64,0,6,6,53.0,45.1,56.7
s2b-r02,1,B,s2b-r02-363,512,512,109,6,64,0,6,6,140.0,45.1,56.7
s2b-r02,1,B,s2b-r02-364,512,512,109,6,64,0,6,6,46.0,45.1,56.7
s2b-r02,1,B,s2b-r02-365,512,512,109,6,64,0,6,6,128.0,45.1,56.7
s2b-r02,1,B,s2b-r02-366,512,512,102,6,64,0,6,6,51.0,45.1,56.7
s2b-r02,1,B,s2b-r02-367,512,512,102,6,64,0,6,6,201.0,45.1,56.7
s2b-r02,1,B,s2b-r02-368,512,512,107,6,64,0,6,6,51.0,45.1,56.7
s2b-r02,1,B,s2b-r02-369,512,512,102,6,64,0,6,6,151.0,45.1,56.7
s2b-r02,1,B,s2b-r02-370,512,512,89,6,64,0,6,6,49.0,45.1,56.7
s2b-r02,1,B,s2b-r02-371,512,512,100,6,64,0,6,6,211.0,45.1,56.7
s2b-r02,1,B,s2b-r02-372,512,512,104,6,64,0,6,6,52.0,45.1,56.7
s2b-r02,1,B,s2b-r02-373,512,512,99,6,64,0,6,6,157.0,45.1,56.7
s2b-r02,1,B,s2b-r02-374,512,512,106,6,64,0,6,6,49.0,45.1,56.7
s2b-r02,1,B,s2b-r02-375,512,512,106,6,64,0,6,6,53.0,45.1,56.7
s2b-r02,1,B,s2b-r02-376,512,512,106,6,64,0,6,6,197.0,45.1,56.7
s2b-r02,1,B,s2b-r02-377,512,512,108,6,64,0,6,6,49.0,45.1,56.7
s2b-r02,1,B,s2b-r02-378,512,512,65,6,64,0,6,6,123.0,45.1,56.7
s2b-r02,1,B,s2b-r02-379,512,512,101,6,64,0,6,6,50.0,45.1,56.7
s2b-r02,1,B,s2b-r02-380,512,512,98,6,64,0,6,6,91.0,45.1,56.7
s2b-r02,1,B,s2b-r02-381,512,512,53,6,64,0,6,6,196.0,45.1,56.7
s2b-r02,1,B,s2b-r02-382,512,512,111,6,64,0,6,6,54.0,45.1,56.7
s2b-r02,1,B,s2b-r02-383,512,512,94,6,64,0,6,6,177.0,45.1,56.7
s2b-r02,1,B,s2b-r02-384,512,512,0,6,64,0,6,6,56.0,45.1,56.7
s2b-r02,1,B,s2b-r02-385,512,512,100,6,64,0,6,6,195.0,45.1,56.7
s2b-r02,1,B,s2b-r02-386,512,512,67,6,64,0,6,6,48.0,45.1,56.7
s2b-r02,1,B,s2b-r02-387,512,512,97,6,64,0,6,6,87.0,45.1,56.7
s2b-r02,1,B,s2b-r02-388,512,512,86,6,64,0,6,6,49.0,45.1,56.7
s2b-r02,1,B,s2b-r02-389,512,512,100,6,64,0,6,6,50.0,45.1,56.7
s2b-r02,1,B,s2b-r02-390,512,512,97,6,64,0,6,6,144.0,45.1,56.7
s2b-r02,1,B,s2b-r02-391,512,512,69,6,64,0,6,6,50.0,45.1,56.7
s2b-r02,1,B,s2b-r02-392,512,512,98,6,64,0,6,6,169.0,45.1,56.7
s2b-r02,1,B,s2b-r02-393,512,512,82,6,64,0,6,6,51.0,45.1,56.7
s2b-r02,1,B,s2b-r02-394,512,512,100,6,64,0,6,6,181.0,45.1,56.7
s2b-r02,1,B,s2b-r02-395,512,512,103,6,64,0,6,6,47.0,45.1,56.7
s2b-r02,1,B,s2b-r02-396,512,512,103,6,64,0,6,6,136.0,45.1,56.7
s2b-r02,1,B,s2b-r02-397,512,512,106,6,64,0,6,6,53.0,45.1,56.7
s2b-r02,1,B,s2b-r02-398,512,512,103,6,64,0,6,6,207.0,45.1,56.7
s2b-r02,1,B,s2b-r02-399,512,512,106,6,64,0,6,6,70.0,45.1,56.7
s2b-r02,1,B,s2b-r02-400,512,512,106,6,64,0,6,6,132.0,45.1,56.7
s2b-r02,1,B,s2b-r02-401,512,512,106,6,64,0,6,6,49.0,45.1,56.7
s2b-r02,1,B,s2b-r02-402,512,512,106,6,64,0,6,6,157.0,45.1,56.7
s2b-r02,1,B,s2b-r02-403,512,512,106,6,64,0,6,6,49.0,45.1,56.7
s2b-r02,1,B,s2b-r02-404,512,512,106,6,64,0,6,6,265.0,45.1,56.7
s2b-r02,1,B,s2b-r02-405,512,512,111,6,64,0,6,6,50.0,45.1,56.7
s2b-r02,1,B,s2b-r02-406,512,512,106,6,64,0,6,6,163.0,45.1,56.7
s2b-r02,1,B,s2b-r02-407,512,512,106,6,64,0,6,6,54.0,45.1,56.7
s2b-r02,1,B,s2b-r02-408,512,512,80,6,64,0,6,6,170.0,45.1,56.7
s2b-r02,1,B,s2b-r02-409,512,512,106,6,64,0,6,6,57.0,45.1,56.7
s2b-r02,1,B,s2b-r02-410,512,512,101,6,64,0,6,6,150.0,45.1,56.7
s2b-r02,1,B,s2b-r02-411,512,512,103,6,64,0,6,6,52.0,45.1,56.7
s2b-r02,1,B,s2b-r02-412,512,512,69,6,64,0,6,6,167.0,45.1,56.7
s2b-r02,1,B,s2b-r02-413,512,512,104,6,64,0,6,6,54.0,45.1,56.7
s2b-r02,1,B,s2b-r02-414,512,512,105,6,64,0,6,6,167.0,45.1,56.7
s2b-r02,1,B,s2b-r02-415,512,512,104,6,64,0,6,6,52.0,45.1,56.7
s2b-r02,1,B,s2b-r02-416,512,512,99,6,64,0,6,6,153.0,45.1,56.7
s2b-r02,1,B,s2b-r02-417,512,512,107,6,64,0,6,6,52.0,45.1,56.7
s2b-r02,1,B,s2b-r02-418,512,512,99,6,64,0,6,6,146.0,45.1,56.7
s2b-r02,1,B,s2b-r02-419,512,512,99,6,64,0,6,6,52.0,45.1,56.7
s2b-r02,1,B,s2b-r02-420,512,512,101,6,64,0,6,6,147.0,45.1,56.7
s2b-r02,1,B,s2b-r02-421,512,512,101,6,64,0,6,6,51.0,45.1,56.7
s2b-r02,1,B,s2b-r02-422,512,512,101,6,64,0,6,6,193.0,45.1,56.7
s2b-r02,1,B,s2b-r02-423,512,512,106,6,64,0,6,6,60.0,45.1,56.7
s2b-r02,1,B,s2b-r02-424,512,512,101,6,64,0,6,6,52.0,45.1,56.7
s2b-r02,1,B,s2b-r02-425,512,512,101,6,64,0,6,6,50.0,45.1,56.7
s2b-r02,1,B,s2b-r02-426,512,512,101,6,64,0,6,6,168.0,45.1,56.7
s2b-r02,1,B,s2b-r02-427,512,512,107,6,64,0,6,6,49.0,45.1,56.7
s2b-r02,1,B,s2b-r02-428,512,512,98,6,64,0,6,6,128.0,45.1,56.7
s2b-r02,1,B,s2b-r02-429,512,512,103,6,64,0,6,6,54.0,45.1,56.7
s2b-r02,1,B,s2b-r02-430,512,512,102,6,64,0,6,6,71.0,45.1,56.7
s2b-r02,1,B,s2b-r02-431,512,512,100,6,64,0,6,6,154.0,45.1,56.7
s2b-r02,1,B,s2b-r02-432,512,512,92,6,64,0,6,6,53.0,45.1,56.7
s2b-r02,1,B,s2b-r02-433,512,512,106,6,64,0,6,6,204.0,45.1,56.7
s2b-r02,1,B,s2b-r02-434,512,512,104,6,64,0,6,6,52.0,45.1,56.7
s2b-r02,1,B,s2b-r02-435,512,512,102,6,64,0,6,6,172.0,45.1,56.7
s2b-r02,1,B,s2b-r02-436,512,512,108,6,64,0,6,6,55.0,45.1,56.7
s2b-r02,1,B,s2b-r02-437,512,512,74,6,64,0,6,6,51.0,45.1,56.7
s2b-r02,1,B,s2b-r02-438,512,512,98,6,64,0,6,6,213.0,45.1,56.7
s2b-r02,1,B,s2b-r02-439,512,512,106,6,64,0,6,6,47.0,45.1,56.7
s2b-r02,1,B,s2b-r02-440,512,512,71,6,64,0,6,6,173.0,45.1,56.7
s2b-r02,1,B,s2b-r02-441,512,512,103,6,64,0,6,6,56.0,45.1,56.7
s2b-r02,1,B,s2b-r02-442,512,512,98,6,64,0,6,6,51.0,45.1,56.7
s2b-r02,1,B,s2b-r02-443,512,512,71,6,64,0,6,6,46.0,45.1,56.7
s2b-r02,1,B,s2b-r02-444,512,512,97,6,64,0,6,6,151.0,45.1,56.7
s2b-r02,1,B,s2b-r02-445,512,512,104,0,16,0,4,4,56.0,45.1,56.7
s2b-r02,1,B,s2b-r02-446,512,512,153,6,128,0,7,7,825.0,45.1,56.7
s2b-r02,1,B,s2b-r02-447,512,512,110,6,128,0,7,7,57.0,45.1,56.7
s2b-r02,1,B,s2b-r02-448,512,512,1,6,128,0,7,7,128.0,45.1,56.7
s2b-r02,1,B,s2b-r02-449,512,512,102,6,128,0,7,7,54.0,45.1,56.7
s2b-r02,1,B,s2b-r02-450,512,512,98,6,128,0,7,7,155.0,45.1,56.7
s2b-r02,1,B,s2b-r02-451,512,512,72,6,128,0,7,7,48.0,45.1,56.7
s2b-r02,1,B,s2b-r02-452,512,512,98,6,128,0,7,7,103.0,45.1,56.7
s2b-r02,1,B,s2b-r02-453,512,512,103,6,128,0,7,7,46.0,45.1,56.7
s2b-r02,1,B,s2b-r02-454,512,512,98,6,128,0,7,7,144.0,45.1,56.7
s2b-r02,1,B,s2b-r02-455,512,512,105,6,128,0,7,7,52.0,45.1,56.7
s2b-r02,1,B,s2b-r02-456,512,512,102,6,128,0,7,7,174.0,45.1,56.7
s2b-r02,1,B,s2b-r02-457,512,512,104,0,32,0,5,5,64.0,45.1,56.7
s2b-r02,1,B,s2b-r02-458,512,512,188,0,2,0,1,1,74.0,45.1,56.7
s2b-r02,1,B,s2b-r02-459,512,512,188,6,64,0,6,6,103.0,45.1,56.7
s2b-r02,1,B,s2b-r02-460,512,512,106,0,32,0,5,5,60.0,45.1,56.7
s2b-r02,1,B,s2b-r02-461,512,512,156,0,32,0,5,5,30.0,45.1,56.7
s2b-r02,1,B,s2b-r02-462,512,512,156,6,128,0,7,7,95.0,45.1,56.7
s2b-r02,1,B,s2b-r02-463,512,512,102,6,64,0,6,6,54.0,45.1,56.7
s2b-r02,1,B,s2b-r02-464,512,512,98,6,64,0,6,6,53.0,45.1,56.7
s2b-r02,1,B,s2b-r02-465,512,512,101,6,64,0,6,6,145.0,45.1,56.7
s2b-r02,1,B,s2b-r02-466,512,512,101,6,64,0,6,6,49.0,45.1,56.7
s2b-r02,1,B,s2b-r02-467,512,512,101,6,64,0,6,6,212.0,45.1,56.7
s2b-r02,1,B,s2b-r02-468,512,512,104,6,64,0,6,6,48.0,45.1,56.7
s2b-r02,1,B,s2b-r02-469,512,512,100,6,64,0,6,6,48.0,45.1,56.7
s2b-r02,1,B,s2b-r02-470,512,512,100,6,64,0,6,6,144.0,45.1,56.7
s2b-r02,1,B,s2b-r02-471,512,512,105,6,64,0,6,6,55.0,45.1,56.7
s2b-r02,1,B,s2b-r02-472,512,512,88,6,64,0,6,6,167.0,45.1,56.7
s2b-r02,1,B,s2b-r02-473,512,512,110,6,64,0,6,6,54.0,45.1,56.7
s2b-r02,1,B,s2b-r02-474,512,512,92,6,64,0,6,6,66.0,45.1,56.7
s2b-r02,1,B,s2b-r02-475,512,512,104,6,64,0,6,6,174.0,45.1,56.7
s2b-r02,1,B,s2b-r02-476,512,512,106,6,64,0,6,6,53.0,45.1,56.7
s2b-r02,1,B,s2b-r02-477,512,512,106,6,64,0,6,6,150.0,45.1,56.7
s2b-r02,1,B,s2b-r02-478,512,512,106,6,64,0,6,6,52.0,45.1,56.7
s2b-r02,1,B,s2b-r02-479,512,512,106,6,64,0,6,6,242.0,45.1,56.7
s2b-r02,1,B,s2b-r02-480,512,512,109,6,64,0,6,6,51.0,45.1,56.7
s2b-r02,1,B,s2b-r02-481,512,512,109,6,64,0,6,6,122.0,45.1,56.7
s2b-r02,1,B,s2b-r02-482,512,512,109,6,64,0,6,6,51.0,45.1,56.7
s2b-r02,1,B,s2b-r02-483,512,512,109,6,64,0,6,6,154.0,45.1,56.7
s2b-r02,1,B,s2b-r02-484,512,512,109,6,64,0,6,6,51.0,45.1,56.7
s2b-r02,1,B,s2b-r02-485,512,512,100,6,64,0,6,6,208.0,45.1,56.7
s2b-r02,1,B,s2b-r02-486,512,512,109,6,64,0,6,6,51.0,45.1,56.7
s2b-r02,1,B,s2b-r02-487,512,512,100,6,128,0,7,7,51.0,45.1,56.7
s2b-r02,1,B,s2b-r02-488,512,512,100,6,128,0,7,7,53.0,45.1,56.7
s2b-r02,1,B,s2b-r02-489,512,512,73,6,128,0,7,7,176.0,45.1,56.7
s2b-r02,1,B,s2b-r02-490,512,512,104,6,128,0,7,7,52.0,45.1,56.7
s2b-r02,1,B,s2b-r02-491,512,512,99,6,128,0,7,7,257.0,45.1,56.7
s2b-r02,1,B,s2b-r02-492,512,512,110,6,128,0,7,7,48.0,45.1,56.7
s2b-r02,1,B,s2b-r02-493,512,512,98,6,128,0,7,7,156.0,45.1,56.7
s2b-r02,1,B,s2b-r02-494,512,512,101,0,1,0,0,0,145.0,45.1,56.7
s2b-r02,1,B,s2b-r02-495,512,512,152,6,128,0,7,7,2209.0,45.1,56.7
s2b-r02,1,B,s2b-r02-496,512,512,116,6,128,0,7,7,57.0,45.1,56.7
s2b-r02,1,B,s2b-r02-497,512,512,49,6,128,0,7,7,55.0,45.1,56.7
s2b-r02,1,B,s2b-r02-498,512,512,101,6,64,0,6,6,134.0,45.1,56.7
s2b-r02,1,B,s2b-r02-499,512,512,94,6,64,0,6,6,52.0,45.1,56.7
s2b-r02,1,B,s2b-r02-500,512,512,100,6,64,0,6,6,164.0,45.1,56.7
s2b-r02,1,B,s2b-r02-501,512,512,106,6,64,0,6,6,49.0,45.1,56.7
s2b-r02,1,B,s2b-r02-502,512,512,106,6,64,0,6,6,184.0,45.1,56.7
s2b-r02,1,B,s2b-r02-503,512,512,106,6,64,0,6,6,49.0,45.1,56.7
s2b-r02,1,B,s2b-r02-504,512,512,106,6,64,0,6,6,127.0,45.1,56.7
s2b-r02,1,B,s2b-r02-505,512,512,106,6,64,0,6,6,51.0,45.1,56.7
s2b-r02,1,B,s2b-r02-506,512,512,67,6,64,0,6,6,125.0,45.1,56.7
s2b-r02,1,B,s2b-r02-507,512,512,102,6,64,0,6,6,51.0,45.1,56.7
s2b-r02,1,B,s2b-r02-508,512,512,99,6,64,0,6,6,162.0,45.1,56.7
s2b-r02,1,B,s2b-r02-509,512,512,104,6,64,0,6,6,48.0,45.1,56.7
s2b-r02,1,B,s2b-r02-510,512,512,104,6,64,0,6,6,140.0,45.1,56.7
s2b-r02,1,B,s2b-r02-511,512,512,104,6,64,0,6,6,49.0,45.1,56.7
s2b-r02,1,B,s2b-r02-512,512,512,104,6,64,0,6,6,203.0,45.1,56.7
s2b-r02,1,B,s2b-r02-513,512,512,104,6,64,0,6,6,55.0,45.1,56.7
s2b-r02,1,B,s2b-r02-514,512,512,99,6,64,0,6,6,177.0,45.1,56.7
s2b-r02,1,B,s2b-r02-515,512,512,107,6,64,0,6,6,47.0,45.1,56.7
s2b-r02,1,B,s2b-r02-516,512,512,99,6,64,0,6,6,149.0,45.1,56.7
s2b-r02,1,B,s2b-r02-517,512,512,103,6,64,0,6,6,60.0,45.1,56.7
s2b-r02,1,B,s2b-r02-518,512,512,102,6,64,0,6,6,321.0,45.1,56.7
s2b-r02,1,B,s2b-r02-519,512,512,107,6,64,0,6,6,56.0,45.1,56.7
s2b-r02,1,B,s2b-r02-520,512,512,102,6,64,0,6,6,87.0,45.1,56.7
s2b-r02,1,B,s2b-r02-521,512,512,79,6,64,0,6,6,124.0,45.1,56.7
s2b-r02,1,B,s2b-r02-522,512,512,103,6,64,0,6,6,49.0,45.1,56.7
s2b-r02,1,B,s2b-r02-523,512,512,90,6,64,0,6,6,146.0,45.1,56.7
s2b-r02,1,B,s2b-r02-524,512,512,102,6,64,0,6,6,54.0,45.1,56.7
s2b-r02,1,B,s2b-r02-525,512,512,99,6,64,0,6,6,144.0,45.1,56.7
s2b-r02,1,B,s2b-r02-526,512,512,99,6,64,0,6,6,54.0,45.1,56.7
s2b-r02,1,B,s2b-r02-527,512,512,100,6,64,0,6,6,151.0,45.1,56.7
s2b-r02,1,B,s2b-r02-528,512,512,102,6,64,0,6,6,47.0,45.1,56.7
s2b-r02,1,B,s2b-r02-529,512,512,73,6,128,0,7,7,265.0,45.1,56.7
s2b-r02,1,B,s2b-r02-530,512,512,115,6,128,0,7,7,54.0,45.1,56.7
s2b-r02,1,B,s2b-r02-531,512,512,86,6,128,0,7,7,145.0,45.1,56.7
s2b-r02,1,B,s2b-r02-532,512,512,106,6,128,0,7,7,50.0,45.1,56.7
s2b-r02,1,B,s2b-r02-533,512,512,106,6,128,0,7,7,128.0,45.1,56.7
s2b-r02,1,B,s2b-r02-534,512,512,107,6,128,0,7,7,54.0,45.1,56.7
s2b-r02,1,B,s2b-r02-535,512,512,89,6,128,0,7,7,156.0,45.1,56.7
s2b-r02,1,B,s2b-r02-536,512,512,106,6,128,0,7,7,52.0,45.1,56.7
s2b-r02,1,B,s2b-r02-537,512,512,93,6,128,0,7,7,182.0,45.1,56.7
s2b-r02,1,B,s2b-r02-538,512,512,103,6,128,0,7,7,59.0,45.1,56.7
s2b-r02,1,B,s2b-r02-539,512,512,100,6,128,0,7,7,176.0,45.1,56.7
s2b-r02,1,B,s2b-r02-540,512,512,100,0,4,0,2,2,69.0,45.1,56.7
s2b-r02,1,B,s2b-r02-541,512,512,157,6,64,0,6,6,2147.0,45.1,56.7
s2b-r02,1,B,s2b-r02-542,512,512,113,6,64,0,6,6,71.0,45.1,56.7
s2b-r02,1,B,s2b-r02-543,512,512,113,6,64,0,6,6,156.0,45.1,56.7
s2b-r02,1,B,s2b-r02-544,512,512,113,6,64,0,6,6,52.0,45.1,56.7
s2b-r02,1,B,s2b-r02-545,512,512,113,6,64,0,6,6,128.0,45.1,56.7
s2b-r02,1,B,s2b-r02-546,512,512,113,6,64,0,6,6,51.0,45.1,56.7
s2b-r02,1,B,s2b-r02-547,512,512,66,6,64,0,6,6,153.0,45.1,56.7
s2b-r02,1,B,s2b-r02-548,512,512,105,6,64,0,6,6,58.0,45.1,56.7
s2b-r02,1,B,s2b-r02-549,512,512,99,6,64,0,6,6,266.0,45.1,56.7
s2b-r02,1,B,s2b-r02-550,512,512,112,6,64,0,6,6,51.0,45.1,56.7
s2b-r02,1,B,s2b-r02-551,512,512,98,6,64,0,6,6,180.0,45.1,56.7
s2b-r02,1,B,s2b-r02-552,512,512,104,6,64,0,6,6,55.0,45.1,56.7
s2b-r02,1,B,s2b-r02-553,512,512,103,6,64,0,6,6,123.0,45.1,56.7
s2b-r02,1,B,s2b-r02-554,512,512,142,6,64,0,6,6,48.0,45.1,56.7
s2b-r02,1,B,s2b-r02-555,512,512,79,6,64,0,6,6,49.0,45.1,56.7
s2b-r02,1,B,s2b-r02-556,512,512,99,6,64,0,6,6,138.0,45.1,56.7
s2b-r02,1,B,s2b-r02-557,512,512,103,6,64,0,6,6,53.0,45.1,56.7
s2b-r02,1,B,s2b-r02-558,512,512,79,6,64,0,6,6,46.0,45.1,56.7
s2b-r02,1,B,s2b-r02-559,512,512,97,0,2,0,1,1,110.0,45.1,56.7
s2b-r02,1,B,s2b-r02-560,512,512,149,6,128,0,7,7,2079.0,45.1,56.7
s2b-r02,1,B,s2b-r02-561,512,512,123,6,128,0,7,7,114.0,45.1,56.7
s2b-r02,1,B,s2b-r02-562,512,512,102,6,128,0,7,7,113.0,45.1,56.7
s2b-r02,1,B,s2b-r02-563,512,512,33,6,128,0,7,7,49.0,45.1,56.7
s2b-r02,1,B,s2b-r02-564,512,512,98,6,128,0,7,7,346.0,45.1,56.7
s2b-r02,1,B,s2b-r02-565,512,512,120,6,128,0,7,7,49.0,45.1,56.7
s2b-r02,1,B,s2b-r02-566,512,512,98,6,128,0,7,7,163.0,45.1,56.7
s2b-r02,1,B,s2b-r02-567,512,512,102,6,128,0,7,7,50.0,45.1,56.7
s2b-r02,1,B,s2b-r02-568,512,512,99,6,128,0,7,7,143.0,45.1,56.7
s2b-r02,1,B,s2b-r02-569,512,512,102,6,128,0,7,7,54.0,45.1,56.7
s2b-r02,1,B,s2b-r02-570,512,512,99,6,128,0,7,7,146.0,45.1,56.7
s2b-r02,1,B,s2b-r02-571,512,512,102,6,128,0,7,7,55.0,45.1,56.7
s2b-r02,1,B,s2b-r02-572,512,512,99,0,2,0,1,1,199.0,45.1,56.7
s2b-r02,1,B,s2b-r02-573,512,512,136,6,128,0,7,7,73.0,45.1,56.7
s2b-r02,1,B,s2b-r02-574,512,512,102,0,1,0,0,0,33.0,45.1,56.7
s2b-r02,1,B,s2b-r02-575,512,512,64,6,64,0,6,6,114.0,45.1,56.7
s2b-r02,1,B,s2b-r02-576,512,512,107,6,64,0,6,6,17.0,45.1,56.7
s2b-r02,1,B,s2b-r02-577,512,512,96,6,128,0,7,7,71.0,45.1,56.7
s2b-r02,1,B,s2b-r02-578,512,512,98,6,128,0,7,7,30.0,45.1,56.7
s2b-r02,1,B,s2b-r02-579,512,512,101,6,1,1,0,0,134.0,45.1,56.7
s2b-r02,1,B,s2b-r02-580,512,512,161,6,1,1,0,0,19.0,45.1,56.7
s2b-r02,1,B,s2b-r02-581,512,512,161,6,32,1,5,5,32.0,45.1,56.7
s2b-r02,1,B,s2b-r02-582,512,512,161,0,32,0,5,5,26.0,45.1,56.7
s2b-r02,1,B,s2b-r02-583,512,512,161,6,32,1,5,5,77.0,45.1,56.7
s2b-r02,1,B,s2b-r02-584,512,512,32,6,64,0,6,6,76.0,45.1,56.7
s2b-r02,1,B,s2b-r02-585,512,512,102,6,64,0,6,6,152.0,45.1,56.7
s2b-r02,1,B,s2b-r02-586,512,512,106,6,64,0,6,6,49.0,45.1,56.7
s2b-r02,1,B,s2b-r02-587,512,512,99,6,64,0,6,6,86.0,45.1,56.7
s2b-r02,1,B,s2b-r02-588,512,512,102,6,64,0,6,6,52.0,45.1,56.7
s2b-r02,1,B,s2b-r02-589,512,512,59,6,64,0,6,6,184.0,45.1,56.7
s2b-r03,1,B,s2b-r03-0,512,512,55,6,16,1,4,4,25.0,44.0,51.7
s2b-r03,1,B,s2b-r03-1,512,512,150,6,16,1,4,4,42.0,44.0,51.7
s2b-r03,1,B,s2b-r03-2,512,512,127,0,16,0,4,4,43.0,44.0,51.7
s2b-r03,1,B,s2b-r03-3,512,512,157,6,16,1,4,4,192.0,44.0,51.7
s2b-r03,1,B,s2b-r03-4,512,512,151,6,64,0,6,6,2104.0,44.0,51.7
s2b-r03,1,B,s2b-r03-5,512,512,127,6,64,0,6,6,63.0,44.0,51.7
s2b-r03,1,B,s2b-r03-6,512,512,127,6,64,0,6,6,51.0,44.0,51.7
s2b-r03,1,B,s2b-r03-7,512,512,127,6,64,0,6,6,169.0,44.0,51.7
s2b-r03,1,B,s2b-r03-8,512,512,127,6,64,0,6,6,49.0,44.0,51.7
s2b-r03,1,B,s2b-r03-9,512,512,99,6,64,0,6,6,172.0,44.0,51.7
s2b-r03,1,B,s2b-r03-10,512,512,104,6,64,0,6,6,47.0,44.0,51.7
s2b-r03,1,B,s2b-r03-11,512,512,101,6,64,0,6,6,49.0,44.0,51.7
s2b-r03,1,B,s2b-r03-12,512,512,99,6,64,0,6,6,110.0,44.0,51.7
s2b-r03,1,B,s2b-r03-13,512,512,19,0,32,0,5,5,74.0,44.0,51.7
s2b-r03,1,B,s2b-r03-14,512,512,155,6,128,0,7,7,82.0,44.0,51.7
s2b-r03,1,B,s2b-r03-15,512,512,90,6,128,0,7,7,204.0,44.0,51.7
s2b-r03,1,B,s2b-r03-16,512,512,110,6,128,0,7,7,54.0,44.0,51.7
s2b-r03,1,B,s2b-r03-17,512,512,101,6,128,0,7,7,85.0,44.0,51.7
s2b-r03,1,B,s2b-r03-18,512,512,112,6,128,0,7,7,52.0,44.0,51.7
s2b-r03,1,B,s2b-r03-19,512,512,101,6,128,0,7,7,145.0,44.0,51.7
s2b-r03,1,B,s2b-r03-20,512,512,107,6,128,0,7,7,52.0,44.0,51.7
s2b-r03,1,B,s2b-r03-21,512,512,101,6,128,0,7,7,184.0,44.0,51.7
s2b-r03,1,B,s2b-r03-22,512,512,58,6,128,0,7,7,49.0,44.0,51.7
s2b-r03,1,B,s2b-r03-23,512,512,99,0,32,0,5,5,251.0,44.0,51.7
s2b-r03,1,B,s2b-r03-24,512,512,165,0,32,0,5,5,103.0,44.0,51.7
s2b-r03,1,B,s2b-r03-25,512,512,165,0,32,0,5,5,101.0,44.0,51.7
s2b-r03,1,B,s2b-r03-26,512,512,151,6,64,0,6,6,121.0,44.0,51.7
s2b-r03,1,B,s2b-r03-27,512,512,106,6,64,0,6,6,49.0,44.0,51.7
s2b-r03,1,B,s2b-r03-28,512,512,106,0,1,0,0,0,92.0,44.0,51.7
s2b-r03,1,B,s2b-r03-29,512,512,156,6,128,0,7,7,94.0,44.0,51.7
s2b-r03,1,B,s2b-r03-30,512,512,106,6,64,0,6,6,20.0,44.0,51.7
s2b-r03,1,B,s2b-r03-31,512,512,97,6,64,0,6,6,26.0,44.0,51.7
s2b-r03,1,B,s2b-r03-32,512,512,97,6,64,0,6,6,59.0,44.0,51.7
s2b-r03,1,B,s2b-r03-33,512,512,98,6,64,0,6,6,48.0,44.0,51.7
s2b-r03,1,B,s2b-r03-34,512,512,51,6,64,0,6,6,94.0,44.0,51.7
s2b-r03,1,B,s2b-r03-35,512,512,101,6,64,0,6,6,123.0,44.0,51.7
s2b-r03,1,B,s2b-r03-36,512,512,100,6,64,0,6,6,148.0,44.0,51.7
s2b-r03,1,B,s2b-r03-37,512,512,103,6,64,0,6,6,49.0,44.0,51.7
s2b-r03,1,B,s2b-r03-38,512,512,96,6,64,0,6,6,156.0,44.0,51.7
s2b-r03,1,B,s2b-r03-39,512,512,82,6,64,0,6,6,56.0,44.0,51.7
s2b-r03,1,B,s2b-r03-40,512,512,98,6,64,0,6,6,141.0,44.0,51.7
s2b-r03,1,B,s2b-r03-41,512,512,102,6,64,0,6,6,50.0,44.0,51.7
s2b-r03,1,B,s2b-r03-42,512,512,27,6,64,0,6,6,179.0,44.0,51.7
s2b-r03,1,B,s2b-r03-43,512,512,105,6,64,0,6,6,56.0,44.0,51.7
s2b-r03,1,B,s2b-r03-44,512,512,100,6,64,0,6,6,282.0,44.0,51.7
s2b-r03,1,B,s2b-r03-45,512,512,101,6,64,0,6,6,50.0,44.0,51.7
s2b-r03,1,B,s2b-r03-46,512,512,98,6,64,0,6,6,69.0,44.0,51.7
s2b-r03,1,B,s2b-r03-47,512,512,98,6,64,0,6,6,54.0,44.0,51.7
s2b-r03,1,B,s2b-r03-48,512,512,102,6,64,0,6,6,55.0,44.0,51.7
s2b-r03,1,B,s2b-r03-49,512,512,80,6,64,0,6,6,146.0,44.0,51.7
s2b-r03,1,B,s2b-r03-50,512,512,106,6,64,0,6,6,49.0,44.0,51.7
s2b-r03,1,B,s2b-r03-51,512,512,89,6,64,0,6,6,57.0,44.0,51.7
s2b-r03,1,B,s2b-r03-52,512,512,104,6,64,0,6,6,150.0,44.0,51.7
s2b-r03,1,B,s2b-r03-53,512,512,102,6,64,0,6,6,49.0,44.0,51.7
s2b-r03,1,B,s2b-r03-54,512,512,102,6,64,0,6,6,171.0,44.0,51.7
s2b-r03,1,B,s2b-r03-55,512,512,106,6,64,0,6,6,58.0,44.0,51.7
s2b-r03,1,B,s2b-r03-56,512,512,102,6,64,0,6,6,63.0,44.0,51.7
s2b-r03,1,B,s2b-r03-57,512,512,105,6,64,0,6,6,50.0,44.0,51.7
s2b-r03,1,B,s2b-r03-58,512,512,105,6,64,0,6,6,165.0,44.0,51.7
s2b-r03,1,B,s2b-r03-59,512,512,105,6,64,0,6,6,46.0,44.0,51.7
s2b-r03,1,B,s2b-r03-60,512,512,105,6,64,0,6,6,50.0,44.0,51.7
s2b-r03,1,B,s2b-r03-61,512,512,97,6,64,0,6,6,146.0,44.0,51.7
s2b-r03,1,B,s2b-r03-62,512,512,97,6,64,0,6,6,49.0,44.0,51.7
s2b-r03,1,B,s2b-r03-63,512,512,99,6,64,0,6,6,122.0,44.0,51.7
s2b-r03,1,B,s2b-r03-64,512,512,102,6,64,0,6,6,51.0,44.0,51.7
s2b-r03,1,B,s2b-r03-65,512,512,99,6,64,0,6,6,143.0,44.0,51.7
s2b-r03,1,B,s2b-r03-66,512,512,101,6,64,0,6,6,50.0,44.0,51.7
s2b-r03,1,B,s2b-r03-67,512,512,99,6,64,0,6,6,190.0,44.0,51.7
s2b-r03,1,B,s2b-r03-68,512,512,108,6,64,0,6,6,51.0,44.0,51.7
s2b-r03,1,B,s2b-r03-69,512,512,71,6,64,0,6,6,149.0,44.0,51.7
s2b-r03,1,B,s2b-r03-70,512,512,102,6,64,0,6,6,51.0,44.0,51.7
s2b-r03,1,B,s2b-r03-71,512,512,99,6,64,0,6,6,152.0,44.0,51.7
s2b-r03,1,B,s2b-r03-72,512,512,110,6,64,0,6,6,50.0,44.0,51.7
s2b-r03,1,B,s2b-r03-73,512,512,100,6,64,0,6,6,268.0,44.0,51.7
s2b-r03,1,B,s2b-r03-74,512,512,112,6,64,0,6,6,50.0,44.0,51.7
s2b-r03,1,B,s2b-r03-75,512,512,100,0,16,0,4,4,54.0,44.0,51.7
s2b-r03,1,B,s2b-r03-76,512,512,103,6,128,0,7,7,2081.0,44.0,51.7
s2b-r03,1,B,s2b-r03-77,512,512,107,6,128,0,7,7,62.0,44.0,51.7
s2b-r03,1,B,s2b-r03-78,512,512,107,6,128,0,7,7,195.0,44.0,51.7
s2b-r03,1,B,s2b-r03-79,512,512,107,6,128,0,7,7,51.0,44.0,51.7
s2b-r03,1,B,s2b-r03-80,512,512,107,6,128,0,7,7,153.0,44.0,51.7
s2b-r03,1,B,s2b-r03-81,512,512,52,6,128,0,7,7,63.0,44.0,51.7
s2b-r03,1,B,s2b-r03-82,512,512,97,6,128,0,7,7,262.0,44.0,51.7
s2b-r03,1,B,s2b-r03-83,512,512,88,6,128,0,7,7,54.0,44.0,51.7
s2b-r03,1,B,s2b-r03-84,512,512,101,6,128,0,7,7,175.0,44.0,51.7
s2b-r03,1,B,s2b-r03-85,512,512,108,6,128,0,7,7,55.0,44.0,51.7
s2b-r03,1,B,s2b-r03-86,512,512,101,6,128,0,7,7,154.0,44.0,51.7
s2b-r03,1,B,s2b-r03-87,512,512,106,6,128,0,7,7,50.0,44.0,51.7
s2b-r03,1,B,s2b-r03-88,512,512,101,6,128,0,7,7,124.0,44.0,51.7
s2b-r03,1,B,s2b-r03-89,512,512,102,6,128,0,7,7,51.0,44.0,51.7
s2b-r03,1,B,s2b-r03-90,512,512,102,6,128,0,7,7,176.0,44.0,51.7
s2b-r03,1,B,s2b-r03-91,512,512,105,6,128,0,7,7,56.0,44.0,51.7
s2b-r03,1,B,s2b-r03-92,512,512,102,6,128,0,7,7,200.0,44.0,51.7
s2b-r03,1,B,s2b-r03-93,512,512,107,6,128,0,7,7,58.0,44.0,51.7
s2b-r03,1,B,s2b-r03-94,512,512,107,6,128,0,7,7,130.0,44.0,51.7
s2b-r03,1,B,s2b-r03-95,512,512,107,6,128,0,7,7,47.0,44.0,51.7
s2b-r03,1,B,s2b-r03-96,512,512,107,6,128,0,7,7,143.0,44.0,51.7
s2b-r03,1,B,s2b-r03-97,512,512,101,6,128,0,7,7,70.0,44.0,51.7
s2b-r03,1,B,s2b-r03-98,512,512,101,6,128,0,7,7,126.0,44.0,51.7
s2b-r03,1,B,s2b-r03-99,512,512,101,6,128,0,7,7,49.0,44.0,51.7
s2b-r03,1,B,s2b-r03-100,512,512,101,6,128,0,7,7,48.0,44.0,51.7
s2b-r03,1,B,s2b-r03-101,512,512,74,6,128,0,7,7,618.0,44.0,51.7
s2b-r03,1,B,s2b-r03-102,512,512,124,6,128,0,7,7,51.0,44.0,51.7
s2b-r03,1,B,s2b-r03-103,512,512,94,6,128,0,7,7,169.0,44.0,51.7
s2b-r03,1,B,s2b-r03-104,512,512,102,6,128,0,7,7,55.0,44.0,51.7
s2b-r03,1,B,s2b-r03-105,512,512,103,6,128,0,7,7,171.0,44.0,51.7
s2b-r03,1,B,s2b-r03-106,512,512,102,6,128,0,7,7,51.0,44.0,51.7
s2b-r03,1,B,s2b-r03-107,512,512,102,6,128,0,7,7,176.0,44.0,51.7
s2b-r03,1,B,s2b-r03-108,512,512,105,6,128,0,7,7,55.0,44.0,51.7
s2b-r03,1,B,s2b-r03-109,512,512,111,6,128,0,7,7,152.0,44.0,51.7
s2b-r03,1,B,s2b-r03-110,512,512,105,6,128,0,7,7,49.0,44.0,51.7
s2b-r03,1,B,s2b-r03-111,512,512,105,6,128,0,7,7,146.0,44.0,51.7
s2b-r03,1,B,s2b-r03-112,512,512,101,6,128,0,7,7,54.0,44.0,51.7
s2b-r03,1,B,s2b-r03-113,512,512,101,6,128,0,7,7,121.0,44.0,51.7
s2b-r03,1,B,s2b-r03-114,512,512,106,6,128,0,7,7,48.0,44.0,51.7
s2b-r03,1,B,s2b-r03-115,512,512,101,6,128,0,7,7,307.0,44.0,51.7
s2b-r03,1,B,s2b-r03-116,512,512,109,6,128,0,7,7,54.0,44.0,51.7
s2b-r03,1,B,s2b-r03-117,512,512,109,6,128,0,7,7,144.0,44.0,51.7
s2b-r03,1,B,s2b-r03-118,512,512,109,6,128,0,7,7,52.0,44.0,51.7
s2b-r03,1,B,s2b-r03-119,512,512,109,6,128,0,7,7,163.0,44.0,51.7
s2b-r03,1,B,s2b-r03-120,512,512,109,6,128,0,7,7,71.0,44.0,51.7
s2b-r03,1,B,s2b-r03-121,512,512,73,6,128,0,7,7,153.0,44.0,51.7
s2b-r03,1,B,s2b-r03-122,512,512,105,6,128,0,7,7,52.0,44.0,51.7
s2b-r03,1,B,s2b-r03-123,512,512,98,6,128,0,7,7,156.0,44.0,51.7
s2b-r03,1,B,s2b-r03-124,512,512,104,6,128,0,7,7,50.0,44.0,51.7
s2b-r03,1,B,s2b-r03-125,512,512,73,6,128,0,7,7,174.0,44.0,51.7
s2b-r03,1,B,s2b-r03-126,512,512,104,6,128,0,7,7,49.0,44.0,51.7
s2b-r03,1,B,s2b-r03-127,512,512,99,6,128,0,7,7,144.0,44.0,51.7
s2b-r03,1,B,s2b-r03-128,512,512,98,6,128,0,7,7,51.0,44.0,51.7
s2b-r03,1,B,s2b-r03-129,512,512,102,6,128,0,7,7,307.0,44.0,51.7
s2b-r03,1,B,s2b-r03-130,512,512,113,6,128,0,7,7,50.0,44.0,51.7
s2b-r03,1,B,s2b-r03-131,512,512,100,6,128,0,7,7,57.0,44.0,51.7
s2b-r03,1,B,s2b-r03-132,512,512,101,6,128,0,7,7,49.0,44.0,51.7
s2b-r03,1,B,s2b-r03-133,512,512,89,6,128,0,7,7,51.0,44.0,51.7
s2b-r03,1,B,s2b-r03-134,512,512,98,6,128,0,7,7,153.0,44.0,51.7
s2b-r03,1,B,s2b-r03-135,512,512,102,6,128,0,7,7,54.0,44.0,51.7
s2b-r03,1,B,s2b-r03-136,512,512,44,6,128,0,7,7,106.0,44.0,51.7
s2b-r03,1,B,s2b-r03-137,512,512,102,6,128,0,7,7,53.0,44.0,51.7
s2b-r03,1,B,s2b-r03-138,512,512,97,6,128,0,7,7,126.0,44.0,51.7
s2b-r03,1,B,s2b-r03-139,512,512,79,0,1,0,0,0,64.0,44.0,51.7
s2b-r03,1,B,s2b-r03-140,512,512,159,0,32,0,5,5,17.0,44.0,51.7
s2b-r03,1,B,s2b-r03-141,512,512,92,6,64,0,6,6,65.0,44.0,51.7
s2b-r03,1,B,s2b-r03-142,512,512,100,6,64,0,6,6,50.0,44.0,51.7
s2b-r03,1,B,s2b-r03-143,512,512,46,0,2,0,1,1,122.0,44.0,51.7
s2b-r03,1,B,s2b-r03-144,512,512,152,0,16,0,4,4,28.0,44.0,51.7
s2b-r03,1,B,s2b-r03-145,512,512,87,6,128,0,7,7,84.0,44.0,51.7
s2b-r03,1,B,s2b-r03-146,512,512,98,6,128,0,7,7,25.0,44.0,51.7
s2b-r03,1,B,s2b-r03-147,512,512,98,6,128,0,7,7,56.0,44.0,51.7
s2b-r03,1,B,s2b-r03-148,512,512,100,6,128,0,7,7,163.0,44.0,51.7
s2b-r03,1,B,s2b-r03-149,512,512,98,6,128,0,7,7,46.0,44.0,51.7
s2b-r03,1,B,s2b-r03-150,512,512,100,6,64,0,6,6,225.0,44.0,51.7
s2b-r03,1,B,s2b-r03-151,512,512,105,6,64,0,6,6,52.0,44.0,51.7
s2b-r03,1,B,s2b-r03-152,512,512,105,6,64,0,6,6,145.0,44.0,51.7
s2b-r03,1,B,s2b-r03-153,512,512,105,6,64,0,6,6,54.0,44.0,51.7
s2b-r03,1,B,s2b-r03-154,512,512,105,6,64,0,6,6,202.0,44.0,51.7
s2b-r03,1,B,s2b-r03-155,512,512,109,6,64,0,6,6,53.0,44.0,51.7
s2b-r03,1,B,s2b-r03-156,512,512,76,6,64,0,6,6,69.0,44.0,51.7
s2b-r03,1,B,s2b-r03-157,512,512,101,6,64,0,6,6,50.0,44.0,51.7
s2b-r03,1,B,s2b-r03-158,512,512,74,6,64,0,6,6,167.0,44.0,51.7
s2b-r03,1,B,s2b-r03-159,512,512,106,6,64,0,6,6,52.0,44.0,51.7
s2b-r03,1,B,s2b-r03-160,512,512,106,6,64,0,6,6,55.0,44.0,51.7
s2b-r03,1,B,s2b-r03-161,512,512,106,6,64,0,6,6,49.0,44.0,51.7
s2b-r03,1,B,s2b-r03-162,512,512,76,6,64,0,6,6,149.0,44.0,51.7
s2b-r03,1,B,s2b-r03-163,512,512,103,6,64,0,6,6,50.0,44.0,51.7
s2b-r03,1,B,s2b-r03-164,512,512,79,6,64,0,6,6,147.0,44.0,51.7
s2b-r03,1,B,s2b-r03-165,512,512,105,6,64,0,6,6,49.0,44.0,51.7
s2b-r03,1,B,s2b-r03-166,512,512,86,6,64,0,6,6,176.0,44.0,51.7
s2b-r03,1,B,s2b-r03-167,512,512,102,6,64,0,6,6,60.0,44.0,51.7
s2b-r03,1,B,s2b-r03-168,512,512,102,6,128,0,7,7,337.0,44.0,51.7
s2b-r03,1,B,s2b-r03-169,512,512,74,6,128,0,7,7,57.0,44.0,51.7
s2b-r03,1,B,s2b-r03-170,512,512,102,6,128,0,7,7,145.0,44.0,51.7
s2b-r03,1,B,s2b-r03-171,512,512,107,6,128,0,7,7,47.0,44.0,51.7
s2b-r03,1,B,s2b-r03-172,512,512,97,6,128,0,7,7,145.0,44.0,51.7
s2b-r03,1,B,s2b-r03-173,512,512,101,6,128,0,7,7,55.0,44.0,51.7
s2b-r03,1,B,s2b-r03-174,512,512,103,6,128,0,7,7,172.0,44.0,51.7
s2b-r03,1,B,s2b-r03-175,512,512,107,6,128,0,7,7,56.0,44.0,51.7
s2b-r03,1,B,s2b-r03-176,512,512,103,6,128,0,7,7,149.0,44.0,51.7
s2b-r03,1,B,s2b-r03-177,512,512,103,6,128,0,7,7,54.0,44.0,51.7
s2b-r03,1,B,s2b-r03-178,512,512,100,6,128,0,7,7,248.0,44.0,51.7
s2b-r03,1,B,s2b-r03-179,512,512,109,6,128,0,7,7,57.0,44.0,51.7
s2b-r03,1,B,s2b-r03-180,512,512,100,6,128,0,7,7,151.0,44.0,51.7
s2b-r03,1,B,s2b-r03-181,512,512,104,6,128,0,7,7,54.0,44.0,51.7
s2b-r03,1,B,s2b-r03-182,512,512,103,6,128,0,7,7,143.0,44.0,51.7
s2b-r03,1,B,s2b-r03-183,512,512,103,6,128,0,7,7,49.0,44.0,51.7
s2b-r03,1,B,s2b-r03-184,512,512,103,6,128,0,7,7,121.0,44.0,51.7
s2b-r03,1,B,s2b-r03-185,512,512,103,6,128,0,7,7,48.0,44.0,51.7
s2b-r03,1,B,s2b-r03-186,512,512,103,6,128,0,7,7,145.0,44.0,51.7
s2b-r03,1,B,s2b-r03-187,512,512,78,6,128,0,7,7,52.0,44.0,51.7
s2b-r03,1,B,s2b-r03-188,512,512,100,6,128,0,7,7,149.0,44.0,51.7
s2b-r03,1,B,s2b-r03-189,512,512,87,6,128,0,7,7,71.0,44.0,51.7
s2b-r03,1,B,s2b-r03-190,512,512,105,6,128,0,7,7,54.0,44.0,51.7
s2b-r03,1,B,s2b-r03-191,512,512,105,0,8,0,3,3,105.0,44.0,51.7
s2b-r03,1,B,s2b-r03-192,512,512,155,6,128,0,7,7,2138.0,44.0,51.7
s2b-r03,1,B,s2b-r03-193,512,512,116,6,128,0,7,7,67.0,44.0,51.7
s2b-r03,1,B,s2b-r03-194,512,512,116,6,128,0,7,7,214.0,44.0,51.7
s2b-r03,1,B,s2b-r03-195,512,512,116,6,128,0,7,7,54.0,44.0,51.7
s2b-r03,1,B,s2b-r03-196,512,512,116,6,128,0,7,7,178.0,44.0,51.7
s2b-r03,1,B,s2b-r03-197,512,512,116,6,128,0,7,7,51.0,44.0,51.7
s2b-r03,1,B,s2b-r03-198,512,512,71,6,128,0,7,7,108.0,44.0,51.7
s2b-r03,1,B,s2b-r03-199,512,512,105,6,128,0,7,7,65.0,44.0,51.7
s2b-r03,1,B,s2b-r03-200,512,512,82,6,128,0,7,7,178.0,44.0,51.7
s2b-r03,1,B,s2b-r03-201,512,512,115,6,128,0,7,7,56.0,44.0,51.7
s2b-r03,1,B,s2b-r03-202,512,512,115,6,128,0,7,7,172.0,44.0,51.7
s2b-r03,1,B,s2b-r03-203,512,512,115,6,128,0,7,7,52.0,44.0,51.7
s2b-r03,1,B,s2b-r03-204,512,512,115,6,128,0,7,7,127.0,44.0,51.7
s2b-r03,1,B,s2b-r03-205,512,512,104,6,128,0,7,7,50.0,44.0,51.7
s2b-r03,1,B,s2b-r03-206,512,512,104,6,128,0,7,7,152.0,44.0,51.7
s2b-r03,1,B,s2b-r03-207,512,512,104,6,128,0,7,7,54.0,44.0,51.7
s2b-r03,1,B,s2b-r03-208,512,512,104,6,128,0,7,7,174.0,44.0,51.7
s2b-r03,1,B,s2b-r03-209,512,512,103,6,128,0,7,7,56.0,44.0,51.7
s2b-r03,1,B,s2b-r03-210,512,512,103,6,128,0,7,7,156.0,44.0,51.7
s2b-r03,1,B,s2b-r03-211,512,512,107,6,128,0,7,7,55.0,44.0,51.7
s2b-r03,1,B,s2b-r03-212,512,512,103,6,128,0,7,7,395.0,44.0,51.7
s2b-r03,1,B,s2b-r03-213,512,512,115,6,128,0,7,7,53.0,44.0,51.7
s2b-r03,1,B,s2b-r03-214,512,512,115,6,128,0,7,7,150.0,44.0,51.7
s2b-r03,1,B,s2b-r03-215,512,512,115,6,128,0,7,7,58.0,44.0,51.7
s2b-r03,1,B,s2b-r03-216,512,512,115,6,128,0,7,7,178.0,44.0,51.7
s2b-r03,1,B,s2b-r03-217,512,512,102,6,128,0,7,7,48.0,44.0,51.7
s2b-r03,1,B,s2b-r03-218,512,512,102,6,128,0,7,7,152.0,44.0,51.7
s2b-r03,1,B,s2b-r03-219,512,512,103,6,128,0,7,7,50.0,44.0,51.7
s2b-r03,1,B,s2b-r03-220,512,512,102,6,128,0,7,7,55.0,44.0,51.7
s2b-r03,1,B,s2b-r03-221,512,512,102,6,128,0,7,7,334.0,44.0,51.7
s2b-r03,1,B,s2b-r03-222,512,512,118,6,128,0,7,7,54.0,44.0,51.7
s2b-r03,1,B,s2b-r03-223,512,512,102,6,128,0,7,7,201.0,44.0,51.7
s2b-r03,1,B,s2b-r03-224,512,512,109,6,128,0,7,7,50.0,44.0,51.7
s2b-r03,1,B,s2b-r03-225,512,512,102,6,128,0,7,7,92.0,44.0,51.7
s2b-r03,1,B,s2b-r03-226,512,512,107,6,128,0,7,7,55.0,44.0,51.7
s2b-r03,1,B,s2b-r03-227,512,512,107,6,128,0,7,7,176.0,44.0,51.7
s2b-r03,1,B,s2b-r03-228,512,512,116,6,128,0,7,7,48.0,44.0,51.7
s2b-r03,1,B,s2b-r03-229,512,512,107,6,128,0,7,7,152.0,44.0,51.7
s2b-r03,1,B,s2b-r03-230,512,512,107,6,128,0,7,7,56.0,44.0,51.7
s2b-r03,1,B,s2b-r03-231,512,512,104,6,128,0,7,7,182.0,44.0,51.7
s2b-r03,1,B,s2b-r03-232,512,512,104,6,128,0,7,7,51.0,44.0,51.7
s2b-r03,1,B,s2b-r03-233,512,512,98,6,128,0,7,7,242.0,44.0,51.7
s2b-r03,1,B,s2b-r03-234,512,512,52,6,128,0,7,7,52.0,44.0,51.7
s2b-r03,1,B,s2b-r03-235,512,512,99,6,128,0,7,7,74.0,44.0,51.7
s2b-r03,1,B,s2b-r03-236,512,512,102,6,128,0,7,7,50.0,44.0,51.7
s2b-r03,1,B,s2b-r03-237,512,512,52,6,128,0,7,7,134.0,44.0,51.7
s2b-r03,1,B,s2b-r03-238,512,512,101,6,128,0,7,7,51.0,44.0,51.7
s2b-r03,1,B,s2b-r03-239,512,512,101,6,128,0,7,7,189.0,44.0,51.7
s2b-r03,1,B,s2b-r03-240,512,512,101,6,128,0,7,7,51.0,44.0,51.7
s2b-r03,1,B,s2b-r03-241,512,512,108,6,128,0,7,7,146.0,44.0,51.7
s2b-r03,1,B,s2b-r03-242,512,512,103,6,128,0,7,7,48.0,44.0,51.7
s2b-r03,1,B,s2b-r03-243,512,512,103,6,128,0,7,7,116.0,44.0,51.7
s2b-r03,1,B,s2b-r03-244,512,512,103,6,128,0,7,7,51.0,44.0,51.7
s2b-r03,1,B,s2b-r03-245,512,512,103,6,128,0,7,7,459.0,44.0,51.7
s2b-r03,1,B,s2b-r03-246,512,512,107,6,128,0,7,7,53.0,44.0,51.7
s2b-r03,1,B,s2b-r03-247,512,512,102,6,128,0,7,7,63.0,44.0,51.7
s2b-r03,1,B,s2b-r03-248,512,512,90,6,128,0,7,7,49.0,44.0,51.7
s2b-r03,1,B,s2b-r03-249,512,512,98,6,128,0,7,7,50.0,44.0,51.7
s2b-r03,1,B,s2b-r03-250,512,512,98,6,128,0,7,7,144.0,44.0,51.7
s2b-r03,1,B,s2b-r03-251,512,512,98,6,128,0,7,7,54.0,44.0,51.7
s2b-r03,1,B,s2b-r03-252,512,512,98,6,128,0,7,7,51.0,44.0,51.7
s2b-r03,1,B,s2b-r03-253,512,512,97,0,1,0,0,0,115.0,44.0,51.7
s2b-r03,1,B,s2b-r03-254,512,512,97,0,32,0,5,5,37.0,44.0,51.7
s2b-r03,1,B,s2b-r03-255,512,512,148,0,32,0,5,5,794.0,44.0,51.7
s2b-r03,1,B,s2b-r03-256,512,512,185,0,32,0,5,5,30.0,44.0,51.7
s2b-r03,1,B,s2b-r03-257,512,512,6,6,64,0,6,6,103.0,44.0,51.7
s2b-r03,1,B,s2b-r03-258,512,512,103,6,64,0,6,6,20.0,44.0,51.7
s2b-r03,1,B,s2b-r03-259,512,512,103,0,4,0,2,2,49.0,44.0,51.7
s2b-r03,1,B,s2b-r03-260,512,512,150,6,128,0,7,7,83.0,44.0,51.7
s2b-r03,1,B,s2b-r03-261,512,512,99,6,128,0,7,7,18.0,44.0,51.7
s2b-r03,1,B,s2b-r03-262,512,512,99,6,128,0,7,7,123.0,44.0,51.7
s2b-r03,1,B,s2b-r03-263,512,512,102,6,128,0,7,7,49.0,44.0,51.7
s2b-r03,1,B,s2b-r03-264,512,512,81,6,128,0,7,7,122.0,44.0,51.7
s2b-r03,1,B,s2b-r03-265,512,512,102,6,128,0,7,7,49.0,44.0,51.7
s2b-r03,1,B,s2b-r03-266,512,512,84,6,128,0,7,7,111.0,44.0,51.7
s2b-r03,1,B,s2b-r03-267,512,512,103,6,128,0,7,7,17.0,44.0,51.7
s2b-r03,1,B,s2b-r03-268,512,512,103,6,128,0,7,7,20.0,44.0,51.7
s2b-r03,1,B,s2b-r03-269,512,512,103,6,128,0,7,6,160.0,44.0,51.7
s2b-r03,1,B,s2b-r03-270,512,512,104,6,64,0,6,6,46.0,44.0,51.7
s2b-r03,1,B,s2b-r03-271,512,512,100,6,64,0,6,6,268.0,44.0,51.7
s2b-r03,1,B,s2b-r03-272,512,512,111,0,1,0,0,0,61.0,44.0,51.7
s2b-r03,1,B,s2b-r03-273,512,512,156,6,128,0,7,7,2146.0,44.0,51.7
s2b-r03,1,B,s2b-r03-274,512,512,113,6,128,0,7,7,68.0,44.0,51.7
s2b-r03,1,B,s2b-r03-275,512,512,105,6,128,0,7,7,197.0,44.0,51.7
s2b-r03,1,B,s2b-r03-276,512,512,105,6,128,0,7,7,51.0,44.0,51.7
s2b-r03,1,B,s2b-r03-277,512,512,105,6,128,0,7,7,154.0,44.0,51.7
s2b-r03,1,B,s2b-r03-278,512,512,105,6,128,0,7,7,56.0,44.0,51.7
s2b-r03,1,B,s2b-r03-279,512,512,87,6,128,0,7,7,193.0,44.0,51.7
s2b-r03,1,B,s2b-r03-280,512,512,106,6,128,0,7,7,48.0,44.0,51.7
s2b-r03,1,B,s2b-r03-281,512,512,88,6,128,0,7,7,174.0,44.0,51.7
s2b-r03,1,B,s2b-r03-282,512,512,108,6,128,0,7,7,52.0,44.0,51.7
s2b-r03,1,B,s2b-r03-283,512,512,108,6,128,0,7,7,169.0,44.0,51.7
s2b-r03,1,B,s2b-r03-284,512,512,108,6,128,0,7,7,49.0,44.0,51.7
s2b-r03,1,B,s2b-r03-285,512,512,108,6,128,0,7,7,130.0,44.0,51.7
s2b-r03,1,B,s2b-r03-286,512,512,101,6,128,0,7,7,54.0,44.0,51.7
s2b-r03,1,B,s2b-r03-287,512,512,101,6,128,0,7,7,176.0,44.0,51.7
s2b-r03,1,B,s2b-r03-288,512,512,102,6,128,0,7,7,64.0,44.0,51.7
s2b-r03,1,B,s2b-r03-289,512,512,102,6,128,0,7,7,173.0,44.0,51.7
s2b-r03,1,B,s2b-r03-290,512,512,94,6,128,0,7,7,53.0,44.0,51.7
s2b-r03,1,B,s2b-r03-291,512,512,106,6,128,0,7,7,177.0,44.0,51.7
s2b-r03,1,B,s2b-r03-292,512,512,100,0,32,0,5,5,53.0,44.0,51.7
s2b-r03,1,B,s2b-r03-293,512,512,165,6,128,0,7,7,2072.0,44.0,51.7
s2b-r03,1,B,s2b-r03-294,512,512,107,6,128,0,7,7,59.0,44.0,51.7
s2b-r03,1,B,s2b-r03-295,512,512,97,6,128,0,7,7,151.0,44.0,51.7
s2b-r03,1,B,s2b-r03-296,512,512,101,6,128,0,7,7,52.0,44.0,51.7
s2b-r03,1,B,s2b-r03-297,512,512,100,6,128,0,7,7,144.0,44.0,51.7
s2b-r03,1,B,s2b-r03-298,512,512,105,6,128,0,7,7,55.0,44.0,51.7
s2b-r03,1,B,s2b-r03-299,512,512,100,6,128,0,7,7,150.0,44.0,51.7
s2b-r03,1,B,s2b-r03-300,512,512,106,6,128,0,7,7,53.0,44.0,51.7
s2b-r03,1,B,s2b-r03-301,512,512,95,6,128,0,7,7,57.0,44.0,51.7
s2b-r03,1,B,s2b-r03-302,512,512,104,6,128,0,7,7,52.0,44.0,51.7
s2b-r03,1,B,s2b-r03-303,512,512,82,6,128,0,7,7,173.0,44.0,51.7
s2b-r03,1,B,s2b-r03-304,512,512,115,6,128,0,7,7,55.0,44.0,51.7
s2b-r03,1,B,s2b-r03-305,512,512,115,6,128,0,7,7,152.0,44.0,51.7
s2b-r03,1,B,s2b-r03-306,512,512,115,6,128,0,7,7,49.0,44.0,51.7
s2b-r03,1,B,s2b-r03-307,512,512,115,6,128,0,7,7,146.0,44.0,51.7
s2b-r03,1,B,s2b-r03-308,512,512,58,6,128,0,7,7,54.0,44.0,51.7
s2b-r03,1,B,s2b-r03-309,512,512,104,6,128,0,7,7,142.0,44.0,51.7
s2b-r03,1,B,s2b-r03-310,512,512,84,6,128,0,7,7,115.0,44.0,51.7
s2b-r03,1,B,s2b-r03-311,512,512,104,6,128,0,7,7,50.0,44.0,51.7
s2b-r03,1,B,s2b-r03-312,512,512,104,6,128,0,7,7,190.0,44.0,51.7
s2b-r03,1,B,s2b-r03-313,512,512,116,6,128,0,7,7,54.0,44.0,51.7
s2b-r03,1,B,s2b-r03-314,512,512,99,6,128,0,7,7,128.0,44.0,51.7
s2b-r03,1,B,s2b-r03-315,512,512,100,6,128,0,7,7,54.0,44.0,51.7
s2b-r03,1,B,s2b-r03-316,512,512,99,6,128,0,7,7,47.0,44.0,51.7
s2b-r03,1,B,s2b-r03-317,512,512,99,6,128,0,7,7,144.0,44.0,51.7
s2b-r03,1,B,s2b-r03-318,512,512,104,6,128,0,7,7,48.0,44.0,51.7
s2b-r03,1,B,s2b-r03-319,512,512,97,6,128,0,7,7,141.0,44.0,51.7
s2b-r03,1,B,s2b-r03-320,512,512,104,6,128,0,7,7,47.0,44.0,51.7
s2b-r03,1,B,s2b-r03-321,512,512,97,6,128,0,7,7,147.0,44.0,51.7
s2b-r03,1,B,s2b-r03-322,512,512,102,6,128,0,7,7,56.0,44.0,51.7
s2b-r03,1,B,s2b-r03-323,512,512,98,6,128,0,7,7,165.0,44.0,51.7
s2b-r03,1,B,s2b-r03-324,512,512,111,6,128,0,7,7,176.0,44.0,51.7
s2b-r03,1,B,s2b-r03-325,512,512,105,6,128,0,7,7,55.0,44.0,51.7
s2b-r03,1,B,s2b-r03-326,512,512,99,6,128,0,7,7,185.0,44.0,51.7
s2b-r03,1,B,s2b-r03-327,512,512,104,6,128,0,7,7,56.0,44.0,51.7
s2b-r03,1,B,s2b-r03-328,512,512,98,6,128,0,7,7,377.0,44.0,51.7
s2b-r03,1,B,s2b-r03-329,512,512,109,6,128,0,7,7,52.0,44.0,51.7
s2b-r03,1,B,s2b-r03-330,512,512,97,6,128,0,7,7,154.0,44.0,51.7
s2b-r03,1,B,s2b-r03-331,512,512,51,6,128,0,7,7,55.0,44.0,51.7
s2b-r03,1,B,s2b-r03-332,512,512,99,6,128,0,7,7,456.0,44.0,51.7
s2b-r03,1,B,s2b-r03-333,512,512,116,6,128,0,7,7,51.0,44.0,51.7
s2b-r03,1,B,s2b-r03-334,512,512,81,6,128,0,7,7,74.0,44.0,51.7
s2b-r03,1,B,s2b-r03-335,512,512,100,6,128,0,7,7,52.0,44.0,51.7
s2b-r03,1,B,s2b-r03-336,512,512,100,6,128,0,7,7,151.0,44.0,51.7
s2b-r03,1,B,s2b-r03-337,512,512,100,6,128,0,7,7,56.0,44.0,51.7
s2b-r03,1,B,s2b-r03-338,512,512,103,6,128,0,7,7,281.0,44.0,51.7
s2b-r03,1,B,s2b-r03-339,512,512,107,6,128,0,7,7,52.0,44.0,51.7
s2b-r03,1,B,s2b-r03-340,512,512,107,6,128,0,7,7,149.0,44.0,51.7
s2b-r03,1,B,s2b-r03-341,512,512,107,6,128,0,7,7,51.0,44.0,51.7
s2b-r03,1,B,s2b-r03-342,512,512,107,6,128,0,7,7,143.0,44.0,51.7
s2b-r03,1,B,s2b-r03-343,512,512,103,6,128,0,7,7,50.0,44.0,51.7
s2b-r03,1,B,s2b-r03-344,512,512,103,6,128,0,7,7,122.0,44.0,51.7
s2b-r03,1,B,s2b-r03-345,512,512,104,6,128,0,7,7,48.0,44.0,51.7
s2b-r03,1,B,s2b-r03-346,512,512,103,6,128,0,7,7,128.0,44.0,51.7
s2b-r03,1,B,s2b-r03-347,512,512,103,6,128,0,7,7,48.0,44.0,51.7
s2b-r03,1,B,s2b-r03-348,512,512,103,6,128,0,7,7,161.0,44.0,51.7
s2b-r03,1,B,s2b-r03-349,512,512,103,6,128,0,7,7,47.0,44.0,51.7
s2b-r03,1,B,s2b-r03-350,512,512,103,6,128,0,7,7,48.0,44.0,51.7
s2b-r03,1,B,s2b-r03-351,512,512,103,6,128,0,7,7,176.0,44.0,51.7
s2b-r03,1,B,s2b-r03-352,512,512,58,6,128,0,7,7,58.0,44.0,51.7
s2b-r03,1,B,s2b-r03-353,512,512,102,6,128,0,7,7,154.0,44.0,51.7
s2b-r03,1,B,s2b-r03-354,512,512,105,6,128,0,7,7,55.0,44.0,51.7
s2b-r03,1,B,s2b-r03-355,512,512,104,6,128,0,7,7,213.0,44.0,51.7
s2b-r03,1,B,s2b-r03-356,512,512,104,6,128,0,7,7,56.0,44.0,51.7
s2b-r03,1,B,s2b-r03-357,512,512,104,6,128,0,7,7,94.0,44.0,51.7
s2b-r03,1,B,s2b-r03-358,512,512,104,6,128,0,7,7,50.0,44.0,51.7
s2b-r03,1,B,s2b-r03-359,512,512,104,6,128,0,7,7,175.0,44.0,51.7
s2b-r03,1,B,s2b-r03-360,512,512,105,6,128,0,7,7,51.0,44.0,51.7
s2b-r03,1,B,s2b-r03-361,512,512,105,6,128,0,7,7,194.0,44.0,51.7
s2b-r03,1,B,s2b-r03-362,512,512,105,6,128,0,7,7,54.0,44.0,51.7
s2b-r03,1,B,s2b-r03-363,512,512,105,6,128,0,7,7,178.0,44.0,51.7
s2b-r03,1,B,s2b-r03-364,512,512,97,6,128,0,7,7,48.0,44.0,51.7
s2b-r03,1,B,s2b-r03-365,512,512,98,6,128,0,7,7,203.0,44.0,51.7
s2b-r03,1,B,s2b-r03-366,512,512,106,6,128,0,7,7,55.0,44.0,51.7
s2b-r03,1,B,s2b-r03-367,512,512,79,6,128,0,7,7,98.0,44.0,51.7
s2b-r03,1,B,s2b-r03-368,512,512,100,6,128,0,7,7,49.0,44.0,51.7
s2b-r03,1,B,s2b-r03-369,512,512,97,6,128,0,7,7,182.0,44.0,51.7
s2b-r03,1,B,s2b-r03-370,512,512,88,6,128,0,7,7,50.0,44.0,51.7
s2b-r03,1,B,s2b-r03-371,512,512,99,6,128,0,7,7,157.0,44.0,51.7
s2b-r03,1,B,s2b-r03-372,512,512,102,6,128,0,7,7,50.0,44.0,51.7
s2b-r03,1,B,s2b-r03-373,512,512,99,0,16,0,4,4,124.0,44.0,51.7
s2b-r03,1,B,s2b-r03-374,512,512,156,0,16,0,4,4,23.0,44.0,51.7
s2b-r03,1,B,s2b-r03-375,512,512,148,6,128,0,7,7,87.0,44.0,51.7
s2b-r03,1,B,s2b-r03-376,512,512,104,0,16,0,4,4,53.0,44.0,51.7
s2b-r03,1,B,s2b-r03-377,512,512,74,0,16,0,4,4,32.0,44.0,51.7
s2b-r03,1,B,s2b-r03-378,512,512,146,0,16,0,4,4,113.0,44.0,51.7
s2b-r03,1,B,s2b-r03-379,512,512,147,6,64,0,6,6,30.0,44.0,51.7
s2b-r03,1,B,s2b-r03-380,512,512,100,6,64,0,6,6,198.0,44.0,51.7
s2b-r03,1,B,s2b-r03-381,512,512,109,6,64,0,6,6,51.0,44.0,51.7
s2b-r03,1,B,s2b-r03-382,512,512,13,6,64,0,6,6,153.0,44.0,51.7
s2b-r03,1,B,s2b-r03-383,512,512,102,6,64,0,6,6,52.0,44.0,51.7
s2b-r03,1,B,s2b-r03-384,512,512,76,6,64,0,6,6,144.0,44.0,51.7
s2b-r03,1,B,s2b-r03-385,512,512,104,6,64,0,6,6,48.0,44.0,51.7
s2b-r03,1,B,s2b-r03-386,512,512,87,6,64,0,6,6,169.0,44.0,51.7
s2b-r03,1,B,s2b-r03-387,512,512,187,6,64,0,6,6,48.0,44.0,51.7
s2b-r03,1,B,s2b-r03-388,512,512,98,6,64,0,6,6,50.0,44.0,51.7
s2b-r03,1,B,s2b-r03-389,512,512,7,6,64,0,6,6,54.0,44.0,51.7
s2b-r03,1,B,s2b-r03-390,512,512,99,6,64,0,6,6,201.0,44.0,51.7
s2b-r03,1,B,s2b-r03-391,512,512,114,6,64,0,6,6,41.0,44.0,51.7
s2b-r03,1,B,s2b-r03-392,512,512,97,6,64,0,6,6,59.0,44.0,51.7
s2b-r03,1,B,s2b-r03-393,512,512,102,6,64,0,6,6,54.0,44.0,51.7
s2b-r03,1,B,s2b-r03-394,512,512,79,6,64,0,6,6,187.0,44.0,51.7
s2b-r03,1,B,s2b-r03-395,512,512,105,6,64,0,6,6,57.0,44.0,51.7
s2b-r03,1,B,s2b-r03-396,512,512,104,6,64,0,6,6,48.0,44.0,51.7
s2b-r03,1,B,s2b-r03-397,512,512,77,6,64,0,6,6,140.0,44.0,51.7
s2b-r03,1,B,s2b-r03-398,512,512,104,6,64,0,6,6,53.0,44.0,51.7
s2b-r03,1,B,s2b-r03-399,512,512,99,6,64,0,6,6,199.0,44.0,51.7
s2b-r03,1,B,s2b-r03-400,512,512,105,6,64,0,6,6,48.0,44.0,51.7
s2b-r03,1,B,s2b-r03-401,512,512,16,6,64,0,6,6,149.0,44.0,51.7
s2b-r03,1,B,s2b-r03-402,512,512,104,6,64,0,6,6,52.0,44.0,51.7
s2b-r03,1,B,s2b-r03-403,512,512,70,6,64,0,6,6,184.0,44.0,51.7
s2b-r03,1,B,s2b-r03-404,512,512,105,6,64,0,6,6,57.0,44.0,51.7
s2b-r03,1,B,s2b-r03-405,512,512,100,6,64,0,6,6,88.0,44.0,51.7
s2b-r03,1,B,s2b-r03-406,512,512,100,6,64,0,6,6,53.0,44.0,51.7
s2b-r03,1,B,s2b-r03-407,512,512,100,6,64,0,6,6,140.0,44.0,51.7
s2b-r03,1,B,s2b-r03-408,512,512,103,6,64,0,6,6,47.0,44.0,51.7
s2b-r03,1,B,s2b-r03-409,512,512,70,6,64,0,6,6,146.0,44.0,51.7
s2b-r03,1,B,s2b-r03-410,512,512,102,6,64,0,6,6,49.0,44.0,51.7
s2b-r03,1,B,s2b-r03-411,512,512,97,6,64,0,6,6,122.0,44.0,51.7
s2b-r03,1,B,s2b-r03-412,512,512,96,6,64,0,6,6,53.0,44.0,51.7
s2b-r03,1,B,s2b-r03-413,512,512,103,6,64,0,6,6,205.0,44.0,51.7
s2b-r03,1,B,s2b-r03-414,512,512,104,6,64,0,6,6,52.0,44.0,51.7
s2b-r03,1,B,s2b-r03-415,512,512,101,6,64,0,6,6,107.0,44.0,51.7
s2b-r03,1,B,s2b-r03-416,512,512,108,6,64,0,6,6,49.0,44.0,51.7
s2b-r03,1,B,s2b-r03-417,512,512,89,6,64,0,6,6,173.0,44.0,51.7
s2b-r03,1,B,s2b-r03-418,512,512,105,6,64,0,6,6,59.0,44.0,51.7
s2b-r03,1,B,s2b-r03-419,512,512,98,6,64,0,6,6,140.0,44.0,51.7
s2b-r03,1,B,s2b-r03-420,512,512,86,6,64,0,6,6,52.0,44.0,51.7
s2b-r03,1,B,s2b-r03-421,512,512,101,6,64,0,6,6,150.0,44.0,51.7
s2b-r03,1,B,s2b-r03-422,512,512,103,6,64,0,6,6,49.0,44.0,51.7
s2b-r03,1,B,s2b-r03-423,512,512,86,6,64,0,6,6,117.0,44.0,51.7
s2b-r03,1,B,s2b-r03-424,512,512,102,6,64,0,6,6,49.0,44.0,51.7
s2b-r03,1,B,s2b-r03-425,512,512,102,6,64,0,6,6,144.0,44.0,51.7
s2b-r03,1,B,s2b-r03-426,512,512,102,6,64,0,6,6,51.0,44.0,51.7
s2b-r03,1,B,s2b-r03-427,512,512,103,6,64,0,6,6,132.0,44.0,51.7
s2b-r03,1,B,s2b-r03-428,512,512,106,6,64,0,6,6,47.0,44.0,51.7
s2b-r03,1,B,s2b-r03-429,512,512,106,6,64,0,6,6,153.0,44.0,51.7
s2b-r03,1,B,s2b-r03-430,512,512,106,6,64,0,6,6,48.0,44.0,51.7
s2b-r03,1,B,s2b-r03-431,512,512,106,6,64,0,6,6,155.0,44.0,51.7
s2b-r03,1,B,s2b-r03-432,512,512,106,6,64,0,6,6,48.0,44.0,51.7
s2b-r03,1,B,s2b-r03-433,512,512,71,6,64,0,6,6,69.0,44.0,51.7
s2b-r03,1,B,s2b-r03-434,512,512,102,6,64,0,6,6,51.0,44.0,51.7
s2b-r03,1,B,s2b-r03-435,512,512,97,6,64,0,6,6,142.0,44.0,51.7
s2b-r03,1,B,s2b-r03-436,512,512,72,6,64,0,6,6,52.0,44.0,51.7
s2b-r03,1,B,s2b-r03-437,512,512,103,6,64,0,6,6,176.0,44.0,51.7
s2b-r03,1,B,s2b-r03-438,512,512,91,6,64,0,6,6,51.0,44.0,51.7
s2b-r03,1,B,s2b-r03-439,512,512,98,6,64,0,6,6,191.0,44.0,51.7
s2b-r03,1,B,s2b-r03-440,512,512,105,6,64,0,6,6,59.0,44.0,51.7
s2b-r03,1,B,s2b-r03-441,512,512,105,6,64,0,6,6,422.0,44.0,51.7
s2b-r03,1,B,s2b-r03-442,512,512,111,6,64,0,6,6,50.0,44.0,51.7
s2b-r03,1,B,s2b-r03-443,512,512,105,6,64,0,6,6,143.0,44.0,51.7
s2b-r03,1,B,s2b-r03-444,512,512,84,6,64,0,6,6,141.0,44.0,51.7
s2b-r03,1,B,s2b-r03-445,512,512,106,6,64,0,6,6,160.0,44.0,51.7
s2b-r03,1,B,s2b-r03-446,512,512,104,6,64,0,6,6,51.0,44.0,51.7
s2b-r03,1,B,s2b-r03-447,512,512,65,6,64,0,6,6,176.0,44.0,51.7
s2b-r03,1,B,s2b-r03-448,512,512,104,6,64,0,6,6,55.0,44.0,51.7
s2b-r03,1,B,s2b-r03-449,512,512,98,6,64,0,6,6,125.0,44.0,51.7
s2b-r03,1,B,s2b-r03-450,512,512,98,6,64,0,6,6,49.0,44.0,51.7
s2b-r03,1,B,s2b-r03-451,512,512,98,6,64,0,6,6,49.0,44.0,51.7
s2b-r03,1,B,s2b-r03-452,512,512,98,6,64,0,6,6,145.0,44.0,51.7
s2b-r03,1,B,s2b-r03-453,512,512,106,6,64,0,6,6,53.0,44.0,51.7
s2b-r03,1,B,s2b-r03-454,512,512,95,6,64,0,6,6,447.0,44.0,51.7
s2b-r03,1,B,s2b-r03-455,512,512,95,6,64,0,6,6,55.0,44.0,51.7
s2b-r03,1,B,s2b-r03-456,512,512,100,6,64,0,6,6,174.0,44.0,51.7
s2b-r03,1,B,s2b-r03-457,512,512,52,6,64,0,6,6,56.0,44.0,51.7
s2b-r03,1,B,s2b-r03-458,512,512,101,6,64,0,6,6,188.0,44.0,51.7
s2b-r03,1,B,s2b-r03-459,512,512,105,6,64,0,6,6,54.0,44.0,51.7
s2b-r03,1,B,s2b-r03-460,512,512,52,6,64,0,6,6,147.0,44.0,51.7
s2b-r03,1,B,s2b-r03-461,512,512,101,6,64,0,6,6,49.0,44.0,51.7
s2b-r03,1,B,s2b-r03-462,512,512,101,6,64,0,6,6,51.0,44.0,51.7
s2b-r03,1,B,s2b-r03-463,512,512,101,6,64,0,6,6,145.0,44.0,51.7
s2b-r03,1,B,s2b-r03-464,512,512,102,6,64,0,6,6,53.0,44.0,51.7
s2b-r03,1,B,s2b-r03-465,512,512,99,6,64,0,6,6,145.0,44.0,51.7
s2b-r03,1,B,s2b-r03-466,512,512,99,6,64,0,6,6,56.0,44.0,51.7
s2b-r03,1,B,s2b-r03-467,512,512,99,6,64,0,6,6,49.0,44.0,51.7
s2b-r03,1,B,s2b-r03-468,512,512,76,0,16,0,4,4,115.0,44.0,51.7
s2b-r03,1,B,s2b-r03-469,512,512,155,0,16,0,4,4,39.0,44.0,51.7
s2b-r03,1,B,s2b-r03-470,512,512,118,6,128,0,7,7,128.0,44.0,51.7
s2b-r03,1,B,s2b-r03-471,512,512,107,6,128,0,7,7,59.0,44.0,51.7
s2b-r03,1,B,s2b-r03-472,512,512,66,6,128,0,7,7,159.0,44.0,51.7
s2b-r03,1,B,s2b-r03-473,512,512,102,6,128,0,7,7,50.0,44.0,51.7
s2b-r03,1,B,s2b-r03-474,512,512,98,6,128,0,7,7,140.0,44.0,51.7
s2b-r03,1,B,s2b-r03-475,512,512,102,6,128,0,7,7,50.0,44.0,51.7
s2b-r03,1,B,s2b-r03-476,512,512,102,6,128,0,7,7,206.0,44.0,51.7
s2b-r03,1,B,s2b-r03-477,512,512,109,6,128,0,7,7,48.0,44.0,51.7
s2b-r03,1,B,s2b-r03-478,512,512,102,6,128,0,7,7,178.0,44.0,51.7
s2b-r03,1,B,s2b-r03-479,512,512,105,6,128,0,7,7,55.0,44.0,51.7
s2b-r03,1,B,s2b-r03-480,512,512,101,6,128,0,7,7,202.0,44.0,51.7
s2b-r03,1,B,s2b-r03-481,512,512,116,6,128,0,7,7,53.0,44.0,51.7
s2b-r03,1,B,s2b-r03-482,512,512,101,6,128,0,7,7,60.0,44.0,51.7
s2b-r03,1,B,s2b-r03-483,512,512,101,6,128,0,7,7,50.0,44.0,51.7
s2b-r03,1,B,s2b-r03-484,512,512,64,6,128,0,7,7,142.0,44.0,51.7
s2b-r03,1,B,s2b-r03-485,512,512,106,6,128,0,7,7,50.0,44.0,51.7
s2b-r03,1,B,s2b-r03-486,512,512,90,6,128,0,7,7,126.0,44.0,51.7
s2b-r03,1,B,s2b-r03-487,512,512,104,6,128,0,7,7,52.0,44.0,51.7
s2b-r03,1,B,s2b-r03-488,512,512,104,6,128,0,7,7,139.0,44.0,51.7
s2b-r03,1,B,s2b-r03-489,512,512,106,6,128,0,7,7,47.0,44.0,51.7
s2b-r03,1,B,s2b-r03-490,512,512,89,6,128,0,7,7,125.0,44.0,51.7
s2b-r03,1,B,s2b-r03-491,512,512,105,0,32,0,5,5,65.0,44.0,51.7
s2b-r03,1,B,s2b-r03-492,512,512,129,0,32,0,5,5,38.0,44.0,51.7
s2b-r03,1,B,s2b-r03-493,512,512,150,6,64,0,6,6,2554.0,44.0,51.7
s2b-r03,1,B,s2b-r03-494,512,512,118,0,32,0,5,5,54.0,44.0,51.7
s2b-r03,1,B,s2b-r03-495,512,512,151,0,32,0,5,5,43.0,44.0,51.7
s2b-r03,1,B,s2b-r03-496,512,512,151,6,128,0,7,7,100.0,44.0,51.7
s2b-r03,1,B,s2b-r03-497,512,512,118,6,128,0,7,7,31.0,44.0,51.7
s2b-r03,1,B,s2b-r03-498,512,512,118,6,128,0,7,7,53.0,44.0,51.7
s2b-r03,1,B,s2b-r03-499,512,512,96,6,128,0,7,7,125.0,44.0,51.7
s2b-r03,1,B,s2b-r03-500,512,512,103,6,64,0,6,6,133.0,44.0,51.7
s2b-r03,1,B,s2b-r03-501,512,512,98,6,64,0,6,6,126.0,44.0,51.7
s2b-r03,1,B,s2b-r03-502,512,512,102,6,64,0,6,6,50.0,44.0,51.7
s2b-r03,1,B,s2b-r03-503,512,512,61,6,64,0,6,6,54.0,44.0,51.7
s2b-r03,1,B,s2b-r03-504,512,512,101,6,64,0,6,6,231.0,44.0,51.7
s2b-r03,1,B,s2b-r03-505,512,512,107,6,64,0,6,6,49.0,44.0,51.7
s2b-r03,1,B,s2b-r03-506,512,512,61,6,64,0,6,6,55.0,44.0,51.7
s2b-r03,1,B,s2b-r03-507,512,512,98,6,64,0,6,6,169.0,44.0,51.7
s2b-r03,1,B,s2b-r03-508,512,512,105,6,64,0,6,6,57.0,44.0,51.7
s2b-r03,1,B,s2b-r03-509,512,512,98,6,64,0,6,6,127.0,44.0,51.7
s2b-r03,1,B,s2b-r03-510,512,512,103,6,64,0,6,6,49.0,44.0,51.7
s2b-r03,1,B,s2b-r03-511,512,512,97,6,64,0,6,6,140.0,44.0,51.7
s2b-r03,1,B,s2b-r03-512,512,512,97,6,64,0,6,6,52.0,44.0,51.7
s2b-r03,1,B,s2b-r03-513,512,512,100,6,64,0,6,6,122.0,44.0,51.7
s2b-r03,1,B,s2b-r03-514,512,512,101,6,64,0,6,6,51.0,44.0,51.7
s2b-r03,1,B,s2b-r03-515,512,512,65,6,64,0,6,6,146.0,44.0,51.7
s2b-r03,1,B,s2b-r03-516,512,512,102,6,64,0,6,6,57.0,44.0,51.7
s2b-r03,1,B,s2b-r03-517,512,512,99,6,64,0,6,6,252.0,44.0,51.7
s2b-r03,1,B,s2b-r03-518,512,512,119,6,64,0,6,6,55.0,44.0,51.7
s2b-r03,1,B,s2b-r03-519,512,512,103,6,64,0,6,6,130.0,44.0,51.7
s2b-r03,1,B,s2b-r03-520,512,512,103,6,64,0,6,6,54.0,44.0,51.7
s2b-r03,1,B,s2b-r03-521,512,512,103,6,64,0,6,6,200.0,44.0,51.7
s2b-r03,1,B,s2b-r03-522,512,512,107,6,64,0,6,6,55.0,44.0,51.7
s2b-r03,1,B,s2b-r03-523,512,512,79,6,128,0,7,7,249.0,44.0,51.7
s2b-r03,1,B,s2b-r03-524,512,512,108,6,128,0,7,7,56.0,44.0,51.7
s2b-r03,1,B,s2b-r03-525,512,512,83,6,128,0,7,7,177.0,44.0,51.7
s2b-r03,1,B,s2b-r03-526,512,512,114,6,128,0,7,7,53.0,44.0,51.7
s2b-r03,1,B,s2b-r03-527,512,512,91,6,128,0,7,7,164.0,44.0,51.7
s2b-r03,1,B,s2b-r03-528,512,512,102,6,128,0,7,7,48.0,44.0,51.7
s2b-r03,1,B,s2b-r03-529,512,512,98,6,128,0,7,7,151.0,44.0,51.7
s2b-r03,1,B,s2b-r03-530,512,512,60,6,128,0,7,7,54.0,44.0,51.7
s2b-r03,1,B,s2b-r03-531,512,512,102,6,128,0,7,7,356.0,44.0,51.7
s2b-r03,1,B,s2b-r03-532,512,512,116,6,128,0,7,7,63.0,44.0,51.7
s2b-r03,1,B,s2b-r03-533,512,512,109,6,128,0,7,7,77.0,44.0,51.7
s2b-r03,1,B,s2b-r03-534,512,512,94,6,128,0,7,7,54.0,44.0,51.7
s2b-r03,1,B,s2b-r03-535,512,512,101,6,128,0,7,7,59.0,44.0,51.7
s2b-r03,1,B,s2b-r03-536,512,512,99,6,128,0,7,7,176.0,44.0,51.7
s2b-r03,1,B,s2b-r03-537,512,512,94,6,128,0,7,7,53.0,44.0,51.7
s2b-r03,1,B,s2b-r03-538,512,512,103,6,128,0,7,7,54.0,44.0,51.7
s2b-r03,1,B,s2b-r03-539,512,512,103,6,128,0,7,7,150.0,44.0,51.7
s2b-r03,1,B,s2b-r03-540,512,512,109,6,128,0,7,7,52.0,44.0,51.7
s2b-r03,1,B,s2b-r03-541,512,512,91,6,128,0,7,7,55.0,44.0,51.7
s2b-r03,1,B,s2b-r03-542,512,512,97,6,128,0,7,7,118.0,44.0,51.7
s2b-r03,1,B,s2b-r03-543,512,512,91,6,128,0,7,7,120.0,44.0,51.7
s2b-r03,1,B,s2b-r03-544,512,512,103,6,128,0,7,7,50.0,44.0,51.7
s2b-r03,1,B,s2b-r03-545,512,512,76,6,128,0,7,7,138.0,44.0,51.7
s2b-r03,1,B,s2b-r03-546,512,512,103,6,128,0,7,7,51.0,44.0,51.7
s2b-r03,1,B,s2b-r03-547,512,512,99,6,128,0,7,7,244.0,44.0,51.7
s2b-r03,1,B,s2b-r03-548,512,512,114,6,128,0,7,7,53.0,44.0,51.7
s2b-r03,1,B,s2b-r03-549,512,512,103,6,128,0,7,7,176.0,44.0,51.7
s2b-r03,1,B,s2b-r03-550,512,512,104,6,128,0,7,7,56.0,44.0,51.7
s2b-r03,1,B,s2b-r03-551,512,512,103,6,128,0,7,7,175.0,44.0,51.7
s2b-r03,1,B,s2b-r03-552,512,512,107,6,128,0,7,7,54.0,44.0,51.7
s2b-r03,1,B,s2b-r03-553,512,512,76,6,128,0,7,7,155.0,44.0,51.7
s2b-r03,1,B,s2b-r03-554,512,512,107,6,128,0,7,7,47.0,44.0,51.7
s2b-r03,1,B,s2b-r03-555,512,512,88,6,128,0,7,7,123.0,44.0,51.7
s2b-r03,1,B,s2b-r03-556,512,512,101,6,128,0,7,7,50.0,44.0,51.7
s2b-r03,1,B,s2b-r03-557,512,512,98,6,128,0,7,7,105.0,44.0,51.7
s2b-r03,1,B,s2b-r03-558,512,512,101,6,128,0,7,7,52.0,44.0,51.7
s2b-r03,1,B,s2b-r03-559,512,512,100,6,128,0,7,7,160.0,44.0,51.7
s2b-r03,1,B,s2b-r03-560,512,512,98,6,128,0,7,7,54.0,44.0,51.7
s2b-r03,1,B,s2b-r03-561,512,512,100,6,128,0,7,7,205.0,44.0,51.7
s2b-r03,1,B,s2b-r03-562,512,512,106,6,128,0,7,7,51.0,44.0,51.7
s2b-r03,1,B,s2b-r03-563,512,512,100,6,128,0,7,7,125.0,44.0,51.7
s2b-r03,1,B,s2b-r03-564,512,512,103,6,128,0,7,7,133.0,44.0,51.7
s2b-r03,1,B,s2b-r03-565,512,512,53,6,128,0,7,7,53.0,44.0,51.7
s2b-r03,1,B,s2b-r03-566,512,512,102,6,128,0,7,7,415.0,44.0,51.7
s2b-r03,1,B,s2b-r03-567,512,512,122,6,128,0,7,7,48.0,44.0,51.7
s2b-r03,1,B,s2b-r03-568,512,512,97,6,128,0,7,7,128.0,44.0,51.7
s2b-r03,1,B,s2b-r03-569,512,512,100,6,128,0,7,7,50.0,44.0,51.7
s2b-r03,1,B,s2b-r03-570,512,512,98,6,128,0,7,7,155.0,44.0,51.7
s2b-r03,1,B,s2b-r03-571,512,512,104,6,128,0,7,7,50.0,44.0,51.7
s2b-r03,1,B,s2b-r03-572,512,512,98,6,128,0,7,7,68.0,44.0,51.7
s2b-r03,1,B,s2b-r03-573,512,512,101,6,128,0,7,7,53.0,44.0,51.7
s2b-r03,1,B,s2b-r03-574,512,512,74,6,128,0,7,7,179.0,44.0,51.7
s2b-r03,1,B,s2b-r03-575,512,512,106,6,128,0,7,7,56.0,44.0,51.7
s2b-r03,1,B,s2b-r03-576,512,512,101,6,128,0,7,7,53.0,44.0,51.7
s2b-r03,1,B,s2b-r03-577,512,512,99,6,128,0,7,7,167.0,44.0,51.7
s2b-r03,1,B,s2b-r03-578,512,512,103,6,128,0,7,7,56.0,44.0,51.7
s2b-r03,1,B,s2b-r03-579,512,512,103,6,128,0,7,7,151.0,44.0,51.7
s2b-r03,1,B,s2b-r03-580,512,512,104,6,128,0,7,7,50.0,44.0,51.7
s2b-r03,1,B,s2b-r03-581,512,512,103,6,128,0,7,7,124.0,44.0,51.7
s2b-r03,1,B,s2b-r03-582,512,512,102,6,128,0,7,7,51.0,44.0,51.7
s2b-r03,1,B,s2b-r03-583,512,512,102,6,128,0,7,7,159.0,44.0,51.7
s2b-r03,1,B,s2b-r03-584,512,512,107,6,128,0,7,7,58.0,44.0,51.7
s2b-r03,1,B,s2b-r03-585,512,512,102,6,128,0,7,7,165.0,44.0,51.7
s2b-r03,1,B,s2b-r03-586,512,512,60,6,128,0,7,7,48.0,44.0,51.7
s2b-r03,1,B,s2b-r03-587,512,512,98,6,128,0,7,7,141.0,44.0,51.7
s2b-r03,1,B,s2b-r03-588,512,512,82,6,128,0,7,7,48.0,44.0,51.7
s2b-r03,1,B,s2b-r03-589,512,512,100,6,128,0,7,7,176.0,44.0,51.7
s2b-r03,1,B,s2b-r03-590,512,512,104,6,128,0,7,7,57.0,44.0,51.7
s2b-r04,1,A,s2b-r04-0,0,0,166,0,32,0,5,5,73.0,43.2,44.8
s2b-r04,1,A,s2b-r04-1,0,0,166,0,16,0,4,4,28.0,43.2,44.8
s2b-r04,1,A,s2b-r04-2,0,0,37,0,16,0,4,4,61.0,43.2,44.8
s2b-r04,1,A,s2b-r04-3,0,0,123,0,16,0,4,4,27.0,43.2,44.8
s2b-r04,1,A,s2b-r04-4,0,0,160,0,1,0,0,0,32.0,43.2,44.8
s2b-r04,1,A,s2b-r04-5,0,0,160,0,32,0,0,4,130.0,43.2,44.8
s2b-r04,1,A,s2b-r04-6,0,0,34,0,16,0,4,4,18.0,43.2,44.8
s2b-r04,1,A,s2b-r04-7,0,0,149,0,16,0,4,4,25.0,43.2,44.8
s2b-r04,1,A,s2b-r04-8,0,0,106,0,16,0,4,4,27.0,43.2,44.8
s2b-r04,1,A,s2b-r04-9,0,0,152,0,32,0,5,5,88.0,43.2,44.8
s2b-r04,1,A,s2b-r04-10,0,0,101,0,16,0,4,1,76.0,43.2,44.8
s2b-r04,1,A,s2b-r04-11,0,0,101,0,2,0,1,1,104.0,43.2,44.8
s2b-r04,1,A,s2b-r04-12,0,0,91,0,2,0,1,1,104.0,43.2,44.8
s2b-r04,1,A,s2b-r04-13,0,0,91,0,16,0,4,4,94.0,43.2,44.8
s2b-r04,1,A,s2b-r04-14,0,0,70,0,32,0,5,5,31.0,43.2,44.8
s2b-r04,1,A,s2b-r04-15,0,0,161,0,16,0,4,4,71.0,43.2,44.8
s2b-r04,1,A,s2b-r04-16,0,0,161,0,16,0,4,4,17.0,43.2,44.8
s2b-r04,1,A,s2b-r04-17,0,0,161,0,2,0,1,1,108.0,43.2,44.8
s2b-r04,1,A,s2b-r04-18,0,0,105,0,2,0,1,1,36.0,43.2,44.8
s2b-r04,1,A,s2b-r04-19,0,0,105,0,16,0,4,4,73.0,43.2,44.8
s2b-r04,1,A,s2b-r04-20,0,0,124,0,16,0,4,4,46.0,43.2,44.8
s2b-r04,1,A,s2b-r04-21,0,0,152,0,16,0,4,4,23.0,43.2,44.8
s2b-r04,1,A,s2b-r04-22,0,0,152,0,16,0,4,4,37.0,43.2,44.8
s2b-r04,1,A,s2b-r04-23,0,0,71,0,16,0,4,4,21.0,43.2,44.8
s2b-r04,1,A,s2b-r04-24,0,0,147,0,2,0,1,1,82.0,43.2,44.8
s2b-r04,1,A,s2b-r04-25,0,0,71,0,32,0,5,5,57.0,43.2,44.8
s2b-r04,1,A,s2b-r04-26,0,0,72,0,32,0,5,5,49.0,43.2,44.8
s2b-r04,1,A,s2b-r04-27,0,0,150,0,2,0,1,1,29.0,43.2,44.8
s2b-r04,1,A,s2b-r04-28,0,0,150,0,2,0,1,1,63.0,43.2,44.8
s2b-r04,1,A,s2b-r04-29,0,0,16,0,16,0,4,4,83.0,43.2,44.8
s2b-r04,1,A,s2b-r04-30,0,0,52,0,32,0,5,5,76.0,43.2,44.8
s2b-r04,1,A,s2b-r04-31,0,0,77,0,2,0,1,1,54.0,43.2,44.8
s2b-r04,1,A,s2b-r04-32,0,0,92,0,2,0,1,1,33.0,43.2,44.8
s2b-r04,1,A,s2b-r04-33,0,0,174,0,16,0,4,4,29.0,43.2,44.8
s2b-r04,1,A,s2b-r04-34,0,0,174,0,16,0,4,4,32.0,43.2,44.8
s2b-r04,1,A,s2b-r04-35,0,0,125,0,2,0,1,1,109.0,43.2,44.8
s2b-r04,1,A,s2b-r04-36,0,0,125,0,2,0,1,1,81.0,43.2,44.8
s2b-r04,1,A,s2b-r04-37,0,0,124,0,2,0,1,1,25.0,43.2,44.8
s2b-r04,1,A,s2b-r04-38,0,0,151,0,2,0,1,1,122.0,43.2,44.8
s2b-r04,1,A,s2b-r04-39,0,0,151,0,2,0,1,1,58.0,43.2,44.8
s2b-r04,1,A,s2b-r04-40,0,0,41,0,4,0,1,2,1953.0,43.2,44.8
s2b-r04,1,A,s2b-r04-41,0,0,156,0,2,0,1,1,28.0,43.2,44.8
s2b-r04,1,A,s2b-r04-42,0,0,156,0,2,0,1,1,67.0,43.2,44.8
s2b-r04,1,A,s2b-r04-43,0,0,34,0,4,0,2,2,34.0,43.2,44.8
s2b-r04,1,A,s2b-r04-44,0,0,149,0,4,0,2,2,102.0,43.2,44.8
s2b-r04,1,A,s2b-r04-45,0,0,53,0,2,0,1,1,105.0,43.2,44.8
s2b-r04,1,A,s2b-r04-46,0,0,113,0,1,0,0,0,31.0,43.2,44.8
s2b-r04,1,A,s2b-r04-47,0,0,177,0,32,0,5,5,33.0,43.2,44.8
s2b-r04,1,A,s2b-r04-48,0,0,177,0,2,0,1,1,41.0,43.2,44.8
s2b-r04,1,A,s2b-r04-49,0,0,177,0,2,0,1,1,251.0,43.2,44.8
s2b-r04,1,A,s2b-r04-50,0,0,162,0,4,0,2,2,26.0,43.2,44.8
s2b-r04,1,A,s2b-r04-51,0,0,84,0,4,0,2,2,77.0,43.2,44.8
s2b-r04,1,A,s2b-r04-52,0,0,77,0,1,0,0,0,88.0,43.2,44.8
s2b-r04,1,A,s2b-r04-53,0,0,21,0,2,0,5,5,49.0,43.2,44.8
s2b-r04,1,A,s2b-r04-54,0,0,166,0,32,0,5,5,29.0,43.2,44.8
s2b-r04,1,A,s2b-r04-55,0,0,166,0,2,0,1,1,43.0,43.2,44.8
s2b-r04,1,A,s2b-r04-56,0,0,127,0,2,0,1,1,28.0,43.2,44.8
s2b-r04,1,A,s2b-r04-57,0,0,224,0,2,0,1,1,71.0,43.2,44.8
s2b-r04,1,A,s2b-r04-58,0,0,48,0,2,0,1,1,73.0,43.2,44.8
s2b-r04,1,A,s2b-r04-59,0,0,99,0,16,0,5,0,1240.0,43.2,44.8
s2b-r04,1,A,s2b-r04-60,0,0,153,0,2,0,1,1,31.0,43.2,44.8
s2b-r04,1,A,s2b-r04-61,0,0,153,0,2,0,1,1,64.0,43.2,44.8
s2b-r04,1,A,s2b-r04-62,0,0,112,0,8,0,3,3,36.0,43.2,44.8
s2b-r04,1,A,s2b-r04-63,0,0,112,0,2,0,1,1,44.0,43.2,44.8
s2b-r04,1,A,s2b-r04-64,0,0,172,0,2,0,4,5,305.0,43.2,44.8
s2b-r04,1,A,s2b-r04-65,0,0,170,0,16,0,4,4,28.0,43.2,44.8
s2b-r04,1,A,s2b-r04-66,0,0,106,0,1,0,0,0,17.0,43.2,44.8
s2b-r04,1,A,s2b-r04-67,0,0,170,0,1,0,0,0,17.0,43.2,44.8
s2b-r04,1,A,s2b-r04-68,0,0,117,0,16,0,4,4,71.0,43.2,44.8
s2b-r04,1,A,s2b-r04-69,0,0,117,0,2,0,1,1,39.0,43.2,44.8
s2b-r04,1,A,s2b-r04-70,0,0,168,0,2,0,1,1,61.0,43.2,44.8
s2b-r04,1,A,s2b-r04-71,0,0,17,0,16,0,4,4,103.0,43.2,44.8
s2b-r04,1,A,s2b-r04-72,0,0,75,0,16,0,4,4,56.0,43.2,44.8
s2b-r04,1,A,s2b-r04-73,0,0,86,0,16,0,4,4,106.0,43.2,44.8
s2b-r04,1,A,s2b-r04-74,0,0,122,0,16,0,4,4,102.0,43.2,44.8
s2b-r04,1,A,s2b-r04-75,0,0,80,0,1,0,5,5,92.0,43.2,44.8
s2b-r04,1,A,s2b-r04-76,0,0,107,0,1,0,0,0,22.0,43.2,44.8
s2b-r04,1,A,s2b-r04-77,0,0,150,0,16,0,4,4,27.0,43.2,44.8
s2b-r04,1,A,s2b-r04-78,0,0,151,0,32,0,4,5,103.0,43.2,44.8
s2b-r04,1,A,s2b-r04-79,0,0,106,0,32,0,5,5,55.0,43.2,44.8
s2b-r04,1,A,s2b-r04-80,0,0,120,0,32,0,5,5,48.0,43.2,44.8
s2b-r04,1,A,s2b-r04-81,0,0,126,0,32,0,5,5,46.0,43.2,44.8
s2b-r04,1,A,s2b-r04-82,0,0,126,0,32,0,5,5,55.0,43.2,44.8
s2b-r04,1,A,s2b-r04-83,0,0,126,0,2,0,1,1,93.0,43.2,44.8
s2b-r04,1,A,s2b-r04-84,0,0,97,0,16,0,4,4,102.0,43.2,44.8
s2b-r04,1,A,s2b-r04-85,0,0,111,0,2,0,1,1,19.0,43.2,44.8
s2b-r04,1,A,s2b-r04-86,0,0,154,0,16,0,4,4,30.0,43.2,44.8
s2b-r04,1,A,s2b-r04-87,0,0,9,0,16,0,4,4,35.0,43.2,44.8
s2b-r04,1,A,s2b-r04-88,0,0,183,0,16,0,4,4,59.0,43.2,44.8
s2b-r04,1,A,s2b-r04-89,0,0,4,0,16,0,4,4,102.0,43.2,44.8
s2b-r04,1,A,s2b-r04-90,0,0,61,0,16,0,4,4,105.0,43.2,44.8
s2b-r04,1,A,s2b-r04-91,0,0,119,0,16,0,4,4,75.0,43.2,44.8
s2b-r04,1,A,s2b-r04-92,0,0,120,0,16,0,4,4,104.0,43.2,44.8
s2b-r04,1,A,s2b-r04-93,0,0,53,0,1,0,0,0,85.0,43.2,44.8
s2b-r04,1,A,s2b-r04-94,0,0,129,0,1,0,0,0,24.0,43.2,44.8
s2b-r04,1,A,s2b-r04-95,0,0,165,0,1,0,0,0,21.0,43.2,44.8
s2b-r04,1,A,s2b-r04-96,0,0,157,0,2,0,1,1,23.0,43.2,44.8
s2b-r04,1,A,s2b-r04-97,0,0,151,0,2,0,1,1,31.0,43.2,44.8
s2b-r04,1,A,s2b-r04-98,0,0,123,0,2,0,1,1,34.0,43.2,44.8
s2b-r04,1,A,s2b-r04-99,0,0,123,0,2,0,1,1,97.0,43.2,44.8
s2b-r04,1,A,s2b-r04-100,0,0,123,0,2,0,1,1,102.0,43.2,44.8
s2b-r04,1,A,s2b-r04-101,0,0,104,0,1,0,0,0,117.0,43.2,44.8
s2b-r04,1,A,s2b-r04-102,0,0,104,0,2,0,1,1,102.0,43.2,44.8
s2b-r04,1,A,s2b-r04-103,0,0,108,0,2,0,1,1,31.0,43.2,44.8
s2b-r04,1,A,s2b-r04-104,0,0,151,0,32,0,5,5,43.0,43.2,44.8
s2b-r04,1,A,s2b-r04-105,0,0,158,0,16,0,4,4,49.0,43.2,44.8
s2b-r04,1,A,s2b-r04-106,0,0,151,0,16,0,4,4,49.0,43.2,44.8
s2b-r04,1,A,s2b-r04-107,0,0,92,0,16,0,4,4,51.0,43.2,44.8
s2b-r04,1,A,s2b-r04-108,0,0,92,0,32,0,4,4,131.0,43.2,44.8
s2b-r04,1,A,s2b-r04-109,0,0,50,0,2,0,1,1,36.0,43.2,44.8
s2b-r04,1,A,s2b-r04-110,0,0,148,0,2,0,1,1,102.0,43.2,44.8
s2b-r04,1,A,s2b-r04-111,0,0,52,0,32,0,1,1,113.0,43.2,44.8
s2b-r04,1,A,s2b-r04-112,0,0,122,0,8,0,3,3,34.0,43.2,44.8
s2b-r04,1,A,s2b-r04-113,0,0,155,0,4,0,2,2,125.0,43.2,44.8
s2b-r04,1,A,s2b-r04-114,0,0,122,0,4,0,2,2,105.0,43.2,44.8
s2b-r04,1,A,s2b-r04-115,0,0,86,0,1,0,1,1,2595.0,43.2,44.8
s2b-r04,1,A,s2b-r04-116,0,0,86,0,2,0,1,1,29.0,43.2,44.8
s2b-r04,1,A,s2b-r04-117,0,0,152,0,2,0,1,1,45.0,43.2,44.8
s2b-r04,1,A,s2b-r04-118,0,0,150,0,32,0,1,4,106.0,43.2,44.8
s2b-r04,1,A,s2b-r04-119,0,0,110,0,16,0,4,4,75.0,43.2,44.8
s2b-r04,1,A,s2b-r04-120,0,0,115,0,32,0,5,5,43.0,43.2,44.8
s2b-r04,1,A,s2b-r04-121,0,0,160,0,16,0,4,4,34.0,43.2,44.8
s2b-r04,1,A,s2b-r04-122,0,0,160,0,16,0,4,4,58.0,43.2,44.8
s2b-r04,1,A,s2b-r04-123,0,0,90,0,16,0,4,4,102.0,43.2,44.8
s2b-r04,1,A,s2b-r04-124,0,0,28,0,16,0,4,4,241.0,43.2,44.8
s2b-r04,1,A,s2b-r04-125,0,0,58,0,1,0,0,0,67.0,43.2,44.8
s2b-r04,1,A,s2b-r04-126,0,0,103,0,1,0,2,4,131.0,43.2,44.8
s2b-r04,1,A,s2b-r04-127,0,0,157,0,16,0,4,4,16.0,43.2,44.8
s2b-r04,1,A,s2b-r04-128,0,0,157,0,4,0,2,2,137.0,43.2,44.8
s2b-r04,1,A,s2b-r04-129,0,0,54,0,4,0,2,2,103.0,43.2,44.8
s2b-r04,1,A,s2b-r04-130,0,0,54,0,16,0,4,4,107.0,43.2,44.8
s2b-r04,1,A,s2b-r04-131,0,0,159,0,16,0,4,4,80.0,43.2,44.8
s2b-r04,1,A,s2b-r04-132,0,0,3,0,16,0,4,4,28.0,43.2,44.8
s2b-r04,1,A,s2b-r04-133,0,0,153,0,16,0,4,4,55.0,43.2,44.8
s2b-r04,1,A,s2b-r04-134,0,0,52,0,32,0,5,5,86.0,43.2,44.8
s2b-r04,1,A,s2b-r04-135,0,0,78,0,32,0,5,5,81.0,43.2,44.8
s2b-r04,1,A,s2b-r04-136,0,0,104,0,32,0,5,5,40.0,43.2,44.8
s2b-r04,1,A,s2b-r04-137,0,0,148,0,32,0,5,5,25.0,43.2,44.8
s2b-r04,1,A,s2b-r04-138,0,0,169,0,16,0,4,4,14.0,43.2,44.8
s2b-r04,1,A,s2b-r04-139,0,0,169,0,16,0,4,4,14.0,43.2,44.8
s2b-r04,1,A,s2b-r04-140,0,0,169,0,16,0,4,4,18.0,43.2,44.8
s2b-r04,1,A,s2b-r04-141,0,0,169,0,32,0,5,5,61.0,43.2,44.8
s2b-r04,1,A,s2b-r04-142,0,0,46,0,2,0,5,4,150.0,43.2,44.8
s2b-r04,1,A,s2b-r04-143,0,0,79,0,1,0,0,0,24.0,43.2,44.8
s2b-r04,1,A,s2b-r04-144,0,0,209,0,32,0,5,5,81.0,43.2,44.8
s2b-r04,1,A,s2b-r04-145,0,0,153,0,32,0,5,5,18.0,43.2,44.8
s2b-r04,1,A,s2b-r04-146,0,0,78,0,32,0,5,5,50.0,43.2,44.8
s2b-r04,1,A,s2b-r04-147,0,0,71,0,32,0,5,5,110.0,43.2,44.8
s2b-r04,1,A,s2b-r04-148,0,0,104,0,32,0,5,5,82.0,43.2,44.8
s2b-r04,1,A,s2b-r04-149,0,0,150,0,32,0,5,5,51.0,43.2,44.8
s2b-r04,1,A,s2b-r04-150,0,0,150,0,32,0,5,5,68.0,43.2,44.8
s2b-r04,1,A,s2b-r04-151,0,0,104,0,16,0,4,4,55.0,43.2,44.8
s2b-r04,1,A,s2b-r04-152,0,0,152,0,2,0,1,1,102.0,43.2,44.8
s2b-r04,1,A,s2b-r04-153,0,0,96,0,1,0,0,0,143.0,43.2,44.8
s2b-r04,1,A,s2b-r04-154,0,0,152,0,2,0,1,1,61.0,43.2,44.8
s2b-r04,1,A,s2b-r04-155,0,0,195,0,16,0,4,4,25.0,43.2,44.8
s2b-r04,1,A,s2b-r04-156,0,0,112,0,32,0,5,5,27.0,43.2,44.8
s2b-r04,1,A,s2b-r04-157,0,0,156,0,1,0,0,0,168.0,43.2,44.8
s2b-r04,1,A,s2b-r04-158,0,0,14,0,32,0,5,5,38.0,43.2,44.8
s2b-r04,1,A,s2b-r04-159,0,0,154,0,32,0,5,5,136.0,43.2,44.8
s2b-r04,1,A,s2b-r04-160,0,0,64,0,32,0,5,5,46.0,43.2,44.8
s2b-r04,1,A,s2b-r04-161,0,0,43,0,32,0,5,5,22.0,43.2,44.8
s2b-r04,1,A,s2b-r04-162,0,0,158,0,1,0,0,0,20.0,43.2,44.8
s2b-r04,1,A,s2b-r04-163,0,0,43,0,1,0,0,0,55.0,43.2,44.8
s2b-r04,1,A,s2b-r04-164,0,0,83,0,16,0,0,4,153.0,43.2,44.8
s2b-r04,1,A,s2b-r04-165,0,0,131,0,16,0,4,4,36.0,43.2,44.8
s2b-r04,1,A,s2b-r04-166,0,0,155,0,32,0,4,4,98.0,43.2,44.8
s2b-r04,1,A,s2b-r04-167,0,0,154,0,16,0,4,4,23.0,43.2,44.8
s2b-r04,1,A,s2b-r04-168,0,0,16,0,16,0,4,4,101.0,43.2,44.8
s2b-r04,1,A,s2b-r04-169,0,0,67,0,16,0,4,4,80.0,43.2,44.8
s2b-r04,1,A,s2b-r04-170,0,0,26,0,16,0,4,4,103.0,43.2,44.8
s2b-r04,1,A,s2b-r04-171,0,0,75,0,32,0,5,5,79.0,43.2,44.8
s2b-r04,1,A,s2b-r04-172,0,0,18,0,16,0,5,4,74.0,43.2,44.8
s2b-r04,1,A,s2b-r04-173,0,0,159,0,16,0,1,4,42.0,43.2,44.8
s2b-r04,1,A,s2b-r04-174,0,0,159,0,32,0,4,5,76.0,43.2,44.8
s2b-r04,1,A,s2b-r04-175,0,0,116,0,32,0,5,5,22.0,43.2,44.8
s2b-r04,1,A,s2b-r04-176,0,0,154,0,32,0,5,5,25.0,43.2,44.8
s2b-r04,1,A,s2b-r04-177,0,0,154,0,32,0,5,5,52.0,43.2,44.8
s2b-r04,1,A,s2b-r04-178,0,0,77,0,32,0,5,5,39.0,43.2,44.8
s2b-r04,1,A,s2b-r04-179,0,0,77,0,32,0,5,5,64.0,43.2,44.8
s2b-r04,1,A,s2b-r04-180,0,0,95,0,32,0,5,5,115.0,43.2,44.8
s2b-r04,1,A,s2b-r04-181,0,0,121,0,2,0,1,1,106.0,43.2,44.8
s2b-r04,1,A,s2b-r04-182,0,0,121,0,4,0,2,2,79.0,43.2,44.8
s2b-r04,1,A,s2b-r04-183,0,0,69,0,4,0,2,2,103.0,43.2,44.8
s2b-r04,1,A,s2b-r04-184,0,0,128,0,4,0,2,2,25.0,43.2,44.8
s2b-r04,1,A,s2b-r04-185,0,0,156,0,8,0,3,3,32.0,43.2,44.8
s2b-r04,1,A,s2b-r04-186,0,0,148,0,8,0,3,3,25.0,43.2,44.8
s2b-r04,1,A,s2b-r04-187,0,0,149,0,8,0,3,3,65.0,43.2,44.8
s2b-r04,1,A,s2b-r04-188,0,0,78,0,8,0,3,3,59.0,43.2,44.8
s2b-r04,1,A,s2b-r04-189,0,0,15,0,2,0,1,1,43.0,43.2,44.8
s2b-r04,1,A,s2b-r04-190,0,0,171,0,32,0,5,5,80.0,43.2,44.8
s2b-r04,1,A,s2b-r04-191,0,0,171,0,32,0,5,5,54.0,43.2,44.8
s2b-r04,1,A,s2b-r04-192,0,0,171,0,16,0,4,4,48.0,43.2,44.8
s2b-r04,1,A,s2b-r04-193,0,0,171,0,16,0,4,4,36.0,43.2,44.8
s2b-r04,1,A,s2b-r04-194,0,0,144,0,2,0,1,1,89.0,43.2,44.8
s2b-r04,1,A,s2b-r04-195,0,0,68,0,32,0,5,5,82.0,43.2,44.8
s2b-r04,1,A,s2b-r04-196,0,0,119,0,16,0,5,4,164.0,43.2,44.8
s2b-r04,1,A,s2b-r04-197,0,0,119,0,2,0,1,1,31.0,43.2,44.8
s2b-r04,1,A,s2b-r04-198,0,0,151,0,2,0,1,1,99.0,43.2,44.8
s2b-r04,1,A,s2b-r04-199,0,0,43,0,2,0,1,1,100.0,43.2,44.8
s2b-r04,1,A,s2b-r04-200,0,0,92,0,1,0,0,0,102.0,43.2,44.8
s2b-r04,1,A,s2b-r04-201,0,0,27,0,16,0,4,4,76.0,43.2,44.8
s2b-r04,1,A,s2b-r04-202,0,0,75,0,16,0,4,4,27.0,43.2,44.8
s2b-r04,1,A,s2b-r04-203,0,0,152,0,16,0,4,4,108.0,43.2,44.8
s2b-r04,1,A,s2b-r04-204,0,0,188,0,16,0,4,4,41.0,43.2,44.8
s2b-r04,1,A,s2b-r04-205,0,0,151,0,16,0,4,4,70.0,43.2,44.8
s2b-r04,1,A,s2b-r04-206,0,0,116,0,2,0,1,1,38.0,43.2,44.8
s2b-r04,1,A,s2b-r04-207,0,0,116,0,2,0,1,1,65.0,43.2,44.8
s2b-r04,1,A,s2b-r04-208,0,0,114,0,2,0,1,1,17.0,43.2,44.8
s2b-r04,1,A,s2b-r04-209,0,0,153,0,2,0,1,1,35.0,43.2,44.8
s2b-r04,1,A,s2b-r04-210,0,0,18,0,32,0,5,5,65.0,43.2,44.8
s2b-r04,1,A,s2b-r04-211,0,0,87,0,2,0,1,1,46.0,43.2,44.8
s2b-r04,1,A,s2b-r04-212,0,0,125,0,16,0,4,4,66.0,43.2,44.8
s2b-r04,1,A,s2b-r04-213,0,0,95,0,16,0,4,4,169.0,43.2,44.8
s2b-r04,1,A,s2b-r04-214,0,0,55,0,2,0,1,1,45.0,43.2,44.8
s2b-r04,1,A,s2b-r04-215,0,0,41,0,2,0,1,1,99.0,43.2,44.8
s2b-r04,1,A,s2b-r04-216,0,0,96,0,32,0,5,5,214.0,43.2,44.8
s2b-r04,1,A,s2b-r04-217,0,0,151,0,32,0,5,5,51.0,43.2,44.8
s2b-r04,1,A,s2b-r04-218,0,0,157,0,2,0,1,1,16.0,43.2,44.8
s2b-r04,1,A,s2b-r04-219,0,0,150,0,2,0,1,1,76.0,43.2,44.8
s2b-r04,1,A,s2b-r04-220,0,0,153,0,2,0,1,1,26.0,43.2,44.8
s2b-r04,1,A,s2b-r04-221,0,0,150,0,2,0,1,1,31.0,43.2,44.8
s2b-r04,1,A,s2b-r04-222,0,0,106,0,32,0,5,5,236.0,43.2,44.8
s2b-r04,1,A,s2b-r04-223,0,0,112,0,2,0,1,1,52.0,43.2,44.8
s2b-r04,1,A,s2b-r04-224,0,0,112,0,2,0,1,1,104.0,43.2,44.8
s2b-r04,1,A,s2b-r04-225,0,0,111,0,2,0,1,1,109.0,43.2,44.8
s2b-r04,1,A,s2b-r04-226,0,0,111,0,16,0,4,4,28.0,43.2,44.8
s2b-r04,1,A,s2b-r04-227,0,0,165,0,16,0,4,4,132.0,43.2,44.8
s2b-r04,1,A,s2b-r04-228,0,0,165,0,16,0,4,4,18.0,43.2,44.8
s2b-r04,1,A,s2b-r04-229,0,0,149,0,16,0,4,4,22.0,43.2,44.8
s2b-r04,1,A,s2b-r04-230,0,0,159,0,2,0,1,1,132.0,43.2,44.8
s2b-r04,1,A,s2b-r04-231,0,0,179,0,2,0,1,1,14.0,43.2,44.8
s2b-r04,1,A,s2b-r04-232,0,0,103,0,1,0,0,0,59.0,43.2,44.8
s2b-r04,1,A,s2b-r04-233,0,0,118,0,2,0,1,1,74.0,43.2,44.8
s2b-r04,1,A,s2b-r04-234,0,0,75,0,4,0,2,2,47.0,43.2,44.8
s2b-r04,1,A,s2b-r04-235,0,0,75,0,4,0,2,2,59.0,43.2,44.8
s2b-r04,1,A,s2b-r04-236,0,0,75,0,32,0,5,5,29.0,43.2,44.8
s2b-r04,1,A,s2b-r04-237,0,0,162,0,32,0,5,5,26.0,43.2,44.8
s2b-r04,1,A,s2b-r04-238,0,0,112,0,32,0,5,5,78.0,43.2,44.8
s2b-r04,1,A,s2b-r04-239,0,0,77,0,32,0,5,5,112.0,43.2,44.8
s2b-r04,1,A,s2b-r04-240,0,0,15,0,32,0,5,5,105.0,43.2,44.8
s2b-r04,1,A,s2b-r04-241,0,0,79,0,1,0,0,0,39.0,43.2,44.8
s2b-r04,1,A,s2b-r04-242,0,0,103,0,16,0,4,4,38.0,43.2,44.8
s2b-r04,1,A,s2b-r04-243,0,0,49,0,4,0,2,2,242.0,43.2,44.8
s2b-r04,1,A,s2b-r04-244,0,0,95,0,4,0,2,2,41.0,43.2,44.8
s2b-r04,1,A,s2b-r04-245,0,0,118,0,4,0,2,2,28.0,43.2,44.8
s2b-r04,1,A,s2b-r04-246,0,0,127,0,4,0,2,2,50.0,43.2,44.8
s2b-r04,1,A,s2b-r04-247,0,0,6,0,4,0,2,2,56.0,43.2,44.8
s2b-r04,1,A,s2b-r04-248,0,0,149,0,4,0,2,2,80.0,43.2,44.8
s2b-r04,1,A,s2b-r04-249,0,0,6,0,16,0,4,4,71.0,43.2,44.8
s2b-r04,1,A,s2b-r04-250,0,0,150,0,16,0,4,4,104.0,43.2,44.8
s2b-r04,1,A,s2b-r04-251,0,0,95,0,16,0,4,4,61.0,43.2,44.8
s2b-r04,1,A,s2b-r04-252,0,0,102,0,16,0,4,4,88.0,43.2,44.8
s2b-r04,1,A,s2b-r04-253,0,0,157,0,1,0,0,0,32.0,43.2,44.8
s2b-r04,1,A,s2b-r04-254,0,0,161,0,32,0,5,5,66.0,43.2,44.8
s2b-r04,1,A,s2b-r04-255,0,0,21,0,32,0,5,5,65.0,43.2,44.8
s2b-r04,1,A,s2b-r04-256,0,0,2,0,2,0,1,1,67.0,43.2,44.8
s2b-r04,1,A,s2b-r04-257,0,0,31,0,2,0,1,1,20.0,43.2,44.8
s2b-r04,1,A,s2b-r04-258,0,0,152,0,2,0,1,1,27.0,43.2,44.8
s2b-r04,1,A,s2b-r04-259,0,0,118,0,16,0,4,4,197.0,43.2,44.8
s2b-r04,1,A,s2b-r04-260,0,0,98,0,32,0,5,5,78.0,43.2,44.8
s2b-r04,1,A,s2b-r04-261,0,0,33,0,32,0,5,5,230.0,43.2,44.8
s2b-r04,1,A,s2b-r04-262,0,0,84,0,32,0,5,5,68.0,43.2,44.8
s2b-r04,1,A,s2b-r04-263,0,0,138,0,32,0,5,5,34.0,43.2,44.8
s2b-r04,1,A,s2b-r04-264,0,0,126,0,2,0,1,1,146.0,43.2,44.8
s2b-r04,1,A,s2b-r04-265,0,0,152,0,1,0,0,0,56.0,43.2,44.8
s2b-r04,1,A,s2b-r04-266,0,0,24,0,32,0,5,5,40.0,43.2,44.8
s2b-r04,1,A,s2b-r04-267,0,0,24,0,32,0,5,5,17.0,43.2,44.8
s2b-r04,1,A,s2b-r04-268,0,0,155,0,32,0,5,5,24.0,43.2,44.8
s2b-r04,1,A,s2b-r04-269,0,0,93,0,32,0,5,5,77.0,43.2,44.8
s2b-r04,1,A,s2b-r04-270,0,0,93,0,16,0,4,4,352.0,43.2,44.8
s2b-r04,1,A,s2b-r04-271,0,0,13,0,32,0,5,5,35.0,43.2,44.8
s2b-r04,1,A,s2b-r04-272,0,0,158,0,32,0,5,5,52.0,43.2,44.8
s2b-r04,1,A,s2b-r04-273,0,0,158,0,32,0,5,1,161.0,43.2,44.8
s2b-r04,1,A,s2b-r04-274,0,0,32,0,2,0,1,1,102.0,43.2,44.8
s2b-r04,1,A,s2b-r04-275,0,0,87,0,16,0,4,4,73.0,43.2,44.8
s2b-r04,1,A,s2b-r04-276,0,0,67,0,16,0,4,4,39.0,43.2,44.8
s2b-r04,1,A,s2b-r04-277,0,0,13,0,16,0,4,4,36.0,43.2,44.8
s2b-r04,1,A,s2b-r04-278,0,0,153,0,2,0,1,1,40.0,43.2,44.8
s2b-r04,1,A,s2b-r04-279,0,0,160,0,2,0,1,1,44.0,43.2,44.8
s2b-r04,1,A,s2b-r04-280,0,0,103,0,2,0,1,1,16.0,43.2,44.8
s2b-r04,1,A,s2b-r04-281,0,0,156,0,2,0,1,1,109.0,43.2,44.8
s2b-r04,1,A,s2b-r04-282,0,0,103,0,2,0,4,0,122.0,43.2,44.8
s2b-r04,1,A,s2b-r04-283,0,0,106,0,32,0,5,5,77.0,43.2,44.8
s2b-r04,1,A,s2b-r04-284,0,0,61,0,32,0,5,5,83.0,43.2,44.8
s2b-r04,1,A,s2b-r04-285,0,0,85,0,32,0,5,5,108.0,43.2,44.8
s2b-r04,1,A,s2b-r04-286,0,0,85,0,2,0,1,1,66.0,43.2,44.8
s2b-r04,1,A,s2b-r04-287,0,0,6,0,4,0,2,2,36.0,43.2,44.8
s2b-r04,1,A,s2b-r04-288,0,0,207,0,32,0,5,5,24.0,43.2,44.8
s2b-r04,1,A,s2b-r04-289,0,0,152,0,32,0,5,5,24.0,43.2,44.8
s2b-r04,1,A,s2b-r04-290,0,0,70,0,32,0,5,5,67.0,43.2,44.8
s2b-r04,1,A,s2b-r04-291,0,0,70,0,32,0,5,5,106.0,43.2,44.8
s2b-r04,1,A,s2b-r04-292,0,0,87,0,32,0,5,5,100.0,43.2,44.8
s2b-r04,1,A,s2b-r04-293,0,0,20,0,16,0,5,1,162.0,43.2,44.8
s2b-r04,1,A,s2b-r04-294,0,0,50,0,2,0,1,1,76.0,43.2,44.8
s2b-r04,1,A,s2b-r04-295,0,0,77,0,2,0,1,1,102.0,43.2,44.8
s2b-r04,1,A,s2b-r04-296,0,0,120,0,32,0,1,4,522.0,43.2,44.8
s2b-r04,1,A,s2b-r04-297,0,0,73,0,16,0,4,4,19.0,43.2,44.8
s2b-r04,1,A,s2b-r04-298,0,0,149,0,16,0,4,4,29.0,43.2,44.8
s2b-r04,1,A,s2b-r04-299,0,0,111,0,16,0,4,4,73.0,43.2,44.8
s2b-r04,1,A,s2b-r04-300,0,0,99,0,32,0,5,5,52.0,43.2,44.8
s2b-r04,1,A,s2b-r04-301,0,0,164,0,16,0,4,4,38.0,43.2,44.8
s2b-r04,1,A,s2b-r04-302,0,0,99,0,16,0,4,4,100.0,43.2,44.8
s2b-r04,1,A,s2b-r04-303,0,0,110,0,16,0,4,4,98.0,43.2,44.8
s2b-r04,1,A,s2b-r04-304,0,0,110,0,16,0,4,4,44.0,43.2,44.8
s2b-r04,1,A,s2b-r04-305,0,0,110,0,16,0,4,4,68.0,43.2,44.8
s2b-r04,1,A,s2b-r04-306,0,0,6,0,16,0,4,4,147.0,43.2,44.8
s2b-r04,1,A,s2b-r04-307,0,0,149,0,16,0,4,4,97.0,43.2,44.8
s2b-r04,1,A,s2b-r04-308,0,0,31,0,1,0,4,4,166.0,43.2,44.8
s2b-r04,1,A,s2b-r04-309,0,0,127,0,2,0,1,1,17.0,43.2,44.8
s2b-r04,1,A,s2b-r04-310,0,0,148,0,2,0,1,1,40.0,43.2,44.8
s2b-r04,1,A,s2b-r04-311,0,0,127,0,8,0,3,3,64.0,43.2,44.8
s2b-r04,1,A,s2b-r04-312,0,0,151,0,32,0,5,5,65.0,43.2,44.8
s2b-r04,1,A,s2b-r04-313,0,0,153,0,32,0,5,5,106.0,43.2,44.8
s2b-r04,1,A,s2b-r04-314,0,0,110,0,32,0,5,5,58.0,43.2,44.8
s2b-r04,1,A,s2b-r04-315,0,0,76,0,1,0,0,0,18.0,43.2,44.8
s2b-r04,1,A,s2b-r04-316,0,0,165,0,2,0,1,1,85.0,43.2,44.8
s2b-r04,1,A,s2b-r04-317,0,0,76,0,32,0,5,5,104.0,43.2,44.8
s2b-r04,1,A,s2b-r04-318,0,0,104,0,2,0,1,1,63.0,43.2,44.8
s2b-r04,1,A,s2b-r04-319,0,0,104,0,16,0,4,4,37.0,43.2,44.8
s2b-r04,1,A,s2b-r04-320,0,0,153,0,16,0,4,4,17.0,43.2,44.8
s2b-r04,1,A,s2b-r04-321,0,0,130,0,16,0,4,4,22.0,43.2,44.8
s2b-r04,1,A,s2b-r04-322,0,0,151,0,16,0,4,4,43.0,43.2,44.8
s2b-r04,1,A,s2b-r04-323,0,0,154,0,1,0,0,0,139.0,43.2,44.8
s2b-r04,1,A,s2b-r04-324,0,0,153,0,1,0,0,0,25.0,43.2,44.8
s2b-r04,1,A,s2b-r04-325,0,0,117,0,1,0,0,0,52.0,43.2,44.8
s2b-r04,1,A,s2b-r04-326,0,0,60,0,16,0,4,4,81.0,43.2,44.8
s2b-r04,1,A,s2b-r04-327,0,0,92,0,16,0,4,4,17.0,43.2,44.8
s2b-r04,1,A,s2b-r04-328,0,0,148,0,16,0,4,4,28.0,43.2,44.8
s2b-r04,1,A,s2b-r04-329,0,0,148,0,16,0,4,4,50.0,43.2,44.8
s2b-r04,1,A,s2b-r04-330,0,0,36,0,16,0,4,4,103.0,43.2,44.8
s2b-r04,1,A,s2b-r04-331,0,0,84,0,16,0,4,4,50.0,43.2,44.8
s2b-r04,1,A,s2b-r04-332,0,0,106,0,32,0,5,5,47.0,43.2,44.8
s2b-r04,1,A,s2b-r04-333,0,0,176,0,2,0,1,1,57.0,43.2,44.8
s2b-r04,1,A,s2b-r04-334,0,0,33,0,2,0,1,1,52.0,43.2,44.8
s2b-r04,1,A,s2b-r04-335,0,0,60,0,2,0,1,1,80.0,43.2,44.8
s2b-r04,1,A,s2b-r04-336,0,0,97,0,16,0,5,5,285.0,43.2,44.8
s2b-r04,1,A,s2b-r04-337,0,0,60,0,16,0,4,4,65.0,43.2,44.8
s2b-r04,1,A,s2b-r04-338,0,0,99,0,32,0,5,5,26.0,43.2,44.8
s2b-r04,1,A,s2b-r04-339,0,0,152,0,32,0,5,5,79.0,43.2,44.8
s2b-r04,1,A,s2b-r04-340,0,0,152,0,32,0,5,5,107.0,43.2,44.8
s2b-r04,1,A,s2b-r04-341,0,0,126,0,32,0,5,5,53.0,43.2,44.8
s2b-r04,1,A,s2b-r04-342,0,0,126,0,16,0,4,4,107.0,43.2,44.8
s2b-r04,1,A,s2b-r04-343,0,0,126,0,2,0,1,1,85.0,43.2,44.8
s2b-r04,1,A,s2b-r04-344,0,0,80,0,2,0,1,1,59.0,43.2,44.8
s2b-r04,1,A,s2b-r04-345,0,0,136,0,2,0,1,1,52.0,43.2,44.8
s2b-r04,1,A,s2b-r04-346,0,0,76,0,8,0,3,3,99.0,43.2,44.8
s2b-r04,1,A,s2b-r04-347,0,0,111,0,8,0,3,3,89.0,43.2,44.8
s2b-r04,1,A,s2b-r04-348,0,0,153,0,1,0,0,0,37.0,43.2,44.8
s2b-r04,1,A,s2b-r04-349,0,0,166,0,1,0,0,0,14.0,43.2,44.8
s2b-r04,1,A,s2b-r04-350,0,0,106,0,1,0,0,0,12.0,43.2,44.8
s2b-r04,1,A,s2b-r04-351,0,0,160,0,4,0,2,2,26.0,43.2,44.8
s2b-r04,1,A,s2b-r04-352,0,0,106,0,4,0,2,2,17.0,43.2,44.8
s2b-r04,1,A,s2b-r04-353,0,0,152,0,4,0,2,2,28.0,43.2,44.8
s2b-r04,1,A,s2b-r04-354,0,0,75,0,2,0,1,1,30.0,43.2,44.8
s2b-r04,1,A,s2b-r04-355,0,0,152,0,2,0,1,1,23.0,43.2,44.8
s2b-r04,1,A,s2b-r04-356,0,0,88,0,2,0,1,1,29.0,43.2,44.8
s2b-r04,1,A,s2b-r04-357,0,0,154,0,32,0,5,5,30.0,43.2,44.8
s2b-r04,1,A,s2b-r04-358,0,0,109,0,1,0,0,0,15.0,43.2,44.8
s2b-r04,1,A,s2b-r04-359,0,0,156,0,2,0,1,1,23.0,43.2,44.8
s2b-r04,1,A,s2b-r04-360,0,0,122,0,1,0,1,1,22.0,43.2,44.8
s2b-r04,1,A,s2b-r04-361,0,0,155,0,32,0,5,5,23.0,43.2,44.8
s2b-r04,1,A,s2b-r04-362,0,0,155,0,32,0,5,5,16.0,43.2,44.8
s2b-r04,1,A,s2b-r04-363,0,0,152,0,32,0,5,5,15.0,43.2,44.8
s2b-r04,1,A,s2b-r04-364,0,0,152,0,2,0,1,1,21.0,43.2,44.8
s2b-r04,1,A,s2b-r04-365,0,0,153,0,2,0,1,1,16.0,43.2,44.8
s2b-r04,1,A,s2b-r04-366,0,0,125,0,8,0,3,3,55.0,43.2,44.8
s2b-r04,1,A,s2b-r04-367,0,0,125,0,32,0,5,5,100.0,43.2,44.8
s2b-r04,1,A,s2b-r04-368,0,0,125,0,32,0,5,5,104.0,43.2,44.8
s2b-r04,1,A,s2b-r04-369,0,0,108,0,1,0,4,4,731.0,43.2,44.8
s2b-r04,1,A,s2b-r04-370,0,0,111,0,2,0,1,1,16.0,43.2,44.8
s2b-r04,1,A,s2b-r04-371,0,0,94,0,2,0,1,1,23.0,43.2,44.8
s2b-r04,1,A,s2b-r04-372,0,0,151,0,2,0,1,1,31.0,43.2,44.8
s2b-r04,1,A,s2b-r04-373,0,0,151,0,2,0,1,1,59.0,43.2,44.8
s2b-r04,1,A,s2b-r04-374,0,0,5,0,32,0,5,5,103.0,43.2,44.8
s2b-r04,1,A,s2b-r04-375,0,0,80,0,16,0,4,4,62.0,43.2,44.8
s2b-r04,1,A,s2b-r04-376,0,0,73,0,16,0,4,4,83.0,43.2,44.8
s2b-r04,1,A,s2b-r04-377,0,0,109,0,32,0,5,4,177.0,43.2,44.8
s2b-r04,1,A,s2b-r04-378,0,0,51,0,16,0,4,4,48.0,43.2,44.8
s2b-r04,1,A,s2b-r04-379,0,0,47,0,32,0,5,5,48.0,43.2,44.8
s2b-r04,1,A,s2b-r04-380,0,0,150,0,1,0,0,0,52.0,43.2,44.8
s2b-r04,1,A,s2b-r04-381,0,0,152,0,1,0,1,1,655.0,43.2,44.8
s2b-r04,1,A,s2b-r04-382,0,0,124,0,1,0,0,0,18.0,43.2,44.8
s2b-r04,1,A,s2b-r04-383,0,0,162,0,8,0,3,3,64.0,43.2,44.8
s2b-r04,1,A,s2b-r04-384,0,0,113,0,8,0,3,3,108.0,43.2,44.8
s2b-r04,1,A,s2b-r04-385,0,0,113,0,16,0,4,4,81.0,43.2,44.8
s2b-r04,1,A,s2b-r04-386,0,0,21,0,16,0,4,4,55.0,43.2,44.8
s2b-r04,1,A,s2b-r04-387,0,0,54,0,16,0,4,4,68.0,43.2,44.8
s2b-r04,1,A,s2b-r04-388,0,0,81,0,32,0,5,5,64.0,43.2,44.8
s2b-r04,1,A,s2b-r04-389,0,0,113,0,2,0,4,1,243.0,43.2,44.8
s2b-r04,1,A,s2b-r04-390,0,0,146,0,2,0,1,1,37.0,43.2,44.8
s2b-r04,1,A,s2b-r04-391,0,0,195,0,32,0,5,5,14.0,43.2,44.8
s2b-r04,1,A,s2b-r04-392,0,0,150,0,32,0,5,5,26.0,43.2,44.8
s2b-r04,1,A,s2b-r04-393,0,0,167,0,16,0,4,4,25.0,43.2,44.8
s2b-r04,1,A,s2b-r04-394,0,0,119,0,16,0,4,4,52.0,43.2,44.8
s2b-r04,1,A,s2b-r04-395,0,0,46,0,16,0,4,4,100.0,43.2,44.8
s2b-r04,1,A,s2b-r04-396,0,0,96,0,16,0,5,0,853.0,43.2,44.8
s2b-r04,1,A,s2b-r04-397,0,0,96,0,16,0,4,4,30.0,43.2,44.8
s2b-r04,1,A,s2b-r04-398,0,0,171,0,16,0,4,4,53.0,43.2,44.8
s2b-r04,1,A,s2b-r04-399,0,0,109,0,16,0,4,4,104.0,43.2,44.8
s2b-r04,1,A,s2b-r04-400,0,0,109,0,16,0,4,4,82.0,43.2,44.8
s2b-r04,1,A,s2b-r04-401,0,0,109,0,16,0,4,4,20.0,43.2,44.8
s2b-r04,1,A,s2b-r04-402,0,0,149,0,16,0,4,4,77.0,43.2,44.8
s2b-r04,1,A,s2b-r04-403,0,0,151,0,16,0,4,4,40.0,43.2,44.8
s2b-r04,1,A,s2b-r04-404,0,0,94,0,16,0,4,4,113.0,43.2,44.8
s2b-r04,1,A,s2b-r04-405,0,0,101,0,32,0,4,5,655.0,43.2,44.8
s2b-r04,1,A,s2b-r04-406,0,0,101,0,16,0,4,4,67.0,43.2,44.8
s2b-r04,1,A,s2b-r04-407,0,0,101,0,16,0,4,4,105.0,43.2,44.8
s2b-r04,1,A,s2b-r04-408,0,0,100,0,8,0,3,3,46.0,43.2,44.8
s2b-r04,1,A,s2b-r04-409,0,0,152,0,8,0,3,3,64.0,43.2,44.8
s2b-r04,1,A,s2b-r04-410,0,0,111,0,8,0,3,3,48.0,43.2,44.8
s2b-r04,1,A,s2b-r04-411,0,0,150,0,8,0,3,3,46.0,43.2,44.8
s2b-r04,1,A,s2b-r04-412,0,0,151,0,32,0,5,5,60.0,43.2,44.8
s2b-r04,1,A,s2b-r04-413,0,0,92,0,32,0,5,5,22.0,43.2,44.8
s2b-r04,1,A,s2b-r04-414,0,0,156,0,2,0,1,1,79.0,43.2,44.8
s2b-r04,1,A,s2b-r04-415,0,0,113,0,32,0,5,5,98.0,43.2,44.8
s2b-r04,1,A,s2b-r04-416,0,0,76,0,32,0,5,5,46.0,43.2,44.8
s2b-r04,1,A,s2b-r04-417,0,0,150,0,32,0,5,5,98.0,43.2,44.8
s2b-r04,1,A,s2b-r04-418,0,0,102,0,16,0,4,4,225.0,43.2,44.8
s2b-r04,1,A,s2b-r04-419,0,0,102,0,1,0,0,0,34.0,43.2,44.8
s2b-r04,1,A,s2b-r04-420,0,0,115,0,32,0,5,5,111.0,43.2,44.8
s2b-r04,1,A,s2b-r04-421,0,0,115,0,16,0,4,4,31.0,43.2,44.8
s2b-r04,1,A,s2b-r04-422,0,0,151,0,1,0,0,0,40.0,43.2,44.8
s2b-r04,1,A,s2b-r04-423,0,0,138,0,1,0,0,0,28.0,43.2,44.8
s2b-r04,1,A,s2b-r04-424,0,0,78,0,32,0,5,5,56.0,43.2,44.8
s2b-r04,1,A,s2b-r04-425,0,0,17,0,16,0,4,4,50.0,43.2,44.8
s2b-r04,1,A,s2b-r04-426,0,0,151,0,16,0,4,4,135.0,43.2,44.8
s2b-r04,1,A,s2b-r04-427,0,0,35,0,4,0,2,2,134.0,43.2,44.8
s2b-r04,1,A,s2b-r04-428,0,0,85,0,1,0,0,0,76.0,43.2,44.8
s2b-r04,1,A,s2b-r04-429,0,0,152,0,32,0,5,5,62.0,43.2,44.8
s2b-r04,1,A,s2b-r04-430,0,0,152,0,32,0,5,5,33.0,43.2,44.8
s2b-r04,1,A,s2b-r04-431,0,0,151,0,1,0,1,0,94.0,43.2,44.8
s2b-r04,1,A,s2b-r04-432,0,0,165,0,2,0,1,1,20.0,43.2,44.8
s2b-r04,1,A,s2b-r04-433,0,0,152,0,16,0,4,4,93.0,43.2,44.8
s2b-r04,1,A,s2b-r04-434,0,0,41,0,16,0,4,4,61.0,43.2,44.8
s2b-r04,1,A,s2b-r04-435,0,0,46,0,16,0,4,4,103.0,43.2,44.8
s2b-r04,1,A,s2b-r04-436,0,0,85,0,16,0,4,4,82.0,43.2,44.8
s2b-r04,1,A,s2b-r04-437,0,0,19,0,16,0,4,4,107.0,43.2,44.8
s2b-r04,1,A,s2b-r04-438,0,0,77,0,16,0,4,4,71.0,43.2,44.8
s2b-r04,1,A,s2b-r04-439,0,0,136,0,16,0,1,4,74.0,43.2,44.8
s2b-r04,1,A,s2b-r04-440,0,0,164,0,16,0,4,4,32.0,43.2,44.8
s2b-r04,1,A,s2b-r04-441,0,0,156,0,16,0,4,4,29.0,43.2,44.8
s2b-r04,1,A,s2b-r04-442,0,0,157,0,16,0,4,4,31.0,43.2,44.8
s2b-r04,1,A,s2b-r04-443,0,0,157,0,16,0,4,4,24.0,43.2,44.8
s2b-r04,1,A,s2b-r04-444,0,0,119,0,16,0,4,4,104.0,43.2,44.8
s2b-r04,1,A,s2b-r04-445,0,0,68,0,16,0,4,4,58.0,43.2,44.8
s2b-r04,1,A,s2b-r04-446,0,0,68,0,16,0,4,4,59.0,43.2,44.8
s2b-r04,1,A,s2b-r04-447,0,0,47,0,16,0,4,4,97.0,43.2,44.8
s2b-r04,1,A,s2b-r04-448,0,0,87,0,32,0,5,5,65.0,43.2,44.8
s2b-r04,1,A,s2b-r04-449,0,0,104,0,2,0,5,0,346.0,43.2,44.8
s2b-r04,1,A,s2b-r04-450,0,0,64,0,2,0,1,1,34.0,43.2,44.8
s2b-r04,1,A,s2b-r04-451,0,0,64,0,2,0,1,1,47.0,43.2,44.8
s2b-r04,1,A,s2b-r04-452,0,0,149,0,2,0,1,1,37.0,43.2,44.8
s2b-r04,1,A,s2b-r04-453,0,0,154,0,2,0,1,1,56.0,43.2,44.8
s2b-r04,1,A,s2b-r04-454,0,0,23,0,16,0,4,4,68.0,43.2,44.8
s2b-r04,1,A,s2b-r04-455,0,0,30,0,16,0,4,4,106.0,43.2,44.8
s2b-r04,1,A,s2b-r04-456,0,0,82,0,16,0,4,4,106.0,43.2,44.8
s2b-r04,1,A,s2b-r04-457,0,0,19,0,32,0,5,5,70.0,43.2,44.8
s2b-r04,1,A,s2b-r04-458,0,0,19,0,32,0,5,5,65.0,43.2,44.8
s2b-r04,1,A,s2b-r04-459,0,0,19,0,16,0,5,4,65.0,43.2,44.8
s2b-r04,1,A,s2b-r04-460,0,0,150,0,16,0,4,4,35.0,43.2,44.8
s2b-r04,1,A,s2b-r04-461,0,0,169,0,1,0,0,0,41.0,43.2,44.8
s2b-r04,1,A,s2b-r04-462,0,0,150,0,2,0,1,1,31.0,43.2,44.8
s2b-r04,1,A,s2b-r04-463,0,0,126,0,2,0,1,1,41.0,43.2,44.8
s2b-r04,1,A,s2b-r04-464,0,0,5,0,2,0,1,1,104.0,43.2,44.8
s2b-r04,1,A,s2b-r04-465,0,0,62,0,2,0,1,1,45.0,43.2,44.8
s2b-r04,1,A,s2b-r04-466,0,0,112,0,32,0,5,5,62.0,43.2,44.8
s2b-r04,1,A,s2b-r04-467,0,0,112,0,32,0,5,5,159.0,43.2,44.8
s2b-r04,1,A,s2b-r04-468,0,0,101,0,32,0,5,5,65.0,43.2,44.8
s2b-r05,2,B,s2b-r05-0,512,512,107,0,32,0,5,5,26.0,44.8,49.4
s2b-r05,2,B,s2b-r05-1,512,512,149,0,32,0,5,5,37.0,44.8,49.4
s2b-r05,2,B,s2b-r05-2,512,512,151,6,1,1,0,0,19.0,44.8,49.4
s2b-r05,2,B,s2b-r05-3,512,512,153,6,1,1,0,0,59.0,44.8,49.4
s2b-r05,2,B,s2b-r05-4,512,512,170,0,1,0,0,0,35.0,44.8,49.4
s2b-r05,2,B,s2b-r05-5,512,512,218,6,16,1,4,4,23.0,44.8,49.4
s2b-r05,2,B,s2b-r05-6,512,512,148,6,16,1,4,4,26.0,44.8,49.4
s2b-r05,2,B,s2b-r05-7,512,512,156,6,1,1,0,0,28.0,44.8,49.4
s2b-r05,2,B,s2b-r05-8,512,512,13,6,1,1,0,0,23.0,44.8,49.4
s2b-r05,2,B,s2b-r05-9,512,512,157,6,1,1,0,0,135.0,44.8,49.4
s2b-r05,2,B,s2b-r05-10,512,512,119,6,1,1,0,0,24.0,44.8,49.4
s2b-r05,2,B,s2b-r05-11,512,512,160,6,16,1,4,4,35.0,44.8,49.4
s2b-r05,2,B,s2b-r05-12,512,512,157,6,16,1,4,4,36.0,44.8,49.4
s2b-r05,2,B,s2b-r05-13,512,512,135,6,16,1,4,4,35.0,44.8,49.4
s2b-r05,2,B,s2b-r05-14,512,512,74,6,32,1,5,5,39.0,44.8,49.4
s2b-r05,2,B,s2b-r05-15,512,512,159,0,16,0,5,4,30.0,44.8,49.4
s2b-r05,2,B,s2b-r05-16,512,512,150,6,32,1,5,5,22.0,44.8,49.4
s2b-r05,2,B,s2b-r05-17,512,512,157,0,32,0,5,5,97.0,44.8,49.4
s2b-r05,2,B,s2b-r05-18,512,512,150,0,32,0,5,5,63.0,44.8,49.4
s2b-r05,2,B,s2b-r05-19,512,512,39,6,64,0,6,6,18.0,44.8,49.4
s2b-r05,2,B,s2b-r05-20,512,512,100,6,64,0,6,6,21.0,44.8,49.4
s2b-r05,2,B,s2b-r05-21,512,512,99,6,64,0,6,6,48.0,44.8,49.4
s2b-r05,2,B,s2b-r05-22,512,512,99,6,64,0,6,6,163.0,44.8,49.4
s2b-r05,2,B,s2b-r05-23,512,512,109,6,64,0,6,6,61.0,44.8,49.4
s2b-r05,2,B,s2b-r05-24,512,512,103,6,64,0,6,6,63.0,44.8,49.4
s2b-r05,2,B,s2b-r05-25,512,512,103,6,64,0,6,6,153.0,44.8,49.4
s2b-r05,2,B,s2b-r05-26,512,512,103,6,64,0,6,6,55.0,44.8,49.4
s2b-r05,2,B,s2b-r05-27,512,512,103,6,64,0,6,6,148.0,44.8,49.4
s2b-r05,2,B,s2b-r05-28,512,512,89,6,64,0,6,6,50.0,44.8,49.4
s2b-r05,2,B,s2b-r05-29,512,512,100,6,64,0,6,6,347.0,44.8,49.4
s2b-r05,2,B,s2b-r05-30,512,512,113,6,64,0,6,6,52.0,44.8,49.4
s2b-r05,2,B,s2b-r05-31,512,512,101,6,64,0,6,6,142.0,44.8,49.4
s2b-r05,2,B,s2b-r05-32,512,512,102,6,64,0,6,6,51.0,44.8,49.4
s2b-r05,2,B,s2b-r05-33,512,512,102,6,64,0,6,6,147.0,44.8,49.4
s2b-r05,2,B,s2b-r05-34,512,512,103,6,64,0,6,6,50.0,44.8,49.4
s2b-r05,2,B,s2b-r05-35,512,512,102,6,64,0,6,6,142.0,44.8,49.4
s2b-r05,2,B,s2b-r05-36,512,512,107,6,64,0,6,6,48.0,44.8,49.4
s2b-r05,2,B,s2b-r05-37,512,512,100,6,64,0,6,6,206.0,44.8,49.4
s2b-r05,2,B,s2b-r05-38,512,512,104,6,64,0,6,6,54.0,44.8,49.4
s2b-r05,2,B,s2b-r05-39,512,512,103,6,64,0,6,6,54.0,44.8,49.4
s2b-r05,2,B,s2b-r05-40,512,512,102,6,64,0,6,6,50.0,44.8,49.4
s2b-r05,2,B,s2b-r05-41,512,512,102,6,64,0,6,6,168.0,44.8,49.4
s2b-r05,2,B,s2b-r05-42,512,512,104,6,64,0,6,6,59.0,44.8,49.4
s2b-r05,2,B,s2b-r05-43,512,512,102,6,64,0,6,6,168.0,44.8,49.4
s2b-r05,2,B,s2b-r05-44,512,512,91,6,64,0,6,6,54.0,44.8,49.4
s2b-r05,2,B,s2b-r05-45,512,512,102,6,64,0,6,6,150.0,44.8,49.4
s2b-r05,2,B,s2b-r05-46,512,512,101,6,64,0,6,6,53.0,44.8,49.4
s2b-r05,2,B,s2b-r05-47,512,512,99,6,64,0,6,6,145.0,44.8,49.4
s2b-r05,2,B,s2b-r05-48,512,512,105,6,64,0,6,6,51.0,44.8,49.4
s2b-r05,2,B,s2b-r05-49,512,512,105,6,64,0,6,6,141.0,44.8,49.4
s2b-r05,2,B,s2b-r05-50,512,512,105,6,64,0,6,6,51.0,44.8,49.4
s2b-r05,2,B,s2b-r05-51,512,512,84,6,64,0,6,6,154.0,44.8,49.4
s2b-r05,2,B,s2b-r05-52,512,512,104,6,64,0,6,6,47.0,44.8,49.4
s2b-r05,2,B,s2b-r05-53,512,512,87,6,64,0,6,6,141.0,44.8,49.4
s2b-r05,2,B,s2b-r05-54,512,512,103,6,64,0,6,6,51.0,44.8,49.4
s2b-r05,2,B,s2b-r05-55,512,512,90,6,64,0,6,6,162.0,44.8,49.4
s2b-r05,2,B,s2b-r05-56,512,512,105,6,64,0,6,6,54.0,44.8,49.4
s2b-r05,2,B,s2b-r05-57,512,512,90,6,64,0,6,6,167.0,44.8,49.4
s2b-r05,2,B,s2b-r05-58,512,512,106,6,64,0,6,6,57.0,44.8,49.4
s2b-r05,2,B,s2b-r05-59,512,512,106,6,64,0,6,6,122.0,44.8,49.4
s2b-r05,2,B,s2b-r05-60,512,512,106,6,64,0,6,6,48.0,44.8,49.4
s2b-r05,2,B,s2b-r05-61,512,512,106,0,16,0,4,4,228.0,44.8,49.4
s2b-r05,2,B,s2b-r05-62,512,512,156,0,16,0,4,4,49.0,44.8,49.4
s2b-r05,2,B,s2b-r05-63,512,512,163,6,128,0,7,7,77.0,44.8,49.4
s2b-r05,2,B,s2b-r05-64,512,512,100,6,128,0,7,7,172.0,44.8,49.4
s2b-r05,2,B,s2b-r05-65,512,512,100,6,128,0,7,7,52.0,44.8,49.4
s2b-r05,2,B,s2b-r05-66,512,512,98,6,128,0,7,7,700.0,44.8,49.4
s2b-r05,2,B,s2b-r05-67,512,512,140,6,128,0,7,7,57.0,44.8,49.4
s2b-r05,2,B,s2b-r05-68,512,512,98,6,128,0,7,7,104.0,44.8,49.4
s2b-r05,2,B,s2b-r05-69,512,512,102,6,128,0,7,7,52.0,44.8,49.4
s2b-r05,2,B,s2b-r05-70,512,512,100,6,128,0,7,7,151.0,44.8,49.4
s2b-r05,2,B,s2b-r05-71,512,512,102,6,128,0,7,7,49.0,44.8,49.4
s2b-r05,2,B,s2b-r05-72,512,512,102,6,128,0,7,7,143.0,44.8,49.4
s2b-r05,2,B,s2b-r05-73,512,512,102,6,128,0,7,7,50.0,44.8,49.4
s2b-r05,2,B,s2b-r05-74,512,512,102,6,128,0,7,7,214.0,44.8,49.4
s2b-r05,2,B,s2b-r05-75,512,512,106,6,128,0,7,7,47.0,44.8,49.4
s2b-r05,2,B,s2b-r05-76,512,512,106,6,128,0,7,7,143.0,44.8,49.4
s2b-r05,2,B,s2b-r05-77,512,512,106,6,128,0,7,7,51.0,44.8,49.4
s2b-r05,2,B,s2b-r05-78,512,512,106,6,128,0,7,7,205.0,44.8,49.4
s2b-r05,2,B,s2b-r05-79,512,512,106,6,128,0,7,7,51.0,44.8,49.4
s2b-r05,2,B,s2b-r05-80,512,512,103,6,128,0,7,7,126.0,44.8,49.4
s2b-r05,2,B,s2b-r05-81,512,512,104,6,128,0,7,7,47.0,44.8,49.4
s2b-r05,2,B,s2b-r05-82,512,512,103,6,128,0,7,7,139.0,44.8,49.4
s2b-r05,2,B,s2b-r05-83,512,512,103,6,128,0,7,7,58.0,44.8,49.4
s2b-r05,2,B,s2b-r05-84,512,512,99,6,128,0,7,7,174.0,44.8,49.4
s2b-r05,2,B,s2b-r05-85,512,512,99,6,128,0,7,7,50.0,44.8,49.4
s2b-r05,2,B,s2b-r05-86,512,512,100,0,1,0,0,0,88.0,44.8,49.4
s2b-r05,2,B,s2b-r05-87,512,512,172,0,1,0,0,0,14.0,44.8,49.4
s2b-r05,2,B,s2b-r05-88,512,512,165,6,64,0,6,6,106.0,44.8,49.4
s2b-r05,2,B,s2b-r05-89,512,512,99,6,64,0,6,6,65.0,44.8,49.4
s2b-r05,2,B,s2b-r05-90,512,512,100,6,64,0,6,6,70.0,44.8,49.4
s2b-r05,2,B,s2b-r05-91,512,512,105,6,64,0,6,6,16.0,44.8,49.4
s2b-r05,2,B,s2b-r05-92,512,512,99,6,64,0,6,6,16.0,44.8,49.4
s2b-r05,2,B,s2b-r05-93,512,512,96,6,128,0,7,7,95.0,44.8,49.4
s2b-r05,2,B,s2b-r05-94,512,512,101,6,128,0,7,7,49.0,44.8,49.4
s2b-r05,2,B,s2b-r05-95,512,512,101,6,128,0,7,7,147.0,44.8,49.4
s2b-r05,2,B,s2b-r05-96,512,512,107,6,128,0,7,7,47.0,44.8,49.4
s2b-r05,2,B,s2b-r05-97,512,512,97,6,128,0,7,7,63.0,44.8,49.4
s2b-r05,2,B,s2b-r05-98,512,512,101,6,128,0,7,7,48.0,44.8,49.4
s2b-r05,2,B,s2b-r05-99,512,512,101,6,128,0,7,7,170.0,44.8,49.4
s2b-r05,2,B,s2b-r05-100,512,512,105,6,128,0,7,7,52.0,44.8,49.4
s2b-r05,2,B,s2b-r05-101,512,512,101,6,128,0,7,7,172.0,44.8,49.4
s2b-r05,2,B,s2b-r05-102,512,512,103,6,128,0,7,7,52.0,44.8,49.4
s2b-r05,2,B,s2b-r05-103,512,512,97,6,128,0,7,7,155.0,44.8,49.4
s2b-r05,2,B,s2b-r05-104,512,512,108,6,128,0,7,7,54.0,44.8,49.4
s2b-r05,2,B,s2b-r05-105,512,512,99,6,128,0,7,7,180.0,44.8,49.4
s2b-r05,2,B,s2b-r05-106,512,512,105,6,128,0,7,7,61.0,44.8,49.4
s2b-r05,2,B,s2b-r05-107,512,512,105,6,128,0,7,7,155.0,44.8,49.4
s2b-r05,2,B,s2b-r05-108,512,512,105,6,128,0,7,7,50.0,44.8,49.4
s2b-r05,2,B,s2b-r05-109,512,512,105,0,2,0,1,1,123.0,44.8,49.4
s2b-r05,2,B,s2b-r05-110,512,512,157,6,128,0,7,7,2140.0,44.8,49.4
s2b-r05,2,B,s2b-r05-111,512,512,115,6,128,0,7,7,58.0,44.8,49.4
s2b-r05,2,B,s2b-r05-112,512,512,115,6,128,0,7,7,160.0,44.8,49.4
s2b-r05,2,B,s2b-r05-113,512,512,115,6,128,0,7,7,54.0,44.8,49.4
s2b-r05,2,B,s2b-r05-114,512,512,86,6,128,0,7,7,458.0,44.8,49.4
s2b-r05,2,B,s2b-r05-115,512,512,117,6,128,0,7,7,47.0,44.8,49.4
s2b-r05,2,B,s2b-r05-116,512,512,96,6,128,0,7,7,171.0,44.8,49.4
s2b-r05,2,B,s2b-r05-117,512,512,86,6,128,0,7,7,55.0,44.8,49.4
s2b-r05,2,B,s2b-r05-118,512,512,98,6,128,0,7,7,185.0,44.8,49.4
s2b-r05,2,B,s2b-r05-119,512,512,103,6,128,0,7,7,50.0,44.8,49.4
s2b-r05,2,B,s2b-r05-120,512,512,98,6,128,0,7,7,124.0,44.8,49.4
s2b-r05,2,B,s2b-r05-121,512,512,101,6,128,0,7,7,55.0,44.8,49.4
s2b-r05,2,B,s2b-r05-122,512,512,99,6,128,0,7,7,152.0,44.8,49.4
s2b-r05,2,B,s2b-r05-123,512,512,99,6,128,0,7,7,52.0,44.8,49.4
s2b-r05,2,B,s2b-r05-124,512,512,99,6,128,0,7,7,155.0,44.8,49.4
s2b-r05,2,B,s2b-r05-125,512,512,111,6,128,0,7,7,50.0,44.8,49.4
s2b-r05,2,B,s2b-r05-126,512,512,100,6,128,0,7,7,163.0,44.8,49.4
s2b-r05,2,B,s2b-r05-127,512,512,104,6,128,0,7,7,48.0,44.8,49.4
s2b-r05,2,B,s2b-r05-128,512,512,100,6,128,0,7,7,154.0,44.8,49.4
s2b-r05,2,B,s2b-r05-129,512,512,103,6,128,0,7,7,50.0,44.8,49.4
s2b-r05,2,B,s2b-r05-130,512,512,68,6,128,0,7,7,56.0,44.8,49.4
s2b-r05,2,B,s2b-r05-131,512,512,97,0,1,0,0,0,120.0,44.8,49.4
s2b-r05,2,B,s2b-r05-132,512,512,154,6,128,0,7,7,2033.0,44.8,49.4
s2b-r05,2,B,s2b-r05-133,512,512,113,6,128,0,7,7,74.0,44.8,49.4
s2b-r05,2,B,s2b-r05-134,512,512,101,6,128,0,7,7,55.0,44.8,49.4
s2b-r05,2,B,s2b-r05-135,512,512,88,6,128,0,7,7,153.0,44.8,49.4
s2b-r05,2,B,s2b-r05-136,512,512,104,6,128,0,7,7,55.0,44.8,49.4
s2b-r05,2,B,s2b-r05-137,512,512,98,6,128,0,7,7,124.0,44.8,49.4
s2b-r05,2,B,s2b-r05-138,512,512,68,6,128,0,7,7,49.0,44.8,49.4
s2b-r05,2,B,s2b-r05-139,512,512,99,6,128,0,7,7,73.0,44.8,49.4
s2b-r05,2,B,s2b-r05-140,512,512,101,6,128,0,7,7,51.0,44.8,49.4
s2b-r05,2,B,s2b-r05-141,512,512,68,6,128,0,7,7,50.0,44.8,49.4
s2b-r05,2,B,s2b-r05-142,512,512,97,6,128,0,7,7,170.0,44.8,49.4
s2b-r05,2,B,s2b-r05-143,512,512,109,6,128,0,7,7,49.0,44.8,49.4
s2b-r05,2,B,s2b-r05-144,512,512,98,6,128,0,7,7,209.0,44.8,49.4
s2b-r05,2,B,s2b-r05-145,512,512,106,6,128,0,7,7,54.0,44.8,49.4
s2b-r05,2,B,s2b-r05-146,512,512,103,6,128,0,7,7,197.0,44.8,49.4
s2b-r05,2,B,s2b-r05-147,512,512,108,6,128,0,7,7,52.0,44.8,49.4
s2b-r05,2,B,s2b-r05-148,512,512,103,6,128,0,7,7,159.0,44.8,49.4
s2b-r05,2,B,s2b-r05-149,512,512,104,6,128,0,7,7,48.0,44.8,49.4
s2b-r05,2,B,s2b-r05-150,512,512,89,6,128,0,7,7,126.0,44.8,49.4
s2b-r05,2,B,s2b-r05-151,512,512,105,0,2,0,1,1,120.0,44.8,49.4
s2b-r05,2,B,s2b-r05-152,512,512,125,6,64,0,6,6,2294.0,44.8,49.4
s2b-r05,2,B,s2b-r05-153,512,512,132,6,64,0,6,6,75.0,44.8,49.4
s2b-r05,2,B,s2b-r05-154,512,512,100,6,64,0,6,6,147.0,44.8,49.4
s2b-r05,2,B,s2b-r05-155,512,512,100,6,64,0,6,6,57.0,44.8,49.4
s2b-r05,2,B,s2b-r05-156,512,512,100,6,64,0,6,6,142.0,44.8,49.4
s2b-r05,2,B,s2b-r05-157,512,512,102,6,64,0,6,6,47.0,44.8,49.4
s2b-r05,2,B,s2b-r05-158,512,512,102,6,64,0,6,6,167.0,44.8,49.4
s2b-r05,2,B,s2b-r05-159,512,512,104,6,64,0,6,6,49.0,44.8,49.4
s2b-r05,2,B,s2b-r05-160,512,512,102,6,64,0,6,6,50.0,44.8,49.4
s2b-r05,2,B,s2b-r05-161,512,512,56,6,64,0,6,6,144.0,44.8,49.4
s2b-r05,2,B,s2b-r05-162,512,512,102,6,64,0,6,6,54.0,44.8,49.4
s2b-r05,2,B,s2b-r05-163,512,512,99,6,64,0,6,6,110.0,44.8,49.4
s2b-r05,2,B,s2b-r05-164,512,512,62,6,64,0,6,6,51.0,44.8,49.4
s2b-r05,2,B,s2b-r05-165,512,512,98,6,64,0,6,6,151.0,44.8,49.4
s2b-r05,2,B,s2b-r05-166,512,512,104,6,64,0,6,6,50.0,44.8,49.4
s2b-r05,2,B,s2b-r05-167,512,512,63,6,64,0,6,6,203.0,44.8,49.4
s2b-r05,2,B,s2b-r05-168,512,512,107,6,64,0,6,6,48.0,44.8,49.4
s2b-r05,2,B,s2b-r05-169,512,512,107,6,64,0,6,6,53.0,44.8,49.4
s2b-r05,2,B,s2b-r05-170,512,512,107,6,64,0,6,6,160.0,44.8,49.4
s2b-r05,2,B,s2b-r05-171,512,512,107,6,64,0,6,6,55.0,44.8,49.4
s2b-r05,2,B,s2b-r05-172,512,512,100,6,128,0,7,7,208.0,44.8,49.4
s2b-r05,2,B,s2b-r05-173,512,512,100,6,128,0,7,7,48.0,44.8,49.4
s2b-r05,2,B,s2b-r05-174,512,512,100,6,128,0,7,7,183.0,44.8,49.4
s2b-r05,2,B,s2b-r05-175,512,512,104,6,128,0,7,7,51.0,44.8,49.4
s2b-r05,2,B,s2b-r05-176,512,512,72,6,128,0,7,7,149.0,44.8,49.4
s2b-r05,2,B,s2b-r05-177,512,512,103,6,128,0,7,7,51.0,44.8,49.4
s2b-r05,2,B,s2b-r05-178,512,512,98,6,128,0,7,7,241.0,44.8,49.4
s2b-r05,2,B,s2b-r05-179,512,512,112,6,128,0,7,7,51.0,44.8,49.4
s2b-r05,2,B,s2b-r05-180,512,512,100,6,128,0,7,7,186.0,44.8,49.4
s2b-r05,2,B,s2b-r05-181,512,512,104,6,128,0,7,7,54.0,44.8,49.4
s2b-r05,2,B,s2b-r05-182,512,512,102,6,128,0,7,7,128.0,44.8,49.4
s2b-r05,2,B,s2b-r05-183,512,512,103,6,128,0,7,7,55.0,44.8,49.4
s2b-r05,2,B,s2b-r05-184,512,512,71,6,128,0,7,7,155.0,44.8,49.4
s2b-r05,2,B,s2b-r05-185,512,512,102,6,128,0,7,7,53.0,44.8,49.4
s2b-r05,2,B,s2b-r05-186,512,512,98,0,2,0,7,7,121.0,44.8,49.4
s2b-r05,2,B,s2b-r05-187,512,512,83,6,128,0,7,7,47.0,44.8,49.4
s2b-r05,2,B,s2b-r05-188,512,512,99,6,128,0,7,7,148.0,44.8,49.4
s2b-r05,2,B,s2b-r05-189,512,512,102,6,128,0,7,7,51.0,44.8,49.4
s2b-r05,2,B,s2b-r05-190,512,512,99,6,128,0,7,7,150.0,44.8,49.4
s2b-r05,2,B,s2b-r05-191,512,512,102,6,128,0,7,7,52.0,44.8,49.4
s2b-r05,2,B,s2b-r05-192,512,512,99,6,128,0,7,7,153.0,44.8,49.4
s2b-r05,2,B,s2b-r05-193,512,512,99,6,128,0,7,7,49.0,44.8,49.4
s2b-r05,2,B,s2b-r05-194,512,512,100,6,128,0,7,7,199.0,44.8,49.4
s2b-r05,2,B,s2b-r05-195,512,512,107,6,128,0,7,7,54.0,44.8,49.4
s2b-r05,2,B,s2b-r05-196,512,512,101,6,128,0,7,7,50.0,44.8,49.4
s2b-r05,2,B,s2b-r05-197,512,512,101,6,128,0,7,7,177.0,44.8,49.4
s2b-r05,2,B,s2b-r05-198,512,512,101,6,128,0,7,7,56.0,44.8,49.4
s2b-r05,2,B,s2b-r05-199,512,512,102,6,128,0,7,7,53.0,44.8,49.4
s2b-r05,2,B,s2b-r05-200,512,512,81,6,128,0,7,7,218.0,44.8,49.4
s2b-r05,2,B,s2b-r05-201,512,512,115,6,128,0,7,7,52.0,44.8,49.4
s2b-r05,2,B,s2b-r05-202,512,512,100,0,1,0,0,0,140.0,44.8,49.4
s2b-r05,2,B,s2b-r05-203,512,512,171,0,1,0,0,0,54.0,44.8,49.4
s2b-r05,2,B,s2b-r05-204,512,512,171,6,128,0,7,7,249.0,44.8,49.4
s2b-r05,2,B,s2b-r05-205,512,512,115,0,2,0,1,1,68.0,44.8,49.4
s2b-r05,2,B,s2b-r05-206,512,512,171,6,128,0,7,7,86.0,44.8,49.4
s2b-r05,2,B,s2b-r05-207,512,512,115,0,32,0,5,5,56.0,44.8,49.4
s2b-r05,2,B,s2b-r05-208,512,512,149,6,128,0,7,7,27.0,44.8,49.4
s2b-r05,2,B,s2b-r05-209,512,512,96,6,128,0,7,7,50.0,44.8,49.4
s2b-r05,2,B,s2b-r05-210,512,512,96,6,128,0,7,7,122.0,44.8,49.4
s2b-r05,2,B,s2b-r05-211,512,512,105,6,128,0,7,7,50.0,44.8,49.4
s2b-r05,2,B,s2b-r05-212,512,512,88,6,128,0,7,7,98.0,44.8,49.4
s2b-r05,2,B,s2b-r05-213,512,512,100,6,128,0,7,7,47.0,44.8,49.4
s2b-r05,2,B,s2b-r05-214,512,512,86,6,128,0,7,7,101.0,44.8,49.4
s2b-r05,2,B,s2b-r05-215,512,512,101,6,128,0,7,7,47.0,44.8,49.4
s2b-r05,2,B,s2b-r05-216,512,512,101,6,128,0,7,7,105.0,44.8,49.4
s2b-r05,2,B,s2b-r05-217,512,512,101,6,128,0,7,7,49.0,44.8,49.4
s2b-r05,2,B,s2b-r05-218,512,512,87,6,128,0,7,7,100.0,44.8,49.4
s2b-r05,2,B,s2b-r05-219,512,512,102,6,128,0,7,7,50.0,44.8,49.4
s2b-r05,2,B,s2b-r05-220,512,512,87,6,128,0,7,7,100.0,44.8,49.4
s2b-r05,2,B,s2b-r05-221,512,512,101,6,128,0,7,7,47.0,44.8,49.4
s2b-r05,2,B,s2b-r05-222,512,512,85,6,128,0,7,7,103.0,44.8,49.4
s2b-r05,2,B,s2b-r05-223,512,512,101,6,128,0,7,7,48.0,44.8,49.4
s2b-r05,2,B,s2b-r05-224,512,512,86,6,128,0,7,7,103.0,44.8,49.4
s2b-r05,2,B,s2b-r05-225,512,512,101,6,128,0,7,7,48.0,44.8,49.4
s2b-r05,2,B,s2b-r05-226,512,512,101,6,128,0,7,7,101.0,44.8,49.4
s2b-r05,2,B,s2b-r05-227,512,512,101,6,128,0,7,7,46.0,44.8,49.4
s2b-r05,2,B,s2b-r05-228,512,512,84,6,128,0,7,7,48.0,44.8,49.4
s2b-r05,2,B,s2b-r05-229,512,512,97,6,128,0,7,7,174.0,44.8,49.4
s2b-r05,2,B,s2b-r05-230,512,512,103,6,128,0,7,7,49.0,44.8,49.4
s2b-r05,2,B,s2b-r05-231,512,512,98,6,128,0,7,7,90.0,44.8,49.4
s2b-r05,2,B,s2b-r05-232,512,512,88,6,128,0,7,7,48.0,44.8,49.4
s2b-r05,2,B,s2b-r05-233,512,512,100,6,128,0,7,7,132.0,44.8,49.4
s2b-r05,2,B,s2b-r05-234,512,512,100,6,128,0,7,7,50.0,44.8,49.4
s2b-r05,2,B,s2b-r05-235,512,512,88,6,128,0,7,7,197.0,44.8,49.4
s2b-r05,2,B,s2b-r05-236,512,512,105,6,128,0,7,7,47.0,44.8,49.4
s2b-r05,2,B,s2b-r05-237,512,512,105,6,128,0,7,7,151.0,44.8,49.4
s2b-r05,2,B,s2b-r05-238,512,512,105,6,128,0,7,7,48.0,44.8,49.4
s2b-r05,2,B,s2b-r05-239,512,512,85,6,128,0,7,7,91.0,44.8,49.4
s2b-r05,2,B,s2b-r05-240,512,512,101,6,128,0,7,7,17.0,44.8,49.4
s2b-r05,2,B,s2b-r05-241,512,512,85,6,128,0,7,7,48.0,44.8,49.4
s2b-r05,2,B,s2b-r05-242,512,512,100,6,128,0,7,7,188.0,44.8,49.4
s2b-r05,2,B,s2b-r05-243,512,512,108,6,128,0,7,7,57.0,44.8,49.4
s2b-r05,2,B,s2b-r05-244,512,512,108,6,128,0,7,7,150.0,44.8,49.4
s2b-r05,2,B,s2b-r05-245,512,512,108,6,128,0,7,7,55.0,44.8,49.4
s2b-r05,2,B,s2b-r05-246,512,512,108,6,128,0,7,7,48.0,44.8,49.4
s2b-r05,2,B,s2b-r05-247,512,512,54,6,128,0,7,7,57.0,44.8,49.4
s2b-r05,2,B,s2b-r05-248,512,512,100,6,128,0,7,7,219.0,44.8,49.4
s2b-r05,2,B,s2b-r05-249,512,512,105,6,128,0,7,7,53.0,44.8,49.4
s2b-r05,2,B,s2b-r05-250,512,512,38,6,128,0,7,7,90.0,44.8,49.4
s2b-r05,2,B,s2b-r05-251,512,512,101,6,128,0,7,7,152.0,44.8,49.4
s2b-r05,2,B,s2b-r05-252,512,512,102,6,128,0,7,7,47.0,44.8,49.4
s2b-r05,2,B,s2b-r05-253,512,512,54,6,128,0,7,7,112.0,44.8,49.4
s2b-r05,2,B,s2b-r05-254,512,512,104,6,128,0,7,7,47.0,44.8,49.4
s2b-r05,2,B,s2b-r05-255,512,512,104,6,64,0,6,6,152.0,44.8,49.4
s2b-r05,2,B,s2b-r05-256,512,512,108,6,64,0,6,6,53.0,44.8,49.4
s2b-r05,2,B,s2b-r05-257,512,512,93,6,64,0,6,6,148.0,44.8,49.4
s2b-r05,2,B,s2b-r05-258,512,512,114,6,128,0,7,7,53.0,44.8,49.4
s2b-r05,2,B,s2b-r05-259,512,512,99,6,128,0,7,7,59.0,44.8,49.4
s2b-r05,2,B,s2b-r05-260,512,512,100,6,128,0,7,7,51.0,44.8,49.4
s2b-r05,2,B,s2b-r05-261,512,512,76,6,128,0,7,7,157.0,44.8,49.4
s2b-r05,2,B,s2b-r05-262,512,512,108,6,128,0,7,7,49.0,44.8,49.4
s2b-r05,2,B,s2b-r05-263,512,512,88,6,128,0,7,7,202.0,44.8,49.4
s2b-r05,2,B,s2b-r05-264,512,512,109,6,128,0,7,7,54.0,44.8,49.4
s2b-r05,2,B,s2b-r05-265,512,512,109,6,128,0,7,7,57.0,44.8,49.4
s2b-r05,2,B,s2b-r05-266,512,512,109,6,128,0,7,7,54.0,44.8,49.4
s2b-r05,2,B,s2b-r05-267,512,512,109,0,1,0,0,0,102.0,44.8,49.4
s2b-r05,2,B,s2b-r05-268,512,512,109,6,64,0,6,6,2380.0,44.8,49.4
s2b-r05,2,B,s2b-r05-269,512,512,117,6,64,0,6,6,129.0,44.8,49.4
s2b-r05,2,B,s2b-r05-270,512,512,109,6,64,0,6,6,145.0,44.8,49.4
s2b-r05,2,B,s2b-r05-271,512,512,109,6,64,0,6,6,53.0,44.8,49.4
s2b-r05,2,B,s2b-r05-272,512,512,109,6,64,0,6,6,155.0,44.8,49.4
s2b-r05,2,B,s2b-r05-273,512,512,56,6,64,0,6,6,54.0,44.8,49.4
s2b-r05,2,B,s2b-r05-274,512,512,99,6,64,0,6,6,149.0,44.8,49.4
s2b-r05,2,B,s2b-r05-275,512,512,103,6,64,0,6,6,49.0,44.8,49.4
s2b-r05,2,B,s2b-r05-276,512,512,60,6,64,0,6,6,50.0,44.8,49.4
s2b-r05,2,B,s2b-r05-277,512,512,99,6,64,0,6,6,209.0,44.8,49.4
s2b-r05,2,B,s2b-r05-278,512,512,107,6,64,0,6,6,52.0,44.8,49.4
s2b-r05,2,B,s2b-r05-279,512,512,70,6,64,0,6,6,149.0,44.8,49.4
s2b-r05,2,B,s2b-r05-280,512,512,101,6,64,0,6,6,51.0,44.8,49.4
s2b-r05,2,B,s2b-r05-281,512,512,101,6,64,0,6,6,126.0,44.8,49.4
s2b-r05,2,B,s2b-r05-282,512,512,101,6,64,0,6,6,49.0,44.8,49.4
s2b-r05,2,B,s2b-r05-283,512,512,101,6,64,0,6,6,94.0,44.8,49.4
s2b-r05,2,B,s2b-r05-284,512,512,82,6,64,0,6,6,140.0,44.8,49.4
s2b-r05,2,B,s2b-r05-285,512,512,103,6,64,0,6,6,51.0,44.8,49.4
s2b-r05,2,B,s2b-r05-286,512,512,99,6,64,0,6,6,202.0,44.8,49.4
s2b-r05,2,B,s2b-r05-287,512,512,109,6,64,0,6,6,40.0,44.8,49.4
s2b-r05,2,B,s2b-r05-288,512,512,99,6,64,0,6,6,49.0,44.8,49.4
s2b-r05,2,B,s2b-r05-289,512,512,99,0,1,0,0,0,101.0,44.8,49.4
s2b-r05,2,B,s2b-r05-290,512,512,152,6,128,0,7,7,2108.0,44.8,49.4
s2b-r05,2,B,s2b-r05-291,512,512,112,6,128,0,7,7,58.0,44.8,49.4
s2b-r05,2,B,s2b-r05-292,512,512,98,6,128,0,7,7,151.0,44.8,49.4
s2b-r05,2,B,s2b-r05-293,512,512,102,6,128,0,7,7,47.0,44.8,49.4
s2b-r05,2,B,s2b-r05-294,512,512,98,6,128,0,7,7,133.0,44.8,49.4
s2b-r05,2,B,s2b-r05-295,512,512,102,6,128,0,7,7,49.0,44.8,49.4
s2b-r05,2,B,s2b-r05-296,512,512,98,6,128,0,7,7,124.0,44.8,49.4
s2b-r05,2,B,s2b-r05-297,512,512,100,6,128,0,7,7,53.0,44.8,49.4
s2b-r05,2,B,s2b-r05-298,512,512,98,6,128,0,7,7,51.0,44.8,49.4
s2b-r05,2,B,s2b-r05-299,512,512,75,6,128,0,7,7,155.0,44.8,49.4
s2b-r05,2,B,s2b-r05-300,512,512,105,6,128,0,7,7,54.0,44.8,49.4
s2b-r05,2,B,s2b-r05-301,512,512,87,6,128,0,7,7,144.0,44.8,49.4
s2b-r05,2,B,s2b-r05-302,512,512,106,6,128,0,7,7,49.0,44.8,49.4
s2b-r05,2,B,s2b-r05-303,512,512,87,6,128,0,7,7,51.0,44.8,49.4
s2b-r05,2,B,s2b-r05-304,512,512,99,6,128,0,7,7,177.0,44.8,49.4
s2b-r05,2,B,s2b-r05-305,512,512,104,6,128,0,7,7,53.0,44.8,49.4
s2b-r05,2,B,s2b-r05-306,512,512,69,6,128,0,7,7,123.0,44.8,49.4
s2b-r05,2,B,s2b-r05-307,512,512,112,6,64,0,6,6,47.0,44.8,49.4
s2b-r05,2,B,s2b-r05-308,512,512,69,6,64,0,6,6,149.0,44.8,49.4
s2b-r05,2,B,s2b-r05-309,512,512,104,6,64,0,6,6,55.0,44.8,49.4
s2b-r05,2,B,s2b-r05-310,512,512,100,6,64,0,6,6,203.0,44.8,49.4
s2b-r05,2,B,s2b-r05-311,512,512,114,6,64,0,6,6,52.0,44.8,49.4
s2b-r05,2,B,s2b-r05-312,512,512,100,6,64,0,6,6,130.0,44.8,49.4
s2b-r05,2,B,s2b-r05-313,512,512,105,6,64,0,6,6,51.0,44.8,49.4
s2b-r05,2,B,s2b-r05-314,512,512,97,6,64,0,6,6,189.0,44.8,49.4
s2b-r05,2,B,s2b-r05-315,512,512,105,6,64,0,6,6,50.0,44.8,49.4
s2b-r05,2,B,s2b-r05-316,512,512,103,6,64,0,6,6,105.0,44.8,49.4
s2b-r05,2,B,s2b-r05-317,512,512,105,6,64,0,6,6,53.0,44.8,49.4
s2b-r05,2,B,s2b-r05-318,512,512,22,6,64,0,6,6,172.0,44.8,49.4
s2b-r05,2,B,s2b-r05-319,512,512,105,6,64,0,6,6,64.0,44.8,49.4
s2b-r05,2,B,s2b-r05-320,512,512,100,6,64,0,6,6,171.0,44.8,49.4
s2b-r05,2,B,s2b-r05-321,512,512,90,0,32,0,5,5,132.0,44.8,49.4
s2b-r05,2,B,s2b-r05-322,512,512,152,0,32,0,5,5,15.0,44.8,49.4
s2b-r05,2,B,s2b-r05-323,512,512,87,6,64,0,6,6,75.0,44.8,49.4
s2b-r05,2,B,s2b-r05-324,512,512,101,0,2,0,1,1,53.0,44.8,49.4
s2b-r05,2,B,s2b-r05-325,512,512,20,6,128,0,7,7,119.0,44.8,49.4
s2b-r05,2,B,s2b-r05-326,512,512,104,6,128,0,7,7,16.0,44.8,49.4
s2b-r05,2,B,s2b-r05-327,512,512,98,6,64,0,6,6,71.0,44.8,49.4
s2b-r05,2,B,s2b-r05-328,512,512,97,0,16,0,4,4,57.0,44.8,49.4
s2b-r05,2,B,s2b-r05-329,512,512,159,6,64,0,6,6,2150.0,44.8,49.4
s2b-r05,2,B,s2b-r05-330,512,512,117,6,64,0,6,6,61.0,44.8,49.4
s2b-r05,2,B,s2b-r05-331,512,512,96,6,64,0,6,6,159.0,44.8,49.4
s2b-r05,2,B,s2b-r05-332,512,512,106,6,64,0,6,6,52.0,44.8,49.4
s2b-r05,2,B,s2b-r05-333,512,512,99,6,64,0,6,6,155.0,44.8,49.4
s2b-r05,2,B,s2b-r05-334,512,512,104,6,64,0,6,6,50.0,44.8,49.4
s2b-r05,2,B,s2b-r05-335,512,512,104,6,64,0,6,6,149.0,44.8,49.4
s2b-r05,2,B,s2b-r05-336,512,512,106,6,64,0,6,6,50.0,44.8,49.4
s2b-r05,2,B,s2b-r05-337,512,512,104,6,64,0,6,6,147.0,44.8,49.4
s2b-r05,2,B,s2b-r05-338,512,512,89,6,64,0,6,6,54.0,44.8,49.4
s2b-r05,2,B,s2b-r05-339,512,512,103,6,64,0,6,6,156.0,44.8,49.4
s2b-r05,2,B,s2b-r05-340,512,512,88,6,64,0,6,6,105.0,44.8,49.4
s2b-r05,2,B,s2b-r05-341,512,512,107,6,64,0,6,6,177.0,44.8,49.4
s2b-r05,2,B,s2b-r05-342,512,512,107,6,64,0,6,6,174.0,44.8,49.4
s2b-r05,2,B,s2b-r05-343,512,512,107,6,64,0,6,6,52.0,44.8,49.4
s2b-r05,2,B,s2b-r05-344,512,512,107,6,64,0,6,6,172.0,44.8,49.4
s2b-r05,2,B,s2b-r05-345,512,512,50,6,64,0,6,6,46.0,44.8,49.4
s2b-r05,2,B,s2b-r05-346,512,512,98,6,64,0,6,6,140.0,44.8,49.4
s2b-r05,2,B,s2b-r05-347,512,512,89,6,64,0,6,6,50.0,44.8,49.4
s2b-r05,2,B,s2b-r05-348,512,512,98,6,64,0,6,6,145.0,44.8,49.4
s2b-r05,2,B,s2b-r05-349,512,512,107,6,64,0,6,6,55.0,44.8,49.4
s2b-r05,2,B,s2b-r05-350,512,512,107,6,64,0,6,6,210.0,44.8,49.4
s2b-r05,2,B,s2b-r05-351,512,512,107,6,64,0,6,6,54.0,44.8,49.4
s2b-r05,2,B,s2b-r05-352,512,512,107,6,64,0,6,6,157.0,44.8,49.4
s2b-r05,2,B,s2b-r05-353,512,512,102,6,64,0,6,6,61.0,44.8,49.4
s2b-r05,2,B,s2b-r05-354,512,512,102,6,64,0,6,6,317.0,44.8,49.4
s2b-r05,2,B,s2b-r05-355,512,512,102,6,64,0,6,6,47.0,44.8,49.4
s2b-r05,2,B,s2b-r05-356,512,512,102,6,64,0,6,6,146.0,44.8,49.4
s2b-r05,2,B,s2b-r05-357,512,512,105,6,64,0,6,6,48.0,44.8,49.4
s2b-r05,2,B,s2b-r05-358,512,512,105,6,64,0,6,6,151.0,44.8,49.4
s2b-r05,2,B,s2b-r05-359,512,512,105,6,64,0,6,6,52.0,44.8,49.4
s2b-r05,2,B,s2b-r05-360,512,512,105,6,64,0,6,6,186.0,44.8,49.4
s2b-r05,2,B,s2b-r05-361,512,512,103,6,64,0,6,6,55.0,44.8,49.4
s2b-r05,2,B,s2b-r05-362,512,512,100,6,64,0,6,6,195.0,44.8,49.4
s2b-r05,2,B,s2b-r05-363,512,512,107,6,64,0,6,6,49.0,44.8,49.4
s2b-r05,2,B,s2b-r05-364,512,512,101,6,64,0,6,6,146.0,44.8,49.4
s2b-r05,2,B,s2b-r05-365,512,512,104,6,64,0,6,6,49.0,44.8,49.4
s2b-r05,2,B,s2b-r05-366,512,512,104,6,64,0,6,6,175.0,44.8,49.4
s2b-r05,2,B,s2b-r05-367,512,512,106,6,64,0,6,6,57.0,44.8,49.4
s2b-r05,2,B,s2b-r05-368,512,512,88,6,64,0,6,6,175.0,44.8,49.4
s2b-r05,2,B,s2b-r05-369,512,512,116,6,64,0,6,6,47.0,44.8,49.4
s2b-r05,2,B,s2b-r05-370,512,512,92,6,64,0,6,6,142.0,44.8,49.4
s2b-r05,2,B,s2b-r05-371,512,512,105,6,64,0,6,6,49.0,44.8,49.4
s2b-r05,2,B,s2b-r05-372,512,512,88,6,64,0,6,6,206.0,44.8,49.4
s2b-r05,2,B,s2b-r05-373,512,512,105,6,64,0,6,6,57.0,44.8,49.4
s2b-r05,2,B,s2b-r05-374,512,512,102,6,64,0,6,6,61.0,44.8,49.4
s2b-r05,2,B,s2b-r05-375,512,512,104,6,64,0,6,6,52.0,44.8,49.4
s2b-r05,2,B,s2b-r05-376,512,512,102,0,1,0,0,0,181.0,44.8,49.4
s2b-r05,2,B,s2b-r05-377,512,512,118,6,64,0,6,6,56.0,44.8,49.4
s2b-r05,2,B,s2b-r05-378,512,512,102,6,64,0,6,6,204.0,44.8,49.4
s2b-r05,2,B,s2b-r05-379,512,512,102,6,64,0,6,6,53.0,44.8,49.4
s2b-r05,2,B,s2b-r05-380,512,512,102,6,64,0,6,6,210.0,44.8,49.4
s2b-r05,2,B,s2b-r05-381,512,512,104,6,64,0,6,6,50.0,44.8,49.4
s2b-r05,2,B,s2b-r05-382,512,512,102,6,64,0,6,6,307.0,44.8,49.4
s2b-r05,2,B,s2b-r05-383,512,512,113,6,64,0,6,6,55.0,44.8,49.4
s2b-r05,2,B,s2b-r05-384,512,512,102,6,64,0,6,6,151.0,44.8,49.4
s2b-r05,2,B,s2b-r05-385,512,512,101,6,64,0,6,6,50.0,44.8,49.4
s2b-r05,2,B,s2b-r05-386,512,512,101,6,64,0,6,6,145.0,44.8,49.4
s2b-r05,2,B,s2b-r05-387,512,512,102,6,64,0,6,6,50.0,44.8,49.4
s2b-r05,2,B,s2b-r05-388,512,512,101,6,64,0,6,6,142.0,44.8,49.4
s2b-r05,2,B,s2b-r05-389,512,512,100,6,64,0,6,6,46.0,44.8,49.4
s2b-r05,2,B,s2b-r05-390,512,512,99,6,64,0,6,6,165.0,44.8,49.4
s2b-r05,2,B,s2b-r05-391,512,512,104,6,64,0,6,6,56.0,44.8,49.4
s2b-r05,2,B,s2b-r05-392,512,512,34,6,64,0,6,6,195.0,44.8,49.4
s2b-r05,2,B,s2b-r05-393,512,512,105,6,64,0,6,6,55.0,44.8,49.4
s2b-r05,2,B,s2b-r05-394,512,512,100,6,64,0,6,6,126.0,44.8,49.4
s2b-r05,2,B,s2b-r05-395,512,512,87,6,64,0,6,6,54.0,44.8,49.4
s2b-r05,2,B,s2b-r05-396,512,512,101,6,64,0,6,6,164.0,44.8,49.4
s2b-r05,2,B,s2b-r05-397,512,512,113,6,64,0,6,6,50.0,44.8,49.4
s2b-r05,2,B,s2b-r05-398,512,512,101,6,64,0,6,6,128.0,44.8,49.4
s2b-r05,2,B,s2b-r05-399,512,512,102,6,64,0,6,6,48.0,44.8,49.4
s2b-r05,2,B,s2b-r05-400,512,512,101,6,64,0,6,6,154.0,44.8,49.4
s2b-r05,2,B,s2b-r05-401,512,512,107,6,64,0,6,6,57.0,44.8,49.4
s2b-r05,2,B,s2b-r05-402,512,512,107,6,64,0,6,6,127.0,44.8,49.4
s2b-r05,2,B,s2b-r05-403,512,512,160,6,64,0,6,6,40.0,44.8,49.4
s2b-r05,2,B,s2b-r05-404,512,512,97,6,64,0,6,6,178.0,44.8,49.4
s2b-r05,2,B,s2b-r05-405,512,512,103,6,64,0,6,6,56.0,44.8,49.4
s2b-r05,2,B,s2b-r05-406,512,512,105,6,64,0,6,6,193.0,44.8,49.4
s2b-r05,2,B,s2b-r05-407,512,512,97,6,64,0,6,6,53.0,44.8,49.4
s2b-r05,2,B,s2b-r05-408,512,512,102,6,64,0,6,6,71.0,44.8,49.4
s2b-r05,2,B,s2b-r05-409,512,512,102,6,64,0,6,6,184.0,44.8,49.4
s2b-r05,2,B,s2b-r05-410,512,512,109,6,64,0,6,6,54.0,44.8,49.4
s2b-r05,2,B,s2b-r05-411,512,512,89,6,64,0,6,6,175.0,44.8,49.4
s2b-r05,2,B,s2b-r05-412,512,512,105,6,64,0,6,6,51.0,44.8,49.4
s2b-r05,2,B,s2b-r05-413,512,512,99,6,64,0,6,6,52.0,44.8,49.4
s2b-r05,2,B,s2b-r05-414,512,512,99,6,64,0,6,6,130.0,44.8,49.4
s2b-r05,2,B,s2b-r05-415,512,512,105,6,64,0,6,6,52.0,44.8,49.4
s2b-r05,2,B,s2b-r05-416,512,512,81,6,64,0,6,6,167.0,44.8,49.4
s2b-r05,2,B,s2b-r05-417,512,512,104,6,64,0,6,6,57.0,44.8,49.4
s2b-r05,2,B,s2b-r05-418,512,512,98,6,64,0,6,6,57.0,44.8,49.4
s2b-r05,2,B,s2b-r05-419,512,512,50,6,64,0,6,6,178.0,44.8,49.4
s2b-r05,2,B,s2b-r05-420,512,512,110,6,64,0,6,6,54.0,44.8,49.4
s2b-r05,2,B,s2b-r05-421,512,512,93,6,64,0,6,6,178.0,44.8,49.4
s2b-r05,2,B,s2b-r05-422,512,512,103,6,64,0,6,6,60.0,44.8,49.4
s2b-r05,2,B,s2b-r05-423,512,512,101,6,64,0,6,6,167.0,44.8,49.4
s2b-r05,2,B,s2b-r05-424,512,512,101,6,64,0,6,6,50.0,44.8,49.4
s2b-r05,2,B,s2b-r05-425,512,512,101,6,64,0,6,6,157.0,44.8,49.4
s2b-r05,2,B,s2b-r05-426,512,512,105,6,64,0,6,6,51.0,44.8,49.4
s2b-r05,2,B,s2b-r05-427,512,512,69,6,64,0,6,6,120.0,44.8,49.4
s2b-r05,2,B,s2b-r05-428,512,512,100,6,64,0,6,6,53.0,44.8,49.4
s2b-r05,2,B,s2b-r05-429,512,512,96,6,64,0,6,6,306.0,44.8,49.4
s2b-r05,2,B,s2b-r05-430,512,512,95,6,64,0,6,6,53.0,44.8,49.4
s2b-r05,2,B,s2b-r05-431,512,512,103,6,64,0,6,6,77.0,44.8,49.4
s2b-r05,2,B,s2b-r05-432,512,512,95,6,64,0,6,6,53.0,44.8,49.4
s2b-r05,2,B,s2b-r05-433,512,512,100,6,64,0,6,6,378.0,44.8,49.4
s2b-r05,2,B,s2b-r05-434,512,512,114,6,64,0,6,6,53.0,44.8,49.4
s2b-r05,2,B,s2b-r05-435,512,512,114,6,64,0,6,6,195.0,44.8,49.4
s2b-r05,2,B,s2b-r05-436,512,512,114,6,64,0,6,6,54.0,44.8,49.4
s2b-r05,2,B,s2b-r05-437,512,512,114,6,64,0,6,6,146.0,44.8,49.4
s2b-r05,2,B,s2b-r05-438,512,512,114,0,32,0,5,5,65.0,44.8,49.4
s2b-r05,2,B,s2b-r05-439,512,512,90,0,32,0,5,5,55.0,44.8,49.4
s2b-r05,2,B,s2b-r05-440,512,512,152,6,64,0,6,6,113.0,44.8,49.4
s2b-r05,2,B,s2b-r05-441,512,512,103,0,1,0,0,0,52.0,44.8,49.4
s2b-r05,2,B,s2b-r05-442,512,512,168,6,128,0,7,7,116.0,44.8,49.4
s2b-r05,2,B,s2b-r05-443,512,512,64,6,128,0,7,7,17.0,44.8,49.4
s2b-r05,2,B,s2b-r05-444,512,512,96,6,64,0,6,6,58.0,44.8,49.4
s2b-r05,2,B,s2b-r05-445,512,512,100,6,64,0,6,6,58.0,44.8,49.4
s2b-r05,2,B,s2b-r05-446,512,512,104,6,64,0,6,6,49.0,44.8,49.4
s2b-r05,2,B,s2b-r05-447,512,512,105,6,64,0,6,6,49.0,44.8,49.4
s2b-r05,2,B,s2b-r05-448,512,512,104,6,64,0,6,6,128.0,44.8,49.4
s2b-r05,2,B,s2b-r05-449,512,512,104,6,64,0,6,6,49.0,44.8,49.4
s2b-r05,2,B,s2b-r05-450,512,512,100,6,64,0,6,6,155.0,44.8,49.4
s2b-r05,2,B,s2b-r05-451,512,512,100,6,64,0,6,6,32.0,44.8,49.4
s2b-r05,2,B,s2b-r05-452,512,512,100,6,64,0,6,6,60.0,44.8,49.4
s2b-r05,2,B,s2b-r05-453,512,512,100,6,64,0,6,6,48.0,44.8,49.4
s2b-r05,2,B,s2b-r05-454,512,512,64,6,64,0,6,6,193.0,44.8,49.4
s2b-r05,2,B,s2b-r05-455,512,512,106,6,64,0,6,6,54.0,44.8,49.4
s2b-r05,2,B,s2b-r05-456,512,512,99,6,64,0,6,6,48.0,44.8,49.4
s2b-r05,2,B,s2b-r05-457,512,512,38,6,64,0,6,6,165.0,44.8,49.4
s2b-r05,2,B,s2b-r05-458,512,512,103,6,64,0,6,6,56.0,44.8,49.4
s2b-r05,2,B,s2b-r05-459,512,512,101,6,64,0,6,6,169.0,44.8,49.4
s2b-r05,2,B,s2b-r05-460,512,512,106,6,64,0,6,6,49.0,44.8,49.4
s2b-r05,2,B,s2b-r05-461,512,512,99,6,64,0,6,6,147.0,44.8,49.4
s2b-r05,2,B,s2b-r05-462,512,512,106,6,64,0,6,6,48.0,44.8,49.4
s2b-r05,2,B,s2b-r05-463,512,512,99,6,64,0,6,6,140.0,44.8,49.4
s2b-r05,2,B,s2b-r05-464,512,512,101,6,64,0,6,6,50.0,44.8,49.4
s2b-r05,2,B,s2b-r05-465,512,512,99,6,64,0,6,6,59.0,44.8,49.4
s2b-r05,2,B,s2b-r05-466,512,512,101,6,64,0,6,6,48.0,44.8,49.4
s2b-r05,2,B,s2b-r05-467,512,512,101,6,64,0,6,6,165.0,44.8,49.4
s2b-r05,2,B,s2b-r05-468,512,512,105,6,64,0,6,6,59.0,44.8,49.4
s2b-r05,2,B,s2b-r05-469,512,512,101,6,64,0,6,6,108.0,44.8,49.4
s2b-r05,2,B,s2b-r05-470,512,512,55,6,64,0,6,6,52.0,44.8,49.4
s2b-r05,2,B,s2b-r05-471,512,512,101,6,64,0,6,6,54.0,44.8,49.4
s2b-r05,2,B,s2b-r05-472,512,512,79,6,64,0,6,6,148.0,44.8,49.4
s2b-r05,2,B,s2b-r05-473,512,512,102,6,64,0,6,6,50.0,44.8,49.4
s2b-r05,2,B,s2b-r05-474,512,512,102,6,64,0,6,6,123.0,44.8,49.4
s2b-r05,2,B,s2b-r05-475,512,512,102,6,64,0,6,6,48.0,44.8,49.4
s2b-r05,2,B,s2b-r05-476,512,512,102,6,64,0,6,6,235.0,44.8,49.4
s2b-r05,2,B,s2b-r05-477,512,512,105,6,64,0,6,6,54.0,44.8,49.4
s2b-r05,2,B,s2b-r05-478,512,512,105,6,64,0,6,6,210.0,44.8,49.4
s2b-r05,2,B,s2b-r05-479,512,512,106,6,64,0,6,6,49.0,44.8,49.4
s2b-r05,2,B,s2b-r05-480,512,512,105,6,64,0,6,6,139.0,44.8,49.4
s2b-r05,2,B,s2b-r05-481,512,512,103,6,64,0,6,6,57.0,44.8,49.4
s2b-r05,2,B,s2b-r05-482,512,512,103,6,128,0,7,7,211.0,44.8,49.4
s2b-r05,2,B,s2b-r05-483,512,512,103,6,128,0,7,7,49.0,44.8,49.4
s2b-r05,2,B,s2b-r05-484,512,512,103,6,128,0,7,7,71.0,44.8,49.4
s2b-r05,2,B,s2b-r05-485,512,512,76,6,128,0,7,7,53.0,44.8,49.4
s2b-r05,2,B,s2b-r05-486,512,512,99,6,128,0,7,7,48.0,44.8,49.4
s2b-r05,2,B,s2b-r05-487,512,512,75,6,128,0,7,7,152.0,44.8,49.4
s2b-r05,2,B,s2b-r05-488,512,512,103,6,128,0,7,7,48.0,44.8,49.4
s2b-r05,2,B,s2b-r05-489,512,512,103,6,128,0,7,7,125.0,44.8,49.4
s2b-r05,2,B,s2b-r05-490,512,512,103,6,128,0,7,7,48.0,44.8,49.4
s2b-r05,2,B,s2b-r05-491,512,512,83,6,128,0,7,7,153.0,44.8,49.4
s2b-r05,2,B,s2b-r05-492,512,512,104,6,128,0,7,7,48.0,44.8,49.4
s2b-r05,2,B,s2b-r05-493,512,512,87,6,128,0,7,7,203.0,44.8,49.4
s2b-r05,2,B,s2b-r05-494,512,512,117,6,128,0,7,7,59.0,44.8,49.4
s2b-r05,2,B,s2b-r05-495,512,512,93,6,128,0,7,7,122.0,44.8,49.4
s2b-r05,2,B,s2b-r05-496,512,512,103,6,128,0,7,7,49.0,44.8,49.4
s2b-r05,2,B,s2b-r05-497,512,512,84,6,128,0,7,7,162.0,44.8,49.4
s2b-r05,2,B,s2b-r05-498,512,512,106,6,128,0,7,7,49.0,44.8,49.4
s2b-r05,2,B,s2b-r05-499,512,512,106,6,128,0,7,7,148.0,44.8,49.4
s2b-r05,2,B,s2b-r05-500,512,512,108,6,128,0,7,7,49.0,44.8,49.4
s2b-r05,2,B,s2b-r05-501,512,512,88,6,128,0,7,7,141.0,44.8,49.4
s2b-r05,2,B,s2b-r05-502,512,512,101,6,128,0,7,7,48.0,44.8,49.4
s2b-r05,2,B,s2b-r05-503,512,512,88,6,128,0,7,7,141.0,44.8,49.4
s2b-r05,2,B,s2b-r05-504,512,512,101,6,128,0,7,7,54.0,44.8,49.4
s2b-r05,2,B,s2b-r05-505,512,512,98,6,128,0,7,7,175.0,44.8,49.4
s2b-r05,2,B,s2b-r05-506,512,512,98,6,128,0,7,7,48.0,44.8,49.4
s2b-r05,2,B,s2b-r05-507,512,512,99,6,128,0,7,7,209.0,44.8,49.4
s2b-r05,2,B,s2b-r05-508,512,512,106,6,128,0,7,7,52.0,44.8,49.4
s2b-r05,2,B,s2b-r05-509,512,512,101,6,128,0,7,7,48.0,44.8,49.4
s2b-r05,2,B,s2b-r05-510,512,512,101,6,128,0,7,7,214.0,44.8,49.4
s2b-r05,2,B,s2b-r05-511,512,512,111,6,128,0,7,7,51.0,44.8,49.4
s2b-r05,2,B,s2b-r05-512,512,512,93,6,128,0,7,7,159.0,44.8,49.4
s2b-r05,2,B,s2b-r05-513,512,512,103,6,128,0,7,7,51.0,44.8,49.4
s2b-r05,2,B,s2b-r05-514,512,512,100,6,128,0,7,7,80.0,44.8,49.4
s2b-r05,2,B,s2b-r05-515,512,512,101,6,128,0,7,7,48.0,44.8,49.4
s2b-r05,2,B,s2b-r05-516,512,512,98,6,128,0,7,7,185.0,44.8,49.4
s2b-r05,2,B,s2b-r05-517,512,512,94,6,128,0,7,7,56.0,44.8,49.4
s2b-r05,2,B,s2b-r05-518,512,512,101,6,128,0,7,7,265.0,44.8,49.4
s2b-r05,2,B,s2b-r05-519,512,512,110,6,128,0,7,7,51.0,44.8,49.4
s2b-r05,2,B,s2b-r05-520,512,512,99,6,128,0,7,7,160.0,44.8,49.4
s2b-r05,2,B,s2b-r05-521,512,512,103,6,128,0,7,7,52.0,44.8,49.4
s2b-r05,2,B,s2b-r05-522,512,512,103,6,128,0,7,7,158.0,44.8,49.4
s2b-r05,2,B,s2b-r05-523,512,512,103,6,128,0,7,7,55.0,44.8,49.4
s2b-r05,2,B,s2b-r05-524,512,512,103,6,128,0,7,7,147.0,44.8,49.4
s2b-r05,2,B,s2b-r05-525,512,512,103,6,128,0,7,7,48.0,44.8,49.4
s2b-r05,2,B,s2b-r05-526,512,512,99,0,2,0,7,7,153.0,44.8,49.4
s2b-r05,2,B,s2b-r05-527,512,512,108,6,128,0,7,7,47.0,44.8,49.4
s2b-r05,2,B,s2b-r05-528,512,512,100,6,128,0,7,7,127.0,44.8,49.4
s2b-r05,2,B,s2b-r05-529,512,512,101,6,128,0,7,7,49.0,44.8,49.4
s2b-r05,2,B,s2b-r05-530,512,512,101,6,128,0,7,7,160.0,44.8,49.4
s2b-r05,2,B,s2b-r05-531,512,512,104,6,128,0,7,7,54.0,44.8,49.4
s2b-r05,2,B,s2b-r05-532,512,512,101,6,128,0,7,7,174.0,44.8,49.4
s2b-r05,2,B,s2b-r05-533,512,512,104,6,128,0,7,7,54.0,44.8,49.4
s2b-r05,2,B,s2b-r05-534,512,512,104,6,128,0,7,7,48.0,44.8,49.4
s2b-r05,2,B,s2b-r05-535,512,512,104,6,128,0,7,7,173.0,44.8,49.4
s2b-r05,2,B,s2b-r05-536,512,512,106,6,128,0,7,7,55.0,44.8,49.4
s2b-r05,2,B,s2b-r05-537,512,512,98,6,128,0,7,7,167.0,44.8,49.4
s2b-r05,2,B,s2b-r05-538,512,512,120,6,128,0,7,7,49.0,44.8,49.4
s2b-r05,2,B,s2b-r05-539,512,512,98,6,128,0,7,7,275.0,44.8,49.4
s2b-r05,2,B,s2b-r05-540,512,512,109,6,128,0,7,7,49.0,44.8,49.4
s2b-r05,2,B,s2b-r05-541,512,512,99,6,128,0,7,7,183.0,44.8,49.4
s2b-r05,2,B,s2b-r05-542,512,512,104,6,128,0,7,7,70.0,44.8,49.4
s2b-r05,2,B,s2b-r05-543,512,512,99,6,128,0,7,7,179.0,44.8,49.4
s2b-r05,2,B,s2b-r05-544,512,512,105,6,128,0,7,7,55.0,44.8,49.4
s2b-r05,2,B,s2b-r05-545,512,512,99,6,128,0,7,7,204.0,44.8,49.4
s2b-r05,2,B,s2b-r05-546,512,512,106,6,128,0,7,7,58.0,44.8,49.4
s2b-r05,2,B,s2b-r05-547,512,512,99,6,128,0,7,7,154.0,44.8,49.4
s2b-r05,2,B,s2b-r05-548,512,512,102,6,128,0,7,7,52.0,44.8,49.4
s2b-r05,2,B,s2b-r05-549,512,512,97,6,128,0,7,7,169.0,44.8,49.4
s2b-r05,2,B,s2b-r05-550,512,512,97,6,128,0,7,7,54.0,44.8,49.4
s2b-r05,2,B,s2b-r05-551,512,512,100,6,128,0,7,7,54.0,44.8,49.4
s2b-r05,2,B,s2b-r05-552,512,512,79,6,128,0,7,7,50.0,44.8,49.4
s2b-r05,2,B,s2b-r05-553,512,512,97,0,4,0,2,2,114.0,44.8,49.4
s2b-r05,2,B,s2b-r05-554,512,512,152,0,4,0,2,2,62.0,44.8,49.4
s2b-r05,2,B,s2b-r05-555,512,512,153,6,128,0,7,7,170.0,44.8,49.4
s2b-r05,2,B,s2b-r05-556,512,512,111,6,128,0,7,7,49.0,44.8,49.4
s2b-r05,2,B,s2b-r05-557,512,512,97,0,16,0,4,4,225.0,44.8,49.4
s2b-r05,2,B,s2b-r05-558,512,512,157,6,64,0,6,6,163.0,44.8,49.4
s2b-r05,2,B,s2b-r05-559,512,512,111,6,64,0,6,6,17.0,44.8,49.4
s2b-r05,2,B,s2b-r05-560,512,512,97,6,64,0,6,6,22.0,44.8,49.4
s2b-r05,2,B,s2b-r05-561,512,512,96,6,64,0,6,6,53.0,44.8,49.4
s2b-r05,2,B,s2b-r05-562,512,512,101,6,64,0,6,6,143.0,44.8,49.4
s2b-r05,2,B,s2b-r05-563,512,512,100,6,64,0,6,6,54.0,44.8,49.4
s2b-r05,2,B,s2b-r05-564,512,512,99,6,64,0,6,6,148.0,44.8,49.4
s2b-r05,2,B,s2b-r05-565,512,512,103,6,64,0,6,6,48.0,44.8,49.4
s2b-r05,2,B,s2b-r05-566,512,512,103,6,64,0,6,6,100.0,44.8,49.4
s2b-r05,2,B,s2b-r05-567,512,512,103,6,64,0,6,6,54.0,44.8,49.4
s2b-r05,2,B,s2b-r05-568,512,512,103,6,64,0,6,6,173.0,44.8,49.4
s2b-r05,2,B,s2b-r05-569,512,512,104,6,64,0,6,6,53.0,44.8,49.4
s2b-r05,2,B,s2b-r05-570,512,512,104,6,64,0,6,6,200.0,44.8,49.4
s2b-r05,2,B,s2b-r05-571,512,512,107,6,64,0,6,6,48.0,44.8,49.4
s2b-r05,2,B,s2b-r05-572,512,512,104,6,64,0,6,6,178.0,44.8,49.4
s2b-r05,2,B,s2b-r05-573,512,512,102,6,64,0,6,6,50.0,44.8,49.4
s2b-r05,2,B,s2b-r05-574,512,512,99,6,64,0,6,6,159.0,44.8,49.4
s2b-r05,2,B,s2b-r05-575,512,512,102,6,64,0,6,6,47.0,44.8,49.4
s2b-r05,2,B,s2b-r05-576,512,512,98,6,64,0,6,6,123.0,44.8,49.4
s2b-r05,2,B,s2b-r05-577,512,512,102,6,64,0,6,6,48.0,44.8,49.4
s2b-r05,2,B,s2b-r05-578,512,512,102,6,64,0,6,6,146.0,44.8,49.4
s2b-r05,2,B,s2b-r05-579,512,512,102,6,64,0,6,6,51.0,44.8,49.4
s2b-r05,2,B,s2b-r05-580,512,512,102,6,64,0,6,6,252.0,44.8,49.4
s2b-r05,2,B,s2b-r05-581,512,512,113,6,64,0,6,6,56.0,44.8,49.4
s2b-r05,2,B,s2b-r05-582,512,512,113,6,64,0,6,6,53.0,44.8,49.4
s2b-r05,2,B,s2b-r05-583,512,512,113,6,64,0,6,6,172.0,44.8,49.4
s2b-r05,2,B,s2b-r05-584,512,512,113,6,64,0,6,6,53.0,44.8,49.4
s2b-r05,2,B,s2b-r05-585,512,512,90,6,64,0,6,6,145.0,44.8,49.4
s2b-r05,2,B,s2b-r05-586,512,512,105,6,64,0,6,6,52.0,44.8,49.4
s2b-r05,2,B,s2b-r05-587,512,512,88,6,64,0,6,6,144.0,44.8,49.4
s2b-r05,2,B,s2b-r05-588,512,512,107,6,64,0,6,6,48.0,44.8,49.4
s2b-r05,2,B,s2b-r05-589,512,512,107,6,64,0,6,6,211.0,44.8,49.4
s2b-r05,2,B,s2b-r05-590,512,512,107,6,64,0,6,6,51.0,44.8,49.4
s2b-r05,2,B,s2b-r05-591,512,512,107,6,64,0,6,6,321.0,44.8,49.4
s2b-r06,2,A,s2b-r06-0,0,0,0,0,1,0,5,0,40.0,43.2,43.2
s2b-r06,2,A,s2b-r06-1,0,0,181,0,32,0,5,5,15.0,43.2,43.2
s2b-r06,2,A,s2b-r06-2,0,0,58,0,32,0,5,5,22.0,43.2,43.2
s2b-r06,2,A,s2b-r06-3,0,0,181,0,32,0,5,5,57.0,43.2,43.2
s2b-r06,2,A,s2b-r06-4,0,0,35,0,1,0,0,0,31.0,43.2,43.2
s2b-r06,2,A,s2b-r06-5,0,0,154,0,1,0,0,0,75.0,43.2,43.2
s2b-r06,2,A,s2b-r06-6,0,0,80,0,4,0,2,2,105.0,43.2,43.2
s2b-r06,2,A,s2b-r06-7,0,0,80,0,4,0,2,2,103.0,43.2,43.2
s2b-r06,2,A,s2b-r06-8,0,0,80,0,2,0,0,1,310.0,43.2,43.2
s2b-r06,2,A,s2b-r06-9,0,0,125,0,2,0,1,1,59.0,43.2,43.2
s2b-r06,2,A,s2b-r06-10,0,0,88,0,1,0,0,0,39.0,43.2,43.2
s2b-r06,2,A,s2b-r06-11,0,0,165,0,1,0,0,0,21.0,43.2,43.2
s2b-r06,2,A,s2b-r06-12,0,0,154,0,16,0,4,4,34.0,43.2,43.2
s2b-r06,2,A,s2b-r06-13,0,0,123,0,1,0,0,0,95.0,43.2,43.2
s2b-r06,2,A,s2b-r06-14,0,0,162,0,1,0,0,0,66.0,43.2,43.2
s2b-r06,2,A,s2b-r06-15,0,0,154,0,1,0,0,0,27.0,43.2,43.2
s2b-r06,2,A,s2b-r06-16,0,0,84,0,16,0,4,4,54.0,43.2,43.2
s2b-r06,2,A,s2b-r06-17,0,0,93,0,2,0,1,1,54.0,43.2,43.2
s2b-r06,2,A,s2b-r06-18,0,0,93,0,2,0,1,1,68.0,43.2,43.2
s2b-r06,2,A,s2b-r06-19,0,0,93,0,2,0,1,1,58.0,43.2,43.2
s2b-r06,2,A,s2b-r06-20,0,0,122,0,2,0,1,1,17.0,43.2,43.2
s2b-r06,2,A,s2b-r06-21,0,0,140,0,2,0,1,1,18.0,43.2,43.2
s2b-r06,2,A,s2b-r06-22,0,0,153,0,2,0,1,1,68.0,43.2,43.2
s2b-r06,2,A,s2b-r06-23,0,0,34,0,2,0,1,1,55.0,43.2,43.2
s2b-r06,2,A,s2b-r06-24,0,0,88,0,2,0,1,1,49.0,43.2,43.2
s2b-r06,2,A,s2b-r06-25,0,0,104,0,32,0,5,5,50.0,43.2,43.2
s2b-r06,2,A,s2b-r06-26,0,0,149,0,32,0,5,5,112.0,43.2,43.2
s2b-r06,2,A,s2b-r06-27,0,0,95,0,2,0,1,1,80.0,43.2,43.2
s2b-r06,2,A,s2b-r06-28,0,0,104,0,2,0,1,1,42.0,43.2,43.2
s2b-r06,2,A,s2b-r06-29,0,0,149,0,2,0,1,1,26.0,43.2,43.2
s2b-r06,2,A,s2b-r06-30,0,0,150,0,1,0,0,0,16.0,43.2,43.2
s2b-r06,2,A,s2b-r06-31,0,0,89,0,2,0,0,0,766.0,43.2,43.2
s2b-r06,2,A,s2b-r06-32,0,0,186,0,1,0,0,0,21.0,43.2,43.2
s2b-r06,2,A,s2b-r06-33,0,0,159,0,32,0,5,5,43.0,43.2,43.2
s2b-r06,2,A,s2b-r06-34,0,0,84,0,16,0,4,4,76.0,43.2,43.2
s2b-r06,2,A,s2b-r06-35,0,0,89,0,16,0,4,4,106.0,43.2,43.2
s2b-r06,2,A,s2b-r06-36,0,0,32,0,16,0,4,4,31.0,43.2,43.2
s2b-r06,2,A,s2b-r06-37,0,0,151,0,16,0,4,4,104.0,43.2,43.2
s2b-r06,2,A,s2b-r06-38,0,0,54,0,16,0,4,4,82.0,43.2,43.2
s2b-r06,2,A,s2b-r06-39,0,0,113,0,16,0,4,4,66.0,43.2,43.2
s2b-r06,2,A,s2b-r06-40,0,0,54,0,2,0,1,1,41.0,43.2,43.2
s2b-r06,2,A,s2b-r06-41,0,0,156,0,2,0,1,1,18.0,43.2,43.2
s2b-r06,2,A,s2b-r06-42,0,0,156,0,2,0,1,1,41.0,43.2,43.2
s2b-r06,2,A,s2b-r06-43,0,0,121,0,16,0,4,4,49.0,43.2,43.2
s2b-r06,2,A,s2b-r06-44,0,0,57,0,2,0,1,1,76.0,43.2,43.2
s2b-r06,2,A,s2b-r06-45,0,0,73,0,32,0,5,5,109.0,43.2,43.2
s2b-r06,2,A,s2b-r06-46,0,0,130,0,2,0,1,1,252.0,43.2,43.2
s2b-r06,2,A,s2b-r06-47,0,0,152,0,2,0,1,1,17.0,43.2,43.2
s2b-r06,2,A,s2b-r06-48,0,0,152,0,2,0,1,1,102.0,43.2,43.2
s2b-r06,2,A,s2b-r06-49,0,0,95,0,1,0,0,0,52.0,43.2,43.2
s2b-r06,2,A,s2b-r06-50,0,0,83,0,32,0,5,5,45.0,43.2,43.2
s2b-r06,2,A,s2b-r06-51,0,0,83,0,1,0,0,0,20.0,43.2,43.2
s2b-r06,2,A,s2b-r06-52,0,0,157,0,16,0,4,4,27.0,43.2,43.2
s2b-r06,2,A,s2b-r06-53,0,0,157,0,16,0,4,4,32.0,43.2,43.2
s2b-r06,2,A,s2b-r06-54,0,0,123,0,2,0,1,1,85.0,43.2,43.2
s2b-r06,2,A,s2b-r06-55,0,0,31,0,2,0,1,1,77.0,43.2,43.2
s2b-r06,2,A,s2b-r06-56,0,0,63,0,32,0,5,5,105.0,43.2,43.2
s2b-r06,2,A,s2b-r06-57,0,0,120,0,32,0,5,5,105.0,43.2,43.2
s2b-r06,2,A,s2b-r06-58,0,0,82,0,2,0,1,1,32.0,43.2,43.2
s2b-r06,2,A,s2b-r06-59,0,0,145,0,32,0,5,5,36.0,43.2,43.2
s2b-r06,2,A,s2b-r06-60,0,0,145,0,32,0,5,5,28.0,43.2,43.2
s2b-r06,2,A,s2b-r06-61,0,0,150,0,32,0,5,5,49.0,43.2,43.2
s2b-r06,2,A,s2b-r06-62,0,0,78,0,32,0,5,5,17.0,43.2,43.2
s2b-r06,2,A,s2b-r06-63,0,0,153,0,16,0,4,4,21.0,43.2,43.2
s2b-r06,2,A,s2b-r06-64,0,0,153,0,16,0,4,4,26.0,43.2,43.2
s2b-r06,2,A,s2b-r06-65,0,0,22,0,16,0,4,4,105.0,43.2,43.2
s2b-r06,2,A,s2b-r06-66,0,0,71,0,16,0,4,4,44.0,43.2,43.2
s2b-r06,2,A,s2b-r06-67,0,0,162,0,32,0,5,5,52.0,43.2,43.2
s2b-r06,2,A,s2b-r06-68,0,0,149,0,32,0,5,5,63.0,43.2,43.2
s2b-r06,2,A,s2b-r06-69,0,0,118,0,32,0,5,5,76.0,43.2,43.2
s2b-r06,2,A,s2b-r06-70,0,0,118,0,1,0,5,5,96.0,43.2,43.2
s2b-r06,2,A,s2b-r06-71,0,0,99,0,32,0,5,5,60.0,43.2,43.2
s2b-r06,2,A,s2b-r06-72,0,0,125,0,32,0,5,5,43.0,43.2,43.2
s2b-r06,2,A,s2b-r06-73,0,0,7,0,8,0,3,3,32.0,43.2,43.2
s2b-r06,2,A,s2b-r06-74,0,0,150,0,8,0,3,3,43.0,43.2,43.2
s2b-r06,2,A,s2b-r06-75,0,0,150,0,32,0,5,5,136.0,43.2,43.2
s2b-r06,2,A,s2b-r06-76,0,0,150,0,32,0,5,5,50.0,43.2,43.2
s2b-r06,2,A,s2b-r06-77,0,0,149,0,32,0,5,5,61.0,43.2,43.2
s2b-r06,2,A,s2b-r06-78,0,0,149,0,8,0,3,3,107.0,43.2,43.2
s2b-r06,2,A,s2b-r06-79,0,0,33,0,8,0,3,3,107.0,43.2,43.2
s2b-r06,2,A,s2b-r06-80,0,0,89,0,16,0,4,4,51.0,43.2,43.2
s2b-r06,2,A,s2b-r06-81,0,0,146,0,1,0,0,0,54.0,43.2,43.2
s2b-r06,2,A,s2b-r06-82,0,0,141,0,32,0,5,5,69.0,43.2,43.2
s2b-r06,2,A,s2b-r06-83,0,0,141,0,1,0,0,0,102.0,43.2,43.2
s2b-r06,2,A,s2b-r06-84,0,0,122,0,1,0,0,0,30.0,43.2,43.2
s2b-r06,2,A,s2b-r06-85,0,0,151,0,1,0,0,0,37.0,43.2,43.2
s2b-r06,2,A,s2b-r06-86,0,0,151,0,2,0,1,1,64.0,43.2,43.2
s2b-r06,2,A,s2b-r06-87,0,0,77,0,32,0,1,5,884.0,43.2,43.2
s2b-r06,2,A,s2b-r06-88,0,0,124,0,1,0,5,1,38.0,43.2,43.2
s2b-r06,2,A,s2b-r06-89,0,0,124,0,32,0,5,5,15.0,43.2,43.2
s2b-r06,2,A,s2b-r06-90,0,0,156,0,32,0,5,5,18.0,43.2,43.2
s2b-r06,2,A,s2b-r06-91,0,0,87,0,32,0,5,5,109.0,43.2,43.2
s2b-r06,2,A,s2b-r06-92,0,0,109,0,32,0,5,5,30.0,43.2,43.2
s2b-r06,2,A,s2b-r06-93,0,0,191,0,16,0,4,4,85.0,43.2,43.2
s2b-r06,2,A,s2b-r06-94,0,0,154,0,16,0,4,4,15.0,43.2,43.2
s2b-r06,2,A,s2b-r06-95,0,0,154,0,16,0,4,4,28.0,43.2,43.2
s2b-r06,2,A,s2b-r06-96,0,0,154,0,32,0,5,5,46.0,43.2,43.2
s2b-r06,2,A,s2b-r06-97,0,0,115,0,1,0,0,0,20.0,43.2,43.2
s2b-r06,2,A,s2b-r06-98,0,0,154,0,32,0,5,5,98.0,43.2,43.2
s2b-r06,2,A,s2b-r06-99,0,0,112,0,16,0,4,4,212.0,43.2,43.2
s2b-r06,2,A,s2b-r06-100,0,0,112,0,16,0,4,4,34.0,43.2,43.2
s2b-r06,2,A,s2b-r06-101,0,0,126,0,16,0,4,4,18.0,43.2,43.2
s2b-r06,2,A,s2b-r06-102,0,0,147,0,16,0,4,4,27.0,43.2,43.2
s2b-r06,2,A,s2b-r06-103,0,0,147,0,1,0,0,0,60.0,43.2,43.2
s2b-r06,2,A,s2b-r06-104,0,0,98,0,32,0,5,5,121.0,43.2,43.2
s2b-r06,2,A,s2b-r06-105,0,0,157,0,32,0,5,1,63.0,43.2,43.2
s2b-r06,2,A,s2b-r06-106,0,0,160,0,16,0,4,4,107.0,43.2,43.2
s2b-r06,2,A,s2b-r06-107,0,0,41,0,16,0,4,4,100.0,43.2,43.2
s2b-r06,2,A,s2b-r06-108,0,0,95,0,16,0,4,0,247.0,43.2,43.2
s2b-r06,2,A,s2b-r06-109,0,0,41,0,16,0,4,4,107.0,43.2,43.2
s2b-r06,2,A,s2b-r06-110,0,0,83,0,4,0,2,2,110.0,43.2,43.2
s2b-r06,2,A,s2b-r06-111,0,0,128,0,2,0,1,1,17.0,43.2,43.2
s2b-r06,2,A,s2b-r06-112,0,0,150,0,2,0,1,1,21.0,43.2,43.2
s2b-r06,2,A,s2b-r06-113,0,0,148,0,2,0,1,1,26.0,43.2,43.2
s2b-r06,2,A,s2b-r06-114,0,0,149,0,2,0,1,1,60.0,43.2,43.2
s2b-r06,2,A,s2b-r06-115,0,0,148,0,2,0,1,1,178.0,43.2,43.2
s2b-r06,2,A,s2b-r06-116,0,0,31,0,16,0,4,4,188.0,43.2,43.2
s2b-r06,2,A,s2b-r06-117,0,0,61,0,16,0,4,4,111.0,43.2,43.2
s2b-r06,2,A,s2b-r06-118,0,0,105,0,16,0,4,4,83.0,43.2,43.2
s2b-r06,2,A,s2b-r06-119,0,0,113,0,1,0,0,0,39.0,43.2,43.2
s2b-r06,2,A,s2b-r06-120,0,0,113,0,2,0,1,1,38.0,43.2,43.2
s2b-r06,2,A,s2b-r06-121,0,0,152,0,32,0,5,5,106.0,43.2,43.2
s2b-r06,2,A,s2b-r06-122,0,0,149,0,2,0,1,1,103.0,43.2,43.2
s2b-r06,2,A,s2b-r06-123,0,0,81,0,32,0,1,5,77.0,43.2,43.2
s2b-r06,2,A,s2b-r06-124,0,0,153,0,32,0,5,5,45.0,43.2,43.2
s2b-r06,2,A,s2b-r06-125,0,0,149,0,32,0,5,5,66.0,43.2,43.2
s2b-r06,2,A,s2b-r06-126,0,0,14,0,1,0,0,0,68.0,43.2,43.2
s2b-r06,2,A,s2b-r06-127,0,0,64,0,2,0,1,1,44.0,43.2,43.2
s2b-r06,2,A,s2b-r06-128,0,0,109,0,2,0,1,1,76.0,43.2,43.2
s2b-r06,2,A,s2b-r06-129,0,0,109,0,16,0,4,4,67.0,43.2,43.2
s2b-r06,2,A,s2b-r06-130,0,0,7,0,4,0,2,2,39.0,43.2,43.2
s2b-r06,2,A,s2b-r06-131,0,0,155,0,16,0,4,4,53.0,43.2,43.2
s2b-r06,2,A,s2b-r06-132,0,0,155,0,16,0,4,4,34.0,43.2,43.2
s2b-r06,2,A,s2b-r06-133,0,0,86,0,16,0,4,3,76.0,43.2,43.2
s2b-r06,2,A,s2b-r06-134,0,0,61,0,2,0,1,1,43.0,43.2,43.2
s2b-r06,2,A,s2b-r06-135,0,0,20,0,1,0,5,1,96.0,43.2,43.2
s2b-r06,2,A,s2b-r06-136,0,0,69,0,16,0,4,4,107.0,43.2,43.2
s2b-r06,2,A,s2b-r06-137,0,0,100,0,16,0,4,4,60.0,43.2,43.2
s2b-r06,2,A,s2b-r06-138,0,0,23,0,32,0,5,5,50.0,43.2,43.2
s2b-r06,2,A,s2b-r06-139,0,0,23,0,32,0,5,5,39.0,43.2,43.2
s2b-r06,2,A,s2b-r06-140,0,0,149,0,32,0,5,5,107.0,43.2,43.2
s2b-r06,2,A,s2b-r06-141,0,0,111,0,32,0,5,4,191.0,43.2,43.2
s2b-r06,2,A,s2b-r06-142,0,0,154,0,32,0,5,5,22.0,43.2,43.2
s2b-r06,2,A,s2b-r06-143,0,0,150,0,2,0,1,1,56.0,43.2,43.2
s2b-r06,2,A,s2b-r06-144,0,0,90,0,2,0,1,1,59.0,43.2,43.2
s2b-r06,2,A,s2b-r06-145,0,0,65,0,2,0,1,1,66.0,43.2,43.2
s2b-r06,2,A,s2b-r06-146,0,0,118,0,32,0,5,5,77.0,43.2,43.2
s2b-r06,2,A,s2b-r06-147,0,0,147,0,16,0,4,4,61.0,43.2,43.2
s2b-r06,2,A,s2b-r06-148,0,0,143,0,2,0,1,1,64.0,43.2,43.2
s2b-r06,2,A,s2b-r06-149,0,0,16,0,2,0,1,1,51.0,43.2,43.2
s2b-r06,2,A,s2b-r06-150,0,0,18,0,1,0,0,0,52.0,43.2,43.2
s2b-r06,2,A,s2b-r06-151,0,0,72,0,32,0,5,5,208.0,43.2,43.2
s2b-r06,2,A,s2b-r06-152,0,0,30,0,1,0,0,0,155.0,43.2,43.2
s2b-r06,2,A,s2b-r06-153,0,0,47,0,2,0,1,1,78.0,43.2,43.2
s2b-r06,2,A,s2b-r06-154,0,0,63,0,8,0,3,3,82.0,43.2,43.2
s2b-r06,2,A,s2b-r06-155,0,0,92,0,32,0,0,0,111.0,43.2,43.2
s2b-r06,2,A,s2b-r06-156,0,0,159,0,2,0,1,1,41.0,43.2,43.2
s2b-r06,2,A,s2b-r06-157,0,0,159,0,32,0,5,5,185.0,43.2,43.2
s2b-r06,2,A,s2b-r06-158,0,0,159,0,2,0,1,1,104.0,43.2,43.2
s2b-r06,2,A,s2b-r06-159,0,0,109,0,2,0,1,1,117.0,43.2,43.2
s2b-r06,2,A,s2b-r06-160,0,0,109,0,32,0,5,5,167.0,43.2,43.2
s2b-r06,2,A,s2b-r06-161,0,0,32,0,1,0,0,0,62.0,43.2,43.2
s2b-r06,2,A,s2b-r06-162,0,0,90,0,16,0,4,4,110.0,43.2,43.2
s2b-r06,2,A,s2b-r06-163,0,0,84,0,8,0,4,5,198.0,43.2,43.2
s2b-r06,2,A,s2b-r06-164,0,0,84,0,32,0,5,5,54.0,43.2,43.2
s2b-r06,2,A,s2b-r06-165,0,0,84,0,32,0,5,5,65.0,43.2,43.2
s2b-r06,2,A,s2b-r06-166,0,0,5,0,32,0,5,5,105.0,43.2,43.2
s2b-r06,2,A,s2b-r06-167,0,0,61,0,32,0,5,5,61.0,43.2,43.2
s2b-r06,2,A,s2b-r06-168,0,0,100,0,2,0,1,1,190.0,43.2,43.2
s2b-r06,2,A,s2b-r06-169,0,0,125,0,2,0,1,1,109.0,43.2,43.2
s2b-r06,2,A,s2b-r06-170,0,0,100,0,2,0,1,1,42.0,43.2,43.2
s2b-r06,2,A,s2b-r06-171,0,0,99,0,2,0,1,1,40.0,43.2,43.2
s2b-r06,2,A,s2b-r06-172,0,0,99,0,2,0,1,1,33.0,43.2,43.2
s2b-r06,2,A,s2b-r06-173,0,0,41,0,2,0,1,1,35.0,43.2,43.2
s2b-r06,2,A,s2b-r06-174,0,0,41,0,2,0,1,1,16.0,43.2,43.2
s2b-r06,2,A,s2b-r06-175,0,0,149,0,1,0,0,0,29.0,43.2,43.2
s2b-r06,2,A,s2b-r06-176,0,0,90,0,1,0,0,0,38.0,43.2,43.2
s2b-r06,2,A,s2b-r06-177,0,0,90,0,32,0,5,5,104.0,43.2,43.2
s2b-r06,2,A,s2b-r06-178,0,0,90,0,32,0,5,5,113.0,43.2,43.2
s2b-r06,2,A,s2b-r06-179,0,0,25,0,1,0,5,1,165.0,43.2,43.2
s2b-r06,2,A,s2b-r06-180,0,0,79,0,2,0,1,1,104.0,43.2,43.2
s2b-r06,2,A,s2b-r06-181,0,0,12,0,16,0,4,4,27.0,43.2,43.2
s2b-r06,2,A,s2b-r06-182,0,0,188,0,16,0,4,4,134.0,43.2,43.2
s2b-r06,2,A,s2b-r06-183,0,0,26,0,16,0,4,4,21.0,43.2,43.2
s2b-r06,2,A,s2b-r06-184,0,0,155,0,16,0,4,4,28.0,43.2,43.2
s2b-r06,2,A,s2b-r06-185,0,0,116,0,32,0,5,5,22.0,43.2,43.2
s2b-r06,2,A,s2b-r06-186,0,0,155,0,32,0,5,5,35.0,43.2,43.2
s2b-r06,2,A,s2b-r06-187,0,0,127,0,32,0,5,5,21.0,43.2,43.2
s2b-r06,2,A,s2b-r06-188,0,0,151,0,32,0,5,5,57.0,43.2,43.2
s2b-r06,2,A,s2b-r06-189,0,0,61,0,32,0,5,5,113.0,43.2,43.2
s2b-r06,2,A,s2b-r06-190,0,0,117,0,32,0,5,5,19.0,43.2,43.2
s2b-r06,2,A,s2b-r06-191,0,0,155,0,32,0,5,5,32.0,43.2,43.2
s2b-r06,2,A,s2b-r06-192,0,0,34,0,32,0,5,5,67.0,43.2,43.2
s2b-r06,2,A,s2b-r06-193,0,0,148,0,32,0,5,5,34.0,43.2,43.2
s2b-r06,2,A,s2b-r06-194,0,0,148,0,32,0,5,5,61.0,43.2,43.2
s2b-r06,2,A,s2b-r06-195,0,0,10,0,32,0,5,5,111.0,43.2,43.2
s2b-r06,2,A,s2b-r06-196,0,0,80,0,32,0,5,5,224.0,43.2,43.2
s2b-r06,2,A,s2b-r06-197,0,0,12,0,32,0,5,5,79.0,43.2,43.2
s2b-r06,2,A,s2b-r06-198,0,0,38,0,32,0,5,5,80.0,43.2,43.2
s2b-r06,2,A,s2b-r06-199,0,0,66,0,32,0,5,5,24.0,43.2,43.2
s2b-r06,2,A,s2b-r06-200,0,0,154,0,2,0,1,1,17.0,43.2,43.2
s2b-r06,2,A,s2b-r06-201,0,0,157,0,2,0,1,1,17.0,43.2,43.2
s2b-r06,2,A,s2b-r06-202,0,0,154,0,2,0,1,1,17.0,43.2,43.2
s2b-r06,2,A,s2b-r06-203,0,0,154,0,2,0,1,1,49.0,43.2,43.2
s2b-r06,2,A,s2b-r06-204,0,0,95,0,16,0,4,4,117.0,43.2,43.2
s2b-r06,2,A,s2b-r06-205,0,0,95,0,2,0,1,1,58.0,43.2,43.2
s2b-r06,2,A,s2b-r06-206,0,0,95,0,32,0,5,5,103.0,43.2,43.2
s2b-r06,2,A,s2b-r06-207,0,0,79,0,2,0,1,1,82.0,43.2,43.2
s2b-r06,2,A,s2b-r06-208,0,0,79,0,2,0,1,1,41.0,43.2,43.2
s2b-r06,2,A,s2b-r06-209,0,0,35,0,2,0,1,1,56.0,43.2,43.2
s2b-r06,2,A,s2b-r06-210,0,0,45,0,4,0,2,2,15.0,43.2,43.2
s2b-r06,2,A,s2b-r06-211,0,0,162,0,4,0,2,2,24.0,43.2,43.2
s2b-r06,2,A,s2b-r06-212,0,0,128,0,4,0,2,2,27.0,43.2,43.2
s2b-r06,2,A,s2b-r06-213,0,0,149,0,4,0,2,2,32.0,43.2,43.2
s2b-r06,2,A,s2b-r06-214,0,0,148,0,2,0,1,1,27.0,43.2,43.2
s2b-r06,2,A,s2b-r06-215,0,0,97,0,2,0,1,1,25.0,43.2,43.2
s2b-r06,2,A,s2b-r06-216,0,0,149,0,16,0,4,1,131.0,43.2,43.2
s2b-r06,2,A,s2b-r06-217,0,0,153,0,32,0,5,5,66.0,43.2,43.2
s2b-r06,2,A,s2b-r06-218,0,0,152,0,1,0,0,0,28.0,43.2,43.2
s2b-r06,2,A,s2b-r06-219,0,0,154,0,1,0,0,0,27.0,43.2,43.2
s2b-r06,2,A,s2b-r06-220,0,0,109,0,2,0,1,1,54.0,43.2,43.2
s2b-r06,2,A,s2b-r06-221,0,0,109,0,32,0,5,5,42.0,43.2,43.2
s2b-r06,2,A,s2b-r06-222,0,0,148,0,32,0,5,5,42.0,43.2,43.2
s2b-r06,2,A,s2b-r06-223,0,0,150,0,32,0,5,5,29.0,43.2,43.2
s2b-r06,2,A,s2b-r06-224,0,0,150,0,1,0,0,0,29.0,43.2,43.2
s2b-r06,2,A,s2b-r06-225,0,0,37,0,32,0,5,5,27.0,43.2,43.2
s2b-r06,2,A,s2b-r06-226,0,0,146,0,32,0,5,5,77.0,43.2,43.2
s2b-r06,2,A,s2b-r06-227,0,0,14,0,32,0,5,5,64.0,43.2,43.2
s2b-r06,2,A,s2b-r06-228,0,0,65,0,16,0,4,4,53.0,43.2,43.2
s2b-r06,2,A,s2b-r06-229,0,0,95,0,32,0,5,5,37.0,43.2,43.2
s2b-r06,2,A,s2b-r06-230,0,0,95,0,32,0,5,5,101.0,43.2,43.2
s2b-r06,2,A,s2b-r06-231,0,0,81,0,32,0,5,5,66.0,43.2,43.2
s2b-r06,2,A,s2b-r06-232,0,0,81,0,32,0,5,5,30.0,43.2,43.2
s2b-r06,2,A,s2b-r06-233,0,0,148,0,32,0,5,5,47.0,43.2,43.2
s2b-r06,2,A,s2b-r06-234,0,0,149,0,32,0,5,5,38.0,43.2,43.2
s2b-r06,2,A,s2b-r06-235,0,0,119,0,32,0,5,5,46.0,43.2,43.2
s2b-r06,2,A,s2b-r06-236,0,0,30,0,32,0,5,5,46.0,43.2,43.2
s2b-r06,2,A,s2b-r06-237,0,0,151,0,32,0,5,5,45.0,43.2,43.2
s2b-r06,2,A,s2b-r06-238,0,0,151,0,32,0,5,5,39.0,43.2,43.2
s2b-r06,2,A,s2b-r06-239,0,0,104,0,1,0,0,0,70.0,43.2,43.2
s2b-r06,2,A,s2b-r06-240,0,0,54,0,16,0,4,4,109.0,43.2,43.2
s2b-r06,2,A,s2b-r06-241,0,0,108,0,2,0,1,1,61.0,43.2,43.2
s2b-r06,2,A,s2b-r06-242,0,0,113,0,2,0,1,1,63.0,43.2,43.2
s2b-r06,2,A,s2b-r06-243,0,0,137,0,16,0,4,4,37.0,43.2,43.2
s2b-r06,2,A,s2b-r06-244,0,0,76,0,2,0,0,5,43.0,43.2,43.2
s2b-r06,2,A,s2b-r06-245,0,0,151,0,2,0,1,1,13.0,43.2,43.2
s2b-r06,2,A,s2b-r06-246,0,0,110,0,2,0,1,1,34.0,43.2,43.2
s2b-r06,2,A,s2b-r06-247,0,0,72,0,1,0,0,0,42.0,43.2,43.2
s2b-r06,2,A,s2b-r06-248,0,0,54,0,32,0,5,5,47.0,43.2,43.2
s2b-r06,2,A,s2b-r06-249,0,0,106,0,32,0,5,5,72.0,43.2,43.2
s2b-r06,2,A,s2b-r06-250,0,0,126,0,32,0,5,5,77.0,43.2,43.2
s2b-r06,2,A,s2b-r06-251,0,0,127,0,32,0,5,5,92.0,43.2,43.2
s2b-r06,2,A,s2b-r06-252,0,0,154,0,32,0,5,5,45.0,43.2,43.2
s2b-r06,2,A,s2b-r06-253,0,0,154,0,32,0,5,5,62.0,43.2,43.2
s2b-r06,2,A,s2b-r06-254,0,0,137,0,1,0,5,5,235.0,43.2,43.2
s2b-r06,2,A,s2b-r06-255,0,0,141,0,8,0,3,3,26.0,43.2,43.2
s2b-r06,2,A,s2b-r06-256,0,0,150,0,32,0,5,5,55.0,43.2,43.2
s2b-r06,2,A,s2b-r06-257,0,0,149,0,32,0,5,5,108.0,43.2,43.2
s2b-r06,2,A,s2b-r06-258,0,0,122,0,32,0,5,5,107.0,43.2,43.2
s2b-r06,2,A,s2b-r06-259,0,0,122,0,32,0,5,5,103.0,43.2,43.2
s2b-r06,2,A,s2b-r06-260,0,0,125,0,32,0,5,5,53.0,43.2,43.2
s2b-r06,2,A,s2b-r06-261,0,0,125,0,32,0,5,5,107.0,43.2,43.2
s2b-r06,2,A,s2b-r06-262,0,0,90,0,1,0,0,0,114.0,43.2,43.2
s2b-r06,2,A,s2b-r06-263,0,0,90,0,1,0,0,0,23.0,43.2,43.2
s2b-r06,2,A,s2b-r06-264,0,0,166,0,1,0,0,0,17.0,43.2,43.2
s2b-r06,2,A,s2b-r06-265,0,0,82,0,4,0,2,2,26.0,43.2,43.2
s2b-r06,2,A,s2b-r06-266,0,0,151,0,16,0,4,4,137.0,43.2,43.2
s2b-r06,2,A,s2b-r06-267,0,0,151,0,16,0,4,4,44.0,43.2,43.2
s2b-r06,2,A,s2b-r06-268,0,0,136,0,16,0,4,4,66.0,43.2,43.2
s2b-r06,2,A,s2b-r06-269,0,0,105,0,16,0,4,4,106.0,43.2,43.2
s2b-r06,2,A,s2b-r06-270,0,0,40,0,16,0,4,4,83.0,43.2,43.2
s2b-r06,2,A,s2b-r06-271,0,0,40,0,32,0,5,5,39.0,43.2,43.2
s2b-r06,2,A,s2b-r06-272,0,0,40,0,32,0,5,5,63.0,43.2,43.2
s2b-r06,2,A,s2b-r06-273,0,0,15,0,32,0,5,5,30.0,43.2,43.2
s2b-r06,2,A,s2b-r06-274,0,0,150,0,1,0,0,0,35.0,43.2,43.2
s2b-r06,2,A,s2b-r06-275,0,0,155,0,32,0,5,5,19.0,43.2,43.2
s2b-r06,2,A,s2b-r06-276,0,0,149,0,32,0,5,5,17.0,43.2,43.2
s2b-r06,2,A,s2b-r06-277,0,0,152,0,1,0,0,0,53.0,43.2,43.2
s2b-r06,2,A,s2b-r06-278,0,0,106,0,1,0,0,0,15.0,43.2,43.2
s2b-r06,2,A,s2b-r06-279,0,0,67,0,1,0,0,0,38.0,43.2,43.2
s2b-r06,2,A,s2b-r06-280,0,0,155,0,2,0,1,1,97.0,43.2,43.2
s2b-r06,2,A,s2b-r06-281,0,0,109,0,2,0,1,1,49.0,43.2,43.2
s2b-r06,2,A,s2b-r06-282,0,0,109,0,4,0,2,2,25.0,43.2,43.2
s2b-r06,2,A,s2b-r06-283,0,0,152,0,1,0,0,0,29.0,43.2,43.2
s2b-r06,2,A,s2b-r06-284,0,0,106,0,1,0,0,0,17.0,43.2,43.2
s2b-r06,2,A,s2b-r06-285,0,0,153,0,1,0,0,0,53.0,43.2,43.2
s2b-r06,2,A,s2b-r06-286,0,0,42,0,1,0,0,0,132.0,43.2,43.2
s2b-r06,2,A,s2b-r06-287,0,0,106,0,32,0,5,5,43.0,43.2,43.2
s2b-r06,2,A,s2b-r06-288,0,0,151,0,32,0,5,5,85.0,43.2,43.2
s2b-r06,2,A,s2b-r06-289,0,0,151,0,32,0,5,5,106.0,43.2,43.2
s2b-r06,2,A,s2b-r06-290,0,0,96,0,32,0,5,5,73.0,43.2,43.2
s2b-r06,2,A,s2b-r06-291,0,0,120,0,32,0,5,5,49.0,43.2,43.2
s2b-r06,2,A,s2b-r06-292,0,0,158,0,2,0,1,1,24.0,43.2,43.2
s2b-r06,2,A,s2b-r06-293,0,0,118,0,16,0,4,4,17.0,43.2,43.2
s2b-r06,2,A,s2b-r06-294,0,0,163,0,32,0,5,5,30.0,43.2,43.2
s2b-r06,2,A,s2b-r06-295,0,0,158,0,32,0,5,5,42.0,43.2,43.2
s2b-r06,2,A,s2b-r06-296,0,0,94,0,16,0,5,1,88.0,43.2,43.2
s2b-r06,2,A,s2b-r06-297,0,0,114,0,2,0,1,1,240.0,43.2,43.2
s2b-r06,2,A,s2b-r06-298,0,0,48,0,2,0,1,1,66.0,43.2,43.2
s2b-r06,2,A,s2b-r06-299,0,0,120,0,4,0,2,2,50.0,43.2,43.2
s2b-r06,2,A,s2b-r06-300,0,0,148,0,4,0,2,2,52.0,43.2,43.2
s2b-r06,2,A,s2b-r06-301,0,0,140,0,4,0,2,2,64.0,43.2,43.2
s2b-r06,2,A,s2b-r06-302,0,0,110,0,1,0,0,0,34.0,43.2,43.2
s2b-r06,2,A,s2b-r06-303,0,0,154,0,32,0,5,5,102.0,43.2,43.2
s2b-r06,2,A,s2b-r06-304,0,0,153,0,32,0,5,5,23.0,43.2,43.2
s2b-r06,2,A,s2b-r06-305,0,0,12,0,32,0,5,5,108.0,43.2,43.2
s2b-r06,2,A,s2b-r06-306,0,0,71,0,16,0,4,1,200.0,43.2,43.2
s2b-r06,2,A,s2b-r06-307,0,0,149,0,2,0,1,1,63.0,43.2,43.2
s2b-r06,2,A,s2b-r06-308,0,0,13,0,2,0,1,1,104.0,43.2,43.2
s2b-r06,2,A,s2b-r06-309,0,0,94,0,1,0,0,0,72.0,43.2,43.2
s2b-r06,2,A,s2b-r06-310,0,0,159,0,32,0,5,5,29.0,43.2,43.2
s2b-r06,2,A,s2b-r06-311,0,0,159,0,32,0,4,0,77.0,43.2,43.2
s2b-r06,2,A,s2b-r06-312,0,0,2,0,2,0,1,1,81.0,43.2,43.2
s2b-r06,2,A,s2b-r06-313,0,0,2,0,16,0,4,4,25.0,43.2,43.2
s2b-r06,2,A,s2b-r06-314,0,0,165,0,32,0,5,5,32.0,43.2,43.2
s2b-r06,2,A,s2b-r06-315,0,0,104,0,32,0,5,5,42.0,43.2,43.2
s2b-r06,2,A,s2b-r06-316,0,0,150,0,32,0,5,5,47.0,43.2,43.2
s2b-r06,2,A,s2b-r06-317,0,0,153,0,32,0,5,5,71.0,43.2,43.2
s2b-r06,2,A,s2b-r06-318,0,0,154,0,2,0,1,1,85.0,43.2,43.2
s2b-r06,2,A,s2b-r06-319,0,0,12,0,32,0,5,5,136.0,43.2,43.2
s2b-r06,2,A,s2b-r06-320,0,0,12,0,32,0,5,5,110.0,43.2,43.2
s2b-r06,2,A,s2b-r06-321,0,0,61,0,32,0,5,5,113.0,43.2,43.2
s2b-r06,2,A,s2b-r06-322,0,0,124,0,32,0,5,5,109.0,43.2,43.2
s2b-r06,2,A,s2b-r06-323,0,0,69,0,16,0,4,4,27.0,43.2,43.2
s2b-r06,2,A,s2b-r06-324,0,0,161,0,16,0,4,4,29.0,43.2,43.2
s2b-r06,2,A,s2b-r06-325,0,0,161,0,16,0,4,4,28.0,43.2,43.2
s2b-r06,2,A,s2b-r06-326,0,0,123,0,32,0,5,5,209.0,43.2,43.2
s2b-r06,2,A,s2b-r06-327,0,0,72,0,32,0,1,1,100.0,43.2,43.2
s2b-r06,2,A,s2b-r06-328,0,0,72,0,1,0,0,0,37.0,43.2,43.2
s2b-r06,2,A,s2b-r06-329,0,0,180,0,32,0,5,5,35.0,43.2,43.2
s2b-r06,2,A,s2b-r06-330,0,0,100,0,32,0,5,5,81.0,43.2,43.2
s2b-r06,2,A,s2b-r06-331,0,0,106,0,32,0,5,5,65.0,43.2,43.2
s2b-r06,2,A,s2b-r06-332,0,0,36,0,32,0,5,5,46.0,43.2,43.2
s2b-r06,2,A,s2b-r06-333,0,0,149,0,2,0,1,1,15.0,43.2,43.2
s2b-r06,2,A,s2b-r06-334,0,0,150,0,2,0,1,1,25.0,43.2,43.2
s2b-r06,2,A,s2b-r06-335,0,0,36,0,2,0,1,1,28.0,43.2,43.2
s2b-r06,2,A,s2b-r06-336,0,0,151,0,32,0,5,5,50.0,43.2,43.2
s2b-r06,2,A,s2b-r06-337,0,0,178,0,1,0,0,0,35.0,43.2,43.2
s2b-r06,2,A,s2b-r06-338,0,0,154,0,1,0,0,0,43.0,43.2,43.2
s2b-r06,2,A,s2b-r06-339,0,0,15,0,32,0,5,5,73.0,43.2,43.2
s2b-r06,2,A,s2b-r06-340,0,0,166,0,32,0,5,5,42.0,43.2,43.2
s2b-r06,2,A,s2b-r06-341,0,0,166,0,32,0,5,5,111.0,43.2,43.2
s2b-r06,2,A,s2b-r06-342,0,0,97,0,32,0,5,5,66.0,43.2,43.2
s2b-r06,2,A,s2b-r06-343,0,0,139,0,16,0,4,4,35.0,43.2,43.2
s2b-r06,2,A,s2b-r06-344,0,0,153,0,4,0,2,2,19.0,43.2,43.2
s2b-r06,2,A,s2b-r06-345,0,0,12,0,4,0,2,2,45.0,43.2,43.2
s2b-r06,2,A,s2b-r06-346,0,0,149,0,4,0,2,2,45.0,43.2,43.2
s2b-r06,2,A,s2b-r06-347,0,0,151,0,1,0,0,0,213.0,43.2,43.2
s2b-r06,2,A,s2b-r06-348,0,0,115,0,1,0,0,0,36.0,43.2,43.2
s2b-r06,2,A,s2b-r06-349,0,0,151,0,16,0,4,4,61.0,43.2,43.2
s2b-r06,2,A,s2b-r06-350,0,0,16,0,16,0,4,1,213.0,43.2,43.2
s2b-r06,2,A,s2b-r06-351,0,0,73,0,16,0,4,4,106.0,43.2,43.2
s2b-r06,2,A,s2b-r06-352,0,0,131,0,16,0,4,4,108.0,43.2,43.2
s2b-r06,2,A,s2b-r06-353,0,0,30,0,16,0,4,4,46.0,43.2,43.2
s2b-r06,2,A,s2b-r06-354,0,0,32,0,16,0,4,4,68.0,43.2,43.2
s2b-r06,2,A,s2b-r06-355,0,0,64,0,8,0,3,3,18.0,43.2,43.2
s2b-r06,2,A,s2b-r06-356,0,0,149,0,8,0,3,3,20.0,43.2,43.2
s2b-r06,2,A,s2b-r06-357,0,0,109,0,8,0,3,3,151.0,43.2,43.2
s2b-r06,2,A,s2b-r06-358,0,0,109,0,2,0,1,1,66.0,43.2,43.2
s2b-r06,2,A,s2b-r06-359,0,0,130,0,1,0,0,0,21.0,43.2,43.2
s2b-r06,2,A,s2b-r06-360,0,0,124,0,16,0,4,4,210.0,43.2,43.2
s2b-r06,2,A,s2b-r06-361,0,0,124,0,16,0,4,4,79.0,43.2,43.2
s2b-r06,2,A,s2b-r06-362,0,0,126,0,2,0,1,1,120.0,43.2,43.2
s2b-r06,2,A,s2b-r06-363,0,0,163,0,2,0,1,1,35.0,43.2,43.2
s2b-r06,2,A,s2b-r06-364,0,0,163,0,2,0,1,1,15.0,43.2,43.2
s2b-r06,2,A,s2b-r06-365,0,0,163,0,2,0,1,1,19.0,43.2,43.2
s2b-r06,2,A,s2b-r06-366,0,0,163,0,32,0,5,5,165.0,43.2,43.2
s2b-r06,2,A,s2b-r06-367,0,0,3,0,2,0,1,1,107.0,43.2,43.2
s2b-r06,2,A,s2b-r06-368,0,0,59,0,2,0,1,1,95.0,43.2,43.2
s2b-r06,2,A,s2b-r06-369,0,0,125,0,4,0,2,2,28.0,43.2,43.2
s2b-r06,2,A,s2b-r06-370,0,0,154,0,1,0,0,0,47.0,43.2,43.2
s2b-r06,2,A,s2b-r06-371,0,0,160,0,2,0,1,1,15.0,43.2,43.2
s2b-r06,2,A,s2b-r06-372,0,0,151,0,32,0,5,5,30.0,43.2,43.2
s2b-r06,2,A,s2b-r06-373,0,0,163,0,16,0,4,4,53.0,43.2,43.2
s2b-r06,2,A,s2b-r06-374,0,0,78,0,16,0,4,5,62.0,43.2,43.2
s2b-r06,2,A,s2b-r06-375,0,0,67,0,32,0,5,5,105.0,43.2,43.2
s2b-r06,2,A,s2b-r06-376,0,0,89,0,32,0,5,5,101.0,43.2,43.2
s2b-r06,2,A,s2b-r06-377,0,0,43,0,2,0,1,1,44.0,43.2,43.2
s2b-r06,2,A,s2b-r06-378,0,0,71,0,8,0,3,3,111.0,43.2,43.2
s2b-r06,2,A,s2b-r06-379,0,0,110,0,8,0,3,3,31.0,43.2,43.2
s2b-r06,2,A,s2b-r06-380,0,0,126,0,32,0,0,4,569.0,43.2,43.2
s2b-r06,2,A,s2b-r06-381,0,0,124,0,32,0,5,5,17.0,43.2,43.2
s2b-r06,2,A,s2b-r06-382,0,0,149,0,32,0,5,5,19.0,43.2,43.2
s2b-r06,2,A,s2b-r06-383,0,0,147,0,32,0,5,5,64.0,43.2,43.2
s2b-r06,2,A,s2b-r06-384,0,0,98,0,32,0,5,5,212.0,43.2,43.2
s2b-r06,2,A,s2b-r06-385,0,0,50,0,32,0,5,5,89.0,43.2,43.2
s2b-r06,2,A,s2b-r06-386,0,0,92,0,32,0,5,5,83.0,43.2,43.2
s2b-r06,2,A,s2b-r06-387,0,0,92,0,16,0,5,5,128.0,43.2,43.2
s2b-r06,2,A,s2b-r06-388,0,0,116,0,32,0,5,5,85.0,43.2,43.2
s2b-r06,2,A,s2b-r06-389,0,0,116,0,32,0,5,5,27.0,43.2,43.2
s2b-r06,2,A,s2b-r06-390,0,0,150,0,32,0,5,5,18.0,43.2,43.2
s2b-r06,2,A,s2b-r06-391,0,0,97,0,32,0,5,5,23.0,43.2,43.2
s2b-r06,2,A,s2b-r06-392,0,0,153,0,32,0,5,5,27.0,43.2,43.2
s2b-r06,2,A,s2b-r06-393,0,0,153,0,1,0,0,0,39.0,43.2,43.2
s2b-r06,2,A,s2b-r06-394,0,0,130,0,32,0,5,5,52.0,43.2,43.2
s2b-r06,2,A,s2b-r06-395,0,0,81,0,32,0,5,5,102.0,43.2,43.2
s2b-r06,2,A,s2b-r06-396,0,0,3,0,32,0,5,5,121.0,43.2,43.2
s2b-r06,2,A,s2b-r06-397,0,0,39,0,2,0,1,1,74.0,43.2,43.2
s2b-r06,2,A,s2b-r06-398,0,0,48,0,2,0,1,1,89.0,43.2,43.2
s2b-r06,2,A,s2b-r06-399,0,0,75,0,2,0,1,1,38.0,43.2,43.2
s2b-r06,2,A,s2b-r06-400,0,0,75,0,1,0,1,0,46.0,43.2,43.2
s2b-r06,2,A,s2b-r06-401,0,0,35,0,2,0,1,1,76.0,43.2,43.2
s2b-r06,2,A,s2b-r06-402,0,0,150,0,1,0,0,0,44.0,43.2,43.2
s2b-r06,2,A,s2b-r06-403,0,0,155,0,32,0,5,5,24.0,43.2,43.2
s2b-r06,2,A,s2b-r06-404,0,0,88,0,16,0,4,4,78.0,43.2,43.2
s2b-r06,2,A,s2b-r06-405,0,0,123,0,2,0,1,1,121.0,43.2,43.2
s2b-r06,2,A,s2b-r06-406,0,0,145,0,16,0,4,4,108.0,43.2,43.2
s2b-r06,2,A,s2b-r06-407,0,0,108,0,4,0,2,2,68.0,43.2,43.2
s2b-r06,2,A,s2b-r06-408,0,0,108,0,1,0,0,0,42.0,43.2,43.2
s2b-r06,2,A,s2b-r06-409,0,0,14,0,32,0,5,5,231.0,43.2,43.2
s2b-r06,2,A,s2b-r06-410,0,0,63,0,32,0,5,5,103.0,43.2,43.2
s2b-r06,2,A,s2b-r06-411,0,0,129,0,32,0,5,5,26.0,43.2,43.2
s2b-r06,2,A,s2b-r06-412,0,0,148,0,32,0,5,5,27.0,43.2,43.2
s2b-r06,2,A,s2b-r06-413,0,0,102,0,32,0,5,5,28.0,43.2,43.2
s2b-r06,2,A,s2b-r06-414,0,0,149,0,32,0,5,5,107.0,43.2,43.2
s2b-r06,2,A,s2b-r06-415,0,0,50,0,32,0,5,5,83.0,43.2,43.2
s2b-r06,2,A,s2b-r06-416,0,0,96,0,16,0,4,4,81.0,43.2,43.2
s2b-r06,2,A,s2b-r06-417,0,0,122,0,16,0,4,4,69.0,43.2,43.2
s2b-r06,2,A,s2b-r06-418,0,0,147,0,32,0,5,5,98.0,43.2,43.2
s2b-r06,2,A,s2b-r06-419,0,0,10,0,32,0,5,5,84.0,43.2,43.2
s2b-r06,2,A,s2b-r06-420,0,0,54,0,32,0,5,5,93.0,43.2,43.2
s2b-r06,2,A,s2b-r06-421,0,0,97,0,16,0,4,4,65.0,43.2,43.2
s2b-r06,2,A,s2b-r06-422,0,0,154,0,32,0,5,5,18.0,43.2,43.2
s2b-r06,2,A,s2b-r06-423,0,0,159,0,1,0,0,0,39.0,43.2,43.2
s2b-r06,2,A,s2b-r06-424,0,0,83,0,32,0,5,5,53.0,43.2,43.2
s2b-r06,2,A,s2b-r06-425,0,0,72,0,1,0,5,0,594.0,43.2,43.2
s2b-r06,2,A,s2b-r06-426,0,0,114,0,32,0,5,5,18.0,43.2,43.2
s2b-r06,2,A,s2b-r06-427,0,0,120,0,2,0,1,1,75.0,43.2,43.2
s2b-r06,2,A,s2b-r06-428,0,0,114,0,2,0,1,1,103.0,43.2,43.2
s2b-r06,2,A,s2b-r06-429,0,0,27,0,16,0,4,4,77.0,43.2,43.2
s2b-r06,2,A,s2b-r06-430,0,0,38,0,16,0,4,4,78.0,43.2,43.2
s2b-r06,2,A,s2b-r06-431,0,0,85,0,16,0,4,4,89.0,43.2,43.2
s2b-r06,2,A,s2b-r06-432,0,0,112,0,1,0,0,0,31.0,43.2,43.2
s2b-r06,2,A,s2b-r06-433,0,0,159,0,32,0,5,5,107.0,43.2,43.2
s2b-r06,2,A,s2b-r06-434,0,0,151,0,32,0,5,5,30.0,43.2,43.2
s2b-r06,2,A,s2b-r06-435,0,0,90,0,1,0,0,0,29.0,43.2,43.2
s2b-r06,2,A,s2b-r06-436,0,0,153,0,1,0,0,0,41.0,43.2,43.2
s2b-r06,2,A,s2b-r06-437,0,0,15,0,32,0,5,5,75.0,43.2,43.2
s2b-r06,2,A,s2b-r06-438,0,0,70,0,2,0,1,1,47.0,43.2,43.2
s2b-r06,2,A,s2b-r06-439,0,0,59,0,32,0,5,5,64.0,43.2,43.2
s2b-r06,2,A,s2b-r06-440,0,0,86,0,32,0,5,5,103.0,43.2,43.2
s2b-r06,2,A,s2b-r06-441,0,0,124,0,32,0,5,5,45.0,43.2,43.2
s2b-r06,2,A,s2b-r06-442,0,0,150,0,32,0,5,5,139.0,43.2,43.2
s2b-r06,2,A,s2b-r06-443,0,0,149,0,32,0,5,5,42.0,43.2,43.2
s2b-r06,2,A,s2b-r06-444,0,0,149,0,32,0,5,5,27.0,43.2,43.2
s2b-r06,2,A,s2b-r06-445,0,0,149,0,32,0,5,5,51.0,43.2,43.2
s2b-r06,2,A,s2b-r06-446,0,0,58,0,32,0,5,5,103.0,43.2,43.2
s2b-r06,2,A,s2b-r06-447,0,0,100,0,32,0,5,5,101.0,43.2,43.2
s2b-r06,2,A,s2b-r06-448,0,0,58,0,32,0,5,5,78.0,43.2,43.2
s2b-r06,2,A,s2b-r06-449,0,0,89,0,2,0,1,1,34.0,43.2,43.2
s2b-r06,2,A,s2b-r06-450,0,0,89,0,32,0,5,5,227.0,43.2,43.2
s2b-r06,2,A,s2b-r06-451,0,0,87,0,2,0,5,5,105.0,43.2,43.2
s2b-r06,2,A,s2b-r06-452,0,0,148,0,32,0,5,5,18.0,43.2,43.2
s2b-r06,2,A,s2b-r06-453,0,0,150,0,2,0,1,1,30.0,43.2,43.2
s2b-r06,2,A,s2b-r06-454,0,0,154,0,2,0,1,1,19.0,43.2,43.2
s2b-r06,2,A,s2b-r06-455,0,0,152,0,1,0,1,0,735.0,43.2,43.2
s2b-r06,2,A,s2b-r06-456,0,0,118,0,8,0,3,3,30.0,43.2,43.2
s2b-r06,2,A,s2b-r06-457,0,0,118,0,8,0,3,3,76.0,43.2,43.2
s2b-r06,2,A,s2b-r06-458,0,0,78,0,8,0,3,3,109.0,43.2,43.2
s2b-r06,2,A,s2b-r06-459,0,0,78,0,1,0,0,0,287.0,43.2,43.2
s2b-r06,2,A,s2b-r06-460,0,0,119,0,2,0,1,1,26.0,43.2,43.2
s2b-r06,2,A,s2b-r06-461,0,0,151,0,32,0,5,5,15.0,43.2,43.2
s2b-r06,2,A,s2b-r06-462,0,0,119,0,32,0,5,5,26.0,43.2,43.2
s2b-r06,2,A,s2b-r06-463,0,0,149,0,16,0,4,4,242.0,43.2,43.2
s2b-r06,2,A,s2b-r06-464,0,0,109,0,32,0,5,5,90.0,43.2,43.2
s2b-r06,2,A,s2b-r06-465,0,0,109,0,32,0,5,5,107.0,43.2,43.2
s2b-r06,2,A,s2b-r06-466,0,0,16,0,32,0,5,5,82.0,43.2,43.2
s2b-r06,2,A,s2b-r06-467,0,0,75,0,8,0,3,3,65.0,43.2,43.2
s2b-r06,2,A,s2b-r06-468,0,0,103,0,8,0,3,3,28.0,43.2,43.2
s2b-r06,2,A,s2b-r06-469,0,0,48,0,1,0,0,0,27.0,43.2,43.2
s2b-r07,2,A,s2b-r07-0,0,0,6,0,16,0,4,4,30.0,42.8,48.2
s2b-r07,2,A,s2b-r07-1,0,0,151,0,32,0,5,5,40.0,42.8,48.2
s2b-r07,2,A,s2b-r07-2,0,0,89,0,2,0,1,1,105.0,42.8,48.2
s2b-r07,2,A,s2b-r07-3,0,0,125,0,2,0,1,1,65.0,42.8,48.2
s2b-r07,2,A,s2b-r07-4,0,0,125,0,16,0,4,4,79.0,42.8,48.2
s2b-r07,2,A,s2b-r07-5,0,0,116,0,16,0,4,4,69.0,42.8,48.2
s2b-r07,2,A,s2b-r07-6,0,0,116,0,16,0,4,4,47.0,42.8,48.2
s2b-r07,2,A,s2b-r07-7,0,0,152,0,16,0,4,4,21.0,42.8,48.2
s2b-r07,2,A,s2b-r07-8,0,0,152,0,16,0,4,4,37.0,42.8,48.2
s2b-r07,2,A,s2b-r07-9,0,0,108,0,16,0,4,4,82.0,42.8,48.2
s2b-r07,2,A,s2b-r07-10,0,0,40,0,1,0,0,0,92.0,42.8,48.2
s2b-r07,2,A,s2b-r07-11,0,0,85,0,32,0,5,5,66.0,42.8,48.2
s2b-r07,2,A,s2b-r07-12,0,0,85,0,2,0,1,1,59.0,42.8,48.2
s2b-r07,2,A,s2b-r07-13,0,0,87,0,32,0,5,5,30.0,42.8,48.2
s2b-r07,2,A,s2b-r07-14,0,0,62,0,16,0,4,4,53.0,42.8,48.2
s2b-r07,2,A,s2b-r07-15,0,0,151,0,16,0,4,4,125.0,42.8,48.2
s2b-r07,2,A,s2b-r07-16,0,0,102,0,16,0,4,4,71.0,42.8,48.2
s2b-r07,2,A,s2b-r07-17,0,0,102,0,1,0,0,0,43.0,42.8,48.2
s2b-r07,2,A,s2b-r07-18,0,0,105,0,32,0,5,5,32.0,42.8,48.2
s2b-r07,2,A,s2b-r07-19,0,0,151,0,32,0,5,5,24.0,42.8,48.2
s2b-r07,2,A,s2b-r07-20,0,0,154,0,32,0,5,5,23.0,42.8,48.2
s2b-r07,2,A,s2b-r07-21,0,0,152,0,1,0,0,0,42.0,42.8,48.2
s2b-r07,2,A,s2b-r07-22,0,0,158,0,32,0,5,5,24.0,42.8,48.2
s2b-r07,2,A,s2b-r07-23,0,0,152,0,32,0,5,5,32.0,42.8,48.2
s2b-r07,2,A,s2b-r07-24,0,0,152,0,2,0,1,1,57.0,42.8,48.2
s2b-r07,2,A,s2b-r07-25,0,0,17,0,32,0,5,5,27.0,42.8,48.2
s2b-r07,2,A,s2b-r07-26,0,0,152,0,2,0,1,1,40.0,42.8,48.2
s2b-r07,2,A,s2b-r07-27,0,0,155,0,1,0,0,0,32.0,42.8,48.2
s2b-r07,2,A,s2b-r07-28,0,0,155,0,16,0,4,4,17.0,42.8,48.2
s2b-r07,2,A,s2b-r07-29,0,0,155,0,16,0,4,4,61.0,42.8,48.2
s2b-r07,2,A,s2b-r07-30,0,0,29,0,16,0,4,4,73.0,42.8,48.2
s2b-r07,2,A,s2b-r07-31,0,0,56,0,2,0,4,5,143.0,42.8,48.2
s2b-r07,2,A,s2b-r07-32,0,0,29,0,32,0,5,5,56.0,42.8,48.2
s2b-r07,2,A,s2b-r07-33,0,0,151,0,32,0,5,5,110.0,42.8,48.2
s2b-r07,2,A,s2b-r07-34,0,0,100,0,16,0,4,4,61.0,42.8,48.2
s2b-r07,2,A,s2b-r07-35,0,0,108,0,32,0,5,5,61.0,42.8,48.2
s2b-r07,2,A,s2b-r07-36,0,0,133,0,32,0,5,0,31.0,42.8,48.2
s2b-r07,2,A,s2b-r07-37,0,0,155,0,1,0,0,0,27.0,42.8,48.2
s2b-r07,2,A,s2b-r07-38,0,0,162,0,16,0,4,4,28.0,42.8,48.2
s2b-r07,2,A,s2b-r07-39,0,0,155,0,32,0,5,5,43.0,42.8,48.2
s2b-r07,2,A,s2b-r07-40,0,0,111,0,2,0,1,1,76.0,42.8,48.2
s2b-r07,2,A,s2b-r07-41,0,0,117,0,2,0,1,1,29.0,42.8,48.2
s2b-r07,2,A,s2b-r07-42,0,0,169,0,32,0,0,4,2148.0,42.8,48.2
s2b-r07,2,A,s2b-r07-43,0,0,107,0,1,0,0,0,63.0,42.8,48.2
s2b-r07,2,A,s2b-r07-44,0,0,86,0,2,0,1,1,65.0,42.8,48.2
s2b-r07,2,A,s2b-r07-45,0,0,54,0,32,0,5,5,196.0,42.8,48.2
s2b-r07,2,A,s2b-r07-46,0,0,72,0,16,0,5,0,364.0,42.8,48.2
s2b-r07,2,A,s2b-r07-47,0,0,112,0,1,0,0,0,18.0,42.8,48.2
s2b-r07,2,A,s2b-r07-48,0,0,119,0,32,0,5,5,33.0,42.8,48.2
s2b-r07,2,A,s2b-r07-49,0,0,152,0,32,0,5,5,37.0,42.8,48.2
s2b-r07,2,A,s2b-r07-50,0,0,152,0,32,0,5,1,39.0,42.8,48.2
s2b-r07,2,A,s2b-r07-51,0,0,152,0,2,0,1,1,23.0,42.8,48.2
s2b-r07,2,A,s2b-r07-52,0,0,115,0,2,0,1,1,58.0,42.8,48.2
s2b-r07,2,A,s2b-r07-53,0,0,115,0,32,0,5,5,70.0,42.8,48.2
s2b-r07,2,A,s2b-r07-54,0,0,125,0,2,0,1,1,111.0,42.8,48.2
s2b-r07,2,A,s2b-r07-55,0,0,47,0,2,0,1,1,47.0,42.8,48.2
s2b-r07,2,A,s2b-r07-56,0,0,7,0,2,0,1,1,220.0,42.8,48.2
s2b-r07,2,A,s2b-r07-57,0,0,58,0,8,0,3,3,31.0,42.8,48.2
s2b-r07,2,A,s2b-r07-58,0,0,25,0,32,0,5,5,40.0,42.8,48.2
s2b-r07,2,A,s2b-r07-59,0,0,150,0,1,0,0,0,41.0,42.8,48.2
s2b-r07,2,A,s2b-r07-60,0,0,152,0,16,0,4,4,95.0,42.8,48.2
s2b-r07,2,A,s2b-r07-61,0,0,14,0,16,0,4,4,101.0,42.8,48.2
s2b-r07,2,A,s2b-r07-62,0,0,74,0,1,0,0,5,81.0,42.8,48.2
s2b-r07,2,A,s2b-r07-63,0,0,129,0,32,0,5,5,60.0,42.8,48.2
s2b-r07,2,A,s2b-r07-64,0,0,81,0,32,0,5,5,81.0,42.8,48.2
s2b-r07,2,A,s2b-r07-65,0,0,111,0,16,0,4,4,81.0,42.8,48.2
s2b-r07,2,A,s2b-r07-66,0,0,119,0,16,0,4,4,81.0,42.8,48.2
s2b-r07,2,A,s2b-r07-67,0,0,54,0,32,0,5,5,119.0,42.8,48.2
s2b-r07,2,A,s2b-r07-68,0,0,111,0,2,0,1,1,17.0,42.8,48.2
s2b-r07,2,A,s2b-r07-69,0,0,101,0,16,0,4,4,35.0,42.8,48.2
s2b-r07,2,A,s2b-r07-70,0,0,150,0,1,0,0,0,32.0,42.8,48.2
s2b-r07,2,A,s2b-r07-71,0,0,150,0,32,0,5,5,42.0,42.8,48.2
s2b-r07,2,A,s2b-r07-72,0,0,84,0,32,0,5,5,37.0,42.8,48.2
s2b-r07,2,A,s2b-r07-73,0,0,148,0,32,0,5,5,52.0,42.8,48.2
s2b-r07,2,A,s2b-r07-74,0,0,148,0,32,0,5,5,63.0,42.8,48.2
s2b-r07,2,A,s2b-r07-75,0,0,20,0,32,0,5,5,81.0,42.8,48.2
s2b-r07,2,A,s2b-r07-76,0,0,81,0,16,0,4,4,104.0,42.8,48.2
s2b-r07,2,A,s2b-r07-77,0,0,77,0,16,0,4,4,70.0,42.8,48.2
s2b-r07,2,A,s2b-r07-78,0,0,126,0,32,0,5,5,36.0,42.8,48.2
s2b-r07,2,A,s2b-r07-79,0,0,126,0,32,0,5,5,52.0,42.8,48.2
s2b-r07,2,A,s2b-r07-80,0,0,153,0,2,0,1,1,24.0,42.8,48.2
s2b-r07,2,A,s2b-r07-81,0,0,150,0,2,0,1,1,51.0,42.8,48.2
s2b-r07,2,A,s2b-r07-82,0,0,87,0,2,0,1,1,77.0,42.8,48.2
s2b-r07,2,A,s2b-r07-83,0,0,106,0,1,0,1,1,119.0,42.8,48.2
s2b-r07,2,A,s2b-r07-84,0,0,111,0,16,0,4,4,45.0,42.8,48.2
s2b-r07,2,A,s2b-r07-85,0,0,111,0,16,0,4,4,103.0,42.8,48.2
s2b-r07,2,A,s2b-r07-86,0,0,63,0,16,0,4,4,110.0,42.8,48.2
s2b-r07,2,A,s2b-r07-87,0,0,127,0,16,0,4,4,97.0,42.8,48.2
s2b-r07,2,A,s2b-r07-88,0,0,148,0,2,0,4,4,133.0,42.8,48.2
s2b-r07,2,A,s2b-r07-89,0,0,94,0,32,0,5,5,35.0,42.8,48.2
s2b-r07,2,A,s2b-r07-90,0,0,148,0,16,0,4,4,37.0,42.8,48.2
s2b-r07,2,A,s2b-r07-91,0,0,150,0,32,0,5,5,205.0,42.8,48.2
s2b-r07,2,A,s2b-r07-92,0,0,94,0,32,0,5,5,52.0,42.8,48.2
s2b-r07,2,A,s2b-r07-93,0,0,138,0,16,0,4,4,108.0,42.8,48.2
s2b-r07,2,A,s2b-r07-94,0,0,37,0,16,0,4,4,99.0,42.8,48.2
s2b-r07,2,A,s2b-r07-95,0,0,86,0,16,0,4,4,107.0,42.8,48.2
s2b-r07,2,A,s2b-r07-96,0,0,126,0,16,0,4,4,82.0,42.8,48.2
s2b-r07,2,A,s2b-r07-97,0,0,150,0,16,0,4,4,70.0,42.8,48.2
s2b-r07,2,A,s2b-r07-98,0,0,154,0,16,0,4,4,53.0,42.8,48.2
s2b-r07,2,A,s2b-r07-99,0,0,151,0,16,0,4,4,17.0,42.8,48.2
s2b-r07,2,A,s2b-r07-100,0,0,151,0,2,0,1,1,25.0,42.8,48.2
s2b-r07,2,A,s2b-r07-101,0,0,151,0,1,0,1,0,127.0,42.8,48.2
s2b-r07,2,A,s2b-r07-102,0,0,169,0,1,0,0,0,45.0,42.8,48.2
s2b-r07,2,A,s2b-r07-103,0,0,156,0,32,0,5,5,47.0,42.8,48.2
s2b-r07,2,A,s2b-r07-104,0,0,156,0,32,0,5,5,18.0,42.8,48.2
s2b-r07,2,A,s2b-r07-105,0,0,157,0,8,0,3,3,62.0,42.8,48.2
s2b-r07,2,A,s2b-r07-106,0,0,76,0,4,0,2,2,49.0,42.8,48.2
s2b-r07,2,A,s2b-r07-107,0,0,129,0,1,0,0,0,38.0,42.8,48.2
s2b-r07,2,A,s2b-r07-108,0,0,62,0,8,0,3,3,44.0,42.8,48.2
s2b-r07,2,A,s2b-r07-109,0,0,149,0,8,0,3,3,104.0,42.8,48.2
s2b-r07,2,A,s2b-r07-110,0,0,104,0,8,0,3,3,80.0,42.8,48.2
s2b-r07,2,A,s2b-r07-111,0,0,145,0,1,0,0,0,35.0,42.8,48.2
s2b-r07,2,A,s2b-r07-112,0,0,150,0,1,0,0,0,41.0,42.8,48.2
s2b-r07,2,A,s2b-r07-113,0,0,165,0,2,0,1,1,116.0,42.8,48.2
s2b-r07,2,A,s2b-r07-114,0,0,81,0,2,0,1,1,36.0,42.8,48.2
s2b-r07,2,A,s2b-r07-115,0,0,81,0,32,0,1,3,93.0,42.8,48.2
s2b-r07,2,A,s2b-r07-116,0,0,115,0,8,0,3,3,89.0,42.8,48.2
s2b-r07,2,A,s2b-r07-117,0,0,115,0,8,0,3,3,30.0,42.8,48.2
s2b-r07,2,A,s2b-r07-118,0,0,152,0,8,0,3,3,21.0,42.8,48.2
s2b-r07,2,A,s2b-r07-119,0,0,133,0,1,0,0,0,43.0,42.8,48.2
s2b-r07,2,A,s2b-r07-120,0,0,50,0,2,0,1,1,30.0,42.8,48.2
s2b-r07,2,A,s2b-r07-121,0,0,150,0,32,0,5,5,64.0,42.8,48.2
s2b-r07,2,A,s2b-r07-122,0,0,148,0,32,0,5,5,153.0,42.8,48.2
s2b-r07,2,A,s2b-r07-123,0,0,149,0,32,0,5,5,37.0,42.8,48.2
s2b-r07,2,A,s2b-r07-124,0,0,25,0,32,0,5,5,65.0,42.8,48.2
s2b-r07,2,A,s2b-r07-125,0,0,106,0,2,0,1,1,31.0,42.8,48.2
s2b-r07,2,A,s2b-r07-126,0,0,73,0,2,0,1,1,58.0,42.8,48.2
s2b-r07,2,A,s2b-r07-127,0,0,26,0,2,0,1,1,74.0,42.8,48.2
s2b-r07,2,A,s2b-r07-128,0,0,99,0,2,0,1,1,48.0,42.8,48.2
s2b-r07,2,A,s2b-r07-129,0,0,121,0,2,0,1,1,44.0,42.8,48.2
s2b-r07,2,A,s2b-r07-130,0,0,81,0,1,0,0,0,68.0,42.8,48.2
s2b-r07,2,A,s2b-r07-131,0,0,84,0,1,0,0,0,25.0,42.8,48.2
s2b-r07,2,A,s2b-r07-132,0,0,158,0,16,0,4,4,59.0,42.8,48.2
s2b-r07,2,A,s2b-r07-133,0,0,150,0,16,0,4,4,64.0,42.8,48.2
s2b-r07,2,A,s2b-r07-134,0,0,150,0,16,0,4,4,40.0,42.8,48.2
s2b-r07,2,A,s2b-r07-135,0,0,7,0,32,0,5,5,35.0,42.8,48.2
s2b-r07,2,A,s2b-r07-136,0,0,151,0,32,0,5,5,61.0,42.8,48.2
s2b-r07,2,A,s2b-r07-137,0,0,150,0,32,0,5,5,60.0,42.8,48.2
s2b-r07,2,A,s2b-r07-138,0,0,19,0,32,0,5,5,94.0,42.8,48.2
s2b-r07,2,A,s2b-r07-139,0,0,77,0,2,0,5,5,263.0,42.8,48.2
s2b-r07,2,A,s2b-r07-140,0,0,146,0,2,0,1,1,33.0,42.8,48.2
s2b-r07,2,A,s2b-r07-141,0,0,149,0,2,0,1,1,26.0,42.8,48.2
s2b-r07,2,A,s2b-r07-142,0,0,127,0,32,0,5,5,45.0,42.8,48.2
s2b-r07,2,A,s2b-r07-143,0,0,127,0,32,0,5,5,73.0,42.8,48.2
s2b-r07,2,A,s2b-r07-144,0,0,127,0,2,0,1,1,25.0,42.8,48.2
s2b-r07,2,A,s2b-r07-145,0,0,149,0,2,0,1,1,127.0,42.8,48.2
s2b-r07,2,A,s2b-r07-146,0,0,121,0,32,0,5,5,63.0,42.8,48.2
s2b-r07,2,A,s2b-r07-147,0,0,121,0,1,0,0,0,73.0,42.8,48.2
s2b-r07,2,A,s2b-r07-148,0,0,89,0,16,0,4,4,38.0,42.8,48.2
s2b-r07,2,A,s2b-r07-149,0,0,89,0,16,0,4,4,16.0,42.8,48.2
s2b-r07,2,A,s2b-r07-150,0,0,152,0,32,0,5,5,44.0,42.8,48.2
s2b-r07,2,A,s2b-r07-151,0,0,121,0,2,0,5,5,266.0,42.8,48.2
s2b-r07,2,A,s2b-r07-152,0,0,181,0,16,0,5,1,90.0,42.8,48.2
s2b-r07,2,A,s2b-r07-153,0,0,181,0,16,0,4,4,43.0,42.8,48.2
s2b-r07,2,A,s2b-r07-154,0,0,151,0,2,0,1,1,31.0,42.8,48.2
s2b-r07,2,A,s2b-r07-155,0,0,19,0,32,0,5,5,82.0,42.8,48.2
s2b-r07,2,A,s2b-r07-156,0,0,54,0,32,0,5,5,76.0,42.8,48.2
s2b-r07,2,A,s2b-r07-157,0,0,79,0,32,0,5,5,104.0,42.8,48.2
s2b-r07,2,A,s2b-r07-158,0,0,9,0,16,0,5,4,161.0,42.8,48.2
s2b-r07,2,A,s2b-r07-159,0,0,80,0,16,0,4,4,81.0,42.8,48.2
s2b-r07,2,A,s2b-r07-160,0,0,92,0,16,0,4,4,178.0,42.8,48.2
s2b-r07,2,A,s2b-r07-161,0,0,125,0,16,0,4,4,86.0,42.8,48.2
s2b-r07,2,A,s2b-r07-162,0,0,163,0,16,0,4,4,16.0,42.8,48.2
s2b-r07,2,A,s2b-r07-163,0,0,163,0,2,0,1,1,23.0,42.8,48.2
s2b-r07,2,A,s2b-r07-164,0,0,163,0,2,0,1,1,51.0,42.8,48.2
s2b-r07,2,A,s2b-r07-165,0,0,94,0,2,0,1,1,200.0,42.8,48.2
s2b-r07,2,A,s2b-r07-166,0,0,55,0,32,0,5,5,137.0,42.8,48.2
s2b-r07,2,A,s2b-r07-167,0,0,63,0,16,0,4,4,61.0,42.8,48.2
s2b-r07,2,A,s2b-r07-168,0,0,63,0,16,0,4,4,101.0,42.8,48.2
s2b-r07,2,A,s2b-r07-169,0,0,96,0,16,0,4,4,45.0,42.8,48.2
s2b-r07,2,A,s2b-r07-170,0,0,154,0,4,0,2,2,38.0,42.8,48.2
s2b-r07,2,A,s2b-r07-171,0,0,154,0,4,0,2,2,30.0,42.8,48.2
s2b-r07,2,A,s2b-r07-172,0,0,95,0,4,0,2,2,46.0,42.8,48.2
s2b-r07,2,A,s2b-r07-173,0,0,30,0,1,0,0,0,28.0,42.8,48.2
s2b-r07,2,A,s2b-r07-174,0,0,155,0,1,0,0,0,27.0,42.8,48.2
s2b-r07,2,A,s2b-r07-175,0,0,160,0,2,0,1,1,71.0,42.8,48.2
s2b-r07,2,A,s2b-r07-176,0,0,53,0,16,0,4,4,104.0,42.8,48.2
s2b-r07,2,A,s2b-r07-177,0,0,101,0,1,0,5,0,112.0,42.8,48.2
s2b-r07,2,A,s2b-r07-178,0,0,141,0,2,0,1,1,35.0,42.8,48.2
s2b-r07,2,A,s2b-r07-179,0,0,18,0,2,0,4,5,84.0,42.8,48.2
s2b-r07,2,A,s2b-r07-180,0,0,20,0,2,0,1,1,100.0,42.8,48.2
s2b-r07,2,A,s2b-r07-181,0,0,83,0,32,0,5,5,84.0,42.8,48.2
s2b-r07,2,A,s2b-r07-182,0,0,161,0,32,0,5,5,34.0,42.8,48.2
s2b-r07,2,A,s2b-r07-183,0,0,161,0,1,0,0,0,26.0,42.8,48.2
s2b-r07,2,A,s2b-r07-184,0,0,27,0,32,0,5,5,62.0,42.8,48.2
s2b-r07,2,A,s2b-r07-185,0,0,27,0,16,0,4,4,50.0,42.8,48.2
s2b-r07,2,A,s2b-r07-186,0,0,151,0,16,0,4,4,103.0,42.8,48.2
s2b-r07,2,A,s2b-r07-187,0,0,109,0,2,0,1,1,110.0,42.8,48.2
s2b-r07,2,A,s2b-r07-188,0,0,109,0,16,0,4,4,62.0,42.8,48.2
s2b-r07,2,A,s2b-r07-189,0,0,6,0,2,0,1,1,81.0,42.8,48.2
s2b-r07,2,A,s2b-r07-190,0,0,37,0,2,0,1,1,98.0,42.8,48.2
s2b-r07,2,A,s2b-r07-191,0,0,89,0,32,0,5,5,68.0,42.8,48.2
s2b-r07,2,A,s2b-r07-192,0,0,162,0,32,0,5,5,46.0,42.8,48.2
s2b-r07,2,A,s2b-r07-193,0,0,162,0,32,0,5,5,30.0,42.8,48.2
s2b-r07,2,A,s2b-r07-194,0,0,54,0,32,0,5,5,59.0,42.8,48.2
s2b-r07,2,A,s2b-r07-195,0,0,54,0,2,0,1,1,44.0,42.8,48.2
s2b-r07,2,A,s2b-r07-196,0,0,54,0,16,0,4,4,73.0,42.8,48.2
s2b-r07,2,A,s2b-r07-197,0,0,112,0,32,0,5,5,26.0,42.8,48.2
s2b-r07,2,A,s2b-r07-198,0,0,107,0,32,0,5,5,82.0,42.8,48.2
s2b-r07,2,A,s2b-r07-199,0,0,84,0,1,0,0,0,45.0,42.8,48.2
s2b-r07,2,A,s2b-r07-200,0,0,84,0,1,0,0,0,16.0,42.8,48.2
s2b-r07,2,A,s2b-r07-201,0,0,150,0,1,0,0,0,36.0,42.8,48.2
s2b-r07,2,A,s2b-r07-202,0,0,153,0,1,0,0,0,24.0,42.8,48.2
s2b-r07,2,A,s2b-r07-203,0,0,159,0,32,0,5,5,21.0,42.8,48.2
s2b-r07,2,A,s2b-r07-204,0,0,159,0,32,0,5,5,17.0,42.8,48.2
s2b-r07,2,A,s2b-r07-205,0,0,159,0,32,0,5,5,22.0,42.8,48.2
s2b-r07,2,A,s2b-r07-206,0,0,159,0,32,0,5,5,15.0,42.8,48.2
s2b-r07,2,A,s2b-r07-207,0,0,193,0,32,0,5,5,17.0,42.8,48.2
s2b-r07,2,A,s2b-r07-208,0,0,148,0,32,0,5,5,16.0,42.8,48.2
s2b-r07,2,A,s2b-r07-209,0,0,151,0,16,0,5,4,126.0,42.8,48.2
s2b-r07,2,A,s2b-r07-210,0,0,153,0,16,0,4,4,18.0,42.8,48.2
s2b-r07,2,A,s2b-r07-211,0,0,44,0,16,0,4,4,17.0,42.8,48.2
s2b-r07,2,A,s2b-r07-212,0,0,148,0,16,0,4,4,15.0,42.8,48.2
s2b-r07,2,A,s2b-r07-213,0,0,100,0,4,0,2,2,21.0,42.8,48.2
s2b-r07,2,A,s2b-r07-214,0,0,162,0,1,0,0,0,12.0,42.8,48.2
s2b-r07,2,A,s2b-r07-215,0,0,57,0,1,0,0,0,23.0,42.8,48.2
s2b-r07,2,A,s2b-r07-216,0,0,149,0,1,0,0,0,14.0,42.8,48.2
s2b-r07,2,A,s2b-r07-217,0,0,57,0,1,0,0,0,55.0,42.8,48.2
s2b-r07,2,A,s2b-r07-218,0,0,82,0,16,0,4,4,43.0,42.8,48.2
s2b-r07,2,A,s2b-r07-219,0,0,144,0,1,0,0,0,16.0,42.8,48.2
s2b-r07,2,A,s2b-r07-220,0,0,153,0,1,0,0,0,27.0,42.8,48.2
s2b-r07,2,A,s2b-r07-221,0,0,125,0,1,0,0,5,256.0,42.8,48.2
s2b-r07,2,A,s2b-r07-222,0,0,125,0,16,0,4,4,55.0,42.8,48.2
s2b-r07,2,A,s2b-r07-223,0,0,74,0,32,0,5,5,54.0,42.8,48.2
s2b-r07,2,A,s2b-r07-224,0,0,155,0,32,0,5,5,15.0,42.8,48.2
s2b-r07,2,A,s2b-r07-225,0,0,74,0,32,0,5,5,164.0,42.8,48.2
s2b-r07,2,A,s2b-r07-226,0,0,116,0,16,0,4,4,32.0,42.8,48.2
s2b-r07,2,A,s2b-r07-227,0,0,149,0,16,0,4,4,34.0,42.8,48.2
s2b-r07,2,A,s2b-r07-228,0,0,151,0,16,0,4,4,78.0,42.8,48.2
s2b-r07,2,A,s2b-r07-229,0,0,38,0,16,0,4,4,66.0,42.8,48.2
s2b-r07,2,A,s2b-r07-230,0,0,108,0,32,0,5,5,118.0,42.8,48.2
s2b-r07,2,A,s2b-r07-231,0,0,40,0,32,0,5,5,109.0,42.8,48.2
s2b-r07,2,A,s2b-r07-232,0,0,98,0,8,0,3,3,63.0,42.8,48.2
s2b-r07,2,A,s2b-r07-233,0,0,124,0,16,0,0,0,163.0,42.8,48.2
s2b-r07,2,A,s2b-r07-234,0,0,155,0,1,0,0,0,40.0,42.8,48.2
s2b-r07,2,A,s2b-r07-235,0,0,15,0,16,0,4,4,57.0,42.8,48.2
s2b-r07,2,A,s2b-r07-236,0,0,31,0,16,0,4,4,56.0,42.8,48.2
s2b-r07,2,A,s2b-r07-237,0,0,156,0,2,0,1,1,19.0,42.8,48.2
s2b-r07,2,A,s2b-r07-238,0,0,146,0,2,0,1,1,38.0,42.8,48.2
s2b-r07,2,A,s2b-r07-239,0,0,82,0,2,0,1,1,98.0,42.8,48.2
s2b-r07,2,A,s2b-r07-240,0,0,15,0,32,0,5,5,86.0,42.8,48.2
s2b-r07,2,A,s2b-r07-241,0,0,79,0,32,0,5,5,67.0,42.8,48.2
s2b-r07,2,A,s2b-r07-242,0,0,137,0,2,0,5,0,62.0,42.8,48.2
s2b-r07,2,A,s2b-r07-243,0,0,158,0,32,0,5,5,40.0,42.8,48.2
s2b-r07,2,A,s2b-r07-244,0,0,114,0,2,0,1,1,27.0,42.8,48.2
s2b-r07,2,A,s2b-r07-245,0,0,158,0,16,0,4,4,15.0,42.8,48.2
s2b-r07,2,A,s2b-r07-246,0,0,147,0,16,0,4,4,60.0,42.8,48.2
s2b-r07,2,A,s2b-r07-247,0,0,88,0,16,0,4,4,113.0,42.8,48.2
s2b-r07,2,A,s2b-r07-248,0,0,10,0,2,0,1,1,61.0,42.8,48.2
s2b-r07,2,A,s2b-r07-249,0,0,76,0,16,0,4,4,153.0,42.8,48.2
s2b-r07,2,A,s2b-r07-250,0,0,106,0,16,0,4,4,73.0,42.8,48.2
s2b-r07,2,A,s2b-r07-251,0,0,17,0,16,0,4,4,65.0,42.8,48.2
s2b-r07,2,A,s2b-r07-252,0,0,17,0,32,0,5,5,57.0,42.8,48.2
s2b-r07,2,A,s2b-r07-253,0,0,1,0,32,0,5,5,31.0,42.8,48.2
s2b-r07,2,A,s2b-r07-254,0,0,153,0,2,0,1,1,22.0,42.8,48.2
s2b-r07,2,A,s2b-r07-255,0,0,81,0,2,0,1,1,41.0,42.8,48.2
s2b-r07,2,A,s2b-r07-256,0,0,151,0,1,0,0,4,473.0,42.8,48.2
s2b-r07,2,A,s2b-r07-257,0,0,157,0,2,0,1,1,104.0,42.8,48.2
s2b-r07,2,A,s2b-r07-258,0,0,107,0,2,0,1,1,56.0,42.8,48.2
s2b-r07,2,A,s2b-r07-259,0,0,98,0,16,0,4,4,52.0,42.8,48.2
s2b-r07,2,A,s2b-r07-260,0,0,98,0,32,0,5,5,86.0,42.8,48.2
s2b-r07,2,A,s2b-r07-261,0,0,98,0,16,0,4,4,80.0,42.8,48.2
s2b-r07,2,A,s2b-r07-262,0,0,96,0,16,0,4,4,34.0,42.8,48.2
s2b-r07,2,A,s2b-r07-263,0,0,73,0,8,0,3,3,50.0,42.8,48.2
s2b-r07,2,A,s2b-r07-264,0,0,152,0,8,0,3,3,20.0,42.8,48.2
s2b-r07,2,A,s2b-r07-265,0,0,159,0,8,0,3,3,65.0,42.8,48.2
s2b-r07,2,A,s2b-r07-266,0,0,82,0,32,0,5,5,176.0,42.8,48.2
s2b-r07,2,A,s2b-r07-267,0,0,118,0,32,0,5,5,92.0,42.8,48.2
s2b-r07,2,A,s2b-r07-268,0,0,29,0,1,0,0,0,56.0,42.8,48.2
s2b-r07,2,A,s2b-r07-269,0,0,91,0,32,0,5,5,106.0,42.8,48.2
s2b-r07,2,A,s2b-r07-270,0,0,125,0,32,0,5,5,69.0,42.8,48.2
s2b-r07,2,A,s2b-r07-271,0,0,125,0,2,0,1,1,41.0,42.8,48.2
s2b-r07,2,A,s2b-r07-272,0,0,152,0,32,0,1,1,23.0,42.8,48.2
s2b-r07,2,A,s2b-r07-273,0,0,159,0,16,0,4,4,25.0,42.8,48.2
s2b-r07,2,A,s2b-r07-274,0,0,159,0,16,0,4,4,33.0,42.8,48.2
s2b-r07,2,A,s2b-r07-275,0,0,179,0,2,0,1,1,21.0,42.8,48.2
s2b-r07,2,A,s2b-r07-276,0,0,111,0,2,0,1,1,57.0,42.8,48.2
s2b-r07,2,A,s2b-r07-277,0,0,78,0,2,0,1,1,106.0,42.8,48.2
s2b-r07,2,A,s2b-r07-278,0,0,70,0,2,0,1,1,52.0,42.8,48.2
s2b-r07,2,A,s2b-r07-279,0,0,108,0,2,0,1,1,141.0,42.8,48.2
s2b-r07,2,A,s2b-r07-280,0,0,108,0,2,0,1,1,45.0,42.8,48.2
s2b-r07,2,A,s2b-r07-281,0,0,116,0,2,0,1,1,26.0,42.8,48.2
s2b-r07,2,A,s2b-r07-282,0,0,116,0,2,0,1,1,28.0,42.8,48.2
s2b-r07,2,A,s2b-r07-283,0,0,154,0,1,0,1,1,233.0,42.8,48.2
s2b-r07,2,A,s2b-r07-284,0,0,154,0,2,0,1,1,30.0,42.8,48.2
s2b-r07,2,A,s2b-r07-285,0,0,147,0,1,0,0,0,42.0,42.8,48.2
s2b-r07,2,A,s2b-r07-286,0,0,147,0,16,0,4,4,32.0,42.8,48.2
s2b-r07,2,A,s2b-r07-287,0,0,41,0,16,0,4,4,104.0,42.8,48.2
s2b-r07,2,A,s2b-r07-288,0,0,80,0,16,0,4,4,74.0,42.8,48.2
s2b-r07,2,A,s2b-r07-289,0,0,69,0,2,0,1,1,32.0,42.8,48.2
s2b-r07,2,A,s2b-r07-290,0,0,154,0,1,0,4,0,74.0,42.8,48.2
s2b-r07,2,A,s2b-r07-291,0,0,162,0,16,0,4,4,74.0,42.8,48.2
s2b-r07,2,A,s2b-r07-292,0,0,99,0,16,0,4,4,102.0,42.8,48.2
s2b-r07,2,A,s2b-r07-293,0,0,97,0,16,0,4,0,480.0,42.8,48.2
s2b-r07,2,A,s2b-r07-294,0,0,166,0,2,0,1,1,49.0,42.8,48.2
s2b-r07,2,A,s2b-r07-295,0,0,97,0,1,0,0,0,26.0,42.8,48.2
s2b-r07,2,A,s2b-r07-296,0,0,166,0,1,0,0,0,13.0,42.8,48.2
s2b-r07,2,A,s2b-r07-297,0,0,125,0,16,0,4,4,47.0,42.8,48.2
s2b-r07,2,A,s2b-r07-298,0,0,187,0,16,0,4,4,53.0,42.8,48.2
s2b-r07,2,A,s2b-r07-299,0,0,187,0,16,0,4,4,31.0,42.8,48.2
s2b-r07,2,A,s2b-r07-300,0,0,20,0,16,0,4,4,237.0,42.8,48.2
s2b-r07,2,A,s2b-r07-301,0,0,113,0,2,0,1,1,32.0,42.8,48.2
s2b-r07,2,A,s2b-r07-302,0,0,157,0,2,0,1,1,18.0,42.8,48.2
s2b-r07,2,A,s2b-r07-303,0,0,153,0,1,0,0,0,22.0,42.8,48.2
s2b-r07,2,A,s2b-r07-304,0,0,153,0,32,0,5,5,98.0,42.8,48.2
s2b-r07,2,A,s2b-r07-305,0,0,96,0,16,0,4,4,103.0,42.8,48.2
s2b-r07,2,A,s2b-r07-306,0,0,85,0,16,0,4,4,109.0,42.8,48.2
s2b-r07,2,A,s2b-r07-307,0,0,146,0,4,0,2,2,75.0,42.8,48.2
s2b-r07,2,A,s2b-r07-308,0,0,85,0,32,0,5,5,33.0,42.8,48.2
s2b-r07,2,A,s2b-r07-309,0,0,158,0,32,0,5,5,27.0,42.8,48.2
s2b-r07,2,A,s2b-r07-310,0,0,107,0,32,0,5,5,60.0,42.8,48.2
s2b-r07,2,A,s2b-r07-311,0,0,107,0,32,0,5,5,103.0,42.8,48.2
s2b-r07,2,A,s2b-r07-312,0,0,82,0,2,0,1,1,459.0,42.8,48.2
s2b-r07,2,A,s2b-r07-313,0,0,213,0,1,0,0,0,17.0,42.8,48.2
s2b-r07,2,A,s2b-r07-314,0,0,148,0,2,0,1,1,39.0,42.8,48.2
s2b-r07,2,A,s2b-r07-315,0,0,82,0,4,0,2,2,81.0,42.8,48.2
s2b-r07,2,A,s2b-r07-316,0,0,78,0,4,0,2,2,113.0,42.8,48.2
s2b-r07,2,A,s2b-r07-317,0,0,125,0,16,0,4,4,34.0,42.8,48.2
s2b-r07,2,A,s2b-r07-318,0,0,155,0,2,0,1,1,21.0,42.8,48.2
s2b-r07,2,A,s2b-r07-319,0,0,125,0,2,0,1,1,103.0,42.8,48.2
s2b-r07,2,A,s2b-r07-320,0,0,28,0,1,0,0,0,63.0,42.8,48.2
s2b-r07,2,A,s2b-r07-321,0,0,94,0,32,0,5,5,154.0,42.8,48.2
s2b-r07,2,A,s2b-r07-322,0,0,122,0,32,0,5,5,46.0,42.8,48.2
s2b-r07,2,A,s2b-r07-323,0,0,149,0,1,0,0,0,27.0,42.8,48.2
s2b-r07,2,A,s2b-r07-324,0,0,156,0,2,0,1,1,17.0,42.8,48.2
s2b-r07,2,A,s2b-r07-325,0,0,149,0,2,0,1,1,68.0,42.8,48.2
s2b-r07,2,A,s2b-r07-326,0,0,156,0,2,0,1,1,25.0,42.8,48.2
s2b-r07,2,A,s2b-r07-327,0,0,156,0,2,0,1,1,48.0,42.8,48.2
s2b-r07,2,A,s2b-r07-328,0,0,87,0,1,0,0,0,82.0,42.8,48.2
s2b-r07,2,A,s2b-r07-329,0,0,125,0,32,0,5,5,142.0,42.8,48.2
s2b-r07,2,A,s2b-r07-330,0,0,125,0,32,0,5,5,44.0,42.8,48.2
s2b-r07,2,A,s2b-r07-331,0,0,148,0,32,0,5,5,21.0,42.8,48.2
s2b-r07,2,A,s2b-r07-332,0,0,150,0,2,0,1,1,43.0,42.8,48.2
s2b-r07,2,A,s2b-r07-333,0,0,81,0,16,0,4,4,29.0,42.8,48.2
s2b-r07,2,A,s2b-r07-334,0,0,74,0,16,0,4,4,33.0,42.8,48.2
s2b-r07,2,A,s2b-r07-335,0,0,30,0,1,0,4,0,1755.0,42.8,48.2
s2b-r07,2,A,s2b-r07-336,0,0,47,0,16,0,4,4,29.0,42.8,48.2
s2b-r07,2,A,s2b-r07-337,0,0,162,0,16,0,4,4,63.0,42.8,48.2
s2b-r07,2,A,s2b-r07-338,0,0,125,0,16,0,4,4,108.0,42.8,48.2
s2b-r07,2,A,s2b-r07-339,0,0,125,0,1,0,0,0,104.0,42.8,48.2
s2b-r07,2,A,s2b-r07-340,0,0,125,0,1,0,0,0,58.0,42.8,48.2
s2b-r07,2,A,s2b-r07-341,0,0,125,0,8,0,3,3,106.0,42.8,48.2
s2b-r07,2,A,s2b-r07-342,0,0,125,0,8,0,3,3,60.0,42.8,48.2
s2b-r07,2,A,s2b-r07-343,0,0,125,0,16,0,4,4,32.0,42.8,48.2
s2b-r07,2,A,s2b-r07-344,0,0,167,0,16,0,4,4,18.0,42.8,48.2
s2b-r07,2,A,s2b-r07-345,0,0,153,0,16,0,4,4,17.0,42.8,48.2
s2b-r07,2,A,s2b-r07-346,0,0,153,0,16,0,4,4,63.0,42.8,48.2
s2b-r07,2,A,s2b-r07-347,0,0,80,0,16,0,4,4,106.0,42.8,48.2
s2b-r07,2,A,s2b-r07-348,0,0,136,0,16,0,4,4,109.0,42.8,48.2
s2b-r07,2,A,s2b-r07-349,0,0,114,0,16,0,4,4,103.0,42.8,48.2
s2b-r07,2,A,s2b-r07-350,0,0,124,0,16,0,4,4,101.0,42.8,48.2
s2b-r07,2,A,s2b-r07-351,0,0,93,0,16,0,4,4,108.0,42.8,48.2
s2b-r07,2,A,s2b-r07-352,0,0,117,0,16,0,4,4,32.0,42.8,48.2
s2b-r07,2,A,s2b-r07-353,0,0,162,0,16,0,4,4,24.0,42.8,48.2
s2b-r07,2,A,s2b-r07-354,0,0,123,0,32,0,5,5,26.0,42.8,48.2
s2b-r07,2,A,s2b-r07-355,0,0,149,0,32,0,5,5,38.0,42.8,48.2
s2b-r07,2,A,s2b-r07-356,0,0,123,0,16,0,4,4,31.0,42.8,48.2
s2b-r07,2,A,s2b-r07-357,0,0,97,0,16,0,4,2,547.0,42.8,48.2
s2b-r07,2,A,s2b-r07-358,0,0,77,0,4,0,2,2,80.0,42.8,48.2
s2b-r07,2,A,s2b-r07-359,0,0,103,0,32,0,5,5,52.0,42.8,48.2
s2b-r07,2,A,s2b-r07-360,0,0,150,0,32,0,5,5,53.0,42.8,48.2
s2b-r07,2,A,s2b-r07-361,0,0,103,0,32,0,5,5,14.0,42.8,48.2
s2b-r07,2,A,s2b-r07-362,0,0,154,0,2,0,1,1,80.0,42.8,48.2
s2b-r07,2,A,s2b-r07-363,0,0,109,0,2,0,1,1,51.0,42.8,48.2
s2b-r07,2,A,s2b-r07-364,0,0,109,0,16,0,4,4,27.0,42.8,48.2
s2b-r07,2,A,s2b-r07-365,0,0,175,0,2,0,1,1,27.0,42.8,48.2
s2b-r07,2,A,s2b-r07-366,0,0,130,0,32,0,5,5,39.0,42.8,48.2
s2b-r07,2,A,s2b-r07-367,0,0,39,0,4,0,2,2,224.0,42.8,48.2
s2b-r07,2,A,s2b-r07-368,0,0,85,0,4,0,2,2,76.0,42.8,48.2
s2b-r07,2,A,s2b-r07-369,0,0,85,0,32,0,5,5,59.0,42.8,48.2
s2b-r07,2,A,s2b-r07-370,0,0,15,0,32,0,5,5,31.0,42.8,48.2
s2b-r07,2,A,s2b-r07-371,0,0,150,0,32,0,5,5,23.0,42.8,48.2
s2b-r07,2,A,s2b-r07-372,0,0,99,0,1,0,0,0,93.0,42.8,48.2
s2b-r07,2,A,s2b-r07-373,0,0,124,0,1,0,0,0,81.0,42.8,48.2
s2b-r07,2,A,s2b-r07-374,0,0,158,0,2,0,1,1,44.0,42.8,48.2
s2b-r07,2,A,s2b-r07-375,0,0,124,0,2,0,1,1,19.0,42.8,48.2
s2b-r07,2,A,s2b-r07-376,0,0,158,0,16,0,4,4,20.0,42.8,48.2
s2b-r07,2,A,s2b-r07-377,0,0,112,0,16,0,4,4,78.0,42.8,48.2
s2b-r07,2,A,s2b-r07-378,0,0,88,0,16,0,4,4,80.0,42.8,48.2
s2b-r07,2,A,s2b-r07-379,0,0,114,0,16,0,4,4,38.0,42.8,48.2
s2b-r07,2,A,s2b-r07-380,0,0,151,0,16,0,4,4,33.0,42.8,48.2
s2b-r07,2,A,s2b-r07-381,0,0,156,0,16,0,4,4,49.0,42.8,48.2
s2b-r07,2,A,s2b-r07-382,0,0,151,0,16,0,4,4,62.0,42.8,48.2
s2b-r07,2,A,s2b-r07-383,0,0,12,0,2,0,1,1,83.0,42.8,48.2
s2b-r07,2,A,s2b-r07-384,0,0,84,0,16,0,4,4,163.0,42.8,48.2
s2b-r07,2,A,s2b-r07-385,0,0,169,0,32,0,5,5,23.0,42.8,48.2
s2b-r07,2,A,s2b-r07-386,0,0,80,0,32,0,5,5,14.0,42.8,48.2
s2b-r07,2,A,s2b-r07-387,0,0,169,0,32,0,5,5,16.0,42.8,48.2
s2b-r07,2,A,s2b-r07-388,0,0,154,0,32,0,5,5,831.0,42.8,48.2
s2b-r07,2,A,s2b-r07-389,0,0,196,0,32,0,5,5,51.0,42.8,48.2
s2b-r07,2,A,s2b-r07-390,0,0,154,0,32,0,5,5,58.0,42.8,48.2
s2b-r07,2,A,s2b-r07-391,0,0,5,0,32,0,5,5,152.0,42.8,48.2
s2b-r07,2,A,s2b-r07-392,0,0,65,0,32,0,5,5,52.0,42.8,48.2
s2b-r07,2,A,s2b-r07-393,0,0,126,0,32,0,5,5,18.0,42.8,48.2
s2b-r07,2,A,s2b-r07-394,0,0,148,0,32,0,5,5,30.0,42.8,48.2
s2b-r07,2,A,s2b-r07-395,0,0,152,0,32,0,5,5,52.0,42.8,48.2
s2b-r07,2,A,s2b-r07-396,0,0,80,0,32,0,5,5,109.0,42.8,48.2
s2b-r07,2,A,s2b-r07-397,0,0,125,0,32,0,5,5,41.0,42.8,48.2
s2b-r07,2,A,s2b-r07-398,0,0,156,0,32,0,5,5,64.0,42.8,48.2
s2b-r07,2,A,s2b-r07-399,0,0,156,0,32,0,5,5,103.0,42.8,48.2
s2b-r07,2,A,s2b-r07-400,0,0,74,0,32,0,5,5,78.0,42.8,48.2
s2b-r07,2,A,s2b-r07-401,0,0,74,0,2,0,1,1,94.0,42.8,48.2
s2b-r07,2,A,s2b-r07-402,0,0,61,0,16,0,4,4,81.0,42.8,48.2
s2b-r07,2,A,s2b-r07-403,0,0,75,0,32,0,5,5,32.0,42.8,48.2
s2b-r07,2,A,s2b-r07-404,0,0,62,0,1,0,0,0,38.0,42.8,48.2
s2b-r07,2,A,s2b-r07-405,0,0,158,0,1,0,0,0,28.0,42.8,48.2
s2b-r07,2,A,s2b-r07-406,0,0,158,0,32,0,5,5,57.0,42.8,48.2
s2b-r07,2,A,s2b-r07-407,0,0,185,0,16,0,4,4,50.0,42.8,48.2
s2b-r07,2,A,s2b-r07-408,0,0,158,0,16,0,4,4,52.0,42.8,48.2
s2b-r07,2,A,s2b-r07-409,0,0,122,0,4,0,2,2,86.0,42.8,48.2
s2b-r07,2,A,s2b-r07-410,0,0,50,0,32,0,5,5,119.0,42.8,48.2
s2b-r07,2,A,s2b-r07-411,0,0,116,0,16,0,4,4,75.0,42.8,48.2
s2b-r07,2,A,s2b-r07-412,0,0,116,0,16,0,4,4,74.0,42.8,48.2
s2b-r07,2,A,s2b-r07-413,0,0,116,0,16,0,4,4,62.0,42.8,48.2
s2b-r07,2,A,s2b-r07-414,0,0,152,0,32,0,5,5,56.0,42.8,48.2
s2b-r07,2,A,s2b-r07-415,0,0,160,0,32,0,5,5,25.0,42.8,48.2
s2b-r07,2,A,s2b-r07-416,0,0,152,0,32,0,5,5,23.0,42.8,48.2
s2b-r07,2,A,s2b-r07-417,0,0,156,0,8,0,3,3,43.0,42.8,48.2
s2b-r07,2,A,s2b-r07-418,0,0,122,0,8,0,3,3,47.0,42.8,48.2
s2b-r07,2,A,s2b-r07-419,0,0,145,0,8,0,3,3,38.0,42.8,48.2
s2b-r07,2,A,s2b-r07-420,0,0,109,0,8,0,3,3,80.0,42.8,48.2
s2b-r07,2,A,s2b-r07-421,0,0,109,0,1,0,0,1,333.0,42.8,48.2
s2b-r07,2,A,s2b-r07-422,0,0,96,0,4,0,2,2,81.0,42.8,48.2
s2b-r07,2,A,s2b-r07-423,0,0,124,0,4,0,2,2,83.0,42.8,48.2
s2b-r07,2,A,s2b-r07-424,0,0,96,0,2,0,1,4,117.0,42.8,48.2
s2b-r07,2,A,s2b-r07-425,0,0,178,0,2,0,1,1,32.0,42.8,48.2
s2b-r07,2,A,s2b-r07-426,0,0,178,0,2,0,1,1,39.0,42.8,48.2
s2b-r07,2,A,s2b-r07-427,0,0,99,0,2,0,1,1,74.0,42.8,48.2
s2b-r07,2,A,s2b-r07-428,0,0,77,0,16,0,4,4,74.0,42.8,48.2
s2b-r07,2,A,s2b-r07-429,0,0,145,0,16,0,4,5,67.0,42.8,48.2
s2b-r07,2,A,s2b-r07-430,0,0,166,0,2,0,1,1,138.0,42.8,48.2
s2b-r07,2,A,s2b-r07-431,0,0,31,0,2,0,1,1,103.0,42.8,48.2
s2b-r07,2,A,s2b-r07-432,0,0,96,0,1,0,0,0,80.0,42.8,48.2
s2b-r07,2,A,s2b-r07-433,0,0,35,0,16,0,4,4,44.0,42.8,48.2
s2b-r07,2,A,s2b-r07-434,0,0,150,0,16,0,4,4,26.0,42.8,48.2
s2b-r07,2,A,s2b-r07-435,0,0,150,0,16,0,4,4,27.0,42.8,48.2
s2b-r07,2,A,s2b-r07-436,0,0,3,0,16,0,4,4,60.0,42.8,48.2
s2b-r07,2,A,s2b-r07-437,0,0,52,0,32,0,5,5,26.0,42.8,48.2
s2b-r07,2,A,s2b-r07-438,0,0,52,0,32,0,5,5,20.0,42.8,48.2
s2b-r07,2,A,s2b-r07-439,0,0,149,0,32,0,5,5,31.0,42.8,48.2
s2b-r07,2,A,s2b-r07-440,0,0,124,0,32,0,5,5,103.0,42.8,48.2
s2b-r07,2,A,s2b-r07-441,0,0,124,0,2,0,1,1,43.0,42.8,48.2
s2b-r07,2,A,s2b-r07-442,0,0,124,0,16,0,4,4,45.0,42.8,48.2
s2b-r07,2,A,s2b-r07-443,0,0,106,0,16,0,4,4,60.0,42.8,48.2
s2b-r07,2,A,s2b-r07-444,0,0,106,0,32,0,5,5,28.0,42.8,48.2
s2b-r07,2,A,s2b-r07-445,0,0,74,0,32,0,5,5,16.0,42.8,48.2
s2b-r07,2,A,s2b-r07-446,0,0,147,0,32,0,5,5,36.0,42.8,48.2
s2b-r07,2,A,s2b-r07-447,0,0,74,0,32,0,5,5,65.0,42.8,48.2
s2b-r07,2,A,s2b-r07-448,0,0,86,0,32,0,5,5,46.0,42.8,48.2
s2b-r07,2,A,s2b-r07-449,0,0,91,0,2,0,1,1,54.0,42.8,48.2
s2b-r07,2,A,s2b-r07-450,0,0,68,0,2,0,1,1,58.0,42.8,48.2
s2b-r07,2,A,s2b-r07-451,0,0,108,0,1,0,1,1,375.0,42.8,48.2
s2b-r07,2,A,s2b-r07-452,0,0,184,0,2,0,1,1,41.0,42.8,48.2
s2b-r07,2,A,s2b-r07-453,0,0,38,0,2,0,1,1,199.0,42.8,48.2
s2b-r07,2,A,s2b-r07-454,0,0,94,0,32,0,5,5,88.0,42.8,48.2
s2b-r07,2,A,s2b-r07-455,0,0,38,0,32,0,5,5,22.0,42.8,48.2
s2b-r07,2,A,s2b-r07-456,0,0,155,0,16,0,4,4,28.0,42.8,48.2
s2b-r07,2,A,s2b-r07-457,0,0,101,0,32,0,5,5,38.0,42.8,48.2
s2b-r07,2,A,s2b-r07-458,0,0,155,0,32,0,5,5,103.0,42.8,48.2
s2b-r07,2,A,s2b-r07-459,0,0,58,0,32,0,5,5,107.0,42.8,48.2
s2b-r07,2,A,s2b-r07-460,0,0,117,0,32,0,5,5,85.0,42.8,48.2
s2b-r07,2,A,s2b-r07-461,0,0,58,0,32,0,5,5,88.0,42.8,48.2
s2b-r07,2,A,s2b-r07-462,0,0,109,0,16,0,4,4,21.0,42.8,48.2
s2b-r07,2,A,s2b-r07-463,0,0,109,0,2,0,1,1,97.0,42.8,48.2
s2b-r07,2,A,s2b-r07-464,0,0,153,0,32,0,5,5,76.0,42.8,48.2
s2b-r07,2,A,s2b-r07-465,0,0,21,0,32,0,5,5,63.0,42.8,48.2
s2b-r07,2,A,s2b-r07-466,0,0,66,0,2,0,1,1,16.0,42.8,48.2
s2b-r07,2,A,s2b-r07-467,0,0,157,0,16,0,4,4,35.0,42.8,48.2
s2b-r07,2,A,s2b-r07-468,0,0,157,0,16,0,4,4,45.0,42.8,48.2
s2b-r07,2,A,s2b-r07-469,0,0,79,0,2,0,4,1,215.0,42.8,48.2
s2b-r07,2,A,s2b-r07-470,0,0,134,0,16,0,4,4,64.0,42.8,48.2
s2b-r07,2,A,s2b-r07-471,0,0,134,0,16,0,4,4,50.0,42.8,48.2
s2b-r07,2,A,s2b-r07-472,0,0,24,0,16,0,4,4,156.0,42.8,48.2
s2b-r07,2,A,s2b-r07-473,0,0,80,0,16,0,4,4,156.0,42.8,48.2
s2b-r08,2,B,s2b-r08-0,512,512,94,6,1,1,0,0,16.0,43.6,55.6
s2b-r08,2,B,s2b-r08-1,512,512,154,6,1,1,0,0,73.0,43.6,55.6
s2b-r08,2,B,s2b-r08-2,512,512,154,6,2,1,1,1,169.0,43.6,55.6
s2b-r08,2,B,s2b-r08-3,512,512,157,6,2,1,1,1,60.0,43.6,55.6
s2b-r08,2,B,s2b-r08-4,512,512,165,6,128,0,7,7,2044.0,43.6,55.6
s2b-r08,2,B,s2b-r08-5,512,512,125,6,128,0,7,7,59.0,43.6,55.6
s2b-r08,2,B,s2b-r08-6,512,512,99,6,128,0,7,7,150.0,43.6,55.6
s2b-r08,2,B,s2b-r08-7,512,512,101,6,128,0,7,7,47.0,43.6,55.6
s2b-r08,2,B,s2b-r08-8,512,512,77,6,128,0,7,7,163.0,43.6,55.6
s2b-r08,2,B,s2b-r08-9,512,512,102,6,128,0,7,7,57.0,43.6,55.6
s2b-r08,2,B,s2b-r08-10,512,512,100,6,128,0,7,7,127.0,43.6,55.6
s2b-r08,2,B,s2b-r08-11,512,512,100,6,128,0,7,7,50.0,43.6,55.6
s2b-r08,2,B,s2b-r08-12,512,512,100,6,128,0,7,7,124.0,43.6,55.6
s2b-r08,2,B,s2b-r08-13,512,512,103,6,128,0,7,7,49.0,43.6,55.6
s2b-r08,2,B,s2b-r08-14,512,512,100,6,128,0,7,7,305.0,43.6,55.6
s2b-r08,2,B,s2b-r08-15,512,512,107,6,128,0,7,7,51.0,43.6,55.6
s2b-r08,2,B,s2b-r08-16,512,512,99,6,128,0,7,7,52.0,43.6,55.6
s2b-r08,2,B,s2b-r08-17,512,512,99,6,128,0,7,7,133.0,43.6,55.6
s2b-r08,2,B,s2b-r08-18,512,512,102,6,128,0,7,7,51.0,43.6,55.6
s2b-r08,2,B,s2b-r08-19,512,512,85,6,128,0,7,7,151.0,43.6,55.6
s2b-r08,2,B,s2b-r08-20,512,512,102,6,128,0,7,7,53.0,43.6,55.6
s2b-r08,2,B,s2b-r08-21,512,512,87,6,128,0,7,7,151.0,43.6,55.6
s2b-r08,2,B,s2b-r08-22,512,512,103,6,128,0,7,7,47.0,43.6,55.6
s2b-r08,2,B,s2b-r08-23,512,512,98,6,128,0,7,7,131.0,43.6,55.6
s2b-r08,2,B,s2b-r08-24,512,512,98,6,128,0,7,7,49.0,43.6,55.6
s2b-r08,2,B,s2b-r08-25,512,512,98,6,128,0,7,7,128.0,43.6,55.6
s2b-r08,2,B,s2b-r08-26,512,512,102,6,128,0,7,7,47.0,43.6,55.6
s2b-r08,2,B,s2b-r08-27,512,512,54,6,128,0,7,7,132.0,43.6,55.6
s2b-r08,2,B,s2b-r08-28,512,512,100,6,128,0,7,7,52.0,43.6,55.6
s2b-r08,2,B,s2b-r08-29,512,512,99,6,128,0,7,7,404.0,43.6,55.6
s2b-r08,2,B,s2b-r08-30,512,512,139,6,128,0,7,7,50.0,43.6,55.6
s2b-r08,2,B,s2b-r08-31,512,512,98,6,128,0,7,7,82.0,43.6,55.6
s2b-r08,2,B,s2b-r08-32,512,512,98,6,128,0,7,7,51.0,43.6,55.6
s2b-r08,2,B,s2b-r08-33,512,512,100,6,128,0,7,7,174.0,43.6,55.6
s2b-r08,2,B,s2b-r08-34,512,512,106,6,128,0,7,7,52.0,43.6,55.6
s2b-r08,2,B,s2b-r08-35,512,512,106,6,128,0,7,7,53.0,43.6,55.6
s2b-r08,2,B,s2b-r08-36,512,512,106,6,128,0,7,7,50.0,43.6,55.6
s2b-r08,2,B,s2b-r08-37,512,512,75,0,32,0,5,5,118.0,43.6,55.6
s2b-r08,2,B,s2b-r08-38,512,512,168,0,1,0,0,0,36.0,43.6,55.6
s2b-r08,2,B,s2b-r08-39,512,512,168,6,64,0,6,6,78.0,43.6,55.6
s2b-r08,2,B,s2b-r08-40,512,512,102,0,32,0,5,5,31.0,43.6,55.6
s2b-r08,2,B,s2b-r08-41,512,512,88,0,2,0,1,1,52.0,43.6,55.6
s2b-r08,2,B,s2b-r08-42,512,512,153,0,2,0,1,1,66.0,43.6,55.6
s2b-r08,2,B,s2b-r08-43,512,512,153,6,128,0,7,7,23.0,43.6,55.6
s2b-r08,2,B,s2b-r08-44,512,512,99,6,128,0,7,7,154.0,43.6,55.6
s2b-r08,2,B,s2b-r08-45,512,512,103,6,128,0,7,7,51.0,43.6,55.6
s2b-r08,2,B,s2b-r08-46,512,512,70,6,128,0,7,7,129.0,43.6,55.6
s2b-r08,2,B,s2b-r08-47,512,512,101,6,128,0,7,7,49.0,43.6,55.6
s2b-r08,2,B,s2b-r08-48,512,512,82,6,128,0,7,7,146.0,43.6,55.6
s2b-r08,2,B,s2b-r08-49,512,512,104,6,128,0,7,7,50.0,43.6,55.6
s2b-r08,2,B,s2b-r08-50,512,512,104,6,128,0,7,7,210.0,43.6,55.6
s2b-r08,2,B,s2b-r08-51,512,512,104,6,128,0,7,7,55.0,43.6,55.6
s2b-r08,2,B,s2b-r08-52,512,512,104,6,128,0,7,7,126.0,43.6,55.6
s2b-r08,2,B,s2b-r08-53,512,512,87,6,128,0,7,7,179.0,43.6,55.6
s2b-r08,2,B,s2b-r08-54,512,512,106,6,128,0,7,7,53.0,43.6,55.6
s2b-r08,2,B,s2b-r08-55,512,512,87,6,128,0,7,7,76.0,43.6,55.6
s2b-r08,2,B,s2b-r08-56,512,512,106,6,128,0,7,7,50.0,43.6,55.6
s2b-r08,2,B,s2b-r08-57,512,512,106,6,128,0,7,7,196.0,43.6,55.6
s2b-r08,2,B,s2b-r08-58,512,512,106,6,128,0,7,7,56.0,43.6,55.6
s2b-r08,2,B,s2b-r08-59,512,512,106,6,128,0,7,7,135.0,43.6,55.6
s2b-r08,2,B,s2b-r08-60,512,512,106,6,128,0,7,7,54.0,43.6,55.6
s2b-r08,2,B,s2b-r08-61,512,512,106,6,128,0,7,7,153.0,43.6,55.6
s2b-r08,2,B,s2b-r08-62,512,512,106,6,128,0,7,7,48.0,43.6,55.6
s2b-r08,2,B,s2b-r08-63,512,512,106,6,128,0,7,7,149.0,43.6,55.6
s2b-r08,2,B,s2b-r08-64,512,512,108,6,128,0,7,7,49.0,43.6,55.6
s2b-r08,2,B,s2b-r08-65,512,512,108,6,128,0,7,7,152.0,43.6,55.6
s2b-r08,2,B,s2b-r08-66,512,512,108,6,128,0,7,7,50.0,43.6,55.6
s2b-r08,2,B,s2b-r08-67,512,512,108,6,128,0,7,7,52.0,43.6,55.6
s2b-r08,2,B,s2b-r08-68,512,512,108,6,128,0,7,7,139.0,43.6,55.6
s2b-r08,2,B,s2b-r08-69,512,512,106,6,128,0,7,7,49.0,43.6,55.6
s2b-r08,2,B,s2b-r08-70,512,512,106,6,128,0,7,7,210.0,43.6,55.6
s2b-r08,2,B,s2b-r08-71,512,512,106,6,128,0,7,7,55.0,43.6,55.6
s2b-r08,2,B,s2b-r08-72,512,512,106,6,128,0,7,7,185.0,43.6,55.6
s2b-r08,2,B,s2b-r08-73,512,512,58,6,128,0,7,7,54.0,43.6,55.6
s2b-r08,2,B,s2b-r08-74,512,512,98,6,128,0,7,7,83.0,43.6,55.6
s2b-r08,2,B,s2b-r08-75,512,512,74,6,128,0,7,7,48.0,43.6,55.6
s2b-r08,2,B,s2b-r08-76,512,512,97,6,128,0,7,7,47.0,43.6,55.6
s2b-r08,2,B,s2b-r08-77,512,512,70,6,128,0,7,7,51.0,43.6,55.6
s2b-r08,2,B,s2b-r08-78,512,512,98,6,128,0,7,7,248.0,43.6,55.6
s2b-r08,2,B,s2b-r08-79,512,512,110,6,128,0,7,7,49.0,43.6,55.6
s2b-r08,2,B,s2b-r08-80,512,512,98,6,128,0,7,7,126.0,43.6,55.6
s2b-r08,2,B,s2b-r08-81,512,512,86,6,128,0,7,7,73.0,43.6,55.6
s2b-r08,2,B,s2b-r08-82,512,512,103,6,128,0,7,7,50.0,43.6,55.6
s2b-r08,2,B,s2b-r08-83,512,512,77,6,128,0,7,7,162.0,43.6,55.6
s2b-r08,2,B,s2b-r08-84,512,512,114,6,128,0,7,7,52.0,43.6,55.6
s2b-r08,2,B,s2b-r08-85,512,512,114,6,128,0,7,7,126.0,43.6,55.6
s2b-r08,2,B,s2b-r08-86,512,512,114,6,128,0,7,7,52.0,43.6,55.6
s2b-r08,2,B,s2b-r08-87,512,512,114,6,128,0,7,7,130.0,43.6,55.6
s2b-r08,2,B,s2b-r08-88,512,512,55,6,128,0,7,7,53.0,43.6,55.6
s2b-r08,2,B,s2b-r08-89,512,512,99,6,128,0,7,7,124.0,43.6,55.6
s2b-r08,2,B,s2b-r08-90,512,512,101,6,128,0,7,7,49.0,43.6,55.6
s2b-r08,2,B,s2b-r08-91,512,512,26,6,128,0,7,7,157.0,43.6,55.6
s2b-r08,2,B,s2b-r08-92,512,512,111,6,128,0,7,7,54.0,43.6,55.6
s2b-r08,2,B,s2b-r08-93,512,512,36,6,128,0,7,7,215.0,43.6,55.6
s2b-r08,2,B,s2b-r08-94,512,512,109,6,128,0,7,7,54.0,43.6,55.6
s2b-r08,2,B,s2b-r08-95,512,512,87,6,128,0,7,7,149.0,43.6,55.6
s2b-r08,2,B,s2b-r08-96,512,512,105,6,128,0,7,7,50.0,43.6,55.6
s2b-r08,2,B,s2b-r08-97,512,512,87,6,128,0,7,7,144.0,43.6,55.6
s2b-r08,2,B,s2b-r08-98,512,512,101,6,128,0,7,7,48.0,43.6,55.6
s2b-r08,2,B,s2b-r08-99,512,512,101,6,128,0,7,7,56.0,43.6,55.6
s2b-r08,2,B,s2b-r08-100,512,512,101,6,128,0,7,7,54.0,43.6,55.6
s2b-r08,2,B,s2b-r08-101,512,512,101,6,128,0,7,7,176.0,43.6,55.6
s2b-r08,2,B,s2b-r08-102,512,512,103,6,128,0,7,7,53.0,43.6,55.6
s2b-r08,2,B,s2b-r08-103,512,512,103,6,128,0,7,7,143.0,43.6,55.6
s2b-r08,2,B,s2b-r08-104,512,512,103,6,128,0,7,7,51.0,43.6,55.6
s2b-r08,2,B,s2b-r08-105,512,512,95,6,128,0,7,7,154.0,43.6,55.6
s2b-r08,2,B,s2b-r08-106,512,512,102,6,128,0,7,7,56.0,43.6,55.6
s2b-r08,2,B,s2b-r08-107,512,512,98,6,128,0,7,7,162.0,43.6,55.6
s2b-r08,2,B,s2b-r08-108,512,512,95,6,128,0,7,7,54.0,43.6,55.6
s2b-r08,2,B,s2b-r08-109,512,512,101,6,128,0,7,7,132.0,43.6,55.6
s2b-r08,2,B,s2b-r08-110,512,512,101,6,128,0,7,7,48.0,43.6,55.6
s2b-r08,2,B,s2b-r08-111,512,512,101,6,128,0,7,7,174.0,43.6,55.6
s2b-r08,2,B,s2b-r08-112,512,512,104,6,128,0,7,7,57.0,43.6,55.6
s2b-r08,2,B,s2b-r08-113,512,512,101,6,128,0,7,7,65.0,43.6,55.6
s2b-r08,2,B,s2b-r08-114,512,512,101,6,128,0,7,7,147.0,43.6,55.6
s2b-r08,2,B,s2b-r08-115,512,512,103,6,128,0,7,7,52.0,43.6,55.6
s2b-r08,2,B,s2b-r08-116,512,512,101,6,128,0,7,7,140.0,43.6,55.6
s2b-r08,2,B,s2b-r08-117,512,512,95,6,128,0,7,7,49.0,43.6,55.6
s2b-r08,2,B,s2b-r08-118,512,512,99,6,128,0,7,7,57.0,43.6,55.6
s2b-r08,2,B,s2b-r08-119,512,512,80,6,128,0,7,7,58.0,43.6,55.6
s2b-r08,2,B,s2b-r08-120,512,512,99,6,128,0,7,7,165.0,43.6,55.6
s2b-r08,2,B,s2b-r08-121,512,512,102,6,128,0,7,7,57.0,43.6,55.6
s2b-r08,2,B,s2b-r08-122,512,512,99,6,128,0,7,7,175.0,43.6,55.6
s2b-r08,2,B,s2b-r08-123,512,512,103,6,128,0,7,7,52.0,43.6,55.6
s2b-r08,2,B,s2b-r08-124,512,512,99,6,128,0,7,7,128.0,43.6,55.6
s2b-r08,2,B,s2b-r08-125,512,512,99,6,128,0,7,7,48.0,43.6,55.6
s2b-r08,2,B,s2b-r08-126,512,512,99,6,128,0,7,7,143.0,43.6,55.6
s2b-r08,2,B,s2b-r08-127,512,512,104,6,128,0,7,7,54.0,43.6,55.6
s2b-r08,2,B,s2b-r08-128,512,512,102,6,128,0,7,7,122.0,43.6,55.6
s2b-r08,2,B,s2b-r08-129,512,512,102,6,128,0,7,7,154.0,43.6,55.6
s2b-r08,2,B,s2b-r08-130,512,512,105,6,128,0,7,7,48.0,43.6,55.6
s2b-r08,2,B,s2b-r08-131,512,512,88,6,64,0,6,6,144.0,43.6,55.6
s2b-r08,2,B,s2b-r08-132,512,512,111,6,64,0,6,6,130.0,43.6,55.6
s2b-r08,2,B,s2b-r08-133,512,512,88,0,32,0,5,0,84.0,43.6,55.6
s2b-r08,2,B,s2b-r08-134,512,512,154,0,1,0,0,0,17.0,43.6,55.6
s2b-r08,2,B,s2b-r08-135,512,512,5,0,1,0,0,0,62.0,43.6,55.6
s2b-r08,2,B,s2b-r08-136,512,512,181,0,16,0,4,4,50.0,43.6,55.6
s2b-r08,2,B,s2b-r08-137,512,512,85,0,16,0,4,4,20.0,43.6,55.6
s2b-r08,2,B,s2b-r08-138,512,512,148,0,2,0,1,1,73.0,43.6,55.6
s2b-r08,2,B,s2b-r08-139,512,512,148,0,2,0,1,1,67.0,43.6,55.6
s2b-r08,2,B,s2b-r08-140,512,512,157,0,32,0,5,5,48.0,43.6,55.6
s2b-r08,2,B,s2b-r08-141,512,512,163,0,16,0,4,4,39.0,43.6,55.6
s2b-r08,2,B,s2b-r08-142,512,512,149,0,16,0,4,4,19.0,43.6,55.6
s2b-r08,2,B,s2b-r08-143,512,512,173,0,16,0,4,4,16.0,43.6,55.6
s2b-r08,2,B,s2b-r08-144,512,512,173,0,16,0,4,4,105.0,43.6,55.6
s2b-r08,2,B,s2b-r08-145,512,512,173,0,16,0,4,4,59.0,43.6,55.6
s2b-r08,2,B,s2b-r08-146,512,512,19,6,16,1,4,4,35.0,43.6,55.6
s2b-r08,2,B,s2b-r08-147,512,512,155,0,32,0,4,5,417.0,43.6,55.6
s2b-r08,2,B,s2b-r08-148,512,512,104,0,32,0,5,5,65.0,43.6,55.6
s2b-r08,2,B,s2b-r08-149,512,512,155,6,32,1,5,5,117.0,43.6,55.6
s2b-r08,2,B,s2b-r08-150,512,512,156,6,2,1,1,1,152.0,43.6,55.6
s2b-r08,2,B,s2b-r08-151,512,512,5,0,1,0,0,0,57.0,43.6,55.6
s2b-r08,2,B,s2b-r08-152,512,512,193,6,1,1,0,0,21.0,43.6,55.6
s2b-r08,2,B,s2b-r08-153,512,512,103,6,1,1,0,0,33.0,43.6,55.6
s2b-r08,2,B,s2b-r08-154,512,512,161,0,1,0,0,0,18.0,43.6,55.6
s2b-r08,2,B,s2b-r08-155,512,512,161,0,2,0,1,1,13.0,43.6,55.6
s2b-r08,2,B,s2b-r08-156,512,512,161,0,1,0,0,0,21.0,43.6,55.6
s2b-r08,2,B,s2b-r08-157,512,512,161,6,64,0,6,6,73.0,43.6,55.6
s2b-r08,2,B,s2b-r08-158,512,512,102,0,1,0,0,0,134.0,43.6,55.6
s2b-r08,2,B,s2b-r08-159,512,512,161,6,128,0,7,7,69.0,43.6,55.6
s2b-r08,2,B,s2b-r08-160,512,512,99,6,64,0,6,6,52.0,43.6,55.6
s2b-r08,2,B,s2b-r08-161,512,512,101,6,64,0,6,6,124.0,43.6,55.6
s2b-r08,2,B,s2b-r08-162,512,512,107,6,64,0,6,6,47.0,43.6,55.6
s2b-r08,2,B,s2b-r08-163,512,512,99,6,64,0,6,6,146.0,43.6,55.6
s2b-r08,2,B,s2b-r08-164,512,512,101,6,64,0,6,6,52.0,43.6,55.6
s2b-r08,2,B,s2b-r08-165,512,512,101,6,64,0,6,6,148.0,43.6,55.6
s2b-r08,2,B,s2b-r08-166,512,512,101,6,64,0,6,6,49.0,43.6,55.6
s2b-r08,2,B,s2b-r08-167,512,512,101,6,64,0,6,6,137.0,43.6,55.6
s2b-r08,2,B,s2b-r08-168,512,512,102,6,64,0,6,6,54.0,43.6,55.6
s2b-r08,2,B,s2b-r08-169,512,512,102,6,64,0,6,6,172.0,43.6,55.6
s2b-r08,2,B,s2b-r08-170,512,512,105,6,64,0,6,6,61.0,43.6,55.6
s2b-r08,2,B,s2b-r08-171,512,512,102,6,64,0,6,6,73.0,43.6,55.6
s2b-r08,2,B,s2b-r08-172,512,512,60,6,64,0,6,6,51.0,43.6,55.6
s2b-r08,2,B,s2b-r08-173,512,512,97,6,64,0,6,6,51.0,43.6,55.6
s2b-r08,2,B,s2b-r08-174,512,512,99,6,64,0,6,6,175.0,43.6,55.6
s2b-r08,2,B,s2b-r08-175,512,512,77,6,64,0,6,6,51.0,43.6,55.6
s2b-r08,2,B,s2b-r08-176,512,512,99,6,64,0,6,6,48.0,43.6,55.6
s2b-r08,2,B,s2b-r08-177,512,512,77,6,64,0,6,6,146.0,43.6,55.6
s2b-r08,2,B,s2b-r08-178,512,512,104,6,64,0,6,6,48.0,43.6,55.6
s2b-r08,2,B,s2b-r08-179,512,512,86,6,64,0,6,6,153.0,43.6,55.6
s2b-r08,2,B,s2b-r08-180,512,512,105,6,64,0,6,6,57.0,43.6,55.6
s2b-r08,2,B,s2b-r08-181,512,512,100,6,64,0,6,6,172.0,43.6,55.6
s2b-r08,2,B,s2b-r08-182,512,512,67,6,64,0,6,6,54.0,43.6,55.6
s2b-r08,2,B,s2b-r08-183,512,512,100,6,64,0,6,6,150.0,43.6,55.6
s2b-r08,2,B,s2b-r08-184,512,512,101,6,64,0,6,6,55.0,43.6,55.6
s2b-r08,2,B,s2b-r08-185,512,512,67,6,64,0,6,6,155.0,43.6,55.6
s2b-r08,2,B,s2b-r08-186,512,512,102,6,64,0,6,6,50.0,43.6,55.6
s2b-r08,2,B,s2b-r08-187,512,512,102,6,64,0,6,6,102.0,43.6,55.6
s2b-r08,2,B,s2b-r08-188,512,512,102,6,64,0,6,6,46.0,43.6,55.6
s2b-r08,2,B,s2b-r08-189,512,512,102,6,64,0,6,6,126.0,43.6,55.6
s2b-r08,2,B,s2b-r08-190,512,512,101,6,64,0,6,6,49.0,43.6,55.6
s2b-r08,2,B,s2b-r08-191,512,512,101,6,64,0,6,6,139.0,43.6,55.6
s2b-r08,2,B,s2b-r08-192,512,512,101,6,64,0,6,6,51.0,43.6,55.6
s2b-r08,2,B,s2b-r08-193,512,512,101,6,64,0,6,6,500.0,43.6,55.6
s2b-r08,2,B,s2b-r08-194,512,512,117,6,64,0,6,6,48.0,43.6,55.6
s2b-r08,2,B,s2b-r08-195,512,512,117,6,64,0,6,6,132.0,43.6,55.6
s2b-r08,2,B,s2b-r08-196,512,512,117,6,64,0,6,6,49.0,43.6,55.6
s2b-r08,2,B,s2b-r08-197,512,512,117,6,64,0,6,6,180.0,43.6,55.6
s2b-r08,2,B,s2b-r08-198,512,512,117,6,64,0,6,6,50.0,43.6,55.6
s2b-r08,2,B,s2b-r08-199,512,512,70,6,64,0,6,6,148.0,43.6,55.6
s2b-r08,2,B,s2b-r08-200,512,512,102,6,64,0,6,6,49.0,43.6,55.6
s2b-r08,2,B,s2b-r08-201,512,512,98,6,64,0,6,6,143.0,43.6,55.6
s2b-r08,2,B,s2b-r08-202,512,512,106,6,64,0,6,6,53.0,43.6,55.6
s2b-r08,2,B,s2b-r08-203,512,512,106,6,64,0,6,6,194.0,43.6,55.6
s2b-r08,2,B,s2b-r08-204,512,512,106,6,64,0,6,6,49.0,43.6,55.6
s2b-r08,2,B,s2b-r08-205,512,512,106,6,64,0,6,6,176.0,43.6,55.6
s2b-r08,2,B,s2b-r08-206,512,512,106,6,64,0,6,6,51.0,43.6,55.6
s2b-r08,2,B,s2b-r08-207,512,512,68,6,64,0,6,6,149.0,43.6,55.6
s2b-r08,2,B,s2b-r08-208,512,512,104,6,64,0,6,6,49.0,43.6,55.6
s2b-r08,2,B,s2b-r08-209,512,512,98,6,64,0,6,6,125.0,43.6,55.6
s2b-r08,2,B,s2b-r08-210,512,512,97,6,64,0,6,6,50.0,43.6,55.6
s2b-r08,2,B,s2b-r08-211,512,512,99,6,64,0,6,6,208.0,43.6,55.6
s2b-r08,2,B,s2b-r08-212,512,512,106,6,64,0,6,6,54.0,43.6,55.6
s2b-r08,2,B,s2b-r08-213,512,512,97,6,64,0,6,6,208.0,43.6,55.6
s2b-r08,2,B,s2b-r08-214,512,512,105,6,64,0,6,6,48.0,43.6,55.6
s2b-r08,2,B,s2b-r08-215,512,512,105,6,64,0,6,6,171.0,43.6,55.6
s2b-r08,2,B,s2b-r08-216,512,512,105,6,64,0,6,6,50.0,43.6,55.6
s2b-r08,2,B,s2b-r08-217,512,512,105,6,64,0,6,6,131.0,43.6,55.6
s2b-r08,2,B,s2b-r08-218,512,512,100,6,64,0,6,6,52.0,43.6,55.6
s2b-r08,2,B,s2b-r08-219,512,512,100,6,64,0,6,6,150.0,43.6,55.6
s2b-r08,2,B,s2b-r08-220,512,512,102,6,64,0,6,6,51.0,43.6,55.6
s2b-r08,2,B,s2b-r08-221,512,512,100,6,64,0,6,6,202.0,43.6,55.6
s2b-r08,2,B,s2b-r08-222,512,512,94,6,64,0,6,6,46.0,43.6,55.6
s2b-r08,2,B,s2b-r08-223,512,512,98,6,64,0,6,6,161.0,43.6,55.6
s2b-r08,2,B,s2b-r08-224,512,512,104,6,64,0,6,6,48.0,43.6,55.6
s2b-r08,2,B,s2b-r08-225,512,512,69,6,64,0,6,6,158.0,43.6,55.6
s2b-r08,2,B,s2b-r08-226,512,512,103,6,64,0,6,6,51.0,43.6,55.6
s2b-r08,2,B,s2b-r08-227,512,512,97,6,64,0,6,6,149.0,43.6,55.6
s2b-r08,2,B,s2b-r08-228,512,512,102,6,64,0,6,6,49.0,43.6,55.6
s2b-r08,2,B,s2b-r08-229,512,512,100,6,64,0,6,6,160.0,43.6,55.6
s2b-r08,2,B,s2b-r08-230,512,512,107,6,64,0,6,6,58.0,43.6,55.6
s2b-r08,2,B,s2b-r08-231,512,512,100,6,64,0,6,6,126.0,43.6,55.6
s2b-r08,2,B,s2b-r08-232,512,512,100,6,64,0,6,6,47.0,43.6,55.6
s2b-r08,2,B,s2b-r08-233,512,512,100,6,64,0,6,6,148.0,43.6,55.6
s2b-r08,2,B,s2b-r08-234,512,512,104,6,64,0,6,6,56.0,43.6,55.6
s2b-r08,2,B,s2b-r08-235,512,512,104,6,64,0,6,6,173.0,43.6,55.6
s2b-r08,2,B,s2b-r08-236,512,512,104,6,64,0,6,6,48.0,43.6,55.6
s2b-r08,2,B,s2b-r08-237,512,512,104,6,64,0,6,6,294.0,43.6,55.6
s2b-r08,2,B,s2b-r08-238,512,512,116,6,64,0,6,6,57.0,43.6,55.6
s2b-r08,2,B,s2b-r08-239,512,512,116,6,64,0,6,6,445.0,43.6,55.6
s2b-r08,2,B,s2b-r08-240,512,512,116,6,64,0,6,6,57.0,43.6,55.6
s2b-r08,2,B,s2b-r08-241,512,512,116,6,128,0,7,7,212.0,43.6,55.6
s2b-r08,2,B,s2b-r08-242,512,512,106,6,128,0,7,7,52.0,43.6,55.6
s2b-r08,2,B,s2b-r08-243,512,512,106,6,128,0,7,7,47.0,43.6,55.6
s2b-r08,2,B,s2b-r08-244,512,512,106,6,128,0,7,7,153.0,43.6,55.6
s2b-r08,2,B,s2b-r08-245,512,512,106,6,128,0,7,7,53.0,43.6,55.6
s2b-r08,2,B,s2b-r08-246,512,512,72,6,128,0,7,7,55.0,43.6,55.6
s2b-r08,2,B,s2b-r08-247,512,512,97,6,128,0,7,7,156.0,43.6,55.6
s2b-r08,2,B,s2b-r08-248,512,512,103,6,128,0,7,7,54.0,43.6,55.6
s2b-r08,2,B,s2b-r08-249,512,512,52,6,128,0,7,7,197.0,43.6,55.6
s2b-r08,2,B,s2b-r08-250,512,512,108,6,128,0,7,7,56.0,43.6,55.6
s2b-r08,2,B,s2b-r08-251,512,512,87,6,128,0,7,7,50.0,43.6,55.6
s2b-r08,2,B,s2b-r08-252,512,512,98,6,128,0,7,7,155.0,43.6,55.6
s2b-r08,2,B,s2b-r08-253,512,512,111,6,128,0,7,7,52.0,43.6,55.6
s2b-r08,2,B,s2b-r08-254,512,512,111,6,128,0,7,7,357.0,43.6,55.6
s2b-r08,2,B,s2b-r08-255,512,512,111,6,128,0,7,7,48.0,43.6,55.6
s2b-r08,2,B,s2b-r08-256,512,512,111,6,128,0,7,7,128.0,43.6,55.6
s2b-r08,2,B,s2b-r08-257,512,512,111,6,128,0,7,7,48.0,43.6,55.6
s2b-r08,2,B,s2b-r08-258,512,512,68,6,128,0,7,7,154.0,43.6,55.6
s2b-r08,2,B,s2b-r08-259,512,512,104,6,128,0,7,7,57.0,43.6,55.6
s2b-r08,2,B,s2b-r08-260,512,512,98,6,128,0,7,7,88.0,43.6,55.6
s2b-r08,2,B,s2b-r08-261,512,512,77,6,128,0,7,7,53.0,43.6,55.6
s2b-r08,2,B,s2b-r08-262,512,512,100,6,128,0,7,7,179.0,43.6,55.6
s2b-r08,2,B,s2b-r08-263,512,512,104,6,128,0,7,7,53.0,43.6,55.6
s2b-r08,2,B,s2b-r08-264,512,512,77,6,128,0,7,7,147.0,43.6,55.6
s2b-r08,2,B,s2b-r08-265,512,512,103,6,128,0,7,7,53.0,43.6,55.6
s2b-r08,2,B,s2b-r08-266,512,512,103,6,128,0,7,7,149.0,43.6,55.6
s2b-r08,2,B,s2b-r08-267,512,512,106,6,128,0,7,7,53.0,43.6,55.6
s2b-r08,2,B,s2b-r08-268,512,512,103,6,128,0,7,7,129.0,43.6,55.6
s2b-r08,2,B,s2b-r08-269,512,512,101,0,1,0,0,0,64.0,43.6,55.6
s2b-r08,2,B,s2b-r08-270,512,512,150,0,1,0,0,0,14.0,43.6,55.6
s2b-r08,2,B,s2b-r08-271,512,512,152,6,64,0,6,6,85.0,43.6,55.6
s2b-r08,2,B,s2b-r08-272,512,512,107,6,64,0,6,6,56.0,43.6,55.6
s2b-r08,2,B,s2b-r08-273,512,512,101,0,16,0,4,4,122.0,43.6,55.6
s2b-r08,2,B,s2b-r08-274,512,512,3,6,128,0,7,7,102.0,43.6,55.6
s2b-r08,2,B,s2b-r08-275,512,512,101,6,128,0,7,7,17.0,43.6,55.6
s2b-r08,2,B,s2b-r08-276,512,512,96,6,128,0,7,7,24.0,43.6,55.6
s2b-r08,2,B,s2b-r08-277,512,512,101,6,128,0,7,7,36.0,43.6,55.6
s2b-r08,2,B,s2b-r08-278,512,512,101,6,128,0,7,7,61.0,43.6,55.6
s2b-r08,2,B,s2b-r08-279,512,512,101,6,128,0,7,7,48.0,43.6,55.6
s2b-r08,2,B,s2b-r08-280,512,512,101,6,128,0,7,7,160.0,43.6,55.6
s2b-r08,2,B,s2b-r08-281,512,512,102,6,128,0,7,7,48.0,43.6,55.6
s2b-r08,2,B,s2b-r08-282,512,512,65,6,128,0,7,7,153.0,43.6,55.6
s2b-r08,2,B,s2b-r08-283,512,512,101,6,128,0,7,7,58.0,43.6,55.6
s2b-r08,2,B,s2b-r08-284,512,512,102,6,128,0,7,7,263.0,43.6,55.6
s2b-r08,2,B,s2b-r08-285,512,512,108,6,128,0,7,7,48.0,43.6,55.6
s2b-r08,2,B,s2b-r08-286,512,512,97,6,128,0,7,7,158.0,43.6,55.6
s2b-r08,2,B,s2b-r08-287,512,512,107,6,128,0,7,7,48.0,43.6,55.6
s2b-r08,2,B,s2b-r08-288,512,512,98,6,128,0,7,7,152.0,43.6,55.6
s2b-r08,2,B,s2b-r08-289,512,512,101,6,128,0,7,7,51.0,43.6,55.6
s2b-r08,2,B,s2b-r08-290,512,512,99,6,128,0,7,7,118.0,43.6,55.6
s2b-r08,2,B,s2b-r08-291,512,512,101,6,128,0,7,7,47.0,43.6,55.6
s2b-r08,2,B,s2b-r08-292,512,512,101,6,128,0,7,7,123.0,43.6,55.6
s2b-r08,2,B,s2b-r08-293,512,512,101,6,128,0,7,7,51.0,43.6,55.6
s2b-r08,2,B,s2b-r08-294,512,512,101,6,128,0,7,7,131.0,43.6,55.6
s2b-r08,2,B,s2b-r08-295,512,512,91,6,128,0,7,7,48.0,43.6,55.6
s2b-r08,2,B,s2b-r08-296,512,512,97,6,128,0,7,7,142.0,43.6,55.6
s2b-r08,2,B,s2b-r08-297,512,512,103,6,128,0,7,7,47.0,43.6,55.6
s2b-r08,2,B,s2b-r08-298,512,512,98,6,128,0,7,7,143.0,43.6,55.6
s2b-r08,2,B,s2b-r08-299,512,512,102,6,128,0,7,7,50.0,43.6,55.6
s2b-r08,2,B,s2b-r08-300,512,512,102,6,128,0,7,7,93.0,43.6,55.6
s2b-r08,2,B,s2b-r08-301,512,512,103,6,128,0,7,7,48.0,43.6,55.6
s2b-r08,2,B,s2b-r08-302,512,512,102,6,128,0,7,7,153.0,43.6,55.6
s2b-r08,2,B,s2b-r08-303,512,512,105,6,128,0,7,7,50.0,43.6,55.6
s2b-r08,2,B,s2b-r08-304,512,512,105,0,1,0,0,0,57.0,43.6,55.6
s2b-r08,2,B,s2b-r08-305,512,512,105,6,128,0,7,7,2071.0,43.6,55.6
s2b-r08,2,B,s2b-r08-306,512,512,109,6,128,0,7,7,48.0,43.6,55.6
s2b-r08,2,B,s2b-r08-307,512,512,54,6,128,0,7,7,51.0,43.6,55.6
s2b-r08,2,B,s2b-r08-308,512,512,97,6,128,0,7,7,152.0,43.6,55.6
s2b-r08,2,B,s2b-r08-309,512,512,103,6,128,0,7,7,52.0,43.6,55.6
s2b-r08,2,B,s2b-r08-310,512,512,54,6,128,0,7,7,189.0,43.6,55.6
s2b-r08,2,B,s2b-r08-311,512,512,106,6,128,0,7,7,64.0,43.6,55.6
s2b-r08,2,B,s2b-r08-312,512,512,100,6,128,0,7,7,73.0,43.6,55.6
s2b-r08,2,B,s2b-r08-313,512,512,54,6,128,0,7,7,50.0,43.6,55.6
s2b-r08,2,B,s2b-r08-314,512,512,96,6,128,0,7,7,165.0,43.6,55.6
s2b-r08,2,B,s2b-r08-315,512,512,108,6,128,0,7,7,51.0,43.6,55.6
s2b-r08,2,B,s2b-r08-316,512,512,99,6,128,0,7,7,272.0,43.6,55.6
s2b-r08,2,B,s2b-r08-317,512,512,108,6,128,0,7,7,58.0,43.6,55.6
s2b-r08,2,B,s2b-r08-318,512,512,99,6,128,0,7,7,125.0,43.6,55.6
s2b-r08,2,B,s2b-r08-319,512,512,103,6,128,0,7,7,49.0,43.6,55.6
s2b-r08,2,B,s2b-r08-320,512,512,99,6,128,0,7,7,131.0,43.6,55.6
s2b-r08,2,B,s2b-r08-321,512,512,102,6,128,0,7,7,53.0,43.6,55.6
s2b-r08,2,B,s2b-r08-322,512,512,88,6,128,0,7,7,158.0,43.6,55.6
s2b-r08,2,B,s2b-r08-323,512,512,107,6,128,0,7,7,47.0,43.6,55.6
s2b-r08,2,B,s2b-r08-324,512,512,91,6,128,0,7,7,186.0,43.6,55.6
s2b-r08,2,B,s2b-r08-325,512,512,101,6,128,0,7,7,52.0,43.6,55.6
s2b-r08,2,B,s2b-r08-326,512,512,98,6,128,0,7,7,145.0,43.6,55.6
s2b-r08,2,B,s2b-r08-327,512,512,107,6,128,0,7,7,55.0,43.6,55.6
s2b-r08,2,B,s2b-r08-328,512,512,98,6,128,0,7,7,147.0,43.6,55.6
s2b-r08,2,B,s2b-r08-329,512,512,112,6,128,0,7,7,55.0,43.6,55.6
s2b-r08,2,B,s2b-r08-330,512,512,102,6,128,0,7,7,128.0,43.6,55.6
s2b-r08,2,B,s2b-r08-331,512,512,89,6,128,0,7,7,55.0,43.6,55.6
s2b-r08,2,B,s2b-r08-332,512,512,101,6,128,0,7,7,61.0,43.6,55.6
s2b-r08,2,B,s2b-r08-333,512,512,82,6,128,0,7,7,49.0,43.6,55.6
s2b-r08,2,B,s2b-r08-334,512,512,99,6,128,0,7,7,149.0,43.6,55.6
s2b-r08,2,B,s2b-r08-335,512,512,102,6,128,0,7,7,60.0,43.6,55.6
s2b-r08,2,B,s2b-r08-336,512,512,99,6,128,0,7,7,142.0,43.6,55.6
s2b-r08,2,B,s2b-r08-337,512,512,103,6,128,0,7,7,52.0,43.6,55.6
s2b-r08,2,B,s2b-r08-338,512,512,98,6,128,0,7,7,146.0,43.6,55.6
s2b-r08,2,B,s2b-r08-339,512,512,99,6,128,0,7,7,52.0,43.6,55.6
s2b-r08,2,B,s2b-r08-340,512,512,99,6,128,0,7,7,126.0,43.6,55.6
s2b-r08,2,B,s2b-r08-341,512,512,106,6,128,0,7,7,51.0,43.6,55.6
s2b-r08,2,B,s2b-r08-342,512,512,98,6,128,0,7,7,153.0,43.6,55.6
s2b-r08,2,B,s2b-r08-343,512,512,103,6,128,0,7,7,49.0,43.6,55.6
s2b-r08,2,B,s2b-r08-344,512,512,99,6,128,0,7,7,117.0,43.6,55.6
s2b-r08,2,B,s2b-r08-345,512,512,102,6,128,0,7,7,50.0,43.6,55.6
s2b-r08,2,B,s2b-r08-346,512,512,18,6,128,0,7,7,128.0,43.6,55.6
s2b-r08,2,B,s2b-r08-347,512,512,101,6,128,0,7,7,56.0,43.6,55.6
s2b-r08,2,B,s2b-r08-348,512,512,99,6,128,0,7,7,152.0,43.6,55.6
s2b-r08,2,B,s2b-r08-349,512,512,81,6,128,0,7,7,50.0,43.6,55.6
s2b-r08,2,B,s2b-r08-350,512,512,98,6,128,0,7,7,212.0,43.6,55.6
s2b-r08,2,B,s2b-r08-351,512,512,106,6,128,0,7,7,49.0,43.6,55.6
s2b-r08,2,B,s2b-r08-352,512,512,101,6,128,0,7,7,132.0,43.6,55.6
s2b-r08,2,B,s2b-r08-353,512,512,103,6,128,0,7,7,50.0,43.6,55.6
s2b-r08,2,B,s2b-r08-354,512,512,99,6,128,0,7,7,154.0,43.6,55.6
s2b-r08,2,B,s2b-r08-355,512,512,104,6,128,0,7,7,53.0,43.6,55.6
s2b-r08,2,B,s2b-r08-356,512,512,104,6,128,0,7,7,131.0,43.6,55.6
s2b-r08,2,B,s2b-r08-357,512,512,104,6,128,0,7,7,51.0,43.6,55.6
s2b-r08,2,B,s2b-r08-358,512,512,84,6,128,0,7,7,54.0,43.6,55.6
s2b-r08,2,B,s2b-r08-359,512,512,100,6,128,0,7,7,46.0,43.6,55.6
s2b-r08,2,B,s2b-r08-360,512,512,84,6,128,0,7,7,146.0,43.6,55.6
s2b-r08,2,B,s2b-r08-361,512,512,105,6,128,0,7,7,48.0,43.6,55.6
s2b-r08,2,B,s2b-r08-362,512,512,86,6,128,0,7,7,152.0,43.6,55.6
s2b-r08,2,B,s2b-r08-363,512,512,104,6,128,0,7,7,52.0,43.6,55.6
s2b-r08,2,B,s2b-r08-364,512,512,88,6,128,0,7,7,288.0,43.6,55.6
s2b-r08,2,B,s2b-r08-365,512,512,109,6,128,0,7,7,51.0,43.6,55.6
s2b-r08,2,B,s2b-r08-366,512,512,109,6,128,0,7,7,128.0,43.6,55.6
s2b-r08,2,B,s2b-r08-367,512,512,109,6,128,0,7,7,53.0,43.6,55.6
s2b-r08,2,B,s2b-r08-368,512,512,109,6,128,0,7,7,156.0,43.6,55.6
s2b-r08,2,B,s2b-r08-369,512,512,60,6,128,0,7,7,52.0,43.6,55.6
s2b-r08,2,B,s2b-r08-370,512,512,99,6,128,0,7,7,165.0,43.6,55.6
s2b-r08,2,B,s2b-r08-371,512,512,103,6,128,0,7,7,47.0,43.6,55.6
s2b-r08,2,B,s2b-r08-372,512,512,98,6,128,0,7,7,148.0,43.6,55.6
s2b-r08,2,B,s2b-r08-373,512,512,85,6,128,0,7,7,48.0,43.6,55.6
s2b-r08,2,B,s2b-r08-374,512,512,99,6,128,0,7,7,152.0,43.6,55.6
s2b-r08,2,B,s2b-r08-375,512,512,104,6,128,0,7,7,47.0,43.6,55.6
s2b-r08,2,B,s2b-r08-376,512,512,11,6,128,0,7,7,181.0,43.6,55.6
s2b-r08,2,B,s2b-r08-377,512,512,105,6,128,0,7,7,58.0,43.6,55.6
s2b-r08,2,B,s2b-r08-378,512,512,97,6,128,0,7,7,158.0,43.6,55.6
s2b-r08,2,B,s2b-r08-379,512,512,85,6,128,0,7,7,48.0,43.6,55.6
s2b-r08,2,B,s2b-r08-380,512,512,97,6,128,0,7,7,86.0,43.6,55.6
s2b-r08,2,B,s2b-r08-381,512,512,97,6,128,0,7,7,174.0,43.6,55.6
s2b-r08,2,B,s2b-r08-382,512,512,104,6,128,0,7,7,53.0,43.6,55.6
s2b-r08,2,B,s2b-r08-383,512,512,99,6,128,0,7,7,135.0,43.6,55.6
s2b-r08,2,B,s2b-r08-384,512,512,101,6,128,0,7,7,51.0,43.6,55.6
s2b-r08,2,B,s2b-r08-385,512,512,101,0,1,0,0,0,121.0,43.6,55.6
s2b-r08,2,B,s2b-r08-386,512,512,185,0,1,0,0,0,13.0,43.6,55.6
s2b-r08,2,B,s2b-r08-387,512,512,134,6,2,1,1,1,119.0,43.6,55.6
s2b-r08,2,B,s2b-r08-388,512,512,148,0,2,0,1,1,100.0,43.6,55.6
s2b-r08,2,B,s2b-r08-389,512,512,147,0,2,0,1,1,21.0,43.6,55.6
s2b-r08,2,B,s2b-r08-390,512,512,147,0,2,0,1,1,60.0,43.6,55.6
s2b-r08,2,B,s2b-r08-391,512,512,160,6,128,0,7,7,19.0,43.6,55.6
s2b-r08,2,B,s2b-r08-392,512,512,99,6,128,0,7,7,53.0,43.6,55.6
s2b-r08,2,B,s2b-r08-393,512,512,99,0,16,0,4,4,107.0,43.6,55.6
s2b-r08,2,B,s2b-r08-394,512,512,181,6,128,0,7,7,2132.0,43.6,55.6
s2b-r08,2,B,s2b-r08-395,512,512,113,6,128,0,7,7,64.0,43.6,55.6
s2b-r08,2,B,s2b-r08-396,512,512,98,6,128,0,7,7,128.0,43.6,55.6
s2b-r08,2,B,s2b-r08-397,512,512,102,6,128,0,7,7,52.0,43.6,55.6
s2b-r08,2,B,s2b-r08-398,512,512,98,6,128,0,7,7,173.0,43.6,55.6
s2b-r08,2,B,s2b-r08-399,512,512,106,6,128,0,7,7,53.0,43.6,55.6
s2b-r08,2,B,s2b-r08-400,512,512,100,6,128,0,7,7,145.0,43.6,55.6
s2b-r08,2,B,s2b-r08-401,512,512,100,6,128,0,7,7,54.0,43.6,55.6
s2b-r08,2,B,s2b-r08-402,512,512,100,6,128,0,7,7,173.0,43.6,55.6
s2b-r08,2,B,s2b-r08-403,512,512,103,6,128,0,7,7,58.0,43.6,55.6
s2b-r08,2,B,s2b-r08-404,512,512,55,6,128,0,7,7,125.0,43.6,55.6
s2b-r08,2,B,s2b-r08-405,512,512,102,6,128,0,7,7,52.0,43.6,55.6
s2b-r08,2,B,s2b-r08-406,512,512,99,6,128,0,7,7,147.0,43.6,55.6
s2b-r08,2,B,s2b-r08-407,512,512,97,6,128,0,7,7,54.0,43.6,55.6
s2b-r08,2,B,s2b-r08-408,512,512,98,6,128,0,7,7,212.0,43.6,55.6
s2b-r08,2,B,s2b-r08-409,512,512,105,6,128,0,7,7,49.0,43.6,55.6
s2b-r08,2,B,s2b-r08-410,512,512,99,6,128,0,7,7,345.0,43.6,55.6
s2b-r08,2,B,s2b-r08-411,512,512,113,6,128,0,7,7,53.0,43.6,55.6
s2b-r08,2,B,s2b-r08-412,512,512,102,6,128,0,7,7,97.0,43.6,55.6
s2b-r08,2,B,s2b-r08-413,512,512,105,6,128,0,7,7,53.0,43.6,55.6
s2b-r08,2,B,s2b-r08-414,512,512,102,6,128,0,7,7,127.0,43.6,55.6
s2b-r08,2,B,s2b-r08-415,512,512,102,6,128,0,7,7,50.0,43.6,55.6
s2b-r08,2,B,s2b-r08-416,512,512,97,6,128,0,7,7,153.0,43.6,55.6
s2b-r08,2,B,s2b-r08-417,512,512,97,6,128,0,7,7,46.0,43.6,55.6
s2b-r08,2,B,s2b-r08-418,512,512,99,6,128,0,7,7,50.0,43.6,55.6
s2b-r08,2,B,s2b-r08-419,512,512,91,6,128,0,7,7,49.0,43.6,55.6
s2b-r08,2,B,s2b-r08-420,512,512,98,6,128,0,7,7,245.0,43.6,55.6
s2b-r08,2,B,s2b-r08-421,512,512,108,6,128,0,7,7,49.0,43.6,55.6
s2b-r08,2,B,s2b-r08-422,512,512,98,6,128,0,7,7,145.0,43.6,55.6
s2b-r08,2,B,s2b-r08-423,512,512,102,6,128,0,7,7,50.0,43.6,55.6
s2b-r08,2,B,s2b-r08-424,512,512,99,6,128,0,7,7,176.0,43.6,55.6
s2b-r08,2,B,s2b-r08-425,512,512,103,6,128,0,7,7,52.0,43.6,55.6
s2b-r08,2,B,s2b-r08-426,512,512,99,6,128,0,7,7,69.0,43.6,55.6
s2b-r08,2,B,s2b-r08-427,512,512,99,6,128,0,7,7,368.0,43.6,55.6
s2b-r08,2,B,s2b-r08-428,512,512,113,6,128,0,7,7,52.0,43.6,55.6
s2b-r08,2,B,s2b-r08-429,512,512,113,6,128,0,7,7,50.0,43.6,55.6
s2b-r08,2,B,s2b-r08-430,512,512,113,6,128,0,7,7,186.0,43.6,55.6
s2b-r08,2,B,s2b-r08-431,512,512,113,6,128,0,7,7,53.0,43.6,55.6
s2b-r08,2,B,s2b-r08-432,512,512,101,6,128,0,7,7,48.0,43.6,55.6
s2b-r08,2,B,s2b-r08-433,512,512,101,6,128,0,7,7,131.0,43.6,55.6
s2b-r08,2,B,s2b-r08-434,512,512,103,6,128,0,7,7,48.0,43.6,55.6
s2b-r08,2,B,s2b-r08-435,512,512,101,6,128,0,7,7,152.0,43.6,55.6
s2b-r08,2,B,s2b-r08-436,512,512,101,6,128,0,7,7,53.0,43.6,55.6
s2b-r08,2,B,s2b-r08-437,512,512,93,6,128,0,7,7,63.0,43.6,55.6
s2b-r08,2,B,s2b-r08-438,512,512,102,6,128,0,7,7,51.0,43.6,55.6
s2b-r08,2,B,s2b-r08-439,512,512,78,6,128,0,7,7,173.0,43.6,55.6
s2b-r08,2,B,s2b-r08-440,512,512,106,6,128,0,7,7,55.0,43.6,55.6
s2b-r08,2,B,s2b-r08-441,512,512,106,6,128,0,7,7,179.0,43.6,55.6
s2b-r08,2,B,s2b-r08-442,512,512,106,6,128,0,7,7,53.0,43.6,55.6
s2b-r08,2,B,s2b-r08-443,512,512,106,6,128,0,7,7,146.0,43.6,55.6
s2b-r08,2,B,s2b-r08-444,512,512,55,6,128,0,7,7,52.0,43.6,55.6
s2b-r08,2,B,s2b-r08-445,512,512,99,6,128,0,7,7,222.0,43.6,55.6
s2b-r08,2,B,s2b-r08-446,512,512,106,6,128,0,7,7,51.0,43.6,55.6
s2b-r08,2,B,s2b-r08-447,512,512,97,6,128,0,7,7,159.0,43.6,55.6
s2b-r08,2,B,s2b-r08-448,512,512,108,6,128,0,7,7,48.0,43.6,55.6
s2b-r08,2,B,s2b-r08-449,512,512,108,6,128,0,7,7,52.0,43.6,55.6
s2b-r08,2,B,s2b-r08-450,512,512,108,6,128,0,7,7,415.0,43.6,55.6
s2b-r08,2,B,s2b-r08-451,512,512,8,6,128,0,7,7,53.0,43.6,55.6
s2b-r08,2,B,s2b-r08-452,512,512,102,6,128,0,7,7,70.0,43.6,55.6
s2b-r08,2,B,s2b-r08-453,512,512,105,6,128,0,7,7,52.0,43.6,55.6
s2b-r08,2,B,s2b-r08-454,512,512,98,6,128,0,7,7,51.0,43.6,55.6
s2b-r08,2,B,s2b-r08-455,512,512,17,6,128,0,7,7,191.0,43.6,55.6
s2b-r08,2,B,s2b-r08-456,512,512,104,6,128,0,7,7,51.0,43.6,55.6
s2b-r08,2,B,s2b-r08-457,512,512,98,6,128,0,7,7,176.0,43.6,55.6
s2b-r08,2,B,s2b-r08-458,512,512,37,6,128,0,7,7,55.0,43.6,55.6
s2b-r08,2,B,s2b-r08-459,512,512,97,6,128,0,7,7,48.0,43.6,55.6
s2b-r08,2,B,s2b-r08-460,512,512,98,6,128,0,7,7,183.0,43.6,55.6
s2b-r08,2,B,s2b-r08-461,512,512,104,6,128,0,7,7,54.0,43.6,55.6
s2b-r08,2,B,s2b-r08-462,512,512,99,6,128,0,7,7,129.0,43.6,55.6
s2b-r08,2,B,s2b-r08-463,512,512,57,6,128,0,7,7,48.0,43.6,55.6
s2b-r08,2,B,s2b-r08-464,512,512,98,6,128,0,7,7,62.0,43.6,55.6
s2b-r08,2,B,s2b-r08-465,512,512,102,6,128,0,7,7,49.0,43.6,55.6
s2b-r08,2,B,s2b-r08-466,512,512,99,6,128,0,7,7,168.0,43.6,55.6
s2b-r08,2,B,s2b-r08-467,512,512,101,6,128,0,7,7,52.0,43.6,55.6
s2b-r08,2,B,s2b-r08-468,512,512,101,6,128,0,7,7,137.0,43.6,55.6
s2b-r08,2,B,s2b-r08-469,512,512,102,6,128,0,7,7,47.0,43.6,55.6
s2b-r08,2,B,s2b-r08-470,512,512,101,6,128,0,7,7,214.0,43.6,55.6
s2b-r08,2,B,s2b-r08-471,512,512,105,6,128,0,7,7,49.0,43.6,55.6
s2b-r08,2,B,s2b-r08-472,512,512,105,6,128,0,7,7,52.0,43.6,55.6
s2b-r08,2,B,s2b-r08-473,512,512,105,6,128,0,7,7,171.0,43.6,55.6
s2b-r08,2,B,s2b-r08-474,512,512,105,6,128,0,7,7,52.0,43.6,55.6
s2b-r08,2,B,s2b-r08-475,512,512,98,6,128,0,7,7,160.0,43.6,55.6
s2b-r08,2,B,s2b-r08-476,512,512,111,6,128,0,7,7,50.0,43.6,55.6
s2b-r08,2,B,s2b-r08-477,512,512,98,6,128,0,7,7,152.0,43.6,55.6
s2b-r08,2,B,s2b-r08-478,512,512,106,6,128,0,7,7,53.0,43.6,55.6
s2b-r08,2,B,s2b-r08-479,512,512,103,6,128,0,7,7,156.0,43.6,55.6
s2b-r08,2,B,s2b-r08-480,512,512,104,6,128,0,7,7,51.0,43.6,55.6
s2b-r08,2,B,s2b-r08-481,512,512,103,6,128,0,7,7,157.0,43.6,55.6
s2b-r08,2,B,s2b-r08-482,512,512,103,6,128,0,7,7,172.0,43.6,55.6
s2b-r08,2,B,s2b-r08-483,512,512,108,6,128,0,7,7,51.0,43.6,55.6
s2b-r08,2,B,s2b-r08-484,512,512,101,6,128,0,7,7,157.0,43.6,55.6
s2b-r08,2,B,s2b-r08-485,512,512,101,6,128,0,7,7,53.0,43.6,55.6
s2b-r08,2,B,s2b-r08-486,512,512,101,6,128,0,7,7,148.0,43.6,55.6
s2b-r08,2,B,s2b-r08-487,512,512,90,6,128,0,7,7,47.0,43.6,55.6
s2b-r08,2,B,s2b-r08-488,512,512,100,6,128,0,7,7,150.0,43.6,55.6
s2b-r08,2,B,s2b-r08-489,512,512,102,6,128,0,7,7,50.0,43.6,55.6
s2b-r08,2,B,s2b-r08-490,512,512,90,6,128,0,7,7,123.0,43.6,55.6
s2b-r08,2,B,s2b-r08-491,512,512,101,0,2,0,1,1,64.0,43.6,55.6
s2b-r08,2,B,s2b-r08-492,512,512,155,0,2,0,1,1,63.0,43.6,55.6
s2b-r08,2,B,s2b-r08-493,512,512,155,0,2,0,1,1,79.0,43.6,55.6
s2b-r08,2,B,s2b-r08-494,512,512,160,6,128,0,7,7,94.0,43.6,55.6
s2b-r08,2,B,s2b-r08-495,512,512,65,6,128,0,7,7,197.0,43.6,55.6
s2b-r08,2,B,s2b-r08-496,512,512,107,6,128,0,7,7,50.0,43.6,55.6
s2b-r08,2,B,s2b-r08-497,512,512,87,6,128,0,7,7,137.0,43.6,55.6
s2b-r08,2,B,s2b-r08-498,512,512,102,6,128,0,7,7,50.0,43.6,55.6
s2b-r08,2,B,s2b-r08-499,512,512,98,6,128,0,7,7,137.0,43.6,55.6
s2b-r08,2,B,s2b-r08-500,512,512,98,6,128,0,7,7,46.0,43.6,55.6
s2b-r08,2,B,s2b-r08-501,512,512,98,6,128,0,7,7,153.0,43.6,55.6
s2b-r08,2,B,s2b-r08-502,512,512,102,0,32,0,5,5,149.0,43.6,55.6
s2b-r08,2,B,s2b-r08-503,512,512,155,0,1,0,0,0,12.0,43.6,55.6
s2b-r08,2,B,s2b-r08-504,512,512,155,0,1,0,0,0,19.0,43.6,55.6
s2b-r08,2,B,s2b-r08-505,512,512,125,6,64,0,6,6,52.0,43.6,55.6
s2b-r08,2,B,s2b-r08-506,512,512,125,0,32,0,5,5,65.0,43.6,55.6
s2b-r08,2,B,s2b-r08-507,512,512,155,0,32,0,5,5,98.0,43.6,55.6
s2b-r08,2,B,s2b-r08-508,512,512,147,6,64,0,6,6,137.0,43.6,55.6
s2b-r08,2,B,s2b-r08-509,512,512,96,0,2,0,1,1,80.0,43.6,55.6
s2b-r08,2,B,s2b-r08-510,512,512,148,6,128,0,7,7,2076.0,43.6,55.6
s2b-r08,2,B,s2b-r08-511,512,512,110,6,128,0,7,7,61.0,43.6,55.6
s2b-r08,2,B,s2b-r08-512,512,512,110,6,128,0,7,7,156.0,43.6,55.6
s2b-r08,2,B,s2b-r08-513,512,512,110,6,128,0,7,7,47.0,43.6,55.6
s2b-r08,2,B,s2b-r08-514,512,512,110,6,128,0,7,7,84.0,43.6,55.6
s2b-r08,2,B,s2b-r08-515,512,512,86,6,128,0,7,7,55.0,43.6,55.6
s2b-r08,2,B,s2b-r08-516,512,512,98,6,128,0,7,7,72.0,43.6,55.6
s2b-r08,2,B,s2b-r08-517,512,512,101,6,128,0,7,7,52.0,43.6,55.6
s2b-r08,2,B,s2b-r08-518,512,512,86,6,128,0,7,7,425.0,43.6,55.6
s2b-r08,2,B,s2b-r08-519,512,512,117,6,128,0,7,7,56.0,43.6,55.6
s2b-r08,2,B,s2b-r08-520,512,512,117,6,128,0,7,7,160.0,43.6,55.6
s2b-r08,2,B,s2b-r08-521,512,512,117,6,128,0,7,7,50.0,43.6,55.6
s2b-r08,2,B,s2b-r08-522,512,512,117,6,128,0,7,7,126.0,43.6,55.6
s2b-r08,2,B,s2b-r08-523,512,512,102,6,128,0,7,7,53.0,43.6,55.6
s2b-r08,2,B,s2b-r08-524,512,512,102,6,128,0,7,7,49.0,43.6,55.6
s2b-r08,2,B,s2b-r08-525,512,512,102,6,128,0,7,7,187.0,43.6,55.6
s2b-r08,2,B,s2b-r08-526,512,512,105,6,128,0,7,7,56.0,43.6,55.6
s2b-r08,2,B,s2b-r08-527,512,512,64,6,64,0,6,6,132.0,43.6,55.6
s2b-r08,2,B,s2b-r08-528,512,512,101,6,64,0,6,6,49.0,43.6,55.6
s2b-r08,2,B,s2b-r08-529,512,512,74,6,64,0,6,6,50.0,43.6,55.6
s2b-r08,2,B,s2b-r08-530,512,512,98,6,64,0,6,6,55.0,43.6,55.6
s2b-r08,2,B,s2b-r08-531,512,512,98,6,64,0,6,6,156.0,43.6,55.6
s2b-r08,2,B,s2b-r08-532,512,512,103,6,64,0,6,6,50.0,43.6,55.6
s2b-r08,2,B,s2b-r08-533,512,512,87,6,64,0,6,6,192.0,43.6,55.6
s2b-r08,2,B,s2b-r08-534,512,512,104,6,64,0,6,6,49.0,43.6,55.6
s2b-r08,2,B,s2b-r08-535,512,512,97,6,64,0,6,6,48.0,43.6,55.6
s2b-r08,2,B,s2b-r08-536,512,512,97,6,64,0,6,6,129.0,43.6,55.6
s2b-r08,2,B,s2b-r08-537,512,512,102,6,64,0,6,6,48.0,43.6,55.6
s2b-r08,2,B,s2b-r08-538,512,512,98,6,64,0,6,6,108.0,43.6,55.6
s2b-r08,2,B,s2b-r08-539,512,512,103,6,64,0,6,6,51.0,43.6,55.6
s2b-r08,2,B,s2b-r08-540,512,512,98,6,64,0,6,6,142.0,43.6,55.6
s2b-r08,2,B,s2b-r08-541,512,512,102,6,64,0,6,6,48.0,43.6,55.6
s2b-r08,2,B,s2b-r08-542,512,512,99,6,64,0,6,6,126.0,43.6,55.6
s2b-r08,2,B,s2b-r08-543,512,512,99,6,64,0,6,6,53.0,43.6,55.6
s2b-r08,2,B,s2b-r08-544,512,512,99,6,64,0,6,6,303.0,43.6,55.6
s2b-r08,2,B,s2b-r08-545,512,512,112,6,64,0,6,6,53.0,43.6,55.6
s2b-r08,2,B,s2b-r08-546,512,512,101,6,64,0,6,6,147.0,43.6,55.6
s2b-r08,2,B,s2b-r08-547,512,512,101,6,64,0,6,6,49.0,43.6,55.6
s2b-r08,2,B,s2b-r08-548,512,512,101,6,64,0,6,6,147.0,43.6,55.6
s2b-r08,2,B,s2b-r08-549,512,512,101,6,64,0,6,6,51.0,43.6,55.6
s2b-r08,2,B,s2b-r08-550,512,512,99,6,64,0,6,6,145.0,43.6,55.6
s2b-r08,2,B,s2b-r08-551,512,512,103,6,64,0,6,6,48.0,43.6,55.6
s2b-r08,2,B,s2b-r08-552,512,512,99,6,64,0,6,6,237.0,43.6,55.6
s2b-r08,2,B,s2b-r08-553,512,512,103,6,64,0,6,6,50.0,43.6,55.6
s2b-r08,2,B,s2b-r08-554,512,512,99,6,64,0,6,6,158.0,43.6,55.6
s2b-r08,2,B,s2b-r08-555,512,512,104,6,64,0,6,6,46.0,43.6,55.6
s2b-r08,2,B,s2b-r08-556,512,512,99,6,64,0,6,6,169.0,43.6,55.6
s2b-r08,2,B,s2b-r08-557,512,512,119,6,64,0,6,6,51.0,43.6,55.6
s2b-r08,2,B,s2b-r08-558,512,512,94,6,64,0,6,6,48.0,43.6,55.6
s2b-r08,2,B,s2b-r08-559,512,512,99,6,64,0,6,6,157.0,43.6,55.6
s2b-r08,2,B,s2b-r08-560,512,512,104,6,64,0,6,6,49.0,43.6,55.6
s2b-r08,2,B,s2b-r08-561,512,512,69,6,64,0,6,6,199.0,43.6,55.6
s2b-r08,2,B,s2b-r08-562,512,512,106,6,64,0,6,6,49.0,43.6,55.6
s2b-r08,2,B,s2b-r08-563,512,512,98,6,64,0,6,6,232.0,43.6,55.6
s2b-r08,2,B,s2b-r08-564,512,512,109,6,64,0,6,6,53.0,43.6,55.6
s2b-r08,2,B,s2b-r08-565,512,512,99,6,64,0,6,6,160.0,43.6,55.6
s2b-r08,2,B,s2b-r08-566,512,512,103,6,64,0,6,6,55.0,43.6,55.6
s2b-r08,2,B,s2b-r08-567,512,512,103,6,64,0,6,6,49.0,43.6,55.6
s2b-r08,2,B,s2b-r08-568,512,512,103,6,64,0,6,6,161.0,43.6,55.6
s2b-r08,2,B,s2b-r08-569,512,512,106,6,64,0,6,6,57.0,43.6,55.6
s2b-r08,2,B,s2b-r08-570,512,512,103,6,64,0,6,6,125.0,43.6,55.6
s2b-r08,2,B,s2b-r08-571,512,512,55,6,64,0,6,6,54.0,43.6,55.6
s2b-r08,2,B,s2b-r08-572,512,512,99,6,64,0,6,6,219.0,43.6,55.6
s2b-r08,2,B,s2b-r08-573,512,512,108,6,64,0,6,6,49.0,43.6,55.6
s2b-r08,2,B,s2b-r08-574,512,512,98,6,64,0,6,6,464.0,43.6,55.6
s2b-r08,2,B,s2b-r08-575,512,512,114,6,64,0,6,6,53.0,43.6,55.6
s2b-r08,2,B,s2b-r08-576,512,512,114,6,64,0,6,6,62.0,43.6,55.6
s2b-r08,2,B,s2b-r08-577,512,512,114,6,64,0,6,6,50.0,43.6,55.6
s2b-r08,2,B,s2b-r08-578,512,512,70,6,64,0,6,6,136.0,43.6,55.6
s2b-r08,2,B,s2b-r08-579,512,512,101,6,64,0,6,6,50.0,43.6,55.6
s2b-r08,2,B,s2b-r08-580,512,512,98,6,64,0,6,6,128.0,43.6,55.6
s2b-r08,2,B,s2b-r08-581,512,512,98,6,64,0,6,6,48.0,43.6,55.6
s2b-r08,2,B,s2b-r08-582,512,512,98,6,64,0,6,6,245.0,43.6,55.6
s2b-r08,2,B,s2b-r08-583,512,512,108,6,64,0,6,6,47.0,43.6,55.6
s2b-r08,2,B,s2b-r08-584,512,512,98,6,64,0,6,6,142.0,43.6,55.6
s2b-r08,2,B,s2b-r08-585,512,512,102,6,64,0,6,6,48.0,43.6,55.6
s2b-r08,2,B,s2b-r08-586,512,512,98,6,64,0,6,6,54.0,43.6,55.6
s2b-r08,2,B,s2b-r08-587,512,512,99,6,64,0,6,6,189.0,43.6,55.6
s2b-r08,2,B,s2b-r08-588,512,512,99,6,64,0,6,6,56.0,43.6,55.6
s2b-r08,2,B,s2b-r08-589,512,512,99,6,64,0,6,6,179.0,43.6,55.6
s2b-r09,3,A,s2b-r09-0,,,162,0,8,0,3,3,25.0,44.8,52.5
s2b-r09,3,A,s2b-r09-1,0,0,159,0,16,0,4,1,53.0,44.8,52.5
s2b-r09,3,A,s2b-r09-2,0,0,82,0,2,0,1,1,61.0,44.8,52.5
s2b-r09,3,A,s2b-r09-3,0,0,82,0,2,0,1,1,58.0,44.8,52.5
s2b-r09,3,A,s2b-r09-4,0,0,85,0,2,0,1,1,42.0,44.8,52.5
s2b-r09,3,A,s2b-r09-5,0,0,139,0,1,0,0,0,41.0,44.8,52.5
s2b-r09,3,A,s2b-r09-6,0,0,151,0,4,0,2,2,57.0,44.8,52.5
s2b-r09,3,A,s2b-r09-7,0,0,147,0,4,0,2,2,23.0,44.8,52.5
s2b-r09,3,A,s2b-r09-8,0,0,147,0,32,0,5,5,75.0,44.8,52.5
s2b-r09,3,A,s2b-r09-9,0,0,101,0,32,0,5,5,59.0,44.8,52.5
s2b-r09,3,A,s2b-r09-10,0,0,156,0,32,0,5,5,35.0,44.8,52.5
s2b-r09,3,A,s2b-r09-11,0,0,156,0,32,0,5,5,129.0,44.8,52.5
s2b-r09,3,A,s2b-r09-12,0,0,124,0,32,0,5,5,110.0,44.8,52.5
s2b-r09,3,A,s2b-r09-13,0,0,123,0,8,0,3,3,38.0,44.8,52.5
s2b-r09,3,A,s2b-r09-14,0,0,148,0,8,0,3,3,62.0,44.8,52.5
s2b-r09,3,A,s2b-r09-15,0,0,123,0,2,0,3,2,92.0,44.8,52.5
s2b-r09,3,A,s2b-r09-16,0,0,138,0,16,0,4,1,554.0,44.8,52.5
s2b-r09,3,A,s2b-r09-17,0,0,246,0,32,0,5,5,44.0,44.8,52.5
s2b-r09,3,A,s2b-r09-18,0,0,162,0,32,0,5,5,39.0,44.8,52.5
s2b-r09,3,A,s2b-r09-19,0,0,122,0,16,0,5,5,809.0,44.8,52.5
s2b-r09,3,A,s2b-r09-20,0,0,162,0,16,0,4,4,31.0,44.8,52.5
s2b-r09,3,A,s2b-r09-21,0,0,205,0,32,0,5,5,42.0,44.8,52.5
s2b-r09,3,A,s2b-r09-22,0,0,143,0,32,0,5,5,32.0,44.8,52.5
s2b-r09,3,A,s2b-r09-23,0,0,143,0,1,0,0,0,83.0,44.8,52.5
s2b-r09,3,A,s2b-r09-24,0,0,34,0,1,0,4,4,70.0,44.8,52.5
s2b-r09,3,A,s2b-r09-25,0,0,149,0,2,0,1,1,91.0,44.8,52.5
s2b-r09,3,A,s2b-r09-26,0,0,99,0,32,0,5,5,59.0,44.8,52.5
s2b-r09,3,A,s2b-r09-27,0,0,99,0,16,0,4,4,37.0,44.8,52.5
s2b-r09,3,A,s2b-r09-28,0,0,119,0,1,0,0,0,18.0,44.8,52.5
s2b-r09,3,A,s2b-r09-29,0,0,157,0,16,0,4,4,40.0,44.8,52.5
s2b-r09,3,A,s2b-r09-30,0,0,157,0,32,0,5,5,34.0,44.8,52.5
s2b-r09,3,A,s2b-r09-31,0,0,157,0,32,0,5,5,16.0,44.8,52.5
s2b-r09,3,A,s2b-r09-32,0,0,157,0,32,0,5,5,26.0,44.8,52.5
s2b-r09,3,A,s2b-r09-33,0,0,114,0,32,0,5,5,23.0,44.8,52.5
s2b-r09,3,A,s2b-r09-34,0,0,157,0,32,0,5,5,58.0,44.8,52.5
s2b-r09,3,A,s2b-r09-35,0,0,105,0,32,0,5,5,104.0,44.8,52.5
s2b-r09,3,A,s2b-r09-36,0,0,105,0,32,0,5,5,166.0,44.8,52.5
s2b-r09,3,A,s2b-r09-37,0,0,151,0,32,0,5,5,50.0,44.8,52.5
s2b-r09,3,A,s2b-r09-38,0,0,158,0,32,0,5,5,47.0,44.8,52.5
s2b-r09,3,A,s2b-r09-39,0,0,158,0,16,0,5,5,300.0,44.8,52.5
s2b-r09,3,A,s2b-r09-40,0,0,172,0,1,0,1,1,225.0,44.8,52.5
s2b-r09,3,A,s2b-r09-41,0,0,15,0,2,0,1,1,101.0,44.8,52.5
s2b-r09,3,A,s2b-r09-42,0,0,70,0,4,0,2,2,153.0,44.8,52.5
s2b-r09,3,A,s2b-r09-43,0,0,125,0,2,0,1,1,43.0,44.8,52.5
s2b-r09,3,A,s2b-r09-44,0,0,154,0,1,0,0,0,63.0,44.8,52.5
s2b-r09,3,A,s2b-r09-45,0,0,162,0,32,0,5,5,29.0,44.8,52.5
s2b-r09,3,A,s2b-r09-46,0,0,103,0,32,0,5,5,102.0,44.8,52.5
s2b-r09,3,A,s2b-r09-47,0,0,103,0,8,0,1,3,540.0,44.8,52.5
s2b-r09,3,A,s2b-r09-48,0,0,103,0,8,0,3,3,29.0,44.8,52.5
s2b-r09,3,A,s2b-r09-49,0,0,157,0,4,0,2,2,32.0,44.8,52.5
s2b-r09,3,A,s2b-r09-50,0,0,157,0,4,0,2,2,81.0,44.8,52.5
s2b-r09,3,A,s2b-r09-51,0,0,212,0,8,0,3,3,54.0,44.8,52.5
s2b-r09,3,A,s2b-r09-52,0,0,157,0,1,0,0,0,43.0,44.8,52.5
s2b-r09,3,A,s2b-r09-53,0,0,128,0,32,0,5,5,81.0,44.8,52.5
s2b-r09,3,A,s2b-r09-54,0,0,150,0,16,0,4,4,42.0,44.8,52.5
s2b-r09,3,A,s2b-r09-55,0,0,164,0,1,0,0,0,27.0,44.8,52.5
s2b-r09,3,A,s2b-r09-56,0,0,96,0,1,0,0,0,17.0,44.8,52.5
s2b-r09,3,A,s2b-r09-57,0,0,150,0,1,0,0,0,18.0,44.8,52.5
s2b-r09,3,A,s2b-r09-58,0,0,120,0,32,0,5,5,1329.0,44.8,52.5
s2b-r09,3,A,s2b-r09-59,0,0,45,0,32,0,5,5,37.0,44.8,52.5
s2b-r09,3,A,s2b-r09-60,0,0,155,0,8,0,3,3,18.0,44.8,52.5
s2b-r09,3,A,s2b-r09-61,0,0,155,0,8,0,3,3,29.0,44.8,52.5
s2b-r09,3,A,s2b-r09-62,0,0,155,0,8,0,3,3,22.0,44.8,52.5
s2b-r09,3,A,s2b-r09-63,0,0,155,0,32,0,5,5,44.0,44.8,52.5
s2b-r09,3,A,s2b-r09-64,0,0,96,0,32,0,5,5,16.0,44.8,52.5
s2b-r09,3,A,s2b-r09-65,0,0,163,0,16,0,4,4,36.0,44.8,52.5
s2b-r09,3,A,s2b-r09-66,0,0,19,0,1,0,0,0,194.0,44.8,52.5
s2b-r09,3,A,s2b-r09-67,0,0,87,0,32,0,5,4,56.0,44.8,52.5
s2b-r09,3,A,s2b-r09-68,0,0,36,0,16,0,4,4,27.0,44.8,52.5
s2b-r09,3,A,s2b-r09-69,0,0,182,0,32,0,5,5,26.0,44.8,52.5
s2b-r09,3,A,s2b-r09-70,0,0,182,0,32,0,5,5,63.0,44.8,52.5
s2b-r09,3,A,s2b-r09-71,0,0,51,0,32,0,5,4,175.0,44.8,52.5
s2b-r09,3,A,s2b-r09-72,0,0,118,0,32,0,5,5,80.0,44.8,52.5
s2b-r09,3,A,s2b-r09-73,0,0,42,0,32,0,5,5,103.0,44.8,52.5
s2b-r09,3,A,s2b-r09-74,0,0,79,0,32,0,5,5,106.0,44.8,52.5
s2b-r09,3,A,s2b-r09-75,0,0,79,0,32,0,5,5,82.0,44.8,52.5
s2b-r09,3,A,s2b-r09-76,0,0,41,0,1,0,0,0,55.0,44.8,52.5
s2b-r09,3,A,s2b-r09-77,0,0,46,0,1,0,0,0,17.0,44.8,52.5
s2b-r09,3,A,s2b-r09-78,0,0,154,0,32,0,5,5,76.0,44.8,52.5
s2b-r09,3,A,s2b-r09-79,0,0,154,0,32,0,5,5,24.0,44.8,52.5
s2b-r09,3,A,s2b-r09-80,0,0,97,0,2,0,1,1,60.0,44.8,52.5
s2b-r09,3,A,s2b-r09-81,0,0,97,0,2,0,1,1,48.0,44.8,52.5
s2b-r09,3,A,s2b-r09-82,0,0,51,0,1,0,0,0,42.0,44.8,52.5
s2b-r09,3,A,s2b-r09-83,0,0,71,0,32,0,5,5,115.0,44.8,52.5
s2b-r09,3,A,s2b-r09-84,0,0,132,0,16,0,4,4,81.0,44.8,52.5
s2b-r09,3,A,s2b-r09-85,0,0,127,0,16,0,4,4,107.0,44.8,52.5
s2b-r09,3,A,s2b-r09-86,0,0,127,0,32,0,5,5,82.0,44.8,52.5
s2b-r09,3,A,s2b-r09-87,0,0,133,0,16,0,4,4,55.0,44.8,52.5
s2b-r09,3,A,s2b-r09-88,0,0,148,0,16,0,4,4,140.0,44.8,52.5
s2b-r09,3,A,s2b-r09-89,0,0,152,0,16,0,4,4,67.0,44.8,52.5
s2b-r09,3,A,s2b-r09-90,0,0,146,0,1,0,0,0,31.0,44.8,52.5
s2b-r09,3,A,s2b-r09-91,0,0,28,0,2,0,1,1,99.0,44.8,52.5
s2b-r09,3,A,s2b-r09-92,0,0,71,0,2,0,1,1,102.0,44.8,52.5
s2b-r09,3,A,s2b-r09-93,0,0,124,0,2,0,1,1,111.0,44.8,52.5
s2b-r09,3,A,s2b-r09-94,0,0,124,0,1,0,0,0,50.0,44.8,52.5
s2b-r09,3,A,s2b-r09-95,0,0,67,0,16,0,4,4,38.0,44.8,52.5
s2b-r09,3,A,s2b-r09-96,0,0,67,0,16,0,4,4,59.0,44.8,52.5
s2b-r09,3,A,s2b-r09-97,0,0,67,0,2,0,1,1,80.0,44.8,52.5
s2b-r09,3,A,s2b-r09-98,0,0,101,0,16,0,4,4,46.0,44.8,52.5
s2b-r09,3,A,s2b-r09-99,0,0,101,0,16,0,4,4,50.0,44.8,52.5
s2b-r09,3,A,s2b-r09-100,0,0,19,0,16,0,4,4,42.0,44.8,52.5
s2b-r09,3,A,s2b-r09-101,0,0,22,0,32,0,5,5,38.0,44.8,52.5
s2b-r09,3,A,s2b-r09-102,0,0,149,0,32,0,5,5,61.0,44.8,52.5
s2b-r09,3,A,s2b-r09-103,0,0,150,0,32,0,5,5,64.0,44.8,52.5
s2b-r09,3,A,s2b-r09-104,0,0,20,0,32,0,5,5,52.0,44.8,52.5
s2b-r09,3,A,s2b-r09-105,0,0,109,0,2,0,1,1,47.0,44.8,52.5
s2b-r09,3,A,s2b-r09-106,0,0,115,0,16,0,4,4,104.0,44.8,52.5
s2b-r09,3,A,s2b-r09-107,0,0,115,0,16,0,4,4,111.0,44.8,52.5
s2b-r09,3,A,s2b-r09-108,0,0,125,0,32,0,5,5,81.0,44.8,52.5
s2b-r09,3,A,s2b-r09-109,0,0,125,0,32,0,5,5,56.0,44.8,52.5
s2b-r09,3,A,s2b-r09-110,0,0,18,0,8,0,3,3,26.0,44.8,52.5
s2b-r09,3,A,s2b-r09-111,0,0,158,0,8,0,3,3,27.0,44.8,52.5
s2b-r09,3,A,s2b-r09-112,0,0,117,0,16,0,4,4,63.0,44.8,52.5
s2b-r09,3,A,s2b-r09-113,0,0,74,0,1,0,0,0,33.0,44.8,52.5
s2b-r09,3,A,s2b-r09-114,0,0,129,0,2,0,1,1,46.0,44.8,52.5
s2b-r09,3,A,s2b-r09-115,0,0,123,0,32,0,5,5,61.0,44.8,52.5
s2b-r09,3,A,s2b-r09-116,0,0,26,0,32,0,5,5,66.0,44.8,52.5
s2b-r09,3,A,s2b-r09-117,0,0,7,0,32,0,5,5,102.0,44.8,52.5
s2b-r09,3,A,s2b-r09-118,0,0,87,0,32,0,5,5,109.0,44.8,52.5
s2b-r09,3,A,s2b-r09-119,0,0,121,0,32,0,5,5,28.0,44.8,52.5
s2b-r09,3,A,s2b-r09-120,0,0,175,0,2,0,1,1,44.0,44.8,52.5
s2b-r09,3,A,s2b-r09-121,0,0,153,0,16,0,1,4,33.0,44.8,52.5
s2b-r09,3,A,s2b-r09-122,0,0,107,0,16,0,4,4,24.0,44.8,52.5
s2b-r09,3,A,s2b-r09-123,0,0,153,0,16,0,4,4,62.0,44.8,52.5
s2b-r09,3,A,s2b-r09-124,0,0,144,0,16,0,4,4,85.0,44.8,52.5
s2b-r09,3,A,s2b-r09-125,0,0,0,0,4,0,2,2,209.0,44.8,52.5
s2b-r09,3,A,s2b-r09-126,0,0,69,0,2,0,1,1,28.0,44.8,52.5
s2b-r09,3,A,s2b-r09-127,0,0,100,0,1,0,0,0,232.0,44.8,52.5
s2b-r09,3,A,s2b-r09-128,0,0,113,0,2,0,1,1,105.0,44.8,52.5
s2b-r09,3,A,s2b-r09-129,0,0,45,0,2,0,1,1,65.0,44.8,52.5
s2b-r09,3,A,s2b-r09-130,0,0,131,0,2,0,1,1,25.0,44.8,52.5
s2b-r09,3,A,s2b-r09-131,0,0,156,0,2,0,1,1,19.0,44.8,52.5
s2b-r09,3,A,s2b-r09-132,0,0,151,0,2,0,1,1,95.0,44.8,52.5
s2b-r09,3,A,s2b-r09-133,0,0,111,0,2,0,5,5,1365.0,44.8,52.5
s2b-r09,3,A,s2b-r09-134,0,0,180,0,2,0,5,2,215.0,44.8,52.5
s2b-r09,3,A,s2b-r09-135,0,0,112,0,2,0,1,1,18.0,44.8,52.5
s2b-r09,3,A,s2b-r09-136,0,0,151,0,16,0,4,4,92.0,44.8,52.5
s2b-r09,3,A,s2b-r09-137,0,0,112,0,16,0,4,4,56.0,44.8,52.5
s2b-r09,3,A,s2b-r09-138,0,0,74,0,2,0,4,1,105.0,44.8,52.5
s2b-r09,3,A,s2b-r09-139,0,0,161,0,1,0,0,0,49.0,44.8,52.5
s2b-r09,3,A,s2b-r09-140,0,0,161,0,32,0,0,5,80.0,44.8,52.5
s2b-r09,3,A,s2b-r09-141,0,0,161,0,2,0,1,1,80.0,44.8,52.5
s2b-r09,3,A,s2b-r09-142,0,0,166,0,1,0,0,0,41.0,44.8,52.5
s2b-r09,3,A,s2b-r09-143,0,0,166,0,1,0,0,0,52.0,44.8,52.5
s2b-r09,3,A,s2b-r09-144,0,0,111,0,1,0,0,0,58.0,44.8,52.5
s2b-r09,3,A,s2b-r09-145,0,0,102,0,16,0,4,4,266.0,44.8,52.5
s2b-r09,3,A,s2b-r09-146,0,0,102,0,16,0,4,4,103.0,44.8,52.5
s2b-r09,3,A,s2b-r09-147,0,0,102,0,16,0,4,4,80.0,44.8,52.5
s2b-r09,3,A,s2b-r09-148,0,0,155,0,16,0,4,4,51.0,44.8,52.5
s2b-r09,3,A,s2b-r09-149,0,0,175,0,32,0,5,5,176.0,44.8,52.5
s2b-r09,3,A,s2b-r09-150,0,0,9,0,1,0,0,0,43.0,44.8,52.5
s2b-r09,3,A,s2b-r09-151,0,0,152,0,2,0,1,1,40.0,44.8,52.5
s2b-r09,3,A,s2b-r09-152,0,0,152,0,1,0,0,0,77.0,44.8,52.5
s2b-r09,3,A,s2b-r09-153,0,0,109,0,16,0,4,4,29.0,44.8,52.5
s2b-r09,3,A,s2b-r09-154,0,0,153,0,16,0,4,4,20.0,44.8,52.5
s2b-r09,3,A,s2b-r09-155,0,0,108,0,16,0,4,4,33.0,44.8,52.5
s2b-r09,3,A,s2b-r09-156,0,0,155,0,32,0,5,5,62.0,44.8,52.5
s2b-r09,3,A,s2b-r09-157,0,0,42,0,32,0,5,5,27.0,44.8,52.5
s2b-r09,3,A,s2b-r09-158,0,0,148,0,32,0,5,5,30.0,44.8,52.5
s2b-r09,3,A,s2b-r09-159,0,0,150,0,32,0,5,5,29.0,44.8,52.5
s2b-r09,3,A,s2b-r09-160,0,0,76,0,32,0,5,5,50.0,44.8,52.5
s2b-r09,3,A,s2b-r09-161,0,0,29,0,16,0,4,4,41.0,44.8,52.5
s2b-r09,3,A,s2b-r09-162,0,0,156,0,16,0,4,4,40.0,44.8,52.5
s2b-r09,3,A,s2b-r09-163,0,0,49,0,16,0,4,4,241.0,44.8,52.5
s2b-r09,3,A,s2b-r09-164,0,0,96,0,16,0,4,4,119.0,44.8,52.5
s2b-r09,3,A,s2b-r09-165,0,0,96,0,16,0,4,4,116.0,44.8,52.5
s2b-r09,3,A,s2b-r09-166,0,0,96,0,16,0,4,4,31.0,44.8,52.5
s2b-r09,3,A,s2b-r09-167,0,0,18,0,2,0,1,1,151.0,44.8,52.5
s2b-r09,3,A,s2b-r09-168,0,0,66,0,16,0,4,4,61.0,44.8,52.5
s2b-r09,3,A,s2b-r09-169,0,0,125,0,2,0,1,1,24.0,44.8,52.5
s2b-r09,3,A,s2b-r09-170,0,0,174,0,32,0,5,5,44.0,44.8,52.5
s2b-r09,3,A,s2b-r09-171,0,0,174,0,32,0,5,5,21.0,44.8,52.5
s2b-r09,3,A,s2b-r09-172,0,0,34,0,32,0,5,5,64.0,44.8,52.5
s2b-r09,3,A,s2b-r09-173,0,0,34,0,16,0,5,5,160.0,44.8,52.5
s2b-r09,3,A,s2b-r09-174,0,0,34,0,1,0,0,0,156.0,44.8,52.5
s2b-r09,3,A,s2b-r09-175,0,0,14,0,32,0,5,5,59.0,44.8,52.5
s2b-r09,3,A,s2b-r09-176,0,0,35,0,32,0,5,5,103.0,44.8,52.5
s2b-r09,3,A,s2b-r09-177,0,0,87,0,2,0,3,5,671.0,44.8,52.5
s2b-r09,3,A,s2b-r09-178,0,0,124,0,4,0,2,2,38.0,44.8,52.5
s2b-r09,3,A,s2b-r09-179,0,0,87,0,4,0,2,2,109.0,44.8,52.5
s2b-r09,3,A,s2b-r09-180,0,0,85,0,4,0,2,2,205.0,44.8,52.5
s2b-r09,3,A,s2b-r09-181,0,0,112,0,4,0,2,2,59.0,44.8,52.5
s2b-r09,3,A,s2b-r09-182,0,0,55,0,32,0,5,5,41.0,44.8,52.5
s2b-r09,3,A,s2b-r09-183,0,0,155,0,32,0,5,5,16.0,44.8,52.5
s2b-r09,3,A,s2b-r09-184,0,0,122,0,2,0,5,1,213.0,44.8,52.5
s2b-r09,3,A,s2b-r09-185,0,0,160,0,32,0,5,5,93.0,44.8,52.5
s2b-r09,3,A,s2b-r09-186,0,0,160,0,32,0,5,5,40.0,44.8,52.5
s2b-r09,3,A,s2b-r09-187,0,0,115,0,8,0,3,3,182.0,44.8,52.5
s2b-r09,3,A,s2b-r09-188,0,0,90,0,16,0,3,5,33.0,44.8,52.5
s2b-r09,3,A,s2b-r09-189,0,0,159,0,1,0,0,0,34.0,44.8,52.5
s2b-r09,3,A,s2b-r09-190,0,0,159,0,1,0,0,0,22.0,44.8,52.5
s2b-r09,3,A,s2b-r09-191,0,0,90,0,32,0,5,5,45.0,44.8,52.5
s2b-r09,3,A,s2b-r09-192,0,0,95,0,16,0,4,4,40.0,44.8,52.5
s2b-r09,3,A,s2b-r09-193,0,0,155,0,16,0,4,4,25.0,44.8,52.5
s2b-r09,3,A,s2b-r09-194,0,0,159,0,16,0,4,4,16.0,44.8,52.5
s2b-r09,3,A,s2b-r09-195,0,0,7,0,16,0,4,4,55.0,44.8,52.5
s2b-r09,3,A,s2b-r09-196,0,0,60,0,16,0,4,4,42.0,44.8,52.5
s2b-r09,3,A,s2b-r09-197,0,0,103,0,16,0,4,4,50.0,44.8,52.5
s2b-r09,3,A,s2b-r09-198,0,0,122,0,16,0,4,4,45.0,44.8,52.5
s2b-r09,3,A,s2b-r09-199,0,0,67,0,16,0,4,4,81.0,44.8,52.5
s2b-r09,3,A,s2b-r09-200,0,0,94,0,16,0,4,4,182.0,44.8,52.5
s2b-r09,3,A,s2b-r09-201,0,0,94,0,16,0,4,4,80.0,44.8,52.5
s2b-r09,3,A,s2b-r09-202,0,0,94,0,2,0,1,1,71.0,44.8,52.5
s2b-r09,3,A,s2b-r09-203,0,0,79,0,1,0,0,0,29.0,44.8,52.5
s2b-r09,3,A,s2b-r09-204,0,0,156,0,1,0,0,0,57.0,44.8,52.5
s2b-r09,3,A,s2b-r09-205,0,0,158,0,32,0,5,5,27.0,44.8,52.5
s2b-r09,3,A,s2b-r09-206,0,0,77,0,2,0,5,5,111.0,44.8,52.5
s2b-r09,3,A,s2b-r09-207,0,0,77,0,32,0,5,5,104.0,44.8,52.5
s2b-r09,3,A,s2b-r09-208,0,0,102,0,8,0,3,3,47.0,44.8,52.5
s2b-r09,3,A,s2b-r09-209,0,0,155,0,16,0,4,4,36.0,44.8,52.5
s2b-r09,3,A,s2b-r09-210,0,0,82,0,16,0,4,4,28.0,44.8,52.5
s2b-r09,3,A,s2b-r09-211,0,0,155,0,16,0,4,1,117.0,44.8,52.5
s2b-r09,3,A,s2b-r09-212,0,0,138,0,2,0,1,1,35.0,44.8,52.5
s2b-r09,3,A,s2b-r09-213,0,0,153,0,2,0,1,1,19.0,44.8,52.5
s2b-r09,3,A,s2b-r09-214,0,0,154,0,32,0,5,5,25.0,44.8,52.5
s2b-r09,3,A,s2b-r09-215,0,0,146,0,32,0,5,5,45.0,44.8,52.5
s2b-r09,3,A,s2b-r09-216,0,0,84,0,32,0,5,5,61.0,44.8,52.5
s2b-r09,3,A,s2b-r09-217,0,0,89,0,2,0,1,1,45.0,44.8,52.5
s2b-r09,3,A,s2b-r09-218,0,0,84,0,2,0,1,1,56.0,44.8,52.5
s2b-r09,3,A,s2b-r09-219,0,0,78,0,2,0,1,1,68.0,44.8,52.5
s2b-r09,3,A,s2b-r09-220,0,0,78,0,2,0,1,1,81.0,44.8,52.5
s2b-r09,3,A,s2b-r09-221,0,0,85,0,2,0,1,1,282.0,44.8,52.5
s2b-r09,3,A,s2b-r09-222,0,0,122,0,2,0,1,1,55.0,44.8,52.5
s2b-r09,3,A,s2b-r09-223,0,0,63,0,16,0,4,4,32.0,44.8,52.5
s2b-r09,3,A,s2b-r09-224,0,0,154,0,16,0,4,4,26.0,44.8,52.5
s2b-r09,3,A,s2b-r09-225,0,0,156,0,8,0,3,3,25.0,44.8,52.5
s2b-r09,3,A,s2b-r09-226,0,0,154,0,16,0,4,4,238.0,44.8,52.5
s2b-r09,3,A,s2b-r09-227,0,0,51,0,2,0,1,1,263.0,44.8,52.5
s2b-r09,3,A,s2b-r09-228,0,0,115,0,2,0,1,1,70.0,44.8,52.5
s2b-r09,3,A,s2b-r09-229,0,0,52,0,1,0,4,0,167.0,44.8,52.5
s2b-r09,3,A,s2b-r09-230,0,0,157,0,32,0,5,5,66.0,44.8,52.5
s2b-r09,3,A,s2b-r09-231,0,0,157,0,1,0,0,0,81.0,44.8,52.5
s2b-r09,3,A,s2b-r09-232,0,0,55,0,32,0,5,5,215.0,44.8,52.5
s2b-r09,3,A,s2b-r09-233,0,0,101,0,16,0,4,4,86.0,44.8,52.5
s2b-r09,3,A,s2b-r09-234,0,0,129,0,16,0,4,4,23.0,44.8,52.5
s2b-r09,3,A,s2b-r09-235,0,0,148,0,16,0,4,4,47.0,44.8,52.5
s2b-r09,3,A,s2b-r09-236,0,0,107,0,1,0,0,0,101.0,44.8,52.5
s2b-r09,3,A,s2b-r09-237,0,0,107,0,8,0,3,3,104.0,44.8,52.5
s2b-r09,3,A,s2b-r09-238,0,0,125,0,16,0,4,4,44.0,44.8,52.5
s2b-r09,3,A,s2b-r09-239,0,0,125,0,16,0,4,4,81.0,44.8,52.5
s2b-r09,3,A,s2b-r09-240,0,0,51,0,16,0,4,4,80.0,44.8,52.5
s2b-r09,3,A,s2b-r09-241,0,0,95,0,16,0,4,4,126.0,44.8,52.5
s2b-r09,3,A,s2b-r09-242,0,0,149,0,16,0,4,4,54.0,44.8,52.5
s2b-r09,3,A,s2b-r09-243,0,0,4,0,16,0,4,4,54.0,44.8,52.5
s2b-r09,3,A,s2b-r09-244,0,0,148,0,32,0,5,5,89.0,44.8,52.5
s2b-r09,3,A,s2b-r09-245,0,0,148,0,32,0,5,5,17.0,44.8,52.5
s2b-r09,3,A,s2b-r09-246,0,0,18,0,2,0,1,1,26.0,44.8,52.5
s2b-r09,3,A,s2b-r09-247,0,0,173,0,1,0,1,0,245.0,44.8,52.5
s2b-r09,3,A,s2b-r09-248,0,0,88,0,1,0,0,0,16.0,44.8,52.5
s2b-r09,3,A,s2b-r09-249,0,0,173,0,16,0,4,4,31.0,44.8,52.5
s2b-r09,3,A,s2b-r09-250,0,0,123,0,16,0,4,4,32.0,44.8,52.5
s2b-r09,3,A,s2b-r09-251,0,0,152,0,16,0,4,4,21.0,44.8,52.5
s2b-r09,3,A,s2b-r09-252,0,0,123,0,16,0,4,4,55.0,44.8,52.5
s2b-r09,3,A,s2b-r09-253,0,0,134,0,16,0,4,4,19.0,44.8,52.5
s2b-r09,3,A,s2b-r09-254,0,0,151,0,1,0,0,0,17.0,44.8,52.5
s2b-r09,3,A,s2b-r09-255,0,0,167,0,32,0,5,5,35.0,44.8,52.5
s2b-r09,3,A,s2b-r09-256,0,0,78,0,32,0,5,5,102.0,44.8,52.5
s2b-r09,3,A,s2b-r09-257,0,0,97,0,32,0,5,5,86.0,44.8,52.5
s2b-r09,3,A,s2b-r09-258,0,0,152,0,32,0,5,5,52.0,44.8,52.5
s2b-r09,3,A,s2b-r09-259,0,0,152,0,32,0,5,5,114.0,44.8,52.5
s2b-r09,3,A,s2b-r09-260,0,0,152,0,32,0,5,5,108.0,44.8,52.5
s2b-r09,3,A,s2b-r09-261,0,0,100,0,32,0,5,5,65.0,44.8,52.5
s2b-r09,3,A,s2b-r09-262,0,0,103,0,32,0,5,5,36.0,44.8,52.5
s2b-r09,3,A,s2b-r09-263,0,0,135,0,32,0,5,5,28.0,44.8,52.5
s2b-r09,3,A,s2b-r09-264,0,0,91,0,32,0,5,5,42.0,44.8,52.5
s2b-r09,3,A,s2b-r09-265,0,0,150,0,32,0,5,5,81.0,44.8,52.5
s2b-r09,3,A,s2b-r09-266,0,0,8,0,2,0,1,1,82.0,44.8,52.5
s2b-r09,3,A,s2b-r09-267,0,0,8,0,16,0,4,4,35.0,44.8,52.5
s2b-r09,3,A,s2b-r09-268,0,0,169,0,2,0,1,1,60.0,44.8,52.5
s2b-r09,3,A,s2b-r09-269,0,0,125,0,1,0,0,0,133.0,44.8,52.5
s2b-r09,3,A,s2b-r09-270,0,0,125,0,4,0,2,2,57.0,44.8,52.5
s2b-r09,3,A,s2b-r09-271,0,0,21,0,4,0,2,2,108.0,44.8,52.5
s2b-r09,3,A,s2b-r09-272,0,0,74,0,4,0,2,2,103.0,44.8,52.5
s2b-r09,3,A,s2b-r09-273,0,0,10,0,1,0,1,1,897.0,44.8,52.5
s2b-r09,3,A,s2b-r09-274,0,0,65,0,1,0,0,0,29.0,44.8,52.5
s2b-r09,3,A,s2b-r09-275,0,0,155,0,2,0,1,1,30.0,44.8,52.5
s2b-r09,3,A,s2b-r09-276,0,0,153,0,2,0,1,1,50.0,44.8,52.5
s2b-r09,3,A,s2b-r09-277,0,0,94,0,1,0,0,0,89.0,44.8,52.5
s2b-r09,3,A,s2b-r09-278,0,0,56,0,2,0,1,1,40.0,44.8,52.5
s2b-r09,3,A,s2b-r09-279,0,0,110,0,2,0,1,1,53.0,44.8,52.5
s2b-r09,3,A,s2b-r09-280,0,0,110,0,2,0,1,1,109.0,44.8,52.5
s2b-r09,3,A,s2b-r09-281,0,0,66,0,32,0,5,5,84.0,44.8,52.5
s2b-r09,3,A,s2b-r09-282,0,0,97,0,32,0,5,5,79.0,44.8,52.5
s2b-r09,3,A,s2b-r09-283,0,0,123,0,8,0,3,3,61.0,44.8,52.5
s2b-r09,3,A,s2b-r09-284,0,0,2,0,8,0,3,3,20.0,44.8,52.5
s2b-r09,3,A,s2b-r09-285,0,0,166,0,8,0,3,3,22.0,44.8,52.5
s2b-r09,3,A,s2b-r09-286,0,0,60,0,8,0,3,3,37.0,44.8,52.5
s2b-r09,3,A,s2b-r09-287,0,0,148,0,8,0,3,3,115.0,44.8,52.5
s2b-r09,3,A,s2b-r09-288,0,0,149,0,32,0,5,5,80.0,44.8,52.5
s2b-r09,3,A,s2b-r09-289,0,0,114,0,16,0,4,4,37.0,44.8,52.5
s2b-r09,3,A,s2b-r09-290,0,0,148,0,16,0,4,4,59.0,44.8,52.5
s2b-r09,3,A,s2b-r09-291,0,0,96,0,16,0,4,4,143.0,44.8,52.5
s2b-r09,3,A,s2b-r09-292,0,0,102,0,16,0,5,1,129.0,44.8,52.5
s2b-r09,3,A,s2b-r09-293,0,0,163,0,32,0,5,5,57.0,44.8,52.5
s2b-r09,3,A,s2b-r09-294,0,0,153,0,32,0,5,5,46.0,44.8,52.5
s2b-r09,3,A,s2b-r09-295,0,0,153,0,32,0,5,5,21.0,44.8,52.5
s2b-r09,3,A,s2b-r09-296,0,0,162,0,2,0,1,1,26.0,44.8,52.5
s2b-r09,3,A,s2b-r09-297,0,0,153,0,2,0,1,1,61.0,44.8,52.5
s2b-r09,3,A,s2b-r09-298,0,0,22,0,2,0,1,1,175.0,44.8,52.5
s2b-r09,3,A,s2b-r09-299,0,0,72,0,32,0,5,5,29.0,44.8,52.5
s2b-r09,3,A,s2b-r09-300,0,0,94,0,32,0,5,5,21.0,44.8,52.5
s2b-r09,3,A,s2b-r09-301,0,0,148,0,32,0,5,5,23.0,44.8,52.5
s2b-r09,3,A,s2b-r09-302,0,0,124,0,32,0,5,5,38.0,44.8,52.5
s2b-r09,3,A,s2b-r09-303,0,0,156,0,32,0,5,5,80.0,44.8,52.5
s2b-r09,3,A,s2b-r09-304,0,0,33,0,1,0,4,1,283.0,44.8,52.5
s2b-r09,3,A,s2b-r09-305,0,0,38,0,2,0,1,1,40.0,44.8,52.5
s2b-r09,3,A,s2b-r09-306,0,0,150,0,32,0,1,1,70.0,44.8,52.5
s2b-r09,3,A,s2b-r09-307,0,0,151,0,1,0,0,0,38.0,44.8,52.5
s2b-r09,3,A,s2b-r09-308,0,0,126,0,16,0,4,4,25.0,44.8,52.5
s2b-r09,3,A,s2b-r09-309,0,0,159,0,2,0,1,1,103.0,44.8,52.5
s2b-r09,3,A,s2b-r09-310,0,0,104,0,32,0,5,5,232.0,44.8,52.5
s2b-r09,3,A,s2b-r09-311,0,0,104,0,2,0,1,1,19.0,44.8,52.5
s2b-r09,3,A,s2b-r09-312,0,0,166,0,2,0,1,1,22.0,44.8,52.5
s2b-r09,3,A,s2b-r09-313,0,0,1,0,2,0,1,1,57.0,44.8,52.5
s2b-r09,3,A,s2b-r09-314,0,0,150,0,2,0,1,1,150.0,44.8,52.5
s2b-r09,3,A,s2b-r09-315,0,0,53,0,2,0,1,1,102.0,44.8,52.5
s2b-r09,3,A,s2b-r09-316,0,0,38,0,16,0,4,4,60.0,44.8,52.5
s2b-r09,3,A,s2b-r09-317,0,0,38,0,4,0,2,3,64.0,44.8,52.5
s2b-r09,3,A,s2b-r09-318,0,0,153,0,8,0,3,3,39.0,44.8,52.5
s2b-r09,3,A,s2b-r09-319,0,0,98,0,8,0,3,3,83.0,44.8,52.5
s2b-r09,3,A,s2b-r09-320,0,0,108,0,4,0,2,2,37.0,44.8,52.5
s2b-r09,3,A,s2b-r09-321,0,0,76,0,4,0,2,2,45.0,44.8,52.5
s2b-r09,3,A,s2b-r09-322,0,0,80,0,2,0,1,1,97.0,44.8,52.5
s2b-r09,3,A,s2b-r09-323,0,0,125,0,32,0,5,5,86.0,44.8,52.5
s2b-r09,3,A,s2b-r09-324,0,0,125,0,2,0,5,1,3152.0,44.8,52.5
s2b-r09,3,A,s2b-r09-325,0,0,79,0,16,0,4,4,29.0,44.8,52.5
s2b-r09,3,A,s2b-r09-326,0,0,152,0,4,0,2,2,56.0,44.8,52.5
s2b-r09,3,A,s2b-r09-327,0,0,152,0,16,0,4,4,25.0,44.8,52.5
s2b-r09,3,A,s2b-r09-328,0,0,155,0,16,0,4,4,17.0,44.8,52.5
s2b-r09,3,A,s2b-r09-329,0,0,152,0,16,0,4,4,28.0,44.8,52.5
s2b-r09,3,A,s2b-r09-330,0,0,152,0,32,0,4,5,177.0,44.8,52.5
s2b-r09,3,A,s2b-r09-331,0,0,159,0,8,0,3,3,18.0,44.8,52.5
s2b-r09,3,A,s2b-r09-332,0,0,152,0,8,0,3,3,23.0,44.8,52.5
s2b-r09,3,A,s2b-r09-333,0,0,152,0,8,0,3,3,61.0,44.8,52.5
s2b-r09,3,A,s2b-r09-334,0,0,133,0,8,0,3,3,134.0,44.8,52.5
s2b-r09,3,A,s2b-r09-335,0,0,39,0,16,0,4,4,92.0,44.8,52.5
s2b-r09,3,A,s2b-r09-336,0,0,100,0,32,0,5,5,46.0,44.8,52.5
s2b-r09,3,A,s2b-r09-337,0,0,147,0,2,0,1,1,115.0,44.8,52.5
s2b-r09,3,A,s2b-r09-338,0,0,155,0,2,0,1,1,25.0,44.8,52.5
s2b-r09,3,A,s2b-r09-339,0,0,148,0,1,0,0,0,19.0,44.8,52.5
s2b-r09,3,A,s2b-r09-340,0,0,170,0,1,0,0,0,12.0,44.8,52.5
s2b-r09,3,A,s2b-r09-341,0,0,1,0,1,0,0,0,16.0,44.8,52.5
s2b-r09,3,A,s2b-r09-342,0,0,170,0,1,0,0,0,22.0,44.8,52.5
s2b-r09,3,A,s2b-r09-343,0,0,85,0,16,0,4,4,53.0,44.8,52.5
s2b-r09,3,A,s2b-r09-344,0,0,94,0,32,0,5,5,77.0,44.8,52.5
s2b-r09,3,A,s2b-r09-345,0,0,117,0,16,0,4,4,21.0,44.8,52.5
s2b-r09,3,A,s2b-r09-346,0,0,155,0,16,0,4,4,40.0,44.8,52.5
s2b-r09,3,A,s2b-r09-347,0,0,224,0,16,0,4,4,16.0,44.8,52.5
s2b-r09,3,A,s2b-r09-348,0,0,7,0,16,0,4,4,39.0,44.8,52.5
s2b-r09,3,A,s2b-r09-349,0,0,155,0,16,0,4,4,66.0,44.8,52.5
s2b-r09,3,A,s2b-r09-350,0,0,142,0,16,0,4,4,109.0,44.8,52.5
s2b-r09,3,A,s2b-r09-351,0,0,43,0,16,0,4,4,82.0,44.8,52.5
s2b-r09,3,A,s2b-r09-352,0,0,95,0,16,0,4,4,50.0,44.8,52.5
s2b-r09,3,A,s2b-r09-353,0,0,149,0,16,0,4,4,104.0,44.8,52.5
s2b-r09,3,A,s2b-r09-354,0,0,95,0,16,0,4,4,106.0,44.8,52.5
s2b-r09,3,A,s2b-r09-355,0,0,99,0,1,0,0,0,29.0,44.8,52.5
s2b-r09,3,A,s2b-r09-356,0,0,99,0,32,0,5,5,28.0,44.8,52.5
s2b-r09,3,A,s2b-r09-357,0,0,149,0,32,0,5,5,54.0,44.8,52.5
s2b-r09,3,A,s2b-r09-358,0,0,149,0,32,0,5,5,66.0,44.8,52.5
s2b-r09,3,A,s2b-r09-359,0,0,155,0,16,0,4,4,104.0,44.8,52.5
s2b-r09,3,A,s2b-r09-360,0,0,107,0,2,0,1,1,236.0,44.8,52.5
s2b-r09,3,A,s2b-r09-361,0,0,107,0,1,0,0,0,77.0,44.8,52.5
s2b-r09,3,A,s2b-r09-362,0,0,159,0,16,0,4,4,53.0,44.8,52.5
s2b-r09,3,A,s2b-r09-363,0,0,159,0,16,0,4,4,109.0,44.8,52.5
s2b-r09,3,A,s2b-r09-364,0,0,34,0,16,0,4,4,42.0,44.8,52.5
s2b-r09,3,A,s2b-r09-365,0,0,114,0,16,0,4,4,22.0,44.8,52.5
s2b-r09,3,A,s2b-r09-366,0,0,152,0,16,0,4,4,37.0,44.8,52.5
s2b-r09,3,A,s2b-r09-367,0,0,152,0,16,0,4,4,52.0,44.8,52.5
s2b-r09,3,A,s2b-r09-368,0,0,90,0,16,0,4,4,64.0,44.8,52.5
s2b-r09,3,A,s2b-r09-369,0,0,117,0,1,0,0,0,38.0,44.8,52.5
s2b-r09,3,A,s2b-r09-370,0,0,152,0,1,0,0,0,21.0,44.8,52.5
s2b-r09,3,A,s2b-r09-371,0,0,133,0,1,0,0,0,15.0,44.8,52.5
s2b-r09,3,A,s2b-r09-372,0,0,157,0,1,0,0,0,13.0,44.8,52.5
s2b-r09,3,A,s2b-r09-373,0,0,149,0,2,0,1,1,36.0,44.8,52.5
s2b-r09,3,A,s2b-r09-374,0,0,44,0,16,0,1,3,127.0,44.8,52.5
s2b-r09,3,A,s2b-r09-375,0,0,182,0,2,0,1,1,69.0,44.8,52.5
s2b-r09,3,A,s2b-r09-376,0,0,182,0,16,0,4,4,43.0,44.8,52.5
s2b-r09,3,A,s2b-r09-377,0,0,182,0,16,0,4,4,36.0,44.8,52.5
s2b-r09,3,A,s2b-r09-378,0,0,182,0,16,0,4,4,19.0,44.8,52.5
s2b-r09,3,A,s2b-r09-379,0,0,127,0,16,0,4,4,50.0,44.8,52.5
s2b-r09,3,A,s2b-r09-380,0,0,21,0,16,0,4,4,104.0,44.8,52.5
s2b-r09,3,A,s2b-r09-381,0,0,66,0,16,0,4,4,112.0,44.8,52.5
s2b-r09,3,A,s2b-r09-382,0,0,66,0,16,0,4,4,34.0,44.8,52.5
s2b-r09,3,A,s2b-r09-383,0,0,168,0,16,0,4,4,52.0,44.8,52.5
s2b-r09,3,A,s2b-r09-384,0,0,138,0,16,0,4,4,63.0,44.8,52.5
s2b-r09,3,A,s2b-r09-385,0,0,106,0,16,0,4,4,75.0,44.8,52.5
s2b-r09,3,A,s2b-r09-386,0,0,148,0,1,0,0,0,123.0,44.8,52.5
s2b-r09,3,A,s2b-r09-387,0,0,157,0,2,0,1,1,29.0,44.8,52.5
s2b-r09,3,A,s2b-r09-388,0,0,157,0,2,0,1,1,17.0,44.8,52.5
s2b-r09,3,A,s2b-r09-389,0,0,157,0,32,0,5,5,106.0,44.8,52.5
s2b-r09,3,A,s2b-r09-390,0,0,101,0,32,0,5,5,67.0,44.8,52.5
s2b-r09,3,A,s2b-r09-391,0,0,89,0,32,0,5,5,62.0,44.8,52.5
s2b-r09,3,A,s2b-r09-392,0,0,89,0,16,0,4,4,106.0,44.8,52.5
s2b-r09,3,A,s2b-r09-393,0,0,125,0,2,0,5,4,76.0,44.8,52.5
s2b-r09,3,A,s2b-r09-394,0,0,125,0,2,0,1,1,102.0,44.8,52.5
s2b-r09,3,A,s2b-r09-395,0,0,72,0,16,0,4,4,65.0,44.8,52.5
s2b-r09,3,A,s2b-r09-396,0,0,72,0,2,0,1,1,36.0,44.8,52.5
s2b-r09,3,A,s2b-r09-397,0,0,153,0,4,0,1,2,42.0,44.8,52.5
s2b-r09,3,A,s2b-r09-398,0,0,84,0,4,0,2,2,45.0,44.8,52.5
s2b-r09,3,A,s2b-r09-399,0,0,148,0,4,0,2,2,111.0,44.8,52.5
s2b-r09,3,A,s2b-r09-400,0,0,84,0,32,0,5,5,107.0,44.8,52.5
s2b-r09,3,A,s2b-r09-401,0,0,105,0,16,0,4,1,80.0,44.8,52.5
s2b-r09,3,A,s2b-r09-402,0,0,47,0,16,0,4,4,51.0,44.8,52.5
s2b-r09,3,A,s2b-r09-403,0,0,151,0,16,0,4,4,108.0,44.8,52.5
s2b-r09,3,A,s2b-r09-404,0,0,105,0,16,0,4,4,61.0,44.8,52.5
s2b-r09,3,A,s2b-r09-405,0,0,105,0,16,0,4,4,43.0,44.8,52.5
s2b-r09,3,A,s2b-r09-406,0,0,41,0,1,0,0,0,50.0,44.8,52.5
s2b-r09,3,A,s2b-r09-407,0,0,53,0,1,0,0,0,41.0,44.8,52.5
s2b-r09,3,A,s2b-r09-408,0,0,41,0,1,0,0,0,22.0,44.8,52.5
s2b-r09,3,A,s2b-r09-409,0,0,164,0,32,0,5,5,109.0,44.8,52.5
s2b-r09,3,A,s2b-r09-410,0,0,118,0,32,0,5,5,115.0,44.8,52.5
s2b-r09,3,A,s2b-r09-411,0,0,118,0,32,0,5,5,16.0,44.8,52.5
s2b-r09,3,A,s2b-r09-412,0,0,96,0,32,0,5,5,63.0,44.8,52.5
s2b-r09,3,A,s2b-r09-413,0,0,96,0,32,0,5,5,104.0,44.8,52.5
s2b-r09,3,A,s2b-r09-414,0,0,82,0,32,0,5,5,44.0,44.8,52.5
s2b-r09,3,A,s2b-r09-415,0,0,82,0,32,0,5,5,18.0,44.8,52.5
s2b-r09,3,A,s2b-r09-416,0,0,150,0,32,0,5,5,27.0,44.8,52.5
s2b-r09,3,A,s2b-r09-417,0,0,146,0,2,0,5,5,29.0,44.8,52.5
s2b-r09,3,A,s2b-r09-418,0,0,154,0,1,0,0,0,26.0,44.8,52.5
s2b-r09,3,A,s2b-r09-419,0,0,146,0,1,0,0,0,56.0,44.8,52.5
s2b-r09,3,A,s2b-r09-420,0,0,65,0,2,0,1,1,27.0,44.8,52.5
s2b-r09,3,A,s2b-r09-421,0,0,150,0,2,0,1,1,101.0,44.8,52.5
s2b-r09,3,A,s2b-r09-422,0,0,65,0,2,0,1,1,102.0,44.8,52.5
s2b-r09,3,A,s2b-r09-423,0,0,85,0,32,0,5,5,68.0,44.8,52.5
s2b-r09,3,A,s2b-r09-424,0,0,85,0,32,0,5,5,61.0,44.8,52.5
s2b-r09,3,A,s2b-r09-425,0,0,14,0,32,0,5,5,105.0,44.8,52.5
s2b-r09,3,A,s2b-r09-426,0,0,65,0,16,0,5,5,1083.0,44.8,52.5
s2b-r09,3,A,s2b-r09-427,0,0,12,0,4,0,2,2,26.0,44.8,52.5
s2b-r09,3,A,s2b-r09-428,0,0,150,0,4,0,2,2,24.0,44.8,52.5
s2b-r09,3,A,s2b-r09-429,0,0,150,0,4,0,2,2,64.0,44.8,52.5
s2b-r09,3,A,s2b-r09-430,0,0,49,0,32,0,5,5,65.0,44.8,52.5
s2b-r09,3,A,s2b-r09-431,0,0,90,0,4,0,2,2,23.0,44.8,52.5
s2b-r09,3,A,s2b-r09-432,0,0,150,0,4,0,2,2,78.0,44.8,52.5
s2b-r09,3,A,s2b-r09-433,0,0,150,0,4,0,2,2,103.0,44.8,52.5
s2b-r09,3,A,s2b-r09-434,0,0,54,0,16,0,4,4,108.0,44.8,52.5
s2b-r09,3,A,s2b-r09-435,0,0,122,0,32,0,5,5,25.0,44.8,52.5
s2b-r09,3,A,s2b-r09-436,0,0,58,0,2,0,1,1,107.0,44.8,52.5
s2b-r09,3,A,s2b-r09-437,0,0,158,0,16,0,4,4,28.0,44.8,52.5
s2b-r09,3,A,s2b-r09-438,0,0,158,0,1,0,0,0,48.0,44.8,52.5
s2b-r09,3,A,s2b-r09-439,0,0,76,0,16,0,4,4,157.0,44.8,52.5
s2b-r09,3,A,s2b-r09-440,0,0,54,0,16,0,4,4,79.0,44.8,52.5
s2b-r09,3,A,s2b-r09-441,0,0,111,0,32,0,4,5,194.0,44.8,52.5
s2b-r09,3,A,s2b-r09-442,0,0,54,0,32,0,5,5,37.0,44.8,52.5
s2b-r09,3,A,s2b-r09-443,0,0,101,0,32,0,5,5,106.0,44.8,52.5
s2b-r09,3,A,s2b-r09-444,0,0,101,0,2,0,1,1,65.0,44.8,52.5
s2b-r09,3,A,s2b-r09-445,0,0,152,0,32,0,5,5,43.0,44.8,52.5
s2b-r09,3,A,s2b-r09-446,0,0,98,0,2,0,1,1,25.0,44.8,52.5
s2b-r09,3,A,s2b-r09-447,0,0,162,0,2,0,1,1,15.0,44.8,52.5
s2b-r09,3,A,s2b-r09-448,0,0,152,0,2,0,1,1,36.0,44.8,52.5
s2b-r09,3,A,s2b-r09-449,0,0,108,0,2,0,1,1,79.0,44.8,52.5
s2b-r09,3,A,s2b-r09-450,0,0,108,0,2,0,1,1,60.0,44.8,52.5
s2b-r09,3,A,s2b-r09-451,0,0,152,0,16,0,4,4,49.0,44.8,52.5
s2b-r09,3,A,s2b-r09-452,0,0,105,0,16,0,4,4,111.0,44.8,52.5
s2b-r09,3,A,s2b-r09-453,0,0,46,0,16,0,4,4,63.0,44.8,52.5
s2b-r09,3,A,s2b-r09-454,0,0,111,0,2,0,1,1,63.0,44.8,52.5
s2b-r09,3,A,s2b-r09-455,0,0,111,0,32,0,1,4,120.0,44.8,52.5
s2b-r09,3,A,s2b-r09-456,0,0,95,0,2,0,1,1,54.0,44.8,52.5
s2b-r09,3,A,s2b-r09-457,0,0,129,0,2,0,1,1,17.0,44.8,52.5
s2b-r09,3,A,s2b-r09-458,0,0,151,0,32,0,5,5,36.0,44.8,52.5
s2b-r09,3,A,s2b-r09-459,0,0,151,0,32,0,5,5,76.0,44.8,52.5
s2b-r09,3,A,s2b-r09-460,0,0,77,0,32,0,5,5,113.0,44.8,52.5
s2b-r09,3,A,s2b-r09-461,0,0,114,0,1,0,0,0,48.0,44.8,52.5
s2b-r09,3,A,s2b-r09-462,0,0,157,0,1,0,0,0,165.0,44.8,52.5
s2b-r09,3,A,s2b-r09-463,0,0,119,0,2,0,1,1,20.0,44.8,52.5
s2b-r09,3,A,s2b-r09-464,0,0,153,0,16,0,4,4,92.0,44.8,52.5
s2b-r09,3,A,s2b-r09-465,0,0,119,0,1,0,0,0,47.0,44.8,52.5
s2b-r09,3,A,s2b-r09-466,0,0,154,0,2,0,1,1,35.0,44.8,52.5
s2b-r09,3,A,s2b-r09-467,0,0,154,0,2,0,1,1,16.0,44.8,52.5
s2b-r09,3,A,s2b-r09-468,0,0,155,0,16,0,1,1,36.0,44.8,52.5
s2b-r09,3,A,s2b-r09-469,0,0,154,0,2,0,1,1,28.0,44.8,52.5
s2b-r09,3,A,s2b-r09-470,0,0,154,0,32,0,5,5,241.0,44.8,52.5
s2b-r09,3,A,s2b-r09-471,0,0,115,0,32,0,5,5,106.0,44.8,52.5
s2b-r09,3,A,s2b-r09-472,0,0,115,0,16,0,5,4,399.0,44.8,52.5
s2b-r09,3,A,s2b-r09-473,0,0,143,0,2,0,1,1,28.0,44.8,52.5
s2b-r09,3,A,s2b-r09-474,0,0,150,0,2,0,1,1,83.0,44.8,52.5
s2b-r10,3,B,s2b-r10-0,512,512,150,0,16,0,4,4,15.0,44.0,53.2
s2b-r10,3,B,s2b-r10-1,512,512,94,0,1,0,0,0,16.0,44.0,53.2
s2b-r10,3,B,s2b-r10-2,512,512,161,0,1,0,0,0,14.0,44.0,53.2
s2b-r10,3,B,s2b-r10-3,512,512,94,0,1,0,0,0,53.0,44.0,53.2
s2b-r10,3,B,s2b-r10-4,512,512,75,0,2,0,1,1,20.0,44.0,53.2
s2b-r10,3,B,s2b-r10-5,512,512,149,0,32,0,5,5,55.0,44.0,53.2
s2b-r10,3,B,s2b-r10-6,512,512,153,0,16,0,4,4,18.0,44.0,53.2
s2b-r10,3,B,s2b-r10-7,512,512,152,0,16,0,4,4,33.0,44.0,53.2
s2b-r10,3,B,s2b-r10-8,512,512,150,0,16,0,4,4,18.0,44.0,53.2
s2b-r10,3,B,s2b-r10-9,512,512,150,0,32,0,5,5,18.0,44.0,53.2
s2b-r10,3,B,s2b-r10-10,512,512,150,0,32,0,5,5,14.0,44.0,53.2
s2b-r10,3,B,s2b-r10-11,512,512,150,0,32,0,5,5,19.0,44.0,53.2
s2b-r10,3,B,s2b-r10-12,512,512,150,0,32,0,5,5,61.0,44.0,53.2
s2b-r10,3,B,s2b-r10-13,512,512,153,0,16,0,4,4,107.0,44.0,53.2
s2b-r10,3,B,s2b-r10-14,512,512,218,0,2,0,1,1,25.0,44.0,53.2
s2b-r10,3,B,s2b-r10-15,512,512,87,0,32,0,5,5,48.0,44.0,53.2
s2b-r10,3,B,s2b-r10-16,512,512,70,0,32,0,5,5,63.0,44.0,53.2
s2b-r10,3,B,s2b-r10-17,512,512,73,0,16,0,4,4,29.0,44.0,53.2
s2b-r10,3,B,s2b-r10-18,512,512,161,0,16,0,4,4,54.0,44.0,53.2
s2b-r10,3,B,s2b-r10-19,512,512,115,0,16,0,4,4,15.0,44.0,53.2
s2b-r10,3,B,s2b-r10-20,512,512,161,0,2,0,1,1,29.0,44.0,53.2
s2b-r10,3,B,s2b-r10-21,512,512,107,0,2,0,1,1,19.0,44.0,53.2
s2b-r10,3,B,s2b-r10-22,512,512,150,0,2,0,1,1,62.0,44.0,53.2
s2b-r10,3,B,s2b-r10-23,512,512,150,0,2,0,1,1,35.0,44.0,53.2
s2b-r10,3,B,s2b-r10-24,512,512,150,0,32,0,5,5,58.0,44.0,53.2
s2b-r10,3,B,s2b-r10-25,512,512,155,0,2,0,1,1,23.0,44.0,53.2
s2b-r10,3,B,s2b-r10-26,512,512,150,0,2,0,1,1,105.0,44.0,53.2
s2b-r10,3,B,s2b-r10-27,512,512,150,0,2,0,1,1,39.0,44.0,53.2
s2b-r10,3,B,s2b-r10-28,512,512,152,0,2,0,1,1,21.0,44.0,53.2
s2b-r10,3,B,s2b-r10-29,512,512,151,0,2,0,1,1,21.0,44.0,53.2
s2b-r10,3,B,s2b-r10-30,512,512,151,0,2,0,1,1,56.0,44.0,53.2
s2b-r10,3,B,s2b-r10-31,512,512,151,0,32,0,5,5,69.0,44.0,53.2
s2b-r10,3,B,s2b-r10-32,512,512,9,0,32,0,5,5,29.0,44.0,53.2
s2b-r10,3,B,s2b-r10-33,512,512,153,0,1,0,0,0,30.0,44.0,53.2
s2b-r10,3,B,s2b-r10-34,512,512,7,0,32,0,5,5,25.0,44.0,53.2
s2b-r10,3,B,s2b-r10-35,512,512,153,0,32,0,5,5,19.0,44.0,53.2
s2b-r10,3,B,s2b-r10-36,512,512,49,0,32,0,5,5,102.0,44.0,53.2
s2b-r10,3,B,s2b-r10-37,512,512,151,0,32,0,5,5,127.0,44.0,53.2
s2b-r10,3,B,s2b-r10-38,512,512,166,0,32,0,5,5,44.0,44.0,53.2
s2b-r10,3,B,s2b-r10-39,512,512,151,0,32,0,5,5,28.0,44.0,53.2
s2b-r10,3,B,s2b-r10-40,512,512,151,0,32,0,5,5,63.0,44.0,53.2
s2b-r10,3,B,s2b-r10-41,512,512,100,0,32,0,5,5,58.0,44.0,53.2
s2b-r10,3,B,s2b-r10-42,512,512,153,0,2,0,1,1,320.0,44.0,53.2
s2b-r10,3,B,s2b-r10-43,512,512,263,6,16,1,4,4,25.0,44.0,53.2
s2b-r10,3,B,s2b-r10-44,512,512,156,0,16,0,4,4,50.0,44.0,53.2
s2b-r10,3,B,s2b-r10-45,512,512,150,6,32,1,5,5,33.0,44.0,53.2
s2b-r10,3,B,s2b-r10-46,512,512,79,6,32,1,5,5,30.0,44.0,53.2
s2b-r10,3,B,s2b-r10-47,512,512,167,6,1,1,0,0,28.0,44.0,53.2
s2b-r10,3,B,s2b-r10-48,512,512,129,6,32,1,5,5,107.0,44.0,53.2
s2b-r10,3,B,s2b-r10-49,512,512,156,6,32,1,5,5,38.0,44.0,53.2
s2b-r10,3,B,s2b-r10-50,512,512,152,0,32,0,5,5,45.0,44.0,53.2
s2b-r10,3,B,s2b-r10-51,512,512,151,0,32,0,5,5,99.0,44.0,53.2
s2b-r10,3,B,s2b-r10-52,512,512,149,0,1,0,0,0,26.0,44.0,53.2
s2b-r10,3,B,s2b-r10-53,512,512,105,6,32,1,5,5,39.0,44.0,53.2
s2b-r10,3,B,s2b-r10-54,512,512,157,6,1,1,0,0,21.0,44.0,53.2
s2b-r10,3,B,s2b-r10-55,512,512,116,6,1,1,0,0,41.0,44.0,53.2
s2b-r10,3,B,s2b-r10-56,512,512,111,6,1,1,0,0,43.0,44.0,53.2
s2b-r10,3,B,s2b-r10-57,512,512,111,6,128,0,7,7,72.0,44.0,53.2
s2b-r10,3,B,s2b-r10-58,512,512,111,6,128,0,7,7,130.0,44.0,53.2
s2b-r10,3,B,s2b-r10-59,512,512,102,6,128,0,7,7,47.0,44.0,53.2
s2b-r10,3,B,s2b-r10-60,512,512,102,6,128,0,7,7,322.0,44.0,53.2
s2b-r10,3,B,s2b-r10-61,512,512,114,6,128,0,7,7,50.0,44.0,53.2
s2b-r10,3,B,s2b-r10-62,512,512,102,6,128,0,7,7,152.0,44.0,53.2
s2b-r10,3,B,s2b-r10-63,512,512,104,6,128,0,7,7,50.0,44.0,53.2
s2b-r10,3,B,s2b-r10-64,512,512,74,6,128,0,7,7,51.0,44.0,53.2
s2b-r10,3,B,s2b-r10-65,512,512,100,6,128,0,7,7,54.0,44.0,53.2
s2b-r10,3,B,s2b-r10-66,512,512,77,6,128,0,7,7,205.0,44.0,53.2
s2b-r10,3,B,s2b-r10-67,512,512,114,6,128,0,7,7,53.0,44.0,53.2
s2b-r10,3,B,s2b-r10-68,512,512,114,6,128,0,7,7,60.0,44.0,53.2
s2b-r10,3,B,s2b-r10-69,512,512,114,6,128,0,7,7,149.0,44.0,53.2
s2b-r10,3,B,s2b-r10-70,512,512,114,6,128,0,7,7,52.0,44.0,53.2
s2b-r10,3,B,s2b-r10-71,512,512,72,6,128,0,7,7,213.0,44.0,53.2
s2b-r10,3,B,s2b-r10-72,512,512,113,6,128,0,7,7,49.0,44.0,53.2
s2b-r10,3,B,s2b-r10-73,512,512,85,6,128,0,7,7,145.0,44.0,53.2
s2b-r10,3,B,s2b-r10-74,512,512,104,6,128,0,7,7,47.0,44.0,53.2
s2b-r10,3,B,s2b-r10-75,512,512,104,6,128,0,7,7,156.0,44.0,53.2
s2b-r10,3,B,s2b-r10-76,512,512,106,6,128,0,7,7,57.0,44.0,53.2
s2b-r10,3,B,s2b-r10-77,512,512,100,6,128,0,7,7,50.0,44.0,53.2
s2b-r10,3,B,s2b-r10-78,512,512,100,6,128,0,7,7,47.0,44.0,53.2
s2b-r10,3,B,s2b-r10-79,512,512,100,6,128,0,7,7,57.0,44.0,53.2
s2b-r10,3,B,s2b-r10-80,512,512,100,6,128,0,7,7,178.0,44.0,53.2
s2b-r10,3,B,s2b-r10-81,512,512,105,6,128,0,7,7,54.0,44.0,53.2
s2b-r10,3,B,s2b-r10-82,512,512,105,6,128,0,7,7,171.0,44.0,53.2
s2b-r10,3,B,s2b-r10-83,512,512,106,6,128,0,7,7,51.0,44.0,53.2
s2b-r10,3,B,s2b-r10-84,512,512,105,6,128,0,7,7,149.0,44.0,53.2
s2b-r10,3,B,s2b-r10-85,512,512,105,6,128,0,7,7,49.0,44.0,53.2
s2b-r10,3,B,s2b-r10-86,512,512,93,6,128,0,7,7,120.0,44.0,53.2
s2b-r10,3,B,s2b-r10-87,512,512,101,6,128,0,7,7,50.0,44.0,53.2
s2b-r10,3,B,s2b-r10-88,512,512,98,6,128,0,7,7,241.0,44.0,53.2
s2b-r10,3,B,s2b-r10-89,512,512,113,6,128,0,7,7,55.0,44.0,53.2
s2b-r10,3,B,s2b-r10-90,512,512,99,6,128,0,7,7,209.0,44.0,53.2
s2b-r10,3,B,s2b-r10-91,512,512,104,6,128,0,7,7,52.0,44.0,53.2
s2b-r10,3,B,s2b-r10-92,512,512,102,6,128,0,7,7,164.0,44.0,53.2
s2b-r10,3,B,s2b-r10-93,512,512,104,6,128,0,7,7,56.0,44.0,53.2
s2b-r10,3,B,s2b-r10-94,512,512,69,6,128,0,7,7,155.0,44.0,53.2
s2b-r10,3,B,s2b-r10-95,512,512,104,6,128,0,7,7,52.0,44.0,53.2
s2b-r10,3,B,s2b-r10-96,512,512,84,6,128,0,7,7,103.0,44.0,53.2
s2b-r10,3,B,s2b-r10-97,512,512,101,0,2,0,1,1,58.0,44.0,53.2
s2b-r10,3,B,s2b-r10-98,512,512,101,0,32,0,5,5,76.0,44.0,53.2
s2b-r10,3,B,s2b-r10-99,512,512,114,6,64,0,6,6,18.0,44.0,53.2
s2b-r10,3,B,s2b-r10-100,512,512,55,6,64,0,6,6,50.0,44.0,53.2
s2b-r10,3,B,s2b-r10-101,512,512,98,6,64,0,6,6,48.0,44.0,53.2
s2b-r10,3,B,s2b-r10-102,512,512,98,6,64,0,6,6,38.0,44.0,53.2
s2b-r10,3,B,s2b-r10-103,512,512,104,6,64,0,6,6,18.0,44.0,53.2
s2b-r10,3,B,s2b-r10-104,512,512,98,6,128,0,7,7,50.0,44.0,53.2
s2b-r10,3,B,s2b-r10-105,512,512,98,6,128,0,7,7,36.0,44.0,53.2
s2b-r10,3,B,s2b-r10-106,512,512,101,6,128,0,7,7,72.0,44.0,53.2
s2b-r10,3,B,s2b-r10-107,512,512,104,6,128,0,7,7,50.0,44.0,53.2
s2b-r10,3,B,s2b-r10-108,512,512,99,6,128,0,7,7,52.0,44.0,53.2
s2b-r10,3,B,s2b-r10-109,512,512,97,6,128,0,7,7,152.0,44.0,53.2
s2b-r10,3,B,s2b-r10-110,512,512,97,6,128,0,7,7,51.0,44.0,53.2
s2b-r10,3,B,s2b-r10-111,512,512,98,6,128,0,7,7,100.0,44.0,53.2
s2b-r10,3,B,s2b-r10-112,512,512,86,6,128,0,7,7,50.0,44.0,53.2
s2b-r10,3,B,s2b-r10-113,512,512,97,6,128,0,7,7,118.0,44.0,53.2
s2b-r10,3,B,s2b-r10-114,512,512,86,6,128,0,7,7,133.0,44.0,53.2
s2b-r10,3,B,s2b-r10-115,512,512,104,6,128,0,7,7,48.0,44.0,53.2
s2b-r10,3,B,s2b-r10-116,512,512,82,6,128,0,7,7,182.0,44.0,53.2
s2b-r10,3,B,s2b-r10-117,512,512,108,6,128,0,7,7,53.0,44.0,53.2
s2b-r10,3,B,s2b-r10-118,512,512,100,6,128,0,7,7,54.0,44.0,53.2
s2b-r10,3,B,s2b-r10-119,512,512,13,6,128,0,7,7,182.0,44.0,53.2
s2b-r10,3,B,s2b-r10-120,512,512,104,6,128,0,7,7,51.0,44.0,53.2
s2b-r10,3,B,s2b-r10-121,512,512,99,6,128,0,7,7,118.0,44.0,53.2
s2b-r10,3,B,s2b-r10-122,512,512,103,6,128,0,7,7,49.0,44.0,53.2
s2b-r10,3,B,s2b-r10-123,512,512,98,6,128,0,7,7,133.0,44.0,53.2
s2b-r10,3,B,s2b-r10-124,512,512,84,6,128,0,7,7,54.0,44.0,53.2
s2b-r10,3,B,s2b-r10-125,512,512,101,6,128,0,7,7,152.0,44.0,53.2
s2b-r10,3,B,s2b-r10-126,512,512,87,6,128,0,7,7,49.0,44.0,53.2
s2b-r10,3,B,s2b-r10-127,512,512,99,6,128,0,7,7,125.0,44.0,53.2
s2b-r10,3,B,s2b-r10-128,512,512,99,6,128,0,7,7,53.0,44.0,53.2
s2b-r10,3,B,s2b-r10-129,512,512,99,6,128,0,7,7,106.0,44.0,53.2
s2b-r10,3,B,s2b-r10-130,512,512,83,6,128,0,7,7,178.0,44.0,53.2
s2b-r10,3,B,s2b-r10-131,512,512,104,6,128,0,7,7,59.0,44.0,53.2
s2b-r10,3,B,s2b-r10-132,512,512,102,6,128,0,7,7,183.0,44.0,53.2
s2b-r10,3,B,s2b-r10-133,512,512,83,6,128,0,7,7,51.0,44.0,53.2
s2b-r10,3,B,s2b-r10-134,512,512,99,6,128,0,7,7,182.0,44.0,53.2
s2b-r10,3,B,s2b-r10-135,512,512,104,6,128,0,7,7,51.0,44.0,53.2
s2b-r10,3,B,s2b-r10-136,512,512,99,6,128,0,7,7,47.0,44.0,53.2
s2b-r10,3,B,s2b-r10-137,512,512,99,6,128,0,7,7,159.0,44.0,53.2
s2b-r10,3,B,s2b-r10-138,512,512,102,6,128,0,7,7,47.0,44.0,53.2
s2b-r10,3,B,s2b-r10-139,512,512,102,6,128,0,7,7,134.0,44.0,53.2
s2b-r10,3,B,s2b-r10-140,512,512,103,6,128,0,7,7,51.0,44.0,53.2
s2b-r10,3,B,s2b-r10-141,512,512,102,6,128,0,7,7,69.0,44.0,53.2
s2b-r10,3,B,s2b-r10-142,512,512,63,6,128,0,7,7,54.0,44.0,53.2
s2b-r10,3,B,s2b-r10-143,512,512,98,6,128,0,7,7,149.0,44.0,53.2
s2b-r10,3,B,s2b-r10-144,512,512,103,6,128,0,7,7,50.0,44.0,53.2
s2b-r10,3,B,s2b-r10-145,512,512,61,6,128,0,7,7,180.0,44.0,53.2
s2b-r10,3,B,s2b-r10-146,512,512,105,6,128,0,7,7,56.0,44.0,53.2
s2b-r10,3,B,s2b-r10-147,512,512,99,6,128,0,7,7,146.0,44.0,53.2
s2b-r10,3,B,s2b-r10-148,512,512,82,6,128,0,7,7,50.0,44.0,53.2
s2b-r10,3,B,s2b-r10-149,512,512,99,6,128,0,7,7,142.0,44.0,53.2
s2b-r10,3,B,s2b-r10-150,512,512,106,6,128,0,7,7,53.0,44.0,53.2
s2b-r10,3,B,s2b-r10-151,512,512,99,6,128,0,7,7,192.0,44.0,53.2
s2b-r10,3,B,s2b-r10-152,512,512,104,6,128,0,7,7,50.0,44.0,53.2
s2b-r10,3,B,s2b-r10-153,512,512,101,6,128,0,7,7,130.0,44.0,53.2
s2b-r10,3,B,s2b-r10-154,512,512,104,6,128,0,7,7,52.0,44.0,53.2
s2b-r10,3,B,s2b-r10-155,512,512,104,6,128,0,7,7,143.0,44.0,53.2
s2b-r10,3,B,s2b-r10-156,512,512,104,6,128,0,7,7,58.0,44.0,53.2
s2b-r10,3,B,s2b-r10-157,512,512,104,6,128,0,7,7,197.0,44.0,53.2
s2b-r10,3,B,s2b-r10-158,512,512,100,6,128,0,7,7,53.0,44.0,53.2
s2b-r10,3,B,s2b-r10-159,512,512,100,6,128,0,7,7,195.0,44.0,53.2
s2b-r10,3,B,s2b-r10-160,512,512,105,6,128,0,7,7,51.0,44.0,53.2
s2b-r10,3,B,s2b-r10-161,512,512,72,6,128,0,7,7,171.0,44.0,53.2
s2b-r10,3,B,s2b-r10-162,512,512,103,6,128,0,7,7,59.0,44.0,53.2
s2b-r10,3,B,s2b-r10-163,512,512,100,6,128,0,7,7,71.0,44.0,53.2
s2b-r10,3,B,s2b-r10-164,512,512,78,6,128,0,7,7,49.0,44.0,53.2
s2b-r10,3,B,s2b-r10-165,512,512,101,6,128,0,7,7,157.0,44.0,53.2
s2b-r10,3,B,s2b-r10-166,512,512,102,6,128,0,7,7,54.0,44.0,53.2
s2b-r10,3,B,s2b-r10-167,512,512,101,6,128,0,7,7,158.0,44.0,53.2
s2b-r10,3,B,s2b-r10-168,512,512,103,6,128,0,7,7,52.0,44.0,53.2
s2b-r10,3,B,s2b-r10-169,512,512,102,6,128,0,7,7,164.0,44.0,53.2
s2b-r10,3,B,s2b-r10-170,512,512,106,6,128,0,7,7,49.0,44.0,53.2
s2b-r10,3,B,s2b-r10-171,512,512,102,6,128,0,7,7,170.0,44.0,53.2
s2b-r10,3,B,s2b-r10-172,512,512,102,6,128,0,7,7,55.0,44.0,53.2
s2b-r10,3,B,s2b-r10-173,512,512,100,6,128,0,7,7,257.0,44.0,53.2
s2b-r10,3,B,s2b-r10-174,512,512,110,6,128,0,7,7,49.0,44.0,53.2
s2b-r10,3,B,s2b-r10-175,512,512,100,6,128,0,7,7,248.0,44.0,53.2
s2b-r10,3,B,s2b-r10-176,512,512,106,6,128,0,7,7,47.0,44.0,53.2
s2b-r10,3,B,s2b-r10-177,512,512,100,6,128,0,7,7,149.0,44.0,53.2
s2b-r10,3,B,s2b-r10-178,512,512,102,6,128,0,7,7,49.0,44.0,53.2
s2b-r10,3,B,s2b-r10-179,512,512,102,6,128,0,7,7,49.0,44.0,53.2
s2b-r10,3,B,s2b-r10-180,512,512,102,6,128,0,7,7,65.0,44.0,53.2
s2b-r10,3,B,s2b-r10-181,512,512,102,6,128,0,7,7,52.0,44.0,53.2
s2b-r10,3,B,s2b-r10-182,512,512,65,6,128,0,7,7,144.0,44.0,53.2
s2b-r10,3,B,s2b-r10-183,512,512,102,6,128,0,7,7,59.0,44.0,53.2
s2b-r10,3,B,s2b-r10-184,512,512,99,6,128,0,7,7,186.0,44.0,53.2
s2b-r10,3,B,s2b-r10-185,512,512,92,6,128,0,7,7,52.0,44.0,53.2
s2b-r10,3,B,s2b-r10-186,512,512,100,6,128,0,7,7,49.0,44.0,53.2
s2b-r10,3,B,s2b-r10-187,512,512,92,6,128,0,7,7,122.0,44.0,53.2
s2b-r10,3,B,s2b-r10-188,512,512,102,6,128,0,7,7,51.0,44.0,53.2
s2b-r10,3,B,s2b-r10-189,512,512,86,6,128,0,7,7,150.0,44.0,53.2
s2b-r10,3,B,s2b-r10-190,512,512,107,6,128,0,7,7,46.0,44.0,53.2
s2b-r10,3,B,s2b-r10-191,512,512,88,6,128,0,7,7,140.0,44.0,53.2
s2b-r10,3,B,s2b-r10-192,512,512,105,6,128,0,7,7,46.0,44.0,53.2
s2b-r10,3,B,s2b-r10-193,512,512,105,6,128,0,7,7,48.0,44.0,53.2
s2b-r10,3,B,s2b-r10-194,512,512,105,6,128,0,7,7,147.0,44.0,53.2
s2b-r10,3,B,s2b-r10-195,512,512,105,6,128,0,7,7,45.0,44.0,53.2
s2b-r10,3,B,s2b-r10-196,512,512,69,6,128,0,7,7,101.0,44.0,53.2
s2b-r10,3,B,s2b-r10-197,512,512,102,6,128,0,7,7,52.0,44.0,53.2
s2b-r10,3,B,s2b-r10-198,512,512,99,6,128,0,7,7,141.0,44.0,53.2
s2b-r10,3,B,s2b-r10-199,512,512,94,6,128,0,7,7,78.0,44.0,53.2
s2b-r10,3,B,s2b-r10-200,512,512,97,6,128,0,7,7,383.0,44.0,53.2
s2b-r10,3,B,s2b-r10-201,512,512,109,6,128,0,7,7,46.0,44.0,53.2
s2b-r10,3,B,s2b-r10-202,512,512,98,6,128,0,7,7,128.0,44.0,53.2
s2b-r10,3,B,s2b-r10-203,512,512,103,6,128,0,7,7,47.0,44.0,53.2
s2b-r10,3,B,s2b-r10-204,512,512,72,6,128,0,7,7,146.0,44.0,53.2
s2b-r10,3,B,s2b-r10-205,512,512,104,6,128,0,7,7,47.0,44.0,53.2
s2b-r10,3,B,s2b-r10-206,512,512,98,6,128,0,7,7,136.0,44.0,53.2
s2b-r10,3,B,s2b-r10-207,512,512,97,6,128,0,7,7,47.0,44.0,53.2
s2b-r10,3,B,s2b-r10-208,512,512,98,6,128,0,7,7,135.0,44.0,53.2
s2b-r10,3,B,s2b-r10-209,512,512,102,6,128,0,7,7,48.0,44.0,53.2
s2b-r10,3,B,s2b-r10-210,512,512,99,6,128,0,7,7,152.0,44.0,53.2
s2b-r10,3,B,s2b-r10-211,512,512,101,6,128,0,7,7,52.0,44.0,53.2
s2b-r10,3,B,s2b-r10-212,512,512,98,6,128,0,7,7,127.0,44.0,53.2
s2b-r10,3,B,s2b-r10-213,512,512,101,6,128,0,7,7,47.0,44.0,53.2
s2b-r10,3,B,s2b-r10-214,512,512,98,0,1,0,0,0,104.0,44.0,53.2
s2b-r10,3,B,s2b-r10-215,512,512,151,6,128,0,7,7,67.0,44.0,53.2
s2b-r10,3,B,s2b-r10-216,512,512,98,6,128,0,7,7,19.0,44.0,53.2
s2b-r10,3,B,s2b-r10-217,512,512,96,0,1,0,0,0,187.0,44.0,53.2
s2b-r10,3,B,s2b-r10-218,512,512,32,6,64,0,6,6,131.0,44.0,53.2
s2b-r10,3,B,s2b-r10-219,512,512,103,6,64,0,6,6,17.0,44.0,53.2
s2b-r10,3,B,s2b-r10-220,512,512,103,6,128,0,7,7,77.0,44.0,53.2
s2b-r10,3,B,s2b-r10-221,512,512,103,6,128,0,7,7,52.0,44.0,53.2
s2b-r10,3,B,s2b-r10-222,512,512,103,6,128,0,7,7,159.0,44.0,53.2
s2b-r10,3,B,s2b-r10-223,512,512,105,6,128,0,7,7,46.0,44.0,53.2
s2b-r10,3,B,s2b-r10-224,512,512,98,6,128,0,7,7,145.0,44.0,53.2
s2b-r10,3,B,s2b-r10-225,512,512,103,6,128,0,7,7,47.0,44.0,53.2
s2b-r10,3,B,s2b-r10-226,512,512,98,6,128,0,7,7,47.0,44.0,53.2
s2b-r10,3,B,s2b-r10-227,512,512,98,0,32,0,5,5,207.0,44.0,53.2
s2b-r10,3,B,s2b-r10-228,512,512,187,0,32,0,5,5,26.0,44.0,53.2
s2b-r10,3,B,s2b-r10-229,512,512,187,0,32,0,5,5,20.0,44.0,53.2
s2b-r10,3,B,s2b-r10-230,512,512,187,0,32,0,5,5,63.0,44.0,53.2
s2b-r10,3,B,s2b-r10-231,512,512,187,0,32,0,5,5,46.0,44.0,53.2
s2b-r10,3,B,s2b-r10-232,512,512,187,6,32,1,5,5,52.0,44.0,53.2
s2b-r10,3,B,s2b-r10-233,512,512,122,6,32,1,5,5,83.0,44.0,53.2
s2b-r10,3,B,s2b-r10-234,512,512,158,6,32,1,5,5,28.0,44.0,53.2
s2b-r10,3,B,s2b-r10-235,512,512,158,6,2,1,1,1,29.0,44.0,53.2
s2b-r10,3,B,s2b-r10-236,512,512,161,6,32,1,5,5,27.0,44.0,53.2
s2b-r10,3,B,s2b-r10-237,512,512,150,6,32,1,5,5,51.0,44.0,53.2
s2b-r10,3,B,s2b-r10-238,512,512,151,6,32,1,5,5,84.0,44.0,53.2
s2b-r10,3,B,s2b-r10-239,512,512,150,6,32,1,5,5,22.0,44.0,53.2
s2b-r10,3,B,s2b-r10-240,512,512,119,6,32,1,5,5,52.0,44.0,53.2
s2b-r10,3,B,s2b-r10-241,512,512,148,6,1,1,0,0,78.0,44.0,53.2
s2b-r10,3,B,s2b-r10-242,512,512,106,6,128,0,7,7,92.0,44.0,53.2
s2b-r10,3,B,s2b-r10-243,512,512,106,6,128,0,7,7,204.0,44.0,53.2
s2b-r10,3,B,s2b-r10-244,512,512,106,6,128,0,7,7,55.0,44.0,53.2
s2b-r10,3,B,s2b-r10-245,512,512,99,6,128,0,7,7,65.0,44.0,53.2
s2b-r10,3,B,s2b-r10-246,512,512,105,6,128,0,7,7,49.0,44.0,53.2
s2b-r10,3,B,s2b-r10-247,512,512,99,6,128,0,7,7,138.0,44.0,53.2
s2b-r10,3,B,s2b-r10-248,512,512,101,6,128,0,7,7,49.0,44.0,53.2
s2b-r10,3,B,s2b-r10-249,512,512,75,6,128,0,7,7,87.0,44.0,53.2
s2b-r10,3,B,s2b-r10-250,512,512,101,6,128,0,7,7,153.0,44.0,53.2
s2b-r10,3,B,s2b-r10-251,512,512,103,6,128,0,7,7,50.0,44.0,53.2
s2b-r10,3,B,s2b-r10-252,512,512,31,6,128,0,7,7,196.0,44.0,53.2
s2b-r10,3,B,s2b-r10-253,512,512,104,6,128,0,7,7,51.0,44.0,53.2
s2b-r10,3,B,s2b-r10-254,512,512,98,6,128,0,7,7,61.0,44.0,53.2
s2b-r10,3,B,s2b-r10-255,512,512,56,6,128,0,7,7,148.0,44.0,53.2
s2b-r10,3,B,s2b-r10-256,512,512,102,6,128,0,7,7,18.0,44.0,53.2
s2b-r10,3,B,s2b-r10-257,512,512,102,6,128,0,7,7,125.0,44.0,53.2
s2b-r10,3,B,s2b-r10-258,512,512,102,6,128,0,7,7,50.0,44.0,53.2
s2b-r10,3,B,s2b-r10-259,512,512,102,6,128,0,7,7,71.0,44.0,53.2
s2b-r10,3,B,s2b-r10-260,512,512,106,6,128,0,7,7,53.0,44.0,53.2
s2b-r10,3,B,s2b-r10-261,512,512,98,6,128,0,7,7,148.0,44.0,53.2
s2b-r10,3,B,s2b-r10-262,512,512,98,6,128,0,7,7,48.0,44.0,53.2
s2b-r10,3,B,s2b-r10-263,512,512,99,6,128,0,7,7,254.0,44.0,53.2
s2b-r10,3,B,s2b-r10-264,512,512,106,6,128,0,7,7,47.0,44.0,53.2
s2b-r10,3,B,s2b-r10-265,512,512,99,6,128,0,7,7,161.0,44.0,53.2
s2b-r10,3,B,s2b-r10-266,512,512,105,6,128,0,7,7,51.0,44.0,53.2
s2b-r10,3,B,s2b-r10-267,512,512,99,6,128,0,7,7,263.0,44.0,53.2
s2b-r10,3,B,s2b-r10-268,512,512,109,6,128,0,7,7,48.0,44.0,53.2
s2b-r10,3,B,s2b-r10-269,512,512,97,6,128,0,7,7,125.0,44.0,53.2
s2b-r10,3,B,s2b-r10-270,512,512,97,6,128,0,7,7,64.0,44.0,53.2
s2b-r10,3,B,s2b-r10-271,512,512,102,6,128,0,7,7,89.0,44.0,53.2
s2b-r10,3,B,s2b-r10-272,512,512,78,6,128,0,7,7,149.0,44.0,53.2
s2b-r10,3,B,s2b-r10-273,512,512,110,6,128,0,7,7,55.0,44.0,53.2
s2b-r10,3,B,s2b-r10-274,512,512,94,6,128,0,7,7,121.0,44.0,53.2
s2b-r10,3,B,s2b-r10-275,512,512,103,6,128,0,7,7,48.0,44.0,53.2
s2b-r10,3,B,s2b-r10-276,512,512,89,6,128,0,7,7,128.0,44.0,53.2
s2b-r10,3,B,s2b-r10-277,512,512,104,6,128,0,7,7,48.0,44.0,53.2
s2b-r10,3,B,s2b-r10-278,512,512,90,6,128,0,7,7,122.0,44.0,53.2
s2b-r10,3,B,s2b-r10-279,512,512,104,6,128,0,7,7,48.0,44.0,53.2
s2b-r10,3,B,s2b-r10-280,512,512,104,6,128,0,7,7,171.0,44.0,53.2
s2b-r10,3,B,s2b-r10-281,512,512,109,6,128,0,7,7,54.0,44.0,53.2
s2b-r10,3,B,s2b-r10-282,512,512,91,6,128,0,7,7,131.0,44.0,53.2
s2b-r10,3,B,s2b-r10-283,512,512,100,6,128,0,7,7,49.0,44.0,53.2
s2b-r10,3,B,s2b-r10-284,512,512,99,6,128,0,7,7,52.0,44.0,53.2
s2b-r10,3,B,s2b-r10-285,512,512,97,6,128,0,7,7,180.0,44.0,53.2
s2b-r10,3,B,s2b-r10-286,512,512,102,6,128,0,7,7,50.0,44.0,53.2
s2b-r10,3,B,s2b-r10-287,512,512,93,6,128,0,7,7,201.0,44.0,53.2
s2b-r10,3,B,s2b-r10-288,512,512,107,6,128,0,7,7,186.0,44.0,53.2
s2b-r10,3,B,s2b-r10-289,512,512,101,6,128,0,7,7,110.0,44.0,53.2
s2b-r10,3,B,s2b-r10-290,512,512,102,6,128,0,7,7,48.0,44.0,53.2
s2b-r10,3,B,s2b-r10-291,512,512,97,6,128,0,7,7,147.0,44.0,53.2
s2b-r10,3,B,s2b-r10-292,512,512,97,6,128,0,7,7,52.0,44.0,53.2
s2b-r10,3,B,s2b-r10-293,512,512,100,6,128,0,7,7,58.0,44.0,53.2
s2b-r10,3,B,s2b-r10-294,512,512,76,6,128,0,7,7,55.0,44.0,53.2
s2b-r10,3,B,s2b-r10-295,512,512,101,6,128,0,7,7,155.0,44.0,53.2
s2b-r10,3,B,s2b-r10-296,512,512,89,6,128,0,7,7,53.0,44.0,53.2
s2b-r10,3,B,s2b-r10-297,512,512,101,6,128,0,7,7,120.0,44.0,53.2
s2b-r10,3,B,s2b-r10-298,512,512,100,6,128,0,7,7,178.0,44.0,53.2
s2b-r10,3,B,s2b-r10-299,512,512,100,6,128,0,7,7,53.0,44.0,53.2
s2b-r10,3,B,s2b-r10-300,512,512,101,6,128,0,7,7,180.0,44.0,53.2
s2b-r10,3,B,s2b-r10-301,512,512,114,6,128,0,7,7,48.0,44.0,53.2
s2b-r10,3,B,s2b-r10-302,512,512,101,6,128,0,7,7,125.0,44.0,53.2
s2b-r10,3,B,s2b-r10-303,512,512,101,6,128,0,7,7,53.0,44.0,53.2
s2b-r10,3,B,s2b-r10-304,512,512,101,6,128,0,7,7,147.0,44.0,53.2
s2b-r10,3,B,s2b-r10-305,512,512,103,6,128,0,7,7,53.0,44.0,53.2
s2b-r10,3,B,s2b-r10-306,512,512,74,6,128,0,7,7,152.0,44.0,53.2
s2b-r10,3,B,s2b-r10-307,512,512,105,6,128,0,7,7,52.0,44.0,53.2
s2b-r10,3,B,s2b-r10-308,512,512,91,6,128,0,7,7,126.0,44.0,53.2
s2b-r10,3,B,s2b-r10-309,512,512,104,6,128,0,7,7,49.0,44.0,53.2
s2b-r10,3,B,s2b-r10-310,512,512,90,6,128,0,7,7,180.0,44.0,53.2
s2b-r10,3,B,s2b-r10-311,512,512,102,6,128,0,7,7,57.0,44.0,53.2
s2b-r10,3,B,s2b-r10-312,512,512,101,6,128,0,7,7,50.0,44.0,53.2
s2b-r10,3,B,s2b-r10-313,512,512,98,6,128,0,7,7,150.0,44.0,53.2
s2b-r10,3,B,s2b-r10-314,512,512,109,6,128,0,7,7,50.0,44.0,53.2
s2b-r10,3,B,s2b-r10-315,512,512,109,6,128,0,7,7,148.0,44.0,53.2
s2b-r10,3,B,s2b-r10-316,512,512,109,6,128,0,7,7,48.0,44.0,53.2
s2b-r10,3,B,s2b-r10-317,512,512,109,6,128,0,7,7,119.0,44.0,53.2
s2b-r10,3,B,s2b-r10-318,512,512,100,6,128,0,7,7,52.0,44.0,53.2
s2b-r10,3,B,s2b-r10-319,512,512,100,6,128,0,7,7,326.0,44.0,53.2
s2b-r10,3,B,s2b-r10-320,512,512,113,6,128,0,7,7,55.0,44.0,53.2
s2b-r10,3,B,s2b-r10-321,512,512,100,6,128,0,7,7,156.0,44.0,53.2
s2b-r10,3,B,s2b-r10-322,512,512,101,6,128,0,7,7,69.0,44.0,53.2
s2b-r10,3,B,s2b-r10-323,512,512,98,6,128,0,7,7,160.0,44.0,53.2
s2b-r10,3,B,s2b-r10-324,512,512,107,6,128,0,7,7,53.0,44.0,53.2
s2b-r10,3,B,s2b-r10-325,512,512,98,6,128,0,7,7,188.0,44.0,53.2
s2b-r10,3,B,s2b-r10-326,512,512,103,6,128,0,7,7,55.0,44.0,53.2
s2b-r10,3,B,s2b-r10-327,512,512,99,0,2,0,1,1,53.0,44.0,53.2
s2b-r10,3,B,s2b-r10-328,512,512,99,6,128,0,7,7,84.0,44.0,53.2
s2b-r10,3,B,s2b-r10-329,512,512,106,6,128,0,7,7,18.0,44.0,53.2
s2b-r10,3,B,s2b-r10-330,512,512,99,6,128,0,7,7,54.0,44.0,53.2
s2b-r10,3,B,s2b-r10-331,512,512,99,0,8,0,3,3,123.0,44.0,53.2
s2b-r10,3,B,s2b-r10-332,512,512,120,6,128,0,7,7,82.0,44.0,53.2
s2b-r10,3,B,s2b-r10-333,512,512,101,6,128,0,7,7,18.0,44.0,53.2
s2b-r10,3,B,s2b-r10-334,512,512,99,6,128,0,7,7,22.0,44.0,53.2
s2b-r10,3,B,s2b-r10-335,512,512,98,0,16,0,4,4,67.0,44.0,53.2
s2b-r10,3,B,s2b-r10-336,512,512,150,6,64,0,6,6,135.0,44.0,53.2
s2b-r10,3,B,s2b-r10-337,512,512,104,6,64,0,6,6,52.0,44.0,53.2
s2b-r10,3,B,s2b-r10-338,512,512,99,6,64,0,6,6,146.0,44.0,53.2
s2b-r10,3,B,s2b-r10-339,512,512,103,6,64,0,6,6,47.0,44.0,53.2
s2b-r10,3,B,s2b-r10-340,512,512,97,6,64,0,6,6,111.0,44.0,53.2
s2b-r10,3,B,s2b-r10-341,512,512,102,6,64,0,6,6,47.0,44.0,53.2
s2b-r10,3,B,s2b-r10-342,512,512,97,6,64,0,6,6,155.0,44.0,53.2
s2b-r10,3,B,s2b-r10-343,512,512,103,6,64,0,6,6,57.0,44.0,53.2
s2b-r10,3,B,s2b-r10-344,512,512,99,6,64,0,6,6,150.0,44.0,53.2
s2b-r10,3,B,s2b-r10-345,512,512,101,6,64,0,6,6,49.0,44.0,53.2
s2b-r10,3,B,s2b-r10-346,512,512,100,6,64,0,6,6,129.0,44.0,53.2
s2b-r10,3,B,s2b-r10-347,512,512,102,6,64,0,6,6,47.0,44.0,53.2
s2b-r10,3,B,s2b-r10-348,512,512,98,6,64,0,6,6,151.0,44.0,53.2
s2b-r10,3,B,s2b-r10-349,512,512,101,0,1,0,0,0,67.0,44.0,53.2
s2b-r10,3,B,s2b-r10-350,512,512,98,0,2,0,1,0,36.0,44.0,53.2
s2b-r10,3,B,s2b-r10-351,512,512,177,6,64,0,6,6,18.0,44.0,53.2
s2b-r10,3,B,s2b-r10-352,512,512,97,6,64,0,6,6,21.0,44.0,53.2
s2b-r10,3,B,s2b-r10-353,512,512,98,6,64,0,6,6,21.0,44.0,53.2
s2b-r10,3,B,s2b-r10-354,512,512,99,6,64,0,6,6,19.0,44.0,53.2
s2b-r10,3,B,s2b-r10-355,512,512,97,6,64,0,6,6,49.0,44.0,53.2
s2b-r10,3,B,s2b-r10-356,512,512,98,6,64,0,6,6,166.0,44.0,53.2
s2b-r10,3,B,s2b-r10-357,512,512,102,6,64,0,6,6,52.0,44.0,53.2
s2b-r10,3,B,s2b-r10-358,512,512,98,6,64,0,6,6,149.0,44.0,53.2
s2b-r10,3,B,s2b-r10-359,512,512,103,6,64,0,6,6,52.0,44.0,53.2
s2b-r10,3,B,s2b-r10-360,512,512,98,6,64,0,6,6,144.0,44.0,53.2
s2b-r10,3,B,s2b-r10-361,512,512,98,6,64,0,6,6,49.0,44.0,53.2
s2b-r10,3,B,s2b-r10-362,512,512,101,6,64,0,6,6,48.0,44.0,53.2
s2b-r10,3,B,s2b-r10-363,512,512,98,6,64,0,6,6,153.0,44.0,53.2
s2b-r10,3,B,s2b-r10-364,512,512,68,6,64,0,6,6,48.0,44.0,53.2
s2b-r10,3,B,s2b-r10-365,512,512,100,6,64,0,6,6,48.0,44.0,53.2
s2b-r10,3,B,s2b-r10-366,512,512,97,6,64,0,6,6,128.0,44.0,53.2
s2b-r10,3,B,s2b-r10-367,512,512,65,0,2,0,1,1,66.0,44.0,53.2
s2b-r10,3,B,s2b-r10-368,512,512,159,0,2,0,1,1,25.0,44.0,53.2
s2b-r10,3,B,s2b-r10-369,512,512,90,6,128,0,7,7,71.0,44.0,53.2
s2b-r10,3,B,s2b-r10-370,512,512,100,6,128,0,7,7,67.0,44.0,53.2
s2b-r10,3,B,s2b-r10-371,512,512,94,6,128,0,7,7,50.0,44.0,53.2
s2b-r10,3,B,s2b-r10-372,512,512,99,6,128,0,7,7,152.0,44.0,53.2
s2b-r10,3,B,s2b-r10-373,512,512,103,6,128,0,7,7,49.0,44.0,53.2
s2b-r10,3,B,s2b-r10-374,512,512,70,6,128,0,7,7,131.0,44.0,53.2
s2b-r10,3,B,s2b-r10-375,512,512,114,6,128,0,7,7,54.0,44.0,53.2
s2b-r10,3,B,s2b-r10-376,512,512,80,6,128,0,7,7,146.0,44.0,53.2
s2b-r10,3,B,s2b-r10-377,512,512,103,6,128,0,7,7,48.0,44.0,53.2
s2b-r10,3,B,s2b-r10-378,512,512,85,6,128,0,7,7,128.0,44.0,53.2
s2b-r10,3,B,s2b-r10-379,512,512,102,6,128,0,7,7,49.0,44.0,53.2
s2b-r10,3,B,s2b-r10-380,512,512,91,6,128,0,7,7,198.0,44.0,53.2
s2b-r10,3,B,s2b-r10-381,512,512,103,6,128,0,7,7,57.0,44.0,53.2
s2b-r10,3,B,s2b-r10-382,512,512,103,6,128,0,7,7,170.0,44.0,53.2
s2b-r10,3,B,s2b-r10-383,512,512,103,6,128,0,7,7,52.0,44.0,53.2
s2b-r10,3,B,s2b-r10-384,512,512,103,6,128,0,7,7,108.0,44.0,53.2
s2b-r10,3,B,s2b-r10-385,512,512,80,6,128,0,7,7,155.0,44.0,53.2
s2b-r10,3,B,s2b-r10-386,512,512,104,6,128,0,7,7,54.0,44.0,53.2
s2b-r10,3,B,s2b-r10-387,512,512,88,6,128,0,7,7,152.0,44.0,53.2
s2b-r10,3,B,s2b-r10-388,512,512,109,6,128,0,7,7,51.0,44.0,53.2
s2b-r10,3,B,s2b-r10-389,512,512,109,6,64,0,6,6,126.0,44.0,53.2
s2b-r10,3,B,s2b-r10-390,512,512,109,6,64,0,6,6,54.0,44.0,53.2
s2b-r10,3,B,s2b-r10-391,512,512,109,6,64,0,6,6,244.0,44.0,53.2
s2b-r10,3,B,s2b-r10-392,512,512,109,6,64,0,6,6,49.0,44.0,53.2
s2b-r10,3,B,s2b-r10-393,512,512,109,6,64,0,6,6,142.0,44.0,53.2
s2b-r10,3,B,s2b-r10-394,512,512,109,6,64,0,6,6,47.0,44.0,53.2
s2b-r10,3,B,s2b-r10-395,512,512,109,6,64,0,6,6,128.0,44.0,53.2
s2b-r10,3,B,s2b-r10-396,512,512,109,6,64,0,6,6,52.0,44.0,53.2
s2b-r10,3,B,s2b-r10-397,512,512,99,6,64,0,6,6,163.0,44.0,53.2
s2b-r10,3,B,s2b-r10-398,512,512,104,6,64,0,6,6,47.0,44.0,53.2
s2b-r10,3,B,s2b-r10-399,512,512,99,6,64,0,6,6,62.0,44.0,53.2
s2b-r10,3,B,s2b-r10-400,512,512,102,6,64,0,6,6,52.0,44.0,53.2
s2b-r10,3,B,s2b-r10-401,512,512,97,6,64,0,6,6,150.0,44.0,53.2
s2b-r10,3,B,s2b-r10-402,512,512,97,6,64,0,6,6,49.0,44.0,53.2
s2b-r10,3,B,s2b-r10-403,512,512,97,6,64,0,6,6,79.0,44.0,53.2
s2b-r10,3,B,s2b-r10-404,512,512,100,0,16,0,4,4,58.0,44.0,53.2
s2b-r10,3,B,s2b-r10-405,512,512,152,6,128,0,7,7,1945.0,44.0,53.2
s2b-r10,3,B,s2b-r10-406,512,512,110,0,2,0,1,1,101.0,44.0,53.2
s2b-r10,3,B,s2b-r10-407,512,512,110,6,64,0,6,6,82.0,44.0,53.2
s2b-r10,3,B,s2b-r10-408,512,512,110,6,64,0,6,6,141.0,44.0,53.2
s2b-r10,3,B,s2b-r10-409,512,512,100,6,64,0,6,6,48.0,44.0,53.2
s2b-r10,3,B,s2b-r10-410,512,512,101,6,64,0,6,6,151.0,44.0,53.2
s2b-r10,3,B,s2b-r10-411,512,512,104,6,64,0,6,6,52.0,44.0,53.2
s2b-r10,3,B,s2b-r10-412,512,512,100,6,64,0,6,6,148.0,44.0,53.2
s2b-r10,3,B,s2b-r10-413,512,512,107,6,64,0,6,6,47.0,44.0,53.2
s2b-r10,3,B,s2b-r10-414,512,512,107,6,64,0,6,6,137.0,44.0,53.2
s2b-r10,3,B,s2b-r10-415,512,512,107,6,64,0,6,6,49.0,44.0,53.2
s2b-r10,3,B,s2b-r10-416,512,512,86,6,64,0,6,6,129.0,44.0,53.2
s2b-r10,3,B,s2b-r10-417,512,512,102,6,64,0,6,6,46.0,44.0,53.2
s2b-r10,3,B,s2b-r10-418,512,512,86,6,64,0,6,6,132.0,44.0,53.2
s2b-r10,3,B,s2b-r10-419,512,512,102,6,64,0,6,6,50.0,44.0,53.2
s2b-r10,3,B,s2b-r10-420,512,512,85,6,64,0,6,6,195.0,44.0,53.2
s2b-r10,3,B,s2b-r10-421,512,512,103,6,64,0,6,6,69.0,44.0,53.2
s2b-r10,3,B,s2b-r10-422,512,512,99,6,64,0,6,6,154.0,44.0,53.2
s2b-r10,3,B,s2b-r10-423,512,512,60,6,64,0,6,6,52.0,44.0,53.2
s2b-r10,3,B,s2b-r10-424,512,512,98,6,64,0,6,6,174.0,44.0,53.2
s2b-r10,3,B,s2b-r10-425,512,512,107,6,64,0,6,6,51.0,44.0,53.2
s2b-r10,3,B,s2b-r10-426,512,512,98,6,64,0,6,6,162.0,44.0,53.2
s2b-r10,3,B,s2b-r10-427,512,512,108,6,64,0,6,6,46.0,44.0,53.2
s2b-r10,3,B,s2b-r10-428,512,512,100,6,64,0,6,6,132.0,44.0,53.2
s2b-r10,3,B,s2b-r10-429,512,512,101,6,64,0,6,6,50.0,44.0,53.2
s2b-r10,3,B,s2b-r10-430,512,512,100,6,64,0,6,6,126.0,44.0,53.2
s2b-r10,3,B,s2b-r10-431,512,512,103,6,64,0,6,6,50.0,44.0,53.2
s2b-r10,3,B,s2b-r10-432,512,512,98,6,64,0,6,6,171.0,44.0,53.2
s2b-r10,3,B,s2b-r10-433,512,512,102,6,64,0,6,6,52.0,44.0,53.2
s2b-r10,3,B,s2b-r10-434,512,512,98,6,64,0,6,6,163.0,44.0,53.2
s2b-r10,3,B,s2b-r10-435,512,512,105,6,64,0,6,6,58.0,44.0,53.2
s2b-r10,3,B,s2b-r10-436,512,512,100,6,64,0,6,6,164.0,44.0,53.2
s2b-r10,3,B,s2b-r10-437,512,512,100,6,64,0,6,6,48.0,44.0,53.2
s2b-r10,3,B,s2b-r10-438,512,512,100,6,64,0,6,6,52.0,44.0,53.2
s2b-r10,3,B,s2b-r10-439,512,512,65,6,64,0,6,6,34.0,44.0,53.2
s2b-r10,3,B,s2b-r10-440,512,512,98,6,64,0,6,6,20.0,44.0,53.2
s2b-r10,3,B,s2b-r10-441,512,512,99,6,64,0,6,6,46.0,44.0,53.2
s2b-r10,3,B,s2b-r10-442,512,512,98,6,64,0,6,6,139.0,44.0,53.2
s2b-r10,3,B,s2b-r10-443,512,512,85,6,64,0,6,6,49.0,44.0,53.2
s2b-r10,3,B,s2b-r10-444,512,512,98,0,32,0,6,6,90.0,44.0,53.2
s2b-r10,3,B,s2b-r10-445,512,512,85,0,16,0,4,4,154.0,44.0,53.2
s2b-r10,3,B,s2b-r10-446,512,512,258,6,64,0,6,6,79.0,44.0,53.2
s2b-r10,3,B,s2b-r10-447,512,512,106,0,4,0,2,2,59.0,44.0,53.2
s2b-r10,3,B,s2b-r10-448,512,512,258,0,4,0,2,2,36.0,44.0,53.2
s2b-r10,3,B,s2b-r10-449,512,512,152,6,128,0,7,7,107.0,44.0,53.2
s2b-r10,3,B,s2b-r10-450,512,512,106,6,64,0,6,6,55.0,44.0,53.2
s2b-r10,3,B,s2b-r10-451,512,512,106,6,64,0,6,6,33.0,44.0,53.2
s2b-r10,3,B,s2b-r10-452,512,512,105,6,64,0,6,6,53.0,44.0,53.2
s2b-r10,3,B,s2b-r10-453,512,512,105,6,64,0,6,6,50.0,44.0,53.2
s2b-r10,3,B,s2b-r10-454,512,512,105,6,64,0,6,6,129.0,44.0,53.2
s2b-r10,3,B,s2b-r10-455,512,512,105,6,64,0,6,6,50.0,44.0,53.2
s2b-r10,3,B,s2b-r10-456,512,512,62,6,64,0,6,6,143.0,44.0,53.2
s2b-r10,3,B,s2b-r10-457,512,512,102,6,64,0,6,6,49.0,44.0,53.2
s2b-r10,3,B,s2b-r10-458,512,512,98,6,64,0,6,6,146.0,44.0,53.2
s2b-r10,3,B,s2b-r10-459,512,512,94,6,64,0,6,6,55.0,44.0,53.2
s2b-r10,3,B,s2b-r10-460,512,512,100,6,64,0,6,6,215.0,44.0,53.2
s2b-r10,3,B,s2b-r10-461,512,512,102,6,64,0,6,6,47.0,44.0,53.2
s2b-r10,3,B,s2b-r10-462,512,512,97,6,64,0,6,6,127.0,44.0,53.2
s2b-r10,3,B,s2b-r10-463,512,512,104,6,64,0,6,6,47.0,44.0,53.2
s2b-r10,3,B,s2b-r10-464,512,512,80,6,64,0,6,6,153.0,44.0,53.2
s2b-r10,3,B,s2b-r10-465,512,512,107,6,64,0,6,6,52.0,44.0,53.2
s2b-r10,3,B,s2b-r10-466,512,512,99,6,64,0,6,6,55.0,44.0,53.2
s2b-r10,3,B,s2b-r10-467,512,512,55,6,64,0,6,6,49.0,44.0,53.2
s2b-r10,3,B,s2b-r10-468,512,512,97,6,64,0,6,6,133.0,44.0,53.2
s2b-r10,3,B,s2b-r10-469,512,512,102,6,64,0,6,6,47.0,44.0,53.2
s2b-r10,3,B,s2b-r10-470,512,512,55,6,64,0,6,6,146.0,44.0,53.2
s2b-r10,3,B,s2b-r10-471,512,512,102,6,64,0,6,6,49.0,44.0,53.2
s2b-r10,3,B,s2b-r10-472,512,512,102,6,64,0,6,6,49.0,44.0,53.2
s2b-r10,3,B,s2b-r10-473,512,512,103,6,64,0,6,6,187.0,44.0,53.2
s2b-r10,3,B,s2b-r10-474,512,512,105,6,64,0,6,6,49.0,44.0,53.2
s2b-r10,3,B,s2b-r10-475,512,512,71,6,64,0,6,6,58.0,44.0,53.2
s2b-r10,3,B,s2b-r10-476,512,512,101,6,64,0,6,6,52.0,44.0,53.2
s2b-r10,3,B,s2b-r10-477,512,512,73,6,64,0,6,6,164.0,44.0,53.2
s2b-r10,3,B,s2b-r10-478,512,512,103,6,64,0,6,6,53.0,44.0,53.2
s2b-r10,3,B,s2b-r10-479,512,512,103,6,64,0,6,6,145.0,44.0,53.2
s2b-r10,3,B,s2b-r10-480,512,512,103,6,64,0,6,6,49.0,44.0,53.2
s2b-r10,3,B,s2b-r10-481,512,512,103,6,64,0,6,6,48.0,44.0,53.2
s2b-r10,3,B,s2b-r10-482,512,512,73,0,2,0,6,6,126.0,44.0,53.2
s2b-r10,3,B,s2b-r10-483,512,512,102,6,64,0,6,6,45.0,44.0,53.2
s2b-r10,3,B,s2b-r10-484,512,512,85,0,2,0,1,1,64.0,44.0,53.2
s2b-r10,3,B,s2b-r10-485,512,512,172,0,2,0,1,1,17.0,44.0,53.2
s2b-r10,3,B,s2b-r10-486,512,512,97,0,16,0,4,4,24.0,44.0,53.2
s2b-r10,3,B,s2b-r10-487,512,512,172,6,64,0,6,6,1868.0,44.0,53.2
s2b-r10,3,B,s2b-r10-488,512,512,113,6,64,0,6,6,57.0,44.0,53.2
s2b-r10,3,B,s2b-r10-489,512,512,113,6,64,0,6,6,54.0,44.0,53.2
s2b-r10,3,B,s2b-r10-490,512,512,113,6,64,0,6,6,59.0,44.0,53.2
s2b-r10,3,B,s2b-r10-491,512,512,113,6,64,0,6,6,133.0,44.0,53.2
s2b-r10,3,B,s2b-r10-492,512,512,102,6,64,0,6,6,52.0,44.0,53.2
s2b-r10,3,B,s2b-r10-493,512,512,102,6,64,0,6,6,301.0,44.0,53.2
s2b-r10,3,B,s2b-r10-494,512,512,102,6,64,0,6,6,49.0,44.0,53.2
s2b-r10,3,B,s2b-r10-495,512,512,102,6,64,0,6,6,122.0,44.0,53.2
s2b-r10,3,B,s2b-r10-496,512,512,100,6,64,0,6,6,47.0,44.0,53.2
s2b-r10,3,B,s2b-r10-497,512,512,100,6,64,0,6,6,171.0,44.0,53.2
s2b-r10,3,B,s2b-r10-498,512,512,104,6,64,0,6,6,47.0,44.0,53.2
s2b-r10,3,B,s2b-r10-499,512,512,100,6,64,0,6,6,122.0,44.0,53.2
s2b-r10,3,B,s2b-r10-500,512,512,101,6,64,0,6,6,49.0,44.0,53.2
s2b-r10,3,B,s2b-r10-501,512,512,66,6,64,0,6,6,158.0,44.0,53.2
s2b-r10,3,B,s2b-r10-502,512,512,103,6,64,0,6,6,54.0,44.0,53.2
s2b-r10,3,B,s2b-r10-503,512,512,100,6,64,0,6,6,236.0,44.0,53.2
s2b-r10,3,B,s2b-r10-504,512,512,110,6,64,0,6,6,47.0,44.0,53.2
s2b-r10,3,B,s2b-r10-505,512,512,99,6,64,0,6,6,150.0,44.0,53.2
s2b-r10,3,B,s2b-r10-506,512,512,105,6,64,0,6,6,50.0,44.0,53.2
s2b-r10,3,B,s2b-r10-507,512,512,99,6,64,0,6,6,146.0,44.0,53.2
s2b-r10,3,B,s2b-r10-508,512,512,104,6,64,0,6,6,46.0,44.0,53.2
s2b-r10,3,B,s2b-r10-509,512,512,99,6,64,0,6,6,108.0,44.0,53.2
s2b-r10,3,B,s2b-r10-510,512,512,102,6,64,0,6,6,55.0,44.0,53.2
s2b-r10,3,B,s2b-r10-511,512,512,102,6,64,0,6,6,188.0,44.0,53.2
s2b-r10,3,B,s2b-r10-512,512,512,105,6,64,0,6,6,55.0,44.0,53.2
s2b-r10,3,B,s2b-r10-513,512,512,102,6,64,0,6,6,143.0,44.0,53.2
s2b-r10,3,B,s2b-r10-514,512,512,108,6,64,0,6,6,53.0,44.0,53.2
s2b-r10,3,B,s2b-r10-515,512,512,100,6,64,0,6,6,52.0,44.0,53.2
s2b-r10,3,B,s2b-r10-516,512,512,98,6,64,0,6,6,133.0,44.0,53.2
s2b-r10,3,B,s2b-r10-517,512,512,79,6,64,0,6,6,49.0,44.0,53.2
s2b-r10,3,B,s2b-r10-518,512,512,108,6,64,0,6,6,58.0,44.0,53.2
s2b-r10,3,B,s2b-r10-519,512,512,81,6,64,0,6,6,50.0,44.0,53.2
s2b-r10,3,B,s2b-r10-520,512,512,100,6,64,0,6,6,169.0,44.0,53.2
s2b-r10,3,B,s2b-r10-521,512,512,103,6,64,0,6,6,48.0,44.0,53.2
s2b-r10,3,B,s2b-r10-522,512,512,97,6,64,0,6,6,71.0,44.0,53.2
s2b-r10,3,B,s2b-r10-523,512,512,78,6,64,0,6,6,48.0,44.0,53.2
s2b-r10,3,B,s2b-r10-524,512,512,98,6,64,0,6,6,172.0,44.0,53.2
s2b-r10,3,B,s2b-r10-525,512,512,109,6,64,0,6,6,57.0,44.0,53.2
s2b-r10,3,B,s2b-r10-526,512,512,101,6,64,0,6,6,201.0,44.0,53.2
s2b-r10,3,B,s2b-r10-527,512,512,106,6,64,0,6,6,48.0,44.0,53.2
s2b-r10,3,B,s2b-r10-528,512,512,48,6,64,0,6,6,141.0,44.0,53.2
s2b-r10,3,B,s2b-r10-529,512,512,103,6,64,0,6,6,50.0,44.0,53.2
s2b-r10,3,B,s2b-r10-530,512,512,100,6,64,0,6,6,151.0,44.0,53.2
s2b-r10,3,B,s2b-r10-531,512,512,95,6,64,0,6,6,49.0,44.0,53.2
s2b-r10,3,B,s2b-r10-532,512,512,99,6,64,0,6,6,288.0,44.0,53.2
s2b-r10,3,B,s2b-r10-533,512,512,105,6,64,0,6,6,46.0,44.0,53.2
s2b-r10,3,B,s2b-r10-534,512,512,100,6,64,0,6,6,139.0,44.0,53.2
s2b-r10,3,B,s2b-r10-535,512,512,102,6,64,0,6,6,46.0,44.0,53.2
s2b-r10,3,B,s2b-r10-536,512,512,70,6,64,0,6,6,115.0,44.0,53.2
s2b-r10,3,B,s2b-r10-537,512,512,100,6,64,0,6,6,53.0,44.0,53.2
s2b-r10,3,B,s2b-r10-538,512,512,98,6,64,0,6,6,160.0,44.0,53.2
s2b-r10,3,B,s2b-r10-539,512,512,96,6,64,0,6,6,52.0,44.0,53.2
s2b-r10,3,B,s2b-r10-540,512,512,101,6,64,0,6,6,169.0,44.0,53.2
s2b-r10,3,B,s2b-r10-541,512,512,101,6,64,0,6,6,47.0,44.0,53.2
s2b-r10,3,B,s2b-r10-542,512,512,128,6,64,0,6,6,130.0,44.0,53.2
s2b-r10,3,B,s2b-r10-543,512,512,102,6,64,0,6,6,49.0,44.0,53.2
s2b-r10,3,B,s2b-r10-544,512,512,80,6,64,0,6,6,148.0,44.0,53.2
s2b-r10,3,B,s2b-r10-545,512,512,101,6,64,0,6,6,53.0,44.0,53.2
s2b-r10,3,B,s2b-r10-546,512,512,101,6,64,0,6,6,199.0,44.0,53.2
s2b-r10,3,B,s2b-r10-547,512,512,103,6,64,0,6,6,46.0,44.0,53.2
s2b-r10,3,B,s2b-r10-548,512,512,99,6,64,0,6,6,47.0,44.0,53.2
s2b-r10,3,B,s2b-r10-549,512,512,99,6,64,0,6,6,184.0,44.0,53.2
s2b-r10,3,B,s2b-r10-550,512,512,99,6,64,0,6,6,51.0,44.0,53.2
s2b-r10,3,B,s2b-r10-551,512,512,100,6,64,0,6,6,167.0,44.0,53.2
s2b-r10,3,B,s2b-r10-552,512,512,104,6,64,0,6,6,52.0,44.0,53.2
s2b-r10,3,B,s2b-r10-553,512,512,104,6,64,0,6,6,138.0,44.0,53.2
s2b-r10,3,B,s2b-r10-554,512,512,104,6,64,0,6,6,49.0,44.0,53.2
s2b-r10,3,B,s2b-r10-555,512,512,104,6,64,0,6,6,125.0,44.0,53.2
s2b-r10,3,B,s2b-r10-556,512,512,101,6,64,0,6,6,47.0,44.0,53.2
s2b-r10,3,B,s2b-r10-557,512,512,101,6,64,0,6,6,177.0,44.0,53.2
s2b-r10,3,B,s2b-r10-558,512,512,105,6,64,0,6,6,55.0,44.0,53.2
s2b-r10,3,B,s2b-r10-559,512,512,101,6,64,0,6,6,265.0,44.0,53.2
s2b-r10,3,B,s2b-r10-560,512,512,115,6,64,0,6,6,49.0,44.0,53.2
s2b-r10,3,B,s2b-r10-561,512,512,115,0,1,0,0,0,111.0,44.0,53.2
s2b-r10,3,B,s2b-r10-562,512,512,162,6,64,0,6,6,101.0,44.0,53.2
s2b-r10,3,B,s2b-r10-563,512,512,115,0,2,0,1,1,862.0,44.0,53.2
s2b-r10,3,B,s2b-r10-564,512,512,179,0,2,0,1,1,17.0,44.0,53.2
s2b-r10,3,B,s2b-r10-565,512,512,179,6,128,0,7,7,18.0,44.0,53.2
s2b-r10,3,B,s2b-r10-566,512,512,98,6,128,0,7,7,13.0,44.0,53.2
s2b-r10,3,B,s2b-r10-567,512,512,99,6,128,0,7,7,21.0,44.0,53.2
s2b-r10,3,B,s2b-r10-568,512,512,98,6,128,0,7,7,49.0,44.0,53.2
s2b-r10,3,B,s2b-r10-569,512,512,97,6,128,0,7,7,151.0,44.0,53.2
s2b-r10,3,B,s2b-r10-570,512,512,97,6,128,0,7,7,48.0,44.0,53.2
s2b-r10,3,B,s2b-r10-571,512,512,100,6,128,0,7,7,130.0,44.0,53.2
s2b-r10,3,B,s2b-r10-572,512,512,103,6,128,0,7,7,55.0,44.0,53.2
s2b-r10,3,B,s2b-r10-573,512,512,102,6,128,0,7,7,154.0,44.0,53.2
s2b-r10,3,B,s2b-r10-574,512,512,107,6,128,0,7,7,49.0,44.0,53.2
s2b-r10,3,B,s2b-r10-575,512,512,102,6,128,0,7,7,149.0,44.0,53.2
s2b-r10,3,B,s2b-r10-576,512,512,103,6,128,0,7,7,49.0,44.0,53.2
s2b-r10,3,B,s2b-r10-577,512,512,69,6,128,0,7,7,50.0,44.0,53.2
s2b-r10,3,B,s2b-r10-578,512,512,98,6,128,0,7,7,178.0,44.0,53.2
s2b-r10,3,B,s2b-r10-579,512,512,104,6,128,0,7,7,48.0,44.0,53.2
s2b-r10,3,B,s2b-r10-580,512,512,69,6,128,0,7,7,122.0,44.0,53.2
s2b-r10,3,B,s2b-r10-581,512,512,103,6,128,0,7,7,52.0,44.0,53.2
s2b-r10,3,B,s2b-r10-582,512,512,103,6,128,0,7,7,132.0,44.0,53.2
s2b-r10,3,B,s2b-r10-583,512,512,103,6,128,0,7,7,51.0,44.0,53.2
s2b-r10,3,B,s2b-r10-584,512,512,103,6,128,0,7,7,207.0,44.0,53.2
s2b-r10,3,B,s2b-r10-585,512,512,104,6,128,0,7,7,61.0,44.0,53.2
s2b-r10,3,B,s2b-r10-586,512,512,104,6,128,0,7,7,214.0,44.0,53.2
s2b-r10,3,B,s2b-r10-587,512,512,104,6,128,0,7,7,49.0,44.0,53.2
s2b-r10,3,B,s2b-r10-588,512,512,104,6,128,0,7,7,53.0,44.0,53.2
s2b-r10,3,B,s2b-r10-589,512,512,82,6,128,0,7,7,200.0,44.0,53.2
s2b-r10,3,B,s2b-r10-590,512,512,108,6,128,0,7,7,59.0,44.0,53.2
s2b-r10,3,B,s2b-r10-591,512,512,97,6,128,0,7,7,123.0,44.0,53.2
s2b-r11,3,B,s2b-r11-0,,,154,6,8,1,0,0,11.0,43.6,49.0
s2b-r11,3,B,s2b-r11-1,512,512,154,6,32,1,5,5,31.0,43.6,49.0
s2b-r11,3,B,s2b-r11-2,512,512,154,6,32,1,5,5,21.0,43.6,49.0
s2b-r11,3,B,s2b-r11-3,512,512,9,6,32,1,5,5,94.0,43.6,49.0
s2b-r11,3,B,s2b-r11-4,512,512,152,0,32,0,5,5,65.0,43.6,49.0
s2b-r11,3,B,s2b-r11-5,512,512,113,0,32,0,5,5,63.0,43.6,49.0
s2b-r11,3,B,s2b-r11-6,512,512,152,6,2,1,5,5,1444.0,43.6,49.0
s2b-r11,3,B,s2b-r11-7,512,512,200,6,32,1,5,5,27.0,43.6,49.0
s2b-r11,3,B,s2b-r11-8,512,512,156,0,1,0,0,0,58.0,43.6,49.0
s2b-r11,3,B,s2b-r11-9,512,512,152,6,1,1,0,0,62.0,43.6,49.0
s2b-r11,3,B,s2b-r11-10,512,512,211,6,128,0,7,7,172.0,43.6,49.0
s2b-r11,3,B,s2b-r11-11,512,512,113,6,128,0,7,7,59.0,43.6,49.0
s2b-r11,3,B,s2b-r11-12,512,512,113,6,128,0,7,7,49.0,43.6,49.0
s2b-r11,3,B,s2b-r11-13,512,512,113,0,1,0,0,0,129.0,43.6,49.0
s2b-r11,3,B,s2b-r11-14,512,512,113,0,2,0,1,1,51.0,43.6,49.0
s2b-r11,3,B,s2b-r11-15,512,512,151,6,64,0,6,6,105.0,43.6,49.0
s2b-r11,3,B,s2b-r11-16,512,512,104,6,64,0,6,6,47.0,43.6,49.0
s2b-r11,3,B,s2b-r11-17,512,512,104,0,32,0,5,5,45.0,43.6,49.0
s2b-r11,3,B,s2b-r11-18,512,512,111,6,64,0,6,6,16.0,43.6,49.0
s2b-r11,3,B,s2b-r11-19,512,512,99,6,128,0,7,7,26.0,43.6,49.0
s2b-r11,3,B,s2b-r11-20,512,512,99,6,128,0,7,7,29.0,43.6,49.0
s2b-r11,3,B,s2b-r11-21,512,512,115,6,128,0,7,7,52.0,43.6,49.0
s2b-r11,3,B,s2b-r11-22,512,512,99,6,128,0,7,7,49.0,43.6,49.0
s2b-r11,3,B,s2b-r11-23,512,512,98,6,128,0,7,7,49.0,43.6,49.0
s2b-r11,3,B,s2b-r11-24,512,512,98,6,128,0,7,7,153.0,43.6,49.0
s2b-r11,3,B,s2b-r11-25,512,512,98,6,128,0,7,7,48.0,43.6,49.0
s2b-r11,3,B,s2b-r11-26,512,512,98,6,128,0,7,7,138.0,43.6,49.0
s2b-r11,3,B,s2b-r11-27,512,512,103,6,128,0,7,7,52.0,43.6,49.0
s2b-r11,3,B,s2b-r11-28,512,512,103,6,128,0,7,7,194.0,43.6,49.0
s2b-r11,3,B,s2b-r11-29,512,512,106,6,128,0,7,7,61.0,43.6,49.0
s2b-r11,3,B,s2b-r11-30,512,512,103,6,128,0,7,7,196.0,43.6,49.0
s2b-r11,3,B,s2b-r11-31,512,512,104,6,128,0,7,7,53.0,43.6,49.0
s2b-r11,3,B,s2b-r11-32,512,512,94,6,128,0,7,7,69.0,43.6,49.0
s2b-r11,3,B,s2b-r11-33,512,512,105,6,128,0,7,7,197.0,43.6,49.0
s2b-r11,3,B,s2b-r11-34,512,512,104,6,128,0,7,7,49.0,43.6,49.0
s2b-r11,3,B,s2b-r11-35,512,512,100,6,128,0,7,7,178.0,43.6,49.0
s2b-r11,3,B,s2b-r11-36,512,512,105,6,128,0,7,7,52.0,43.6,49.0
s2b-r11,3,B,s2b-r11-37,512,512,105,6,128,0,7,7,148.0,43.6,49.0
s2b-r11,3,B,s2b-r11-38,512,512,105,6,128,0,7,7,50.0,43.6,49.0
s2b-r11,3,B,s2b-r11-39,512,512,85,6,128,0,7,7,127.0,43.6,49.0
s2b-r11,3,B,s2b-r11-40,512,512,102,6,128,0,7,7,49.0,43.6,49.0
s2b-r11,3,B,s2b-r11-41,512,512,86,6,128,0,7,7,131.0,43.6,49.0
s2b-r11,3,B,s2b-r11-42,512,512,102,6,128,0,7,7,122.0,43.6,49.0
s2b-r11,3,B,s2b-r11-43,512,512,97,6,128,0,7,7,198.0,43.6,49.0
s2b-r11,3,B,s2b-r11-44,512,512,107,6,128,0,7,7,59.0,43.6,49.0
s2b-r11,3,B,s2b-r11-45,512,512,100,6,128,0,7,7,203.0,43.6,49.0
s2b-r11,3,B,s2b-r11-46,512,512,100,6,128,0,7,7,54.0,43.6,49.0
s2b-r11,3,B,s2b-r11-47,512,512,98,6,128,0,7,7,147.0,43.6,49.0
s2b-r11,3,B,s2b-r11-48,512,512,104,6,128,0,7,7,49.0,43.6,49.0
s2b-r11,3,B,s2b-r11-49,512,512,98,6,128,0,7,7,151.0,43.6,49.0
s2b-r11,3,B,s2b-r11-50,512,512,101,6,128,0,7,7,48.0,43.6,49.0
s2b-r11,3,B,s2b-r11-51,512,512,98,6,128,0,7,7,128.0,43.6,49.0
s2b-r11,3,B,s2b-r11-52,512,512,102,6,128,0,7,7,47.0,43.6,49.0
s2b-r11,3,B,s2b-r11-53,512,512,102,6,128,0,7,7,159.0,43.6,49.0
s2b-r11,3,B,s2b-r11-54,512,512,103,6,128,0,7,7,54.0,43.6,49.0
s2b-r11,3,B,s2b-r11-55,512,512,102,6,128,0,7,7,65.0,43.6,49.0
s2b-r11,3,B,s2b-r11-56,512,512,72,6,128,0,7,7,49.0,43.6,49.0
s2b-r11,3,B,s2b-r11-57,512,512,97,6,128,0,7,7,193.0,43.6,49.0
s2b-r11,3,B,s2b-r11-58,512,512,106,6,128,0,7,7,60.0,43.6,49.0
s2b-r11,3,B,s2b-r11-59,512,512,72,6,128,0,7,7,131.0,43.6,49.0
s2b-r11,3,B,s2b-r11-60,512,512,102,6,128,0,7,7,144.0,43.6,49.0
s2b-r11,3,B,s2b-r11-61,512,512,101,6,128,0,7,7,54.0,43.6,49.0
s2b-r11,3,B,s2b-r11-62,512,512,72,6,128,0,7,7,140.0,43.6,49.0
s2b-r11,3,B,s2b-r11-63,512,512,102,6,128,0,7,7,48.0,43.6,49.0
s2b-r11,3,B,s2b-r11-64,512,512,102,6,128,0,7,7,95.0,43.6,49.0
s2b-r11,3,B,s2b-r11-65,512,512,102,6,128,0,7,7,49.0,43.6,49.0
s2b-r11,3,B,s2b-r11-66,512,512,102,6,128,0,7,7,177.0,43.6,49.0
s2b-r11,3,B,s2b-r11-67,512,512,114,6,128,0,7,7,57.0,43.6,49.0
s2b-r11,3,B,s2b-r11-68,512,512,114,6,128,0,7,7,194.0,43.6,49.0
s2b-r11,3,B,s2b-r11-69,512,512,114,6,128,0,7,7,52.0,43.6,49.0
s2b-r11,3,B,s2b-r11-70,512,512,114,6,128,0,7,7,139.0,43.6,49.0
s2b-r11,3,B,s2b-r11-71,512,512,114,6,128,0,7,7,47.0,43.6,49.0
s2b-r11,3,B,s2b-r11-72,512,512,66,6,128,0,7,7,163.0,43.6,49.0
s2b-r11,3,B,s2b-r11-73,512,512,103,6,128,0,7,7,57.0,43.6,49.0
s2b-r11,3,B,s2b-r11-74,512,512,101,6,128,0,7,7,393.0,43.6,49.0
s2b-r11,3,B,s2b-r11-75,512,512,117,6,128,0,7,7,51.0,43.6,49.0
s2b-r11,3,B,s2b-r11-76,512,512,117,6,128,0,7,7,153.0,43.6,49.0
s2b-r11,3,B,s2b-r11-77,512,512,117,6,128,0,7,7,53.0,43.6,49.0
s2b-r11,3,B,s2b-r11-78,512,512,117,6,128,0,7,7,150.0,43.6,49.0
s2b-r11,3,B,s2b-r11-79,512,512,117,6,128,0,7,7,29.0,43.6,49.0
s2b-r11,3,B,s2b-r11-80,512,512,83,6,128,0,7,7,136.0,43.6,49.0
s2b-r11,3,B,s2b-r11-81,512,512,102,6,128,0,7,7,50.0,43.6,49.0
s2b-r11,3,B,s2b-r11-82,512,512,94,6,128,0,7,7,183.0,43.6,49.0
s2b-r11,3,B,s2b-r11-83,512,512,105,6,128,0,7,7,52.0,43.6,49.0
s2b-r11,3,B,s2b-r11-84,512,512,108,6,64,0,6,6,131.0,43.6,49.0
s2b-r11,3,B,s2b-r11-85,512,512,105,6,64,0,6,6,49.0,43.6,49.0
s2b-r11,3,B,s2b-r11-86,512,512,105,0,8,0,3,3,131.0,43.6,49.0
s2b-r11,3,B,s2b-r11-87,512,512,143,6,128,0,7,7,50.0,43.6,49.0
s2b-r11,3,B,s2b-r11-88,512,512,89,6,128,0,7,7,124.0,43.6,49.0
s2b-r11,3,B,s2b-r11-89,512,512,102,6,128,0,7,7,47.0,43.6,49.0
s2b-r11,3,B,s2b-r11-90,512,512,76,6,128,0,7,7,127.0,43.6,49.0
s2b-r11,3,B,s2b-r11-91,512,512,103,6,128,0,7,7,47.0,43.6,49.0
s2b-r11,3,B,s2b-r11-92,512,512,84,6,128,0,7,7,206.0,43.6,49.0
s2b-r11,3,B,s2b-r11-93,512,512,105,6,128,0,7,7,60.0,43.6,49.0
s2b-r11,3,B,s2b-r11-94,512,512,102,6,128,0,7,7,175.0,43.6,49.0
s2b-r11,3,B,s2b-r11-95,512,512,102,6,128,0,7,7,55.0,43.6,49.0
s2b-r11,3,B,s2b-r11-96,512,512,102,6,128,0,7,7,149.0,43.6,49.0
s2b-r11,3,B,s2b-r11-97,512,512,102,6,128,0,7,7,50.0,43.6,49.0
s2b-r11,3,B,s2b-r11-98,512,512,71,6,128,0,7,7,149.0,43.6,49.0
s2b-r11,3,B,s2b-r11-99,512,512,103,6,128,0,7,7,51.0,43.6,49.0
s2b-r11,3,B,s2b-r11-100,512,512,98,6,128,0,7,7,182.0,43.6,49.0
s2b-r11,3,B,s2b-r11-101,512,512,90,6,128,0,7,7,51.0,43.6,49.0
s2b-r11,3,B,s2b-r11-102,512,512,99,0,1,0,0,0,85.0,43.6,49.0
s2b-r11,3,B,s2b-r11-103,512,512,105,6,64,0,6,6,2136.0,43.6,49.0
s2b-r11,3,B,s2b-r11-104,512,512,109,6,64,0,6,6,63.0,43.6,49.0
s2b-r11,3,B,s2b-r11-105,512,512,93,6,64,0,6,6,448.0,43.6,49.0
s2b-r11,3,B,s2b-r11-106,512,512,11,6,64,0,6,6,48.0,43.6,49.0
s2b-r11,3,B,s2b-r11-107,512,512,98,6,64,0,6,6,120.0,43.6,49.0
s2b-r11,3,B,s2b-r11-108,512,512,97,6,64,0,6,6,49.0,43.6,49.0
s2b-r11,3,B,s2b-r11-109,512,512,98,6,64,0,6,6,160.0,43.6,49.0
s2b-r11,3,B,s2b-r11-110,512,512,107,6,64,0,6,6,59.0,43.6,49.0
s2b-r11,3,B,s2b-r11-111,512,512,101,6,64,0,6,6,150.0,43.6,49.0
s2b-r11,3,B,s2b-r11-112,512,512,102,6,64,0,6,6,52.0,43.6,49.0
s2b-r11,3,B,s2b-r11-113,512,512,102,6,64,0,6,6,128.0,43.6,49.0
s2b-r11,3,B,s2b-r11-114,512,512,102,6,64,0,6,6,156.0,43.6,49.0
s2b-r11,3,B,s2b-r11-115,512,512,102,6,64,0,6,6,53.0,43.6,49.0
s2b-r11,3,B,s2b-r11-116,512,512,100,6,64,0,6,6,125.0,43.6,49.0
s2b-r11,3,B,s2b-r11-117,512,512,101,6,64,0,6,6,46.0,43.6,49.0
s2b-r11,3,B,s2b-r11-118,512,512,100,0,8,0,3,3,106.0,43.6,49.0
s2b-r11,3,B,s2b-r11-119,512,512,154,6,128,0,7,7,2082.0,43.6,49.0
s2b-r11,3,B,s2b-r11-120,512,512,110,0,2,0,1,1,230.0,43.6,49.0
s2b-r11,3,B,s2b-r11-121,512,512,155,6,128,0,7,7,2098.0,43.6,49.0
s2b-r11,3,B,s2b-r11-122,512,512,110,6,128,0,7,7,59.0,43.6,49.0
s2b-r11,3,B,s2b-r11-123,512,512,98,6,128,0,7,7,50.0,43.6,49.0
s2b-r11,3,B,s2b-r11-124,512,512,97,6,128,0,7,7,151.0,43.6,49.0
s2b-r11,3,B,s2b-r11-125,512,512,97,6,128,0,7,7,55.0,43.6,49.0
s2b-r11,3,B,s2b-r11-126,512,512,102,6,128,0,7,7,217.0,43.6,49.0
s2b-r11,3,B,s2b-r11-127,512,512,107,6,128,0,7,7,53.0,43.6,49.0
s2b-r11,3,B,s2b-r11-128,512,512,78,6,128,0,7,7,197.0,43.6,49.0
s2b-r11,3,B,s2b-r11-129,512,512,106,6,128,0,7,7,51.0,43.6,49.0
s2b-r11,3,B,s2b-r11-130,512,512,98,0,1,0,7,7,160.0,43.6,49.0
s2b-r11,3,B,s2b-r11-131,512,512,104,0,8,0,3,3,75.0,43.6,49.0
s2b-r11,3,B,s2b-r11-132,512,512,150,0,8,0,3,3,41.0,43.6,49.0
s2b-r11,3,B,s2b-r11-133,512,512,122,6,64,0,6,6,150.0,43.6,49.0
s2b-r11,3,B,s2b-r11-134,512,512,112,6,64,0,6,6,18.0,43.6,49.0
s2b-r11,3,B,s2b-r11-135,512,512,96,6,128,0,7,7,54.0,43.6,49.0
s2b-r11,3,B,s2b-r11-136,512,512,98,6,128,0,7,7,25.0,43.6,49.0
s2b-r11,3,B,s2b-r11-137,512,512,102,0,2,0,1,1,70.0,43.6,49.0
s2b-r11,3,B,s2b-r11-138,512,512,150,6,128,0,7,7,126.0,43.6,49.0
s2b-r11,3,B,s2b-r11-139,512,512,105,6,128,0,7,7,65.0,43.6,49.0
s2b-r11,3,B,s2b-r11-140,512,512,92,6,128,0,7,7,128.0,43.6,49.0
s2b-r11,3,B,s2b-r11-141,512,512,100,6,128,0,7,7,49.0,43.6,49.0
s2b-r11,3,B,s2b-r11-142,512,512,98,6,128,0,7,7,179.0,43.6,49.0
s2b-r11,3,B,s2b-r11-143,512,512,92,6,128,0,7,7,52.0,43.6,49.0
s2b-r11,3,B,s2b-r11-144,512,512,101,6,128,0,7,7,128.0,43.6,49.0
s2b-r11,3,B,s2b-r11-145,512,512,102,6,128,0,7,7,50.0,43.6,49.0
s2b-r11,3,B,s2b-r11-146,512,512,101,6,128,0,7,7,185.0,43.6,49.0
s2b-r11,3,B,s2b-r11-147,512,512,104,6,128,0,7,7,56.0,43.6,49.0
s2b-r11,3,B,s2b-r11-148,512,512,100,6,128,0,7,7,183.0,43.6,49.0
s2b-r11,3,B,s2b-r11-149,512,512,100,6,128,0,7,7,52.0,43.6,49.0
s2b-r11,3,B,s2b-r11-150,512,512,100,6,128,0,7,7,99.0,43.6,49.0
s2b-r11,3,B,s2b-r11-151,512,512,89,6,128,0,7,7,46.0,43.6,49.0
s2b-r11,3,B,s2b-r11-152,512,512,99,6,128,0,7,7,147.0,43.6,49.0
s2b-r11,3,B,s2b-r11-153,512,512,103,6,128,0,7,7,54.0,43.6,49.0
s2b-r11,3,B,s2b-r11-154,512,512,89,6,128,0,7,7,173.0,43.6,49.0
s2b-r11,3,B,s2b-r11-155,512,512,106,6,128,0,7,7,49.0,43.6,49.0
s2b-r11,3,B,s2b-r11-156,512,512,106,6,128,0,7,7,51.0,43.6,49.0
s2b-r11,3,B,s2b-r11-157,512,512,106,6,128,0,7,7,164.0,43.6,49.0
s2b-r11,3,B,s2b-r11-158,512,512,106,6,128,0,7,7,50.0,43.6,49.0
s2b-r11,3,B,s2b-r11-159,512,512,98,6,128,0,7,7,212.0,43.6,49.0
s2b-r11,3,B,s2b-r11-160,512,512,106,6,128,0,7,7,53.0,43.6,49.0
s2b-r11,3,B,s2b-r11-161,512,512,99,6,128,0,7,7,152.0,43.6,49.0
s2b-r11,3,B,s2b-r11-162,512,512,109,6,128,0,7,7,49.0,43.6,49.0
s2b-r11,3,B,s2b-r11-163,512,512,99,6,128,0,7,7,126.0,43.6,49.0
s2b-r11,3,B,s2b-r11-164,512,512,101,6,128,0,7,7,48.0,43.6,49.0
s2b-r11,3,B,s2b-r11-165,512,512,101,6,128,0,7,7,123.0,43.6,49.0
s2b-r11,3,B,s2b-r11-166,512,512,103,6,128,0,7,7,47.0,43.6,49.0
s2b-r11,3,B,s2b-r11-167,512,512,101,6,128,0,7,7,156.0,43.6,49.0
s2b-r11,3,B,s2b-r11-168,512,512,102,6,128,0,7,7,51.0,43.6,49.0
s2b-r11,3,B,s2b-r11-169,512,512,102,6,128,0,7,7,202.0,43.6,49.0
s2b-r11,3,B,s2b-r11-170,512,512,113,6,128,0,7,7,48.0,43.6,49.0
s2b-r11,3,B,s2b-r11-171,512,512,102,6,128,0,7,7,126.0,43.6,49.0
s2b-r11,3,B,s2b-r11-172,512,512,85,6,128,0,7,7,55.0,43.6,49.0
s2b-r11,3,B,s2b-r11-173,512,512,99,6,128,0,7,7,156.0,43.6,49.0
s2b-r11,3,B,s2b-r11-174,512,512,104,6,128,0,7,7,58.0,43.6,49.0
s2b-r11,3,B,s2b-r11-175,512,512,104,6,128,0,7,7,163.0,43.6,49.0
s2b-r11,3,B,s2b-r11-176,512,512,101,0,32,0,5,5,76.0,43.6,49.0
s2b-r11,3,B,s2b-r11-177,512,512,155,6,128,0,7,7,2081.0,43.6,49.0
s2b-r11,3,B,s2b-r11-178,512,512,107,6,128,0,7,7,59.0,43.6,49.0
s2b-r11,3,B,s2b-r11-179,512,512,101,6,128,0,7,7,194.0,43.6,49.0
s2b-r11,3,B,s2b-r11-180,512,512,106,6,128,0,7,7,50.0,43.6,49.0
s2b-r11,3,B,s2b-r11-181,512,512,106,6,128,0,7,7,142.0,43.6,49.0
s2b-r11,3,B,s2b-r11-182,512,512,106,6,128,0,7,7,57.0,43.6,49.0
s2b-r11,3,B,s2b-r11-183,512,512,106,6,128,0,7,7,124.0,43.6,49.0
s2b-r11,3,B,s2b-r11-184,512,512,103,6,128,0,7,7,48.0,43.6,49.0
s2b-r11,3,B,s2b-r11-185,512,512,103,6,128,0,7,7,149.0,43.6,49.0
s2b-r11,3,B,s2b-r11-186,512,512,105,6,128,0,7,7,55.0,43.6,49.0
s2b-r11,3,B,s2b-r11-187,512,512,103,6,128,0,7,7,178.0,43.6,49.0
s2b-r11,3,B,s2b-r11-188,512,512,103,6,128,0,7,7,51.0,43.6,49.0
s2b-r11,3,B,s2b-r11-189,512,512,99,6,128,0,7,7,50.0,43.6,49.0
s2b-r11,3,B,s2b-r11-190,512,512,99,6,128,0,7,7,157.0,43.6,49.0
s2b-r11,3,B,s2b-r11-191,512,512,115,6,128,0,7,7,52.0,43.6,49.0
s2b-r11,3,B,s2b-r11-192,512,512,101,6,128,0,7,7,163.0,43.6,49.0
s2b-r11,3,B,s2b-r11-193,512,512,56,6,128,0,7,7,50.0,43.6,49.0
s2b-r11,3,B,s2b-r11-194,512,512,97,6,128,0,7,7,89.0,43.6,49.0
s2b-r11,3,B,s2b-r11-195,512,512,98,6,128,0,7,7,154.0,43.6,49.0
s2b-r11,3,B,s2b-r11-196,512,512,58,6,128,0,7,7,50.0,43.6,49.0
s2b-r11,3,B,s2b-r11-197,512,512,97,6,128,0,7,7,152.0,43.6,49.0
s2b-r11,3,B,s2b-r11-198,512,512,104,6,128,0,7,7,54.0,43.6,49.0
s2b-r11,3,B,s2b-r11-199,512,512,97,6,128,0,7,7,173.0,43.6,49.0
s2b-r11,3,B,s2b-r11-200,512,512,104,6,128,0,7,7,62.0,43.6,49.0
s2b-r11,3,B,s2b-r11-201,512,512,101,6,128,0,7,7,217.0,43.6,49.0
s2b-r11,3,B,s2b-r11-202,512,512,120,6,128,0,7,7,47.0,43.6,49.0
s2b-r11,3,B,s2b-r11-203,512,512,101,6,128,0,7,7,162.0,43.6,49.0
s2b-r11,3,B,s2b-r11-204,512,512,101,6,128,0,7,7,50.0,43.6,49.0
s2b-r11,3,B,s2b-r11-205,512,512,98,6,128,0,7,7,153.0,43.6,49.0
s2b-r11,3,B,s2b-r11-206,512,512,105,6,128,0,7,7,49.0,43.6,49.0
s2b-r11,3,B,s2b-r11-207,512,512,98,6,128,0,7,7,190.0,43.6,49.0
s2b-r11,3,B,s2b-r11-208,512,512,109,6,128,0,7,7,54.0,43.6,49.0
s2b-r11,3,B,s2b-r11-209,512,512,89,6,128,0,7,7,56.0,43.6,49.0
s2b-r11,3,B,s2b-r11-210,512,512,99,6,128,0,7,7,158.0,43.6,49.0
s2b-r11,3,B,s2b-r11-211,512,512,105,6,128,0,7,7,49.0,43.6,49.0
s2b-r11,3,B,s2b-r11-212,512,512,98,6,128,0,7,7,269.0,43.6,49.0
s2b-r11,3,B,s2b-r11-213,512,512,107,6,128,0,7,7,54.0,43.6,49.0
s2b-r11,3,B,s2b-r11-214,512,512,107,6,128,0,7,7,213.0,43.6,49.0
s2b-r11,3,B,s2b-r11-215,512,512,107,6,128,0,7,7,52.0,43.6,49.0
s2b-r11,3,B,s2b-r11-216,512,512,107,6,128,0,7,7,204.0,43.6,49.0
s2b-r11,3,B,s2b-r11-217,512,512,116,6,128,0,7,7,47.0,43.6,49.0
s2b-r11,3,B,s2b-r11-218,512,512,116,6,128,0,7,7,141.0,43.6,49.0
s2b-r11,3,B,s2b-r11-219,512,512,116,6,128,0,7,7,54.0,43.6,49.0
s2b-r11,3,B,s2b-r11-220,512,512,116,6,128,0,7,7,171.0,43.6,49.0
s2b-r11,3,B,s2b-r11-221,512,512,62,6,128,0,7,7,56.0,43.6,49.0
s2b-r11,3,B,s2b-r11-222,512,512,100,6,128,0,7,7,200.0,43.6,49.0
s2b-r11,3,B,s2b-r11-223,512,512,104,6,128,0,7,7,52.0,43.6,49.0
s2b-r11,3,B,s2b-r11-224,512,512,100,6,128,0,7,7,152.0,43.6,49.0
s2b-r11,3,B,s2b-r11-225,512,512,110,6,128,0,7,7,52.0,43.6,49.0
s2b-r11,3,B,s2b-r11-226,512,512,110,6,128,0,7,7,207.0,43.6,49.0
s2b-r11,3,B,s2b-r11-227,512,512,110,6,128,0,7,7,54.0,43.6,49.0
s2b-r11,3,B,s2b-r11-228,512,512,110,6,128,0,7,7,192.0,43.6,49.0
s2b-r11,3,B,s2b-r11-229,512,512,110,6,128,0,7,7,55.0,43.6,49.0
s2b-r11,3,B,s2b-r11-230,512,512,72,6,128,0,7,7,150.0,43.6,49.0
s2b-r11,3,B,s2b-r11-231,512,512,103,6,128,0,7,7,50.0,43.6,49.0
s2b-r11,3,B,s2b-r11-232,512,512,99,6,128,0,7,7,51.0,43.6,49.0
s2b-r11,3,B,s2b-r11-233,512,512,98,6,128,0,7,7,157.0,43.6,49.0
s2b-r11,3,B,s2b-r11-234,512,512,108,6,128,0,7,7,57.0,43.6,49.0
s2b-r11,3,B,s2b-r11-235,512,512,108,6,128,0,7,7,144.0,43.6,49.0
s2b-r11,3,B,s2b-r11-236,512,512,108,6,128,0,7,7,50.0,43.6,49.0
s2b-r11,3,B,s2b-r11-237,512,512,108,6,128,0,7,7,53.0,43.6,49.0
s2b-r11,3,B,s2b-r11-238,512,512,97,6,128,0,7,7,307.0,43.6,49.0
s2b-r11,3,B,s2b-r11-239,512,512,114,6,128,0,7,7,54.0,43.6,49.0
s2b-r11,3,B,s2b-r11-240,512,512,103,6,128,0,7,7,198.0,43.6,49.0
s2b-r11,3,B,s2b-r11-241,512,512,106,6,128,0,7,7,52.0,43.6,49.0
s2b-r11,3,B,s2b-r11-242,512,512,82,6,128,0,7,7,52.0,43.6,49.0
s2b-r11,3,B,s2b-r11-243,512,512,101,6,128,0,7,7,54.0,43.6,49.0
s2b-r11,3,B,s2b-r11-244,512,512,99,6,128,0,7,7,205.0,43.6,49.0
s2b-r11,3,B,s2b-r11-245,512,512,82,0,1,0,0,0,64.0,43.6,49.0
s2b-r11,3,B,s2b-r11-246,512,512,166,6,128,0,7,7,75.0,43.6,49.0
s2b-r11,3,B,s2b-r11-247,512,512,80,6,128,0,7,7,19.0,43.6,49.0
s2b-r11,3,B,s2b-r11-248,512,512,99,6,128,0,7,7,46.0,43.6,49.0
s2b-r11,3,B,s2b-r11-249,512,512,19,0,8,0,3,3,102.0,43.6,49.0
s2b-r11,3,B,s2b-r11-250,512,512,155,0,1,0,0,0,23.0,43.6,49.0
s2b-r11,3,B,s2b-r11-251,512,512,97,6,64,0,6,6,67.0,43.6,49.0
s2b-r11,3,B,s2b-r11-252,512,512,99,6,128,0,7,7,76.0,43.6,49.0
s2b-r11,3,B,s2b-r11-253,512,512,99,6,128,0,7,7,57.0,43.6,49.0
s2b-r11,3,B,s2b-r11-254,512,512,102,6,128,0,7,7,57.0,43.6,49.0
s2b-r11,3,B,s2b-r11-255,512,512,102,6,128,0,7,7,53.0,43.6,49.0
s2b-r11,3,B,s2b-r11-256,512,512,99,6,128,0,7,7,56.0,43.6,49.0
s2b-r11,3,B,s2b-r11-257,512,512,56,6,128,0,7,7,131.0,43.6,49.0
s2b-r11,3,B,s2b-r11-258,512,512,101,6,128,0,7,7,53.0,43.6,49.0
s2b-r11,3,B,s2b-r11-259,512,512,98,6,128,0,7,7,158.0,43.6,49.0
s2b-r11,3,B,s2b-r11-260,512,512,78,6,128,0,7,7,49.0,43.6,49.0
s2b-r11,3,B,s2b-r11-261,512,512,99,6,128,0,7,7,179.0,43.6,49.0
s2b-r11,3,B,s2b-r11-262,512,512,103,6,128,0,7,7,51.0,43.6,49.0
s2b-r11,3,B,s2b-r11-263,512,512,99,6,128,0,7,7,162.0,43.6,49.0
s2b-r11,3,B,s2b-r11-264,512,512,105,6,128,0,7,7,58.0,43.6,49.0
s2b-r11,3,B,s2b-r11-265,512,512,98,6,128,0,7,7,45.0,43.6,49.0
s2b-r11,3,B,s2b-r11-266,512,512,99,6,128,0,7,7,137.0,43.6,49.0
s2b-r11,3,B,s2b-r11-267,512,512,103,6,128,0,7,7,48.0,43.6,49.0
s2b-r11,3,B,s2b-r11-268,512,512,98,6,128,0,7,7,175.0,43.6,49.0
s2b-r11,3,B,s2b-r11-269,512,512,107,6,128,0,7,7,50.0,43.6,49.0
s2b-r11,3,B,s2b-r11-270,512,512,107,6,128,0,7,7,150.0,43.6,49.0
s2b-r11,3,B,s2b-r11-271,512,512,107,6,128,0,7,7,48.0,43.6,49.0
s2b-r11,3,B,s2b-r11-272,512,512,88,6,128,0,7,7,193.0,43.6,49.0
s2b-r11,3,B,s2b-r11-273,512,512,103,6,128,0,7,7,59.0,43.6,49.0
s2b-r11,3,B,s2b-r11-274,512,512,100,6,64,0,6,6,173.0,43.6,49.0
s2b-r11,3,B,s2b-r11-275,512,512,102,6,64,0,6,6,46.0,43.6,49.0
s2b-r11,3,B,s2b-r11-276,512,512,98,6,64,0,6,6,137.0,43.6,49.0
s2b-r11,3,B,s2b-r11-277,512,512,57,6,64,0,6,6,49.0,43.6,49.0
s2b-r11,3,B,s2b-r11-278,512,512,97,6,64,0,6,6,180.0,43.6,49.0
s2b-r11,3,B,s2b-r11-279,512,512,103,6,64,0,6,6,47.0,43.6,49.0
s2b-r11,3,B,s2b-r11-280,512,512,27,6,64,0,6,6,122.0,43.6,49.0
s2b-r11,3,B,s2b-r11-281,512,512,101,0,32,0,6,6,59.0,43.6,49.0
s2b-r11,3,B,s2b-r11-282,512,512,98,6,64,0,6,6,155.0,43.6,49.0
s2b-r11,3,B,s2b-r11-283,512,512,33,6,64,0,6,6,48.0,43.6,49.0
s2b-r11,3,B,s2b-r11-284,512,512,101,6,128,0,7,7,190.0,43.6,49.0
s2b-r11,3,B,s2b-r11-285,512,512,101,6,128,0,7,7,52.0,43.6,49.0
s2b-r11,3,B,s2b-r11-286,512,512,101,6,128,0,7,7,133.0,43.6,49.0
s2b-r11,3,B,s2b-r11-287,512,512,104,6,128,0,7,7,45.0,43.6,49.0
s2b-r11,3,B,s2b-r11-288,512,512,67,6,128,0,7,7,156.0,43.6,49.0
s2b-r11,3,B,s2b-r11-289,512,512,105,6,128,0,7,7,48.0,43.6,49.0
s2b-r11,3,B,s2b-r11-290,512,512,87,6,128,0,7,7,129.0,43.6,49.0
s2b-r11,3,B,s2b-r11-291,512,512,103,6,128,0,7,7,49.0,43.6,49.0
s2b-r11,3,B,s2b-r11-292,512,512,103,6,128,0,7,7,450.0,43.6,49.0
s2b-r11,3,B,s2b-r11-293,512,512,113,6,128,0,7,7,53.0,43.6,49.0
s2b-r11,3,B,s2b-r11-294,512,512,103,6,128,0,7,7,147.0,43.6,49.0
s2b-r11,3,B,s2b-r11-295,512,512,103,6,128,0,7,7,50.0,43.6,49.0
s2b-r11,3,B,s2b-r11-296,512,512,103,6,128,0,7,7,148.0,43.6,49.0
s2b-r11,3,B,s2b-r11-297,512,512,106,6,128,0,7,7,50.0,43.6,49.0
s2b-r11,3,B,s2b-r11-298,512,512,103,0,2,0,1,1,203.0,43.6,49.0
s2b-r11,3,B,s2b-r11-299,512,512,34,6,64,0,6,6,2135.0,43.6,49.0
s2b-r11,3,B,s2b-r11-300,512,512,120,6,64,0,6,6,62.0,43.6,49.0
s2b-r11,3,B,s2b-r11-301,512,512,69,6,64,0,6,6,148.0,43.6,49.0
s2b-r11,3,B,s2b-r11-302,512,512,105,6,64,0,6,6,47.0,43.6,49.0
s2b-r11,3,B,s2b-r11-303,512,512,83,6,64,0,6,6,49.0,43.6,49.0
s2b-r11,3,B,s2b-r11-304,512,512,99,6,64,0,6,6,149.0,43.6,49.0
s2b-r11,3,B,s2b-r11-305,512,512,102,6,64,0,6,6,48.0,43.6,49.0
s2b-r11,3,B,s2b-r11-306,512,512,67,6,64,0,6,6,305.0,43.6,49.0
s2b-r11,3,B,s2b-r11-307,512,512,113,6,64,0,6,6,49.0,43.6,49.0
s2b-r11,3,B,s2b-r11-308,512,512,97,6,64,0,6,6,76.0,43.6,49.0
s2b-r11,3,B,s2b-r11-309,512,512,101,6,64,0,6,6,147.0,43.6,49.0
s2b-r11,3,B,s2b-r11-310,512,512,105,6,64,0,6,6,51.0,43.6,49.0
s2b-r11,3,B,s2b-r11-311,512,512,99,6,64,0,6,6,152.0,43.6,49.0
s2b-r11,3,B,s2b-r11-312,512,512,102,6,64,0,6,6,49.0,43.6,49.0
s2b-r11,3,B,s2b-r11-313,512,512,99,6,64,0,6,6,123.0,43.6,49.0
s2b-r11,3,B,s2b-r11-314,512,512,105,6,64,0,6,6,51.0,43.6,49.0
s2b-r11,3,B,s2b-r11-315,512,512,80,6,64,0,6,6,177.0,43.6,49.0
s2b-r11,3,B,s2b-r11-316,512,512,118,6,64,0,6,6,55.0,43.6,49.0
s2b-r11,3,B,s2b-r11-317,512,512,97,6,64,0,6,6,81.0,43.6,49.0
s2b-r11,3,B,s2b-r11-318,512,512,100,6,64,0,6,6,48.0,43.6,49.0
s2b-r11,3,B,s2b-r11-319,512,512,100,6,64,0,6,6,50.0,43.6,49.0
s2b-r11,3,B,s2b-r11-320,512,512,100,6,64,0,6,6,138.0,43.6,49.0
s2b-r11,3,B,s2b-r11-321,512,512,102,6,64,0,6,6,58.0,43.6,49.0
s2b-r11,3,B,s2b-r11-322,512,512,72,6,64,0,6,6,53.0,43.6,49.0
s2b-r11,3,B,s2b-r11-323,512,512,98,6,64,0,6,6,149.0,43.6,49.0
s2b-r11,3,B,s2b-r11-324,512,512,104,6,64,0,6,6,50.0,43.6,49.0
s2b-r11,3,B,s2b-r11-325,512,512,65,6,64,0,6,6,130.0,43.6,49.0
s2b-r11,3,B,s2b-r11-326,512,512,101,6,64,0,6,6,50.0,43.6,49.0
s2b-r11,3,B,s2b-r11-327,512,512,97,6,64,0,6,6,148.0,43.6,49.0
s2b-r11,3,B,s2b-r11-328,512,512,96,6,64,0,6,6,49.0,43.6,49.0
s2b-r11,3,B,s2b-r11-329,512,512,99,6,64,0,6,6,175.0,43.6,49.0
s2b-r11,3,B,s2b-r11-330,512,512,103,6,64,0,6,6,55.0,43.6,49.0
s2b-r11,3,B,s2b-r11-331,512,512,99,6,64,0,6,6,170.0,43.6,49.0
s2b-r11,3,B,s2b-r11-332,512,512,110,6,64,0,6,6,41.0,43.6,49.0
s2b-r11,3,B,s2b-r11-333,512,512,66,6,64,0,6,6,51.0,43.6,49.0
s2b-r11,3,B,s2b-r11-334,512,512,98,6,64,0,6,6,54.0,43.6,49.0
s2b-r11,3,B,s2b-r11-335,512,512,99,6,64,0,6,6,172.0,43.6,49.0
s2b-r11,3,B,s2b-r11-336,512,512,72,6,64,0,6,6,48.0,43.6,49.0
s2b-r11,3,B,s2b-r11-337,512,512,98,6,64,0,6,6,206.0,43.6,49.0
s2b-r11,3,B,s2b-r11-338,512,512,105,6,64,0,6,6,51.0,43.6,49.0
s2b-r11,3,B,s2b-r11-339,512,512,99,6,64,0,6,6,137.0,43.6,49.0
s2b-r11,3,B,s2b-r11-340,512,512,106,6,64,0,6,6,53.0,43.6,49.0
s2b-r11,3,B,s2b-r11-341,512,512,101,6,64,0,6,6,201.0,43.6,49.0
s2b-r11,3,B,s2b-r11-342,512,512,115,6,64,0,6,6,53.0,43.6,49.0
s2b-r11,3,B,s2b-r11-343,512,512,115,6,64,0,6,6,168.0,43.6,49.0
s2b-r11,3,B,s2b-r11-344,512,512,115,6,64,0,6,6,51.0,43.6,49.0
s2b-r11,3,B,s2b-r11-345,512,512,115,6,64,0,6,6,171.0,43.6,49.0
s2b-r11,3,B,s2b-r11-346,512,512,115,6,64,0,6,6,48.0,43.6,49.0
s2b-r11,3,B,s2b-r11-347,512,512,72,6,64,0,6,6,174.0,43.6,49.0
s2b-r11,3,B,s2b-r11-348,512,512,105,6,64,0,6,6,49.0,43.6,49.0
s2b-r11,3,B,s2b-r11-349,512,512,87,6,64,0,6,6,146.0,43.6,49.0
s2b-r11,3,B,s2b-r11-350,512,512,103,6,64,0,6,6,52.0,43.6,49.0
s2b-r11,3,B,s2b-r11-351,512,512,103,6,64,0,6,6,46.0,43.6,49.0
s2b-r11,3,B,s2b-r11-352,512,512,103,6,64,0,6,6,147.0,43.6,49.0
s2b-r11,3,B,s2b-r11-353,512,512,103,6,64,0,6,6,53.0,43.6,49.0
s2b-r11,3,B,s2b-r11-354,512,512,65,6,64,0,6,6,413.0,43.6,49.0
s2b-r11,3,B,s2b-r11-355,512,512,106,6,64,0,6,6,57.0,43.6,49.0
s2b-r11,3,B,s2b-r11-356,512,512,100,6,64,0,6,6,126.0,43.6,49.0
s2b-r11,3,B,s2b-r11-357,512,512,103,6,64,0,6,6,52.0,43.6,49.0
s2b-r11,3,B,s2b-r11-358,512,512,68,6,64,0,6,6,145.0,43.6,49.0
s2b-r11,3,B,s2b-r11-359,512,512,103,6,64,0,6,6,50.0,43.6,49.0
s2b-r11,3,B,s2b-r11-360,512,512,99,6,64,0,6,6,49.0,43.6,49.0
s2b-r11,3,B,s2b-r11-361,512,512,98,6,64,0,6,6,59.0,43.6,49.0
s2b-r11,3,B,s2b-r11-362,512,512,102,6,64,0,6,6,196.0,43.6,49.0
s2b-r11,3,B,s2b-r11-363,512,512,102,0,16,0,6,6,65.0,43.6,49.0
s2b-r11,3,B,s2b-r11-364,512,512,102,0,2,0,1,1,59.0,43.6,49.0
s2b-r11,3,B,s2b-r11-365,512,512,84,6,64,0,6,6,84.0,43.6,49.0
s2b-r11,3,B,s2b-r11-366,512,512,103,6,64,0,6,6,25.0,43.6,49.0
s2b-r11,3,B,s2b-r11-367,512,512,100,0,16,0,4,4,188.0,43.6,49.0
s2b-r11,3,B,s2b-r11-368,512,512,154,6,128,0,7,7,104.0,43.6,49.0
s2b-r11,3,B,s2b-r11-369,512,512,103,6,128,0,7,7,19.0,43.6,49.0
s2b-r11,3,B,s2b-r11-370,512,512,98,6,128,0,7,7,25.0,43.6,49.0
s2b-r11,3,B,s2b-r11-371,512,512,98,6,64,0,6,6,115.0,43.6,49.0
s2b-r11,3,B,s2b-r11-372,512,512,98,6,64,0,6,6,142.0,43.6,49.0
s2b-r11,3,B,s2b-r11-373,512,512,105,0,2,0,1,1,61.0,43.6,49.0
s2b-r11,3,B,s2b-r11-374,512,512,123,6,128,0,7,7,157.0,43.6,49.0
s2b-r11,3,B,s2b-r11-375,512,512,111,6,128,0,7,7,62.0,43.6,49.0
s2b-r11,3,B,s2b-r11-376,512,512,78,6,128,0,7,7,142.0,43.6,49.0
s2b-r11,3,B,s2b-r11-377,512,512,101,6,128,0,7,7,47.0,43.6,49.0
s2b-r11,3,B,s2b-r11-378,512,512,101,6,128,0,7,7,127.0,43.6,49.0
s2b-r11,3,B,s2b-r11-379,512,512,103,6,128,0,7,7,177.0,43.6,49.0
s2b-r11,3,B,s2b-r11-380,512,512,103,6,128,0,7,7,50.0,43.6,49.0
s2b-r11,3,B,s2b-r11-381,512,512,71,6,128,0,7,7,61.0,43.6,49.0
s2b-r11,3,B,s2b-r11-382,512,512,102,6,128,0,7,7,54.0,43.6,49.0
s2b-r11,3,B,s2b-r11-383,512,512,72,6,128,0,7,7,159.0,43.6,49.0
s2b-r11,3,B,s2b-r11-384,512,512,104,6,128,0,7,7,49.0,43.6,49.0
s2b-r11,3,B,s2b-r11-385,512,512,104,6,128,0,7,7,139.0,43.6,49.0
s2b-r11,3,B,s2b-r11-386,512,512,104,6,128,0,7,7,47.0,43.6,49.0
s2b-r11,3,B,s2b-r11-387,512,512,87,6,128,0,7,7,129.0,43.6,49.0
s2b-r11,3,B,s2b-r11-388,512,512,102,6,128,0,7,7,50.0,43.6,49.0
s2b-r11,3,B,s2b-r11-389,512,512,89,6,128,0,7,7,166.0,43.6,49.0
s2b-r11,3,B,s2b-r11-390,512,512,111,6,128,0,7,7,53.0,43.6,49.0
s2b-r11,3,B,s2b-r11-391,512,512,96,6,128,0,7,7,185.0,43.6,49.0
s2b-r11,3,B,s2b-r11-392,512,512,105,6,128,0,7,7,52.0,43.6,49.0
s2b-r11,3,B,s2b-r11-393,512,512,98,6,128,0,7,7,194.0,43.6,49.0
s2b-r11,3,B,s2b-r11-394,512,512,77,6,128,0,7,7,55.0,43.6,49.0
s2b-r11,3,B,s2b-r11-395,512,512,105,6,128,0,7,7,247.0,43.6,49.0
s2b-r11,3,B,s2b-r11-396,512,512,113,6,128,0,7,7,54.0,43.6,49.0
s2b-r11,3,B,s2b-r11-397,512,512,108,6,64,0,6,6,150.0,43.6,49.0
s2b-r11,3,B,s2b-r11-398,512,512,105,6,64,0,6,6,54.0,43.6,49.0
s2b-r11,3,B,s2b-r11-399,512,512,99,6,64,0,6,6,176.0,43.6,49.0
s2b-r11,3,B,s2b-r11-400,512,512,104,6,64,0,6,6,49.0,43.6,49.0
s2b-r11,3,B,s2b-r11-401,512,512,99,6,64,0,6,6,126.0,43.6,49.0
s2b-r11,3,B,s2b-r11-402,512,512,103,6,64,0,6,6,51.0,43.6,49.0
s2b-r11,3,B,s2b-r11-403,512,512,98,6,64,0,6,6,152.0,43.6,49.0
s2b-r11,3,B,s2b-r11-404,512,512,98,6,64,0,6,6,50.0,43.6,49.0
s2b-r11,3,B,s2b-r11-405,512,512,98,6,64,0,6,6,155.0,43.6,49.0
s2b-r11,3,B,s2b-r11-406,512,512,103,6,64,0,6,6,49.0,43.6,49.0
s2b-r11,3,B,s2b-r11-407,512,512,58,6,64,0,6,6,161.0,43.6,49.0
s2b-r11,3,B,s2b-r11-408,512,512,104,6,64,0,6,6,56.0,43.6,49.0
s2b-r11,3,B,s2b-r11-409,512,512,98,6,64,0,6,6,147.0,43.6,49.0
s2b-r11,3,B,s2b-r11-410,512,512,100,6,64,0,6,6,51.0,43.6,49.0
s2b-r11,3,B,s2b-r11-411,512,512,100,6,64,0,6,6,206.0,43.6,49.0
s2b-r11,3,B,s2b-r11-412,512,512,110,6,64,0,6,6,50.0,43.6,49.0
s2b-r11,3,B,s2b-r11-413,512,512,100,6,64,0,6,6,188.0,43.6,49.0
s2b-r11,3,B,s2b-r11-414,512,512,102,6,64,0,6,6,46.0,43.6,49.0
s2b-r11,3,B,s2b-r11-415,512,512,98,6,64,0,6,6,48.0,43.6,49.0
s2b-r11,3,B,s2b-r11-416,512,512,98,6,64,0,6,6,52.0,43.6,49.0
s2b-r11,3,B,s2b-r11-417,512,512,100,6,64,0,6,6,203.0,43.6,49.0
s2b-r11,3,B,s2b-r11-418,512,512,106,6,64,0,6,6,54.0,43.6,49.0
s2b-r11,3,B,s2b-r11-419,512,512,100,6,64,0,6,6,183.0,43.6,49.0
s2b-r11,3,B,s2b-r11-420,512,512,108,6,64,0,6,6,50.0,43.6,49.0
s2b-r11,3,B,s2b-r11-421,512,512,100,6,64,0,6,6,183.0,43.6,49.0
s2b-r11,3,B,s2b-r11-422,512,512,108,6,64,0,6,6,55.0,43.6,49.0
s2b-r11,3,B,s2b-r11-423,512,512,94,6,64,0,6,6,191.0,43.6,49.0
s2b-r11,3,B,s2b-r11-424,512,512,103,6,64,0,6,6,46.0,43.6,49.0
s2b-r11,3,B,s2b-r11-425,512,512,100,6,64,0,6,6,124.0,43.6,49.0
s2b-r11,3,B,s2b-r11-426,512,512,59,6,64,0,6,6,51.0,43.6,49.0
s2b-r11,3,B,s2b-r11-427,512,512,98,6,64,0,6,6,237.0,43.6,49.0
s2b-r11,3,B,s2b-r11-428,512,512,109,6,64,0,6,6,47.0,43.6,49.0
s2b-r11,3,B,s2b-r11-429,512,512,98,6,64,0,6,6,59.0,43.6,49.0
s2b-r11,3,B,s2b-r11-430,512,512,83,6,64,0,6,6,53.0,43.6,49.0
s2b-r11,3,B,s2b-r11-431,512,512,100,6,64,0,6,6,169.0,43.6,49.0
s2b-r11,3,B,s2b-r11-432,512,512,114,6,64,0,6,6,52.0,43.6,49.0
s2b-r11,3,B,s2b-r11-433,512,512,100,6,64,0,6,6,124.0,43.6,49.0
s2b-r11,3,B,s2b-r11-434,512,512,101,6,64,0,6,6,52.0,43.6,49.0
s2b-r11,3,B,s2b-r11-435,512,512,100,6,64,0,6,6,192.0,43.6,49.0
s2b-r11,3,B,s2b-r11-436,512,512,107,6,64,0,6,6,52.0,43.6,49.0
s2b-r11,3,B,s2b-r11-437,512,512,100,6,64,0,6,6,179.0,43.6,49.0
s2b-r11,3,B,s2b-r11-438,512,512,103,6,64,0,6,6,56.0,43.6,49.0
s2b-r11,3,B,s2b-r11-439,512,512,97,6,64,0,6,6,105.0,43.6,49.0
s2b-r11,3,B,s2b-r11-440,512,512,97,6,64,0,6,6,47.0,43.6,49.0
s2b-r11,3,B,s2b-r11-441,512,512,99,6,64,0,6,6,145.0,43.6,49.0
s2b-r11,3,B,s2b-r11-442,512,512,105,6,64,0,6,6,50.0,43.6,49.0
s2b-r11,3,B,s2b-r11-443,512,512,98,6,64,0,6,6,126.0,43.6,49.0
s2b-r11,3,B,s2b-r11-444,512,512,99,6,64,0,6,6,50.0,43.6,49.0
s2b-r11,3,B,s2b-r11-445,512,512,98,6,64,0,6,6,147.0,43.6,49.0
s2b-r11,3,B,s2b-r11-446,512,512,104,6,64,0,6,6,53.0,43.6,49.0
s2b-r11,3,B,s2b-r11-447,512,512,69,6,64,0,6,6,174.0,43.6,49.0
s2b-r11,3,B,s2b-r11-448,512,512,104,6,64,0,6,6,54.0,43.6,49.0
s2b-r11,3,B,s2b-r11-449,512,512,100,6,64,0,6,6,51.0,43.6,49.0
s2b-r11,3,B,s2b-r11-450,512,512,70,6,64,0,6,6,150.0,43.6,49.0
s2b-r11,3,B,s2b-r11-451,512,512,103,6,64,0,6,6,59.0,43.6,49.0
s2b-r11,3,B,s2b-r11-452,512,512,103,6,64,0,6,6,147.0,43.6,49.0
s2b-r11,3,B,s2b-r11-453,512,512,107,6,64,0,6,6,47.0,43.6,49.0
s2b-r11,3,B,s2b-r11-454,512,512,103,6,64,0,6,6,130.0,43.6,49.0
s2b-r11,3,B,s2b-r11-455,512,512,104,6,64,0,6,6,50.0,43.6,49.0
s2b-r11,3,B,s2b-r11-456,512,512,104,6,64,0,6,6,53.0,43.6,49.0
s2b-r11,3,B,s2b-r11-457,512,512,104,6,64,0,6,6,151.0,43.6,49.0
s2b-r11,3,B,s2b-r11-458,512,512,106,6,64,0,6,6,52.0,43.6,49.0
s2b-r11,3,B,s2b-r11-459,512,512,89,6,64,0,6,6,153.0,43.6,49.0
s2b-r11,3,B,s2b-r11-460,512,512,101,6,64,0,6,6,49.0,43.6,49.0
s2b-r11,3,B,s2b-r11-461,512,512,100,6,64,0,6,6,153.0,43.6,49.0
s2b-r11,3,B,s2b-r11-462,512,512,103,6,64,0,6,6,48.0,43.6,49.0
s2b-r11,3,B,s2b-r11-463,512,512,66,6,64,0,6,6,144.0,43.6,49.0
s2b-r11,3,B,s2b-r11-464,512,512,103,6,64,0,6,6,49.0,43.6,49.0
s2b-r11,3,B,s2b-r11-465,512,512,98,6,64,0,6,6,137.0,43.6,49.0
s2b-r11,3,B,s2b-r11-466,512,512,86,6,64,0,6,6,47.0,43.6,49.0
s2b-r11,3,B,s2b-r11-467,512,512,98,6,64,0,6,6,212.0,43.6,49.0
s2b-r11,3,B,s2b-r11-468,512,512,104,6,64,0,6,6,58.0,43.6,49.0
s2b-r11,3,B,s2b-r11-469,512,512,101,6,64,0,6,6,179.0,43.6,49.0
s2b-r11,3,B,s2b-r11-470,512,512,103,6,64,0,6,6,54.0,43.6,49.0
s2b-r11,3,B,s2b-r11-471,512,512,101,6,64,0,6,6,171.0,43.6,49.0
s2b-r11,3,B,s2b-r11-472,512,512,108,6,64,0,6,6,50.0,43.6,49.0
s2b-r11,3,B,s2b-r11-473,512,512,101,6,64,0,6,6,141.0,43.6,49.0
s2b-r11,3,B,s2b-r11-474,512,512,101,6,64,0,6,6,58.0,43.6,49.0
s2b-r11,3,B,s2b-r11-475,512,512,99,6,64,0,6,6,371.0,43.6,49.0
s2b-r11,3,B,s2b-r11-476,512,512,99,6,64,0,6,6,54.0,43.6,49.0
s2b-r11,3,B,s2b-r11-477,512,512,101,6,64,0,6,6,106.0,43.6,49.0
s2b-r11,3,B,s2b-r11-478,512,512,85,0,1,0,0,0,98.0,43.6,49.0
s2b-r11,3,B,s2b-r11-479,512,512,151,6,64,0,6,6,95.0,43.6,49.0
s2b-r11,3,B,s2b-r11-480,512,512,102,6,64,0,6,6,25.0,43.6,49.0
s2b-r11,3,B,s2b-r11-481,512,512,97,0,8,0,6,6,150.0,43.6,49.0
s2b-r11,3,B,s2b-r11-482,512,512,93,6,64,0,6,6,17.0,43.6,49.0
s2b-r11,3,B,s2b-r11-483,512,512,96,6,64,0,6,6,17.0,43.6,49.0
s2b-r11,3,B,s2b-r11-484,512,512,97,6,64,0,6,6,17.0,43.6,49.0
s2b-r11,3,B,s2b-r11-485,512,512,100,6,128,0,7,7,143.0,43.6,49.0
s2b-r11,3,B,s2b-r11-486,512,512,99,6,128,0,7,7,174.0,43.6,49.0
s2b-r11,3,B,s2b-r11-487,512,512,104,6,128,0,7,7,48.0,43.6,49.0
s2b-r11,3,B,s2b-r11-488,512,512,104,0,1,0,0,0,111.0,43.6,49.0
s2b-r11,3,B,s2b-r11-489,512,512,155,6,64,0,6,6,51.0,43.6,49.0
s2b-r11,3,B,s2b-r11-490,512,512,104,6,64,0,6,6,152.0,43.6,49.0
s2b-r11,3,B,s2b-r11-491,512,512,104,6,64,0,6,6,49.0,43.6,49.0
s2b-r11,3,B,s2b-r11-492,512,512,104,6,64,0,6,6,76.0,43.6,49.0
s2b-r11,3,B,s2b-r11-493,512,512,104,6,64,0,6,6,92.0,43.6,49.0
s2b-r11,3,B,s2b-r11-494,512,512,104,6,64,0,6,6,59.0,43.6,49.0
s2b-r11,3,B,s2b-r11-495,512,512,67,6,64,0,6,6,159.0,43.6,49.0
s2b-r11,3,B,s2b-r11-496,512,512,104,6,64,0,6,6,50.0,43.6,49.0
s2b-r11,3,B,s2b-r11-497,512,512,98,0,2,0,1,1,119.0,43.6,49.0
s2b-r11,3,B,s2b-r11-498,512,512,116,6,128,0,7,7,1981.0,43.6,49.0
s2b-r11,3,B,s2b-r11-499,512,512,116,6,128,0,7,7,69.0,43.6,49.0
s2b-r11,3,B,s2b-r11-500,512,512,116,6,128,0,7,7,146.0,43.6,49.0
s2b-r11,3,B,s2b-r11-501,512,512,116,6,128,0,7,7,49.0,43.6,49.0
s2b-r11,3,B,s2b-r11-502,512,512,98,6,128,0,7,7,128.0,43.6,49.0
s2b-r11,3,B,s2b-r11-503,512,512,98,6,128,0,7,7,50.0,43.6,49.0
s2b-r11,3,B,s2b-r11-504,512,512,98,6,128,0,7,7,86.0,43.6,49.0
s2b-r11,3,B,s2b-r11-505,512,512,77,6,128,0,7,7,51.0,43.6,49.0
s2b-r11,3,B,s2b-r11-506,512,512,100,6,128,0,7,7,158.0,43.6,49.0
s2b-r11,3,B,s2b-r11-507,512,512,103,6,128,0,7,7,54.0,43.6,49.0
s2b-r11,3,B,s2b-r11-508,512,512,77,6,128,0,7,7,149.0,43.6,49.0
s2b-r11,3,B,s2b-r11-509,512,512,104,6,128,0,7,7,56.0,43.6,49.0
s2b-r11,3,B,s2b-r11-510,512,512,104,6,128,0,7,7,148.0,43.6,49.0
s2b-r11,3,B,s2b-r11-511,512,512,104,6,128,0,7,7,49.0,43.6,49.0
s2b-r11,3,B,s2b-r11-512,512,512,104,6,128,0,7,7,204.0,43.6,49.0
s2b-r11,3,B,s2b-r11-513,512,512,105,6,128,0,7,7,50.0,43.6,49.0
s2b-r11,3,B,s2b-r11-514,512,512,105,6,128,0,7,7,217.0,43.6,49.0
s2b-r11,3,B,s2b-r11-515,512,512,105,6,128,0,7,7,47.0,43.6,49.0
s2b-r11,3,B,s2b-r11-516,512,512,105,6,128,0,7,7,158.0,43.6,49.0
s2b-r11,3,B,s2b-r11-517,512,512,105,6,128,0,7,7,49.0,43.6,49.0
s2b-r11,3,B,s2b-r11-518,512,512,71,6,128,0,7,7,203.0,43.6,49.0
s2b-r11,3,B,s2b-r11-519,512,512,106,6,128,0,7,7,59.0,43.6,49.0
s2b-r11,3,B,s2b-r11-520,512,512,100,6,128,0,7,7,183.0,43.6,49.0
s2b-r11,3,B,s2b-r11-521,512,512,55,6,128,0,7,7,55.0,43.6,49.0
s2b-r11,3,B,s2b-r11-522,512,512,97,6,128,0,7,7,326.0,43.6,49.0
s2b-r11,3,B,s2b-r11-523,512,512,109,6,128,0,7,7,54.0,43.6,49.0
s2b-r11,3,B,s2b-r11-524,512,512,74,6,128,0,7,7,204.0,43.6,49.0
s2b-r11,3,B,s2b-r11-525,512,512,111,6,128,0,7,7,54.0,43.6,49.0
s2b-r11,3,B,s2b-r11-526,512,512,111,6,128,0,7,7,151.0,43.6,49.0
s2b-r11,3,B,s2b-r11-527,512,512,111,6,128,0,7,7,131.0,43.6,49.0
s2b-r11,3,B,s2b-r11-528,512,512,111,6,128,0,7,7,50.0,43.6,49.0
s2b-r11,3,B,s2b-r11-529,512,512,69,6,128,0,7,7,145.0,43.6,49.0
s2b-r11,3,B,s2b-r11-530,512,512,103,6,128,0,7,7,51.0,43.6,49.0
s2b-r11,3,B,s2b-r11-531,512,512,99,6,128,0,7,7,300.0,43.6,49.0
s2b-r11,3,B,s2b-r11-532,512,512,116,6,128,0,7,7,46.0,43.6,49.0
s2b-r11,3,B,s2b-r11-533,512,512,98,6,128,0,7,7,51.0,43.6,49.0
s2b-r11,3,B,s2b-r11-534,512,512,98,6,128,0,7,7,150.0,43.6,49.0
s2b-r11,3,B,s2b-r11-535,512,512,105,6,128,0,7,7,47.0,43.6,49.0
s2b-r11,3,B,s2b-r11-536,512,512,85,6,128,0,7,7,150.0,43.6,49.0
s2b-r11,3,B,s2b-r11-537,512,512,107,6,128,0,7,7,55.0,43.6,49.0
s2b-r11,3,B,s2b-r11-538,512,512,96,6,128,0,7,7,205.0,43.6,49.0
s2b-r11,3,B,s2b-r11-539,512,512,104,6,128,0,7,7,60.0,43.6,49.0
s2b-r11,3,B,s2b-r11-540,512,512,99,6,128,0,7,7,144.0,43.6,49.0
s2b-r11,3,B,s2b-r11-541,512,512,99,6,128,0,7,7,49.0,43.6,49.0
s2b-r11,3,B,s2b-r11-542,512,512,99,6,128,0,7,7,242.0,43.6,49.0
s2b-r11,3,B,s2b-r11-543,512,512,111,6,128,0,7,7,49.0,43.6,49.0
s2b-r11,3,B,s2b-r11-544,512,512,100,6,128,0,7,7,129.0,43.6,49.0
s2b-r11,3,B,s2b-r11-545,512,512,103,6,128,0,7,7,51.0,43.6,49.0
s2b-r11,3,B,s2b-r11-546,512,512,100,6,128,0,7,7,142.0,43.6,49.0
s2b-r11,3,B,s2b-r11-547,512,512,100,6,128,0,7,7,56.0,43.6,49.0
s2b-r11,3,B,s2b-r11-548,512,512,99,6,128,0,7,7,151.0,43.6,49.0
s2b-r11,3,B,s2b-r11-549,512,512,102,6,128,0,7,7,54.0,43.6,49.0
s2b-r11,3,B,s2b-r11-550,512,512,99,6,128,0,7,7,179.0,43.6,49.0
s2b-r11,3,B,s2b-r11-551,512,512,106,6,128,0,7,7,66.0,43.6,49.0
s2b-r11,3,B,s2b-r11-552,512,512,99,6,128,0,7,7,159.0,43.6,49.0
s2b-r11,3,B,s2b-r11-553,512,512,102,6,128,0,7,7,51.0,43.6,49.0
s2b-r11,3,B,s2b-r11-554,512,512,99,6,128,0,7,7,126.0,43.6,49.0
s2b-r11,3,B,s2b-r11-555,512,512,102,6,128,0,7,7,55.0,43.6,49.0
s2b-r11,3,B,s2b-r11-556,512,512,97,6,128,0,7,7,124.0,43.6,49.0
s2b-r11,3,B,s2b-r11-557,512,512,97,6,128,0,7,7,29.0,43.6,49.0
s2b-r11,3,B,s2b-r11-558,512,512,104,6,128,0,7,7,155.0,43.6,49.0
s2b-r11,3,B,s2b-r11-559,512,512,101,6,128,0,7,7,52.0,43.6,49.0
s2b-r11,3,B,s2b-r11-560,512,512,101,6,128,0,7,7,181.0,43.6,49.0
s2b-r11,3,B,s2b-r11-561,512,512,104,6,128,0,7,7,53.0,43.6,49.0
s2b-r11,3,B,s2b-r11-562,512,512,101,6,128,0,7,7,60.0,43.6,49.0
s2b-r11,3,B,s2b-r11-563,512,512,102,6,128,0,7,7,50.0,43.6,49.0
s2b-r11,3,B,s2b-r11-564,512,512,80,6,128,0,7,7,143.0,43.6,49.0
s2b-r11,3,B,s2b-r11-565,512,512,101,6,128,0,7,7,52.0,43.6,49.0
s2b-r11,3,B,s2b-r11-566,512,512,98,6,128,0,7,7,93.0,43.6,49.0
s2b-r11,3,B,s2b-r11-567,512,512,74,6,64,0,6,6,72.0,43.6,49.0
s2b-r11,3,B,s2b-r11-568,512,512,102,6,64,0,6,6,33.0,43.6,49.0
s2b-r11,3,B,s2b-r11-569,512,512,103,6,64,0,6,6,24.0,43.6,49.0
s2b-r11,3,B,s2b-r11-570,512,512,98,6,64,0,6,6,252.0,43.6,49.0
s2b-r11,3,B,s2b-r11-571,512,512,111,6,64,0,6,6,52.0,43.6,49.0
s2b-r11,3,B,s2b-r11-572,512,512,102,6,64,0,6,6,58.0,43.6,49.0
s2b-r11,3,B,s2b-r11-573,512,512,102,6,64,0,6,6,55.0,43.6,49.0
s2b-r11,3,B,s2b-r11-574,512,512,102,6,64,0,6,6,57.0,43.6,49.0
s2b-r11,3,B,s2b-r11-575,512,512,77,6,64,0,6,6,147.0,43.6,49.0
s2b-r11,3,B,s2b-r11-576,512,512,104,6,64,0,6,6,45.0,43.6,49.0
s2b-r11,3,B,s2b-r11-577,512,512,109,6,64,0,6,6,49.0,43.6,49.0
s2b-r11,3,B,s2b-r11-578,512,512,99,6,64,0,6,6,49.0,43.6,49.0
s2b-r11,3,B,s2b-r11-579,512,512,78,6,64,0,6,6,149.0,43.6,49.0
s2b-r11,3,B,s2b-r11-580,512,512,104,6,64,0,6,6,51.0,43.6,49.0
s2b-r11,3,B,s2b-r11-581,512,512,89,6,64,0,6,6,125.0,43.6,49.0
s2b-r11,3,B,s2b-r11-582,512,512,107,6,64,0,6,6,55.0,43.6,49.0
s2b-r11,3,B,s2b-r11-583,512,512,107,6,64,0,6,6,179.0,43.6,49.0
s2b-r11,3,B,s2b-r11-584,512,512,107,6,64,0,6,6,56.0,43.6,49.0
s2b-r11,3,B,s2b-r11-585,512,512,107,6,64,0,6,6,180.0,43.6,49.0
s2b-r11,3,B,s2b-r11-586,512,512,111,6,64,0,6,6,54.0,43.6,49.0
s2b-r11,3,B,s2b-r11-587,512,512,111,6,64,0,6,6,193.0,43.6,49.0
s2b-r11,3,B,s2b-r11-588,512,512,111,6,64,0,6,6,51.0,43.6,49.0
s2b-r11,3,B,s2b-r11-589,512,512,111,6,64,0,6,6,150.0,43.6,49.0
s2b-r11,3,B,s2b-r11-590,512,512,103,6,64,0,6,6,48.0,43.6,49.0
s2b-r11,3,B,s2b-r11-591,512,512,103,6,64,0,6,6,143.0,43.6,49.0
s2b-r12,3,A,s2b-r12-0,,,5,0,32,0,5,5,40.0,43.6,52.5
s2b-r12,3,A,s2b-r12-1,0,0,154,0,8,0,3,3,45.0,43.6,52.5
s2b-r12,3,A,s2b-r12-2,0,0,150,0,1,0,0,0,45.0,43.6,52.5
s2b-r12,3,A,s2b-r12-3,0,0,146,0,1,0,0,0,32.0,43.6,52.5
s2b-r12,3,A,s2b-r12-4,0,0,155,0,32,0,5,5,51.0,43.6,52.5
s2b-r12,3,A,s2b-r12-5,0,0,149,0,32,0,5,5,31.0,43.6,52.5
s2b-r12,3,A,s2b-r12-6,0,0,150,0,2,0,1,1,61.0,43.6,52.5
s2b-r12,3,A,s2b-r12-7,0,0,125,0,2,0,1,1,37.0,43.6,52.5
s2b-r12,3,A,s2b-r12-8,0,0,125,0,2,0,1,1,67.0,43.6,52.5
s2b-r12,3,A,s2b-r12-9,0,0,21,0,32,0,5,5,106.0,43.6,52.5
s2b-r12,3,A,s2b-r12-10,0,0,164,0,2,0,1,1,125.0,43.6,52.5
s2b-r12,3,A,s2b-r12-11,0,0,164,0,2,0,1,1,66.0,43.6,52.5
s2b-r12,3,A,s2b-r12-12,0,0,28,0,32,0,5,5,49.0,43.6,52.5
s2b-r12,3,A,s2b-r12-13,0,0,28,0,32,0,5,5,64.0,43.6,52.5
s2b-r12,3,A,s2b-r12-14,0,0,148,0,32,0,5,5,47.0,43.6,52.5
s2b-r12,3,A,s2b-r12-15,0,0,154,0,32,0,5,5,65.0,43.6,52.5
s2b-r12,3,A,s2b-r12-16,0,0,126,0,32,0,5,5,135.0,43.6,52.5
s2b-r12,3,A,s2b-r12-17,0,0,150,0,32,0,5,5,54.0,43.6,52.5
s2b-r12,3,A,s2b-r12-18,0,0,90,0,32,0,5,5,106.0,43.6,52.5
s2b-r12,3,A,s2b-r12-19,0,0,28,0,1,0,0,0,118.0,43.6,52.5
s2b-r12,3,A,s2b-r12-20,0,0,38,0,16,0,4,4,29.0,43.6,52.5
s2b-r12,3,A,s2b-r12-21,0,0,2,0,2,0,1,1,122.0,43.6,52.5
s2b-r12,3,A,s2b-r12-22,0,0,163,0,16,0,4,4,22.0,43.6,52.5
s2b-r12,3,A,s2b-r12-23,0,0,78,0,32,0,5,5,235.0,43.6,52.5
s2b-r12,3,A,s2b-r12-24,0,0,24,0,32,0,5,5,57.0,43.6,52.5
s2b-r12,3,A,s2b-r12-25,0,0,48,0,16,0,4,4,105.0,43.6,52.5
s2b-r12,3,A,s2b-r12-26,0,0,88,0,16,0,4,4,81.0,43.6,52.5
s2b-r12,3,A,s2b-r12-27,0,0,63,0,16,0,4,4,64.0,43.6,52.5
s2b-r12,3,A,s2b-r12-28,0,0,105,0,16,0,4,4,44.0,43.6,52.5
s2b-r12,3,A,s2b-r12-29,0,0,74,0,16,0,4,4,30.0,43.6,52.5
s2b-r12,3,A,s2b-r12-30,0,0,149,0,16,0,4,4,43.0,43.6,52.5
s2b-r12,3,A,s2b-r12-31,0,0,151,0,16,0,4,4,48.0,43.6,52.5
s2b-r12,3,A,s2b-r12-32,0,0,88,0,16,0,4,4,32.0,43.6,52.5
s2b-r12,3,A,s2b-r12-33,0,0,62,0,16,0,4,4,107.0,43.6,52.5
s2b-r12,3,A,s2b-r12-34,0,0,85,0,16,0,4,4,83.0,43.6,52.5
s2b-r12,3,A,s2b-r12-35,0,0,65,0,16,0,5,1,119.0,43.6,52.5
s2b-r12,3,A,s2b-r12-36,0,0,84,0,1,0,0,0,70.0,43.6,52.5
s2b-r12,3,A,s2b-r12-37,0,0,111,0,2,0,1,1,44.0,43.6,52.5
s2b-r12,3,A,s2b-r12-38,0,0,157,0,2,0,1,1,32.0,43.6,52.5
s2b-r12,3,A,s2b-r12-39,0,0,154,0,16,0,5,4,137.0,43.6,52.5
s2b-r12,3,A,s2b-r12-40,0,0,96,0,32,0,5,5,27.0,43.6,52.5
s2b-r12,3,A,s2b-r12-41,0,0,154,0,32,0,5,5,24.0,43.6,52.5
s2b-r12,3,A,s2b-r12-42,0,0,127,0,32,0,5,5,55.0,43.6,52.5
s2b-r12,3,A,s2b-r12-43,0,0,127,0,2,0,5,2,153.0,43.6,52.5
s2b-r12,3,A,s2b-r12-44,0,0,127,0,4,0,2,2,58.0,43.6,52.5
s2b-r12,3,A,s2b-r12-45,0,0,109,0,4,0,2,2,100.0,43.6,52.5
s2b-r12,3,A,s2b-r12-46,0,0,109,0,4,0,2,2,107.0,43.6,52.5
s2b-r12,3,A,s2b-r12-47,0,0,85,0,32,0,5,5,34.0,43.6,52.5
s2b-r12,3,A,s2b-r12-48,0,0,150,0,32,0,5,5,26.0,43.6,52.5
s2b-r12,3,A,s2b-r12-49,0,0,150,0,32,0,5,5,41.0,43.6,52.5
s2b-r12,3,A,s2b-r12-50,0,0,147,0,32,0,5,5,106.0,43.6,52.5
s2b-r12,3,A,s2b-r12-51,0,0,95,0,32,0,5,5,97.0,43.6,52.5
s2b-r12,3,A,s2b-r12-52,0,0,119,0,32,0,5,5,106.0,43.6,52.5
s2b-r12,3,A,s2b-r12-53,0,0,97,0,16,0,4,1,120.0,43.6,52.5
s2b-r12,3,A,s2b-r12-54,0,0,121,0,16,0,4,4,52.0,43.6,52.5
s2b-r12,3,A,s2b-r12-55,0,0,20,0,16,0,4,4,77.0,43.6,52.5
s2b-r12,3,A,s2b-r12-56,0,0,42,0,16,0,4,4,28.0,43.6,52.5
s2b-r12,3,A,s2b-r12-57,0,0,176,0,2,0,1,1,17.0,43.6,52.5
s2b-r12,3,A,s2b-r12-58,0,0,176,0,16,0,4,4,17.0,43.6,52.5
s2b-r12,3,A,s2b-r12-59,0,0,101,0,32,0,5,5,100.0,43.6,52.5
s2b-r12,3,A,s2b-r12-60,0,0,101,0,16,0,4,4,48.0,43.6,52.5
s2b-r12,3,A,s2b-r12-61,0,0,125,0,32,0,5,5,111.0,43.6,52.5
s2b-r12,3,A,s2b-r12-62,0,0,125,0,16,0,4,4,103.0,43.6,52.5
s2b-r12,3,A,s2b-r12-63,0,0,124,0,16,0,4,4,141.0,43.6,52.5
s2b-r12,3,A,s2b-r12-64,0,0,124,0,4,0,2,2,179.0,43.6,52.5
s2b-r12,3,A,s2b-r12-65,0,0,93,0,16,0,4,4,144.0,43.6,52.5
s2b-r12,3,A,s2b-r12-66,0,0,93,0,1,0,4,0,42.0,43.6,52.5
s2b-r12,3,A,s2b-r12-67,0,0,159,0,32,0,5,5,18.0,43.6,52.5
s2b-r12,3,A,s2b-r12-68,0,0,84,0,16,0,4,4,25.0,43.6,52.5
s2b-r12,3,A,s2b-r12-69,0,0,151,0,32,0,5,5,64.0,43.6,52.5
s2b-r12,3,A,s2b-r12-70,0,0,151,0,32,0,5,5,113.0,43.6,52.5
s2b-r12,3,A,s2b-r12-71,0,0,84,0,32,0,5,5,105.0,43.6,52.5
s2b-r12,3,A,s2b-r12-72,0,0,97,0,16,0,4,4,48.0,43.6,52.5
s2b-r12,3,A,s2b-r12-73,0,0,124,0,1,0,0,0,81.0,43.6,52.5
s2b-r12,3,A,s2b-r12-74,0,0,158,0,32,0,5,5,68.0,43.6,52.5
s2b-r12,3,A,s2b-r12-75,0,0,7,0,16,0,5,4,109.0,43.6,52.5
s2b-r12,3,A,s2b-r12-76,0,0,84,0,16,0,4,4,34.0,43.6,52.5
s2b-r12,3,A,s2b-r12-77,0,0,153,0,16,0,4,4,16.0,43.6,52.5
s2b-r12,3,A,s2b-r12-78,0,0,153,0,16,0,4,4,44.0,43.6,52.5
s2b-r12,3,A,s2b-r12-79,0,0,77,0,16,0,4,4,67.0,43.6,52.5
s2b-r12,3,A,s2b-r12-80,0,0,1,0,16,0,4,4,58.0,43.6,52.5
s2b-r12,3,A,s2b-r12-81,0,0,30,0,32,0,5,5,111.0,43.6,52.5
s2b-r12,3,A,s2b-r12-82,0,0,84,0,2,0,1,1,61.0,43.6,52.5
s2b-r12,3,A,s2b-r12-83,0,0,166,0,1,0,0,0,44.0,43.6,52.5
s2b-r12,3,A,s2b-r12-84,0,0,166,0,1,0,0,0,92.0,43.6,52.5
s2b-r12,3,A,s2b-r12-85,0,0,31,0,2,0,1,1,45.0,43.6,52.5
s2b-r12,3,A,s2b-r12-86,0,0,61,0,16,0,4,4,28.0,43.6,52.5
s2b-r12,3,A,s2b-r12-87,0,0,155,0,16,0,4,4,29.0,43.6,52.5
s2b-r12,3,A,s2b-r12-88,0,0,135,0,16,0,4,4,49.0,43.6,52.5
s2b-r12,3,A,s2b-r12-89,0,0,121,0,16,0,4,4,55.0,43.6,52.5
s2b-r12,3,A,s2b-r12-90,0,0,121,0,16,0,4,4,106.0,43.6,52.5
s2b-r12,3,A,s2b-r12-91,0,0,147,0,16,0,4,4,43.0,43.6,52.5
s2b-r12,3,A,s2b-r12-92,0,0,147,0,16,0,4,4,49.0,43.6,52.5
s2b-r12,3,A,s2b-r12-93,0,0,69,0,16,0,4,4,100.0,43.6,52.5
s2b-r12,3,A,s2b-r12-94,0,0,69,0,8,0,4,4,29.0,43.6,52.5
s2b-r12,3,A,s2b-r12-95,0,0,189,0,8,0,3,3,19.0,43.6,52.5
s2b-r12,3,A,s2b-r12-96,0,0,149,0,8,0,3,3,26.0,43.6,52.5
s2b-r12,3,A,s2b-r12-97,0,0,82,0,16,0,4,4,25.0,43.6,52.5
s2b-r12,3,A,s2b-r12-98,0,0,153,0,16,0,4,4,38.0,43.6,52.5
s2b-r12,3,A,s2b-r12-99,0,0,154,0,16,0,4,4,50.0,43.6,52.5
s2b-r12,3,A,s2b-r12-100,0,0,102,0,32,0,5,5,84.0,43.6,52.5
s2b-r12,3,A,s2b-r12-101,0,0,54,0,2,0,1,1,137.0,43.6,52.5
s2b-r12,3,A,s2b-r12-102,0,0,151,0,2,0,1,1,100.0,43.6,52.5
s2b-r12,3,A,s2b-r12-103,0,0,95,0,32,0,5,5,64.0,43.6,52.5
s2b-r12,3,A,s2b-r12-104,0,0,103,0,32,0,5,5,70.0,43.6,52.5
s2b-r12,3,A,s2b-r12-105,0,0,113,0,2,0,5,5,521.0,43.6,52.5
s2b-r12,3,A,s2b-r12-106,0,0,113,0,8,0,3,3,59.0,43.6,52.5
s2b-r12,3,A,s2b-r12-107,0,0,107,0,2,0,1,1,43.0,43.6,52.5
s2b-r12,3,A,s2b-r12-108,0,0,167,0,1,0,0,0,13.0,43.6,52.5
s2b-r12,3,A,s2b-r12-109,0,0,167,0,1,0,0,0,15.0,43.6,52.5
s2b-r12,3,A,s2b-r12-110,0,0,167,0,16,0,4,4,42.0,43.6,52.5
s2b-r12,3,A,s2b-r12-111,0,0,167,0,16,0,4,4,71.0,43.6,52.5
s2b-r12,3,A,s2b-r12-112,0,0,137,0,16,0,4,4,66.0,43.6,52.5
s2b-r12,3,A,s2b-r12-113,0,0,15,0,16,0,4,4,107.0,43.6,52.5
s2b-r12,3,A,s2b-r12-114,0,0,86,0,16,0,4,4,111.0,43.6,52.5
s2b-r12,3,A,s2b-r12-115,0,0,155,0,32,0,5,5,107.0,43.6,52.5
s2b-r12,3,A,s2b-r12-116,0,0,50,0,16,0,4,4,189.0,43.6,52.5
s2b-r12,3,A,s2b-r12-117,0,0,237,0,2,0,1,1,16.0,43.6,52.5
s2b-r12,3,A,s2b-r12-118,0,0,151,0,2,0,1,1,18.0,43.6,52.5
s2b-r12,3,A,s2b-r12-119,0,0,151,0,2,0,1,1,51.0,43.6,52.5
s2b-r12,3,A,s2b-r12-120,0,0,95,0,2,0,1,1,79.0,43.6,52.5
s2b-r12,3,A,s2b-r12-121,0,0,55,0,2,0,1,1,163.0,43.6,52.5
s2b-r12,3,A,s2b-r12-122,0,0,127,0,32,0,5,5,110.0,43.6,52.5
s2b-r12,3,A,s2b-r12-123,0,0,127,0,32,0,5,5,65.0,43.6,52.5
s2b-r12,3,A,s2b-r12-124,0,0,125,0,16,0,4,4,35.0,43.6,52.5
s2b-r12,3,A,s2b-r12-125,0,0,151,0,16,0,4,4,116.0,43.6,52.5
s2b-r12,3,A,s2b-r12-126,0,0,125,0,16,0,4,4,33.0,43.6,52.5
s2b-r12,3,A,s2b-r12-127,0,0,161,0,16,0,4,4,16.0,43.6,52.5
s2b-r12,3,A,s2b-r12-128,0,0,161,0,16,0,4,4,17.0,43.6,52.5
s2b-r12,3,A,s2b-r12-129,0,0,161,0,16,0,4,4,103.0,43.6,52.5
s2b-r12,3,A,s2b-r12-130,0,0,110,0,1,0,0,0,51.0,43.6,52.5
s2b-r12,3,A,s2b-r12-131,0,0,105,0,2,0,1,1,44.0,43.6,52.5
s2b-r12,3,A,s2b-r12-132,0,0,150,0,2,0,1,1,51.0,43.6,52.5
s2b-r12,3,A,s2b-r12-133,0,0,105,0,32,0,5,5,101.0,43.6,52.5
s2b-r12,3,A,s2b-r12-134,0,0,80,0,2,0,1,1,70.0,43.6,52.5
s2b-r12,3,A,s2b-r12-135,0,0,112,0,2,0,1,1,33.0,43.6,52.5
s2b-r12,3,A,s2b-r12-136,0,0,112,0,2,0,1,1,41.0,43.6,52.5
s2b-r12,3,A,s2b-r12-137,0,0,155,0,2,0,1,1,34.0,43.6,52.5
s2b-r12,3,A,s2b-r12-138,0,0,155,0,16,0,1,5,315.0,43.6,52.5
s2b-r12,3,A,s2b-r12-139,0,0,155,0,2,0,1,1,53.0,43.6,52.5
s2b-r12,3,A,s2b-r12-140,0,0,133,0,2,0,1,1,40.0,43.6,52.5
s2b-r12,3,A,s2b-r12-141,0,0,154,0,2,0,1,1,105.0,43.6,52.5
s2b-r12,3,A,s2b-r12-142,0,0,0,0,2,0,1,1,84.0,43.6,52.5
s2b-r12,3,A,s2b-r12-143,0,0,65,0,32,0,5,5,115.0,43.6,52.5
s2b-r12,3,A,s2b-r12-144,0,0,138,0,16,0,4,4,63.0,43.6,52.5
s2b-r12,3,A,s2b-r12-145,0,0,154,0,32,0,5,4,64.0,43.6,52.5
s2b-r12,3,A,s2b-r12-146,0,0,156,0,2,0,1,1,53.0,43.6,52.5
s2b-r12,3,A,s2b-r12-147,0,0,154,0,32,0,0,4,66.0,43.6,52.5
s2b-r12,3,A,s2b-r12-148,0,0,154,0,16,0,4,4,76.0,43.6,52.5
s2b-r12,3,A,s2b-r12-149,0,0,114,0,16,0,4,4,106.0,43.6,52.5
s2b-r12,3,A,s2b-r12-150,0,0,114,0,32,0,5,5,106.0,43.6,52.5
s2b-r12,3,A,s2b-r12-151,0,0,29,0,16,0,4,4,107.0,43.6,52.5
s2b-r12,3,A,s2b-r12-152,0,0,83,0,32,0,5,5,176.0,43.6,52.5
s2b-r12,3,A,s2b-r12-153,0,0,15,0,32,0,5,5,32.0,43.6,52.5
s2b-r12,3,A,s2b-r12-154,0,0,152,0,2,0,1,1,20.0,43.6,52.5
s2b-r12,3,A,s2b-r12-155,0,0,154,0,1,0,0,0,22.0,43.6,52.5
s2b-r12,3,A,s2b-r12-156,0,0,46,0,1,0,0,0,23.0,43.6,52.5
s2b-r12,3,A,s2b-r12-157,0,0,153,0,1,0,0,0,26.0,43.6,52.5
s2b-r12,3,A,s2b-r12-158,0,0,153,0,1,0,0,0,41.0,43.6,52.5
s2b-r12,3,A,s2b-r12-159,0,0,95,0,1,0,0,0,68.0,43.6,52.5
s2b-r12,3,A,s2b-r12-160,0,0,80,0,1,0,0,0,58.0,43.6,52.5
s2b-r12,3,A,s2b-r12-161,0,0,80,0,32,0,5,5,79.0,43.6,52.5
s2b-r12,3,A,s2b-r12-162,0,0,48,0,1,0,0,0,95.0,43.6,52.5
s2b-r12,3,A,s2b-r12-163,0,0,162,0,1,0,0,0,42.0,43.6,52.5
s2b-r12,3,A,s2b-r12-164,0,0,48,0,1,0,0,0,61.0,43.6,52.5
s2b-r12,3,A,s2b-r12-165,0,0,101,0,16,0,4,4,389.0,43.6,52.5
s2b-r12,3,A,s2b-r12-166,0,0,172,0,16,0,4,4,21.0,43.6,52.5
s2b-r12,3,A,s2b-r12-167,0,0,172,0,16,0,4,4,25.0,43.6,52.5
s2b-r12,3,A,s2b-r12-168,0,0,101,0,16,0,4,4,54.0,43.6,52.5
s2b-r12,3,A,s2b-r12-169,0,0,18,0,1,0,0,0,40.0,43.6,52.5
s2b-r12,3,A,s2b-r12-170,0,0,22,0,16,0,4,4,132.0,43.6,52.5
s2b-r12,3,A,s2b-r12-171,0,0,15,0,16,0,4,4,56.0,43.6,52.5
s2b-r12,3,A,s2b-r12-172,0,0,153,0,2,0,4,5,432.0,43.6,52.5
s2b-r12,3,A,s2b-r12-173,0,0,15,0,2,0,1,1,105.0,43.6,52.5
s2b-r12,3,A,s2b-r12-174,0,0,62,0,8,0,3,3,100.0,43.6,52.5
s2b-r12,3,A,s2b-r12-175,0,0,121,0,8,0,3,3,69.0,43.6,52.5
s2b-r12,3,A,s2b-r12-176,0,0,62,0,16,0,4,4,186.0,43.6,52.5
s2b-r12,3,A,s2b-r12-177,0,0,93,0,2,0,1,1,29.0,43.6,52.5
s2b-r12,3,A,s2b-r12-178,0,0,159,0,2,0,1,1,33.0,43.6,52.5
s2b-r12,3,A,s2b-r12-179,0,0,159,0,2,0,1,1,52.0,43.6,52.5
s2b-r12,3,A,s2b-r12-180,0,0,58,0,1,0,0,0,49.0,43.6,52.5
s2b-r12,3,A,s2b-r12-181,0,0,58,0,16,0,4,4,63.0,43.6,52.5
s2b-r12,3,A,s2b-r12-182,0,0,58,0,2,0,1,1,47.0,43.6,52.5
s2b-r12,3,A,s2b-r12-183,0,0,153,0,32,0,5,5,22.0,43.6,52.5
s2b-r12,3,A,s2b-r12-184,0,0,153,0,32,0,5,5,55.0,43.6,52.5
s2b-r12,3,A,s2b-r12-185,0,0,99,0,32,0,5,5,71.0,43.6,52.5
s2b-r12,3,A,s2b-r12-186,0,0,98,0,2,0,1,1,80.0,43.6,52.5
s2b-r12,3,A,s2b-r12-187,0,0,149,0,2,0,1,1,31.0,43.6,52.5
s2b-r12,3,A,s2b-r12-188,0,0,149,0,8,0,3,3,49.0,43.6,52.5
s2b-r12,3,A,s2b-r12-189,0,0,161,0,2,0,1,1,18.0,43.6,52.5
s2b-r12,3,A,s2b-r12-190,0,0,150,0,2,0,1,1,65.0,43.6,52.5
s2b-r12,3,A,s2b-r12-191,0,0,113,0,32,0,5,5,213.0,43.6,52.5
s2b-r12,3,A,s2b-r12-192,0,0,113,0,32,0,5,5,442.0,43.6,52.5
s2b-r12,3,A,s2b-r12-193,0,0,125,0,32,0,5,5,81.0,43.6,52.5
s2b-r12,3,A,s2b-r12-194,0,0,125,0,32,0,5,5,109.0,43.6,52.5
s2b-r12,3,A,s2b-r12-195,0,0,87,0,32,0,5,5,104.0,43.6,52.5
s2b-r12,3,A,s2b-r12-196,0,0,121,0,32,0,5,5,59.0,43.6,52.5
s2b-r12,3,A,s2b-r12-197,0,0,27,0,1,0,0,0,16.0,43.6,52.5
s2b-r12,3,A,s2b-r12-198,0,0,155,0,16,0,4,4,20.0,43.6,52.5
s2b-r12,3,A,s2b-r12-199,0,0,83,0,16,0,4,4,47.0,43.6,52.5
s2b-r12,3,A,s2b-r12-200,0,0,92,0,32,0,5,5,51.0,43.6,52.5
s2b-r12,3,A,s2b-r12-201,0,0,92,0,2,0,1,1,84.0,43.6,52.5
s2b-r12,3,A,s2b-r12-202,0,0,92,0,2,0,1,1,111.0,43.6,52.5
s2b-r12,3,A,s2b-r12-203,0,0,136,0,32,0,5,5,225.0,43.6,52.5
s2b-r12,3,A,s2b-r12-204,0,0,47,0,32,0,5,5,112.0,43.6,52.5
s2b-r12,3,A,s2b-r12-205,0,0,100,0,16,0,4,4,172.0,43.6,52.5
s2b-r12,3,A,s2b-r12-206,0,0,225,0,32,0,5,5,45.0,43.6,52.5
s2b-r12,3,A,s2b-r12-207,0,0,158,0,32,0,5,5,18.0,43.6,52.5
s2b-r12,3,A,s2b-r12-208,0,0,119,0,32,0,5,5,53.0,43.6,52.5
s2b-r12,3,A,s2b-r12-209,0,0,111,0,32,0,5,5,107.0,43.6,52.5
s2b-r12,3,A,s2b-r12-210,0,0,111,0,2,0,1,1,247.0,43.6,52.5
s2b-r12,3,A,s2b-r12-211,0,0,156,0,16,0,4,4,84.0,43.6,52.5
s2b-r12,3,A,s2b-r12-212,0,0,17,0,16,0,4,4,108.0,43.6,52.5
s2b-r12,3,A,s2b-r12-213,0,0,69,0,16,0,4,4,127.0,43.6,52.5
s2b-r12,3,A,s2b-r12-214,0,0,152,0,2,0,1,1,31.0,43.6,52.5
s2b-r12,3,A,s2b-r12-215,0,0,152,0,2,0,1,1,33.0,43.6,52.5
s2b-r12,3,A,s2b-r12-216,0,0,153,0,2,0,1,1,26.0,43.6,52.5
s2b-r12,3,A,s2b-r12-217,0,0,180,0,1,0,0,0,21.0,43.6,52.5
s2b-r12,3,A,s2b-r12-218,0,0,180,0,2,0,1,1,96.0,43.6,52.5
s2b-r12,3,A,s2b-r12-219,0,0,100,0,16,0,1,4,92.0,43.6,52.5
s2b-r12,3,A,s2b-r12-220,0,0,91,0,2,0,1,1,39.0,43.6,52.5
s2b-r12,3,A,s2b-r12-221,0,0,91,0,16,0,4,4,77.0,43.6,52.5
s2b-r12,3,A,s2b-r12-222,0,0,91,0,1,0,0,0,81.0,43.6,52.5
s2b-r12,3,A,s2b-r12-223,0,0,127,0,16,0,4,4,44.0,43.6,52.5
s2b-r12,3,A,s2b-r12-224,0,0,153,0,16,0,4,4,15.0,43.6,52.5
s2b-r12,3,A,s2b-r12-225,0,0,161,0,2,0,1,1,22.0,43.6,52.5
s2b-r12,3,A,s2b-r12-226,0,0,153,0,2,0,1,1,63.0,43.6,52.5
s2b-r12,3,A,s2b-r12-227,0,0,110,0,2,0,1,1,87.0,43.6,52.5
s2b-r12,3,A,s2b-r12-228,0,0,59,0,16,0,4,4,102.0,43.6,52.5
s2b-r12,3,A,s2b-r12-229,0,0,114,0,32,0,5,5,54.0,43.6,52.5
s2b-r12,3,A,s2b-r12-230,0,0,114,0,1,0,0,0,66.0,43.6,52.5
s2b-r12,3,A,s2b-r12-231,0,0,114,0,1,0,0,0,126.0,43.6,52.5
s2b-r12,3,A,s2b-r12-232,0,0,119,0,8,0,3,3,24.0,43.6,52.5
s2b-r12,3,A,s2b-r12-233,0,0,149,0,8,0,3,3,27.0,43.6,52.5
s2b-r12,3,A,s2b-r12-234,0,0,119,0,8,0,3,3,45.0,43.6,52.5
s2b-r12,3,A,s2b-r12-235,0,0,148,0,8,0,3,3,68.0,43.6,52.5
s2b-r12,3,A,s2b-r12-236,0,0,151,0,8,0,3,3,41.0,43.6,52.5
s2b-r12,3,A,s2b-r12-237,0,0,151,0,1,0,0,0,94.0,43.6,52.5
s2b-r12,3,A,s2b-r12-238,0,0,111,0,2,0,1,1,143.0,43.6,52.5
s2b-r12,3,A,s2b-r12-239,0,0,96,0,16,0,1,0,910.0,43.6,52.5
s2b-r12,3,A,s2b-r12-240,0,0,170,0,32,0,5,5,80.0,43.6,52.5
s2b-r12,3,A,s2b-r12-241,0,0,109,0,1,0,0,0,15.0,43.6,52.5
s2b-r12,3,A,s2b-r12-242,0,0,96,0,1,0,0,0,40.0,43.6,52.5
s2b-r12,3,A,s2b-r12-243,0,0,76,0,32,0,5,5,66.0,43.6,52.5
s2b-r12,3,A,s2b-r12-244,0,0,111,0,32,0,5,5,26.0,43.6,52.5
s2b-r12,3,A,s2b-r12-245,0,0,149,0,32,0,5,5,14.0,43.6,52.5
s2b-r12,3,A,s2b-r12-246,0,0,151,0,2,0,1,1,111.0,43.6,52.5
s2b-r12,3,A,s2b-r12-247,0,0,149,0,32,0,1,1,97.0,43.6,52.5
s2b-r12,3,A,s2b-r12-248,0,0,95,0,8,0,3,3,27.0,43.6,52.5
s2b-r12,3,A,s2b-r12-249,0,0,95,0,8,0,3,3,26.0,43.6,52.5
s2b-r12,3,A,s2b-r12-250,0,0,148,0,8,0,3,3,117.0,43.6,52.5
s2b-r12,3,A,s2b-r12-251,0,0,47,0,2,0,1,1,68.0,43.6,52.5
s2b-r12,3,A,s2b-r12-252,0,0,56,0,32,0,5,5,38.0,43.6,52.5
s2b-r12,3,A,s2b-r12-253,0,0,47,0,32,0,5,5,103.0,43.6,52.5
s2b-r12,3,A,s2b-r12-254,0,0,99,0,16,0,4,4,272.0,43.6,52.5
s2b-r12,3,A,s2b-r12-255,0,0,155,0,16,0,4,4,28.0,43.6,52.5
s2b-r12,3,A,s2b-r12-256,0,0,155,0,16,0,4,4,18.0,43.6,52.5
s2b-r12,3,A,s2b-r12-257,0,0,33,0,16,0,4,4,54.0,43.6,52.5
s2b-r12,3,A,s2b-r12-258,0,0,65,0,16,0,4,4,78.0,43.6,52.5
s2b-r12,3,A,s2b-r12-259,0,0,3,0,16,0,4,4,59.0,43.6,52.5
s2b-r12,3,A,s2b-r12-260,0,0,156,0,32,0,5,5,47.0,43.6,52.5
s2b-r12,3,A,s2b-r12-261,0,0,156,0,32,0,5,5,47.0,43.6,52.5
s2b-r12,3,A,s2b-r12-262,0,0,157,0,1,0,0,0,34.0,43.6,52.5
s2b-r12,3,A,s2b-r12-263,0,0,185,0,2,0,1,1,27.0,43.6,52.5
s2b-r12,3,A,s2b-r12-264,0,0,185,0,2,0,1,1,71.0,43.6,52.5
s2b-r12,3,A,s2b-r12-265,0,0,47,0,16,0,4,4,191.0,43.6,52.5
s2b-r12,3,A,s2b-r12-266,0,0,95,0,16,0,4,4,49.0,43.6,52.5
s2b-r12,3,A,s2b-r12-267,0,0,95,0,32,0,5,5,30.0,43.6,52.5
s2b-r12,3,A,s2b-r12-268,0,0,155,0,2,0,1,1,16.0,43.6,52.5
s2b-r12,3,A,s2b-r12-269,0,0,99,0,2,0,1,1,59.0,43.6,52.5
s2b-r12,3,A,s2b-r12-270,0,0,99,0,32,0,5,5,68.0,43.6,52.5
s2b-r12,3,A,s2b-r12-271,0,0,37,0,16,0,4,4,46.0,43.6,52.5
s2b-r12,3,A,s2b-r12-272,0,0,43,0,16,0,4,4,107.0,43.6,52.5
s2b-r12,3,A,s2b-r12-273,0,0,82,0,16,0,4,4,109.0,43.6,52.5
s2b-r12,3,A,s2b-r12-274,0,0,17,0,16,0,4,4,85.0,43.6,52.5
s2b-r12,3,A,s2b-r12-275,0,0,52,0,16,0,4,4,78.0,43.6,52.5
s2b-r12,3,A,s2b-r12-276,0,0,84,0,2,0,1,1,27.0,43.6,52.5
s2b-r12,3,A,s2b-r12-277,0,0,71,0,16,0,4,4,57.0,43.6,52.5
s2b-r12,3,A,s2b-r12-278,0,0,168,0,32,0,5,5,30.0,43.6,52.5
s2b-r12,3,A,s2b-r12-279,0,0,153,0,2,0,1,1,42.0,43.6,52.5
s2b-r12,3,A,s2b-r12-280,0,0,117,0,2,0,1,1,79.0,43.6,52.5
s2b-r12,3,A,s2b-r12-281,0,0,104,0,2,0,1,1,68.0,43.6,52.5
s2b-r12,3,A,s2b-r12-282,0,0,115,0,16,0,4,4,62.0,43.6,52.5
s2b-r12,3,A,s2b-r12-283,0,0,115,0,32,0,5,5,100.0,43.6,52.5
s2b-r12,3,A,s2b-r12-284,0,0,91,0,32,0,5,5,104.0,43.6,52.5
s2b-r12,3,A,s2b-r12-285,0,0,91,0,1,0,0,0,77.0,43.6,52.5
s2b-r12,3,A,s2b-r12-286,0,0,83,0,1,0,0,0,24.0,43.6,52.5
s2b-r12,3,A,s2b-r12-287,0,0,156,0,4,0,2,2,38.0,43.6,52.5
s2b-r12,3,A,s2b-r12-288,0,0,156,0,4,0,2,2,30.0,43.6,52.5
s2b-r12,3,A,s2b-r12-289,0,0,111,0,16,0,4,4,114.0,43.6,52.5
s2b-r12,3,A,s2b-r12-290,0,0,114,0,16,0,4,4,107.0,43.6,52.5
s2b-r12,3,A,s2b-r12-291,0,0,114,0,16,0,4,4,74.0,43.6,52.5
s2b-r12,3,A,s2b-r12-292,0,0,125,0,32,0,5,5,89.0,43.6,52.5
s2b-r12,3,A,s2b-r12-293,0,0,125,0,2,0,1,1,79.0,43.6,52.5
s2b-r12,3,A,s2b-r12-294,0,0,76,0,16,0,4,4,54.0,43.6,52.5
s2b-r12,3,A,s2b-r12-295,0,0,76,0,16,0,4,4,30.0,43.6,52.5
s2b-r12,3,A,s2b-r12-296,0,0,152,0,16,0,4,4,45.0,43.6,52.5
s2b-r12,3,A,s2b-r12-297,0,0,150,0,16,0,4,4,55.0,43.6,52.5
s2b-r12,3,A,s2b-r12-298,0,0,90,0,16,0,4,4,65.0,43.6,52.5
s2b-r12,3,A,s2b-r12-299,0,0,60,0,16,0,4,4,82.0,43.6,52.5
s2b-r12,3,A,s2b-r12-300,0,0,102,0,16,0,4,4,93.0,43.6,52.5
s2b-r12,3,A,s2b-r12-301,0,0,154,0,2,0,1,1,48.0,43.6,52.5
s2b-r12,3,A,s2b-r12-302,0,0,154,0,2,0,1,1,31.0,43.6,52.5
s2b-r12,3,A,s2b-r12-303,0,0,142,0,16,0,4,4,61.0,43.6,52.5
s2b-r12,3,A,s2b-r12-304,0,0,228,0,16,0,4,4,48.0,43.6,52.5
s2b-r12,3,A,s2b-r12-305,0,0,156,0,32,0,5,5,143.0,43.6,52.5
s2b-r12,3,A,s2b-r12-306,0,0,111,0,32,0,5,5,84.0,43.6,52.5
s2b-r12,3,A,s2b-r12-307,0,0,111,0,32,0,5,5,18.0,43.6,52.5
s2b-r12,3,A,s2b-r12-308,0,0,158,0,32,0,5,5,28.0,43.6,52.5
s2b-r12,3,A,s2b-r12-309,0,0,18,0,1,0,5,0,515.0,43.6,52.5
s2b-r12,3,A,s2b-r12-310,0,0,152,0,2,0,1,1,23.0,43.6,52.5
s2b-r12,3,A,s2b-r12-311,0,0,157,0,4,0,2,2,62.0,43.6,52.5
s2b-r12,3,A,s2b-r12-312,0,0,71,0,4,0,2,2,43.0,43.6,52.5
s2b-r12,3,A,s2b-r12-313,0,0,118,0,4,0,2,2,17.0,43.6,52.5
s2b-r12,3,A,s2b-r12-314,0,0,71,0,4,0,2,2,25.0,43.6,52.5
s2b-r12,3,A,s2b-r12-315,0,0,150,0,2,0,1,1,26.0,43.6,52.5
s2b-r12,3,A,s2b-r12-316,0,0,151,0,2,0,1,1,50.0,43.6,52.5
s2b-r12,3,A,s2b-r12-317,0,0,75,0,2,0,1,1,102.0,43.6,52.5
s2b-r12,3,A,s2b-r12-318,0,0,117,0,16,0,4,4,117.0,43.6,52.5
s2b-r12,3,A,s2b-r12-319,0,0,117,0,32,0,5,5,83.0,43.6,52.5
s2b-r12,3,A,s2b-r12-320,0,0,117,0,16,0,4,4,105.0,43.6,52.5
s2b-r12,3,A,s2b-r12-321,0,0,124,0,16,0,4,4,68.0,43.6,52.5
s2b-r12,3,A,s2b-r12-322,0,0,37,0,32,0,5,5,176.0,43.6,52.5
s2b-r12,3,A,s2b-r12-323,0,0,38,0,32,0,5,5,29.0,43.6,52.5
s2b-r12,3,A,s2b-r12-324,0,0,187,0,4,0,2,2,70.0,43.6,52.5
s2b-r12,3,A,s2b-r12-325,0,0,187,0,4,0,2,2,30.0,43.6,52.5
s2b-r12,3,A,s2b-r12-326,0,0,187,0,32,0,0,4,194.0,43.6,52.5
s2b-r12,3,A,s2b-r12-327,0,0,48,0,32,0,5,5,61.0,43.6,52.5
s2b-r12,3,A,s2b-r12-328,0,0,76,0,32,0,5,5,110.0,43.6,52.5
s2b-r12,3,A,s2b-r12-329,0,0,11,0,32,0,5,5,58.0,43.6,52.5
s2b-r12,3,A,s2b-r12-330,0,0,69,0,1,0,0,0,70.0,43.6,52.5
s2b-r12,3,A,s2b-r12-331,0,0,140,0,16,0,4,4,30.0,43.6,52.5
s2b-r12,3,A,s2b-r12-332,0,0,155,0,16,0,4,4,80.0,43.6,52.5
s2b-r12,3,A,s2b-r12-333,0,0,115,0,16,0,4,4,66.0,43.6,52.5
s2b-r12,3,A,s2b-r12-334,0,0,115,0,16,0,4,4,24.0,43.6,52.5
s2b-r12,3,A,s2b-r12-335,0,0,152,0,16,0,4,4,34.0,43.6,52.5
s2b-r12,3,A,s2b-r12-336,0,0,104,0,16,0,4,4,14.0,43.6,52.5
s2b-r12,3,A,s2b-r12-337,0,0,152,0,16,0,4,4,24.0,43.6,52.5
s2b-r12,3,A,s2b-r12-338,0,0,104,0,1,0,0,0,71.0,43.6,52.5
s2b-r12,3,A,s2b-r12-339,0,0,104,0,32,0,5,5,101.0,43.6,52.5
s2b-r12,3,A,s2b-r12-340,0,0,64,0,16,0,4,4,57.0,43.6,52.5
s2b-r12,3,A,s2b-r12-341,0,0,109,0,16,0,4,0,73.0,43.6,52.5
s2b-r12,3,A,s2b-r12-342,0,0,102,0,1,0,0,0,23.0,43.6,52.5
s2b-r12,3,A,s2b-r12-343,0,0,83,0,2,0,1,1,75.0,43.6,52.5
s2b-r12,3,A,s2b-r12-344,0,0,88,0,16,0,1,4,125.0,43.6,52.5
s2b-r12,3,A,s2b-r12-345,0,0,198,0,1,0,0,0,37.0,43.6,52.5
s2b-r12,3,A,s2b-r12-346,0,0,157,0,16,0,4,4,70.0,43.6,52.5
s2b-r12,3,A,s2b-r12-347,0,0,157,0,2,0,1,1,40.0,43.6,52.5
s2b-r12,3,A,s2b-r12-348,0,0,51,0,2,0,1,1,106.0,43.6,52.5
s2b-r12,3,A,s2b-r12-349,0,0,130,0,2,0,1,1,59.0,43.6,52.5
s2b-r12,3,A,s2b-r12-350,0,0,167,0,1,0,0,0,25.0,43.6,52.5
s2b-r12,3,A,s2b-r12-351,0,0,132,0,16,0,4,4,46.0,43.6,52.5
s2b-r12,3,A,s2b-r12-352,0,0,109,0,16,0,4,4,107.0,43.6,52.5
s2b-r12,3,A,s2b-r12-353,0,0,42,0,2,0,1,1,165.0,43.6,52.5
s2b-r12,3,A,s2b-r12-354,0,0,103,0,4,0,2,2,41.0,43.6,52.5
s2b-r12,3,A,s2b-r12-355,0,0,103,0,4,0,2,2,47.0,43.6,52.5
s2b-r12,3,A,s2b-r12-356,0,0,70,0,4,0,2,2,32.0,43.6,52.5
s2b-r12,3,A,s2b-r12-357,0,0,152,0,4,0,2,2,22.0,43.6,52.5
s2b-r12,3,A,s2b-r12-358,0,0,113,0,2,0,1,1,78.0,43.6,52.5
s2b-r12,3,A,s2b-r12-359,0,0,152,0,32,0,5,5,43.0,43.6,52.5
s2b-r12,3,A,s2b-r12-360,0,0,152,0,32,0,5,5,63.0,43.6,52.5
s2b-r12,3,A,s2b-r12-361,0,0,118,0,32,0,5,5,66.0,43.6,52.5
s2b-r12,3,A,s2b-r12-362,0,0,152,0,32,0,5,5,61.0,43.6,52.5
s2b-r12,3,A,s2b-r12-363,0,0,152,0,32,0,5,5,106.0,43.6,52.5
s2b-r12,3,A,s2b-r12-364,0,0,108,0,32,0,5,5,73.0,43.6,52.5
s2b-r12,3,A,s2b-r12-365,0,0,108,0,32,0,1,1,74.0,43.6,52.5
s2b-r12,3,A,s2b-r12-366,0,0,126,0,2,0,1,1,24.0,43.6,52.5
s2b-r12,3,A,s2b-r12-367,0,0,151,0,2,0,1,1,45.0,43.6,52.5
s2b-r12,3,A,s2b-r12-368,0,0,126,0,2,0,1,1,29.0,43.6,52.5
s2b-r12,3,A,s2b-r12-369,0,0,164,0,8,0,3,3,106.0,43.6,52.5
s2b-r12,3,A,s2b-r12-370,0,0,100,0,1,0,0,0,24.0,43.6,52.5
s2b-r12,3,A,s2b-r12-371,0,0,100,0,16,0,4,4,55.0,43.6,52.5
s2b-r12,3,A,s2b-r12-372,0,0,41,0,32,0,5,4,647.0,43.6,52.5
s2b-r12,3,A,s2b-r12-373,0,0,97,0,16,0,4,4,65.0,43.6,52.5
s2b-r12,3,A,s2b-r12-374,0,0,91,0,16,0,4,4,104.0,43.6,52.5
s2b-r12,3,A,s2b-r12-375,0,0,24,0,16,0,4,4,49.0,43.6,52.5
s2b-r12,3,A,s2b-r12-376,0,0,153,0,1,0,0,0,46.0,43.6,52.5
s2b-r12,3,A,s2b-r12-377,0,0,156,0,32,0,5,5,20.0,43.6,52.5
s2b-r12,3,A,s2b-r12-378,0,0,90,0,32,0,5,5,40.0,43.6,52.5
s2b-r12,3,A,s2b-r12-379,0,0,150,0,32,0,5,5,106.0,43.6,52.5
s2b-r12,3,A,s2b-r12-380,0,0,58,0,32,0,5,5,102.0,43.6,52.5
s2b-r12,3,A,s2b-r12-381,0,0,97,0,16,0,4,4,108.0,43.6,52.5
s2b-r12,3,A,s2b-r12-382,0,0,54,0,16,0,4,4,61.0,43.6,52.5
s2b-r12,3,A,s2b-r12-383,0,0,82,0,32,0,5,5,59.0,43.6,52.5
s2b-r12,3,A,s2b-r12-384,0,0,119,0,2,0,1,1,40.0,43.6,52.5
s2b-r12,3,A,s2b-r12-385,0,0,153,0,16,0,4,4,75.0,43.6,52.5
s2b-r12,3,A,s2b-r12-386,0,0,166,0,16,0,1,1,1632.0,43.6,52.5
s2b-r12,3,A,s2b-r12-387,0,0,188,0,2,0,1,1,19.0,43.6,52.5
s2b-r12,3,A,s2b-r12-388,0,0,166,0,2,0,1,1,25.0,43.6,52.5
s2b-r12,3,A,s2b-r12-389,0,0,166,0,1,0,0,0,23.0,43.6,52.5
s2b-r12,3,A,s2b-r12-390,0,0,152,0,16,0,4,4,29.0,43.6,52.5
s2b-r12,3,A,s2b-r12-391,0,0,152,0,16,0,4,4,20.0,43.6,52.5
s2b-r12,3,A,s2b-r12-392,0,0,156,0,1,0,0,0,16.0,43.6,52.5
s2b-r12,3,A,s2b-r12-393,0,0,152,0,1,0,0,0,15.0,43.6,52.5
s2b-r12,3,A,s2b-r12-394,0,0,155,0,1,0,0,0,15.0,43.6,52.5
s2b-r12,3,A,s2b-r12-395,0,0,155,0,1,0,0,0,22.0,43.6,52.5
s2b-r12,3,A,s2b-r12-396,0,0,155,0,1,0,0,0,15.0,43.6,52.5
s2b-r12,3,A,s2b-r12-397,0,0,173,0,1,0,0,0,22.0,43.6,52.5
s2b-r12,3,A,s2b-r12-398,0,0,155,0,1,0,0,0,17.0,43.6,52.5
s2b-r12,3,A,s2b-r12-399,0,0,158,0,2,0,1,1,21.0,43.6,52.5
s2b-r12,3,A,s2b-r12-400,0,0,158,0,2,0,1,1,15.0,43.6,52.5
s2b-r12,3,A,s2b-r12-401,0,0,158,0,2,0,1,1,18.0,43.6,52.5
s2b-r12,3,A,s2b-r12-402,0,0,158,0,1,0,0,0,15.0,43.6,52.5
s2b-r12,3,A,s2b-r12-403,0,0,158,0,1,0,0,0,13.0,43.6,52.5
s2b-r12,3,A,s2b-r12-404,0,0,165,0,1,0,0,0,25.0,43.6,52.5
s2b-r12,3,A,s2b-r12-405,0,0,89,0,2,0,1,1,24.0,43.6,52.5
s2b-r12,3,A,s2b-r12-406,0,0,95,0,16,0,4,4,18.0,43.6,52.5
s2b-r12,3,A,s2b-r12-407,0,0,151,0,2,0,1,1,28.0,43.6,52.5
s2b-r12,3,A,s2b-r12-408,0,0,151,0,2,0,1,1,23.0,43.6,52.5
s2b-r12,3,A,s2b-r12-409,0,0,115,0,2,0,1,1,60.0,43.6,52.5
s2b-r12,3,A,s2b-r12-410,0,0,70,0,32,0,5,5,66.0,43.6,52.5
s2b-r12,3,A,s2b-r12-411,0,0,120,0,32,0,5,5,90.0,43.6,52.5
s2b-r12,3,A,s2b-r12-412,0,0,70,0,32,0,5,5,104.0,43.6,52.5
s2b-r12,3,A,s2b-r12-413,0,0,81,0,32,0,5,5,69.0,43.6,52.5
s2b-r12,3,A,s2b-r12-414,0,0,81,0,2,0,1,1,59.0,43.6,52.5
s2b-r12,3,A,s2b-r12-415,0,0,149,0,2,0,1,1,33.0,43.6,52.5
s2b-r12,3,A,s2b-r12-416,0,0,149,0,2,0,1,1,38.0,43.6,52.5
s2b-r12,3,A,s2b-r12-417,0,0,149,0,1,0,0,0,21.0,43.6,52.5
s2b-r12,3,A,s2b-r12-418,0,0,101,0,1,0,0,0,33.0,43.6,52.5
s2b-r12,3,A,s2b-r12-419,0,0,162,0,2,0,1,1,75.0,43.6,52.5
s2b-r12,3,A,s2b-r12-420,0,0,101,0,2,0,1,1,79.0,43.6,52.5
s2b-r12,3,A,s2b-r12-421,0,0,58,0,16,0,4,4,74.0,43.6,52.5
s2b-r12,3,A,s2b-r12-422,0,0,120,0,16,0,4,4,45.0,43.6,52.5
s2b-r12,3,A,s2b-r12-423,0,0,92,0,2,0,4,1,228.0,43.6,52.5
s2b-r12,3,A,s2b-r12-424,0,0,22,0,2,0,1,1,29.0,43.6,52.5
s2b-r12,3,A,s2b-r12-425,0,0,168,0,32,0,5,5,57.0,43.6,52.5
s2b-r12,3,A,s2b-r12-426,0,0,15,0,32,0,5,5,66.0,43.6,52.5
s2b-r12,3,A,s2b-r12-427,0,0,15,0,32,0,5,5,155.0,43.6,52.5
s2b-r12,3,A,s2b-r12-428,0,0,43,0,32,0,5,5,15.0,43.6,52.5
s2b-r12,3,A,s2b-r12-429,0,0,152,0,1,0,0,0,16.0,43.6,52.5
s2b-r12,3,A,s2b-r12-430,0,0,103,0,2,0,1,1,55.0,43.6,52.5
s2b-r12,3,A,s2b-r12-431,0,0,121,0,2,0,1,1,106.0,43.6,52.5
s2b-r12,3,A,s2b-r12-432,0,0,97,0,32,0,4,1,94.0,43.6,52.5
s2b-r12,3,A,s2b-r12-433,0,0,136,0,32,0,5,5,46.0,43.6,52.5
s2b-r12,3,A,s2b-r12-434,0,0,126,0,32,0,5,5,107.0,43.6,52.5
s2b-r12,3,A,s2b-r12-435,0,0,126,0,32,0,5,5,112.0,43.6,52.5
s2b-r12,3,A,s2b-r12-436,0,0,136,0,2,0,1,1,36.0,43.6,52.5
s2b-r12,3,A,s2b-r12-437,0,0,150,0,32,0,5,5,50.0,43.6,52.5
s2b-r12,3,A,s2b-r12-438,0,0,150,0,32,0,5,5,41.0,43.6,52.5
s2b-r12,3,A,s2b-r12-439,0,0,112,0,1,0,5,0,57.0,43.6,52.5
s2b-r12,3,A,s2b-r12-440,0,0,7,0,1,0,0,0,17.0,43.6,52.5
s2b-r12,3,A,s2b-r12-441,0,0,153,0,1,0,0,0,25.0,43.6,52.5
s2b-r12,3,A,s2b-r12-442,0,0,105,0,8,0,3,3,65.0,43.6,52.5
s2b-r12,3,A,s2b-r12-443,0,0,95,0,8,0,3,3,42.0,43.6,52.5
s2b-r12,3,A,s2b-r12-444,0,0,113,0,16,0,4,4,78.0,43.6,52.5
s2b-r12,3,A,s2b-r12-445,0,0,15,0,2,0,4,4,91.0,43.6,52.5
s2b-r12,3,A,s2b-r12-446,0,0,83,0,32,0,5,5,61.0,43.6,52.5
s2b-r12,3,A,s2b-r12-447,0,0,22,0,16,0,4,4,104.0,43.6,52.5
s2b-r12,3,A,s2b-r12-448,0,0,48,0,2,0,1,1,32.0,43.6,52.5
s2b-r12,3,A,s2b-r12-449,0,0,150,0,16,0,4,4,32.0,43.6,52.5
s2b-r12,3,A,s2b-r12-450,0,0,133,0,2,0,1,1,133.0,43.6,52.5
s2b-r12,3,A,s2b-r12-451,0,0,109,0,2,0,1,1,43.0,43.6,52.5
s2b-r12,3,A,s2b-r12-452,0,0,149,0,2,0,1,1,99.0,43.6,52.5
s2b-r12,3,A,s2b-r12-453,0,0,53,0,1,0,0,0,77.0,43.6,52.5
s2b-r12,3,A,s2b-r12-454,0,0,53,0,32,0,5,5,43.0,43.6,52.5
s2b-r12,3,A,s2b-r12-455,0,0,53,0,2,0,1,1,76.0,43.6,52.5
s2b-r12,3,A,s2b-r12-456,0,0,86,0,2,0,1,1,140.0,43.6,52.5
s2b-r12,3,A,s2b-r12-457,0,0,77,0,1,0,0,0,59.0,43.6,52.5
s2b-r12,3,A,s2b-r12-458,0,0,66,0,8,0,3,3,39.0,43.6,52.5
s2b-r12,3,A,s2b-r12-459,0,0,167,0,8,0,3,3,47.0,43.6,52.5
s2b-r12,3,A,s2b-r12-460,0,0,167,0,8,0,3,3,19.0,43.6,52.5
s2b-r12,3,A,s2b-r12-461,0,0,86,0,8,0,3,3,104.0,43.6,52.5
s2b-r12,3,A,s2b-r12-462,0,0,103,0,32,0,5,5,84.0,43.6,52.5
s2b-r12,3,A,s2b-r12-463,0,0,125,0,32,0,5,5,72.0,43.6,52.5
s2b-r12,3,A,s2b-r12-464,0,0,125,0,32,0,5,0,301.0,43.6,52.5
s2b-r12,3,A,s2b-r12-465,0,0,125,0,16,0,4,4,104.0,43.6,52.5
s2b-r12,3,A,s2b-r12-466,0,0,125,0,16,0,4,4,105.0,43.6,52.5
s2b-r13,4,B,s2b-r13-0,512,512,149,6,32,1,5,5,33.0,44.0,47.5
s2b-r13,4,B,s2b-r13-1,512,512,78,6,1,1,0,0,22.0,44.0,47.5
s2b-r13,4,B,s2b-r13-2,512,512,163,6,1,1,0,0,17.0,44.0,47.5
s2b-r13,4,B,s2b-r13-3,512,512,114,0,1,0,0,0,40.0,44.0,47.5
s2b-r13,4,B,s2b-r13-4,512,512,163,6,32,1,5,5,76.0,44.0,47.5
s2b-r13,4,B,s2b-r13-5,512,512,163,6,16,1,4,4,39.0,44.0,47.5
s2b-r13,4,B,s2b-r13-6,512,512,97,6,16,1,4,4,35.0,44.0,47.5
s2b-r13,4,B,s2b-r13-7,512,512,149,6,2,1,4,4,59.0,44.0,47.5
s2b-r13,4,B,s2b-r13-8,512,512,97,6,64,0,6,6,83.0,44.0,47.5
s2b-r13,4,B,s2b-r13-9,512,512,114,6,64,0,6,6,31.0,44.0,47.5
s2b-r13,4,B,s2b-r13-10,512,512,114,0,16,0,4,4,71.0,44.0,47.5
s2b-r13,4,B,s2b-r13-11,512,512,158,6,128,0,7,7,33.0,44.0,47.5
s2b-r13,4,B,s2b-r13-12,512,512,114,6,128,0,7,7,29.0,44.0,47.5
s2b-r13,4,B,s2b-r13-13,512,512,114,6,128,0,7,7,33.0,44.0,47.5
s2b-r13,4,B,s2b-r13-14,512,512,95,6,128,0,7,7,35.0,44.0,47.5
s2b-r13,4,B,s2b-r13-15,512,512,100,6,128,0,7,7,24.0,44.0,47.5
s2b-r13,4,B,s2b-r13-16,512,512,95,6,128,0,7,7,26.0,44.0,47.5
s2b-r13,4,B,s2b-r13-17,512,512,95,6,128,0,7,7,27.0,44.0,47.5
s2b-r13,4,B,s2b-r13-18,512,512,96,6,128,0,7,7,27.0,44.0,47.5
s2b-r13,4,B,s2b-r13-19,512,512,95,6,128,0,7,7,34.0,44.0,47.5
s2b-r13,4,B,s2b-r13-20,512,512,95,6,128,0,7,7,31.0,44.0,47.5
s2b-r13,4,B,s2b-r13-21,512,512,84,6,128,0,7,7,34.0,44.0,47.5
s2b-r13,4,B,s2b-r13-22,512,512,97,6,128,0,7,7,33.0,44.0,47.5
s2b-r13,4,B,s2b-r13-23,512,512,71,6,128,0,7,7,26.0,44.0,47.5
s2b-r13,4,B,s2b-r13-24,512,512,96,6,128,0,7,7,28.0,44.0,47.5
s2b-r13,4,B,s2b-r13-25,512,512,96,6,128,0,7,7,25.0,44.0,47.5
s2b-r13,4,B,s2b-r13-26,512,512,96,6,128,0,7,7,25.0,44.0,47.5
s2b-r13,4,B,s2b-r13-27,512,512,96,6,128,0,7,7,25.0,44.0,47.5
s2b-r13,4,B,s2b-r13-28,512,512,84,6,128,0,7,7,32.0,44.0,47.5
s2b-r13,4,B,s2b-r13-29,512,512,95,6,128,0,7,7,28.0,44.0,47.5
s2b-r13,4,B,s2b-r13-30,512,512,96,6,128,0,7,7,30.0,44.0,47.5
s2b-r13,4,B,s2b-r13-31,512,512,97,6,128,0,7,7,32.0,44.0,47.5
s2b-r13,4,B,s2b-r13-32,512,512,96,6,128,0,7,7,33.0,44.0,47.5
s2b-r13,4,B,s2b-r13-33,512,512,96,6,128,0,7,7,30.0,44.0,47.5
s2b-r13,4,B,s2b-r13-34,512,512,97,6,128,0,7,7,32.0,44.0,47.5
s2b-r13,4,B,s2b-r13-35,512,512,98,6,128,0,7,7,30.0,44.0,47.5
s2b-r13,4,B,s2b-r13-36,512,512,102,6,128,0,7,7,52.0,44.0,47.5
s2b-r13,4,B,s2b-r13-37,512,512,98,6,128,0,7,7,49.0,44.0,47.5
s2b-r13,4,B,s2b-r13-38,512,512,98,6,128,0,7,7,152.0,44.0,47.5
s2b-r13,4,B,s2b-r13-39,512,512,101,6,128,0,7,7,55.0,44.0,47.5
s2b-r13,4,B,s2b-r13-40,512,512,101,6,128,0,7,7,47.0,44.0,47.5
s2b-r13,4,B,s2b-r13-41,512,512,101,6,128,0,7,7,153.0,44.0,47.5
s2b-r13,4,B,s2b-r13-42,512,512,101,6,128,0,7,7,47.0,44.0,47.5
s2b-r13,4,B,s2b-r13-43,512,512,54,6,128,0,7,7,127.0,44.0,47.5
s2b-r13,4,B,s2b-r13-44,512,512,101,6,128,0,7,7,50.0,44.0,47.5
s2b-r13,4,B,s2b-r13-45,512,512,98,6,128,0,7,7,190.0,44.0,47.5
s2b-r13,4,B,s2b-r13-46,512,512,107,6,128,0,7,7,54.0,44.0,47.5
s2b-r13,4,B,s2b-r13-47,512,512,98,6,128,0,7,7,151.0,44.0,47.5
s2b-r13,4,B,s2b-r13-48,512,512,106,6,128,0,7,7,59.0,44.0,47.5
s2b-r13,4,B,s2b-r13-49,512,512,100,6,128,0,7,7,152.0,44.0,47.5
s2b-r13,4,B,s2b-r13-50,512,512,98,6,128,0,7,7,52.0,44.0,47.5
s2b-r13,4,B,s2b-r13-51,512,512,100,6,128,0,7,7,50.0,44.0,47.5
s2b-r13,4,B,s2b-r13-52,512,512,100,6,128,0,7,7,177.0,44.0,47.5
s2b-r13,4,B,s2b-r13-53,512,512,103,6,128,0,7,7,60.0,44.0,47.5
s2b-r13,4,B,s2b-r13-54,512,512,100,6,128,0,7,7,132.0,44.0,47.5
s2b-r13,4,B,s2b-r13-55,512,512,102,6,128,0,7,7,49.0,44.0,47.5
s2b-r13,4,B,s2b-r13-56,512,512,102,6,128,0,7,7,147.0,44.0,47.5
s2b-r13,4,B,s2b-r13-57,512,512,102,6,128,0,7,7,49.0,44.0,47.5
s2b-r13,4,B,s2b-r13-58,512,512,102,6,128,0,7,7,145.0,44.0,47.5
s2b-r13,4,B,s2b-r13-59,512,512,104,6,128,0,7,7,50.0,44.0,47.5
s2b-r13,4,B,s2b-r13-60,512,512,104,6,128,0,7,7,180.0,44.0,47.5
s2b-r13,4,B,s2b-r13-61,512,512,104,6,128,0,7,7,52.0,44.0,47.5
s2b-r13,4,B,s2b-r13-62,512,512,104,6,128,0,7,7,151.0,44.0,47.5
s2b-r13,4,B,s2b-r13-63,512,512,104,6,128,0,7,7,49.0,44.0,47.5
s2b-r13,4,B,s2b-r13-64,512,512,70,6,128,0,7,7,121.0,44.0,47.5
s2b-r13,4,B,s2b-r13-65,512,512,101,6,128,0,7,7,52.0,44.0,47.5
s2b-r13,4,B,s2b-r13-66,512,512,100,6,128,0,7,7,149.0,44.0,47.5
s2b-r13,4,B,s2b-r13-67,512,512,99,6,128,0,7,7,53.0,44.0,47.5
s2b-r13,4,B,s2b-r13-68,512,512,99,6,128,0,7,7,146.0,44.0,47.5
s2b-r13,4,B,s2b-r13-69,512,512,108,0,1,0,0,0,63.0,44.0,47.5
s2b-r13,4,B,s2b-r13-70,512,512,157,0,1,0,0,0,14.0,44.0,47.5
s2b-r13,4,B,s2b-r13-71,512,512,123,0,16,0,4,4,134.0,44.0,47.5
s2b-r13,4,B,s2b-r13-72,512,512,168,0,16,0,4,4,87.0,44.0,47.5
s2b-r13,4,B,s2b-r13-73,512,512,168,6,128,0,7,7,79.0,44.0,47.5
s2b-r13,4,B,s2b-r13-74,512,512,123,6,128,0,7,7,17.0,44.0,47.5
s2b-r13,4,B,s2b-r13-75,512,512,123,6,128,0,7,7,26.0,44.0,47.5
s2b-r13,4,B,s2b-r13-76,512,512,101,6,128,0,7,7,47.0,44.0,47.5
s2b-r13,4,B,s2b-r13-77,512,512,101,6,128,0,7,7,108.0,44.0,47.5
s2b-r13,4,B,s2b-r13-78,512,512,101,6,128,0,7,7,48.0,44.0,47.5
s2b-r13,4,B,s2b-r13-79,512,512,73,6,128,0,7,7,78.0,44.0,47.5
s2b-r13,4,B,s2b-r13-80,512,512,100,6,128,0,7,7,310.0,44.0,47.5
s2b-r13,4,B,s2b-r13-81,512,512,109,6,128,0,7,7,56.0,44.0,47.5
s2b-r13,4,B,s2b-r13-82,512,512,104,6,128,0,7,7,199.0,44.0,47.5
s2b-r13,4,B,s2b-r13-83,512,512,105,6,128,0,7,7,52.0,44.0,47.5
s2b-r13,4,B,s2b-r13-84,512,512,80,6,128,0,7,7,129.0,44.0,47.5
s2b-r13,4,B,s2b-r13-85,512,512,104,6,128,0,7,7,58.0,44.0,47.5
s2b-r13,4,B,s2b-r13-86,512,512,98,6,128,0,7,7,317.0,44.0,47.5
s2b-r13,4,B,s2b-r13-87,512,512,112,6,128,0,7,7,58.0,44.0,47.5
s2b-r13,4,B,s2b-r13-88,512,512,100,6,128,0,7,7,276.0,44.0,47.5
s2b-r13,4,B,s2b-r13-89,512,512,107,6,128,0,7,7,50.0,44.0,47.5
s2b-r13,4,B,s2b-r13-90,512,512,100,6,128,0,7,7,153.0,44.0,47.5
s2b-r13,4,B,s2b-r13-91,512,512,105,6,128,0,7,7,56.0,44.0,47.5
s2b-r13,4,B,s2b-r13-92,512,512,70,6,128,0,7,7,126.0,44.0,47.5
s2b-r13,4,B,s2b-r13-93,512,512,102,6,128,0,7,7,50.0,44.0,47.5
s2b-r13,4,B,s2b-r13-94,512,512,98,6,128,0,7,7,324.0,44.0,47.5
s2b-r13,4,B,s2b-r13-95,512,512,115,6,128,0,7,7,52.0,44.0,47.5
s2b-r13,4,B,s2b-r13-96,512,512,102,6,128,0,7,7,171.0,44.0,47.5
s2b-r13,4,B,s2b-r13-97,512,512,90,6,128,0,7,7,56.0,44.0,47.5
s2b-r13,4,B,s2b-r13-98,512,512,99,6,128,0,7,7,174.0,44.0,47.5
s2b-r13,4,B,s2b-r13-99,512,512,104,6,128,0,7,7,50.0,44.0,47.5
s2b-r13,4,B,s2b-r13-100,512,512,72,6,128,0,7,7,148.0,44.0,47.5
s2b-r13,4,B,s2b-r13-101,512,512,103,6,128,0,7,7,51.0,44.0,47.5
s2b-r13,4,B,s2b-r13-102,512,512,99,6,128,0,7,7,99.0,44.0,47.5
s2b-r13,4,B,s2b-r13-103,512,512,98,6,128,0,7,7,48.0,44.0,47.5
s2b-r13,4,B,s2b-r13-104,512,512,99,6,128,0,7,7,168.0,44.0,47.5
s2b-r13,4,B,s2b-r13-105,512,512,103,0,16,0,4,4,55.0,44.0,47.5
s2b-r13,4,B,s2b-r13-106,512,512,150,0,16,0,4,4,37.0,44.0,47.5
s2b-r13,4,B,s2b-r13-107,512,512,150,6,128,0,7,7,2029.0,44.0,47.5
s2b-r13,4,B,s2b-r13-108,512,512,103,0,16,0,4,4,64.0,44.0,47.5
s2b-r13,4,B,s2b-r13-109,512,512,153,0,16,0,4,4,58.0,44.0,47.5
s2b-r13,4,B,s2b-r13-110,512,512,153,6,128,0,7,7,2169.0,44.0,47.5
s2b-r13,4,B,s2b-r13-111,512,512,111,6,128,0,7,7,58.0,44.0,47.5
s2b-r13,4,B,s2b-r13-112,512,512,103,6,128,0,7,7,128.0,44.0,47.5
s2b-r13,4,B,s2b-r13-113,512,512,100,6,128,0,7,7,50.0,44.0,47.5
s2b-r13,4,B,s2b-r13-114,512,512,100,6,128,0,7,7,166.0,44.0,47.5
s2b-r13,4,B,s2b-r13-115,512,512,106,6,128,0,7,7,50.0,44.0,47.5
s2b-r13,4,B,s2b-r13-116,512,512,100,6,128,0,7,7,150.0,44.0,47.5
s2b-r13,4,B,s2b-r13-117,512,512,56,6,128,0,7,7,50.0,44.0,47.5
s2b-r13,4,B,s2b-r13-118,512,512,96,6,128,0,7,7,147.0,44.0,47.5
s2b-r13,4,B,s2b-r13-119,512,512,102,0,1,0,0,0,56.0,44.0,47.5
s2b-r13,4,B,s2b-r13-120,512,512,50,0,8,0,3,3,84.0,44.0,47.5
s2b-r13,4,B,s2b-r13-121,512,512,50,6,128,0,7,7,130.0,44.0,47.5
s2b-r13,4,B,s2b-r13-122,512,512,102,0,32,0,5,5,76.0,44.0,47.5
s2b-r13,4,B,s2b-r13-123,512,512,150,6,128,0,7,7,138.0,44.0,47.5
s2b-r13,4,B,s2b-r13-124,512,512,101,6,128,0,7,7,39.0,44.0,47.5
s2b-r13,4,B,s2b-r13-125,512,512,105,6,128,0,7,7,33.0,44.0,47.5
s2b-r13,4,B,s2b-r13-126,512,512,101,6,128,0,7,7,53.0,44.0,47.5
s2b-r13,4,B,s2b-r13-127,512,512,101,6,128,0,7,7,53.0,44.0,47.5
s2b-r13,4,B,s2b-r13-128,512,512,74,6,128,0,7,7,189.0,44.0,47.5
s2b-r13,4,B,s2b-r13-129,512,512,109,6,128,0,7,7,47.0,44.0,47.5
s2b-r13,4,B,s2b-r13-130,512,512,88,6,128,0,7,7,141.0,44.0,47.5
s2b-r13,4,B,s2b-r13-131,512,512,99,6,128,0,7,7,46.0,44.0,47.5
s2b-r13,4,B,s2b-r13-132,512,512,99,6,128,0,7,7,122.0,44.0,47.5
s2b-r13,4,B,s2b-r13-133,512,512,101,6,128,0,7,7,63.0,44.0,47.5
s2b-r13,4,B,s2b-r13-134,512,512,100,6,128,0,7,7,436.0,44.0,47.5
s2b-r13,4,B,s2b-r13-135,512,512,79,6,128,0,7,7,54.0,44.0,47.5
s2b-r13,4,B,s2b-r13-136,512,512,101,6,128,0,7,7,100.0,44.0,47.5
s2b-r13,4,B,s2b-r13-137,512,512,101,6,128,0,7,7,47.0,44.0,47.5
s2b-r13,4,B,s2b-r13-138,512,512,79,6,128,0,7,7,146.0,44.0,47.5
s2b-r13,4,B,s2b-r13-139,512,512,102,6,128,0,7,7,57.0,44.0,47.5
s2b-r13,4,B,s2b-r13-140,512,512,102,6,128,0,7,7,50.0,44.0,47.5
s2b-r13,4,B,s2b-r13-141,512,512,102,6,128,0,7,7,53.0,44.0,47.5
s2b-r13,4,B,s2b-r13-142,512,512,102,6,128,0,7,7,130.0,44.0,47.5
s2b-r13,4,B,s2b-r13-143,512,512,83,6,128,0,7,7,48.0,44.0,47.5
s2b-r13,4,B,s2b-r13-144,512,512,100,6,128,0,7,7,120.0,44.0,47.5
s2b-r13,4,B,s2b-r13-145,512,512,87,6,128,0,7,7,48.0,44.0,47.5
s2b-r13,4,B,s2b-r13-146,512,512,97,6,128,0,7,7,259.0,44.0,47.5
s2b-r13,4,B,s2b-r13-147,512,512,111,6,128,0,7,7,52.0,44.0,47.5
s2b-r13,4,B,s2b-r13-148,512,512,98,6,128,0,7,7,184.0,44.0,47.5
s2b-r13,4,B,s2b-r13-149,512,512,104,6,128,0,7,7,50.0,44.0,47.5
s2b-r13,4,B,s2b-r13-150,512,512,98,6,128,0,7,7,148.0,44.0,47.5
s2b-r13,4,B,s2b-r13-151,512,512,103,6,128,0,7,7,50.0,44.0,47.5
s2b-r13,4,B,s2b-r13-152,512,512,103,6,128,0,7,7,50.0,44.0,47.5
s2b-r13,4,B,s2b-r13-153,512,512,103,6,128,0,7,7,156.0,44.0,47.5
s2b-r13,4,B,s2b-r13-154,512,512,103,6,128,0,7,7,49.0,44.0,47.5
s2b-r13,4,B,s2b-r13-155,512,512,91,6,128,0,7,7,122.0,44.0,47.5
s2b-r13,4,B,s2b-r13-156,512,512,101,6,128,0,7,7,52.0,44.0,47.5
s2b-r13,4,B,s2b-r13-157,512,512,91,6,128,0,7,7,81.0,44.0,47.5
s2b-r13,4,B,s2b-r13-158,512,512,102,6,128,0,7,7,55.0,44.0,47.5
s2b-r13,4,B,s2b-r13-159,512,512,102,6,128,0,7,7,141.0,44.0,47.5
s2b-r13,4,B,s2b-r13-160,512,512,102,0,32,0,5,5,75.0,44.0,47.5
s2b-r13,4,B,s2b-r13-161,512,512,164,0,2,0,1,1,27.0,44.0,47.5
s2b-r13,4,B,s2b-r13-162,512,512,80,0,1,0,0,0,113.0,44.0,47.5
s2b-r13,4,B,s2b-r13-163,512,512,163,6,128,0,7,7,2176.0,44.0,47.5
s2b-r13,4,B,s2b-r13-164,512,512,115,6,128,0,7,7,82.0,44.0,47.5
s2b-r13,4,B,s2b-r13-165,512,512,100,6,128,0,7,7,166.0,44.0,47.5
s2b-r13,4,B,s2b-r13-166,512,512,103,6,128,0,7,7,54.0,44.0,47.5
s2b-r13,4,B,s2b-r13-167,512,512,103,6,128,0,7,7,159.0,44.0,47.5
s2b-r13,4,B,s2b-r13-168,512,512,103,6,128,0,7,7,54.0,44.0,47.5
s2b-r13,4,B,s2b-r13-169,512,512,103,6,128,0,7,7,175.0,44.0,47.5
s2b-r13,4,B,s2b-r13-170,512,512,105,6,128,0,7,7,50.0,44.0,47.5
s2b-r13,4,B,s2b-r13-171,512,512,105,6,128,0,7,7,153.0,44.0,47.5
s2b-r13,4,B,s2b-r13-172,512,512,105,6,128,0,7,7,52.0,44.0,47.5
s2b-r13,4,B,s2b-r13-173,512,512,105,6,128,0,7,7,188.0,44.0,47.5
s2b-r13,4,B,s2b-r13-174,512,512,92,6,128,0,7,7,47.0,44.0,47.5
s2b-r13,4,B,s2b-r13-175,512,512,97,6,128,0,7,7,152.0,44.0,47.5
s2b-r13,4,B,s2b-r13-176,512,512,105,6,128,0,7,7,50.0,44.0,47.5
s2b-r13,4,B,s2b-r13-177,512,512,98,6,128,0,7,7,157.0,44.0,47.5
s2b-r13,4,B,s2b-r13-178,512,512,101,6,128,0,7,7,47.0,44.0,47.5
s2b-r13,4,B,s2b-r13-179,512,512,101,6,128,0,7,7,146.0,44.0,47.5
s2b-r13,4,B,s2b-r13-180,512,512,103,6,128,0,7,7,50.0,44.0,47.5
s2b-r13,4,B,s2b-r13-181,512,512,101,6,128,0,7,7,205.0,44.0,47.5
s2b-r13,4,B,s2b-r13-182,512,512,110,6,128,0,7,7,52.0,44.0,47.5
s2b-r13,4,B,s2b-r13-183,512,512,110,0,16,0,4,4,91.0,44.0,47.5
s2b-r13,4,B,s2b-r13-184,512,512,158,0,16,0,4,4,101.0,44.0,47.5
s2b-r13,4,B,s2b-r13-185,512,512,158,6,128,0,7,7,22.0,44.0,47.5
s2b-r13,4,B,s2b-r13-186,512,512,110,6,128,0,7,7,199.0,44.0,47.5
s2b-r13,4,B,s2b-r13-187,512,512,107,0,2,0,1,1,52.0,44.0,47.5
s2b-r13,4,B,s2b-r13-188,512,512,107,6,128,0,7,7,77.0,44.0,47.5
s2b-r13,4,B,s2b-r13-189,512,512,107,6,128,0,7,7,17.0,44.0,47.5
s2b-r13,4,B,s2b-r13-190,512,512,107,6,128,0,7,7,12.0,44.0,47.5
s2b-r13,4,B,s2b-r13-191,512,512,98,6,64,0,6,6,181.0,44.0,47.5
s2b-r13,4,B,s2b-r13-192,512,512,102,6,64,0,6,6,151.0,44.0,47.5
s2b-r13,4,B,s2b-r13-193,512,512,103,0,1,0,0,0,119.0,44.0,47.5
s2b-r13,4,B,s2b-r13-194,512,512,127,6,128,0,7,7,1891.0,44.0,47.5
s2b-r13,4,B,s2b-r13-195,512,512,111,6,128,0,7,7,63.0,44.0,47.5
s2b-r13,4,B,s2b-r13-196,512,512,111,6,128,0,7,7,200.0,44.0,47.5
s2b-r13,4,B,s2b-r13-197,512,512,111,6,128,0,7,7,58.0,44.0,47.5
s2b-r13,4,B,s2b-r13-198,512,512,111,6,128,0,7,7,69.0,44.0,47.5
s2b-r13,4,B,s2b-r13-199,512,512,100,6,128,0,7,7,49.0,44.0,47.5
s2b-r13,4,B,s2b-r13-200,512,512,100,6,128,0,7,7,160.0,44.0,47.5
s2b-r13,4,B,s2b-r13-201,512,512,100,6,128,0,7,7,51.0,44.0,47.5
s2b-r13,4,B,s2b-r13-202,512,512,100,6,128,0,7,7,150.0,44.0,47.5
s2b-r13,4,B,s2b-r13-203,512,512,110,6,128,0,7,7,53.0,44.0,47.5
s2b-r13,4,B,s2b-r13-204,512,512,110,6,128,0,7,7,46.0,44.0,47.5
s2b-r13,4,B,s2b-r13-205,512,512,110,6,128,0,7,7,143.0,44.0,47.5
s2b-r13,4,B,s2b-r13-206,512,512,110,6,128,0,7,7,48.0,44.0,47.5
s2b-r13,4,B,s2b-r13-207,512,512,87,6,128,0,7,7,90.0,44.0,47.5
s2b-r13,4,B,s2b-r13-208,512,512,102,6,128,0,7,7,49.0,44.0,47.5
s2b-r13,4,B,s2b-r13-209,512,512,97,6,128,0,7,7,52.0,44.0,47.5
s2b-r13,4,B,s2b-r13-210,512,512,36,6,128,0,7,7,178.0,44.0,47.5
s2b-r13,4,B,s2b-r13-211,512,512,106,6,128,0,7,7,50.0,44.0,47.5
s2b-r13,4,B,s2b-r13-212,512,512,99,6,128,0,7,7,53.0,44.0,47.5
s2b-r13,4,B,s2b-r13-213,512,512,100,6,128,0,7,7,66.0,44.0,47.5
s2b-r13,4,B,s2b-r13-214,512,512,102,6,128,0,7,7,51.0,44.0,47.5
s2b-r13,4,B,s2b-r13-215,512,512,54,6,128,0,7,7,149.0,44.0,47.5
s2b-r13,4,B,s2b-r13-216,512,512,106,6,128,0,7,7,49.0,44.0,47.5
s2b-r13,4,B,s2b-r13-217,512,512,85,6,128,0,7,7,322.0,44.0,47.5
s2b-r13,4,B,s2b-r13-218,512,512,106,6,128,0,7,7,48.0,44.0,47.5
s2b-r13,4,B,s2b-r13-219,512,512,106,6,128,0,7,7,57.0,44.0,47.5
s2b-r13,4,B,s2b-r13-220,512,512,106,6,128,0,7,7,208.0,44.0,47.5
s2b-r13,4,B,s2b-r13-221,512,512,106,6,128,0,7,7,47.0,44.0,47.5
s2b-r13,4,B,s2b-r13-222,512,512,96,6,128,0,7,7,125.0,44.0,47.5
s2b-r13,4,B,s2b-r13-223,512,512,101,6,128,0,7,7,55.0,44.0,47.5
s2b-r13,4,B,s2b-r13-224,512,512,99,6,128,0,7,7,174.0,44.0,47.5
s2b-r13,4,B,s2b-r13-225,512,512,61,6,128,0,7,7,46.0,44.0,47.5
s2b-r13,4,B,s2b-r13-226,512,512,98,6,128,0,7,7,184.0,44.0,47.5
s2b-r13,4,B,s2b-r13-227,512,512,104,6,128,0,7,7,52.0,44.0,47.5
s2b-r13,4,B,s2b-r13-228,512,512,100,6,128,0,7,7,141.0,44.0,47.5
s2b-r13,4,B,s2b-r13-229,512,512,102,6,128,0,7,7,48.0,44.0,47.5
s2b-r13,4,B,s2b-r13-230,512,512,98,6,128,0,7,7,143.0,44.0,47.5
s2b-r13,4,B,s2b-r13-231,512,512,107,6,128,0,7,7,53.0,44.0,47.5
s2b-r13,4,B,s2b-r13-232,512,512,98,6,128,0,7,7,65.0,44.0,47.5
s2b-r13,4,B,s2b-r13-233,512,512,121,6,128,0,7,7,54.0,44.0,47.5
s2b-r13,4,B,s2b-r13-234,512,512,62,6,128,0,7,7,49.0,44.0,47.5
s2b-r13,4,B,s2b-r13-235,512,512,97,6,128,0,7,7,152.0,44.0,47.5
s2b-r13,4,B,s2b-r13-236,512,512,105,6,128,0,7,7,48.0,44.0,47.5
s2b-r13,4,B,s2b-r13-237,512,512,97,6,128,0,7,7,52.0,44.0,47.5
s2b-r13,4,B,s2b-r13-238,512,512,99,6,128,0,7,7,159.0,44.0,47.5
s2b-r13,4,B,s2b-r13-239,512,512,99,6,128,0,7,7,51.0,44.0,47.5
s2b-r13,4,B,s2b-r13-240,512,512,99,6,128,0,7,7,129.0,44.0,47.5
s2b-r13,4,B,s2b-r13-241,512,512,84,6,128,0,7,7,151.0,44.0,47.5
s2b-r13,4,B,s2b-r13-242,512,512,105,6,128,0,7,7,56.0,44.0,47.5
s2b-r13,4,B,s2b-r13-243,512,512,88,6,128,0,7,7,183.0,44.0,47.5
s2b-r13,4,B,s2b-r13-244,512,512,105,6,128,0,7,7,57.0,44.0,47.5
s2b-r13,4,B,s2b-r13-245,512,512,101,6,128,0,7,7,188.0,44.0,47.5
s2b-r13,4,B,s2b-r13-246,512,512,101,6,128,0,7,7,64.0,44.0,47.5
s2b-r13,4,B,s2b-r13-247,512,512,101,6,128,0,7,7,204.0,44.0,47.5
s2b-r13,4,B,s2b-r13-248,512,512,106,6,128,0,7,7,49.0,44.0,47.5
s2b-r13,4,B,s2b-r13-249,512,512,99,6,128,0,7,7,259.0,44.0,47.5
s2b-r13,4,B,s2b-r13-250,512,512,108,6,128,0,7,7,54.0,44.0,47.5
s2b-r13,4,B,s2b-r13-251,512,512,102,6,128,0,7,7,64.0,44.0,47.5
s2b-r13,4,B,s2b-r13-252,512,512,101,6,128,0,7,7,49.0,44.0,47.5
s2b-r13,4,B,s2b-r13-253,512,512,99,6,128,0,7,7,222.0,44.0,47.5
s2b-r13,4,B,s2b-r13-254,512,512,107,6,128,0,7,7,57.0,44.0,47.5
s2b-r13,4,B,s2b-r13-255,512,512,107,6,128,0,7,7,117.0,44.0,47.5
s2b-r13,4,B,s2b-r13-256,512,512,107,6,128,0,7,7,52.0,44.0,47.5
s2b-r13,4,B,s2b-r13-257,512,512,107,6,128,0,7,7,127.0,44.0,47.5
s2b-r13,4,B,s2b-r13-258,512,512,101,0,1,0,0,0,64.0,44.0,47.5
s2b-r13,4,B,s2b-r13-259,512,512,153,6,128,0,7,7,2144.0,44.0,47.5
s2b-r13,4,B,s2b-r13-260,512,512,114,6,128,0,7,7,58.0,44.0,47.5
s2b-r13,4,B,s2b-r13-261,512,512,101,6,128,0,7,7,122.0,44.0,47.5
s2b-r13,4,B,s2b-r13-262,512,512,60,6,128,0,7,7,52.0,44.0,47.5
s2b-r13,4,B,s2b-r13-263,512,512,98,6,128,0,7,7,191.0,44.0,47.5
s2b-r13,4,B,s2b-r13-264,512,512,105,6,128,0,7,7,50.0,44.0,47.5
s2b-r13,4,B,s2b-r13-265,512,512,44,6,128,0,7,7,170.0,44.0,47.5
s2b-r13,4,B,s2b-r13-266,512,512,107,6,128,0,7,7,56.0,44.0,47.5
s2b-r13,4,B,s2b-r13-267,512,512,98,6,128,0,7,7,126.0,44.0,47.5
s2b-r13,4,B,s2b-r13-268,512,512,81,6,128,0,7,7,49.0,44.0,47.5
s2b-r13,4,B,s2b-r13-269,512,512,98,6,128,0,7,7,142.0,44.0,47.5
s2b-r13,4,B,s2b-r13-270,512,512,102,6,128,0,7,7,50.0,44.0,47.5
s2b-r13,4,B,s2b-r13-271,512,512,98,6,128,0,7,7,301.0,44.0,47.5
s2b-r13,4,B,s2b-r13-272,512,512,113,6,128,0,7,7,50.0,44.0,47.5
s2b-r13,4,B,s2b-r13-273,512,512,98,6,128,0,7,7,128.0,44.0,47.5
s2b-r13,4,B,s2b-r13-274,512,512,100,6,128,0,7,7,48.0,44.0,47.5
s2b-r13,4,B,s2b-r13-275,512,512,100,6,128,0,7,7,95.0,44.0,47.5
s2b-r13,4,B,s2b-r13-276,512,512,101,6,128,0,7,7,53.0,44.0,47.5
s2b-r13,4,B,s2b-r13-277,512,512,100,6,128,0,7,7,157.0,44.0,47.5
s2b-r13,4,B,s2b-r13-278,512,512,72,6,128,0,7,7,53.0,44.0,47.5
s2b-r13,4,B,s2b-r13-279,512,512,103,6,128,0,7,7,173.0,44.0,47.5
s2b-r13,4,B,s2b-r13-280,512,512,109,6,128,0,7,7,49.0,44.0,47.5
s2b-r13,4,B,s2b-r13-281,512,512,97,6,128,0,7,7,152.0,44.0,47.5
s2b-r13,4,B,s2b-r13-282,512,512,103,6,128,0,7,7,50.0,44.0,47.5
s2b-r13,4,B,s2b-r13-283,512,512,103,6,128,0,7,7,105.0,44.0,47.5
s2b-r13,4,B,s2b-r13-284,512,512,103,6,128,0,7,7,48.0,44.0,47.5
s2b-r13,4,B,s2b-r13-285,512,512,103,6,128,0,7,7,48.0,44.0,47.5
s2b-r13,4,B,s2b-r13-286,512,512,97,6,128,0,7,7,150.0,44.0,47.5
s2b-r13,4,B,s2b-r13-287,512,512,103,6,128,0,7,7,52.0,44.0,47.5
s2b-r13,4,B,s2b-r13-288,512,512,97,6,128,0,7,7,125.0,44.0,47.5
s2b-r13,4,B,s2b-r13-289,512,512,101,6,128,0,7,7,56.0,44.0,47.5
s2b-r13,4,B,s2b-r13-290,512,512,97,6,128,0,7,7,146.0,44.0,47.5
s2b-r13,4,B,s2b-r13-291,512,512,97,6,128,0,7,7,48.0,44.0,47.5
s2b-r13,4,B,s2b-r13-292,512,512,98,6,128,0,7,7,201.0,44.0,47.5
s2b-r13,4,B,s2b-r13-293,512,512,105,6,128,0,7,7,46.0,44.0,47.5
s2b-r13,4,B,s2b-r13-294,512,512,99,6,128,0,7,7,25.0,44.0,47.5
s2b-r13,4,B,s2b-r13-295,512,512,99,6,128,0,7,7,47.0,44.0,47.5
s2b-r13,4,B,s2b-r13-296,512,512,99,6,128,0,7,7,295.0,44.0,47.5
s2b-r13,4,B,s2b-r13-297,512,512,113,6,128,0,7,7,47.0,44.0,47.5
s2b-r13,4,B,s2b-r13-298,512,512,98,6,128,0,7,7,130.0,44.0,47.5
s2b-r13,4,B,s2b-r13-299,512,512,103,0,1,0,0,0,62.0,44.0,47.5
s2b-r13,4,B,s2b-r13-300,512,512,157,0,1,0,0,0,13.0,44.0,47.5
s2b-r13,4,B,s2b-r13-301,512,512,157,6,64,0,6,6,70.0,44.0,47.5
s2b-r13,4,B,s2b-r13-302,512,512,102,0,2,0,1,1,52.0,44.0,47.5
s2b-r13,4,B,s2b-r13-303,512,512,102,6,128,0,7,7,79.0,44.0,47.5
s2b-r13,4,B,s2b-r13-304,512,512,103,6,128,0,7,7,16.0,44.0,47.5
s2b-r13,4,B,s2b-r13-305,512,512,102,6,128,0,7,7,15.0,44.0,47.5
s2b-r13,4,B,s2b-r13-306,512,512,97,0,2,0,1,1,72.0,44.0,47.5
s2b-r13,4,B,s2b-r13-307,512,512,166,6,128,0,7,7,2136.0,44.0,47.5
s2b-r13,4,B,s2b-r13-308,512,512,113,6,128,0,7,7,59.0,44.0,47.5
s2b-r13,4,B,s2b-r13-309,512,512,98,6,128,0,7,7,153.0,44.0,47.5
s2b-r13,4,B,s2b-r13-310,512,512,102,6,128,0,7,7,48.0,44.0,47.5
s2b-r13,4,B,s2b-r13-311,512,512,86,6,128,0,7,7,166.0,44.0,47.5
s2b-r13,4,B,s2b-r13-312,512,512,104,6,128,0,7,7,47.0,44.0,47.5
s2b-r13,4,B,s2b-r13-313,512,512,98,6,128,0,7,7,49.0,44.0,47.5
s2b-r13,4,B,s2b-r13-314,512,512,99,6,128,0,7,7,132.0,44.0,47.5
s2b-r13,4,B,s2b-r13-315,512,512,101,6,128,0,7,7,47.0,44.0,47.5
s2b-r13,4,B,s2b-r13-316,512,512,101,6,128,0,7,7,49.0,44.0,47.5
s2b-r13,4,B,s2b-r13-317,512,512,101,6,128,0,7,7,158.0,44.0,47.5
s2b-r13,4,B,s2b-r13-318,512,512,101,6,128,0,7,7,53.0,44.0,47.5
s2b-r13,4,B,s2b-r13-319,512,512,100,6,128,0,7,7,199.0,44.0,47.5
s2b-r13,4,B,s2b-r13-320,512,512,103,6,128,0,7,7,53.0,44.0,47.5
s2b-r13,4,B,s2b-r13-321,512,512,102,6,128,0,7,7,175.0,44.0,47.5
s2b-r13,4,B,s2b-r13-322,512,512,102,6,128,0,7,7,51.0,44.0,47.5
s2b-r13,4,B,s2b-r13-323,512,512,67,6,128,0,7,7,118.0,44.0,47.5
s2b-r13,4,B,s2b-r13-324,512,512,101,6,128,0,7,7,52.0,44.0,47.5
s2b-r13,4,B,s2b-r13-325,512,512,98,6,128,0,7,7,149.0,44.0,47.5
s2b-r13,4,B,s2b-r13-326,512,512,101,6,128,0,7,7,48.0,44.0,47.5
s2b-r13,4,B,s2b-r13-327,512,512,100,6,128,0,7,7,209.0,44.0,47.5
s2b-r13,4,B,s2b-r13-328,512,512,105,6,128,0,7,7,46.0,44.0,47.5
s2b-r13,4,B,s2b-r13-329,512,512,100,6,128,0,7,7,47.0,44.0,47.5
s2b-r13,4,B,s2b-r13-330,512,512,100,6,128,0,7,7,171.0,44.0,47.5
s2b-r13,4,B,s2b-r13-331,512,512,77,6,128,0,7,7,60.0,44.0,47.5
s2b-r13,4,B,s2b-r13-332,512,512,101,6,128,0,7,7,158.0,44.0,47.5
s2b-r13,4,B,s2b-r13-333,512,512,107,6,128,0,7,7,48.0,44.0,47.5
s2b-r13,4,B,s2b-r13-334,512,512,98,6,128,0,7,7,143.0,44.0,47.5
s2b-r13,4,B,s2b-r13-335,512,512,107,6,128,0,7,7,46.0,44.0,47.5
s2b-r13,4,B,s2b-r13-336,512,512,97,6,128,0,7,7,122.0,44.0,47.5
s2b-r13,4,B,s2b-r13-337,512,512,100,6,128,0,7,7,46.0,44.0,47.5
s2b-r13,4,B,s2b-r13-338,512,512,97,6,128,0,7,7,150.0,44.0,47.5
s2b-r13,4,B,s2b-r13-339,512,512,101,6,128,0,7,7,50.0,44.0,47.5
s2b-r13,4,B,s2b-r13-340,512,512,100,6,128,0,7,7,147.0,44.0,47.5
s2b-r13,4,B,s2b-r13-341,512,512,100,6,128,0,7,7,48.0,44.0,47.5
s2b-r13,4,B,s2b-r13-342,512,512,100,6,128,0,7,7,148.0,44.0,47.5
s2b-r13,4,B,s2b-r13-343,512,512,109,6,128,0,7,7,49.0,44.0,47.5
s2b-r13,4,B,s2b-r13-344,512,512,98,6,128,0,7,7,167.0,44.0,47.5
s2b-r13,4,B,s2b-r13-345,512,512,102,6,128,0,7,7,59.0,44.0,47.5
s2b-r13,4,B,s2b-r13-346,512,512,101,6,128,0,7,7,220.0,44.0,47.5
s2b-r13,4,B,s2b-r13-347,512,512,107,6,128,0,7,7,55.0,44.0,47.5
s2b-r13,4,B,s2b-r13-348,512,512,71,6,128,0,7,7,144.0,44.0,47.5
s2b-r13,4,B,s2b-r13-349,512,512,102,6,128,0,7,7,53.0,44.0,47.5
s2b-r13,4,B,s2b-r13-350,512,512,98,6,128,0,7,7,307.0,44.0,47.5
s2b-r13,4,B,s2b-r13-351,512,512,114,6,128,0,7,7,49.0,44.0,47.5
s2b-r13,4,B,s2b-r13-352,512,512,98,6,128,0,7,7,105.0,44.0,47.5
s2b-r13,4,B,s2b-r13-353,512,512,81,6,128,0,7,7,146.0,44.0,47.5
s2b-r13,4,B,s2b-r13-354,512,512,104,6,128,0,7,7,49.0,44.0,47.5
s2b-r13,4,B,s2b-r13-355,512,512,84,6,128,0,7,7,167.0,44.0,47.5
s2b-r13,4,B,s2b-r13-356,512,512,105,6,128,0,7,7,49.0,44.0,47.5
s2b-r13,4,B,s2b-r13-357,512,512,105,6,128,0,7,7,145.0,44.0,47.5
s2b-r13,4,B,s2b-r13-358,512,512,105,6,128,0,7,7,48.0,44.0,47.5
s2b-r13,4,B,s2b-r13-359,512,512,105,6,128,0,7,7,126.0,44.0,47.5
s2b-r13,4,B,s2b-r13-360,512,512,102,6,128,0,7,7,45.0,44.0,47.5
s2b-r13,4,B,s2b-r13-361,512,512,102,6,128,0,7,7,97.0,44.0,47.5
s2b-r13,4,B,s2b-r13-362,512,512,102,6,128,0,7,7,48.0,44.0,47.5
s2b-r13,4,B,s2b-r13-363,512,512,102,6,128,0,7,7,94.0,44.0,47.5
s2b-r13,4,B,s2b-r13-364,512,512,71,6,128,0,7,7,47.0,44.0,47.5
s2b-r13,4,B,s2b-r13-365,512,512,97,6,128,0,7,7,99.0,44.0,47.5
s2b-r13,4,B,s2b-r13-366,512,512,102,6,128,0,7,7,46.0,44.0,47.5
s2b-r13,4,B,s2b-r13-367,512,512,53,6,128,0,7,7,107.0,44.0,47.5
s2b-r13,4,B,s2b-r13-368,512,512,101,6,128,0,7,7,49.0,44.0,47.5
s2b-r13,4,B,s2b-r13-369,512,512,98,6,128,0,7,7,99.0,44.0,47.5
s2b-r13,4,B,s2b-r13-370,512,512,84,6,128,0,7,7,45.0,44.0,47.5
s2b-r13,4,B,s2b-r13-371,512,512,97,6,128,0,7,7,181.0,44.0,47.5
s2b-r13,4,B,s2b-r13-372,512,512,104,6,128,0,7,7,47.0,44.0,47.5
s2b-r13,4,B,s2b-r13-373,512,512,98,6,128,0,7,7,230.0,44.0,47.5
s2b-r13,4,B,s2b-r13-374,512,512,104,6,128,0,7,7,47.0,44.0,47.5
s2b-r13,4,B,s2b-r13-375,512,512,99,6,128,0,7,7,131.0,44.0,47.5
s2b-r13,4,B,s2b-r13-376,512,512,101,6,128,0,7,7,48.0,44.0,47.5
s2b-r13,4,B,s2b-r13-377,512,512,101,6,128,0,7,7,157.0,44.0,47.5
s2b-r13,4,B,s2b-r13-378,512,512,102,6,128,0,7,7,50.0,44.0,47.5
s2b-r13,4,B,s2b-r13-379,512,512,94,6,128,0,7,7,146.0,44.0,47.5
s2b-r13,4,B,s2b-r13-380,512,512,101,6,128,0,7,7,49.0,44.0,47.5
s2b-r13,4,B,s2b-r13-381,512,512,97,6,128,0,7,7,48.0,44.0,47.5
s2b-r13,4,B,s2b-r13-382,512,512,94,6,128,0,7,7,52.0,44.0,47.5
s2b-r13,4,B,s2b-r13-383,512,512,98,6,128,0,7,7,120.0,44.0,47.5
s2b-r13,4,B,s2b-r13-384,512,512,100,6,128,0,7,7,48.0,44.0,47.5
s2b-r13,4,B,s2b-r13-385,512,512,98,6,64,0,6,6,50.0,44.0,47.5
s2b-r13,4,B,s2b-r13-386,512,512,98,6,64,0,6,6,52.0,44.0,47.5
s2b-r13,4,B,s2b-r13-387,512,512,90,6,64,0,6,6,149.0,44.0,47.5
s2b-r13,4,B,s2b-r13-388,512,512,102,6,64,0,6,6,51.0,44.0,47.5
s2b-r13,4,B,s2b-r13-389,512,512,99,6,64,0,6,6,53.0,44.0,47.5
s2b-r13,4,B,s2b-r13-390,512,512,70,6,64,0,6,6,97.0,44.0,47.5
s2b-r13,4,B,s2b-r13-391,512,512,102,6,64,0,6,6,50.0,44.0,47.5
s2b-r13,4,B,s2b-r13-392,512,512,98,6,64,0,6,6,196.0,44.0,47.5
s2b-r13,4,B,s2b-r13-393,512,512,77,6,64,0,6,6,45.0,44.0,47.5
s2b-r13,4,B,s2b-r13-394,512,512,99,6,64,0,6,6,140.0,44.0,47.5
s2b-r13,4,B,s2b-r13-395,512,512,104,6,64,0,6,6,51.0,44.0,47.5
s2b-r13,4,B,s2b-r13-396,512,512,99,6,64,0,6,6,147.0,44.0,47.5
s2b-r13,4,B,s2b-r13-397,512,512,103,6,64,0,6,6,53.0,44.0,47.5
s2b-r13,4,B,s2b-r13-398,512,512,100,6,64,0,6,6,121.0,44.0,47.5
s2b-r13,4,B,s2b-r13-399,512,512,100,6,64,0,6,6,53.0,44.0,47.5
s2b-r13,4,B,s2b-r13-400,512,512,100,6,64,0,6,6,50.0,44.0,47.5
s2b-r13,4,B,s2b-r13-401,512,512,74,6,64,0,6,6,124.0,44.0,47.5
s2b-r13,4,B,s2b-r13-402,512,512,102,6,64,0,6,6,47.0,44.0,47.5
s2b-r13,4,B,s2b-r13-403,512,512,82,6,64,0,6,6,120.0,44.0,47.5
s2b-r13,4,B,s2b-r13-404,512,512,101,6,64,0,6,6,45.0,44.0,47.5
s2b-r13,4,B,s2b-r13-405,512,512,86,6,64,0,6,6,183.0,44.0,47.5
s2b-r13,4,B,s2b-r13-406,512,512,102,6,64,0,6,6,59.0,44.0,47.5
s2b-r13,4,B,s2b-r13-407,512,512,101,6,64,0,6,6,148.0,44.0,47.5
s2b-r13,4,B,s2b-r13-408,512,512,58,6,64,0,6,6,48.0,44.0,47.5
s2b-r13,4,B,s2b-r13-409,512,512,99,6,64,0,6,6,203.0,44.0,47.5
s2b-r13,4,B,s2b-r13-410,512,512,106,6,64,0,6,6,48.0,44.0,47.5
s2b-r13,4,B,s2b-r13-411,512,512,97,6,64,0,6,6,143.0,44.0,47.5
s2b-r13,4,B,s2b-r13-412,512,512,104,6,64,0,6,6,46.0,44.0,47.5
s2b-r13,4,B,s2b-r13-413,512,512,99,6,64,0,6,6,46.0,44.0,47.5
s2b-r13,4,B,s2b-r13-414,512,512,99,6,64,0,6,6,172.0,44.0,47.5
s2b-r13,4,B,s2b-r13-415,512,512,106,0,4,0,6,6,56.0,44.0,47.5
s2b-r13,4,B,s2b-r13-416,512,512,115,0,1,0,0,0,130.0,44.0,47.5
s2b-r13,4,B,s2b-r13-417,512,512,135,6,64,0,6,6,74.0,44.0,47.5
s2b-r13,4,B,s2b-r13-418,512,512,110,6,64,0,6,6,21.0,44.0,47.5
s2b-r13,4,B,s2b-r13-419,512,512,27,0,1,0,0,0,66.0,44.0,47.5
s2b-r13,4,B,s2b-r13-420,512,512,162,6,128,0,7,7,16.0,44.0,47.5
s2b-r13,4,B,s2b-r13-421,512,512,98,6,128,0,7,7,18.0,44.0,47.5
s2b-r13,4,B,s2b-r13-422,512,512,98,6,128,0,7,7,28.0,44.0,47.5
s2b-r13,4,B,s2b-r13-423,512,512,100,6,128,0,7,7,47.0,44.0,47.5
s2b-r13,4,B,s2b-r13-424,512,512,100,6,128,0,7,7,147.0,44.0,47.5
s2b-r13,4,B,s2b-r13-425,512,512,101,6,128,0,7,7,49.0,44.0,47.5
s2b-r13,4,B,s2b-r13-426,512,512,100,6,128,0,7,7,153.0,44.0,47.5
s2b-r13,4,B,s2b-r13-427,512,512,100,6,128,0,7,7,46.0,44.0,47.5
s2b-r13,4,B,s2b-r13-428,512,512,98,6,128,0,7,7,156.0,44.0,47.5
s2b-r13,4,B,s2b-r13-429,512,512,104,6,128,0,7,7,48.0,44.0,47.5
s2b-r13,4,B,s2b-r13-430,512,512,99,6,128,0,7,7,142.0,44.0,47.5
s2b-r13,4,B,s2b-r13-431,512,512,106,6,128,0,7,7,47.0,44.0,47.5
s2b-r13,4,B,s2b-r13-432,512,512,98,6,128,0,7,7,121.0,44.0,47.5
s2b-r13,4,B,s2b-r13-433,512,512,103,6,128,0,7,7,46.0,44.0,47.5
s2b-r13,4,B,s2b-r13-434,512,512,103,6,128,0,7,7,49.0,44.0,47.5
s2b-r13,4,B,s2b-r13-435,512,512,103,6,128,0,7,7,197.0,44.0,47.5
s2b-r13,4,B,s2b-r13-436,512,512,104,6,128,0,7,7,52.0,44.0,47.5
s2b-r13,4,B,s2b-r13-437,512,512,100,6,128,0,7,7,137.0,44.0,47.5
s2b-r13,4,B,s2b-r13-438,512,512,100,6,128,0,7,7,48.0,44.0,47.5
s2b-r13,4,B,s2b-r13-439,512,512,100,6,128,0,7,7,192.0,44.0,47.5
s2b-r13,4,B,s2b-r13-440,512,512,108,6,128,0,7,7,51.0,44.0,47.5
s2b-r13,4,B,s2b-r13-441,512,512,99,6,128,0,7,7,124.0,44.0,47.5
s2b-r13,4,B,s2b-r13-442,512,512,104,6,128,0,7,7,47.0,44.0,47.5
s2b-r13,4,B,s2b-r13-443,512,512,99,6,128,0,7,7,73.0,44.0,47.5
s2b-r13,4,B,s2b-r13-444,512,512,99,6,128,0,7,7,53.0,44.0,47.5
s2b-r13,4,B,s2b-r13-445,512,512,98,6,128,0,7,7,183.0,44.0,47.5
s2b-r13,4,B,s2b-r13-446,512,512,103,6,128,0,7,7,53.0,44.0,47.5
s2b-r13,4,B,s2b-r13-447,512,512,98,6,128,0,7,7,56.0,44.0,47.5
s2b-r13,4,B,s2b-r13-448,512,512,99,6,128,0,7,7,50.0,44.0,47.5
s2b-r13,4,B,s2b-r13-449,512,512,99,6,128,0,7,7,153.0,44.0,47.5
s2b-r13,4,B,s2b-r13-450,512,512,99,6,128,0,7,7,51.0,44.0,47.5
s2b-r13,4,B,s2b-r13-451,512,512,99,6,128,0,7,7,105.0,44.0,47.5
s2b-r13,4,B,s2b-r13-452,512,512,74,6,128,0,7,7,48.0,44.0,47.5
s2b-r13,4,B,s2b-r13-453,512,512,98,6,128,0,7,7,126.0,44.0,47.5
s2b-r13,4,B,s2b-r13-454,512,512,101,6,128,0,7,7,47.0,44.0,47.5
s2b-r13,4,B,s2b-r13-455,512,512,74,6,128,0,7,7,347.0,44.0,47.5
s2b-r13,4,B,s2b-r13-456,512,512,111,6,128,0,7,7,53.0,44.0,47.5
s2b-r13,4,B,s2b-r13-457,512,512,111,6,128,0,7,7,50.0,44.0,47.5
s2b-r13,4,B,s2b-r13-458,512,512,111,6,128,0,7,7,152.0,44.0,47.5
s2b-r13,4,B,s2b-r13-459,512,512,111,6,128,0,7,7,49.0,44.0,47.5
s2b-r13,4,B,s2b-r13-460,512,512,97,6,128,0,7,7,47.0,44.0,47.5
s2b-r13,4,B,s2b-r13-461,512,512,97,6,128,0,7,7,214.0,44.0,47.5
s2b-r13,4,B,s2b-r13-462,512,512,104,6,128,0,7,7,50.0,44.0,47.5
s2b-r13,4,B,s2b-r13-463,512,512,97,6,128,0,7,7,151.0,44.0,47.5
s2b-r13,4,B,s2b-r13-464,512,512,104,6,128,0,7,7,62.0,44.0,47.5
s2b-r13,4,B,s2b-r13-465,512,512,104,6,128,0,7,7,121.0,44.0,47.5
s2b-r13,4,B,s2b-r13-466,512,512,104,6,128,0,7,7,48.0,44.0,47.5
s2b-r13,4,B,s2b-r13-467,512,512,104,0,1,0,7,7,250.0,44.0,47.5
s2b-r13,4,B,s2b-r13-468,512,512,107,6,128,0,7,7,52.0,44.0,47.5
s2b-r13,4,B,s2b-r13-469,512,512,107,6,128,0,7,7,150.0,44.0,47.5
s2b-r13,4,B,s2b-r13-470,512,512,107,6,128,0,7,7,52.0,44.0,47.5
s2b-r13,4,B,s2b-r13-471,512,512,107,6,128,0,7,7,139.0,44.0,47.5
s2b-r13,4,B,s2b-r13-472,512,512,107,6,128,0,7,7,52.0,44.0,47.5
s2b-r13,4,B,s2b-r13-473,512,512,67,6,128,0,7,7,171.0,44.0,47.5
s2b-r13,4,B,s2b-r13-474,512,512,104,6,128,0,7,7,59.0,44.0,47.5
s2b-r13,4,B,s2b-r13-475,512,512,99,6,128,0,7,7,203.0,44.0,47.5
s2b-r13,4,B,s2b-r13-476,512,512,103,6,128,0,7,7,48.0,44.0,47.5
s2b-r13,4,B,s2b-r13-477,512,512,99,6,128,0,7,7,149.0,44.0,47.5
s2b-r13,4,B,s2b-r13-478,512,512,106,6,128,0,7,7,48.0,44.0,47.5
s2b-r13,4,B,s2b-r13-479,512,512,99,6,128,0,7,7,253.0,44.0,47.5
s2b-r13,4,B,s2b-r13-480,512,512,105,6,128,0,7,7,49.0,44.0,47.5
s2b-r13,4,B,s2b-r13-481,512,512,99,6,128,0,7,7,150.0,44.0,47.5
s2b-r13,4,B,s2b-r13-482,512,512,101,6,128,0,7,7,49.0,44.0,47.5
s2b-r13,4,B,s2b-r13-483,512,512,101,6,128,0,7,7,160.0,44.0,47.5
s2b-r13,4,B,s2b-r13-484,512,512,103,6,128,0,7,7,49.0,44.0,47.5
s2b-r13,4,B,s2b-r13-485,512,512,101,6,128,0,7,7,55.0,44.0,47.5
s2b-r13,4,B,s2b-r13-486,512,512,69,6,128,0,7,7,148.0,44.0,47.5
s2b-r13,4,B,s2b-r13-487,512,512,101,6,128,0,7,7,56.0,44.0,47.5
s2b-r13,4,B,s2b-r13-488,512,512,100,6,128,0,7,7,638.0,44.0,47.5
s2b-r13,4,B,s2b-r13-489,512,512,133,6,128,0,7,7,50.0,44.0,47.5
s2b-r13,4,B,s2b-r13-490,512,512,99,6,128,0,7,7,108.0,44.0,47.5
s2b-r13,4,B,s2b-r13-491,512,512,99,6,128,0,7,7,49.0,44.0,47.5
s2b-r13,4,B,s2b-r13-492,512,512,99,0,32,0,5,5,122.0,44.0,47.5
s2b-r13,4,B,s2b-r13-493,512,512,131,6,128,0,7,7,2147.0,44.0,47.5
s2b-r13,4,B,s2b-r13-494,512,512,116,6,128,0,7,7,67.0,44.0,47.5
s2b-r13,4,B,s2b-r13-495,512,512,116,6,128,0,7,7,79.0,44.0,47.5
s2b-r13,4,B,s2b-r13-496,512,512,116,6,128,0,7,7,51.0,44.0,47.5
s2b-r13,4,B,s2b-r13-497,512,512,116,6,128,0,7,7,146.0,44.0,47.5
s2b-r13,4,B,s2b-r13-498,512,512,63,6,128,0,7,7,49.0,44.0,47.5
s2b-r13,4,B,s2b-r13-499,512,512,99,6,128,0,7,7,196.0,44.0,47.5
s2b-r13,4,B,s2b-r13-500,512,512,107,6,128,0,7,7,49.0,44.0,47.5
s2b-r13,4,B,s2b-r13-501,512,512,34,6,128,0,7,7,152.0,44.0,47.5
s2b-r13,4,B,s2b-r13-502,512,512,102,6,128,0,7,7,51.0,44.0,47.5
s2b-r13,4,B,s2b-r13-503,512,512,100,6,128,0,7,7,145.0,44.0,47.5
s2b-r13,4,B,s2b-r13-504,512,512,86,6,128,0,7,7,49.0,44.0,47.5
s2b-r13,4,B,s2b-r13-505,512,512,98,6,128,0,7,7,49.0,44.0,47.5
s2b-r13,4,B,s2b-r13-506,512,512,98,6,128,0,7,7,147.0,44.0,47.5
s2b-r13,4,B,s2b-r13-507,512,512,102,6,128,0,7,7,65.0,44.0,47.5
s2b-r13,4,B,s2b-r13-508,512,512,99,6,128,0,7,7,169.0,44.0,47.5
s2b-r13,4,B,s2b-r13-509,512,512,105,6,128,0,7,7,53.0,44.0,47.5
s2b-r13,4,B,s2b-r13-510,512,512,99,6,128,0,7,7,58.0,44.0,47.5
s2b-r13,4,B,s2b-r13-511,512,512,78,6,128,0,7,7,178.0,44.0,47.5
s2b-r13,4,B,s2b-r13-512,512,512,107,6,128,0,7,7,53.0,44.0,47.5
s2b-r13,4,B,s2b-r13-513,512,512,107,6,128,0,7,7,47.0,44.0,47.5
s2b-r13,4,B,s2b-r13-514,512,512,107,6,128,0,7,7,161.0,44.0,47.5
s2b-r13,4,B,s2b-r13-515,512,512,107,6,128,0,7,7,50.0,44.0,47.5
s2b-r13,4,B,s2b-r13-516,512,512,71,6,128,0,7,7,126.0,44.0,47.5
s2b-r13,4,B,s2b-r13-517,512,512,100,6,128,0,7,7,54.0,44.0,47.5
s2b-r13,4,B,s2b-r13-518,512,512,87,6,128,0,7,7,216.0,44.0,47.5
s2b-r13,4,B,s2b-r13-519,512,512,104,6,128,0,7,7,51.0,44.0,47.5
s2b-r13,4,B,s2b-r13-520,512,512,104,6,128,0,7,7,49.0,44.0,47.5
s2b-r13,4,B,s2b-r13-521,512,512,104,6,128,0,7,7,158.0,44.0,47.5
s2b-r13,4,B,s2b-r13-522,512,512,106,6,128,0,7,7,52.0,44.0,47.5
s2b-r13,4,B,s2b-r13-523,512,512,104,6,128,0,7,7,146.0,44.0,47.5
s2b-r13,4,B,s2b-r13-524,512,512,101,6,128,0,7,7,50.0,44.0,47.5
s2b-r13,4,B,s2b-r13-525,512,512,101,6,128,0,7,7,190.0,44.0,47.5
s2b-r13,4,B,s2b-r13-526,512,512,104,6,128,0,7,7,52.0,44.0,47.5
s2b-r13,4,B,s2b-r13-527,512,512,101,6,128,0,7,7,130.0,44.0,47.5
s2b-r13,4,B,s2b-r13-528,512,512,103,6,128,0,7,7,51.0,44.0,47.5
s2b-r13,4,B,s2b-r13-529,512,512,103,6,128,0,7,7,131.0,44.0,47.5
s2b-r13,4,B,s2b-r13-530,512,512,103,6,128,0,7,7,48.0,44.0,47.5
s2b-r13,4,B,s2b-r13-531,512,512,103,6,128,0,7,7,151.0,44.0,47.5
s2b-r13,4,B,s2b-r13-532,512,512,107,0,32,0,5,5,59.0,44.0,47.5
s2b-r13,4,B,s2b-r13-533,512,512,156,0,2,0,1,1,49.0,44.0,47.5
s2b-r13,4,B,s2b-r13-534,512,512,15,0,32,0,1,5,114.0,44.0,47.5
s2b-r13,4,B,s2b-r13-535,512,512,156,6,128,0,7,7,52.0,44.0,47.5
s2b-r13,4,B,s2b-r13-536,512,512,56,0,1,0,0,0,47.0,44.0,47.5
s2b-r13,4,B,s2b-r13-537,512,512,152,6,128,0,7,7,72.0,44.0,47.5
s2b-r13,4,B,s2b-r13-538,512,512,99,6,128,0,7,7,19.0,44.0,47.5
s2b-r13,4,B,s2b-r13-539,512,512,101,6,128,0,7,7,22.0,44.0,47.5
s2b-r13,4,B,s2b-r13-540,512,512,98,6,128,0,7,7,151.0,44.0,47.5
s2b-r13,4,B,s2b-r13-541,512,512,103,6,128,0,7,7,48.0,44.0,47.5
s2b-r13,4,B,s2b-r13-542,512,512,103,6,128,0,7,7,135.0,44.0,47.5
s2b-r13,4,B,s2b-r13-543,512,512,103,6,128,0,7,7,49.0,44.0,47.5
s2b-r13,4,B,s2b-r13-544,512,512,103,6,128,0,7,7,166.0,44.0,47.5
s2b-r13,4,B,s2b-r13-545,512,512,79,6,128,0,7,7,52.0,44.0,47.5
s2b-r13,4,B,s2b-r13-546,512,512,100,6,128,0,7,7,181.0,44.0,47.5
s2b-r13,4,B,s2b-r13-547,512,512,90,6,128,0,7,7,58.0,44.0,47.5
s2b-r13,4,B,s2b-r13-548,512,512,100,6,128,0,7,7,125.0,44.0,47.5
s2b-r13,4,B,s2b-r13-549,512,512,103,6,128,0,7,7,54.0,44.0,47.5
s2b-r13,4,B,s2b-r13-550,512,512,100,6,128,0,7,7,160.0,44.0,47.5
s2b-r13,4,B,s2b-r13-551,512,512,104,6,128,0,7,7,54.0,44.0,47.5
s2b-r13,4,B,s2b-r13-552,512,512,99,6,128,0,7,7,69.0,44.0,47.5
s2b-r13,4,B,s2b-r13-553,512,512,103,6,128,0,7,7,54.0,44.0,47.5
s2b-r13,4,B,s2b-r13-554,512,512,99,6,128,0,7,7,49.0,44.0,47.5
s2b-r13,4,B,s2b-r13-555,512,512,99,6,128,0,7,7,123.0,44.0,47.5
s2b-r13,4,B,s2b-r13-556,512,512,102,6,128,0,7,7,49.0,44.0,47.5
s2b-r13,4,B,s2b-r13-557,512,512,102,6,128,0,7,7,153.0,44.0,47.5
s2b-r13,4,B,s2b-r13-558,512,512,102,6,128,0,7,7,54.0,44.0,47.5
s2b-r13,4,B,s2b-r13-559,512,512,102,6,128,0,7,7,166.0,44.0,47.5
s2b-r13,4,B,s2b-r13-560,512,512,108,6,128,0,7,7,61.0,44.0,47.5
s2b-r13,4,B,s2b-r13-561,512,512,108,6,128,0,7,7,169.0,44.0,47.5
s2b-r13,4,B,s2b-r13-562,512,512,108,6,128,0,7,7,50.0,44.0,47.5
s2b-r13,4,B,s2b-r13-563,512,512,108,6,128,0,7,7,152.0,44.0,47.5
s2b-r13,4,B,s2b-r13-564,512,512,108,6,128,0,7,7,55.0,44.0,47.5
s2b-r13,4,B,s2b-r13-565,512,512,71,6,128,0,7,7,209.0,44.0,47.5
s2b-r13,4,B,s2b-r13-566,512,512,104,6,128,0,7,7,48.0,44.0,47.5
s2b-r13,4,B,s2b-r13-567,512,512,98,6,128,0,7,7,146.0,44.0,47.5
s2b-r13,4,B,s2b-r13-568,512,512,101,6,128,0,7,7,49.0,44.0,47.5
s2b-r13,4,B,s2b-r13-569,512,512,74,6,128,0,7,7,213.0,44.0,47.5
s2b-r13,4,B,s2b-r13-570,512,512,105,6,128,0,7,7,56.0,44.0,47.5
s2b-r13,4,B,s2b-r13-571,512,512,100,6,128,0,7,7,148.0,44.0,47.5
s2b-r13,4,B,s2b-r13-572,512,512,96,6,128,0,7,7,49.0,44.0,47.5
s2b-r13,4,B,s2b-r13-573,512,512,98,6,128,0,7,7,310.0,44.0,47.5
s2b-r13,4,B,s2b-r13-574,512,512,115,6,128,0,7,7,49.0,44.0,47.5
s2b-r13,4,B,s2b-r13-575,512,512,103,6,128,0,7,7,145.0,44.0,47.5
s2b-r13,4,B,s2b-r13-576,512,512,104,6,128,0,7,7,49.0,44.0,47.5
s2b-r13,4,B,s2b-r13-577,512,512,98,6,128,0,7,7,269.0,44.0,47.5
s2b-r13,4,B,s2b-r13-578,512,512,108,6,128,0,7,7,49.0,44.0,47.5
s2b-r13,4,B,s2b-r13-579,512,512,98,6,128,0,7,7,130.0,44.0,47.5
s2b-r13,4,B,s2b-r13-580,512,512,102,6,128,0,7,7,70.0,44.0,47.5
s2b-r13,4,B,s2b-r13-581,512,512,52,6,128,0,7,7,160.0,44.0,47.5
s2b-r13,4,B,s2b-r13-582,512,512,103,6,128,0,7,7,57.0,44.0,47.5
s2b-r13,4,B,s2b-r13-583,512,512,100,6,128,0,7,7,198.0,44.0,47.5
s2b-r13,4,B,s2b-r13-584,512,512,100,6,128,0,7,7,47.0,44.0,47.5
s2b-r13,4,B,s2b-r13-585,512,512,101,6,128,0,7,7,158.0,44.0,47.5
s2b-r13,4,B,s2b-r13-586,512,512,109,6,128,0,7,7,55.0,44.0,47.5
s2b-r13,4,B,s2b-r13-587,512,512,104,6,128,0,7,7,53.0,44.0,47.5
s2b-r13,4,B,s2b-r13-588,512,512,101,6,128,0,7,7,147.0,44.0,47.5
s2b-r13,4,B,s2b-r13-589,512,512,107,6,128,0,7,7,53.0,44.0,47.5
s2b-r13,4,B,s2b-r13-590,512,512,107,6,128,0,7,7,29.0,44.0,47.5
s2b-r13,4,B,s2b-r13-591,512,512,107,0,1,0,0,0,85.0,44.0,47.5
s2b-r14,4,A,s2b-r14-0,,,89,0,16,0,4,4,24.0,45.5,52.1
s2b-r14,4,A,s2b-r14-1,0,0,187,0,16,0,4,4,24.0,45.5,52.1
s2b-r14,4,A,s2b-r14-2,0,0,96,0,2,0,1,1,37.0,45.5,52.1
s2b-r14,4,A,s2b-r14-3,0,0,148,0,4,0,2,2,70.0,45.5,52.1
s2b-r14,4,A,s2b-r14-4,0,0,96,0,1,0,0,0,101.0,45.5,52.1
s2b-r14,4,A,s2b-r14-5,0,0,125,0,4,0,2,2,82.0,45.5,52.1
s2b-r14,4,A,s2b-r14-6,0,0,125,0,1,0,0,0,43.0,45.5,52.1
s2b-r14,4,A,s2b-r14-7,0,0,7,0,1,0,0,0,41.0,45.5,52.1
s2b-r14,4,A,s2b-r14-8,0,0,7,0,2,0,1,1,203.0,45.5,52.1
s2b-r14,4,A,s2b-r14-9,0,0,62,0,1,0,0,0,73.0,45.5,52.1
s2b-r14,4,A,s2b-r14-10,0,0,123,0,2,0,1,1,33.0,45.5,52.1
s2b-r14,4,A,s2b-r14-11,0,0,98,0,8,0,3,3,88.0,45.5,52.1
s2b-r14,4,A,s2b-r14-12,0,0,149,0,8,0,3,3,53.0,45.5,52.1
s2b-r14,4,A,s2b-r14-13,0,0,150,0,8,0,3,3,185.0,45.5,52.1
s2b-r14,4,A,s2b-r14-14,0,0,157,0,2,0,1,1,36.0,45.5,52.1
s2b-r14,4,A,s2b-r14-15,0,0,151,0,2,0,1,1,43.0,45.5,52.1
s2b-r14,4,A,s2b-r14-16,0,0,125,0,2,0,1,1,80.0,45.5,52.1
s2b-r14,4,A,s2b-r14-17,0,0,100,0,2,0,1,1,102.0,45.5,52.1
s2b-r14,4,A,s2b-r14-18,0,0,103,0,2,0,1,1,47.0,45.5,52.1
s2b-r14,4,A,s2b-r14-19,0,0,0,0,1,0,0,0,53.0,45.5,52.1
s2b-r14,4,A,s2b-r14-20,0,0,159,0,32,0,5,5,27.0,45.5,52.1
s2b-r14,4,A,s2b-r14-21,0,0,159,0,16,0,4,4,38.0,45.5,52.1
s2b-r14,4,A,s2b-r14-22,0,0,36,0,2,0,1,1,62.0,45.5,52.1
s2b-r14,4,A,s2b-r14-23,0,0,4,0,2,0,1,1,60.0,45.5,52.1
s2b-r14,4,A,s2b-r14-24,0,0,153,0,16,0,5,5,524.0,45.5,52.1
s2b-r14,4,A,s2b-r14-25,0,0,171,0,8,0,3,3,19.0,45.5,52.1
s2b-r14,4,A,s2b-r14-26,0,0,154,0,4,0,2,2,39.0,45.5,52.1
s2b-r14,4,A,s2b-r14-27,0,0,19,0,4,0,2,2,107.0,45.5,52.1
s2b-r14,4,A,s2b-r14-28,0,0,71,0,4,0,2,2,110.0,45.5,52.1
s2b-r14,4,A,s2b-r14-29,0,0,125,0,16,0,0,4,89.0,45.5,52.1
s2b-r14,4,A,s2b-r14-30,0,0,167,0,2,0,1,1,20.0,45.5,52.1
s2b-r14,4,A,s2b-r14-31,0,0,167,0,2,0,1,1,17.0,45.5,52.1
s2b-r14,4,A,s2b-r14-32,0,0,167,0,2,0,1,1,34.0,45.5,52.1
s2b-r14,4,A,s2b-r14-33,0,0,153,0,32,0,5,5,38.0,45.5,52.1
s2b-r14,4,A,s2b-r14-34,0,0,91,0,32,0,5,5,72.0,45.5,52.1
s2b-r14,4,A,s2b-r14-35,0,0,70,0,1,0,0,0,98.0,45.5,52.1
s2b-r14,4,A,s2b-r14-36,0,0,89,0,16,0,4,4,64.0,45.5,52.1
s2b-r14,4,A,s2b-r14-37,0,0,113,0,16,0,4,4,110.0,45.5,52.1
s2b-r14,4,A,s2b-r14-38,0,0,47,0,16,0,4,4,112.0,45.5,52.1
s2b-r14,4,A,s2b-r14-39,0,0,93,0,16,0,4,4,198.0,45.5,52.1
s2b-r14,4,A,s2b-r14-40,0,0,47,0,2,0,1,1,32.0,45.5,52.1
s2b-r14,4,A,s2b-r14-41,0,0,51,0,4,0,2,2,18.0,45.5,52.1
s2b-r14,4,A,s2b-r14-42,0,0,150,0,4,0,2,2,15.0,45.5,52.1
s2b-r14,4,A,s2b-r14-43,0,0,106,0,4,0,2,2,80.0,45.5,52.1
s2b-r14,4,A,s2b-r14-44,0,0,110,0,4,0,2,2,68.0,45.5,52.1
s2b-r14,4,A,s2b-r14-45,0,0,42,0,16,0,4,4,58.0,45.5,52.1
s2b-r14,4,A,s2b-r14-46,0,0,63,0,16,0,4,4,101.0,45.5,52.1
s2b-r14,4,A,s2b-r14-47,0,0,103,0,1,0,0,0,90.0,45.5,52.1
s2b-r14,4,A,s2b-r14-48,0,0,63,0,32,0,5,5,74.0,45.5,52.1
s2b-r14,4,A,s2b-r14-49,0,0,78,0,32,0,5,5,25.0,45.5,52.1
s2b-r14,4,A,s2b-r14-50,0,0,154,0,32,0,5,5,170.0,45.5,52.1
s2b-r14,4,A,s2b-r14-51,0,0,185,0,32,0,5,5,36.0,45.5,52.1
s2b-r14,4,A,s2b-r14-52,0,0,140,0,32,0,5,5,27.0,45.5,52.1
s2b-r14,4,A,s2b-r14-53,0,0,87,0,32,0,5,5,39.0,45.5,52.1
s2b-r14,4,A,s2b-r14-54,0,0,87,0,32,0,5,5,110.0,45.5,52.1
s2b-r14,4,A,s2b-r14-55,0,0,35,0,32,0,5,5,80.0,45.5,52.1
s2b-r14,4,A,s2b-r14-56,0,0,36,0,32,0,5,5,64.0,45.5,52.1
s2b-r14,4,A,s2b-r14-57,0,0,83,0,32,0,5,5,107.0,45.5,52.1
s2b-r14,4,A,s2b-r14-58,0,0,140,0,32,0,5,5,388.0,45.5,52.1
s2b-r14,4,A,s2b-r14-59,0,0,165,0,32,0,5,5,46.0,45.5,52.1
s2b-r14,4,A,s2b-r14-60,0,0,136,0,8,0,5,1,2022.0,45.5,52.1
s2b-r14,4,A,s2b-r14-61,0,0,149,0,16,0,4,4,30.0,45.5,52.1
s2b-r14,4,A,s2b-r14-62,0,0,155,0,2,0,1,1,116.0,45.5,52.1
s2b-r14,4,A,s2b-r14-63,0,0,151,0,16,0,4,4,53.0,45.5,52.1
s2b-r14,4,A,s2b-r14-64,0,0,156,0,4,0,2,2,64.0,45.5,52.1
s2b-r14,4,A,s2b-r14-65,0,0,159,0,2,0,1,1,37.0,45.5,52.1
s2b-r14,4,A,s2b-r14-66,0,0,157,0,1,0,5,5,36.0,45.5,52.1
s2b-r14,4,A,s2b-r14-67,0,0,157,0,16,0,4,4,78.0,45.5,52.1
s2b-r14,4,A,s2b-r14-68,0,0,157,0,16,0,4,4,68.0,45.5,52.1
s2b-r14,4,A,s2b-r14-69,0,0,106,0,16,0,4,4,103.0,45.5,52.1
s2b-r14,4,A,s2b-r14-70,0,0,115,0,2,0,4,1,81.0,45.5,52.1
s2b-r14,4,A,s2b-r14-71,0,0,115,0,2,0,1,1,27.0,45.5,52.1
s2b-r14,4,A,s2b-r14-72,0,0,149,0,2,0,1,1,24.0,45.5,52.1
s2b-r14,4,A,s2b-r14-73,0,0,151,0,32,0,5,5,53.0,45.5,52.1
s2b-r14,4,A,s2b-r14-74,0,0,151,0,16,0,4,4,45.0,45.5,52.1
s2b-r14,4,A,s2b-r14-75,0,0,28,0,1,0,4,4,259.0,45.5,52.1
s2b-r14,4,A,s2b-r14-76,0,0,4,0,16,0,4,4,30.0,45.5,52.1
s2b-r14,4,A,s2b-r14-77,0,0,154,0,16,0,4,4,88.0,45.5,52.1
s2b-r14,4,A,s2b-r14-78,0,0,154,0,16,0,4,4,36.0,45.5,52.1
s2b-r14,4,A,s2b-r14-79,0,0,154,0,16,0,4,4,74.0,45.5,52.1
s2b-r14,4,A,s2b-r14-80,0,0,153,0,16,0,4,4,103.0,45.5,52.1
s2b-r14,4,A,s2b-r14-81,0,0,109,0,16,0,4,4,267.0,45.5,52.1
s2b-r14,4,A,s2b-r14-82,0,0,109,0,16,0,4,4,73.0,45.5,52.1
s2b-r14,4,A,s2b-r14-83,0,0,12,0,1,0,0,0,23.0,45.5,52.1
s2b-r14,4,A,s2b-r14-84,0,0,167,0,1,0,0,0,13.0,45.5,52.1
s2b-r14,4,A,s2b-r14-85,0,0,13,0,1,0,0,0,24.0,45.5,52.1
s2b-r14,4,A,s2b-r14-86,0,0,161,0,1,0,0,0,16.0,45.5,52.1
s2b-r14,4,A,s2b-r14-87,0,0,176,0,1,0,0,0,17.0,45.5,52.1
s2b-r14,4,A,s2b-r14-88,0,0,161,0,1,0,0,0,43.0,45.5,52.1
s2b-r14,4,A,s2b-r14-89,0,0,23,0,2,0,1,1,194.0,45.5,52.1
s2b-r14,4,A,s2b-r14-90,0,0,75,0,2,0,1,1,80.0,45.5,52.1
s2b-r14,4,A,s2b-r14-91,0,0,107,0,2,0,1,1,26.0,45.5,52.1
s2b-r14,4,A,s2b-r14-92,0,0,149,0,1,0,0,0,23.0,45.5,52.1
s2b-r14,4,A,s2b-r14-93,0,0,158,0,32,0,5,5,63.0,45.5,52.1
s2b-r14,4,A,s2b-r14-94,0,0,76,0,16,0,5,4,213.0,45.5,52.1
s2b-r14,4,A,s2b-r14-95,0,0,21,0,1,0,4,4,85.0,45.5,52.1
s2b-r14,4,A,s2b-r14-96,0,0,157,0,16,0,4,4,37.0,45.5,52.1
s2b-r14,4,A,s2b-r14-97,0,0,108,0,16,0,4,4,87.0,45.5,52.1
s2b-r14,4,A,s2b-r14-98,0,0,108,0,16,0,4,4,84.0,45.5,52.1
s2b-r14,4,A,s2b-r14-99,0,0,31,0,32,0,5,5,52.0,45.5,52.1
s2b-r14,4,A,s2b-r14-100,0,0,31,0,1,0,0,0,98.0,45.5,52.1
s2b-r14,4,A,s2b-r14-101,0,0,71,0,16,0,4,4,64.0,45.5,52.1
s2b-r14,4,A,s2b-r14-102,0,0,96,0,16,0,4,4,30.0,45.5,52.1
s2b-r14,4,A,s2b-r14-103,0,0,156,0,16,0,4,4,66.0,45.5,52.1
s2b-r14,4,A,s2b-r14-104,0,0,156,0,16,0,4,4,39.0,45.5,52.1
s2b-r14,4,A,s2b-r14-105,0,0,104,0,2,0,1,1,60.0,45.5,52.1
s2b-r14,4,A,s2b-r14-106,0,0,104,0,32,0,5,5,43.0,45.5,52.1
s2b-r14,4,A,s2b-r14-107,0,0,104,0,2,0,1,1,77.0,45.5,52.1
s2b-r14,4,A,s2b-r14-108,0,0,78,0,2,0,1,1,102.0,45.5,52.1
s2b-r14,4,A,s2b-r14-109,0,0,140,0,2,0,1,1,97.0,45.5,52.1
s2b-r14,4,A,s2b-r14-110,0,0,85,0,1,0,0,0,87.0,45.5,52.1
s2b-r14,4,A,s2b-r14-111,0,0,158,0,16,0,4,4,47.0,45.5,52.1
s2b-r14,4,A,s2b-r14-112,0,0,158,0,2,0,4,1,234.0,45.5,52.1
s2b-r14,4,A,s2b-r14-113,0,0,150,0,2,0,1,1,29.0,45.5,52.1
s2b-r14,4,A,s2b-r14-114,0,0,17,0,16,0,4,4,47.0,45.5,52.1
s2b-r14,4,A,s2b-r14-115,0,0,154,0,32,0,5,5,28.0,45.5,52.1
s2b-r14,4,A,s2b-r14-116,0,0,146,0,32,0,5,5,34.0,45.5,52.1
s2b-r14,4,A,s2b-r14-117,0,0,79,0,32,0,5,5,107.0,45.5,52.1
s2b-r14,4,A,s2b-r14-118,0,0,11,0,32,0,5,5,49.0,45.5,52.1
s2b-r14,4,A,s2b-r14-119,0,0,35,0,32,0,5,5,58.0,45.5,52.1
s2b-r14,4,A,s2b-r14-120,0,0,82,0,16,0,4,4,76.0,45.5,52.1
s2b-r14,4,A,s2b-r14-121,0,0,139,0,2,0,1,1,116.0,45.5,52.1
s2b-r14,4,A,s2b-r14-122,0,0,100,0,2,0,1,1,17.0,45.5,52.1
s2b-r14,4,A,s2b-r14-123,0,0,149,0,32,0,5,5,27.0,45.5,52.1
s2b-r14,4,A,s2b-r14-124,0,0,137,0,32,0,5,5,28.0,45.5,52.1
s2b-r14,4,A,s2b-r14-125,0,0,23,0,16,0,4,4,53.0,45.5,52.1
s2b-r14,4,A,s2b-r14-126,0,0,76,0,16,0,4,4,108.0,45.5,52.1
s2b-r14,4,A,s2b-r14-127,0,0,76,0,32,0,5,5,73.0,45.5,52.1
s2b-r14,4,A,s2b-r14-128,0,0,71,0,32,0,5,5,50.0,45.5,52.1
s2b-r14,4,A,s2b-r14-129,0,0,123,0,32,0,5,5,43.0,45.5,52.1
s2b-r14,4,A,s2b-r14-130,0,0,121,0,2,0,5,1,861.0,45.5,52.1
s2b-r14,4,A,s2b-r14-131,0,0,58,0,4,0,2,2,33.0,45.5,52.1
s2b-r14,4,A,s2b-r14-132,0,0,170,0,16,0,2,3,35.0,45.5,52.1
s2b-r14,4,A,s2b-r14-133,0,0,170,0,8,0,3,3,40.0,45.5,52.1
s2b-r14,4,A,s2b-r14-134,0,0,149,0,8,0,3,3,108.0,45.5,52.1
s2b-r14,4,A,s2b-r14-135,0,0,103,0,2,0,0,1,108.0,45.5,52.1
s2b-r14,4,A,s2b-r14-136,0,0,103,0,32,0,5,5,79.0,45.5,52.1
s2b-r14,4,A,s2b-r14-137,0,0,116,0,16,0,4,4,79.0,45.5,52.1
s2b-r14,4,A,s2b-r14-138,0,0,116,0,16,0,4,4,94.0,45.5,52.1
s2b-r14,4,A,s2b-r14-139,0,0,118,0,16,0,4,4,167.0,45.5,52.1
s2b-r14,4,A,s2b-r14-140,0,0,118,0,32,0,4,4,40.0,45.5,52.1
s2b-r14,4,A,s2b-r14-141,0,0,151,0,16,0,4,4,28.0,45.5,52.1
s2b-r14,4,A,s2b-r14-142,0,0,151,0,2,0,1,1,26.0,45.5,52.1
s2b-r14,4,A,s2b-r14-143,0,0,126,0,2,0,1,1,22.0,45.5,52.1
s2b-r14,4,A,s2b-r14-144,0,0,153,0,2,0,1,1,29.0,45.5,52.1
s2b-r14,4,A,s2b-r14-145,0,0,153,0,2,0,1,1,29.0,45.5,52.1
s2b-r14,4,A,s2b-r14-146,0,0,11,0,16,0,1,5,358.0,45.5,52.1
s2b-r14,4,A,s2b-r14-147,0,0,86,0,4,0,2,2,102.0,45.5,52.1
s2b-r14,4,A,s2b-r14-148,0,0,125,0,4,0,2,2,26.0,45.5,52.1
s2b-r14,4,A,s2b-r14-149,0,0,147,0,4,0,2,2,33.0,45.5,52.1
s2b-r14,4,A,s2b-r14-150,0,0,125,0,1,0,0,0,104.0,45.5,52.1
s2b-r14,4,A,s2b-r14-151,0,0,101,0,16,0,4,4,52.0,45.5,52.1
s2b-r14,4,A,s2b-r14-152,0,0,156,0,16,0,4,4,22.0,45.5,52.1
s2b-r14,4,A,s2b-r14-153,0,0,64,0,16,0,4,4,30.0,45.5,52.1
s2b-r14,4,A,s2b-r14-154,0,0,147,0,16,0,4,4,49.0,45.5,52.1
s2b-r14,4,A,s2b-r14-155,0,0,2,0,32,0,5,5,139.0,45.5,52.1
s2b-r14,4,A,s2b-r14-156,0,0,68,0,8,0,3,3,70.0,45.5,52.1
s2b-r14,4,A,s2b-r14-157,0,0,89,0,8,0,3,3,75.0,45.5,52.1
s2b-r14,4,A,s2b-r14-158,0,0,93,0,8,0,3,3,23.0,45.5,52.1
s2b-r14,4,A,s2b-r14-159,0,0,51,0,16,0,4,4,205.0,45.5,52.1
s2b-r14,4,A,s2b-r14-160,0,0,51,0,32,0,5,5,111.0,45.5,52.1
s2b-r14,4,A,s2b-r14-161,0,0,76,0,32,0,5,5,68.0,45.5,52.1
s2b-r14,4,A,s2b-r14-162,0,0,78,0,2,0,1,1,27.0,45.5,52.1
s2b-r14,4,A,s2b-r14-163,0,0,67,0,2,0,1,1,35.0,45.5,52.1
s2b-r14,4,A,s2b-r14-164,0,0,149,0,2,0,1,1,26.0,45.5,52.1
s2b-r14,4,A,s2b-r14-165,0,0,149,0,2,0,1,1,35.0,45.5,52.1
s2b-r14,4,A,s2b-r14-166,0,0,93,0,2,0,1,1,202.0,45.5,52.1
s2b-r14,4,A,s2b-r14-167,0,0,162,0,32,0,5,5,29.0,45.5,52.1
s2b-r14,4,A,s2b-r14-168,0,0,162,0,32,0,5,5,53.0,45.5,52.1
s2b-r14,4,A,s2b-r14-169,0,0,22,0,2,0,1,1,51.0,45.5,52.1
s2b-r14,4,A,s2b-r14-170,0,0,24,0,2,0,1,1,43.0,45.5,52.1
s2b-r14,4,A,s2b-r14-171,0,0,24,0,16,0,4,4,108.0,45.5,52.1
s2b-r14,4,A,s2b-r14-172,0,0,70,0,2,0,1,1,79.0,45.5,52.1
s2b-r14,4,A,s2b-r14-173,0,0,141,0,1,0,0,0,33.0,45.5,52.1
s2b-r14,4,A,s2b-r14-174,0,0,156,0,2,0,1,1,27.0,45.5,52.1
s2b-r14,4,A,s2b-r14-175,0,0,6,0,1,0,0,0,23.0,45.5,52.1
s2b-r14,4,A,s2b-r14-176,0,0,148,0,16,0,4,4,28.0,45.5,52.1
s2b-r14,4,A,s2b-r14-177,0,0,41,0,16,0,4,4,18.0,45.5,52.1
s2b-r14,4,A,s2b-r14-178,0,0,149,0,32,0,5,5,18.0,45.5,52.1
s2b-r14,4,A,s2b-r14-179,0,0,130,0,1,0,0,0,29.0,45.5,52.1
s2b-r14,4,A,s2b-r14-180,0,0,73,0,1,0,0,0,53.0,45.5,52.1
s2b-r14,4,A,s2b-r14-181,0,0,119,0,16,0,4,4,48.0,45.5,52.1
s2b-r14,4,A,s2b-r14-182,0,0,141,0,1,0,0,0,74.0,45.5,52.1
s2b-r14,4,A,s2b-r14-183,0,0,119,0,2,0,1,1,36.0,45.5,52.1
s2b-r14,4,A,s2b-r14-184,0,0,163,0,32,0,0,5,149.0,45.5,52.1
s2b-r14,4,A,s2b-r14-185,0,0,163,0,32,0,5,5,25.0,45.5,52.1
s2b-r14,4,A,s2b-r14-186,0,0,108,0,32,0,5,5,59.0,45.5,52.1
s2b-r14,4,A,s2b-r14-187,0,0,51,0,2,0,1,1,52.0,45.5,52.1
s2b-r14,4,A,s2b-r14-188,0,0,76,0,2,0,1,1,120.0,45.5,52.1
s2b-r14,4,A,s2b-r14-189,0,0,25,0,16,0,4,4,109.0,45.5,52.1
s2b-r14,4,A,s2b-r14-190,0,0,88,0,2,0,1,1,41.0,45.5,52.1
s2b-r14,4,A,s2b-r14-191,0,0,90,0,1,0,0,0,67.0,45.5,52.1
s2b-r14,4,A,s2b-r14-192,0,0,85,0,32,0,5,5,59.0,45.5,52.1
s2b-r14,4,A,s2b-r14-193,0,0,85,0,1,0,5,0,378.0,45.5,52.1
s2b-r14,4,A,s2b-r14-194,0,0,92,0,16,0,4,4,18.0,45.5,52.1
s2b-r14,4,A,s2b-r14-195,0,0,152,0,16,0,4,4,29.0,45.5,52.1
s2b-r14,4,A,s2b-r14-196,0,0,152,0,16,0,4,4,104.0,45.5,52.1
s2b-r14,4,A,s2b-r14-197,0,0,42,0,16,0,4,4,86.0,45.5,52.1
s2b-r14,4,A,s2b-r14-198,0,0,78,0,2,0,1,1,158.0,45.5,52.1
s2b-r14,4,A,s2b-r14-199,0,0,104,0,2,0,1,1,65.0,45.5,52.1
s2b-r14,4,A,s2b-r14-200,0,0,113,0,2,0,5,1,144.0,45.5,52.1
s2b-r14,4,A,s2b-r14-201,0,0,113,0,32,0,1,5,129.0,45.5,52.1
s2b-r14,4,A,s2b-r14-202,0,0,109,0,32,0,5,5,56.0,45.5,52.1
s2b-r14,4,A,s2b-r14-203,0,0,109,0,2,0,5,4,32.0,45.5,52.1
s2b-r14,4,A,s2b-r14-204,0,0,150,0,16,0,4,4,19.0,45.5,52.1
s2b-r14,4,A,s2b-r14-205,0,0,150,0,16,0,4,4,14.0,45.5,52.1
s2b-r14,4,A,s2b-r14-206,0,0,154,0,2,0,1,1,102.0,45.5,52.1
s2b-r14,4,A,s2b-r14-207,0,0,108,0,32,0,5,5,103.0,45.5,52.1
s2b-r14,4,A,s2b-r14-208,0,0,108,0,16,0,4,4,81.0,45.5,52.1
s2b-r14,4,A,s2b-r14-209,0,0,121,0,32,0,5,5,63.0,45.5,52.1
s2b-r14,4,A,s2b-r14-210,0,0,121,0,32,0,5,5,43.0,45.5,52.1
s2b-r14,4,A,s2b-r14-211,0,0,140,0,2,0,1,1,62.0,45.5,52.1
s2b-r14,4,A,s2b-r14-212,0,0,140,0,2,0,1,1,28.0,45.5,52.1
s2b-r14,4,A,s2b-r14-213,0,0,81,0,2,0,1,1,69.0,45.5,52.1
s2b-r14,4,A,s2b-r14-214,0,0,92,0,32,0,1,1,27.0,45.5,52.1
s2b-r14,4,A,s2b-r14-215,0,0,154,0,32,0,5,5,38.0,45.5,52.1
s2b-r14,4,A,s2b-r14-216,0,0,154,0,32,0,5,5,71.0,45.5,52.1
s2b-r14,4,A,s2b-r14-217,0,0,139,0,32,0,5,5,92.0,45.5,52.1
s2b-r14,4,A,s2b-r14-218,0,0,151,0,32,0,5,5,104.0,45.5,52.1
s2b-r14,4,A,s2b-r14-219,0,0,59,0,32,0,5,5,67.0,45.5,52.1
s2b-r14,4,A,s2b-r14-220,0,0,146,0,32,0,5,5,102.0,45.5,52.1
s2b-r14,4,A,s2b-r14-221,0,0,155,0,32,0,5,5,53.0,45.5,52.1
s2b-r14,4,A,s2b-r14-222,0,0,61,0,32,0,5,5,69.0,45.5,52.1
s2b-r14,4,A,s2b-r14-223,0,0,106,0,32,0,5,5,28.0,45.5,52.1
s2b-r14,4,A,s2b-r14-224,0,0,155,0,1,0,0,0,29.0,45.5,52.1
s2b-r14,4,A,s2b-r14-225,0,0,119,0,8,0,3,3,58.0,45.5,52.1
s2b-r14,4,A,s2b-r14-226,0,0,101,0,8,0,3,3,70.0,45.5,52.1
s2b-r14,4,A,s2b-r14-227,0,0,101,0,1,0,0,0,120.0,45.5,52.1
s2b-r14,4,A,s2b-r14-228,0,0,88,0,16,0,4,4,52.0,45.5,52.1
s2b-r14,4,A,s2b-r14-229,0,0,123,0,2,0,1,1,28.0,45.5,52.1
s2b-r14,4,A,s2b-r14-230,0,0,151,0,2,0,1,1,50.0,45.5,52.1
s2b-r14,4,A,s2b-r14-231,0,0,100,0,1,0,0,4,201.0,45.5,52.1
s2b-r14,4,A,s2b-r14-232,0,0,150,0,1,0,0,0,40.0,45.5,52.1
s2b-r14,4,A,s2b-r14-233,0,0,161,0,1,0,0,0,25.0,45.5,52.1
s2b-r14,4,A,s2b-r14-234,0,0,141,0,16,0,4,4,26.0,45.5,52.1
s2b-r14,4,A,s2b-r14-235,0,0,168,0,2,0,1,1,22.0,45.5,52.1
s2b-r14,4,A,s2b-r14-236,0,0,149,0,2,0,1,1,20.0,45.5,52.1
s2b-r14,4,A,s2b-r14-237,0,0,83,0,2,0,1,1,101.0,45.5,52.1
s2b-r14,4,A,s2b-r14-238,0,0,27,0,2,0,1,1,63.0,45.5,52.1
s2b-r14,4,A,s2b-r14-239,0,0,41,0,1,0,0,0,35.0,45.5,52.1
s2b-r14,4,A,s2b-r14-240,0,0,2,0,32,0,5,5,101.0,45.5,52.1
s2b-r14,4,A,s2b-r14-241,0,0,62,0,2,0,1,1,135.0,45.5,52.1
s2b-r14,4,A,s2b-r14-242,0,0,125,0,2,0,1,1,75.0,45.5,52.1
s2b-r14,4,A,s2b-r14-243,0,0,125,0,2,0,1,1,77.0,45.5,52.1
s2b-r14,4,A,s2b-r14-244,0,0,64,0,16,0,4,4,31.0,45.5,52.1
s2b-r14,4,A,s2b-r14-245,0,0,153,0,32,0,5,5,21.0,45.5,52.1
s2b-r14,4,A,s2b-r14-246,0,0,156,0,32,0,5,5,27.0,45.5,52.1
s2b-r14,4,A,s2b-r14-247,0,0,64,0,32,0,5,5,53.0,45.5,52.1
s2b-r14,4,A,s2b-r14-248,0,0,148,0,32,0,5,5,64.0,45.5,52.1
s2b-r14,4,A,s2b-r14-249,0,0,104,0,32,0,5,5,227.0,45.5,52.1
s2b-r14,4,A,s2b-r14-250,0,0,104,0,32,0,5,5,101.0,45.5,52.1
s2b-r14,4,A,s2b-r14-251,0,0,112,0,32,0,5,5,60.0,45.5,52.1
s2b-r14,4,A,s2b-r14-252,0,0,38,0,32,0,5,5,108.0,45.5,52.1
s2b-r14,4,A,s2b-r14-253,0,0,87,0,1,0,0,0,66.0,45.5,52.1
s2b-r14,4,A,s2b-r14-254,0,0,101,0,1,0,0,0,33.0,45.5,52.1
s2b-r14,4,A,s2b-r14-255,0,0,168,0,32,0,0,5,209.0,45.5,52.1
s2b-r14,4,A,s2b-r14-256,0,0,170,0,1,0,0,0,15.0,45.5,52.1
s2b-r14,4,A,s2b-r14-257,0,0,6,0,1,0,0,0,55.0,45.5,52.1
s2b-r14,4,A,s2b-r14-258,0,0,61,0,4,0,2,2,65.0,45.5,52.1
s2b-r14,4,A,s2b-r14-259,0,0,95,0,4,0,2,2,108.0,45.5,52.1
s2b-r14,4,A,s2b-r14-260,0,0,95,0,16,0,4,4,84.0,45.5,52.1
s2b-r14,4,A,s2b-r14-261,0,0,73,0,32,0,1,5,128.0,45.5,52.1
s2b-r14,4,A,s2b-r14-262,0,0,143,0,32,0,5,5,29.0,45.5,52.1
s2b-r14,4,A,s2b-r14-263,0,0,149,0,1,0,0,0,51.0,45.5,52.1
s2b-r14,4,A,s2b-r14-264,0,0,122,0,8,0,3,3,51.0,45.5,52.1
s2b-r14,4,A,s2b-r14-265,0,0,122,0,1,0,0,0,31.0,45.5,52.1
s2b-r14,4,A,s2b-r14-266,0,0,155,0,1,0,0,0,13.0,45.5,52.1
s2b-r14,4,A,s2b-r14-267,0,0,121,0,1,0,0,0,48.0,45.5,52.1
s2b-r14,4,A,s2b-r14-268,0,0,121,0,1,0,0,0,15.0,45.5,52.1
s2b-r14,4,A,s2b-r14-269,0,0,155,0,16,0,4,4,108.0,45.5,52.1
s2b-r14,4,A,s2b-r14-270,0,0,155,0,16,0,4,4,60.0,45.5,52.1
s2b-r14,4,A,s2b-r14-271,0,0,21,0,32,0,5,5,48.0,45.5,52.1
s2b-r14,4,A,s2b-r14-272,0,0,33,0,2,0,1,1,49.0,45.5,52.1
s2b-r14,4,A,s2b-r14-273,0,0,126,0,16,0,4,4,36.0,45.5,52.1
s2b-r14,4,A,s2b-r14-274,0,0,202,0,1,0,0,0,23.0,45.5,52.1
s2b-r14,4,A,s2b-r14-275,0,0,126,0,16,0,4,4,108.0,45.5,52.1
s2b-r14,4,A,s2b-r14-276,0,0,21,0,16,0,4,4,113.0,45.5,52.1
s2b-r14,4,A,s2b-r14-277,0,0,77,0,2,0,1,1,94.0,45.5,52.1
s2b-r14,4,A,s2b-r14-278,0,0,139,0,32,0,5,5,89.0,45.5,52.1
s2b-r14,4,A,s2b-r14-279,0,0,150,0,32,0,5,5,106.0,45.5,52.1
s2b-r14,4,A,s2b-r14-280,0,0,93,0,16,0,4,4,230.0,45.5,52.1
s2b-r14,4,A,s2b-r14-281,0,0,125,0,2,0,1,1,170.0,45.5,52.1
s2b-r14,4,A,s2b-r14-282,0,0,125,0,1,0,0,0,21.0,45.5,52.1
s2b-r14,4,A,s2b-r14-283,0,0,154,0,1,0,0,0,23.0,45.5,52.1
s2b-r14,4,A,s2b-r14-284,0,0,166,0,16,0,4,4,30.0,45.5,52.1
s2b-r14,4,A,s2b-r14-285,0,0,65,0,16,0,4,4,81.0,45.5,52.1
s2b-r14,4,A,s2b-r14-286,0,0,62,0,16,0,4,4,111.0,45.5,52.1
s2b-r14,4,A,s2b-r14-287,0,0,121,0,16,0,4,4,83.0,45.5,52.1
s2b-r14,4,A,s2b-r14-288,0,0,62,0,16,0,4,4,60.0,45.5,52.1
s2b-r14,4,A,s2b-r14-289,0,0,16,0,16,0,4,4,113.0,45.5,52.1
s2b-r14,4,A,s2b-r14-290,0,0,71,0,1,0,4,4,182.0,45.5,52.1
s2b-r14,4,A,s2b-r14-291,0,0,157,0,16,0,4,4,85.0,45.5,52.1
s2b-r14,4,A,s2b-r14-292,0,0,157,0,16,0,4,4,28.0,45.5,52.1
s2b-r14,4,A,s2b-r14-293,0,0,33,0,2,0,1,1,29.0,45.5,52.1
s2b-r14,4,A,s2b-r14-294,0,0,0,0,16,0,4,4,120.0,45.5,52.1
s2b-r14,4,A,s2b-r14-295,0,0,32,0,16,0,5,4,275.0,45.5,52.1
s2b-r14,4,A,s2b-r14-296,0,0,164,0,32,0,5,5,57.0,45.5,52.1
s2b-r14,4,A,s2b-r14-297,0,0,164,0,32,0,5,5,112.0,45.5,52.1
s2b-r14,4,A,s2b-r14-298,0,0,112,0,2,0,1,1,108.0,45.5,52.1
s2b-r14,4,A,s2b-r14-299,0,0,112,0,2,0,1,1,148.0,45.5,52.1
s2b-r14,4,A,s2b-r14-300,0,0,166,0,2,0,1,1,47.0,45.5,52.1
s2b-r14,4,A,s2b-r14-301,0,0,122,0,16,0,4,4,65.0,45.5,52.1
s2b-r14,4,A,s2b-r14-302,0,0,116,0,32,0,4,5,418.0,45.5,52.1
s2b-r14,4,A,s2b-r14-303,0,0,110,0,32,0,5,5,29.0,45.5,52.1
s2b-r14,4,A,s2b-r14-304,0,0,110,0,32,0,5,5,33.0,45.5,52.1
s2b-r14,4,A,s2b-r14-305,0,0,110,0,32,0,5,5,106.0,45.5,52.1
s2b-r14,4,A,s2b-r14-306,0,0,82,0,32,0,5,5,108.0,45.5,52.1
s2b-r14,4,A,s2b-r14-307,0,0,99,0,32,0,5,5,169.0,45.5,52.1
s2b-r14,4,A,s2b-r14-308,0,0,125,0,2,0,1,1,80.0,45.5,52.1
s2b-r14,4,A,s2b-r14-309,0,0,125,0,2,0,1,1,81.0,45.5,52.1
s2b-r14,4,A,s2b-r14-310,0,0,64,0,2,0,1,1,39.0,45.5,52.1
s2b-r14,4,A,s2b-r14-311,0,0,64,0,16,0,4,4,104.0,45.5,52.1
s2b-r14,4,A,s2b-r14-312,0,0,86,0,16,0,4,4,67.0,45.5,52.1
s2b-r14,4,A,s2b-r14-313,0,0,15,0,2,0,1,1,40.0,45.5,52.1
s2b-r14,4,A,s2b-r14-314,0,0,166,0,2,0,1,1,23.0,45.5,52.1
s2b-r14,4,A,s2b-r14-315,0,0,133,0,2,0,1,1,27.0,45.5,52.1
s2b-r14,4,A,s2b-r14-316,0,0,151,0,2,0,1,1,44.0,45.5,52.1
s2b-r14,4,A,s2b-r14-317,0,0,171,0,2,0,1,1,40.0,45.5,52.1
s2b-r14,4,A,s2b-r14-318,0,0,152,0,2,0,1,1,25.0,45.5,52.1
s2b-r14,4,A,s2b-r14-319,0,0,101,0,2,0,1,1,74.0,45.5,52.1
s2b-r14,4,A,s2b-r14-320,0,0,101,0,2,0,1,1,164.0,45.5,52.1
s2b-r14,4,A,s2b-r14-321,0,0,8,0,1,0,0,0,85.0,45.5,52.1
s2b-r14,4,A,s2b-r14-322,0,0,74,0,16,0,4,4,143.0,45.5,52.1
s2b-r14,4,A,s2b-r14-323,0,0,10,0,16,0,4,4,18.0,45.5,52.1
s2b-r14,4,A,s2b-r14-324,0,0,154,0,2,0,1,1,27.0,45.5,52.1
s2b-r14,4,A,s2b-r14-325,0,0,86,0,1,0,0,0,19.0,45.5,52.1
s2b-r14,4,A,s2b-r14-326,0,0,156,0,1,0,0,0,25.0,45.5,52.1
s2b-r14,4,A,s2b-r14-327,0,0,151,0,2,0,1,1,84.0,45.5,52.1
s2b-r14,4,A,s2b-r14-328,0,0,89,0,32,0,5,5,80.0,45.5,52.1
s2b-r14,4,A,s2b-r14-329,0,0,14,0,32,0,5,5,33.0,45.5,52.1
s2b-r14,4,A,s2b-r14-330,0,0,186,0,1,0,0,0,15.0,45.5,52.1
s2b-r14,4,A,s2b-r14-331,0,0,186,0,1,0,0,0,30.0,45.5,52.1
s2b-r14,4,A,s2b-r14-332,0,0,88,0,32,0,5,5,191.0,45.5,52.1
s2b-r14,4,A,s2b-r14-333,0,0,101,0,32,0,5,5,83.0,45.5,52.1
s2b-r14,4,A,s2b-r14-334,0,0,152,0,32,0,5,5,51.0,45.5,52.1
s2b-r14,4,A,s2b-r14-335,0,0,152,0,32,0,5,5,26.0,45.5,52.1
s2b-r14,4,A,s2b-r14-336,0,0,116,0,32,0,5,5,33.0,45.5,52.1
s2b-r14,4,A,s2b-r14-337,0,0,156,0,16,0,4,4,66.0,45.5,52.1
s2b-r14,4,A,s2b-r14-338,0,0,156,0,32,0,5,5,94.0,45.5,52.1
s2b-r14,4,A,s2b-r14-339,0,0,116,0,32,0,5,5,106.0,45.5,52.1
s2b-r14,4,A,s2b-r14-340,0,0,102,0,16,0,4,4,104.0,45.5,52.1
s2b-r14,4,A,s2b-r14-341,0,0,62,0,2,0,4,3,87.0,45.5,52.1
s2b-r14,4,A,s2b-r14-342,0,0,35,0,4,0,2,2,104.0,45.5,52.1
s2b-r14,4,A,s2b-r14-343,0,0,79,0,1,0,0,1,3121.0,45.5,52.1
s2b-r14,4,A,s2b-r14-344,0,0,81,0,1,0,0,0,26.0,45.5,52.1
s2b-r14,4,A,s2b-r14-345,0,0,152,0,2,0,1,1,27.0,45.5,52.1
s2b-r14,4,A,s2b-r14-346,0,0,152,0,2,0,1,1,30.0,45.5,52.1
s2b-r14,4,A,s2b-r14-347,0,0,111,0,2,0,1,1,80.0,45.5,52.1
s2b-r14,4,A,s2b-r14-348,0,0,114,0,2,0,1,1,113.0,45.5,52.1
s2b-r14,4,A,s2b-r14-349,0,0,114,0,2,0,1,1,98.0,45.5,52.1
s2b-r14,4,A,s2b-r14-350,0,0,86,0,2,0,1,1,102.0,45.5,52.1
s2b-r14,4,A,s2b-r14-351,0,0,86,0,32,0,5,5,49.0,45.5,52.1
s2b-r14,4,A,s2b-r14-352,0,0,58,0,32,0,5,5,20.0,45.5,52.1
s2b-r14,4,A,s2b-r14-353,0,0,150,0,32,0,5,5,63.0,45.5,52.1
s2b-r14,4,A,s2b-r14-354,0,0,58,0,32,0,5,5,48.0,45.5,52.1
s2b-r14,4,A,s2b-r14-355,0,0,50,0,32,0,5,5,16.0,45.5,52.1
s2b-r14,4,A,s2b-r14-356,0,0,153,0,2,0,1,1,29.0,45.5,52.1
s2b-r14,4,A,s2b-r14-357,0,0,63,0,16,0,1,1,3057.0,45.5,52.1
s2b-r14,4,A,s2b-r14-358,0,0,58,0,4,0,2,2,47.0,45.5,52.1
s2b-r14,4,A,s2b-r14-359,0,0,58,0,2,0,1,1,99.0,45.5,52.1
s2b-r14,4,A,s2b-r14-360,0,0,95,0,16,0,4,4,104.0,45.5,52.1
s2b-r14,4,A,s2b-r14-361,0,0,130,0,1,0,0,0,51.0,45.5,52.1
s2b-r14,4,A,s2b-r14-362,0,0,176,0,32,0,5,5,18.0,45.5,52.1
s2b-r14,4,A,s2b-r14-363,0,0,153,0,1,0,0,0,17.0,45.5,52.1
s2b-r14,4,A,s2b-r14-364,0,0,34,0,32,0,5,5,209.0,45.5,52.1
s2b-r14,4,A,s2b-r14-365,0,0,69,0,32,0,5,5,56.0,45.5,52.1
s2b-r14,4,A,s2b-r14-366,0,0,124,0,32,0,5,5,47.0,45.5,52.1
s2b-r14,4,A,s2b-r14-367,0,0,126,0,32,0,5,5,109.0,45.5,52.1
s2b-r14,4,A,s2b-r14-368,0,0,126,0,32,0,5,5,95.0,45.5,52.1
s2b-r14,4,A,s2b-r14-369,0,0,124,0,16,0,4,4,100.0,45.5,52.1
s2b-r14,4,A,s2b-r14-370,0,0,124,0,16,0,4,4,27.0,45.5,52.1
s2b-r14,4,A,s2b-r14-371,0,0,125,0,16,0,4,4,34.0,45.5,52.1
s2b-r14,4,A,s2b-r14-372,0,0,125,0,16,0,4,4,59.0,45.5,52.1
s2b-r14,4,A,s2b-r14-373,0,0,125,0,16,0,4,4,16.0,45.5,52.1
s2b-r14,4,A,s2b-r14-374,0,0,160,0,16,0,4,4,27.0,45.5,52.1
s2b-r14,4,A,s2b-r14-375,0,0,109,0,16,0,4,4,50.0,45.5,52.1
s2b-r14,4,A,s2b-r14-376,0,0,160,0,16,0,4,4,115.0,45.5,52.1
s2b-r14,4,A,s2b-r14-377,0,0,35,0,2,0,1,1,82.0,45.5,52.1
s2b-r14,4,A,s2b-r14-378,0,0,141,0,16,0,4,4,35.0,45.5,52.1
s2b-r14,4,A,s2b-r14-379,0,0,74,0,4,0,2,2,56.0,45.5,52.1
s2b-r14,4,A,s2b-r14-380,0,0,15,0,4,0,2,2,69.0,45.5,52.1
s2b-r14,4,A,s2b-r14-381,0,0,74,0,16,0,4,4,60.0,45.5,52.1
s2b-r14,4,A,s2b-r14-382,0,0,60,0,16,0,4,4,60.0,45.5,52.1
s2b-r14,4,A,s2b-r14-383,0,0,60,0,16,0,4,4,32.0,45.5,52.1
s2b-r14,4,A,s2b-r14-384,0,0,156,0,16,0,4,4,23.0,45.5,52.1
s2b-r14,4,A,s2b-r14-385,0,0,103,0,16,0,4,4,65.0,45.5,52.1
s2b-r14,4,A,s2b-r14-386,0,0,103,0,8,0,3,3,22.0,45.5,52.1
s2b-r14,4,A,s2b-r14-387,0,0,153,0,8,0,3,3,16.0,45.5,52.1
s2b-r14,4,A,s2b-r14-388,0,0,74,0,16,0,4,4,26.0,45.5,52.1
s2b-r14,4,A,s2b-r14-389,0,0,163,0,1,0,0,0,16.0,45.5,52.1
s2b-r14,4,A,s2b-r14-390,0,0,163,0,16,0,4,4,45.0,45.5,52.1
s2b-r14,4,A,s2b-r14-391,0,0,163,0,16,0,4,4,106.0,45.5,52.1
s2b-r14,4,A,s2b-r14-392,0,0,93,0,16,0,4,4,78.0,45.5,52.1
s2b-r14,4,A,s2b-r14-393,0,0,93,0,1,0,0,0,14.0,45.5,52.1
s2b-r14,4,A,s2b-r14-394,0,0,160,0,16,0,4,4,25.0,45.5,52.1
s2b-r14,4,A,s2b-r14-395,0,0,86,0,16,0,4,4,34.0,45.5,52.1
s2b-r14,4,A,s2b-r14-396,0,0,160,0,16,0,4,4,113.0,45.5,52.1
s2b-r14,4,A,s2b-r14-397,0,0,49,0,16,0,4,4,81.0,45.5,52.1
s2b-r14,4,A,s2b-r14-398,0,0,109,0,16,0,4,4,30.0,45.5,52.1
s2b-r14,4,A,s2b-r14-399,0,0,120,0,16,0,4,4,81.0,45.5,52.1
s2b-r14,4,A,s2b-r14-400,0,0,93,0,16,0,4,4,182.0,45.5,52.1
s2b-r14,4,A,s2b-r14-401,0,0,57,0,2,0,1,1,87.0,45.5,52.1
s2b-r14,4,A,s2b-r14-402,0,0,75,0,2,0,1,1,111.0,45.5,52.1
s2b-r14,4,A,s2b-r14-403,0,0,109,0,16,0,4,4,29.0,45.5,52.1
s2b-r14,4,A,s2b-r14-404,0,0,156,0,16,0,4,4,30.0,45.5,52.1
s2b-r14,4,A,s2b-r14-405,0,0,187,0,2,0,1,1,28.0,45.5,52.1
s2b-r14,4,A,s2b-r14-406,0,0,147,0,32,0,5,5,332.0,45.5,52.1
s2b-r14,4,A,s2b-r14-407,0,0,109,0,2,0,1,1,44.0,45.5,52.1
s2b-r14,4,A,s2b-r14-408,0,0,165,0,2,0,1,1,35.0,45.5,52.1
s2b-r14,4,A,s2b-r14-409,0,0,3,0,1,0,0,5,178.0,45.5,52.1
s2b-r14,4,A,s2b-r14-410,0,0,153,0,32,0,5,5,115.0,45.5,52.1
s2b-r14,4,A,s2b-r14-411,0,0,57,0,32,0,5,5,75.0,45.5,52.1
s2b-r14,4,A,s2b-r14-412,0,0,118,0,2,0,1,1,105.0,45.5,52.1
s2b-r14,4,A,s2b-r14-413,0,0,118,0,2,0,1,1,64.0,45.5,52.1
s2b-r14,4,A,s2b-r14-414,0,0,118,0,16,0,4,4,19.0,45.5,52.1
s2b-r14,4,A,s2b-r14-415,0,0,153,0,16,0,4,4,23.0,45.5,52.1
s2b-r14,4,A,s2b-r14-416,0,0,157,0,2,0,1,1,20.0,45.5,52.1
s2b-r14,4,A,s2b-r14-417,0,0,35,0,2,0,1,1,107.0,45.5,52.1
s2b-r14,4,A,s2b-r14-418,0,0,82,0,32,0,5,5,110.0,45.5,52.1
s2b-r14,4,A,s2b-r14-419,0,0,82,0,32,0,5,5,68.0,45.5,52.1
s2b-r14,4,A,s2b-r14-420,0,0,80,0,1,0,0,0,67.0,45.5,52.1
s2b-r14,4,A,s2b-r14-421,0,0,109,0,2,0,1,1,60.0,45.5,52.1
s2b-r14,4,A,s2b-r14-422,0,0,67,0,2,0,1,1,106.0,45.5,52.1
s2b-r14,4,A,s2b-r14-423,0,0,67,0,2,0,5,1,39.0,45.5,52.1
s2b-r14,4,A,s2b-r14-424,0,0,155,0,32,0,5,5,23.0,45.5,52.1
s2b-r14,4,A,s2b-r14-425,0,0,149,0,16,0,4,4,29.0,45.5,52.1
s2b-r14,4,A,s2b-r14-426,0,0,94,0,32,0,5,5,47.0,45.5,52.1
s2b-r14,4,A,s2b-r14-427,0,0,94,0,32,0,5,5,36.0,45.5,52.1
s2b-r14,4,A,s2b-r14-428,0,0,153,0,32,0,5,5,104.0,45.5,52.1
s2b-r14,4,A,s2b-r14-429,0,0,93,0,32,0,5,5,110.0,45.5,52.1
s2b-r14,4,A,s2b-r14-430,0,0,122,0,32,0,5,5,108.0,45.5,52.1
s2b-r14,4,A,s2b-r14-431,0,0,95,0,32,0,5,5,79.0,45.5,52.1
s2b-r14,4,A,s2b-r14-432,0,0,122,0,2,0,1,1,20.0,45.5,52.1
s2b-r14,4,A,s2b-r14-433,0,0,157,0,2,0,1,1,235.0,45.5,52.1
s2b-r14,4,A,s2b-r14-434,0,0,90,0,1,0,0,0,29.0,45.5,52.1
s2b-r14,4,A,s2b-r14-435,0,0,160,0,16,0,4,4,39.0,45.5,52.1
s2b-r14,4,A,s2b-r14-436,0,0,160,0,16,0,4,4,38.0,45.5,52.1
s2b-r14,4,A,s2b-r14-437,0,0,131,0,2,0,1,1,47.0,45.5,52.1
s2b-r14,4,A,s2b-r14-438,0,0,157,0,8,0,3,3,63.0,45.5,52.1
s2b-r14,4,A,s2b-r14-439,0,0,148,0,8,0,3,3,66.0,45.5,52.1
s2b-r14,4,A,s2b-r14-440,0,0,90,0,8,0,3,3,103.0,45.5,52.1
s2b-r14,4,A,s2b-r14-441,0,0,123,0,8,0,3,3,28.0,45.5,52.1
s2b-r14,4,A,s2b-r14-442,0,0,147,0,8,0,3,3,40.0,45.5,52.1
s2b-r14,4,A,s2b-r14-443,0,0,147,0,8,0,3,3,30.0,45.5,52.1
s2b-r14,4,A,s2b-r14-444,0,0,80,0,8,0,3,3,75.0,45.5,52.1
s2b-r14,4,A,s2b-r14-445,0,0,108,0,16,0,4,4,131.0,45.5,52.1
s2b-r14,4,A,s2b-r14-446,0,0,3,0,2,0,1,1,23.0,45.5,52.1
s2b-r14,4,A,s2b-r14-447,0,0,190,0,16,0,4,4,28.0,45.5,52.1
s2b-r14,4,A,s2b-r14-448,0,0,94,0,16,0,4,4,26.0,45.5,52.1
s2b-r14,4,A,s2b-r14-449,0,0,152,0,16,0,4,4,44.0,45.5,52.1
s2b-r14,4,A,s2b-r14-450,0,0,152,0,2,0,1,1,15.0,45.5,52.1
s2b-r14,4,A,s2b-r14-451,0,0,90,0,2,0,1,1,27.0,45.5,52.1
s2b-r14,4,A,s2b-r14-452,0,0,97,0,2,0,1,1,64.0,45.5,52.1
s2b-r14,4,A,s2b-r14-453,0,0,97,0,32,0,5,5,41.0,45.5,52.1
s2b-r14,4,A,s2b-r14-454,0,0,156,0,32,0,5,5,17.0,45.5,52.1
s2b-r14,4,A,s2b-r14-455,0,0,121,0,16,0,5,0,77.0,45.5,52.1
s2b-r14,4,A,s2b-r14-456,0,0,26,0,1,0,0,0,25.0,45.5,52.1
s2b-r14,4,A,s2b-r14-457,0,0,158,0,32,0,5,5,83.0,45.5,52.1
s2b-r14,4,A,s2b-r14-458,0,0,137,0,2,0,5,5,2633.0,45.5,52.1
s2b-r14,4,A,s2b-r14-459,0,0,88,0,32,0,5,5,40.0,45.5,52.1
s2b-r14,4,A,s2b-r14-460,0,0,83,0,2,0,1,1,136.0,45.5,52.1
s2b-r14,4,A,s2b-r14-461,0,0,83,0,16,0,4,4,79.0,45.5,52.1
s2b-r14,4,A,s2b-r14-462,0,0,121,0,16,0,4,4,39.0,45.5,52.1
s2b-r14,4,A,s2b-r14-463,0,0,150,0,32,0,5,5,68.0,45.5,52.1
s2b-r14,4,A,s2b-r14-464,0,0,5,0,16,0,4,4,48.0,45.5,52.1
s2b-r14,4,A,s2b-r14-465,0,0,150,0,16,0,4,4,31.0,45.5,52.1
s2b-r14,4,A,s2b-r14-466,0,0,209,0,32,0,5,5,17.0,45.5,52.1
s2b-r14,4,A,s2b-r14-467,0,0,90,0,32,0,5,5,42.0,45.5,52.1
s2b-r14,4,A,s2b-r14-468,0,0,148,0,32,0,5,5,110.0,45.5,52.1
s2b-r14,4,A,s2b-r14-469,0,0,53,0,32,0,5,5,107.0,45.5,52.1
s2b-r15,4,A,s2b-r15-0,0,0,185,0,16,0,4,4,31.0,43.2,55.6
s2b-r15,4,A,s2b-r15-1,0,0,185,0,2,0,1,1,32.0,43.2,55.6
s2b-r15,4,A,s2b-r15-2,0,0,147,0,2,0,1,1,33.0,43.2,55.6
s2b-r15,4,A,s2b-r15-3,0,0,90,0,2,0,1,1,102.0,43.2,55.6
s2b-r15,4,A,s2b-r15-4,0,0,34,0,32,0,5,5,44.0,43.2,55.6
s2b-r15,4,A,s2b-r15-5,0,0,74,0,32,0,5,5,47.0,43.2,55.6
s2b-r15,4,A,s2b-r15-6,0,0,150,0,2,0,1,1,83.0,43.2,55.6
s2b-r15,4,A,s2b-r15-7,0,0,61,0,2,0,1,1,170.0,43.2,55.6
s2b-r15,4,A,s2b-r15-8,0,0,110,0,16,0,4,4,104.0,43.2,55.6
s2b-r15,4,A,s2b-r15-9,0,0,169,0,32,0,5,5,26.0,43.2,55.6
s2b-r15,4,A,s2b-r15-10,0,0,169,0,2,0,1,1,22.0,43.2,55.6
s2b-r15,4,A,s2b-r15-11,0,0,155,0,32,0,5,5,60.0,43.2,55.6
s2b-r15,4,A,s2b-r15-12,0,0,110,0,32,0,5,5,16.0,43.2,55.6
s2b-r15,4,A,s2b-r15-13,0,0,53,0,32,0,5,5,60.0,43.2,55.6
s2b-r15,4,A,s2b-r15-14,0,0,149,0,32,0,5,5,61.0,43.2,55.6
s2b-r15,4,A,s2b-r15-15,0,0,149,0,32,0,5,5,16.0,43.2,55.6
s2b-r15,4,A,s2b-r15-16,0,0,149,0,16,0,4,4,31.0,43.2,55.6
s2b-r15,4,A,s2b-r15-17,0,0,23,0,16,0,4,4,20.0,43.2,55.6
s2b-r15,4,A,s2b-r15-18,0,0,154,0,2,0,1,1,14.0,43.2,55.6
s2b-r15,4,A,s2b-r15-19,0,0,87,0,2,0,1,1,103.0,43.2,55.6
s2b-r15,4,A,s2b-r15-20,0,0,96,0,2,0,1,1,42.0,43.2,55.6
s2b-r15,4,A,s2b-r15-21,0,0,164,0,32,0,5,5,35.0,43.2,55.6
s2b-r15,4,A,s2b-r15-22,0,0,75,0,32,0,5,5,35.0,43.2,55.6
s2b-r15,4,A,s2b-r15-23,0,0,164,0,32,0,5,5,49.0,43.2,55.6
s2b-r15,4,A,s2b-r15-24,0,0,164,0,2,0,1,1,82.0,43.2,55.6
s2b-r15,4,A,s2b-r15-25,0,0,87,0,16,0,4,4,84.0,43.2,55.6
s2b-r15,4,A,s2b-r15-26,0,0,78,0,16,0,4,4,52.0,43.2,55.6
s2b-r15,4,A,s2b-r15-27,0,0,106,0,2,0,4,5,171.0,43.2,55.6
s2b-r15,4,A,s2b-r15-28,0,0,106,0,16,0,4,4,30.0,43.2,55.6
s2b-r15,4,A,s2b-r15-29,0,0,177,0,16,0,4,4,20.0,43.2,55.6
s2b-r15,4,A,s2b-r15-30,0,0,83,0,16,0,4,4,55.0,43.2,55.6
s2b-r15,4,A,s2b-r15-31,0,0,83,0,16,0,4,4,102.0,43.2,55.6
s2b-r15,4,A,s2b-r15-32,0,0,18,0,1,0,0,0,180.0,43.2,55.6
s2b-r15,4,A,s2b-r15-33,0,0,76,0,32,0,5,5,59.0,43.2,55.6
s2b-r15,4,A,s2b-r15-34,0,0,46,0,32,0,5,5,102.0,43.2,55.6
s2b-r15,4,A,s2b-r15-35,0,0,94,0,32,0,5,5,214.0,43.2,55.6
s2b-r15,4,A,s2b-r15-36,0,0,155,0,32,0,5,5,77.0,43.2,55.6
s2b-r15,4,A,s2b-r15-37,0,0,58,0,32,0,5,5,86.0,43.2,55.6
s2b-r15,4,A,s2b-r15-38,0,0,109,0,16,0,4,4,52.0,43.2,55.6
s2b-r15,4,A,s2b-r15-39,0,0,109,0,32,0,5,5,24.0,43.2,55.6
s2b-r15,4,A,s2b-r15-40,0,0,149,0,32,0,5,5,24.0,43.2,55.6
s2b-r15,4,A,s2b-r15-41,0,0,119,0,32,0,5,5,54.0,43.2,55.6
s2b-r15,4,A,s2b-r15-42,0,0,146,0,32,0,5,5,24.0,43.2,55.6
s2b-r15,4,A,s2b-r15-43,0,0,153,0,32,0,5,5,40.0,43.2,55.6
s2b-r15,4,A,s2b-r15-44,0,0,154,0,16,0,4,4,51.0,43.2,55.6
s2b-r15,4,A,s2b-r15-45,0,0,154,0,16,0,4,4,105.0,43.2,55.6
s2b-r15,4,A,s2b-r15-46,0,0,40,0,2,0,1,1,108.0,43.2,55.6
s2b-r15,4,A,s2b-r15-47,0,0,93,0,32,0,5,5,155.0,43.2,55.6
s2b-r15,4,A,s2b-r15-48,0,0,149,0,32,0,5,5,29.0,43.2,55.6
s2b-r15,4,A,s2b-r15-49,0,0,150,0,1,0,0,0,31.0,43.2,55.6
s2b-r15,4,A,s2b-r15-50,0,0,158,0,32,0,5,5,20.0,43.2,55.6
s2b-r15,4,A,s2b-r15-51,0,0,158,0,32,0,5,5,24.0,43.2,55.6
s2b-r15,4,A,s2b-r15-52,0,0,93,0,32,0,5,5,78.0,43.2,55.6
s2b-r15,4,A,s2b-r15-53,0,0,78,0,32,0,5,5,77.0,43.2,55.6
s2b-r15,4,A,s2b-r15-54,0,0,103,0,32,0,5,0,319.0,43.2,55.6
s2b-r15,4,A,s2b-r15-55,0,0,78,0,1,0,0,0,61.0,43.2,55.6
s2b-r15,4,A,s2b-r15-56,0,0,81,0,1,0,0,0,42.0,43.2,55.6
s2b-r15,4,A,s2b-r15-57,0,0,80,0,32,0,0,5,76.0,43.2,55.6
s2b-r15,4,A,s2b-r15-58,0,0,107,0,16,0,5,5,153.0,43.2,55.6
s2b-r15,4,A,s2b-r15-59,0,0,112,0,1,0,0,0,44.0,43.2,55.6
s2b-r15,4,A,s2b-r15-60,0,0,162,0,1,0,0,0,27.0,43.2,55.6
s2b-r15,4,A,s2b-r15-61,0,0,162,0,16,0,4,4,66.0,43.2,55.6
s2b-r15,4,A,s2b-r15-62,0,0,16,0,16,0,4,4,107.0,43.2,55.6
s2b-r15,4,A,s2b-r15-63,0,0,22,0,32,0,5,5,68.0,43.2,55.6
s2b-r15,4,A,s2b-r15-64,0,0,24,0,32,0,5,5,59.0,43.2,55.6
s2b-r15,4,A,s2b-r15-65,0,0,84,0,32,0,5,5,82.0,43.2,55.6
s2b-r15,4,A,s2b-r15-66,0,0,125,0,32,0,5,5,78.0,43.2,55.6
s2b-r15,4,A,s2b-r15-67,0,0,125,0,2,0,1,1,61.0,43.2,55.6
s2b-r15,4,A,s2b-r15-68,0,0,77,0,1,0,0,0,59.0,43.2,55.6
s2b-r15,4,A,s2b-r15-69,0,0,151,0,32,0,5,5,18.0,43.2,55.6
s2b-r15,4,A,s2b-r15-70,0,0,156,0,2,0,1,1,17.0,43.2,55.6
s2b-r15,4,A,s2b-r15-71,0,0,77,0,2,0,1,1,101.0,43.2,55.6
s2b-r15,4,A,s2b-r15-72,0,0,89,0,2,0,1,1,111.0,43.2,55.6
s2b-r15,4,A,s2b-r15-73,0,0,117,0,2,0,1,1,106.0,43.2,55.6
s2b-r15,4,A,s2b-r15-74,0,0,58,0,32,0,5,5,64.0,43.2,55.6
s2b-r15,4,A,s2b-r15-75,0,0,110,0,16,0,4,4,78.0,43.2,55.6
s2b-r15,4,A,s2b-r15-76,0,0,115,0,16,0,4,4,44.0,43.2,55.6
s2b-r15,4,A,s2b-r15-77,0,0,155,0,16,0,4,4,34.0,43.2,55.6
s2b-r15,4,A,s2b-r15-78,0,0,155,0,16,0,4,4,54.0,43.2,55.6
s2b-r15,4,A,s2b-r15-79,0,0,155,0,16,0,4,4,20.0,43.2,55.6
s2b-r15,4,A,s2b-r15-80,0,0,155,0,16,0,5,1,87.0,43.2,55.6
s2b-r15,4,A,s2b-r15-81,0,0,2,0,16,0,4,4,44.0,43.2,55.6
s2b-r15,4,A,s2b-r15-82,0,0,160,0,16,0,4,4,240.0,43.2,55.6
s2b-r15,4,A,s2b-r15-83,0,0,45,0,16,0,4,4,116.0,43.2,55.6
s2b-r15,4,A,s2b-r15-84,0,0,95,0,16,0,4,4,186.0,43.2,55.6
s2b-r15,4,A,s2b-r15-85,0,0,57,0,2,0,1,1,18.0,43.2,55.6
s2b-r15,4,A,s2b-r15-86,0,0,148,0,2,0,1,1,29.0,43.2,55.6
s2b-r15,4,A,s2b-r15-87,0,0,14,0,2,0,1,1,77.0,43.2,55.6
s2b-r15,4,A,s2b-r15-88,0,0,75,0,32,0,5,5,42.0,43.2,55.6
s2b-r15,4,A,s2b-r15-89,0,0,94,0,32,0,5,5,25.0,43.2,55.6
s2b-r15,4,A,s2b-r15-90,0,0,149,0,16,0,4,4,29.0,43.2,55.6
s2b-r15,4,A,s2b-r15-91,0,0,151,0,16,0,4,4,42.0,43.2,55.6
s2b-r15,4,A,s2b-r15-92,0,0,73,0,16,0,4,4,26.0,43.2,55.6
s2b-r15,4,A,s2b-r15-93,0,0,73,0,16,0,4,4,51.0,43.2,55.6
s2b-r15,4,A,s2b-r15-94,0,0,83,0,32,0,5,5,65.0,43.2,55.6
s2b-r15,4,A,s2b-r15-95,0,0,33,0,32,0,5,5,44.0,43.2,55.6
s2b-r15,4,A,s2b-r15-96,0,0,152,0,1,0,0,0,61.0,43.2,55.6
s2b-r15,4,A,s2b-r15-97,0,0,152,0,2,0,5,1,105.0,43.2,55.6
s2b-r15,4,A,s2b-r15-98,0,0,155,0,1,0,0,0,58.0,43.2,55.6
s2b-r15,4,A,s2b-r15-99,0,0,26,0,32,0,5,5,24.0,43.2,55.6
s2b-r15,4,A,s2b-r15-100,0,0,201,0,1,0,0,0,13.0,43.2,55.6
s2b-r15,4,A,s2b-r15-101,0,0,81,0,1,0,0,0,61.0,43.2,55.6
s2b-r15,4,A,s2b-r15-102,0,0,97,0,1,0,0,0,16.0,43.2,55.6
s2b-r15,4,A,s2b-r15-103,0,0,81,0,1,0,0,0,52.0,43.2,55.6
s2b-r15,4,A,s2b-r15-104,0,0,112,0,16,0,4,4,27.0,43.2,55.6
s2b-r15,4,A,s2b-r15-105,0,0,109,0,4,0,2,2,35.0,43.2,55.6
s2b-r15,4,A,s2b-r15-106,0,0,17,0,1,0,0,0,48.0,43.2,55.6
s2b-r15,4,A,s2b-r15-107,0,0,168,0,1,0,0,0,46.0,43.2,55.6
s2b-r15,4,A,s2b-r15-108,0,0,168,0,16,0,4,4,44.0,43.2,55.6
s2b-r15,4,A,s2b-r15-109,0,0,168,0,32,0,5,5,81.0,43.2,55.6
s2b-r15,4,A,s2b-r15-110,0,0,99,0,32,0,5,5,160.0,43.2,55.6
s2b-r15,4,A,s2b-r15-111,0,0,52,0,16,0,4,4,57.0,43.2,55.6
s2b-r15,4,A,s2b-r15-112,0,0,99,0,32,0,5,5,66.0,43.2,55.6
s2b-r15,4,A,s2b-r15-113,0,0,126,0,32,0,5,5,38.0,43.2,55.6
s2b-r15,4,A,s2b-r15-114,0,0,108,0,32,0,5,5,54.0,43.2,55.6
s2b-r15,4,A,s2b-r15-115,0,0,83,0,32,0,5,5,32.0,43.2,55.6
s2b-r15,4,A,s2b-r15-116,0,0,70,0,32,0,5,5,80.0,43.2,55.6
s2b-r15,4,A,s2b-r15-117,0,0,54,0,32,0,5,5,73.0,43.2,55.6
s2b-r15,4,A,s2b-r15-118,0,0,61,0,32,0,5,5,72.0,43.2,55.6
s2b-r15,4,A,s2b-r15-119,0,0,54,0,2,0,1,1,45.0,43.2,55.6
s2b-r15,4,A,s2b-r15-120,0,0,180,0,32,0,5,5,43.0,43.2,55.6
s2b-r15,4,A,s2b-r15-121,0,0,17,0,32,0,5,5,43.0,43.2,55.6
s2b-r15,4,A,s2b-r15-122,0,0,41,0,16,0,4,4,64.0,43.2,55.6
s2b-r15,4,A,s2b-r15-123,0,0,83,0,2,0,1,1,32.0,43.2,55.6
s2b-r15,4,A,s2b-r15-124,0,0,149,0,2,0,1,1,104.0,43.2,55.6
s2b-r15,4,A,s2b-r15-125,0,0,83,0,2,0,1,1,107.0,43.2,55.6
s2b-r15,4,A,s2b-r15-126,0,0,88,0,16,0,4,4,66.0,43.2,55.6
s2b-r15,4,A,s2b-r15-127,0,0,147,0,16,0,4,4,46.0,43.2,55.6
s2b-r15,4,A,s2b-r15-128,0,0,80,0,16,0,4,4,74.0,43.2,55.6
s2b-r15,4,A,s2b-r15-129,0,0,80,0,1,0,0,0,14.0,43.2,55.6
s2b-r15,4,A,s2b-r15-130,0,0,152,0,32,0,5,5,27.0,43.2,55.6
s2b-r15,4,A,s2b-r15-131,0,0,109,0,1,0,0,0,58.0,43.2,55.6
s2b-r15,4,A,s2b-r15-132,0,0,142,0,32,0,5,5,44.0,43.2,55.6
s2b-r15,4,A,s2b-r15-133,0,0,142,0,32,0,5,5,79.0,43.2,55.6
s2b-r15,4,A,s2b-r15-134,0,0,114,0,32,0,5,5,86.0,43.2,55.6
s2b-r15,4,A,s2b-r15-135,0,0,38,0,32,0,4,5,59.0,43.2,55.6
s2b-r15,4,A,s2b-r15-136,0,0,22,0,32,0,5,5,64.0,43.2,55.6
s2b-r15,4,A,s2b-r15-137,0,0,71,0,1,0,5,1,175.0,43.2,55.6
s2b-r15,4,A,s2b-r15-138,0,0,41,0,32,0,5,5,33.0,43.2,55.6
s2b-r15,4,A,s2b-r15-139,0,0,41,0,32,0,5,5,43.0,43.2,55.6
s2b-r15,4,A,s2b-r15-140,0,0,157,0,32,0,5,5,50.0,43.2,55.6
s2b-r15,4,A,s2b-r15-141,0,0,146,0,32,0,5,5,43.0,43.2,55.6
s2b-r15,4,A,s2b-r15-142,0,0,150,0,1,0,5,5,152.0,43.2,55.6
s2b-r15,4,A,s2b-r15-143,0,0,157,0,32,0,5,5,104.0,43.2,55.6
s2b-r15,4,A,s2b-r15-144,0,0,98,0,32,0,5,4,186.0,43.2,55.6
s2b-r15,4,A,s2b-r15-145,0,0,111,0,16,0,4,4,106.0,43.2,55.6
s2b-r15,4,A,s2b-r15-146,0,0,50,0,32,0,5,5,107.0,43.2,55.6
s2b-r15,4,A,s2b-r15-147,0,0,100,0,8,0,3,3,77.0,43.2,55.6
s2b-r15,4,A,s2b-r15-148,0,0,151,0,2,0,1,1,44.0,43.2,55.6
s2b-r15,4,A,s2b-r15-149,0,0,153,0,2,0,1,1,21.0,43.2,55.6
s2b-r15,4,A,s2b-r15-150,0,0,100,0,2,0,1,1,26.0,43.2,55.6
s2b-r15,4,A,s2b-r15-151,0,0,150,0,2,0,1,1,60.0,43.2,55.6
s2b-r15,4,A,s2b-r15-152,0,0,32,0,2,0,1,1,111.0,43.2,55.6
s2b-r15,4,A,s2b-r15-153,0,0,100,0,2,0,1,1,53.0,43.2,55.6
s2b-r15,4,A,s2b-r15-154,0,0,100,0,2,0,1,1,105.0,43.2,55.6
s2b-r15,4,A,s2b-r15-155,0,0,100,0,2,0,1,1,76.0,43.2,55.6
s2b-r15,4,A,s2b-r15-156,0,0,165,0,2,0,1,1,32.0,43.2,55.6
s2b-r15,4,A,s2b-r15-157,0,0,170,0,32,0,5,5,73.0,43.2,55.6
s2b-r15,4,A,s2b-r15-158,0,0,165,0,2,0,1,1,29.0,43.2,55.6
s2b-r15,4,A,s2b-r15-159,0,0,165,0,32,0,5,5,25.0,43.2,55.6
s2b-r15,4,A,s2b-r15-160,0,0,152,0,32,0,5,5,35.0,43.2,55.6
s2b-r15,4,A,s2b-r15-161,0,0,152,0,16,0,4,4,41.0,43.2,55.6
s2b-r15,4,A,s2b-r15-162,0,0,79,0,16,0,4,4,78.0,43.2,55.6
s2b-r15,4,A,s2b-r15-163,0,0,125,0,16,0,4,4,21.0,43.2,55.6
s2b-r15,4,A,s2b-r15-164,0,0,149,0,16,0,4,4,82.0,43.2,55.6
s2b-r15,4,A,s2b-r15-165,0,0,150,0,16,0,4,4,104.0,43.2,55.6
s2b-r15,4,A,s2b-r15-166,0,0,96,0,16,0,4,4,28.0,43.2,55.6
s2b-r15,4,A,s2b-r15-167,0,0,96,0,16,0,4,4,27.0,43.2,55.6
s2b-r15,4,A,s2b-r15-168,0,0,150,0,16,0,4,4,45.0,43.2,55.6
s2b-r15,4,A,s2b-r15-169,0,0,150,0,8,0,3,3,41.0,43.2,55.6
s2b-r15,4,A,s2b-r15-170,0,0,152,0,32,0,5,5,26.0,43.2,55.6
s2b-r15,4,A,s2b-r15-171,0,0,152,0,2,0,1,1,98.0,43.2,55.6
s2b-r15,4,A,s2b-r15-172,0,0,38,0,2,0,1,1,81.0,43.2,55.6
s2b-r15,4,A,s2b-r15-173,0,0,84,0,2,0,1,1,57.0,43.2,55.6
s2b-r15,4,A,s2b-r15-174,0,0,109,0,16,0,4,4,104.0,43.2,55.6
s2b-r15,4,A,s2b-r15-175,0,0,71,0,16,0,4,4,24.0,43.2,55.6
s2b-r15,4,A,s2b-r15-176,0,0,150,0,16,0,4,4,19.0,43.2,55.6
s2b-r15,4,A,s2b-r15-177,0,0,157,0,16,0,4,4,54.0,43.2,55.6
s2b-r15,4,A,s2b-r15-178,0,0,73,0,16,0,4,4,59.0,43.2,55.6
s2b-r15,4,A,s2b-r15-179,0,0,132,0,32,0,5,5,75.0,43.2,55.6
s2b-r15,4,A,s2b-r15-180,0,0,151,0,32,0,5,5,17.0,43.2,55.6
s2b-r15,4,A,s2b-r15-181,0,0,149,0,32,0,5,5,100.0,43.2,55.6
s2b-r15,4,A,s2b-r15-182,0,0,38,0,1,0,5,5,178.0,43.2,55.6
s2b-r15,4,A,s2b-r15-183,0,0,101,0,16,0,4,5,143.0,43.2,55.6
s2b-r15,4,A,s2b-r15-184,0,0,94,0,32,0,5,5,29.0,43.2,55.6
s2b-r15,4,A,s2b-r15-185,0,0,149,0,2,0,1,1,166.0,43.2,55.6
s2b-r15,4,A,s2b-r15-186,0,0,166,0,2,0,1,1,25.0,43.2,55.6
s2b-r15,4,A,s2b-r15-187,0,0,150,0,4,0,2,2,32.0,43.2,55.6
s2b-r15,4,A,s2b-r15-188,0,0,111,0,4,0,2,2,20.0,43.2,55.6
s2b-r15,4,A,s2b-r15-189,0,0,147,0,4,0,2,2,63.0,43.2,55.6
s2b-r15,4,A,s2b-r15-190,0,0,0,0,16,0,4,4,23.0,43.2,55.6
s2b-r15,4,A,s2b-r15-191,0,0,159,0,16,0,4,4,13.0,43.2,55.6
s2b-r15,4,A,s2b-r15-192,0,0,5,0,2,0,1,1,43.0,43.2,55.6
s2b-r15,4,A,s2b-r15-193,0,0,26,0,2,0,1,1,26.0,43.2,55.6
s2b-r15,4,A,s2b-r15-194,0,0,156,0,2,0,1,1,37.0,43.2,55.6
s2b-r15,4,A,s2b-r15-195,0,0,126,0,16,0,4,4,56.0,43.2,55.6
s2b-r15,4,A,s2b-r15-196,0,0,126,0,2,0,1,1,231.0,43.2,55.6
s2b-r15,4,A,s2b-r15-197,0,0,126,0,2,0,1,1,32.0,43.2,55.6
s2b-r15,4,A,s2b-r15-198,0,0,149,0,2,0,1,1,28.0,43.2,55.6
s2b-r15,4,A,s2b-r15-199,0,0,104,0,16,0,4,4,37.0,43.2,55.6
s2b-r15,4,A,s2b-r15-200,0,0,151,0,32,0,5,4,145.0,43.2,55.6
s2b-r15,4,A,s2b-r15-201,0,0,1,0,32,0,5,5,125.0,43.2,55.6
s2b-r15,4,A,s2b-r15-202,0,0,62,0,16,0,5,4,128.0,43.2,55.6
s2b-r15,4,A,s2b-r15-203,0,0,100,0,32,0,5,5,47.0,43.2,55.6
s2b-r15,4,A,s2b-r15-204,0,0,136,0,32,0,5,5,106.0,43.2,55.6
s2b-r15,4,A,s2b-r15-205,0,0,33,0,32,0,5,5,108.0,43.2,55.6
s2b-r15,4,A,s2b-r15-206,0,0,86,0,32,0,5,5,90.0,43.2,55.6
s2b-r15,4,A,s2b-r15-207,0,0,86,0,2,0,1,1,48.0,43.2,55.6
s2b-r15,4,A,s2b-r15-208,0,0,68,0,2,0,1,1,33.0,43.2,55.6
s2b-r15,4,A,s2b-r15-209,0,0,151,0,2,0,1,1,39.0,43.2,55.6
s2b-r15,4,A,s2b-r15-210,0,0,151,0,16,0,4,4,61.0,43.2,55.6
s2b-r15,4,A,s2b-r15-211,0,0,78,0,2,0,1,1,47.0,43.2,55.6
s2b-r15,4,A,s2b-r15-212,0,0,95,0,1,0,0,0,51.0,43.2,55.6
s2b-r15,4,A,s2b-r15-213,0,0,95,0,32,0,5,5,105.0,43.2,55.6
s2b-r15,4,A,s2b-r15-214,0,0,54,0,2,0,4,5,158.0,43.2,55.6
s2b-r15,4,A,s2b-r15-215,0,0,100,0,32,0,5,5,43.0,43.2,55.6
s2b-r15,4,A,s2b-r15-216,0,0,125,0,32,0,5,5,116.0,43.2,55.6
s2b-r15,4,A,s2b-r15-217,0,0,124,0,1,0,5,1,131.0,43.2,55.6
s2b-r15,4,A,s2b-r15-218,0,0,124,0,32,0,5,5,78.0,43.2,55.6
s2b-r15,4,A,s2b-r15-219,0,0,146,0,2,0,1,1,28.0,43.2,55.6
s2b-r15,4,A,s2b-r15-220,0,0,115,0,2,0,1,1,35.0,43.2,55.6
s2b-r15,4,A,s2b-r15-221,0,0,35,0,2,0,1,1,21.0,43.2,55.6
s2b-r15,4,A,s2b-r15-222,0,0,152,0,2,0,1,1,36.0,43.2,55.6
s2b-r15,4,A,s2b-r15-223,0,0,109,0,2,0,1,1,80.0,43.2,55.6
s2b-r15,4,A,s2b-r15-224,0,0,127,0,1,0,0,0,129.0,43.2,55.6
s2b-r15,4,A,s2b-r15-225,0,0,123,0,16,0,4,5,378.0,43.2,55.6
s2b-r15,4,A,s2b-r15-226,0,0,123,0,32,0,5,5,47.0,43.2,55.6
s2b-r15,4,A,s2b-r15-227,0,0,84,0,32,0,5,5,108.0,43.2,55.6
s2b-r15,4,A,s2b-r15-228,0,0,120,0,32,0,5,5,69.0,43.2,55.6
s2b-r15,4,A,s2b-r15-229,0,0,161,0,1,0,0,0,20.0,43.2,55.6
s2b-r15,4,A,s2b-r15-230,0,0,161,0,8,0,3,3,17.0,43.2,55.6
s2b-r15,4,A,s2b-r15-231,0,0,9,0,2,0,1,1,23.0,43.2,55.6
s2b-r15,4,A,s2b-r15-232,0,0,152,0,2,0,1,1,42.0,43.2,55.6
s2b-r15,4,A,s2b-r15-233,0,0,81,0,2,0,1,1,74.0,43.2,55.6
s2b-r15,4,A,s2b-r15-234,0,0,88,0,1,0,0,0,104.0,43.2,55.6
s2b-r15,4,A,s2b-r15-235,0,0,79,0,32,0,5,5,74.0,43.2,55.6
s2b-r15,4,A,s2b-r15-236,0,0,101,0,8,0,3,3,188.0,43.2,55.6
s2b-r15,4,A,s2b-r15-237,0,0,150,0,8,0,3,3,49.0,43.2,55.6
s2b-r15,4,A,s2b-r15-238,0,0,151,0,8,0,3,3,36.0,43.2,55.6
s2b-r15,4,A,s2b-r15-239,0,0,142,0,8,0,3,3,29.0,43.2,55.6
s2b-r15,4,A,s2b-r15-240,0,0,102,0,32,0,5,5,33.0,43.2,55.6
s2b-r15,4,A,s2b-r15-241,0,0,59,0,2,0,1,1,42.0,43.2,55.6
s2b-r15,4,A,s2b-r15-242,0,0,5,0,32,0,5,5,85.0,43.2,55.6
s2b-r15,4,A,s2b-r15-243,0,0,61,0,16,0,4,4,288.0,43.2,55.6
s2b-r15,4,A,s2b-r15-244,0,0,139,0,32,0,5,5,118.0,43.2,55.6
s2b-r15,4,A,s2b-r15-245,0,0,160,0,2,0,1,1,210.0,43.2,55.6
s2b-r15,4,A,s2b-r15-246,0,0,113,0,16,0,4,4,228.0,43.2,55.6
s2b-r15,4,A,s2b-r15-247,0,0,72,0,16,0,4,4,40.0,43.2,55.6
s2b-r15,4,A,s2b-r15-248,0,0,72,0,16,0,4,4,55.0,43.2,55.6
s2b-r15,4,A,s2b-r15-249,0,0,72,0,16,0,4,4,69.0,43.2,55.6
s2b-r15,4,A,s2b-r15-250,0,0,118,0,16,0,4,4,77.0,43.2,55.6
s2b-r15,4,A,s2b-r15-251,0,0,197,0,16,0,4,4,20.0,43.2,55.6
s2b-r15,4,A,s2b-r15-252,0,0,150,0,16,0,4,4,27.0,43.2,55.6
s2b-r15,4,A,s2b-r15-253,0,0,149,0,16,0,4,4,52.0,43.2,55.6
s2b-r15,4,A,s2b-r15-254,0,0,17,0,16,0,4,4,125.0,43.2,55.6
s2b-r15,4,A,s2b-r15-255,0,0,68,0,16,0,4,4,62.0,43.2,55.6
s2b-r15,4,A,s2b-r15-256,0,0,132,0,2,0,1,1,55.0,43.2,55.6
s2b-r15,4,A,s2b-r15-257,0,0,148,0,2,0,1,1,35.0,43.2,55.6
s2b-r15,4,A,s2b-r15-258,0,0,106,0,32,0,5,5,40.0,43.2,55.6
s2b-r15,4,A,s2b-r15-259,0,0,106,0,2,0,1,1,59.0,43.2,55.6
s2b-r15,4,A,s2b-r15-260,0,0,39,0,32,0,5,5,52.0,43.2,55.6
s2b-r15,4,A,s2b-r15-261,0,0,148,0,32,0,5,5,36.0,43.2,55.6
s2b-r15,4,A,s2b-r15-262,0,0,152,0,32,0,5,5,57.0,43.2,55.6
s2b-r15,4,A,s2b-r15-263,0,0,102,0,32,0,5,5,55.0,43.2,55.6
s2b-r15,4,A,s2b-r15-264,0,0,95,0,32,0,5,5,114.0,43.2,55.6
s2b-r15,4,A,s2b-r15-265,0,0,97,0,32,0,5,5,38.0,43.2,55.6
s2b-r15,4,A,s2b-r15-266,0,0,155,0,32,0,5,5,50.0,43.2,55.6
s2b-r15,4,A,s2b-r15-267,0,0,159,0,32,0,5,5,137.0,43.2,55.6
s2b-r15,4,A,s2b-r15-268,0,0,123,0,32,0,5,5,112.0,43.2,55.6
s2b-r15,4,A,s2b-r15-269,0,0,123,0,2,0,1,1,96.0,43.2,55.6
s2b-r15,4,A,s2b-r15-270,0,0,5,0,2,0,1,1,33.0,43.2,55.6
s2b-r15,4,A,s2b-r15-271,0,0,167,0,2,0,1,1,38.0,43.2,55.6
s2b-r15,4,A,s2b-r15-272,0,0,167,0,2,0,1,1,31.0,43.2,55.6
s2b-r15,4,A,s2b-r15-273,0,0,5,0,2,0,1,1,101.0,43.2,55.6
s2b-r15,4,A,s2b-r15-274,0,0,65,0,2,0,1,1,28.0,43.2,55.6
s2b-r15,4,A,s2b-r15-275,0,0,41,0,2,0,1,1,98.0,43.2,55.6
s2b-r15,4,A,s2b-r15-276,0,0,77,0,2,0,1,1,56.0,43.2,55.6
s2b-r15,4,A,s2b-r15-277,0,0,13,0,32,0,5,5,81.0,43.2,55.6
s2b-r15,4,A,s2b-r15-278,0,0,40,0,32,0,5,5,75.0,43.2,55.6
s2b-r15,4,A,s2b-r15-279,0,0,64,0,16,0,4,4,95.0,43.2,55.6
s2b-r15,4,A,s2b-r15-280,0,0,39,0,2,0,1,1,34.0,43.2,55.6
s2b-r15,4,A,s2b-r15-281,0,0,157,0,32,0,5,5,39.0,43.2,55.6
s2b-r15,4,A,s2b-r15-282,0,0,157,0,32,0,5,5,18.0,43.2,55.6
s2b-r15,4,A,s2b-r15-283,0,0,96,0,32,0,5,5,16.0,43.2,55.6
s2b-r15,4,A,s2b-r15-284,0,0,153,0,1,0,5,0,96.0,43.2,55.6
s2b-r15,4,A,s2b-r15-285,0,0,127,0,16,0,4,4,17.0,43.2,55.6
s2b-r15,4,A,s2b-r15-286,0,0,149,0,16,0,4,4,101.0,43.2,55.6
s2b-r15,4,A,s2b-r15-287,0,0,102,0,1,0,4,5,377.0,43.2,55.6
s2b-r15,4,A,s2b-r15-288,0,0,108,0,8,0,3,3,66.0,43.2,55.6
s2b-r15,4,A,s2b-r15-289,0,0,153,0,32,0,5,5,47.0,43.2,55.6
s2b-r15,4,A,s2b-r15-290,0,0,153,0,16,0,4,4,45.0,43.2,55.6
s2b-r15,4,A,s2b-r15-291,0,0,75,0,16,0,4,4,24.0,43.2,55.6
s2b-r15,4,A,s2b-r15-292,0,0,166,0,16,0,4,3,57.0,43.2,55.6
s2b-r15,4,A,s2b-r15-293,0,0,166,0,32,0,5,5,16.0,43.2,55.6
s2b-r15,4,A,s2b-r15-294,0,0,166,0,32,0,5,5,19.0,43.2,55.6
s2b-r15,4,A,s2b-r15-295,0,0,166,0,32,0,5,5,19.0,43.2,55.6
s2b-r15,4,A,s2b-r15-296,0,0,166,0,32,0,5,5,20.0,43.2,55.6
s2b-r15,4,A,s2b-r15-297,0,0,152,0,32,0,5,5,17.0,43.2,55.6
s2b-r15,4,A,s2b-r15-298,0,0,156,0,1,0,0,0,14.0,43.2,55.6
s2b-r15,4,A,s2b-r15-299,0,0,190,0,1,0,0,0,15.0,43.2,55.6
s2b-r15,4,A,s2b-r15-300,0,0,119,0,1,0,0,0,18.0,43.2,55.6
s2b-r15,4,A,s2b-r15-301,0,0,152,0,1,0,0,0,14.0,43.2,55.6
s2b-r15,4,A,s2b-r15-302,0,0,85,0,2,0,0,5,560.0,43.2,55.6
s2b-r15,4,A,s2b-r15-303,0,0,171,0,4,0,2,2,18.0,43.2,55.6
s2b-r15,4,A,s2b-r15-304,0,0,98,0,4,0,2,2,15.0,43.2,55.6
s2b-r15,4,A,s2b-r15-305,0,0,151,0,2,0,1,1,26.0,43.2,55.6
s2b-r15,4,A,s2b-r15-306,0,0,98,0,2,0,1,1,25.0,43.2,55.6
s2b-r15,4,A,s2b-r15-307,0,0,157,0,2,0,1,1,23.0,43.2,55.6
s2b-r15,4,A,s2b-r15-308,0,0,120,0,2,0,1,1,27.0,43.2,55.6
s2b-r15,4,A,s2b-r15-309,0,0,149,0,16,0,4,4,53.0,43.2,55.6
s2b-r15,4,A,s2b-r15-310,0,0,74,0,32,0,5,5,128.0,43.2,55.6
s2b-r15,4,A,s2b-r15-311,0,0,85,0,32,0,5,5,111.0,43.2,55.6
s2b-r15,4,A,s2b-r15-312,0,0,69,0,32,0,5,5,69.0,43.2,55.6
s2b-r15,4,A,s2b-r15-313,0,0,92,0,32,0,5,5,15.0,43.2,55.6
s2b-r15,4,A,s2b-r15-314,0,0,152,0,32,0,5,5,12.0,43.2,55.6
s2b-r15,4,A,s2b-r15-315,0,0,92,0,32,0,5,5,156.0,43.2,55.6
s2b-r15,4,A,s2b-r15-316,0,0,81,0,16,0,4,4,65.0,43.2,55.6
s2b-r15,4,A,s2b-r15-317,0,0,120,0,16,0,4,4,106.0,43.2,55.6
s2b-r15,4,A,s2b-r15-318,0,0,53,0,1,0,0,0,92.0,43.2,55.6
s2b-r15,4,A,s2b-r15-319,0,0,123,0,32,0,5,5,49.0,43.2,55.6
s2b-r15,4,A,s2b-r15-320,0,0,53,0,32,0,5,5,112.0,43.2,55.6
s2b-r15,4,A,s2b-r15-321,0,0,78,0,32,0,4,4,60.0,43.2,55.6
s2b-r15,4,A,s2b-r15-322,0,0,188,0,2,0,1,1,24.0,43.2,55.6
s2b-r15,4,A,s2b-r15-323,0,0,114,0,2,0,1,1,54.0,43.2,55.6
s2b-r15,4,A,s2b-r15-324,0,0,114,0,2,0,1,1,33.0,43.2,55.6
s2b-r15,4,A,s2b-r15-325,0,0,149,0,2,0,1,1,90.0,43.2,55.6
s2b-r15,4,A,s2b-r15-326,0,0,15,0,2,0,1,1,45.0,43.2,55.6
s2b-r15,4,A,s2b-r15-327,0,0,15,0,16,0,4,4,106.0,43.2,55.6
s2b-r15,4,A,s2b-r15-328,0,0,71,0,32,0,5,5,149.0,43.2,55.6
s2b-r15,4,A,s2b-r15-329,0,0,20,0,1,0,4,1,113.0,43.2,55.6
s2b-r15,4,A,s2b-r15-330,0,0,40,0,32,0,5,5,29.0,43.2,55.6
s2b-r15,4,A,s2b-r15-331,0,0,4,0,32,0,5,5,61.0,43.2,55.6
s2b-r15,4,A,s2b-r15-332,0,0,62,0,16,0,4,4,77.0,43.2,55.6
s2b-r15,4,A,s2b-r15-333,0,0,111,0,16,0,4,4,45.0,43.2,55.6
s2b-r15,4,A,s2b-r15-334,0,0,111,0,16,0,4,4,22.0,43.2,55.6
s2b-r15,4,A,s2b-r15-335,0,0,191,0,32,0,5,5,16.0,43.2,55.6
s2b-r15,4,A,s2b-r15-336,0,0,191,0,32,0,5,5,46.0,43.2,55.6
s2b-r15,4,A,s2b-r15-337,0,0,117,0,32,0,5,5,34.0,43.2,55.6
s2b-r15,4,A,s2b-r15-338,0,0,117,0,2,0,1,1,65.0,43.2,55.6
s2b-r15,4,A,s2b-r15-339,0,0,72,0,2,0,1,1,104.0,43.2,55.6
s2b-r15,4,A,s2b-r15-340,0,0,142,0,2,0,1,1,24.0,43.2,55.6
s2b-r15,4,A,s2b-r15-341,0,0,152,0,2,0,1,1,67.0,43.2,55.6
s2b-r15,4,A,s2b-r15-342,0,0,86,0,2,0,1,1,104.0,43.2,55.6
s2b-r15,4,A,s2b-r15-343,0,0,100,0,1,0,1,5,68.0,43.2,55.6
s2b-r15,4,A,s2b-r15-344,0,0,159,0,32,0,5,5,19.0,43.2,55.6
s2b-r15,4,A,s2b-r15-345,0,0,159,0,32,0,5,5,42.0,43.2,55.6
s2b-r15,4,A,s2b-r15-346,0,0,150,0,32,0,5,5,62.0,43.2,55.6
s2b-r15,4,A,s2b-r15-347,0,0,98,0,32,0,5,5,113.0,43.2,55.6
s2b-r15,4,A,s2b-r15-348,0,0,51,0,1,0,0,0,82.0,43.2,55.6
s2b-r15,4,A,s2b-r15-349,0,0,102,0,32,0,5,5,218.0,43.2,55.6
s2b-r15,4,A,s2b-r15-350,0,0,159,0,32,0,5,5,85.0,43.2,55.6
s2b-r15,4,A,s2b-r15-351,0,0,64,0,1,0,0,0,85.0,43.2,55.6
s2b-r15,4,A,s2b-r15-352,0,0,113,0,1,0,0,0,38.0,43.2,55.6
s2b-r15,4,A,s2b-r15-353,0,0,165,0,16,0,4,4,54.0,43.2,55.6
s2b-r15,4,A,s2b-r15-354,0,0,165,0,16,0,4,4,25.0,43.2,55.6
s2b-r15,4,A,s2b-r15-355,0,0,49,0,32,0,5,5,30.0,43.2,55.6
s2b-r15,4,A,s2b-r15-356,0,0,150,0,32,0,5,5,53.0,43.2,55.6
s2b-r15,4,A,s2b-r15-357,0,0,153,0,2,0,1,1,159.0,43.2,55.6
s2b-r15,4,A,s2b-r15-358,0,0,21,0,1,0,1,0,145.0,43.2,55.6
s2b-r15,4,A,s2b-r15-359,0,0,110,0,4,0,2,2,46.0,43.2,55.6
s2b-r15,4,A,s2b-r15-360,0,0,125,0,4,0,2,2,82.0,43.2,55.6
s2b-r15,4,A,s2b-r15-361,0,0,108,0,4,0,2,2,71.0,43.2,55.6
s2b-r15,4,A,s2b-r15-362,0,0,47,0,16,0,4,4,222.0,43.2,55.6
s2b-r15,4,A,s2b-r15-363,0,0,34,0,1,0,0,0,28.0,43.2,55.6
s2b-r15,4,A,s2b-r15-364,0,0,160,0,1,0,0,0,72.0,43.2,55.6
s2b-r15,4,A,s2b-r15-365,0,0,160,0,1,0,0,0,23.0,43.2,55.6
s2b-r15,4,A,s2b-r15-366,0,0,50,0,1,0,0,0,48.0,43.2,55.6
s2b-r15,4,A,s2b-r15-367,0,0,94,0,1,0,0,0,77.0,43.2,55.6
s2b-r15,4,A,s2b-r15-368,0,0,94,0,32,0,5,5,24.0,43.2,55.6
s2b-r15,4,A,s2b-r15-369,0,0,165,0,32,0,5,5,110.0,43.2,55.6
s2b-r15,4,A,s2b-r15-370,0,0,109,0,32,0,5,5,64.0,43.2,55.6
s2b-r15,4,A,s2b-r15-371,0,0,109,0,2,0,1,1,78.0,43.2,55.6
s2b-r15,4,A,s2b-r15-372,0,0,126,0,2,0,1,1,103.0,43.2,55.6
s2b-r15,4,A,s2b-r15-373,0,0,126,0,2,0,1,1,56.0,43.2,55.6
s2b-r15,4,A,s2b-r15-374,0,0,146,0,1,0,0,0,47.0,43.2,55.6
s2b-r15,4,A,s2b-r15-375,0,0,147,0,1,0,0,0,19.0,43.2,55.6
s2b-r15,4,A,s2b-r15-376,0,0,49,0,1,0,0,0,13.0,43.2,55.6
s2b-r15,4,A,s2b-r15-377,0,0,154,0,16,0,4,4,20.0,43.2,55.6
s2b-r15,4,A,s2b-r15-378,0,0,86,0,32,0,4,4,34.0,43.2,55.6
s2b-r15,4,A,s2b-r15-379,0,0,86,0,32,0,5,5,14.0,43.2,55.6
s2b-r15,4,A,s2b-r15-380,0,0,148,0,32,0,5,5,31.0,43.2,55.6
s2b-r15,4,A,s2b-r15-381,0,0,96,0,2,0,1,1,77.0,43.2,55.6
s2b-r15,4,A,s2b-r15-382,0,0,52,0,16,0,4,4,64.0,43.2,55.6
s2b-r15,4,A,s2b-r15-383,0,0,156,0,1,0,0,0,27.0,43.2,55.6
s2b-r15,4,A,s2b-r15-384,0,0,157,0,1,0,0,0,30.0,43.2,55.6
s2b-r15,4,A,s2b-r15-385,0,0,194,0,2,0,1,1,17.0,43.2,55.6
s2b-r15,4,A,s2b-r15-386,0,0,156,0,16,0,4,4,100.0,43.2,55.6
s2b-r15,4,A,s2b-r15-387,0,0,109,0,16,0,4,4,69.0,43.2,55.6
s2b-r15,4,A,s2b-r15-388,0,0,109,0,16,0,4,4,63.0,43.2,55.6
s2b-r15,4,A,s2b-r15-389,0,0,125,0,32,0,5,5,69.0,43.2,55.6
s2b-r15,4,A,s2b-r15-390,0,0,125,0,2,0,1,1,23.0,43.2,55.6
s2b-r15,4,A,s2b-r15-391,0,0,152,0,16,0,4,4,79.0,43.2,55.6
s2b-r15,4,A,s2b-r15-392,0,0,148,0,16,0,4,4,81.0,43.2,55.6
s2b-r15,4,A,s2b-r15-393,0,0,29,0,1,0,0,0,41.0,43.2,55.6
s2b-r15,4,A,s2b-r15-394,0,0,29,0,16,0,4,4,17.0,43.2,55.6
s2b-r15,4,A,s2b-r15-395,0,0,152,0,16,0,4,4,27.0,43.2,55.6
s2b-r15,4,A,s2b-r15-396,0,0,76,0,16,0,4,4,78.0,43.2,55.6
s2b-r15,4,A,s2b-r15-397,0,0,76,0,1,0,0,0,71.0,43.2,55.6
s2b-r15,4,A,s2b-r15-398,0,0,30,0,8,0,3,3,51.0,43.2,55.6
s2b-r15,4,A,s2b-r15-399,0,0,149,0,8,0,3,3,27.0,43.2,55.6
s2b-r15,4,A,s2b-r15-400,0,0,151,0,8,0,3,3,26.0,43.2,55.6
s2b-r15,4,A,s2b-r15-401,0,0,154,0,32,0,5,5,82.0,43.2,55.6
s2b-r15,4,A,s2b-r15-402,0,0,22,0,32,0,5,5,79.0,43.2,55.6
s2b-r15,4,A,s2b-r15-403,0,0,46,0,1,0,0,0,44.0,43.2,55.6
s2b-r15,4,A,s2b-r15-404,0,0,101,0,32,0,5,5,44.0,43.2,55.6
s2b-r15,4,A,s2b-r15-405,0,0,101,0,32,0,5,5,29.0,43.2,55.6
s2b-r15,4,A,s2b-r15-406,0,0,161,0,4,0,2,2,48.0,43.2,55.6
s2b-r15,4,A,s2b-r15-407,0,0,124,0,4,0,2,2,51.0,43.2,55.6
s2b-r15,4,A,s2b-r15-408,0,0,26,0,2,0,1,1,76.0,43.2,55.6
s2b-r15,4,A,s2b-r15-409,0,0,73,0,1,0,0,0,85.0,43.2,55.6
s2b-r15,4,A,s2b-r15-410,0,0,137,0,16,0,4,4,64.0,43.2,55.6
s2b-r15,4,A,s2b-r15-411,0,0,151,0,16,0,4,4,84.0,43.2,55.6
s2b-r15,4,A,s2b-r15-412,0,0,152,0,16,0,4,4,31.0,43.2,55.6
s2b-r15,4,A,s2b-r15-413,0,0,132,0,32,0,5,5,39.0,43.2,55.6
s2b-r15,4,A,s2b-r15-414,0,0,122,0,2,0,1,1,56.0,43.2,55.6
s2b-r15,4,A,s2b-r15-415,0,0,113,0,32,0,5,5,25.0,43.2,55.6
s2b-r15,4,A,s2b-r15-416,0,0,150,0,32,0,5,5,25.0,43.2,55.6
s2b-r15,4,A,s2b-r15-417,0,0,150,0,32,0,5,5,52.0,43.2,55.6
s2b-r15,4,A,s2b-r15-418,0,0,113,0,32,0,5,5,82.0,43.2,55.6
s2b-r15,4,A,s2b-r15-419,0,0,81,0,16,0,5,4,122.0,43.2,55.6
s2b-r15,4,A,s2b-r15-420,0,0,128,0,16,0,4,4,99.0,43.2,55.6
s2b-r15,4,A,s2b-r15-421,0,0,30,0,16,0,4,4,64.0,43.2,55.6
s2b-r15,4,A,s2b-r15-422,0,0,30,0,16,0,4,4,63.0,43.2,55.6
s2b-r15,4,A,s2b-r15-423,0,0,30,0,16,0,4,4,87.0,43.2,55.6
s2b-r15,4,A,s2b-r15-424,0,0,101,0,32,0,5,5,46.0,43.2,55.6
s2b-r15,4,A,s2b-r15-425,0,0,101,0,4,0,2,2,46.0,43.2,55.6
s2b-r15,4,A,s2b-r15-426,0,0,148,0,4,0,2,2,38.0,43.2,55.6
s2b-r15,4,A,s2b-r15-427,0,0,150,0,4,0,2,2,51.0,43.2,55.6
s2b-r15,4,A,s2b-r15-428,0,0,150,0,16,0,4,4,65.0,43.2,55.6
s2b-r15,4,A,s2b-r15-429,0,0,152,0,16,0,4,4,103.0,43.2,55.6
s2b-r15,4,A,s2b-r15-430,0,0,36,0,16,0,4,4,65.0,43.2,55.6
s2b-r15,4,A,s2b-r15-431,0,0,42,0,16,0,4,4,58.0,43.2,55.6
s2b-r15,4,A,s2b-r15-432,0,0,36,0,16,0,4,4,92.0,43.2,55.6
s2b-r15,4,A,s2b-r15-433,0,0,111,0,16,0,4,4,114.0,43.2,55.6
s2b-r15,4,A,s2b-r15-434,0,0,111,0,16,0,4,4,72.0,43.2,55.6
s2b-r15,4,A,s2b-r15-435,0,0,125,0,16,0,4,4,28.0,43.2,55.6
s2b-r15,4,A,s2b-r15-436,0,0,152,0,32,0,5,5,41.0,43.2,55.6
s2b-r15,4,A,s2b-r15-437,0,0,152,0,32,0,5,5,57.0,43.2,55.6
s2b-r15,4,A,s2b-r15-438,0,0,108,0,32,0,5,5,60.0,43.2,55.6
s2b-r15,4,A,s2b-r15-439,0,0,108,0,32,0,5,5,45.0,43.2,55.6
s2b-r15,4,A,s2b-r15-440,0,0,178,0,32,0,5,5,65.0,43.2,55.6
s2b-r15,4,A,s2b-r15-441,0,0,178,0,2,0,1,1,116.0,43.2,55.6
s2b-r15,4,A,s2b-r15-442,0,0,104,0,32,0,5,5,243.0,43.2,55.6
s2b-r15,4,A,s2b-r15-443,0,0,104,0,32,0,5,5,174.0,43.2,55.6
s2b-r15,4,A,s2b-r15-444,0,0,27,0,32,0,5,5,107.0,43.2,55.6
s2b-r15,4,A,s2b-r15-445,0,0,79,0,32,0,5,5,105.0,43.2,55.6
s2b-r15,4,A,s2b-r15-446,0,0,14,0,2,0,1,1,43.0,43.2,55.6
s2b-r15,4,A,s2b-r15-447,0,0,178,0,32,0,5,5,33.0,43.2,55.6
s2b-r15,4,A,s2b-r15-448,0,0,178,0,32,0,5,5,33.0,43.2,55.6
s2b-r15,4,A,s2b-r15-449,0,0,26,0,32,0,5,5,103.0,43.2,55.6
s2b-r15,4,A,s2b-r15-450,0,0,79,0,1,0,0,0,89.0,43.2,55.6
s2b-r15,4,A,s2b-r15-451,0,0,149,0,32,0,5,5,108.0,43.2,55.6
s2b-r15,4,A,s2b-r15-452,0,0,45,0,32,0,5,5,63.0,43.2,55.6
s2b-r15,4,A,s2b-r15-453,0,0,95,0,32,0,5,5,191.0,43.2,55.6
s2b-r15,4,A,s2b-r15-454,0,0,45,0,16,0,5,5,344.0,43.2,55.6
s2b-r15,4,A,s2b-r15-455,0,0,94,0,1,0,0,0,53.0,43.2,55.6
s2b-r15,4,A,s2b-r15-456,0,0,94,0,16,0,4,4,57.0,43.2,55.6
s2b-r15,4,A,s2b-r15-457,0,0,10,0,32,0,5,5,28.0,43.2,55.6
s2b-r15,4,A,s2b-r15-458,0,0,153,0,2,0,1,1,30.0,43.2,55.6
s2b-r15,4,A,s2b-r15-459,0,0,153,0,2,0,1,1,65.0,43.2,55.6
s2b-r15,4,A,s2b-r15-460,0,0,67,0,1,0,0,0,75.0,43.2,55.6
s2b-r15,4,A,s2b-r15-461,0,0,29,0,32,0,5,5,65.0,43.2,55.6
s2b-r15,4,A,s2b-r15-462,0,0,29,0,32,0,5,5,103.0,43.2,55.6
s2b-r15,4,A,s2b-r15-463,0,0,85,0,32,0,5,5,64.0,43.2,55.6
s2b-r15,4,A,s2b-r15-464,0,0,85,0,16,0,4,4,76.0,43.2,55.6
s2b-r15,4,A,s2b-r15-465,0,0,111,0,16,0,4,4,24.0,43.2,55.6
s2b-r15,4,A,s2b-r15-466,0,0,153,0,16,0,4,4,17.0,43.2,55.6
s2b-r15,4,A,s2b-r15-467,0,0,153,0,16,0,4,4,13.0,43.2,55.6
s2b-r15,4,A,s2b-r15-468,0,0,153,0,32,0,5,5,60.0,43.2,55.6
s2b-r15,4,A,s2b-r15-469,0,0,4,0,32,0,5,5,17.0,43.2,55.6
s2b-r15,4,A,s2b-r15-470,0,0,147,0,32,0,5,5,21.0,43.2,55.6
s2b-r15,4,A,s2b-r15-471,0,0,7,0,32,0,5,5,99.0,43.2,55.6
s2b-r16,4,B,s2b-r16-0,512,512,153,6,32,1,5,5,20.0,42.8,50.9
s2b-r16,4,B,s2b-r16-1,512,512,148,0,32,0,5,5,45.0,42.8,50.9
s2b-r16,4,B,s2b-r16-2,512,512,153,6,2,1,5,5,261.0,42.8,50.9
s2b-r16,4,B,s2b-r16-3,512,512,116,6,32,1,5,5,62.0,42.8,50.9
s2b-r16,4,B,s2b-r16-4,512,512,158,0,32,0,5,5,119.0,42.8,50.9
s2b-r16,4,B,s2b-r16-5,512,512,158,6,32,1,5,5,108.0,42.8,50.9
s2b-r16,4,B,s2b-r16-6,512,512,158,6,2,1,1,1,44.0,42.8,50.9
s2b-r16,4,B,s2b-r16-7,512,512,158,6,2,1,1,1,33.0,42.8,50.9
s2b-r16,4,B,s2b-r16-8,512,512,24,6,32,1,1,1,151.0,42.8,50.9
s2b-r16,4,B,s2b-r16-9,512,512,152,0,2,0,1,1,48.0,42.8,50.9
s2b-r16,4,B,s2b-r16-10,512,512,136,0,2,0,1,1,60.0,42.8,50.9
s2b-r16,4,B,s2b-r16-11,512,512,156,6,32,1,5,5,77.0,42.8,50.9
s2b-r16,4,B,s2b-r16-12,512,512,167,6,2,1,1,1,30.0,42.8,50.9
s2b-r16,4,B,s2b-r16-13,512,512,156,6,2,1,1,1,62.0,42.8,50.9
s2b-r16,4,B,s2b-r16-14,512,512,278,6,2,1,1,1,111.0,42.8,50.9
s2b-r16,4,B,s2b-r16-15,512,512,156,6,2,1,1,1,45.0,42.8,50.9
s2b-r16,4,B,s2b-r16-16,512,512,96,0,2,0,1,1,45.0,42.8,50.9
s2b-r16,4,B,s2b-r16-17,512,512,150,0,32,0,5,5,34.0,42.8,50.9
s2b-r16,4,B,s2b-r16-18,512,512,150,6,32,1,5,5,25.0,42.8,50.9
s2b-r16,4,B,s2b-r16-19,512,512,150,6,32,1,5,5,54.0,42.8,50.9
s2b-r16,4,B,s2b-r16-20,512,512,150,6,32,1,5,5,66.0,42.8,50.9
s2b-r16,4,B,s2b-r16-21,512,512,4,0,32,0,5,5,22.0,42.8,50.9
s2b-r16,4,B,s2b-r16-22,512,512,152,6,32,1,5,5,45.0,42.8,50.9
s2b-r16,4,B,s2b-r16-23,512,512,89,0,1,0,0,0,38.0,42.8,50.9
s2b-r16,4,B,s2b-r16-24,512,512,160,0,16,0,4,4,216.0,42.8,50.9
s2b-r16,4,B,s2b-r16-25,512,512,160,6,16,1,4,4,89.0,42.8,50.9
s2b-r16,4,B,s2b-r16-26,512,512,165,6,1,1,0,0,30.0,42.8,50.9
s2b-r16,4,B,s2b-r16-27,512,512,153,6,2,1,1,1,44.0,42.8,50.9
s2b-r16,4,B,s2b-r16-28,512,512,153,6,2,1,1,1,66.0,42.8,50.9
s2b-r16,4,B,s2b-r16-29,512,512,7,0,16,0,4,4,28.0,42.8,50.9
s2b-r16,4,B,s2b-r16-30,512,512,153,0,1,0,0,0,13.0,42.8,50.9
s2b-r16,4,B,s2b-r16-31,512,512,87,0,16,0,4,4,22.0,42.8,50.9
s2b-r16,4,B,s2b-r16-32,512,512,156,0,2,0,4,1,213.0,42.8,50.9
s2b-r16,4,B,s2b-r16-33,512,512,96,0,2,0,1,1,42.0,42.8,50.9
s2b-r16,4,B,s2b-r16-34,512,512,151,6,64,0,6,6,130.0,42.8,50.9
s2b-r16,4,B,s2b-r16-35,512,512,100,6,64,0,6,6,12.0,42.8,50.9
s2b-r16,4,B,s2b-r16-36,512,512,100,6,64,0,6,6,18.0,42.8,50.9
s2b-r16,4,B,s2b-r16-37,512,512,100,6,64,0,6,6,52.0,42.8,50.9
s2b-r16,4,B,s2b-r16-38,512,512,100,6,64,0,6,6,50.0,42.8,50.9
s2b-r16,4,B,s2b-r16-39,512,512,82,0,1,0,0,0,128.0,42.8,50.9
s2b-r16,4,B,s2b-r16-40,512,512,156,6,128,0,7,7,2162.0,42.8,50.9
s2b-r16,4,B,s2b-r16-41,512,512,115,6,128,0,7,7,64.0,42.8,50.9
s2b-r16,4,B,s2b-r16-42,512,512,101,6,128,0,7,7,151.0,42.8,50.9
s2b-r16,4,B,s2b-r16-43,512,512,102,6,128,0,7,7,49.0,42.8,50.9
s2b-r16,4,B,s2b-r16-44,512,512,101,6,128,0,7,7,145.0,42.8,50.9
s2b-r16,4,B,s2b-r16-45,512,512,103,6,128,0,7,7,50.0,42.8,50.9
s2b-r16,4,B,s2b-r16-46,512,512,68,6,128,0,7,7,148.0,42.8,50.9
s2b-r16,4,B,s2b-r16-47,512,512,103,6,128,0,7,7,58.0,42.8,50.9
s2b-r16,4,B,s2b-r16-48,512,512,87,6,128,0,7,7,50.0,42.8,50.9
s2b-r16,4,B,s2b-r16-49,512,512,99,6,128,0,7,7,154.0,42.8,50.9
s2b-r16,4,B,s2b-r16-50,512,512,102,6,128,0,7,7,51.0,42.8,50.9
s2b-r16,4,B,s2b-r16-51,512,512,102,6,128,0,7,7,120.0,42.8,50.9
s2b-r16,4,B,s2b-r16-52,512,512,102,6,128,0,7,7,52.0,42.8,50.9
s2b-r16,4,B,s2b-r16-53,512,512,102,6,128,0,7,7,148.0,42.8,50.9
s2b-r16,4,B,s2b-r16-54,512,512,101,6,128,0,7,7,66.0,42.8,50.9
s2b-r16,4,B,s2b-r16-55,512,512,106,6,128,0,7,7,175.0,42.8,50.9
s2b-r16,4,B,s2b-r16-56,512,512,96,6,128,0,7,7,61.0,42.8,50.9
s2b-r16,4,B,s2b-r16-57,512,512,100,6,128,0,7,7,157.0,42.8,50.9
s2b-r16,4,B,s2b-r16-58,512,512,103,6,128,0,7,7,51.0,42.8,50.9
s2b-r16,4,B,s2b-r16-59,512,512,100,6,128,0,7,7,149.0,42.8,50.9
s2b-r16,4,B,s2b-r16-60,512,512,103,6,128,0,7,7,48.0,42.8,50.9
s2b-r16,4,B,s2b-r16-61,512,512,98,6,128,0,7,7,123.0,42.8,50.9
s2b-r16,4,B,s2b-r16-62,512,512,98,6,128,0,7,7,49.0,42.8,50.9
s2b-r16,4,B,s2b-r16-63,512,512,100,6,128,0,7,7,214.0,42.8,50.9
s2b-r16,4,B,s2b-r16-64,512,512,104,6,128,0,7,7,48.0,42.8,50.9
s2b-r16,4,B,s2b-r16-65,512,512,98,6,128,0,7,7,49.0,42.8,50.9
s2b-r16,4,B,s2b-r16-66,512,512,98,6,128,0,7,7,129.0,42.8,50.9
s2b-r16,4,B,s2b-r16-67,512,512,102,6,128,0,7,7,52.0,42.8,50.9
s2b-r16,4,B,s2b-r16-68,512,512,99,6,128,0,7,7,303.0,42.8,50.9
s2b-r16,4,B,s2b-r16-69,512,512,114,6,128,0,7,7,56.0,42.8,50.9
s2b-r16,4,B,s2b-r16-70,512,512,104,6,128,0,7,7,198.0,42.8,50.9
s2b-r16,4,B,s2b-r16-71,512,512,104,6,128,0,7,7,52.0,42.8,50.9
s2b-r16,4,B,s2b-r16-72,512,512,104,6,128,0,7,7,49.0,42.8,50.9
s2b-r16,4,B,s2b-r16-73,512,512,71,6,128,0,7,7,159.0,42.8,50.9
s2b-r16,4,B,s2b-r16-74,512,512,104,6,128,0,7,7,59.0,42.8,50.9
s2b-r16,4,B,s2b-r16-75,512,512,92,6,128,0,7,7,157.0,42.8,50.9
s2b-r16,4,B,s2b-r16-76,512,512,103,6,128,0,7,7,55.0,42.8,50.9
s2b-r16,4,B,s2b-r16-77,512,512,99,6,128,0,7,7,61.0,42.8,50.9
s2b-r16,4,B,s2b-r16-78,512,512,104,6,128,0,7,7,53.0,42.8,50.9
s2b-r16,4,B,s2b-r16-79,512,512,100,6,128,0,7,7,50.0,42.8,50.9
s2b-r16,4,B,s2b-r16-80,512,512,101,6,128,0,7,7,50.0,42.8,50.9
s2b-r16,4,B,s2b-r16-81,512,512,99,6,128,0,7,7,49.0,42.8,50.9
s2b-r16,4,B,s2b-r16-82,512,512,77,6,128,0,7,7,156.0,42.8,50.9
s2b-r16,4,B,s2b-r16-83,512,512,103,6,128,0,7,7,51.0,42.8,50.9
s2b-r16,4,B,s2b-r16-84,512,512,98,6,128,0,7,7,51.0,42.8,50.9
s2b-r16,4,B,s2b-r16-85,512,512,13,6,128,0,7,7,200.0,42.8,50.9
s2b-r16,4,B,s2b-r16-86,512,512,105,6,128,0,7,7,51.0,42.8,50.9
s2b-r16,4,B,s2b-r16-87,512,512,98,6,128,0,7,7,163.0,42.8,50.9
s2b-r16,4,B,s2b-r16-88,512,512,78,6,128,0,7,7,51.0,42.8,50.9
s2b-r16,4,B,s2b-r16-89,512,512,98,6,128,0,7,7,215.0,42.8,50.9
s2b-r16,4,B,s2b-r16-90,512,512,104,6,128,0,7,7,54.0,42.8,50.9
s2b-r16,4,B,s2b-r16-91,512,512,100,6,128,0,7,7,154.0,42.8,50.9
s2b-r16,4,B,s2b-r16-92,512,512,103,6,128,0,7,7,54.0,42.8,50.9
s2b-r16,4,B,s2b-r16-93,512,512,72,6,128,0,7,7,126.0,42.8,50.9
s2b-r16,4,B,s2b-r16-94,512,512,102,6,128,0,7,7,49.0,42.8,50.9
s2b-r16,4,B,s2b-r16-95,512,512,98,6,128,0,7,7,110.0,42.8,50.9
s2b-r16,4,B,s2b-r16-96,512,512,72,6,128,0,7,7,51.0,42.8,50.9
s2b-r16,4,B,s2b-r16-97,512,512,97,6,128,0,7,7,428.0,42.8,50.9
s2b-r16,4,B,s2b-r16-98,512,512,106,6,128,0,7,7,56.0,42.8,50.9
s2b-r16,4,B,s2b-r16-99,512,512,97,6,128,0,7,7,180.0,42.8,50.9
s2b-r16,4,B,s2b-r16-100,512,512,105,6,128,0,7,7,57.0,42.8,50.9
s2b-r16,4,B,s2b-r16-101,512,512,97,6,128,0,7,7,163.0,42.8,50.9
s2b-r16,4,B,s2b-r16-102,512,512,97,6,128,0,7,7,54.0,42.8,50.9
s2b-r16,4,B,s2b-r16-103,512,512,99,6,128,0,7,7,208.0,42.8,50.9
s2b-r16,4,B,s2b-r16-104,512,512,110,6,128,0,7,7,54.0,42.8,50.9
s2b-r16,4,B,s2b-r16-105,512,512,103,6,128,0,7,7,129.0,42.8,50.9
s2b-r16,4,B,s2b-r16-106,512,512,103,6,128,0,7,7,48.0,42.8,50.9
s2b-r16,4,B,s2b-r16-107,512,512,103,6,128,0,7,7,148.0,42.8,50.9
s2b-r16,4,B,s2b-r16-108,512,512,103,6,128,0,7,7,47.0,42.8,50.9
s2b-r16,4,B,s2b-r16-109,512,512,98,6,128,0,7,7,156.0,42.8,50.9
s2b-r16,4,B,s2b-r16-110,512,512,98,6,128,0,7,7,60.0,42.8,50.9
s2b-r16,4,B,s2b-r16-111,512,512,98,6,128,0,7,7,465.0,42.8,50.9
s2b-r16,4,B,s2b-r16-112,512,512,114,6,128,0,7,7,53.0,42.8,50.9
s2b-r16,4,B,s2b-r16-113,512,512,85,6,128,0,7,7,128.0,42.8,50.9
s2b-r16,4,B,s2b-r16-114,512,512,102,6,128,0,7,7,58.0,42.8,50.9
s2b-r16,4,B,s2b-r16-115,512,512,98,6,128,0,7,7,302.0,42.8,50.9
s2b-r16,4,B,s2b-r16-116,512,512,114,6,128,0,7,7,50.0,42.8,50.9
s2b-r16,4,B,s2b-r16-117,512,512,97,6,128,0,7,7,145.0,42.8,50.9
s2b-r16,4,B,s2b-r16-118,512,512,106,0,1,0,0,0,141.0,42.8,50.9
s2b-r16,4,B,s2b-r16-119,512,512,153,6,128,0,7,7,2106.0,42.8,50.9
s2b-r16,4,B,s2b-r16-120,512,512,107,6,128,0,7,7,63.0,42.8,50.9
s2b-r16,4,B,s2b-r16-121,512,512,100,6,128,0,7,7,157.0,42.8,50.9
s2b-r16,4,B,s2b-r16-122,512,512,106,6,128,0,7,7,51.0,42.8,50.9
s2b-r16,4,B,s2b-r16-123,512,512,100,6,128,0,7,7,147.0,42.8,50.9
s2b-r16,4,B,s2b-r16-124,512,512,101,6,128,0,7,7,51.0,42.8,50.9
s2b-r16,4,B,s2b-r16-125,512,512,56,6,128,0,7,7,164.0,42.8,50.9
s2b-r16,4,B,s2b-r16-126,512,512,105,6,128,0,7,7,53.0,42.8,50.9
s2b-r16,4,B,s2b-r16-127,512,512,100,6,128,0,7,7,157.0,42.8,50.9
s2b-r16,4,B,s2b-r16-128,512,512,103,6,128,0,7,7,51.0,42.8,50.9
s2b-r16,4,B,s2b-r16-129,512,512,102,6,128,0,7,7,263.0,42.8,50.9
s2b-r16,4,B,s2b-r16-130,512,512,106,6,128,0,7,7,50.0,42.8,50.9
s2b-r16,4,B,s2b-r16-131,512,512,102,6,128,0,7,7,150.0,42.8,50.9
s2b-r16,4,B,s2b-r16-132,512,512,102,6,128,0,7,7,52.0,42.8,50.9
s2b-r16,4,B,s2b-r16-133,512,512,102,6,128,0,7,7,128.0,42.8,50.9
s2b-r16,4,B,s2b-r16-134,512,512,103,6,128,0,7,7,60.0,42.8,50.9
s2b-r16,4,B,s2b-r16-135,512,512,103,6,128,0,7,7,57.0,42.8,50.9
s2b-r16,4,B,s2b-r16-136,512,512,106,6,128,0,7,7,209.0,42.8,50.9
s2b-r16,4,B,s2b-r16-137,512,512,107,6,128,0,7,7,58.0,42.8,50.9
s2b-r16,4,B,s2b-r16-138,512,512,98,6,128,0,7,7,186.0,42.8,50.9
s2b-r16,4,B,s2b-r16-139,512,512,105,6,128,0,7,7,55.0,42.8,50.9
s2b-r16,4,B,s2b-r16-140,512,512,98,6,128,0,7,7,180.0,42.8,50.9
s2b-r16,4,B,s2b-r16-141,512,512,111,6,128,0,7,7,55.0,42.8,50.9
s2b-r16,4,B,s2b-r16-142,512,512,99,6,128,0,7,7,154.0,42.8,50.9
s2b-r16,4,B,s2b-r16-143,512,512,99,6,128,0,7,7,58.0,42.8,50.9
s2b-r16,4,B,s2b-r16-144,512,512,99,6,128,0,7,7,349.0,42.8,50.9
s2b-r16,4,B,s2b-r16-145,512,512,111,6,128,0,7,7,49.0,42.8,50.9
s2b-r16,4,B,s2b-r16-146,512,512,78,0,1,0,0,0,122.0,42.8,50.9
s2b-r16,4,B,s2b-r16-147,512,512,162,0,1,0,0,0,39.0,42.8,50.9
s2b-r16,4,B,s2b-r16-148,512,512,162,6,64,0,6,6,79.0,42.8,50.9
s2b-r16,4,B,s2b-r16-149,512,512,104,0,16,0,4,4,70.0,42.8,50.9
s2b-r16,4,B,s2b-r16-150,512,512,98,0,16,0,4,4,38.0,42.8,50.9
s2b-r16,4,B,s2b-r16-151,512,512,155,0,16,0,4,4,61.0,42.8,50.9
s2b-r16,4,B,s2b-r16-152,512,512,155,0,16,0,4,4,26.0,42.8,50.9
s2b-r16,4,B,s2b-r16-153,512,512,151,0,16,0,4,4,49.0,42.8,50.9
s2b-r16,4,B,s2b-r16-154,512,512,151,6,128,0,7,7,1833.0,42.8,50.9
s2b-r16,4,B,s2b-r16-155,512,512,110,6,128,0,7,7,59.0,42.8,50.9
s2b-r16,4,B,s2b-r16-156,512,512,110,6,128,0,7,7,127.0,42.8,50.9
s2b-r16,4,B,s2b-r16-157,512,512,41,6,128,0,7,7,55.0,42.8,50.9
s2b-r16,4,B,s2b-r16-158,512,512,100,6,128,0,7,7,151.0,42.8,50.9
s2b-r16,4,B,s2b-r16-159,512,512,105,6,128,0,7,7,50.0,42.8,50.9
s2b-r16,4,B,s2b-r16-160,512,512,64,6,128,0,7,7,175.0,42.8,50.9
s2b-r16,4,B,s2b-r16-161,512,512,112,6,128,0,7,7,52.0,42.8,50.9
s2b-r16,4,B,s2b-r16-162,512,512,112,6,128,0,7,7,182.0,42.8,50.9
s2b-r16,4,B,s2b-r16-163,512,512,112,6,128,0,7,7,50.0,42.8,50.9
s2b-r16,4,B,s2b-r16-164,512,512,112,6,128,0,7,7,142.0,42.8,50.9
s2b-r16,4,B,s2b-r16-165,512,512,54,6,128,0,7,7,50.0,42.8,50.9
s2b-r16,4,B,s2b-r16-166,512,512,98,6,128,0,7,7,181.0,42.8,50.9
s2b-r16,4,B,s2b-r16-167,512,512,104,6,128,0,7,7,50.0,42.8,50.9
s2b-r16,4,B,s2b-r16-168,512,512,31,6,128,0,7,7,125.0,42.8,50.9
s2b-r16,4,B,s2b-r16-169,512,512,103,6,128,0,7,7,48.0,42.8,50.9
s2b-r16,4,B,s2b-r16-170,512,512,78,6,128,0,7,7,187.0,42.8,50.9
s2b-r16,4,B,s2b-r16-171,512,512,103,6,128,0,7,7,56.0,42.8,50.9
s2b-r16,4,B,s2b-r16-172,512,512,103,6,128,0,7,7,203.0,42.8,50.9
s2b-r16,4,B,s2b-r16-173,512,512,103,6,128,0,7,7,51.0,42.8,50.9
s2b-r16,4,B,s2b-r16-174,512,512,103,6,128,0,7,7,153.0,42.8,50.9
s2b-r16,4,B,s2b-r16-175,512,512,103,6,128,0,7,7,50.0,42.8,50.9
s2b-r16,4,B,s2b-r16-176,512,512,98,6,128,0,7,7,155.0,42.8,50.9
s2b-r16,4,B,s2b-r16-177,512,512,104,6,128,0,7,7,51.0,42.8,50.9
s2b-r16,4,B,s2b-r16-178,512,512,98,6,128,0,7,7,171.0,42.8,50.9
s2b-r16,4,B,s2b-r16-179,512,512,105,6,128,0,7,7,55.0,42.8,50.9
s2b-r16,4,B,s2b-r16-180,512,512,99,6,128,0,7,7,50.0,42.8,50.9
s2b-r16,4,B,s2b-r16-181,512,512,99,6,128,0,7,7,82.0,42.8,50.9
s2b-r16,4,B,s2b-r16-182,512,512,100,6,128,0,7,7,49.0,42.8,50.9
s2b-r16,4,B,s2b-r16-183,512,512,73,6,128,0,7,7,147.0,42.8,50.9
s2b-r16,4,B,s2b-r16-184,512,512,104,6,128,0,7,7,54.0,42.8,50.9
s2b-r16,4,B,s2b-r16-185,512,512,97,6,128,0,7,7,173.0,42.8,50.9
s2b-r16,4,B,s2b-r16-186,512,512,90,6,128,0,7,7,57.0,42.8,50.9
s2b-r16,4,B,s2b-r16-187,512,512,103,6,128,0,7,7,184.0,42.8,50.9
s2b-r16,4,B,s2b-r16-188,512,512,103,6,128,0,7,7,58.0,42.8,50.9
s2b-r16,4,B,s2b-r16-189,512,512,103,6,128,0,7,7,177.0,42.8,50.9
s2b-r16,4,B,s2b-r16-190,512,512,108,6,128,0,7,7,55.0,42.8,50.9
s2b-r16,4,B,s2b-r16-191,512,512,74,6,128,0,7,7,187.0,42.8,50.9
s2b-r16,4,B,s2b-r16-192,512,512,111,6,128,0,7,7,50.0,42.8,50.9
s2b-r16,4,B,s2b-r16-193,512,512,91,6,128,0,7,7,64.0,42.8,50.9
s2b-r16,4,B,s2b-r16-194,512,512,101,6,128,0,7,7,47.0,42.8,50.9
s2b-r16,4,B,s2b-r16-195,512,512,75,6,128,0,7,7,134.0,42.8,50.9
s2b-r16,4,B,s2b-r16-196,512,512,104,6,128,0,7,7,47.0,42.8,50.9
s2b-r16,4,B,s2b-r16-197,512,512,86,6,128,0,7,7,177.0,42.8,50.9
s2b-r16,4,B,s2b-r16-198,512,512,115,6,128,0,7,7,57.0,42.8,50.9
s2b-r16,4,B,s2b-r16-199,512,512,115,6,128,0,7,7,177.0,42.8,50.9
s2b-r16,4,B,s2b-r16-200,512,512,115,6,128,0,7,7,57.0,42.8,50.9
s2b-r16,4,B,s2b-r16-201,512,512,115,6,128,0,7,7,172.0,42.8,50.9
s2b-r16,4,B,s2b-r16-202,512,512,64,6,128,0,7,7,50.0,42.8,50.9
s2b-r16,4,B,s2b-r16-203,512,512,98,6,128,0,7,7,161.0,42.8,50.9
s2b-r16,4,B,s2b-r16-204,512,512,104,6,128,0,7,7,55.0,42.8,50.9
s2b-r16,4,B,s2b-r16-205,512,512,102,6,128,0,7,7,172.0,42.8,50.9
s2b-r16,4,B,s2b-r16-206,512,512,103,6,128,0,7,7,52.0,42.8,50.9
s2b-r16,4,B,s2b-r16-207,512,512,103,6,128,0,7,7,156.0,42.8,50.9
s2b-r16,4,B,s2b-r16-208,512,512,103,6,128,0,7,7,53.0,42.8,50.9
s2b-r16,4,B,s2b-r16-209,512,512,103,6,128,0,7,7,143.0,42.8,50.9
s2b-r16,4,B,s2b-r16-210,512,512,102,0,2,0,1,1,147.0,42.8,50.9
s2b-r16,4,B,s2b-r16-211,512,512,156,6,64,0,6,6,2096.0,42.8,50.9
s2b-r16,4,B,s2b-r16-212,512,512,108,6,64,0,6,6,79.0,42.8,50.9
s2b-r16,4,B,s2b-r16-213,512,512,102,6,64,0,6,6,52.0,42.8,50.9
s2b-r16,4,B,s2b-r16-214,512,512,12,6,64,0,6,6,53.0,42.8,50.9
s2b-r16,4,B,s2b-r16-215,512,512,99,6,64,0,6,6,84.0,42.8,50.9
s2b-r16,4,B,s2b-r16-216,512,512,99,6,64,0,6,6,54.0,42.8,50.9
s2b-r16,4,B,s2b-r16-217,512,512,100,6,64,0,6,6,181.0,42.8,50.9
s2b-r16,4,B,s2b-r16-218,512,512,105,6,64,0,6,6,54.0,42.8,50.9
s2b-r16,4,B,s2b-r16-219,512,512,105,6,64,0,6,6,60.0,42.8,50.9
s2b-r16,4,B,s2b-r16-220,512,512,105,6,64,0,6,6,54.0,42.8,50.9
s2b-r16,4,B,s2b-r16-221,512,512,105,6,64,0,6,6,148.0,42.8,50.9
s2b-r16,4,B,s2b-r16-222,512,512,105,6,64,0,6,6,47.0,42.8,50.9
s2b-r16,4,B,s2b-r16-223,512,512,105,6,64,0,6,6,125.0,42.8,50.9
s2b-r16,4,B,s2b-r16-224,512,512,105,6,64,0,6,6,50.0,42.8,50.9
s2b-r16,4,B,s2b-r16-225,512,512,86,6,64,0,6,6,180.0,42.8,50.9
s2b-r16,4,B,s2b-r16-226,512,512,116,6,64,0,6,6,54.0,42.8,50.9
s2b-r16,4,B,s2b-r16-227,512,512,98,6,128,0,7,7,294.0,42.8,50.9
s2b-r16,4,B,s2b-r16-228,512,512,111,6,128,0,7,7,47.0,42.8,50.9
s2b-r16,4,B,s2b-r16-229,512,512,83,6,128,0,7,7,172.0,42.8,50.9
s2b-r16,4,B,s2b-r16-230,512,512,112,6,128,0,7,7,54.0,42.8,50.9
s2b-r16,4,B,s2b-r16-231,512,512,96,6,64,0,6,6,237.0,42.8,50.9
s2b-r16,4,B,s2b-r16-232,512,512,116,6,64,0,6,6,55.0,42.8,50.9
s2b-r16,4,B,s2b-r16-233,512,512,116,6,64,0,6,6,142.0,42.8,50.9
s2b-r16,4,B,s2b-r16-234,512,512,116,6,64,0,6,6,49.0,42.8,50.9
s2b-r16,4,B,s2b-r16-235,512,512,93,6,64,0,6,6,48.0,42.8,50.9
s2b-r16,4,B,s2b-r16-236,512,512,98,6,64,0,6,6,154.0,42.8,50.9
s2b-r16,4,B,s2b-r16-237,512,512,103,6,64,0,6,6,53.0,42.8,50.9
s2b-r16,4,B,s2b-r16-238,512,512,93,6,64,0,6,6,147.0,42.8,50.9
s2b-r16,4,B,s2b-r16-239,512,512,104,6,64,0,6,6,56.0,42.8,50.9
s2b-r16,4,B,s2b-r16-240,512,512,104,6,64,0,6,6,392.0,42.8,50.9
s2b-r16,4,B,s2b-r16-241,512,512,115,6,64,0,6,6,55.0,42.8,50.9
s2b-r16,4,B,s2b-r16-242,512,512,104,6,64,0,6,6,125.0,42.8,50.9
s2b-r16,4,B,s2b-r16-243,512,512,101,6,64,0,6,6,52.0,42.8,50.9
s2b-r16,4,B,s2b-r16-244,512,512,101,6,64,0,6,6,178.0,42.8,50.9
s2b-r16,4,B,s2b-r16-245,512,512,108,6,64,0,6,6,56.0,42.8,50.9
s2b-r16,4,B,s2b-r16-246,512,512,102,0,32,0,5,5,146.0,42.8,50.9
s2b-r16,4,B,s2b-r16-247,512,512,112,6,64,0,6,6,2063.0,42.8,50.9
s2b-r16,4,B,s2b-r16-248,512,512,112,0,2,0,1,1,124.0,42.8,50.9
s2b-r16,4,B,s2b-r16-249,512,512,112,6,128,0,7,7,2082.0,42.8,50.9
s2b-r16,4,B,s2b-r16-250,512,512,111,6,128,0,7,7,73.0,42.8,50.9
s2b-r16,4,B,s2b-r16-251,512,512,111,6,128,0,7,7,344.0,42.8,50.9
s2b-r16,4,B,s2b-r16-252,512,512,115,6,128,0,7,7,55.0,42.8,50.9
s2b-r16,4,B,s2b-r16-253,512,512,98,6,128,0,7,7,184.0,42.8,50.9
s2b-r16,4,B,s2b-r16-254,512,512,105,6,128,0,7,7,57.0,42.8,50.9
s2b-r16,4,B,s2b-r16-255,512,512,105,6,128,0,7,7,177.0,42.8,50.9
s2b-r16,4,B,s2b-r16-256,512,512,98,6,128,0,7,7,57.0,42.8,50.9
s2b-r16,4,B,s2b-r16-257,512,512,100,6,128,0,7,7,53.0,42.8,50.9
s2b-r16,4,B,s2b-r16-258,512,512,100,6,128,0,7,7,52.0,42.8,50.9
s2b-r16,4,B,s2b-r16-259,512,512,100,6,128,0,7,7,148.0,42.8,50.9
s2b-r16,4,B,s2b-r16-260,512,512,107,6,128,0,7,7,48.0,42.8,50.9
s2b-r16,4,B,s2b-r16-261,512,512,97,0,2,0,7,7,131.0,42.8,50.9
s2b-r16,4,B,s2b-r16-262,512,512,108,0,2,0,1,1,57.0,42.8,50.9
s2b-r16,4,B,s2b-r16-263,512,512,109,6,64,0,6,6,18.0,42.8,50.9
s2b-r16,4,B,s2b-r16-264,512,512,97,6,64,0,6,6,153.0,42.8,50.9
s2b-r16,4,B,s2b-r16-265,512,512,110,0,1,0,0,0,60.0,42.8,50.9
s2b-r16,4,B,s2b-r16-266,512,512,115,0,2,0,1,1,25.0,42.8,50.9
s2b-r16,4,B,s2b-r16-267,512,512,159,6,64,0,6,6,95.0,42.8,50.9
s2b-r16,4,B,s2b-r16-268,512,512,110,6,128,0,7,7,86.0,42.8,50.9
s2b-r16,4,B,s2b-r16-269,512,512,99,6,128,0,7,7,100.0,42.8,50.9
s2b-r16,4,B,s2b-r16-270,512,512,99,6,128,0,7,7,129.0,42.8,50.9
s2b-r16,4,B,s2b-r16-271,512,512,102,6,128,0,7,7,49.0,42.8,50.9
s2b-r16,4,B,s2b-r16-272,512,512,99,6,128,0,7,7,141.0,42.8,50.9
s2b-r16,4,B,s2b-r16-273,512,512,67,6,128,0,7,7,50.0,42.8,50.9
s2b-r16,4,B,s2b-r16-274,512,512,99,6,128,0,7,7,211.0,42.8,50.9
s2b-r16,4,B,s2b-r16-275,512,512,105,6,128,0,7,7,49.0,42.8,50.9
s2b-r16,4,B,s2b-r16-276,512,512,75,6,128,0,7,7,180.0,42.8,50.9
s2b-r16,4,B,s2b-r16-277,512,512,105,6,128,0,7,7,58.0,42.8,50.9
s2b-r16,4,B,s2b-r16-278,512,512,98,6,128,0,7,7,217.0,42.8,50.9
s2b-r16,4,B,s2b-r16-279,512,512,113,6,128,0,7,7,55.0,42.8,50.9
s2b-r16,4,B,s2b-r16-280,512,512,100,6,128,0,7,7,242.0,42.8,50.9
s2b-r16,4,B,s2b-r16-281,512,512,107,6,128,0,7,7,50.0,42.8,50.9
s2b-r16,4,B,s2b-r16-282,512,512,107,6,128,0,7,7,180.0,42.8,50.9
s2b-r16,4,B,s2b-r16-283,512,512,107,6,128,0,7,7,51.0,42.8,50.9
s2b-r16,4,B,s2b-r16-284,512,512,107,6,128,0,7,7,152.0,42.8,50.9
s2b-r16,4,B,s2b-r16-285,512,512,107,6,128,0,7,7,49.0,42.8,50.9
s2b-r16,4,B,s2b-r16-286,512,512,69,6,128,0,7,7,146.0,42.8,50.9
s2b-r16,4,B,s2b-r16-287,512,512,106,6,128,0,7,7,51.0,42.8,50.9
s2b-r16,4,B,s2b-r16-288,512,512,88,6,128,0,7,7,205.0,42.8,50.9
s2b-r16,4,B,s2b-r16-289,512,512,104,6,128,0,7,7,59.0,42.8,50.9
s2b-r16,4,B,s2b-r16-290,512,512,104,6,128,0,7,7,205.0,42.8,50.9
s2b-r16,4,B,s2b-r16-291,512,512,104,6,128,0,7,7,48.0,42.8,50.9
s2b-r16,4,B,s2b-r16-292,512,512,104,6,128,0,7,7,254.0,42.8,50.9
s2b-r16,4,B,s2b-r16-293,512,512,109,6,128,0,7,7,54.0,42.8,50.9
s2b-r16,4,B,s2b-r16-294,512,512,109,6,128,0,7,7,206.0,42.8,50.9
s2b-r16,4,B,s2b-r16-295,512,512,113,6,128,0,7,7,61.0,42.8,50.9
s2b-r16,4,B,s2b-r16-296,512,512,109,6,128,0,7,7,147.0,42.8,50.9
s2b-r16,4,B,s2b-r16-297,512,512,102,6,128,0,7,7,48.0,42.8,50.9
s2b-r16,4,B,s2b-r16-298,512,512,102,6,64,0,6,6,144.0,42.8,50.9
s2b-r16,4,B,s2b-r16-299,512,512,107,6,64,0,6,6,53.0,42.8,50.9
s2b-r16,4,B,s2b-r16-300,512,512,94,6,64,0,6,6,63.0,42.8,50.9
s2b-r16,4,B,s2b-r16-301,512,512,106,6,64,0,6,6,108.0,42.8,50.9
s2b-r16,4,B,s2b-r16-302,512,512,94,6,64,0,6,6,54.0,42.8,50.9
s2b-r16,4,B,s2b-r16-303,512,512,100,6,64,0,6,6,173.0,42.8,50.9
s2b-r16,4,B,s2b-r16-304,512,512,106,6,64,0,6,6,56.0,42.8,50.9
s2b-r16,4,B,s2b-r16-305,512,512,106,6,64,0,6,6,181.0,42.8,50.9
s2b-r16,4,B,s2b-r16-306,512,512,106,6,64,0,6,6,55.0,42.8,50.9
s2b-r16,4,B,s2b-r16-307,512,512,106,6,64,0,6,6,187.0,42.8,50.9
s2b-r16,4,B,s2b-r16-308,512,512,57,6,64,0,6,6,56.0,42.8,50.9
s2b-r16,4,B,s2b-r16-309,512,512,100,6,64,0,6,6,157.0,42.8,50.9
s2b-r16,4,B,s2b-r16-310,512,512,105,6,64,0,6,6,49.0,42.8,50.9
s2b-r16,4,B,s2b-r16-311,512,512,69,6,64,0,6,6,147.0,42.8,50.9
s2b-r16,4,B,s2b-r16-312,512,512,103,6,64,0,6,6,52.0,42.8,50.9
s2b-r16,4,B,s2b-r16-313,512,512,99,6,64,0,6,6,117.0,42.8,50.9
s2b-r16,4,B,s2b-r16-314,512,512,90,6,64,0,6,6,47.0,42.8,50.9
s2b-r16,4,B,s2b-r16-315,512,512,97,6,64,0,6,6,160.0,42.8,50.9
s2b-r16,4,B,s2b-r16-316,512,512,115,6,64,0,6,6,49.0,42.8,50.9
s2b-r16,4,B,s2b-r16-317,512,512,100,6,64,0,6,6,203.0,42.8,50.9
s2b-r16,4,B,s2b-r16-318,512,512,104,6,64,0,6,6,56.0,42.8,50.9
s2b-r16,4,B,s2b-r16-319,512,512,101,6,64,0,6,6,187.0,42.8,50.9
s2b-r16,4,B,s2b-r16-320,512,512,105,6,64,0,6,6,48.0,42.8,50.9
s2b-r16,4,B,s2b-r16-321,512,512,105,6,64,0,6,6,139.0,42.8,50.9
s2b-r16,4,B,s2b-r16-322,512,512,105,6,64,0,6,6,60.0,42.8,50.9
s2b-r16,4,B,s2b-r16-323,512,512,105,6,64,0,6,6,190.0,42.8,50.9
s2b-r16,4,B,s2b-r16-324,512,512,110,6,64,0,6,6,51.0,42.8,50.9
s2b-r16,4,B,s2b-r16-325,512,512,110,6,64,0,6,6,128.0,42.8,50.9
s2b-r16,4,B,s2b-r16-326,512,512,110,6,64,0,6,6,48.0,42.8,50.9
s2b-r16,4,B,s2b-r16-327,512,512,110,6,64,0,6,6,207.0,42.8,50.9
s2b-r16,4,B,s2b-r16-328,512,512,110,6,64,0,6,6,54.0,42.8,50.9
s2b-r16,4,B,s2b-r16-329,512,512,104,6,64,0,6,6,199.0,42.8,50.9
s2b-r16,4,B,s2b-r16-330,512,512,109,6,64,0,6,6,55.0,42.8,50.9
s2b-r16,4,B,s2b-r16-331,512,512,104,6,64,0,6,6,205.0,42.8,50.9
s2b-r16,4,B,s2b-r16-332,512,512,110,6,64,0,6,6,58.0,42.8,50.9
s2b-r16,4,B,s2b-r16-333,512,512,101,6,64,0,6,6,64.0,42.8,50.9
s2b-r16,4,B,s2b-r16-334,512,512,101,6,64,0,6,6,53.0,42.8,50.9
s2b-r16,4,B,s2b-r16-335,512,512,101,6,64,0,6,6,128.0,42.8,50.9
s2b-r16,4,B,s2b-r16-336,512,512,101,6,64,0,6,6,50.0,42.8,50.9
s2b-r16,4,B,s2b-r16-337,512,512,53,6,64,0,6,6,146.0,42.8,50.9
s2b-r16,4,B,s2b-r16-338,512,512,102,0,16,0,4,4,56.0,42.8,50.9
s2b-r16,4,B,s2b-r16-339,512,512,151,0,16,0,4,4,37.0,42.8,50.9
s2b-r16,4,B,s2b-r16-340,512,512,0,6,128,0,7,7,2389.0,42.8,50.9
s2b-r16,4,B,s2b-r16-341,512,512,133,0,32,0,5,5,83.0,42.8,50.9
s2b-r16,4,B,s2b-r16-342,512,512,80,0,32,0,5,5,16.0,42.8,50.9
s2b-r16,4,B,s2b-r16-343,512,512,154,6,128,0,7,7,2178.0,42.8,50.9
s2b-r16,4,B,s2b-r16-344,512,512,121,6,128,0,7,7,73.0,42.8,50.9
s2b-r16,4,B,s2b-r16-345,512,512,102,6,128,0,7,7,206.0,42.8,50.9
s2b-r16,4,B,s2b-r16-346,512,512,104,6,128,0,7,7,54.0,42.8,50.9
s2b-r16,4,B,s2b-r16-347,512,512,101,6,128,0,7,7,174.0,42.8,50.9
s2b-r16,4,B,s2b-r16-348,512,512,105,6,128,0,7,7,48.0,42.8,50.9
s2b-r16,4,B,s2b-r16-349,512,512,105,6,128,0,7,7,50.0,42.8,50.9
s2b-r16,4,B,s2b-r16-350,512,512,105,6,128,0,7,7,169.0,42.8,50.9
s2b-r16,4,B,s2b-r16-351,512,512,105,6,128,0,7,7,49.0,42.8,50.9
s2b-r16,4,B,s2b-r16-352,512,512,74,6,128,0,7,7,152.0,42.8,50.9
s2b-r16,4,B,s2b-r16-353,512,512,102,6,128,0,7,7,56.0,42.8,50.9
s2b-r16,4,B,s2b-r16-354,512,512,98,6,128,0,7,7,154.0,42.8,50.9
s2b-r16,4,B,s2b-r16-355,512,512,85,6,128,0,7,7,49.0,42.8,50.9
s2b-r16,4,B,s2b-r16-356,512,512,102,6,128,0,7,7,135.0,42.8,50.9
s2b-r16,4,B,s2b-r16-357,512,512,85,6,128,0,7,7,54.0,42.8,50.9
s2b-r16,4,B,s2b-r16-358,512,512,98,6,128,0,7,7,178.0,42.8,50.9
s2b-r16,4,B,s2b-r16-359,512,512,104,6,128,0,7,7,56.0,42.8,50.9
s2b-r16,4,B,s2b-r16-360,512,512,104,6,128,0,7,7,50.0,42.8,50.9
s2b-r16,4,B,s2b-r16-361,512,512,104,6,128,0,7,7,61.0,42.8,50.9
s2b-r16,4,B,s2b-r16-362,512,512,104,6,128,0,7,7,49.0,42.8,50.9
s2b-r16,4,B,s2b-r16-363,512,512,98,6,128,0,7,7,145.0,42.8,50.9
s2b-r16,4,B,s2b-r16-364,512,512,102,6,128,0,7,7,49.0,42.8,50.9
s2b-r16,4,B,s2b-r16-365,512,512,98,6,128,0,7,7,146.0,42.8,50.9
s2b-r16,4,B,s2b-r16-366,512,512,104,6,128,0,7,7,50.0,42.8,50.9
s2b-r16,4,B,s2b-r16-367,512,512,97,6,128,0,7,7,140.0,42.8,50.9
s2b-r16,4,B,s2b-r16-368,512,512,102,6,128,0,7,7,50.0,42.8,50.9
s2b-r16,4,B,s2b-r16-369,512,512,99,6,128,0,7,7,206.0,42.8,50.9
s2b-r16,4,B,s2b-r16-370,512,512,106,6,128,0,7,7,48.0,42.8,50.9
s2b-r16,4,B,s2b-r16-371,512,512,98,6,128,0,7,7,127.0,42.8,50.9
s2b-r16,4,B,s2b-r16-372,512,512,105,6,128,0,7,7,51.0,42.8,50.9
s2b-r16,4,B,s2b-r16-373,512,512,98,6,128,0,7,7,167.0,42.8,50.9
s2b-r16,4,B,s2b-r16-374,512,512,103,6,128,0,7,7,50.0,42.8,50.9
s2b-r16,4,B,s2b-r16-375,512,512,99,6,128,0,7,7,122.0,42.8,50.9
s2b-r16,4,B,s2b-r16-376,512,512,105,6,128,0,7,7,52.0,42.8,50.9
s2b-r16,4,B,s2b-r16-377,512,512,105,0,1,0,0,0,103.0,42.8,50.9
s2b-r16,4,B,s2b-r16-378,512,512,155,0,2,0,1,1,67.0,42.8,50.9
s2b-r16,4,B,s2b-r16-379,512,512,148,6,64,0,6,6,101.0,42.8,50.9
s2b-r16,4,B,s2b-r16-380,512,512,102,6,64,0,6,6,18.0,42.8,50.9
s2b-r16,4,B,s2b-r16-381,512,512,102,6,64,0,6,6,18.0,42.8,50.9
s2b-r16,4,B,s2b-r16-382,512,512,102,6,128,0,7,7,61.0,42.8,50.9
s2b-r16,4,B,s2b-r16-383,512,512,102,6,128,0,7,7,49.0,42.8,50.9
s2b-r16,4,B,s2b-r16-384,512,512,97,6,128,0,7,7,51.0,42.8,50.9
s2b-r16,4,B,s2b-r16-385,512,512,98,6,128,0,7,7,48.0,42.8,50.9
s2b-r16,4,B,s2b-r16-386,512,512,98,6,128,0,7,7,49.0,42.8,50.9
s2b-r16,4,B,s2b-r16-387,512,512,97,6,128,0,7,7,181.0,42.8,50.9
s2b-r16,4,B,s2b-r16-388,512,512,104,6,128,0,7,7,53.0,42.8,50.9
s2b-r16,4,B,s2b-r16-389,512,512,104,6,128,0,7,7,148.0,42.8,50.9
s2b-r16,4,B,s2b-r16-390,512,512,104,6,128,0,7,7,56.0,42.8,50.9
s2b-r16,4,B,s2b-r16-391,512,512,104,6,128,0,7,7,50.0,42.8,50.9
s2b-r16,4,B,s2b-r16-392,512,512,74,6,128,0,7,7,182.0,42.8,50.9
s2b-r16,4,B,s2b-r16-393,512,512,109,6,128,0,7,7,65.0,42.8,50.9
s2b-r16,4,B,s2b-r16-394,512,512,90,0,32,0,7,7,144.0,42.8,50.9
s2b-r16,4,B,s2b-r16-395,512,512,111,6,128,0,7,7,49.0,42.8,50.9
s2b-r16,4,B,s2b-r16-396,512,512,111,6,128,0,7,7,151.0,42.8,50.9
s2b-r16,4,B,s2b-r16-397,512,512,111,6,128,0,7,7,50.0,42.8,50.9
s2b-r16,4,B,s2b-r16-398,512,512,92,6,128,0,7,7,130.0,42.8,50.9
s2b-r16,4,B,s2b-r16-399,512,512,105,6,128,0,7,7,47.0,42.8,50.9
s2b-r16,4,B,s2b-r16-400,512,512,92,6,128,0,7,7,153.0,42.8,50.9
s2b-r16,4,B,s2b-r16-401,512,512,113,6,128,0,7,7,50.0,42.8,50.9
s2b-r16,4,B,s2b-r16-402,512,512,91,6,128,0,7,7,188.0,42.8,50.9
s2b-r16,4,B,s2b-r16-403,512,512,103,6,128,0,7,7,57.0,42.8,50.9
s2b-r16,4,B,s2b-r16-404,512,512,101,6,128,0,7,7,151.0,42.8,50.9
s2b-r16,4,B,s2b-r16-405,512,512,59,6,128,0,7,7,50.0,42.8,50.9
s2b-r16,4,B,s2b-r16-406,512,512,99,6,128,0,7,7,51.0,42.8,50.9
s2b-r16,4,B,s2b-r16-407,512,512,71,6,128,0,7,7,164.0,42.8,50.9
s2b-r16,4,B,s2b-r16-408,512,512,104,6,128,0,7,7,57.0,42.8,50.9
s2b-r16,4,B,s2b-r16-409,512,512,101,6,128,0,7,7,258.0,42.8,50.9
s2b-r16,4,B,s2b-r16-410,512,512,112,6,128,0,7,7,51.0,42.8,50.9
s2b-r16,4,B,s2b-r16-411,512,512,101,6,128,0,7,7,47.0,42.8,50.9
s2b-r16,4,B,s2b-r16-412,512,512,101,6,128,0,7,7,54.0,42.8,50.9
s2b-r16,4,B,s2b-r16-413,512,512,102,6,128,0,7,7,127.0,42.8,50.9
s2b-r16,4,B,s2b-r16-414,512,512,104,6,128,0,7,7,55.0,42.8,50.9
s2b-r16,4,B,s2b-r16-415,512,512,102,6,128,0,7,7,156.0,42.8,50.9
s2b-r16,4,B,s2b-r16-416,512,512,105,6,128,0,7,7,53.0,42.8,50.9
s2b-r16,4,B,s2b-r16-417,512,512,58,6,128,0,7,7,129.0,42.8,50.9
s2b-r16,4,B,s2b-r16-418,512,512,107,6,128,0,7,7,48.0,42.8,50.9
s2b-r16,4,B,s2b-r16-419,512,512,85,6,128,0,7,7,99.0,42.8,50.9
s2b-r16,4,B,s2b-r16-420,512,512,104,6,128,0,7,7,55.0,42.8,50.9
s2b-r16,4,B,s2b-r16-421,512,512,104,6,128,0,7,7,168.0,42.8,50.9
s2b-r16,4,B,s2b-r16-422,512,512,104,6,128,0,7,7,55.0,42.8,50.9
s2b-r16,4,B,s2b-r16-423,512,512,104,6,128,0,7,7,134.0,42.8,50.9
s2b-r16,4,B,s2b-r16-424,512,512,104,6,128,0,7,7,48.0,42.8,50.9
s2b-r16,4,B,s2b-r16-425,512,512,104,6,128,0,7,7,179.0,42.8,50.9
s2b-r16,4,B,s2b-r16-426,512,512,104,6,128,0,7,7,47.0,42.8,50.9
s2b-r16,4,B,s2b-r16-427,512,512,104,6,128,0,7,7,203.0,42.8,50.9
s2b-r16,4,B,s2b-r16-428,512,512,104,6,128,0,7,7,51.0,42.8,50.9
s2b-r16,4,B,s2b-r16-429,512,512,104,6,128,0,7,7,50.0,42.8,50.9
s2b-r16,4,B,s2b-r16-430,512,512,104,6,128,0,7,7,154.0,42.8,50.9
s2b-r16,4,B,s2b-r16-431,512,512,104,6,128,0,7,7,53.0,42.8,50.9
s2b-r16,4,B,s2b-r16-432,512,512,98,6,128,0,7,7,184.0,42.8,50.9
s2b-r16,4,B,s2b-r16-433,512,512,98,6,128,0,7,7,54.0,42.8,50.9
s2b-r16,4,B,s2b-r16-434,512,512,98,6,128,0,7,7,148.0,42.8,50.9
s2b-r16,4,B,s2b-r16-435,512,512,108,6,128,0,7,7,49.0,42.8,50.9
s2b-r16,4,B,s2b-r16-436,512,512,97,6,128,0,7,7,223.0,42.8,50.9
s2b-r16,4,B,s2b-r16-437,512,512,106,6,128,0,7,7,55.0,42.8,50.9
s2b-r16,4,B,s2b-r16-438,512,512,99,6,128,0,7,7,92.0,42.8,50.9
s2b-r16,4,B,s2b-r16-439,512,512,100,6,128,0,7,7,124.0,42.8,50.9
s2b-r16,4,B,s2b-r16-440,512,512,74,6,128,0,7,7,48.0,42.8,50.9
s2b-r16,4,B,s2b-r16-441,512,512,99,6,128,0,7,7,468.0,42.8,50.9
s2b-r16,4,B,s2b-r16-442,512,512,112,6,128,0,7,7,49.0,42.8,50.9
s2b-r16,4,B,s2b-r16-443,512,512,92,6,128,0,7,7,131.0,42.8,50.9
s2b-r16,4,B,s2b-r16-444,512,512,105,6,128,0,7,7,53.0,42.8,50.9
s2b-r16,4,B,s2b-r16-445,512,512,105,6,128,0,7,7,213.0,42.8,50.9
s2b-r16,4,B,s2b-r16-446,512,512,106,6,128,0,7,7,53.0,42.8,50.9
s2b-r16,4,B,s2b-r16-447,512,512,105,6,128,0,7,7,138.0,42.8,50.9
s2b-r16,4,B,s2b-r16-448,512,512,110,6,128,0,7,7,49.0,42.8,50.9
s2b-r16,4,B,s2b-r16-449,512,512,110,6,128,0,7,7,153.0,42.8,50.9
s2b-r16,4,B,s2b-r16-450,512,512,110,6,128,0,7,7,51.0,42.8,50.9
s2b-r16,4,B,s2b-r16-451,512,512,110,6,128,0,7,7,260.0,42.8,50.9
s2b-r16,4,B,s2b-r16-452,512,512,105,6,128,0,7,7,49.0,42.8,50.9
s2b-r16,4,B,s2b-r16-453,512,512,105,6,128,0,7,7,131.0,42.8,50.9
s2b-r16,4,B,s2b-r16-454,512,512,105,6,128,0,7,7,51.0,42.8,50.9
s2b-r16,4,B,s2b-r16-455,512,512,105,6,128,0,7,7,189.0,42.8,50.9
s2b-r16,4,B,s2b-r16-456,512,512,105,6,128,0,7,7,48.0,42.8,50.9
s2b-r16,4,B,s2b-r16-457,512,512,70,6,128,0,7,7,173.0,42.8,50.9
s2b-r16,4,B,s2b-r16-458,512,512,105,6,128,0,7,7,58.0,42.8,50.9
s2b-r16,4,B,s2b-r16-459,512,512,90,6,128,0,7,7,166.0,42.8,50.9
s2b-r16,4,B,s2b-r16-460,512,512,112,6,128,0,7,7,55.0,42.8,50.9
s2b-r16,4,B,s2b-r16-461,512,512,112,6,128,0,7,7,138.0,42.8,50.9
s2b-r16,4,B,s2b-r16-462,512,512,112,6,128,0,7,7,50.0,42.8,50.9
s2b-r16,4,B,s2b-r16-463,512,512,90,6,128,0,7,7,119.0,42.8,50.9
s2b-r16,4,B,s2b-r16-464,512,512,104,6,128,0,7,7,128.0,42.8,50.9
s2b-r16,4,B,s2b-r16-465,512,512,101,6,128,0,7,7,48.0,42.8,50.9
s2b-r16,4,B,s2b-r16-466,512,512,90,6,128,0,7,7,145.0,42.8,50.9
s2b-r16,4,B,s2b-r16-467,512,512,102,6,128,0,7,7,48.0,42.8,50.9
s2b-r16,4,B,s2b-r16-468,512,512,102,6,128,0,7,7,51.0,42.8,50.9
s2b-r16,4,B,s2b-r16-469,512,512,102,6,128,0,7,7,175.0,42.8,50.9
s2b-r16,4,B,s2b-r16-470,512,512,105,6,128,0,7,7,47.0,42.8,50.9
s2b-r16,4,B,s2b-r16-471,512,512,99,6,128,0,7,7,151.0,42.8,50.9
s2b-r16,4,B,s2b-r16-472,512,512,99,6,128,0,7,7,53.0,42.8,50.9
s2b-r16,4,B,s2b-r16-473,512,512,99,6,128,0,7,7,50.0,42.8,50.9
s2b-r16,4,B,s2b-r16-474,512,512,87,6,128,0,7,7,131.0,42.8,50.9
s2b-r16,4,B,s2b-r16-475,512,512,103,6,128,0,7,7,50.0,42.8,50.9
s2b-r16,4,B,s2b-r16-476,512,512,100,6,128,0,7,7,92.0,42.8,50.9
s2b-r16,4,B,s2b-r16-477,512,512,87,6,128,0,7,7,53.0,42.8,50.9
s2b-r16,4,B,s2b-r16-478,512,512,99,6,128,0,7,7,124.0,42.8,50.9
s2b-r16,4,B,s2b-r16-479,512,512,99,6,128,0,7,7,53.0,42.8,50.9
s2b-r16,4,B,s2b-r16-480,512,512,99,6,128,0,7,7,210.0,42.8,50.9
s2b-r16,4,B,s2b-r16-481,512,512,106,6,128,0,7,7,51.0,42.8,50.9
s2b-r16,4,B,s2b-r16-482,512,512,103,6,128,0,7,7,53.0,42.8,50.9
s2b-r16,4,B,s2b-r16-483,512,512,103,6,128,0,7,7,178.0,42.8,50.9
s2b-r16,4,B,s2b-r16-484,512,512,103,6,128,0,7,7,50.0,42.8,50.9
s2b-r16,4,B,s2b-r16-485,512,512,103,6,128,0,7,7,216.0,42.8,50.9
s2b-r16,4,B,s2b-r16-486,512,512,63,6,128,0,7,7,50.0,42.8,50.9
s2b-r16,4,B,s2b-r16-487,512,512,100,6,128,0,7,7,155.0,42.8,50.9
s2b-r16,4,B,s2b-r16-488,512,512,104,6,128,0,7,7,49.0,42.8,50.9
s2b-r16,4,B,s2b-r16-489,512,512,30,6,128,0,7,7,144.0,42.8,50.9
s2b-r16,4,B,s2b-r16-490,512,512,103,6,128,0,7,7,54.0,42.8,50.9
s2b-r16,4,B,s2b-r16-491,512,512,99,6,128,0,7,7,147.0,42.8,50.9
s2b-r16,4,B,s2b-r16-492,512,512,93,6,128,0,7,7,49.0,42.8,50.9
s2b-r16,4,B,s2b-r16-493,512,512,98,6,128,0,7,7,180.0,42.8,50.9
s2b-r16,4,B,s2b-r16-494,512,512,104,0,1,0,0,0,55.0,42.8,50.9
s2b-r16,4,B,s2b-r16-495,512,512,157,0,1,0,0,1,390.0,42.8,50.9
s2b-r16,4,B,s2b-r16-496,512,512,160,6,64,0,6,6,29.0,42.8,50.9
s2b-r16,4,B,s2b-r16-497,512,512,99,0,32,0,5,5,58.0,42.8,50.9
s2b-r16,4,B,s2b-r16-498,512,512,151,6,128,0,7,7,99.0,42.8,50.9
s2b-r16,4,B,s2b-r16-499,512,512,101,6,128,0,7,7,17.0,42.8,50.9
s2b-r16,4,B,s2b-r16-500,512,512,101,6,128,0,7,7,25.0,42.8,50.9
s2b-r16,4,B,s2b-r16-501,512,512,101,6,128,0,7,7,49.0,42.8,50.9
s2b-r16,4,B,s2b-r16-502,512,512,76,6,128,0,7,7,48.0,42.8,50.9
s2b-r16,4,B,s2b-r16-503,512,512,97,6,128,0,7,7,141.0,42.8,50.9
s2b-r16,4,B,s2b-r16-504,512,512,103,6,128,0,7,7,48.0,42.8,50.9
s2b-r16,4,B,s2b-r16-505,512,512,76,6,128,0,7,7,145.0,42.8,50.9
s2b-r16,4,B,s2b-r16-506,512,512,103,6,128,0,7,7,53.0,42.8,50.9
s2b-r16,4,B,s2b-r16-507,512,512,103,6,128,0,7,7,181.0,42.8,50.9
s2b-r16,4,B,s2b-r16-508,512,512,103,6,128,0,7,7,52.0,42.8,50.9
s2b-r16,4,B,s2b-r16-509,512,512,103,6,128,0,7,7,155.0,42.8,50.9
s2b-r16,4,B,s2b-r16-510,512,512,103,6,128,0,7,7,50.0,42.8,50.9
s2b-r16,4,B,s2b-r16-511,512,512,103,6,128,0,7,7,138.0,42.8,50.9
s2b-r16,4,B,s2b-r16-512,512,512,104,6,128,0,7,7,53.0,42.8,50.9
s2b-r16,4,B,s2b-r16-513,512,512,103,6,128,0,7,7,127.0,42.8,50.9
s2b-r16,4,B,s2b-r16-514,512,512,97,6,128,0,7,7,51.0,42.8,50.9
s2b-r16,4,B,s2b-r16-515,512,512,102,6,128,0,7,7,144.0,42.8,50.9
s2b-r16,4,B,s2b-r16-516,512,512,103,6,128,0,7,7,47.0,42.8,50.9
s2b-r16,4,B,s2b-r16-517,512,512,98,6,128,0,7,7,144.0,42.8,50.9
s2b-r16,4,B,s2b-r16-518,512,512,104,6,128,0,7,7,48.0,42.8,50.9
s2b-r16,4,B,s2b-r16-519,512,512,104,6,128,0,7,7,51.0,42.8,50.9
s2b-r16,4,B,s2b-r16-520,512,512,104,6,128,0,7,7,125.0,42.8,50.9
s2b-r16,4,B,s2b-r16-521,512,512,105,6,128,0,7,7,48.0,42.8,50.9
s2b-r16,4,B,s2b-r16-522,512,512,104,6,128,0,7,7,123.0,42.8,50.9
s2b-r16,4,B,s2b-r16-523,512,512,103,6,128,0,7,7,50.0,42.8,50.9
s2b-r16,4,B,s2b-r16-524,512,512,103,6,128,0,7,7,133.0,42.8,50.9
s2b-r16,4,B,s2b-r16-525,512,512,103,6,128,0,7,7,49.0,42.8,50.9
s2b-r16,4,B,s2b-r16-526,512,512,103,6,128,0,7,7,209.0,42.8,50.9
s2b-r16,4,B,s2b-r16-527,512,512,109,6,128,0,7,7,49.0,42.8,50.9
s2b-r16,4,B,s2b-r16-528,512,512,109,6,128,0,7,7,50.0,42.8,50.9
s2b-r16,4,B,s2b-r16-529,512,512,109,6,128,0,7,7,150.0,42.8,50.9
s2b-r16,4,B,s2b-r16-530,512,512,109,6,128,0,7,7,52.0,42.8,50.9
s2b-r16,4,B,s2b-r16-531,512,512,56,6,128,0,7,7,144.0,42.8,50.9
s2b-r16,4,B,s2b-r16-532,512,512,103,6,128,0,7,7,51.0,42.8,50.9
s2b-r16,4,B,s2b-r16-533,512,512,99,6,128,0,7,7,147.0,42.8,50.9
s2b-r16,4,B,s2b-r16-534,512,512,95,6,128,0,7,7,65.0,42.8,50.9
s2b-r16,4,B,s2b-r16-535,512,512,102,6,128,0,7,7,102.0,42.8,50.9
s2b-r16,4,B,s2b-r16-536,512,512,95,6,128,0,7,7,48.0,42.8,50.9
s2b-r16,4,B,s2b-r16-537,512,512,99,6,128,0,7,7,149.0,42.8,50.9
s2b-r16,4,B,s2b-r16-538,512,512,103,6,128,0,7,7,47.0,42.8,50.9
s2b-r16,4,B,s2b-r16-539,512,512,103,0,1,0,0,0,112.0,42.8,50.9
s2b-r16,4,B,s2b-r16-540,512,512,154,0,2,0,1,1,32.0,42.8,50.9
s2b-r16,4,B,s2b-r16-541,512,512,154,0,16,0,4,4,95.0,42.8,50.9
s2b-r16,4,B,s2b-r16-542,512,512,5,6,128,0,7,7,49.0,42.8,50.9
s2b-r16,4,B,s2b-r16-543,512,512,99,6,128,0,7,7,48.0,42.8,50.9
s2b-r16,4,B,s2b-r16-544,512,512,27,6,128,0,7,7,145.0,42.8,50.9
s2b-r16,4,B,s2b-r16-545,512,512,102,6,128,0,7,7,53.0,42.8,50.9
s2b-r16,4,B,s2b-r16-546,512,512,102,6,128,0,7,7,206.0,42.8,50.9
s2b-r16,4,B,s2b-r16-547,512,512,102,6,128,0,7,7,55.0,42.8,50.9
s2b-r16,4,B,s2b-r16-548,512,512,102,6,128,0,7,7,122.0,42.8,50.9
s2b-r16,4,B,s2b-r16-549,512,512,63,6,128,0,7,7,50.0,42.8,50.9
s2b-r16,4,B,s2b-r16-550,512,512,98,6,128,0,7,7,185.0,42.8,50.9
s2b-r16,4,B,s2b-r16-551,512,512,106,6,128,0,7,7,52.0,42.8,50.9
s2b-r16,4,B,s2b-r16-552,512,512,65,6,128,0,7,7,120.0,42.8,50.9
s2b-r16,4,B,s2b-r16-553,512,512,101,6,128,0,7,7,52.0,42.8,50.9
s2b-r16,4,B,s2b-r16-554,512,512,99,6,128,0,7,7,178.0,42.8,50.9
s2b-r16,4,B,s2b-r16-555,512,512,104,6,128,0,7,7,53.0,42.8,50.9
s2b-r16,4,B,s2b-r16-556,512,512,101,6,128,0,7,7,170.0,42.8,50.9
s2b-r16,4,B,s2b-r16-557,512,512,104,6,128,0,7,7,52.0,42.8,50.9
s2b-r16,4,B,s2b-r16-558,512,512,101,6,128,0,7,7,51.0,42.8,50.9
s2b-r16,4,B,s2b-r16-559,512,512,101,6,128,0,7,7,154.0,42.8,50.9
s2b-r16,4,B,s2b-r16-560,512,512,108,6,128,0,7,7,50.0,42.8,50.9
s2b-r16,4,B,s2b-r16-561,512,512,99,6,128,0,7,7,126.0,42.8,50.9
s2b-r16,4,B,s2b-r16-562,512,512,99,6,128,0,7,7,51.0,42.8,50.9
s2b-r16,4,B,s2b-r16-563,512,512,99,6,128,0,7,7,261.0,42.8,50.9
s2b-r16,4,B,s2b-r16-564,512,512,110,6,128,0,7,7,52.0,42.8,50.9
s2b-r16,4,B,s2b-r16-565,512,512,98,6,128,0,7,7,149.0,42.8,50.9
s2b-r16,4,B,s2b-r16-566,512,512,109,6,128,0,7,7,47.0,42.8,50.9
s2b-r16,4,B,s2b-r16-567,512,512,98,6,128,0,7,7,177.0,42.8,50.9
s2b-r16,4,B,s2b-r16-568,512,512,102,6,128,0,7,7,60.0,42.8,50.9
s2b-r16,4,B,s2b-r16-569,512,512,100,6,128,0,7,7,293.0,42.8,50.9
s2b-r16,4,B,s2b-r16-570,512,512,118,6,128,0,7,7,49.0,42.8,50.9
s2b-r16,4,B,s2b-r16-571,512,512,118,6,128,0,7,7,51.0,42.8,50.9
s2b-r16,4,B,s2b-r16-572,512,512,118,6,128,0,7,7,255.0,42.8,50.9
s2b-r16,4,B,s2b-r16-573,512,512,118,6,128,0,7,7,49.0,42.8,50.9
s2b-r16,4,B,s2b-r16-574,512,512,99,6,128,0,7,7,130.0,42.8,50.9
s2b-r16,4,B,s2b-r16-575,512,512,101,6,128,0,7,7,51.0,42.8,50.9
s2b-r16,4,B,s2b-r16-576,512,512,99,6,128,0,7,7,129.0,42.8,50.9
s2b-r16,4,B,s2b-r16-577,512,512,104,6,128,0,7,7,53.0,42.8,50.9
s2b-r16,4,B,s2b-r16-578,512,512,69,6,128,0,7,7,54.0,42.8,50.9
s2b-r16,4,B,s2b-r16-579,512,512,103,6,128,0,7,7,341.0,42.8,50.9
s2b-r16,4,B,s2b-r16-580,512,512,118,6,128,0,7,7,49.0,42.8,50.9
s2b-r16,4,B,s2b-r16-581,512,512,100,6,128,0,7,7,153.0,42.8,50.9
s2b-r16,4,B,s2b-r16-582,512,512,92,6,128,0,7,7,171.0,42.8,50.9
s2b-r16,4,B,s2b-r16-583,512,512,104,6,128,0,7,7,50.0,42.8,50.9
s2b-r16,4,B,s2b-r16-584,512,512,98,6,128,0,7,7,150.0,42.8,50.9
s2b-r16,4,B,s2b-r16-585,512,512,92,6,128,0,7,7,55.0,42.8,50.9
s2b-r16,4,B,s2b-r16-586,512,512,98,6,128,0,7,7,123.0,42.8,50.9
s2b-r16,4,B,s2b-r16-587,512,512,98,6,128,0,7,7,131.0,42.8,50.9
s2b-r16,4,B,s2b-r16-588,512,512,106,6,128,0,7,7,50.0,42.8,50.9
s2b-r16,4,B,s2b-r16-589,512,512,88,6,128,0,7,7,163.0,42.8,50.9
s2b-r16,4,B,s2b-r16-590,512,512,103,6,128,0,7,7,57.0,42.8,50.9
